# MD run at T = 0.280000
# input   = bicrystal_Sigma139_theta25.4611deg.dat
# seed    = 782
# N_atoms = 3314
# barostat= 1  P_target = 0.0000
# columns : step PE KE T_inst coord psi6 psi4 P
0 -10330.36361397 928.67846903 0.280229 5.9638 0.988664 0.016181 0.235762
100 -9726.38590874 646.24214980 0.195004 5.9638 0.988664 0.016181 0.930832
200 -9609.03405421 746.01225291 0.225109 5.9638 0.988664 0.016181 0.762935
300 -9513.76684218 792.91397565 0.239262 5.9638 0.988664 0.016181 0.630037
400 -9471.35770898 828.00290633 0.249850 5.9638 0.988664 0.016181 0.459704
500 -9399.83212942 842.59485997 0.254253 5.9728 0.919849 0.070833 0.407956
600 -9360.31273113 874.94129389 0.264014 5.9728 0.919849 0.070833 0.320031
700 -9316.49118886 881.38638475 0.265958 5.9728 0.919849 0.070833 0.288683
800 -9279.36484278 897.67476805 0.270873 5.9728 0.919849 0.070833 0.246442
900 -9260.62453355 915.89241725 0.276371 5.9728 0.919849 0.070833 0.209143
1000 -9263.54365117 900.64393533 0.271769 5.9686 0.910536 0.076525 0.121158
1100 -9239.91975890 913.41508294 0.275623 5.9686 0.910536 0.076525 0.135463
1200 -9234.15188434 929.95317028 0.280614 5.9686 0.910536 0.076525 0.095535
1300 -9204.81432694 907.75056567 0.273914 5.9686 0.910536 0.076525 0.103608
1400 -9197.57481149 934.80538562 0.282078 5.9686 0.910536 0.076525 0.102263
1500 -9222.12535798 944.28146626 0.284937 5.9704 0.907655 0.077952 0.009029
1600 -9209.69366418 932.00029352 0.281231 5.9704 0.907655 0.077952 0.007288
1700 -9185.68048742 937.10017374 0.282770 5.9704 0.907655 0.077952 0.057043
1800 -9200.94790096 959.38763356 0.289495 5.9704 0.907655 0.077952 0.003550
1900 -9196.67863684 941.71869845 0.284164 5.9704 0.907655 0.077952 -0.008189
2000 -9184.96309207 930.96845495 0.280920 5.9722 0.901800 0.079085 0.022766
2100 -9173.34013280 921.07523441 0.277935 5.9722 0.901800 0.079085 0.028351
2200 -9167.18101174 937.68312205 0.282946 5.9722 0.901800 0.079085 0.049998
2300 -9199.45080087 947.14183892 0.285800 5.9722 0.901800 0.079085 -0.039941
2400 -9181.46456142 923.30823349 0.278608 5.9722 0.901800 0.079085 -0.004976
2500 -9172.32190152 930.69070779 0.280836 5.9704 0.901950 0.079487 0.019494
2600 -9200.55877932 953.88848297 0.287836 5.9704 0.901950 0.079487 -0.039340
2700 -9166.47373392 937.76449075 0.282971 5.9704 0.901950 0.079487 0.021178
2800 -9165.44049935 916.55047031 0.276569 5.9704 0.901950 0.079487 0.007090
2900 -9170.76618759 902.16143765 0.272227 5.9704 0.901950 0.079487 -0.009402
3000 -9171.10198309 928.76776664 0.280256 5.9704 0.897765 0.080587 0.005040
3100 -9152.66192380 935.16366433 0.282186 5.9704 0.897765 0.080587 0.052549
3200 -9176.79490354 918.30388780 0.277098 5.9704 0.897765 0.080587 -0.024620
3300 -9173.81208500 909.25978239 0.274369 5.9704 0.897765 0.080587 -0.000117
3400 -9193.71422059 924.30013807 0.278908 5.9704 0.897765 0.080587 -0.022984
3500 -9169.09023612 918.36782607 0.277118 5.9716 0.900179 0.080379 0.016203
3600 -9175.64030231 919.88306925 0.277575 5.9716 0.900179 0.080379 0.019591
3700 -9190.69645288 945.82353394 0.285402 5.9716 0.900179 0.080379 -0.015634
3800 -9177.86778884 910.72513687 0.274811 5.9716 0.900179 0.080379 0.009993
3900 -9204.08058114 947.45985020 0.285896 5.9716 0.900179 0.080379 -0.041972
4000 -9185.13157704 933.54177440 0.281696 5.9644 0.905794 0.078323 0.001775
4100 -9173.30997406 910.29649831 0.274682 5.9644 0.905794 0.078323 0.025566
4200 -9191.51989043 927.81935237 0.279970 5.9644 0.905794 0.078323 -0.008181
4300 -9195.69723004 954.53419154 0.288031 5.9644 0.905794 0.078323 -0.027265
4400 -9188.28864755 958.85112863 0.289333 5.9644 0.905794 0.078323 -0.025492
4500 -9177.26154877 961.75967460 0.290211 5.9686 0.896678 0.080600 0.013732
4600 -9170.74178619 920.95938153 0.277900 5.9686 0.896678 0.080600 -0.006549
4700 -9182.01701127 929.38045233 0.280441 5.9686 0.896678 0.080600 -0.006686
4800 -9174.15035117 943.88578739 0.284818 5.9686 0.896678 0.080600 0.019058
4900 -9177.74491003 927.30516145 0.279814 5.9686 0.896678 0.080600 -0.003677
5000 -9179.04694080 909.25601116 0.274368 5.9608 0.900846 0.080977 0.004834
5100 -9201.35371343 901.13172699 0.271917 5.9608 0.900846 0.080977 -0.034582
5200 -9184.14364936 901.35351933 0.271984 5.9608 0.900846 0.080977 0.032495
5300 -9207.84603452 940.60564097 0.283828 5.9608 0.900846 0.080977 -0.027248
5400 -9167.85998912 907.12721956 0.273726 5.9608 0.900846 0.080977 0.047665
5500 -9195.92283332 939.08663385 0.283370 5.9686 0.901160 0.079404 -0.030920
5600 -9194.29710449 937.03474887 0.282750 5.9686 0.901160 0.079404 -0.012128
5700 -9169.40735613 923.85026309 0.278772 5.9686 0.901160 0.079404 0.024007
5800 -9151.60258987 934.85659522 0.282093 5.9686 0.901160 0.079404 0.070836
5900 -9180.99522372 952.44687753 0.287401 5.9686 0.901160 0.079404 -0.012409
6000 -9167.02330606 949.35901385 0.286469 5.9747 0.895834 0.079362 0.021582
6100 -9170.77862511 967.43681652 0.291924 5.9747 0.895834 0.079362 0.002378
6200 -9184.72178841 959.23925603 0.289451 5.9747 0.895834 0.079362 -0.038517
6300 -9180.71542144 918.45882772 0.277145 5.9747 0.895834 0.079362 -0.024785
6400 -9164.12974729 914.68241389 0.276006 5.9747 0.895834 0.079362 0.019017
6500 -9206.38665050 939.68202890 0.283549 5.9765 0.902007 0.078095 -0.077762
6600 -9160.94169238 929.60202676 0.280508 5.9765 0.902007 0.078095 0.045213
6700 -9168.90585049 937.25755905 0.282818 5.9765 0.902007 0.078095 0.018623
6800 -9180.08783585 937.60060354 0.282921 5.9765 0.902007 0.078095 0.002936
6900 -9198.75574720 934.01297753 0.281839 5.9765 0.902007 0.078095 -0.039665
7000 -9202.23496643 948.26227595 0.286138 5.9626 0.905533 0.079528 -0.044088
7100 -9157.04892823 930.61338814 0.280813 5.9626 0.905533 0.079528 0.034959
7200 -9188.65120232 934.98868939 0.282133 5.9626 0.905533 0.079528 -0.030346
7300 -9195.09185759 944.49313884 0.285001 5.9626 0.905533 0.079528 -0.041564
7400 -9183.23310752 936.34855932 0.282543 5.9626 0.905533 0.079528 -0.013166
7500 -9157.03985109 915.35052376 0.276207 5.9668 0.898126 0.081007 0.045265
7600 -9186.53151782 930.92577753 0.280907 5.9668 0.898126 0.081007 -0.044850
7700 -9177.15298849 923.16269671 0.278564 5.9668 0.898126 0.081007 0.005477
7800 -9170.73844671 932.09432318 0.281260 5.9668 0.898126 0.081007 0.016321
7900 -9173.78733228 943.18553561 0.284606 5.9668 0.898126 0.081007 0.004112
8000 -9167.30346518 921.25279207 0.277988 5.9704 0.897456 0.080057 -0.005844
8100 -9152.79256188 917.24513288 0.276779 5.9704 0.897456 0.080057 0.053377
8200 -9175.91460957 945.65993061 0.285353 5.9704 0.897456 0.080057 -0.003269
8300 -9186.73934846 903.88075456 0.272746 5.9704 0.897456 0.080057 -0.036457
8400 -9165.04276755 937.89765601 0.283011 5.9704 0.897456 0.080057 0.028999
8500 -9166.24128547 952.04231226 0.287279 5.9656 0.901978 0.081119 0.011071
8600 -9175.50182256 953.79830048 0.287809 5.9656 0.901978 0.081119 -0.021221
8700 -9186.58954898 944.40411022 0.284974 5.9656 0.901978 0.081119 -0.047780
8800 -9146.35480256 907.46019609 0.273826 5.9656 0.901978 0.081119 0.038765
8900 -9169.79129065 914.60358564 0.275982 5.9656 0.901978 0.081119 -0.015697
9000 -9183.10670965 887.50293524 0.267804 5.9650 0.900312 0.080643 -0.024464
9100 -9218.71845862 946.56070152 0.285625 5.9650 0.900312 0.080643 -0.073505
9200 -9183.26180228 920.58136841 0.277786 5.9650 0.900312 0.080643 0.002278
9300 -9170.71457820 949.99953848 0.286663 5.9650 0.900312 0.080643 0.015653
9400 -9143.53833394 941.68630390 0.284154 5.9650 0.900312 0.080643 0.069388
9500 -9131.04278296 933.30934343 0.281626 5.9674 0.897882 0.081805 0.070489
9600 -9149.02249713 911.69502377 0.275104 5.9674 0.897882 0.081805 0.016963
9700 -9174.99229776 954.00994088 0.287873 5.9674 0.897882 0.081805 -0.014764
9800 -9165.45915519 942.53916771 0.284411 5.9674 0.897882 0.081805 -0.000523
9900 -9152.90063043 922.59321911 0.278393 5.9674 0.897882 0.081805 0.042582
10000 -9168.45753523 954.59924492 0.288050 5.9668 0.897025 0.080111 -0.009761
10100 -9162.05383494 947.66426319 0.285958 5.9668 0.897025 0.080111 -0.005485
10200 -9153.25298378 916.31612115 0.276499 5.9668 0.897025 0.080111 0.004869
10300 -9157.55745796 934.37205300 0.281947 5.9668 0.897025 0.080111 -0.001188
10400 -9145.37434510 946.50028688 0.285607 5.9668 0.897025 0.080111 0.024674
10500 -9131.63599252 917.02844053 0.276713 5.9662 0.897463 0.082274 0.034737
10600 -9160.53234932 942.22993809 0.284318 5.9662 0.897463 0.082274 -0.010816
10700 -9170.61678688 914.72041531 0.276017 5.9662 0.897463 0.082274 -0.029416
10800 -9169.96848677 918.28953391 0.277094 5.9662 0.897463 0.082274 -0.002403
10900 -9147.77877327 927.40883970 0.279846 5.9662 0.897463 0.082274 0.042058
11000 -9152.00000429 915.19642496 0.276161 5.9656 0.897084 0.081911 0.006947
11100 -9187.09655439 933.63819635 0.281725 5.9656 0.897084 0.081911 -0.055087
11200 -9174.55798175 920.32536117 0.277708 5.9656 0.897084 0.081911 -0.003119
11300 -9170.35176868 937.48907441 0.282887 5.9656 0.897084 0.081911 0.016850
11400 -9178.19936061 956.96764179 0.288765 5.9656 0.897084 0.081911 -0.021942
11500 -9175.96214651 921.81652406 0.278158 5.9578 0.901933 0.079577 -0.000116
11600 -9191.01039182 935.46767660 0.282278 5.9578 0.901933 0.079577 -0.035029
11700 -9184.14321190 934.70717882 0.282048 5.9578 0.901933 0.079577 -0.027584
11800 -9187.69692857 947.48826257 0.285905 5.9578 0.901933 0.079577 -0.039568
11900 -9173.81260601 940.72745159 0.283865 5.9578 0.901933 0.079577 0.002302
12000 -9176.72562404 934.68750903 0.282042 5.9614 0.903638 0.081330 0.001705
12100 -9150.61674927 932.38228976 0.281346 5.9614 0.903638 0.081330 0.045721
12200 -9127.23411480 913.40061531 0.275619 5.9614 0.903638 0.081330 0.082131
12300 -9163.34915561 932.79860706 0.281472 5.9614 0.903638 0.081330 -0.000383
12400 -9174.31970350 928.76753725 0.280256 5.9614 0.903638 0.081330 -0.017193
12500 -9177.42413962 933.11170196 0.281567 5.9650 0.898778 0.080739 -0.021422
12600 -9171.97615302 914.29921465 0.275890 5.9650 0.898778 0.080739 0.000364
12700 -9198.26091393 923.62834312 0.278705 5.9650 0.898778 0.080739 -0.046639
12800 -9162.19456946 919.48777927 0.277456 5.9650 0.898778 0.080739 0.034169
12900 -9162.34729847 938.92160580 0.283320 5.9650 0.898778 0.080739 0.029204
13000 -9174.42981761 921.74064208 0.278135 5.9620 0.901639 0.080941 0.002312
13100 -9189.25113992 913.68556042 0.275705 5.9620 0.901639 0.080941 -0.035605
13200 -9169.78624914 931.24242996 0.281003 5.9620 0.901639 0.080941 0.011526
13300 -9168.16725800 934.87508106 0.282099 5.9620 0.901639 0.080941 0.006331
13400 -9178.69363115 965.10786396 0.291221 5.9620 0.901639 0.080941 -0.024027
13500 -9147.49422343 916.19563457 0.276462 5.9674 0.899771 0.079869 0.034429
13600 -9178.37619236 944.44490739 0.284986 5.9674 0.899771 0.079869 -0.014105
13700 -9160.21587039 943.33771189 0.284652 5.9674 0.899771 0.079869 0.008354
13800 -9175.28282077 926.03096536 0.279430 5.9674 0.899771 0.079869 -0.007789
13900 -9183.05646333 927.32934947 0.279822 5.9674 0.899771 0.079869 -0.023580
14000 -9189.51515838 911.33523003 0.274996 5.9614 0.902234 0.080733 -0.019842
14100 -9182.70696048 926.43850674 0.279553 5.9614 0.902234 0.080733 -0.010970
14200 -9170.49286709 936.87819258 0.282703 5.9614 0.902234 0.080733 0.018001
14300 -9188.83830882 940.75681770 0.283874 5.9614 0.902234 0.080733 -0.017491
14400 -9154.30106871 933.06545504 0.281553 5.9614 0.902234 0.080733 0.025874
14500 -9183.20853357 919.90693667 0.277582 5.9656 0.902893 0.079238 -0.048618
14600 -9178.23834504 911.35141441 0.275000 5.9656 0.902893 0.079238 -0.030913
14700 -9184.47845153 915.67715663 0.276306 5.9656 0.902893 0.079238 -0.021693
14800 -9183.15816221 899.17708075 0.271327 5.9656 0.902893 0.079238 0.004003
14900 -9210.15318338 922.46364555 0.278354 5.9656 0.902893 0.079238 -0.052445
15000 -9183.52461792 918.99586257 0.277307 5.9626 0.903042 0.079315 0.012429
15100 -9206.47680345 919.71274597 0.277523 5.9626 0.903042 0.079315 -0.038886
15200 -9210.05131356 912.32308774 0.275294 5.9626 0.903042 0.079315 -0.047501
15300 -9186.11962649 900.58039712 0.271750 5.9626 0.903042 0.079315 0.018985
15400 -9189.33296398 941.59050351 0.284125 5.9626 0.903042 0.079315 0.008720
15500 -9196.53202650 930.91062646 0.280902 5.9626 0.906193 0.079766 -0.009115
15600 -9167.30526470 954.58162969 0.288045 5.9626 0.906193 0.079766 0.061781
15700 -9176.06908552 926.71509586 0.279636 5.9626 0.906193 0.079766 0.005692
15800 -9158.94019816 931.19970763 0.280990 5.9626 0.906193 0.079766 0.038591
15900 -9168.09383267 950.54986028 0.286829 5.9626 0.906193 0.079766 0.006182
16000 -9135.09874389 899.12544621 0.271311 5.9662 0.897187 0.081399 0.068710
16100 -9158.69809226 948.52064769 0.286216 5.9662 0.897187 0.081399 0.013340
16200 -9131.11924700 945.83368038 0.285405 5.9662 0.897187 0.081399 0.058106
16300 -9146.33723001 969.88114107 0.292662 5.9662 0.897187 0.081399 0.009641
16400 -9148.12715397 942.65047290 0.284445 5.9662 0.897187 0.081399 0.018675
16500 -9131.33856877 936.14919043 0.282483 5.9668 0.896390 0.080324 0.032222
16600 -9154.45550859 957.01193976 0.288778 5.9668 0.896390 0.080324 -0.032448
16700 -9174.08140855 927.20432396 0.279784 5.9668 0.896390 0.080324 -0.063769
16800 -9180.68587221 915.04481364 0.276115 5.9668 0.896390 0.080324 -0.069400
16900 -9180.43187415 909.48254567 0.274436 5.9668 0.896390 0.080324 -0.046483
17000 -9162.94579966 922.60229976 0.278395 5.9668 0.898611 0.082374 0.011001
17100 -9162.65834616 936.44533588 0.282573 5.9668 0.898611 0.082374 0.016135
17200 -9157.24688216 949.06260856 0.286380 5.9668 0.898611 0.082374 0.005140
17300 -9195.52963776 955.29907125 0.288262 5.9668 0.898611 0.082374 -0.076061
17400 -9167.15729093 918.05576773 0.277023 5.9668 0.898611 0.082374 -0.002667
17500 -9151.75465604 930.44357196 0.280761 5.9620 0.897450 0.081593 0.034128
17600 -9164.90634323 941.85173471 0.284204 5.9620 0.897450 0.081593 -0.010279
17700 -9182.68690767 961.39400989 0.290101 5.9620 0.897450 0.081593 -0.049869
17800 -9192.53904273 947.78355128 0.285994 5.9620 0.897450 0.081593 -0.061744
17900 -9164.74977436 958.71424595 0.289292 5.9620 0.897450 0.081593 0.015575
18000 -9170.74835028 949.29930684 0.286451 5.9680 0.902473 0.079322 0.008176
18100 -9166.51933471 930.60720428 0.280811 5.9680 0.902473 0.079322 -0.006568
18200 -9154.83178842 932.90999217 0.281506 5.9680 0.902473 0.079322 0.044258
18300 -9158.31888871 971.89940216 0.293271 5.9680 0.902473 0.079322 0.022596
18400 -9158.47742810 955.38071674 0.288286 5.9680 0.902473 0.079322 0.006650
18500 -9152.77750066 905.18570060 0.273140 5.9644 0.900638 0.081225 0.007666
18600 -9168.77474647 914.90647898 0.276073 5.9644 0.900638 0.081225 -0.026018
18700 -9154.11924161 946.41077821 0.285580 5.9644 0.900638 0.081225 0.000199
18800 -9169.38093627 915.04018167 0.276114 5.9644 0.900638 0.081225 -0.020716
18900 -9158.44763741 947.25653664 0.285835 5.9644 0.900638 0.081225 0.007150
19000 -9170.97577231 932.83934819 0.281484 5.9686 0.901289 0.079644 -0.038064
19100 -9171.95412939 941.24770023 0.284022 5.9686 0.901289 0.079644 -0.024355
19200 -9167.45193621 923.87289070 0.278779 5.9686 0.901289 0.079644 -0.028981
19300 -9166.28601694 914.84583673 0.276055 5.9686 0.901289 0.079644 -0.001908
19400 -9177.76627600 930.00387509 0.280629 5.9686 0.901289 0.079644 -0.005269
19500 -9203.40072479 923.20576299 0.278577 5.9656 0.904201 0.079309 -0.058594
19600 -9177.87054781 924.21443911 0.278882 5.9656 0.904201 0.079309 0.016155
19700 -9147.00694313 904.89428897 0.273052 5.9656 0.904201 0.079309 0.068168
19800 -9178.75381955 959.45852415 0.289517 5.9656 0.904201 0.079309 -0.008206
19900 -9149.45316674 964.06270886 0.290906 5.9656 0.904201 0.079309 0.046389
20000 -9136.05253188 949.43588265 0.286492 5.9590 0.897244 0.083185 0.056128
20100 -9176.56430966 959.94731405 0.289664 5.9590 0.897244 0.083185 -0.045852
20200 -9162.54305901 933.30664393 0.281625 5.9590 0.897244 0.083185 -0.027646
20300 -9167.86985650 913.74921000 0.275724 5.9590 0.897244 0.083185 -0.026926
20400 -9175.68662726 922.62055979 0.278401 5.9590 0.897244 0.083185 -0.019459
20500 -9185.04482480 936.01786201 0.282444 5.9650 0.900625 0.080535 -0.032357
20600 -9170.20782255 922.46663534 0.278354 5.9650 0.900625 0.080535 0.008352
20700 -9173.46522270 917.77633537 0.276939 5.9650 0.900625 0.080535 0.010191
20800 -9192.11139849 916.48317471 0.276549 5.9650 0.900625 0.080535 -0.031205
20900 -9191.97666811 943.17123982 0.284602 5.9650 0.900625 0.080535 -0.010168
21000 -9162.18176482 932.66352199 0.281431 5.9668 0.897287 0.080180 0.026443
21100 -9170.34246902 920.96792418 0.277902 5.9668 0.897287 0.080180 -0.008866
21200 -9171.04415708 933.32456328 0.281631 5.9668 0.897287 0.080180 0.002086
21300 -9164.44195996 928.29912044 0.280114 5.9668 0.897287 0.080180 0.027626
21400 -9186.06181969 941.75964769 0.284176 5.9668 0.897287 0.080180 -0.028014
21500 -9195.37729325 934.93557131 0.282117 5.9614 0.902863 0.079226 -0.048169
21600 -9160.63477167 927.67857095 0.279927 5.9614 0.902863 0.079226 0.014713
21700 -9173.92294792 911.96975177 0.275187 5.9614 0.902863 0.079226 -0.004107
21800 -9181.82957147 916.50000296 0.276554 5.9614 0.902863 0.079226 -0.010978
21900 -9161.93585780 923.39134060 0.278633 5.9614 0.902863 0.079226 0.043284
22000 -9201.42659879 947.27950715 0.285842 5.9638 0.904924 0.079544 -0.047484
22100 -9181.71881456 911.57265874 0.275067 5.9638 0.904924 0.079544 -0.005778
22200 -9159.07829863 941.04264420 0.283960 5.9638 0.904924 0.079544 0.052789
22300 -9152.15357211 923.34657066 0.278620 5.9638 0.904924 0.079544 0.047825
22400 -9180.25222223 926.63163949 0.279611 5.9638 0.904924 0.079544 -0.022368
22500 -9183.03937468 944.87419939 0.285116 5.9614 0.902208 0.080167 -0.019334
22600 -9177.37910632 926.05669437 0.279438 5.9614 0.902208 0.080167 -0.023428
22700 -9164.25696557 923.31802333 0.278611 5.9614 0.902208 0.080167 0.007283
22800 -9169.18006857 931.38688590 0.281046 5.9614 0.902208 0.080167 -0.012345
22900 -9178.82000161 947.54137947 0.285921 5.9614 0.902208 0.080167 -0.009793
23000 -9169.69868013 931.59914094 0.281110 5.9692 0.900258 0.082082 -0.003851
23100 -9180.58147318 920.10275664 0.277641 5.9692 0.900258 0.082082 -0.016680
23200 -9173.25799427 910.16127675 0.274641 5.9692 0.900258 0.082082 -0.008042
23300 -9158.06919055 922.78162440 0.278449 5.9692 0.900258 0.082082 0.026117
23400 -9183.47609446 917.88956721 0.276973 5.9692 0.900258 0.082082 -0.014098
23500 -9178.81498137 906.85292430 0.273643 5.9668 0.902758 0.079600 -0.000812
23600 -9162.57578876 896.94469830 0.270653 5.9668 0.902758 0.079600 0.045590
23700 -9176.01900608 922.69826813 0.278424 5.9668 0.902758 0.079600 0.019109
23800 -9161.82633905 923.31500970 0.278610 5.9668 0.902758 0.079600 0.028018
23900 -9158.78115363 930.75006748 0.280854 5.9668 0.902758 0.079600 0.037342
24000 -9181.53872243 937.56500024 0.282910 5.9698 0.898605 0.080993 -0.013160
24100 -9186.53236632 946.19423436 0.285514 5.9698 0.898605 0.080993 -0.033404
24200 -9157.04743167 925.45303067 0.279256 5.9698 0.898605 0.080993 0.040886
24300 -9159.05255306 918.55714764 0.277175 5.9698 0.898605 0.080993 0.043893
24400 -9170.70018820 927.02636959 0.279730 5.9698 0.898605 0.080993 0.003596
24500 -9174.84966297 942.51962531 0.284405 5.9692 0.903728 0.080467 -0.011490
24600 -9165.84307781 924.52942365 0.278977 5.9692 0.903728 0.080467 0.029651
24700 -9178.65738091 946.58369497 0.285632 5.9692 0.903728 0.080467 -0.015697
24800 -9155.28685937 911.17650903 0.274948 5.9692 0.903728 0.080467 0.028896
24900 -9155.00225491 908.16742924 0.274040 5.9692 0.903728 0.080467 0.034283
25000 -9191.13861111 909.53409543 0.274452 5.9614 0.899734 0.081574 -0.013800
25100 -9187.60328020 915.24268920 0.276175 5.9614 0.899734 0.081574 0.001603
25200 -9179.84311863 922.48695995 0.278361 5.9614 0.899734 0.081574 0.007263
25300 -9197.77478619 940.80457016 0.283888 5.9614 0.899734 0.081574 -0.028251
25400 -9190.88292436 949.17469565 0.286414 5.9614 0.899734 0.081574 -0.021388
25500 -9162.66445652 938.10868883 0.283074 5.9668 0.901661 0.081403 0.032534
25600 -9159.91722823 895.25954909 0.270145 5.9668 0.901661 0.081403 0.010271
25700 -9189.33533538 920.68748852 0.277818 5.9668 0.901661 0.081403 -0.040489
25800 -9173.17977613 892.26572887 0.269241 5.9668 0.901661 0.081403 0.009865
25900 -9186.35799201 948.72209087 0.286277 5.9668 0.901661 0.081403 0.001696
26000 -9191.52088886 936.94819422 0.282724 5.9638 0.904880 0.080064 -0.001370
26100 -9172.99935621 918.85127472 0.277264 5.9638 0.904880 0.080064 0.030034
26200 -9194.00169288 899.78594290 0.271511 5.9638 0.904880 0.080064 -0.025446
26300 -9186.44782866 919.53597750 0.277470 5.9638 0.904880 0.080064 -0.008671
26400 -9182.40763087 923.33323620 0.278616 5.9638 0.904880 0.080064 0.011243
26500 -9181.66100110 931.20968706 0.280993 5.9662 0.899812 0.079990 0.013858
26600 -9187.08635441 923.43865873 0.278648 5.9662 0.899812 0.079990 -0.012060
26700 -9171.05728238 909.04908533 0.274306 5.9662 0.899812 0.079990 0.017601
26800 -9174.08562284 928.94924953 0.280311 5.9662 0.899812 0.079990 0.020265
26900 -9188.36109851 932.56228670 0.281401 5.9662 0.899812 0.079990 -0.009742
27000 -9190.51863557 902.77852637 0.272414 5.9686 0.903049 0.079216 -0.022536
27100 -9196.48337434 894.96835625 0.270057 5.9686 0.903049 0.079216 -0.025364
27200 -9199.77423305 927.64283978 0.279916 5.9686 0.903049 0.079216 -0.026177
27300 -9191.44402267 929.49495054 0.280475 5.9686 0.903049 0.079216 0.001296
27400 -9229.19909505 916.46540020 0.276544 5.9686 0.903049 0.079216 -0.071293
27500 -9213.19509106 928.67506971 0.280228 5.9632 0.908089 0.077775 -0.000735
27600 -9175.95105786 904.51344041 0.272937 5.9632 0.908089 0.077775 0.054218
27700 -9181.20398511 944.00560088 0.284854 5.9632 0.908089 0.077775 0.046569
27800 -9167.70293832 914.88710991 0.276067 5.9632 0.908089 0.077775 0.042379
27900 -9185.06571721 936.18378843 0.282494 5.9632 0.908089 0.077775 0.017974
28000 -9171.37683225 932.61915241 0.281418 5.9704 0.900968 0.079360 0.032936
28100 -9197.02288244 929.12997793 0.280365 5.9704 0.900968 0.079360 -0.035485
28200 -9190.16150658 905.16017362 0.273132 5.9704 0.900968 0.079360 -0.020091
28300 -9179.01155424 919.52343641 0.277466 5.9704 0.900968 0.079360 0.019773
28400 -9172.67045157 913.21921850 0.275564 5.9704 0.900968 0.079360 0.028496
28500 -9174.08732781 942.11524046 0.284283 5.9710 0.901173 0.079969 0.010626
28600 -9153.20507190 947.09852286 0.285787 5.9710 0.901173 0.079969 0.056096
28700 -9169.13871381 945.64345246 0.285348 5.9710 0.901173 0.079969 -0.000587
28800 -9180.70933779 929.00338613 0.280327 5.9710 0.901173 0.079969 -0.027461
28900 -9168.82179021 906.18643569 0.273442 5.9710 0.901173 0.079969 -0.015496
29000 -9223.34322408 936.43733868 0.282570 5.9668 0.907071 0.077698 -0.093101
29100 -9168.64687442 893.63511781 0.269655 5.9668 0.907071 0.077698 0.009362
29200 -9184.06023887 914.99752351 0.276101 5.9668 0.907071 0.077698 0.009831
29300 -9196.56911457 904.77230543 0.273015 5.9668 0.907071 0.077698 -0.026703
29400 -9186.61044858 921.00436596 0.277913 5.9668 0.907071 0.077698 0.030319
29500 -9191.49473766 926.42210338 0.279548 5.9674 0.902736 0.078305 0.012660
29600 -9195.41288219 924.85629909 0.279076 5.9674 0.902736 0.078305 0.007418
29700 -9200.89624565 935.15652710 0.282184 5.9674 0.902736 0.078305 -0.014581
29800 -9196.70636134 920.07307806 0.277632 5.9674 0.902736 0.078305 -0.014077
29900 -9185.69919099 915.82716424 0.276351 5.9674 0.902736 0.078305 -0.002843
30000 -9173.31475778 920.69833914 0.277821 5.9608 0.902991 0.080742 0.048649
30100 -9183.07204398 930.03529449 0.280638 5.9608 0.902991 0.080742 0.001962
30200 -9161.64327193 938.61363215 0.283227 5.9608 0.902991 0.080742 0.045086
30300 -9180.01502118 949.48197494 0.286506 5.9608 0.902991 0.080742 0.013662
30400 -9186.07340997 953.28265555 0.287653 5.9608 0.902991 0.080742 -0.027168
30500 -9179.17185647 945.73308016 0.285375 5.9662 0.902176 0.079364 -0.019232
30600 -9165.99015183 918.23833032 0.277079 5.9662 0.902176 0.079364 -0.013830
30700 -9174.08114224 909.21004492 0.274354 5.9662 0.902176 0.079364 -0.012602
30800 -9182.81245882 907.28209563 0.273773 5.9662 0.902176 0.079364 -0.009393
30900 -9180.38643625 914.90132730 0.276072 5.9662 0.902176 0.079364 -0.007629
31000 -9185.70234937 941.36547406 0.284057 5.9674 0.904587 0.077855 -0.009872
31100 -9164.14868829 911.56707973 0.275066 5.9674 0.904587 0.077855 0.037447
31200 -9171.69118889 940.32785285 0.283744 5.9674 0.904587 0.077855 0.022244
31300 -9177.49820179 915.17600473 0.276154 5.9674 0.904587 0.077855 0.005419
31400 -9182.85423959 927.00165537 0.279723 5.9674 0.904587 0.077855 -0.021587
31500 -9188.34427647 920.18111018 0.277665 5.9692 0.903251 0.078830 -0.025375
31600 -9188.00939974 929.07284623 0.280348 5.9692 0.903251 0.078830 -0.000005
31700 -9194.88195701 922.83021612 0.278464 5.9692 0.903251 0.078830 -0.022661
31800 -9184.01383230 941.84399326 0.284202 5.9692 0.903251 0.078830 0.019784
31900 -9165.09617303 916.21167637 0.276467 5.9692 0.903251 0.078830 0.041274
32000 -9193.50514801 897.70743961 0.270883 5.9759 0.900274 0.078243 -0.037142
32100 -9173.01557530 928.25730093 0.280102 5.9759 0.900274 0.078243 0.019771
32200 -9179.88009652 929.93995537 0.280610 5.9759 0.900274 0.078243 0.016090
32300 -9166.60749903 937.40263496 0.282861 5.9759 0.900274 0.078243 0.049767
32400 -9153.08732866 936.83827298 0.282691 5.9759 0.900274 0.078243 0.061366
32500 -9184.00421661 919.56243234 0.277478 5.9590 0.902285 0.080838 -0.004629
32600 -9195.16116167 919.75291830 0.277536 5.9590 0.902285 0.080838 -0.027442
32700 -9192.61646298 923.10880763 0.278548 5.9590 0.902285 0.080838 -0.029882
32800 -9187.71520264 929.10560413 0.280358 5.9590 0.902285 0.080838 -0.026151
32900 -9179.02980369 938.15597862 0.283089 5.9590 0.902285 0.080838 0.003368
33000 -9168.60525397 902.87088846 0.272441 5.9650 0.901381 0.080735 0.025319
33100 -9183.26766471 908.36839805 0.274100 5.9650 0.901381 0.080735 0.000186
33200 -9208.44596616 920.28868088 0.277697 5.9650 0.901381 0.080735 -0.050997
33300 -9193.07509657 909.48204934 0.274436 5.9650 0.901381 0.080735 -0.019963
33400 -9191.08950064 892.56398668 0.269331 5.9650 0.901381 0.080735 0.004680
33500 -9210.72955025 900.51708736 0.271731 5.9662 0.901579 0.078383 -0.037733
33600 -9208.36034339 903.26035334 0.272559 5.9662 0.901579 0.078383 -0.007130
33700 -9251.15125741 924.58209475 0.278993 5.9662 0.901579 0.078383 -0.103160
33800 -9204.79006762 897.57853738 0.270844 5.9662 0.901579 0.078383 0.011923
33900 -9198.61479662 907.88758452 0.273955 5.9662 0.901579 0.078383 0.020064
34000 -9204.51635382 926.53767786 0.279583 5.9716 0.900825 0.079854 0.005472
34100 -9185.33530874 919.16782860 0.277359 5.9716 0.900825 0.079854 0.039644
34200 -9190.34998866 925.44830255 0.279254 5.9716 0.900825 0.079854 0.014875
34300 -9186.23777374 921.52746486 0.278071 5.9716 0.900825 0.079854 0.023922
34400 -9181.66914917 920.61412648 0.277795 5.9716 0.900825 0.079854 0.035329
34500 -9170.81964555 933.81218935 0.281778 5.9704 0.899107 0.080106 0.045822
34600 -9169.43060198 952.50697982 0.287419 5.9704 0.899107 0.080106 0.036459
34700 -9146.23199426 949.83144522 0.286612 5.9704 0.899107 0.080106 0.055558
34800 -9147.18727438 936.86691984 0.282700 5.9704 0.899107 0.080106 0.042441
34900 -9178.88053193 936.28332492 0.282524 5.9704 0.899107 0.080106 -0.037812
35000 -9187.33151125 965.53531324 0.291350 5.9710 0.901443 0.079181 -0.052267
35100 -9177.07656302 943.33085833 0.284650 5.9710 0.901443 0.079181 -0.017421
35200 -9157.61466479 916.35574680 0.276510 5.9710 0.901443 0.079181 0.015282
35300 -9173.09233356 907.59001281 0.273865 5.9710 0.901443 0.079181 -0.000031
35400 -9152.08519268 903.64393750 0.272675 5.9710 0.901443 0.079181 0.057787
35500 -9179.08076285 931.52530409 0.281088 5.9614 0.901490 0.080738 0.009142
35600 -9184.37324491 944.01909852 0.284858 5.9614 0.901490 0.080738 -0.013557
35700 -9175.59948651 925.16544342 0.279169 5.9614 0.901490 0.080738 -0.004854
35800 -9169.89274301 946.79318158 0.285695 5.9614 0.901490 0.080738 -0.004608
35900 -9152.43552299 916.03866150 0.276415 5.9614 0.901490 0.080738 0.051320
36000 -9157.92331082 925.89947838 0.279390 5.9674 0.895829 0.083131 0.018284
36100 -9172.32578058 941.46919782 0.284088 5.9674 0.895829 0.083131 0.003713
36200 -9175.96268288 941.53286729 0.284108 5.9674 0.895829 0.083131 -0.027472
36300 -9184.00835826 929.96564940 0.280617 5.9674 0.895829 0.083131 -0.041718
36400 -9177.14762817 934.87307206 0.282098 5.9674 0.895829 0.083131 -0.001435
36500 -9181.16028388 918.81762481 0.277253 5.9686 0.902543 0.079158 -0.023203
36600 -9183.94177650 926.25121781 0.279496 5.9686 0.902543 0.079158 -0.019243
36700 -9178.54971279 918.03638980 0.277018 5.9686 0.902543 0.079158 -0.015927
36800 -9172.17316724 949.83697890 0.286613 5.9686 0.902543 0.079158 0.025144
36900 -9178.98167626 956.19863096 0.288533 5.9686 0.902543 0.079158 0.016840
37000 -9162.43617810 939.05268301 0.283359 5.9656 0.902936 0.079590 0.039996
37100 -9174.51258734 944.89705984 0.285123 5.9656 0.902936 0.079590 0.003971
37200 -9172.84973608 952.74512076 0.287491 5.9656 0.902936 0.079590 -0.003949
37300 -9181.71919285 952.76605258 0.287497 5.9656 0.902936 0.079590 -0.019940
37400 -9185.88362938 933.63826148 0.281725 5.9656 0.902936 0.079590 -0.020899
37500 -9195.35548080 911.25859378 0.274972 5.9644 0.903445 0.080747 -0.045121
37600 -9173.68024160 884.44027130 0.266880 5.9644 0.903445 0.080747 -0.005166
37700 -9174.73288487 915.02597362 0.276109 5.9644 0.903445 0.080747 0.029991
37800 -9166.76652985 922.31100761 0.278307 5.9644 0.903445 0.080747 0.043908
37900 -9171.80991075 933.73301170 0.281754 5.9644 0.903445 0.080747 0.017948
38000 -9173.16714874 924.34983529 0.278923 5.9656 0.899795 0.080454 0.003710
38100 -9157.99099855 945.83124742 0.285405 5.9656 0.899795 0.080454 0.055914
38200 -9173.95769389 935.45148426 0.282273 5.9656 0.899795 0.080454 0.000891
38300 -9216.67004977 922.03358361 0.278224 5.9656 0.899795 0.080454 -0.084989
38400 -9206.81770531 913.63113875 0.275688 5.9656 0.899795 0.080454 -0.051436
38500 -9183.01437631 943.97323700 0.284844 5.9674 0.901471 0.078244 0.008730
38600 -9161.24248434 929.65121180 0.280522 5.9674 0.901471 0.078244 0.040618
38700 -9177.90507108 893.47656857 0.269607 5.9674 0.901471 0.078244 -0.008116
38800 -9194.09666046 922.81126148 0.278458 5.9674 0.901471 0.078244 -0.025803
38900 -9191.91571119 905.14722732 0.273128 5.9674 0.901471 0.078244 -0.032203
39000 -9196.21541095 951.97064548 0.287257 5.9680 0.905127 0.079215 -0.023390
39100 -9172.43265356 942.58420470 0.284425 5.9680 0.905127 0.079215 0.021390
39200 -9174.02639775 937.97507273 0.283034 5.9680 0.905127 0.079215 0.008897
39300 -9159.60714576 923.17057074 0.278567 5.9680 0.905127 0.079215 0.050861
39400 -9169.17131876 920.08097795 0.277635 5.9680 0.905127 0.079215 0.003569
39500 -9183.21413771 923.74313384 0.278740 5.9638 0.902270 0.080343 -0.022655
39600 -9182.05452303 904.98592073 0.273080 5.9638 0.902270 0.080343 -0.033533
39700 -9175.05907316 907.67584970 0.273891 5.9638 0.902270 0.080343 0.008515
39800 -9184.96824506 926.80036039 0.279662 5.9638 0.902270 0.080343 -0.005351
39900 -9188.82894753 909.24510094 0.274365 5.9638 0.902270 0.080343 -0.020536
40000 -9184.60536010 916.82754109 0.276653 5.9674 0.903181 0.079101 0.011254
40100 -9182.32195371 897.50768185 0.270823 5.9674 0.903181 0.079101 0.008443
40200 -9212.33506906 927.35981643 0.279831 5.9674 0.903181 0.079101 -0.052786
40300 -9222.22446373 924.04772641 0.278832 5.9674 0.903181 0.079101 -0.067433
40400 -9195.38895671 910.39828670 0.274713 5.9674 0.903181 0.079101 0.019207
40500 -9199.22041822 939.20320561 0.283405 5.9656 0.901445 0.081081 0.000134
40600 -9178.82092761 975.92826366 0.294487 5.9656 0.901445 0.081081 0.028634
40700 -9134.16852729 970.74554604 0.292923 5.9656 0.901445 0.081081 0.080752
40800 -9131.88567953 929.16442047 0.280376 5.9656 0.901445 0.081081 0.051188
40900 -9178.05422725 965.57425918 0.291362 5.9656 0.901445 0.081081 -0.053086
41000 -9174.55110551 930.09389223 0.280656 5.9771 0.900514 0.078729 -0.042805
41100 -9178.39533280 916.64035756 0.276596 5.9771 0.900514 0.078729 -0.041826
41200 -9189.22911395 936.20760889 0.282501 5.9771 0.900514 0.078729 -0.034521
41300 -9178.41109616 938.04394836 0.283055 5.9771 0.900514 0.078729 0.018451
41400 -9163.77515983 950.56639130 0.286834 5.9771 0.900514 0.078729 0.025896
41500 -9136.81748073 949.10876015 0.286394 5.9632 0.897327 0.081409 0.091119
41600 -9148.27527199 936.80448885 0.282681 5.9632 0.897327 0.081409 0.037337
41700 -9155.88989267 929.22762581 0.280395 5.9632 0.897327 0.081409 -0.008532
41800 -9165.66451017 956.32232538 0.288570 5.9632 0.897327 0.081409 -0.005219
41900 -9181.32862575 950.42732917 0.286792 5.9632 0.897327 0.081409 -0.049080
42000 -9179.99381084 933.40964711 0.281657 5.9662 0.900742 0.080288 -0.037817
42100 -9181.60204052 935.99413200 0.282436 5.9662 0.900742 0.080288 -0.031291
42200 -9167.57514816 912.15029520 0.275241 5.9662 0.900742 0.080288 0.034737
42300 -9186.66437445 912.46203926 0.275336 5.9662 0.900742 0.080288 -0.018456
42400 -9191.72881847 916.56587954 0.276574 5.9662 0.900742 0.080288 -0.052317
42500 -9168.86117422 903.77842346 0.272715 5.9650 0.900572 0.080282 0.028723
42600 -9176.63464684 908.47712130 0.274133 5.9650 0.900572 0.080282 0.003184
42700 -9174.26951385 926.67098370 0.279623 5.9650 0.900572 0.080282 0.012814
42800 -9192.78034099 915.46373643 0.276241 5.9650 0.900572 0.080282 -0.028200
42900 -9173.23028788 915.14589474 0.276145 5.9650 0.900572 0.080282 0.028478
43000 -9179.23612198 897.89378408 0.270940 5.9565 0.904400 0.080086 0.034349
43100 -9194.20073909 917.10307831 0.276736 5.9565 0.904400 0.080086 -0.014956
43200 -9194.76826854 923.14864069 0.278560 5.9565 0.904400 0.080086 -0.033860
43300 -9188.71240156 915.12675211 0.276140 5.9565 0.904400 0.080086 0.020032
43400 -9180.35644381 933.67143540 0.281735 5.9565 0.904400 0.080086 0.025006
43500 -9174.46804838 943.93572375 0.284833 5.9674 0.900557 0.079624 0.024293
43600 -9174.45623716 922.54007502 0.278377 5.9674 0.900557 0.079624 0.023788
43700 -9177.70871423 921.86051692 0.278172 5.9674 0.900557 0.079624 0.009884
43800 -9165.59890035 900.03761620 0.271586 5.9674 0.900557 0.079624 0.038358
43900 -9205.62248814 903.50428991 0.272633 5.9674 0.900557 0.079624 -0.052013
44000 -9202.71563183 925.32151129 0.279216 5.9614 0.901611 0.080625 -0.011487
44100 -9177.36532674 902.16222810 0.272228 5.9614 0.901611 0.080625 0.045383
44200 -9202.35811607 910.85069980 0.274849 5.9614 0.901611 0.080625 -0.015243
44300 -9173.39088345 909.58236281 0.274467 5.9614 0.901611 0.080625 0.050320
44400 -9160.03368345 914.23775207 0.275871 5.9614 0.901611 0.080625 0.079414
44500 -9169.24669183 935.54920772 0.282302 5.9728 0.896059 0.080413 0.026912
44600 -9173.38520543 945.98200303 0.285450 5.9728 0.896059 0.080413 0.039283
44700 -9155.64408896 936.96910689 0.282731 5.9728 0.896059 0.080413 0.043514
44800 -9174.64232517 927.02409365 0.279730 5.9728 0.896059 0.080413 -0.014306
44900 -9165.60742810 967.10339505 0.291824 5.9728 0.896059 0.080413 0.020653
45000 -9160.45907203 943.54712140 0.284715 5.9620 0.902912 0.079478 0.024850
45100 -9172.10752404 925.62607340 0.279308 5.9620 0.902912 0.079478 -0.017012
45200 -9178.79163266 948.44274145 0.286193 5.9620 0.902912 0.079478 -0.022290
45300 -9176.79949403 923.08793160 0.278542 5.9620 0.902912 0.079478 -0.003740
45400 -9210.64995506 918.92686294 0.277286 5.9620 0.902912 0.079478 -0.057876
45500 -9183.75143770 907.82572384 0.273937 5.9668 0.900971 0.079399 0.000838
45600 -9183.93726151 901.82859930 0.272127 5.9668 0.900971 0.079399 -0.015347
45700 -9184.62577968 901.71501110 0.272093 5.9668 0.900971 0.079399 0.009690
45800 -9192.42791515 909.61944037 0.274478 5.9668 0.900971 0.079399 -0.028717
45900 -9201.51749793 938.52442240 0.283200 5.9668 0.900971 0.079399 -0.028558
46000 -9166.14787993 946.96691920 0.285747 5.9698 0.899983 0.078997 0.056768
46100 -9174.80202849 958.83734934 0.289329 5.9698 0.899983 0.078997 0.030095
46200 -9156.98278146 927.20357957 0.279784 5.9698 0.899983 0.078997 0.031711
46300 -9174.35203028 904.48192534 0.272928 5.9698 0.899983 0.078997 -0.014541
46400 -9213.24062303 911.76755635 0.275126 5.9698 0.899983 0.078997 -0.078688
46500 -9224.57312706 939.75571288 0.283571 5.9698 0.905404 0.078044 -0.069527
46600 -9218.34588290 897.11868744 0.270706 5.9698 0.905404 0.078044 -0.053132
46700 -9204.51549453 905.08469130 0.273109 5.9698 0.905404 0.078044 -0.009117
46800 -9206.23035865 930.04039952 0.280640 5.9698 0.905404 0.078044 0.007645
46900 -9201.54378471 932.11147908 0.281265 5.9698 0.905404 0.078044 0.008996
47000 -9172.48894215 938.51182292 0.283196 5.9740 0.900299 0.079826 0.065460
47100 -9173.08907345 939.25032260 0.283419 5.9740 0.900299 0.079826 0.035294
47200 -9166.56776532 918.24526334 0.277081 5.9740 0.900299 0.079826 0.033053
47300 -9171.60470689 936.48066420 0.282583 5.9740 0.900299 0.079826 0.023640
47400 -9173.83777015 931.06188803 0.280948 5.9740 0.900299 0.079826 0.018589
47500 -9176.78631051 913.48768677 0.275645 5.9662 0.905004 0.079202 0.013965
47600 -9185.72278086 914.07995278 0.275824 5.9662 0.905004 0.079202 -0.021122
47700 -9199.75430575 934.55281801 0.282001 5.9662 0.905004 0.079202 -0.043175
47800 -9198.31946805 920.95765436 0.277899 5.9662 0.905004 0.079202 -0.033239
47900 -9187.99297730 928.18177386 0.280079 5.9662 0.905004 0.079202 -0.001828
48000 -9185.53700341 925.51951217 0.279276 5.9662 0.900148 0.079266 0.014014
48100 -9173.51344113 926.73078729 0.279641 5.9662 0.900148 0.079266 0.031719
48200 -9158.82704588 924.29554672 0.278906 5.9662 0.900148 0.079266 0.058501
48300 -9180.04418802 937.11381509 0.282774 5.9662 0.900148 0.079266 0.010024
48400 -9194.75822984 934.94743003 0.282121 5.9662 0.900148 0.079266 -0.035846
48500 -9199.04279318 944.68987494 0.285060 5.9614 0.904795 0.079233 -0.021030
48600 -9187.78584694 928.19180914 0.280082 5.9614 0.904795 0.079233 -0.001519
48700 -9201.27136854 919.84669725 0.277564 5.9614 0.904795 0.079233 -0.034743
48800 -9193.46909921 914.97833504 0.276095 5.9614 0.904795 0.079233 0.007335
48900 -9166.91759004 902.60669718 0.272362 5.9614 0.904795 0.079233 0.048925
49000 -9221.03081970 931.95784833 0.281218 5.9662 0.905975 0.076778 -0.055682
49100 -9179.17487140 921.05784279 0.277929 5.9662 0.905975 0.076778 0.028765
49200 -9205.57592803 938.50967920 0.283195 5.9662 0.905975 0.076778 -0.027193
49300 -9189.41158655 910.06554140 0.274612 5.9662 0.905975 0.076778 0.018106
49400 -9184.46371389 968.29612417 0.292184 5.9662 0.905975 0.076778 0.004438
49500 -9183.08340823 940.61208475 0.283830 5.9638 0.897305 0.082415 -0.005329
49600 -9155.44563522 938.31532700 0.283137 5.9638 0.897305 0.082415 0.033608
49700 -9167.85087597 937.17702285 0.282793 5.9638 0.897305 0.082415 -0.000066
49800 -9152.72797550 923.92763763 0.278795 5.9638 0.897305 0.082415 0.028261
49900 -9182.26439521 929.00677788 0.280328 5.9638 0.897305 0.082415 -0.035589
50000 -9175.28029216 920.35268200 0.277717 5.9716 0.900274 0.078476 -0.010382
50100 -9193.16863566 945.86425648 0.285415 5.9716 0.900274 0.078476 -0.029090
50200 -9163.94751751 910.30423891 0.274684 5.9716 0.900274 0.078476 0.030701
50300 -9192.96374895 923.50994446 0.278669 5.9716 0.900274 0.078476 -0.036835
50400 -9195.63824215 950.72167245 0.286880 5.9716 0.900274 0.078476 -0.022704
50500 -9160.14586777 934.11455583 0.281869 5.9650 0.900101 0.080092 0.029023
50600 -9170.60392656 948.82542573 0.286308 5.9650 0.900101 0.080092 0.020590
50700 -9146.53559176 938.16957676 0.283093 5.9650 0.900101 0.080092 0.042331
50800 -9172.29640461 954.66077913 0.288069 5.9650 0.900101 0.080092 -0.016128
50900 -9155.46459721 933.81644751 0.281779 5.9650 0.900101 0.080092 0.025474
51000 -9156.57614567 917.94803550 0.276991 5.9662 0.900239 0.080712 -0.003271
51100 -9169.24759586 945.76677263 0.285385 5.9662 0.900239 0.080712 -0.031451
51200 -9169.57048834 930.25729397 0.280705 5.9662 0.900239 0.080712 -0.019327
51300 -9177.61285314 920.88378135 0.277877 5.9662 0.900239 0.080712 -0.026771
51400 -9178.39543078 908.80801891 0.274233 5.9662 0.900239 0.080712 -0.015288
51500 -9163.44144691 888.42069504 0.268081 5.9644 0.899770 0.081407 0.037651
51600 -9195.50856695 943.55742439 0.284719 5.9644 0.899770 0.081407 -0.028854
51700 -9168.56205907 910.14837218 0.274637 5.9644 0.899770 0.081407 0.022713
51800 -9188.00209211 930.63083128 0.280818 5.9644 0.899770 0.081407 -0.008147
51900 -9183.49412972 919.48929974 0.277456 5.9644 0.899770 0.081407 -0.018178
52000 -9187.96233334 929.99922137 0.280627 5.9692 0.902334 0.079072 -0.017024
52100 -9179.78007185 935.42399641 0.282264 5.9692 0.902334 0.079072 0.002448
52200 -9143.48610673 936.99486619 0.282738 5.9692 0.902334 0.079072 0.074445
52300 -9159.40215684 931.30256872 0.281021 5.9692 0.902334 0.079072 0.018492
52400 -9184.23160005 911.45632138 0.275032 5.9692 0.902334 0.079072 -0.049598
52500 -9196.19512227 925.07418734 0.279141 5.9638 0.901390 0.079596 -0.043894
52600 -9177.75824841 927.73686493 0.279945 5.9638 0.901390 0.079596 0.004455
52700 -9183.88263169 931.75010532 0.281156 5.9638 0.901390 0.079596 -0.016290
52800 -9190.34616805 912.23501870 0.275267 5.9638 0.901390 0.079596 -0.026966
52900 -9190.01398252 920.66750830 0.277812 5.9638 0.901390 0.079596 -0.015076
53000 -9212.51644566 916.22018374 0.276470 5.9686 0.905229 0.079472 -0.055568
53100 -9188.71190696 927.90715017 0.279996 5.9686 0.905229 0.079472 -0.006713
53200 -9180.00461519 932.27036636 0.281313 5.9686 0.905229 0.079472 0.021890
53300 -9172.71629680 969.74500501 0.292621 5.9686 0.905229 0.079472 0.037200
53400 -9152.59389049 947.53818425 0.285920 5.9686 0.905229 0.079472 0.046135
53500 -9188.05582412 930.88933220 0.280896 5.9686 0.904237 0.079001 -0.034041
53600 -9187.76256227 892.98594513 0.269459 5.9686 0.904237 0.079001 -0.030684
53700 -9195.79976193 983.67078264 0.296823 5.9686 0.904237 0.079001 -0.024669
53800 -9143.15361554 947.42482912 0.285886 5.9686 0.904237 0.079001 0.075776
53900 -9180.87186417 964.00869081 0.290890 5.9686 0.904237 0.079001 -0.023976
54000 -9184.63156740 925.67724255 0.279323 5.9698 0.902212 0.079501 -0.040697
54100 -9176.73573542 901.61233839 0.272062 5.9698 0.902212 0.079501 -0.023933
54200 -9170.75602516 903.70816827 0.272694 5.9698 0.902212 0.079501 0.012109
54300 -9183.62984272 924.95963901 0.279107 5.9698 0.902212 0.079501 -0.007401
54400 -9194.45411247 921.10576512 0.277944 5.9698 0.902212 0.079501 -0.028879
54500 -9192.60847942 933.79377784 0.281772 5.9722 0.902943 0.078326 -0.022795
54600 -9190.13489323 907.13908296 0.273729 5.9722 0.902943 0.078326 -0.007797
54700 -9163.17797503 922.06727789 0.278234 5.9722 0.902943 0.078326 0.065621
54800 -9177.16430728 938.54913924 0.283207 5.9722 0.902943 0.078326 0.005568
54900 -9167.11316856 933.33394223 0.281634 5.9722 0.902943 0.078326 0.037035
55000 -9172.37136953 931.08651467 0.280955 5.9668 0.900770 0.078559 0.012503
55100 -9168.29447875 919.19208755 0.277366 5.9668 0.900770 0.078559 0.028186
55200 -9180.09606069 926.58174011 0.279596 5.9668 0.900770 0.078559 0.006045
55300 -9184.53097321 921.10127303 0.277942 5.9668 0.900770 0.078559 -0.012523
55400 -9160.49114196 943.23765830 0.284622 5.9668 0.900770 0.078559 0.040038
55500 -9167.15814860 928.67796621 0.280229 5.9722 0.898214 0.079540 0.012280
55600 -9185.89966606 938.07753386 0.283065 5.9722 0.898214 0.079540 -0.023932
55700 -9156.15216884 938.13195343 0.283081 5.9722 0.898214 0.079540 0.023290
55800 -9158.23244649 935.14799648 0.282181 5.9722 0.898214 0.079540 0.015796
55900 -9167.48562207 917.05123636 0.276720 5.9722 0.898214 0.079540 0.007893
56000 -9153.92461619 940.65380336 0.283842 5.9686 0.897314 0.080411 0.039009
56100 -9167.14695525 936.34856610 0.282543 5.9686 0.897314 0.080411 -0.003206
56200 -9181.52249196 916.58765981 0.276580 5.9686 0.897314 0.080411 -0.045257
56300 -9171.35403522 940.42407477 0.283773 5.9686 0.897314 0.080411 0.017907
56400 -9160.57851222 932.07583097 0.281254 5.9686 0.897314 0.080411 0.022168
56500 -9154.28276140 896.43670967 0.270500 5.9686 0.896981 0.080911 0.011152
56600 -9151.06394233 917.19346414 0.276763 5.9686 0.896981 0.080911 0.034762
56700 -9156.60870139 922.97166767 0.278507 5.9686 0.896981 0.080911 0.023879
56800 -9151.77934110 926.53693436 0.279583 5.9686 0.896981 0.080911 0.034570
56900 -9176.45648949 951.46517354 0.287105 5.9686 0.896981 0.080911 -0.013253
57000 -9173.56793026 933.18915608 0.281590 5.9656 0.900093 0.081097 -0.027095
57100 -9161.43554267 934.04814677 0.281849 5.9656 0.900093 0.081097 0.002409
57200 -9154.23881116 930.38439563 0.280744 5.9656 0.900093 0.081097 0.039476
57300 -9147.55407221 920.06810540 0.277631 5.9656 0.900093 0.081097 0.023153
57400 -9163.39175203 920.77170909 0.277843 5.9656 0.900093 0.081097 -0.005842
57500 -9150.83827537 898.03419645 0.270982 5.9722 0.893382 0.081782 0.018343
57600 -9174.73346152 941.12307591 0.283984 5.9722 0.893382 0.081782 -0.019975
57700 -9169.95505791 920.33591442 0.277712 5.9722 0.893382 0.081782 0.002656
57800 -9180.29620973 911.99427312 0.275194 5.9722 0.893382 0.081782 -0.026354
57900 -9166.19948228 932.66521780 0.281432 5.9722 0.893382 0.081782 0.018558
58000 -9158.24732798 905.93181252 0.273365 5.9698 0.898600 0.081064 0.019831
58100 -9199.36557012 913.41885392 0.275624 5.9698 0.898600 0.081064 -0.055450
58200 -9208.77197804 942.71392682 0.284464 5.9698 0.898600 0.081064 -0.046772
58300 -9183.14713431 928.96651235 0.280316 5.9698 0.898600 0.081064 0.009190
58400 -9195.89364826 936.03163068 0.282448 5.9698 0.898600 0.081064 -0.022860
58500 -9188.58434888 904.06267629 0.272801 5.9716 0.899834 0.079057 -0.010094
58600 -9184.83913509 936.65951180 0.282637 5.9716 0.899834 0.079057 0.010825
58700 -9182.82842762 940.10393662 0.283677 5.9716 0.899834 0.079057 -0.003362
58800 -9189.67308149 930.83143976 0.280879 5.9716 0.899834 0.079057 -0.011993
58900 -9172.48188423 903.04591572 0.272494 5.9716 0.899834 0.079057 0.022819
59000 -9176.28581352 913.46548997 0.275638 5.9650 0.900270 0.080193 0.017680
59100 -9162.10534899 938.39247485 0.283160 5.9650 0.900270 0.080193 0.057415
59200 -9189.90626208 936.48065294 0.282583 5.9650 0.900270 0.080193 -0.023086
59300 -9207.24079288 934.02383292 0.281842 5.9650 0.900270 0.080193 -0.065115
59400 -9195.92748026 925.12407309 0.279156 5.9650 0.900270 0.080193 -0.026501
59500 -9182.85935719 914.49875281 0.275950 5.9698 0.901943 0.079995 0.001075
59600 -9193.90339103 924.14852277 0.278862 5.9698 0.901943 0.079995 -0.013184
59700 -9189.35132010 906.81043545 0.273630 5.9698 0.901943 0.079995 -0.000743
59800 -9193.46682654 916.65939025 0.276602 5.9698 0.901943 0.079995 -0.003768
59900 -9202.57251536 950.48558174 0.286809 5.9698 0.901943 0.079995 -0.014945
60000 -9177.57447532 931.25477909 0.281006 5.9734 0.897967 0.080312 0.020552
60100 -9169.95932473 922.40671628 0.278336 5.9734 0.897967 0.080312 0.034731
60200 -9179.58347671 923.40814782 0.278639 5.9734 0.897967 0.080312 0.003931
60300 -9191.02931635 901.74472890 0.272102 5.9734 0.897967 0.080312 -0.016894
60400 -9194.27925457 901.15143376 0.271923 5.9734 0.897967 0.080312 -0.011754
60500 -9211.38798712 926.34520495 0.279525 5.9698 0.905445 0.079361 -0.036473
60600 -9203.30405296 911.47080485 0.275036 5.9698 0.905445 0.079361 -0.026687
60700 -9218.37967454 917.41044975 0.276829 5.9698 0.905445 0.079361 -0.026482
60800 -9179.74305879 914.15176169 0.275845 5.9698 0.905445 0.079361 0.053849
60900 -9185.87515718 918.94413993 0.277292 5.9698 0.905445 0.079361 0.023526
61000 -9184.92781754 930.42386268 0.280756 5.9692 0.902149 0.078216 0.021607
61100 -9187.74070141 957.10850350 0.288808 5.9692 0.902149 0.078216 0.007776
61200 -9175.87056834 957.15209464 0.288821 5.9692 0.902149 0.078216 0.016054
61300 -9147.94658517 919.57916951 0.277483 5.9692 0.902149 0.078216 0.061693
61400 -9150.19679545 918.43369640 0.277138 5.9692 0.902149 0.078216 0.051200
61500 -9156.08779018 916.48310342 0.276549 5.9704 0.898076 0.080739 0.018218
61600 -9169.42437151 924.72309802 0.279035 5.9704 0.898076 0.080739 -0.010160
61700 -9181.98191401 926.02371690 0.279428 5.9704 0.898076 0.080739 0.000175
61800 -9179.09301281 922.06104166 0.278232 5.9704 0.898076 0.080739 0.000591
61900 -9205.83485643 933.57261681 0.281706 5.9704 0.898076 0.080739 -0.037124
62000 -9197.18969311 900.15496524 0.271622 5.9650 0.905102 0.078855 -0.025119
62100 -9211.75913041 895.56609116 0.270237 5.9650 0.905102 0.078855 -0.031758
62200 -9221.62813514 889.62170638 0.268443 5.9650 0.905102 0.078855 -0.038178
62300 -9215.74197670 913.43438460 0.275629 5.9650 0.905102 0.078855 -0.007860
62400 -9192.09528778 903.59288480 0.272659 5.9650 0.905102 0.078855 0.036308
62500 -9181.01178929 914.71776441 0.276016 5.9650 0.902194 0.081536 0.055545
62600 -9173.32567895 919.19025019 0.277366 5.9650 0.902194 0.081536 0.045695
62700 -9201.75534981 929.23341622 0.280396 5.9650 0.902194 0.081536 -0.022093
62800 -9183.57536260 914.70154074 0.276011 5.9650 0.902194 0.081536 0.027571
62900 -9174.20383568 897.97990000 0.270966 5.9650 0.902194 0.081536 0.040461
63000 -9193.78550327 939.09198555 0.283371 5.9668 0.901905 0.079255 0.011621
63100 -9186.89746370 937.51758476 0.282896 5.9668 0.901905 0.079255 0.004279
63200 -9189.10375720 905.03855602 0.273096 5.9668 0.901905 0.079255 -0.002144
63300 -9216.92777829 929.09650148 0.280355 5.9668 0.901905 0.079255 -0.052060
63400 -9165.48459550 926.14076709 0.279463 5.9668 0.901905 0.079255 0.064756
63500 -9174.49766793 940.05078473 0.283660 5.9668 0.898895 0.080704 0.038438
63600 -9128.77710189 919.58862338 0.277486 5.9668 0.898895 0.080704 0.129555
63700 -9193.93497245 963.59493397 0.290765 5.9668 0.898895 0.080704 -0.049311
63800 -9206.79821034 967.16223240 0.291841 5.9668 0.898895 0.080704 -0.074025
63900 -9181.84786199 933.78868576 0.281771 5.9668 0.898895 0.080704 -0.022258
64000 -9178.06830676 920.07555579 0.277633 5.9680 0.903032 0.079681 -0.001438
64100 -9174.19126529 946.93142825 0.285737 5.9680 0.903032 0.079681 -0.004467
64200 -9169.53366284 918.86668882 0.277268 5.9680 0.903032 0.079681 0.006875
64300 -9181.35070891 909.60080648 0.274472 5.9680 0.903032 0.079681 -0.028185
64400 -9168.05691929 909.19519255 0.274350 5.9680 0.903032 0.079681 0.015805
64500 -9185.64608594 923.22900256 0.278584 5.9668 0.899665 0.079374 -0.006772
64600 -9185.79394500 928.92360390 0.280303 5.9668 0.899665 0.079374 -0.004625
64700 -9168.84669605 916.45943929 0.276542 5.9668 0.899665 0.079374 0.008799
64800 -9199.70641377 924.80511705 0.279060 5.9668 0.899665 0.079374 -0.052602
64900 -9220.64005721 927.29193276 0.279810 5.9668 0.899665 0.079374 -0.068640
65000 -9179.84381256 924.07671400 0.278840 5.9674 0.901873 0.080370 0.027689
65100 -9169.32807992 910.14916345 0.274638 5.9674 0.901873 0.080370 0.058314
65200 -9198.49911752 936.44050178 0.282571 5.9674 0.901873 0.080370 -0.008708
65300 -9178.95065993 913.56737561 0.275669 5.9674 0.901873 0.080370 0.011617
65400 -9186.80189083 912.77279798 0.275429 5.9674 0.901873 0.080370 -0.007568
65500 -9208.40332067 922.11581753 0.278249 5.9686 0.905651 0.080033 -0.040195
65600 -9186.59510880 891.03571542 0.268870 5.9686 0.905651 0.080033 0.014481
65700 -9213.74668585 913.62420572 0.275686 5.9686 0.905651 0.080033 -0.045270
65800 -9185.49518899 903.58496030 0.272657 5.9686 0.905651 0.080033 0.019908
65900 -9193.26740194 929.48027123 0.280471 5.9686 0.905651 0.080033 0.018181
66000 -9192.52158623 935.44191481 0.282270 5.9698 0.899215 0.079953 0.009043
66100 -9181.43130596 932.81043890 0.281476 5.9698 0.899215 0.079953 0.018987
66200 -9189.15052830 930.12439487 0.280665 5.9698 0.899215 0.079953 -0.008670
66300 -9191.10329328 931.34055006 0.281032 5.9698 0.899215 0.079953 0.000245
66400 -9167.21201798 924.36958964 0.278929 5.9698 0.899215 0.079953 0.045659
66500 -9178.97795490 938.49975356 0.283192 5.9656 0.904420 0.080126 0.012887
66600 -9184.86598782 946.66237246 0.285656 5.9656 0.904420 0.080126 0.000487
66700 -9189.66102027 926.57495933 0.279594 5.9656 0.904420 0.080126 -0.007305
66800 -9185.14399100 911.86876615 0.275157 5.9656 0.904420 0.080126 -0.013397
66900 -9177.69917334 917.34974681 0.276810 5.9656 0.904420 0.080126 0.010471
67000 -9197.74178936 932.10820014 0.281264 5.9710 0.898730 0.079230 -0.026554
67100 -9160.20511993 923.81453762 0.278761 5.9710 0.898730 0.079230 0.033489
67200 -9167.56700035 950.88114994 0.286929 5.9710 0.898730 0.079230 0.031335
67300 -9144.32717788 945.45623653 0.285292 5.9710 0.898730 0.079230 0.058169
67400 -9166.17945271 924.87670393 0.279082 5.9710 0.898730 0.079230 0.007504
67500 -9173.08342712 933.59643078 0.281713 5.9650 0.899932 0.080377 0.012040
67600 -9178.11783026 932.82397541 0.281480 5.9650 0.899932 0.080377 -0.018971
67700 -9173.39026946 912.37632364 0.275310 5.9650 0.899932 0.080377 -0.004046
67800 -9166.57514936 942.68514680 0.284455 5.9650 0.899932 0.080377 0.024866
67900 -9162.60555098 904.28488468 0.272868 5.9650 0.899932 0.080377 0.009496
68000 -9182.15053024 894.59925538 0.269945 5.9674 0.899760 0.080029 -0.019927
68100 -9174.59463835 910.99544765 0.274893 5.9674 0.899760 0.080029 0.017872
68200 -9179.42024703 927.71519099 0.279938 5.9674 0.899760 0.080029 -0.000532
68300 -9174.82667080 914.34100191 0.275903 5.9674 0.899760 0.080029 0.014031
68400 -9184.33359222 882.70049413 0.266355 5.9674 0.899760 0.080029 0.000485
68500 -9228.37434778 899.18534125 0.271329 5.9632 0.908106 0.079576 -0.085471
68600 -9217.91437404 903.85750175 0.272739 5.9632 0.908106 0.079576 -0.036937
68700 -9200.59253130 894.81935315 0.270012 5.9632 0.908106 0.079576 -0.004579
68800 -9218.02181737 920.71118658 0.277825 5.9632 0.908106 0.079576 -0.033859
68900 -9209.25099219 906.83624587 0.273638 5.9632 0.908106 0.079576 -0.003715
69000 -9198.32877057 915.09471665 0.276130 5.9710 0.904130 0.077734 0.021939
69100 -9188.89056918 924.48511750 0.278964 5.9710 0.904130 0.077734 0.022715
69200 -9189.83976806 931.87199481 0.281193 5.9710 0.904130 0.077734 0.033271
69300 -9177.93054924 936.71572057 0.282654 5.9710 0.904130 0.077734 0.045812
69400 -9209.92831889 931.03037812 0.280939 5.9710 0.904130 0.077734 -0.033169
69500 -9185.51577965 904.55799779 0.272951 5.9704 0.900335 0.079738 0.012292
69600 -9171.23776067 919.20660644 0.277371 5.9704 0.900335 0.079738 0.042589
69700 -9187.77648181 918.43152174 0.277137 5.9704 0.900335 0.079738 -0.014053
69800 -9177.90168024 958.46876043 0.289218 5.9704 0.900335 0.079738 0.044492
69900 -9176.18686168 942.76694436 0.284480 5.9704 0.900335 0.079738 0.023843
70000 -9171.55263619 924.23359579 0.278888 5.9656 0.903494 0.079538 0.015128
70100 -9174.51786381 933.16156123 0.281582 5.9656 0.903494 0.079538 0.008603
70200 -9187.00848673 914.42624572 0.275928 5.9656 0.903494 0.079538 -0.018760
70300 -9169.50253546 909.35452657 0.274398 5.9656 0.903494 0.079538 0.043616
70400 -9217.70548904 937.66285565 0.282940 5.9656 0.903494 0.079538 -0.064687
70500 -9204.21222742 929.14673331 0.280370 5.9656 0.904207 0.079730 -0.025032
70600 -9193.30315679 930.07660624 0.280651 5.9656 0.904207 0.079730 -0.011529
70700 -9185.79481254 924.96208365 0.279107 5.9656 0.904207 0.079730 0.014803
70800 -9188.15781793 930.99770810 0.280929 5.9656 0.904207 0.079730 -0.003439
70900 -9191.35323615 937.15758598 0.282787 5.9656 0.904207 0.079730 0.003980
71000 -9201.72831472 904.29943280 0.272872 5.9620 0.899597 0.079931 -0.029413
71100 -9217.84262019 906.13112111 0.273425 5.9620 0.899597 0.079931 -0.077029
71200 -9215.69141942 911.70681661 0.275108 5.9620 0.899597 0.079931 -0.030267
71300 -9185.40543871 925.82425444 0.279368 5.9620 0.899597 0.079931 0.053933
71400 -9177.25383566 912.69195466 0.275405 5.9620 0.899597 0.079931 0.045566
71500 -9161.15648189 915.02092971 0.276108 5.9602 0.898722 0.081688 0.069539
71600 -9186.47146730 916.87538620 0.276667 5.9602 0.898722 0.081688 -0.005395
71700 -9150.69048906 897.19855820 0.270730 5.9602 0.898722 0.081688 0.075442
71800 -9186.57376721 936.09989728 0.282468 5.9602 0.898722 0.081688 -0.012018
71900 -9186.41979348 924.44445169 0.278951 5.9602 0.898722 0.081688 -0.019770
72000 -9181.33670960 926.44837149 0.279556 5.9668 0.902136 0.080578 -0.001148
72100 -9166.48559872 915.16614600 0.276152 5.9668 0.902136 0.080578 0.036206
72200 -9199.64403411 943.92436761 0.284829 5.9668 0.902136 0.080578 -0.041948
72300 -9190.76204424 915.58197822 0.276277 5.9668 0.902136 0.080578 -0.015147
72400 -9215.62698101 943.80366494 0.284793 5.9668 0.902136 0.080578 -0.074597
72500 -9186.21571168 972.72029332 0.293518 5.9686 0.900513 0.081016 0.008495
72600 -9157.45009037 937.79777372 0.282981 5.9686 0.900513 0.081016 0.025928
72700 -9189.93008261 929.41599301 0.280451 5.9686 0.900513 0.081016 -0.035684
72800 -9188.45766206 924.63731539 0.279009 5.9686 0.900513 0.081016 -0.020443
72900 -9156.00473214 943.93358034 0.284832 5.9686 0.900513 0.081016 0.043010
73000 -9161.20901087 926.94005650 0.279704 5.9710 0.899979 0.079531 0.020588
73100 -9153.14728618 913.48642854 0.275645 5.9710 0.899979 0.079531 0.037981
73200 -9171.35979033 908.94778050 0.274275 5.9710 0.899979 0.079531 -0.007921
73300 -9203.91205020 923.10458447 0.278547 5.9710 0.899979 0.079531 -0.052055
73400 -9190.73316717 939.17564688 0.283396 5.9710 0.899979 0.079531 -0.017190
73500 -9176.01106881 913.24808991 0.275573 5.9686 0.900653 0.079988 0.005494
73600 -9167.82783777 939.35564474 0.283451 5.9686 0.900653 0.079988 0.021348
73700 -9188.26721935 948.80860636 0.286303 5.9686 0.900653 0.079988 -0.017464
73800 -9178.50123471 944.12948581 0.284891 5.9686 0.900653 0.079988 -0.014438
73900 -9155.84642545 914.47629645 0.275943 5.9686 0.900653 0.079988 0.049894
74000 -9171.89697381 944.70466110 0.285065 5.9710 0.899131 0.080607 -0.006023
74100 -9164.37682071 949.82231394 0.286609 5.9710 0.899131 0.080607 0.030144
74200 -9181.53437499 911.28713006 0.274981 5.9710 0.899131 0.080607 -0.033026
74300 -9175.00213381 926.82394131 0.279669 5.9710 0.899131 0.080607 0.003662
74400 -9157.16402850 937.52041330 0.282897 5.9710 0.899131 0.080607 0.022432
74500 -9174.80573673 926.10557266 0.279452 5.9722 0.901636 0.078532 -0.006521
74600 -9179.93849937 915.89583366 0.276372 5.9722 0.901636 0.078532 0.001802
74700 -9174.27525350 901.39132355 0.271995 5.9722 0.901636 0.078532 0.024468
74800 -9185.72601982 904.00528692 0.272784 5.9722 0.901636 0.078532 -0.000422
74900 -9180.96635850 914.78909490 0.276038 5.9722 0.901636 0.078532 0.005735
75000 -9189.95715087 914.34311149 0.275903 5.9644 0.906981 0.078787 -0.010637
75100 -9183.60385481 923.37564349 0.278629 5.9644 0.906981 0.078787 0.000356
75200 -9185.15791173 925.22425149 0.279187 5.9644 0.906981 0.078787 -0.001671
75300 -9172.41688723 930.65343037 0.280825 5.9644 0.906981 0.078787 0.028107
75400 -9182.61852502 934.32798949 0.281934 5.9644 0.906981 0.078787 -0.009124
75500 -9185.88525135 906.66781940 0.273587 5.9668 0.903323 0.079556 -0.028828
75600 -9198.25386288 947.51227606 0.285912 5.9668 0.903323 0.079556 -0.030250
75700 -9195.20720689 925.29296314 0.279207 5.9668 0.903323 0.079556 -0.020168
75800 -9195.58312176 928.33398466 0.280125 5.9668 0.903323 0.079556 -0.005338
75900 -9168.26693603 903.68659136 0.272688 5.9668 0.903323 0.079556 0.025689
76000 -9193.20081258 956.76472566 0.288704 5.9650 0.902697 0.080974 -0.016255
76100 -9180.06553412 886.52382869 0.267509 5.9650 0.902697 0.080974 -0.010563
76200 -9200.06046649 904.01390084 0.272786 5.9650 0.902697 0.080974 -0.032562
76300 -9205.15381371 900.46778322 0.271716 5.9650 0.902697 0.080974 -0.017198
76400 -9214.54728969 925.79320125 0.279358 5.9650 0.902697 0.080974 -0.032480
76500 -9177.46971678 920.02445822 0.277618 5.9704 0.900084 0.080472 0.034792
76600 -9173.87394661 931.90630496 0.281203 5.9704 0.900084 0.080472 0.022027
76700 -9186.82463750 907.95406950 0.273975 5.9704 0.900084 0.080472 0.005206
76800 -9178.11087028 948.97655625 0.286354 5.9704 0.900084 0.080472 0.034015
76900 -9177.73727153 940.17240776 0.283697 5.9704 0.900084 0.080472 0.007423
77000 -9153.81680325 918.34348480 0.277110 5.9662 0.899018 0.081622 0.040701
77100 -9182.81138255 966.10417901 0.291522 5.9662 0.899018 0.081622 -0.011582
77200 -9180.36020117 923.64159909 0.278709 5.9662 0.899018 0.081622 -0.017550
77300 -9191.80409333 919.09021506 0.277336 5.9662 0.899018 0.081622 -0.027019
77400 -9202.23663277 906.15064974 0.273431 5.9662 0.899018 0.081622 -0.024676
77500 -9189.06103876 914.47808479 0.275944 5.9608 0.903656 0.079687 0.009391
77600 -9181.90699449 913.73001358 0.275718 5.9608 0.903656 0.079687 0.024825
77700 -9187.69305299 923.95637318 0.278804 5.9608 0.903656 0.079687 0.001517
77800 -9209.80375444 944.29150334 0.284940 5.9608 0.903656 0.079687 -0.040033
77900 -9203.30778800 928.62166053 0.280212 5.9608 0.903656 0.079687 -0.033527
78000 -9214.46614776 917.55883489 0.276874 5.9638 0.903424 0.079299 -0.044517
78100 -9158.63977477 893.95376957 0.269751 5.9638 0.903424 0.079299 0.074822
78200 -9189.96609365 921.96802626 0.278204 5.9638 0.903424 0.079299 -0.012750
78300 -9193.30512334 915.72598085 0.276320 5.9638 0.903424 0.079299 0.000840
78400 -9182.19675387 890.27177128 0.268640 5.9638 0.903424 0.079299 0.004316
78500 -9198.78307024 911.27383880 0.274977 5.9680 0.898921 0.080869 -0.013205
78600 -9216.48612622 943.77614488 0.284785 5.9680 0.898921 0.080869 -0.039901
78700 -9184.59406945 919.42941385 0.277438 5.9680 0.898921 0.080869 0.029251
78800 -9202.13774191 920.79832391 0.277851 5.9680 0.898921 0.080869 -0.016361
78900 -9192.93220591 905.45318824 0.273221 5.9680 0.898921 0.080869 -0.008474
79000 -9215.29998164 907.33136978 0.273787 5.9662 0.903680 0.079087 -0.050454
79100 -9196.65799465 901.88546418 0.272144 5.9662 0.903680 0.079087 0.015376
79200 -9198.89287821 933.78598475 0.281770 5.9662 0.903680 0.079087 0.009232
79300 -9206.20732792 930.48345043 0.280774 5.9662 0.903680 0.079087 -0.017885
79400 -9189.07598195 933.59015102 0.281711 5.9662 0.903680 0.079087 0.018918
79500 -9182.42784657 927.73267770 0.279943 5.9650 0.903684 0.080314 0.027374
79600 -9191.89567347 930.53411253 0.280789 5.9650 0.903684 0.080314 0.012670
79700 -9183.37838491 939.79037335 0.283582 5.9650 0.903684 0.080314 0.024233
79800 -9166.56433583 943.37596997 0.284664 5.9650 0.903684 0.080314 0.035167
79900 -9163.64754551 926.55690108 0.279589 5.9650 0.903684 0.080314 0.043732
80000 -9178.72993953 930.11559285 0.280663 5.9626 0.903708 0.080845 -0.018018
80100 -9182.37590959 913.11270307 0.275532 5.9626 0.903708 0.080845 -0.026327
80200 -9175.09225855 932.13979928 0.281273 5.9626 0.903708 0.080845 0.013041
80300 -9186.94848356 935.08641203 0.282162 5.9626 0.903708 0.080845 -0.025336
80400 -9194.45655806 914.16274539 0.275849 5.9626 0.903708 0.080845 -0.042986
80500 -9180.18742687 940.19604994 0.283704 5.9704 0.898422 0.080518 -0.010803
80600 -9195.23466448 944.17251925 0.284904 5.9704 0.898422 0.080518 -0.032982
80700 -9155.63482796 923.61884661 0.278702 5.9704 0.898422 0.080518 0.043404
80800 -9180.77831858 932.52227191 0.281389 5.9704 0.898422 0.080518 -0.022360
80900 -9184.89012012 916.53476731 0.276565 5.9704 0.898422 0.080518 -0.024635
81000 -9176.11816087 902.73004548 0.272399 5.9650 0.903168 0.080606 -0.000806
81100 -9183.10165025 941.41783746 0.284073 5.9650 0.903168 0.080606 -0.013324
81200 -9172.17255885 911.58857221 0.275072 5.9650 0.903168 0.080606 0.010413
81300 -9221.18376308 937.04433267 0.282753 5.9650 0.903168 0.080606 -0.079363
81400 -9203.53486689 918.46447901 0.277147 5.9650 0.903168 0.080606 -0.036708
81500 -9193.70885788 927.26032857 0.279801 5.9692 0.900575 0.079140 -0.007807
81600 -9166.25389884 921.76355083 0.278142 5.9692 0.900575 0.079140 0.061326
81700 -9177.39777458 940.39243358 0.283764 5.9692 0.900575 0.079140 0.024769
81800 -9174.55434426 925.56850445 0.279290 5.9692 0.900575 0.079140 0.020539
81900 -9205.37213534 919.40969743 0.277432 5.9692 0.900575 0.079140 -0.045097
82000 -9209.18500068 927.11553213 0.279757 5.9662 0.905734 0.077943 -0.045938
82100 -9195.40800602 909.10876530 0.274324 5.9662 0.905734 0.077943 -0.004370
82200 -9182.88892576 940.96549648 0.283936 5.9662 0.905734 0.077943 0.040512
82300 -9183.04210696 947.92275260 0.286036 5.9662 0.905734 0.077943 0.018403
82400 -9171.76605040 940.83915994 0.283898 5.9662 0.905734 0.077943 0.023679
82500 -9172.43428852 934.55371075 0.282002 5.9674 0.898269 0.080207 0.015785
82600 -9157.39618325 904.32790282 0.272881 5.9674 0.898269 0.080207 0.034477
82700 -9146.77100228 917.76480826 0.276936 5.9674 0.898269 0.080207 0.071235
82800 -9174.62304208 952.52381037 0.287424 5.9674 0.898269 0.080207 -0.016296
82900 -9181.91235752 976.52155637 0.294666 5.9674 0.898269 0.080207 -0.023694
83000 -9157.33596418 920.50613285 0.277763 5.9668 0.897878 0.080415 0.016412
83100 -9168.91991823 919.62058357 0.277496 5.9668 0.897878 0.080415 -0.010200
83200 -9178.93990134 948.47160321 0.286201 5.9668 0.897878 0.080415 -0.041105
83300 -9161.91772857 930.51164358 0.280782 5.9668 0.897878 0.080415 0.005865
83400 -9164.39663189 940.58475265 0.283822 5.9668 0.897878 0.080415 -0.011576
83500 -9177.68086561 924.51292013 0.278972 5.9662 0.900812 0.079754 -0.036843
83600 -9158.87568730 925.03861428 0.279131 5.9662 0.900812 0.079754 0.011069
83700 -9149.81072728 945.57152383 0.285326 5.9662 0.900812 0.079754 0.043042
83800 -9151.41113298 941.21826670 0.284013 5.9662 0.900812 0.079754 0.021959
83900 -9168.91646938 927.73052125 0.279943 5.9662 0.900812 0.079754 -0.025124
84000 -9162.77377781 940.14056775 0.283688 5.9728 0.900554 0.080295 -0.019774
84100 -9165.44889932 929.15770592 0.280373 5.9728 0.900554 0.080295 0.004747
84200 -9160.11751151 946.89936684 0.285727 5.9728 0.900554 0.080295 0.000018
84300 -9156.07413459 923.18210438 0.278570 5.9728 0.900554 0.080295 0.004380
84400 -9145.87769678 926.20634220 0.279483 5.9728 0.900554 0.080295 0.038143
84500 -9156.11456784 917.50876151 0.276858 5.9716 0.899887 0.079669 0.007747
84600 -9152.59842769 944.69050774 0.285061 5.9716 0.899887 0.079669 0.033146
84700 -9148.84560130 912.85918602 0.275455 5.9716 0.899887 0.079669 0.005823
84800 -9171.83666510 925.19298482 0.279177 5.9716 0.899887 0.079669 -0.033845
84900 -9169.57855537 929.84532629 0.280581 5.9716 0.899887 0.079669 -0.005604
85000 -9170.10114858 933.99377266 0.281833 5.9644 0.900784 0.079620 -0.000232
85100 -9145.97447971 938.22804071 0.283110 5.9644 0.900784 0.079620 0.046939
85200 -9146.01177460 931.88026271 0.281195 5.9644 0.900784 0.079620 0.054964
85300 -9165.34021871 938.60251841 0.283223 5.9644 0.900784 0.079620 0.013539
85400 -9156.86370261 921.84049016 0.278166 5.9644 0.900784 0.079620 0.021263
85500 -9166.57324713 932.53709519 0.281393 5.9698 0.897918 0.080137 -0.002419
85600 -9162.67456782 918.12457172 0.277044 5.9698 0.897918 0.080137 0.001132
85700 -9163.64393611 912.73568454 0.275418 5.9698 0.897918 0.080137 -0.002286
85800 -9176.99762341 908.79055399 0.274228 5.9698 0.897918 0.080137 -0.015580
85900 -9176.20909620 881.93076613 0.266123 5.9698 0.897918 0.080137 -0.010882
86000 -9180.99962627 916.74729342 0.276629 5.9638 0.903367 0.080573 0.014688
86100 -9179.53380853 938.19215913 0.283100 5.9638 0.903367 0.080573 0.016415
86200 -9167.23686404 934.32640993 0.281933 5.9638 0.903367 0.080573 0.030276
86300 -9168.41661095 933.63414600 0.281724 5.9638 0.903367 0.080573 0.019821
86400 -9184.79940018 940.35261612 0.283752 5.9638 0.903367 0.080573 -0.008235
86500 -9151.17785114 939.19080339 0.283401 5.9698 0.897558 0.081343 0.053354
86600 -9183.64226353 952.34953406 0.287372 5.9698 0.897558 0.081343 -0.011809
86700 -9175.68604683 924.83374631 0.279069 5.9698 0.897558 0.081343 0.016189
86800 -9173.19298627 929.03354051 0.280336 5.9698 0.897558 0.081343 0.011193
86900 -9168.04844192 937.65804504 0.282938 5.9698 0.897558 0.081343 0.006605
87000 -9179.98250272 954.79414751 0.288109 5.9668 0.900325 0.080387 -0.035864
87100 -9169.07079627 918.66091214 0.277206 5.9668 0.900325 0.080387 -0.020408
87200 -9172.64233884 933.94120709 0.281817 5.9668 0.900325 0.080387 0.006392
87300 -9170.79239951 932.07814479 0.281255 5.9668 0.900325 0.080387 0.000087
87400 -9182.22210535 909.45377675 0.274428 5.9668 0.900325 0.080387 -0.023048
87500 -9131.39062089 909.10954641 0.274324 5.9656 0.896543 0.080807 0.089589
87600 -9161.94730147 938.33307998 0.283142 5.9656 0.896543 0.080807 0.013103
87700 -9176.87621516 944.72742511 0.285072 5.9656 0.896543 0.080807 -0.029530
87800 -9164.21319313 928.17267111 0.280076 5.9656 0.896543 0.080807 -0.007494
87900 -9159.85398007 929.46683950 0.280467 5.9656 0.896543 0.080807 0.007225
88000 -9137.88555120 910.66630824 0.274794 5.9662 0.895590 0.081835 0.056645
88100 -9150.75796805 946.36479542 0.285566 5.9662 0.895590 0.081835 0.028119
88200 -9171.13509859 941.94148173 0.284231 5.9662 0.895590 0.081835 -0.027777
88300 -9162.97582222 954.70606233 0.288083 5.9662 0.895590 0.081835 -0.002923
88400 -9157.83339402 940.94076486 0.283929 5.9662 0.895590 0.081835 0.004488
88500 -9153.99541949 914.91887929 0.276077 5.9602 0.896836 0.082216 0.027691
88600 -9179.81892726 917.16053763 0.276753 5.9602 0.896836 0.082216 -0.031558
88700 -9172.05478208 911.01978356 0.274900 5.9602 0.896836 0.082216 -0.016538
88800 -9177.81981839 909.29029536 0.274378 5.9602 0.896836 0.082216 -0.017632
88900 -9196.91964147 923.75784603 0.278744 5.9602 0.896836 0.082216 -0.036052
89000 -9196.83823354 917.14299180 0.276748 5.9572 0.902571 0.081527 -0.045289
89100 -9219.54254702 911.91286968 0.275170 5.9572 0.902571 0.081527 -0.066572
89200 -9182.05774041 903.42840866 0.272610 5.9572 0.902571 0.081527 0.031063
89300 -9177.05981981 906.20241792 0.273447 5.9572 0.902571 0.081527 0.032102
89400 -9171.02125855 923.06896231 0.278536 5.9572 0.902571 0.081527 0.030885
89500 -9163.58556205 901.65859299 0.272076 5.9674 0.898787 0.080649 0.028007
89600 -9170.53880633 931.75563802 0.281157 5.9674 0.898787 0.080649 0.010797
89700 -9177.49989749 930.86336852 0.280888 5.9674 0.898787 0.080649 -0.011400
89800 -9187.19046784 931.15657503 0.280977 5.9674 0.898787 0.080649 -0.025337
89900 -9180.31226423 919.40351073 0.277430 5.9674 0.898787 0.080649 -0.000557
90000 -9176.30817066 913.21347200 0.275562 5.9710 0.900658 0.079877 0.000053
90100 -9174.94894762 926.46277219 0.279560 5.9710 0.900658 0.079877 0.014661
90200 -9180.85855777 919.43517563 0.277440 5.9710 0.900658 0.079877 0.000781
90300 -9193.19895110 924.56892624 0.278989 5.9710 0.900658 0.079877 -0.034738
90400 -9165.04584648 926.62931032 0.279611 5.9710 0.900658 0.079877 0.023393
90500 -9167.48805670 931.77104534 0.281162 5.9674 0.901507 0.079657 0.017037
90600 -9160.01883068 923.06680341 0.278536 5.9674 0.901507 0.079657 0.030283
90700 -9187.47040082 929.84036461 0.280579 5.9674 0.901507 0.079657 -0.042621
90800 -9187.49093554 907.29241725 0.273776 5.9674 0.901507 0.079657 -0.031316
90900 -9187.74685592 911.59601050 0.275074 5.9674 0.901507 0.079657 -0.011425
91000 -9190.80745403 914.35894120 0.275908 5.9686 0.903498 0.080101 -0.002011
91100 -9206.35094829 922.12887013 0.278253 5.9686 0.903498 0.080101 -0.045111
91200 -9181.80735654 906.39798720 0.273506 5.9686 0.903498 0.080101 0.009088
91300 -9183.09380916 915.44587350 0.276236 5.9686 0.903498 0.080101 0.004327
91400 -9181.97653112 919.33446247 0.277409 5.9686 0.903498 0.080101 0.029151
91500 -9224.17736937 945.33933561 0.285256 5.9638 0.909491 0.078283 -0.069118
91600 -9175.80329801 910.26146389 0.274672 5.9638 0.909491 0.078283 0.042374
91700 -9172.62130372 910.89307286 0.274862 5.9638 0.909491 0.078283 0.040850
91800 -9163.98907483 909.37134861 0.274403 5.9638 0.909491 0.078283 0.059046
91900 -9151.33330257 928.24175622 0.280097 5.9638 0.909491 0.078283 0.046081
92000 -9206.05332610 941.47512935 0.284090 5.9662 0.902334 0.078918 -0.056148
92100 -9176.12441327 933.52151345 0.281690 5.9662 0.902334 0.078918 0.021859
92200 -9169.78370460 902.90740039 0.272452 5.9662 0.902334 0.078918 0.024797
92300 -9179.82130315 919.57093642 0.277481 5.9662 0.902334 0.078918 -0.009479
92400 -9200.50198007 938.09132161 0.283069 5.9662 0.902334 0.078918 -0.047608
92500 -9212.68648373 944.39843190 0.284972 5.9710 0.901217 0.078480 -0.057692
92600 -9187.40190640 905.04621017 0.273098 5.9710 0.901217 0.078480 0.004012
92700 -9191.93892702 910.52825112 0.274752 5.9710 0.901217 0.078480 0.008834
92800 -9225.79415055 914.48119883 0.275945 5.9710 0.901217 0.078480 -0.048264
92900 -9208.58298011 904.50039516 0.272933 5.9710 0.901217 0.078480 -0.007560
93000 -9214.07305241 897.68034797 0.270875 5.9662 0.906881 0.078502 -0.033943
93100 -9232.69719677 921.32333542 0.278009 5.9662 0.906881 0.078502 -0.059500
93200 -9207.40435439 925.77051959 0.279351 5.9662 0.906881 0.078502 0.017849
93300 -9199.08836952 919.67776453 0.277513 5.9662 0.906881 0.078502 -0.002635
93400 -9188.55410461 915.10158990 0.276132 5.9662 0.906881 0.078502 0.013705
93500 -9153.54425424 897.85874889 0.270929 5.9698 0.895595 0.082462 0.078872
93600 -9180.35620177 929.28442834 0.280412 5.9698 0.895595 0.082462 0.006756
93700 -9177.85059796 923.11186577 0.278549 5.9698 0.895595 0.082462 0.018058
93800 -9176.56992909 938.38667955 0.283158 5.9698 0.895595 0.082462 0.034440
93900 -9169.10361970 946.07399764 0.285478 5.9698 0.895595 0.082462 0.029168
94000 -9187.65761530 952.34998370 0.287372 5.9704 0.903014 0.078474 -0.033076
94100 -9168.09466487 939.99603551 0.283644 5.9704 0.903014 0.078474 -0.002001
94200 -9163.90576400 938.48911926 0.283189 5.9704 0.903014 0.078474 0.000607
94300 -9161.37280440 931.87162641 0.281192 5.9704 0.903014 0.078474 0.011129
94400 -9155.81025029 912.04919402 0.275211 5.9704 0.903014 0.078474 0.020409
94500 -9167.91097571 929.95280653 0.280613 5.9632 0.901664 0.080127 -0.002916
94600 -9178.65084661 943.06301235 0.284569 5.9632 0.901664 0.080127 0.005005
94700 -9176.49636897 939.62938015 0.283533 5.9632 0.901664 0.080127 -0.007381
94800 -9158.37260506 958.67800028 0.289281 5.9632 0.901664 0.080127 0.014965
94900 -9165.03086879 961.68159977 0.290188 5.9632 0.901664 0.080127 -0.004992
95000 -9167.47263202 934.87117675 0.282098 5.9644 0.900555 0.080384 -0.033595
95100 -9162.21171751 926.07226979 0.279442 5.9644 0.900555 0.080384 -0.009549
95200 -9167.41683462 976.55385723 0.294675 5.9644 0.900555 0.080384 -0.012304
95300 -9143.74886476 930.96884480 0.280920 5.9644 0.900555 0.080384 0.013109
95400 -9144.34297865 957.41782193 0.288901 5.9644 0.900555 0.080384 0.012242
95500 -9116.92707223 924.19693868 0.278877 5.9656 0.898334 0.080929 0.071109
95600 -9144.19839833 923.31430102 0.278610 5.9656 0.898334 0.080929 0.011711
95700 -9171.39759389 923.50852847 0.278669 5.9656 0.898334 0.080929 -0.036699
95800 -9148.99879931 930.64869965 0.280823 5.9656 0.898334 0.080929 0.030012
95900 -9179.52826291 937.38934418 0.282857 5.9656 0.898334 0.080929 -0.042498
96000 -9173.55152967 938.31838387 0.283138 5.9668 0.899150 0.079987 -0.015283
96100 -9144.64968172 923.54842187 0.278681 5.9668 0.899150 0.079987 0.037570
96200 -9164.31623741 929.28588656 0.280412 5.9668 0.899150 0.079987 0.020209
96300 -9162.33100524 951.74890806 0.287190 5.9668 0.899150 0.079987 0.009409
96400 -9149.56622514 935.67912659 0.282341 5.9668 0.899150 0.079987 0.009247
96500 -9146.61526513 923.31271156 0.278610 5.9692 0.897116 0.081494 0.032308
96600 -9191.29379364 920.95638621 0.277899 5.9692 0.897116 0.081494 -0.059019
96700 -9176.81554213 912.70695852 0.275409 5.9692 0.897116 0.081494 -0.006422
96800 -9161.61591990 937.70595611 0.282953 5.9692 0.897116 0.081494 0.011076
96900 -9162.33143569 951.20967110 0.287028 5.9692 0.897116 0.081494 0.014531
97000 -9160.04923307 926.26553940 0.279501 5.9686 0.899729 0.080516 -0.003370
97100 -9179.19935278 931.10270599 0.280960 5.9686 0.899729 0.080516 -0.034823
97200 -9167.19970544 934.05244510 0.281850 5.9686 0.899729 0.080516 -0.006412
97300 -9178.90943708 936.84427632 0.282693 5.9686 0.899729 0.080516 -0.012949
97400 -9201.94903157 946.48585271 0.285602 5.9686 0.899729 0.080516 -0.055709
97500 -9190.18532409 935.25704926 0.282214 5.9680 0.902541 0.078623 -0.026690
97600 -9180.56658392 929.35857523 0.280434 5.9680 0.902541 0.078623 -0.004763
97700 -9195.48453861 932.20628921 0.281293 5.9680 0.902541 0.078623 -0.011400
97800 -9172.64693339 912.14818160 0.275241 5.9680 0.902541 0.078623 0.028170
97900 -9185.39020827 931.88164834 0.281195 5.9680 0.902541 0.078623 -0.008775
98000 -9175.30234216 929.65865436 0.280525 5.9638 0.902961 0.080899 0.014715
98100 -9190.84057757 948.75013099 0.286285 5.9638 0.902961 0.080899 -0.038372
98200 -9201.76614468 939.74498380 0.283568 5.9638 0.902961 0.080899 -0.058677
98300 -9187.50857374 942.51619023 0.284404 5.9638 0.902961 0.080899 -0.009844
98400 -9180.05577200 935.16986951 0.282188 5.9638 0.902961 0.080899 -0.017631
98500 -9170.50779698 923.96639471 0.278807 5.9662 0.899119 0.079986 0.004802
98600 -9168.13816879 935.61742238 0.282323 5.9662 0.899119 0.079986 0.020775
98700 -9180.16090493 910.07194288 0.274614 5.9662 0.899119 0.079986 -0.009180
98800 -9181.67075289 900.82689191 0.271825 5.9662 0.899119 0.079986 -0.006811
98900 -9181.15153085 925.56910871 0.279291 5.9662 0.899119 0.079986 -0.004758
99000 -9194.42342743 946.87677899 0.285720 5.9644 0.903353 0.079421 -0.025427
99100 -9151.24463458 925.61603313 0.279305 5.9644 0.903353 0.079421 0.057864
99200 -9167.83687611 943.63818182 0.284743 5.9644 0.903353 0.079421 0.000257
99300 -9178.98973510 940.76331878 0.283875 5.9644 0.903353 0.079421 -0.031314
99400 -9165.27924318 930.70747840 0.280841 5.9644 0.903353 0.079421 0.018244
99500 -9169.52473252 935.26047919 0.282215 5.9596 0.900800 0.081221 0.007474
99600 -9172.62537622 931.13547543 0.280970 5.9596 0.900800 0.081221 0.002371
99700 -9187.99093523 934.26876848 0.281916 5.9596 0.900800 0.081221 -0.031389
99800 -9192.17346677 920.22445582 0.277678 5.9596 0.900800 0.081221 -0.054301
99900 -9179.05456735 934.75704354 0.282063 5.9596 0.900800 0.081221 0.011346
100000 -9177.60008569 933.29287830 0.281621 5.9644 0.900980 0.079858 -0.003410
100100 -9175.82720296 936.11454054 0.282473 5.9644 0.900980 0.079858 -0.005278
100200 -9172.72880071 924.99010071 0.279116 5.9644 0.900980 0.079858 -0.005173
100300 -9166.52900069 941.10602012 0.283979 5.9644 0.900980 0.079858 0.032472
100400 -9162.27661212 947.18606375 0.285814 5.9644 0.900980 0.079858 0.013088
100500 -9158.26168403 895.10160649 0.270097 5.9584 0.897821 0.082217 0.008848
100600 -9189.03654083 921.32310463 0.278009 5.9584 0.897821 0.082217 -0.039554
100700 -9179.73753605 888.27618542 0.268037 5.9584 0.897821 0.082217 -0.011527
100800 -9189.75018479 917.96742449 0.276997 5.9584 0.897821 0.082217 -0.019644
100900 -9174.56256665 931.19123570 0.280987 5.9584 0.897821 0.082217 0.032109
101000 -9206.54173653 943.08842282 0.284577 5.9716 0.904680 0.078807 -0.054158
101100 -9192.75624325 908.41576129 0.274115 5.9716 0.904680 0.078807 -0.019156
101200 -9193.97418933 912.46902285 0.275338 5.9716 0.904680 0.078807 0.000240
101300 -9226.78877130 935.36072741 0.282245 5.9716 0.904680 0.078807 -0.060140
101400 -9216.94725067 906.92048739 0.273663 5.9716 0.904680 0.078807 -0.042792
101500 -9206.99227424 905.03368427 0.273094 5.9656 0.905248 0.078775 0.007635
101600 -9198.47608775 905.13762789 0.273125 5.9656 0.905248 0.078775 0.013340
101700 -9201.17004789 930.60983632 0.280812 5.9656 0.905248 0.078775 -0.002592
101800 -9208.39362284 923.22501581 0.278583 5.9656 0.905248 0.078775 -0.017152
101900 -9194.10771634 907.96699962 0.273979 5.9656 0.905248 0.078775 0.025527
102000 -9197.41506020 939.34046071 0.283446 5.9644 0.902767 0.079589 0.006091
102100 -9206.26224656 932.56414819 0.281401 5.9644 0.902767 0.079589 0.000278
102200 -9178.79791583 935.80796607 0.282380 5.9644 0.902767 0.079589 0.034898
102300 -9169.26272153 944.04389710 0.284865 5.9644 0.902767 0.079589 0.049807
102400 -9163.47529283 942.09581579 0.284278 5.9644 0.902767 0.079589 0.024060
102500 -9175.94390378 950.32342910 0.286760 5.9626 0.899859 0.080366 -0.007563
102600 -9156.35003091 919.21281758 0.277373 5.9626 0.899859 0.080366 0.032697
102700 -9169.47659961 947.84894871 0.286014 5.9626 0.899859 0.080366 -0.005198
102800 -9163.24693625 937.94244586 0.283024 5.9626 0.899859 0.080366 0.010653
102900 -9164.93260387 920.45975880 0.277749 5.9626 0.899859 0.080366 -0.008632
103000 -9175.24353264 926.70109199 0.279632 5.9704 0.901604 0.079077 -0.020797
103100 -9180.36505400 915.35692997 0.276209 5.9704 0.901604 0.079077 -0.017992
103200 -9176.07256077 942.39090686 0.284367 5.9704 0.901604 0.079077 -0.002482
103300 -9161.90309724 916.54255691 0.276567 5.9704 0.901604 0.079077 0.031138
103400 -9172.71517663 934.37156440 0.281947 5.9704 0.901604 0.079077 0.016172
103500 -9182.63518006 935.41596280 0.282262 5.9668 0.901198 0.081033 -0.031871
103600 -9165.03552776 949.44733434 0.286496 5.9668 0.901198 0.081033 0.014850
103700 -9172.85122956 934.18658780 0.281891 5.9668 0.901198 0.081033 -0.006974
103800 -9176.33637804 944.81675961 0.285099 5.9668 0.901198 0.081033 -0.017682
103900 -9166.01092646 958.46426564 0.289217 5.9668 0.901198 0.081033 0.007158
104000 -9141.84680281 916.18139952 0.276458 5.9740 0.898506 0.080110 0.043826
104100 -9170.67320397 917.27484212 0.276788 5.9740 0.898506 0.080110 -0.025762
104200 -9164.73632493 911.02634320 0.274902 5.9740 0.898506 0.080110 0.015066
104300 -9185.20092141 951.29004863 0.287052 5.9740 0.898506 0.080110 -0.031963
104400 -9155.68429282 908.16574252 0.274039 5.9740 0.898506 0.080110 0.046552
104500 -9180.66359909 941.26070300 0.284026 5.9644 0.901927 0.079543 -0.009938
104600 -9186.69445328 925.22123678 0.279186 5.9644 0.901927 0.079543 -0.015469
104700 -9175.42700090 915.61636374 0.276287 5.9644 0.901927 0.079543 0.011162
104800 -9213.30511917 934.34070709 0.281937 5.9644 0.901927 0.079543 -0.077513
104900 -9205.01678639 912.12683250 0.275234 5.9644 0.901927 0.079543 -0.029107
105000 -9173.45108092 933.22314508 0.281600 5.9608 0.901882 0.081921 0.040734
105100 -9177.23135575 933.02052300 0.281539 5.9608 0.901882 0.081921 0.017211
105200 -9174.12588986 940.70060444 0.283857 5.9608 0.901882 0.081921 0.032959
105300 -9173.01679578 949.37531432 0.286474 5.9608 0.901882 0.081921 0.025385
105400 -9156.44252599 907.49632707 0.273837 5.9608 0.901882 0.081921 0.042900
105500 -9173.93517810 907.05228715 0.273703 5.9650 0.899783 0.080280 -0.004653
105600 -9190.65549230 941.84559803 0.284202 5.9650 0.899783 0.080280 -0.047200
105700 -9166.81439610 924.45658537 0.278955 5.9650 0.899783 0.080280 0.029087
105800 -9189.57808867 955.68083619 0.288377 5.9650 0.899783 0.080280 -0.035459
105900 -9183.14822249 931.59435821 0.281109 5.9650 0.899783 0.080280 -0.018064
106000 -9188.16476534 916.98906506 0.276702 5.9632 0.899793 0.079534 -0.021556
106100 -9192.56051823 924.88096739 0.279083 5.9632 0.899793 0.079534 -0.024769
106200 -9197.36192724 951.79409993 0.287204 5.9632 0.899793 0.079534 -0.031415
106300 -9159.26327288 929.24564032 0.280400 5.9632 0.899793 0.079534 0.050576
106400 -9203.80791447 961.78745165 0.290220 5.9632 0.899793 0.079534 -0.055487
106500 -9210.99843629 952.90838149 0.287540 5.9626 0.904632 0.079020 -0.062867
106600 -9155.70139169 952.37778921 0.287380 5.9626 0.904632 0.079020 0.054246
106700 -9162.92663161 948.87055634 0.286322 5.9626 0.904632 0.079020 0.004353
106800 -9141.19988811 924.36617374 0.278928 5.9626 0.904632 0.079020 0.038529
106900 -9150.88758381 928.18562020 0.280080 5.9626 0.904632 0.079020 0.025393
107000 -9171.42536505 927.43023564 0.279852 5.9656 0.902374 0.080463 -0.018586
107100 -9191.77694792 939.68278095 0.283549 5.9656 0.902374 0.080463 -0.041974
107200 -9177.85431399 933.25112581 0.281609 5.9656 0.902374 0.080463 -0.018057
107300 -9152.21668765 934.78555677 0.282072 5.9656 0.902374 0.080463 0.041333
107400 -9146.54987306 924.23346175 0.278888 5.9656 0.902374 0.080463 0.037560
107500 -9152.92074148 927.96263932 0.280013 5.9656 0.898288 0.081230 0.012259
107600 -9160.19022254 927.04842365 0.279737 5.9656 0.898288 0.081230 0.000750
107700 -9163.35888639 923.00831016 0.278518 5.9656 0.898288 0.081230 -0.016802
107800 -9169.42155156 931.94878702 0.281216 5.9656 0.898288 0.081230 -0.017821
107900 -9151.60689326 922.64993117 0.278410 5.9656 0.898288 0.081230 0.020660
108000 -9160.27724236 926.24080015 0.279493 5.9686 0.896486 0.081882 0.013591
108100 -9152.62583804 938.27870657 0.283126 5.9686 0.896486 0.081882 0.022850
108200 -9169.84450136 928.30704125 0.280117 5.9686 0.896486 0.081882 -0.023900
108300 -9163.31497561 934.71342231 0.282050 5.9686 0.896486 0.081882 -0.007338
108400 -9157.75639897 930.43699690 0.280760 5.9686 0.896486 0.081882 0.007853
108500 -9162.33968613 937.96346649 0.283031 5.9668 0.899994 0.081011 0.017772
108600 -9185.78975194 954.29626449 0.287959 5.9668 0.899994 0.081011 -0.047550
108700 -9177.20116923 927.30326396 0.279814 5.9668 0.899994 0.081011 -0.039034
108800 -9203.45312518 921.24903754 0.277987 5.9668 0.899994 0.081011 -0.086457
108900 -9177.27300045 915.08367490 0.276127 5.9668 0.899994 0.081011 -0.008910
109000 -9187.00550375 909.09008818 0.274318 5.9668 0.902740 0.079799 -0.016215
109100 -9165.51854344 927.36442984 0.279832 5.9668 0.902740 0.079799 0.035707
109200 -9177.80618624 929.75025850 0.280552 5.9668 0.902740 0.079799 -0.005923
109300 -9182.96385487 925.86070847 0.279379 5.9668 0.902740 0.079799 -0.000053
109400 -9204.88044767 949.04880402 0.286376 5.9668 0.902740 0.079799 -0.063147
109500 -9190.05481838 935.83747225 0.282389 5.9722 0.904511 0.079515 -0.027734
109600 -9173.51431393 919.68972513 0.277517 5.9722 0.904511 0.079515 0.019234
109700 -9182.28074197 904.33831921 0.272884 5.9722 0.904511 0.079515 -0.015392
109800 -9196.10795649 905.56145368 0.273253 5.9722 0.904511 0.079515 -0.036465
109900 -9199.56113780 899.34668484 0.271378 5.9722 0.904511 0.079515 -0.033252
110000 -9218.16722845 909.34820759 0.274396 5.9692 0.904895 0.077416 -0.043216
110100 -9194.07024040 893.84952580 0.269719 5.9692 0.904895 0.077416 0.029532
110200 -9207.47335686 901.22430132 0.271945 5.9692 0.904895 0.077416 -0.000325
110300 -9200.98708665 896.23605626 0.270439 5.9692 0.904895 0.077416 0.013884
110400 -9214.09306089 925.77648391 0.279353 5.9692 0.904895 0.077416 -0.017176
110500 -9198.95507233 901.56440254 0.272047 5.9698 0.900851 0.079316 0.010052
110600 -9190.95841920 906.58055206 0.273561 5.9698 0.900851 0.079316 0.032692
110700 -9187.95394916 911.44541913 0.275029 5.9698 0.900851 0.079316 0.034859
110800 -9191.96022531 917.63948077 0.276898 5.9698 0.900851 0.079316 0.011311
110900 -9212.38394999 929.70119285 0.280537 5.9698 0.900851 0.079316 -0.028088
111000 -9219.95059550 919.42485470 0.277437 5.9704 0.904080 0.077923 -0.045052
111100 -9200.00306438 904.93796829 0.273065 5.9704 0.904080 0.077923 0.008385
111200 -9179.97366739 923.09552805 0.278544 5.9704 0.904080 0.077923 0.060504
111300 -9191.11457178 945.78776789 0.285392 5.9704 0.904080 0.077923 0.022076
111400 -9180.60278689 909.94350216 0.274576 5.9704 0.904080 0.077923 0.032460
111500 -9203.56058223 932.86237930 0.281491 5.9668 0.902184 0.078809 -0.010173
111600 -9215.18933254 929.72896077 0.280546 5.9668 0.902184 0.078809 -0.056999
111700 -9200.08767784 906.53505510 0.273547 5.9668 0.902184 0.078809 -0.006449
111800 -9204.27545318 916.82036646 0.276651 5.9668 0.902184 0.078809 -0.012442
111900 -9196.79400617 919.62336492 0.277496 5.9668 0.902184 0.078809 0.000818
112000 -9197.59698469 908.49014764 0.274137 5.9716 0.901487 0.080665 -0.007029
112100 -9187.15649146 936.24467390 0.282512 5.9716 0.901487 0.080665 0.034895
112200 -9175.65703067 938.51069789 0.283196 5.9716 0.901487 0.080665 0.049697
112300 -9172.02735897 919.41811309 0.277435 5.9716 0.901487 0.080665 0.016554
112400 -9164.32905359 925.30936288 0.279212 5.9716 0.901487 0.080665 0.032338
112500 -9162.78387494 930.45995704 0.280766 5.9662 0.901588 0.081032 0.022302
112600 -9173.17779000 938.90920510 0.283316 5.9662 0.901588 0.081032 0.011852
112700 -9192.41161096 916.55950102 0.276572 5.9662 0.901588 0.081032 -0.035532
112800 -9157.45055182 912.10832836 0.275229 5.9662 0.901588 0.081032 0.066039
112900 -9193.11823513 942.85126182 0.284506 5.9662 0.901588 0.081032 -0.042743
113000 -9176.61937936 932.02716075 0.281239 5.9686 0.900303 0.080648 -0.003502
113100 -9168.62254887 944.15679173 0.284899 5.9686 0.900303 0.080648 0.008208
113200 -9197.78134384 915.15373379 0.276148 5.9686 0.900303 0.080648 -0.057218
113300 -9163.32217692 903.76868829 0.272712 5.9686 0.900303 0.080648 0.019888
113400 -9191.21719234 916.17156082 0.276455 5.9686 0.900303 0.080648 -0.011259
113500 -9203.00040688 933.13188841 0.281573 5.9638 0.904871 0.079864 -0.033187
113600 -9187.14898253 934.81441954 0.282080 5.9638 0.904871 0.079864 -0.005446
113700 -9204.30453883 937.29494179 0.282829 5.9638 0.904871 0.079864 -0.033574
113800 -9158.44238522 941.00289149 0.283948 5.9638 0.904871 0.079864 0.059751
113900 -9190.38442217 947.76742891 0.285989 5.9638 0.904871 0.079864 -0.030159
114000 -9151.54523987 921.29388099 0.278001 5.9692 0.901373 0.080733 0.040646
114100 -9176.03010524 925.33193774 0.279219 5.9692 0.901373 0.080733 -0.002999
114200 -9169.38410747 935.63043178 0.282327 5.9692 0.901373 0.080733 0.017226
114300 -9163.57353331 914.02989774 0.275809 5.9692 0.901373 0.080733 0.030054
114400 -9205.74479077 938.58776572 0.283219 5.9692 0.901373 0.080733 -0.055764
114500 -9192.21649563 943.62656223 0.284739 5.9734 0.902425 0.079726 -0.015080
114600 -9193.96735456 948.59435739 0.286238 5.9734 0.902425 0.079726 -0.024091
114700 -9187.59073050 940.59964719 0.283826 5.9734 0.902425 0.079726 -0.001280
114800 -9156.14866684 928.45995317 0.280163 5.9734 0.902425 0.079726 0.058665
114900 -9178.74847627 959.02275223 0.289385 5.9734 0.902425 0.079726 -0.002978
115000 -9188.34539724 945.05050642 0.285169 5.9650 0.902653 0.079763 -0.042975
115100 -9174.94309619 935.22188053 0.282203 5.9650 0.902653 0.079763 0.002804
115200 -9165.49747274 951.06166680 0.286983 5.9650 0.902653 0.079763 0.024756
115300 -9164.04143341 917.30490710 0.276797 5.9650 0.902653 0.079763 0.024076
115400 -9191.32152822 920.40145452 0.277731 5.9650 0.902653 0.079763 -0.063370
115500 -9175.28898783 912.56283345 0.275366 5.9698 0.900216 0.081525 0.006059
115600 -9166.55785238 936.22615482 0.282506 5.9698 0.900216 0.081525 0.031925
115700 -9182.99869407 948.32351455 0.286157 5.9698 0.900216 0.081525 -0.016102
115800 -9185.02409792 925.33585315 0.279220 5.9698 0.900216 0.081525 -0.025591
115900 -9157.46519978 924.96323571 0.279108 5.9698 0.900216 0.081525 0.034497
116000 -9196.80153159 957.25326956 0.288851 5.9656 0.904927 0.079748 -0.039956
116100 -9187.86296101 952.42171075 0.287393 5.9656 0.904927 0.079748 -0.039503
116200 -9180.14672535 957.91541269 0.289051 5.9656 0.904927 0.079748 0.003725
116300 -9163.60165243 926.60702666 0.279604 5.9656 0.904927 0.079748 0.023484
116400 -9176.19917078 942.49311548 0.284397 5.9656 0.904927 0.079748 -0.006301
116500 -9199.12865974 947.21085009 0.285821 5.9704 0.904141 0.078922 -0.051844
116600 -9185.87408010 929.55794459 0.280494 5.9704 0.904141 0.078922 -0.035972
116700 -9188.14389341 899.92509751 0.271553 5.9704 0.904141 0.078922 -0.042133
116800 -9199.62421403 901.24090970 0.271950 5.9704 0.904141 0.078922 -0.034623
116900 -9166.16532407 901.02041400 0.271883 5.9704 0.904141 0.078922 0.064355
117000 -9186.85720726 907.84716567 0.273943 5.9656 0.898959 0.080494 0.016001
117100 -9192.96991909 954.85061708 0.288126 5.9656 0.898959 0.080494 -0.000877
117200 -9164.97406336 929.25175134 0.280402 5.9656 0.898959 0.080494 0.041040
117300 -9170.99940738 947.69768385 0.285968 5.9656 0.898959 0.080494 0.035348
117400 -9194.06647260 931.57595878 0.281103 5.9656 0.898959 0.080494 -0.025566
117500 -9174.66913910 948.00615466 0.286061 5.9686 0.901197 0.079266 0.009450
117600 -9166.53432425 940.28620380 0.283732 5.9686 0.901197 0.079266 0.024824
117700 -9193.35590852 957.62338391 0.288963 5.9686 0.901197 0.079266 -0.040508
117800 -9186.42504924 936.12868101 0.282477 5.9686 0.901197 0.079266 -0.019970
117900 -9165.12336260 909.80652598 0.274534 5.9686 0.901197 0.079266 0.023814
118000 -9205.29274084 929.30343973 0.280417 5.9680 0.905560 0.078045 -0.044228
118100 -9214.26493660 937.46312385 0.282880 5.9680 0.905560 0.078045 -0.061973
118200 -9187.10375832 910.89430761 0.274862 5.9680 0.905560 0.078045 0.013778
118300 -9204.06260395 927.07915295 0.279746 5.9680 0.905560 0.078045 -0.031840
118400 -9195.25492694 937.62593891 0.282929 5.9680 0.905560 0.078045 0.009196
118500 -9190.21314503 913.30972622 0.275591 5.9680 0.904036 0.078936 0.001346
118600 -9178.45349589 904.08578994 0.272808 5.9680 0.904036 0.078936 0.021925
118700 -9193.78557109 936.47903572 0.282583 5.9680 0.904036 0.078936 -0.015247
118800 -9173.59452721 918.95415788 0.277295 5.9680 0.904036 0.078936 0.039323
118900 -9202.70147177 945.10255619 0.285185 5.9680 0.904036 0.078936 -0.027317
119000 -9184.47939035 922.18446436 0.278269 5.9722 0.900902 0.079758 0.001698
119100 -9184.46266167 921.39770666 0.278032 5.9722 0.900902 0.079758 0.001539
119200 -9192.92121080 932.42674725 0.281360 5.9722 0.900902 0.079758 -0.008723
119300 -9192.80953896 912.65581091 0.275394 5.9722 0.900902 0.079758 -0.003246
119400 -9205.23087208 916.41084489 0.276527 5.9722 0.900902 0.079758 -0.030965
119500 -9198.58196455 912.02559621 0.275204 5.9638 0.906384 0.077652 -0.016690
119600 -9192.06304607 933.75200541 0.281760 5.9638 0.906384 0.077652 0.005365
119700 -9184.03352988 940.71045118 0.283860 5.9638 0.906384 0.077652 0.019816
119800 -9170.45400968 958.17779125 0.289130 5.9638 0.906384 0.077652 0.033079
119900 -9154.67811275 945.02494618 0.285161 5.9638 0.906384 0.077652 0.055046
120000 -9163.54988090 927.81976383 0.279970 5.9644 0.901013 0.080614 0.027400
120100 -9198.39794622 928.06762442 0.280045 5.9644 0.901013 0.080614 -0.042122
120200 -9167.56268960 914.09610343 0.275829 5.9644 0.901013 0.080614 0.031399
120300 -9199.02067461 907.90257335 0.273960 5.9644 0.901013 0.080614 -0.039255
120400 -9220.30295736 912.71230923 0.275411 5.9644 0.901013 0.080614 -0.065152
120500 -9198.58790814 919.12023985 0.277345 5.9704 0.902728 0.078692 -0.018988
120600 -9186.93321783 915.56132125 0.276271 5.9704 0.902728 0.078692 0.033651
120700 -9173.63297496 926.34704990 0.279525 5.9704 0.902728 0.078692 0.054680
120800 -9181.52961659 929.55153179 0.280492 5.9704 0.902728 0.078692 0.009298
120900 -9192.82548093 958.60878625 0.289260 5.9704 0.902728 0.078692 -0.000347
121000 -9171.96413609 922.15382488 0.278260 5.9698 0.900895 0.079679 0.013855
121100 -9187.71545558 935.35130030 0.282242 5.9698 0.900895 0.079679 -0.029007
121200 -9164.05633008 920.48116352 0.277755 5.9698 0.900895 0.079679 0.015017
121300 -9173.94943827 934.41671635 0.281960 5.9698 0.900895 0.079679 0.022518
121400 -9169.24105224 928.08327301 0.280049 5.9698 0.900895 0.079679 0.030724
121500 -9173.60338995 927.56596249 0.279893 5.9716 0.901955 0.077560 -0.000190
121600 -9199.05475416 938.41641185 0.283167 5.9716 0.901955 0.077560 -0.053543
121700 -9180.67619918 923.88733965 0.278783 5.9716 0.901955 0.077560 -0.002891
121800 -9190.72553529 928.10414200 0.280056 5.9716 0.901955 0.077560 -0.025287
121900 -9201.37624998 917.28712988 0.276792 5.9716 0.901955 0.077560 -0.048091
122000 -9205.75318892 922.17849981 0.278268 5.9650 0.904239 0.079607 -0.047316
122100 -9201.46015044 902.34921320 0.272284 5.9650 0.904239 0.079607 -0.029669
122200 -9209.59654144 924.28584582 0.278903 5.9650 0.904239 0.079607 -0.029817
122300 -9203.91604155 933.57202901 0.281706 5.9650 0.904239 0.079607 -0.026342
122400 -9157.25573568 925.04575275 0.279133 5.9650 0.904239 0.079607 0.091340
122500 -9184.37494067 918.46584829 0.277147 5.9662 0.901456 0.079973 0.010016
122600 -9200.97255301 917.38106687 0.276820 5.9662 0.901456 0.079973 -0.038230
122700 -9185.55234715 914.34658110 0.275904 5.9662 0.901456 0.079973 0.031592
122800 -9189.49575068 917.36254695 0.276814 5.9662 0.901456 0.079973 -0.008646
122900 -9202.60897745 929.08943486 0.280353 5.9662 0.901456 0.079973 -0.024108
123000 -9213.23483848 927.68873909 0.279930 5.9614 0.905457 0.078818 -0.047614
123100 -9189.73309958 920.07142631 0.277632 5.9614 0.905457 0.078818 0.001730
123200 -9186.37093762 918.36178406 0.277116 5.9614 0.905457 0.078818 0.006488
123300 -9173.69533694 915.36379104 0.276211 5.9614 0.905457 0.078818 0.027494
123400 -9183.31792909 905.43677681 0.273216 5.9614 0.905457 0.078818 -0.001290
123500 -9163.96727534 910.41719090 0.274719 5.9674 0.895215 0.081694 0.041283
123600 -9175.32213342 928.13218089 0.280064 5.9674 0.895215 0.081694 0.022892
123700 -9185.86204252 916.41581767 0.276529 5.9674 0.895215 0.081694 -0.001036
123800 -9187.03252578 932.58385664 0.281407 5.9674 0.895215 0.081694 -0.009738
123900 -9183.85708021 938.60608215 0.283225 5.9674 0.895215 0.081694 0.026088
124000 -9188.79657138 949.58877382 0.286539 5.9620 0.903208 0.079503 -0.011868
124100 -9200.01184166 931.84920615 0.281186 5.9620 0.903208 0.079503 -0.038870
124200 -9170.79769606 900.17846215 0.271629 5.9620 0.903208 0.079503 0.027056
124300 -9173.82656791 906.88095312 0.273651 5.9620 0.903208 0.079503 0.011271
124400 -9188.15065059 925.69854242 0.279330 5.9620 0.903208 0.079503 -0.006071
124500 -9190.87121382 950.30790883 0.286756 5.9632 0.902521 0.079564 -0.011361
124600 -9173.74721016 925.91753918 0.279396 5.9632 0.902521 0.079564 0.000577
124700 -9199.32374440 909.50890019 0.274444 5.9632 0.902521 0.079564 -0.058605
124800 -9199.54978105 923.98770927 0.278813 5.9632 0.902521 0.079564 -0.037462
124900 -9215.65666040 935.31929955 0.282233 5.9632 0.902521 0.079564 -0.037566
125000 -9199.65358661 915.21559158 0.276166 5.9686 0.902123 0.080142 -0.016070
125100 -9213.51420124 903.65308429 0.272677 5.9686 0.902123 0.080142 -0.047149
125200 -9170.71269305 928.99840810 0.280325 5.9686 0.902123 0.080142 0.055620
125300 -9198.03619102 950.07815838 0.286686 5.9686 0.902123 0.080142 -0.007873
125400 -9195.30471849 934.04096582 0.281847 5.9686 0.902123 0.080142 -0.009877
125500 -9186.10327211 926.00547584 0.279422 5.9728 0.902117 0.078851 0.005464
125600 -9179.73521573 907.80136734 0.273929 5.9728 0.902117 0.078851 0.037885
125700 -9184.40256590 924.00755688 0.278819 5.9728 0.902117 0.078851 0.028846
125800 -9173.37745826 901.01063594 0.271880 5.9728 0.902117 0.078851 0.046354
125900 -9214.66333833 930.97344314 0.280921 5.9728 0.902117 0.078851 -0.041428
126000 -9216.06038552 931.65749540 0.281128 5.9692 0.902979 0.078049 -0.032139
126100 -9213.82066705 922.65917531 0.278413 5.9692 0.902979 0.078049 -0.021379
126200 -9208.89816920 914.02893854 0.275808 5.9692 0.902979 0.078049 -0.004099
126300 -9210.59706898 911.43001696 0.275024 5.9692 0.902979 0.078049 -0.010468
126400 -9214.83952722 910.04683284 0.274607 5.9692 0.902979 0.078049 -0.036737
126500 -9203.90773632 919.10733663 0.277341 5.9674 0.904242 0.079156 0.005584
126600 -9224.37358984 937.96700218 0.283032 5.9674 0.904242 0.079156 -0.039150
126700 -9213.75947381 921.34810302 0.278017 5.9674 0.904242 0.079156 -0.010517
126800 -9213.57643783 938.93970650 0.283325 5.9674 0.904242 0.079156 -0.003475
126900 -9207.47012294 919.89631564 0.277579 5.9674 0.904242 0.079156 -0.007776
127000 -9200.61037115 911.96661100 0.275186 5.9710 0.902218 0.077960 -0.000582
127100 -9203.21238458 930.99860462 0.280929 5.9710 0.902218 0.077960 0.006546
127200 -9190.49149932 914.45129142 0.275936 5.9710 0.902218 0.077960 0.042384
127300 -9180.67652140 926.06179645 0.279439 5.9710 0.902218 0.077960 0.043927
127400 -9189.39828860 962.59886248 0.290464 5.9710 0.902218 0.077960 0.025032
127500 -9190.22180508 961.67111315 0.290184 5.9614 0.901167 0.080378 0.003879
127600 -9167.03500705 957.65072905 0.288971 5.9614 0.901167 0.080378 0.029694
127700 -9158.53512040 906.68974652 0.273594 5.9614 0.901167 0.080378 0.036676
127800 -9177.07010522 922.83568310 0.278466 5.9614 0.901167 0.080378 0.003733
127900 -9186.95703541 925.08490484 0.279145 5.9614 0.901167 0.080378 -0.012391
128000 -9172.81227500 917.00680008 0.276707 5.9740 0.898882 0.079237 -0.008435
128100 -9178.33871459 927.33162261 0.279822 5.9740 0.898882 0.079237 -0.000532
128200 -9201.64725538 915.40399261 0.276223 5.9740 0.898882 0.079237 -0.070147
128300 -9195.08143278 952.81036075 0.287511 5.9740 0.898882 0.079237 -0.015085
128400 -9164.29146183 938.50865563 0.283195 5.9740 0.898882 0.079237 0.036848
128500 -9185.33798590 950.54756495 0.286828 5.9710 0.902953 0.079242 -0.017043
128600 -9188.15856115 935.33256374 0.282237 5.9710 0.902953 0.079242 -0.026117
128700 -9184.63295088 928.76888790 0.280256 5.9710 0.902953 0.079242 -0.028219
128800 -9184.77733751 917.92775551 0.276985 5.9710 0.902953 0.079242 -0.026786
128900 -9200.24634470 914.81408805 0.276045 5.9710 0.902953 0.079242 -0.037661
129000 -9181.34047244 913.99695029 0.275799 5.9674 0.898887 0.081698 -0.007341
129100 -9177.61152649 932.32855410 0.281330 5.9674 0.898887 0.081698 0.018798
129200 -9184.93024449 940.74504247 0.283870 5.9674 0.898887 0.081698 -0.014140
129300 -9178.43501992 939.56173307 0.283513 5.9674 0.898887 0.081698 0.011957
129400 -9172.86806996 941.68494425 0.284154 5.9674 0.898887 0.081698 0.017651
129500 -9172.02325659 938.14501129 0.283085 5.9650 0.898220 0.081871 0.012858
129600 -9178.64335786 932.43023208 0.281361 5.9650 0.898220 0.081871 0.007595
129700 -9171.40796348 927.23096777 0.279792 5.9650 0.898220 0.081871 0.015165
129800 -9184.57330226 942.29505009 0.284338 5.9650 0.898220 0.081871 -0.011773
129900 -9153.70980077 927.54838591 0.279888 5.9650 0.898220 0.081871 0.043788
130000 -9153.29915244 905.90936366 0.273358 5.9668 0.896694 0.080301 0.032305
130100 -9163.55335904 934.31948805 0.281931 5.9668 0.896694 0.080301 0.006434
130200 -9177.05129348 924.00912683 0.278820 5.9668 0.896694 0.080301 -0.011884
130300 -9175.21983203 912.61889793 0.275383 5.9668 0.896694 0.080301 -0.016892
130400 -9182.82626434 939.10457016 0.283375 5.9668 0.896694 0.080301 -0.036116
130500 -9168.34451725 905.32710776 0.273183 5.9674 0.900158 0.081240 0.023500
130600 -9187.07480176 911.35993002 0.275003 5.9674 0.900158 0.081240 -0.007427
130700 -9197.69728449 944.12018909 0.284888 5.9674 0.900158 0.081240 -0.017518
130800 -9187.76422348 935.30515932 0.282228 5.9674 0.900158 0.081240 -0.017513
130900 -9169.78849999 926.56315855 0.279591 5.9674 0.900158 0.081240 0.015463
131000 -9182.17757988 939.86754496 0.283605 5.9614 0.901776 0.080892 0.005962
131100 -9177.84194214 959.73731446 0.289601 5.9614 0.901776 0.080892 -0.023774
131200 -9188.46427249 928.46639275 0.280165 5.9614 0.901776 0.080892 -0.036522
131300 -9204.41229758 941.09607861 0.283976 5.9614 0.901776 0.080892 -0.074321
131400 -9181.25910123 926.01521367 0.279425 5.9614 0.901776 0.080892 0.000731
131500 -9185.15750820 946.03496714 0.285466 5.9734 0.900883 0.078932 -0.021530
131600 -9190.78549376 963.81200515 0.290830 5.9734 0.900883 0.078932 -0.032677
131700 -9152.42277995 919.84429360 0.277563 5.9734 0.900883 0.078932 0.056634
131800 -9185.17040585 951.50718145 0.287117 5.9734 0.900883 0.078932 -0.034615
131900 -9166.35673738 919.11760767 0.277344 5.9734 0.900883 0.078932 0.005913
132000 -9189.61047327 935.30348122 0.282228 5.9722 0.902026 0.078896 -0.039543
132100 -9173.42868612 947.27250596 0.285840 5.9722 0.902026 0.078896 0.006748
132200 -9182.15345328 975.28043086 0.294291 5.9722 0.902026 0.078896 -0.011522
132300 -9180.20471246 957.72986625 0.288995 5.9722 0.902026 0.078896 -0.024651
132400 -9161.75045448 936.67247614 0.282641 5.9722 0.902026 0.078896 0.014868
132500 -9175.96763860 957.82032529 0.289022 5.9686 0.904049 0.079186 -0.020828
132600 -9172.28253296 923.54396431 0.278680 5.9686 0.904049 0.079186 -0.009683
132700 -9150.64209003 953.03731814 0.287579 5.9686 0.904049 0.079186 0.035652
132800 -9150.07239270 947.06320726 0.285776 5.9686 0.904049 0.079186 0.004809
132900 -9158.17040635 955.10173772 0.288202 5.9686 0.904049 0.079186 -0.003956
133000 -9163.14292180 956.34663594 0.288578 5.9662 0.902104 0.080948 -0.029596
133100 -9155.83094723 931.24501724 0.281003 5.9662 0.902104 0.080948 -0.007503
133200 -9168.12830959 938.04487231 0.283055 5.9662 0.902104 0.080948 -0.030694
133300 -9198.62243029 938.73526403 0.283264 5.9662 0.902104 0.080948 -0.076206
133400 -9188.29277842 928.36984078 0.280136 5.9662 0.902104 0.080948 -0.048080
133500 -9187.83773353 924.45444918 0.278954 5.9608 0.902553 0.080504 -0.044031
133600 -9172.87439089 917.46729954 0.276846 5.9608 0.902553 0.080504 0.009883
133700 -9169.16959981 919.22383033 0.277376 5.9608 0.902553 0.080504 0.022867
133800 -9174.76480691 924.84282819 0.279071 5.9608 0.902553 0.080504 0.014017
133900 -9187.94658453 926.87265567 0.279684 5.9608 0.902553 0.080504 -0.012845
134000 -9171.58777141 948.07899952 0.286083 5.9698 0.900675 0.080499 0.019371
134100 -9183.02239275 928.01698974 0.280029 5.9698 0.900675 0.080499 -0.008377
134200 -9182.26570458 925.51123534 0.279273 5.9698 0.900675 0.080499 0.007578
134300 -9163.59433458 927.16793036 0.279773 5.9698 0.900675 0.080499 0.029192
134400 -9171.51149163 918.09370526 0.277035 5.9698 0.900675 0.080499 0.008806
134500 -9189.71915176 944.95572195 0.285141 5.9674 0.904674 0.078827 -0.026663
134600 -9152.62665350 917.41218073 0.276829 5.9674 0.904674 0.078827 0.069047
134700 -9188.49247793 927.30846303 0.279815 5.9674 0.904674 0.078827 -0.030049
134800 -9179.59728056 925.47315932 0.279262 5.9674 0.904674 0.078827 -0.001236
134900 -9169.40811101 936.88633263 0.282706 5.9674 0.904674 0.078827 0.012465
135000 -9175.01741597 940.58218345 0.283821 5.9698 0.901222 0.079852 -0.001093
135100 -9166.68707323 922.13123175 0.278253 5.9698 0.901222 0.079852 0.010446
135200 -9176.45997583 930.29142304 0.280716 5.9698 0.901222 0.079852 0.007883
135300 -9168.73711575 916.07000180 0.276424 5.9698 0.901222 0.079852 0.015823
135400 -9186.54280325 951.29663973 0.287054 5.9698 0.901222 0.079852 -0.016947
135500 -9168.03981556 897.44605914 0.270804 5.9626 0.900220 0.080586 0.018234
135600 -9184.68997183 904.90593937 0.273056 5.9626 0.900220 0.080586 -0.020626
135700 -9191.70494978 925.78116192 0.279355 5.9626 0.900220 0.080586 -0.006977
135800 -9182.08382217 922.86546005 0.278475 5.9626 0.900220 0.080586 0.012899
135900 -9181.93671770 931.49340659 0.281078 5.9626 0.900220 0.080586 0.000918
136000 -9169.42712688 913.71015393 0.275712 5.9565 0.905052 0.081232 0.041085
136100 -9183.49872041 901.19192550 0.271935 5.9565 0.905052 0.081232 -0.014081
136200 -9216.85363592 911.25038729 0.274970 5.9565 0.905052 0.081232 -0.069908
136300 -9199.56965141 907.58502986 0.273864 5.9565 0.905052 0.081232 -0.015324
136400 -9188.24989071 915.05380565 0.276118 5.9565 0.905052 0.081232 0.034800
136500 -9189.84211421 933.41128524 0.281657 5.9590 0.906579 0.079705 0.044448
136600 -9157.58029138 948.01227805 0.286063 5.9590 0.906579 0.079705 0.082800
136700 -9174.16940705 950.97216902 0.286956 5.9590 0.906579 0.079705 0.026699
136800 -9145.92240127 916.08286376 0.276428 5.9590 0.906579 0.079705 0.077787
136900 -9144.18241859 927.36538852 0.279833 5.9590 0.906579 0.079705 0.065764
137000 -9167.62279031 922.71563368 0.278430 5.9626 0.899429 0.080106 -0.005648
137100 -9159.57883434 933.37551249 0.281646 5.9626 0.899429 0.080106 0.014777
137200 -9174.87717512 944.78451061 0.285089 5.9626 0.899429 0.080106 -0.032264
137300 -9170.26047115 928.35765047 0.280132 5.9626 0.899429 0.080106 -0.013351
137400 -9165.46816598 944.71983924 0.285069 5.9626 0.899429 0.080106 -0.011151
137500 -9168.19988268 911.82250274 0.275143 5.9656 0.898943 0.080097 -0.020920
137600 -9198.75093763 936.92941746 0.282719 5.9656 0.898943 0.080097 -0.055842
137700 -9187.32413580 915.71135878 0.276316 5.9656 0.898943 0.080097 -0.032085
137800 -9184.42023745 932.93280244 0.281513 5.9656 0.898943 0.080097 -0.015024
137900 -9164.39458510 913.95969344 0.275787 5.9656 0.898943 0.080097 0.022301
138000 -9164.39257539 909.31242962 0.274385 5.9771 0.899434 0.078574 0.034972
138100 -9188.09920307 912.07777728 0.275220 5.9771 0.899434 0.078574 -0.001911
138200 -9189.56825816 906.45656047 0.273523 5.9771 0.899434 0.078574 -0.006198
138300 -9172.36929462 906.44371707 0.273520 5.9771 0.899434 0.078574 0.034458
138400 -9207.42296679 932.18500202 0.281287 5.9771 0.899434 0.078574 -0.028010
138500 -9182.69512023 921.03379738 0.277922 5.9608 0.900918 0.080767 0.022883
138600 -9180.50314502 912.82231897 0.275444 5.9608 0.900918 0.080767 0.018005
138700 -9189.86706531 918.37728253 0.277120 5.9608 0.900918 0.080767 0.000314
138800 -9178.73054069 944.31546057 0.284947 5.9608 0.900918 0.080767 0.024679
138900 -9161.63775009 917.84555238 0.276960 5.9608 0.900918 0.080767 0.050368
139000 -9160.07238093 917.10079462 0.276735 5.9626 0.896505 0.081244 0.044611
139100 -9170.11655829 912.27101845 0.275278 5.9626 0.896505 0.081244 0.003990
139200 -9164.58970968 909.47848372 0.274435 5.9626 0.896505 0.081244 0.023427
139300 -9161.45663503 922.25972282 0.278292 5.9626 0.896505 0.081244 0.030420
139400 -9149.97240021 918.79987062 0.277248 5.9626 0.896505 0.081244 0.060465
139500 -9169.72036335 935.16916442 0.282187 5.9608 0.901511 0.079665 0.000170
139600 -9171.40403624 941.23165535 0.284017 5.9608 0.901511 0.079665 -0.006009
139700 -9176.34048587 927.53120613 0.279883 5.9608 0.901511 0.079665 -0.014162
139800 -9158.46102054 902.99467697 0.272479 5.9608 0.901511 0.079665 0.008954
139900 -9152.00491306 905.72163127 0.273302 5.9608 0.901511 0.079665 0.031213
140000 -9188.78822044 932.74036807 0.281455 5.9626 0.902024 0.079953 -0.044928
140100 -9159.53299167 924.49569678 0.278967 5.9626 0.902024 0.079953 0.012836
140200 -9145.56505257 927.38405238 0.279838 5.9626 0.902024 0.079953 0.040398
140300 -9151.45530782 941.55333925 0.284114 5.9626 0.902024 0.079953 0.028259
140400 -9158.26124515 928.64831772 0.280220 5.9626 0.902024 0.079953 0.018713
140500 -9127.52337351 922.52608709 0.278372 5.9590 0.897642 0.082761 0.062749
140600 -9160.26646824 937.56854709 0.282911 5.9590 0.897642 0.082761 -0.013586
140700 -9178.73597997 934.76404241 0.282065 5.9590 0.897642 0.082761 -0.040917
140800 -9152.64721078 907.78885106 0.273925 5.9590 0.897642 0.082761 -0.000645
140900 -9165.64910881 936.10815719 0.282471 5.9590 0.897642 0.082761 -0.025398
141000 -9178.67377232 949.66451684 0.286561 5.9668 0.899689 0.080611 -0.055693
141100 -9173.66173094 934.46745905 0.281976 5.9668 0.899689 0.080611 -0.040810
141200 -9136.47553460 931.52313706 0.281087 5.9668 0.899689 0.080611 0.060202
141300 -9170.47716948 931.30866542 0.281023 5.9668 0.899689 0.080611 -0.017810
141400 -9191.79302398 926.35585769 0.279528 5.9668 0.899689 0.080611 -0.057327
141500 -9163.73847265 907.36457899 0.273797 5.9680 0.902434 0.079792 0.001286
141600 -9178.74604077 928.57111513 0.280196 5.9680 0.902434 0.079792 -0.016966
141700 -9193.50023927 917.64574184 0.276900 5.9680 0.902434 0.079792 -0.038188
141800 -9194.94423435 909.92923081 0.274571 5.9680 0.902434 0.079792 -0.042001
141900 -9184.04468156 893.41773743 0.269589 5.9680 0.902434 0.079792 -0.008455
142000 -9200.04215168 914.16439370 0.275849 5.9656 0.904708 0.079814 -0.025857
142100 -9208.32736447 939.57574950 0.283517 5.9656 0.904708 0.079814 -0.036504
142200 -9199.69924735 939.41221632 0.283468 5.9656 0.904708 0.079814 -0.026154
142300 -9190.25068662 946.36635107 0.285566 5.9656 0.904708 0.079814 0.002148
142400 -9181.03098592 905.06716657 0.273104 5.9656 0.904708 0.079814 0.004118
142500 -9198.24189042 914.15022949 0.275845 5.9650 0.905139 0.079574 -0.023182
142600 -9186.84577611 927.69043629 0.279931 5.9650 0.905139 0.079574 0.022838
142700 -9176.62748849 923.20257839 0.278577 5.9650 0.905139 0.079574 0.030658
142800 -9190.04930639 905.82515871 0.273333 5.9650 0.905139 0.079574 -0.010213
142900 -9177.79627943 922.49593865 0.278363 5.9650 0.905139 0.079574 0.013632
143000 -9177.37509681 906.73428100 0.273607 5.9656 0.902541 0.079536 0.008098
143100 -9204.17320093 911.13137429 0.274934 5.9656 0.902541 0.079536 -0.047198
143200 -9193.51258301 903.81490394 0.272726 5.9656 0.902541 0.079536 -0.022712
143300 -9217.09425949 898.23810841 0.271043 5.9656 0.902541 0.079536 -0.046446
143400 -9193.31948555 932.87442769 0.281495 5.9656 0.902541 0.079536 0.036942
143500 -9187.45610734 937.71333479 0.282955 5.9674 0.905535 0.078450 0.027351
143600 -9163.65465258 937.45390031 0.282877 5.9674 0.905535 0.078450 0.075815
143700 -9185.02826604 928.18100147 0.280079 5.9674 0.905535 0.078450 0.005143
143800 -9167.94778974 935.85415898 0.282394 5.9674 0.905535 0.078450 0.033187
143900 -9190.74908115 945.81443982 0.285400 5.9674 0.905535 0.078450 -0.048362
144000 -9167.94910285 931.03250606 0.280939 5.9680 0.898192 0.081085 0.023084
144100 -9164.63536477 930.27964584 0.280712 5.9680 0.898192 0.081085 0.034236
144200 -9150.60618505 933.46673432 0.281674 5.9680 0.898192 0.081085 0.041652
144300 -9123.71787883 912.16008544 0.275244 5.9680 0.898192 0.081085 0.088100
144400 -9169.88952213 938.95779825 0.283331 5.9680 0.898192 0.081085 -0.023114
144500 -9180.55963922 934.02267784 0.281841 5.9644 0.902586 0.080096 -0.035616
144600 -9172.00675411 926.89878274 0.279692 5.9644 0.902586 0.080096 -0.018212
144700 -9144.63874287 927.43834383 0.279855 5.9644 0.902586 0.080096 0.041529
144800 -9185.20922819 949.46259068 0.286500 5.9644 0.902586 0.080096 -0.048070
144900 -9162.46671597 946.55165577 0.285622 5.9644 0.902586 0.080096 -0.014159
145000 -9177.87517479 943.69197489 0.284759 5.9662 0.898738 0.081514 -0.035043
145100 -9162.66180165 947.56953341 0.285929 5.9662 0.898738 0.081514 -0.010545
145200 -9140.97894354 914.79416746 0.276039 5.9662 0.898738 0.081514 0.055906
145300 -9165.55888114 918.69036317 0.277215 5.9662 0.898738 0.081514 0.004560
145400 -9176.88054466 899.71881478 0.271490 5.9662 0.898738 0.081514 -0.030884
145500 -9183.52509306 908.31696777 0.274085 5.9680 0.901254 0.079271 -0.027061
145600 -9197.30945451 933.72172465 0.281751 5.9680 0.901254 0.079271 -0.025610
145700 -9182.28968071 938.37347329 0.283154 5.9680 0.901254 0.079271 0.009349
145800 -9165.71269545 937.88853593 0.283008 5.9680 0.901254 0.079271 0.032537
145900 -9161.68561530 940.67179589 0.283848 5.9680 0.901254 0.079271 0.020658
146000 -9175.33213516 932.29987498 0.281322 5.9608 0.901437 0.079165 -0.010885
146100 -9163.02738272 942.66806700 0.284450 5.9608 0.901437 0.079165 0.023349
146200 -9167.05955803 950.05920012 0.286681 5.9608 0.901437 0.079165 -0.012163
146300 -9165.67432049 938.60176174 0.283223 5.9608 0.901437 0.079165 -0.016546
146400 -9155.19309140 924.12822769 0.278856 5.9608 0.901437 0.079165 -0.000929
146500 -9165.15789549 930.52472181 0.280786 5.9680 0.897918 0.080564 -0.040451
146600 -9168.41523553 910.28567252 0.274679 5.9680 0.897918 0.080564 -0.024627
146700 -9178.07501534 910.50744752 0.274746 5.9680 0.897918 0.080564 -0.027165
146800 -9163.43759211 914.60111968 0.275981 5.9680 0.897918 0.080564 0.004894
146900 -9164.60333900 932.80541071 0.281474 5.9680 0.897918 0.080564 -0.001352
147000 -9165.61983781 917.68877661 0.276913 5.9632 0.900038 0.082130 0.001994
147100 -9153.98547498 937.38568391 0.282856 5.9632 0.900038 0.082130 0.035562
147200 -9173.15153175 934.33649849 0.281936 5.9632 0.900038 0.082130 -0.013150
147300 -9173.51869396 940.10444019 0.283677 5.9632 0.900038 0.082130 -0.014146
147400 -9171.82978100 937.50302857 0.282892 5.9632 0.900038 0.082130 -0.014564
147500 -9165.28189163 934.23663668 0.281906 5.9710 0.901820 0.080101 0.010276
147600 -9166.64752782 927.90770099 0.279996 5.9710 0.901820 0.080101 0.006466
147700 -9159.14987800 920.92238915 0.277888 5.9710 0.901820 0.080101 0.008601
147800 -9152.37827590 930.13080137 0.280667 5.9710 0.901820 0.080101 0.044940
147900 -9146.19974744 957.51970396 0.288932 5.9710 0.901820 0.080101 0.037467
148000 -9144.81318737 949.74312280 0.286585 5.9644 0.899042 0.081985 0.027316
148100 -9152.55782075 936.29499725 0.282527 5.9644 0.899042 0.081985 0.004507
148200 -9157.96715786 953.16051639 0.287616 5.9644 0.899042 0.081985 0.000731
148300 -9162.55813582 930.92751306 0.280908 5.9644 0.899042 0.081985 -0.036988
148400 -9166.58055019 910.38429579 0.274709 5.9644 0.899042 0.081985 -0.009853
148500 -9174.87791528 939.36489206 0.283453 5.9602 0.900800 0.080925 -0.016384
148600 -9157.48927812 945.75397514 0.285381 5.9602 0.900800 0.080925 0.016609
148700 -9161.74047308 956.88272849 0.288740 5.9602 0.900800 0.080925 -0.004081
148800 -9142.86785179 916.28892760 0.276490 5.9602 0.900800 0.080925 0.007121
148900 -9162.46844265 931.52331846 0.281087 5.9602 0.900800 0.080925 -0.022938
149000 -9177.49897591 934.29351626 0.281923 5.9674 0.899599 0.082558 -0.046177
149100 -9180.07171589 925.60879551 0.279303 5.9674 0.899599 0.082558 -0.040896
149200 -9189.43425477 909.40525482 0.274413 5.9674 0.899599 0.082558 -0.036330
149300 -9206.70894850 936.76977016 0.282670 5.9674 0.899599 0.082558 -0.059286
149400 -9185.63779315 915.75331550 0.276329 5.9674 0.899599 0.082558 -0.010093
149500 -9193.56051052 918.08234578 0.277031 5.9704 0.902961 0.078929 -0.018750
149600 -9200.26044533 947.36591548 0.285868 5.9704 0.902961 0.078929 -0.014824
149700 -9199.36106405 943.84582449 0.284806 5.9704 0.902961 0.078929 -0.015649
149800 -9152.98750927 927.24694751 0.279797 5.9704 0.902961 0.078929 0.073357
149900 -9165.21974718 947.58840214 0.285935 5.9704 0.902961 0.078929 0.046593
150000 -9175.92898848 932.99867426 0.281532 5.9674 0.901987 0.079443 0.000814
150100 -9202.34181314 943.03060720 0.284560 5.9674 0.901987 0.079443 -0.054372
150200 -9206.15385498 940.64562321 0.283840 5.9674 0.901987 0.079443 -0.064567
150300 -9181.56719099 934.34918261 0.281940 5.9674 0.901987 0.079443 0.005363
150400 -9188.10954816 912.53500578 0.275358 5.9674 0.901987 0.079443 -0.010011
150500 -9198.90241367 920.73653092 0.277832 5.9692 0.903282 0.079885 -0.022256
150600 -9210.35194652 914.71704408 0.276016 5.9692 0.903282 0.079885 -0.058001
150700 -9194.35383072 912.91847308 0.275473 5.9692 0.903282 0.079885 -0.002985
150800 -9194.17245668 898.78025963 0.271207 5.9692 0.903282 0.079885 0.012449
150900 -9235.83416197 917.94394639 0.276990 5.9692 0.903282 0.079885 -0.079974
151000 -9239.33823344 924.97579526 0.279112 5.9668 0.906704 0.077922 -0.061784
151100 -9206.48214953 917.21544927 0.276770 5.9668 0.906704 0.077922 0.014776
151200 -9200.62225175 924.40521896 0.278939 5.9668 0.906704 0.077922 0.023702
151300 -9220.75825522 954.00523174 0.287871 5.9668 0.906704 0.077922 -0.029424
151400 -9202.98622781 929.86823421 0.280588 5.9668 0.906704 0.077922 -0.005882
151500 -9175.40480091 911.62499756 0.275083 5.9668 0.901416 0.079756 0.059234
151600 -9192.27864401 926.17696344 0.279474 5.9668 0.901416 0.079756 -0.005390
151700 -9172.01730731 930.02654897 0.280636 5.9668 0.901416 0.079756 0.055436
151800 -9175.77008155 924.63545731 0.279009 5.9668 0.901416 0.079756 0.009061
151900 -9187.46609702 933.01006140 0.281536 5.9668 0.901416 0.079756 -0.007109
152000 -9164.96494958 914.49044522 0.275948 5.9686 0.899137 0.081331 0.025615
152100 -9189.75381679 922.53032703 0.278374 5.9686 0.899137 0.081331 -0.014226
152200 -9190.53915728 930.24415358 0.280701 5.9686 0.899137 0.081331 -0.019399
152300 -9175.85883992 914.83645178 0.276052 5.9686 0.899137 0.081331 0.006848
152400 -9187.44638844 896.85181159 0.270625 5.9686 0.899137 0.081331 -0.001499
152500 -9193.69470309 916.17140883 0.276455 5.9680 0.902442 0.079756 -0.007974
152600 -9191.26112266 914.52505973 0.275958 5.9680 0.902442 0.079756 0.001793
152700 -9196.68766485 912.80984413 0.275441 5.9680 0.902442 0.079756 -0.015684
152800 -9206.30462729 919.55227729 0.277475 5.9680 0.902442 0.079756 -0.027499
152900 -9214.89558645 944.60931077 0.285036 5.9680 0.902442 0.079756 -0.028619
153000 -9180.01214545 917.44053214 0.276838 5.9716 0.897521 0.079206 0.023023
153100 -9163.42421510 927.53576137 0.279884 5.9716 0.897521 0.079206 0.050854
153200 -9161.81925279 962.08389153 0.290309 5.9716 0.897521 0.079206 0.045975
153300 -9171.88733306 945.53721326 0.285316 5.9716 0.897521 0.079206 0.024537
153400 -9197.09505020 941.69210300 0.284156 5.9716 0.897521 0.079206 -0.052149
153500 -9193.41165758 945.84711726 0.285410 5.9668 0.905557 0.078433 -0.040600
153600 -9180.75930449 921.00550861 0.277914 5.9668 0.905557 0.078433 -0.013576
153700 -9177.48397764 926.33617594 0.279522 5.9668 0.905557 0.078433 -0.011326
153800 -9188.72241058 949.10001938 0.286391 5.9668 0.905557 0.078433 -0.029000
153900 -9184.17705680 935.24470531 0.282210 5.9668 0.905557 0.078433 -0.019061
154000 -9210.60609628 930.47616179 0.280771 5.9650 0.904184 0.078212 -0.064897
154100 -9179.62828074 914.41751792 0.275926 5.9650 0.904184 0.078212 0.026989
154200 -9172.18944508 954.76122687 0.288099 5.9650 0.904184 0.078212 0.030601
154300 -9167.56612951 920.39050866 0.277728 5.9650 0.904184 0.078212 0.007086
154400 -9153.43661910 911.79677820 0.275135 5.9650 0.904184 0.078212 0.036681
154500 -9183.16294689 947.60102595 0.285939 5.9692 0.899281 0.079345 -0.029478
154600 -9193.37381137 926.01418786 0.279425 5.9692 0.899281 0.079345 -0.035306
154700 -9176.88605559 911.15483657 0.274941 5.9692 0.899281 0.079345 0.014744
154800 -9202.38954642 936.90625558 0.282712 5.9692 0.899281 0.079345 -0.019889
154900 -9193.71567705 932.18254335 0.281286 5.9692 0.899281 0.079345 -0.013166
155000 -9180.16788650 923.96941262 0.278808 5.9680 0.903245 0.079596 0.006856
155100 -9206.52292483 940.60832932 0.283829 5.9680 0.903245 0.079596 -0.047417
155200 -9185.88379607 940.93011803 0.283926 5.9680 0.903245 0.079596 0.001426
155300 -9158.24107630 948.96286900 0.286350 5.9680 0.903245 0.079596 0.057012
155400 -9153.96568551 903.90214127 0.272753 5.9680 0.903245 0.079596 0.042457
155500 -9173.34555925 900.59909712 0.271756 5.9728 0.902312 0.079685 -0.012480
155600 -9204.47058013 938.98772195 0.283340 5.9728 0.902312 0.079685 -0.041913
155700 -9148.88665555 922.14298332 0.278257 5.9728 0.902312 0.079685 0.082985
155800 -9166.94371682 932.70211245 0.281443 5.9728 0.902312 0.079685 0.027060
155900 -9163.03029934 922.53179019 0.278374 5.9728 0.902312 0.079685 0.026090
156000 -9201.76787797 936.73191659 0.282659 5.9656 0.906222 0.079532 -0.053373
156100 -9181.74397219 904.64861212 0.272978 5.9656 0.906222 0.079532 -0.019531
156200 -9205.08595099 917.97606227 0.276999 5.9656 0.906222 0.079532 -0.059900
156300 -9189.57661686 924.79795539 0.279058 5.9656 0.906222 0.079532 0.003070
156400 -9183.22259256 936.40658681 0.282561 5.9656 0.906222 0.079532 0.019516
156500 -9182.58224495 940.65498084 0.283843 5.9674 0.902346 0.079689 0.012364
156600 -9176.68956027 937.64783356 0.282935 5.9674 0.902346 0.079689 0.017208
156700 -9170.40239476 913.85203998 0.275755 5.9674 0.902346 0.079689 0.023183
156800 -9174.24179454 904.46705066 0.272923 5.9674 0.902346 0.079689 0.015749
156900 -9189.72185566 902.92817555 0.272459 5.9674 0.902346 0.079689 -0.013370
157000 -9196.65005531 909.91475926 0.274567 5.9650 0.904611 0.078898 -0.006189
157100 -9188.68058499 916.91374347 0.276679 5.9650 0.904611 0.078898 0.020997
157200 -9169.96142477 928.05440882 0.280041 5.9650 0.904611 0.078898 0.049251
157300 -9173.06072805 921.83836074 0.278165 5.9650 0.904611 0.078898 0.035897
157400 -9179.78116343 913.95835120 0.275787 5.9650 0.904611 0.078898 -0.002603
157500 -9196.02690309 920.24452978 0.277684 5.9692 0.905531 0.079639 -0.035665
157600 -9198.57083626 935.11099148 0.282170 5.9692 0.905531 0.079639 -0.035167
157700 -9182.84868789 937.41857937 0.282866 5.9692 0.905531 0.079639 0.014523
157800 -9190.98608727 921.84354594 0.278166 5.9692 0.905531 0.079639 -0.022007
157900 -9185.50130846 911.37052002 0.275006 5.9692 0.905531 0.079639 -0.006775
158000 -9200.94982429 926.88595702 0.279688 5.9692 0.902888 0.077989 -0.025196
158100 -9190.75762145 887.42883542 0.267782 5.9692 0.902888 0.077989 0.009798
158200 -9205.35043936 917.67175369 0.276908 5.9692 0.902888 0.077989 -0.000276
158300 -9198.93322810 932.23785191 0.281303 5.9692 0.902888 0.077989 0.020718
158400 -9183.68066149 923.12804793 0.278554 5.9692 0.902888 0.077989 0.036043
158500 -9175.48469521 896.29909864 0.270458 5.9608 0.899717 0.081379 0.041738
158600 -9159.56932288 918.66358832 0.277207 5.9608 0.899717 0.081379 0.074222
158700 -9159.02332133 915.72147685 0.276319 5.9608 0.899717 0.081379 0.055955
158800 -9185.54779041 931.31942631 0.281026 5.9608 0.899717 0.081379 0.000041
158900 -9183.35958881 914.41804761 0.275926 5.9608 0.899717 0.081379 0.003552
159000 -9185.85782772 907.59172419 0.273866 5.9626 0.904345 0.079416 -0.009382
159100 -9204.73792371 919.46605691 0.277449 5.9626 0.904345 0.079416 -0.013436
159200 -9181.80524545 888.63954763 0.268147 5.9626 0.904345 0.079416 0.031882
159300 -9205.83426860 924.26080208 0.278896 5.9626 0.904345 0.079416 -0.031380
159400 -9195.17974318 927.55885224 0.279891 5.9626 0.904345 0.079416 -0.014686
159500 -9171.43550607 901.58254662 0.272053 5.9680 0.900824 0.079343 0.016668
159600 -9207.12158515 898.71891757 0.271189 5.9680 0.900824 0.079343 -0.036655
159700 -9209.93618627 914.55099945 0.275966 5.9680 0.900824 0.079343 -0.025752
159800 -9177.05283775 947.21581658 0.285823 5.9680 0.900824 0.079343 0.064111
159900 -9177.78054990 910.83608264 0.274845 5.9680 0.900824 0.079343 0.021854
160000 -9180.34787275 924.23838722 0.278889 5.9686 0.901055 0.079698 0.015854
160100 -9180.93076027 933.19443710 0.281592 5.9686 0.901055 0.079698 0.018661
160200 -9199.94942576 929.34565921 0.280430 5.9686 0.901055 0.079698 -0.022989
160300 -9205.42610284 926.05624899 0.279438 5.9686 0.901055 0.079698 -0.023391
160400 -9183.91951439 915.87867678 0.276367 5.9686 0.901055 0.079698 0.004844
160500 -9192.59895488 894.94398093 0.270049 5.9668 0.904659 0.078777 -0.001473
160600 -9190.68400983 931.25254454 0.281006 5.9668 0.904659 0.078777 -0.000112
160700 -9213.27640769 915.73602532 0.276323 5.9668 0.904659 0.078777 -0.048241
160800 -9180.78160507 893.12871682 0.269502 5.9668 0.904659 0.078777 0.029714
160900 -9178.49894969 938.16158582 0.283090 5.9668 0.904659 0.078777 0.041670
161000 -9175.42798396 944.57009062 0.285024 5.9710 0.900416 0.079295 0.021706
161100 -9183.85659123 930.73483100 0.280849 5.9710 0.900416 0.079295 -0.005786
161200 -9214.56135355 946.96129610 0.285746 5.9710 0.900416 0.079295 -0.055550
161300 -9178.47049970 902.15664474 0.272226 5.9710 0.900416 0.079295 0.030739
161400 -9185.34445372 934.32924973 0.281934 5.9710 0.900416 0.079295 0.024543
161500 -9165.50472683 889.20832199 0.268319 5.9698 0.897580 0.080173 0.049122
161600 -9180.82348410 903.16350753 0.272530 5.9698 0.897580 0.080173 0.006007
161700 -9180.14488670 921.98997105 0.278211 5.9698 0.897580 0.080173 0.015392
161800 -9174.98628343 928.11621212 0.280059 5.9698 0.897580 0.080173 0.021638
161900 -9182.80467621 939.38676726 0.283460 5.9698 0.897580 0.080173 0.012924
162000 -9198.86397822 936.65288532 0.282635 5.9662 0.902044 0.078894 -0.028059
162100 -9160.11892589 932.99268505 0.281531 5.9662 0.902044 0.078894 0.051609
162200 -9165.18896955 948.40447464 0.286181 5.9662 0.902044 0.078894 0.032312
162300 -9171.62533362 940.82249919 0.283893 5.9662 0.902044 0.078894 0.007398
162400 -9170.56822512 938.10462987 0.283073 5.9662 0.902044 0.078894 0.005273
162500 -9183.60097748 942.16321672 0.284298 5.9656 0.904969 0.080313 -0.016727
162600 -9179.80586541 947.40773304 0.285880 5.9656 0.904969 0.080313 -0.009948
162700 -9164.28957551 919.27438118 0.277391 5.9656 0.904969 0.080313 0.027552
162800 -9186.74833180 923.63457431 0.278707 5.9656 0.904969 0.080313 -0.020556
162900 -9194.11130038 934.69144745 0.282043 5.9656 0.904969 0.080313 -0.058081
163000 -9181.96465979 901.13612598 0.271918 5.9632 0.905198 0.078904 -0.005893
163100 -9184.04504019 908.90753548 0.274263 5.9632 0.905198 0.078904 0.001912
163200 -9193.87743659 913.32341787 0.275595 5.9632 0.905198 0.078904 -0.030426
163300 -9194.53242657 916.96764037 0.276695 5.9632 0.905198 0.078904 -0.030357
163400 -9215.20141057 917.07393296 0.276727 5.9632 0.905198 0.078904 -0.064367
163500 -9215.98354585 899.70206976 0.271485 5.9656 0.908526 0.079499 -0.021838
163600 -9214.23693973 911.67674675 0.275099 5.9656 0.908526 0.079499 -0.024849
163700 -9201.47330328 903.75053939 0.272707 5.9656 0.908526 0.079499 0.009948
163800 -9203.66160114 904.92108221 0.273060 5.9656 0.908526 0.079499 0.001807
163900 -9198.30047140 909.41348798 0.274416 5.9656 0.908526 0.079499 0.017078
164000 -9189.09491115 914.27629786 0.275883 5.9686 0.902396 0.079206 0.040622
164100 -9199.39872280 911.65085862 0.275091 5.9686 0.902396 0.079206 -0.007822
164200 -9149.73497918 897.69739140 0.270880 5.9686 0.902396 0.079206 0.100894
164300 -9176.01888868 923.70277145 0.278727 5.9686 0.902396 0.079206 0.028361
164400 -9191.58578980 937.91727993 0.283017 5.9686 0.902396 0.079206 -0.002266
164500 -9185.41568481 916.53021585 0.276563 5.9734 0.900982 0.080792 -0.006375
164600 -9182.70995412 930.55274191 0.280794 5.9734 0.900982 0.080792 0.007030
164700 -9179.78631210 920.70933907 0.277824 5.9734 0.900982 0.080792 0.024746
164800 -9182.47818306 907.71004777 0.273902 5.9734 0.900982 0.080792 0.020160
164900 -9148.83845064 905.04718773 0.273098 5.9734 0.900982 0.080792 0.084835
165000 -9186.55816419 937.79348585 0.282979 5.9680 0.903199 0.078756 -0.002802
165100 -9176.00976088 913.23126327 0.275568 5.9680 0.903199 0.078756 0.022647
165200 -9173.67126647 921.31996174 0.278008 5.9680 0.903199 0.078756 0.033850
165300 -9164.37197612 914.54065295 0.275963 5.9680 0.903199 0.078756 0.035097
165400 -9166.96953749 948.96889630 0.286352 5.9680 0.903199 0.078756 0.038637
165500 -9181.86259738 932.69925604 0.281442 5.9656 0.900142 0.079746 -0.014907
165600 -9210.28926802 923.14851594 0.278560 5.9656 0.900142 0.079746 -0.050506
165700 -9188.12138161 929.57547186 0.280500 5.9656 0.900142 0.079746 0.003357
165800 -9179.82418314 920.34488178 0.277714 5.9656 0.900142 0.079746 -0.001766
165900 -9179.75583180 913.24242992 0.275571 5.9656 0.900142 0.079746 -0.009646
166000 -9188.27423397 951.29752993 0.287054 5.9698 0.903432 0.080568 -0.013810
166100 -9167.58170104 947.35880927 0.285866 5.9698 0.903432 0.080568 0.031736
166200 -9160.37831392 943.56438213 0.284721 5.9698 0.903432 0.080568 0.037493
166300 -9181.34799354 979.08223004 0.295438 5.9698 0.903432 0.080568 -0.020381
166400 -9169.75133990 929.96813847 0.280618 5.9698 0.903432 0.080568 -0.002002
166500 -9174.39373401 931.51174347 0.281084 5.9632 0.903194 0.080549 -0.003139
166600 -9183.27111449 923.32841847 0.278614 5.9632 0.903194 0.080549 -0.025630
166700 -9200.19364624 909.65160391 0.274488 5.9632 0.903194 0.080549 -0.048695
166800 -9198.91276702 923.53955911 0.278678 5.9632 0.903194 0.080549 -0.025898
166900 -9198.07694964 915.12685939 0.276140 5.9632 0.903194 0.080549 -0.017775
167000 -9199.23430207 915.49160735 0.276250 5.9644 0.901922 0.078502 -0.008289
167100 -9196.94244940 923.05477197 0.278532 5.9644 0.901922 0.078502 -0.002064
167200 -9182.64256280 910.33818129 0.274695 5.9644 0.901922 0.078502 0.006092
167300 -9173.01761994 923.72032780 0.278733 5.9644 0.901922 0.078502 0.014373
167400 -9175.07268424 926.70814368 0.279634 5.9644 0.901922 0.078502 0.026007
167500 -9164.84682683 908.41634873 0.274115 5.9674 0.898770 0.080891 0.049808
167600 -9174.24555276 929.34752095 0.280431 5.9674 0.898770 0.080891 0.006312
167700 -9188.02512676 938.59685003 0.283222 5.9674 0.898770 0.080891 -0.023205
167800 -9186.04843579 915.04019620 0.276114 5.9674 0.898770 0.080891 -0.004121
167900 -9160.72192626 911.66334737 0.275095 5.9674 0.898770 0.080891 0.051451
168000 -9184.04467645 930.28640929 0.280714 5.9650 0.904712 0.080227 0.016960
168100 -9179.94858493 921.69940186 0.278123 5.9650 0.904712 0.080227 -0.007799
168200 -9168.31626307 943.53382279 0.284711 5.9650 0.904712 0.080227 0.019572
168300 -9186.63495161 930.21523302 0.280693 5.9650 0.904712 0.080227 -0.025608
168400 -9196.93876490 908.48772268 0.274136 5.9650 0.904712 0.080227 -0.038848
168500 -9200.77601169 902.45068229 0.272315 5.9692 0.904007 0.079185 -0.020912
168600 -9221.38178514 922.86924986 0.278476 5.9692 0.904007 0.079185 -0.050916
168700 -9191.65223579 888.10516127 0.267986 5.9692 0.904007 0.079185 0.022209
168800 -9197.00727548 911.94741721 0.275180 5.9692 0.904007 0.079185 0.024595
168900 -9184.55307254 899.73539693 0.271495 5.9692 0.904007 0.079185 0.032777
169000 -9204.88213439 931.14304949 0.280973 5.9692 0.901441 0.080142 -0.017030
169100 -9183.55370598 926.38009296 0.279535 5.9692 0.901441 0.080142 0.028224
169200 -9210.06131080 927.54136998 0.279886 5.9692 0.901441 0.080142 -0.040579
169300 -9170.73660403 894.30885497 0.269858 5.9692 0.901441 0.080142 0.057941
169400 -9195.63524750 934.86123272 0.282095 5.9692 0.901441 0.080142 -0.012541
169500 -9179.81600044 918.39051861 0.277124 5.9620 0.903431 0.079122 0.033503
169600 -9195.29745521 884.35072856 0.266853 5.9620 0.903431 0.079122 -0.021772
169700 -9189.14092876 891.55267045 0.269026 5.9620 0.903431 0.079122 0.003540
169800 -9179.03966311 927.80960124 0.279967 5.9620 0.903431 0.079122 0.030750
169900 -9186.90934807 919.44763586 0.277443 5.9620 0.903431 0.079122 0.013134
170000 -9181.31711820 944.16068263 0.284901 5.9674 0.903233 0.078970 0.023609
170100 -9162.97004237 937.08238901 0.282765 5.9674 0.903233 0.078970 0.058469
170200 -9148.48602966 958.12424774 0.289114 5.9674 0.903233 0.078970 0.068929
170300 -9155.90818334 948.09534850 0.286088 5.9674 0.903233 0.078970 0.024317
170400 -9171.54903374 925.45891390 0.279257 5.9674 0.903233 0.078970 -0.013815
170500 -9202.97414595 934.50494883 0.281987 5.9674 0.905185 0.079100 -0.059865
170600 -9195.33359022 930.36637234 0.280738 5.9674 0.905185 0.079100 -0.027940
170700 -9193.10199327 918.44801967 0.277142 5.9674 0.905185 0.079100 -0.004655
170800 -9205.23378257 911.05361307 0.274911 5.9674 0.905185 0.079100 -0.033384
170900 -9177.20788558 906.04150320 0.273398 5.9674 0.905185 0.079100 0.032572
171000 -9171.37359928 929.18315744 0.280381 5.9614 0.902238 0.080478 0.042802
171100 -9172.77158758 931.93190183 0.281211 5.9614 0.902238 0.080478 0.007572
171200 -9167.39487347 909.48840314 0.274438 5.9614 0.902238 0.080478 0.004597
171300 -9184.34250313 937.80944938 0.282984 5.9614 0.902238 0.080478 -0.016255
171400 -9195.34697985 960.25654808 0.289758 5.9614 0.902238 0.080478 -0.024957
171500 -9192.62614988 933.41421883 0.281658 5.9632 0.906821 0.080113 -0.018614
171600 -9151.47408529 927.52614693 0.279881 5.9632 0.906821 0.080113 0.055081
171700 -9192.58970929 960.24990425 0.289756 5.9632 0.906821 0.080113 -0.050090
171800 -9176.77775259 928.76494162 0.280255 5.9632 0.906821 0.080113 -0.012009
171900 -9188.88336608 922.78498172 0.278451 5.9632 0.906821 0.080113 -0.048072
172000 -9182.62080160 933.46521790 0.281673 5.9644 0.901247 0.080502 -0.002243
172100 -9184.61786676 935.13059462 0.282176 5.9644 0.901247 0.080502 -0.006785
172200 -9176.69651054 896.88150748 0.270634 5.9644 0.901247 0.080502 0.002448
172300 -9205.28395276 938.58904887 0.283219 5.9644 0.901247 0.080502 -0.036694
172400 -9188.10661782 929.19272157 0.280384 5.9644 0.901247 0.080502 0.000804
172500 -9177.23390913 943.66008081 0.284750 5.9698 0.900077 0.080529 0.018568
172600 -9187.63894438 918.45444463 0.277144 5.9698 0.900077 0.080529 -0.017184
172700 -9201.34398016 899.55403449 0.271441 5.9698 0.900077 0.080529 -0.033255
172800 -9193.97246729 896.12538020 0.270406 5.9698 0.900077 0.080529 0.008260
172900 -9186.04664188 894.17408715 0.269817 5.9698 0.900077 0.080529 0.022380
173000 -9212.78609911 919.78264392 0.277545 5.9698 0.903608 0.077948 -0.033736
173100 -9177.64952220 928.99496445 0.280324 5.9698 0.903608 0.077948 0.035401
173200 -9184.96200378 918.99397828 0.277307 5.9698 0.903608 0.077948 0.019946
173300 -9172.47100348 941.78092032 0.284183 5.9698 0.903608 0.077948 0.050691
173400 -9171.64283994 948.12548784 0.286097 5.9698 0.903608 0.077948 0.052278
173500 -9137.90408582 919.66452760 0.277509 5.9686 0.897492 0.081315 0.086968
173600 -9180.14650904 951.08665840 0.286991 5.9686 0.897492 0.081315 -0.015345
173700 -9182.44856781 950.05371767 0.286679 5.9686 0.897492 0.081315 -0.015919
173800 -9173.35108503 940.11321276 0.283679 5.9686 0.897492 0.081315 -0.000903
173900 -9164.26825742 931.91003393 0.281204 5.9686 0.897492 0.081315 0.001562
174000 -9195.12561823 932.04159783 0.281244 5.9698 0.900053 0.078844 -0.059244
174100 -9173.00953827 908.65043375 0.274185 5.9698 0.900053 0.078844 -0.002175
174200 -9187.33765911 917.51097899 0.276859 5.9698 0.900053 0.078844 -0.035356
174300 -9163.63913491 913.80118362 0.275740 5.9698 0.900053 0.078844 0.041986
174400 -9161.51253006 909.01536957 0.274296 5.9698 0.900053 0.078844 0.046950
174500 -9197.18588787 956.44437851 0.288607 5.9704 0.901425 0.079312 -0.048092
174600 -9186.52474515 931.47947148 0.281074 5.9704 0.901425 0.079312 -0.020144
174700 -9174.36578509 916.01731835 0.276408 5.9704 0.901425 0.079312 0.018338
174800 -9174.36197809 936.61846705 0.282625 5.9704 0.901425 0.079312 0.025367
174900 -9181.82224331 940.49540562 0.283795 5.9704 0.901425 0.079312 -0.006151
175000 -9179.66827427 926.87496685 0.279685 5.9680 0.901546 0.078356 -0.011799
175100 -9196.78549392 920.65585207 0.277808 5.9680 0.901546 0.078356 -0.045108
175200 -9197.15260031 925.01013390 0.279122 5.9680 0.901546 0.078356 -0.021028
175300 -9161.34178808 920.82941428 0.277860 5.9680 0.901546 0.078356 0.059540
175400 -9167.34986647 916.75656097 0.276631 5.9680 0.901546 0.078356 0.029741
175500 -9175.91865386 942.63953389 0.284442 5.9686 0.903615 0.078973 0.004459
175600 -9204.94287922 947.79558353 0.285997 5.9686 0.903615 0.078973 -0.058361
175700 -9186.25189524 949.14901600 0.286406 5.9686 0.903615 0.078973 0.000488
175800 -9167.14068311 934.18985100 0.281892 5.9686 0.903615 0.078973 0.031364
175900 -9178.03215486 928.68910138 0.280232 5.9686 0.903615 0.078973 -0.011863
176000 -9174.22926960 947.77232480 0.285990 5.9656 0.901144 0.081239 -0.003050
176100 -9157.79706738 936.48901925 0.282586 5.9656 0.901144 0.081239 0.032989
176200 -9158.20426789 930.14377151 0.280671 5.9656 0.901144 0.081239 0.012052
176300 -9165.91476046 909.71360058 0.274506 5.9656 0.901144 0.081239 -0.000164
176400 -9185.21148036 925.82001306 0.279366 5.9656 0.901144 0.081239 -0.004117
176500 -9184.04222004 927.67244003 0.279925 5.9668 0.901154 0.079470 -0.024202
176600 -9159.48712192 905.91756296 0.273361 5.9668 0.901154 0.079470 0.038190
176700 -9189.16347262 957.84752720 0.289031 5.9668 0.901154 0.079470 -0.035303
176800 -9183.06829578 921.45492634 0.278049 5.9668 0.901154 0.079470 -0.015400
176900 -9177.00042020 896.98940407 0.270667 5.9668 0.901154 0.079470 0.013936
177000 -9177.87406078 924.90443840 0.279090 5.9626 0.904300 0.079110 0.031836
177100 -9178.69691074 929.96838658 0.280618 5.9626 0.904300 0.079110 0.012152
177200 -9158.79861370 926.40296757 0.279542 5.9626 0.904300 0.079110 0.045250
177300 -9180.40629942 937.28012117 0.282824 5.9626 0.904300 0.079110 -0.023883
177400 -9162.55345802 920.65038242 0.277806 5.9626 0.904300 0.079110 0.020810
177500 -9175.69736640 944.92753594 0.285132 5.9722 0.899317 0.079399 -0.013540
177600 -9151.35623321 885.43233055 0.267179 5.9722 0.899317 0.079399 0.033322
177700 -9154.29609552 925.11932115 0.279155 5.9722 0.899317 0.079399 0.026313
177800 -9184.45762030 948.26169628 0.286138 5.9722 0.899317 0.079399 -0.030204
177900 -9194.80220667 930.74308188 0.280852 5.9722 0.899317 0.079399 -0.031688
178000 -9171.72383939 928.90617026 0.280298 5.9692 0.902778 0.078672 0.023485
178100 -9167.46316015 926.98993676 0.279719 5.9692 0.902778 0.078672 0.022079
178200 -9190.85561846 915.20177054 0.276162 5.9692 0.902778 0.078672 -0.020577
178300 -9179.14193421 930.43315706 0.280758 5.9692 0.902778 0.078672 -0.000810
178400 -9174.34730367 925.00929476 0.279122 5.9692 0.902778 0.078672 0.012841
178500 -9210.24135183 929.07226227 0.280348 5.9698 0.903026 0.078366 -0.054676
178600 -9188.10709630 906.77200145 0.273619 5.9698 0.903026 0.078366 0.003449
178700 -9177.59898296 919.38575317 0.277425 5.9698 0.903026 0.078366 0.015849
178800 -9176.41232945 912.22351192 0.275264 5.9698 0.903026 0.078366 0.029503
178900 -9157.82352209 900.45353639 0.271712 5.9698 0.903026 0.078366 0.061724
179000 -9195.96302892 938.67544558 0.283245 5.9662 0.902546 0.079249 -0.007577
179100 -9169.97619766 928.95431473 0.280312 5.9662 0.902546 0.079249 0.026379
179200 -9185.76540238 929.51167815 0.280480 5.9662 0.902546 0.079249 -0.003968
179300 -9179.05052331 927.48734872 0.279869 5.9662 0.902546 0.079249 0.006962
179400 -9157.27710868 928.70920725 0.280238 5.9662 0.902546 0.079249 0.042228
179500 -9160.05590703 953.20118036 0.287629 5.9753 0.899013 0.079956 0.025107
179600 -9164.01855750 929.96895121 0.280618 5.9753 0.899013 0.079956 0.019444
179700 -9176.48176320 934.11198177 0.281868 5.9753 0.899013 0.079956 0.010750
179800 -9162.94176437 909.23388468 0.274361 5.9753 0.899013 0.079956 0.021061
179900 -9188.69954156 930.99047060 0.280927 5.9753 0.899013 0.079956 -0.038555
180000 -9172.30957908 913.85548163 0.275756 5.9716 0.899230 0.081094 0.011669
180100 -9189.89293906 946.73298384 0.285677 5.9716 0.899230 0.081094 -0.012882
180200 -9181.05520865 931.08176891 0.280954 5.9716 0.899230 0.081094 -0.009115
180300 -9174.05549858 956.26058290 0.288552 5.9716 0.899230 0.081094 0.017035
180400 -9179.87302729 944.81467119 0.285098 5.9716 0.899230 0.081094 -0.000120
180500 -9183.45759387 933.37355838 0.281646 5.9716 0.898177 0.079950 -0.017843
180600 -9162.26770062 923.74856926 0.278741 5.9716 0.898177 0.079950 0.033177
180700 -9194.67809086 926.59204418 0.279599 5.9716 0.898177 0.079950 -0.037902
180800 -9189.17158393 931.25537287 0.281006 5.9716 0.898177 0.079950 -0.019344
180900 -9201.04301001 926.45862401 0.279559 5.9716 0.898177 0.079950 -0.045437
181000 -9180.54750703 928.53521527 0.280186 5.9692 0.902498 0.078984 -0.004435
181100 -9154.58992814 910.90339493 0.274865 5.9692 0.902498 0.078984 0.048735
181200 -9175.79055736 924.74346551 0.279041 5.9692 0.902498 0.078984 -0.000823
181300 -9181.00271205 898.03175057 0.270981 5.9692 0.902498 0.078984 -0.016843
181400 -9190.54893613 924.46318038 0.278957 5.9692 0.902498 0.078984 -0.009684
181500 -9167.32273236 931.99755669 0.281230 5.9662 0.897838 0.081200 0.044962
181600 -9176.08611606 937.93659212 0.283023 5.9662 0.897838 0.081200 0.011726
181700 -9185.29549566 932.61558602 0.281417 5.9662 0.897838 0.081200 -0.016291
181800 -9210.31095994 921.99795900 0.278213 5.9662 0.897838 0.081200 -0.058461
181900 -9189.13988128 890.31237297 0.268652 5.9662 0.897838 0.081200 -0.005402
182000 -9226.41459857 930.06224668 0.280646 5.9680 0.907336 0.078071 -0.075003
182100 -9210.81498276 927.56725514 0.279894 5.9680 0.907336 0.078071 -0.026262
182200 -9213.57651138 917.71604428 0.276921 5.9680 0.907336 0.078071 -0.032681
182300 -9218.91516567 929.68312935 0.280532 5.9680 0.907336 0.078071 -0.035769
182400 -9208.55181349 940.20411278 0.283707 5.9680 0.907336 0.078071 0.002380
182500 -9200.71598677 938.80675241 0.283285 5.9674 0.906039 0.078313 -0.008316
182600 -9182.33579168 924.02257716 0.278824 5.9674 0.906039 0.078313 0.027201
182700 -9163.63514022 932.31837576 0.281327 5.9674 0.906039 0.078313 0.047940
182800 -9182.71791350 931.11983280 0.280966 5.9674 0.906039 0.078313 -0.014173
182900 -9188.40321393 951.92960768 0.287245 5.9674 0.906039 0.078313 -0.013999
183000 -9184.21129493 916.68733527 0.276611 5.9656 0.902450 0.079560 -0.005542
183100 -9191.58203014 930.18550057 0.280684 5.9656 0.902450 0.079560 -0.003763
183200 -9189.11817280 899.64308938 0.271467 5.9656 0.902450 0.079560 0.002001
183300 -9197.92153887 908.89452166 0.274259 5.9656 0.902450 0.079560 -0.018425
183400 -9183.27535142 912.12218118 0.275233 5.9656 0.902450 0.079560 0.016395
183500 -9171.34245902 909.87134996 0.274554 5.9674 0.902162 0.079900 0.042470
183600 -9198.43628643 947.77127265 0.285990 5.9674 0.902162 0.079900 -0.024883
183700 -9177.44881414 915.67717736 0.276306 5.9674 0.902162 0.079900 0.009462
183800 -9180.88735380 935.93266882 0.282418 5.9674 0.902162 0.079900 0.000309
183900 -9178.63437046 914.46872793 0.275941 5.9674 0.902162 0.079900 0.011859
184000 -9169.54585533 919.43378591 0.277439 5.9656 0.899501 0.081078 0.039031
184100 -9155.04096231 924.71887226 0.279034 5.9656 0.899501 0.081078 0.061591
184200 -9150.37247260 924.26437726 0.278897 5.9656 0.899501 0.081078 0.045764
184300 -9198.80320608 955.80656827 0.288415 5.9656 0.899501 0.081078 -0.048049
184400 -9175.77346726 922.56457569 0.278384 5.9656 0.899501 0.081078 -0.002050
184500 -9163.93310570 891.41414315 0.268984 5.9704 0.899448 0.080763 0.038418
184600 -9191.33511201 942.10308940 0.284280 5.9704 0.899448 0.080763 -0.017129
184700 -9166.72204039 940.25932495 0.283723 5.9704 0.899448 0.080763 0.036375
184800 -9154.44175820 919.25873548 0.277386 5.9704 0.899448 0.080763 0.047549
184900 -9173.83532287 917.89840254 0.276976 5.9704 0.899448 0.080763 -0.001032
185000 -9188.96442646 920.76885943 0.277842 5.9686 0.903497 0.079617 -0.017789
185100 -9204.62108707 933.89015625 0.281801 5.9686 0.903497 0.079617 -0.054257
185200 -9172.61680354 897.00199265 0.270670 5.9686 0.903497 0.079617 0.036159
185300 -9177.60950011 915.78004805 0.276337 5.9686 0.903497 0.079617 0.022023
185400 -9178.97194965 947.62132817 0.285945 5.9686 0.903497 0.079617 0.031351
185500 -9182.43860487 930.25470529 0.280704 5.9747 0.900075 0.079511 -0.017251
185600 -9208.26970705 953.25735769 0.287646 5.9747 0.900075 0.079511 -0.055729
185700 -9216.32322581 919.55775281 0.277477 5.9747 0.900075 0.079511 -0.072496
185800 -9217.24082874 917.08477641 0.276730 5.9747 0.900075 0.079511 -0.065645
185900 -9184.13187764 909.39601330 0.274410 5.9747 0.900075 0.079511 0.015782
186000 -9220.82544528 920.19627695 0.277669 5.9650 0.910625 0.076994 -0.038764
186100 -9210.51275385 911.88438574 0.275161 5.9650 0.910625 0.076994 -0.017272
186200 -9204.35448583 913.08952972 0.275525 5.9650 0.910625 0.076994 -0.003990
186300 -9195.72466351 920.41039940 0.277734 5.9650 0.910625 0.076994 0.014507
186400 -9188.28555962 911.55299251 0.275061 5.9650 0.910625 0.076994 0.031823
186500 -9205.04794663 922.86267761 0.278474 5.9680 0.905042 0.078348 -0.010361
186600 -9186.35202571 939.40848586 0.283467 5.9680 0.905042 0.078348 0.023603
186700 -9181.26745534 924.16586886 0.278867 5.9680 0.905042 0.078348 0.031269
186800 -9186.59607374 954.10839497 0.287902 5.9680 0.905042 0.078348 0.012933
186900 -9182.61141548 910.10431849 0.274624 5.9680 0.905042 0.078348 -0.009204
187000 -9177.64140661 916.92326123 0.276682 5.9602 0.900306 0.082173 0.030401
187100 -9170.20974179 917.04543627 0.276719 5.9602 0.900306 0.082173 0.033048
187200 -9197.02672735 923.59296238 0.278694 5.9602 0.900306 0.082173 -0.036093
187300 -9203.52725815 917.09688525 0.276734 5.9602 0.900306 0.082173 -0.022169
187400 -9198.94270106 909.64812333 0.274486 5.9602 0.900306 0.082173 -0.011997
187500 -9201.76929060 920.52946695 0.277770 5.9698 0.901666 0.079072 -0.009778
187600 -9184.33743584 904.35359262 0.272889 5.9698 0.901666 0.079072 0.024467
187700 -9176.73530273 911.08124818 0.274919 5.9698 0.901666 0.079072 0.024256
187800 -9207.07377697 914.67070446 0.276002 5.9698 0.901666 0.079072 -0.021177
187900 -9185.36578443 914.81737329 0.276046 5.9698 0.901666 0.079072 0.032374
188000 -9185.12562883 954.12768039 0.287908 5.9686 0.898537 0.079439 0.026191
188100 -9172.60223481 928.92768514 0.280304 5.9686 0.898537 0.079439 0.045792
188200 -9175.26892415 950.54036794 0.286826 5.9686 0.898537 0.079439 0.008701
188300 -9166.31264988 923.90157736 0.278787 5.9686 0.898537 0.079439 0.010228
188400 -9173.98010505 927.27131006 0.279804 5.9686 0.898537 0.079439 -0.013260
188500 -9192.25839361 904.07967093 0.272806 5.9686 0.904221 0.079765 -0.017766
188600 -9178.08750788 905.60702343 0.273267 5.9686 0.904221 0.079765 0.015451
188700 -9182.45253854 925.63601932 0.279311 5.9686 0.904221 0.079765 0.002076
188800 -9157.24819391 915.64344935 0.276296 5.9686 0.904221 0.079765 0.054512
188900 -9186.96864295 931.65976130 0.281128 5.9686 0.904221 0.079765 -0.028181
189000 -9178.20109394 926.23355556 0.279491 5.9668 0.902436 0.079466 0.009004
189100 -9191.57790486 933.25982707 0.281611 5.9668 0.902436 0.079466 -0.024834
189200 -9184.21854376 910.90228008 0.274865 5.9668 0.902436 0.079466 0.002280
189300 -9204.16373874 959.90635442 0.289652 5.9668 0.902436 0.079466 -0.034121
189400 -9170.10087880 956.66309140 0.288673 5.9668 0.902436 0.079466 0.030095
189500 -9171.91074774 928.55793956 0.280192 5.9686 0.900077 0.080878 0.001811
189600 -9189.72519041 924.06372847 0.278836 5.9686 0.900077 0.080878 -0.024797
189700 -9189.58121086 904.72503976 0.273001 5.9686 0.900077 0.080878 -0.029308
189800 -9211.48294226 923.34693522 0.278620 5.9686 0.900077 0.080878 -0.062131
189900 -9184.31584514 902.42005799 0.272305 5.9686 0.900077 0.080878 0.006112
190000 -9199.50661969 926.78311681 0.279657 5.9686 0.901017 0.079866 -0.008406
190100 -9184.40972347 936.54987644 0.282604 5.9686 0.901017 0.079866 0.035596
190200 -9184.27345622 932.01184287 0.281235 5.9686 0.901017 0.079866 0.022820
190300 -9195.48963411 928.09249252 0.280052 5.9686 0.901017 0.079866 -0.022297
190400 -9174.81014165 943.08684405 0.284577 5.9686 0.901017 0.079866 0.025150
190500 -9169.48269446 945.15548112 0.285201 5.9674 0.898752 0.080780 0.009775
190600 -9140.65570308 920.93942419 0.277894 5.9674 0.898752 0.080780 0.074270
190700 -9166.06952384 943.42228196 0.284678 5.9674 0.898752 0.080780 0.022846
190800 -9172.08932703 920.73548080 0.277832 5.9674 0.898752 0.080780 -0.004513
190900 -9176.83676106 926.83585246 0.279673 5.9674 0.898752 0.080780 -0.023217
191000 -9168.58841892 930.47132078 0.280770 5.9704 0.902091 0.079814 0.000919
191100 -9174.90447277 963.78801511 0.290823 5.9704 0.902091 0.079814 -0.005493
191200 -9166.67461017 919.16417846 0.277358 5.9704 0.902091 0.079814 0.003384
191300 -9172.89734832 920.68703589 0.277817 5.9704 0.902091 0.079814 0.001763
191400 -9171.48481091 942.94529839 0.284534 5.9704 0.902091 0.079814 0.017001
191500 -9163.63269719 916.87487714 0.276667 5.9680 0.899985 0.080134 0.018262
191600 -9189.06655329 942.56062121 0.284418 5.9680 0.899985 0.080134 -0.048629
191700 -9194.06169973 913.78849732 0.275736 5.9680 0.899985 0.080134 -0.038001
191800 -9204.39494756 897.93733042 0.270953 5.9680 0.899985 0.080134 -0.050328
191900 -9199.36513949 931.24525957 0.281003 5.9680 0.899985 0.080134 -0.010692
192000 -9205.00855808 932.03886243 0.281243 5.9734 0.903393 0.077175 -0.038060
192100 -9216.79265163 919.85832562 0.277567 5.9734 0.903393 0.077175 -0.056207
192200 -9199.02403209 915.79221650 0.276340 5.9734 0.903393 0.077175 -0.007234
192300 -9198.81926656 899.39943768 0.271394 5.9734 0.903393 0.077175 -0.007965
192400 -9228.44888477 925.87347406 0.279382 5.9734 0.903393 0.077175 -0.042165
192500 -9207.52007674 916.88022684 0.276669 5.9680 0.905625 0.078752 0.018770
192600 -9218.95893014 931.59700552 0.281110 5.9680 0.905625 0.078752 -0.013009
192700 -9195.97821412 927.05655832 0.279739 5.9680 0.905625 0.078752 0.019048
192800 -9201.80605723 940.26816525 0.283726 5.9680 0.905625 0.078752 0.001327
192900 -9204.04780562 913.67592863 0.275702 5.9680 0.905625 0.078752 -0.021967
193000 -9179.97266472 922.03976810 0.278226 5.9728 0.902415 0.079208 0.018899
193100 -9217.03885952 948.47969964 0.286204 5.9728 0.902415 0.079208 -0.044576
193200 -9180.34815486 911.89760073 0.275165 5.9728 0.902415 0.079208 0.033449
193300 -9194.40329946 914.62136789 0.275987 5.9728 0.902415 0.079208 -0.009461
193400 -9202.59091646 920.41522337 0.277735 5.9728 0.902415 0.079208 -0.010378
193500 -9185.97769517 932.24942429 0.281306 5.9710 0.902809 0.079221 0.033616
193600 -9179.11395171 931.21464456 0.280994 5.9710 0.902809 0.079221 0.032177
193700 -9183.50281442 922.65497231 0.278411 5.9710 0.902809 0.079221 0.032332
193800 -9184.02775024 932.80583007 0.281474 5.9710 0.902809 0.079221 0.011216
193900 -9149.02051742 935.68900373 0.282344 5.9710 0.902809 0.079221 0.081671
194000 -9170.58699127 949.59968222 0.286542 5.9680 0.902441 0.079109 0.017732
194100 -9164.06147327 929.59849906 0.280506 5.9680 0.902441 0.079109 -0.007483
194200 -9156.24992840 904.95569883 0.273071 5.9680 0.902441 0.079109 0.022440
194300 -9178.22342908 934.20000508 0.281895 5.9680 0.902441 0.079109 -0.019835
194400 -9183.82837441 924.62333968 0.279005 5.9680 0.902441 0.079109 -0.015224
194500 -9183.43415436 910.47670563 0.274736 5.9698 0.901036 0.080021 -0.018662
194600 -9185.67607876 911.47281531 0.275037 5.9698 0.901036 0.080021 -0.008827
194700 -9185.83051879 955.65175235 0.288368 5.9698 0.901036 0.080021 0.003458
194800 -9183.81106225 921.49372581 0.278061 5.9698 0.901036 0.080021 -0.009029
194900 -9204.81508754 904.54524328 0.272947 5.9698 0.901036 0.080021 -0.057481
195000 -9214.14946645 934.35818515 0.281943 5.9674 0.905280 0.079779 -0.056577
195100 -9208.66493381 914.23908583 0.275872 5.9674 0.905280 0.079779 -0.044046
195200 -9196.89790752 895.27685656 0.270150 5.9674 0.905280 0.079779 -0.012865
195300 -9201.88195911 924.47711497 0.278961 5.9674 0.905280 0.079779 0.008355
195400 -9212.31329624 932.59353308 0.281410 5.9674 0.905280 0.079779 -0.031608
195500 -9198.39033777 920.44195877 0.277743 5.9674 0.903972 0.079393 0.001925
195600 -9179.33042372 914.16836577 0.275850 5.9674 0.903972 0.079393 0.026151
195700 -9200.49652981 916.61599573 0.276589 5.9674 0.903972 0.079393 -0.009376
195800 -9199.43007682 902.79139304 0.272417 5.9674 0.903972 0.079393 0.005329
195900 -9197.85165709 916.62600287 0.276592 5.9674 0.903972 0.079393 -0.017675
196000 -9203.56988868 936.04044833 0.282450 5.9626 0.901658 0.079101 -0.021289
196100 -9208.96326971 929.44971208 0.280462 5.9626 0.901658 0.079101 -0.044694
196200 -9176.51806652 918.33578189 0.277108 5.9626 0.901658 0.079101 0.036907
196300 -9165.74907986 940.42575057 0.283774 5.9626 0.901658 0.079101 0.052016
196400 -9161.46962857 950.51395830 0.286818 5.9626 0.901658 0.079101 0.050993
196500 -9178.06229232 940.19103849 0.283703 5.9590 0.900884 0.080738 0.009565
196600 -9179.20110770 916.36732613 0.276514 5.9590 0.900884 0.080738 -0.008098
196700 -9206.26743460 922.66797172 0.278415 5.9590 0.900884 0.080738 -0.058072
196800 -9184.33482088 922.48655859 0.278360 5.9590 0.900884 0.080738 0.000386
196900 -9202.12495078 955.61432252 0.288357 5.9590 0.900884 0.080738 -0.028124
197000 -9182.13356739 921.07743769 0.277935 5.9662 0.902785 0.079242 0.009628
197100 -9182.03505562 925.00055429 0.279119 5.9662 0.902785 0.079242 -0.001359
197200 -9175.31127108 924.28139292 0.278902 5.9662 0.902785 0.079242 0.015176
197300 -9175.23762773 926.79093837 0.279659 5.9662 0.902785 0.079242 0.011727
197400 -9167.67513485 905.18879776 0.273141 5.9662 0.902785 0.079242 0.026157
197500 -9164.72034699 908.93703303 0.274272 5.9614 0.901464 0.081393 0.039564
197600 -9197.00307353 946.46286786 0.285595 5.9614 0.901464 0.081393 -0.025572
197700 -9175.72163219 910.25524120 0.274670 5.9614 0.901464 0.081393 0.010787
197800 -9170.31431751 908.52211551 0.274147 5.9614 0.901464 0.081393 0.018674
197900 -9187.54216979 899.12460394 0.271311 5.9614 0.901464 0.081393 -0.027566
198000 -9196.00141648 915.55077648 0.276268 5.9620 0.903135 0.080648 -0.022892
198100 -9188.91157713 925.05084569 0.279134 5.9620 0.903135 0.080648 -0.011252
198200 -9178.61101783 929.74423737 0.280550 5.9620 0.903135 0.080648 0.013308
198300 -9174.92003286 916.31831395 0.276499 5.9620 0.903135 0.080648 0.007247
198400 -9175.39774399 934.13929072 0.281877 5.9620 0.903135 0.080648 0.021973
198500 -9171.22437144 925.14121109 0.279162 5.9662 0.899230 0.080666 0.027012
198600 -9191.92402258 932.82360347 0.281480 5.9662 0.899230 0.080666 -0.001908
198700 -9190.93822570 898.72127054 0.271189 5.9662 0.899230 0.080666 -0.020812
198800 -9194.60876640 933.53917148 0.281696 5.9662 0.899230 0.080666 -0.003938
198900 -9197.83539741 897.72322388 0.270888 5.9662 0.899230 0.080666 -0.020678
199000 -9196.11265150 928.12756109 0.280063 5.9668 0.904990 0.078036 0.002386
199100 -9172.06649016 928.63499529 0.280216 5.9668 0.904990 0.078036 0.044246
199200 -9189.22861684 935.46030962 0.282275 5.9668 0.904990 0.078036 0.000027
199300 -9171.63339859 950.71657986 0.286879 5.9668 0.904990 0.078036 0.023343
199400 -9155.84381136 937.03022143 0.282749 5.9668 0.904990 0.078036 0.051407
199500 -9156.47858012 951.12071638 0.287001 5.9626 0.898894 0.081357 0.023562
199600 -9142.30698358 921.63101735 0.278102 5.9626 0.898894 0.081357 0.045675
199700 -9176.98673420 947.60980931 0.285941 5.9626 0.898894 0.081357 -0.030006
199800 -9160.87075257 905.37784150 0.273198 5.9626 0.898894 0.081357 0.018642
199900 -9177.75520814 917.07620277 0.276728 5.9626 0.898894 0.081357 -0.004755
200000 -9179.93598143 936.25062189 0.282514 5.9644 0.901034 0.079959 0.000850
200100 -9172.02007842 944.00128459 0.284853 5.9644 0.901034 0.079959 0.007506
200200 -9176.39909532 942.96697884 0.284540 5.9644 0.901034 0.079959 -0.005684
200300 -9177.45179563 946.19409552 0.285514 5.9644 0.901034 0.079959 -0.036274
200400 -9160.36520890 952.76469276 0.287497 5.9644 0.901034 0.079959 0.023924
200500 -9189.48920753 952.14694565 0.287310 5.9680 0.902003 0.078877 -0.043497
200600 -9163.27993029 917.90081701 0.276977 5.9680 0.902003 0.078877 0.005035
200700 -9177.12853800 909.74118729 0.274515 5.9680 0.902003 0.078877 -0.009705
200800 -9187.81261472 924.77476567 0.279051 5.9680 0.902003 0.078877 -0.017841
200900 -9176.18456373 903.17282460 0.272533 5.9680 0.902003 0.078877 0.027528
201000 -9176.31299153 892.31204276 0.269255 5.9638 0.902535 0.078621 0.019722
201100 -9203.41627418 939.19708712 0.283403 5.9638 0.902535 0.078621 -0.021683
201200 -9202.72166753 922.07251159 0.278236 5.9638 0.902535 0.078621 -0.047540
201300 -9176.67274816 932.91670095 0.281508 5.9638 0.902535 0.078621 0.003553
201400 -9169.04909562 954.62541880 0.288058 5.9638 0.902535 0.078621 0.025309
201500 -9188.52494350 944.53916812 0.285015 5.9674 0.904713 0.078251 -0.022485
201600 -9164.42179462 930.30899748 0.280721 5.9674 0.904713 0.078251 0.019820
201700 -9168.82333027 935.76904888 0.282368 5.9674 0.904713 0.078251 0.008373
201800 -9172.50948685 923.68134970 0.278721 5.9674 0.904713 0.078251 -0.009962
201900 -9208.92639259 946.77463873 0.285689 5.9674 0.904713 0.078251 -0.069850
202000 -9183.35505133 938.35909741 0.283150 5.9614 0.902488 0.079849 0.007242
202100 -9167.51836435 917.53252740 0.276866 5.9614 0.902488 0.079849 0.036081
202200 -9169.83076212 915.68062277 0.276307 5.9614 0.902488 0.079849 0.023044
202300 -9171.20144600 911.06437128 0.274914 5.9614 0.902488 0.079849 0.010387
202400 -9132.65830906 917.58466011 0.276881 5.9614 0.902488 0.079849 0.102331
202500 -9156.49013109 933.91068119 0.281808 5.9656 0.897230 0.081556 0.031736
202600 -9150.74111892 927.95652146 0.280011 5.9656 0.897230 0.081556 0.020453
202700 -9172.48199963 961.04582096 0.289996 5.9656 0.897230 0.081556 -0.009044
202800 -9157.39540221 942.72462986 0.284467 5.9656 0.897230 0.081556 0.006154
202900 -9173.35721038 960.22015149 0.289747 5.9656 0.897230 0.081556 -0.023282
203000 -9175.81913514 940.29179878 0.283733 5.9626 0.899745 0.080636 -0.021198
203100 -9149.59039350 938.43147741 0.283172 5.9626 0.899745 0.080636 0.029552
203200 -9159.71782838 930.99063338 0.280927 5.9626 0.899745 0.080636 -0.018372
203300 -9181.48669782 929.29215923 0.280414 5.9626 0.899745 0.080636 -0.040246
203400 -9174.71792196 899.45968496 0.271412 5.9626 0.899745 0.080636 -0.021424
203500 -9196.92656930 916.80835851 0.276647 5.9632 0.903419 0.079952 -0.044740
203600 -9184.41316865 925.47661814 0.279263 5.9632 0.903419 0.079952 -0.007328
203700 -9205.93936512 910.32123806 0.274690 5.9632 0.903419 0.079952 -0.029517
203800 -9206.74471911 897.05624108 0.270687 5.9632 0.903419 0.079952 -0.023959
203900 -9192.66826521 926.13577117 0.279462 5.9632 0.903419 0.079952 -0.009782
204000 -9158.26989519 900.95991325 0.271865 5.9692 0.897306 0.081470 0.066367
204100 -9166.58575934 934.33544973 0.281936 5.9692 0.897306 0.081470 0.053113
204200 -9172.57368819 952.13178742 0.287306 5.9692 0.897306 0.081470 0.014869
204300 -9166.91266656 924.68111012 0.279023 5.9692 0.897306 0.081470 0.000268
204400 -9166.99028808 934.54839048 0.282000 5.9692 0.897306 0.081470 -0.007468
204500 -9159.43500052 933.20359440 0.281594 5.9638 0.901538 0.081100 0.014713
204600 -9172.67147006 946.25263921 0.285532 5.9638 0.901538 0.081100 -0.029897
204700 -9201.67015864 915.13050143 0.276141 5.9638 0.901538 0.081100 -0.089931
204800 -9199.31927168 940.76553588 0.283876 5.9638 0.901538 0.081100 -0.021172
204900 -9173.63971846 945.67279710 0.285357 5.9638 0.901538 0.081100 -0.000626
205000 -9176.08036186 938.95199851 0.283329 5.9686 0.899568 0.080227 -0.009375
205100 -9167.62174631 926.10002674 0.279451 5.9686 0.899568 0.080227 -0.004861
205200 -9172.30959811 927.03718171 0.279734 5.9686 0.899568 0.080227 -0.021737
205300 -9189.93585172 944.26804656 0.284933 5.9686 0.899568 0.080227 -0.039870
205400 -9170.32931040 920.41959555 0.277737 5.9686 0.899568 0.080227 -0.001598
205500 -9174.01111606 931.19610482 0.280989 5.9692 0.900491 0.079935 0.001012
205600 -9161.17877155 942.72292967 0.284467 5.9692 0.900491 0.079935 0.020375
205700 -9161.33736440 939.98039371 0.283639 5.9692 0.900491 0.079935 0.012562
205800 -9150.10440161 959.76354837 0.289609 5.9692 0.900491 0.079935 0.032918
205900 -9144.86430205 932.34132834 0.281334 5.9692 0.900491 0.079935 0.028490
206000 -9166.32111708 926.70798755 0.279634 5.9704 0.897396 0.081274 -0.028666
206100 -9150.47768677 927.48591380 0.279869 5.9704 0.897396 0.081274 0.021491
206200 -9158.30625649 897.88698392 0.270938 5.9704 0.897396 0.081274 -0.010786
206300 -9192.70468871 920.48883456 0.277758 5.9704 0.897396 0.081274 -0.046927
206400 -9213.37725551 903.32093980 0.272577 5.9704 0.897396 0.081274 -0.074044
206500 -9217.62588153 919.01510832 0.277313 5.9680 0.905609 0.078165 -0.075372
206600 -9188.49368306 917.42189104 0.276832 5.9680 0.905609 0.078165 -0.000338
206700 -9191.70608185 945.76267131 0.285384 5.9680 0.905609 0.078165 -0.012838
206800 -9174.14512755 945.69123934 0.285362 5.9680 0.905609 0.078165 0.031289
206900 -9168.40554239 945.22667457 0.285222 5.9680 0.905609 0.078165 0.024422
207000 -9168.53750307 910.68084230 0.274798 5.9734 0.896374 0.081131 -0.009934
207100 -9163.93206433 925.55357850 0.279286 5.9734 0.896374 0.081131 0.026245
207200 -9166.45583191 938.90364215 0.283314 5.9734 0.896374 0.081131 0.012695
207300 -9157.82706209 936.33592230 0.282540 5.9734 0.896374 0.081131 0.028212
207400 -9181.87704949 931.03306896 0.280939 5.9734 0.896374 0.081131 -0.039964
207500 -9190.65787153 942.74252037 0.284473 5.9722 0.901477 0.079991 -0.053577
207600 -9171.51921189 882.10742540 0.266176 5.9722 0.901477 0.079991 -0.005801
207700 -9186.59010554 928.06499474 0.280044 5.9722 0.901477 0.079991 -0.007863
207800 -9169.88571765 931.95756503 0.281218 5.9722 0.901477 0.079991 0.037655
207900 -9170.43358743 916.84885344 0.276659 5.9722 0.901477 0.079991 0.014470
208000 -9162.19094977 926.27610443 0.279504 5.9602 0.899307 0.081661 0.031922
208100 -9177.34240190 940.65931339 0.283844 5.9602 0.899307 0.081661 0.016515
208200 -9180.25422560 919.91006489 0.277583 5.9602 0.899307 0.081661 -0.015973
208300 -9171.15687022 905.27766238 0.273168 5.9602 0.899307 0.081661 0.020360
208400 -9191.90429085 930.96866850 0.280920 5.9602 0.899307 0.081661 -0.017206
208500 -9165.02864582 914.72464982 0.276018 5.9596 0.897733 0.080852 0.051843
208600 -9171.62972632 931.64307338 0.281123 5.9596 0.897733 0.080852 -0.002737
208700 -9182.90988959 899.72857829 0.271493 5.9596 0.897733 0.080852 -0.035925
208800 -9192.14847845 919.28098404 0.277393 5.9596 0.897733 0.080852 -0.035676
208900 -9191.17348334 900.76761455 0.271807 5.9596 0.897733 0.080852 -0.033165
209000 -9208.51166247 912.93139112 0.275477 5.9686 0.903712 0.079311 -0.055002
209100 -9222.72164772 905.73813424 0.273307 5.9686 0.903712 0.079311 -0.075408
209200 -9195.45110558 924.10203401 0.278848 5.9686 0.903712 0.079311 0.013646
209300 -9208.50122865 946.81422350 0.285701 5.9686 0.903712 0.079311 -0.020680
209400 -9149.12991934 912.48521167 0.275343 5.9686 0.903712 0.079311 0.077436
209500 -9198.63816538 954.06031425 0.287888 5.9668 0.904208 0.079060 -0.015787
209600 -9170.42785038 941.24853245 0.284022 5.9668 0.904208 0.079060 0.043484
209700 -9177.86268689 926.53962553 0.279583 5.9668 0.904208 0.079060 -0.008908
209800 -9171.64354243 925.31724484 0.279215 5.9668 0.904208 0.079060 -0.000340
209900 -9191.55736168 938.90543188 0.283315 5.9668 0.904208 0.079060 -0.029552
210000 -9174.93132920 922.10516509 0.278245 5.9620 0.901306 0.082159 -0.004286
210100 -9165.80373250 930.40345513 0.280749 5.9620 0.901306 0.082159 0.016499
210200 -9189.11408212 925.47740853 0.279263 5.9620 0.901306 0.082159 -0.042011
210300 -9199.29459881 907.00274637 0.273688 5.9620 0.901306 0.082159 -0.047900
210400 -9209.47893860 902.06420307 0.272198 5.9620 0.901306 0.082159 -0.041536
210500 -9181.25890648 881.07262978 0.265864 5.9710 0.901225 0.079689 0.024931
210600 -9206.04019033 934.78078030 0.282070 5.9710 0.901225 0.079689 -0.026210
210700 -9181.93158197 926.78233404 0.279657 5.9710 0.901225 0.079689 0.036248
210800 -9188.25942927 953.76290330 0.287798 5.9710 0.901225 0.079689 -0.008799
210900 -9187.02572010 967.50949755 0.291946 5.9710 0.901225 0.079689 0.002588
211000 -9151.87889317 923.67913870 0.278720 5.9674 0.898454 0.080886 0.053377
211100 -9165.81793153 921.49896011 0.278062 5.9674 0.898454 0.080886 0.013420
211200 -9195.41345261 947.47066307 0.285899 5.9674 0.898454 0.080886 -0.025532
211300 -9200.51310280 940.94287467 0.283930 5.9674 0.898454 0.080886 -0.033593
211400 -9177.82035088 935.42392333 0.282264 5.9674 0.898454 0.080886 0.016051
211500 -9174.41870750 919.07240854 0.277330 5.9716 0.900740 0.080402 -0.004590
211600 -9199.17202441 931.19623282 0.280989 5.9716 0.900740 0.080402 -0.049024
211700 -9156.23156693 938.32342915 0.283139 5.9716 0.900740 0.080402 0.059666
211800 -9184.43664553 934.46037003 0.281974 5.9716 0.900740 0.080402 -0.028542
211900 -9191.82040423 921.02729005 0.277920 5.9716 0.900740 0.080402 -0.022215
212000 -9168.19394349 898.50580288 0.271124 5.9674 0.901325 0.081584 0.014844
212100 -9177.38958632 913.43137416 0.275628 5.9674 0.901325 0.081584 0.002856
212200 -9178.12650217 907.63130841 0.273878 5.9674 0.901325 0.081584 0.012578
212300 -9177.62643881 933.29081058 0.281621 5.9674 0.901325 0.081584 0.015444
212400 -9167.60815387 907.36663364 0.273798 5.9674 0.901325 0.081584 0.007543
212500 -9168.04109843 922.89744114 0.278484 5.9716 0.899748 0.079170 0.020474
212600 -9178.34146780 918.95044740 0.277293 5.9716 0.899748 0.079170 -0.013859
212700 -9196.98031525 908.45690052 0.274127 5.9716 0.899748 0.079170 -0.023448
212800 -9181.04515690 899.64125447 0.271467 5.9716 0.899748 0.079170 0.015313
212900 -9160.80019357 902.30028536 0.272269 5.9716 0.899748 0.079170 0.052661
213000 -9185.27147964 912.89463473 0.275466 5.9753 0.898974 0.079120 -0.013006
213100 -9192.31317927 915.00154639 0.276102 5.9753 0.898974 0.079120 -0.017475
213200 -9184.09064264 916.79322390 0.276642 5.9753 0.898974 0.079120 0.016523
213300 -9180.70132602 927.02803778 0.279731 5.9753 0.898974 0.079120 0.011659
213400 -9171.75531896 934.14792204 0.281879 5.9753 0.898974 0.079120 0.057010
213500 -9204.99721782 925.01303032 0.279123 5.9668 0.904808 0.078695 -0.041721
213600 -9191.83891458 898.97579265 0.271266 5.9668 0.904808 0.078695 -0.001507
213700 -9194.48662086 930.51897627 0.280784 5.9668 0.904808 0.078695 0.000130
213800 -9182.09917563 896.83838825 0.270621 5.9668 0.904808 0.078695 0.004336
213900 -9212.56281402 913.03406494 0.275508 5.9668 0.904808 0.078695 -0.039935
214000 -9197.82542772 905.08428104 0.273109 5.9620 0.904236 0.079195 0.013652
214100 -9192.42555455 909.12013018 0.274327 5.9620 0.904236 0.079195 0.022448
214200 -9198.92379947 941.03861584 0.283959 5.9620 0.904236 0.079195 0.001449
214300 -9203.30070936 935.49795004 0.282287 5.9620 0.904236 0.079195 -0.005382
214400 -9218.74601226 931.19130679 0.280987 5.9620 0.904236 0.079195 -0.040624
214500 -9197.25601065 914.07453505 0.275822 5.9692 0.904052 0.078369 -0.012435
214600 -9196.19324771 932.60601374 0.281414 5.9692 0.904052 0.078369 0.004288
214700 -9171.20103792 909.15549833 0.274338 5.9692 0.904052 0.078369 0.057681
214800 -9179.89357142 917.52627606 0.276864 5.9692 0.904052 0.078369 0.031386
214900 -9214.65294514 908.62315666 0.274177 5.9692 0.904052 0.078369 -0.039979
215000 -9214.26410715 927.07982078 0.279746 5.9686 0.903810 0.079016 -0.046133
215100 -9222.19218688 942.90797234 0.284523 5.9686 0.903810 0.079016 -0.046008
215200 -9197.69618907 890.38867480 0.268675 5.9686 0.903810 0.079016 -0.005120
215300 -9197.79234709 925.39886732 0.279239 5.9686 0.903810 0.079016 0.006110
215400 -9183.55304491 918.32180119 0.277104 5.9686 0.903810 0.079016 0.032798
215500 -9192.58348120 909.08873384 0.274318 5.9698 0.900853 0.080197 -0.000264
215600 -9232.04861158 942.29364941 0.284337 5.9698 0.900853 0.080197 -0.068349
215700 -9183.17672220 904.37965596 0.272897 5.9698 0.900853 0.080197 0.053471
215800 -9187.37042580 929.75889449 0.280555 5.9698 0.900853 0.080197 0.027930
215900 -9180.40150854 929.32307391 0.280423 5.9698 0.900853 0.080197 0.024567
216000 -9170.88900036 934.49526655 0.281984 5.9722 0.899418 0.079030 0.021052
216100 -9185.59585551 950.97012961 0.286955 5.9722 0.899418 0.079030 -0.011092
216200 -9155.20286321 916.32257368 0.276500 5.9722 0.899418 0.079030 0.050475
216300 -9154.53242208 916.90247916 0.276675 5.9722 0.899418 0.079030 0.029210
216400 -9196.34803193 925.74935231 0.279345 5.9722 0.899418 0.079030 -0.044787
216500 -9164.87497749 914.70936819 0.276014 5.9680 0.899685 0.080220 0.030078
216600 -9178.78644118 932.17235948 0.281283 5.9680 0.899685 0.080220 0.016266
216700 -9164.93881898 929.26704329 0.280406 5.9680 0.899685 0.080220 0.020513
216800 -9178.76337406 916.07660256 0.276426 5.9680 0.899685 0.080220 -0.008541
216900 -9178.51981332 909.25502449 0.274368 5.9680 0.899685 0.080220 0.008182
217000 -9183.29559399 942.16558298 0.284299 5.9698 0.900916 0.079666 0.010303
217100 -9162.53256298 898.32176693 0.271069 5.9698 0.900916 0.079666 0.036200
217200 -9191.21787646 913.08679566 0.275524 5.9698 0.900916 0.079666 -0.020888
217300 -9211.81557417 911.36589405 0.275005 5.9698 0.900916 0.079666 -0.031849
217400 -9193.90289314 927.78657932 0.279960 5.9698 0.900916 0.079666 0.011935
217500 -9223.77355896 920.39503960 0.277729 5.9710 0.906176 0.078114 -0.067423
217600 -9216.55937601 918.88972638 0.277275 5.9710 0.906176 0.078114 -0.056296
217700 -9207.56997460 959.54839691 0.289544 5.9710 0.906176 0.078114 0.001368
217800 -9156.26786679 934.62188255 0.282022 5.9710 0.906176 0.078114 0.067462
217900 -9197.55896756 936.61269853 0.282623 5.9710 0.906176 0.078114 -0.049450
218000 -9173.65066989 911.45214201 0.275031 5.9686 0.901369 0.079239 0.023508
218100 -9218.97278519 940.73239750 0.283866 5.9686 0.901369 0.079239 -0.074551
218200 -9201.53814912 930.18826154 0.280684 5.9686 0.901369 0.079239 -0.015048
218300 -9206.87192809 921.60200712 0.278094 5.9686 0.901369 0.079239 -0.026852
218400 -9183.01077036 911.96599878 0.275186 5.9686 0.901369 0.079239 0.024855
218500 -9193.12824969 920.44951723 0.277746 5.9722 0.903225 0.077894 0.001761
218600 -9204.73195820 918.63265322 0.277198 5.9722 0.903225 0.077894 -0.032631
218700 -9199.38263721 931.77416106 0.281163 5.9722 0.903225 0.077894 -0.000196
218800 -9189.66638091 899.12515772 0.271311 5.9722 0.903225 0.077894 0.021539
218900 -9216.78445810 927.01202179 0.279726 5.9722 0.903225 0.077894 -0.038681
219000 -9202.63014964 897.20038837 0.270730 5.9728 0.901343 0.079470 -0.012393
219100 -9198.17376861 918.07166434 0.277028 5.9728 0.901343 0.079470 0.008477
219200 -9189.73871794 931.86842925 0.281191 5.9728 0.901343 0.079470 0.014430
219300 -9188.37495817 959.98277286 0.289675 5.9728 0.901343 0.079470 0.016069
219400 -9174.54348992 936.39944387 0.282559 5.9728 0.901343 0.079470 0.007653
219500 -9188.43422526 928.90407809 0.280297 5.9722 0.902188 0.080463 -0.016890
219600 -9177.23349413 891.99894456 0.269161 5.9722 0.902188 0.080463 0.002813
219700 -9192.09274864 921.14855810 0.277957 5.9722 0.902188 0.080463 -0.019067
219800 -9158.31103089 915.14566270 0.276145 5.9722 0.902188 0.080463 0.072272
219900 -9198.06010029 926.01699706 0.279426 5.9722 0.902188 0.080463 -0.035347
220000 -9158.85590680 890.49122416 0.268706 5.9656 0.901143 0.081622 0.060623
220100 -9193.20674581 914.67953450 0.276005 5.9656 0.901143 0.081622 -0.019142
220200 -9186.95529802 916.21642070 0.276468 5.9656 0.901143 0.081622 -0.007924
220300 -9190.31955102 920.42248029 0.277738 5.9656 0.901143 0.081622 -0.016506
220400 -9186.65574429 910.59040165 0.274771 5.9656 0.901143 0.081622 -0.011780
220500 -9195.13092827 905.08709971 0.273110 5.9753 0.905147 0.078712 -0.015737
220600 -9198.94878955 906.73313576 0.273607 5.9753 0.905147 0.078712 -0.009878
220700 -9186.37673029 920.65496631 0.277808 5.9753 0.905147 0.078712 0.040493
220800 -9185.10655077 908.80264889 0.274231 5.9753 0.905147 0.078712 0.014688
220900 -9190.27135407 921.05258243 0.277928 5.9753 0.905147 0.078712 0.005599
221000 -9176.27481371 942.88871602 0.284517 5.9596 0.902392 0.080970 0.038661
221100 -9177.07651923 934.46468734 0.281975 5.9596 0.902392 0.080970 0.023053
221200 -9183.53603713 937.45089143 0.282876 5.9596 0.902392 0.080970 -0.008890
221300 -9177.84716799 919.85800086 0.277567 5.9596 0.902392 0.080970 0.005327
221400 -9182.99356924 924.15593729 0.278864 5.9596 0.902392 0.080970 -0.016088
221500 -9184.19587874 930.35364715 0.280734 5.9692 0.904522 0.079461 0.006837
221600 -9166.64160704 910.74425058 0.274817 5.9692 0.904522 0.079461 0.040170
221700 -9179.59252271 918.97858773 0.277302 5.9692 0.904522 0.079461 0.008840
221800 -9175.78548400 944.34671616 0.284957 5.9692 0.904522 0.079461 0.028909
221900 -9201.48827777 923.79869195 0.278756 5.9692 0.904522 0.079461 -0.032756
222000 -9222.28048303 947.93644742 0.286040 5.9620 0.906553 0.079869 -0.064368
222100 -9194.34341066 907.56199273 0.273857 5.9620 0.906553 0.079869 -0.012205
222200 -9168.87114346 915.40974055 0.276225 5.9620 0.906553 0.079869 0.037420
222300 -9175.58783463 924.83664340 0.279070 5.9620 0.906553 0.079869 0.009281
222400 -9181.47674707 925.13774432 0.279160 5.9620 0.906553 0.079869 0.015261
222500 -9169.80819842 959.59400717 0.289558 5.9753 0.901121 0.078969 0.038076
222600 -9170.91155691 937.14219930 0.282783 5.9753 0.901121 0.078969 0.010584
222700 -9169.34663528 945.74639626 0.285379 5.9753 0.901121 0.078969 0.021035
222800 -9170.08375013 915.92018184 0.276379 5.9753 0.901121 0.078969 0.005234
222900 -9179.46018053 933.18113030 0.281588 5.9753 0.901121 0.078969 -0.025864
223000 -9165.88129894 932.20650105 0.281293 5.9680 0.898405 0.080780 0.028135
223100 -9158.72411090 931.59161401 0.281108 5.9680 0.898405 0.080780 0.030634
223200 -9160.11544898 932.75312094 0.281458 5.9680 0.898405 0.080780 0.030810
223300 -9157.79599872 921.30443863 0.278004 5.9680 0.898405 0.080780 0.025123
223400 -9156.20409707 913.40289859 0.275619 5.9680 0.898405 0.080780 0.019628
223500 -9208.78926398 926.36378677 0.279530 5.9722 0.903282 0.077772 -0.068155
223600 -9183.48632306 904.60665613 0.272965 5.9722 0.903282 0.077772 0.008858
223700 -9181.73662982 932.31202272 0.281325 5.9722 0.903282 0.077772 0.028389
223800 -9195.74946715 929.44967699 0.280462 5.9722 0.903282 0.077772 -0.028278
223900 -9180.02165280 928.79264989 0.280263 5.9722 0.903282 0.077772 -0.004881
224000 -9155.30038513 902.94914736 0.272465 5.9716 0.897095 0.081068 0.053491
224100 -9177.81540951 917.65949324 0.276904 5.9716 0.897095 0.081068 0.006161
224200 -9169.45119948 928.59258406 0.280203 5.9716 0.897095 0.081068 0.026192
224300 -9184.36053164 933.03771571 0.281544 5.9716 0.897095 0.081068 -0.022079
224400 -9180.97363303 915.68638823 0.276309 5.9716 0.897095 0.081068 -0.003511
224500 -9160.80099873 907.08656848 0.273714 5.9662 0.899845 0.081048 0.061997
224600 -9154.58324807 929.46780849 0.280467 5.9662 0.899845 0.081048 0.060476
224700 -9179.62395814 933.97050850 0.281826 5.9662 0.899845 0.081048 -0.022979
224800 -9142.48574662 921.67394154 0.278115 5.9662 0.899845 0.081048 0.054342
224900 -9197.13534221 945.60411228 0.285336 5.9662 0.899845 0.081048 -0.023763
225000 -9176.21319968 912.64744463 0.275392 5.9668 0.900084 0.079210 0.012326
225100 -9176.68576453 919.23590766 0.277380 5.9668 0.900084 0.079210 0.008156
225200 -9179.89850255 915.38606595 0.276218 5.9668 0.900084 0.079210 0.012524
225300 -9197.96309263 910.04295678 0.274606 5.9668 0.900084 0.079210 -0.030977
225400 -9194.45991175 902.97817242 0.272474 5.9668 0.900084 0.079210 0.002763
225500 -9203.12505589 921.96481524 0.278203 5.9680 0.904775 0.079047 -0.022497
225600 -9178.81053282 919.96626289 0.277600 5.9680 0.904775 0.079047 0.038920
225700 -9197.05190088 913.58644964 0.275675 5.9680 0.904775 0.079047 -0.021586
225800 -9187.38837349 912.35300736 0.275303 5.9680 0.904775 0.079047 0.006857
225900 -9211.92810538 911.20597054 0.274957 5.9680 0.904775 0.079047 -0.047341
226000 -9227.19359455 919.55018185 0.277474 5.9740 0.901087 0.077966 -0.065707
226100 -9201.79323831 909.41083820 0.274415 5.9740 0.901087 0.077966 0.001114
226200 -9224.28258173 923.78952189 0.278754 5.9740 0.901087 0.077966 -0.066731
226300 -9192.89745779 917.26214322 0.276784 5.9740 0.901087 0.077966 0.020892
226400 -9215.25896557 930.94555341 0.280913 5.9740 0.901087 0.077966 -0.026822
226500 -9187.43462250 920.06550610 0.277630 5.9650 0.902563 0.080729 0.020785
226600 -9195.53761600 930.93676461 0.280910 5.9650 0.902563 0.080729 -0.007948
226700 -9181.44364029 924.87599766 0.279081 5.9650 0.902563 0.080729 0.009026
226800 -9187.96327782 925.74356133 0.279343 5.9650 0.902563 0.080729 0.029389
226900 -9183.70773642 915.34207118 0.276205 5.9650 0.902563 0.080729 -0.001507
227000 -9175.80068685 905.50941393 0.273238 5.9698 0.900015 0.080233 0.011788
227100 -9197.76843211 911.75962685 0.275124 5.9698 0.900015 0.080233 -0.036941
227200 -9174.71584475 896.28173023 0.270453 5.9698 0.900015 0.080233 0.022155
227300 -9195.13249219 930.14083779 0.280670 5.9698 0.900015 0.080233 -0.020464
227400 -9184.82041605 920.36043610 0.277719 5.9698 0.900015 0.080233 0.008755
227500 -9182.09737659 934.15340066 0.281881 5.9650 0.902130 0.080173 0.020709
227600 -9177.52326724 927.31692294 0.279818 5.9650 0.902130 0.080173 0.030651
227700 -9190.04825276 927.84756099 0.279978 5.9650 0.902130 0.080173 -0.016751
227800 -9146.37157939 895.30616833 0.270159 5.9650 0.902130 0.080173 0.063261
227900 -9156.41234368 921.26830958 0.277993 5.9650 0.902130 0.080173 0.053873
228000 -9182.52275850 933.74501612 0.281758 5.9686 0.901989 0.080588 -0.009630
228100 -9167.14180918 944.20200680 0.284913 5.9686 0.901989 0.080588 0.012363
228200 -9179.78120133 935.43608781 0.282268 5.9686 0.901989 0.080588 -0.019152
228300 -9179.15180736 942.15091678 0.284294 5.9686 0.901989 0.080588 0.001266
228400 -9169.18600824 928.06750609 0.280045 5.9686 0.901989 0.080588 0.007281
228500 -9194.41839278 926.42932180 0.279550 5.9692 0.904265 0.079581 -0.051796
228600 -9162.36413732 908.29434173 0.274078 5.9692 0.904265 0.079581 0.041429
228700 -9178.14876723 931.81639865 0.281176 5.9692 0.904265 0.079581 -0.004782
228800 -9182.46136484 908.33372211 0.274090 5.9692 0.904265 0.079581 -0.003541
228900 -9219.80801051 913.87050461 0.275761 5.9692 0.904265 0.079581 -0.068613
229000 -9203.17871563 902.47667411 0.272322 5.9674 0.903358 0.078834 -0.009030
229100 -9213.13494429 932.39966540 0.281352 5.9674 0.903358 0.078834 -0.023892
229200 -9177.51085630 930.05080181 0.280643 5.9674 0.903358 0.078834 0.058024
229300 -9168.98424861 936.82065708 0.282686 5.9674 0.903358 0.078834 0.041118
229400 -9152.24816301 925.72608354 0.279338 5.9674 0.903358 0.078834 0.079022
229500 -9192.85990949 933.30199634 0.281624 5.9668 0.904893 0.078426 -0.024054
229600 -9188.04597662 919.66493783 0.277509 5.9668 0.904893 0.078426 -0.020377
229700 -9187.05965815 935.39977738 0.282257 5.9668 0.904893 0.078426 -0.010343
229800 -9162.23610862 930.88068362 0.280893 5.9668 0.904893 0.078426 0.044927
229900 -9176.29073096 951.67246410 0.287167 5.9668 0.904893 0.078426 -0.004577
230000 -9167.20722325 926.53016310 0.279581 5.9698 0.899161 0.079799 -0.001699
230100 -9183.82873362 922.23601984 0.278285 5.9698 0.899161 0.079799 -0.031988
230200 -9192.99814341 928.60470725 0.280207 5.9698 0.899161 0.079799 -0.030081
230300 -9186.99661625 933.87562696 0.281797 5.9698 0.899161 0.079799 -0.016452
230400 -9187.60658987 932.23564047 0.281302 5.9698 0.899161 0.079799 0.005880
230500 -9192.13496935 945.52822831 0.285313 5.9553 0.907985 0.080338 0.004018
230600 -9170.58656121 937.87187303 0.283003 5.9553 0.907985 0.080338 0.021447
230700 -9172.76491676 958.43135779 0.289207 5.9553 0.907985 0.080338 0.011665
230800 -9180.31094732 935.64115221 0.282330 5.9553 0.907985 0.080338 -0.013488
230900 -9209.48154015 952.30635445 0.287359 5.9553 0.907985 0.080338 -0.060712
231000 -9160.96397230 899.92515659 0.271553 5.9668 0.898110 0.082516 0.032086
231100 -9177.55390682 924.46225799 0.278957 5.9668 0.898110 0.082516 -0.000742
231200 -9193.59417048 953.00955601 0.287571 5.9668 0.898110 0.082516 -0.026917
231300 -9199.44187751 932.34978019 0.281337 5.9668 0.898110 0.082516 -0.042603
231400 -9186.39506175 927.74114792 0.279946 5.9668 0.898110 0.082516 0.005488
231500 -9181.58176664 932.66091649 0.281431 5.9728 0.898498 0.078300 -0.002784
231600 -9177.51908134 951.84199758 0.287218 5.9728 0.898498 0.078300 0.013944
231700 -9183.59939179 954.15692879 0.287917 5.9728 0.898498 0.078300 -0.003489
231800 -9182.29512737 927.86824284 0.279984 5.9728 0.898498 0.078300 -0.017618
231900 -9176.88686083 934.04487315 0.281848 5.9728 0.898498 0.078300 0.001795
232000 -9156.64590421 908.19576982 0.274048 5.9656 0.897763 0.079640 0.046876
232100 -9194.66327634 935.73254739 0.282357 5.9656 0.897763 0.079640 -0.043805
232200 -9151.80498086 901.33440824 0.271978 5.9656 0.897763 0.079640 0.044380
232300 -9186.50402948 939.15416543 0.283390 5.9656 0.897763 0.079640 -0.026814
232400 -9197.18071349 915.58562529 0.276278 5.9656 0.897763 0.079640 -0.054464
232500 -9196.85074130 905.94091725 0.273368 5.9722 0.902900 0.078243 -0.030783
232600 -9179.86839869 932.42469826 0.281359 5.9722 0.902900 0.078243 0.024702
232700 -9187.03432619 931.20425119 0.280991 5.9722 0.902900 0.078243 -0.004903
232800 -9202.21961592 921.09361211 0.277940 5.9722 0.902900 0.078243 -0.026354
232900 -9211.21363928 930.20579537 0.280690 5.9722 0.902900 0.078243 -0.050667
233000 -9205.70722819 950.25071284 0.286738 5.9692 0.903298 0.078420 -0.028509
233100 -9186.53177238 920.17686808 0.277664 5.9692 0.903298 0.078420 0.001882
233200 -9182.46239932 917.94926124 0.276991 5.9692 0.903298 0.078420 0.018173
233300 -9185.32068534 927.80295718 0.279965 5.9692 0.903298 0.078420 0.025226
233400 -9166.57785665 920.72135001 0.277828 5.9692 0.903298 0.078420 0.040155
233500 -9188.43499395 915.47966877 0.276246 5.9710 0.903071 0.077527 -0.008957
233600 -9202.28704482 905.21923450 0.273150 5.9710 0.903071 0.077527 -0.027954
233700 -9199.67950255 885.88046931 0.267315 5.9710 0.903071 0.077527 -0.011890
233800 -9210.46147987 912.02639485 0.275204 5.9710 0.903071 0.077527 -0.025083
233900 -9204.21671920 902.89054768 0.272447 5.9710 0.903071 0.077527 0.006470
234000 -9215.93725845 902.29102658 0.272266 5.9716 0.903551 0.076727 -0.012624
234100 -9194.50061059 906.54156176 0.273549 5.9716 0.903551 0.076727 0.029591
234200 -9212.25590392 921.87436337 0.278176 5.9716 0.903551 0.076727 -0.006936
234300 -9200.22738704 936.46531242 0.282579 5.9716 0.903551 0.076727 0.036358
234400 -9190.47318682 905.44432688 0.273218 5.9716 0.903551 0.076727 0.021762
234500 -9174.32498628 929.44751211 0.280461 5.9662 0.901503 0.080424 0.062389
234600 -9188.69640183 930.59277877 0.280807 5.9662 0.901503 0.080424 0.014899
234700 -9201.20112372 924.84606100 0.279072 5.9662 0.901503 0.080424 -0.005725
234800 -9176.19821838 917.91425975 0.276981 5.9662 0.901503 0.080424 0.048308
234900 -9170.60325859 913.82398962 0.275747 5.9662 0.901503 0.080424 0.039578
235000 -9176.09801018 933.24896196 0.281608 5.9578 0.900105 0.081572 0.031624
235100 -9171.00923695 924.46953362 0.278959 5.9578 0.900105 0.081572 0.027769
235200 -9177.04790386 942.85092474 0.284505 5.9578 0.900105 0.081572 0.019786
235300 -9177.50078938 916.01655822 0.276408 5.9578 0.900105 0.081572 0.005525
235400 -9172.48944690 925.00096222 0.279119 5.9578 0.900105 0.081572 0.006018
235500 -9177.00106056 944.82186542 0.285100 5.9626 0.903494 0.080169 -0.006152
235600 -9167.09506522 944.65988473 0.285051 5.9626 0.903494 0.080169 0.016116
235700 -9164.93709687 918.63660121 0.277199 5.9626 0.903494 0.080169 -0.008134
235800 -9159.84653800 907.08455735 0.273713 5.9626 0.903494 0.080169 0.000361
235900 -9171.91001759 910.55812889 0.274761 5.9626 0.903494 0.080169 -0.004642
236000 -9190.94780531 917.66425390 0.276905 5.9662 0.901375 0.079378 -0.025884
236100 -9183.68205925 948.54435477 0.286223 5.9662 0.901375 0.079378 0.007839
236200 -9183.90644818 926.93237243 0.279702 5.9662 0.901375 0.079378 -0.010570
236300 -9167.09952035 917.21407772 0.276769 5.9662 0.901375 0.079378 0.041557
236400 -9211.42959219 919.54185897 0.277472 5.9662 0.901375 0.079378 -0.062880
236500 -9176.42965853 916.15909957 0.276451 5.9590 0.900990 0.081779 0.040984
236600 -9181.00684865 930.38727028 0.280744 5.9590 0.900990 0.081779 0.005491
236700 -9157.12407897 902.50120692 0.272330 5.9590 0.900990 0.081779 0.039017
236800 -9168.65318891 919.62075292 0.277496 5.9590 0.900990 0.081779 0.032681
236900 -9157.45961401 926.77818215 0.279655 5.9590 0.900990 0.081779 0.031360
237000 -9180.56792986 929.96502023 0.280617 5.9668 0.898965 0.081639 -0.032288
237100 -9193.99963076 901.38316419 0.271993 5.9668 0.898965 0.081639 -0.055380
237200 -9196.04352282 934.10123245 0.281865 5.9668 0.898965 0.081639 -0.051912
237300 -9156.25185998 900.15842916 0.271623 5.9668 0.898965 0.081639 0.048981
237400 -9173.55651112 933.09355692 0.281561 5.9668 0.898965 0.081639 0.023615
237500 -9190.49643054 924.00783938 0.278820 5.9632 0.901848 0.081407 -0.020805
237600 -9177.52718521 913.31513986 0.275593 5.9632 0.901848 0.081407 0.001045
237700 -9174.91993928 915.54058049 0.276265 5.9632 0.901848 0.081407 -0.000412
237800 -9187.50496963 938.37517055 0.283155 5.9632 0.901848 0.081407 -0.016146
237900 -9155.96826191 935.74951603 0.282363 5.9632 0.901848 0.081407 0.046251
238000 -9174.67616849 936.46276574 0.282578 5.9644 0.902426 0.080930 0.004268
238100 -9140.99796065 923.00337981 0.278516 5.9644 0.902426 0.080930 0.069599
238200 -9171.91511825 930.15751431 0.280675 5.9644 0.902426 0.080930 -0.007964
238300 -9166.87892127 924.68542302 0.279024 5.9644 0.902426 0.080930 -0.007019
238400 -9162.95121984 948.25008994 0.286135 5.9644 0.902426 0.080930 0.015006
238500 -9162.90639294 937.75654244 0.282968 5.9644 0.899605 0.079529 0.013269
238600 -9192.05027958 932.67757947 0.281436 5.9644 0.899605 0.079529 -0.047969
238700 -9196.57287619 931.52508202 0.281088 5.9644 0.899605 0.079529 -0.050471
238800 -9177.58966027 945.15088710 0.285199 5.9644 0.899605 0.079529 -0.005098
238900 -9170.42262645 938.99574055 0.283342 5.9644 0.899605 0.079529 0.011006
239000 -9172.44436408 942.93021216 0.284529 5.9596 0.902235 0.079989 0.010027
239100 -9191.17774680 937.56537939 0.282910 5.9596 0.902235 0.079989 -0.037433
239200 -9176.31533519 920.21606359 0.277675 5.9596 0.902235 0.079989 -0.003137
239300 -9183.79684145 926.76107945 0.279650 5.9596 0.902235 0.079989 -0.032160
239400 -9177.12343818 911.37845239 0.275009 5.9596 0.902235 0.079989 -0.001766
239500 -9191.88619418 896.49450849 0.270517 5.9686 0.904069 0.078828 -0.037999
239600 -9192.58058211 912.24966912 0.275271 5.9686 0.904069 0.078828 -0.002903
239700 -9185.74893399 938.58497767 0.283218 5.9686 0.904069 0.078828 0.006751
239800 -9188.07170989 939.03420073 0.283354 5.9686 0.904069 0.078828 -0.010487
239900 -9192.32777880 901.80215793 0.272119 5.9686 0.904069 0.078828 -0.023503
240000 -9179.42019784 937.78154192 0.282976 5.9674 0.901613 0.079557 0.017440
240100 -9166.38561794 919.08891216 0.277335 5.9674 0.901613 0.079557 0.035051
240200 -9154.91018650 920.26294744 0.277689 5.9674 0.901613 0.079557 0.056909
240300 -9174.49842641 927.60036596 0.279904 5.9674 0.901613 0.079557 0.002005
240400 -9168.57826306 935.29484849 0.282225 5.9674 0.901613 0.079557 0.017405
240500 -9180.98124543 952.54569247 0.287431 5.9590 0.899885 0.080005 -0.008450
240600 -9157.67231635 931.72792069 0.281149 5.9590 0.899885 0.080005 0.048036
240700 -9159.68604086 919.99857144 0.277610 5.9590 0.899885 0.080005 -0.003457
240800 -9166.23106650 935.03717957 0.282148 5.9590 0.899885 0.080005 -0.017615
240900 -9180.42714389 935.95926188 0.282426 5.9590 0.899885 0.080005 -0.038537
241000 -9174.25794652 935.15552428 0.282183 5.9680 0.902364 0.079887 -0.022660
241100 -9169.24424756 909.39274102 0.274409 5.9680 0.902364 0.079887 -0.020035
241200 -9178.89285451 927.14402759 0.279766 5.9680 0.902364 0.079887 -0.010078
241300 -9171.83088993 920.82798225 0.277860 5.9680 0.902364 0.079887 0.004089
241400 -9160.67201733 932.73738531 0.281454 5.9680 0.902364 0.079887 0.034686
241500 -9152.12532534 945.77490830 0.285388 5.9650 0.898762 0.081882 0.039197
241600 -9171.14083169 932.56234847 0.281401 5.9650 0.898762 0.081882 -0.015088
241700 -9168.43999125 911.43126049 0.275025 5.9650 0.898762 0.081882 -0.016976
241800 -9188.24770362 960.15499089 0.289727 5.9650 0.898762 0.081882 -0.048898
241900 -9167.84227463 911.26410774 0.274974 5.9650 0.898762 0.081882 -0.017319
242000 -9175.47097387 926.42218110 0.279548 5.9626 0.900647 0.081655 -0.018558
242100 -9181.73684918 931.00675573 0.280931 5.9626 0.900647 0.081655 -0.026709
242200 -9175.24480920 919.07853336 0.277332 5.9626 0.900647 0.081655 -0.024684
242300 -9187.76379795 930.93353531 0.280909 5.9626 0.900647 0.081655 -0.013332
242400 -9196.92944377 919.13804391 0.277350 5.9626 0.900647 0.081655 -0.027170
242500 -9161.52795939 896.70735479 0.270582 5.9626 0.896696 0.080975 0.049601
242600 -9159.42865688 910.89448788 0.274863 5.9626 0.896696 0.080975 0.039862
242700 -9188.35329219 911.14878981 0.274939 5.9626 0.896696 0.080975 -0.024054
242800 -9177.15295791 885.17757585 0.267102 5.9626 0.896696 0.080975 0.011806
242900 -9192.17364013 925.73014975 0.279339 5.9626 0.896696 0.080975 -0.029179
243000 -9190.74443053 921.62396146 0.278100 5.9650 0.900728 0.079230 -0.014868
243100 -9185.98279966 928.70586317 0.280237 5.9650 0.900728 0.079230 -0.001558
243200 -9137.00033871 910.35087863 0.274699 5.9650 0.900728 0.079230 0.082465
243300 -9174.82707056 923.45367285 0.278652 5.9650 0.900728 0.079230 0.020281
243400 -9205.51480468 931.22596879 0.280998 5.9650 0.900728 0.079230 -0.050487
243500 -9166.18056968 919.38946625 0.277426 5.9686 0.896124 0.081359 0.030729
243600 -9194.63427442 922.69104984 0.278422 5.9686 0.896124 0.081359 -0.022511
243700 -9160.62299280 916.77331464 0.276636 5.9686 0.896124 0.081359 0.055855
243800 -9151.10341468 917.96039816 0.276995 5.9686 0.896124 0.081359 0.049536
243900 -9172.65209693 910.41522978 0.274718 5.9686 0.896124 0.081359 -0.004032
244000 -9172.42523601 910.34071809 0.274695 5.9638 0.898588 0.081459 0.010295
244100 -9167.70496855 920.11178681 0.277644 5.9638 0.898588 0.081459 0.026186
244200 -9180.47866339 910.97510966 0.274887 5.9638 0.898588 0.081459 -0.011569
244300 -9201.10025508 926.08517837 0.279446 5.9638 0.898588 0.081459 -0.052162
244400 -9200.56108434 913.64612072 0.275693 5.9638 0.898588 0.081459 -0.057522
244500 -9216.14243032 919.57233658 0.277481 5.9638 0.901718 0.079428 -0.049489
244600 -9196.62052356 910.93195477 0.274874 5.9638 0.901718 0.079428 -0.008097
244700 -9195.45960222 902.40391101 0.272301 5.9638 0.901718 0.079428 -0.020724
244800 -9196.96665797 922.70941005 0.278428 5.9638 0.901718 0.079428 -0.001054
244900 -9192.28070091 913.07042247 0.275519 5.9638 0.901718 0.079428 -0.001219
245000 -9199.16264055 911.08179706 0.274919 5.9680 0.901857 0.079458 -0.022752
245100 -9194.18626546 930.79860345 0.280869 5.9680 0.901857 0.079458 -0.001770
245200 -9184.17042556 950.58766468 0.286840 5.9680 0.901857 0.079458 0.031884
245300 -9171.12435029 942.19482481 0.284307 5.9680 0.901857 0.079458 0.016211
245400 -9193.61006715 951.63841418 0.287157 5.9680 0.901857 0.079458 -0.023863
245500 -9194.54601618 939.61504696 0.283529 5.9656 0.902625 0.079211 -0.027980
245600 -9186.50072381 939.81061238 0.283588 5.9656 0.902625 0.079211 -0.022808
245700 -9183.47823172 923.86026555 0.278775 5.9656 0.902625 0.079211 -0.023902
245800 -9176.78370111 947.63481366 0.285949 5.9656 0.902625 0.079211 0.000610
245900 -9160.27860594 919.35818375 0.277416 5.9656 0.902625 0.079211 0.026647
246000 -9169.32035986 931.46376767 0.281069 5.9638 0.902323 0.080329 0.024948
246100 -9184.57218845 954.22361995 0.287937 5.9638 0.902323 0.080329 -0.015325
246200 -9183.25884979 926.02228035 0.279427 5.9638 0.902323 0.080329 -0.021824
246300 -9181.31200580 927.29275778 0.279811 5.9638 0.902323 0.080329 -0.014327
246400 -9174.36511720 939.76197399 0.283573 5.9638 0.902323 0.080329 0.014576
246500 -9190.87704914 922.85310415 0.278471 5.9740 0.900202 0.079210 -0.032585
246600 -9190.19573983 930.11206078 0.280661 5.9740 0.900202 0.079210 -0.030700
246700 -9198.12291284 916.03360828 0.276413 5.9740 0.900202 0.079210 -0.044362
246800 -9179.88160216 918.28525234 0.277093 5.9740 0.900202 0.079210 0.014025
246900 -9177.54173002 955.61474566 0.288357 5.9740 0.900202 0.079210 0.028519
247000 -9163.09419467 932.98844748 0.281529 5.9692 0.897729 0.081332 0.038260
247100 -9171.60536953 922.08141446 0.278238 5.9692 0.897729 0.081332 0.004744
247200 -9201.73947708 944.97445289 0.285146 5.9692 0.897729 0.081332 -0.057291
247300 -9190.09609210 921.96470233 0.278203 5.9692 0.897729 0.081332 -0.017497
247400 -9186.28839649 922.85938509 0.278473 5.9692 0.897729 0.081332 -0.004057
247500 -9191.18933289 937.75812687 0.282969 5.9722 0.901055 0.078923 -0.020282
247600 -9175.28025795 924.83169572 0.279068 5.9722 0.901055 0.078923 0.015198
247700 -9191.33415100 963.14488669 0.290629 5.9722 0.901055 0.078923 -0.011110
247800 -9192.60016391 917.64292612 0.276899 5.9722 0.901055 0.078923 -0.039336
247900 -9183.83550339 939.04488958 0.283357 5.9722 0.901055 0.078923 -0.011384
248000 -9180.78003743 939.64254561 0.283537 5.9668 0.900310 0.079720 -0.002062
248100 -9210.10667895 919.24727500 0.277383 5.9668 0.900310 0.079720 -0.063863
248200 -9217.86529947 908.12164739 0.274026 5.9668 0.900310 0.079720 -0.065517
248300 -9198.17463209 929.61647264 0.280512 5.9668 0.900310 0.079720 -0.011515
248400 -9194.52404009 926.23739650 0.279492 5.9668 0.900310 0.079720 -0.017670
248500 -9199.48429138 924.00633425 0.278819 5.9704 0.903365 0.079337 -0.032003
248600 -9188.34508924 906.48995101 0.273533 5.9704 0.903365 0.079337 0.001840
248700 -9173.95394741 899.15239167 0.271319 5.9704 0.903365 0.079337 0.020298
248800 -9217.05602008 913.28127834 0.275583 5.9704 0.903365 0.079337 -0.058508
248900 -9197.09783112 909.31069250 0.274385 5.9704 0.903365 0.079337 -0.008127
249000 -9172.76576847 920.41019654 0.277734 5.9608 0.903084 0.080107 0.069679
249100 -9181.26696155 941.24327960 0.284020 5.9608 0.903084 0.080107 0.032671
249200 -9189.29686487 927.09491759 0.279751 5.9608 0.903084 0.080107 0.004802
249300 -9176.82530179 900.98249900 0.271872 5.9608 0.903084 0.080107 0.014588
249400 -9181.39174385 910.88506401 0.274860 5.9608 0.903084 0.080107 0.008673
249500 -9177.13851728 903.27251502 0.272563 5.9572 0.903964 0.080930 0.032199
249600 -9179.07016883 926.11687734 0.279456 5.9572 0.903964 0.080930 0.030879
249700 -9181.21653783 945.96195862 0.285444 5.9572 0.903964 0.080930 0.008574
249800 -9208.31468132 943.39858736 0.284671 5.9572 0.903964 0.080930 -0.056902
249900 -9178.52263248 907.14221316 0.273730 5.9572 0.903964 0.080930 -0.001997
250000 -9182.35610759 907.23856514 0.273759 5.9644 0.902083 0.081716 0.021659
250100 -9180.20393411 912.25509094 0.275273 5.9644 0.902083 0.081716 0.005537
250200 -9179.41582462 922.57117400 0.278386 5.9644 0.902083 0.081716 0.016209
250300 -9141.05096358 931.82379892 0.281178 5.9644 0.902083 0.081716 0.087434
250400 -9156.45012809 917.83475239 0.276957 5.9644 0.902083 0.081716 0.032677
250500 -9200.08829374 949.25965817 0.286439 5.9656 0.904861 0.078889 -0.044432
250600 -9190.00133386 943.63896254 0.284743 5.9656 0.904861 0.078889 -0.009105
250700 -9173.65539110 931.91228123 0.281205 5.9656 0.904861 0.078889 0.019147
250800 -9159.66478167 926.65873582 0.279619 5.9656 0.904861 0.078889 0.033282
250900 -9187.65900198 928.05691374 0.280041 5.9656 0.904861 0.078889 -0.030954
251000 -9180.07409967 905.60010761 0.273265 5.9632 0.902499 0.080619 -0.015550
251100 -9185.67582116 918.55315933 0.277174 5.9632 0.902499 0.080619 -0.004981
251200 -9191.39846910 920.86788627 0.277872 5.9632 0.902499 0.080619 -0.009785
251300 -9174.67997035 912.28736838 0.275283 5.9632 0.902499 0.080619 0.029830
251400 -9165.56422928 916.93554079 0.276685 5.9632 0.902499 0.080619 0.028455
251500 -9172.91793087 918.87529348 0.277271 5.9656 0.901387 0.080045 0.019847
251600 -9181.31978470 932.61617595 0.281417 5.9656 0.901387 0.080045 0.012875
251700 -9184.84810497 932.60609653 0.281414 5.9656 0.901387 0.080045 0.000731
251800 -9199.37594578 948.80435373 0.286302 5.9656 0.901387 0.080045 -0.039136
251900 -9162.06523791 919.82079021 0.277556 5.9656 0.901387 0.080045 0.040707
252000 -9172.44244040 937.41920035 0.282866 5.9632 0.898133 0.081330 0.017942
252100 -9171.48318999 935.01317988 0.282140 5.9632 0.898133 0.081330 0.007125
252200 -9161.45966130 919.88388911 0.277575 5.9632 0.898133 0.081330 0.011804
252300 -9163.14719319 936.79922445 0.282679 5.9632 0.898133 0.081330 0.022999
252400 -9153.66857719 928.32503710 0.280122 5.9632 0.898133 0.081330 0.023356
252500 -9137.88480543 942.54171259 0.284412 5.9650 0.898058 0.082368 0.054670
252600 -9153.41554010 953.83654708 0.287820 5.9650 0.898058 0.082368 0.025379
252700 -9161.29464721 911.82366193 0.275143 5.9650 0.898058 0.082368 -0.023858
252800 -9168.18323675 928.17152046 0.280076 5.9650 0.898058 0.082368 -0.008702
252900 -9191.96675747 936.92558677 0.282717 5.9650 0.898058 0.082368 -0.072334
253000 -9179.48640941 934.47351125 0.281978 5.9614 0.902318 0.081226 -0.023491
253100 -9197.03730652 939.35484360 0.283450 5.9614 0.902318 0.081226 -0.064923
253200 -9187.96118327 931.77155957 0.281162 5.9614 0.902318 0.081226 -0.030345
253300 -9186.17421171 930.31095396 0.280721 5.9614 0.902318 0.081226 -0.015871
253400 -9185.42463072 912.76448143 0.275427 5.9614 0.902318 0.081226 -0.017949
253500 -9177.56019608 904.04348518 0.272795 5.9680 0.903201 0.080802 0.016556
253600 -9186.85188640 938.51688860 0.283198 5.9680 0.903201 0.080802 -0.012836
253700 -9171.51218062 917.97809333 0.277000 5.9680 0.903201 0.080802 0.006921
253800 -9163.54043209 922.61057322 0.278398 5.9680 0.903201 0.080802 0.044462
253900 -9177.60727586 931.94618659 0.281215 5.9680 0.903201 0.080802 -0.001474
254000 -9178.70193013 927.20521455 0.279784 5.9674 0.903160 0.080290 -0.017004
254100 -9203.07784970 934.47194293 0.281977 5.9674 0.903160 0.080290 -0.059302
254200 -9175.64597395 920.95726154 0.277899 5.9674 0.903160 0.080290 0.014147
254300 -9167.46418300 925.07297074 0.279141 5.9674 0.903160 0.080290 0.036998
254400 -9199.21693124 934.28426648 0.281920 5.9674 0.903160 0.080290 -0.048175
254500 -9188.56760780 931.16450949 0.280979 5.9716 0.901152 0.079968 -0.003435
254600 -9190.95396184 922.67320557 0.278417 5.9716 0.901152 0.079968 -0.008019
254700 -9175.61276905 925.70590999 0.279332 5.9716 0.901152 0.079968 0.028972
254800 -9196.26738769 920.67526824 0.277814 5.9716 0.901152 0.079968 -0.028482
254900 -9187.42757509 923.53570041 0.278677 5.9716 0.901152 0.079968 0.012426
255000 -9177.94411498 924.16756499 0.278868 5.9686 0.902710 0.079035 0.021509
255100 -9181.07571250 930.56023686 0.280797 5.9686 0.902710 0.079035 0.006560
255200 -9166.19979898 945.24147008 0.285227 5.9686 0.902710 0.079035 0.028732
255300 -9139.69367529 905.10056016 0.273114 5.9686 0.902710 0.079035 0.059494
255400 -9166.81267848 916.91400016 0.276679 5.9686 0.902710 0.079035 0.007760
255500 -9196.36668255 958.72519068 0.289295 5.9686 0.904868 0.079164 -0.042248
255600 -9162.49369027 937.09184815 0.282768 5.9686 0.904868 0.079164 0.014626
255700 -9150.23781529 948.97124708 0.286352 5.9686 0.904868 0.079164 0.043059
255800 -9150.00847879 916.52567458 0.276562 5.9686 0.904868 0.079164 0.022654
255900 -9166.63533514 914.65191570 0.275996 5.9686 0.904868 0.079164 -0.000801
256000 -9143.91049659 928.75353018 0.280252 5.9674 0.901488 0.081401 0.040325
256100 -9172.45335126 931.42705298 0.281058 5.9674 0.901488 0.081401 -0.029769
256200 -9154.32817109 933.25811416 0.281611 5.9674 0.901488 0.081401 0.023218
256300 -9165.71105061 944.01610335 0.284857 5.9674 0.901488 0.081401 -0.020743
256400 -9153.15099950 922.73901485 0.278437 5.9674 0.901488 0.081401 0.006083
256500 -9173.72327848 945.71740123 0.285370 5.9740 0.901597 0.079614 -0.030226
256600 -9178.32658072 921.24828962 0.277987 5.9740 0.901597 0.079614 -0.031184
256700 -9178.37100019 933.52390164 0.281691 5.9740 0.901597 0.079614 -0.000259
256800 -9181.00785886 933.51541155 0.281688 5.9740 0.901597 0.079614 -0.032916
256900 -9180.42675907 907.67650057 0.273892 5.9740 0.901597 0.079614 -0.001454
257000 -9165.61149640 923.83949363 0.278769 5.9662 0.899856 0.080526 0.014470
257100 -9150.60057157 899.38282521 0.271389 5.9662 0.899856 0.080526 0.039338
257200 -9173.64883265 946.02299298 0.285463 5.9662 0.899856 0.080526 -0.001171
257300 -9170.29842634 927.48346667 0.279868 5.9662 0.899856 0.080526 0.008499
257400 -9155.45395163 918.45090750 0.277143 5.9662 0.899856 0.080526 0.034041
257500 -9169.65320263 918.00997018 0.277010 5.9626 0.904259 0.079548 -0.001090
257600 -9181.39645996 922.44439210 0.278348 5.9626 0.904259 0.079548 -0.018996
257700 -9186.29845149 948.94794662 0.286345 5.9626 0.904259 0.079548 -0.038405
257800 -9184.91279815 940.52138248 0.283802 5.9626 0.904259 0.079548 -0.019271
257900 -9178.06069957 921.90978207 0.278186 5.9626 0.904259 0.079548 -0.011829
258000 -9199.34785170 934.67250399 0.282038 5.9608 0.901482 0.080832 -0.028458
258100 -9166.84491404 908.05299801 0.274005 5.9608 0.901482 0.080832 0.011208
258200 -9178.30396086 927.17561538 0.279775 5.9608 0.901482 0.080832 -0.012377
258300 -9181.38760435 920.53230801 0.277771 5.9608 0.901482 0.080832 -0.012905
258400 -9169.76771841 942.02495064 0.284256 5.9608 0.901482 0.080832 0.024784
258500 -9193.95074970 931.91509658 0.281206 5.9656 0.904309 0.078405 -0.035412
258600 -9181.28505663 924.61231425 0.279002 5.9656 0.904309 0.078405 -0.015612
258700 -9184.58321320 927.65310793 0.279919 5.9656 0.904309 0.078405 -0.021067
258800 -9201.33417378 935.38836349 0.282254 5.9656 0.904309 0.078405 -0.055658
258900 -9201.11832784 935.23300985 0.282207 5.9656 0.904309 0.078405 -0.035090
259000 -9189.66230934 905.16279224 0.273133 5.9674 0.904214 0.080398 -0.018075
259100 -9190.40363937 922.36081823 0.278323 5.9674 0.904214 0.080398 -0.003519
259200 -9169.82139097 914.92083093 0.276077 5.9674 0.904214 0.080398 0.044357
259300 -9193.59928103 917.17768252 0.276759 5.9674 0.904214 0.080398 -0.009958
259400 -9184.32694449 933.66407134 0.281733 5.9674 0.904214 0.080398 0.017893
259500 -9183.10722262 934.25838787 0.281913 5.9602 0.904767 0.080373 0.015654
259600 -9194.17539131 941.80256693 0.284189 5.9602 0.904767 0.080373 -0.015100
259700 -9169.68425092 916.11716150 0.276438 5.9602 0.904767 0.080373 0.018739
259800 -9196.59257899 917.71772494 0.276921 5.9602 0.904767 0.080373 -0.037413
259900 -9198.89054997 915.57751086 0.276276 5.9602 0.904767 0.080373 -0.024533
260000 -9184.32707568 923.89155152 0.278784 5.9674 0.900473 0.080076 0.020468
260100 -9172.79433369 926.76977100 0.279653 5.9674 0.900473 0.080076 0.025271
260200 -9170.48022873 919.56817444 0.277480 5.9674 0.900473 0.080076 0.020809
260300 -9184.37581092 925.14462957 0.279163 5.9674 0.900473 0.080076 0.000173
260400 -9179.61588292 924.75051367 0.279044 5.9674 0.900473 0.080076 -0.005961
260500 -9181.98856003 933.80419353 0.281776 5.9644 0.903819 0.078150 -0.004976
260600 -9158.28067390 925.85941723 0.279378 5.9644 0.903819 0.078150 0.047284
260700 -9146.33126915 935.45509055 0.282274 5.9644 0.903819 0.078150 0.053273
260800 -9156.72001098 926.90209205 0.279693 5.9644 0.903819 0.078150 0.018572
260900 -9189.19078469 946.62607458 0.285645 5.9644 0.903819 0.078150 -0.045210
261000 -9167.61494114 946.24012654 0.285528 5.9656 0.901602 0.080225 -0.001390
261100 -9170.62771477 945.05578782 0.285171 5.9656 0.901602 0.080225 -0.014074
261200 -9179.41635037 953.11437906 0.287602 5.9656 0.901602 0.080225 -0.044941
261300 -9171.21575016 906.95374875 0.273673 5.9656 0.901602 0.080225 -0.017582
261400 -9175.78397425 932.58536416 0.281408 5.9656 0.901602 0.080225 -0.013733
261500 -9162.11082448 941.18882954 0.284004 5.9596 0.901861 0.080233 0.018672
261600 -9157.66600259 930.46417474 0.280768 5.9596 0.901861 0.080233 0.005085
261700 -9133.90202629 920.70199136 0.277822 5.9596 0.901861 0.080233 0.058784
261800 -9160.17066259 946.51285120 0.285610 5.9596 0.901861 0.080233 0.002165
261900 -9177.34570567 945.10407606 0.285185 5.9596 0.901861 0.080233 -0.050730
262000 -9185.10436319 923.71636032 0.278732 5.9680 0.902038 0.078485 -0.053148
262100 -9173.18321572 910.17482105 0.274645 5.9680 0.902038 0.078485 -0.010253
262200 -9173.38531541 905.41285603 0.273208 5.9680 0.902038 0.078485 0.005336
262300 -9195.06008315 919.15857230 0.277356 5.9680 0.902038 0.078485 -0.038212
262400 -9177.10313154 945.58366229 0.285330 5.9680 0.902038 0.078485 0.022621
262500 -9200.16857716 933.99674586 0.281834 5.9710 0.904601 0.078753 -0.054502
262600 -9184.22952112 907.33218881 0.273788 5.9710 0.904601 0.078753 -0.022929
262700 -9186.45106425 923.47468088 0.278659 5.9710 0.904601 0.078753 -0.014553
262800 -9191.91260475 940.74403470 0.283870 5.9710 0.904601 0.078753 -0.018001
262900 -9164.61132439 914.40035201 0.275920 5.9710 0.904601 0.078753 0.034144
263000 -9175.17954100 931.36816153 0.281040 5.9716 0.899721 0.079923 0.017794
263100 -9191.04372094 912.92990071 0.275477 5.9716 0.899721 0.079923 -0.033551
263200 -9175.41236280 904.76948392 0.273014 5.9716 0.899721 0.079923 0.026409
263300 -9148.86629513 906.77880417 0.273621 5.9716 0.899721 0.079923 0.084973
263400 -9183.58662804 918.46847233 0.277148 5.9716 0.899721 0.079923 -0.016721
263500 -9201.60444444 926.63854735 0.279613 5.9626 0.904942 0.079431 -0.027142
263600 -9172.12207543 943.74020676 0.284774 5.9626 0.904942 0.079431 0.035119
263700 -9154.41107244 905.64072353 0.273277 5.9626 0.904942 0.079431 0.052011
263800 -9173.23511170 914.85750597 0.276058 5.9626 0.904942 0.079431 0.023451
263900 -9160.52409969 925.36863037 0.279230 5.9626 0.904942 0.079431 0.039476
264000 -9167.44797127 937.73962858 0.282963 5.9740 0.897785 0.080735 0.012105
264100 -9171.08680375 927.67408209 0.279926 5.9740 0.897785 0.080735 0.008930
264200 -9164.59610458 914.04656002 0.275814 5.9740 0.897785 0.080735 0.023959
264300 -9179.52201946 909.55834194 0.274459 5.9740 0.897785 0.080735 -0.002367
264400 -9187.18974278 938.75021796 0.283268 5.9740 0.897785 0.080735 0.003017
264500 -9191.01392436 949.03601921 0.286372 5.9716 0.903424 0.079853 -0.034048
264600 -9177.96833826 910.78343867 0.274829 5.9716 0.903424 0.079853 -0.024615
264700 -9174.34328471 931.73504636 0.281151 5.9716 0.903424 0.079853 0.005796
264800 -9194.80542583 951.96897792 0.287257 5.9716 0.903424 0.079853 -0.027159
264900 -9186.39425075 911.26514558 0.274974 5.9716 0.903424 0.079853 -0.023521
265000 -9175.17299309 929.85646582 0.280584 5.9698 0.900400 0.079537 0.018641
265100 -9201.78554365 927.91889650 0.280000 5.9698 0.900400 0.079537 -0.043507
265200 -9205.44974446 901.54158219 0.272040 5.9698 0.900400 0.079537 -0.043773
265300 -9185.84315198 910.24227414 0.274666 5.9698 0.900400 0.079537 0.032757
265400 -9176.79439176 915.41403367 0.276226 5.9698 0.900400 0.079537 0.040154
265500 -9197.53942820 934.78617601 0.282072 5.9710 0.901254 0.077594 -0.015144
265600 -9214.52216647 902.63432532 0.272370 5.9710 0.901254 0.077594 -0.065261
265700 -9219.12053828 897.76086018 0.270899 5.9710 0.901254 0.077594 -0.050082
265800 -9214.68996966 921.44608143 0.278046 5.9710 0.901254 0.077594 -0.024086
265900 -9182.69108780 923.67584325 0.278719 5.9710 0.901254 0.077594 0.053288
266000 -9186.73013951 910.23828510 0.274665 5.9710 0.903379 0.079035 0.031002
266100 -9195.75223061 934.16699347 0.281885 5.9710 0.903379 0.079035 0.012919
266200 -9196.41061372 930.01779221 0.280633 5.9710 0.903379 0.079035 0.008068
266300 -9201.62027334 924.40769108 0.278940 5.9710 0.903379 0.079035 0.000611
266400 -9201.32068315 924.02697951 0.278825 5.9710 0.903379 0.079035 -0.014294
266500 -9177.36609097 908.05402878 0.274005 5.9716 0.901498 0.079914 0.032512
266600 -9218.54549903 930.01202386 0.280631 5.9716 0.901498 0.079914 -0.035196
266700 -9211.21717847 901.78870414 0.272115 5.9716 0.901498 0.079914 -0.014875
266800 -9213.11862845 906.69612771 0.273596 5.9716 0.901498 0.079914 -0.010782
266900 -9199.80564229 916.80217654 0.276645 5.9716 0.901498 0.079914 0.010402
267000 -9185.09338932 931.55795103 0.281098 5.9734 0.902314 0.078473 0.028275
267100 -9163.74201710 957.67892729 0.288980 5.9734 0.902314 0.078473 0.056508
267200 -9193.15147262 927.36653011 0.279833 5.9734 0.902314 0.078473 -0.013918
267300 -9162.80724177 940.08800576 0.283672 5.9734 0.902314 0.078473 0.031770
267400 -9192.44495234 969.62762428 0.292585 5.9734 0.902314 0.078473 -0.028506
267500 -9174.42605059 954.09472242 0.287898 5.9686 0.901307 0.079937 0.004829
267600 -9165.27272129 920.00917573 0.277613 5.9686 0.901307 0.079937 0.005082
267700 -9177.82863215 921.10865921 0.277945 5.9686 0.901307 0.079937 -0.012424
267800 -9178.81115621 905.73215929 0.273305 5.9686 0.901307 0.079937 0.000206
267900 -9216.20836812 930.76954672 0.280860 5.9686 0.901307 0.079937 -0.066628
268000 -9201.93057342 900.07217526 0.271597 5.9638 0.907171 0.078624 -0.005063
268100 -9203.59373208 921.72129466 0.278130 5.9638 0.907171 0.078624 -0.011965
268200 -9178.89512158 902.06897373 0.272199 5.9638 0.907171 0.078624 0.034426
268300 -9202.43448755 949.91344259 0.286637 5.9638 0.907171 0.078624 -0.019173
268400 -9161.42752413 919.60456186 0.277491 5.9638 0.907171 0.078624 0.070744
268500 -9190.58548227 923.94002301 0.278799 5.9722 0.901213 0.078313 -0.007596
268600 -9204.84680913 937.38452819 0.282856 5.9722 0.901213 0.078313 -0.020481
268700 -9193.86158441 920.49434580 0.277759 5.9722 0.901213 0.078313 0.002478
268800 -9194.40263435 913.01616648 0.275503 5.9722 0.901213 0.078313 0.007988
268900 -9184.23060268 900.05823053 0.271593 5.9722 0.901213 0.078313 0.034615
269000 -9186.43965761 920.59433394 0.277789 5.9698 0.902114 0.078861 0.027333
269100 -9195.14285360 921.21455815 0.277977 5.9698 0.902114 0.078861 -0.008638
269200 -9181.38544281 929.11584854 0.280361 5.9698 0.902114 0.078861 0.017215
269300 -9182.67995691 931.38811538 0.281047 5.9698 0.902114 0.078861 0.008226
269400 -9162.85928848 932.63690053 0.281423 5.9698 0.902114 0.078861 0.049347
269500 -9173.16724833 924.19164066 0.278875 5.9680 0.901544 0.079557 0.022036
269600 -9151.74317964 935.12695216 0.282175 5.9680 0.901544 0.079557 0.069644
269700 -9143.67154116 929.15872168 0.280374 5.9680 0.901544 0.079557 0.069671
269800 -9162.41334697 946.80077960 0.285697 5.9680 0.901544 0.079557 0.020856
269900 -9160.31688198 933.54948417 0.281699 5.9680 0.901544 0.079557 0.016733
270000 -9154.72752064 888.65855788 0.268153 5.9656 0.900393 0.082256 0.014874
270100 -9179.84468975 920.45760146 0.277748 5.9656 0.900393 0.082256 -0.008649
270200 -9177.60615253 935.18083321 0.282191 5.9656 0.900393 0.082256 -0.001413
270300 -9196.88555275 956.91194235 0.288748 5.9656 0.900393 0.082256 -0.056849
270400 -9160.71146471 946.76745117 0.285687 5.9656 0.900393 0.082256 0.002301
270500 -9160.91859660 953.64191150 0.287762 5.9662 0.897036 0.080530 0.015779
270600 -9193.69730142 922.94669993 0.278499 5.9662 0.897036 0.080530 -0.055581
270700 -9167.10731620 923.66483013 0.278716 5.9662 0.897036 0.080530 0.008936
270800 -9177.93216872 926.78850032 0.279659 5.9662 0.897036 0.080530 -0.024020
270900 -9183.36591534 923.29254194 0.278604 5.9662 0.897036 0.080530 -0.013780
271000 -9197.93935231 918.11328367 0.277041 5.9734 0.904017 0.078136 -0.024658
271100 -9210.35059296 928.99395760 0.280324 5.9734 0.904017 0.078136 -0.039824
271200 -9185.76434036 907.27517522 0.273770 5.9734 0.904017 0.078136 0.014927
271300 -9210.72158542 920.40642759 0.277733 5.9734 0.904017 0.078136 -0.039612
271400 -9200.04580145 928.59410878 0.280203 5.9734 0.904017 0.078136 0.004134
271500 -9224.27605093 929.13197392 0.280366 5.9704 0.907805 0.077516 -0.050997
271600 -9203.02467047 929.72141346 0.280544 5.9704 0.907805 0.077516 -0.001374
271700 -9207.22354157 909.94314222 0.274575 5.9704 0.907805 0.077516 -0.019504
271800 -9191.18267329 913.94939519 0.275784 5.9704 0.907805 0.077516 0.024217
271900 -9182.56602966 919.11810892 0.277344 5.9704 0.907805 0.077516 0.046293
272000 -9184.69420908 908.13791576 0.274031 5.9698 0.902554 0.080254 0.035490
272100 -9200.64581145 930.93819876 0.280911 5.9698 0.902554 0.080254 -0.014326
272200 -9183.76981664 917.70284169 0.276917 5.9698 0.902554 0.080254 0.017444
272300 -9176.57403845 938.77607127 0.283276 5.9698 0.902554 0.080254 0.029990
272400 -9166.66468705 927.40281746 0.279844 5.9698 0.902554 0.080254 0.038120
272500 -9174.95428334 915.55926452 0.276270 5.9662 0.898971 0.080060 0.021301
272600 -9182.79246661 926.66469826 0.279621 5.9662 0.898971 0.080060 -0.026534
272700 -9192.06665037 928.33371816 0.280125 5.9662 0.898971 0.080060 -0.034364
272800 -9209.98816016 954.37341227 0.287982 5.9662 0.898971 0.080060 -0.035481
272900 -9172.73383705 926.27718925 0.279504 5.9662 0.898971 0.080060 0.010052
273000 -9181.07333111 937.97764973 0.283035 5.9638 0.902092 0.079637 -0.005297
273100 -9188.47913882 938.54851243 0.283207 5.9638 0.902092 0.079637 -0.019373
273200 -9177.86139525 926.47398620 0.279564 5.9638 0.902092 0.079637 -0.010649
273300 -9188.41785226 940.69618459 0.283855 5.9638 0.902092 0.079637 -0.021147
273400 -9147.12334434 927.39970204 0.279843 5.9638 0.902092 0.079637 0.059254
273500 -9161.03152833 944.01771171 0.284857 5.9783 0.899470 0.080615 0.017944
273600 -9148.98698576 920.21546248 0.277675 5.9783 0.899470 0.080615 0.031128
273700 -9177.58462671 953.16525312 0.287618 5.9783 0.899470 0.080615 -0.007390
273800 -9173.96576724 942.56462983 0.284419 5.9783 0.899470 0.080615 0.000029
273900 -9164.68896993 945.63175770 0.285345 5.9783 0.899470 0.080615 0.016001
274000 -9170.85352304 937.57269311 0.282913 5.9668 0.900447 0.080349 -0.007669
274100 -9204.25958983 932.12153880 0.281268 5.9668 0.900447 0.080349 -0.063909
274200 -9199.85677274 924.85906399 0.279076 5.9668 0.900447 0.080349 -0.041362
274300 -9171.38099726 920.44666975 0.277745 5.9668 0.900447 0.080349 0.027036
274400 -9153.65355227 925.83740227 0.279372 5.9668 0.900447 0.080349 0.061418
274500 -9188.70393769 949.78609415 0.286598 5.9620 0.902005 0.080557 -0.011588
274600 -9175.31116914 922.51313643 0.278368 5.9620 0.902005 0.080557 0.002675
274700 -9186.73639657 969.01204386 0.292400 5.9620 0.902005 0.080557 -0.030006
274800 -9194.56332941 926.07423778 0.279443 5.9620 0.902005 0.080557 -0.061290
274900 -9159.89430877 913.26652351 0.275578 5.9620 0.902005 0.080557 0.023354
275000 -9200.04707775 945.07597809 0.285177 5.9674 0.903672 0.080001 -0.059774
275100 -9192.94212602 939.94734548 0.283629 5.9674 0.903672 0.080001 -0.026954
275200 -9188.59018083 910.72252005 0.274811 5.9674 0.903672 0.080001 -0.018459
275300 -9189.21971098 926.84963189 0.279677 5.9674 0.903672 0.080001 -0.003641
275400 -9200.98296384 924.88562891 0.279084 5.9674 0.903672 0.080001 -0.023430
275500 -9193.73471532 936.96197800 0.282728 5.9686 0.904376 0.079571 0.002134
275600 -9187.49464115 925.33933924 0.279221 5.9686 0.904376 0.079571 0.003240
275700 -9174.09566295 937.60474633 0.282922 5.9686 0.904376 0.079571 0.034684
275800 -9195.66268394 939.30936373 0.283437 5.9686 0.904376 0.079571 -0.025795
275900 -9196.58886847 930.78412826 0.280864 5.9686 0.904376 0.079571 -0.016258
276000 -9171.65549455 926.20448041 0.279482 5.9656 0.904605 0.079682 0.041901
276100 -9179.35146262 928.51741059 0.280180 5.9656 0.904605 0.079682 0.005554
276200 -9183.46714460 922.50668574 0.278367 5.9656 0.904605 0.079682 -0.015993
276300 -9161.73583890 924.96610945 0.279109 5.9656 0.904605 0.079682 0.040558
276400 -9204.24761438 925.49413762 0.279268 5.9656 0.904605 0.079682 -0.040255
276500 -9207.79230704 916.98732846 0.276701 5.9632 0.906104 0.078624 -0.044942
276600 -9171.26251886 933.82962545 0.281783 5.9632 0.906104 0.078624 0.024527
276700 -9158.15974592 933.43336886 0.281664 5.9632 0.906104 0.078624 0.073011
276800 -9182.19677483 968.16333824 0.292143 5.9632 0.906104 0.078624 -0.017449
276900 -9170.25961948 953.85871006 0.287827 5.9632 0.906104 0.078624 -0.001502
277000 -9174.88998294 940.67258990 0.283848 5.9674 0.900806 0.079837 0.012043
277100 -9178.02618356 927.46147544 0.279862 5.9674 0.900806 0.079837 -0.015531
277200 -9207.20712447 937.93777118 0.283023 5.9674 0.900806 0.079837 -0.071413
277300 -9170.21477060 908.32906009 0.274088 5.9674 0.900806 0.079837 0.021949
277400 -9167.40710694 922.63376459 0.278405 5.9674 0.900806 0.079837 0.031021
277500 -9193.25088999 943.72687308 0.284770 5.9632 0.901113 0.079607 -0.034450
277600 -9143.72871954 925.56000163 0.279288 5.9632 0.901113 0.079607 0.061321
277700 -9165.02100939 932.00335406 0.281232 5.9632 0.901113 0.079607 0.004056
277800 -9160.20852622 931.73192905 0.281150 5.9632 0.901113 0.079607 0.009935
277900 -9182.34563992 936.49132565 0.282586 5.9632 0.901113 0.079607 -0.021649
278000 -9187.51061716 928.52109881 0.280181 5.9728 0.901631 0.079180 -0.047199
278100 -9196.45721700 920.53928584 0.277773 5.9728 0.901631 0.079180 -0.047404
278200 -9178.87148360 943.13250645 0.284590 5.9728 0.901631 0.079180 0.010290
278300 -9178.75632907 949.74795003 0.286587 5.9728 0.901631 0.079180 0.003090
278400 -9156.22585869 920.08987148 0.277637 5.9728 0.901631 0.079180 0.032457
278500 -9148.46386527 925.52162186 0.279276 5.9722 0.901818 0.080991 0.058839
278600 -9180.79540194 949.72258915 0.286579 5.9722 0.901818 0.080991 -0.007461
278700 -9176.63250088 937.74535237 0.282965 5.9722 0.901818 0.080991 0.000625
278800 -9172.15101066 924.39660455 0.278937 5.9722 0.901818 0.080991 -0.001937
278900 -9186.95718813 942.60910910 0.284432 5.9722 0.901818 0.080991 -0.026557
279000 -9197.56291318 929.61307826 0.280511 5.9716 0.900078 0.079372 -0.037113
279100 -9184.85211121 903.64138684 0.272674 5.9716 0.900078 0.079372 -0.013189
279200 -9178.98101999 914.98565547 0.276097 5.9716 0.900078 0.079372 0.025782
279300 -9192.28295561 951.63679124 0.287157 5.9716 0.900078 0.079372 0.001750
279400 -9193.12697939 942.05184287 0.284264 5.9716 0.900078 0.079372 -0.019293
279500 -9189.96938336 926.78737065 0.279658 5.9620 0.903689 0.079385 -0.001040
279600 -9185.06215919 947.59024554 0.285935 5.9620 0.903689 0.079385 -0.003190
279700 -9180.01617355 910.23457978 0.274663 5.9620 0.903689 0.079385 0.018915
279800 -9181.91955993 926.47035260 0.279563 5.9620 0.903689 0.079385 0.020627
279900 -9164.42963851 935.08454727 0.282162 5.9620 0.903689 0.079385 0.021153
280000 -9168.89200846 950.06595589 0.286683 5.9686 0.900562 0.079791 0.024020
280100 -9170.31560548 936.94555114 0.282723 5.9686 0.900562 0.079791 0.021829
280200 -9164.18760519 930.29806746 0.280718 5.9686 0.900562 0.079791 0.010139
280300 -9179.33442788 934.95755995 0.282124 5.9686 0.900562 0.079791 -0.013149
280400 -9191.93662204 917.89906447 0.276976 5.9686 0.900562 0.079791 -0.037764
280500 -9185.03556266 919.63069212 0.277499 5.9692 0.903206 0.080646 -0.007904
280600 -9193.57697875 925.16027565 0.279167 5.9692 0.903206 0.080646 -0.011907
280700 -9202.47821682 912.50632610 0.275349 5.9692 0.903206 0.080646 -0.015919
280800 -9194.64080140 938.28289767 0.283127 5.9692 0.903206 0.080646 -0.004569
280900 -9196.43797022 915.65305576 0.276298 5.9692 0.903206 0.080646 -0.016308
281000 -9186.13718160 943.81042328 0.284795 5.9704 0.901951 0.079109 0.012178
281100 -9183.97929405 913.26130164 0.275577 5.9704 0.901951 0.079109 -0.011535
281200 -9187.48696680 913.96774328 0.275790 5.9704 0.901951 0.079109 0.000694
281300 -9188.67422096 925.68023914 0.279324 5.9704 0.901951 0.079109 0.005386
281400 -9197.16268196 932.81396687 0.281477 5.9704 0.901951 0.079109 -0.001503
281500 -9193.35781909 911.96968871 0.275187 5.9638 0.905514 0.079713 -0.001477
281600 -9190.22561450 905.64196226 0.273278 5.9638 0.905514 0.079713 0.006915
281700 -9218.89606612 892.81321321 0.269407 5.9638 0.905514 0.079713 -0.035934
281800 -9228.94093010 904.43702487 0.272914 5.9638 0.905514 0.079713 -0.061483
281900 -9207.18525187 887.13131242 0.267692 5.9638 0.905514 0.079713 -0.001179
282000 -9218.69280861 924.99227142 0.279117 5.9728 0.903931 0.078058 -0.021945
282100 -9211.87401637 915.40168890 0.276223 5.9728 0.903931 0.078058 -0.014613
282200 -9219.60472477 910.42428664 0.274721 5.9728 0.903931 0.078058 -0.033932
282300 -9217.15631581 890.42441018 0.268686 5.9728 0.903931 0.078058 -0.010092
282400 -9210.83626603 883.65652757 0.266643 5.9728 0.903931 0.078058 0.001296
282500 -9198.98518395 919.95953658 0.277598 5.9692 0.901360 0.079047 0.039334
282600 -9205.82793468 933.11613851 0.281568 5.9692 0.901360 0.079047 0.014384
282700 -9210.91888139 920.30168722 0.277701 5.9692 0.901360 0.079047 0.006935
282800 -9194.18855749 908.21832571 0.274055 5.9692 0.901360 0.079047 0.044574
282900 -9178.58529784 915.95236828 0.276389 5.9692 0.901360 0.079047 0.047820
283000 -9201.10738052 911.91015368 0.275169 5.9632 0.905518 0.078780 -0.005237
283100 -9196.08731823 911.95941270 0.275184 5.9632 0.905518 0.078780 0.009219
283200 -9215.16510477 921.77733725 0.278146 5.9632 0.905518 0.078780 -0.045310
283300 -9215.35621414 925.29220031 0.279207 5.9632 0.905518 0.078780 -0.026301
283400 -9190.95325657 932.39678451 0.281351 5.9632 0.905518 0.078780 0.016029
283500 -9173.68545585 947.12078835 0.285794 5.9753 0.899038 0.079182 0.042927
283600 -9206.37731045 948.36823002 0.286170 5.9753 0.899038 0.079182 -0.044101
283700 -9189.54565460 921.33955041 0.278014 5.9753 0.899038 0.079182 -0.000501
283800 -9170.23236384 926.16992947 0.279472 5.9753 0.899038 0.079182 0.039852
283900 -9201.68866502 934.71891010 0.282052 5.9753 0.899038 0.079182 -0.029541
284000 -9173.82369646 940.08045652 0.283669 5.9662 0.903991 0.078902 0.028760
284100 -9143.74439949 913.49103044 0.275646 5.9662 0.903991 0.078902 0.072660
284200 -9201.22183534 911.58431904 0.275071 5.9662 0.903991 0.078902 -0.037344
284300 -9188.51538983 908.41860546 0.274115 5.9662 0.903991 0.078902 0.000632
284400 -9193.81600013 912.30556724 0.275288 5.9662 0.903991 0.078902 -0.004124
284500 -9204.58589452 927.70215212 0.279934 5.9638 0.906058 0.078201 -0.009575
284600 -9192.44392454 927.35304096 0.279829 5.9638 0.906058 0.078201 0.010716
284700 -9189.95761348 943.45377097 0.284687 5.9638 0.906058 0.078201 0.004935
284800 -9175.32432182 915.23456044 0.276172 5.9638 0.906058 0.078201 0.033259
284900 -9210.35883171 936.49210581 0.282587 5.9638 0.906058 0.078201 -0.047750
285000 -9212.09007309 920.93192919 0.277891 5.9704 0.903923 0.078549 -0.057816
285100 -9172.56399625 907.99005873 0.273986 5.9704 0.903923 0.078549 0.034297
285200 -9163.85756965 922.95468582 0.278502 5.9704 0.903923 0.078549 0.056025
285300 -9194.98752989 949.26129294 0.286440 5.9704 0.903923 0.078549 0.000591
285400 -9178.39789512 929.72769377 0.280545 5.9704 0.903923 0.078549 0.014011
285500 -9173.15347838 932.63497570 0.281423 5.9686 0.898213 0.080567 0.024550
285600 -9158.36316661 940.27704242 0.283729 5.9686 0.898213 0.080567 0.048987
285700 -9163.93932400 954.55453499 0.288037 5.9686 0.898213 0.080567 0.031709
285800 -9179.27967252 948.64815746 0.286255 5.9686 0.898213 0.080567 -0.023259
285900 -9153.92779985 909.35013443 0.274397 5.9686 0.898213 0.080567 0.027782
286000 -9184.25080990 926.86934910 0.279683 5.9674 0.898299 0.081478 -0.020778
286100 -9183.11928189 921.01753286 0.277917 5.9674 0.898299 0.081478 -0.008263
286200 -9181.93862915 930.51362662 0.280783 5.9674 0.898299 0.081478 -0.000806
286300 -9180.75977440 917.66371843 0.276905 5.9674 0.898299 0.081478 -0.011808
286400 -9179.43328479 920.52914103 0.277770 5.9674 0.898299 0.081478 0.005060
286500 -9164.47330878 916.40007742 0.276524 5.9559 0.901085 0.082147 0.028511
286600 -9171.34444459 922.30830276 0.278307 5.9559 0.901085 0.082147 0.008439
286700 -9169.14834389 929.05442428 0.280342 5.9559 0.901085 0.082147 0.006104
286800 -9179.36203290 930.13185632 0.280667 5.9559 0.901085 0.082147 -0.009717
286900 -9187.72000285 941.17103247 0.283999 5.9559 0.901085 0.082147 -0.019839
287000 -9183.15856737 951.98689054 0.287262 5.9596 0.902258 0.081119 -0.028070
287100 -9169.04243416 941.53632746 0.284109 5.9596 0.902258 0.081119 -0.012039
287200 -9155.98511102 938.47791633 0.283186 5.9596 0.902258 0.081119 0.006687
287300 -9162.79509311 931.93465636 0.281211 5.9596 0.902258 0.081119 0.014125
287400 -9172.41993546 941.86640770 0.284208 5.9596 0.902258 0.081119 0.008095
287500 -9191.59938174 925.37377254 0.279232 5.9632 0.904134 0.079102 -0.039424
287600 -9174.81518689 944.80043322 0.285094 5.9632 0.904134 0.079102 0.008714
287700 -9162.66544095 911.55868584 0.275063 5.9632 0.904134 0.079102 0.013085
287800 -9177.39019907 950.69005773 0.286871 5.9632 0.904134 0.079102 -0.010880
287900 -9137.83207730 915.74962317 0.276328 5.9632 0.904134 0.079102 0.068635
288000 -9147.95206972 908.97466974 0.274283 5.9547 0.900123 0.082465 0.022794
288100 -9175.60697006 915.76114595 0.276331 5.9547 0.900123 0.082465 -0.030309
288200 -9161.27786159 914.08068540 0.275824 5.9547 0.900123 0.082465 -0.003701
288300 -9172.82491593 928.31702692 0.280120 5.9547 0.900123 0.082465 0.003973
288400 -9163.05671022 924.93609508 0.279100 5.9547 0.900123 0.082465 0.028644
288500 -9172.44234966 922.92697954 0.278493 5.9590 0.901843 0.081656 0.003635
288600 -9167.18373020 904.32871197 0.272881 5.9590 0.901843 0.081656 0.011474
288700 -9166.48348280 920.87220948 0.277873 5.9590 0.901843 0.081656 0.002861
288800 -9171.08650272 941.59699031 0.284127 5.9590 0.901843 0.081656 -0.002580
288900 -9170.64814321 928.42229467 0.280152 5.9590 0.901843 0.081656 -0.000658
289000 -9167.88635826 925.92182526 0.279397 5.9650 0.900780 0.080589 -0.000273
289100 -9162.35371793 950.03621406 0.286674 5.9650 0.900780 0.080589 0.026523
289200 -9172.17387917 936.26407834 0.282518 5.9650 0.900780 0.080589 -0.015700
289300 -9181.36372173 925.95534775 0.279407 5.9650 0.900780 0.080589 -0.030487
289400 -9191.03087535 925.36863944 0.279230 5.9650 0.900780 0.080589 -0.040592
289500 -9176.91926944 942.02788643 0.284257 5.9620 0.902864 0.079723 -0.000850
289600 -9185.13928609 958.72891473 0.289297 5.9620 0.902864 0.079723 -0.010353
289700 -9175.21816113 945.37840741 0.285268 5.9620 0.902864 0.079723 -0.012858
289800 -9168.91431086 939.34368879 0.283447 5.9620 0.902864 0.079723 -0.010707
289900 -9182.19947420 924.29477281 0.278906 5.9620 0.902864 0.079723 -0.036136
290000 -9209.87984363 930.01666502 0.280633 5.9650 0.903468 0.080234 -0.078941
290100 -9213.11096720 932.14301529 0.281274 5.9650 0.903468 0.080234 -0.070701
290200 -9183.13105591 906.32663857 0.273484 5.9650 0.903468 0.080234 -0.005803
290300 -9202.35598428 925.32555337 0.279217 5.9650 0.903468 0.080234 -0.041054
290400 -9184.06757449 912.51417150 0.275351 5.9650 0.903468 0.080234 0.007745
290500 -9213.67474010 890.71091697 0.268772 5.9662 0.905986 0.079312 -0.061187
290600 -9213.88577231 923.57716772 0.278690 5.9662 0.905986 0.079312 -0.032121
290700 -9183.62675616 907.90473219 0.273960 5.9662 0.905986 0.079312 0.040388
290800 -9198.46876461 925.20882432 0.279182 5.9662 0.905986 0.079312 -0.001387
290900 -9198.99390742 918.04799900 0.277021 5.9662 0.905986 0.079312 0.009202
291000 -9205.18564246 911.55098794 0.275061 5.9686 0.902759 0.079043 -0.009878
291100 -9211.80985887 896.54966016 0.270534 5.9686 0.902759 0.079043 -0.025614
291200 -9178.46169416 897.08073522 0.270694 5.9686 0.902759 0.079043 0.060847
291300 -9198.75588818 920.94008164 0.277894 5.9686 0.902759 0.079043 -0.002878
291400 -9197.93748695 921.21758427 0.277978 5.9686 0.902759 0.079043 -0.004094
291500 -9187.32964960 906.65229658 0.273582 5.9680 0.902822 0.078874 0.020739
291600 -9188.75093603 926.68093492 0.279626 5.9680 0.902822 0.078874 0.030345
291700 -9180.56720877 902.38544594 0.272295 5.9680 0.902822 0.078874 0.036216
291800 -9168.78211983 939.44067106 0.283476 5.9680 0.902822 0.078874 0.073585
291900 -9163.51790001 911.52143712 0.275052 5.9680 0.902822 0.078874 0.054849
292000 -9150.08567806 907.45557932 0.273825 5.9680 0.900155 0.080050 0.070909
292100 -9175.51293253 941.88228374 0.284213 5.9680 0.900155 0.080050 0.005854
292200 -9179.73221466 918.90034834 0.277278 5.9680 0.900155 0.080050 -0.009456
292300 -9194.84315565 908.58592312 0.274166 5.9680 0.900155 0.080050 -0.037273
292400 -9207.27926377 895.70085968 0.270278 5.9680 0.900155 0.080050 -0.042039
292500 -9192.94248647 916.62656174 0.276592 5.9650 0.903732 0.079503 0.002415
292600 -9182.17946327 901.14626105 0.271921 5.9650 0.903732 0.079503 0.016655
292700 -9183.49624337 880.51779487 0.265696 5.9650 0.903732 0.079503 0.027733
292800 -9211.73309064 925.36325231 0.279229 5.9650 0.903732 0.079503 -0.004984
292900 -9177.68640093 936.52306391 0.282596 5.9650 0.903732 0.079503 0.048414
293000 -9189.04867603 902.04593029 0.272192 5.9620 0.902822 0.079397 0.020172
293100 -9173.32215021 903.10459289 0.272512 5.9620 0.902822 0.079397 0.040975
293200 -9197.80602616 918.83386191 0.277258 5.9620 0.902822 0.079397 -0.023656
293300 -9159.44781834 912.72786248 0.275416 5.9620 0.902822 0.079397 0.051071
293400 -9197.87321270 925.00176480 0.279119 5.9620 0.902822 0.079397 -0.013897
293500 -9185.59432377 922.35878356 0.278322 5.9656 0.899452 0.081042 -0.001099
293600 -9161.31019930 928.09182582 0.280052 5.9656 0.899452 0.081042 0.061359
293700 -9160.18241744 931.21638022 0.280995 5.9656 0.899452 0.081042 0.058751
293800 -9170.81422480 971.00177410 0.293000 5.9656 0.899452 0.081042 0.028381
293900 -9130.41850729 930.64032973 0.280821 5.9656 0.899452 0.081042 0.070826
294000 -9155.84790057 960.33719489 0.289782 5.9632 0.902493 0.081508 0.001707
294100 -9140.52674987 928.82658372 0.280274 5.9632 0.902493 0.081508 0.027879
294200 -9160.29239412 943.49193219 0.284699 5.9632 0.902493 0.081508 0.009523
294300 -9146.45591691 939.49145743 0.283492 5.9632 0.902493 0.081508 0.022990
294400 -9168.45504708 952.88715054 0.287534 5.9632 0.902493 0.081508 -0.034682
294500 -9148.14592256 933.61410453 0.281718 5.9638 0.899748 0.082503 0.016102
294600 -9162.18065027 934.97805868 0.282130 5.9638 0.899748 0.082503 -0.005573
294700 -9148.04961700 938.03546948 0.283052 5.9638 0.899748 0.082503 0.036292
294800 -9138.39704698 928.15540556 0.280071 5.9638 0.899748 0.082503 0.038779
294900 -9153.92829828 930.08060338 0.280652 5.9638 0.899748 0.082503 -0.003368
295000 -9148.66490824 940.81567415 0.283891 5.9650 0.899612 0.081683 0.010917
295100 -9177.22286350 948.79126536 0.286298 5.9650 0.899612 0.081683 -0.032330
295200 -9178.12364303 926.99013748 0.279719 5.9650 0.899612 0.081683 -0.020141
295300 -9186.96290009 919.18608115 0.277365 5.9650 0.899612 0.081683 -0.028539
295400 -9188.41451569 915.59189918 0.276280 5.9650 0.899612 0.081683 -0.017219
295500 -9186.65360955 934.43072856 0.281965 5.9638 0.904202 0.079514 -0.008406
295600 -9170.21324294 894.48550457 0.269911 5.9638 0.904202 0.079514 0.015816
295700 -9167.18887851 940.01060197 0.283648 5.9638 0.904202 0.079514 0.035953
295800 -9170.18169083 915.38969393 0.276219 5.9638 0.904202 0.079514 0.008068
295900 -9186.23431826 913.01628839 0.275503 5.9638 0.904202 0.079514 -0.029124
296000 -9191.49475932 915.39807156 0.276222 5.9740 0.900074 0.079389 -0.027281
296100 -9194.16619388 915.99220622 0.276401 5.9740 0.900074 0.079389 -0.021392
296200 -9183.43300203 919.72983074 0.277529 5.9740 0.900074 0.079389 0.018987
296300 -9190.44704739 955.54897674 0.288337 5.9740 0.900074 0.079389 -0.018379
296400 -9186.99424175 927.38651857 0.279839 5.9740 0.900074 0.079389 -0.004191
296500 -9219.42802079 948.54932858 0.286225 5.9728 0.904200 0.078912 -0.080596
296600 -9219.71146798 917.08398056 0.276730 5.9728 0.904200 0.078912 -0.066128
296700 -9207.18663256 920.14383021 0.277654 5.9728 0.904200 0.078912 -0.023524
296800 -9193.91704250 917.19808289 0.276765 5.9728 0.904200 0.078912 0.023445
296900 -9184.98597915 962.75157475 0.290510 5.9728 0.904200 0.078912 0.028818
297000 -9168.30166646 965.59376153 0.291368 5.9710 0.898456 0.080478 0.037536
297100 -9199.83299756 964.18504678 0.290943 5.9710 0.898456 0.080478 -0.042155
297200 -9191.35659776 925.48148916 0.279264 5.9710 0.898456 0.080478 -0.022303
297300 -9191.80523641 931.21815973 0.280995 5.9710 0.898456 0.080478 -0.042892
297400 -9205.48750219 936.96706643 0.282730 5.9710 0.898456 0.080478 -0.047453
297500 -9182.26647658 921.55965939 0.278081 5.9692 0.902873 0.079974 0.004212
297600 -9177.61376556 918.36655914 0.277117 5.9692 0.902873 0.079974 0.021560
297700 -9194.87558957 948.31831516 0.286155 5.9692 0.902873 0.079974 -0.012022
297800 -9196.69593385 932.07171470 0.281253 5.9692 0.902873 0.079974 -0.031934
297900 -9186.41790187 911.04567614 0.274908 5.9692 0.902873 0.079974 -0.013284
298000 -9197.50494744 909.09493312 0.274320 5.9662 0.902254 0.078033 -0.006031
298100 -9180.04011850 922.21136841 0.278277 5.9662 0.902254 0.078033 0.032143
298200 -9193.56622134 960.83123693 0.289931 5.9662 0.902254 0.078033 0.013137
298300 -9173.01223096 939.01950735 0.283349 5.9662 0.902254 0.078033 0.012759
298400 -9173.99891795 912.25897681 0.275274 5.9662 0.902254 0.078033 -0.000917
298500 -9197.64036694 939.80729617 0.283587 5.9716 0.903135 0.077399 -0.046475
298600 -9166.97214493 911.74618999 0.275120 5.9716 0.903135 0.077399 0.039634
298700 -9185.49024722 938.11392249 0.283076 5.9716 0.903135 0.077399 -0.029742
298800 -9171.85188042 935.26472000 0.282216 5.9716 0.903135 0.077399 0.012748
298900 -9160.19154649 916.17946021 0.276457 5.9716 0.903135 0.077399 0.029352
299000 -9187.24325403 947.71211425 0.285972 5.9662 0.904000 0.078812 -0.009265
299100 -9150.43427087 910.64492771 0.274787 5.9662 0.904000 0.078812 0.065892
299200 -9158.26441775 933.65632148 0.281731 5.9662 0.904000 0.078812 0.037376
299300 -9165.37229996 944.39291246 0.284971 5.9662 0.904000 0.078812 0.015739
299400 -9195.26173698 894.08283456 0.269790 5.9662 0.904000 0.078812 -0.048670
299500 -9223.21507857 914.95231445 0.276087 5.9662 0.905588 0.078328 -0.096818
299600 -9202.49561526 908.17529853 0.274042 5.9662 0.905588 0.078328 -0.028248
299700 -9163.48024262 929.08802779 0.280352 5.9662 0.905588 0.078328 0.081875
299800 -9195.55182845 934.08645144 0.281861 5.9662 0.905588 0.078328 -0.007227
299900 -9193.15234375 921.48896064 0.278059 5.9662 0.905588 0.078328 -0.030004
300000 -9215.69687062 926.99026376 0.279719 5.9644 0.902464 0.079560 -0.057313
300100 -9201.37336301 913.77399950 0.275731 5.9644 0.902464 0.079560 -0.019436
300200 -9166.13542676 909.43764267 0.274423 5.9644 0.902464 0.079560 0.054168
300300 -9192.25408976 932.02311982 0.281238 5.9644 0.902464 0.079560 -0.011990
300400 -9175.77429874 916.28084490 0.276488 5.9644 0.902464 0.079560 0.031878
300500 -9194.98264034 908.94816193 0.274275 5.9620 0.904650 0.079756 -0.022295
300600 -9206.88677733 903.57006393 0.272652 5.9620 0.904650 0.079756 -0.058776
300700 -9200.17962921 881.31267922 0.265936 5.9620 0.904650 0.079756 -0.023565
300800 -9214.06853969 910.99496597 0.274893 5.9620 0.904650 0.079756 -0.037842
300900 -9192.83166575 949.48455058 0.286507 5.9620 0.904650 0.079756 0.017693
301000 -9194.20433904 931.70743708 0.281143 5.9626 0.899648 0.080767 0.005703
301100 -9194.96762448 922.80532950 0.278457 5.9626 0.899648 0.080767 0.006298
301200 -9191.31713696 911.89256656 0.275164 5.9626 0.899648 0.080767 0.019284
301300 -9207.43936100 931.93536921 0.281212 5.9626 0.899648 0.080767 -0.017185
301400 -9179.91738528 913.59551116 0.275678 5.9626 0.899648 0.080767 0.021748
301500 -9166.83886367 932.54715158 0.281396 5.9620 0.897567 0.080645 0.057376
301600 -9166.69521308 931.93233477 0.281211 5.9620 0.897567 0.080645 0.043193
301700 -9150.03131859 937.23940862 0.282812 5.9620 0.897567 0.080645 0.070470
301800 -9158.55689986 902.87529695 0.272443 5.9620 0.897567 0.080645 0.016935
301900 -9174.24336086 943.44999542 0.284686 5.9620 0.897567 0.080645 -0.021241
302000 -9171.40850814 939.74165839 0.283567 5.9740 0.897494 0.080012 0.005066
302100 -9186.33041135 921.41947644 0.278038 5.9740 0.897494 0.080012 -0.039390
302200 -9190.71239367 942.06493858 0.284268 5.9740 0.897494 0.080012 -0.010655
302300 -9186.16172024 915.91948245 0.276379 5.9740 0.897494 0.080012 -0.016334
302400 -9179.43491099 908.38433580 0.274105 5.9740 0.897494 0.080012 -0.000951
302500 -9165.79650144 897.55712415 0.270838 5.9650 0.898778 0.081719 0.044764
302600 -9180.88338641 929.24107494 0.280399 5.9650 0.898778 0.081719 0.016405
302700 -9205.30733789 921.36262213 0.278021 5.9650 0.898778 0.081719 -0.036280
302800 -9189.66074102 938.60953717 0.283226 5.9650 0.898778 0.081719 0.000636
302900 -9195.24770029 907.26465688 0.273767 5.9650 0.898778 0.081719 -0.020226
303000 -9202.46339710 927.25544465 0.279799 5.9710 0.904253 0.078222 -0.026728
303100 -9202.91138925 901.48500265 0.272023 5.9710 0.904253 0.078222 -0.016533
303200 -9203.07606673 900.55748081 0.271743 5.9710 0.904253 0.078222 -0.015107
303300 -9222.52252579 899.50888075 0.271427 5.9710 0.904253 0.078222 -0.038711
303400 -9226.05775836 935.24437576 0.282210 5.9710 0.904253 0.078222 -0.039355
303500 -9211.85742820 923.42513299 0.278644 5.9722 0.903574 0.078495 -0.005417
303600 -9227.19024533 926.57091684 0.279593 5.9722 0.903574 0.078495 -0.057895
303700 -9212.84471201 910.79744381 0.274833 5.9722 0.903574 0.078495 -0.016652
303800 -9230.62239343 934.34750073 0.281939 5.9722 0.903574 0.078495 -0.040241
303900 -9229.00163369 946.89698621 0.285726 5.9722 0.903574 0.078495 -0.035388
304000 -9191.55977082 928.16088775 0.280073 5.9771 0.903155 0.078866 0.015214
304100 -9177.63035277 909.14627620 0.274335 5.9771 0.903155 0.078866 0.045231
304200 -9211.67749741 952.65623939 0.287464 5.9771 0.903155 0.078866 -0.025119
304300 -9193.36653774 933.20694708 0.281595 5.9771 0.903155 0.078866 0.007313
304400 -9187.41836001 946.90668168 0.285729 5.9771 0.903155 0.078866 0.011298
304500 -9165.64921423 891.46844611 0.269001 5.9638 0.901462 0.080406 0.062144
304600 -9180.51726434 938.63646661 0.283234 5.9638 0.901462 0.080406 0.020622
304700 -9203.89539589 955.75335387 0.288399 5.9638 0.901462 0.080406 -0.028018
304800 -9197.34744012 928.83924707 0.280277 5.9638 0.901462 0.080406 -0.034464
304900 -9190.05864628 916.96240527 0.276694 5.9638 0.901462 0.080406 -0.008100
305000 -9192.74606344 932.81689152 0.281478 5.9674 0.903475 0.079228 -0.003561
305100 -9191.71038561 936.10413176 0.282470 5.9674 0.903475 0.079228 0.018060
305200 -9182.56809528 919.42007630 0.277435 5.9674 0.903475 0.079228 0.016162
305300 -9195.87659474 937.55922253 0.282909 5.9674 0.903475 0.079228 -0.008970
305400 -9178.60938436 913.45551032 0.275635 5.9674 0.903475 0.079228 0.028040
305500 -9180.26435771 921.68992772 0.278120 5.9716 0.902664 0.079740 0.011171
305600 -9197.99038349 917.28672842 0.276791 5.9716 0.902664 0.079740 -0.033382
305700 -9188.56885288 897.87095539 0.270933 5.9716 0.902664 0.079740 -0.003483
305800 -9175.60083412 916.68663835 0.276610 5.9716 0.902664 0.079740 0.028714
305900 -9174.06537088 909.11618023 0.274326 5.9716 0.902664 0.079740 0.038924
306000 -9212.48294822 916.34669391 0.276508 5.9747 0.902058 0.078517 -0.060870
306100 -9205.34002610 933.88430491 0.281800 5.9747 0.902058 0.078517 -0.023210
306200 -9188.24409734 920.83332957 0.277862 5.9747 0.902058 0.078517 0.019308
306300 -9207.72057188 910.53690743 0.274755 5.9747 0.902058 0.078517 -0.037680
306400 -9202.37174421 910.71932302 0.274810 5.9747 0.902058 0.078517 0.003661
306500 -9206.56050690 910.48803823 0.274740 5.9698 0.903480 0.077739 -0.004987
306600 -9201.63204045 898.00985325 0.270975 5.9698 0.903480 0.077739 -0.008759
306700 -9208.80773667 908.13339119 0.274029 5.9698 0.903480 0.077739 -0.011183
306800 -9210.71325678 945.06868333 0.285175 5.9698 0.903480 0.077739 -0.007349
306900 -9188.06680311 931.88423680 0.281196 5.9698 0.903480 0.077739 0.030487
307000 -9160.55905534 907.63177003 0.273878 5.9698 0.899944 0.080359 0.062001
307100 -9179.28099725 911.18015232 0.274949 5.9698 0.899944 0.080359 0.032645
307200 -9200.45313396 915.67672449 0.276306 5.9698 0.899944 0.080359 -0.007977
307300 -9198.75051626 900.17914207 0.271629 5.9698 0.899944 0.080359 -0.003435
307400 -9190.90451168 918.94926053 0.277293 5.9698 0.899944 0.080359 0.007817
307500 -9177.80258437 914.60067792 0.275981 5.9644 0.904266 0.078820 0.044686
307600 -9184.95907955 921.43355097 0.278043 5.9644 0.904266 0.078820 0.023236
307700 -9185.07597221 937.02443721 0.282747 5.9644 0.904266 0.078820 0.022957
307800 -9178.27089487 929.24581343 0.280400 5.9644 0.904266 0.078820 0.030715
307900 -9210.05366818 946.60398415 0.285638 5.9644 0.904266 0.078820 -0.047774
308000 -9182.22005812 923.65088548 0.278712 5.9620 0.905347 0.080943 0.007319
308100 -9196.80838959 919.51814781 0.277465 5.9620 0.905347 0.080943 -0.035212
308200 -9182.69557480 913.70941697 0.275712 5.9620 0.905347 0.080943 0.001172
308300 -9177.46707930 930.60633407 0.280811 5.9620 0.905347 0.080943 0.007634
308400 -9195.67611571 922.71073593 0.278428 5.9620 0.905347 0.080943 -0.036892
308500 -9194.33671904 929.57101494 0.280498 5.9656 0.900807 0.080446 -0.023039
308600 -9171.82806830 935.45219894 0.282273 5.9656 0.900807 0.080446 0.019138
308700 -9186.91411027 948.93673053 0.286342 5.9656 0.900807 0.080446 -0.023429
308800 -9195.62521502 940.43489891 0.283776 5.9656 0.900807 0.080446 -0.031729
308900 -9198.79252074 935.92676243 0.282416 5.9656 0.900807 0.080446 -0.042856
309000 -9190.26533209 923.76607209 0.278747 5.9716 0.901744 0.079932 -0.025464
309100 -9183.08247355 929.07183179 0.280348 5.9716 0.901744 0.079932 -0.006188
309200 -9178.59845148 924.41915267 0.278944 5.9716 0.901744 0.079932 0.022054
309300 -9177.99516911 918.11975406 0.277043 5.9716 0.901744 0.079932 0.028724
309400 -9173.53960388 910.58882985 0.274770 5.9716 0.901744 0.079932 0.025886
309500 -9177.53216111 930.01531136 0.280632 5.9710 0.900643 0.079828 0.003293
309600 -9171.53840763 917.53229755 0.276866 5.9710 0.900643 0.079828 0.008433
309700 -9191.19642345 891.86473610 0.269120 5.9710 0.900643 0.079828 -0.019575
309800 -9196.70918788 903.96970664 0.272773 5.9710 0.900643 0.079828 -0.010431
309900 -9197.62334137 915.41641554 0.276227 5.9710 0.900643 0.079828 0.010513
310000 -9165.60957874 909.72618136 0.274510 5.9650 0.899940 0.082063 0.071447
310100 -9173.76249149 925.23859253 0.279191 5.9650 0.899940 0.082063 0.027555
310200 -9181.81556142 915.66662387 0.276303 5.9650 0.899940 0.082063 0.026460
310300 -9168.36218346 924.94614978 0.279103 5.9650 0.899940 0.082063 0.044291
310400 -9199.44871134 958.32200084 0.289174 5.9650 0.899940 0.082063 -0.020300
310500 -9168.65616071 949.11738547 0.286396 5.9632 0.903134 0.079364 0.028873
310600 -9159.88762808 898.77388463 0.271205 5.9632 0.903134 0.079364 0.036966
310700 -9181.68270162 914.31204590 0.275894 5.9632 0.903134 0.079364 -0.033014
310800 -9171.94063234 947.13888484 0.285799 5.9632 0.903134 0.079364 0.013480
310900 -9173.27325448 948.52200651 0.286217 5.9632 0.903134 0.079364 0.004424
311000 -9174.91093279 950.08695122 0.286689 5.9668 0.902669 0.079301 -0.004219
311100 -9166.01786763 946.47274936 0.285598 5.9668 0.902669 0.079301 -0.010102
311200 -9176.52929918 960.10637378 0.289712 5.9668 0.902669 0.079301 -0.017597
311300 -9162.36884802 934.33194483 0.281935 5.9668 0.902669 0.079301 0.004116
311400 -9164.69870012 934.11683140 0.281870 5.9668 0.902669 0.079301 0.009579
311500 -9171.58300496 952.60992614 0.287450 5.9716 0.899215 0.081302 -0.025421
311600 -9180.10391397 917.27402470 0.276788 5.9716 0.899215 0.081302 -0.037871
311700 -9183.44497013 932.32333862 0.281329 5.9716 0.899215 0.081302 -0.026526
311800 -9179.10359316 942.75320906 0.284476 5.9716 0.899215 0.081302 -0.004728
311900 -9170.15711419 935.24772224 0.282211 5.9716 0.899215 0.081302 -0.007331
312000 -9173.73087640 947.49737550 0.285907 5.9722 0.901715 0.079943 0.004163
312100 -9168.28842470 929.36527589 0.280436 5.9722 0.901715 0.079943 -0.006012
312200 -9179.33357711 948.25989154 0.286138 5.9722 0.901715 0.079943 -0.023418
312300 -9160.84299108 955.56604694 0.288342 5.9722 0.901715 0.079943 0.008993
312400 -9162.40285579 941.01174857 0.283950 5.9722 0.901715 0.079943 0.009911
312500 -9154.62441681 901.79967284 0.272118 5.9716 0.898762 0.080563 0.022059
312600 -9177.90087944 929.85004045 0.280582 5.9716 0.898762 0.080563 -0.025882
312700 -9183.55107991 935.66961493 0.282338 5.9716 0.898762 0.080563 -0.036600
312800 -9176.36417979 927.26484952 0.279802 5.9716 0.898762 0.080563 -0.010103
312900 -9180.01870537 905.33633890 0.273185 5.9716 0.898762 0.080563 -0.007792
313000 -9192.84098310 926.03556161 0.279431 5.9710 0.903811 0.079471 -0.017632
313100 -9186.60053046 909.20265648 0.274352 5.9710 0.903811 0.079471 0.009087
313200 -9181.94325225 951.20545734 0.287026 5.9710 0.903811 0.079471 0.015271
313300 -9191.59429827 958.00721291 0.289079 5.9710 0.903811 0.079471 -0.026486
313400 -9172.15785062 929.57619825 0.280500 5.9710 0.903811 0.079471 0.025719
313500 -9170.65142498 912.11668863 0.275231 5.9704 0.899197 0.080219 0.019319
313600 -9160.40705618 921.43140488 0.278042 5.9704 0.899197 0.080219 0.053620
313700 -9189.94070987 941.56070714 0.284116 5.9704 0.899197 0.080219 -0.021863
313800 -9196.95751012 907.90753640 0.273961 5.9704 0.899197 0.080219 -0.018084
313900 -9206.43470203 888.00088512 0.267954 5.9704 0.899197 0.080219 -0.029393
314000 -9230.87964579 901.13852919 0.271919 5.9668 0.904576 0.078205 -0.058404
314100 -9193.64998440 928.35143257 0.280130 5.9668 0.904576 0.078205 0.027611
314200 -9218.93074416 938.40524455 0.283164 5.9668 0.904576 0.078205 -0.031583
314300 -9184.57532845 889.27590178 0.268339 5.9668 0.904576 0.078205 0.041584
314400 -9188.83233368 926.00839103 0.279423 5.9668 0.904576 0.078205 0.018645
314500 -9191.19133930 947.76647117 0.285989 5.9680 0.900893 0.081740 0.013455
314600 -9164.02445954 916.29996863 0.276494 5.9680 0.900893 0.081740 0.042648
314700 -9193.08348480 918.88375494 0.277273 5.9680 0.900893 0.081740 -0.032247
314800 -9183.05436275 925.77017388 0.279351 5.9680 0.900893 0.081740 -0.009232
314900 -9176.38125343 917.36286662 0.276814 5.9680 0.900893 0.081740 0.019310
315000 -9184.01041209 897.83913888 0.270923 5.9656 0.905871 0.078635 0.004933
315100 -9177.16580556 929.10488020 0.280358 5.9656 0.905871 0.078635 0.013444
315200 -9183.10914616 940.23685111 0.283717 5.9656 0.905871 0.078635 -0.004477
315300 -9171.15147093 910.35402176 0.274699 5.9656 0.905871 0.078635 0.027058
315400 -9162.53624126 894.21279896 0.269829 5.9656 0.905871 0.078635 0.042972
315500 -9201.21578994 925.37714568 0.279233 5.9626 0.905974 0.079787 -0.027928
315600 -9206.73788071 923.10829203 0.278548 5.9626 0.905974 0.079787 -0.033991
315700 -9225.88761401 939.42606349 0.283472 5.9626 0.905974 0.079787 -0.069229
315800 -9208.45678812 908.97779637 0.274284 5.9626 0.905974 0.079787 -0.043585
315900 -9234.88565221 904.94086290 0.273066 5.9626 0.905974 0.079787 -0.087949
316000 -9230.06551974 873.06091593 0.263446 5.9716 0.905427 0.077959 -0.045621
316100 -9200.32297407 897.69975221 0.270881 5.9716 0.905427 0.077959 0.026234
316200 -9217.66315199 929.74268094 0.280550 5.9716 0.905427 0.077959 0.000257
316300 -9200.76869493 922.52032253 0.278371 5.9716 0.905427 0.077959 0.037130
316400 -9198.29250381 920.96753191 0.277902 5.9716 0.905427 0.077959 0.022571
316500 -9205.55770972 909.95025447 0.274578 5.9692 0.903705 0.077711 -0.001860
316600 -9199.53973100 903.27305822 0.272563 5.9692 0.903705 0.077711 0.006054
316700 -9192.69412810 915.28209096 0.276187 5.9692 0.903705 0.077711 0.016113
316800 -9181.40012581 913.30360987 0.275590 5.9692 0.903705 0.077711 0.035837
316900 -9201.32617203 923.95056793 0.278802 5.9692 0.903705 0.077711 -0.012323
317000 -9202.47389152 916.94027666 0.276687 5.9686 0.904394 0.079134 -0.013508
317100 -9207.68381070 900.80281759 0.271817 5.9686 0.904394 0.079134 -0.017848
317200 -9227.07730007 917.09531113 0.276734 5.9686 0.904394 0.079134 -0.058624
317300 -9199.26560116 919.93375261 0.277590 5.9686 0.904394 0.079134 0.026780
317400 -9226.50079725 931.72784628 0.281149 5.9686 0.904394 0.079134 -0.031177
317500 -9187.94079560 928.79619619 0.280264 5.9662 0.903565 0.080158 0.036277
317600 -9184.08084928 916.12560868 0.276441 5.9662 0.903565 0.080158 0.028865
317700 -9194.20079553 931.97588327 0.281224 5.9662 0.903565 0.080158 0.005614
317800 -9189.72033551 902.75863433 0.272408 5.9662 0.903565 0.080158 0.022017
317900 -9190.83364776 921.77547372 0.278146 5.9662 0.903565 0.080158 0.017467
318000 -9199.79607548 926.47588483 0.279564 5.9668 0.902094 0.079677 0.000136
318100 -9192.18390560 957.75203117 0.289002 5.9668 0.902094 0.079677 0.009920
318200 -9186.40707830 936.20369677 0.282500 5.9668 0.902094 0.079677 -0.003874
318300 -9204.81493304 910.61561970 0.274778 5.9668 0.902094 0.079677 -0.029878
318400 -9193.77978561 908.15279566 0.274035 5.9668 0.902094 0.079677 -0.021451
318500 -9183.00361048 910.22203261 0.274660 5.9692 0.900457 0.079241 0.004084
318600 -9194.32844232 933.13413189 0.281573 5.9692 0.900457 0.079241 -0.011603
318700 -9205.88823442 926.10527713 0.279452 5.9692 0.900457 0.079241 -0.037351
318800 -9182.39533760 922.12589931 0.278252 5.9692 0.900457 0.079241 0.017469
318900 -9180.30029890 942.13416446 0.284289 5.9692 0.900457 0.079241 0.018990
319000 -9189.39155936 992.77208667 0.299569 5.9686 0.903643 0.078277 -0.004558
319100 -9172.64918215 966.83955495 0.291744 5.9686 0.903643 0.078277 0.019187
319200 -9172.03301516 941.37975170 0.284061 5.9686 0.903643 0.078277 0.015239
319300 -9195.51473827 958.80516903 0.289320 5.9686 0.903643 0.078277 -0.047103
319400 -9176.85478671 950.83913613 0.286916 5.9686 0.903643 0.078277 -0.021990
319500 -9187.26014798 937.98580120 0.283037 5.9662 0.905218 0.079748 -0.026427
319600 -9186.31504790 957.73432785 0.288996 5.9662 0.905218 0.079748 -0.032393
319700 -9167.19983258 916.59907903 0.276584 5.9662 0.905218 0.079748 -0.002857
319800 -9180.13345130 920.11410281 0.277645 5.9662 0.905218 0.079748 -0.010979
319900 -9168.55232403 939.92024139 0.283621 5.9662 0.905218 0.079748 0.021176
320000 -9182.95683124 928.78223297 0.280260 5.9644 0.902120 0.079994 -0.011980
320100 -9226.06701393 921.56827704 0.278083 5.9644 0.902120 0.079994 -0.088579
320200 -9231.60387061 925.59010090 0.279297 5.9644 0.902120 0.079994 -0.084284
320300 -9189.89112384 894.50724231 0.269918 5.9644 0.902120 0.079994 0.030922
320400 -9196.98866565 931.53091365 0.281090 5.9644 0.902120 0.079994 0.019788
320500 -9173.62062660 930.38944116 0.280745 5.9686 0.898444 0.080473 0.056815
320600 -9184.45647358 941.98765704 0.284245 5.9686 0.898444 0.080473 0.028881
320700 -9182.54656251 931.74750025 0.281155 5.9686 0.898444 0.080473 -0.013969
320800 -9168.58909079 923.63615485 0.278707 5.9686 0.898444 0.080473 0.031224
320900 -9165.10279753 919.80469885 0.277551 5.9686 0.898444 0.080473 0.046844
321000 -9167.77207263 928.42835245 0.280153 5.9662 0.902833 0.081101 0.034110
321100 -9185.26714784 945.30028878 0.285245 5.9662 0.902833 0.081101 -0.007579
321200 -9191.12346837 933.41183904 0.281657 5.9662 0.902833 0.081101 -0.025648
321300 -9180.24951749 914.04807136 0.275814 5.9662 0.902833 0.081101 0.007808
321400 -9187.10792740 961.88416522 0.290249 5.9662 0.902833 0.081101 -0.011215
321500 -9191.43633129 951.03049239 0.286974 5.9698 0.903775 0.077875 -0.032011
321600 -9205.37258087 916.91631094 0.276680 5.9698 0.903775 0.077875 -0.060905
321700 -9199.89710463 918.76192595 0.277237 5.9698 0.903775 0.077875 -0.021743
321800 -9191.90650111 906.39719200 0.273505 5.9698 0.903775 0.077875 -0.005221
321900 -9191.03883394 948.42315886 0.286187 5.9698 0.903775 0.077875 -0.011992
322000 -9213.53107410 927.44822096 0.279858 5.9668 0.899972 0.078577 -0.053175
322100 -9195.20442639 902.13678470 0.272220 5.9668 0.899972 0.078577 -0.009043
322200 -9203.07397337 915.00742040 0.276104 5.9668 0.899972 0.078577 -0.007708
322300 -9214.32509115 915.45416577 0.276238 5.9668 0.899972 0.078577 -0.030926
322400 -9218.22151241 924.87105608 0.279080 5.9668 0.899972 0.078577 -0.020992
322500 -9203.91586077 936.86472101 0.282699 5.9662 0.901506 0.078001 0.013491
322600 -9206.34791348 936.69394818 0.282648 5.9662 0.901506 0.078001 0.005994
322700 -9171.67607172 915.22465021 0.276169 5.9662 0.901506 0.078001 0.051277
322800 -9185.93748415 948.12917782 0.286098 5.9662 0.901506 0.078001 0.007878
322900 -9196.60640303 940.84051834 0.283899 5.9662 0.901506 0.078001 -0.014959
323000 -9187.95472479 907.46201358 0.273827 5.9728 0.903459 0.079415 -0.005008
323100 -9190.80997793 945.36817594 0.285265 5.9728 0.903459 0.079415 -0.004455
323200 -9166.72883250 915.12155985 0.276138 5.9728 0.903459 0.079415 0.042115
323300 -9191.67172771 936.38925845 0.282556 5.9728 0.903459 0.079415 -0.007557
323400 -9201.05286285 921.61532327 0.278098 5.9728 0.903459 0.079415 -0.023849
323500 -9199.79647156 933.99916627 0.281834 5.9644 0.904398 0.079391 -0.025410
323600 -9192.39599833 916.41408685 0.276528 5.9644 0.904398 0.079391 0.000014
323700 -9197.02094993 922.50552247 0.278366 5.9644 0.904398 0.079391 0.001699
323800 -9167.88455527 932.90693878 0.281505 5.9644 0.904398 0.079391 0.060916
323900 -9198.22261586 934.99097320 0.282134 5.9644 0.904398 0.079391 -0.034613
324000 -9194.12904993 957.34011661 0.288878 5.9765 0.902110 0.077535 -0.023876
324100 -9198.48281390 939.63956231 0.283536 5.9765 0.902110 0.077535 -0.014572
324200 -9195.12645749 896.98329930 0.270665 5.9765 0.902110 0.077535 -0.012724
324300 -9215.99602422 916.51498263 0.276559 5.9765 0.902110 0.077535 -0.047365
324400 -9198.93518259 900.38583084 0.271692 5.9765 0.902110 0.077535 0.002234
324500 -9206.80241281 914.53298703 0.275960 5.9680 0.905124 0.078598 -0.004135
324600 -9189.26869349 933.52309219 0.281691 5.9680 0.905124 0.078598 0.019998
324700 -9199.73058358 920.80677122 0.277854 5.9680 0.905124 0.078598 0.002799
324800 -9188.51935232 922.19067211 0.278271 5.9680 0.905124 0.078598 0.017379
324900 -9188.69563569 947.72375653 0.285976 5.9680 0.905124 0.078598 0.032485
325000 -9196.41622250 952.05835496 0.287284 5.9734 0.904049 0.077677 -0.010815
325100 -9189.19547661 940.32956973 0.283745 5.9734 0.904049 0.077677 -0.000322
325200 -9180.49811655 929.74733018 0.280551 5.9734 0.904049 0.077677 0.029852
325300 -9173.89757320 920.48796126 0.277757 5.9734 0.904049 0.077677 0.039808
325400 -9195.85124377 907.31794560 0.273783 5.9734 0.904049 0.077677 -0.013847
325500 -9209.61607415 934.24453775 0.281908 5.9650 0.904546 0.078625 -0.035404
325600 -9187.11303055 917.28298269 0.276790 5.9650 0.904546 0.078625 0.011655
325700 -9178.23865695 948.19151672 0.286117 5.9650 0.904546 0.078625 0.046165
325800 -9187.88053570 935.11219813 0.282170 5.9650 0.904546 0.078625 -0.002149
325900 -9183.61964331 941.59953305 0.284128 5.9650 0.904546 0.078625 0.006051
326000 -9178.81012525 907.65486488 0.273885 5.9686 0.901866 0.079132 -0.005596
326100 -9176.37579464 939.24150485 0.283416 5.9686 0.901866 0.079132 0.004776
326200 -9158.82901239 936.45481969 0.282575 5.9686 0.901866 0.079132 0.038705
326300 -9173.73641016 953.13434258 0.287608 5.9686 0.901866 0.079132 0.003118
326400 -9172.08703280 913.42359947 0.275626 5.9686 0.901866 0.079132 0.003578
326500 -9173.44405065 917.73307755 0.276926 5.9596 0.902863 0.080607 0.015673
326600 -9181.37796526 951.69272900 0.287173 5.9596 0.902863 0.080607 -0.000815
326700 -9183.90568075 960.13747553 0.289722 5.9596 0.902863 0.080607 -0.026279
326800 -9175.39254776 915.17603583 0.276155 5.9596 0.902863 0.080607 -0.007733
326900 -9172.78941150 933.14106997 0.281575 5.9596 0.902863 0.080607 0.014260
327000 -9178.63761247 948.02123951 0.286066 5.9716 0.903781 0.078768 -0.001826
327100 -9173.43128558 934.00742941 0.281837 5.9716 0.903781 0.078768 -0.003656
327200 -9151.02781390 918.15194134 0.277052 5.9716 0.903781 0.078768 0.044024
327300 -9169.79579257 922.47013270 0.278356 5.9716 0.903781 0.078768 0.007810
327400 -9175.35487425 924.15894534 0.278865 5.9716 0.903781 0.078768 -0.000838
327500 -9188.67467457 907.97027145 0.273980 5.9686 0.902847 0.078417 -0.019043
327600 -9198.97489202 922.10053309 0.278244 5.9686 0.902847 0.078417 -0.034116
327700 -9187.94665889 905.69662531 0.273294 5.9686 0.902847 0.078417 -0.009433
327800 -9170.77209846 931.35911882 0.281038 5.9686 0.902847 0.078417 0.033606
327900 -9184.61469786 915.95091166 0.276388 5.9686 0.902847 0.078417 -0.003689
328000 -9186.19975268 925.97713397 0.279414 5.9662 0.901945 0.079933 -0.005243
328100 -9171.40226501 950.65504148 0.286860 5.9662 0.901945 0.079933 0.035477
328200 -9179.69545876 924.70536198 0.279030 5.9662 0.901945 0.079933 0.002522
328300 -9194.21227749 912.73297506 0.275417 5.9662 0.901945 0.079933 -0.027706
328400 -9190.80941166 875.22425709 0.264099 5.9662 0.901945 0.079933 -0.007636
328500 -9205.92721506 931.46576895 0.281070 5.9662 0.904790 0.079554 -0.020858
328600 -9191.79152274 938.32669567 0.283140 5.9662 0.904790 0.079554 0.002155
328700 -9198.58833063 912.39293312 0.275315 5.9662 0.904790 0.079554 -0.016969
328800 -9187.25558851 933.55752799 0.281701 5.9662 0.904790 0.079554 0.010444
328900 -9206.27122904 955.36521450 0.288282 5.9662 0.904790 0.079554 -0.028817
329000 -9191.67557191 920.62964109 0.277800 5.9710 0.904651 0.078571 -0.010339
329100 -9192.32717130 942.45921016 0.284387 5.9710 0.904651 0.078571 0.007212
329200 -9151.44291413 916.77626543 0.276637 5.9710 0.904651 0.078571 0.057555
329300 -9190.42495223 943.02854563 0.284559 5.9710 0.904651 0.078571 -0.003218
329400 -9183.05219456 918.10446977 0.277038 5.9710 0.904651 0.078571 -0.003223
329500 -9184.67261410 924.65605026 0.279015 5.9692 0.906139 0.078533 0.004844
329600 -9182.67894204 928.24998995 0.280100 5.9692 0.906139 0.078533 0.015487
329700 -9190.57272003 926.06179105 0.279439 5.9692 0.906139 0.078533 -0.010680
329800 -9188.88916357 902.40434817 0.272301 5.9692 0.906139 0.078533 -0.003257
329900 -9182.75246160 944.15467821 0.284899 5.9692 0.906139 0.078533 0.021971
330000 -9189.01658615 927.11395608 0.279757 5.9704 0.901690 0.077808 -0.010966
330100 -9172.51264882 914.63908751 0.275992 5.9704 0.901690 0.077808 0.027339
330200 -9197.65816688 928.58311059 0.280200 5.9704 0.901690 0.077808 -0.022710
330300 -9192.16235098 927.93716682 0.280005 5.9704 0.901690 0.077808 0.004745
330400 -9180.86110510 952.00164818 0.287267 5.9704 0.901690 0.077808 0.017096
330500 -9167.61881021 943.79684545 0.284791 5.9692 0.903223 0.079828 0.040476
330600 -9168.44153243 906.52121940 0.273543 5.9692 0.903223 0.079828 0.020358
330700 -9182.42049472 929.09352286 0.280354 5.9692 0.903223 0.079828 -0.016893
330800 -9171.52881961 927.03794034 0.279734 5.9692 0.903223 0.079828 0.020633
330900 -9178.98793143 905.04193308 0.273097 5.9692 0.903223 0.079828 -0.015048
331000 -9203.80311317 904.49185871 0.272931 5.9783 0.903831 0.077002 -0.057184
331100 -9201.42419366 913.46883432 0.275639 5.9783 0.903831 0.077002 -0.018864
331200 -9178.13836385 881.93532754 0.266124 5.9783 0.903831 0.077002 0.026125
331300 -9181.63523013 927.15993359 0.279771 5.9783 0.903831 0.077002 0.024431
331400 -9163.04153051 927.35893906 0.279831 5.9783 0.903831 0.077002 0.072012
331500 -9172.30423614 934.05841236 0.281852 5.9704 0.897486 0.080537 0.027391
331600 -9158.04850815 935.86578263 0.282398 5.9704 0.897486 0.080537 0.046013
331700 -9184.57105425 918.72385286 0.277225 5.9704 0.897486 0.080537 -0.020081
331800 -9188.43397074 943.29684803 0.284640 5.9704 0.897486 0.080537 -0.014849
331900 -9184.26986160 911.87347460 0.275158 5.9704 0.897486 0.080537 -0.003780
332000 -9203.58356039 900.67713653 0.271779 5.9656 0.906537 0.079220 -0.038523
332100 -9177.58961917 900.78905392 0.271813 5.9656 0.906537 0.079220 0.032983
332200 -9186.98442046 932.63047312 0.281421 5.9656 0.906537 0.079220 -0.005063
332300 -9177.21652760 901.77892250 0.272112 5.9656 0.906537 0.079220 0.027428
332400 -9191.91581081 918.16577497 0.277057 5.9656 0.906537 0.079220 -0.017688
332500 -9195.11090737 936.03568032 0.282449 5.9656 0.905318 0.079089 -0.031272
332600 -9166.65762974 898.25166096 0.271048 5.9656 0.905318 0.079089 0.037771
332700 -9214.63611100 955.51452015 0.288327 5.9656 0.905318 0.079089 -0.070419
332800 -9165.23193136 925.19758445 0.279179 5.9656 0.905318 0.079089 0.036489
332900 -9180.10937587 927.61136152 0.279907 5.9656 0.905318 0.079089 0.002831
333000 -9190.24699593 913.13095914 0.275537 5.9686 0.901782 0.079590 -0.019020
333100 -9186.81485643 931.75209410 0.281156 5.9686 0.901782 0.079590 -0.002202
333200 -9178.50280753 917.12967979 0.276744 5.9686 0.901782 0.079590 0.008733
333300 -9151.86996135 916.74033239 0.276627 5.9686 0.901782 0.079590 0.071461
333400 -9176.89831993 957.48669457 0.288922 5.9686 0.901782 0.079590 0.010458
333500 -9156.51124037 962.87473574 0.290548 5.9740 0.900723 0.079988 0.027729
333600 -9154.69700493 945.60749456 0.285337 5.9740 0.900723 0.079988 0.017584
333700 -9163.62100290 959.06041489 0.289397 5.9740 0.900723 0.079988 -0.009113
333800 -9160.73674497 946.30857305 0.285549 5.9740 0.900723 0.079988 0.004492
333900 -9180.94646607 936.78295374 0.282674 5.9740 0.900723 0.079988 -0.042467
334000 -9176.43781227 942.39849063 0.284369 5.9759 0.900804 0.078984 -0.038073
334100 -9175.21909879 934.02757673 0.281843 5.9759 0.900804 0.078984 -0.025939
334200 -9183.96474821 933.36455994 0.281643 5.9759 0.900804 0.078984 -0.022371
334300 -9156.85771734 920.72431414 0.277829 5.9759 0.900804 0.078984 0.019436
334400 -9172.47878106 960.26592049 0.289760 5.9759 0.900804 0.078984 0.014054
334500 -9160.19559426 918.14094615 0.277049 5.9638 0.900181 0.081401 0.026891
334600 -9180.76718966 928.83008928 0.280275 5.9638 0.900181 0.081401 -0.007137
334700 -9175.00533875 910.57680284 0.274767 5.9638 0.900181 0.081401 -0.004331
334800 -9182.50318968 932.09982706 0.281261 5.9638 0.900181 0.081401 0.005430
334900 -9171.09286336 926.67733307 0.279625 5.9638 0.900181 0.081401 0.027185
335000 -9208.37975464 952.55368979 0.287433 5.9650 0.902706 0.079950 -0.044698
335100 -9170.89132965 940.20680599 0.283708 5.9650 0.902706 0.079950 0.026394
335200 -9158.90638631 924.40871663 0.278940 5.9650 0.902706 0.079950 0.047585
335300 -9167.66259746 911.95286925 0.275182 5.9650 0.902706 0.079950 0.027509
335400 -9194.27827004 931.35882587 0.281038 5.9650 0.902706 0.079950 -0.021734
335500 -9203.53631252 962.83089217 0.290534 5.9644 0.905031 0.078578 -0.027557
335600 -9172.14536234 910.98404009 0.274890 5.9644 0.905031 0.078578 0.030799
335700 -9204.18875798 941.37156957 0.284059 5.9644 0.905031 0.078578 -0.037552
335800 -9199.11153748 956.60342191 0.288655 5.9644 0.905031 0.078578 -0.021154
335900 -9193.62020958 917.91358376 0.276981 5.9644 0.905031 0.078578 -0.015214
336000 -9193.50253588 936.96232254 0.282729 5.9668 0.901874 0.078940 -0.006462
336100 -9196.72719666 914.61724924 0.275986 5.9668 0.901874 0.078940 -0.022803
336200 -9211.37701962 933.68475282 0.281740 5.9668 0.901874 0.078940 -0.047663
336300 -9202.31386066 923.88923985 0.278784 5.9668 0.901874 0.078940 -0.025419
336400 -9199.38912178 928.82547479 0.280273 5.9668 0.901874 0.078940 -0.005254
336500 -9178.79391504 904.89176249 0.273051 5.9686 0.900244 0.080650 0.033562
336600 -9206.94600010 917.51090334 0.276859 5.9686 0.900244 0.080650 -0.028931
336700 -9191.81869616 936.17414423 0.282491 5.9686 0.900244 0.080650 0.020299
336800 -9204.08211530 921.84539599 0.278167 5.9686 0.900244 0.080650 -0.024337
336900 -9185.73093589 932.03693662 0.281242 5.9686 0.900244 0.080650 0.020494
337000 -9151.50228174 910.36066551 0.274701 5.9674 0.894763 0.082215 0.075921
337100 -9197.00725467 935.26017820 0.282215 5.9674 0.894763 0.082215 -0.031313
337200 -9176.55899704 935.95645236 0.282425 5.9674 0.894763 0.082215 0.013392
337300 -9204.35218622 925.47820977 0.279263 5.9674 0.894763 0.082215 -0.040528
337400 -9199.68064624 920.53145197 0.277771 5.9674 0.894763 0.082215 -0.012467
337500 -9220.08348152 946.91904273 0.285733 5.9759 0.906126 0.077225 -0.074324
337600 -9171.53096617 908.92010952 0.274267 5.9759 0.906126 0.077225 0.039097
337700 -9192.50764258 936.18165320 0.282493 5.9759 0.906126 0.077225 0.000400
337800 -9191.08629693 940.42729496 0.283774 5.9759 0.906126 0.077225 -0.014664
337900 -9166.75428995 935.95784692 0.282425 5.9759 0.906126 0.077225 0.039265
338000 -9198.44621061 933.49506179 0.281682 5.9722 0.901115 0.078326 -0.037943
338100 -9188.06570845 929.32463399 0.280424 5.9722 0.901115 0.078326 0.018947
338200 -9201.40752294 945.46303609 0.285294 5.9722 0.901115 0.078326 -0.009151
338300 -9166.06667768 922.28348700 0.278299 5.9722 0.901115 0.078326 0.039933
338400 -9186.28868352 920.02279727 0.277617 5.9722 0.901115 0.078326 -0.012699
338500 -9187.38584216 911.62603259 0.275083 5.9680 0.902517 0.079135 -0.012623
338600 -9179.13101873 927.60060134 0.279904 5.9680 0.902517 0.079135 0.022364
338700 -9178.49853276 942.44809303 0.284384 5.9680 0.902517 0.079135 0.003257
338800 -9171.84114310 911.22707473 0.274963 5.9680 0.902517 0.079135 0.012534
338900 -9212.95260893 951.59959718 0.287145 5.9680 0.902517 0.079135 -0.068803
339000 -9198.50277283 924.64152170 0.279011 5.9692 0.905442 0.079289 -0.020200
339100 -9174.38244780 922.11295716 0.278248 5.9692 0.905442 0.079289 0.044037
339200 -9179.82656211 943.73519168 0.284772 5.9692 0.905442 0.079289 0.028085
339300 -9188.43739928 943.30957265 0.284644 5.9692 0.905442 0.079289 0.005723
339400 -9189.34230467 928.46038987 0.280163 5.9692 0.905442 0.079289 -0.005302
339500 -9177.52966271 923.09209988 0.278543 5.9704 0.901452 0.080686 0.008807
339600 -9178.14359712 933.95979579 0.281823 5.9704 0.901452 0.080686 0.021840
339700 -9177.28035135 933.20730947 0.281595 5.9704 0.901452 0.080686 0.014189
339800 -9183.34351406 932.98708974 0.281529 5.9704 0.901452 0.080686 -0.014520
339900 -9169.02688928 907.23191339 0.273757 5.9704 0.901452 0.080686 0.020970
340000 -9193.56672860 938.87049986 0.283304 5.9710 0.902965 0.078123 -0.048163
340100 -9198.08811808 922.74897963 0.278440 5.9710 0.902965 0.078123 -0.038513
340200 -9199.88496649 933.75568297 0.281761 5.9710 0.902965 0.078123 -0.025525
340300 -9160.90100017 921.80071638 0.278154 5.9710 0.902965 0.078123 0.054438
340400 -9200.69626465 938.21857293 0.283108 5.9710 0.902965 0.078123 -0.026813
340500 -9190.84227055 903.34209261 0.272584 5.9698 0.903920 0.079979 -0.014691
340600 -9202.42878160 920.10910445 0.277643 5.9698 0.903920 0.079979 -0.013970
340700 -9196.36747325 914.68486792 0.276006 5.9698 0.903920 0.079979 0.003467
340800 -9208.66749085 924.38156652 0.278932 5.9698 0.903920 0.079979 -0.029110
340900 -9204.22810719 936.56670017 0.282609 5.9698 0.903920 0.079979 0.002451
341000 -9188.69569991 913.22386126 0.275565 5.9638 0.901441 0.079637 0.023314
341100 -9197.57944401 924.64048078 0.279010 5.9638 0.901441 0.079637 -0.005832
341200 -9210.02150861 910.85136088 0.274850 5.9638 0.901441 0.079637 -0.027332
341300 -9214.32254257 916.04772125 0.276418 5.9638 0.901441 0.079637 -0.039405
341400 -9191.92026403 924.05238591 0.278833 5.9638 0.901441 0.079637 0.007490
341500 -9183.51882601 921.84179128 0.278166 5.9650 0.901702 0.080156 0.021974
341600 -9186.78011492 935.36758671 0.282247 5.9650 0.901702 0.080156 0.002243
341700 -9207.57682139 922.37885293 0.278328 5.9650 0.901702 0.080156 -0.034504
341800 -9193.64028185 935.32640005 0.282235 5.9650 0.901702 0.080156 -0.004625
341900 -9193.40665318 927.49857024 0.279873 5.9650 0.901702 0.080156 0.002329
342000 -9222.08630407 924.75078404 0.279044 5.9674 0.904914 0.077244 -0.062288
342100 -9175.61766824 896.59926738 0.270549 5.9674 0.904914 0.077244 0.046115
342200 -9188.95569789 946.02588150 0.285463 5.9674 0.904914 0.077244 0.016862
342300 -9189.26746336 931.45130142 0.281066 5.9674 0.904914 0.077244 -0.010323
342400 -9164.37622446 933.44062715 0.281666 5.9674 0.904914 0.077244 0.042381
342500 -9163.97121370 940.67514581 0.283849 5.9650 0.900003 0.082362 0.029554
342600 -9171.30570883 934.06158409 0.281853 5.9650 0.900003 0.082362 -0.006012
342700 -9153.36468218 916.32625937 0.276502 5.9650 0.900003 0.082362 0.038350
342800 -9138.74005834 924.87780742 0.279082 5.9650 0.900003 0.082362 0.078792
342900 -9180.29361681 939.40882554 0.283467 5.9650 0.900003 0.082362 -0.034431
343000 -9162.91182894 944.01423082 0.284856 5.9698 0.899120 0.080221 0.007195
343100 -9190.29464956 939.23606941 0.283415 5.9698 0.899120 0.080221 -0.043517
343200 -9166.02029376 904.70092876 0.272994 5.9698 0.899120 0.080221 0.002410
343300 -9193.10700822 910.86305037 0.274853 5.9698 0.899120 0.080221 -0.037490
343400 -9198.25357244 916.41944598 0.276530 5.9698 0.899120 0.080221 -0.035243
343500 -9199.97234639 923.22427374 0.278583 5.9692 0.906779 0.078967 -0.036975
343600 -9160.83069264 916.96730918 0.276695 5.9692 0.906779 0.078967 0.038555
343700 -9174.10458794 939.05389473 0.283360 5.9692 0.906779 0.078967 0.019500
343800 -9180.87062367 947.87832625 0.286022 5.9692 0.906779 0.078967 -0.013770
343900 -9175.08683578 950.07628381 0.286686 5.9692 0.906779 0.078967 -0.000730
344000 -9186.56018510 930.57937234 0.280802 5.9650 0.904441 0.079280 -0.016507
344100 -9200.70531938 935.99282617 0.282436 5.9650 0.904441 0.079280 -0.042920
344200 -9190.84326760 909.51131510 0.274445 5.9650 0.904441 0.079280 -0.002012
344300 -9183.45060330 896.68697892 0.270575 5.9650 0.904441 0.079280 0.019441
344400 -9186.80839395 925.17263644 0.279171 5.9650 0.904441 0.079280 0.009103
344500 -9202.86532840 939.78439680 0.283580 5.9686 0.903307 0.078413 -0.017102
344600 -9197.79411796 899.09665854 0.271303 5.9686 0.903307 0.078413 -0.031248
344700 -9198.29095475 917.16787268 0.276756 5.9686 0.903307 0.078413 -0.020730
344800 -9197.59539173 920.54412126 0.277774 5.9686 0.903307 0.078413 -0.007283
344900 -9196.81754614 931.06837325 0.280950 5.9686 0.903307 0.078413 -0.004525
345000 -9210.89825466 921.38585393 0.278028 5.9686 0.905953 0.079700 -0.030348
345100 -9171.44238555 922.70222127 0.278426 5.9686 0.905953 0.079700 0.054358
345200 -9184.31987085 918.96809335 0.277299 5.9686 0.905953 0.079700 0.023485
345300 -9189.98570648 907.30971751 0.273781 5.9686 0.905953 0.079700 -0.006686
345400 -9206.45720176 926.56661892 0.279592 5.9686 0.905953 0.079700 -0.040777
345500 -9192.61595338 914.95300472 0.276087 5.9680 0.904483 0.078244 -0.020238
345600 -9175.78685736 910.43120644 0.274723 5.9680 0.904483 0.078244 0.015923
345700 -9204.20250625 905.10115179 0.273114 5.9680 0.904483 0.078244 -0.022778
345800 -9200.34182806 923.05758148 0.278533 5.9680 0.904483 0.078244 0.001289
345900 -9186.25537123 931.16619245 0.280980 5.9680 0.904483 0.078244 0.023134
346000 -9165.02554508 905.70649213 0.273297 5.9656 0.904380 0.079433 0.058648
346100 -9204.47204629 916.61838016 0.276590 5.9656 0.904380 0.079433 -0.020220
346200 -9194.08095622 914.12383700 0.275837 5.9656 0.904380 0.079433 0.010117
346300 -9203.66791730 949.70462217 0.286574 5.9656 0.904380 0.079433 -0.033731
346400 -9196.76380497 906.40175581 0.273507 5.9656 0.904380 0.079433 -0.022079
346500 -9206.24036945 905.39415591 0.273203 5.9638 0.904013 0.078677 -0.013306
346600 -9217.69944121 924.85466965 0.279075 5.9638 0.904013 0.078677 -0.032299
346700 -9207.59804378 929.08521450 0.280352 5.9638 0.904013 0.078677 0.003742
346800 -9199.79106529 902.72966561 0.272399 5.9638 0.904013 0.078677 -0.005211
346900 -9207.23826470 924.84169242 0.279071 5.9638 0.904013 0.078677 -0.008266
347000 -9194.39379055 905.63628207 0.273276 5.9686 0.904618 0.078728 0.013979
347100 -9213.07437228 917.65989137 0.276904 5.9686 0.904618 0.078728 -0.002226
347200 -9215.62597434 891.23840486 0.268931 5.9686 0.904618 0.078728 -0.018705
347300 -9191.95692659 909.20519633 0.274353 5.9686 0.904618 0.078728 0.028233
347400 -9196.76262940 921.34309723 0.278015 5.9686 0.904618 0.078728 0.007516
347500 -9201.48838829 912.83908014 0.275449 5.9734 0.903096 0.078425 -0.005421
347600 -9199.63833771 934.74559581 0.282060 5.9734 0.903096 0.078425 -0.001729
347700 -9180.25769970 923.60915304 0.278699 5.9734 0.903096 0.078425 0.035789
347800 -9182.34068437 933.46538836 0.281673 5.9734 0.903096 0.078425 0.031621
347900 -9190.55206113 922.01683914 0.278219 5.9734 0.903096 0.078425 0.023072
348000 -9174.46433780 922.58941570 0.278391 5.9692 0.899176 0.079565 0.040670
348100 -9207.93539057 938.25698922 0.283119 5.9692 0.899176 0.079565 -0.040905
348200 -9193.73011796 901.32199345 0.271974 5.9692 0.899176 0.079565 -0.009925
348300 -9182.32709487 923.89884788 0.278787 5.9692 0.899176 0.079565 0.033357
348400 -9175.38891214 923.26454648 0.278595 5.9692 0.899176 0.079565 0.036284
348500 -9180.31865058 939.50527101 0.283496 5.9626 0.901659 0.081060 0.021064
348600 -9201.95248982 944.24658634 0.284927 5.9626 0.901659 0.081060 -0.033689
348700 -9201.04289465 941.52978694 0.284107 5.9626 0.901659 0.081060 -0.034606
348800 -9198.33289382 912.94430486 0.275481 5.9626 0.901659 0.081060 -0.029423
348900 -9183.83329316 891.82376941 0.269108 5.9626 0.901659 0.081060 -0.002764
349000 -9178.12452628 922.64386928 0.278408 5.9668 0.902435 0.080749 0.029320
349100 -9211.22909384 925.71019493 0.279333 5.9668 0.902435 0.080749 -0.047080
349200 -9203.32131100 917.08109637 0.276729 5.9668 0.902435 0.080749 -0.012505
349300 -9208.93968144 906.13633313 0.273427 5.9668 0.902435 0.080749 -0.012110
349400 -9199.20722680 908.60064200 0.274170 5.9668 0.902435 0.080749 -0.001728
349500 -9179.93388692 926.95630309 0.279709 5.9674 0.902426 0.079321 0.049365
349600 -9174.65976276 923.52728567 0.278674 5.9674 0.902426 0.079321 0.045174
349700 -9175.27297297 944.53386315 0.285013 5.9674 0.902426 0.079321 0.037255
349800 -9155.27576769 925.39781808 0.279239 5.9674 0.902426 0.079321 0.064449
349900 -9196.57724299 931.41561358 0.281055 5.9674 0.902426 0.079321 -0.042361
350000 -9186.09312866 946.52020953 0.285613 5.9698 0.902529 0.080363 -0.006207
350100 -9184.37355636 924.25769971 0.278895 5.9698 0.902529 0.080363 -0.025649
350200 -9197.54469036 898.70317146 0.271184 5.9698 0.902529 0.080363 -0.043461
350300 -9172.81002910 881.00016591 0.265842 5.9698 0.902529 0.080363 0.030660
350400 -9200.67264472 934.35235094 0.281941 5.9698 0.902529 0.080363 -0.009855
350500 -9188.69956850 922.73582701 0.278436 5.9704 0.904336 0.078488 0.018696
350600 -9176.03620345 936.18021726 0.282493 5.9704 0.904336 0.078488 0.038021
350700 -9175.42801341 929.48334385 0.280472 5.9704 0.904336 0.078488 0.026896
350800 -9166.29509287 902.15570162 0.272226 5.9704 0.904336 0.078488 0.045808
350900 -9181.06589445 924.54203209 0.278981 5.9704 0.904336 0.078488 0.017815
351000 -9205.94661668 938.95607100 0.283330 5.9644 0.906411 0.079023 -0.046664
351100 -9179.72266399 929.31655020 0.280421 5.9644 0.906411 0.079023 0.017301
351200 -9180.23480146 916.33457851 0.276504 5.9644 0.906411 0.079023 0.015912
351300 -9174.67913840 903.67010232 0.272683 5.9644 0.906411 0.079023 0.021662
351400 -9219.02211277 921.30478210 0.278004 5.9644 0.906411 0.079023 -0.068369
351500 -9208.89731473 925.12883507 0.279158 5.9692 0.907286 0.077872 -0.027005
351600 -9207.10658833 935.64747111 0.282332 5.9692 0.907286 0.077872 -0.006298
351700 -9212.90719445 950.36282603 0.286772 5.9692 0.907286 0.077872 -0.023572
351800 -9163.92683102 930.11785855 0.280663 5.9692 0.907286 0.077872 0.063271
351900 -9155.01707527 919.38851287 0.277426 5.9692 0.907286 0.077872 0.041796
352000 -9171.97972321 931.12709113 0.280968 5.9662 0.901450 0.079589 0.008305
352100 -9167.16020172 940.83889886 0.283898 5.9662 0.901450 0.079589 0.024275
352200 -9181.07558085 939.03081483 0.283353 5.9662 0.901450 0.079589 -0.027059
352300 -9174.50175436 940.64989771 0.283841 5.9662 0.901450 0.079589 -0.018549
352400 -9177.20697026 938.76559694 0.283273 5.9662 0.901450 0.079589 -0.004060
352500 -9163.15081625 925.44401179 0.279253 5.9662 0.901266 0.080548 0.029092
352600 -9178.42000016 926.67264954 0.279624 5.9662 0.901266 0.080548 -0.021230
352700 -9178.77496945 929.92518594 0.280605 5.9662 0.901266 0.080548 -0.013548
352800 -9170.67894039 944.23717796 0.284924 5.9662 0.901266 0.080548 0.034418
352900 -9159.35591556 952.12536571 0.287304 5.9662 0.901266 0.080548 0.024055
353000 -9162.45347073 938.05461987 0.283058 5.9602 0.902500 0.081794 0.011839
353100 -9139.12283888 914.09292317 0.275828 5.9602 0.902500 0.081794 0.044157
353200 -9184.14052939 956.59029778 0.288651 5.9602 0.902500 0.081794 -0.047708
353300 -9182.48569913 926.02756043 0.279429 5.9602 0.902500 0.081794 -0.034584
353400 -9168.65865794 909.32814939 0.274390 5.9602 0.902500 0.081794 0.003139
353500 -9187.22938918 921.91449217 0.278188 5.9704 0.900297 0.079130 -0.034248
353600 -9202.15785913 928.37227792 0.280136 5.9704 0.900297 0.079130 -0.056597
353700 -9184.99699303 916.77448938 0.276637 5.9704 0.900297 0.079130 -0.010664
353800 -9181.59511853 899.65139803 0.271470 5.9704 0.900297 0.079130 0.006881
353900 -9191.16687793 918.20508695 0.277069 5.9704 0.900297 0.079130 -0.006028
354000 -9211.80764940 941.34044404 0.284050 5.9692 0.904733 0.078344 -0.045365
354100 -9199.81344463 938.54098123 0.283205 5.9692 0.904733 0.078344 -0.015047
354200 -9212.91892983 949.19333980 0.286419 5.9692 0.904733 0.078344 -0.061907
354300 -9188.99863756 933.78864366 0.281771 5.9692 0.904733 0.078344 0.006683
354400 -9156.60098162 922.16074240 0.278262 5.9692 0.904733 0.078344 0.050770
354500 -9173.99635594 927.21633056 0.279788 5.9698 0.901652 0.081320 0.013331
354600 -9174.02314955 928.82129482 0.280272 5.9698 0.901652 0.081320 0.011152
354700 -9183.56378323 916.88804582 0.276671 5.9698 0.901652 0.081320 -0.005334
354800 -9189.70798465 942.69092302 0.284457 5.9698 0.901652 0.081320 -0.010353
354900 -9173.61179696 930.85955942 0.280887 5.9698 0.901652 0.081320 0.015832
355000 -9178.75206850 920.12944332 0.277649 5.9674 0.902654 0.081279 -0.006113
355100 -9189.71865489 921.91056398 0.278187 5.9674 0.902654 0.081279 -0.016371
355200 -9186.57945256 906.29651364 0.273475 5.9674 0.902654 0.081279 -0.005159
355300 -9195.38503979 916.31483675 0.276498 5.9674 0.902654 0.081279 -0.012607
355400 -9190.27540372 910.67252117 0.274796 5.9674 0.902654 0.081279 0.001909
355500 -9188.18321315 909.62491300 0.274479 5.9698 0.900788 0.079800 0.016947
355600 -9186.09566211 939.25697451 0.283421 5.9698 0.900788 0.079800 0.005200
355700 -9183.07768311 933.60932699 0.281717 5.9698 0.900788 0.079800 0.000868
355800 -9199.93407866 945.76505467 0.285385 5.9698 0.900788 0.079800 -0.040173
355900 -9172.67339158 940.19167878 0.283703 5.9698 0.900788 0.079800 0.009115
356000 -9170.99095165 926.50524455 0.279573 5.9728 0.896441 0.080772 0.004837
356100 -9172.29582553 940.94979136 0.283932 5.9728 0.896441 0.080772 0.005831
356200 -9180.47975686 931.09140254 0.280957 5.9728 0.896441 0.080772 -0.015458
356300 -9162.58365832 944.29090319 0.284940 5.9728 0.896441 0.080772 0.046280
356400 -9153.91996835 925.70723300 0.279332 5.9728 0.896441 0.080772 0.037165
356500 -9150.23747696 935.81861641 0.282383 5.9656 0.897562 0.081474 0.047657
356600 -9176.34791126 908.88400209 0.274256 5.9656 0.897562 0.081474 -0.027964
356700 -9207.86027426 920.64497140 0.277805 5.9656 0.897562 0.081474 -0.082637
356800 -9192.96636502 926.77571523 0.279655 5.9656 0.897562 0.081474 -0.030735
356900 -9188.18202214 918.98008133 0.277302 5.9656 0.897562 0.081474 -0.031498
357000 -9188.15801252 908.22345125 0.274057 5.9674 0.901587 0.080019 -0.012291
357100 -9209.97308960 904.70022730 0.272993 5.9674 0.901587 0.080019 -0.052606
357200 -9213.28457648 910.22462087 0.274660 5.9674 0.901587 0.080019 -0.056705
357300 -9209.96203233 943.07399071 0.284573 5.9674 0.901587 0.080019 -0.026436
357400 -9179.77718890 920.98447432 0.277907 5.9674 0.901587 0.080019 0.028544
357500 -9174.74861590 921.95094556 0.278199 5.9753 0.900696 0.079770 0.032375
357600 -9223.14002413 941.25226038 0.284023 5.9753 0.900696 0.079770 -0.073000
357700 -9174.82837452 908.14992254 0.274034 5.9753 0.900696 0.079770 0.047253
357800 -9179.42348897 929.65871896 0.280525 5.9753 0.900696 0.079770 0.031062
357900 -9190.87837611 933.52030991 0.281690 5.9753 0.900696 0.079770 0.008015
358000 -9185.48777208 902.67077012 0.272381 5.9680 0.902797 0.078988 -0.002832
358100 -9213.89991869 903.23124774 0.272550 5.9680 0.902797 0.078988 -0.041925
358200 -9181.37190978 914.63714616 0.275992 5.9680 0.902797 0.078988 0.029393
358300 -9171.77490862 925.90480387 0.279392 5.9680 0.902797 0.078988 0.046304
358400 -9196.03356445 950.36959168 0.286774 5.9680 0.902797 0.078988 -0.020711
358500 -9170.31884553 947.05659017 0.285774 5.9602 0.903824 0.080132 0.040512
358600 -9157.50767588 927.43883746 0.279855 5.9602 0.903824 0.080132 0.035878
358700 -9153.41581301 924.75663862 0.279045 5.9602 0.903824 0.080132 0.042710
358800 -9189.92289851 921.32713735 0.278011 5.9602 0.903824 0.080132 -0.031394
358900 -9173.29953308 910.60316128 0.274775 5.9602 0.903824 0.080132 0.018646
359000 -9172.69203589 952.97164936 0.287559 5.9686 0.901564 0.080361 0.005964
359100 -9187.99682241 930.17940367 0.280682 5.9686 0.901564 0.080361 -0.029278
359200 -9167.54205509 935.16441044 0.282186 5.9686 0.901564 0.080361 0.026747
359300 -9174.19094361 934.45847113 0.281973 5.9686 0.901564 0.080361 0.022494
359400 -9191.09643643 940.29618102 0.283735 5.9686 0.901564 0.080361 -0.010048
359500 -9195.83604054 931.35517522 0.281037 5.9644 0.902772 0.080230 -0.014606
359600 -9173.34255850 933.36533542 0.281643 5.9644 0.902772 0.080230 0.016199
359700 -9176.17682716 959.86158872 0.289638 5.9644 0.902772 0.080230 0.000517
359800 -9159.88008607 916.54978517 0.276569 5.9644 0.902772 0.080230 0.020629
359900 -9169.41379956 926.98450183 0.279718 5.9644 0.902772 0.080230 0.001899
360000 -9174.59605745 918.97870644 0.277302 5.9698 0.898975 0.079416 -0.018082
360100 -9180.38123025 920.77798377 0.277845 5.9698 0.898975 0.079416 -0.013684
360200 -9161.49808829 910.83966856 0.274846 5.9698 0.898975 0.079416 0.026847
360300 -9140.82648177 928.07950923 0.280048 5.9698 0.898975 0.079416 0.060209
360400 -9179.28482156 907.79608601 0.273928 5.9698 0.898975 0.079416 -0.020205
360500 -9210.38689977 885.79551902 0.267289 5.9686 0.903341 0.078268 -0.084031
360600 -9177.84257992 886.43963626 0.267483 5.9686 0.903341 0.078268 0.007062
360700 -9188.14088100 905.01270980 0.273088 5.9686 0.903341 0.078268 0.010657
360800 -9175.48134527 923.31887320 0.278612 5.9686 0.903341 0.078268 0.045640
360900 -9177.27490233 961.51228380 0.290136 5.9686 0.903341 0.078268 0.022363
361000 -9165.46397758 926.06666951 0.279441 5.9674 0.899451 0.080354 0.026322
361100 -9188.15070134 936.11365903 0.282472 5.9674 0.899451 0.080354 -0.027574
361200 -9173.67957752 950.03936217 0.286675 5.9674 0.899451 0.080354 0.008834
361300 -9179.19325075 943.92871851 0.284831 5.9674 0.899451 0.080354 -0.006859
361400 -9155.04399843 935.84351299 0.282391 5.9674 0.899451 0.080354 0.025963
361500 -9144.85854720 946.19613858 0.285515 5.9747 0.894096 0.081759 0.034515
361600 -9171.01806354 956.78468420 0.288710 5.9747 0.894096 0.081759 -0.024894
361700 -9170.98019102 936.20747843 0.282501 5.9747 0.894096 0.081759 -0.021886
361800 -9184.96267682 935.19582886 0.282195 5.9747 0.894096 0.081759 -0.040679
361900 -9154.84218631 925.51414025 0.279274 5.9747 0.894096 0.081759 0.023645
362000 -9154.37357604 912.42573255 0.275325 5.9692 0.900770 0.081714 0.004845
362100 -9166.29632759 945.03465461 0.285164 5.9692 0.900770 0.081714 0.007283
362200 -9174.01216421 944.07853650 0.284876 5.9692 0.900770 0.081714 -0.026668
362300 -9160.00502543 926.28424872 0.279506 5.9692 0.900770 0.081714 0.011944
362400 -9127.84368881 936.87442892 0.282702 5.9692 0.900770 0.081714 0.069632
362500 -9161.08867376 948.09447488 0.286088 5.9674 0.896645 0.080872 -0.027411
362600 -9152.77938665 920.91432163 0.277886 5.9674 0.896645 0.080872 -0.000064
362700 -9150.07577675 892.19187459 0.269219 5.9674 0.896645 0.080872 0.026764
362800 -9179.40444703 929.79473476 0.280566 5.9674 0.896645 0.080872 -0.022790
362900 -9169.02366268 914.75267312 0.276027 5.9674 0.896645 0.080872 -0.012821
363000 -9170.84010306 917.07111798 0.276726 5.9740 0.896651 0.080313 -0.000591
363100 -9191.24035719 926.61884515 0.279607 5.9740 0.896651 0.080313 -0.034374
363200 -9176.67501799 927.66365824 0.279923 5.9740 0.896651 0.080313 0.015093
363300 -9186.87974023 945.55847163 0.285322 5.9740 0.896651 0.080313 -0.006486
363400 -9177.76823143 900.60937409 0.271759 5.9740 0.896651 0.080313 -0.002094
363500 -9197.12417807 919.44893792 0.277444 5.9698 0.901622 0.079157 -0.043023
363600 -9183.58663952 959.07607989 0.289401 5.9698 0.901622 0.079157 -0.012042
363700 -9158.76729880 968.35955482 0.292203 5.9698 0.901622 0.079157 0.042415
363800 -9155.25837787 950.73202687 0.286884 5.9698 0.901622 0.079157 0.017358
363900 -9167.67731406 948.88842042 0.286327 5.9698 0.901622 0.079157 -0.017606
364000 -9164.43451035 936.79017966 0.282677 5.9722 0.899583 0.080003 -0.000745
364100 -9171.69580923 912.56469910 0.275367 5.9722 0.899583 0.080003 -0.017890
364200 -9165.76345601 916.43420518 0.276534 5.9722 0.899583 0.080003 0.008166
364300 -9205.75227988 933.66234472 0.281733 5.9722 0.899583 0.080003 -0.075081
364400 -9180.22809932 905.28452288 0.273170 5.9722 0.899583 0.080003 -0.004696
364500 -9178.67586497 909.72863094 0.274511 5.9734 0.899728 0.079794 0.005284
364600 -9177.16609911 893.37948519 0.269577 5.9734 0.899728 0.079794 0.004114
364700 -9164.88970974 913.59739598 0.275678 5.9734 0.899728 0.079794 0.049693
364800 -9183.60900956 931.14681674 0.280974 5.9734 0.899728 0.079794 -0.003098
364900 -9185.86039800 910.62725702 0.274782 5.9734 0.899728 0.079794 -0.026000
365000 -9218.26130026 966.59770985 0.291671 5.9704 0.901981 0.077901 -0.070715
365100 -9182.59315871 949.39325931 0.286480 5.9704 0.901981 0.077901 0.006492
365200 -9157.48138841 927.71579704 0.279938 5.9704 0.901981 0.077901 0.050417
365300 -9186.49732248 917.60712574 0.276888 5.9704 0.901981 0.077901 -0.010883
365400 -9203.80072406 913.30372207 0.275590 5.9704 0.901981 0.077901 -0.035691
365500 -9185.16549487 921.67918865 0.278117 5.9644 0.901323 0.079838 0.006244
365600 -9195.74994747 927.55782529 0.279891 5.9644 0.901323 0.079838 -0.003586
365700 -9162.74455224 937.32003489 0.282836 5.9644 0.901323 0.079838 0.060551
365800 -9183.84074941 908.37420866 0.274102 5.9644 0.901323 0.079838 0.003716
365900 -9204.07422105 917.98721463 0.277003 5.9644 0.901323 0.079838 -0.032593
366000 -9201.95405378 918.91538044 0.277283 5.9650 0.902229 0.079738 -0.016821
366100 -9212.28275550 938.86437308 0.283302 5.9650 0.902229 0.079738 -0.048981
366200 -9170.83928754 921.37591259 0.278025 5.9650 0.902229 0.079738 0.032287
366300 -9177.51616830 923.59234793 0.278694 5.9650 0.902229 0.079738 0.023816
366400 -9186.81626340 930.46492122 0.280768 5.9650 0.902229 0.079738 0.004833
366500 -9157.93975596 947.66331272 0.285958 5.9668 0.899681 0.080033 0.060301
366600 -9150.53658048 939.17504446 0.283396 5.9668 0.899681 0.080033 0.044517
366700 -9175.23416450 935.02550922 0.282144 5.9668 0.899681 0.080033 0.003846
366800 -9180.05000987 939.48438173 0.283490 5.9668 0.899681 0.080033 -0.016072
366900 -9167.13186842 932.78663085 0.281469 5.9668 0.899681 0.080033 -0.005939
367000 -9160.42031156 932.52095341 0.281388 5.9710 0.898602 0.080031 0.019146
367100 -9158.00416144 917.86599325 0.276966 5.9710 0.898602 0.080031 0.010882
367200 -9187.84191299 931.22656572 0.280998 5.9710 0.898602 0.080031 -0.033226
367300 -9179.14956619 923.56525354 0.278686 5.9710 0.898602 0.080031 -0.010329
367400 -9198.41936362 940.85659173 0.283904 5.9710 0.898602 0.080031 -0.048369
367500 -9185.43932704 925.61368252 0.279304 5.9662 0.903327 0.080035 0.008449
367600 -9193.22006287 925.15934101 0.279167 5.9662 0.903327 0.080035 -0.038780
367700 -9198.20957426 939.70656196 0.283557 5.9662 0.903327 0.080035 -0.037229
367800 -9184.25234595 936.85428968 0.282696 5.9662 0.903327 0.080035 -0.013894
367900 -9147.39468688 913.60159629 0.275679 5.9662 0.903327 0.080035 0.066830
368000 -9173.45532083 938.69546759 0.283251 5.9626 0.905233 0.079276 0.027531
368100 -9159.13418202 923.29814324 0.278605 5.9626 0.905233 0.079276 0.046545
368200 -9184.01030671 933.13384160 0.281573 5.9626 0.905233 0.079276 -0.035696
368300 -9191.36920056 912.68085549 0.275402 5.9626 0.905233 0.079276 -0.044777
368400 -9198.14575207 937.83610513 0.282992 5.9626 0.905233 0.079276 -0.035810
368500 -9171.15774127 900.37605567 0.271689 5.9656 0.903895 0.079155 0.020984
368600 -9162.41983335 894.32077846 0.269861 5.9656 0.903895 0.079155 0.035123
368700 -9207.17045498 936.61093595 0.282622 5.9656 0.903895 0.079155 -0.057259
368800 -9193.33562932 931.63785735 0.281122 5.9656 0.903895 0.079155 -0.015934
368900 -9202.20776138 934.36644317 0.281945 5.9656 0.903895 0.079155 -0.027895
369000 -9199.82379394 925.53270342 0.279280 5.9662 0.905322 0.080451 -0.018862
369100 -9165.69843194 922.78431830 0.278450 5.9662 0.905322 0.080451 0.062539
369200 -9163.47212363 927.63341575 0.279914 5.9662 0.905322 0.080451 0.045958
369300 -9162.52143376 947.41963401 0.285884 5.9662 0.905322 0.080451 0.057116
369400 -9156.55222539 932.57353495 0.281404 5.9662 0.905322 0.080451 0.057509
369500 -9147.18188751 922.25603006 0.278291 5.9650 0.901122 0.081293 0.037361
369600 -9166.48498363 953.64042551 0.287761 5.9650 0.901122 0.081293 0.005643
369700 -9148.02533285 958.52355751 0.289235 5.9650 0.901122 0.081293 0.036852
369800 -9141.46320177 932.56521344 0.281402 5.9650 0.901122 0.081293 0.037520
369900 -9148.33312720 938.97831784 0.283337 5.9650 0.901122 0.081293 -0.001023
370000 -9176.25429827 950.71789252 0.286879 5.9722 0.902219 0.079700 -0.033908
370100 -9164.49906188 927.49434858 0.279872 5.9722 0.902219 0.079700 -0.029741
370200 -9162.88107397 938.80829488 0.283286 5.9722 0.902219 0.079700 -0.014127
370300 -9163.34440167 919.83155750 0.277559 5.9722 0.902219 0.079700 -0.012730
370400 -9158.31232688 931.83036570 0.281180 5.9722 0.902219 0.079700 0.013900
370500 -9158.67553129 926.47122310 0.279563 5.9626 0.901399 0.080294 0.001455
370600 -9154.23540053 928.81265400 0.280269 5.9626 0.901399 0.080294 0.025795
370700 -9148.45010039 964.27369450 0.290970 5.9626 0.901399 0.080294 0.049717
370800 -9148.11095301 935.30209767 0.282228 5.9626 0.901399 0.080294 0.035337
370900 -9175.80493932 939.70430622 0.283556 5.9626 0.901399 0.080294 -0.033312
371000 -9182.04959254 917.27045405 0.276786 5.9638 0.905601 0.080414 -0.059879
371100 -9202.40417806 922.74950904 0.278440 5.9638 0.905601 0.080414 -0.078115
371200 -9176.92456238 924.07928256 0.278841 5.9638 0.905601 0.080414 -0.008847
371300 -9194.20922276 922.47665297 0.278357 5.9638 0.905601 0.080414 -0.039404
371400 -9177.28233285 938.23881644 0.283114 5.9638 0.905601 0.080414 0.007418
371500 -9179.95505958 963.55434242 0.290753 5.9638 0.903729 0.079269 0.004885
371600 -9165.75667451 924.10656681 0.278849 5.9638 0.903729 0.079269 0.012850
371700 -9167.14381574 930.28525928 0.280714 5.9638 0.903729 0.079269 0.013717
371800 -9177.63677661 930.52178235 0.280785 5.9638 0.903729 0.079269 -0.009667
371900 -9185.96231948 942.77394467 0.284482 5.9638 0.903729 0.079269 -0.021349
372000 -9164.01839437 928.96950759 0.280317 5.9722 0.898795 0.078816 0.012283
372100 -9161.75672451 916.44950873 0.276539 5.9722 0.898795 0.078816 0.028046
372200 -9148.22119393 935.55717239 0.282305 5.9722 0.898795 0.078816 0.049760
372300 -9128.56927191 931.40291526 0.281051 5.9722 0.898795 0.078816 0.089917
372400 -9172.35209065 951.60967554 0.287148 5.9722 0.898795 0.078816 -0.001950
372500 -9190.85052994 933.38455621 0.281649 5.9656 0.904689 0.078660 -0.044359
372600 -9196.26454861 947.40578385 0.285880 5.9656 0.904689 0.078660 -0.051681
372700 -9152.17843896 914.21249293 0.275864 5.9656 0.904689 0.078660 0.051373
372800 -9165.72307040 949.06868273 0.286382 5.9656 0.904689 0.078660 0.011211
372900 -9176.87822630 927.92902630 0.280003 5.9656 0.904689 0.078660 -0.018494
373000 -9176.12114145 926.06524365 0.279440 5.9692 0.898680 0.080684 -0.014729
373100 -9185.15894039 924.05922820 0.278835 5.9692 0.898680 0.080684 -0.025361
373200 -9167.84290095 934.75676077 0.282063 5.9692 0.898680 0.080684 0.018310
373300 -9125.25848816 921.77673196 0.278146 5.9692 0.898680 0.080684 0.099281
373400 -9149.38056152 951.69838875 0.287175 5.9692 0.898680 0.080684 0.039443
373500 -9155.54226874 929.87855596 0.280591 5.9644 0.897372 0.081089 0.010552
373600 -9141.17847663 912.61302642 0.275381 5.9644 0.897372 0.081089 0.040106
373700 -9162.66590894 927.12287096 0.279759 5.9644 0.897372 0.081089 -0.014442
373800 -9172.82644366 936.07529269 0.282461 5.9644 0.897372 0.081089 -0.031812
373900 -9173.93670103 931.20412334 0.280991 5.9644 0.897372 0.081089 -0.008302
374000 -9189.14100134 905.31552991 0.273179 5.9710 0.902009 0.078765 -0.049048
374100 -9205.91352811 934.24069744 0.281907 5.9710 0.902009 0.078765 -0.053482
374200 -9194.29113369 941.31529027 0.284042 5.9710 0.902009 0.078765 -0.018818
374300 -9204.33035901 935.77156641 0.282369 5.9710 0.902009 0.078765 -0.048971
374400 -9175.84721773 908.67580742 0.274193 5.9710 0.902009 0.078765 0.027656
374500 -9210.00995227 923.24149341 0.278588 5.9747 0.899542 0.077943 -0.063038
374600 -9186.96086698 932.56319566 0.281401 5.9747 0.899542 0.077943 0.021304
374700 -9190.39015898 924.09183926 0.278845 5.9747 0.899542 0.077943 -0.001012
374800 -9205.66944613 935.96262487 0.282427 5.9747 0.899542 0.077943 -0.026966
374900 -9168.74964003 935.34294165 0.282240 5.9747 0.899542 0.077943 0.043253
375000 -9156.47823580 927.54343939 0.279886 5.9668 0.898326 0.081378 0.042820
375100 -9160.76041627 952.62998349 0.287456 5.9668 0.898326 0.081378 0.039771
375200 -9174.09721998 958.14034532 0.289119 5.9668 0.898326 0.081378 -0.011109
375300 -9152.50186066 923.36990087 0.278627 5.9668 0.898326 0.081378 0.029877
375400 -9153.02840475 919.59029344 0.277487 5.9668 0.898326 0.081378 0.028363
375500 -9169.46872617 927.57147163 0.279895 5.9650 0.901166 0.081516 -0.017078
375600 -9152.65827267 934.97369119 0.282128 5.9650 0.901166 0.081516 0.023078
375700 -9191.89552737 953.99299627 0.287868 5.9650 0.901166 0.081516 -0.055756
375800 -9162.72667893 937.98896514 0.283038 5.9650 0.901166 0.081516 0.004707
375900 -9163.60354977 918.63821776 0.277199 5.9650 0.901166 0.081516 0.005464
376000 -9188.27512301 914.10165079 0.275830 5.9680 0.904587 0.079896 -0.053852
376100 -9167.45042839 904.56233892 0.272952 5.9680 0.904587 0.079896 0.014596
376200 -9181.01585277 925.77346835 0.279352 5.9680 0.904587 0.079896 -0.010678
376300 -9173.70432782 926.81497266 0.279667 5.9680 0.904587 0.079896 -0.009635
376400 -9192.88235764 920.13679051 0.277651 5.9680 0.904587 0.079896 -0.030112
376500 -9211.61347551 919.43497430 0.277440 5.9716 0.901829 0.079119 -0.053609
376600 -9197.16173978 915.50308779 0.276253 5.9716 0.901829 0.079119 -0.014143
376700 -9188.33852993 918.94233668 0.277291 5.9716 0.901829 0.079119 0.002576
376800 -9171.62186561 923.13273870 0.278555 5.9716 0.901829 0.079119 0.040274
376900 -9165.94893682 941.11278038 0.283981 5.9716 0.901829 0.079119 0.038750
377000 -9170.92952813 918.45889057 0.277145 5.9704 0.900422 0.080090 0.009116
377100 -9186.41460248 947.64948795 0.285953 5.9704 0.900422 0.080090 -0.016156
377200 -9186.88230686 945.74226657 0.285378 5.9704 0.900422 0.080090 -0.020523
377300 -9174.00887590 935.54915545 0.282302 5.9704 0.900422 0.080090 0.006972
377400 -9162.94743453 918.90528207 0.277280 5.9704 0.900422 0.080090 0.026137
377500 -9168.28415233 935.84434910 0.282391 5.9656 0.900751 0.080164 0.017762
377600 -9152.18617882 923.30426965 0.278607 5.9656 0.900751 0.080164 0.035325
377700 -9189.50529356 945.50204727 0.285305 5.9656 0.900751 0.080164 -0.036807
377800 -9158.36468548 918.02415701 0.277014 5.9656 0.900751 0.080164 0.026645
377900 -9181.96416782 920.17291221 0.277662 5.9656 0.900751 0.080164 -0.021952
378000 -9183.78451712 948.60413126 0.286241 5.9716 0.902145 0.078762 -0.015516
378100 -9165.06837546 926.40700797 0.279543 5.9716 0.902145 0.078762 0.036241
378200 -9209.44442464 932.25104223 0.281307 5.9716 0.902145 0.078762 -0.061677
378300 -9184.95401611 914.84899109 0.276056 5.9716 0.902145 0.078762 0.003721
378400 -9179.86480588 915.49020922 0.276249 5.9716 0.902145 0.078762 0.012327
378500 -9194.51234771 939.08622718 0.283369 5.9644 0.904549 0.079035 -0.018424
378600 -9176.22908483 907.51124877 0.273842 5.9644 0.904549 0.079035 0.002280
378700 -9187.78261762 924.06106993 0.278836 5.9644 0.904549 0.079035 -0.024109
378800 -9191.43289199 920.74374517 0.277835 5.9644 0.904549 0.079035 0.006178
378900 -9190.13478958 939.81925133 0.283591 5.9644 0.904549 0.079035 -0.007221
379000 -9174.23977343 936.99563309 0.282739 5.9710 0.899565 0.078457 0.022949
379100 -9172.24687218 923.48313254 0.278661 5.9710 0.899565 0.078457 0.012308
379200 -9173.98416119 933.37065688 0.281645 5.9710 0.899565 0.078457 0.011342
379300 -9181.16253740 914.00874390 0.275802 5.9710 0.899565 0.078457 -0.018653
379400 -9208.37749925 933.92221249 0.281811 5.9710 0.899565 0.078457 -0.056874
379500 -9181.51934034 916.26971937 0.276485 5.9638 0.900173 0.079870 0.002269
379600 -9166.29399309 927.68351966 0.279929 5.9638 0.900173 0.079870 0.033495
379700 -9195.61843681 927.60100137 0.279904 5.9638 0.900173 0.079870 -0.037377
379800 -9177.01005752 934.03692279 0.281846 5.9638 0.900173 0.079870 0.015634
379900 -9192.06581530 945.25849769 0.285232 5.9638 0.900173 0.079870 -0.016929
380000 -9186.15275818 964.00794924 0.290890 5.9656 0.901488 0.080664 -0.027558
380100 -9150.62785799 905.98764716 0.273382 5.9656 0.901488 0.080664 0.028907
380200 -9147.46762778 914.64976465 0.275996 5.9656 0.901488 0.080664 0.044481
380300 -9161.61369211 949.01525923 0.286365 5.9656 0.901488 0.080664 0.018395
380400 -9154.30521133 923.73329072 0.278737 5.9656 0.901488 0.080664 0.026890
380500 -9153.03894715 933.63501039 0.281725 5.9650 0.901197 0.080866 0.037860
380600 -9161.50874311 916.40409443 0.276525 5.9650 0.901197 0.080866 0.017674
380700 -9198.21673165 948.35889405 0.286167 5.9650 0.901197 0.080866 -0.046853
380800 -9160.25554767 934.88454163 0.282102 5.9650 0.901197 0.080866 0.022572
380900 -9157.41110746 949.59375759 0.286540 5.9650 0.901197 0.080866 0.022257
381000 -9158.70511455 963.43914137 0.290718 5.9680 0.903834 0.080468 0.017397
381100 -9169.91408485 954.88809034 0.288138 5.9680 0.903834 0.080468 -0.033297
381200 -9173.58903170 922.94354400 0.278498 5.9680 0.903834 0.080468 -0.028427
381300 -9188.13583815 940.17388567 0.283698 5.9680 0.903834 0.080468 -0.044461
381400 -9181.60079429 923.90482073 0.278788 5.9680 0.903834 0.080468 -0.026453
381500 -9183.38737826 910.04562775 0.274606 5.9662 0.901414 0.080738 -0.031573
381600 -9165.17635059 901.98559420 0.272174 5.9662 0.901414 0.080738 0.021817
381700 -9187.14064671 945.30578105 0.285246 5.9662 0.901414 0.080738 -0.018556
381800 -9176.41767952 922.05507933 0.278230 5.9662 0.901414 0.080738 -0.002846
381900 -9205.51411061 941.92386204 0.284226 5.9662 0.901414 0.080738 -0.055239
382000 -9169.00353287 916.17886192 0.276457 5.9674 0.900561 0.079882 0.034661
382100 -9199.78058605 921.86716124 0.278174 5.9674 0.900561 0.079882 -0.029848
382200 -9189.23640332 923.22261594 0.278583 5.9674 0.900561 0.079882 -0.012527
382300 -9188.95107491 900.01737644 0.271580 5.9674 0.900561 0.079882 -0.021703
382400 -9199.19974913 927.99543825 0.280023 5.9674 0.900561 0.079882 -0.014889
382500 -9192.38369264 905.63657078 0.273276 5.9771 0.902403 0.077830 -0.005241
382600 -9197.33899422 943.15969951 0.284599 5.9771 0.902403 0.077830 0.004963
382700 -9205.66022454 915.11014456 0.276135 5.9771 0.902403 0.077830 -0.020738
382800 -9206.36747564 943.58862392 0.284728 5.9771 0.902403 0.077830 -0.022231
382900 -9187.11345909 917.51589203 0.276861 5.9771 0.902403 0.077830 0.004096
383000 -9195.43522663 920.98064552 0.277906 5.9710 0.901850 0.078637 0.000473
383100 -9161.66903624 913.92554507 0.275777 5.9710 0.901850 0.078637 0.062573
383200 -9177.51563980 945.18689399 0.285210 5.9710 0.901850 0.078637 0.017533
383300 -9174.40726721 929.09132966 0.280353 5.9710 0.901850 0.078637 0.010134
383400 -9179.00796317 948.55802371 0.286228 5.9710 0.901850 0.078637 0.018075
383500 -9191.68488157 952.37086931 0.287378 5.9632 0.907350 0.079185 -0.027759
383600 -9169.49072978 949.27780538 0.286445 5.9632 0.907350 0.079185 0.011931
383700 -9173.52693490 915.76946548 0.276334 5.9632 0.907350 0.079185 -0.010628
383800 -9191.83262804 937.57951684 0.282915 5.9632 0.907350 0.079185 -0.038906
383900 -9171.68805368 936.75346066 0.282665 5.9632 0.907350 0.079185 0.010253
384000 -9155.99372359 940.17651506 0.283698 5.9632 0.902082 0.080723 0.044950
384100 -9195.16293080 936.04104963 0.282451 5.9632 0.902082 0.080723 -0.077652
384200 -9182.32690644 906.93481092 0.273668 5.9632 0.902082 0.080723 -0.023324
384300 -9165.63984398 929.76170594 0.280556 5.9632 0.902082 0.080723 0.032067
384400 -9197.91521004 927.40473194 0.279845 5.9632 0.902082 0.080723 -0.055253
384500 -9174.47286189 916.19057240 0.276461 5.9626 0.903213 0.079866 0.034208
384600 -9186.15529251 914.45847048 0.275938 5.9626 0.903213 0.079866 -0.002168
384700 -9175.93962189 933.65076000 0.281729 5.9626 0.903213 0.079866 0.009794
384800 -9181.31572570 932.57415858 0.281404 5.9626 0.903213 0.079866 -0.009444
384900 -9173.95264693 931.89244226 0.281199 5.9626 0.903213 0.079866 0.010058
385000 -9198.53758338 941.99677775 0.284248 5.9668 0.904222 0.078582 -0.044170
385100 -9179.69950406 903.74189174 0.272704 5.9668 0.904222 0.078582 0.003518
385200 -9205.02904616 943.27891386 0.284635 5.9668 0.904222 0.078582 -0.027594
385300 -9165.89130091 926.17403856 0.279473 5.9668 0.904222 0.078582 0.022754
385400 -9184.97965924 925.37120103 0.279231 5.9668 0.904222 0.078582 -0.017903
385500 -9185.64003142 940.04644075 0.283659 5.9578 0.902454 0.080917 0.012839
385600 -9159.20775493 917.58877482 0.276883 5.9578 0.902454 0.080917 0.044956
385700 -9172.48682022 933.10909668 0.281566 5.9578 0.902454 0.080917 -0.004927
385800 -9166.06584328 934.18709013 0.281891 5.9578 0.902454 0.080917 -0.005302
385900 -9162.22569072 933.24256361 0.281606 5.9578 0.902454 0.080917 0.006789
386000 -9164.59850721 904.43985603 0.272915 5.9698 0.899226 0.080074 0.006072
386100 -9188.10109206 942.71178934 0.284463 5.9698 0.899226 0.080074 -0.015608
386200 -9159.03678637 941.57999998 0.284122 5.9698 0.899226 0.080074 0.044207
386300 -9183.56770076 947.77641713 0.285992 5.9698 0.899226 0.080074 -0.021432
386400 -9163.62129124 939.60439351 0.283526 5.9698 0.899226 0.080074 0.017126
386500 -9153.48950724 936.47430789 0.282581 5.9734 0.897406 0.080176 0.023045
386600 -9169.34511455 950.42133715 0.286790 5.9734 0.897406 0.080176 -0.016970
386700 -9143.52728231 938.21358091 0.283106 5.9734 0.897406 0.080176 0.038375
386800 -9155.90794608 960.27369224 0.289763 5.9734 0.897406 0.080176 -0.005115
386900 -9131.54218168 926.69027709 0.279629 5.9734 0.897406 0.080176 0.034135
387000 -9157.34825163 915.54093072 0.276265 5.9722 0.899280 0.080498 -0.024277
387100 -9174.93737677 954.66372564 0.288070 5.9722 0.899280 0.080498 -0.044423
387200 -9158.40981002 940.91484692 0.283921 5.9722 0.899280 0.080498 -0.013072
387300 -9177.93331301 931.17467320 0.280982 5.9722 0.899280 0.080498 -0.032832
387400 -9157.90091753 911.00210873 0.274895 5.9722 0.899280 0.080498 0.010827
387500 -9201.57448725 918.37935790 0.277121 5.9704 0.902282 0.078336 -0.064767
387600 -9171.50913846 917.22030758 0.276771 5.9704 0.902282 0.078336 0.034698
387700 -9175.88578672 933.67530407 0.281737 5.9704 0.902282 0.078336 0.003227
387800 -9192.24366394 941.61713259 0.284133 5.9704 0.902282 0.078336 -0.032489
387900 -9180.82244506 924.33947050 0.278920 5.9704 0.902282 0.078336 0.003930
388000 -9184.72746464 925.86434641 0.279380 5.9686 0.905128 0.078475 0.007018
388100 -9200.52031840 917.36939057 0.276816 5.9686 0.905128 0.078475 -0.035527
388200 -9159.87181379 916.62392557 0.276591 5.9686 0.905128 0.078475 0.067039
388300 -9180.54516161 920.44846487 0.277745 5.9686 0.905128 0.078475 0.020305
388400 -9177.31689913 915.33449024 0.276202 5.9686 0.905128 0.078475 0.032492
388500 -9188.36435063 911.15046876 0.274940 5.9662 0.904433 0.079412 -0.002680
388600 -9189.26740253 924.41450865 0.278942 5.9662 0.904433 0.079412 0.002598
388700 -9186.78715115 931.21044085 0.280993 5.9662 0.904433 0.079412 -0.008008
388800 -9177.83516275 918.30194637 0.277098 5.9662 0.904433 0.079412 0.031613
388900 -9185.57787237 888.66294683 0.268154 5.9662 0.904433 0.079412 -0.001017
389000 -9190.05677032 888.54150667 0.268118 5.9692 0.899255 0.079948 -0.017519
389100 -9191.78985290 936.26169651 0.282517 5.9692 0.899255 0.079948 0.006840
389200 -9206.74456393 949.69493368 0.286571 5.9692 0.899255 0.079948 -0.041737
389300 -9170.14729655 918.39342864 0.277125 5.9692 0.899255 0.079948 0.035971
389400 -9173.24102165 914.27569293 0.275883 5.9692 0.899255 0.079948 0.006856
389500 -9189.47541827 904.50389038 0.272934 5.9638 0.904351 0.080647 0.004631
389600 -9172.02846124 930.68078615 0.280833 5.9638 0.904351 0.080647 0.031859
389700 -9186.26073714 917.44126177 0.276838 5.9638 0.904351 0.080647 -0.001505
389800 -9185.44926216 927.32472871 0.279820 5.9638 0.904351 0.080647 -0.005011
389900 -9156.80575000 898.21961445 0.271038 5.9638 0.904351 0.080647 0.039843
390000 -9197.16044292 922.85350367 0.278471 5.9656 0.901189 0.079608 -0.018028
390100 -9161.63487670 935.26792901 0.282217 5.9656 0.901189 0.079608 0.054545
390200 -9187.45068548 927.69648312 0.279933 5.9656 0.901189 0.079608 0.007115
390300 -9173.14149164 935.29234588 0.282225 5.9656 0.901189 0.079608 0.014010
390400 -9180.52052624 955.41227740 0.288296 5.9656 0.901189 0.079608 -0.011825
390500 -9156.81651764 952.60484269 0.287449 5.9620 0.899758 0.081393 0.059067
390600 -9151.94162378 965.29911591 0.291279 5.9620 0.899758 0.081393 0.039903
390700 -9171.13599147 943.47633888 0.284694 5.9620 0.899758 0.081393 -0.031250
390800 -9167.06930004 949.17052075 0.286412 5.9620 0.899758 0.081393 -0.012902
390900 -9189.13113148 917.24759665 0.276780 5.9620 0.899758 0.081393 -0.045650
391000 -9204.18846774 952.07808425 0.287290 5.9734 0.903782 0.077652 -0.059180
391100 -9182.87188484 918.27810771 0.277091 5.9734 0.903782 0.077652 -0.007392
391200 -9172.39314408 940.74679474 0.283870 5.9734 0.903782 0.077652 0.014698
391300 -9199.46019043 946.79524660 0.285696 5.9734 0.903782 0.077652 -0.038064
391400 -9183.32489626 957.72001345 0.288992 5.9734 0.903782 0.077652 -0.000681
391500 -9152.48696114 931.90286226 0.281202 5.9674 0.898889 0.081632 0.040724
391600 -9162.30949621 934.66148132 0.282034 5.9674 0.898889 0.081632 0.009692
391700 -9166.48192887 957.39760982 0.288895 5.9674 0.898889 0.081632 0.019990
391800 -9180.12407335 943.85744116 0.284809 5.9674 0.898889 0.081632 -0.015278
391900 -9154.37080857 935.87075288 0.282399 5.9674 0.898889 0.081632 0.024758
392000 -9166.14282284 927.71336056 0.279938 5.9650 0.899020 0.080396 -0.031331
392100 -9183.82892538 939.50239546 0.283495 5.9650 0.899020 0.080396 -0.061519
392200 -9193.98552864 949.51858720 0.286517 5.9650 0.899020 0.080396 -0.065698
392300 -9160.80447362 918.25219746 0.277083 5.9650 0.899020 0.080396 0.015192
392400 -9182.24907217 911.06603383 0.274914 5.9650 0.899020 0.080396 -0.024724
392500 -9184.52523716 917.45448826 0.276842 5.9686 0.899281 0.078223 -0.029809
392600 -9193.06671356 936.98363327 0.282735 5.9686 0.899281 0.078223 -0.016440
392700 -9163.54947674 925.87170922 0.279382 5.9686 0.899281 0.078223 0.040337
392800 -9173.02175396 926.42532666 0.279549 5.9686 0.899281 0.078223 0.021111
392900 -9174.32179903 901.51350770 0.272032 5.9686 0.899281 0.078223 0.011301
393000 -9183.30718205 900.69106948 0.271784 5.9638 0.902957 0.079649 0.001307
393100 -9188.22168342 930.32307506 0.280725 5.9638 0.902957 0.079649 -0.012555
393200 -9171.14399542 917.06763756 0.276725 5.9638 0.902957 0.079649 0.012094
393300 -9170.68049298 915.18523886 0.276157 5.9638 0.902957 0.079649 0.014329
393400 -9185.55705601 918.68164292 0.277212 5.9638 0.902957 0.079649 -0.024371
393500 -9196.67442964 926.20817793 0.279483 5.9680 0.901772 0.079508 -0.040220
393600 -9194.39686714 912.39694636 0.275316 5.9680 0.901772 0.079508 -0.026575
393700 -9191.22408540 925.78496655 0.279356 5.9680 0.901772 0.079508 -0.009090
393800 -9197.36406399 949.04905767 0.286376 5.9680 0.901772 0.079508 -0.015167
393900 -9177.32940322 923.97382496 0.278809 5.9680 0.901772 0.079508 0.016102
394000 -9195.84136272 925.97960950 0.279414 5.9692 0.901054 0.079788 -0.040156
394100 -9180.46031191 930.65027055 0.280824 5.9692 0.901054 0.079788 0.010822
394200 -9173.12530903 913.48960094 0.275646 5.9692 0.901054 0.079788 0.037476
394300 -9183.04652516 923.47963116 0.278660 5.9692 0.901054 0.079788 0.018097
394400 -9172.32901252 921.83919883 0.278165 5.9692 0.901054 0.079788 0.014784
394500 -9183.46497188 948.40588053 0.286182 5.9674 0.902053 0.080242 -0.022414
394600 -9187.47445434 923.07275347 0.278537 5.9674 0.902053 0.080242 -0.029599
394700 -9194.45889282 929.02712346 0.280334 5.9674 0.902053 0.080242 -0.047792
394800 -9188.56687313 926.16123199 0.279469 5.9674 0.902053 0.080242 -0.027842
394900 -9193.72272511 927.09281635 0.279750 5.9674 0.902053 0.080242 -0.010714
395000 -9184.12206969 907.62358119 0.273876 5.9692 0.899471 0.079887 0.002364
395100 -9201.06458966 916.68812084 0.276611 5.9692 0.899471 0.079887 -0.025733
395200 -9225.61534535 924.37937351 0.278932 5.9692 0.899471 0.079887 -0.087002
395300 -9184.53788445 918.22221766 0.277074 5.9692 0.899471 0.079887 0.028684
395400 -9178.96958363 919.04809400 0.277323 5.9692 0.899471 0.079887 0.030669
395500 -9182.91072023 944.38018097 0.284967 5.9650 0.900242 0.080499 0.032417
395600 -9161.43034259 899.41432845 0.271398 5.9650 0.900242 0.080499 0.039939
395700 -9198.63383484 933.49336253 0.281682 5.9650 0.900242 0.080499 -0.007701
395800 -9175.83519055 916.07218486 0.276425 5.9650 0.900242 0.080499 0.031968
395900 -9202.70969652 902.00552635 0.272180 5.9650 0.900242 0.080499 -0.048122
396000 -9187.45004026 887.46496058 0.267793 5.9632 0.903459 0.080494 0.009799
396100 -9210.87758185 918.35800793 0.277115 5.9632 0.903459 0.080494 -0.039491
396200 -9208.90538451 943.85923645 0.284810 5.9632 0.903459 0.080494 -0.022832
396300 -9198.76300897 934.09205216 0.281862 5.9632 0.903459 0.080494 -0.000891
396400 -9178.81196119 913.27996447 0.275582 5.9632 0.903459 0.080494 0.026816
396500 -9182.22727093 923.45898628 0.278654 5.9680 0.902417 0.079559 0.010229
396600 -9163.72250185 890.37498821 0.268671 5.9680 0.902417 0.079559 0.046231
396700 -9189.86803169 896.26086869 0.270447 5.9680 0.902417 0.079559 0.000866
396800 -9203.14977044 954.28942704 0.287957 5.9680 0.902417 0.079559 -0.020644
396900 -9159.93816990 933.63118900 0.281723 5.9680 0.902417 0.079559 0.062801
397000 -9174.32541290 944.08743021 0.284879 5.9728 0.902175 0.080144 0.018210
397100 -9177.39254646 935.14110562 0.282179 5.9728 0.902175 0.080144 0.001726
397200 -9183.00140596 948.67849889 0.286264 5.9728 0.902175 0.080144 -0.014193
397300 -9209.34170801 947.45050825 0.285893 5.9728 0.902175 0.080144 -0.074478
397400 -9187.74266528 912.12965817 0.275235 5.9728 0.902175 0.080144 -0.019580
397500 -9175.87417204 932.20961384 0.281294 5.9674 0.902122 0.078688 0.040582
397600 -9182.93497438 925.31115486 0.279213 5.9674 0.902122 0.078688 0.011398
397700 -9173.23284474 937.79183638 0.282979 5.9674 0.902122 0.078688 0.024565
397800 -9152.17733728 920.36755641 0.277721 5.9674 0.902122 0.078688 0.065482
397900 -9166.90295069 929.99189214 0.280625 5.9674 0.902122 0.078688 0.016751
398000 -9207.89903145 969.48847506 0.292543 5.9698 0.903700 0.078629 -0.077629
398100 -9198.35517277 952.52605180 0.287425 5.9698 0.903700 0.078629 -0.040674
398200 -9192.06414294 927.32448411 0.279820 5.9698 0.903700 0.078629 -0.027981
398300 -9180.25080369 919.64484541 0.277503 5.9698 0.903700 0.078629 0.019948
398400 -9184.16490497 933.54330165 0.281697 5.9698 0.903700 0.078629 -0.009586
398500 -9198.08605836 925.28568921 0.279205 5.9632 0.902501 0.079007 -0.040798
398600 -9193.82240179 922.82390373 0.278462 5.9632 0.902501 0.079007 -0.015801
398700 -9179.02607385 931.28207127 0.281015 5.9632 0.902501 0.079007 0.010396
398800 -9183.89033201 933.71112087 0.281747 5.9632 0.902501 0.079007 0.006864
398900 -9176.11569049 927.98194522 0.280019 5.9632 0.902501 0.079007 0.017766
399000 -9184.42437487 935.30719189 0.282229 5.9740 0.903100 0.079531 0.001176
399100 -9204.97295197 937.41300230 0.282865 5.9740 0.903100 0.079531 -0.046432
399200 -9178.74129021 936.59167567 0.282617 5.9740 0.903100 0.079531 0.028609
399300 -9175.82546389 915.67884026 0.276306 5.9740 0.903100 0.079531 0.025628
399400 -9176.56785811 901.82349808 0.272125 5.9740 0.903100 0.079531 0.019341
399500 -9185.63643286 932.33848490 0.281333 5.9674 0.899330 0.081000 -0.010106
399600 -9161.78248090 895.62230353 0.270254 5.9674 0.899330 0.081000 0.035838
399700 -9162.12794290 932.19201368 0.281289 5.9674 0.899330 0.081000 0.044570
399800 -9162.95170479 928.98075348 0.280320 5.9674 0.899330 0.081000 0.038781
399900 -9192.94366121 944.77522998 0.285086 5.9674 0.899330 0.081000 -0.031550
400000 -9175.20604317 927.57205947 0.279895 5.9650 0.901709 0.080259 -0.006645
400100 -9196.40570050 942.81934119 0.284496 5.9650 0.901709 0.080259 -0.051881
400200 -9186.50640235 923.96771213 0.278807 5.9650 0.901709 0.080259 -0.023764
400300 -9194.79386185 931.63864353 0.281122 5.9650 0.901709 0.080259 -0.024647
400400 -9201.92956731 921.44427573 0.278046 5.9650 0.901709 0.080259 -0.053403
400500 -9203.61206600 917.41344677 0.276830 5.9692 0.902700 0.078430 -0.036514
400600 -9177.29036653 917.05487645 0.276721 5.9692 0.902700 0.078430 0.025179
400700 -9185.06512321 923.47049162 0.278657 5.9692 0.902700 0.078430 0.003223
400800 -9165.18498723 928.74916619 0.280250 5.9692 0.902700 0.078430 0.030546
400900 -9169.84816023 927.59715304 0.279903 5.9692 0.902700 0.078430 0.030621
401000 -9173.24949095 941.18541171 0.284003 5.9662 0.901648 0.080035 0.015643
401100 -9172.92683805 957.12955760 0.288814 5.9662 0.901648 0.080035 0.000078
401200 -9159.30899911 925.97966214 0.279415 5.9662 0.901648 0.080035 0.022410
401300 -9164.88612694 906.29043225 0.273473 5.9662 0.901648 0.080035 0.018838
401400 -9184.30374860 926.79935019 0.279662 5.9662 0.901648 0.080035 -0.006101
401500 -9181.27932006 930.32412324 0.280725 5.9620 0.904950 0.079895 0.003032
401600 -9151.55949216 924.75459517 0.279045 5.9620 0.904950 0.079895 0.078964
401700 -9172.59142270 931.75608077 0.281158 5.9620 0.904950 0.079895 0.004115
401800 -9193.14023334 939.01618194 0.283348 5.9620 0.904950 0.079895 -0.038064
401900 -9152.41401574 900.20197991 0.271636 5.9620 0.904950 0.079895 0.050160
402000 -9164.08882461 941.04370541 0.283960 5.9674 0.896229 0.080831 0.021965
402100 -9158.97935686 923.91371802 0.278791 5.9674 0.896229 0.080831 0.022946
402200 -9181.62320386 945.90837040 0.285428 5.9674 0.896229 0.080831 -0.025081
402300 -9170.42775761 919.61351704 0.277494 5.9674 0.896229 0.080831 0.005712
402400 -9165.56338042 951.96767716 0.287256 5.9674 0.896229 0.080831 0.022610
402500 -9143.88645134 904.88969934 0.273051 5.9759 0.895358 0.081972 0.044026
402600 -9153.35305907 923.47970398 0.278660 5.9759 0.895358 0.081972 0.023591
402700 -9180.68055057 927.15269974 0.279768 5.9759 0.895358 0.081972 -0.022675
402800 -9173.38216843 925.52114351 0.279276 5.9759 0.895358 0.081972 -0.001237
402900 -9186.55466855 923.51747878 0.278672 5.9759 0.895358 0.081972 -0.018632
403000 -9171.60489820 920.09714829 0.277639 5.9734 0.897767 0.079551 0.018900
403100 -9189.10469339 933.66255635 0.281733 5.9734 0.897767 0.079551 -0.012050
403200 -9193.01765529 934.44709230 0.281970 5.9734 0.897767 0.079551 -0.022619
403300 -9209.86221374 928.47882233 0.280169 5.9734 0.897767 0.079551 -0.059880
403400 -9212.98861264 911.50195778 0.275046 5.9734 0.897767 0.079551 -0.046222
403500 -9180.57369182 899.48809723 0.271421 5.9698 0.899308 0.080927 0.036074
403600 -9211.95645429 920.61261042 0.277795 5.9698 0.899308 0.080927 -0.016906
403700 -9201.48736152 895.52752089 0.270226 5.9698 0.899308 0.080927 -0.000621
403800 -9203.07211535 942.15355511 0.284295 5.9698 0.899308 0.080927 0.010227
403900 -9174.51052541 928.69637660 0.280234 5.9698 0.899308 0.080927 0.063428
404000 -9183.85598848 922.89998105 0.278485 5.9674 0.902778 0.078934 0.035191
404100 -9194.66006334 922.91108482 0.278489 5.9674 0.902778 0.078934 -0.012186
404200 -9199.38237789 910.99919989 0.274894 5.9674 0.902778 0.078934 -0.016133
404300 -9185.16394523 921.13204223 0.277952 5.9674 0.902778 0.078934 0.025090
404400 -9186.06105235 921.74797505 0.278138 5.9674 0.902778 0.078934 0.023248
404500 -9153.42869270 911.13050827 0.274934 5.9710 0.898129 0.080715 0.072575
404600 -9197.47048865 972.33930324 0.293404 5.9710 0.898129 0.080715 -0.044712
404700 -9202.78507024 949.12890593 0.286400 5.9710 0.898129 0.080715 -0.049625
404800 -9157.04024276 897.77842816 0.270905 5.9710 0.898129 0.080715 0.048617
404900 -9170.48865583 915.03228594 0.276111 5.9710 0.898129 0.080715 0.009170
405000 -9154.54528794 905.49366634 0.273233 5.9614 0.899785 0.081091 0.047602
405100 -9194.81524005 944.81613853 0.285098 5.9614 0.899785 0.081091 -0.032586
405200 -9192.80005139 934.65919160 0.282034 5.9614 0.899785 0.081091 -0.034528
405300 -9167.65353838 907.64868442 0.273883 5.9614 0.899785 0.081091 0.029336
405400 -9200.69439613 929.28409431 0.280412 5.9614 0.899785 0.081091 -0.044854
405500 -9174.80506582 936.83037180 0.282689 5.9632 0.904702 0.079094 0.041680
405600 -9161.69529955 939.01736968 0.283349 5.9632 0.904702 0.079094 0.060954
405700 -9166.91928179 918.57495105 0.277180 5.9632 0.904702 0.079094 0.005673
405800 -9198.22960852 946.85471547 0.285714 5.9632 0.904702 0.079094 -0.058021
405900 -9168.10453604 939.84368120 0.283598 5.9632 0.904702 0.079094 0.022297
406000 -9185.47438232 929.88705318 0.280594 5.9680 0.899556 0.080959 -0.017676
406100 -9179.94582292 948.36500144 0.286169 5.9680 0.899556 0.080959 -0.007812
406200 -9168.96602973 937.62117003 0.282927 5.9680 0.899556 0.080959 -0.002390
406300 -9167.06476382 911.09140378 0.274922 5.9680 0.899556 0.080959 0.003216
406400 -9165.11444271 905.41958592 0.273210 5.9680 0.899556 0.080959 0.017789
406500 -9174.52812301 935.68807911 0.282344 5.9656 0.903634 0.079882 0.000539
406600 -9185.46585840 920.23399414 0.277681 5.9656 0.903634 0.079882 -0.022636
406700 -9187.01261234 940.35038497 0.283751 5.9656 0.903634 0.079882 -0.014595
406800 -9187.78043551 937.57952386 0.282915 5.9656 0.903634 0.079882 -0.030994
406900 -9179.01520321 941.33861724 0.284049 5.9656 0.903634 0.079882 -0.012034
407000 -9181.20422368 957.59599485 0.288955 5.9734 0.899926 0.080532 -0.026237
407100 -9160.07449830 923.58593625 0.278692 5.9734 0.899926 0.080532 0.023087
407200 -9159.12964576 911.55007856 0.275060 5.9734 0.899926 0.080532 0.030982
407300 -9158.11489639 937.18484066 0.282796 5.9734 0.899926 0.080532 0.027732
407400 -9179.06215031 946.61639001 0.285642 5.9734 0.899926 0.080532 -0.010631
407500 -9148.39654407 924.75891018 0.279046 5.9698 0.898512 0.081673 0.050557
407600 -9189.35787836 953.08198366 0.287593 5.9698 0.898512 0.081673 -0.039942
407700 -9188.08862433 927.04804856 0.279737 5.9698 0.898512 0.081673 -0.031478
407800 -9208.71850173 910.75176607 0.274819 5.9698 0.898512 0.081673 -0.055257
407900 -9183.03748196 909.96855853 0.274583 5.9698 0.898512 0.081673 0.004849
408000 -9207.57144944 923.03285483 0.278525 5.9668 0.905419 0.078896 -0.026633
408100 -9173.48680209 920.19208684 0.277668 5.9668 0.905419 0.078896 0.044173
408200 -9170.03201169 916.16263874 0.276452 5.9668 0.905419 0.078896 0.031421
408300 -9200.58769139 926.84664077 0.279676 5.9668 0.905419 0.078896 -0.036762
408400 -9191.36677623 899.83138698 0.271524 5.9668 0.905419 0.078896 -0.001801
408500 -9191.48380097 931.76992690 0.281162 5.9716 0.903259 0.078323 -0.004905
408600 -9191.42023234 956.04617403 0.288487 5.9716 0.903259 0.078323 0.001257
408700 -9159.99989003 942.20821734 0.284311 5.9716 0.903259 0.078323 0.053847
408800 -9172.84871730 929.37342944 0.280439 5.9716 0.903259 0.078323 0.009771
408900 -9165.31647013 903.86830034 0.272742 5.9716 0.903259 0.078323 0.022047
409000 -9173.60532002 920.58648611 0.277787 5.9722 0.901768 0.079460 0.016749
409100 -9191.54846114 956.90520756 0.288746 5.9722 0.901768 0.079460 -0.017440
409200 -9164.81683256 933.20362669 0.281594 5.9722 0.901768 0.079460 0.042939
409300 -9182.19137196 960.74276201 0.289904 5.9722 0.901768 0.079460 -0.002916
409400 -9191.07432601 916.62779895 0.276593 5.9722 0.901768 0.079460 -0.032285
409500 -9167.94502891 905.52169073 0.273241 5.9686 0.899958 0.081287 0.006616
409600 -9189.93150553 911.97041528 0.275187 5.9686 0.899958 0.081287 0.000075
409700 -9174.66648032 901.38302321 0.271992 5.9686 0.899958 0.081287 0.017581
409800 -9223.60087927 951.97631220 0.287259 5.9686 0.899958 0.081287 -0.076519
409900 -9168.18988877 932.33687303 0.281333 5.9686 0.899958 0.081287 0.048363
410000 -9167.69267177 939.64801604 0.283539 5.9704 0.898523 0.079587 0.033011
410100 -9182.70770349 933.18730920 0.281589 5.9704 0.898523 0.079587 0.001834
410200 -9175.57595231 927.16763689 0.279773 5.9704 0.898523 0.079587 -0.010606
410300 -9180.67374576 930.16222446 0.280677 5.9704 0.898523 0.079587 -0.002564
410400 -9201.83769503 890.39443994 0.268677 5.9704 0.898523 0.079587 -0.058861
410500 -9194.10254887 929.06328574 0.280345 5.9662 0.902026 0.079431 -0.026979
410600 -9188.05357822 908.82369455 0.274238 5.9662 0.902026 0.079431 0.004164
410700 -9160.15934333 898.48719594 0.271119 5.9662 0.902026 0.079431 0.061759
410800 -9199.14024004 940.51228974 0.283800 5.9662 0.902026 0.079431 -0.013535
410900 -9179.69008857 934.73285109 0.282056 5.9662 0.902026 0.079431 0.025953
411000 -9185.77658278 918.95003135 0.277293 5.9710 0.900647 0.077992 0.004851
411100 -9200.70660082 892.70456960 0.269374 5.9710 0.900647 0.077992 -0.018997
411200 -9216.02255461 936.35528408 0.282545 5.9710 0.900647 0.077992 -0.050316
411300 -9223.29436416 910.47371808 0.274736 5.9710 0.900647 0.077992 -0.058400
411400 -9213.28078311 876.89296443 0.264603 5.9710 0.900647 0.077992 -0.031987
411500 -9215.18923403 892.41748981 0.269287 5.9650 0.903473 0.079048 -0.010725
411600 -9221.81233307 910.30388223 0.274684 5.9650 0.903473 0.079048 -0.006269
411700 -9203.58262464 933.36672430 0.281644 5.9650 0.903473 0.079048 0.021259
411800 -9197.66364203 948.38314879 0.286175 5.9650 0.903473 0.079048 0.014850
411900 -9180.03458355 919.52496093 0.277467 5.9650 0.903473 0.079048 0.041325
412000 -9155.40865833 903.30081322 0.272571 5.9620 0.896651 0.080533 0.078046
412100 -9167.49939716 942.86933791 0.284511 5.9620 0.896651 0.080533 0.037606
412200 -9178.35442472 939.38866428 0.283461 5.9620 0.896651 0.080533 -0.000327
412300 -9185.98845613 907.04090413 0.273700 5.9620 0.896651 0.080533 -0.012185
412400 -9190.62144287 892.74505976 0.269386 5.9620 0.896651 0.080533 -0.023435
412500 -9188.58945256 916.06961052 0.276424 5.9674 0.903817 0.078944 0.000021
412600 -9181.79654265 919.79388922 0.277548 5.9674 0.903817 0.078944 0.021053
412700 -9180.67081922 948.75277749 0.286286 5.9674 0.903817 0.078944 0.019213
412800 -9183.63365406 934.55327470 0.282002 5.9674 0.903817 0.078944 -0.005850
412900 -9145.11089091 940.67034887 0.283847 5.9674 0.903817 0.078944 0.075549
413000 -9168.91037225 931.24948033 0.281005 5.9686 0.901706 0.080969 -0.001915
413100 -9166.78542962 910.73632564 0.274815 5.9686 0.901706 0.080969 -0.004261
413200 -9158.80931556 900.47197681 0.271718 5.9686 0.901706 0.080969 0.028567
413300 -9158.03611565 925.46649045 0.279260 5.9686 0.901706 0.080969 0.026133
413400 -9173.85842505 924.62280497 0.279005 5.9686 0.901706 0.080969 -0.012917
413500 -9192.64206915 932.72951462 0.281451 5.9692 0.903573 0.079198 -0.039116
413600 -9181.13905852 921.92024073 0.278190 5.9692 0.903573 0.079198 -0.006224
413700 -9173.98506343 938.54020748 0.283205 5.9692 0.903573 0.079198 0.025957
413800 -9191.36969947 934.52081331 0.281992 5.9692 0.903573 0.079198 -0.020440
413900 -9169.99349114 932.19897056 0.281291 5.9692 0.903573 0.079198 0.048083
414000 -9172.61951103 914.10377996 0.275831 5.9638 0.900788 0.080549 0.026749
414100 -9188.12013791 915.60152716 0.276283 5.9638 0.900788 0.080549 -0.016242
414200 -9193.11089294 923.86733027 0.278777 5.9638 0.900788 0.080549 -0.006927
414300 -9195.58122651 936.89895630 0.282709 5.9638 0.900788 0.080549 -0.009956
414400 -9167.62468260 921.42678293 0.278041 5.9638 0.900788 0.080549 0.029227
414500 -9165.67520788 940.16915746 0.283696 5.9771 0.899931 0.079380 0.017625
414600 -9133.83633350 904.36420470 0.272892 5.9771 0.899931 0.079380 0.084709
414700 -9172.37301051 955.45075438 0.288307 5.9771 0.899931 0.079380 0.006520
414800 -9196.41555422 935.60414629 0.282319 5.9771 0.899931 0.079380 -0.058669
414900 -9185.51328321 942.80204116 0.284491 5.9771 0.899931 0.079380 -0.030102
415000 -9162.74492184 926.33668286 0.279522 5.9656 0.898899 0.080884 0.025444
415100 -9188.05189951 952.24131743 0.287339 5.9656 0.898899 0.080884 -0.030183
415200 -9183.86382753 943.79490619 0.284790 5.9656 0.898899 0.080884 -0.022868
415300 -9177.43514046 947.99691995 0.286058 5.9656 0.898899 0.080884 0.001903
415400 -9166.36780722 931.95118820 0.281216 5.9656 0.898899 0.080884 -0.001910
415500 -9166.54453535 930.38548531 0.280744 5.9674 0.900648 0.081321 0.000147
415600 -9175.40585571 916.68727182 0.276611 5.9674 0.900648 0.081321 -0.009077
415700 -9180.46033908 913.97027167 0.275791 5.9674 0.900648 0.081321 -0.010832
415800 -9183.19119330 932.88224338 0.281497 5.9674 0.900648 0.081321 -0.007823
415900 -9170.40188873 930.84056498 0.280881 5.9674 0.900648 0.081321 0.002945
416000 -9196.60719496 935.19442271 0.282195 5.9692 0.903516 0.078569 -0.041246
416100 -9176.23454281 955.21599287 0.288237 5.9692 0.903516 0.078569 -0.001180
416200 -9155.92353791 904.28677114 0.272869 5.9692 0.903516 0.078569 0.043653
416300 -9171.28802843 911.24687091 0.274969 5.9692 0.903516 0.078569 0.005053
416400 -9182.30010291 963.79613983 0.290826 5.9692 0.903516 0.078569 -0.015347
416500 -9174.57609567 946.75242508 0.285683 5.9734 0.899281 0.080327 0.007359
416600 -9192.66260456 957.11657660 0.288810 5.9734 0.899281 0.080327 -0.024420
416700 -9185.77871730 925.54554104 0.279284 5.9734 0.899281 0.080327 -0.046211
416800 -9168.03177823 928.45375453 0.280161 5.9734 0.899281 0.080327 0.012812
416900 -9174.47083695 920.88829326 0.277878 5.9734 0.899281 0.080327 0.006177
417000 -9188.41208487 917.81390420 0.276950 5.9698 0.905432 0.078219 -0.022317
417100 -9193.78963480 903.47907347 0.272625 5.9698 0.905432 0.078219 -0.032905
417200 -9227.14907635 943.48206047 0.284696 5.9698 0.905432 0.078219 -0.084018
417300 -9201.13353783 913.35133235 0.275604 5.9698 0.905432 0.078219 -0.020885
417400 -9196.72041027 948.25760119 0.286137 5.9698 0.905432 0.078219 -0.016678
417500 -9151.43447827 926.64437041 0.279615 5.9716 0.896471 0.080692 0.081307
417600 -9176.90997046 946.86116288 0.285715 5.9716 0.896471 0.080692 0.008809
417700 -9165.07097109 926.05997939 0.279439 5.9716 0.896471 0.080692 0.029033
417800 -9189.94166163 929.66682080 0.280527 5.9716 0.896471 0.080692 -0.026668
417900 -9191.52784586 936.65685230 0.282636 5.9716 0.896471 0.080692 -0.035059
418000 -9176.04144449 909.73428727 0.274512 5.9674 0.898213 0.080678 0.001882
418100 -9195.72581968 931.18927474 0.280987 5.9674 0.898213 0.080678 -0.037227
418200 -9212.36016594 918.54797399 0.277172 5.9674 0.898213 0.080678 -0.075475
418300 -9224.41391439 926.69012993 0.279629 5.9674 0.898213 0.080678 -0.074021
418400 -9192.51149224 926.88471401 0.279688 5.9674 0.898213 0.080678 0.023736
418500 -9200.25860101 911.74030802 0.275118 5.9680 0.905942 0.079163 -0.016709
418600 -9186.30630435 905.22628217 0.273152 5.9680 0.905942 0.079163 0.009257
418700 -9169.65074348 913.49311612 0.275647 5.9680 0.905942 0.079163 0.051969
418800 -9170.43330103 906.27269437 0.273468 5.9680 0.905942 0.079163 0.053094
418900 -9186.93935010 958.87005077 0.289339 5.9680 0.905942 0.079163 0.017255
419000 -9206.23916133 932.54075124 0.281394 5.9662 0.907258 0.078257 -0.031931
419100 -9198.45903635 920.57624910 0.277784 5.9662 0.907258 0.078257 -0.009311
419200 -9185.67132824 925.28797710 0.279206 5.9662 0.907258 0.078257 0.021312
419300 -9201.17102788 938.29911518 0.283132 5.9662 0.907258 0.078257 -0.014583
419400 -9177.02085825 933.35234992 0.281639 5.9662 0.907258 0.078257 0.016457
419500 -9148.78658112 926.39568573 0.279540 5.9680 0.895747 0.082314 0.065291
419600 -9165.20272277 933.96735147 0.281825 5.9680 0.895747 0.082314 0.013251
419700 -9153.64840060 925.30635617 0.279211 5.9680 0.895747 0.082314 0.053648
419800 -9150.16371173 923.18624478 0.278572 5.9680 0.895747 0.082314 0.027659
419900 -9179.12852445 925.09504829 0.279148 5.9680 0.895747 0.082314 -0.008651
420000 -9200.03532069 932.27817951 0.281315 5.9638 0.904055 0.080287 -0.066898
420100 -9206.17800223 943.80368259 0.284793 5.9638 0.904055 0.080287 -0.072627
420200 -9180.91754261 913.02658261 0.275506 5.9638 0.904055 0.080287 -0.008698
420300 -9176.90496564 919.02241135 0.277315 5.9638 0.904055 0.080287 0.005475
420400 -9176.00861326 906.34203009 0.273489 5.9638 0.904055 0.080287 0.010273
420500 -9173.02447442 924.74645928 0.279042 5.9620 0.905060 0.080376 0.025171
420600 -9195.10482931 946.88885095 0.285724 5.9620 0.905060 0.080376 -0.012401
420700 -9191.00434174 935.03104974 0.282146 5.9620 0.905060 0.080376 -0.029674
420800 -9196.42705118 937.48917126 0.282887 5.9620 0.905060 0.080376 -0.033309
420900 -9193.72849010 926.08111149 0.279445 5.9620 0.905060 0.080376 -0.027532
421000 -9193.86045199 919.29543320 0.277398 5.9674 0.902594 0.078635 -0.016678
421100 -9188.89737780 910.61753129 0.274779 5.9674 0.902594 0.078635 0.000193
421200 -9212.01588145 941.48390599 0.284093 5.9674 0.902594 0.078635 -0.048652
421300 -9189.29292951 913.78668452 0.275735 5.9674 0.902594 0.078635 -0.002578
421400 -9173.15342037 903.78370206 0.272717 5.9674 0.902594 0.078635 0.035317
421500 -9184.82599879 906.59509770 0.273565 5.9734 0.900527 0.078141 0.005138
421600 -9214.51496118 904.38175087 0.272897 5.9734 0.900527 0.078141 -0.044214
421700 -9182.68952207 900.84099238 0.271829 5.9734 0.900527 0.078141 0.044364
421800 -9185.92172522 903.26414390 0.272560 5.9734 0.900527 0.078141 0.042844
421900 -9177.01117142 941.50070089 0.284098 5.9734 0.900527 0.078141 0.052748
422000 -9172.40464278 913.24512647 0.275572 5.9650 0.902860 0.080093 0.036007
422100 -9199.63037418 921.87777016 0.278177 5.9650 0.902860 0.080093 -0.024095
422200 -9199.63948621 921.85268883 0.278169 5.9650 0.902860 0.080093 -0.026817
422300 -9191.70526938 924.24651435 0.278892 5.9650 0.902860 0.080093 -0.011773
422400 -9174.91865245 942.51891951 0.284405 5.9650 0.902860 0.080093 0.027225
422500 -9195.97151156 941.91256764 0.284222 5.9674 0.902426 0.079195 -0.048236
422600 -9166.03384550 944.35865078 0.284960 5.9674 0.902426 0.079195 0.026969
422700 -9179.66126462 924.51069371 0.278971 5.9674 0.902426 0.079195 -0.002905
422800 -9200.75165446 935.81756886 0.282383 5.9674 0.902426 0.079195 -0.025055
422900 -9187.73781899 925.37971156 0.279233 5.9674 0.902426 0.079195 -0.007311
423000 -9172.49964975 931.12932511 0.280968 5.9668 0.900925 0.079711 0.016102
423100 -9174.30957149 936.72851925 0.282658 5.9668 0.900925 0.079711 0.010576
423200 -9160.23453206 924.57726306 0.278991 5.9668 0.900925 0.079711 0.041399
423300 -9158.85163127 933.52372022 0.281691 5.9668 0.900925 0.079711 0.043462
423400 -9162.88693140 924.48767982 0.278964 5.9668 0.900925 0.079711 0.020444
423500 -9179.12539646 913.55486205 0.275665 5.9632 0.905505 0.078709 -0.011685
423600 -9186.37935063 948.76892219 0.286291 5.9632 0.905505 0.078709 -0.019293
423700 -9180.01572390 937.10478620 0.282772 5.9632 0.905505 0.078709 -0.008750
423800 -9180.89071133 939.31649481 0.283439 5.9632 0.905505 0.078709 -0.018015
423900 -9188.98552246 941.34476058 0.284051 5.9632 0.905505 0.078709 -0.033317
424000 -9176.73038976 949.71196167 0.286576 5.9632 0.902096 0.081032 0.000217
424100 -9170.12979172 956.02268308 0.288480 5.9632 0.902096 0.081032 0.015296
424200 -9179.09332801 931.99737599 0.281230 5.9632 0.902096 0.081032 -0.030253
424300 -9182.91908227 920.48898026 0.277758 5.9632 0.902096 0.081032 -0.035637
424400 -9191.63821055 917.27803820 0.276789 5.9632 0.902096 0.081032 -0.041700
424500 -9181.11452661 949.78021119 0.286596 5.9626 0.901860 0.080422 0.004238
424600 -9176.22765963 944.92983511 0.285133 5.9626 0.901860 0.080422 -0.002822
424700 -9199.82792652 953.10518757 0.287600 5.9626 0.901860 0.080422 -0.061692
424800 -9173.03584180 943.54588188 0.284715 5.9626 0.901860 0.080422 0.007558
424900 -9189.77229567 950.79334064 0.286902 5.9626 0.901860 0.080422 -0.029082
425000 -9166.58811592 920.00077263 0.277610 5.9632 0.900213 0.081363 0.027373
425100 -9152.01181663 910.95153638 0.274880 5.9632 0.900213 0.081363 0.055274
425200 -9190.99207693 945.25069039 0.285230 5.9632 0.900213 0.081363 -0.048618
425300 -9184.80855562 929.09277850 0.280354 5.9632 0.900213 0.081363 -0.038248
425400 -9176.90105074 933.63084523 0.281723 5.9632 0.900213 0.081363 -0.011316
425500 -9168.29640458 936.44725999 0.282573 5.9704 0.899620 0.080082 -0.003639
425600 -9171.15300516 929.35606740 0.280433 5.9704 0.899620 0.080082 -0.020229
425700 -9205.38904692 944.78021386 0.285088 5.9704 0.899620 0.080082 -0.069722
425800 -9172.65613948 920.87935562 0.277875 5.9704 0.899620 0.080082 0.013071
425900 -9182.16753606 955.56275841 0.288341 5.9704 0.899620 0.080082 0.008917
426000 -9162.78252725 964.62257893 0.291075 5.9638 0.903654 0.081013 0.024797
426100 -9165.00930116 937.71783286 0.282956 5.9638 0.903654 0.081013 0.010623
426200 -9168.87756793 948.23669167 0.286131 5.9638 0.903654 0.081013 -0.009788
426300 -9166.34597403 933.57696309 0.281707 5.9638 0.903654 0.081013 -0.012693
426400 -9197.14397403 934.80543723 0.282078 5.9638 0.903654 0.081013 -0.060934
426500 -9171.48643033 947.48156819 0.285903 5.9614 0.905256 0.079357 0.001584
426600 -9159.18811551 932.33023321 0.281331 5.9614 0.905256 0.079357 0.026092
426700 -9171.00754815 955.58152572 0.288347 5.9614 0.905256 0.079357 0.006421
426800 -9165.27195137 928.48208968 0.280170 5.9614 0.905256 0.079357 0.014103
426900 -9161.47725818 915.89208781 0.276371 5.9614 0.905256 0.079357 0.028334
427000 -9161.61458900 929.89013983 0.280594 5.9638 0.903356 0.080774 0.017951
427100 -9163.65615760 935.72270980 0.282354 5.9638 0.903356 0.080774 0.017805
427200 -9175.39277669 929.12341574 0.280363 5.9638 0.903356 0.080774 -0.017931
427300 -9157.29801391 923.86870392 0.278778 5.9638 0.903356 0.080774 0.030314
427400 -9183.20780725 941.02716738 0.283955 5.9638 0.903356 0.080774 -0.047823
427500 -9162.41297363 923.49397153 0.278664 5.9674 0.899836 0.080660 0.014780
427600 -9185.66850645 911.23174407 0.274964 5.9674 0.899836 0.080660 -0.029825
427700 -9186.30308341 935.59599432 0.282316 5.9674 0.899836 0.080660 -0.017204
427800 -9179.07339565 931.86175516 0.281189 5.9674 0.899836 0.080660 0.009673
427900 -9186.67501342 936.02697151 0.282446 5.9674 0.899836 0.080660 -0.024747
428000 -9185.99748855 911.06428354 0.274914 5.9740 0.898781 0.078412 -0.024948
428100 -9173.87822428 918.90912242 0.277281 5.9740 0.898781 0.078412 0.015104
428200 -9218.56399511 945.30050309 0.285245 5.9740 0.898781 0.078412 -0.071847
428300 -9187.56593391 916.03111072 0.276413 5.9740 0.898781 0.078412 0.005020
428400 -9187.09375531 945.55900572 0.285323 5.9740 0.898781 0.078412 0.002925
428500 -9184.78268941 899.55562795 0.271441 5.9674 0.903669 0.079430 0.001993
428600 -9212.85207545 946.73520722 0.285677 5.9674 0.903669 0.079430 -0.044030
428700 -9183.14691372 911.45325865 0.275031 5.9674 0.903669 0.079430 0.002108
428800 -9203.21291405 933.37184974 0.281645 5.9674 0.903669 0.079430 -0.036313
428900 -9204.63701902 940.45962323 0.283784 5.9674 0.903669 0.079430 -0.014100
429000 -9171.44360684 907.42234516 0.273815 5.9674 0.900589 0.080785 0.051279
429100 -9191.21682057 943.04598320 0.284564 5.9674 0.900589 0.080785 0.009886
429200 -9162.98851902 919.66949535 0.277510 5.9674 0.900589 0.080785 0.047344
429300 -9189.99323392 938.62472601 0.283230 5.9674 0.900589 0.080785 0.000817
429400 -9170.33466445 938.44343946 0.283175 5.9674 0.900589 0.080785 0.022445
429500 -9159.18318231 930.79971383 0.280869 5.9698 0.897034 0.080808 0.029575
429600 -9171.74675928 919.81527840 0.277554 5.9698 0.897034 0.080808 0.026418
429700 -9192.15562602 938.38619825 0.283158 5.9698 0.897034 0.080808 -0.035988
429800 -9174.13051760 909.97272858 0.274584 5.9698 0.897034 0.080808 0.016687
429900 -9180.37140513 930.94826798 0.280914 5.9698 0.897034 0.080808 -0.016838
430000 -9194.26994091 926.08574322 0.279447 5.9716 0.901533 0.079395 -0.035988
430100 -9189.39078399 914.31708169 0.275895 5.9716 0.901533 0.079395 -0.003132
430200 -9168.72682597 921.45056034 0.278048 5.9716 0.901533 0.079395 0.044495
430300 -9149.33622198 928.10240267 0.280055 5.9716 0.901533 0.079395 0.058945
430400 -9191.71349172 930.85145395 0.280885 5.9716 0.901533 0.079395 -0.039049
430500 -9172.44855570 929.97292792 0.280619 5.9680 0.896648 0.080414 0.011230
430600 -9189.24245797 935.26141948 0.282215 5.9680 0.896648 0.080414 -0.039193
430700 -9184.31410308 934.79883859 0.282076 5.9680 0.896648 0.080414 -0.015654
430800 -9187.93555763 922.33697842 0.278315 5.9680 0.896648 0.080414 -0.026253
430900 -9184.68235416 910.49723689 0.274743 5.9680 0.896648 0.080414 -0.015637
431000 -9215.38425252 925.19627627 0.279178 5.9704 0.906734 0.077728 -0.067743
431100 -9205.22099043 937.59061763 0.282918 5.9704 0.906734 0.077728 -0.029985
431200 -9225.83050208 940.59269114 0.283824 5.9704 0.906734 0.077728 -0.079779
431300 -9205.98164385 930.37477959 0.280741 5.9704 0.906734 0.077728 -0.030773
431400 -9171.03067895 892.81885946 0.269408 5.9704 0.906734 0.077728 0.055453
431500 -9205.10657836 926.11176841 0.279454 5.9680 0.903866 0.079353 -0.017646
431600 -9179.69053352 921.99323829 0.278212 5.9680 0.903866 0.079353 0.039606
431700 -9193.95975952 938.39640473 0.283161 5.9680 0.903866 0.079353 0.012259
431800 -9189.61505642 952.78559922 0.287503 5.9680 0.903866 0.079353 -0.006170
431900 -9176.76438893 932.88620152 0.281499 5.9680 0.903866 0.079353 0.011156
432000 -9182.73500162 941.06298822 0.283966 5.9686 0.901619 0.078113 0.017069
432100 -9187.49449551 942.12340612 0.284286 5.9686 0.901619 0.078113 -0.020986
432200 -9201.65253558 941.33916628 0.284049 5.9686 0.901619 0.078113 -0.039813
432300 -9193.98609206 909.91257391 0.274566 5.9686 0.901619 0.078113 -0.010879
432400 -9185.71269742 909.30883863 0.274384 5.9686 0.901619 0.078113 0.013500
432500 -9197.57665650 916.32457476 0.276501 5.9692 0.902062 0.079291 -0.016090
432600 -9186.89658335 897.30575866 0.270762 5.9692 0.902062 0.079291 0.017904
432700 -9210.15181358 903.78465800 0.272717 5.9692 0.902062 0.079291 -0.034768
432800 -9208.08033181 909.96588012 0.274582 5.9692 0.902062 0.079291 0.003014
432900 -9195.26837940 921.01140840 0.277915 5.9692 0.902062 0.079291 0.018427
433000 -9187.61176960 919.80055651 0.277550 5.9704 0.901453 0.078080 0.039239
433100 -9199.19402169 953.35016408 0.287674 5.9704 0.901453 0.078080 0.002804
433200 -9195.07129289 952.51629230 0.287422 5.9704 0.901453 0.078080 0.006452
433300 -9197.55069157 959.00972749 0.289381 5.9704 0.901453 0.078080 -0.008721
433400 -9177.04680754 921.11993230 0.277948 5.9704 0.901453 0.078080 0.030696
433500 -9179.20591173 950.53163055 0.286823 5.9674 0.898084 0.079318 0.015709
433600 -9180.05144190 913.75577766 0.275726 5.9674 0.898084 0.079318 -0.009781
433700 -9189.97107980 910.98407267 0.274890 5.9674 0.898084 0.079318 -0.037200
433800 -9191.71591079 904.38417746 0.272898 5.9674 0.898084 0.079318 -0.022319
433900 -9185.62399351 916.23810867 0.276475 5.9674 0.898084 0.079318 0.025771
434000 -9182.87546970 912.09472960 0.275225 5.9626 0.901252 0.080201 0.022384
434100 -9197.71073869 928.15247314 0.280070 5.9626 0.901252 0.080201 0.011794
434200 -9195.78656921 895.96463338 0.270357 5.9626 0.901252 0.080201 -0.015170
434300 -9182.39796943 905.45478815 0.273221 5.9626 0.901252 0.080201 0.032026
434400 -9215.16927718 908.11414129 0.274024 5.9626 0.901252 0.080201 -0.041706
434500 -9185.76791190 907.75084584 0.273914 5.9590 0.906024 0.079181 0.037168
434600 -9198.62303754 936.26512587 0.282518 5.9590 0.906024 0.079181 0.004302
434700 -9171.86658623 908.31609118 0.274085 5.9590 0.906024 0.079181 0.041402
434800 -9169.50407255 896.31780200 0.270464 5.9590 0.906024 0.079181 0.035894
434900 -9146.04622767 904.84275226 0.273036 5.9590 0.906024 0.079181 0.089079
435000 -9199.98086835 945.08485630 0.285179 5.9638 0.905208 0.080102 -0.028942
435100 -9205.22526502 936.68745351 0.282646 5.9638 0.905208 0.080102 -0.037215
435200 -9167.39311306 907.02315782 0.273694 5.9638 0.905208 0.080102 0.041916
435300 -9176.93665411 925.40546725 0.279241 5.9638 0.905208 0.080102 0.010777
435400 -9196.10836074 942.96440825 0.284540 5.9638 0.905208 0.080102 -0.022219
435500 -9157.18697659 916.36543939 0.276513 5.9728 0.895285 0.081597 0.061312
435600 -9187.38806160 939.50678187 0.283496 5.9728 0.895285 0.081597 -0.014601
435700 -9183.37746774 948.47206940 0.286202 5.9728 0.895285 0.081597 0.001487
435800 -9177.78378968 922.85197322 0.278471 5.9728 0.895285 0.081597 0.008025
435900 -9169.52795300 929.70165327 0.280538 5.9728 0.895285 0.081597 0.027713
436000 -9175.69792463 933.49346043 0.281682 5.9716 0.901077 0.078880 0.005506
436100 -9193.84055255 955.44634602 0.288306 5.9716 0.901077 0.078880 -0.031460
436200 -9161.89701153 931.51716751 0.281085 5.9716 0.901077 0.078880 0.036811
436300 -9171.01859133 919.84181150 0.277562 5.9716 0.901077 0.078880 -0.002386
436400 -9175.79173333 906.61242692 0.273570 5.9716 0.901077 0.078880 -0.006300
436500 -9201.05167789 929.66545177 0.280527 5.9716 0.901426 0.078661 -0.046019
436600 -9199.83020403 923.91978775 0.278793 5.9716 0.901426 0.078661 -0.026532
436700 -9205.12463716 916.19369876 0.276462 5.9716 0.901426 0.078661 -0.028789
436800 -9212.58738762 930.01655942 0.280633 5.9716 0.901426 0.078661 -0.032554
436900 -9209.37225286 903.22302677 0.272548 5.9716 0.901426 0.078661 -0.017921
437000 -9221.75706762 923.21855930 0.278581 5.9656 0.909463 0.077990 -0.037847
437100 -9197.61329337 908.92985746 0.274270 5.9656 0.909463 0.077990 0.013338
437200 -9230.53406630 939.81221871 0.283588 5.9656 0.909463 0.077990 -0.046258
437300 -9204.35069862 919.15387815 0.277355 5.9656 0.909463 0.077990 0.001942
437400 -9188.87319732 916.04487574 0.276417 5.9656 0.909463 0.077990 0.036694
437500 -9191.38426853 937.79273027 0.282979 5.9668 0.902847 0.079353 0.025668
437600 -9205.92195955 918.56381902 0.277177 5.9668 0.902847 0.079353 -0.011008
437700 -9194.93357986 946.23855439 0.285528 5.9668 0.902847 0.079353 0.020452
437800 -9170.44086456 911.47044697 0.275036 5.9668 0.902847 0.079353 0.045965
437900 -9192.45486292 929.28818426 0.280413 5.9668 0.902847 0.079353 -0.011103
438000 -9197.52921063 938.65801179 0.283240 5.9686 0.907154 0.078194 -0.007085
438100 -9201.06665027 942.49425777 0.284398 5.9686 0.907154 0.078194 -0.020888
438200 -9169.03448370 918.15491341 0.277053 5.9686 0.907154 0.078194 0.025178
438300 -9194.31442270 940.97227614 0.283939 5.9686 0.907154 0.078194 -0.022760
438400 -9170.04310436 925.99998285 0.279421 5.9686 0.907154 0.078194 0.029938
438500 -9187.76295547 949.43923676 0.286493 5.9692 0.898940 0.079257 -0.017741
438600 -9168.60392747 936.39235934 0.282557 5.9692 0.898940 0.079257 0.033035
438700 -9136.53876273 930.83469252 0.280880 5.9692 0.898940 0.079257 0.087176
438800 -9133.33810060 923.68374743 0.278722 5.9692 0.898940 0.079257 0.058236
438900 -9181.77248878 943.63867114 0.284743 5.9692 0.898940 0.079257 -0.045017
439000 -9167.78258678 920.24900743 0.277685 5.9740 0.901374 0.079567 -0.015925
439100 -9183.85858085 905.41862156 0.273210 5.9740 0.901374 0.079567 -0.023594
439200 -9184.97912212 885.36019910 0.267158 5.9740 0.901374 0.079567 -0.008744
439300 -9196.89439871 899.65878884 0.271472 5.9740 0.901374 0.079567 -0.019066
439400 -9178.78977723 919.22969586 0.277378 5.9740 0.901374 0.079567 0.046517
439500 -9198.31392693 931.81295526 0.281175 5.9716 0.903152 0.079790 -0.015584
439600 -9171.43909440 922.81091605 0.278458 5.9716 0.903152 0.079790 0.043554
439700 -9196.68940565 938.93964877 0.283325 5.9716 0.903152 0.079790 -0.012994
439800 -9167.08502821 915.86091924 0.276361 5.9716 0.903152 0.079790 0.048827
439900 -9185.68184902 918.62188789 0.277194 5.9716 0.903152 0.079790 -0.011686
440000 -9189.77356825 938.76297927 0.283272 5.9650 0.903194 0.079861 -0.002899
440100 -9171.23382306 927.45959673 0.279861 5.9650 0.903194 0.079861 0.019295
440200 -9162.73924370 925.57600298 0.279293 5.9650 0.903194 0.079861 0.036238
440300 -9164.90347017 908.67452001 0.274193 5.9650 0.903194 0.079861 0.006940
440400 -9180.12516193 913.58956158 0.275676 5.9650 0.903194 0.079861 -0.011333
440500 -9185.37308753 898.42210623 0.271099 5.9686 0.903166 0.079278 -0.016131
440600 -9206.83776304 904.42541509 0.272911 5.9686 0.903166 0.079278 -0.037577
440700 -9213.47221694 935.77845526 0.282371 5.9686 0.903166 0.079278 -0.032907
440800 -9203.84418394 935.61327092 0.282321 5.9686 0.903166 0.079278 -0.012687
440900 -9224.23113316 947.04774310 0.285772 5.9686 0.903166 0.079278 -0.077465
441000 -9208.79801351 929.11049429 0.280359 5.9698 0.902320 0.080397 -0.012656
441100 -9206.15902160 921.33345547 0.278013 5.9698 0.902320 0.080397 -0.010474
441200 -9187.44339654 906.99386953 0.273686 5.9698 0.902320 0.080397 0.026540
441300 -9181.37906208 907.47671941 0.273831 5.9698 0.902320 0.080397 0.019120
441400 -9187.03722471 896.82513281 0.270617 5.9698 0.902320 0.080397 0.005821
441500 -9218.46904517 926.08846197 0.279447 5.9710 0.902366 0.077892 -0.037678
441600 -9208.97534936 896.92393224 0.270647 5.9710 0.902366 0.077892 -0.026286
441700 -9187.06426269 916.76901682 0.276635 5.9710 0.902366 0.077892 0.032418
441800 -9188.13820566 917.36659696 0.276816 5.9710 0.902366 0.077892 0.025771
441900 -9175.43878592 924.95101848 0.279104 5.9710 0.902366 0.077892 0.045328
442000 -9196.39067843 934.12823764 0.281873 5.9650 0.906414 0.079772 0.001254
442100 -9193.98302006 912.49241127 0.275345 5.9650 0.906414 0.079772 0.002114
442200 -9208.21541804 930.14173752 0.280670 5.9650 0.906414 0.079772 -0.038054
442300 -9190.85614463 911.03049560 0.274904 5.9650 0.906414 0.079772 0.000803
442400 -9183.93256525 920.00556486 0.277612 5.9650 0.906414 0.079772 0.009650
442500 -9188.93067886 917.69866155 0.276916 5.9680 0.903542 0.079169 0.011683
442600 -9173.75915160 928.42734943 0.280153 5.9680 0.903542 0.079169 0.030922
442700 -9183.15996406 937.85466921 0.282998 5.9680 0.903542 0.079169 0.021995
442800 -9171.06954480 924.09979612 0.278847 5.9680 0.903542 0.079169 0.017852
442900 -9199.90225310 936.42945445 0.282568 5.9680 0.903542 0.079169 -0.037605
443000 -9180.92528944 947.82800793 0.286007 5.9644 0.903315 0.079579 0.011430
443100 -9166.36707781 939.54229288 0.283507 5.9644 0.903315 0.079579 0.019608
443200 -9172.08035533 923.33649429 0.278617 5.9644 0.903315 0.079579 0.012588
443300 -9174.40150205 912.54366021 0.275360 5.9644 0.903315 0.079579 -0.015458
443400 -9193.49810320 951.80532493 0.287207 5.9644 0.903315 0.079579 -0.030404
443500 -9149.91497156 911.63865828 0.275087 5.9734 0.898968 0.079584 0.056541
443600 -9140.99875363 932.54691484 0.281396 5.9734 0.898968 0.079584 0.072720
443700 -9175.71829256 956.81166435 0.288718 5.9734 0.898968 0.079584 -0.024571
443800 -9177.44916454 946.27005020 0.285537 5.9734 0.898968 0.079584 -0.024451
443900 -9156.73388194 938.01309115 0.283046 5.9734 0.898968 0.079584 0.023651
444000 -9173.78491996 958.80765113 0.289320 5.9680 0.900990 0.080817 -0.018192
444100 -9155.64274590 924.99099151 0.279116 5.9680 0.900990 0.080817 -0.004450
444200 -9166.36246488 933.47236533 0.281675 5.9680 0.900990 0.080817 -0.016283
444300 -9162.05437913 930.74615063 0.280853 5.9680 0.900990 0.080817 0.033989
444400 -9170.99239802 935.27375820 0.282219 5.9680 0.900990 0.080817 -0.006250
444500 -9173.37868747 933.65042948 0.281729 5.9626 0.902635 0.081126 -0.026265
444600 -9153.19446295 919.70422120 0.277521 5.9626 0.902635 0.081126 0.023628
444700 -9153.77540967 946.10849610 0.285488 5.9626 0.902635 0.081126 0.023693
444800 -9145.86449363 902.95485046 0.272467 5.9626 0.902635 0.081126 0.026852
444900 -9177.53175394 906.76101049 0.273615 5.9626 0.902635 0.081126 -0.022970
445000 -9192.36211188 928.69697831 0.280234 5.9650 0.902726 0.078859 -0.034689
445100 -9176.20613844 923.47712178 0.278659 5.9650 0.902726 0.078859 0.004982
445200 -9138.19304475 934.76731598 0.282066 5.9650 0.902726 0.078859 0.086817
445300 -9166.59285859 943.57774569 0.284725 5.9650 0.902726 0.078859 0.007505
445400 -9167.00162069 936.77684362 0.282673 5.9650 0.902726 0.078859 0.003635
445500 -9215.69741164 906.07161894 0.273407 5.9722 0.900459 0.078624 -0.095056
445600 -9213.45635751 902.86892664 0.272441 5.9722 0.900459 0.078624 -0.054996
445700 -9210.62670201 905.92454031 0.273363 5.9722 0.900459 0.078624 -0.042814
445800 -9204.77132429 909.29734226 0.274381 5.9722 0.900459 0.078624 -0.007883
445900 -9193.75382525 904.73229437 0.273003 5.9722 0.900459 0.078624 0.001749
446000 -9212.45585361 908.44024322 0.274122 5.9668 0.902376 0.079643 -0.033365
446100 -9223.94147895 913.19762409 0.275558 5.9668 0.902376 0.079643 -0.053726
446200 -9201.34956586 924.96615567 0.279109 5.9668 0.902376 0.079643 -0.003188
446300 -9184.40362999 913.30994630 0.275591 5.9668 0.902376 0.079643 0.035555
446400 -9213.57891292 926.11386449 0.279455 5.9668 0.902376 0.079643 -0.022839
446500 -9193.96032750 923.34234082 0.278619 5.9728 0.901887 0.078766 0.007238
446600 -9197.83758198 931.27032245 0.281011 5.9728 0.901887 0.078766 0.012345
446700 -9189.82388613 950.46681582 0.286804 5.9728 0.901887 0.078766 0.030026
446800 -9197.99569979 952.37282507 0.287379 5.9728 0.901887 0.078766 -0.004044
446900 -9199.61686861 941.90000490 0.284218 5.9728 0.901887 0.078766 -0.034384
447000 -9181.26660638 920.03753363 0.277621 5.9632 0.902537 0.079652 0.026177
447100 -9194.12112345 934.03197127 0.281844 5.9632 0.902537 0.079652 -0.007159
447200 -9199.64557047 921.47295834 0.278055 5.9632 0.902537 0.079652 -0.038217
447300 -9198.59976751 930.03264143 0.280637 5.9632 0.902537 0.079652 -0.014685
447400 -9173.20816159 917.77703550 0.276939 5.9632 0.902537 0.079652 0.012479
447500 -9184.52561921 927.96540928 0.280014 5.9734 0.901901 0.078917 -0.006927
447600 -9165.04909422 912.08401868 0.275221 5.9734 0.901901 0.078917 0.033433
447700 -9197.20814435 922.99368127 0.278513 5.9734 0.901901 0.078917 -0.039278
447800 -9205.45224693 902.41747832 0.272305 5.9734 0.901901 0.078917 -0.057913
447900 -9207.57249829 922.44653500 0.278348 5.9734 0.901901 0.078917 -0.052319
448000 -9197.94264119 907.48519982 0.273834 5.9686 0.901876 0.080046 -0.025312
448100 -9178.59934115 927.54895936 0.279888 5.9686 0.901876 0.080046 0.043794
448200 -9164.82045842 937.34423160 0.282844 5.9686 0.901876 0.080046 0.060031
448300 -9163.27034762 921.25791671 0.277990 5.9686 0.901876 0.080046 0.056541
448400 -9175.50781831 950.06606176 0.286683 5.9686 0.901876 0.080046 0.014571
448500 -9152.94529029 929.89797382 0.280597 5.9747 0.895184 0.080462 0.040473
448600 -9190.53162298 936.72864968 0.282658 5.9747 0.895184 0.080462 -0.053160
448700 -9192.67784862 913.22071593 0.275564 5.9747 0.895184 0.080462 -0.048439
448800 -9217.68451624 922.96310568 0.278504 5.9747 0.895184 0.080462 -0.072502
448900 -9213.75466124 940.95150347 0.283932 5.9747 0.895184 0.080462 -0.030133
449000 -9216.67520195 948.87906996 0.286324 5.9686 0.908188 0.078081 -0.049961
449100 -9157.01178874 899.16477308 0.271323 5.9686 0.908188 0.078081 0.079305
449200 -9199.96060231 916.57964102 0.276578 5.9686 0.908188 0.078081 -0.025565
449300 -9188.29762868 901.86152080 0.272137 5.9686 0.908188 0.078081 0.021290
449400 -9169.36626784 896.57631694 0.270542 5.9686 0.908188 0.078081 0.053818
449500 -9182.92636685 911.58190567 0.275070 5.9632 0.901691 0.081502 0.026026
449600 -9200.40874953 941.60938595 0.284131 5.9632 0.901691 0.081502 -0.002391
449700 -9176.93579920 938.00925564 0.283044 5.9632 0.901691 0.081502 0.031745
449800 -9176.89454597 934.56447207 0.282005 5.9632 0.901691 0.081502 0.027900
449900 -9194.71192877 945.43617283 0.285286 5.9632 0.901691 0.081502 -0.026745
450000 -9190.48477932 947.12593862 0.285795 5.9722 0.903788 0.077808 -0.022514
450100 -9180.79796126 936.86645107 0.282700 5.9722 0.903788 0.077808 0.006989
450200 -9193.33576118 934.26891811 0.281916 5.9722 0.903788 0.077808 -0.023907
450300 -9180.03819196 907.16709579 0.273738 5.9722 0.903788 0.077808 0.006071
450400 -9192.18246101 930.37708247 0.280741 5.9722 0.903788 0.077808 -0.009472
450500 -9183.17229678 926.96908123 0.279713 5.9728 0.902652 0.078650 -0.007568
450600 -9181.76490567 916.65066115 0.276599 5.9728 0.902652 0.078650 0.010201
450700 -9194.06642390 922.54469007 0.278378 5.9728 0.902652 0.078650 -0.001593
450800 -9194.70849078 967.78770172 0.292030 5.9728 0.902652 0.078650 -0.009338
450900 -9169.07385249 924.45004279 0.278953 5.9728 0.902652 0.078650 0.020768
451000 -9188.12777424 922.37654863 0.278327 5.9716 0.898293 0.080070 -0.045575
451100 -9182.37148371 913.44590130 0.275632 5.9716 0.898293 0.080070 -0.009252
451200 -9187.38328061 902.98484137 0.272476 5.9716 0.898293 0.080070 -0.000273
451300 -9191.79111696 898.31680090 0.271067 5.9716 0.898293 0.080070 -0.000518
451400 -9192.11921417 912.35305915 0.275303 5.9716 0.898293 0.080070 0.005330
451500 -9207.07890200 940.59630254 0.283825 5.9644 0.901716 0.079629 -0.023548
451600 -9167.55729270 926.98111660 0.279717 5.9644 0.901716 0.079629 0.042696
451700 -9162.32432345 935.41100403 0.282260 5.9644 0.901716 0.079629 0.036335
451800 -9157.37502415 916.75776743 0.276632 5.9644 0.901716 0.079629 0.017500
451900 -9156.67092039 937.77022686 0.282972 5.9644 0.901716 0.079629 0.037201
452000 -9149.55535698 918.79438042 0.277246 5.9638 0.896067 0.081443 0.042211
452100 -9181.76895045 940.92617278 0.283925 5.9638 0.896067 0.081443 -0.030142
452200 -9176.61045806 948.48281777 0.286205 5.9638 0.896067 0.081443 -0.006236
452300 -9166.67462404 928.48205783 0.280170 5.9638 0.896067 0.081443 0.020188
452400 -9181.51745227 913.96268314 0.275788 5.9638 0.896067 0.081443 -0.014488
452500 -9191.92153353 958.24252181 0.289150 5.9662 0.904122 0.080078 -0.030346
452600 -9164.03863095 926.52667663 0.279580 5.9662 0.904122 0.080078 0.023862
452700 -9173.91279419 932.60181483 0.281413 5.9662 0.904122 0.080078 -0.009837
452800 -9173.03515414 897.24360299 0.270743 5.9662 0.904122 0.080078 0.012468
452900 -9187.35442724 922.75495614 0.278441 5.9662 0.904122 0.080078 -0.017650
453000 -9185.46710718 922.28935108 0.278301 5.9662 0.904362 0.080236 0.011856
453100 -9177.80220120 905.50076534 0.273235 5.9662 0.904362 0.080236 0.021727
453200 -9176.25759121 891.76132668 0.269089 5.9662 0.904362 0.080236 -0.010105
453300 -9198.36581843 908.51419979 0.274144 5.9662 0.904362 0.080236 -0.023894
453400 -9181.92736688 926.92339006 0.279699 5.9662 0.904362 0.080236 0.014935
453500 -9199.08156427 926.72385990 0.279639 5.9747 0.904467 0.079112 -0.035452
453600 -9171.10629299 940.06176310 0.283664 5.9747 0.904467 0.079112 0.039311
453700 -9153.71556880 919.81718388 0.277555 5.9747 0.904467 0.079112 0.063911
453800 -9194.83816053 942.05266957 0.284265 5.9747 0.904467 0.079112 -0.022305
453900 -9184.22262851 929.84395733 0.280581 5.9747 0.904467 0.079112 -0.012470
454000 -9198.38351778 956.12665999 0.288511 5.9608 0.904408 0.079481 -0.031948
454100 -9214.68050240 934.41821557 0.281961 5.9608 0.904408 0.079481 -0.057021
454200 -9214.23217437 930.69767682 0.280838 5.9608 0.904408 0.079481 -0.057050
454300 -9176.01259559 915.81957858 0.276349 5.9608 0.904408 0.079481 0.014638
454400 -9192.35707011 942.54628790 0.284413 5.9608 0.904408 0.079481 -0.003605
454500 -9187.86397077 950.95032236 0.286949 5.9680 0.903661 0.080153 -0.018630
454600 -9181.46995231 936.74472738 0.282663 5.9680 0.903661 0.080153 -0.019926
454700 -9188.15118359 916.20620646 0.276465 5.9680 0.903661 0.080153 -0.018230
454800 -9189.72028866 915.47181970 0.276244 5.9680 0.903661 0.080153 0.001300
454900 -9167.09352133 917.40659111 0.276828 5.9680 0.903661 0.080153 0.042718
455000 -9188.73105913 931.67061377 0.281132 5.9632 0.906583 0.079851 -0.007599
455100 -9208.48243055 928.06134204 0.280043 5.9632 0.906583 0.079851 -0.043569
455200 -9171.89393816 901.43918465 0.272009 5.9632 0.906583 0.079851 0.022566
455300 -9194.64743829 932.97698532 0.281526 5.9632 0.906583 0.079851 -0.011762
455400 -9202.92161519 922.67676475 0.278418 5.9632 0.906583 0.079851 -0.040959
455500 -9160.06745766 893.17119060 0.269515 5.9680 0.898602 0.080790 0.054296
455600 -9196.21397344 921.22724184 0.277980 5.9680 0.898602 0.080790 -0.013588
455700 -9184.34497238 959.92410932 0.289657 5.9680 0.898602 0.080790 0.019867
455800 -9181.32692301 957.79424312 0.289015 5.9680 0.898602 0.080790 0.013929
455900 -9198.24036666 942.43297760 0.284379 5.9680 0.898602 0.080790 -0.017818
456000 -9179.46016676 921.37866895 0.278026 5.9704 0.902669 0.079460 0.013809
456100 -9169.85747218 910.99760779 0.274894 5.9704 0.902669 0.079460 0.035213
456200 -9167.78961437 904.39269431 0.272901 5.9704 0.902669 0.079460 0.024171
456300 -9164.87376038 929.79619426 0.280566 5.9704 0.902669 0.079460 0.039124
456400 -9168.57522133 938.48138030 0.283187 5.9704 0.902669 0.079460 0.007913
456500 -9173.77303077 933.74353890 0.281757 5.9632 0.901503 0.080509 -0.005400
456600 -9183.97232197 939.46969587 0.283485 5.9632 0.901503 0.080509 -0.025371
456700 -9172.61358688 892.43870829 0.269294 5.9632 0.901503 0.080509 0.003748
456800 -9174.13249143 911.65140417 0.275091 5.9632 0.901503 0.080509 0.003746
456900 -9139.14245061 917.89724808 0.276976 5.9632 0.901503 0.080509 0.095050
457000 -9187.42350386 925.01060273 0.279122 5.9674 0.903356 0.079632 -0.018909
457100 -9162.34680881 925.40816809 0.279242 5.9674 0.903356 0.079632 0.026660
457200 -9182.76654644 949.19459099 0.286420 5.9674 0.903356 0.079632 -0.022364
457300 -9171.84753427 962.73357182 0.290505 5.9674 0.903356 0.079632 -0.006806
457400 -9173.74283672 931.84236702 0.281184 5.9674 0.903356 0.079632 -0.026240
457500 -9189.13396224 947.92308700 0.286036 5.9686 0.902288 0.080496 -0.042618
457600 -9158.15326566 905.86438214 0.273345 5.9686 0.902288 0.080496 0.022287
457700 -9163.79837889 897.59513013 0.270849 5.9686 0.902288 0.080496 0.021203
457800 -9177.72705522 924.10104984 0.278848 5.9686 0.902288 0.080496 0.003365
457900 -9187.85420006 926.27599710 0.279504 5.9686 0.902288 0.080496 -0.008353
458000 -9171.19344804 929.89298816 0.280595 5.9602 0.901887 0.078714 0.009906
458100 -9173.27224802 921.41954951 0.278038 5.9602 0.901887 0.078714 -0.006580
458200 -9202.74116657 940.43719291 0.283777 5.9602 0.901887 0.078714 -0.062880
458300 -9172.82173160 904.59484314 0.272962 5.9602 0.901887 0.078714 0.009102
458400 -9202.81790551 897.82254949 0.270918 5.9602 0.901887 0.078714 -0.062875
458500 -9205.73141561 913.72999999 0.275718 5.9656 0.910164 0.077561 -0.030024
458600 -9201.55052636 905.35009896 0.273190 5.9656 0.910164 0.077561 -0.019448
458700 -9219.02533812 913.54270831 0.275662 5.9656 0.910164 0.077561 -0.043554
458800 -9189.22993329 910.42662283 0.274721 5.9656 0.910164 0.077561 0.041493
458900 -9206.14459058 925.34084948 0.279222 5.9656 0.910164 0.077561 -0.012294
459000 -9197.22739059 907.62996230 0.273877 5.9680 0.905307 0.077882 -0.009641
459100 -9192.02230593 918.02600873 0.277014 5.9680 0.905307 0.077882 0.020666
459200 -9195.84691759 916.94976131 0.276690 5.9680 0.905307 0.077882 0.001556
459300 -9181.47506460 898.13066524 0.271011 5.9680 0.905307 0.077882 0.023537
459400 -9184.34355420 935.55084097 0.282303 5.9680 0.905307 0.077882 0.027056
459500 -9172.01349742 944.10360639 0.284883 5.9632 0.900569 0.081518 0.035603
459600 -9162.05825116 932.01248699 0.281235 5.9632 0.900569 0.081518 0.037118
459700 -9183.16333585 927.58235502 0.279898 5.9632 0.900569 0.081518 -0.011388
459800 -9201.25879546 921.32174348 0.278009 5.9632 0.900569 0.081518 -0.051333
459900 -9166.96076413 915.09413203 0.276130 5.9632 0.900569 0.081518 0.041719
460000 -9186.54860142 919.03925758 0.277320 5.9644 0.902258 0.080140 -0.013074
460100 -9208.19922872 929.71809558 0.280543 5.9644 0.902258 0.080140 -0.040548
460200 -9200.44112401 919.97351316 0.277602 5.9644 0.902258 0.080140 -0.022957
460300 -9217.20918652 930.32798048 0.280727 5.9644 0.902258 0.080140 -0.058555
460400 -9149.80442911 890.38964039 0.268675 5.9644 0.902258 0.080140 0.085599
460500 -9157.83340830 888.62467269 0.268143 5.9680 0.897951 0.081680 0.060922
460600 -9181.89821344 930.62533971 0.280816 5.9680 0.897951 0.081680 -0.001029
460700 -9201.22744360 955.22185348 0.288238 5.9680 0.897951 0.081680 -0.033886
460800 -9162.85678070 929.34639562 0.280430 5.9680 0.897951 0.081680 0.040928
460900 -9171.92742463 932.77225995 0.281464 5.9680 0.897951 0.081680 0.010527
461000 -9189.28241953 940.48491617 0.283791 5.9692 0.903328 0.079577 -0.026507
461100 -9163.74979013 911.46324491 0.275034 5.9692 0.903328 0.079577 0.028009
461200 -9157.93781089 900.28712042 0.271662 5.9692 0.903328 0.079577 0.055856
461300 -9186.84513679 946.12155332 0.285492 5.9692 0.903328 0.079577 -0.016329
461400 -9172.94642510 937.33152196 0.282840 5.9692 0.903328 0.079577 0.020844
461500 -9154.70459057 926.24382105 0.279494 5.9656 0.898065 0.079037 0.048749
461600 -9175.96492422 924.53001801 0.278977 5.9656 0.898065 0.079037 -0.011188
461700 -9168.63703522 941.33533471 0.284048 5.9656 0.898065 0.079037 0.011885
461800 -9146.80920406 936.79316793 0.282677 5.9656 0.898065 0.079037 0.051997
461900 -9176.90348626 918.57392915 0.277180 5.9656 0.898065 0.079037 -0.037120
462000 -9157.03158652 912.24942944 0.275271 5.9680 0.898800 0.081524 0.015627
462100 -9165.36291057 934.17983072 0.281889 5.9680 0.898800 0.081524 0.014272
462200 -9216.87250929 938.44118779 0.283175 5.9680 0.898800 0.081524 -0.101969
462300 -9157.18489653 909.99957289 0.274593 5.9680 0.898800 0.081524 0.042128
462400 -9164.22732944 890.81226957 0.268803 5.9680 0.898800 0.081524 0.023790
462500 -9183.95367238 921.00209558 0.277913 5.9704 0.901541 0.079402 -0.019138
462600 -9175.81970697 918.12961410 0.277046 5.9704 0.901541 0.079402 0.011812
462700 -9174.98922664 951.97889725 0.287260 5.9704 0.901541 0.079402 0.008723
462800 -9173.38609509 929.76823294 0.280558 5.9704 0.901541 0.079402 0.007411
462900 -9154.46460046 920.37247750 0.277723 5.9704 0.901541 0.079402 0.029199
463000 -9161.80841628 904.23816025 0.272854 5.9722 0.898365 0.079856 0.008894
463100 -9169.27690846 915.94328875 0.276386 5.9722 0.898365 0.079856 0.006895
463200 -9181.54072730 940.39045098 0.283763 5.9722 0.898365 0.079856 -0.018223
463300 -9171.77431743 922.99871106 0.278515 5.9722 0.898365 0.079856 0.006636
463400 -9154.68875797 924.75057680 0.279044 5.9722 0.898365 0.079856 0.054687
463500 -9161.71635453 936.40364371 0.282560 5.9638 0.898824 0.079601 0.034414
463600 -9165.61712162 907.88825605 0.273955 5.9638 0.898824 0.079601 0.014506
463700 -9165.66325509 929.82170846 0.280574 5.9638 0.898824 0.079601 0.038296
463800 -9190.17966194 920.06147031 0.277629 5.9638 0.898824 0.079601 -0.041947
463900 -9176.50207617 904.19193692 0.272840 5.9638 0.898824 0.079601 -0.005370
464000 -9160.05479808 907.94327875 0.273972 5.9692 0.900192 0.079433 0.035810
464100 -9169.43000271 923.13942659 0.278557 5.9692 0.900192 0.079433 0.026867
464200 -9145.47128287 916.69746915 0.276614 5.9692 0.900192 0.079433 0.073702
464300 -9149.76867527 927.39439982 0.279841 5.9692 0.900192 0.079433 0.036533
464400 -9191.35956637 911.57947109 0.275069 5.9692 0.900192 0.079433 -0.044130
464500 -9196.88160399 926.47178436 0.279563 5.9608 0.906477 0.080510 -0.042469
464600 -9211.18332021 911.82371466 0.275143 5.9608 0.906477 0.080510 -0.087723
464700 -9206.10557932 904.39318744 0.272901 5.9608 0.906477 0.080510 -0.039043
464800 -9170.03773448 892.58377513 0.269337 5.9608 0.906477 0.080510 0.036698
464900 -9181.69834261 909.86414814 0.274552 5.9608 0.906477 0.080510 0.026913
465000 -9212.05408777 948.39087492 0.286177 5.9698 0.902290 0.078604 -0.045163
465100 -9180.41080939 923.96206961 0.278806 5.9698 0.902290 0.078604 0.017681
465200 -9181.54839900 940.86518923 0.283906 5.9698 0.902290 0.078604 0.003430
465300 -9172.70025540 921.55338461 0.278079 5.9698 0.902290 0.078604 0.013098
465400 -9148.04859828 908.47808365 0.274133 5.9698 0.902290 0.078604 0.064458
465500 -9169.95292283 939.28272851 0.283429 5.9638 0.900392 0.080849 0.010437
465600 -9166.62651080 923.93040622 0.278796 5.9638 0.900392 0.080849 0.016861
465700 -9180.52646876 909.54582921 0.274456 5.9638 0.900392 0.080849 -0.024419
465800 -9202.08919965 953.41690751 0.287694 5.9638 0.900392 0.080849 -0.058928
465900 -9171.98066598 917.82842749 0.276955 5.9638 0.900392 0.080849 -0.004659
466000 -9179.33814329 915.91960997 0.276379 5.9698 0.900571 0.079038 0.001037
466100 -9173.75684763 901.18439439 0.271933 5.9698 0.900571 0.079038 -0.007247
466200 -9196.98054545 933.96377977 0.281824 5.9698 0.900571 0.079038 -0.023335
466300 -9183.47629342 928.83380063 0.280276 5.9698 0.900571 0.079038 -0.001715
466400 -9220.71555554 953.84767201 0.287824 5.9698 0.900571 0.079038 -0.075291
466500 -9206.29707822 936.15568721 0.282485 5.9674 0.903089 0.078688 -0.041417
466600 -9192.12819600 926.22843219 0.279490 5.9674 0.903089 0.078688 -0.016450
466700 -9182.35919600 910.68205174 0.274798 5.9674 0.903089 0.078688 -0.009538
466800 -9146.48939606 911.94799681 0.275180 5.9674 0.903089 0.078688 0.080536
466900 -9154.57481654 942.68750649 0.284456 5.9674 0.903089 0.078688 0.039601
467000 -9152.95900120 923.46832063 0.278657 5.9626 0.898153 0.080858 0.034238
467100 -9176.41051942 950.40881570 0.286786 5.9626 0.898153 0.080858 -0.013907
467200 -9179.63590081 938.19729125 0.283101 5.9626 0.898153 0.080858 -0.031080
467300 -9165.90990591 917.82790373 0.276955 5.9626 0.898153 0.080858 0.005793
467400 -9152.22096331 917.49358418 0.276854 5.9626 0.898153 0.080858 0.034859
467500 -9166.16045843 941.78172516 0.284183 5.9674 0.897649 0.080981 -0.010870
467600 -9149.57272099 916.88879281 0.276671 5.9674 0.897649 0.080981 0.019572
467700 -9171.14084133 934.55940633 0.282003 5.9674 0.897649 0.080981 -0.008279
467800 -9201.76751583 926.88026547 0.279686 5.9674 0.897649 0.080981 -0.067614
467900 -9194.21251935 925.77739540 0.279353 5.9674 0.897649 0.080981 -0.033439
468000 -9174.10785173 944.29370017 0.284941 5.9638 0.903496 0.080902 0.016924
468100 -9174.88402186 931.01674240 0.280934 5.9638 0.903496 0.080902 0.008343
468200 -9153.16039951 924.32370652 0.278915 5.9638 0.903496 0.080902 0.053168
468300 -9170.30586114 937.19336295 0.282798 5.9638 0.903496 0.080902 -0.005545
468400 -9167.43827291 948.44074623 0.286192 5.9638 0.903496 0.080902 0.006018
468500 -9128.44918258 942.59265702 0.284427 5.9656 0.899912 0.081678 0.072849
468600 -9162.63512779 947.00975455 0.285760 5.9656 0.899912 0.081678 -0.019576
468700 -9158.81800788 927.67566974 0.279926 5.9656 0.899912 0.081678 0.001660
468800 -9175.42938274 920.40146188 0.277731 5.9656 0.899912 0.081678 -0.038126
468900 -9161.36006940 907.17277421 0.273740 5.9656 0.899912 0.081678 0.020982
469000 -9151.71186119 928.20538481 0.280086 5.9674 0.896563 0.080620 0.049756
469100 -9179.38836634 931.88401422 0.281196 5.9674 0.896563 0.080620 -0.025464
469200 -9164.92035453 917.28674382 0.276791 5.9674 0.896563 0.080620 -0.014015
469300 -9180.40414622 951.40748467 0.287087 5.9674 0.896563 0.080620 -0.020556
469400 -9190.37623008 946.86806765 0.285718 5.9674 0.896563 0.080620 -0.032352
469500 -9166.20458443 920.54109959 0.277773 5.9638 0.900920 0.081499 0.019313
469600 -9188.18754021 902.43162245 0.272309 5.9638 0.900920 0.081499 -0.032142
469700 -9174.06117248 915.77312262 0.276335 5.9638 0.900920 0.081499 0.009408
469800 -9183.64429240 937.35506360 0.282847 5.9638 0.900920 0.081499 -0.006905
469900 -9202.07803806 919.23938274 0.277381 5.9638 0.900920 0.081499 -0.055164
470000 -9184.47719170 899.64777615 0.271469 5.9704 0.902119 0.080304 -0.012012
470100 -9217.72642630 909.53281861 0.274452 5.9704 0.902119 0.080304 -0.084878
470200 -9201.27556190 892.33604055 0.269263 5.9704 0.902119 0.080304 -0.015071
470300 -9209.87159332 923.31475526 0.278610 5.9704 0.902119 0.080304 -0.029808
470400 -9190.41437519 937.13466670 0.282781 5.9704 0.902119 0.080304 0.011811
470500 -9194.86874294 941.13734681 0.283988 5.9638 0.901918 0.079636 0.000185
470600 -9172.29293278 924.29548614 0.278906 5.9638 0.901918 0.079636 0.038500
470700 -9161.92384733 935.99166934 0.282436 5.9638 0.901918 0.079636 0.044926
470800 -9153.69721923 939.44154101 0.283477 5.9638 0.901918 0.079636 0.067259
470900 -9159.91050722 939.11428367 0.283378 5.9638 0.901918 0.079636 0.027554
471000 -9165.48777314 914.59632411 0.275980 5.9614 0.900647 0.081217 0.017644
471100 -9183.54733234 904.31559146 0.272877 5.9614 0.900647 0.081217 -0.038504
471200 -9183.28353842 916.45046425 0.276539 5.9614 0.900647 0.081217 -0.003786
471300 -9167.16835265 916.02176760 0.276410 5.9614 0.900647 0.081217 0.023468
471400 -9186.97317238 927.42785714 0.279851 5.9614 0.900647 0.081217 -0.018822
471500 -9160.90933071 906.02166001 0.273392 5.9638 0.900503 0.079947 0.028561
471600 -9206.18846095 941.13694052 0.283988 5.9638 0.900503 0.079947 -0.046505
471700 -9178.24286733 926.39026276 0.279538 5.9638 0.900503 0.079947 0.000654
471800 -9167.83418273 912.72301118 0.275414 5.9638 0.900503 0.079947 0.025748
471900 -9186.74116069 939.53095332 0.283504 5.9638 0.900503 0.079947 -0.013071
472000 -9185.87797772 964.58642357 0.291064 5.9632 0.902996 0.079628 -0.001639
472100 -9165.47606246 950.55756937 0.286831 5.9632 0.902996 0.079628 0.028503
472200 -9169.54732035 978.56498968 0.295282 5.9632 0.902996 0.079628 0.016867
472300 -9146.52690508 927.32868323 0.279822 5.9632 0.902996 0.079628 0.042710
472400 -9163.19907272 936.57094486 0.282610 5.9632 0.902996 0.079628 0.005239
472500 -9130.18416113 930.14418134 0.280671 5.9620 0.896922 0.081642 0.068175
472600 -9159.01248028 951.72257429 0.287182 5.9620 0.896922 0.081642 0.004829
472700 -9179.25819968 929.10038380 0.280356 5.9620 0.896922 0.081642 -0.054997
472800 -9164.96860143 929.67568978 0.280530 5.9620 0.896922 0.081642 -0.018614
472900 -9167.75724425 924.15110670 0.278863 5.9620 0.896922 0.081642 -0.013906
473000 -9178.83877140 934.83023757 0.282085 5.9680 0.899777 0.080222 -0.038370
473100 -9180.66372079 906.61384406 0.273571 5.9680 0.899777 0.080222 -0.031393
473200 -9194.52638623 910.17590149 0.274646 5.9680 0.899777 0.080222 -0.048344
473300 -9187.92498605 918.89320938 0.277276 5.9680 0.899777 0.080222 -0.019920
473400 -9189.92050222 918.92312751 0.277285 5.9680 0.899777 0.080222 -0.022626
473500 -9197.18912397 938.58143760 0.283217 5.9626 0.899591 0.080566 -0.017829
473600 -9192.77205791 939.33898259 0.283446 5.9626 0.899591 0.080566 -0.022586
473700 -9174.90129168 923.00881829 0.278518 5.9626 0.899591 0.080566 0.033095
473800 -9190.37199836 915.96380394 0.276392 5.9626 0.899591 0.080566 -0.012160
473900 -9206.40381290 933.06235284 0.281552 5.9626 0.899591 0.080566 -0.050806
474000 -9202.36791721 917.65745537 0.276903 5.9620 0.908048 0.077454 -0.028954
474100 -9170.57694838 923.89358172 0.278785 5.9620 0.908048 0.077454 0.025365
474200 -9160.62228514 912.56056480 0.275365 5.9620 0.908048 0.077454 0.051907
474300 -9181.70969336 934.48955020 0.281982 5.9620 0.908048 0.077454 0.006104
474400 -9179.34546177 932.86058735 0.281491 5.9620 0.908048 0.077454 0.019037
474500 -9194.98042133 934.50040828 0.281986 5.9674 0.899142 0.079530 -0.020794
474600 -9165.74382949 914.39948883 0.275920 5.9674 0.899142 0.079530 0.027515
474700 -9171.97229893 924.14057173 0.278860 5.9674 0.899142 0.079530 0.014073
474800 -9183.07378567 938.63325468 0.283233 5.9674 0.899142 0.079530 -0.010908
474900 -9157.08780057 916.96520406 0.276694 5.9674 0.899142 0.079530 0.034288
475000 -9180.40702494 946.70065424 0.285667 5.9710 0.901399 0.080288 -0.018706
475100 -9198.00333380 948.15934814 0.286107 5.9710 0.901399 0.080288 -0.043503
475200 -9163.02240816 936.25470526 0.282515 5.9710 0.901399 0.080288 0.027805
475300 -9161.50530497 941.02174193 0.283953 5.9710 0.901399 0.080288 0.025601
475400 -9153.57590006 943.10725985 0.284583 5.9710 0.901399 0.080288 0.035417
475500 -9138.60677630 936.59229758 0.282617 5.9704 0.898083 0.080668 0.051040
475600 -9156.29886809 906.89782668 0.273657 5.9704 0.898083 0.080668 0.009276
475700 -9195.11046298 922.22810272 0.278282 5.9704 0.898083 0.080668 -0.050454
475800 -9182.70631058 894.74493707 0.269989 5.9704 0.898083 0.080668 -0.007673
475900 -9180.30206297 897.30204530 0.270761 5.9704 0.898083 0.080668 0.010176
476000 -9205.77694760 933.23941601 0.281605 5.9692 0.902154 0.077617 -0.036021
476100 -9190.90225991 920.58558463 0.277787 5.9692 0.902154 0.077617 -0.006767
476200 -9209.93820144 929.45701035 0.280464 5.9692 0.902154 0.077617 -0.042138
476300 -9189.08609642 916.81723911 0.276650 5.9692 0.902154 0.077617 0.008890
476400 -9198.65558434 937.74883523 0.282966 5.9692 0.902154 0.077617 -0.019006
476500 -9190.53404076 924.66016220 0.279016 5.9686 0.901670 0.079537 0.005986
476600 -9168.91996185 928.23987630 0.280097 5.9686 0.901670 0.079537 0.031764
476700 -9193.96812805 905.70166780 0.273296 5.9686 0.901670 0.079537 -0.011931
476800 -9181.53906583 906.03862747 0.273397 5.9686 0.901670 0.079537 0.031542
476900 -9202.10602484 914.52003137 0.275957 5.9686 0.901670 0.079537 -0.012453
477000 -9189.79205751 923.18878252 0.278572 5.9680 0.897791 0.079213 0.007559
477100 -9183.46748682 918.78768716 0.277244 5.9680 0.897791 0.079213 0.013668
477200 -9205.78559201 917.16159021 0.276754 5.9680 0.897791 0.079213 -0.043243
477300 -9195.64349858 901.25760391 0.271955 5.9680 0.897791 0.079213 -0.011339
477400 -9168.72068693 920.11524041 0.277645 5.9680 0.897791 0.079213 0.066472
477500 -9197.41507386 938.78918189 0.283280 5.9626 0.902906 0.078725 -0.002932
477600 -9193.84529751 925.02530185 0.279127 5.9626 0.902906 0.078725 -0.001308
477700 -9180.14358967 910.91286289 0.274868 5.9626 0.902906 0.078725 0.013385
477800 -9199.47562704 951.92524346 0.287244 5.9626 0.902906 0.078725 -0.026798
477900 -9176.30598555 917.15271102 0.276751 5.9626 0.902906 0.078725 0.024458
478000 -9188.23099447 936.90281876 0.282711 5.9602 0.902443 0.080627 0.004924
478100 -9171.89309589 927.04907043 0.279737 5.9602 0.902443 0.080627 0.032915
478200 -9200.50821310 941.02455054 0.283954 5.9602 0.902443 0.080627 -0.026957
478300 -9175.12903042 916.36141315 0.276512 5.9602 0.902443 0.080627 0.023333
478400 -9176.62155040 924.11082401 0.278851 5.9602 0.902443 0.080627 0.005775
478500 -9172.04849689 936.52186110 0.282596 5.9620 0.900764 0.079834 0.018028
478600 -9161.14258341 936.72966880 0.282658 5.9620 0.900764 0.079834 0.011238
478700 -9175.94684425 921.33264116 0.278012 5.9620 0.900764 0.079834 -0.025532
478800 -9171.59156108 922.46755503 0.278355 5.9620 0.900764 0.079834 0.017370
478900 -9181.67601981 911.72449359 0.275113 5.9620 0.900764 0.079834 -0.015788
479000 -9186.30097083 937.04292498 0.282753 5.9668 0.905600 0.079219 -0.027916
479100 -9154.79429930 931.60666222 0.281112 5.9668 0.905600 0.079219 0.049327
479200 -9153.06331698 916.13336241 0.276443 5.9668 0.905600 0.079219 0.024711
479300 -9182.23529676 906.85973711 0.273645 5.9668 0.905600 0.079219 -0.025040
479400 -9208.73306096 916.74808913 0.276629 5.9668 0.905600 0.079219 -0.056569
479500 -9179.17960934 939.77741093 0.283578 5.9620 0.901763 0.080620 0.004562
479600 -9156.15922887 918.34846740 0.277112 5.9620 0.901763 0.080620 0.041055
479700 -9170.43130763 899.69357564 0.271483 5.9620 0.901763 0.080620 0.004688
479800 -9181.33512044 926.91986526 0.279698 5.9620 0.901763 0.080620 -0.015715
479900 -9189.81159113 924.52389255 0.278975 5.9620 0.901763 0.080620 -0.013590
480000 -9207.87293971 926.77452983 0.279654 5.9704 0.903693 0.078275 -0.053768
480100 -9205.98483719 902.57145653 0.272351 5.9704 0.903693 0.078275 -0.037916
480200 -9189.25687426 932.07079374 0.281253 5.9704 0.903693 0.078275 0.017998
480300 -9177.64042352 942.36470076 0.284359 5.9704 0.903693 0.078275 0.038875
480400 -9187.79447617 926.88934296 0.279689 5.9704 0.903693 0.078275 -0.003826
480500 -9178.90753376 923.96552440 0.278807 5.9596 0.904172 0.080707 0.016002
480600 -9209.53551808 948.26949714 0.286140 5.9596 0.904172 0.080707 -0.047305
480700 -9205.66792611 955.52281644 0.288329 5.9596 0.904172 0.080707 -0.042497
480800 -9172.34857419 914.54290244 0.275963 5.9596 0.904172 0.080707 0.019869
480900 -9186.28957946 936.32998833 0.282538 5.9596 0.904172 0.080707 -0.025494
481000 -9171.83287076 923.79813750 0.278756 5.9656 0.900042 0.079556 0.025026
481100 -9154.30435500 889.17846316 0.268310 5.9656 0.900042 0.079556 0.049436
481200 -9198.37639228 926.90571895 0.279694 5.9656 0.900042 0.079556 -0.027928
481300 -9167.20535740 936.32402939 0.282536 5.9656 0.900042 0.079556 0.043017
481400 -9156.58460348 934.56831146 0.282006 5.9656 0.900042 0.079556 0.051817
481500 -9150.41701123 921.64621764 0.278107 5.9668 0.900644 0.080885 0.054210
481600 -9170.41479615 912.27360830 0.275279 5.9668 0.900644 0.080885 -0.005152
481700 -9193.46956636 911.32503427 0.274992 5.9668 0.900644 0.080885 -0.052992
481800 -9170.18661221 913.45567600 0.275635 5.9668 0.900644 0.080885 0.014571
481900 -9213.94905045 927.57756333 0.279897 5.9668 0.900644 0.080885 -0.080568
482000 -9180.48545496 918.09653243 0.277036 5.9728 0.901367 0.079272 0.008598
482100 -9182.49598660 918.60840157 0.277190 5.9728 0.901367 0.079272 0.005786
482200 -9193.50387896 938.72922535 0.283262 5.9728 0.901367 0.079272 -0.020785
482300 -9192.77213023 925.33339650 0.279219 5.9728 0.901367 0.079272 -0.010771
482400 -9201.94585530 929.37029983 0.280438 5.9728 0.901367 0.079272 -0.034182
482500 -9200.96686937 914.36725743 0.275910 5.9710 0.903782 0.079288 -0.045671
482600 -9202.47670477 940.52927616 0.283805 5.9710 0.903782 0.079288 -0.002508
482700 -9166.55626148 901.23747427 0.271949 5.9710 0.903782 0.079288 0.051510
482800 -9188.92198780 896.19792058 0.270428 5.9710 0.903782 0.079288 -0.014576
482900 -9165.96654653 891.99799697 0.269161 5.9710 0.903782 0.079288 0.048809
483000 -9214.52585836 933.24102534 0.281606 5.9662 0.905644 0.078711 -0.039534
483100 -9191.03506556 908.70201761 0.274201 5.9662 0.905644 0.078711 0.004831
483200 -9173.21192448 908.04805215 0.274004 5.9662 0.905644 0.078711 0.038822
483300 -9187.27115676 926.48973731 0.279568 5.9662 0.905644 0.078711 0.006029
483400 -9198.21593072 922.61473991 0.278399 5.9662 0.905644 0.078711 -0.016538
483500 -9187.88496279 909.00274846 0.274292 5.9716 0.901804 0.079355 -0.003921
483600 -9203.78132074 923.43061255 0.278645 5.9716 0.901804 0.079355 -0.024194
483700 -9205.75481862 899.65083198 0.271470 5.9716 0.901804 0.079355 -0.009727
483800 -9183.09289487 928.37991121 0.280139 5.9716 0.901804 0.079355 0.064914
483900 -9191.39243106 921.60068490 0.278093 5.9716 0.901804 0.079355 0.011870
484000 -9181.72985517 927.06071041 0.279741 5.9710 0.898664 0.079831 0.025655
484100 -9196.51670434 921.91010460 0.278187 5.9710 0.898664 0.079831 -0.005942
484200 -9219.01780083 939.39414201 0.283462 5.9710 0.898664 0.079831 -0.034622
484300 -9203.96408580 918.31674116 0.277102 5.9710 0.898664 0.079831 -0.032046
484400 -9198.91848835 894.89970236 0.270036 5.9710 0.898664 0.079831 -0.009787
484500 -9219.90200140 913.76384073 0.275728 5.9771 0.903759 0.077706 -0.048676
484600 -9201.07994109 896.84081972 0.270622 5.9771 0.903759 0.077706 -0.001814
484700 -9179.12362144 886.69115854 0.267559 5.9771 0.903759 0.077706 0.055877
484800 -9227.20750217 961.81932155 0.290229 5.9771 0.903759 0.077706 -0.033472
484900 -9192.93111852 940.98631529 0.283943 5.9771 0.903759 0.077706 0.041386
485000 -9167.36214385 908.64550920 0.274184 5.9668 0.896300 0.080652 0.067300
485100 -9150.68460097 934.80059027 0.282076 5.9668 0.896300 0.080652 0.086807
485200 -9147.62217293 929.22195988 0.280393 5.9668 0.896300 0.080652 0.061871
485300 -9144.11567210 948.42731067 0.286188 5.9668 0.896300 0.080652 0.080995
485400 -9161.20966867 957.42768487 0.288904 5.9668 0.896300 0.080652 0.014395
485500 -9157.74584331 924.42209229 0.278945 5.9722 0.899521 0.080965 0.005075
485600 -9170.03524052 943.91940433 0.284828 5.9722 0.899521 0.080965 -0.011584
485700 -9169.74432661 935.87934172 0.282402 5.9722 0.899521 0.080965 -0.001303
485800 -9152.01323216 926.61257195 0.279605 5.9722 0.899521 0.080965 0.021038
485900 -9153.35709550 909.46473229 0.274431 5.9722 0.899521 0.080965 0.029476
486000 -9195.31319838 928.22289872 0.280091 5.9674 0.905781 0.079874 -0.066485
486100 -9202.03483114 917.25505737 0.276782 5.9674 0.905781 0.079874 -0.068240
486200 -9191.02738775 891.63069069 0.269050 5.9674 0.905781 0.079874 -0.016808
486300 -9199.37132239 899.11432443 0.271308 5.9674 0.905781 0.079874 -0.022416
486400 -9203.85901344 894.66633868 0.269966 5.9674 0.905781 0.079874 -0.013458
486500 -9187.69999370 933.04390124 0.281546 5.9644 0.905123 0.079161 0.031833
486600 -9191.90535549 930.35786968 0.280736 5.9644 0.905123 0.079161 0.018689
486700 -9178.30169840 923.19213331 0.278573 5.9644 0.905123 0.079161 0.020633
486800 -9181.73486032 940.09057358 0.283672 5.9644 0.905123 0.079161 0.006411
486900 -9173.17885192 929.95031517 0.280613 5.9644 0.905123 0.079161 0.009646
487000 -9164.38230660 935.96516472 0.282428 5.9710 0.901425 0.079419 0.021987
487100 -9160.40907114 935.91979385 0.282414 5.9710 0.901425 0.079419 0.017619
487200 -9150.52869510 938.54057002 0.283205 5.9710 0.901425 0.079419 0.040057
487300 -9168.22291341 924.48376205 0.278963 5.9710 0.901425 0.079419 -0.002613
487400 -9174.72321417 896.28158383 0.270453 5.9710 0.901425 0.079419 -0.009935
487500 -9180.71397438 923.53216378 0.278676 5.9650 0.903909 0.080598 -0.007336
487600 -9204.79056789 940.35497044 0.283752 5.9650 0.903909 0.080598 -0.048517
487700 -9195.34200708 938.07480562 0.283064 5.9650 0.903909 0.080598 -0.033627
487800 -9178.89250482 938.12437578 0.283079 5.9650 0.903909 0.080598 -0.005767
487900 -9176.77053214 936.41729458 0.282564 5.9650 0.903909 0.080598 0.015084
488000 -9190.11766136 934.93761918 0.282118 5.9710 0.902556 0.078982 -0.020328
488100 -9185.86241188 912.67143639 0.275399 5.9710 0.902556 0.078982 -0.013529
488200 -9200.53306001 935.76431412 0.282367 5.9710 0.902556 0.078982 -0.032244
488300 -9188.14110898 920.85158121 0.277867 5.9710 0.902556 0.078982 -0.004751
488400 -9199.31195278 918.47629289 0.277150 5.9710 0.902556 0.078982 -0.014182
488500 -9227.58539480 936.32302326 0.282536 5.9740 0.903814 0.078291 -0.073397
488600 -9208.43794181 935.33016936 0.282236 5.9740 0.903814 0.078291 -0.030828
488700 -9205.71664249 924.82639155 0.279067 5.9740 0.903814 0.078291 -0.023051
488800 -9221.38189899 927.09806456 0.279752 5.9740 0.903814 0.078291 -0.057659
488900 -9205.06308008 897.46705219 0.270811 5.9740 0.903814 0.078291 -0.017270
489000 -9199.92595995 905.92462152 0.273363 5.9704 0.903002 0.079760 -0.014941
489100 -9195.03055023 910.52474812 0.274751 5.9704 0.903002 0.079760 -0.000140
489200 -9188.51612689 940.74000916 0.283868 5.9704 0.903002 0.079760 0.012868
489300 -9197.02648114 949.99527399 0.286661 5.9704 0.903002 0.079760 -0.007341
489400 -9189.97563518 912.90673201 0.275470 5.9704 0.903002 0.079760 -0.015876
489500 -9192.33582981 887.90778241 0.267926 5.9596 0.904320 0.078818 -0.004700
489600 -9193.46665805 885.22906159 0.267118 5.9596 0.904320 0.078818 -0.001904
489700 -9206.75942497 908.41416582 0.274114 5.9596 0.904320 0.078818 -0.008025
489800 -9202.65169851 937.41350489 0.282865 5.9596 0.904320 0.078818 0.000101
489900 -9176.30308979 925.26681993 0.279199 5.9596 0.904320 0.078818 0.050916
490000 -9199.97266652 930.75980738 0.280857 5.9680 0.903116 0.080188 -0.019923
490100 -9191.10057154 942.69676145 0.284459 5.9680 0.903116 0.080188 -0.005782
490200 -9191.36598772 945.83179028 0.285405 5.9680 0.903116 0.080188 -0.006474
490300 -9171.35407940 915.41336623 0.276226 5.9680 0.903116 0.080188 0.026736
490400 -9195.60278119 929.95541446 0.280614 5.9680 0.903116 0.080188 -0.021699
490500 -9176.02299680 908.00864284 0.273992 5.9590 0.901258 0.080213 0.025283
490600 -9192.25182712 910.04473269 0.274606 5.9590 0.901258 0.080213 -0.023138
490700 -9201.54310044 926.03482948 0.279431 5.9590 0.901258 0.080213 -0.017166
490800 -9186.22203756 928.92924459 0.280305 5.9590 0.901258 0.080213 0.014723
490900 -9175.08207453 914.09842080 0.275829 5.9590 0.901258 0.080213 0.028197
491000 -9187.25992205 948.02149507 0.286066 5.9656 0.900968 0.080367 -0.004094
491100 -9188.54842571 916.84920268 0.276659 5.9656 0.900968 0.080367 -0.015663
491200 -9191.33258898 953.52248863 0.287726 5.9656 0.900968 0.080367 0.004855
491300 -9152.90502303 934.56972570 0.282007 5.9656 0.900968 0.080367 0.051818
491400 -9162.61554630 951.02182007 0.286971 5.9656 0.900968 0.080367 0.021997
491500 -9167.31815001 951.16567830 0.287014 5.9710 0.902373 0.079422 -0.012047
491600 -9162.58783136 937.77263708 0.282973 5.9710 0.902373 0.079422 -0.000240
491700 -9172.37943474 935.12811661 0.282175 5.9710 0.902373 0.079422 -0.029479
491800 -9177.49255039 919.05098080 0.277324 5.9710 0.902373 0.079422 -0.026014
491900 -9180.00007348 910.23722207 0.274664 5.9710 0.902373 0.079422 -0.030140
492000 -9171.09454823 930.99638482 0.280928 5.9680 0.898112 0.079970 0.012481
492100 -9201.69585246 911.19734969 0.274954 5.9680 0.898112 0.079970 -0.063391
492200 -9181.93231017 912.54650971 0.275361 5.9680 0.898112 0.079970 0.001112
492300 -9180.95441226 915.53334247 0.276262 5.9680 0.898112 0.079970 0.016569
492400 -9188.88780000 953.61269607 0.287753 5.9680 0.898112 0.079970 -0.001271
492500 -9169.01670844 923.41274566 0.278640 5.9692 0.899010 0.079872 0.022117
492600 -9186.75762851 916.22153765 0.276470 5.9692 0.899010 0.079872 -0.016826
492700 -9204.84547389 914.22760434 0.275868 5.9692 0.899010 0.079872 -0.036906
492800 -9201.32768126 922.22810926 0.278282 5.9692 0.899010 0.079872 -0.014430
492900 -9164.83987933 914.29886627 0.275890 5.9692 0.899010 0.079872 0.058000
493000 -9183.54082498 931.12941084 0.280968 5.9692 0.905301 0.079729 0.003730
493100 -9195.59278410 955.25381369 0.288248 5.9692 0.905301 0.079729 -0.028435
493200 -9175.58597339 920.56163888 0.277780 5.9692 0.905301 0.079729 0.003695
493300 -9186.60481136 938.68967984 0.283250 5.9692 0.905301 0.079729 -0.013916
493400 -9196.20974006 892.53964782 0.269324 5.9692 0.905301 0.079729 -0.032531
493500 -9200.35387891 934.42012983 0.281961 5.9704 0.904879 0.079058 -0.029771
493600 -9201.55245546 918.10067114 0.277037 5.9704 0.904879 0.079058 -0.034070
493700 -9181.18460129 907.20760860 0.273750 5.9704 0.904879 0.079058 0.033875
493800 -9163.28714983 913.69210196 0.275707 5.9704 0.904879 0.079058 0.083234
493900 -9183.73913777 909.92063142 0.274569 5.9704 0.904879 0.079058 0.016738
494000 -9203.72061588 926.32108225 0.279518 5.9602 0.905699 0.079264 -0.010968
494100 -9182.34152329 910.59268230 0.274771 5.9602 0.905699 0.079264 0.023134
494200 -9172.67819481 891.22564297 0.268927 5.9602 0.905699 0.079264 0.031755
494300 -9189.59872390 926.38069577 0.279536 5.9602 0.905699 0.079264 0.012574
494400 -9197.83118751 952.50965950 0.287420 5.9602 0.905699 0.079264 -0.016471
494500 -9180.60376095 922.24847710 0.278289 5.9614 0.898932 0.081505 0.009476
494600 -9199.26695987 926.57604745 0.279594 5.9614 0.898932 0.081505 -0.035885
494700 -9186.79227768 917.64904509 0.276901 5.9614 0.898932 0.081505 -0.004031
494800 -9180.51912761 941.72373087 0.284165 5.9614 0.898932 0.081505 0.008430
494900 -9173.49422239 898.67141574 0.271174 5.9614 0.898932 0.081505 0.026000
495000 -9190.51734219 932.35033928 0.281337 5.9656 0.902682 0.080154 -0.008674
495100 -9187.08230030 927.70758349 0.279936 5.9656 0.902682 0.080154 -0.009246
495200 -9173.31055930 928.07441257 0.280047 5.9656 0.902682 0.080154 0.011402
495300 -9167.06266271 910.24749288 0.274667 5.9656 0.902682 0.080154 0.018022
495400 -9197.70470302 942.95897238 0.284538 5.9656 0.902682 0.080154 -0.041325
495500 -9167.94355187 923.02091877 0.278522 5.9650 0.901685 0.081716 0.028492
495600 -9173.17874105 921.66146963 0.278111 5.9650 0.901685 0.081716 -0.009051
495700 -9168.79226680 892.39274426 0.269280 5.9650 0.901685 0.081716 0.015948
495800 -9177.64655605 917.59507239 0.276884 5.9650 0.901685 0.081716 0.028527
495900 -9152.59405648 900.09657726 0.271604 5.9650 0.901685 0.081716 0.074958
496000 -9174.96242639 925.96219051 0.279409 5.9680 0.901460 0.079436 0.020236
496100 -9168.27634754 918.59984077 0.277188 5.9680 0.901460 0.079436 0.029489
496200 -9170.13100739 944.42337306 0.284980 5.9680 0.901460 0.079436 0.033800
496300 -9187.19983701 952.60075618 0.287447 5.9680 0.901460 0.079436 -0.019276
496400 -9202.75771200 936.89853189 0.282709 5.9680 0.901460 0.079436 -0.058027
496500 -9169.28162491 942.98367413 0.284545 5.9662 0.900216 0.080708 0.027858
496600 -9156.25360780 936.85216442 0.282695 5.9662 0.900216 0.080708 0.042865
496700 -9160.60700117 933.51305134 0.281688 5.9662 0.900216 0.080708 0.019350
496800 -9176.61562569 907.86590277 0.273949 5.9662 0.900216 0.080708 -0.009616
496900 -9184.84130012 954.58345680 0.288046 5.9662 0.900216 0.080708 -0.017193
497000 -9202.71882005 944.43450745 0.284983 5.9638 0.906402 0.078634 -0.073243
497100 -9179.24070767 911.18289330 0.274950 5.9638 0.906402 0.078634 -0.013153
497200 -9190.61536550 926.78780434 0.279658 5.9638 0.906402 0.078634 -0.023144
497300 -9179.54865888 932.89991732 0.281503 5.9638 0.906402 0.078634 0.015406
497400 -9195.06358571 940.40041292 0.283766 5.9638 0.906402 0.078634 -0.026478
497500 -9188.69695610 923.07443676 0.278538 5.9710 0.901570 0.079068 -0.023852
497600 -9173.49837714 913.31724778 0.275594 5.9710 0.901570 0.079068 0.009544
497700 -9213.53821680 933.01803754 0.281538 5.9710 0.901570 0.079068 -0.063048
497800 -9196.58077754 911.58023952 0.275069 5.9710 0.901570 0.079068 -0.024601
497900 -9216.87753589 942.93717939 0.284531 5.9710 0.901570 0.079068 -0.055263
498000 -9190.21796928 911.64908244 0.275090 5.9674 0.902793 0.079717 0.003463
498100 -9205.40535248 939.42207444 0.283471 5.9674 0.902793 0.079717 -0.012690
498200 -9166.13295675 937.52447552 0.282898 5.9674 0.902793 0.079717 0.056018
498300 -9158.67598414 932.02036059 0.281237 5.9674 0.902793 0.079717 0.047646
498400 -9179.65848655 924.19988633 0.278877 5.9674 0.902793 0.079717 0.003725
498500 -9150.26254225 908.66592614 0.274190 5.9614 0.898937 0.083253 0.064786
498600 -9187.66435170 923.62379130 0.278704 5.9614 0.898937 0.083253 -0.042136
498700 -9190.53029883 941.15592314 0.283994 5.9614 0.898937 0.083253 -0.028095
498800 -9168.94321259 924.90529976 0.279090 5.9614 0.898937 0.083253 0.013699
498900 -9192.87918431 945.46469320 0.285294 5.9614 0.898937 0.083253 -0.034130
499000 -9174.91762308 940.76663182 0.283876 5.9698 0.902467 0.080438 -0.007145
499100 -9169.12772980 918.51378419 0.277162 5.9698 0.902467 0.080438 0.016620
499200 -9164.53197007 920.67060523 0.277812 5.9698 0.902467 0.080438 0.028815
499300 -9167.63631037 931.09277125 0.280957 5.9698 0.902467 0.080438 0.015999
499400 -9190.91890429 919.52152311 0.277466 5.9698 0.902467 0.080438 -0.032218
499500 -9149.18111134 893.10691115 0.269495 5.9686 0.895316 0.082306 0.060912
499600 -9190.18382601 914.30268659 0.275891 5.9686 0.895316 0.082306 -0.026725
499700 -9174.80564058 896.50510661 0.270521 5.9686 0.895316 0.082306 0.010013
499800 -9182.99057189 901.21756130 0.271943 5.9686 0.895316 0.082306 0.003171
499900 -9193.31644560 933.33815494 0.281635 5.9686 0.895316 0.082306 -0.030816
