# MD run at T = 0.380000
# input   = perfect_Sigma147_theta16.4264deg.dat
# seed    = 5000020
# N_atoms = 3528
# barostat= 1  P_target = 0.0000
# columns : step PE KE T_inst coord psi6 psi4 P
0 -11097.40005683 1321.37727238 0.374540 6.0000 0.999743 0.003957 0.363416
100 -10233.54758694 916.56066554 0.259796 6.0000 0.999743 0.003957 1.302850
200 -10044.14677351 1051.39051178 0.298013 6.0000 0.999743 0.003957 1.101129
300 -9913.67346007 1133.74838103 0.321357 6.0000 0.999743 0.003957 0.900783
400 -9831.59314473 1179.36419051 0.334287 6.0000 0.999743 0.003957 0.696535
500 -9758.34280662 1231.83286683 0.349159 6.0000 0.906899 0.076272 0.549595
600 -9707.74500223 1252.76587610 0.355092 6.0000 0.906899 0.076272 0.420464
700 -9653.89738881 1256.36833276 0.356113 6.0000 0.906899 0.076272 0.348510
800 -9590.93067741 1287.80614577 0.365024 6.0000 0.906899 0.076272 0.336483
900 -9530.40905886 1307.18871918 0.370518 6.0000 0.906899 0.076272 0.292907
1000 -9466.17927688 1328.68686179 0.376612 5.9977 0.880196 0.086436 0.330150
1100 -9444.27221103 1317.58636010 0.373466 5.9977 0.880196 0.086436 0.233522
1200 -9461.65568895 1325.11928703 0.375601 5.9977 0.880196 0.086436 0.138562
1300 -9429.79794197 1264.37543227 0.358383 5.9977 0.880196 0.086436 0.111204
1400 -9404.15690531 1258.10618125 0.356606 5.9977 0.880196 0.086436 0.137996
1500 -9412.16805833 1313.02747854 0.372173 5.9932 0.874321 0.088419 0.086251
1600 -9373.41205874 1331.54308426 0.377422 5.9932 0.874321 0.088419 0.140533
1700 -9365.53926971 1367.71275206 0.387674 5.9932 0.874321 0.088419 0.071037
1800 -9318.31473573 1330.25995603 0.377058 5.9932 0.874321 0.088419 0.136503
1900 -9310.47214800 1356.14402810 0.384395 5.9932 0.874321 0.088419 0.112188
2000 -9336.53040565 1352.88587243 0.383471 5.9870 0.864910 0.092948 0.015325
2100 -9311.82058545 1355.62515052 0.384247 5.9870 0.864910 0.092948 0.040642
2200 -9288.20311533 1354.78363466 0.384009 5.9870 0.864910 0.092948 0.051385
2300 -9295.84959005 1291.06397823 0.365948 5.9870 0.864910 0.092948 0.028574
2400 -9295.53212092 1311.33436846 0.371693 5.9870 0.864910 0.092948 0.022560
2500 -9279.02054997 1284.10447555 0.363975 5.9943 0.860385 0.093293 0.046793
2600 -9307.45093772 1313.93535293 0.372431 5.9943 0.860385 0.093293 -0.008350
2700 -9320.41348481 1322.65221897 0.374901 5.9943 0.860385 0.093293 -0.027377
2800 -9280.33931518 1325.71461657 0.375769 5.9943 0.860385 0.093293 0.060683
2900 -9297.51074413 1327.99359870 0.376415 5.9943 0.860385 0.093293 -0.000379
3000 -9287.99677612 1341.11393640 0.380134 5.9858 0.854118 0.095648 0.037920
3100 -9273.59040830 1315.66253688 0.372920 5.9858 0.854118 0.095648 0.037439
3200 -9264.83495166 1332.76778059 0.377769 5.9858 0.854118 0.095648 0.049028
3300 -9249.16075846 1350.04510583 0.382666 5.9858 0.854118 0.095648 0.064751
3400 -9278.68676542 1345.21615941 0.381297 5.9858 0.854118 0.095648 -0.018516
3500 -9266.52855236 1299.30856345 0.368285 5.9881 0.856809 0.096136 0.010897
3600 -9278.66374350 1336.36984041 0.378790 5.9881 0.856809 0.096136 0.003298
3700 -9281.39161160 1365.84457062 0.387144 5.9881 0.856809 0.096136 -0.030815
3800 -9271.39827812 1360.51289789 0.385633 5.9881 0.856809 0.096136 -0.005380
3900 -9267.35456399 1363.42688141 0.386459 5.9881 0.856809 0.096136 -0.014825
4000 -9245.50963689 1335.86954744 0.378648 5.9892 0.858522 0.094853 0.020888
4100 -9239.04251332 1344.96373527 0.381226 5.9892 0.858522 0.094853 0.041307
4200 -9226.49949845 1326.61028493 0.376023 5.9892 0.858522 0.094853 0.057752
4300 -9263.60374194 1341.25210497 0.380173 5.9892 0.858522 0.094853 -0.014854
4400 -9227.51471608 1323.80437654 0.375228 5.9892 0.858522 0.094853 0.034804
4500 -9295.62347574 1342.45762816 0.380515 5.9892 0.854673 0.093808 -0.104562
4600 -9266.99367755 1347.60777671 0.381975 5.9892 0.854673 0.093808 -0.020229
4700 -9269.54065445 1319.47953628 0.374002 5.9892 0.854673 0.093808 -0.033744
4800 -9238.01208975 1310.34410847 0.371413 5.9892 0.854673 0.093808 0.032596
4900 -9262.29075448 1356.64597803 0.384537 5.9892 0.854673 0.093808 -0.006314
5000 -9242.18546398 1336.63430038 0.378865 5.9858 0.851898 0.097533 0.004658
5100 -9227.56292442 1323.89366915 0.375253 5.9858 0.851898 0.097533 0.036194
5200 -9278.57032164 1344.14392141 0.380993 5.9858 0.851898 0.097533 -0.056313
5300 -9251.43732517 1312.48811341 0.372020 5.9858 0.851898 0.097533 0.000052
5400 -9257.58893720 1338.52851130 0.379402 5.9858 0.851898 0.097533 -0.007516
5500 -9283.59004333 1362.34571998 0.386152 5.9904 0.859798 0.093763 -0.039350
5600 -9248.91040675 1300.97678647 0.368758 5.9904 0.859798 0.093763 0.035418
5700 -9283.70593734 1340.49275101 0.379958 5.9904 0.859798 0.093763 -0.031141
5800 -9261.67627082 1345.58035376 0.381400 5.9904 0.859798 0.093763 0.016950
5900 -9269.23094504 1376.77208542 0.390242 5.9904 0.859798 0.093763 0.007327
6000 -9277.26950757 1371.48274572 0.388742 5.9841 0.857908 0.095618 -0.032096
6100 -9271.18660844 1337.44354315 0.379094 5.9841 0.857908 0.095618 -0.017163
6200 -9274.69903087 1332.82689080 0.377785 5.9841 0.857908 0.095618 -0.023102
6300 -9248.78307193 1323.70128525 0.375199 5.9841 0.857908 0.095618 0.018315
6400 -9227.91389921 1322.07371683 0.374737 5.9841 0.857908 0.095618 0.041742
6500 -9257.07725921 1340.90024721 0.380074 5.9898 0.859774 0.096033 -0.025705
6600 -9251.55531109 1353.43758941 0.383627 5.9898 0.859774 0.096033 0.007176
6700 -9291.16903525 1383.97591245 0.392283 5.9898 0.859774 0.096033 -0.077913
6800 -9239.28474328 1328.94622577 0.376685 5.9898 0.859774 0.096033 0.003737
6900 -9255.30419612 1364.50658362 0.386765 5.9898 0.859774 0.096033 -0.022598
7000 -9241.80177767 1373.05252686 0.389187 5.9870 0.853629 0.095934 0.004800
7100 -9243.28063567 1350.10784279 0.382684 5.9870 0.853629 0.095934 -0.009025
7200 -9239.72408522 1320.64269032 0.374332 5.9870 0.853629 0.095934 -0.017633
7300 -9308.03328585 1335.26266105 0.378476 5.9870 0.853629 0.095934 -0.146940
7400 -9282.09004689 1325.60864104 0.375739 5.9870 0.853629 0.095934 -0.054165
7500 -9255.65084264 1305.19673356 0.369954 5.9892 0.855278 0.094856 0.014642
7600 -9267.78960720 1317.18090682 0.373351 5.9892 0.855278 0.094856 -0.008427
7700 -9252.95654375 1334.13309408 0.378156 5.9892 0.855278 0.094856 0.034133
7800 -9254.16253456 1324.16278566 0.375330 5.9892 0.855278 0.094856 0.022407
7900 -9303.85014068 1354.32882361 0.383880 5.9892 0.855278 0.094856 -0.079088
8000 -9253.02778513 1351.44098392 0.383062 5.9875 0.850827 0.097003 0.028643
8100 -9249.70507335 1345.83274211 0.381472 5.9875 0.850827 0.097003 0.041000
8200 -9260.40508485 1357.36305524 0.384740 5.9875 0.850827 0.097003 -0.014897
8300 -9266.29343693 1331.45450999 0.377396 5.9875 0.850827 0.097003 -0.016707
8400 -9282.89665998 1302.32613215 0.369140 5.9875 0.850827 0.097003 -0.062564
8500 -9273.32960792 1328.39096709 0.376528 5.9949 0.856133 0.093962 -0.020116
8600 -9247.49126799 1340.98116039 0.380097 5.9949 0.856133 0.093962 0.037873
8700 -9233.55217572 1362.98412688 0.386333 5.9949 0.856133 0.093962 0.061180
8800 -9263.96545182 1326.19725552 0.375906 5.9949 0.856133 0.093962 0.004118
8900 -9253.04493415 1325.92845929 0.375830 5.9949 0.856133 0.093962 0.019127
9000 -9253.28632261 1301.85903388 0.369008 5.9892 0.858756 0.095045 0.018454
9100 -9265.71271251 1342.46603646 0.380518 5.9892 0.858756 0.095045 -0.008711
9200 -9271.64675908 1333.26009235 0.377908 5.9892 0.858756 0.095045 -0.022570
9300 -9261.30039965 1316.15588201 0.373060 5.9892 0.858756 0.095045 0.012570
9400 -9266.45979271 1309.66652383 0.371221 5.9892 0.858756 0.095045 0.024009
9500 -9238.36023664 1295.30990723 0.367151 5.9909 0.850334 0.096768 0.060277
9600 -9257.40907322 1354.92743348 0.384050 5.9909 0.850334 0.096768 0.016620
9700 -9254.00814630 1351.17174481 0.382985 5.9909 0.850334 0.096768 0.006236
9800 -9250.89523093 1355.07500755 0.384092 5.9909 0.850334 0.096768 0.031409
9900 -9245.43648169 1343.08819392 0.380694 5.9909 0.850334 0.096768 0.002991
10000 -9264.04820379 1373.13471349 0.389211 5.9875 0.859229 0.096646 -0.021733
10100 -9215.79773272 1296.92597049 0.367609 5.9875 0.859229 0.096646 0.036811
10200 -9257.72879800 1319.52620757 0.374015 5.9875 0.859229 0.096646 -0.026596
10300 -9281.72119558 1322.55017035 0.374872 5.9875 0.859229 0.096646 -0.057189
10400 -9283.01385974 1325.88285495 0.375817 5.9875 0.859229 0.096646 -0.034991
10500 -9275.74248929 1359.76670999 0.385421 5.9904 0.858374 0.095506 -0.011954
10600 -9285.85133264 1352.78718867 0.383443 5.9904 0.858374 0.095506 -0.049636
10700 -9273.40827003 1299.29032138 0.368280 5.9904 0.858374 0.095506 -0.024233
10800 -9274.88733049 1327.63664015 0.376314 5.9904 0.858374 0.095506 -0.014823
10900 -9296.64969437 1354.25657800 0.383860 5.9904 0.858374 0.095506 -0.041508
11000 -9282.13893773 1327.24449897 0.376203 5.9892 0.856729 0.094561 -0.007176
11100 -9290.60478354 1334.89889979 0.378373 5.9892 0.856729 0.094561 -0.026950
11200 -9256.36722833 1317.85016363 0.373540 5.9892 0.856729 0.094561 0.063553
11300 -9264.28329759 1366.90732119 0.387445 5.9892 0.856729 0.094561 0.038584
11400 -9272.67514348 1356.08946283 0.384379 5.9892 0.856729 0.094561 0.007057
11500 -9263.75219226 1325.29961915 0.375652 5.9892 0.855860 0.095756 -0.004800
11600 -9287.84389495 1337.76168723 0.379184 5.9892 0.855860 0.095756 -0.036054
11700 -9297.21501357 1311.31713329 0.371689 5.9892 0.855860 0.095756 -0.028129
11800 -9305.67347894 1318.70236652 0.373782 5.9892 0.855860 0.095756 -0.045682
11900 -9309.99455495 1362.52929692 0.386204 5.9892 0.855860 0.095756 -0.048731
12000 -9284.72300810 1322.89056441 0.374969 5.9915 0.861969 0.093850 -0.005002
12100 -9290.75686573 1300.68913385 0.368676 5.9915 0.861969 0.093850 -0.009798
12200 -9299.12476936 1320.89160953 0.374402 5.9915 0.861969 0.093850 -0.028417
12300 -9278.51610417 1300.26574892 0.368556 5.9915 0.861969 0.093850 0.019438
12400 -9305.26646745 1323.75763422 0.375215 5.9915 0.861969 0.093850 -0.021851
12500 -9289.51344114 1313.71369558 0.372368 5.9926 0.862667 0.092571 0.023504
12600 -9287.03855739 1316.73710556 0.373225 5.9926 0.862667 0.092571 0.017389
12700 -9285.78816520 1318.36147758 0.373685 5.9926 0.862667 0.092571 0.009736
12800 -9288.50203896 1323.21759525 0.375062 5.9926 0.862667 0.092571 0.015105
12900 -9311.55350903 1326.67085897 0.376040 5.9926 0.862667 0.092571 -0.038787
13000 -9288.11092123 1290.14499828 0.365687 5.9909 0.860467 0.093486 0.019255
13100 -9296.77104045 1300.44402223 0.368607 5.9909 0.860467 0.093486 0.002686
13200 -9286.49345344 1343.81765251 0.380901 5.9909 0.860467 0.093486 0.035129
13300 -9234.38952996 1326.32778271 0.375943 5.9909 0.860467 0.093486 0.116222
13400 -9232.17010501 1351.24237856 0.383005 5.9909 0.860467 0.093486 0.101851
13500 -9280.86369342 1361.31136502 0.385859 5.9892 0.858182 0.093282 -0.023107
13600 -9288.95314964 1331.43355230 0.377390 5.9892 0.858182 0.093282 -0.044573
13700 -9290.06515573 1368.71613747 0.387958 5.9892 0.858182 0.093282 -0.033462
13800 -9275.60054999 1356.82366992 0.384587 5.9892 0.858182 0.093282 -0.009275
13900 -9263.54990764 1350.30520213 0.382740 5.9892 0.858182 0.093282 0.015745
14000 -9269.55691372 1347.43480311 0.381926 5.9875 0.857086 0.095805 -0.009027
14100 -9258.22341823 1324.30546990 0.375370 5.9875 0.857086 0.095805 0.001013
14200 -9283.09280013 1350.28394226 0.382734 5.9875 0.857086 0.095805 -0.040688
14300 -9257.86510653 1341.81775007 0.380334 5.9875 0.857086 0.095805 0.017634
14400 -9264.61411355 1356.82478416 0.384588 5.9875 0.857086 0.095805 -0.001320
14500 -9259.62259967 1321.31232966 0.374522 5.9960 0.858703 0.094607 -0.011440
14600 -9280.65088638 1311.82056419 0.371831 5.9960 0.858703 0.094607 -0.023362
14700 -9277.52496903 1322.87977580 0.374966 5.9960 0.858703 0.094607 -0.026477
14800 -9271.59296867 1352.25009016 0.383291 5.9960 0.858703 0.094607 -0.009461
14900 -9250.93357483 1314.11327363 0.372481 5.9960 0.858703 0.094607 0.004401
15000 -9261.15416383 1354.25460068 0.383859 5.9858 0.858801 0.095750 0.000260
15100 -9264.53766420 1344.91351930 0.381211 5.9858 0.858801 0.095750 -0.031813
15200 -9226.25374552 1321.29541611 0.374517 5.9858 0.858801 0.095750 0.030039
15300 -9224.90942966 1341.48525610 0.380240 5.9858 0.858801 0.095750 0.065653
15400 -9262.06064239 1336.91575496 0.378944 5.9858 0.858801 0.095750 -0.054976
15500 -9256.71882648 1322.48345365 0.374854 5.9858 0.858193 0.095270 -0.027183
15600 -9269.83097113 1285.14847863 0.364271 5.9858 0.858193 0.095270 -0.044982
15700 -9270.35068865 1322.12513332 0.374752 5.9858 0.858193 0.095270 0.002184
15800 -9242.57899683 1348.98883301 0.382366 5.9858 0.858193 0.095270 0.058319
15900 -9245.97617412 1386.73372370 0.393065 5.9858 0.858193 0.095270 0.034288
16000 -9251.61379444 1346.81716030 0.381751 5.9932 0.854178 0.096202 0.002059
16100 -9261.72319507 1371.38935328 0.388716 5.9932 0.854178 0.096202 -0.024570
16200 -9259.90894495 1367.01616353 0.387476 5.9932 0.854178 0.096202 -0.020809
16300 -9256.66399306 1387.11477852 0.393173 5.9932 0.854178 0.096202 -0.019668
16400 -9244.22428799 1338.81797926 0.379484 5.9932 0.854178 0.096202 0.001965
16500 -9278.53665364 1373.68472339 0.389366 5.9955 0.860184 0.094071 -0.061355
16600 -9216.31687910 1336.45529015 0.378814 5.9955 0.860184 0.094071 0.045484
16700 -9215.47083305 1359.03523965 0.385214 5.9955 0.860184 0.094071 0.066010
16800 -9232.51547127 1381.04503193 0.391453 5.9955 0.860184 0.094071 0.023952
16900 -9220.37003102 1340.30897696 0.379906 5.9955 0.860184 0.094071 0.020218
17000 -9209.06863195 1338.27987629 0.379331 5.9796 0.847938 0.097728 0.058404
17100 -9219.11597899 1340.38986349 0.379929 5.9796 0.847938 0.097728 0.032455
17200 -9224.45786950 1327.45222164 0.376262 5.9796 0.847938 0.097728 0.001255
17300 -9239.01527259 1334.58532952 0.378284 5.9796 0.847938 0.097728 -0.026337
17400 -9242.48581982 1340.59569506 0.379987 5.9796 0.847938 0.097728 -0.042066
17500 -9225.21740803 1354.44842424 0.383914 5.9915 0.860182 0.096127 0.018878
17600 -9240.64032344 1346.90880835 0.381777 5.9915 0.860182 0.096127 -0.030391
17700 -9250.64674530 1352.91729016 0.383480 5.9915 0.860182 0.096127 -0.021154
17800 -9224.12875274 1329.88624942 0.376952 5.9915 0.860182 0.096127 0.027339
17900 -9225.67207582 1327.46643312 0.376266 5.9915 0.860182 0.096127 0.037370
18000 -9297.12028455 1357.30268030 0.384723 5.9909 0.865047 0.091972 -0.106580
18100 -9263.60130579 1360.72788006 0.385694 5.9909 0.865047 0.091972 -0.030083
18200 -9264.67201974 1336.12855111 0.378721 5.9909 0.865047 0.091972 -0.016494
18300 -9234.06428811 1343.80857158 0.380898 5.9909 0.865047 0.091972 0.049126
18400 -9235.81044813 1385.53003922 0.392724 5.9909 0.865047 0.091972 0.011759
18500 -9231.17469624 1366.29663957 0.387272 5.9847 0.851842 0.095877 0.018935
18600 -9198.66392252 1346.83149654 0.381755 5.9847 0.851842 0.095877 0.078502
18700 -9215.72555016 1339.69848240 0.379733 5.9847 0.851842 0.095877 0.024990
18800 -9224.87926834 1328.40366716 0.376532 5.9847 0.851842 0.095877 0.000087
18900 -9217.87492621 1362.74535417 0.386266 5.9847 0.851842 0.095877 0.021025
19000 -9223.08479098 1327.59399256 0.376302 5.9802 0.848564 0.098838 0.022298
19100 -9272.90643296 1328.22652674 0.376481 5.9802 0.848564 0.098838 -0.095266
19200 -9255.71828753 1349.84926244 0.382610 5.9802 0.848564 0.098838 -0.031685
19300 -9242.85829259 1356.46857287 0.384487 5.9802 0.848564 0.098838 -0.005312
19400 -9282.06986827 1334.12111771 0.378152 5.9802 0.848564 0.098838 -0.098998
19500 -9248.27841128 1350.41280647 0.382770 5.9932 0.855493 0.096435 -0.010615
19600 -9271.81736307 1358.55259111 0.385077 5.9932 0.855493 0.096435 -0.050668
19700 -9241.54573734 1344.00567818 0.380954 5.9932 0.855493 0.096435 0.013436
19800 -9235.44131203 1338.43496470 0.379375 5.9932 0.855493 0.096435 0.021131
19900 -9242.29761558 1353.05014941 0.383518 5.9932 0.855493 0.096435 0.002034
20000 -9236.69184859 1325.75983333 0.375782 5.9836 0.848019 0.096327 0.005974
20100 -9223.17224914 1325.39988655 0.375680 5.9836 0.848019 0.096327 0.046771
20200 -9231.81183667 1332.92111065 0.377812 5.9836 0.848019 0.096327 0.021218
20300 -9232.01751831 1358.62830554 0.385099 5.9836 0.848019 0.096327 0.017878
20400 -9230.82726766 1350.25722585 0.382726 5.9836 0.848019 0.096327 0.002477
20500 -9227.21094984 1326.15092469 0.375893 5.9892 0.853615 0.097285 -0.014502
20600 -9252.56755369 1310.88804198 0.371567 5.9892 0.853615 0.097285 -0.040013
20700 -9219.87820319 1349.27166332 0.382447 5.9892 0.853615 0.097285 0.038921
20800 -9218.57716057 1343.99824835 0.380952 5.9892 0.853615 0.097285 0.044818
20900 -9233.46277006 1377.41826082 0.390425 5.9892 0.853615 0.097285 -0.000839
21000 -9204.66418677 1313.39999788 0.372279 5.9853 0.852743 0.098619 0.062786
21100 -9251.40498176 1309.39384392 0.371143 5.9853 0.852743 0.098619 -0.042274
21200 -9263.44822655 1329.96325228 0.376974 5.9853 0.852743 0.098619 -0.055557
21300 -9210.85606727 1326.29991313 0.375935 5.9853 0.852743 0.098619 0.076262
21400 -9232.40446281 1342.82075910 0.380618 5.9853 0.852743 0.098619 0.036130
21500 -9233.23433379 1331.82854655 0.377502 5.9887 0.853773 0.096096 0.016317
21600 -9235.96124252 1307.49226105 0.370604 5.9887 0.853773 0.096096 0.005777
21700 -9260.43502582 1341.05369710 0.380117 5.9887 0.853773 0.096096 -0.043311
21800 -9239.84160808 1345.77391172 0.381455 5.9887 0.853773 0.096096 0.011235
21900 -9233.46649149 1380.18304167 0.391208 5.9887 0.853773 0.096096 0.005606
22000 -9214.57628473 1351.55286712 0.383093 5.9887 0.854363 0.096322 0.044947
22100 -9222.39045385 1308.74794425 0.370960 5.9887 0.854363 0.096322 0.006005
22200 -9268.83765716 1318.69562618 0.373780 5.9887 0.854363 0.096322 -0.066100
22300 -9295.79530254 1348.98324696 0.382365 5.9887 0.854363 0.096322 -0.088419
22400 -9290.28245992 1323.02958541 0.375008 5.9887 0.854363 0.096322 -0.073788
22500 -9285.09297445 1324.65569408 0.375469 5.9921 0.858672 0.095082 -0.047218
22600 -9258.78135375 1334.49067020 0.378257 5.9921 0.858672 0.095082 0.029857
22700 -9260.55522012 1352.98443967 0.383499 5.9921 0.858672 0.095082 0.016690
22800 -9299.24826928 1377.66671461 0.390495 5.9921 0.858672 0.095082 -0.055997
22900 -9278.90621737 1330.17031889 0.377032 5.9921 0.858672 0.095082 -0.040783
23000 -9277.08756039 1326.58625482 0.376017 5.9955 0.855974 0.094930 -0.017379
23100 -9264.90921443 1338.62880953 0.379430 5.9955 0.855974 0.094930 0.020631
23200 -9247.51629318 1314.18804328 0.372502 5.9955 0.855974 0.094930 0.025395
23300 -9272.93852744 1316.58699115 0.373182 5.9955 0.855974 0.094930 -0.015810
23400 -9275.64906688 1332.21898053 0.377613 5.9955 0.855974 0.094930 -0.025927
23500 -9266.06657444 1351.52595617 0.383086 5.9938 0.858995 0.093633 0.002842
23600 -9242.00102976 1320.18474532 0.374202 5.9938 0.858995 0.093633 0.041566
23700 -9285.42440240 1343.31326150 0.380758 5.9938 0.858995 0.093633 -0.033800
23800 -9247.15206368 1307.24069525 0.370533 5.9938 0.858995 0.093633 0.034497
23900 -9266.45259445 1356.13230083 0.384391 5.9938 0.858995 0.093633 0.019765
24000 -9252.75028949 1342.49820037 0.380527 5.9909 0.856759 0.095746 0.023870
24100 -9220.10086755 1348.28229877 0.382166 5.9909 0.856759 0.095746 0.085148
24200 -9241.78779750 1340.28098242 0.379898 5.9909 0.856759 0.095746 0.017075
24300 -9261.17483738 1357.86370686 0.384882 5.9909 0.856759 0.095746 -0.014366
24400 -9244.09391707 1351.99199835 0.383218 5.9909 0.856759 0.095746 0.004402
24500 -9241.44763588 1345.00795251 0.381238 5.9887 0.849989 0.097536 0.014447
24600 -9222.57045905 1341.18447135 0.380154 5.9887 0.849989 0.097536 0.029790
24700 -9231.33196713 1362.29586337 0.386138 5.9887 0.849989 0.097536 0.021189
24800 -9223.99196940 1363.59901975 0.386508 5.9887 0.849989 0.097536 0.025212
24900 -9210.46369070 1341.74531576 0.380313 5.9887 0.849989 0.097536 0.036172
25000 -9227.47071620 1334.02617861 0.378125 5.9926 0.856893 0.094619 -0.006233
25100 -9242.98733761 1328.73184820 0.376625 5.9926 0.856893 0.094619 -0.009561
25200 -9202.26268123 1351.44995193 0.383064 5.9926 0.856893 0.094619 0.089976
25300 -9183.37164767 1349.39277529 0.382481 5.9926 0.856893 0.094619 0.075938
25400 -9211.14006228 1325.49556548 0.375707 5.9926 0.856893 0.094619 0.001586
25500 -9245.91207729 1367.90309424 0.387728 5.9932 0.853710 0.094824 -0.063479
25600 -9209.60052268 1359.84577821 0.385444 5.9932 0.853710 0.094824 0.025904
25700 -9229.82141499 1360.05883767 0.385504 5.9932 0.853710 0.094824 -0.006727
25800 -9260.74002378 1344.98372434 0.381231 5.9932 0.853710 0.094824 -0.071871
25900 -9247.01995926 1325.68739714 0.375762 5.9932 0.853710 0.094824 -0.032096
26000 -9282.44623281 1350.27293186 0.382730 5.9892 0.863515 0.093678 -0.076330
26100 -9251.55607386 1320.95296915 0.374420 5.9892 0.863515 0.093678 -0.007365
26200 -9251.98442439 1339.68514274 0.379729 5.9892 0.863515 0.093678 0.009846
26300 -9286.41973059 1341.07001110 0.380122 5.9892 0.863515 0.093678 -0.067330
26400 -9227.30490819 1360.07787731 0.385510 5.9892 0.863515 0.093678 0.061205
26500 -9253.54747315 1352.84653652 0.383460 5.9921 0.861651 0.094448 -0.020631
26600 -9244.00132678 1311.61111419 0.371772 5.9921 0.861651 0.094448 0.023644
26700 -9256.33306453 1336.34629814 0.378783 5.9921 0.861651 0.094448 -0.007304
26800 -9320.69950050 1344.23024484 0.381018 5.9921 0.861651 0.094448 -0.111811
26900 -9274.28982105 1347.92546546 0.382065 5.9921 0.861651 0.094448 -0.015146
27000 -9270.95149263 1371.22586004 0.388669 5.9898 0.860222 0.094507 0.006611
27100 -9260.51008263 1312.31197160 0.371971 5.9898 0.860222 0.094507 -0.001377
27200 -9275.44979597 1336.76613768 0.378902 5.9898 0.860222 0.094507 -0.028435
27300 -9291.14607389 1313.04594660 0.372179 5.9898 0.860222 0.094507 -0.055509
27400 -9298.81603121 1289.48085199 0.365499 5.9898 0.860222 0.094507 -0.045855
27500 -9310.56544806 1272.92613346 0.360807 5.9875 0.864966 0.093216 -0.047422
27600 -9290.93697733 1291.89543169 0.366184 5.9875 0.864966 0.093216 0.005857
27700 -9269.86700587 1347.19190429 0.381857 5.9875 0.864966 0.093216 0.071329
27800 -9264.37384144 1343.75697554 0.380883 5.9875 0.864966 0.093216 0.044623
27900 -9258.15945235 1317.66945769 0.373489 5.9875 0.864966 0.093216 0.024065
28000 -9248.87854168 1327.24218176 0.376202 5.9898 0.856463 0.096051 0.046436
28100 -9249.46248801 1382.05220875 0.391738 5.9898 0.856463 0.096051 0.053125
28200 -9266.04624837 1375.53370755 0.389891 5.9898 0.856463 0.096051 -0.009920
28300 -9226.82567987 1349.97666204 0.382646 5.9898 0.856463 0.096051 0.050051
28400 -9248.81859174 1313.93938260 0.372432 5.9898 0.856463 0.096051 -0.016737
28500 -9244.58367402 1310.34069461 0.371412 5.9881 0.851977 0.096558 0.030124
28600 -9263.01153104 1318.41398798 0.373700 5.9881 0.851977 0.096558 0.002522
28700 -9255.70981159 1318.76554561 0.373800 5.9881 0.851977 0.096558 0.008558
28800 -9256.23315923 1361.30709727 0.385858 5.9881 0.851977 0.096558 0.005844
28900 -9264.49581943 1340.37984017 0.379926 5.9881 0.851977 0.096558 -0.004097
29000 -9252.58838083 1322.07173396 0.374737 5.9909 0.854661 0.095598 0.014348
29100 -9285.59721143 1333.23927048 0.377902 5.9909 0.854661 0.095598 -0.045006
29200 -9259.95687325 1356.40416791 0.384468 5.9909 0.854661 0.095598 0.005946
29300 -9275.32788770 1306.17809659 0.370232 5.9909 0.854661 0.095598 -0.027753
29400 -9248.32906964 1313.08559255 0.372190 5.9909 0.854661 0.095598 0.041766
29500 -9240.39513207 1336.20252937 0.378742 5.9841 0.853300 0.096375 0.064925
29600 -9260.97021863 1358.02104606 0.384927 5.9841 0.853300 0.096375 -0.009913
29700 -9265.79542498 1343.55553539 0.380826 5.9841 0.853300 0.096375 -0.037997
29800 -9229.56351622 1323.49888387 0.375141 5.9841 0.853300 0.096375 0.071511
29900 -9266.00964133 1333.78126087 0.378056 5.9841 0.853300 0.096375 -0.036955
30000 -9263.12052508 1336.26872777 0.378761 5.9932 0.858531 0.093114 -0.010540
30100 -9232.77817218 1334.81024437 0.378348 5.9932 0.858531 0.093114 0.071726
30200 -9242.58693533 1363.81654482 0.386569 5.9932 0.858531 0.093114 0.045504
30300 -9234.41451830 1349.22852941 0.382434 5.9932 0.858531 0.093114 0.029197
30400 -9255.84012287 1321.94778550 0.374702 5.9932 0.858531 0.093114 -0.009145
30500 -9238.03669508 1316.48339118 0.373153 5.9892 0.855293 0.094435 0.030931
30600 -9256.99700647 1325.57809585 0.375731 5.9892 0.855293 0.094435 -0.036434
30700 -9257.22936990 1323.35930015 0.375102 5.9892 0.855293 0.094435 -0.015404
30800 -9267.54879090 1341.59519098 0.380271 5.9892 0.855293 0.094435 -0.040979
30900 -9271.47990868 1357.01201227 0.384641 5.9892 0.855293 0.094435 -0.033958
31000 -9246.51076305 1326.86611112 0.376096 5.9881 0.855417 0.095964 0.018273
31100 -9265.90460677 1350.47861787 0.382789 5.9881 0.855417 0.095964 -0.008140
31200 -9239.03887646 1379.55375908 0.391030 5.9881 0.855417 0.095964 0.048750
31300 -9244.07416262 1348.89790189 0.382341 5.9881 0.855417 0.095964 -0.001049
31400 -9257.19638124 1313.54261556 0.372319 5.9881 0.855417 0.095964 -0.040685
31500 -9229.60642950 1306.60419136 0.370353 5.9915 0.855147 0.096049 0.032948
31600 -9281.30395323 1349.69136698 0.382566 5.9915 0.855147 0.096049 -0.055976
31700 -9279.87295390 1336.37653003 0.378792 5.9915 0.855147 0.096049 -0.053609
31800 -9247.55935990 1321.81714958 0.374665 5.9915 0.855147 0.096049 0.021114
31900 -9289.19004743 1382.33385060 0.391818 5.9915 0.855147 0.096049 -0.072470
32000 -9241.48385578 1340.08385581 0.379842 5.9841 0.852731 0.096961 0.045914
32100 -9235.36695703 1373.83686923 0.389410 5.9841 0.852731 0.096961 0.044131
32200 -9244.68218730 1348.58517672 0.382252 5.9841 0.852731 0.096961 -0.029268
32300 -9196.65478642 1312.38959735 0.371993 5.9841 0.852731 0.096961 0.070446
32400 -9255.50643973 1339.55539688 0.379693 5.9841 0.852731 0.096961 -0.053617
32500 -9259.83636742 1360.37636060 0.385594 5.9926 0.855731 0.094513 -0.029940
32600 -9262.44265756 1344.83405867 0.381189 5.9926 0.855731 0.094513 -0.022781
32700 -9299.71311112 1355.67114624 0.384261 5.9926 0.855731 0.094513 -0.097685
32800 -9270.06993935 1325.24987601 0.375638 5.9926 0.855731 0.094513 -0.006671
32900 -9263.34514016 1314.98956997 0.372729 5.9926 0.855731 0.094513 0.004662
33000 -9273.56413118 1369.02305312 0.388045 5.9898 0.858982 0.095732 -0.003229
33100 -9264.57624498 1337.85882077 0.379212 5.9898 0.858982 0.095732 -0.008553
33200 -9247.89555380 1372.07385121 0.388910 5.9898 0.858982 0.095732 0.054121
33300 -9272.93185529 1389.47336687 0.393842 5.9898 0.858982 0.095732 -0.012901
33400 -9225.69179908 1324.12191598 0.375318 5.9898 0.858982 0.095732 0.049954
33500 -9249.41524093 1351.03977673 0.382948 5.9915 0.854498 0.093786 0.009328
33600 -9246.34244121 1337.58739883 0.379135 5.9915 0.854498 0.093786 -0.003629
33700 -9262.82537015 1335.39092260 0.378512 5.9915 0.854498 0.093786 -0.038352
33800 -9270.06702899 1337.11305848 0.379000 5.9915 0.854498 0.093786 -0.025587
33900 -9272.55735149 1301.82078700 0.368997 5.9915 0.854498 0.093786 -0.030682
34000 -9254.37241958 1325.24942499 0.375638 5.9932 0.856312 0.097306 0.015753
34100 -9283.88321679 1353.44654552 0.383630 5.9932 0.856312 0.097306 -0.045572
34200 -9230.02543023 1329.70449710 0.376900 5.9932 0.856312 0.097306 0.065377
34300 -9208.83161586 1320.10523290 0.374179 5.9932 0.856312 0.097306 0.104231
34400 -9225.44618150 1341.10136816 0.380131 5.9932 0.856312 0.097306 0.031081
34500 -9238.30073792 1345.61205436 0.381409 5.9904 0.851623 0.096603 0.014143
34600 -9206.13032433 1335.33870501 0.378497 5.9904 0.851623 0.096603 0.046927
34700 -9248.97978116 1398.15054116 0.396301 5.9904 0.851623 0.096603 -0.038658
34800 -9204.92710723 1349.54181686 0.382523 5.9904 0.851623 0.096603 0.056483
34900 -9209.56785460 1360.92808231 0.385751 5.9904 0.851623 0.096603 0.022904
35000 -9219.86858652 1362.03428226 0.386064 5.9938 0.855665 0.095361 -0.011653
35100 -9275.11659646 1383.40354684 0.392121 5.9938 0.855665 0.095361 -0.072974
35200 -9252.59948229 1381.11384164 0.391472 5.9938 0.855665 0.095361 -0.044588
35300 -9248.68638430 1357.97900969 0.384915 5.9938 0.855665 0.095361 -0.040816
35400 -9222.30803871 1323.97758219 0.375277 5.9938 0.855665 0.095361 0.019004
35500 -9224.61196792 1334.72960999 0.378325 5.9853 0.853773 0.097123 0.012067
35600 -9219.64310882 1332.95917914 0.377823 5.9853 0.853773 0.097123 0.017596
35700 -9258.89239110 1328.83972473 0.376655 5.9853 0.853773 0.097123 -0.059275
35800 -9241.81911268 1356.24789489 0.384424 5.9853 0.853773 0.097123 -0.012738
35900 -9244.00306148 1341.21520198 0.380163 5.9853 0.853773 0.097123 -0.027673
36000 -9251.88234599 1334.71412445 0.378320 5.9830 0.857571 0.096018 -0.017888
36100 -9203.18345816 1295.93469365 0.367328 5.9830 0.857571 0.096018 0.057204
36200 -9231.40131254 1325.04405943 0.375579 5.9830 0.857571 0.096018 0.013273
36300 -9221.21599895 1313.55407980 0.372323 5.9830 0.857571 0.096018 0.032301
36400 -9260.93152610 1361.58027142 0.385935 5.9830 0.857571 0.096018 -0.039630
36500 -9281.13040456 1355.64149146 0.384252 5.9915 0.862483 0.093508 -0.075511
36600 -9238.49160344 1301.14649324 0.368806 5.9915 0.862483 0.093508 0.034278
36700 -9252.20453069 1309.90347450 0.371288 5.9915 0.862483 0.093508 0.012911
36800 -9261.07264863 1316.29465828 0.373099 5.9915 0.862483 0.093508 0.009590
36900 -9259.45323556 1327.96033397 0.376406 5.9915 0.862483 0.093508 0.003007
37000 -9220.93544977 1297.72360021 0.367835 5.9853 0.853660 0.095815 0.076900
37100 -9267.40134672 1340.20791179 0.379878 5.9853 0.853660 0.095815 -0.017194
37200 -9282.46109687 1333.25912252 0.377908 5.9853 0.853660 0.095815 -0.048348
37300 -9274.82117660 1318.80864824 0.373812 5.9853 0.853660 0.095815 -0.016016
37400 -9239.07917482 1306.02458975 0.370188 5.9853 0.853660 0.095815 0.058709
37500 -9232.68548082 1329.04336405 0.376713 5.9841 0.852770 0.097508 0.078128
37600 -9286.62201965 1368.41944501 0.387874 5.9841 0.852770 0.097508 -0.062944
37700 -9241.32215595 1309.10847439 0.371062 5.9841 0.852770 0.097508 0.033548
37800 -9273.50073133 1329.22401671 0.376764 5.9841 0.852770 0.097508 -0.025590
37900 -9263.64117713 1340.33759179 0.379914 5.9841 0.852770 0.097508 0.016690
38000 -9258.63908874 1316.10515019 0.373046 5.9892 0.859667 0.094711 0.007867
38100 -9279.04594997 1320.79953817 0.374376 5.9892 0.859667 0.094711 -0.050797
38200 -9289.51706017 1330.91838513 0.377244 5.9892 0.859667 0.094711 -0.059746
38300 -9301.09790669 1344.55483150 0.381110 5.9892 0.859667 0.094711 -0.044160
38400 -9239.08506760 1348.82928944 0.382321 5.9892 0.859667 0.094711 0.068160
38500 -9277.73493332 1319.78935228 0.374090 5.9904 0.858660 0.094914 -0.029585
38600 -9290.32494717 1337.45898810 0.379098 5.9904 0.858660 0.094914 -0.039831
38700 -9242.76252450 1329.44773471 0.376828 5.9904 0.858660 0.094914 0.049679
38800 -9262.45790685 1356.00942670 0.384356 5.9904 0.858660 0.094914 0.021071
38900 -9217.48054000 1320.49745312 0.374291 5.9904 0.858660 0.094914 0.096449
39000 -9231.70412039 1296.40502447 0.367462 5.9904 0.852414 0.095855 0.034747
39100 -9274.81262996 1328.49122011 0.376556 5.9904 0.852414 0.095855 -0.045271
39200 -9256.80246080 1311.97778059 0.371876 5.9904 0.852414 0.095855 -0.003330
39300 -9267.56162213 1320.63244523 0.374329 5.9904 0.852414 0.095855 -0.020875
39400 -9256.92103207 1305.41228942 0.370015 5.9904 0.852414 0.095855 0.012698
39500 -9281.86741995 1318.46014919 0.373713 5.9943 0.860390 0.093726 -0.042690
39600 -9250.28368244 1276.38899486 0.361788 5.9943 0.860390 0.093726 0.061416
39700 -9269.93418274 1315.29861621 0.372817 5.9943 0.860390 0.093726 0.027577
39800 -9284.82839235 1338.26196507 0.379326 5.9943 0.860390 0.093726 -0.011676
39900 -9284.33296390 1341.32673529 0.380195 5.9943 0.860390 0.093726 -0.020592
40000 -9265.92318943 1352.15184078 0.383263 5.9858 0.860430 0.095812 0.025487
40100 -9251.30990411 1341.38026796 0.380210 5.9858 0.860430 0.095812 0.045139
40200 -9267.85841320 1358.26920186 0.384997 5.9858 0.860430 0.095812 0.003040
40300 -9286.03049303 1333.17203890 0.377883 5.9858 0.860430 0.095812 -0.049451
40400 -9288.44157983 1336.62167739 0.378861 5.9858 0.860430 0.095812 -0.036772
40500 -9258.64190615 1324.94880378 0.375552 5.9853 0.856111 0.095214 0.047282
40600 -9268.37376118 1321.24340999 0.374502 5.9853 0.856111 0.095214 0.008107
40700 -9276.83898422 1326.06387948 0.375868 5.9853 0.856111 0.095214 -0.018821
40800 -9256.31046781 1308.88922346 0.371000 5.9853 0.856111 0.095214 0.028085
40900 -9241.41522969 1341.88048718 0.380352 5.9853 0.856111 0.095214 0.054465
41000 -9229.89381902 1321.85608344 0.374676 5.9898 0.848687 0.097363 0.047227
41100 -9246.76770642 1357.23415674 0.384704 5.9898 0.848687 0.097363 0.007041
41200 -9235.92837959 1332.82375294 0.377785 5.9898 0.848687 0.097363 0.025947
41300 -9245.08592098 1371.64083780 0.388787 5.9898 0.848687 0.097363 0.001813
41400 -9250.68747896 1325.72168155 0.375771 5.9898 0.848687 0.097363 -0.012403
41500 -9249.98044611 1328.05933140 0.376434 5.9915 0.853400 0.095594 -0.024551
41600 -9243.00455609 1317.90282675 0.373555 5.9915 0.853400 0.095594 -0.003402
41700 -9217.21714602 1322.61432439 0.374891 5.9915 0.853400 0.095594 0.063270
41800 -9264.01987048 1350.21274406 0.382713 5.9915 0.853400 0.095594 -0.023998
41900 -9234.02843265 1334.20876069 0.378177 5.9915 0.853400 0.095594 0.037045
42000 -9256.10982425 1307.23146241 0.370530 5.9864 0.852057 0.098037 -0.004671
42100 -9263.68665048 1334.09974469 0.378146 5.9864 0.852057 0.098037 -0.017633
42200 -9274.35746541 1330.81977515 0.377216 5.9864 0.852057 0.098037 -0.048211
42300 -9302.79152693 1308.99971908 0.371032 5.9864 0.852057 0.098037 -0.089990
42400 -9294.82456924 1324.90720759 0.375541 5.9864 0.852057 0.098037 -0.059851
42500 -9252.64066833 1285.03065286 0.364238 5.9949 0.857564 0.095516 0.028103
42600 -9296.99385991 1328.73624035 0.376626 5.9949 0.857564 0.095516 -0.032834
42700 -9262.91356276 1320.12565278 0.374185 5.9949 0.857564 0.095516 0.039999
42800 -9249.85765643 1334.92826690 0.378381 5.9949 0.857564 0.095516 0.047184
42900 -9283.74264777 1364.91066349 0.386879 5.9949 0.857564 0.095516 -0.029455
43000 -9266.23864478 1345.05097754 0.381250 5.9932 0.860032 0.094421 -0.016144
43100 -9275.09123254 1340.10011055 0.379847 5.9932 0.860032 0.094421 -0.026328
43200 -9304.04704661 1333.55986426 0.377993 5.9932 0.860032 0.094421 -0.071510
43300 -9313.74365153 1318.23725459 0.373650 5.9932 0.860032 0.094421 -0.069491
43400 -9281.96762416 1316.93372653 0.373281 5.9932 0.860032 0.094421 0.012818
43500 -9279.94694039 1332.53238499 0.377702 5.9904 0.863067 0.094204 0.009739
43600 -9279.78882687 1345.62627886 0.381413 5.9904 0.863067 0.094204 0.001517
43700 -9257.69239590 1329.08200072 0.376724 5.9904 0.863067 0.094204 0.034501
43800 -9274.97747441 1341.15054870 0.380145 5.9904 0.863067 0.094204 0.001030
43900 -9244.67178003 1301.08649683 0.368789 5.9904 0.863067 0.094204 0.044640
44000 -9261.23701607 1343.30683418 0.380756 5.9858 0.852891 0.096996 0.017001
44100 -9249.74643437 1334.71331256 0.378320 5.9858 0.852891 0.096996 0.044971
44200 -9243.38170935 1352.70496012 0.383420 5.9858 0.852891 0.096996 0.035999
44300 -9244.55358631 1334.27421179 0.378196 5.9858 0.852891 0.096996 0.023906
44400 -9278.38071978 1350.82321956 0.382886 5.9858 0.852891 0.096996 -0.052398
44500 -9282.81339579 1343.04447124 0.380682 5.9847 0.854860 0.096613 -0.044595
44600 -9258.92548092 1322.80341817 0.374944 5.9847 0.854860 0.096613 -0.013439
44700 -9236.32365975 1292.53546005 0.366365 5.9847 0.854860 0.096613 0.028832
44800 -9261.66898792 1330.32695698 0.377077 5.9847 0.854860 0.096613 -0.013736
44900 -9234.70599969 1314.13485544 0.372487 5.9847 0.854860 0.096613 0.062007
45000 -9244.15836438 1355.46783242 0.384203 5.9881 0.855628 0.097278 0.046138
45100 -9244.78911408 1333.90404183 0.378091 5.9881 0.855628 0.097278 0.012082
45200 -9268.86985463 1331.06198348 0.377285 5.9881 0.855628 0.097278 -0.034554
45300 -9273.23015742 1363.56525294 0.386498 5.9881 0.855628 0.097278 -0.037243
45400 -9254.54898576 1325.05058919 0.375581 5.9881 0.855628 0.097278 -0.009858
45500 -9265.56390943 1358.28334785 0.385001 5.9892 0.855571 0.095303 -0.014984
45600 -9244.94009649 1310.01172947 0.371319 5.9892 0.855571 0.095303 0.032213
45700 -9252.48712409 1325.09358590 0.375593 5.9892 0.855571 0.095303 0.006789
45800 -9265.30250875 1325.38815374 0.375677 5.9892 0.855571 0.095303 -0.013064
45900 -9283.69290314 1334.72639249 0.378324 5.9892 0.855571 0.095303 -0.039469
46000 -9277.94117377 1302.67065121 0.369238 5.9898 0.864495 0.094138 -0.023839
46100 -9277.80082610 1311.61948563 0.371774 5.9898 0.864495 0.094138 0.014818
46200 -9253.66536750 1338.80116365 0.379479 5.9898 0.864495 0.094138 0.040133
46300 -9239.35275104 1342.66141935 0.380573 5.9898 0.864495 0.094138 0.063517
46400 -9260.15361689 1362.87701395 0.386303 5.9898 0.864495 0.094138 0.023448
46500 -9257.02605898 1324.66575061 0.375472 5.9926 0.860535 0.094472 -0.015376
46600 -9261.79570939 1310.09120136 0.371341 5.9926 0.860535 0.094472 0.025044
46700 -9240.68367474 1309.14467619 0.371073 5.9926 0.860535 0.094472 0.054686
46800 -9285.84906037 1342.05034913 0.380400 5.9926 0.860535 0.094472 -0.038055
46900 -9280.34462566 1322.87666599 0.374965 5.9926 0.860535 0.094472 -0.028150
47000 -9266.78442186 1316.60301248 0.373187 5.9841 0.856336 0.096671 0.034944
47100 -9280.96245605 1332.54716904 0.377706 5.9841 0.856336 0.096671 -0.031497
47200 -9266.96836919 1306.36478002 0.370285 5.9841 0.856336 0.096671 -0.005544
47300 -9255.59547267 1317.44013844 0.373424 5.9841 0.856336 0.096671 0.021322
47400 -9252.70790123 1334.25197190 0.378189 5.9841 0.856336 0.096671 0.036935
47500 -9271.75166762 1352.46600457 0.383352 5.9921 0.861710 0.094993 -0.016154
47600 -9240.26265582 1337.70443901 0.379168 5.9921 0.861710 0.094993 0.069005
47700 -9255.59077342 1377.38471202 0.390415 5.9921 0.861710 0.094993 0.007977
47800 -9254.17765209 1355.87787200 0.384319 5.9921 0.861710 0.094993 0.011161
47900 -9260.91546257 1317.18466463 0.373352 5.9921 0.861710 0.094993 -0.021358
48000 -9277.14927053 1332.26156946 0.377625 5.9909 0.860876 0.094244 -0.027763
48100 -9235.90954320 1312.65935319 0.372069 5.9909 0.860876 0.094244 0.048797
48200 -9272.08158629 1353.32572167 0.383596 5.9909 0.860876 0.094244 -0.003675
48300 -9256.82572591 1345.54163713 0.381389 5.9909 0.860876 0.094244 -0.000620
48400 -9251.33216254 1344.27663280 0.381031 5.9909 0.860876 0.094244 0.004076
48500 -9219.67577241 1331.85532137 0.377510 5.9841 0.847881 0.098610 0.040613
48600 -9204.90406177 1334.25296658 0.378190 5.9841 0.847881 0.098610 0.066683
48700 -9206.71670590 1326.38141499 0.375958 5.9841 0.847881 0.098610 0.072720
48800 -9248.27381193 1354.79151739 0.384011 5.9841 0.847881 0.098610 -0.035838
48900 -9249.40439541 1304.84230728 0.369853 5.9841 0.847881 0.098610 -0.037301
49000 -9258.31685569 1313.67902796 0.372358 5.9960 0.859202 0.094402 -0.038270
49100 -9284.07546240 1338.38626512 0.379361 5.9960 0.859202 0.094402 -0.070172
49200 -9253.49457155 1340.61293729 0.379992 5.9960 0.859202 0.094402 0.008248
49300 -9270.89379686 1374.40520946 0.389571 5.9960 0.859202 0.094402 -0.028734
49400 -9197.60876771 1312.13122130 0.371919 5.9960 0.859202 0.094402 0.105130
49500 -9227.93578891 1346.52856636 0.381669 5.9904 0.852900 0.096842 0.031769
49600 -9225.15331432 1352.15469728 0.383264 5.9904 0.852900 0.096842 0.039075
49700 -9235.80704454 1338.89972710 0.379507 5.9904 0.852900 0.096842 -0.006667
49800 -9274.42956285 1342.75620524 0.380600 5.9904 0.852900 0.096842 -0.087964
49900 -9265.33235470 1334.23938634 0.378186 5.9904 0.852900 0.096842 -0.041388
50000 -9248.89522082 1306.69496845 0.370378 5.9830 0.846973 0.097544 0.002931
50100 -9251.52274906 1298.91758697 0.368174 5.9830 0.846973 0.097544 -0.000629
50200 -9278.12251006 1301.27020891 0.368841 5.9830 0.846973 0.097544 -0.036462
50300 -9264.69979253 1345.46605001 0.381368 5.9830 0.846973 0.097544 0.005574
50400 -9278.04845786 1332.28296168 0.377631 5.9830 0.846973 0.097544 -0.046847
50500 -9273.80061730 1357.75848775 0.384852 5.9870 0.855138 0.095911 -0.010741
50600 -9260.91155167 1348.24176377 0.382155 5.9870 0.855138 0.095911 0.007239
50700 -9277.58844393 1349.48121776 0.382506 5.9870 0.855138 0.095911 -0.021416
50800 -9274.04140460 1362.37272247 0.386160 5.9870 0.855138 0.095911 -0.014020
50900 -9266.08316419 1342.31174225 0.380474 5.9870 0.855138 0.095911 0.006629
51000 -9228.57891919 1367.90819221 0.387729 5.9887 0.847882 0.098325 0.067925
51100 -9236.59105686 1336.74014728 0.378895 5.9887 0.847882 0.098325 0.005773
51200 -9282.18925651 1360.53688964 0.385640 5.9887 0.847882 0.098325 -0.058205
51300 -9257.50504228 1340.56497161 0.379979 5.9887 0.847882 0.098325 -0.011365
51400 -9245.72880550 1302.12698924 0.369084 5.9887 0.847882 0.098325 0.019155
51500 -9253.43033860 1370.98609764 0.388602 5.9875 0.860462 0.095342 0.011780
51600 -9236.30218352 1327.65110542 0.376318 5.9875 0.860462 0.095342 0.030981
51700 -9243.58945138 1323.70070994 0.375199 5.9875 0.860462 0.095342 0.015969
51800 -9267.02049789 1326.42962504 0.375972 5.9875 0.860462 0.095342 -0.039851
51900 -9245.91349964 1320.62776869 0.374328 5.9875 0.860462 0.095342 0.022334
52000 -9248.51458852 1357.89497284 0.384891 5.9921 0.857110 0.095110 0.007444
52100 -9250.96231620 1332.34085522 0.377648 5.9921 0.857110 0.095110 -0.012192
52200 -9243.98123536 1353.94473327 0.383771 5.9921 0.857110 0.095110 0.017016
52300 -9251.94556417 1357.76040823 0.384853 5.9921 0.857110 0.095110 0.008138
52400 -9247.38280776 1356.16916625 0.384402 5.9921 0.857110 0.095110 0.013690
52500 -9264.24457100 1354.95335698 0.384057 5.9898 0.856966 0.095805 -0.030178
52600 -9260.55013135 1312.57694147 0.372046 5.9898 0.856966 0.095805 -0.044193
52700 -9249.46332463 1348.91244426 0.382345 5.9898 0.856966 0.095805 0.026916
52800 -9258.69427100 1376.33147711 0.390117 5.9898 0.856966 0.095805 -0.009263
52900 -9239.02961303 1366.11910618 0.387222 5.9898 0.856966 0.095805 0.008696
53000 -9242.58001384 1328.02454142 0.376424 5.9904 0.853409 0.095844 -0.002281
53100 -9240.18058847 1338.78882276 0.379475 5.9904 0.853409 0.095844 0.009069
53200 -9261.29244353 1352.25635760 0.383293 5.9904 0.853409 0.095844 -0.017216
53300 -9262.84975050 1352.93414348 0.383485 5.9904 0.853409 0.095844 -0.034705
53400 -9246.57756026 1323.17168669 0.375049 5.9904 0.853409 0.095844 0.007004
53500 -9246.71944081 1329.17602673 0.376751 5.9904 0.854286 0.096334 -0.009606
53600 -9226.82859514 1330.22540960 0.377048 5.9904 0.854286 0.096334 0.025040
53700 -9232.98153401 1356.42028098 0.384473 5.9904 0.854286 0.096334 0.030634
53800 -9248.05485001 1351.94399396 0.383204 5.9904 0.854286 0.096334 -0.021673
53900 -9242.08975882 1367.94566968 0.387740 5.9904 0.854286 0.096334 -0.009507
54000 -9234.59861976 1334.48317484 0.378255 5.9847 0.852790 0.096357 -0.007222
54100 -9234.77301841 1321.77311988 0.374652 5.9847 0.852790 0.096357 -0.003400
54200 -9282.04311723 1380.49081886 0.391296 5.9847 0.852790 0.096357 -0.082134
54300 -9271.07429413 1325.87723349 0.375816 5.9847 0.852790 0.096357 -0.077164
54400 -9289.30425904 1305.36555825 0.370002 5.9847 0.852790 0.096357 -0.093993
54500 -9283.01950913 1360.46679440 0.385620 5.9955 0.865347 0.093076 -0.030236
54600 -9298.02933151 1362.22420534 0.386118 5.9955 0.865347 0.093076 -0.066444
54700 -9270.33058603 1351.62498780 0.383114 5.9955 0.865347 0.093076 -0.006008
54800 -9247.48086144 1330.10567892 0.377014 5.9955 0.865347 0.093076 0.038175
54900 -9214.33289057 1353.39846435 0.383616 5.9955 0.865347 0.093076 0.094047
55000 -9202.02864337 1353.43591994 0.383627 5.9870 0.855473 0.096451 0.065093
55100 -9239.06978694 1395.52333284 0.395557 5.9870 0.855473 0.096451 0.006578
55200 -9157.21904479 1381.54784153 0.391595 5.9870 0.855473 0.096451 0.139723
55300 -9219.87068774 1376.87608336 0.390271 5.9870 0.855473 0.096451 -0.005025
55400 -9224.28979861 1407.39797099 0.398922 5.9870 0.855473 0.096451 -0.018669
55500 -9236.17882047 1377.61892483 0.390482 5.9836 0.856948 0.097085 -0.039113
55600 -9244.88872607 1334.89325429 0.378371 5.9836 0.856948 0.097085 -0.070003
55700 -9244.36531990 1323.28218109 0.375080 5.9836 0.856948 0.097085 -0.055620
55800 -9219.14711113 1339.88003293 0.379785 5.9836 0.856948 0.097085 -0.003485
55900 -9197.88158465 1301.30720986 0.368851 5.9836 0.856948 0.097085 0.061048
56000 -9269.99185919 1320.88262829 0.374400 5.9921 0.861092 0.092824 -0.083164
56100 -9229.09419820 1329.10356601 0.376730 5.9921 0.861092 0.092824 0.022791
56200 -9206.56205657 1318.53164251 0.373733 5.9921 0.861092 0.092824 0.056788
56300 -9243.45972516 1331.39071335 0.377378 5.9921 0.861092 0.092824 -0.014773
56400 -9247.93195678 1347.36733248 0.381907 5.9921 0.861092 0.092824 -0.009140
56500 -9246.75965519 1314.81910123 0.372681 5.9847 0.847106 0.096709 -0.018349
56600 -9246.84051658 1329.82610315 0.376935 5.9847 0.847106 0.096709 -0.015347
56700 -9281.45779049 1344.57361820 0.381115 5.9847 0.847106 0.096709 -0.075184
56800 -9287.02642838 1345.69193248 0.381432 5.9847 0.847106 0.096709 -0.076461
56900 -9243.84898266 1335.29870625 0.378486 5.9847 0.847106 0.096709 0.043487
57000 -9288.96673359 1346.36840888 0.381624 5.9921 0.865820 0.093484 -0.067509
57100 -9235.22202793 1312.35953741 0.371984 5.9921 0.865820 0.093484 0.050243
57200 -9250.68775928 1346.09609816 0.381547 5.9921 0.865820 0.093484 0.005378
57300 -9252.01249181 1364.46918456 0.386754 5.9921 0.865820 0.093484 0.020164
57400 -9264.11005897 1363.04842475 0.386352 5.9921 0.865820 0.093484 -0.017080
57500 -9290.50852797 1372.82387719 0.389122 5.9932 0.862188 0.093131 -0.075354
57600 -9278.84160477 1339.65114808 0.379720 5.9932 0.862188 0.093131 -0.048698
57700 -9252.36223518 1349.64039357 0.382551 5.9932 0.862188 0.093131 0.013279
57800 -9228.63453045 1307.59612485 0.370634 5.9932 0.862188 0.093131 0.046892
57900 -9257.59862547 1337.86291362 0.379213 5.9932 0.862188 0.093131 -0.019569
58000 -9263.60381670 1317.26977759 0.373376 5.9858 0.855525 0.096987 -0.020172
58100 -9267.40595615 1376.74039179 0.390233 5.9858 0.855525 0.096987 -0.024455
58200 -9261.53039102 1357.37629442 0.384744 5.9858 0.855525 0.096987 -0.015650
58300 -9225.56017615 1335.22920997 0.378466 5.9858 0.855525 0.096987 0.039013
58400 -9262.28926444 1368.05064371 0.387769 5.9858 0.855525 0.096987 -0.028508
58500 -9244.38882829 1341.60787774 0.380274 5.9921 0.853436 0.096474 0.000252
58600 -9236.25984770 1324.78239170 0.375505 5.9921 0.853436 0.096474 0.022713
58700 -9262.65043657 1325.65634544 0.375753 5.9921 0.853436 0.096474 -0.042500
58800 -9272.35523889 1351.00888699 0.382939 5.9921 0.853436 0.096474 -0.035985
58900 -9252.75805369 1321.20469173 0.374491 5.9921 0.853436 0.096474 -0.015016
59000 -9258.88855789 1292.61695744 0.366388 5.9858 0.852222 0.097324 0.009858
59100 -9297.01509881 1339.23714391 0.379602 5.9858 0.852222 0.097324 -0.071636
59200 -9259.78971444 1325.57618323 0.375730 5.9858 0.852222 0.097324 -0.011781
59300 -9274.80466456 1346.59607985 0.381688 5.9858 0.852222 0.097324 -0.027193
59400 -9262.89929785 1341.15188512 0.380145 5.9858 0.852222 0.097324 0.009756
59500 -9241.97125717 1338.66942743 0.379441 5.9847 0.854483 0.095864 0.058296
59600 -9289.75489486 1384.25604684 0.392363 5.9847 0.854483 0.095864 -0.051182
59700 -9258.01062387 1350.02197611 0.382659 5.9847 0.854483 0.095864 0.010223
59800 -9266.87774422 1371.38708990 0.388715 5.9847 0.854483 0.095864 0.007840
59900 -9248.83513574 1338.68110736 0.379445 5.9847 0.854483 0.095864 0.023628
60000 -9268.37791783 1349.87788191 0.382618 5.9949 0.862405 0.094002 -0.031300
60100 -9274.24645971 1329.99548151 0.376983 5.9949 0.862405 0.094002 -0.029235
60200 -9280.42619222 1339.36678046 0.379639 5.9949 0.862405 0.094002 -0.025591
60300 -9291.66496968 1345.89481620 0.381489 5.9949 0.862405 0.094002 -0.056862
60400 -9282.60508651 1323.84799769 0.375240 5.9949 0.862405 0.094002 -0.018506
60500 -9287.78047794 1332.86403965 0.377796 5.9915 0.865279 0.093035 -0.053828
60600 -9297.72083903 1358.23105809 0.384986 5.9915 0.865279 0.093035 -0.048759
60700 -9274.05346505 1285.18377237 0.364281 5.9915 0.865279 0.093035 0.017701
60800 -9283.30481133 1293.09468819 0.366523 5.9915 0.865279 0.093035 0.002840
60900 -9283.14102677 1329.36415033 0.376804 5.9915 0.865279 0.093035 -0.010347
61000 -9283.11080796 1344.35993879 0.381054 5.9898 0.854385 0.096367 0.006324
61100 -9261.40118627 1337.17424115 0.379018 5.9898 0.854385 0.096367 0.035125
61200 -9244.96428530 1329.19678202 0.376756 5.9898 0.854385 0.096367 0.026104
61300 -9255.81089642 1328.10869086 0.376448 5.9898 0.854385 0.096367 0.007566
61400 -9239.55652833 1339.67108489 0.379725 5.9898 0.854385 0.096367 0.041996
61500 -9272.57014111 1330.65128197 0.377169 5.9915 0.859715 0.095096 -0.034443
61600 -9285.21768182 1307.13995525 0.370505 5.9915 0.859715 0.095096 -0.060361
61700 -9241.72004560 1317.94005910 0.373566 5.9915 0.859715 0.095096 0.045773
61800 -9240.96628226 1328.45635877 0.376547 5.9915 0.859715 0.095096 0.052495
61900 -9283.29124248 1357.70199737 0.384836 5.9915 0.859715 0.095096 -0.037083
62000 -9249.25163437 1350.61759094 0.382828 5.9892 0.856102 0.095482 0.031204
62100 -9282.25871846 1364.59056723 0.386789 5.9892 0.856102 0.095482 -0.031025
62200 -9238.36873212 1322.50891073 0.374861 5.9892 0.856102 0.095482 0.042463
62300 -9259.38329324 1356.40641902 0.384469 5.9892 0.856102 0.095482 -0.004426
62400 -9251.52382495 1336.95040114 0.378954 5.9892 0.856102 0.095482 0.015603
62500 -9221.28047116 1367.65159018 0.387656 5.9881 0.850211 0.097464 0.050699
62600 -9263.37711890 1398.68065484 0.396451 5.9881 0.850211 0.097464 -0.046307
62700 -9254.52021272 1351.62463924 0.383114 5.9881 0.850211 0.097464 -0.024657
62800 -9251.26286441 1357.84328007 0.384876 5.9881 0.850211 0.097464 -0.024133
62900 -9249.70778557 1357.90793341 0.384895 5.9881 0.850211 0.097464 -0.019940
63000 -9252.34423816 1321.29361690 0.374516 5.9864 0.853248 0.097135 -0.039328
63100 -9273.90993271 1365.28361183 0.386985 5.9864 0.853248 0.097135 -0.064239
63200 -9259.87452736 1338.38097157 0.379360 5.9864 0.853248 0.097135 -0.047297
63300 -9280.77908484 1316.85037336 0.373257 5.9864 0.853248 0.097135 -0.072987
63400 -9264.85348733 1326.39047266 0.375961 5.9864 0.853248 0.097135 -0.007848
63500 -9282.04523882 1360.18088596 0.385539 5.9921 0.863408 0.093540 -0.061941
63600 -9276.81972387 1343.30805865 0.380756 5.9921 0.863408 0.093540 -0.039642
63700 -9235.12061797 1349.15824556 0.382414 5.9921 0.863408 0.093540 0.062211
63800 -9233.66709774 1310.98651069 0.371595 5.9921 0.863408 0.093540 0.033255
63900 -9249.05354716 1322.25598348 0.374789 5.9921 0.863408 0.093540 0.031835
64000 -9298.70482019 1347.94651417 0.382071 5.9892 0.861516 0.092528 -0.083752
64100 -9276.05249897 1351.54247835 0.383090 5.9892 0.861516 0.092528 -0.018243
64200 -9284.07270576 1357.39898149 0.384750 5.9892 0.861516 0.092528 -0.036055
64300 -9288.25292631 1341.56477314 0.380262 5.9892 0.861516 0.092528 -0.045522
64400 -9265.71542074 1338.39978560 0.379365 5.9892 0.861516 0.092528 0.025040
64500 -9253.40105240 1309.26509503 0.371107 5.9909 0.857713 0.095016 0.020703
64600 -9272.87312647 1329.66692280 0.376890 5.9909 0.857713 0.095016 -0.012306
64700 -9290.81310624 1330.41761611 0.377102 5.9909 0.857713 0.095016 -0.034342
64800 -9298.75920536 1342.37519940 0.380492 5.9909 0.857713 0.095016 -0.032014
64900 -9279.60127853 1322.96539283 0.374990 5.9909 0.857713 0.095016 -0.009379
65000 -9259.56190174 1315.65286745 0.372917 5.9864 0.859458 0.094200 0.024850
65100 -9234.95131293 1317.45763650 0.373429 5.9864 0.859458 0.094200 0.085767
65200 -9249.38581927 1378.93354053 0.390854 5.9864 0.859458 0.094200 0.030473
65300 -9274.03357966 1353.60067765 0.383674 5.9864 0.859458 0.094200 -0.027255
65400 -9275.26869748 1317.66216558 0.373487 5.9864 0.859458 0.094200 -0.044699
65500 -9241.38487880 1304.15584510 0.369659 5.9796 0.854829 0.097095 0.052467
65600 -9262.09257269 1345.00723117 0.381238 5.9796 0.854829 0.097095 0.015336
65700 -9228.36360345 1303.91726631 0.369591 5.9796 0.854829 0.097095 0.077890
65800 -9272.77916828 1336.97873457 0.378962 5.9796 0.854829 0.097095 -0.023901
65900 -9235.79817523 1300.17817984 0.368531 5.9796 0.854829 0.097095 0.061797
66000 -9266.77422905 1346.53141599 0.381670 5.9858 0.855984 0.095920 -0.003321
66100 -9225.55827456 1329.35980668 0.376803 5.9858 0.855984 0.095920 0.064810
66200 -9236.96327347 1324.23440293 0.375350 5.9858 0.855984 0.095920 0.025954
66300 -9224.76731142 1326.29165587 0.375933 5.9858 0.855984 0.095920 0.043476
66400 -9275.60841268 1365.03596501 0.386915 5.9858 0.855984 0.095920 -0.063757
66500 -9287.78804045 1353.37583517 0.383610 5.9892 0.861799 0.093920 -0.075103
66600 -9253.16753601 1347.90785248 0.382060 5.9892 0.861799 0.093920 0.007284
66700 -9241.41015970 1322.91758279 0.374977 5.9892 0.861799 0.093920 0.022923
66800 -9294.38465635 1357.84512276 0.384877 5.9892 0.861799 0.093920 -0.081558
66900 -9258.34846907 1353.08418371 0.383527 5.9892 0.861799 0.093920 0.007670
67000 -9217.41109719 1310.94553391 0.371583 5.9887 0.851498 0.096230 0.062553
67100 -9264.58866524 1363.80401765 0.386566 5.9887 0.851498 0.096230 -0.056251
67200 -9246.25810529 1343.02752392 0.380677 5.9887 0.851498 0.096230 0.011459
67300 -9262.05536485 1362.40861221 0.386170 5.9887 0.851498 0.096230 -0.030974
67400 -9255.13893610 1342.10464657 0.380415 5.9887 0.851498 0.096230 -0.020671
67500 -9278.18155811 1314.49828245 0.372590 5.9960 0.858214 0.093537 -0.064167
67600 -9255.59290006 1337.85400895 0.379210 5.9960 0.858214 0.093537 0.005957
67700 -9274.46303371 1333.30056861 0.377920 5.9960 0.858214 0.093537 -0.037164
67800 -9266.00826434 1386.04611861 0.392870 5.9960 0.858214 0.093537 0.003788
67900 -9251.39847058 1370.43733604 0.388446 5.9960 0.858214 0.093537 0.004820
68000 -9245.89561842 1358.57554283 0.385084 5.9904 0.854570 0.096197 0.005913
68100 -9239.06532273 1323.52928037 0.375150 5.9904 0.854570 0.096197 0.024380
68200 -9227.83157093 1338.31244524 0.379340 5.9904 0.854570 0.096197 0.037267
68300 -9223.91141958 1344.00142998 0.380953 5.9904 0.854570 0.096197 0.048161
68400 -9244.86456284 1328.35988127 0.376519 5.9904 0.854570 0.096197 -0.007186
68500 -9251.86738703 1347.74173312 0.382013 5.9938 0.854935 0.094759 -0.014337
68600 -9216.56032895 1358.40678191 0.385036 5.9938 0.854935 0.094759 0.062178
68700 -9193.92676642 1345.69030354 0.381431 5.9938 0.854935 0.094759 0.096086
68800 -9198.33469863 1331.94914562 0.377537 5.9938 0.854935 0.094759 0.064993
68900 -9215.64063036 1374.29435825 0.389539 5.9938 0.854935 0.094759 0.014818
69000 -9209.67159901 1393.50990930 0.394986 5.9915 0.850612 0.097543 0.001649
69100 -9209.09687429 1343.02055516 0.380675 5.9915 0.850612 0.097543 0.011163
69200 -9219.33804844 1388.73736868 0.393633 5.9915 0.850612 0.097543 -0.014102
69300 -9229.24523361 1351.00813034 0.382939 5.9915 0.850612 0.097543 -0.058161
69400 -9235.65314025 1363.09157936 0.386364 5.9915 0.850612 0.097543 -0.072093
69500 -9235.76497003 1335.13750739 0.378440 5.9898 0.856229 0.095157 -0.035972
69600 -9232.13377123 1308.46732633 0.370881 5.9898 0.856229 0.095157 -0.016512
69700 -9279.32316287 1314.98868874 0.372729 5.9898 0.856229 0.095157 -0.105173
69800 -9245.71315081 1310.33139089 0.371409 5.9898 0.856229 0.095157 0.011965
69900 -9261.20922763 1296.99124337 0.367628 5.9898 0.856229 0.095157 -0.040326
70000 -9306.16615240 1315.09209499 0.372759 5.9909 0.863238 0.093287 -0.074373
70100 -9253.62216721 1358.92463812 0.385183 5.9909 0.863238 0.093287 0.037809
70200 -9262.06769379 1332.91922386 0.377812 5.9909 0.863238 0.093287 0.012438
70300 -9257.42570289 1349.97789801 0.382647 5.9909 0.863238 0.093287 0.018609
70400 -9280.26763486 1360.15453665 0.385531 5.9909 0.863238 0.093287 -0.036570
70500 -9255.63312720 1345.73387462 0.381444 5.9864 0.854805 0.095180 0.000786
70600 -9258.13179390 1369.12041391 0.388073 5.9864 0.854805 0.095180 -0.009428
70700 -9217.21052280 1323.81415225 0.375231 5.9864 0.854805 0.095180 0.061689
70800 -9243.73026149 1355.31570417 0.384160 5.9864 0.854805 0.095180 0.006235
70900 -9226.29734129 1316.43355445 0.373139 5.9864 0.854805 0.095180 0.037327
71000 -9281.24863581 1341.09799097 0.380130 5.9938 0.860587 0.093285 -0.088833
71100 -9232.32550671 1318.57864913 0.373747 5.9938 0.860587 0.093285 0.023253
71200 -9233.30383271 1333.81131450 0.378064 5.9938 0.860587 0.093285 0.039596
71300 -9213.77969459 1372.65529922 0.389075 5.9938 0.860587 0.093285 0.071261
71400 -9250.45329792 1336.20543178 0.378743 5.9938 0.860587 0.093285 -0.025128
71500 -9237.53399788 1268.18995442 0.359464 5.9892 0.857594 0.096572 -0.005525
71600 -9286.79389206 1328.27123146 0.376494 5.9892 0.857594 0.096572 -0.067868
71700 -9244.42874753 1330.11970852 0.377018 5.9892 0.857594 0.096572 0.036351
71800 -9267.05197635 1365.62288149 0.387081 5.9892 0.857594 0.096572 -0.022011
71900 -9247.94591856 1350.25547793 0.382725 5.9892 0.857594 0.096572 0.022611
72000 -9249.07921179 1344.46973521 0.381086 5.9892 0.858139 0.095220 -0.009027
72100 -9265.92406676 1330.10827952 0.377015 5.9892 0.858139 0.095220 -0.030526
72200 -9230.42883517 1317.78454313 0.373522 5.9892 0.858139 0.095220 0.040098
72300 -9213.42209227 1357.42022806 0.384756 5.9892 0.858139 0.095220 0.064657
72400 -9217.19649907 1340.92015877 0.380079 5.9892 0.858139 0.095220 0.049327
72500 -9252.53302655 1337.49570786 0.379109 5.9932 0.854788 0.095945 -0.027727
72600 -9215.44356240 1359.09454890 0.385231 5.9932 0.854788 0.095945 0.049067
72700 -9235.88138204 1365.15990084 0.386950 5.9932 0.854788 0.095945 0.016047
72800 -9228.76883446 1348.96185743 0.382359 5.9932 0.854788 0.095945 0.019899
72900 -9236.66003609 1357.99454810 0.384919 5.9932 0.854788 0.095945 -0.020088
73000 -9218.54837307 1371.92790558 0.388868 5.9870 0.850684 0.096869 0.031878
73100 -9213.89488864 1357.50877327 0.384781 5.9870 0.850684 0.096869 0.011944
73200 -9261.43058562 1345.38683785 0.381345 5.9870 0.850684 0.096869 -0.096561
73300 -9227.46032751 1346.38604506 0.381629 5.9870 0.850684 0.096869 -0.017814
73400 -9258.39278393 1342.64554222 0.380568 5.9870 0.850684 0.096869 -0.070148
73500 -9237.18764151 1367.44149150 0.387597 5.9926 0.860229 0.095780 -0.014572
73600 -9217.54343931 1383.89878083 0.392262 5.9926 0.860229 0.095780 0.029593
73700 -9231.25201540 1369.88972100 0.388291 5.9926 0.860229 0.095780 -0.021265
73800 -9218.51259965 1341.80931597 0.380331 5.9926 0.860229 0.095780 0.017340
73900 -9223.33575876 1372.48005889 0.389025 5.9926 0.860229 0.095780 0.010825
74000 -9256.27579285 1371.91902445 0.388866 5.9887 0.855762 0.096052 -0.064980
74100 -9221.04871140 1360.31008380 0.385575 5.9887 0.855762 0.096052 -0.002332
74200 -9244.54740303 1402.92110713 0.397653 5.9887 0.855762 0.096052 -0.025222
74300 -9224.24709739 1364.89354568 0.386875 5.9887 0.855762 0.096052 -0.010740
74400 -9221.33089118 1359.71934592 0.385408 5.9887 0.855762 0.096052 -0.008245
74500 -9219.26232807 1353.32995318 0.383597 5.9898 0.852992 0.095917 -0.025994
74600 -9214.83311861 1358.31356766 0.385010 5.9898 0.852992 0.095917 0.011674
74700 -9210.58869064 1322.32572126 0.374809 5.9898 0.852992 0.095917 0.023187
74800 -9220.99211499 1345.51186453 0.381381 5.9898 0.852992 0.095917 -0.003521
74900 -9217.57749842 1343.91228456 0.380928 5.9898 0.852992 0.095917 0.011365
75000 -9256.09726739 1344.24179654 0.381021 5.9892 0.854822 0.096687 -0.049796
75100 -9263.15931777 1332.77588342 0.377771 5.9892 0.854822 0.096687 -0.056010
75200 -9259.07805619 1320.77603352 0.374370 5.9892 0.854822 0.096687 -0.031668
75300 -9262.29285495 1341.47374404 0.380236 5.9892 0.854822 0.096687 -0.025610
75400 -9232.69134008 1336.26057054 0.378759 5.9892 0.854822 0.096687 0.036540
75500 -9251.55701431 1347.01859748 0.381808 5.9915 0.858271 0.094593 -0.015681
75600 -9241.75995429 1344.66680761 0.381141 5.9915 0.858271 0.094593 0.008780
75700 -9222.83561001 1355.29340190 0.384153 5.9915 0.858271 0.094593 0.040117
75800 -9210.36472498 1321.16893126 0.374481 5.9915 0.858271 0.094593 0.043158
75900 -9258.19859833 1360.54748970 0.385643 5.9915 0.858271 0.094593 -0.057924
76000 -9277.87219601 1359.11399033 0.385236 5.9881 0.863578 0.095091 -0.072416
76100 -9243.24823845 1308.56374289 0.370908 5.9881 0.863578 0.095091 -0.005513
76200 -9237.96332021 1339.95782975 0.379807 5.9881 0.863578 0.095091 0.030472
76300 -9233.19772719 1354.12724066 0.383823 5.9881 0.863578 0.095091 0.037141
76400 -9198.16890095 1353.82920851 0.383738 5.9881 0.863578 0.095091 0.090238
76500 -9207.17132311 1352.70902798 0.383421 5.9830 0.851739 0.098370 0.045025
76600 -9228.82968021 1338.98354176 0.379530 5.9830 0.851739 0.098370 -0.000075
76700 -9244.58893984 1327.79966575 0.376360 5.9830 0.851739 0.098370 -0.043812
76800 -9264.05737431 1366.43900192 0.387313 5.9830 0.851739 0.098370 -0.065882
76900 -9239.00788882 1336.30157385 0.378770 5.9830 0.851739 0.098370 -0.008205
77000 -9202.52873016 1349.90596797 0.382626 5.9887 0.851839 0.096671 0.086413
77100 -9197.30841077 1343.13254597 0.380707 5.9887 0.851839 0.096671 0.073693
77200 -9233.12689062 1360.49190726 0.385627 5.9887 0.851839 0.096671 -0.018150
77300 -9206.29629683 1333.02450146 0.377841 5.9887 0.851839 0.096671 0.027051
77400 -9201.25507914 1339.46291741 0.379666 5.9887 0.851839 0.096671 0.047760
77500 -9209.08263231 1344.97447486 0.381229 5.9864 0.848919 0.098326 0.017887
77600 -9226.85498932 1353.48177579 0.383640 5.9864 0.848919 0.098326 -0.013618
77700 -9204.71125262 1282.11388191 0.363411 5.9864 0.848919 0.098326 0.019382
77800 -9213.16222576 1327.46959423 0.376267 5.9864 0.848919 0.098326 0.015989
77900 -9259.11293774 1329.64334427 0.376883 5.9864 0.848919 0.098326 -0.095924
78000 -9281.35172590 1320.74379387 0.374360 5.9921 0.865508 0.093752 -0.120686
78100 -9231.58923602 1313.82360200 0.372399 5.9921 0.865508 0.093752 0.033777
78200 -9267.90374702 1343.14391513 0.380710 5.9921 0.865508 0.093752 -0.002628
78300 -9270.63622313 1319.65525807 0.374052 5.9921 0.865508 0.093752 -0.048319
78400 -9232.58691721 1320.70262935 0.374349 5.9921 0.865508 0.093752 0.046361
78500 -9216.38097992 1294.93974592 0.367046 5.9830 0.850053 0.097507 0.079333
78600 -9231.11544313 1309.96698760 0.371306 5.9830 0.850053 0.097507 0.038090
78700 -9251.43238931 1315.56151101 0.372892 5.9830 0.850053 0.097507 0.002873
78800 -9223.58386157 1328.61002392 0.376590 5.9830 0.850053 0.097507 0.046808
78900 -9239.96797210 1362.70934284 0.386255 5.9830 0.850053 0.097507 0.017957
79000 -9234.59532823 1358.99699481 0.385203 5.9898 0.858785 0.095974 0.010889
79100 -9219.24217434 1350.61810300 0.382828 5.9898 0.858785 0.095974 0.047870
79200 -9188.37892338 1327.34855033 0.376233 5.9898 0.858785 0.095974 0.095327
79300 -9254.57283265 1337.03642394 0.378979 5.9898 0.858785 0.095974 -0.064660
79400 -9263.11415772 1345.60807329 0.381408 5.9898 0.858785 0.095974 -0.053859
79500 -9227.73082633 1322.34617399 0.374815 5.9904 0.853789 0.096576 0.026161
79600 -9228.66505505 1346.39647941 0.381632 5.9904 0.853789 0.096576 0.024957
79700 -9248.45688043 1342.26096626 0.380459 5.9904 0.853789 0.096576 -0.044014
79800 -9199.04644464 1305.34033745 0.369994 5.9904 0.853789 0.096576 0.067405
79900 -9277.70920030 1350.06998235 0.382673 5.9904 0.853789 0.096576 -0.091863
80000 -9219.19796714 1323.32157393 0.375091 5.9892 0.850202 0.095886 0.033803
80100 -9257.89382074 1397.23850080 0.396043 5.9892 0.850202 0.095886 -0.024350
80200 -9240.86056160 1346.83278001 0.381755 5.9892 0.850202 0.095886 -0.018403
80300 -9284.59555910 1355.99923319 0.384354 5.9892 0.850202 0.095886 -0.094238
80400 -9228.48493014 1338.34611918 0.379350 5.9892 0.850202 0.095886 0.022813
80500 -9216.20551098 1356.18193151 0.384405 5.9898 0.850659 0.096368 0.061333
80600 -9237.52425878 1332.70780691 0.377752 5.9898 0.850659 0.096368 -0.006262
80700 -9226.23558256 1345.01185178 0.381239 5.9898 0.850659 0.096368 0.014541
80800 -9254.89534525 1311.06362369 0.371617 5.9898 0.850659 0.096368 -0.040233
80900 -9255.62425610 1330.48967463 0.377123 5.9898 0.850659 0.096368 -0.024845
81000 -9269.72732997 1346.55423765 0.381676 5.9909 0.859244 0.095794 -0.043079
81100 -9264.72891386 1339.05058309 0.379549 5.9909 0.859244 0.095794 -0.020092
81200 -9254.16306869 1300.01623369 0.368485 5.9909 0.859244 0.095794 0.003756
81300 -9301.69658215 1320.92444789 0.374412 5.9909 0.859244 0.095794 -0.073414
81400 -9274.09805174 1340.53681036 0.379971 5.9909 0.859244 0.095794 -0.004693
81500 -9273.62934577 1334.21799507 0.378180 5.9909 0.862469 0.093831 -0.010406
81600 -9282.17458622 1336.19962862 0.378741 5.9909 0.862469 0.093831 -0.038124
81700 -9305.31660735 1355.29429624 0.384154 5.9909 0.862469 0.093831 -0.078592
81800 -9282.66587424 1347.19313484 0.381857 5.9909 0.862469 0.093831 -0.002507
81900 -9251.09257599 1293.85410368 0.366739 5.9909 0.862469 0.093831 0.039412
82000 -9295.09048585 1344.66800582 0.381142 5.9898 0.859855 0.093907 -0.043395
82100 -9272.00154129 1332.66401113 0.377739 5.9898 0.859855 0.093907 -0.009622
82200 -9279.93420028 1328.98700302 0.376697 5.9898 0.859855 0.093907 -0.027517
82300 -9263.70366709 1321.66952147 0.374623 5.9898 0.859855 0.093907 0.008619
82400 -9234.93230331 1341.33494960 0.380197 5.9898 0.859855 0.093907 0.059792
82500 -9250.06021414 1302.99264924 0.369329 5.9858 0.855512 0.094098 0.022923
82600 -9293.94830031 1336.09470549 0.378712 5.9858 0.855512 0.094098 -0.063704
82700 -9277.84886330 1357.79809292 0.384863 5.9858 0.855512 0.094098 -0.009405
82800 -9254.71175735 1368.16209058 0.387801 5.9858 0.855512 0.094098 0.025287
82900 -9247.95800341 1340.16908492 0.379867 5.9858 0.855512 0.094098 0.012018
83000 -9236.74251328 1378.80355970 0.390817 5.9870 0.849601 0.097094 0.030027
83100 -9216.08762729 1362.94092805 0.386321 5.9870 0.849601 0.097094 0.072305
83200 -9235.41011561 1375.42384501 0.389859 5.9870 0.849601 0.097094 -0.006959
83300 -9203.71783080 1361.32659095 0.385864 5.9870 0.849601 0.097094 0.065597
83400 -9255.29589194 1358.39847827 0.385034 5.9870 0.849601 0.097094 -0.054840
83500 -9234.76248141 1311.79678946 0.371824 5.9887 0.851692 0.096761 -0.005599
83600 -9250.91470493 1355.64589538 0.384253 5.9887 0.851692 0.096761 -0.031787
83700 -9236.44819135 1310.61211961 0.371489 5.9887 0.851692 0.096761 -0.011988
83800 -9297.09645414 1310.68397873 0.371509 5.9887 0.851692 0.096761 -0.097995
83900 -9283.54105620 1352.99130855 0.383501 5.9887 0.851692 0.096761 -0.044922
84000 -9261.29973323 1345.44861604 0.381363 5.9932 0.855928 0.095708 0.002990
84100 -9235.03774836 1318.95441314 0.373853 5.9932 0.855928 0.095708 0.033888
84200 -9268.41124924 1350.36875107 0.382758 5.9932 0.855928 0.095708 -0.011574
84300 -9280.98016349 1339.20520804 0.379593 5.9932 0.855928 0.095708 -0.050861
84400 -9266.43768872 1330.19734821 0.377040 5.9932 0.855928 0.095708 -0.005834
84500 -9278.39348936 1329.25569898 0.376773 5.9898 0.863969 0.092936 -0.022589
84600 -9270.94835351 1313.32784676 0.372258 5.9898 0.863969 0.092936 -0.007411
84700 -9249.51967480 1300.83472917 0.368717 5.9898 0.863969 0.092936 0.058484
84800 -9257.20377481 1334.71878629 0.378322 5.9898 0.863969 0.092936 0.045238
84900 -9240.45910457 1316.28546226 0.373097 5.9898 0.863969 0.092936 0.050673
85000 -9257.41052087 1362.76638887 0.386272 5.9915 0.855539 0.096060 0.010952
85100 -9269.30357956 1339.43709753 0.379659 5.9915 0.855539 0.096060 -0.012812
85200 -9243.36359560 1356.22886198 0.384419 5.9915 0.855539 0.096060 0.018893
85300 -9263.02340342 1355.90825142 0.384328 5.9915 0.855539 0.096060 -0.037585
85400 -9251.55139511 1368.92290592 0.388017 5.9915 0.855539 0.096060 0.005594
85500 -9268.24658481 1327.09528404 0.376161 5.9892 0.860893 0.095161 -0.061550
85600 -9257.67192412 1309.54722781 0.371187 5.9892 0.860893 0.095161 -0.024431
85700 -9245.69286749 1329.79608756 0.376926 5.9892 0.860893 0.095161 0.018029
85800 -9245.72764708 1341.75402539 0.380316 5.9892 0.860893 0.095161 0.032570
85900 -9245.28922279 1303.46442361 0.369463 5.9892 0.860893 0.095161 0.017126
86000 -9273.07320701 1339.31809454 0.379625 5.9892 0.859189 0.093033 -0.028364
86100 -9240.32833141 1325.37743978 0.375674 5.9892 0.859189 0.093033 0.054593
86200 -9301.95544694 1316.89651567 0.373270 5.9892 0.859189 0.093033 -0.080428
86300 -9294.33703713 1325.43079562 0.375689 5.9892 0.859189 0.093033 -0.029226
86400 -9307.29873549 1308.28069671 0.370828 5.9892 0.859189 0.093033 -0.045571
86500 -9276.97397815 1316.55704695 0.373174 5.9892 0.860112 0.095709 0.019304
86600 -9275.92016307 1340.18363382 0.379871 5.9892 0.860112 0.095709 0.032488
86700 -9247.59160151 1313.81705537 0.372397 5.9892 0.860112 0.095709 0.058524
86800 -9289.95697144 1334.46752586 0.378250 5.9892 0.860112 0.095709 -0.039863
86900 -9263.10764501 1305.55912081 0.370056 5.9892 0.860112 0.095709 0.019370
87000 -9260.08795358 1318.98043736 0.373861 5.9887 0.855168 0.095120 0.039678
87100 -9277.36177669 1313.36134002 0.372268 5.9887 0.855168 0.095120 -0.010756
87200 -9278.59465636 1341.91850959 0.380362 5.9887 0.855168 0.095120 0.002585
87300 -9265.93639232 1348.21422090 0.382147 5.9887 0.855168 0.095120 0.009546
87400 -9274.58390398 1357.63104174 0.384816 5.9887 0.855168 0.095120 0.008710
87500 -9247.03269468 1295.42896584 0.367185 5.9921 0.857985 0.095194 0.050600
87600 -9277.18093892 1358.67460226 0.385112 5.9921 0.857985 0.095194 -0.003570
87700 -9231.94410218 1349.91008809 0.382628 5.9921 0.857985 0.095194 0.064906
87800 -9274.73623745 1373.81485476 0.389403 5.9921 0.857985 0.095194 -0.020476
87900 -9227.78260543 1337.75216284 0.379181 5.9921 0.857985 0.095194 0.045634
88000 -9246.20341463 1310.11403782 0.371348 5.9892 0.857106 0.096042 -0.009643
88100 -9264.08138845 1336.52820348 0.378835 5.9892 0.857106 0.096042 -0.033263
88200 -9272.15593382 1331.82035804 0.377500 5.9892 0.857106 0.096042 -0.045310
88300 -9261.70863445 1286.78089512 0.364734 5.9892 0.857106 0.096042 -0.006520
88400 -9315.80043767 1307.11579130 0.370498 5.9892 0.857106 0.096042 -0.102367
88500 -9317.75452431 1332.21297015 0.377611 5.9932 0.863824 0.091951 -0.075993
88600 -9239.32134917 1310.29704433 0.371399 5.9932 0.863824 0.091951 0.084842
88700 -9269.47604175 1314.12737064 0.372485 5.9932 0.863824 0.091951 0.000241
88800 -9324.84062784 1337.63997153 0.379150 5.9932 0.863824 0.091951 -0.095460
88900 -9281.48478652 1343.86237280 0.380913 5.9932 0.863824 0.091951 0.017979
89000 -9287.10295757 1344.55071481 0.381108 5.9853 0.857438 0.095490 -0.006658
89100 -9278.05981847 1314.97163429 0.372724 5.9853 0.857438 0.095490 0.016393
89200 -9268.27316239 1349.74257972 0.382580 5.9853 0.857438 0.095490 0.031700
89300 -9275.58854586 1340.40306908 0.379933 5.9853 0.857438 0.095490 -0.023863
89400 -9282.99514356 1382.39333924 0.391835 5.9853 0.857438 0.095490 -0.007089
89500 -9205.89023869 1346.95943959 0.381791 5.9909 0.854174 0.096837 0.115259
89600 -9243.68090927 1360.88243697 0.385738 5.9909 0.854174 0.096837 0.014695
89700 -9221.37020664 1316.01435322 0.373020 5.9909 0.854174 0.096837 0.047673
89800 -9248.59562816 1377.60962557 0.390479 5.9909 0.854174 0.096837 -0.013066
89900 -9218.45521982 1355.81102492 0.384300 5.9909 0.854174 0.096837 0.036391
90000 -9230.26224221 1355.03387149 0.384080 5.9904 0.852183 0.095623 0.010945
90100 -9233.38569980 1382.47720721 0.391859 5.9904 0.852183 0.095623 0.007215
90200 -9213.01744988 1359.16886217 0.385252 5.9904 0.852183 0.095623 0.025304
90300 -9222.12779043 1372.07101355 0.388909 5.9904 0.852183 0.095623 0.003297
90400 -9222.43535289 1336.60642703 0.378857 5.9904 0.852183 0.095623 0.002457
90500 -9222.48432837 1356.10625917 0.384384 5.9892 0.855397 0.096940 -0.010878
90600 -9227.84786691 1369.42624366 0.388159 5.9892 0.855397 0.096940 -0.003882
90700 -9191.54097403 1351.52801777 0.383086 5.9892 0.855397 0.096940 0.051609
90800 -9216.42851104 1386.32531413 0.392949 5.9892 0.855397 0.096940 0.007828
90900 -9237.68746479 1408.87994283 0.399342 5.9892 0.855397 0.096940 -0.057180
91000 -9218.68192955 1378.19983355 0.390646 5.9915 0.856347 0.095842 -0.000686
91100 -9192.50175771 1337.98425774 0.379247 5.9915 0.856347 0.095842 0.033287
91200 -9220.85027522 1355.57503931 0.384233 5.9915 0.856347 0.095842 -0.005035
91300 -9225.06821331 1334.28594822 0.378199 5.9915 0.856347 0.095842 -0.030044
91400 -9230.58703978 1305.50700842 0.370042 5.9915 0.856347 0.095842 -0.028935
91500 -9232.38746601 1361.36415661 0.385874 5.9875 0.855510 0.096122 -0.023753
91600 -9219.46072108 1363.67134824 0.386528 5.9875 0.855510 0.096122 0.009920
91700 -9214.57677343 1339.55852112 0.379693 5.9875 0.855510 0.096122 0.023145
91800 -9242.34603487 1341.27452994 0.380180 5.9875 0.855510 0.096122 -0.027647
91900 -9255.10400410 1349.00319644 0.382371 5.9875 0.855510 0.096122 -0.060277
92000 -9209.35102141 1320.20968794 0.374209 5.9921 0.854483 0.096936 0.032928
92100 -9232.59095874 1351.79078171 0.383161 5.9921 0.854483 0.096936 0.009587
92200 -9232.65977090 1338.30247668 0.379337 5.9921 0.854483 0.096936 0.009453
92300 -9257.97251105 1304.35048320 0.369714 5.9921 0.854483 0.096936 -0.049908
92400 -9258.48222196 1331.59622806 0.377437 5.9921 0.854483 0.096936 -0.023033
92500 -9249.04716296 1326.45798509 0.375980 5.9926 0.854607 0.095800 0.004705
92600 -9279.29991258 1331.31964380 0.377358 5.9926 0.854607 0.095800 -0.046691
92700 -9282.54026836 1314.88459283 0.372700 5.9926 0.854607 0.095800 -0.050150
92800 -9276.40852803 1361.00355027 0.385772 5.9926 0.854607 0.095800 -0.013251
92900 -9252.25396138 1321.93127827 0.374697 5.9926 0.854607 0.095800 0.014796
93000 -9275.01358447 1326.07250827 0.375871 5.9932 0.861260 0.095019 -0.051826
93100 -9267.97562778 1346.21316949 0.381580 5.9932 0.861260 0.095019 -0.019039
93200 -9283.88953505 1329.80495295 0.376929 5.9932 0.861260 0.095019 -0.054860
93300 -9302.54853030 1360.04290980 0.385500 5.9932 0.861260 0.095019 -0.064225
93400 -9237.57954916 1307.16209611 0.370511 5.9932 0.861260 0.095019 0.073717
93500 -9257.97238629 1350.10402653 0.382683 5.9864 0.855585 0.095984 0.014433
93600 -9282.99028592 1366.11039385 0.387219 5.9864 0.855585 0.095984 -0.055840
93700 -9258.73978672 1318.73132234 0.373790 5.9864 0.855585 0.095984 -0.006944
93800 -9254.93973064 1324.14534451 0.375325 5.9864 0.855585 0.095984 0.008924
93900 -9269.56071435 1318.36090528 0.373685 5.9864 0.855585 0.095984 -0.033174
94000 -9261.77081267 1288.42839665 0.365201 5.9904 0.855816 0.095747 -0.014685
94100 -9273.16753361 1324.21180157 0.375343 5.9904 0.855816 0.095747 -0.007170
94200 -9251.92801757 1319.91968015 0.374127 5.9904 0.855816 0.095747 0.051038
94300 -9254.78805701 1296.40788169 0.367463 5.9904 0.855816 0.095747 0.028223
94400 -9307.48496711 1363.75922971 0.386553 5.9904 0.855816 0.095747 -0.067270
94500 -9258.13070645 1332.63377764 0.377731 5.9881 0.860066 0.093656 0.040569
94600 -9243.71015275 1346.95860157 0.381791 5.9881 0.860066 0.093656 0.046255
94700 -9285.43514098 1328.76373554 0.376634 5.9881 0.860066 0.093656 -0.037140
94800 -9280.89409431 1281.94601959 0.363363 5.9881 0.860066 0.093656 -0.033741
94900 -9274.14288113 1309.11535765 0.371064 5.9881 0.860066 0.093656 0.038071
95000 -9287.50335402 1306.38112608 0.370289 5.9938 0.861971 0.093192 -0.016804
95100 -9289.47277931 1323.23768006 0.375067 5.9938 0.861971 0.093192 -0.003313
95200 -9283.28393338 1323.85202962 0.375242 5.9938 0.861971 0.093192 -0.007145
95300 -9279.50493574 1320.32094492 0.374241 5.9938 0.861971 0.093192 0.010555
95400 -9290.41237140 1302.70650161 0.369248 5.9938 0.861971 0.093192 0.002350
95500 -9287.37760980 1346.71435293 0.381722 5.9955 0.863391 0.092813 -0.003286
95600 -9270.42672158 1314.78180073 0.372671 5.9955 0.863391 0.092813 0.029688
95700 -9292.75558817 1334.27012797 0.378194 5.9955 0.863391 0.092813 0.003735
95800 -9267.67283897 1362.01553310 0.386059 5.9955 0.863391 0.092813 0.040902
95900 -9206.58162112 1357.47442425 0.384772 5.9955 0.863391 0.092813 0.119801
96000 -9232.74266577 1304.18460507 0.369667 5.9819 0.846974 0.098253 0.023735
96100 -9272.34435383 1395.90362725 0.395664 5.9819 0.846974 0.098253 -0.051780
96200 -9219.55807291 1348.87656108 0.382335 5.9819 0.846974 0.098253 0.064595
96300 -9234.06027649 1370.85281373 0.388564 5.9819 0.846974 0.098253 0.012357
96400 -9229.62575556 1349.68377737 0.382563 5.9819 0.846974 0.098253 0.000083
96500 -9233.92132796 1306.16216069 0.370227 5.9909 0.860511 0.094279 -0.024659
96600 -9251.58909094 1336.25855190 0.378758 5.9909 0.860511 0.094279 -0.012533
96700 -9245.01188546 1355.26372153 0.384145 5.9909 0.860511 0.094279 -0.011993
96800 -9253.94996606 1346.80646940 0.381748 5.9909 0.860511 0.094279 -0.009678
96900 -9272.09109554 1339.71624524 0.379738 5.9909 0.860511 0.094279 -0.059771
97000 -9259.60621069 1311.92351487 0.371860 5.9972 0.862010 0.093446 -0.029406
97100 -9274.76341043 1334.08900255 0.378143 5.9972 0.862010 0.093446 -0.023652
97200 -9254.46284243 1297.53899182 0.367783 5.9972 0.862010 0.093446 -0.018871
97300 -9296.48503839 1366.95890061 0.387460 5.9972 0.862010 0.093446 -0.042236
97400 -9258.70806281 1349.36907107 0.382474 5.9972 0.862010 0.093446 0.024607
97500 -9279.34221188 1339.57827712 0.379699 5.9955 0.860754 0.094082 -0.046539
97600 -9263.62638081 1318.70695109 0.373783 5.9955 0.860754 0.094082 -0.000361
97700 -9261.05260623 1330.74473593 0.377195 5.9955 0.860754 0.094082 0.013741
97800 -9260.49513362 1311.19706490 0.371654 5.9955 0.860754 0.094082 0.011185
97900 -9259.99074671 1338.82319599 0.379485 5.9955 0.860754 0.094082 0.008435
98000 -9248.00472785 1327.79813733 0.376360 5.9841 0.854103 0.096624 0.060315
98100 -9224.87315926 1357.01760609 0.384642 5.9841 0.854103 0.096624 0.086211
98200 -9248.69220724 1350.37683195 0.382760 5.9841 0.854103 0.096624 0.013675
98300 -9249.36954589 1377.89060875 0.390559 5.9841 0.854103 0.096624 -0.012969
98400 -9248.92395585 1367.16358377 0.387518 5.9841 0.854103 0.096624 -0.018524
98500 -9270.45846902 1326.79218962 0.376075 5.9887 0.858860 0.094409 -0.062720
98600 -9288.24575043 1317.71186256 0.373501 5.9887 0.858860 0.094409 -0.106708
98700 -9292.49973397 1354.70057934 0.383985 5.9887 0.858860 0.094409 -0.061404
98800 -9272.02423931 1301.50101644 0.368906 5.9887 0.858860 0.094409 -0.021448
98900 -9285.89279138 1325.63826435 0.375748 5.9887 0.858860 0.094409 -0.038885
99000 -9289.83026803 1341.79853780 0.380328 5.9875 0.863591 0.093991 -0.009623
99100 -9267.87959707 1294.85963315 0.367024 5.9875 0.863591 0.093991 0.018716
99200 -9295.55287207 1315.65831520 0.372919 5.9875 0.863591 0.093991 -0.002083
99300 -9264.26371018 1296.33512357 0.367442 5.9875 0.863591 0.093991 0.053389
99400 -9281.55657039 1330.13814420 0.377023 5.9875 0.863591 0.093991 0.018188
99500 -9284.81678565 1354.89622408 0.384041 5.9892 0.859188 0.094580 -0.006156
99600 -9277.55558757 1340.27946316 0.379898 5.9892 0.859188 0.094580 0.006072
99700 -9273.59856505 1352.14063676 0.383260 5.9892 0.859188 0.094580 0.030656
99800 -9248.82943793 1324.85859359 0.375527 5.9892 0.859188 0.094580 0.052937
99900 -9265.11491624 1311.48757831 0.371737 5.9892 0.859188 0.094580 0.017319
100000 -9299.40401548 1343.83994890 0.380907 5.9892 0.860699 0.093620 -0.046916
100100 -9298.29621597 1327.05956544 0.376151 5.9892 0.860699 0.093620 -0.045451
100200 -9287.57658961 1341.24790050 0.380172 5.9892 0.860699 0.093620 -0.002886
100300 -9249.20667737 1290.32726722 0.365739 5.9892 0.860699 0.093620 0.054463
100400 -9270.63749745 1327.75531636 0.376348 5.9892 0.860699 0.093620 0.026249
100500 -9285.20008707 1348.31264104 0.382175 5.9909 0.863391 0.094684 0.001470
100600 -9264.86033238 1326.16882527 0.375898 5.9909 0.863391 0.094684 0.033478
100700 -9257.07887882 1336.25140041 0.378756 5.9909 0.863391 0.094684 0.044180
100800 -9254.09447813 1368.84485327 0.387995 5.9909 0.863391 0.094684 0.038264
100900 -9256.93254425 1327.13289894 0.376171 5.9909 0.863391 0.094684 0.005741
101000 -9252.45453949 1300.14790942 0.368523 5.9887 0.856649 0.096398 0.030512
101100 -9269.76055554 1320.32871681 0.374243 5.9887 0.856649 0.096398 -0.020412
101200 -9278.00893323 1344.26202794 0.381027 5.9887 0.856649 0.096398 -0.028277
101300 -9271.11494224 1328.03470846 0.376427 5.9887 0.856649 0.096398 -0.001617
101400 -9269.78545014 1330.60020669 0.377154 5.9887 0.856649 0.096398 -0.005405
101500 -9252.61316688 1333.19622959 0.377890 5.9870 0.851181 0.097496 0.008750
101600 -9259.66626342 1347.45979206 0.381933 5.9870 0.851181 0.097496 0.005178
101700 -9276.41989060 1343.27305642 0.380746 5.9870 0.851181 0.097496 -0.018262
101800 -9244.77445509 1289.90802349 0.365620 5.9870 0.851181 0.097496 0.050008
101900 -9254.89108408 1300.05374529 0.368496 5.9870 0.851181 0.097496 0.001185
102000 -9270.11983530 1336.36196594 0.378787 5.9847 0.859436 0.095931 0.000400
102100 -9280.40829894 1338.80959789 0.379481 5.9847 0.859436 0.095931 -0.027125
102200 -9246.60060445 1333.67486474 0.378026 5.9847 0.859436 0.095931 0.028004
102300 -9272.02508849 1368.17051198 0.387803 5.9847 0.859436 0.095931 -0.028748
102400 -9240.27263172 1298.83862120 0.368152 5.9847 0.859436 0.095931 0.033361
102500 -9249.37096386 1300.59247909 0.368649 5.9858 0.854711 0.097164 0.010811
102600 -9260.53961227 1325.35168590 0.375667 5.9858 0.854711 0.097164 -0.005415
102700 -9242.17839050 1319.88986815 0.374118 5.9858 0.854711 0.097164 0.039240
102800 -9232.03747493 1301.73415009 0.368972 5.9858 0.854711 0.097164 0.067124
102900 -9263.74485939 1324.63575995 0.375464 5.9858 0.854711 0.097164 -0.002328
103000 -9247.19830469 1321.65544763 0.374619 5.9898 0.856015 0.095346 0.001191
103100 -9234.39737179 1345.95933095 0.381508 5.9898 0.856015 0.095346 0.043341
103200 -9238.41037310 1353.05634342 0.383519 5.9898 0.856015 0.095346 0.035119
103300 -9264.68355204 1355.50732607 0.384214 5.9898 0.856015 0.095346 -0.011273
103400 -9245.66616577 1332.25025270 0.377622 5.9898 0.856015 0.095346 0.018900
103500 -9268.98651849 1312.38801853 0.371992 5.9875 0.858899 0.094598 -0.022948
103600 -9277.92418599 1362.12045998 0.386089 5.9875 0.858899 0.094598 -0.033324
103700 -9286.00292158 1302.78918560 0.369271 5.9875 0.858899 0.094598 -0.057222
103800 -9278.27848157 1318.13131983 0.373620 5.9875 0.858899 0.094598 -0.009765
103900 -9275.59038831 1331.72533983 0.377473 5.9875 0.858899 0.094598 -0.006347
104000 -9259.36662542 1313.58143407 0.372330 5.9921 0.860960 0.093891 0.038618
104100 -9287.27097571 1329.23577980 0.376768 5.9921 0.860960 0.093891 -0.013957
104200 -9245.85806524 1329.24552173 0.376770 5.9921 0.860960 0.093891 0.064810
104300 -9257.29514527 1342.29147381 0.380468 5.9921 0.860960 0.093891 0.031444
104400 -9247.52928745 1344.66551852 0.381141 5.9921 0.860960 0.093891 0.041709
104500 -9253.83150727 1336.44987180 0.378812 5.9904 0.858062 0.095764 0.024351
104600 -9260.31256703 1337.95199848 0.379238 5.9904 0.858062 0.095764 -0.005526
104700 -9249.87547102 1314.70262126 0.372648 5.9904 0.858062 0.095764 0.034013
104800 -9254.47666562 1340.81692474 0.380050 5.9904 0.858062 0.095764 0.014796
104900 -9279.20857886 1358.99053520 0.385201 5.9904 0.858062 0.095764 -0.019717
105000 -9279.05414868 1337.54453460 0.379123 5.9909 0.860243 0.093545 -0.040585
105100 -9270.02614941 1324.78763370 0.375507 5.9909 0.860243 0.093545 -0.009852
105200 -9249.92257237 1334.80209754 0.378345 5.9909 0.860243 0.093545 0.035377
105300 -9250.77834317 1375.74125234 0.389949 5.9909 0.860243 0.093545 0.020724
105400 -9273.43515398 1374.95030647 0.389725 5.9909 0.860243 0.093545 -0.044891
105500 -9273.73438708 1384.26142400 0.392364 5.9943 0.859310 0.095740 -0.043027
105600 -9273.66161650 1370.41830657 0.388441 5.9943 0.859310 0.095740 -0.059692
105700 -9242.07165911 1345.23276931 0.381302 5.9943 0.859310 0.095740 0.012971
105800 -9249.65773312 1324.34113125 0.375380 5.9943 0.859310 0.095740 0.018647
105900 -9256.11822640 1343.33000335 0.380762 5.9943 0.859310 0.095740 -0.024462
106000 -9247.78225348 1366.99616748 0.387471 5.9892 0.855689 0.094950 0.007417
106100 -9232.45597944 1346.59359221 0.381688 5.9892 0.855689 0.094950 0.028136
106200 -9255.13012080 1330.06207242 0.377002 5.9892 0.855689 0.094950 -0.015638
106300 -9252.40529313 1316.33993257 0.373112 5.9892 0.855689 0.094950 -0.023294
106400 -9245.66925845 1323.05239911 0.375015 5.9892 0.855689 0.094950 0.005141
106500 -9265.71494553 1336.71153193 0.378886 5.9841 0.851170 0.095241 -0.028239
106600 -9281.78702980 1354.64454065 0.383970 5.9841 0.851170 0.095241 -0.058189
106700 -9276.13478745 1365.14322146 0.386945 5.9841 0.851170 0.095241 -0.056856
106800 -9253.84661773 1342.86714653 0.380631 5.9841 0.851170 0.095241 0.011914
106900 -9260.52874122 1349.58845686 0.382536 5.9841 0.851170 0.095241 -0.018475
107000 -9227.86825478 1371.30602171 0.388692 5.9915 0.856639 0.094995 0.059175
107100 -9224.54492058 1352.37206603 0.383325 5.9915 0.856639 0.094995 0.043825
107200 -9218.40032839 1290.16959287 0.365694 5.9915 0.856639 0.094995 0.038541
107300 -9223.63706324 1344.57778499 0.381116 5.9915 0.856639 0.094995 0.044626
107400 -9224.42117480 1351.64349510 0.383119 5.9915 0.856639 0.094995 0.065022
107500 -9230.11230405 1348.58243139 0.382251 5.9864 0.856635 0.095696 0.020649
107600 -9239.93729356 1342.90643491 0.380642 5.9864 0.856635 0.095696 0.009099
107700 -9240.75677485 1336.72711889 0.378891 5.9864 0.856635 0.095696 -0.001143
107800 -9233.72214933 1319.05068163 0.373881 5.9864 0.856635 0.095696 0.016123
107900 -9238.38191104 1299.82542042 0.368431 5.9864 0.856635 0.095696 0.040998
108000 -9274.16668918 1313.27865677 0.372245 5.9909 0.860159 0.093988 -0.069811
108100 -9261.06079023 1324.66866336 0.375473 5.9909 0.860159 0.093988 0.000930
108200 -9256.82188516 1364.11040388 0.386653 5.9909 0.860159 0.093988 0.008200
108300 -9238.77856589 1354.61491298 0.383961 5.9909 0.860159 0.093988 0.044804
108400 -9243.08868920 1323.03315713 0.375009 5.9909 0.860159 0.093988 0.013784
108500 -9256.47770607 1348.72648109 0.382292 5.9887 0.858262 0.095499 -0.003093
108600 -9275.51263300 1361.19101730 0.385825 5.9887 0.858262 0.095499 -0.045684
108700 -9282.34644094 1336.31856551 0.378775 5.9887 0.858262 0.095499 -0.058858
108800 -9249.90992934 1316.09681522 0.373043 5.9887 0.858262 0.095499 -0.000634
108900 -9284.80428542 1368.65815003 0.387942 5.9887 0.858262 0.095499 -0.057018
109000 -9257.07740336 1336.96951415 0.378960 5.9881 0.854701 0.097226 -0.003481
109100 -9228.79733976 1352.99289634 0.383501 5.9881 0.854701 0.097226 0.077335
109200 -9225.09711927 1349.29706760 0.382454 5.9881 0.854701 0.097226 0.053380
109300 -9234.15190767 1372.23381191 0.388955 5.9881 0.854701 0.097226 0.027620
109400 -9255.55673664 1343.95000936 0.380938 5.9881 0.854701 0.097226 -0.034373
109500 -9229.80458978 1335.54498695 0.378556 5.9847 0.854689 0.097798 0.021496
109600 -9229.37125159 1349.79385510 0.382595 5.9847 0.854689 0.097798 0.037875
109700 -9253.74931987 1331.55958019 0.377426 5.9847 0.854689 0.097798 -0.022968
109800 -9265.16541314 1339.86741670 0.379781 5.9847 0.854689 0.097798 -0.041376
109900 -9272.72124111 1351.63797575 0.383117 5.9847 0.854689 0.097798 -0.053563
110000 -9232.39443923 1354.07368656 0.383808 5.9870 0.854120 0.097322 0.044335
110100 -9223.80367146 1375.52357261 0.389888 5.9870 0.854120 0.097322 0.035904
110200 -9222.67036439 1368.58463219 0.387921 5.9870 0.854120 0.097322 0.031172
110300 -9243.00740575 1366.23299189 0.387254 5.9870 0.854120 0.097322 -0.005813
110400 -9249.15746063 1317.04896924 0.373313 5.9870 0.854120 0.097322 -0.013801
110500 -9253.22289580 1323.75567324 0.375214 5.9870 0.852350 0.096591 -0.027469
110600 -9253.65380841 1280.92492109 0.363074 5.9870 0.852350 0.096591 -0.017411
110700 -9253.98560468 1299.50562440 0.368341 5.9870 0.852350 0.096591 -0.008663
110800 -9249.04005473 1309.49588931 0.371172 5.9870 0.852350 0.096591 0.025021
110900 -9243.44169321 1323.22082073 0.375063 5.9870 0.852350 0.096591 0.036494
111000 -9241.43497039 1283.48952448 0.363801 5.9921 0.855266 0.095795 0.028805
111100 -9259.29081927 1303.84108538 0.369569 5.9921 0.855266 0.095795 -0.004234
111200 -9268.30366110 1375.56206141 0.389899 5.9921 0.855266 0.095795 0.006967
111300 -9257.50548301 1339.82307670 0.379768 5.9921 0.855266 0.095795 0.017654
111400 -9278.92885664 1313.47206009 0.372299 5.9921 0.855266 0.095795 -0.038787
111500 -9260.04071261 1302.00749793 0.369050 5.9853 0.859541 0.094913 0.013866
111600 -9237.14022408 1331.83219982 0.377503 5.9853 0.859541 0.094913 0.048269
111700 -9240.01604090 1351.64745356 0.383120 5.9853 0.859541 0.094913 0.062224
111800 -9253.55724751 1345.48504633 0.381373 5.9853 0.859541 0.094913 0.029841
111900 -9243.39206391 1339.87941100 0.379784 5.9853 0.859541 0.094913 0.025355
112000 -9225.02900701 1328.57095969 0.376579 5.9875 0.857262 0.095870 0.059982
112100 -9231.96758922 1355.86525741 0.384316 5.9875 0.857262 0.095870 0.031044
112200 -9203.02325455 1331.78009217 0.377489 5.9875 0.857262 0.095870 0.088187
112300 -9229.94558438 1325.57113289 0.375729 5.9875 0.857262 0.095870 -0.002918
112400 -9254.59966019 1365.75257169 0.387118 5.9875 0.857262 0.095870 -0.042826
112500 -9255.48167161 1326.74553465 0.376062 5.9847 0.851563 0.096020 -0.038320
112600 -9252.81444472 1315.32228342 0.372824 5.9847 0.851563 0.096020 -0.026715
112700 -9254.38347340 1352.97637820 0.383497 5.9847 0.851563 0.096020 -0.010767
112800 -9252.62266017 1329.96238226 0.376973 5.9847 0.851563 0.096020 -0.005844
112900 -9238.06702340 1316.56849376 0.373177 5.9847 0.851563 0.096020 0.033209
113000 -9233.57356747 1318.62172413 0.373759 5.9921 0.853888 0.096275 0.016668
113100 -9225.19084322 1336.83700276 0.378922 5.9921 0.853888 0.096275 0.048750
113200 -9244.48043281 1355.65426307 0.384256 5.9921 0.853888 0.096275 -0.010150
113300 -9211.77161195 1342.38714232 0.380495 5.9921 0.853888 0.096275 0.053427
113400 -9269.05575395 1356.62830537 0.384532 5.9921 0.853888 0.096275 -0.061352
113500 -9249.42058587 1330.07331060 0.377005 5.9853 0.856299 0.096505 0.000700
113600 -9256.89247118 1385.07047130 0.392594 5.9853 0.856299 0.096505 -0.021957
113700 -9249.00736385 1386.26483580 0.392932 5.9853 0.856299 0.096505 -0.013972
113800 -9250.62421946 1360.03925905 0.385499 5.9853 0.856299 0.096505 -0.051876
113900 -9242.59700436 1296.84275008 0.367586 5.9853 0.856299 0.096505 -0.038120
114000 -9261.37434992 1357.74675144 0.384849 5.9898 0.855414 0.094608 -0.040480
114100 -9263.90158608 1338.82234150 0.379485 5.9898 0.855414 0.094608 -0.037727
114200 -9262.66414889 1348.54366964 0.382240 5.9898 0.855414 0.094608 -0.021918
114300 -9253.77905937 1336.22255294 0.378748 5.9898 0.855414 0.094608 -0.016430
114400 -9232.33928637 1317.45270716 0.373428 5.9898 0.855414 0.094608 0.050146
114500 -9253.38141463 1335.62218348 0.378578 5.9881 0.857046 0.096189 0.006391
114600 -9255.22956691 1364.97970680 0.386899 5.9881 0.857046 0.096189 -0.027419
114700 -9236.03969057 1312.65195046 0.372067 5.9881 0.857046 0.096189 0.020251
114800 -9230.06239904 1327.26888449 0.376210 5.9881 0.857046 0.096189 0.024941
114900 -9258.19178646 1340.63111108 0.379997 5.9881 0.857046 0.096189 -0.012232
115000 -9243.17509909 1361.54775245 0.385926 5.9898 0.853086 0.096567 0.006528
115100 -9229.47957893 1392.09264281 0.394584 5.9898 0.853086 0.096567 0.038024
115200 -9276.06456868 1373.69600807 0.389370 5.9898 0.853086 0.096567 -0.074718
115300 -9260.14651333 1342.52613987 0.380535 5.9898 0.853086 0.096567 -0.036713
115400 -9250.49752639 1353.04345314 0.383516 5.9898 0.853086 0.096567 -0.016396
115500 -9248.80175518 1366.47829902 0.387324 5.9904 0.858576 0.094834 0.014669
115600 -9265.68437994 1385.98151194 0.392852 5.9904 0.858576 0.094834 -0.039712
115700 -9222.85643504 1334.19938818 0.378174 5.9904 0.858576 0.094834 0.036627
115800 -9221.04774998 1375.98065325 0.390017 5.9904 0.858576 0.094834 0.044010
115900 -9231.65616122 1389.90615467 0.393964 5.9904 0.858576 0.094834 0.008650
116000 -9231.17759257 1371.71164371 0.388807 5.9892 0.851348 0.096821 -0.001418
116100 -9219.43202094 1372.98742779 0.389169 5.9892 0.851348 0.096821 0.005909
116200 -9248.90812606 1355.49329885 0.384210 5.9892 0.851348 0.096821 -0.071199
116300 -9230.95608389 1367.51314349 0.387617 5.9892 0.851348 0.096821 -0.006136
116400 -9220.75946128 1320.80249373 0.374377 5.9892 0.851348 0.096821 -0.002444
116500 -9268.02103723 1310.56631300 0.371476 5.9909 0.857543 0.096100 -0.081531
116600 -9234.65633201 1315.04351269 0.372745 5.9909 0.857543 0.096100 0.007512
116700 -9258.21353335 1301.99440284 0.369046 5.9909 0.857543 0.096100 -0.024233
116800 -9249.47020207 1336.59380526 0.378853 5.9909 0.857543 0.096100 0.008165
116900 -9258.46162240 1331.93605600 0.377533 5.9909 0.857543 0.096100 -0.022571
117000 -9243.92885633 1369.71307407 0.388241 5.9904 0.853934 0.097288 0.026154
117100 -9228.00394103 1347.47244661 0.381937 5.9904 0.853934 0.097288 0.042189
117200 -9272.84021614 1368.28009840 0.387834 5.9904 0.853934 0.097288 -0.032615
117300 -9260.00134867 1346.21166804 0.381579 5.9904 0.853934 0.097288 -0.017837
117400 -9261.28364901 1344.83372913 0.381189 5.9904 0.853934 0.097288 -0.021500
117500 -9221.29730546 1363.24056732 0.386406 5.9802 0.849423 0.099074 0.086659
117600 -9206.78998117 1348.28229251 0.382166 5.9802 0.849423 0.099074 0.060520
117700 -9230.47936537 1367.34053998 0.387568 5.9802 0.849423 0.099074 0.026383
117800 -9196.65455027 1324.76474133 0.375500 5.9802 0.849423 0.099074 0.072651
117900 -9230.11631929 1374.68478866 0.389650 5.9802 0.849423 0.099074 -0.016341
118000 -9228.45567527 1366.11047366 0.387220 5.9887 0.852132 0.096189 0.001965
118100 -9237.91849488 1346.25632577 0.381592 5.9887 0.852132 0.096189 -0.027451
118200 -9222.90320905 1361.33174836 0.385865 5.9887 0.852132 0.096189 -0.005871
118300 -9226.72725707 1348.03572613 0.382096 5.9887 0.852132 0.096189 -0.010556
118400 -9206.24688861 1352.46684656 0.383352 5.9887 0.852132 0.096189 0.038124
118500 -9207.24550418 1329.52496322 0.376849 5.9819 0.851488 0.098263 0.034342
118600 -9241.53601378 1354.30836879 0.383874 5.9819 0.851488 0.098263 -0.054043
118700 -9231.03085858 1303.94369346 0.369599 5.9819 0.851488 0.098263 -0.016155
118800 -9256.28747651 1314.05056079 0.372463 5.9819 0.851488 0.098263 -0.046257
118900 -9231.26902425 1352.94803169 0.383489 5.9819 0.851488 0.098263 0.022337
119000 -9270.32629647 1323.32043171 0.375091 5.9915 0.860160 0.095036 -0.066665
119100 -9266.03165423 1320.82184177 0.374383 5.9915 0.860160 0.095036 -0.028795
119200 -9255.13688751 1330.16644542 0.377031 5.9915 0.860160 0.095036 0.004020
119300 -9263.53763790 1345.66394722 0.381424 5.9915 0.860160 0.095036 -0.017823
119400 -9240.29294324 1328.15427122 0.376461 5.9915 0.860160 0.095036 0.043061
119500 -9244.72545486 1365.14533509 0.386946 5.9881 0.852178 0.097257 0.020394
119600 -9221.41941539 1345.13690469 0.381275 5.9881 0.852178 0.097257 0.050563
119700 -9271.02299577 1352.44301008 0.383346 5.9881 0.852178 0.097257 -0.062147
119800 -9257.51261621 1312.21292665 0.371942 5.9881 0.852178 0.097257 -0.012242
119900 -9252.72548020 1366.52310798 0.387336 5.9881 0.852178 0.097257 0.008656
120000 -9227.87522536 1360.95186655 0.385757 5.9887 0.855553 0.096915 0.057075
120100 -9198.04120742 1326.34191790 0.375947 5.9887 0.855553 0.096915 0.096661
120200 -9221.63512033 1356.93074671 0.384618 5.9887 0.855553 0.096915 0.018601
120300 -9252.64159405 1350.82922689 0.382888 5.9887 0.855553 0.096915 -0.019695
120400 -9229.99266450 1321.44452162 0.374559 5.9887 0.855553 0.096915 0.011861
120500 -9245.78409602 1326.48583937 0.375988 5.9864 0.856074 0.096139 -0.015009
120600 -9236.29831206 1322.30217450 0.374802 5.9864 0.856074 0.096139 -0.003646
120700 -9273.27674535 1320.31302107 0.374238 5.9864 0.856074 0.096139 -0.060313
120800 -9250.89081590 1327.95754033 0.376405 5.9864 0.856074 0.096139 0.011730
120900 -9246.14792596 1329.07158951 0.376721 5.9864 0.856074 0.096139 0.017468
121000 -9260.00701616 1334.74513852 0.378329 5.9909 0.856616 0.095806 -0.023164
121100 -9276.19088611 1343.53470549 0.380820 5.9909 0.856616 0.095806 -0.050873
121200 -9251.58133883 1328.22664663 0.376481 5.9909 0.856616 0.095806 0.008401
121300 -9241.66440675 1315.32867806 0.372826 5.9909 0.856616 0.095806 0.013392
121400 -9247.38674252 1332.64032162 0.377733 5.9909 0.856616 0.095806 0.027335
121500 -9258.30768557 1354.97706366 0.384064 5.9875 0.851007 0.095802 -0.005249
121600 -9257.91832609 1303.18597312 0.369384 5.9875 0.851007 0.095802 -0.021622
121700 -9246.29058245 1351.79586151 0.383162 5.9875 0.851007 0.095802 0.033629
121800 -9258.29417467 1337.22589275 0.379032 5.9875 0.851007 0.095802 -0.005461
121900 -9237.46522790 1346.19327314 0.381574 5.9875 0.851007 0.095802 0.024923
122000 -9246.30490539 1346.25130019 0.381591 5.9864 0.854927 0.095654 0.017390
122100 -9262.35564032 1334.83198995 0.378354 5.9864 0.854927 0.095654 -0.025390
122200 -9272.43970643 1325.66556310 0.375756 5.9864 0.854927 0.095654 -0.029767
122300 -9233.02865700 1353.37402101 0.383609 5.9864 0.854927 0.095654 0.055513
122400 -9218.85619268 1350.56573201 0.382813 5.9864 0.854927 0.095654 0.076380
122500 -9239.90345693 1338.99518451 0.379534 5.9773 0.850630 0.098377 0.042457
122600 -9234.41184965 1332.76964434 0.377769 5.9773 0.850630 0.098377 0.012095
122700 -9241.40106215 1367.03894145 0.387483 5.9773 0.850630 0.098377 -0.006442
122800 -9242.17013548 1354.64415872 0.383969 5.9773 0.850630 0.098377 -0.005344
122900 -9247.84188620 1346.99661917 0.381802 5.9773 0.850630 0.098377 -0.033737
123000 -9238.58545735 1310.99081419 0.371596 5.9870 0.859325 0.095191 -0.009010
123100 -9243.70371778 1307.14934780 0.370507 5.9870 0.859325 0.095191 0.007378
123200 -9265.18514119 1345.39769275 0.381349 5.9870 0.859325 0.095191 -0.058103
123300 -9297.72050266 1328.35586372 0.376518 5.9870 0.859325 0.095191 -0.099222
123400 -9235.00314150 1315.07503662 0.372754 5.9870 0.859325 0.095191 0.054261
123500 -9231.24581326 1326.01071764 0.375853 5.9949 0.856432 0.095329 0.063118
123600 -9246.67572290 1326.58421960 0.376016 5.9949 0.856432 0.095329 0.021981
123700 -9254.94752163 1350.22207863 0.382716 5.9949 0.856432 0.095329 -0.006210
123800 -9256.76775080 1351.91307550 0.383195 5.9949 0.856432 0.095329 0.004880
123900 -9269.38406845 1337.79833931 0.379195 5.9949 0.856432 0.095329 -0.034420
124000 -9269.25856234 1334.15672614 0.378162 5.9904 0.854740 0.095511 -0.030176
124100 -9240.22894825 1355.67889691 0.384263 5.9904 0.854740 0.095511 0.026987
124200 -9246.69610847 1364.33168374 0.386715 5.9904 0.854740 0.095511 -0.016000
124300 -9228.65563548 1316.11193885 0.373048 5.9904 0.854740 0.095511 0.020564
124400 -9224.54107931 1300.97158021 0.368756 5.9904 0.854740 0.095511 0.042299
124500 -9260.66385500 1325.77085155 0.375785 5.9909 0.855365 0.095640 -0.036455
124600 -9290.39836891 1326.79753853 0.376076 5.9909 0.855365 0.095640 -0.091710
124700 -9264.45902783 1339.84821640 0.379776 5.9909 0.855365 0.095640 -0.014390
124800 -9238.68508607 1288.84744573 0.365320 5.9909 0.855365 0.095640 0.056655
124900 -9322.62484947 1334.78584234 0.378341 5.9909 0.855365 0.095640 -0.110462
125000 -9279.92427346 1312.41292972 0.371999 5.9881 0.855698 0.097747 -0.005759
125100 -9268.56953128 1310.44662872 0.371442 5.9881 0.855698 0.097747 0.015981
125200 -9257.70691699 1302.05659986 0.369064 5.9881 0.855698 0.097747 0.014024
125300 -9260.50981534 1340.78633563 0.380041 5.9881 0.855698 0.097747 0.025912
125400 -9256.55864379 1381.17440982 0.391489 5.9881 0.855698 0.097747 0.029579
125500 -9247.37929914 1331.14030525 0.377307 5.9881 0.849906 0.097995 0.030286
125600 -9264.55018817 1354.41127113 0.383903 5.9881 0.849906 0.097995 -0.001334
125700 -9239.40906834 1331.60555972 0.377439 5.9881 0.849906 0.097995 0.033140
125800 -9206.11677829 1304.92389203 0.369876 5.9881 0.849906 0.097995 0.086682
125900 -9245.56338225 1330.25050610 0.377055 5.9881 0.849906 0.097995 -0.010709
126000 -9294.12392520 1331.74185083 0.377478 5.9926 0.861171 0.093688 -0.084328
126100 -9243.24114345 1349.80750265 0.382598 5.9926 0.861171 0.093688 0.044958
126200 -9251.07789040 1302.84025413 0.369286 5.9926 0.861171 0.093688 0.005375
126300 -9250.84217417 1353.52030985 0.383651 5.9926 0.861171 0.093688 0.026673
126400 -9221.72864921 1286.65882841 0.364699 5.9926 0.861171 0.093688 0.063348
126500 -9257.99513036 1325.55411816 0.375724 5.9909 0.861540 0.094100 -0.008973
126600 -9297.06557980 1323.43841470 0.375124 5.9909 0.861540 0.094100 -0.085036
126700 -9263.66711705 1277.96202700 0.362234 5.9909 0.861540 0.094100 0.006876
126800 -9322.91361273 1311.03221140 0.371608 5.9909 0.861540 0.094100 -0.099796
126900 -9279.88806899 1296.01259863 0.367351 5.9909 0.861540 0.094100 0.027483
127000 -9268.10171167 1313.98533368 0.372445 5.9904 0.860565 0.094207 0.037693
127100 -9309.11052231 1326.68213406 0.376044 5.9904 0.860565 0.094207 -0.040921
127200 -9309.82873679 1325.03927317 0.375578 5.9904 0.860565 0.094207 -0.033479
127300 -9323.60798153 1337.94566290 0.379236 5.9904 0.860565 0.094207 -0.057475
127400 -9296.89023160 1321.37602509 0.374540 5.9904 0.860565 0.094207 0.002725
127500 -9281.95211702 1290.32041008 0.365737 5.9904 0.857754 0.094778 0.027871
127600 -9293.38896127 1293.90061579 0.366752 5.9904 0.857754 0.094778 -0.004132
127700 -9295.40289322 1329.94860321 0.376970 5.9904 0.857754 0.094778 0.007653
127800 -9291.88059509 1324.05961506 0.375300 5.9904 0.857754 0.094778 0.016805
127900 -9286.02455037 1309.30261351 0.371118 5.9904 0.857754 0.094778 0.038199
128000 -9277.45054172 1330.76871030 0.377202 5.9932 0.858715 0.093900 0.038804
128100 -9261.15517272 1333.52073950 0.377982 5.9932 0.858715 0.093900 0.067332
128200 -9268.88774085 1315.41165010 0.372849 5.9932 0.858715 0.093900 0.048664
128300 -9287.45136731 1310.04968648 0.371329 5.9932 0.858715 0.093900 -0.002887
128400 -9282.63535779 1282.35350500 0.363479 5.9932 0.858715 0.093900 0.013397
128500 -9264.15666556 1326.45312700 0.375979 5.9909 0.858312 0.094287 0.052368
128600 -9282.73193495 1329.34746641 0.376799 5.9909 0.858312 0.094287 0.000699
128700 -9282.55283557 1309.19444862 0.371087 5.9909 0.858312 0.094287 0.005922
128800 -9286.73300966 1341.65129116 0.380287 5.9909 0.858312 0.094287 -0.014504
128900 -9287.44546942 1348.07809157 0.382108 5.9909 0.858312 0.094287 0.008434
129000 -9266.56466885 1313.15039363 0.372208 5.9887 0.859549 0.095509 0.041570
129100 -9262.83290793 1334.93612995 0.378383 5.9887 0.859549 0.095509 0.040383
129200 -9261.43264780 1333.62393765 0.378011 5.9887 0.859549 0.095509 0.024812
129300 -9260.06210092 1347.58814155 0.381969 5.9887 0.859549 0.095509 0.035621
129400 -9244.68954397 1320.07009530 0.374170 5.9887 0.859549 0.095509 0.054107
129500 -9279.11517730 1353.95071801 0.383773 5.9932 0.859420 0.093157 -0.028160
129600 -9264.31643131 1305.41384446 0.370015 5.9932 0.859420 0.093157 0.007789
129700 -9290.01410188 1351.32818803 0.383030 5.9932 0.859420 0.093157 -0.029778
129800 -9271.77179727 1339.03469657 0.379545 5.9932 0.859420 0.093157 -0.012883
129900 -9259.03488517 1346.48530482 0.381657 5.9932 0.859420 0.093157 0.036164
130000 -9247.66200984 1341.74815918 0.380314 5.9847 0.855865 0.094575 0.038242
130100 -9274.68110977 1349.90897431 0.382627 5.9847 0.855865 0.094575 -0.019209
130200 -9274.03663895 1365.54240042 0.387059 5.9847 0.855865 0.094575 -0.025410
130300 -9285.02024786 1370.51310534 0.388467 5.9847 0.855865 0.094575 -0.037019
130400 -9289.86122058 1321.54738476 0.374588 5.9847 0.855865 0.094575 -0.055959
130500 -9267.63213795 1308.93757839 0.371014 5.9915 0.865204 0.093779 -0.017124
130600 -9284.76218980 1335.75629650 0.378616 5.9915 0.865204 0.093779 -0.018439
130700 -9260.33870630 1357.92385754 0.384899 5.9915 0.865204 0.093779 0.017806
130800 -9248.25621379 1303.61270045 0.369505 5.9915 0.865204 0.093779 0.028271
130900 -9282.79291962 1337.11480107 0.379001 5.9915 0.865204 0.093779 -0.026608
131000 -9279.01818945 1344.86090838 0.381196 5.9943 0.861401 0.094376 -0.017266
131100 -9240.38110519 1338.16826793 0.379299 5.9943 0.861401 0.094376 0.065687
131200 -9267.16051587 1350.17269013 0.382702 5.9943 0.861401 0.094376 -0.007770
131300 -9275.25326898 1342.13169101 0.380423 5.9943 0.861401 0.094376 -0.016595
131400 -9248.74350723 1306.83612769 0.370418 5.9943 0.861401 0.094376 0.030990
131500 -9261.06911864 1356.34115394 0.384450 5.9807 0.856425 0.098068 0.014448
131600 -9256.46039310 1354.67291604 0.383978 5.9807 0.856425 0.098068 0.016878
131700 -9263.69862118 1341.34267714 0.380199 5.9807 0.856425 0.098068 -0.028654
131800 -9231.53756706 1329.67716825 0.376893 5.9807 0.856425 0.098068 0.027394
131900 -9246.18608102 1336.39321238 0.378796 5.9807 0.856425 0.098068 -0.005331
132000 -9226.63187423 1341.23877640 0.380170 5.9819 0.852723 0.098226 0.033866
132100 -9245.50156046 1351.80577181 0.383165 5.9819 0.852723 0.098226 -0.014480
132200 -9242.87779688 1354.12283093 0.383822 5.9819 0.852723 0.098226 -0.016406
132300 -9229.19972508 1331.94224316 0.377535 5.9819 0.852723 0.098226 0.009853
132400 -9257.94230384 1347.89854302 0.382057 5.9819 0.852723 0.098226 -0.042408
132500 -9301.01378579 1354.14140152 0.383827 5.9921 0.860933 0.093840 -0.118183
132600 -9243.52430380 1354.73511963 0.383995 5.9921 0.860933 0.093840 0.028554
132700 -9244.83069284 1319.13487591 0.373904 5.9921 0.860933 0.093840 0.018022
132800 -9254.37459676 1302.18128752 0.369099 5.9921 0.860933 0.093840 -0.002973
132900 -9247.71794901 1340.71358027 0.380021 5.9921 0.860933 0.093840 0.025026
133000 -9240.75754472 1327.60651604 0.376306 5.9932 0.855540 0.095691 0.019350
133100 -9263.81865754 1337.12883170 0.379005 5.9932 0.855540 0.095691 -0.010604
133200 -9264.98851980 1338.82186105 0.379485 5.9932 0.855540 0.095691 0.006876
133300 -9259.26771249 1312.48810416 0.372020 5.9932 0.855540 0.095691 -0.005053
133400 -9294.46440598 1364.20789203 0.386680 5.9932 0.855540 0.095691 -0.062477
133500 -9268.61756797 1316.79127656 0.373240 5.9864 0.856545 0.095711 0.001724
133600 -9285.55769749 1324.04550105 0.375296 5.9864 0.856545 0.095711 -0.020140
133700 -9266.39572633 1329.86544761 0.376946 5.9864 0.856545 0.095711 0.013364
133800 -9241.68119056 1329.21855907 0.376763 5.9864 0.856545 0.095711 0.049878
133900 -9256.82073550 1321.18691777 0.374486 5.9864 0.856545 0.095711 0.019035
134000 -9291.19030775 1344.22234244 0.381015 5.9870 0.858739 0.095326 -0.070755
134100 -9254.02934929 1350.05089005 0.382667 5.9870 0.858739 0.095326 0.019409
134200 -9250.63998855 1341.28101723 0.380182 5.9870 0.858739 0.095326 0.030824
134300 -9257.96139453 1297.88625032 0.367882 5.9870 0.858739 0.095326 0.003659
134400 -9248.71751789 1298.86531334 0.368159 5.9870 0.858739 0.095326 0.036233
134500 -9266.93894948 1317.48632564 0.373437 5.9887 0.861138 0.094568 0.015806
134600 -9242.35490616 1339.21303145 0.379596 5.9887 0.861138 0.094568 0.045362
134700 -9257.07458995 1304.16446309 0.369661 5.9887 0.861138 0.094568 0.010560
134800 -9263.59249774 1375.55175501 0.389896 5.9887 0.861138 0.094568 0.006705
134900 -9259.65906046 1342.34290238 0.380483 5.9887 0.861138 0.094568 0.006939
135000 -9255.93126364 1359.41213598 0.385321 5.9864 0.860586 0.095817 0.008226
135100 -9228.64114921 1343.27957475 0.380748 5.9864 0.860586 0.095817 0.044221
135200 -9261.02008250 1373.53406823 0.389324 5.9864 0.860586 0.095817 -0.031092
135300 -9244.01459070 1345.10954590 0.381267 5.9864 0.860586 0.095817 -0.007641
135400 -9217.16394818 1330.24336268 0.377053 5.9864 0.860586 0.095817 0.033616
135500 -9226.80450920 1320.90493525 0.374406 5.9926 0.848883 0.096796 0.027643
135600 -9274.77099907 1354.89819174 0.384041 5.9926 0.848883 0.096796 -0.052377
135700 -9275.32711998 1361.32899725 0.385864 5.9926 0.848883 0.096796 -0.034214
135800 -9266.42961860 1320.54085092 0.374303 5.9926 0.848883 0.096796 -0.025839
135900 -9280.24849752 1320.83944475 0.374388 5.9926 0.848883 0.096796 -0.055882
136000 -9278.68472350 1356.50922172 0.384498 5.9875 0.856838 0.095693 -0.022017
136100 -9234.92180798 1302.62235189 0.369224 5.9875 0.856838 0.095693 0.055319
136200 -9247.02478226 1341.50653260 0.380246 5.9875 0.856838 0.095693 0.023912
136300 -9223.03760361 1320.50164111 0.374292 5.9875 0.856838 0.095693 0.073103
136400 -9233.61634536 1342.53436517 0.380537 5.9875 0.856838 0.095693 0.044244
136500 -9224.44267193 1323.52513923 0.375149 5.9864 0.851457 0.097994 0.045382
136600 -9242.25008310 1304.37866816 0.369722 5.9864 0.851457 0.097994 0.001701
136700 -9267.90212354 1312.14983600 0.371925 5.9864 0.851457 0.097994 -0.040260
136800 -9272.06826671 1305.10518902 0.369928 5.9864 0.851457 0.097994 -0.039006
136900 -9254.35259485 1341.24230450 0.380171 5.9864 0.851457 0.097994 0.002107
137000 -9249.91758857 1311.34964035 0.371698 5.9915 0.858291 0.094785 0.014888
137100 -9281.92905367 1351.96271745 0.383209 5.9915 0.858291 0.094785 -0.032175
137200 -9256.22320731 1375.76380694 0.389956 5.9915 0.858291 0.094785 0.018134
137300 -9267.35442742 1344.58248581 0.381117 5.9915 0.858291 0.094785 -0.028949
137400 -9262.05006691 1335.15154127 0.378444 5.9915 0.858291 0.094785 0.000589
137500 -9271.67802570 1337.95566135 0.379239 5.9898 0.861460 0.095224 -0.045462
137600 -9257.62893349 1369.34594387 0.388137 5.9898 0.861460 0.095224 0.009101
137700 -9228.55038908 1341.18539114 0.380155 5.9898 0.861460 0.095224 0.047056
137800 -9242.38847393 1358.85446581 0.385163 5.9898 0.861460 0.095224 0.003885
137900 -9242.48690526 1334.32765795 0.378211 5.9898 0.861460 0.095224 0.014498
138000 -9235.88970942 1350.11915787 0.382687 5.9898 0.855538 0.096648 0.023043
138100 -9273.63363143 1364.55732529 0.386779 5.9898 0.855538 0.096648 -0.046750
138200 -9228.76701969 1327.03015224 0.376142 5.9898 0.855538 0.096648 0.029764
138300 -9227.43484302 1346.37895982 0.381627 5.9898 0.855538 0.096648 0.024650
138400 -9219.89839937 1336.98694544 0.378965 5.9898 0.855538 0.096648 0.034689
138500 -9204.88019086 1332.47375506 0.377685 5.9858 0.851075 0.097557 0.041829
138600 -9218.15975043 1363.42705715 0.386459 5.9858 0.851075 0.097557 0.019400
138700 -9218.28754612 1335.57348257 0.378564 5.9858 0.851075 0.097557 0.008641
138800 -9234.95612012 1365.89246543 0.387158 5.9858 0.851075 0.097557 -0.017763
138900 -9234.66317946 1381.04085462 0.391451 5.9858 0.851075 0.097557 -0.023557
139000 -9215.57098988 1364.96272059 0.386894 5.9898 0.853868 0.096568 0.018788
139100 -9223.85140837 1352.86779328 0.383466 5.9898 0.853868 0.096568 -0.000762
139200 -9219.75373536 1352.04750076 0.383233 5.9898 0.853868 0.096568 0.006527
139300 -9228.18760453 1301.29927772 0.368849 5.9898 0.853868 0.096568 -0.010362
139400 -9263.33039310 1340.23336208 0.379885 5.9898 0.853868 0.096568 -0.055221
139500 -9242.81910623 1355.41584017 0.384188 5.9932 0.856141 0.094752 -0.019260
139600 -9207.46606189 1333.54827461 0.377990 5.9932 0.856141 0.094752 0.080575
139700 -9241.89412219 1338.01085019 0.379255 5.9932 0.856141 0.094752 0.001628
139800 -9245.12395969 1321.69126240 0.374629 5.9932 0.856141 0.094752 -0.029361
139900 -9234.09715657 1342.35473482 0.380486 5.9932 0.856141 0.094752 0.018975
140000 -9207.92914024 1345.70031931 0.381434 5.9892 0.854931 0.096544 0.041728
140100 -9246.40158792 1355.40029843 0.384184 5.9892 0.854931 0.096544 -0.042627
140200 -9251.72004387 1406.13188532 0.398563 5.9892 0.854931 0.096544 -0.028994
140300 -9262.91316461 1353.03732821 0.383514 5.9892 0.854931 0.096544 -0.060657
140400 -9245.91797135 1359.50433641 0.385347 5.9892 0.854931 0.096544 -0.005487
140500 -9227.04986190 1359.90356349 0.385460 5.9858 0.853040 0.097070 0.020980
140600 -9230.69758517 1335.79056731 0.378625 5.9858 0.853040 0.097070 -0.004942
140700 -9228.92643040 1332.14674402 0.377593 5.9858 0.853040 0.097070 -0.011630
140800 -9222.14382658 1313.93154343 0.372430 5.9858 0.853040 0.097070 0.006189
140900 -9199.56965520 1327.15357017 0.376177 5.9858 0.853040 0.097070 0.054827
141000 -9221.45336093 1378.39881447 0.390703 5.9904 0.855325 0.096008 0.005821
141100 -9203.61227263 1368.09289165 0.387781 5.9904 0.855325 0.096008 0.044556
141200 -9246.32789372 1362.33877036 0.386150 5.9904 0.855325 0.096008 -0.065637
141300 -9226.24444863 1345.32199455 0.381327 5.9904 0.855325 0.096008 -0.013546
141400 -9240.49249778 1362.42395553 0.386175 5.9904 0.855325 0.096008 -0.065038
141500 -9213.22173305 1374.35612000 0.389557 5.9813 0.849579 0.099972 0.014910
141600 -9199.51451061 1348.33901156 0.382182 5.9813 0.849579 0.099972 0.029787
141700 -9208.24620943 1385.19424831 0.392629 5.9813 0.849579 0.099972 0.000926
141800 -9230.96066825 1369.64617055 0.388222 5.9813 0.849579 0.099972 -0.055938
141900 -9236.60935053 1317.84958851 0.373540 5.9813 0.849579 0.099972 -0.051537
142000 -9259.69671195 1332.96243690 0.377824 5.9904 0.852488 0.098674 -0.072878
142100 -9253.97944068 1336.86502759 0.378930 5.9904 0.852488 0.098674 -0.056508
142200 -9258.29264626 1312.58406271 0.372048 5.9904 0.852488 0.098674 -0.054014
142300 -9276.72403237 1373.13271275 0.389210 5.9904 0.852488 0.098674 -0.072459
142400 -9222.04139537 1339.80306355 0.379763 5.9904 0.852488 0.098674 0.049375
142500 -9257.09254999 1352.56287141 0.383379 5.9904 0.856723 0.095157 -0.038939
142600 -9276.49535524 1367.34926759 0.387571 5.9904 0.856723 0.095157 -0.066893
142700 -9263.92572310 1366.61292089 0.387362 5.9904 0.856723 0.095157 -0.031112
142800 -9245.66886698 1356.26279334 0.384428 5.9904 0.856723 0.095157 0.015430
142900 -9259.22545500 1362.04448033 0.386067 5.9904 0.856723 0.095157 -0.027280
143000 -9269.83792550 1344.15122090 0.380995 5.9892 0.862374 0.093242 -0.067119
143100 -9264.13288545 1348.02958450 0.382095 5.9892 0.862374 0.093242 -0.025523
143200 -9266.57219418 1335.13132808 0.378439 5.9892 0.862374 0.093242 -0.035276
143300 -9248.90487805 1322.46826117 0.374849 5.9892 0.862374 0.093242 -0.006244
143400 -9251.56959784 1368.56779552 0.387916 5.9892 0.862374 0.093242 0.020246
143500 -9231.58891055 1383.40775726 0.392122 5.9921 0.849743 0.096174 0.037033
143600 -9213.68694935 1347.90920276 0.382060 5.9921 0.849743 0.096174 0.028844
143700 -9254.52029438 1383.81732705 0.392238 5.9921 0.849743 0.096174 -0.040272
143800 -9216.36833735 1362.43462636 0.386178 5.9921 0.849743 0.096174 0.037493
143900 -9253.12139027 1337.38965410 0.379079 5.9921 0.849743 0.096174 -0.052604
144000 -9250.01874866 1358.70939139 0.385122 5.9870 0.851648 0.096861 -0.048751
144100 -9210.48026281 1335.84321259 0.378640 5.9870 0.851648 0.096861 0.016045
144200 -9216.21480486 1372.64954133 0.389073 5.9870 0.851648 0.096861 0.024069
144300 -9196.10616085 1327.94037954 0.376400 5.9870 0.851648 0.096861 0.049257
144400 -9243.29208042 1328.08919041 0.376443 5.9870 0.851648 0.096861 -0.044144
144500 -9258.41196295 1357.50203049 0.384779 5.9864 0.854549 0.097105 -0.061008
144600 -9237.32027820 1362.08114828 0.386077 5.9864 0.854549 0.097105 -0.007808
144700 -9195.73839178 1316.99888328 0.373299 5.9864 0.854549 0.097105 0.086327
144800 -9228.42750023 1340.99494303 0.380101 5.9864 0.854549 0.097105 -0.009745
144900 -9225.58000588 1346.41999108 0.381638 5.9864 0.854549 0.097105 0.001351
145000 -9240.27883426 1343.44061410 0.380794 5.9915 0.854611 0.094759 -0.041109
145100 -9258.40326034 1356.35398016 0.384454 5.9915 0.854611 0.094759 -0.070480
145200 -9232.61354741 1314.85375160 0.372691 5.9915 0.854611 0.094759 0.010108
145300 -9229.54227530 1331.60434362 0.377439 5.9915 0.854611 0.094759 -0.009735
145400 -9219.60689849 1322.21709948 0.374778 5.9915 0.854611 0.094759 0.042298
145500 -9232.56244216 1296.79893108 0.367573 5.9926 0.855005 0.096111 0.010006
145600 -9237.45267454 1297.51063382 0.367775 5.9926 0.855005 0.096111 0.016686
145700 -9256.61320139 1304.64696444 0.369798 5.9926 0.855005 0.096111 -0.024495
145800 -9289.13606481 1339.41361098 0.379652 5.9926 0.855005 0.096111 -0.068793
145900 -9246.54797563 1312.56213865 0.372041 5.9926 0.855005 0.096111 0.021350
146000 -9296.26323025 1319.40408012 0.373981 5.9875 0.862527 0.094183 -0.052423
146100 -9276.94963873 1334.47200599 0.378252 5.9875 0.862527 0.094183 -0.003916
146200 -9277.79116109 1314.75720176 0.372664 5.9875 0.862527 0.094183 0.002601
146300 -9275.38238135 1305.48140259 0.370034 5.9875 0.862527 0.094183 0.013956
146400 -9270.50941914 1305.19293990 0.369953 5.9875 0.862527 0.094183 0.014409
146500 -9286.67794738 1329.86749155 0.376947 5.9921 0.862665 0.092848 0.000975
146600 -9265.31128058 1290.68725839 0.365841 5.9921 0.862665 0.092848 0.027757
146700 -9284.44087625 1337.30198779 0.379054 5.9921 0.862665 0.092848 0.006699
146800 -9288.09238154 1338.85582267 0.379494 5.9921 0.862665 0.092848 -0.003640
146900 -9288.66455898 1372.59891265 0.389059 5.9921 0.862665 0.092848 0.005749
147000 -9262.72663441 1361.64837947 0.385955 5.9881 0.857985 0.095269 0.050008
147100 -9248.39867747 1331.35851788 0.377369 5.9881 0.857985 0.095269 0.062501
147200 -9250.27218034 1316.80734103 0.373245 5.9881 0.857985 0.095269 0.028353
147300 -9270.77902310 1364.68653640 0.386816 5.9881 0.857985 0.095269 -0.009941
147400 -9291.42742863 1386.22475820 0.392921 5.9881 0.857985 0.095269 -0.041733
147500 -9242.39325199 1326.97660414 0.376127 5.9864 0.854510 0.095833 0.040239
147600 -9224.02499021 1319.10710454 0.373897 5.9864 0.854510 0.095833 0.069492
147700 -9233.29412555 1318.75979877 0.373798 5.9864 0.854510 0.095833 0.019976
147800 -9278.32998816 1342.85205157 0.380627 5.9864 0.854510 0.095833 -0.068315
147900 -9266.38181076 1328.57123885 0.376579 5.9864 0.854510 0.095833 -0.046870
148000 -9274.80551799 1318.33108789 0.373677 5.9921 0.856738 0.095157 -0.047704
148100 -9292.77716475 1330.64404908 0.377167 5.9921 0.856738 0.095157 -0.046140
148200 -9290.61464532 1334.32781300 0.378211 5.9921 0.856738 0.095157 -0.024742
148300 -9308.45972604 1352.38047326 0.383328 5.9921 0.856738 0.095157 -0.068415
148400 -9296.69405899 1321.05900360 0.374450 5.9921 0.856738 0.095157 -0.050688
148500 -9269.03684454 1305.20862829 0.369957 5.9921 0.858778 0.094934 -0.003722
148600 -9288.50466967 1318.08133753 0.373606 5.9921 0.858778 0.094934 -0.008767
148700 -9258.37343002 1315.63988159 0.372914 5.9921 0.858778 0.094934 0.051398
148800 -9267.60354062 1342.20509778 0.380444 5.9921 0.858778 0.094934 0.022393
148900 -9263.46918056 1326.94140605 0.376117 5.9921 0.858778 0.094934 0.017872
149000 -9223.18821597 1314.18856054 0.372502 5.9898 0.853765 0.096584 0.113946
149100 -9272.17683399 1354.38562129 0.383896 5.9898 0.853765 0.096584 -0.020559
149200 -9283.01945682 1338.53375358 0.379403 5.9898 0.853765 0.096584 -0.025923
149300 -9274.30535694 1349.92497377 0.382632 5.9898 0.853765 0.096584 -0.019220
149400 -9249.16348143 1349.10661025 0.382400 5.9898 0.853765 0.096584 0.044435
149500 -9248.07922763 1338.00709295 0.379254 5.9875 0.858207 0.095857 0.025301
149600 -9273.21828841 1365.92674988 0.387167 5.9875 0.858207 0.095857 -0.036549
149700 -9225.61672437 1357.36051776 0.384739 5.9875 0.858207 0.095857 0.051046
149800 -9233.96522204 1382.88289079 0.391974 5.9875 0.858207 0.095857 0.025234
149900 -9244.14403185 1354.23564495 0.383854 5.9875 0.858207 0.095857 -0.035901
150000 -9246.10192502 1343.18929451 0.380723 5.9858 0.857283 0.095934 -0.020589
150100 -9232.51177427 1312.96662487 0.372156 5.9858 0.857283 0.095934 -0.000912
150200 -9252.42086276 1362.53244689 0.386205 5.9858 0.857283 0.095934 -0.025599
150300 -9240.12456598 1345.57544036 0.381399 5.9858 0.857283 0.095934 -0.007937
150400 -9215.91567842 1313.53626655 0.372318 5.9858 0.857283 0.095934 0.031667
150500 -9209.38858436 1352.09828670 0.383248 5.9870 0.850766 0.098533 0.046004
150600 -9239.07099434 1351.39404406 0.383048 5.9870 0.850766 0.098533 -0.009470
150700 -9240.18793885 1295.27822015 0.367142 5.9870 0.850766 0.098533 -0.011102
150800 -9256.52502998 1308.93792480 0.371014 5.9870 0.850766 0.098533 -0.036276
150900 -9271.87815787 1332.05356081 0.377566 5.9870 0.850766 0.098533 -0.029736
151000 -9253.55473936 1334.34140925 0.378215 5.9875 0.854080 0.095208 0.008392
151100 -9249.08554878 1321.98865149 0.374713 5.9875 0.854080 0.095208 0.001226
151200 -9271.29735139 1319.00610108 0.373868 5.9875 0.854080 0.095208 -0.033363
151300 -9275.22561532 1315.75545887 0.372947 5.9875 0.854080 0.095208 -0.020929
151400 -9278.13922077 1332.62557344 0.377728 5.9875 0.854080 0.095208 -0.028456
151500 -9264.36396403 1314.32196579 0.372540 5.9819 0.852640 0.095606 0.001948
151600 -9293.53415325 1326.87880741 0.376099 5.9819 0.852640 0.095606 -0.057533
151700 -9300.54714873 1324.15543573 0.375328 5.9819 0.852640 0.095606 -0.041299
151800 -9294.23298076 1300.94884297 0.368750 5.9819 0.852640 0.095606 -0.034521
151900 -9282.72227285 1298.09312552 0.367940 5.9819 0.852640 0.095606 0.007104
152000 -9229.83707608 1284.02807345 0.363954 5.9875 0.852021 0.096190 0.133273
152100 -9285.57479680 1327.82314767 0.376367 5.9875 0.852021 0.096190 -0.010817
152200 -9233.61069367 1322.78350663 0.374939 5.9875 0.852021 0.096190 0.101661
152300 -9260.18800893 1313.80899941 0.372395 5.9875 0.852021 0.096190 0.034935
152400 -9239.73878509 1299.39521053 0.368309 5.9875 0.852021 0.096190 0.073600
152500 -9268.71865253 1345.39399909 0.381348 5.9898 0.854944 0.096220 -0.012795
152600 -9232.61225197 1329.58736619 0.376867 5.9898 0.854944 0.096220 0.061359
152700 -9226.36985783 1337.61087021 0.379141 5.9898 0.854944 0.096220 0.063265
152800 -9230.68539124 1344.29358826 0.381036 5.9898 0.854944 0.096220 0.045457
152900 -9249.94124044 1345.12955230 0.381273 5.9898 0.854944 0.096220 -0.014207
153000 -9245.96352816 1334.64277359 0.378300 5.9898 0.859764 0.096228 -0.011754
153100 -9230.12754707 1335.79201033 0.378626 5.9898 0.859764 0.096228 0.042613
153200 -9256.29644664 1367.30662949 0.387559 5.9898 0.859764 0.096228 -0.015905
153300 -9241.78605970 1339.61938764 0.379711 5.9898 0.859764 0.096228 -0.008130
153400 -9260.94146559 1351.83265899 0.383173 5.9898 0.859764 0.096228 -0.044050
153500 -9227.16489739 1331.49379364 0.377408 5.9898 0.856584 0.095861 0.027478
153600 -9207.02166483 1322.62874997 0.374895 5.9898 0.856584 0.095861 0.087546
153700 -9256.75713551 1344.49451793 0.381093 5.9898 0.856584 0.095861 -0.035844
153800 -9245.91549229 1345.09705253 0.381263 5.9898 0.856584 0.095861 -0.000038
153900 -9248.77580109 1321.35831504 0.374535 5.9898 0.856584 0.095861 -0.001554
154000 -9256.31201321 1330.54511462 0.377139 5.9875 0.859198 0.094261 -0.017323
154100 -9269.30008490 1335.76410137 0.378618 5.9875 0.859198 0.094261 -0.042407
154200 -9250.69449245 1383.75074724 0.392220 5.9875 0.859198 0.094261 0.013668
154300 -9252.92550230 1371.70368799 0.388805 5.9875 0.859198 0.094261 -0.016554
154400 -9238.59776162 1344.12545722 0.380988 5.9875 0.859198 0.094261 0.016379
154500 -9250.53196350 1328.79521172 0.376643 5.9875 0.859309 0.093566 -0.017934
154600 -9262.08948770 1353.05689368 0.383520 5.9875 0.859309 0.093566 -0.012370
154700 -9288.05314539 1361.73774721 0.385980 5.9875 0.859309 0.093566 -0.085689
154800 -9250.66518716 1351.87669443 0.383185 5.9875 0.859309 0.093566 0.009327
154900 -9239.21537776 1314.76046296 0.372665 5.9875 0.859309 0.093566 0.006834
155000 -9280.67174014 1341.60336597 0.380273 5.9926 0.856437 0.095465 -0.070199
155100 -9268.54029032 1340.86570388 0.380064 5.9926 0.856437 0.095465 -0.031790
155200 -9295.26993920 1283.67112510 0.363852 5.9926 0.856437 0.095465 -0.078324
155300 -9249.26166425 1297.16438485 0.367677 5.9926 0.856437 0.095465 0.037799
155400 -9284.80625676 1323.81661649 0.375231 5.9926 0.856437 0.095465 -0.039832
155500 -9257.93369337 1334.33580399 0.378213 5.9921 0.859205 0.095215 0.032537
155600 -9239.00805705 1318.53559919 0.373735 5.9921 0.859205 0.095215 0.056366
155700 -9274.26738825 1333.08472477 0.377858 5.9921 0.859205 0.095215 -0.029305
155800 -9281.70149050 1334.97141525 0.378393 5.9921 0.859205 0.095215 -0.031149
155900 -9239.67302461 1348.14962085 0.382129 5.9921 0.859205 0.095215 0.059934
156000 -9242.51569649 1342.14879337 0.380428 5.9887 0.855349 0.096457 0.026551
156100 -9238.31428638 1370.91363692 0.388581 5.9887 0.855349 0.096457 0.040310
156200 -9272.60085656 1374.99116202 0.389737 5.9887 0.855349 0.096457 -0.054521
156300 -9272.60547048 1346.82569026 0.381753 5.9887 0.855349 0.096457 -0.051227
156400 -9237.35654106 1363.24686091 0.386408 5.9887 0.855349 0.096457 0.029341
156500 -9213.79644587 1336.70276476 0.378884 5.9847 0.852857 0.097800 0.080610
156600 -9259.30394605 1337.26170892 0.379042 5.9847 0.852857 0.097800 -0.032479
156700 -9236.06115420 1346.98186241 0.381798 5.9847 0.852857 0.097800 0.024179
156800 -9267.64839718 1370.49638491 0.388463 5.9847 0.852857 0.097800 -0.029448
156900 -9195.18161571 1350.42769627 0.382774 5.9847 0.852857 0.097800 0.100683
157000 -9228.74128827 1355.35121329 0.384170 5.9853 0.848708 0.097399 -0.000191
157100 -9201.66738249 1356.81445246 0.384585 5.9853 0.848708 0.097399 0.040028
157200 -9223.15105188 1339.29587850 0.379619 5.9853 0.848708 0.097399 -0.008650
157300 -9238.64668785 1303.40040404 0.369445 5.9853 0.848708 0.097399 -0.028398
157400 -9260.28994717 1334.19515287 0.378173 5.9853 0.848708 0.097399 -0.063336
157500 -9229.18815811 1312.22510008 0.371946 5.9921 0.857051 0.095982 0.036314
157600 -9260.59525245 1347.56944829 0.381964 5.9921 0.857051 0.095982 -0.011925
157700 -9290.67582048 1328.87164301 0.376664 5.9921 0.857051 0.095982 -0.082006
157800 -9274.84227981 1305.17511785 0.369948 5.9921 0.857051 0.095982 -0.027816
157900 -9265.75810772 1365.91170470 0.387163 5.9921 0.857051 0.095982 0.009057
158000 -9263.77910572 1348.43695865 0.382210 5.9932 0.858999 0.094697 -0.032499
158100 -9288.95272585 1298.78094933 0.368135 5.9932 0.858999 0.094697 -0.061092
158200 -9261.74424104 1304.04898016 0.369628 5.9932 0.858999 0.094697 0.019653
158300 -9290.01277099 1351.05080785 0.382951 5.9932 0.858999 0.094697 -0.024608
158400 -9272.25270931 1299.37284628 0.368303 5.9932 0.858999 0.094697 0.007855
158500 -9303.98917319 1317.05562589 0.373315 5.9864 0.862921 0.093368 -0.054070
158600 -9257.20080744 1300.15864234 0.368526 5.9864 0.862921 0.093368 0.068945
158700 -9299.50497268 1334.19680210 0.378174 5.9864 0.862921 0.093368 -0.041536
158800 -9294.57310856 1286.21753433 0.364574 5.9864 0.862921 0.093368 -0.020387
158900 -9304.22336183 1333.88952371 0.378087 5.9864 0.862921 0.093368 -0.019415
159000 -9260.84409423 1338.84729422 0.379492 5.9853 0.852732 0.096853 0.069792
159100 -9300.04523756 1349.26306130 0.382444 5.9853 0.852732 0.096853 -0.029142
159200 -9297.12380156 1316.75560083 0.373230 5.9853 0.852732 0.096853 -0.026879
159300 -9247.27691348 1306.88486487 0.370432 5.9853 0.852732 0.096853 0.053893
159400 -9294.27105439 1349.37852119 0.382477 5.9853 0.852732 0.096853 -0.026679
159500 -9261.36421404 1342.94014785 0.380652 5.9853 0.856650 0.096550 0.033461
159600 -9231.02970599 1357.64361513 0.384820 5.9853 0.856650 0.096550 0.061866
159700 -9267.12478893 1330.71161734 0.377186 5.9853 0.856650 0.096550 -0.023904
159800 -9252.47866240 1309.50009652 0.371173 5.9853 0.856650 0.096550 0.007467
159900 -9315.44396052 1367.84204060 0.387710 5.9853 0.856650 0.096550 -0.115875
160000 -9253.93223791 1344.44463560 0.381078 5.9892 0.853748 0.096030 0.011033
160100 -9285.32496722 1337.23844292 0.379036 5.9892 0.853748 0.096030 -0.055911
160200 -9279.05465812 1306.19709840 0.370237 5.9892 0.853748 0.096030 -0.016143
160300 -9279.88128431 1310.79976711 0.371542 5.9892 0.853748 0.096030 -0.005223
160400 -9270.76136236 1317.59623665 0.373468 5.9892 0.853748 0.096030 0.019574
160500 -9277.80182237 1348.59718953 0.382255 5.9938 0.857554 0.094178 0.000327
160600 -9263.61406620 1313.00164224 0.372166 5.9938 0.857554 0.094178 0.015031
160700 -9266.44809616 1319.56315341 0.374026 5.9938 0.857554 0.094178 0.005915
160800 -9275.39609163 1329.03325207 0.376710 5.9938 0.857554 0.094178 -0.000608
160900 -9275.34099549 1373.75354628 0.389386 5.9938 0.857554 0.094178 -0.004785
161000 -9268.03484493 1335.54778582 0.378557 5.9943 0.859427 0.093189 -0.000318
161100 -9261.53742828 1335.02781958 0.378409 5.9943 0.859427 0.093189 0.023080
161200 -9248.50022639 1336.23455638 0.378751 5.9943 0.859427 0.093189 0.014406
161300 -9281.64995350 1343.28671922 0.380750 5.9943 0.859427 0.093189 -0.021428
161400 -9310.94455118 1324.32429266 0.375375 5.9943 0.859427 0.093189 -0.101010
161500 -9287.41925373 1335.89297200 0.378654 5.9932 0.859980 0.094382 -0.021052
161600 -9261.19178468 1322.77518077 0.374936 5.9932 0.859980 0.094382 0.025695
161700 -9239.97369162 1314.63077485 0.372628 5.9932 0.859980 0.094382 0.068349
161800 -9224.06062319 1359.79149270 0.385428 5.9932 0.859980 0.094382 0.106049
161900 -9215.53710833 1364.36917595 0.386726 5.9932 0.859980 0.094382 0.087162
162000 -9209.67667987 1370.91506041 0.388581 5.9853 0.847101 0.098306 0.076395
162100 -9199.33588744 1365.58007459 0.387069 5.9853 0.847101 0.098306 0.062037
162200 -9218.80244415 1369.02488952 0.388046 5.9853 0.847101 0.098306 0.020526
162300 -9225.43424890 1367.59709508 0.387641 5.9853 0.847101 0.098306 -0.016356
162400 -9240.05130313 1354.84259274 0.384026 5.9853 0.847101 0.098306 -0.027958
162500 -9215.85771907 1337.53299882 0.379119 5.9892 0.850329 0.097111 0.008866
162600 -9225.33998249 1316.35951031 0.373118 5.9892 0.850329 0.097111 -0.013737
162700 -9221.66021715 1346.26516134 0.381594 5.9892 0.850329 0.097111 0.033402
162800 -9222.78231479 1393.58019650 0.395006 5.9892 0.850329 0.097111 0.014830
162900 -9207.11245970 1390.72684999 0.394197 5.9892 0.850329 0.097111 0.023003
163000 -9234.88465717 1339.80587671 0.379764 5.9881 0.852724 0.095999 -0.041957
163100 -9249.01570370 1354.00242376 0.383788 5.9881 0.852724 0.095999 -0.041085
163200 -9244.31118670 1321.52294238 0.374581 5.9881 0.852724 0.095999 -0.041695
163300 -9272.24211106 1371.11096658 0.388637 5.9881 0.852724 0.095999 -0.090598
163400 -9228.72552356 1286.46596469 0.364645 5.9881 0.852724 0.095999 -0.007624
163500 -9269.43294411 1348.55330947 0.382243 5.9909 0.860844 0.094794 -0.059280
163600 -9279.38411364 1359.36693379 0.385308 5.9909 0.860844 0.094794 -0.059140
163700 -9296.27311465 1322.26822163 0.374793 5.9909 0.860844 0.094794 -0.101169
163800 -9253.92635330 1336.28141157 0.378765 5.9909 0.860844 0.094794 0.016507
163900 -9229.37783484 1336.62954708 0.378863 5.9909 0.860844 0.094794 0.050252
164000 -9225.08660129 1320.43849856 0.374274 5.9898 0.853498 0.098488 0.051343
164100 -9227.50349878 1369.92464266 0.388301 5.9898 0.853498 0.098488 0.036616
164200 -9218.49262863 1344.33692720 0.381048 5.9898 0.853498 0.098488 0.021360
164300 -9214.80317188 1334.13648745 0.378157 5.9898 0.853498 0.098488 0.044324
164400 -9251.14949854 1345.57016231 0.381397 5.9898 0.853498 0.098488 -0.022763
164500 -9228.97301733 1332.22434274 0.377615 5.9836 0.854542 0.095183 0.032028
164600 -9217.46853920 1345.93071505 0.381500 5.9836 0.854542 0.095183 0.030761
164700 -9219.62323611 1325.13670694 0.375606 5.9836 0.854542 0.095183 0.008957
164800 -9240.31235195 1307.38573960 0.370574 5.9836 0.854542 0.095183 -0.003413
164900 -9266.43321968 1357.27463635 0.384715 5.9836 0.854542 0.095183 -0.052235
165000 -9222.38356439 1342.48023015 0.380522 5.9943 0.851052 0.095888 0.050085
165100 -9246.21785608 1322.59569740 0.374885 5.9943 0.851052 0.095888 -0.000151
165200 -9208.85019936 1311.52348366 0.371747 5.9943 0.851052 0.095888 0.076714
165300 -9249.53050250 1356.61212681 0.384527 5.9943 0.851052 0.095888 -0.006326
165400 -9211.57472609 1359.36301532 0.385307 5.9943 0.851052 0.095888 0.073831
165500 -9245.43958193 1395.14598512 0.395450 5.9875 0.849817 0.096437 0.015545
165600 -9260.70237667 1353.58609809 0.383670 5.9875 0.849817 0.096437 -0.059471
165700 -9299.40727987 1354.71976860 0.383991 5.9875 0.849817 0.096437 -0.116121
165800 -9257.51952549 1320.83468263 0.374386 5.9875 0.849817 0.096437 -0.017466
165900 -9249.92095970 1334.60918263 0.378291 5.9875 0.849817 0.096437 -0.001967
166000 -9244.35492536 1296.50984153 0.367491 5.9824 0.856158 0.096813 0.033549
166100 -9258.84640104 1358.80316131 0.385148 5.9824 0.856158 0.096813 0.001933
166200 -9277.01481180 1338.18080749 0.379303 5.9824 0.856158 0.096813 -0.048708
166300 -9287.97959272 1372.08629162 0.388913 5.9824 0.856158 0.096813 -0.044350
166400 -9277.40846703 1363.21364536 0.386398 5.9824 0.856158 0.096813 -0.029174
166500 -9265.40108129 1351.44653898 0.383063 5.9887 0.857981 0.094514 -0.004696
166600 -9236.28094997 1314.35049078 0.372548 5.9887 0.857981 0.094514 0.059528
166700 -9261.12716101 1318.10966003 0.373614 5.9887 0.857981 0.094514 0.007119
166800 -9235.93559729 1303.31284475 0.369420 5.9887 0.857981 0.094514 0.033755
166900 -9227.15530331 1293.53972451 0.366650 5.9887 0.857981 0.094514 0.064492
167000 -9281.17079720 1329.87321398 0.376948 5.9892 0.856833 0.096552 -0.045357
167100 -9242.26198450 1368.01181914 0.387758 5.9892 0.856833 0.096552 0.032283
167200 -9241.75906093 1336.53371510 0.378836 5.9892 0.856833 0.096552 0.010657
167300 -9237.49131383 1359.94686070 0.385472 5.9892 0.856833 0.096552 0.019004
167400 -9261.17386680 1355.35074736 0.384170 5.9892 0.856833 0.096552 -0.036799
167500 -9228.11587176 1334.35202813 0.378218 5.9824 0.857147 0.095835 0.041221
167600 -9244.58560354 1325.40953789 0.375683 5.9824 0.857147 0.095835 0.001947
167700 -9258.56851280 1368.01062465 0.387758 5.9824 0.857147 0.095835 -0.027627
167800 -9214.36381459 1337.71960614 0.379172 5.9824 0.857147 0.095835 0.073904
167900 -9254.52751493 1376.58442433 0.390188 5.9824 0.857147 0.095835 -0.012188
168000 -9203.41384761 1369.57975922 0.388203 5.9909 0.853920 0.095483 0.059736
168100 -9200.31324222 1360.99219436 0.385769 5.9909 0.853920 0.095483 0.062879
168200 -9223.74761529 1362.74129985 0.386265 5.9909 0.853920 0.095483 -0.009600
168300 -9238.01167113 1367.42720517 0.387593 5.9909 0.853920 0.095483 -0.040824
168400 -9221.40733598 1322.74962881 0.374929 5.9909 0.853920 0.095483 -0.020169
168500 -9262.96924289 1318.92324885 0.373844 5.9898 0.855096 0.095765 -0.085881
168600 -9241.07425222 1325.88736443 0.375818 5.9898 0.855096 0.095765 -0.007634
168700 -9217.85964030 1286.43311662 0.364635 5.9898 0.855096 0.095765 0.048532
168800 -9280.05599645 1325.80132305 0.375794 5.9898 0.855096 0.095765 -0.073552
168900 -9286.63302230 1327.96122731 0.376406 5.9898 0.855096 0.095765 -0.067007
169000 -9300.69580499 1350.80839859 0.382882 5.9892 0.860546 0.094937 -0.073168
169100 -9237.97833600 1324.13236586 0.375321 5.9892 0.860546 0.094937 0.057209
169200 -9236.03829126 1354.62037774 0.383963 5.9892 0.860546 0.094937 0.071682
169300 -9282.01301235 1362.62674574 0.386232 5.9892 0.860546 0.094937 -0.050934
169400 -9259.11701222 1324.66101033 0.375471 5.9892 0.860546 0.094937 0.004077
169500 -9231.72988990 1317.48872247 0.373438 5.9870 0.854429 0.096785 0.043117
169600 -9268.55481927 1327.82917365 0.376369 5.9870 0.854429 0.096785 -0.043570
169700 -9246.64217004 1328.70171462 0.376616 5.9870 0.854429 0.096785 0.023553
169800 -9227.11573955 1337.61809154 0.379143 5.9870 0.854429 0.096785 0.052680
169900 -9248.19504723 1350.34196433 0.382750 5.9870 0.854429 0.096785 0.010356
170000 -9262.24446243 1341.87045502 0.380349 5.9830 0.854598 0.096931 -0.018713
170100 -9233.29615477 1354.34843500 0.383886 5.9830 0.854598 0.096931 0.025439
170200 -9231.52922934 1371.79455382 0.388831 5.9830 0.854598 0.096931 0.039398
170300 -9249.69330103 1356.95564024 0.384625 5.9830 0.854598 0.096931 0.005635
170400 -9247.56148579 1317.40489494 0.373414 5.9830 0.854598 0.096931 -0.016882
170500 -9293.22571319 1318.83791154 0.373820 5.9921 0.861108 0.095076 -0.100435
170600 -9302.33408842 1335.53865740 0.378554 5.9921 0.861108 0.095076 -0.083096
170700 -9264.99453883 1289.06313617 0.365381 5.9921 0.861108 0.095076 0.002384
170800 -9282.84470392 1311.06117204 0.371616 5.9921 0.861108 0.095076 -0.011950
170900 -9255.96520491 1302.42346077 0.369168 5.9921 0.861108 0.095076 0.046872
171000 -9273.40210682 1334.93217196 0.378382 5.9909 0.854009 0.095771 0.010048
171100 -9247.76808283 1338.38119259 0.379360 5.9909 0.854009 0.095771 0.053426
171200 -9277.37793931 1356.99149448 0.384635 5.9909 0.854009 0.095771 -0.033113
171300 -9271.52705313 1342.72088859 0.380590 5.9909 0.854009 0.095771 -0.001975
171400 -9270.33000851 1345.81877449 0.381468 5.9909 0.854009 0.095771 -0.010316
171500 -9264.22534543 1357.30663565 0.384724 5.9926 0.860048 0.094886 -0.024969
171600 -9273.54833432 1351.89507930 0.383190 5.9926 0.860048 0.094886 -0.032146
171700 -9214.92994506 1290.67832503 0.365839 5.9926 0.860048 0.094886 0.069855
171800 -9250.07791412 1317.48740231 0.373437 5.9926 0.860048 0.094886 0.003950
171900 -9249.71411857 1309.04547865 0.371045 5.9926 0.860048 0.094886 0.003975
172000 -9241.03110929 1363.29725084 0.386422 5.9881 0.854900 0.096441 0.034421
172100 -9226.38343317 1381.32057739 0.391531 5.9881 0.854900 0.096441 0.049300
172200 -9222.07239684 1395.47972507 0.395544 5.9881 0.854900 0.096441 0.025539
172300 -9219.14664839 1382.89521282 0.391977 5.9881 0.854900 0.096441 0.006703
172400 -9207.64463782 1348.86910528 0.382333 5.9881 0.854900 0.096441 0.016836
172500 -9245.83120248 1379.44440152 0.390999 5.9898 0.851262 0.097555 -0.054329
172600 -9240.15019795 1356.07979478 0.384376 5.9898 0.851262 0.097555 -0.048347
172700 -9235.01048560 1341.86106707 0.380346 5.9898 0.851262 0.097555 -0.034008
172800 -9249.97130826 1371.04011881 0.388617 5.9898 0.851262 0.097555 -0.034461
172900 -9245.52709419 1327.80781974 0.376363 5.9898 0.851262 0.097555 -0.056184
173000 -9224.15091850 1322.65562770 0.374902 5.9847 0.853635 0.095658 0.013557
173100 -9238.17569258 1357.45898410 0.384767 5.9847 0.853635 0.095658 -0.001367
173200 -9222.80849541 1357.87010445 0.384884 5.9847 0.853635 0.095658 0.028491
173300 -9279.43243228 1365.19505713 0.386960 5.9847 0.853635 0.095658 -0.093164
173400 -9239.42082098 1319.31297334 0.373955 5.9847 0.853635 0.095658 0.001655
173500 -9281.33256148 1295.73580797 0.367272 5.9926 0.865938 0.093500 -0.077263
173600 -9279.52667617 1323.65460142 0.375186 5.9926 0.865938 0.093500 -0.022731
173700 -9270.05820472 1383.24291598 0.392076 5.9926 0.865938 0.093500 0.008712
173800 -9229.52740274 1347.41485111 0.381920 5.9926 0.865938 0.093500 0.058824
173900 -9247.42419576 1327.17362372 0.376183 5.9926 0.865938 0.093500 0.015826
174000 -9253.56459270 1356.60480488 0.384525 5.9853 0.854102 0.096147 -0.003311
174100 -9244.77288966 1345.15332382 0.381279 5.9853 0.854102 0.096147 0.011526
174200 -9253.52841705 1332.27113633 0.377628 5.9853 0.854102 0.096147 -0.005950
174300 -9250.26987918 1361.41892195 0.385890 5.9853 0.854102 0.096147 -0.012216
174400 -9257.39816114 1320.48832621 0.374288 5.9853 0.854102 0.096147 -0.000983
174500 -9253.92366081 1329.50431553 0.376844 5.9870 0.856826 0.095816 -0.009861
174600 -9278.14093728 1349.88130748 0.382619 5.9870 0.856826 0.095816 -0.045362
174700 -9220.26388297 1329.13021636 0.376738 5.9870 0.856826 0.095816 0.070343
174800 -9221.84444383 1342.11280790 0.380417 5.9870 0.856826 0.095816 0.048830
174900 -9218.36791242 1373.19142354 0.389227 5.9870 0.856826 0.095816 0.042027
175000 -9253.04325122 1351.47680549 0.383072 5.9892 0.855076 0.093720 -0.040261
175100 -9242.88889439 1367.41450048 0.387589 5.9892 0.855076 0.093720 0.001797
175200 -9243.12295171 1399.60749611 0.396714 5.9892 0.855076 0.093720 -0.024919
175300 -9213.83645621 1360.99075354 0.385768 5.9892 0.855076 0.093720 0.029772
175400 -9245.07758279 1357.19070725 0.384691 5.9892 0.855076 0.093720 -0.048570
175500 -9264.28859183 1323.98989489 0.375281 5.9858 0.858324 0.095895 -0.085852
175600 -9273.94922973 1331.82664249 0.377502 5.9858 0.858324 0.095895 -0.084347
175700 -9262.93589085 1342.74060008 0.380595 5.9858 0.858324 0.095895 -0.033465
175800 -9267.92280805 1305.00916905 0.369901 5.9858 0.858324 0.095895 -0.051409
175900 -9298.25789785 1361.25332407 0.385843 5.9858 0.858324 0.095895 -0.096725
176000 -9262.11516836 1334.75450910 0.378332 5.9892 0.857097 0.095371 -0.010022
176100 -9277.49909100 1319.49961832 0.374008 5.9892 0.857097 0.095371 -0.049537
176200 -9240.00139333 1323.05569341 0.375016 5.9892 0.857097 0.095371 0.040178
176300 -9268.29742680 1351.59029974 0.383104 5.9892 0.857097 0.095371 0.006260
176400 -9239.13211651 1344.46902049 0.381085 5.9892 0.857097 0.095371 0.076262
176500 -9244.47565479 1352.97283588 0.383496 5.9830 0.850111 0.097157 0.024962
176600 -9213.53120214 1359.57702899 0.385368 5.9830 0.850111 0.097157 0.066337
176700 -9251.59519829 1334.47053375 0.378251 5.9830 0.850111 0.097157 -0.030255
176800 -9229.03149733 1349.69601404 0.382567 5.9830 0.850111 0.097157 0.014161
176900 -9206.39575046 1358.71258805 0.385123 5.9830 0.850111 0.097157 0.063469
177000 -9217.84148128 1364.41520459 0.386739 5.9864 0.853803 0.097720 0.023372
177100 -9223.28763537 1333.24436311 0.377904 5.9864 0.853803 0.097720 0.020820
177200 -9202.22001515 1339.12902538 0.379572 5.9864 0.853803 0.097720 0.036100
177300 -9256.28621540 1361.84842879 0.386011 5.9864 0.853803 0.097720 -0.072575
177400 -9223.00770193 1336.21399671 0.378745 5.9864 0.853803 0.097720 0.003741
177500 -9217.53620104 1346.19044778 0.381573 5.9847 0.849311 0.096784 0.006611
177600 -9224.12902563 1326.60205736 0.376021 5.9847 0.849311 0.096784 0.003613
177700 -9244.21158760 1311.77074860 0.371817 5.9847 0.849311 0.096784 -0.047435
177800 -9257.17394097 1326.38245891 0.375959 5.9847 0.849311 0.096784 -0.045718
177900 -9236.73782136 1332.07650709 0.377573 5.9847 0.849311 0.096784 0.015943
178000 -9263.88728674 1326.14757710 0.375892 5.9955 0.858819 0.095034 -0.047605
178100 -9229.95627965 1307.07540126 0.370486 5.9955 0.858819 0.095034 0.030214
178200 -9237.39589792 1337.38077270 0.379076 5.9955 0.858819 0.095034 0.004997
178300 -9227.64159255 1360.17448045 0.385537 5.9955 0.858819 0.095034 0.025656
178400 -9218.81176410 1371.01609082 0.388610 5.9955 0.858819 0.095034 0.045788
178500 -9187.77444795 1368.46165857 0.387886 5.9836 0.843970 0.101040 0.087141
178600 -9214.81574660 1333.64638074 0.378018 5.9836 0.843970 0.101040 0.000877
178700 -9196.02365509 1317.37158110 0.373405 5.9836 0.843970 0.101040 0.044936
178800 -9227.83977842 1375.53664814 0.389891 5.9836 0.843970 0.101040 -0.017233
178900 -9257.65188741 1336.00557807 0.378686 5.9836 0.843970 0.101040 -0.077168
179000 -9251.02536022 1330.10161433 0.377013 5.9875 0.855714 0.096370 -0.046855
179100 -9246.64374117 1362.31946796 0.386145 5.9875 0.855714 0.096370 -0.012976
179200 -9249.72998396 1337.60199052 0.379139 5.9875 0.855714 0.096370 -0.018733
179300 -9283.88672938 1363.60773104 0.386510 5.9875 0.855714 0.096370 -0.085952
179400 -9255.05066252 1322.91605726 0.374976 5.9875 0.855714 0.096370 -0.012156
179500 -9249.17533778 1311.99446430 0.371881 5.9898 0.854627 0.096974 -0.003569
179600 -9243.41890144 1335.37726380 0.378508 5.9898 0.854627 0.096974 0.026805
179700 -9245.11739389 1321.19323297 0.374488 5.9898 0.854627 0.096974 0.018262
179800 -9227.72865823 1303.33731523 0.369427 5.9898 0.854627 0.096974 0.047258
179900 -9273.32278475 1346.31090490 0.381607 5.9898 0.854627 0.096974 -0.054572
180000 -9254.80132646 1365.02924129 0.386913 5.9921 0.856944 0.094512 -0.021467
180100 -9223.05285765 1372.14793457 0.388931 5.9921 0.856944 0.094512 0.046271
180200 -9255.86034744 1324.23230385 0.375349 5.9921 0.856944 0.094512 -0.035371
180300 -9275.67793880 1370.08288124 0.388345 5.9921 0.856944 0.094512 -0.057444
180400 -9220.98432095 1326.20481170 0.375908 5.9921 0.856944 0.094512 0.049860
180500 -9221.71704054 1341.49123790 0.380241 5.9892 0.852781 0.097892 0.051866
180600 -9268.70340168 1368.92413001 0.388017 5.9892 0.852781 0.097892 -0.054027
180700 -9261.86442015 1343.30160125 0.380754 5.9892 0.852781 0.097892 -0.042731
180800 -9238.98491580 1321.15379568 0.374477 5.9892 0.852781 0.097892 0.013473
180900 -9231.42102780 1342.61590040 0.380560 5.9892 0.852781 0.097892 0.035479
181000 -9227.95849053 1333.34704662 0.377933 5.9926 0.862101 0.095099 0.019200
181100 -9237.27281802 1331.48632369 0.377405 5.9926 0.862101 0.095099 0.023068
181200 -9245.93458325 1363.65028669 0.386522 5.9926 0.862101 0.095099 -0.014246
181300 -9232.42700506 1372.17336904 0.388938 5.9926 0.862101 0.095099 0.020727
181400 -9235.35630321 1395.68661707 0.395603 5.9926 0.862101 0.095099 -0.007508
181500 -9204.97913792 1368.59638122 0.387924 5.9853 0.846731 0.098488 0.044215
181600 -9222.63382871 1350.99907864 0.382936 5.9853 0.846731 0.098488 0.001847
181700 -9209.59408369 1337.68637563 0.379163 5.9853 0.846731 0.098488 0.021333
181800 -9225.52289454 1345.62593729 0.381413 5.9853 0.846731 0.098488 -0.014147
181900 -9257.17441528 1334.51304894 0.378263 5.9853 0.846731 0.098488 -0.071745
182000 -9266.60552655 1345.42708311 0.381357 5.9926 0.863274 0.093812 -0.091035
182100 -9262.29592865 1379.52638172 0.391022 5.9926 0.863274 0.093812 -0.058633
182200 -9195.75295390 1323.23246617 0.375066 5.9926 0.863274 0.093812 0.087544
182300 -9230.74621571 1384.33231962 0.392384 5.9926 0.863274 0.093812 0.018969
182400 -9199.44033231 1331.32618313 0.377360 5.9926 0.863274 0.093812 0.066358
182500 -9199.29314099 1328.87393787 0.376665 5.9847 0.849580 0.098979 0.052902
182600 -9215.34000327 1331.77931872 0.377488 5.9847 0.849580 0.098979 0.008687
182700 -9227.69639172 1341.15554636 0.380146 5.9847 0.849580 0.098979 0.001666
182800 -9251.45261166 1320.48218306 0.374286 5.9847 0.849580 0.098979 -0.051484
182900 -9273.07420310 1355.42107484 0.384190 5.9847 0.849580 0.098979 -0.087945
183000 -9258.90427121 1352.47309401 0.383354 5.9836 0.859514 0.094572 -0.047436
183100 -9232.13373158 1332.56924190 0.377712 5.9836 0.859514 0.094572 0.017515
183200 -9217.06418987 1357.78996526 0.384861 5.9836 0.859514 0.094572 0.046900
183300 -9251.26484375 1326.37550029 0.375957 5.9836 0.859514 0.094572 -0.026856
183400 -9257.71266685 1321.41353332 0.374550 5.9836 0.859514 0.094572 -0.029607
183500 -9264.35313422 1327.87308903 0.376381 5.9847 0.854991 0.096015 -0.019799
183600 -9228.63048392 1314.10744503 0.372479 5.9847 0.854991 0.096015 0.051355
183700 -9235.00805099 1343.52292674 0.380817 5.9847 0.854991 0.096015 0.022978
183800 -9234.69556581 1332.49047501 0.377690 5.9847 0.854991 0.096015 0.010526
183900 -9264.18750678 1356.60838066 0.384526 5.9847 0.854991 0.096015 -0.043584
184000 -9230.62469912 1309.88656226 0.371283 5.9909 0.853154 0.097342 0.015314
184100 -9270.96937459 1361.70923161 0.385972 5.9909 0.853154 0.097342 -0.061247
184200 -9239.32791041 1351.48258240 0.383073 5.9909 0.853154 0.097342 0.013023
184300 -9230.50786236 1343.71964801 0.380873 5.9909 0.853154 0.097342 0.049711
184400 -9252.19970406 1342.35509149 0.380486 5.9909 0.853154 0.097342 -0.021409
184500 -9233.68323997 1329.74092994 0.376911 5.9932 0.856030 0.096561 0.006581
184600 -9268.12587489 1366.92456644 0.387450 5.9932 0.856030 0.096561 -0.033081
184700 -9245.69553229 1341.25100736 0.380173 5.9932 0.856030 0.096561 -0.003291
184800 -9273.85647740 1343.31012354 0.380757 5.9932 0.856030 0.096561 -0.059248
184900 -9251.80497591 1305.73381505 0.370106 5.9932 0.856030 0.096561 -0.001513
185000 -9273.37172948 1326.83338643 0.376087 5.9915 0.856102 0.094033 -0.038980
185100 -9272.99484697 1291.28306429 0.366010 5.9915 0.856102 0.094033 -0.018859
185200 -9293.27516018 1395.65814498 0.395595 5.9915 0.856102 0.094033 -0.048035
185300 -9197.21067816 1334.01664526 0.378123 5.9915 0.856102 0.094033 0.151714
185400 -9233.05992881 1378.01025039 0.390592 5.9915 0.856102 0.094033 0.039249
185500 -9219.73574309 1357.56695378 0.384798 5.9875 0.851336 0.096947 0.022759
185600 -9212.46799150 1344.59132839 0.381120 5.9875 0.851336 0.096947 0.030773
185700 -9247.25534347 1343.05501737 0.380685 5.9875 0.851336 0.096947 -0.022852
185800 -9272.08636300 1347.09339592 0.381829 5.9875 0.851336 0.096947 -0.076991
185900 -9250.33555798 1387.28361123 0.393221 5.9875 0.851336 0.096947 -0.017032
186000 -9225.20345921 1316.65451331 0.373201 5.9870 0.856841 0.096141 0.028201
186100 -9220.27007061 1334.17504053 0.378168 5.9870 0.856841 0.096141 0.036643
186200 -9222.55632813 1345.05520354 0.381251 5.9870 0.856841 0.096141 0.024003
186300 -9202.48642164 1354.06478548 0.383805 5.9870 0.856841 0.096141 0.057127
186400 -9241.55747678 1380.08123341 0.391179 5.9870 0.856841 0.096141 -0.017340
186500 -9220.98855826 1363.60115335 0.386508 5.9921 0.852203 0.096383 -0.003848
186600 -9215.36550059 1322.32758548 0.374809 5.9921 0.852203 0.096383 0.023840
186700 -9255.57877777 1326.98367620 0.376129 5.9921 0.852203 0.096383 -0.065042
186800 -9274.32239778 1362.55194453 0.386211 5.9921 0.852203 0.096383 -0.088555
186900 -9242.15489600 1359.80819541 0.385433 5.9921 0.852203 0.096383 -0.000471
187000 -9239.86060976 1351.29536625 0.383020 5.9909 0.854857 0.094946 -0.001235
187100 -9259.09829935 1340.96470954 0.380092 5.9909 0.854857 0.094946 -0.040674
187200 -9246.25047479 1320.55864556 0.374308 5.9909 0.854857 0.094946 0.004539
187300 -9253.22609796 1324.27647072 0.375362 5.9909 0.854857 0.094946 0.005628
187400 -9302.40655118 1308.49211237 0.370888 5.9909 0.854857 0.094946 -0.100320
187500 -9284.69147504 1357.95656695 0.384908 5.9898 0.860092 0.094274 -0.017224
187600 -9254.74801368 1295.46153154 0.367194 5.9898 0.860092 0.094274 0.004212
187700 -9264.95596158 1315.55095269 0.372889 5.9898 0.860092 0.094274 0.023465
187800 -9271.29905766 1350.73979483 0.382863 5.9898 0.860092 0.094274 0.027343
187900 -9261.61808492 1338.05802790 0.379268 5.9898 0.860092 0.094274 0.029322
188000 -9268.70387794 1333.37876546 0.377942 5.9898 0.854213 0.096305 -0.021982
188100 -9291.08253186 1324.95430916 0.375554 5.9898 0.854213 0.096305 -0.049596
188200 -9279.32260829 1313.32884574 0.372259 5.9898 0.854213 0.096305 -0.015598
188300 -9272.52780029 1342.97860090 0.380663 5.9898 0.854213 0.096305 0.005299
188400 -9281.15522316 1362.20203743 0.386112 5.9898 0.854213 0.096305 -0.019960
188500 -9235.47598118 1338.78162410 0.379473 5.9887 0.854727 0.095283 0.058215
188600 -9234.10820362 1340.88184010 0.380069 5.9887 0.854727 0.095283 0.065849
188700 -9221.49069744 1356.97600541 0.384630 5.9887 0.854727 0.095283 0.061910
188800 -9228.77047759 1353.52139449 0.383651 5.9887 0.854727 0.095283 0.032267
188900 -9198.77163764 1326.79453246 0.376076 5.9887 0.854727 0.095283 0.069739
189000 -9228.44176888 1329.05229388 0.376716 5.9847 0.855843 0.097011 0.010664
189100 -9194.50917087 1329.72481196 0.376906 5.9847 0.855843 0.097011 0.071547
189200 -9222.07114633 1334.18713414 0.378171 5.9847 0.855843 0.097011 -0.002406
189300 -9241.48934543 1342.01865771 0.380391 5.9847 0.855843 0.097011 -0.037410
189400 -9212.25237225 1319.81017076 0.374096 5.9847 0.855843 0.097011 0.042879
189500 -9227.33768312 1359.55852069 0.385362 5.9887 0.859014 0.095350 0.006294
189600 -9226.59224890 1374.97471937 0.389732 5.9887 0.859014 0.095350 0.009117
189700 -9212.17441200 1357.30319431 0.384723 5.9887 0.859014 0.095350 0.020610
189800 -9235.62914602 1372.45743488 0.389019 5.9887 0.859014 0.095350 -0.031723
189900 -9214.70896521 1337.10618388 0.378998 5.9887 0.859014 0.095350 0.017414
190000 -9248.47763700 1349.46226867 0.382501 5.9904 0.859114 0.095770 -0.053520
190100 -9240.26584456 1346.70686151 0.381720 5.9904 0.859114 0.095770 -0.030961
190200 -9248.13123653 1351.55830788 0.383095 5.9904 0.859114 0.095770 -0.060867
190300 -9272.74440045 1342.76883044 0.380603 5.9904 0.859114 0.095770 -0.091624
190400 -9264.31711465 1350.48722167 0.382791 5.9904 0.859114 0.095770 -0.069788
190500 -9271.09510939 1325.24729425 0.375637 5.9926 0.857399 0.094913 -0.053719
190600 -9246.65139350 1311.28946569 0.371681 5.9926 0.857399 0.094913 0.009103
190700 -9258.75744357 1323.39476457 0.375112 5.9926 0.857399 0.094913 -0.004586
190800 -9291.48980468 1345.82100367 0.381469 5.9926 0.857399 0.094913 -0.060934
190900 -9272.77123573 1349.20370030 0.382427 5.9926 0.857399 0.094913 -0.018821
191000 -9271.83224801 1342.99218378 0.380667 5.9898 0.863163 0.092934 -0.020024
191100 -9275.66186725 1317.76596009 0.373516 5.9898 0.863163 0.092934 -0.006643
191200 -9283.44363734 1348.46117961 0.382217 5.9898 0.863163 0.092934 -0.034357
191300 -9252.01429813 1328.06562909 0.376436 5.9898 0.863163 0.092934 0.036644
191400 -9257.50706463 1352.71889478 0.383424 5.9898 0.863163 0.092934 0.021025
191500 -9244.85995711 1331.79922742 0.377494 5.9864 0.850955 0.097365 0.037168
191600 -9257.81192545 1330.55611247 0.377142 5.9864 0.850955 0.097365 -0.022617
191700 -9266.17323098 1358.43371210 0.385044 5.9864 0.850955 0.097365 -0.019267
191800 -9257.85538387 1362.05959466 0.386071 5.9864 0.850955 0.097365 -0.012348
191900 -9255.36386999 1334.80861000 0.378347 5.9864 0.850955 0.097365 -0.009641
192000 -9280.97425075 1323.13712971 0.375039 5.9898 0.862113 0.093922 -0.052213
192100 -9278.09149891 1327.62030805 0.376310 5.9898 0.862113 0.093922 -0.026014
192200 -9252.29376657 1334.23885137 0.378186 5.9898 0.862113 0.093922 0.036834
192300 -9280.05383585 1350.02514305 0.382660 5.9898 0.862113 0.093922 -0.037956
192400 -9260.78917912 1352.36452759 0.383323 5.9898 0.862113 0.093922 0.003397
192500 -9297.36383537 1321.49070459 0.374572 5.9926 0.860434 0.093695 -0.080546
192600 -9290.38436911 1293.67065433 0.366687 5.9926 0.860434 0.093695 -0.044575
192700 -9275.24369592 1293.21313063 0.366557 5.9926 0.860434 0.093695 0.013084
192800 -9279.80983250 1319.42144198 0.373986 5.9926 0.860434 0.093695 0.017377
192900 -9264.25262013 1344.39120373 0.381063 5.9926 0.860434 0.093695 0.020523
193000 -9256.29860629 1314.85355148 0.372691 5.9932 0.860542 0.094032 0.041286
193100 -9249.09913419 1298.49966702 0.368055 5.9932 0.860542 0.094032 0.065424
193200 -9275.45314644 1338.15000486 0.379294 5.9932 0.860542 0.094032 0.005770
193300 -9268.12173230 1359.97971709 0.385482 5.9932 0.860542 0.094032 0.017822
193400 -9254.19189512 1345.27426959 0.381314 5.9932 0.860542 0.094032 0.050313
193500 -9247.47819454 1369.17271773 0.388088 5.9909 0.855068 0.096580 0.051894
193600 -9230.06905093 1362.77376338 0.386274 5.9909 0.855068 0.096580 0.063628
193700 -9260.76580381 1368.95015448 0.388024 5.9909 0.855068 0.096580 -0.019713
193800 -9241.84563364 1335.42873177 0.378523 5.9909 0.855068 0.096580 0.014298
193900 -9252.26916516 1316.18628167 0.373069 5.9909 0.855068 0.096580 -0.030809
194000 -9275.71867456 1311.21953860 0.371661 5.9932 0.857451 0.093831 -0.052489
194100 -9247.14856771 1281.31776298 0.363185 5.9932 0.857451 0.093831 0.017841
194200 -9263.34660992 1294.14773418 0.366822 5.9932 0.857451 0.093831 0.015232
194300 -9250.69868673 1341.48675094 0.380240 5.9932 0.857451 0.093831 0.035254
194400 -9274.00850599 1339.35281585 0.379635 5.9932 0.857451 0.093831 -0.031197
194500 -9228.01534703 1338.38255699 0.379360 5.9915 0.849822 0.097046 0.073879
194600 -9257.93240472 1356.00983895 0.384357 5.9915 0.849822 0.097046 0.017313
194700 -9261.62414099 1369.23515837 0.388105 5.9915 0.849822 0.097046 -0.014272
194800 -9229.24827471 1336.54426423 0.378839 5.9915 0.849822 0.097046 0.055851
194900 -9249.58319891 1344.79857608 0.381179 5.9915 0.849822 0.097046 0.011724
195000 -9241.09109161 1307.63048635 0.370644 5.9841 0.857182 0.095858 0.032315
195100 -9242.06245995 1307.31404478 0.370554 5.9841 0.857182 0.095858 0.031553
195200 -9254.17749806 1340.57870146 0.379983 5.9841 0.857182 0.095858 0.002030
195300 -9251.95139685 1288.16579961 0.365126 5.9841 0.857182 0.095858 0.012396
195400 -9268.41181855 1342.79010606 0.380609 5.9841 0.857182 0.095858 -0.034031
195500 -9237.01784043 1329.41956503 0.376820 5.9915 0.856008 0.095972 0.058839
195600 -9257.98094613 1397.33003465 0.396069 5.9915 0.856008 0.095972 0.001935
195700 -9265.86664534 1374.40493037 0.389571 5.9915 0.856008 0.095972 -0.052003
195800 -9209.97509001 1331.18119168 0.377319 5.9915 0.856008 0.095972 0.071340
195900 -9248.75153308 1344.53485486 0.381104 5.9915 0.856008 0.095972 -0.017139
196000 -9270.51957848 1337.57714867 0.379132 5.9926 0.862321 0.093769 -0.060182
196100 -9248.66580639 1317.77581080 0.373519 5.9926 0.862321 0.093769 0.022099
196200 -9259.19567442 1317.81911340 0.373531 5.9926 0.862321 0.093769 -0.019179
196300 -9306.93736166 1342.02920183 0.380394 5.9926 0.862321 0.093769 -0.112034
196400 -9268.66279934 1333.12704750 0.377870 5.9926 0.862321 0.093769 0.003224
196500 -9267.38061160 1336.19680517 0.378741 5.9909 0.854544 0.094240 -0.002576
196600 -9271.28224530 1340.60047213 0.379989 5.9909 0.854544 0.094240 -0.011934
196700 -9264.06619520 1344.18900629 0.381006 5.9909 0.854544 0.094240 0.003743
196800 -9253.51374526 1336.52793127 0.378834 5.9909 0.854544 0.094240 0.037617
196900 -9289.34572053 1330.56771537 0.377145 5.9909 0.854544 0.094240 -0.045352
197000 -9251.97258592 1296.18261721 0.367399 5.9858 0.853119 0.095496 0.044654
197100 -9280.99606648 1328.85121430 0.376659 5.9858 0.853119 0.095496 -0.019207
197200 -9280.87668732 1325.84959465 0.375808 5.9858 0.853119 0.095496 -0.027866
197300 -9253.51381333 1319.56778845 0.374027 5.9858 0.853119 0.095496 0.046070
197400 -9273.88445788 1361.71077685 0.385972 5.9858 0.853119 0.095496 0.004717
197500 -9257.95413056 1345.90331809 0.381492 5.9847 0.856934 0.095818 0.046717
197600 -9266.74972327 1341.82815726 0.380337 5.9847 0.856934 0.095818 -0.006547
197700 -9268.27232644 1317.10389551 0.373329 5.9847 0.856934 0.095818 -0.039138
197800 -9277.84470060 1352.87542175 0.383468 5.9847 0.856934 0.095818 -0.024974
197900 -9259.52064909 1348.73629080 0.382295 5.9847 0.856934 0.095818 0.003118
198000 -9260.81496559 1360.22752347 0.385552 5.9887 0.858556 0.095300 -0.004065
198100 -9259.59656850 1321.42209135 0.374553 5.9887 0.858556 0.095300 -0.004457
198200 -9263.00310843 1343.06863813 0.380688 5.9887 0.858556 0.095300 -0.014666
198300 -9235.56972502 1280.31284791 0.362900 5.9887 0.858556 0.095300 0.056749
198400 -9258.65828914 1350.03457022 0.382663 5.9887 0.858556 0.095300 -0.006274
198500 -9254.58535253 1330.08542272 0.377008 5.9887 0.855642 0.096679 0.002375
198600 -9296.61314209 1325.07750475 0.375589 5.9887 0.855642 0.096679 -0.083441
198700 -9249.18448841 1316.09624655 0.373043 5.9887 0.855642 0.096679 0.045084
198800 -9265.53678290 1332.10898882 0.377582 5.9887 0.855642 0.096679 0.009438
198900 -9265.44791190 1331.94204604 0.377535 5.9887 0.855642 0.096679 0.006746
199000 -9262.79363031 1300.02623619 0.368488 5.9921 0.860409 0.095698 -0.004277
199100 -9258.83430949 1276.17299404 0.361727 5.9921 0.860409 0.095698 0.011091
199200 -9292.21098808 1344.83156876 0.381188 5.9921 0.860409 0.095698 -0.021062
199300 -9257.91863281 1282.57517966 0.363542 5.9921 0.860409 0.095698 0.044622
199400 -9259.97280771 1335.82747081 0.378636 5.9921 0.860409 0.095698 0.039282
199500 -9261.58364926 1335.26369997 0.378476 5.9904 0.857729 0.097291 0.037537
199600 -9300.15849004 1309.19698283 0.371088 5.9904 0.857729 0.097291 -0.044258
199700 -9259.66333643 1311.70947960 0.371800 5.9904 0.857729 0.097291 0.038274
199800 -9271.72828426 1316.92526582 0.373278 5.9904 0.857729 0.097291 -0.008602
199900 -9306.81268898 1308.63019368 0.370927 5.9904 0.857729 0.097291 -0.066319
200000 -9317.85778311 1307.21834941 0.370527 5.9909 0.858998 0.093778 -0.064866
200100 -9260.73936454 1303.26704675 0.369407 5.9909 0.858998 0.093778 0.054383
200200 -9288.22479303 1371.00065514 0.388606 5.9909 0.858998 0.093778 0.012724
200300 -9265.56110947 1324.06151261 0.375301 5.9909 0.858998 0.093778 0.025276
200400 -9301.39552724 1344.46112862 0.381083 5.9909 0.858998 0.093778 -0.051953
200500 -9301.30905775 1329.47803721 0.376836 5.9915 0.865823 0.092202 -0.029070
200600 -9301.62656645 1344.93725623 0.381218 5.9915 0.865823 0.092202 -0.032876
200700 -9264.11075069 1301.58964234 0.368931 5.9915 0.865823 0.092202 0.038686
200800 -9300.13834558 1300.26413584 0.368556 5.9915 0.865823 0.092202 -0.021150
200900 -9299.17025910 1309.27047313 0.371108 5.9915 0.865823 0.092202 -0.004070
201000 -9305.70269709 1324.89114287 0.375536 5.9887 0.860181 0.094264 -0.009522
201100 -9306.50614471 1325.42871532 0.375688 5.9887 0.860181 0.094264 -0.008806
201200 -9281.54504477 1304.30648236 0.369701 5.9887 0.860181 0.094264 0.029783
201300 -9296.42792315 1316.24507387 0.373085 5.9887 0.860181 0.094264 0.000794
201400 -9289.85604463 1366.00152715 0.387189 5.9887 0.860181 0.094264 0.008693
201500 -9276.20239959 1323.73569869 0.375209 5.9892 0.855157 0.094906 0.048026
201600 -9278.70776075 1361.33009402 0.385865 5.9892 0.855157 0.094906 0.018166
201700 -9283.95020832 1320.50083204 0.374292 5.9892 0.855157 0.094906 0.017584
201800 -9292.36079274 1347.87813918 0.382052 5.9892 0.855157 0.094906 -0.017909
201900 -9264.30997437 1322.39366374 0.374828 5.9892 0.855157 0.094906 0.026873
202000 -9246.72769304 1314.64694167 0.372632 5.9909 0.854562 0.095493 0.064988
202100 -9266.99776616 1351.52093716 0.383084 5.9909 0.854562 0.095493 0.012264
202200 -9282.44026104 1345.01085124 0.381239 5.9909 0.854562 0.095493 -0.033320
202300 -9256.02988376 1324.62345006 0.375460 5.9909 0.854562 0.095493 0.031768
202400 -9259.16403930 1327.32221403 0.376225 5.9909 0.854562 0.095493 0.023402
202500 -9246.28317378 1335.88485940 0.378652 5.9915 0.851982 0.095963 0.020484
202600 -9261.50856976 1349.29229370 0.382452 5.9915 0.851982 0.095963 -0.000934
202700 -9286.82015735 1356.86901990 0.384600 5.9915 0.851982 0.095963 -0.041022
202800 -9293.86732178 1335.12466649 0.378437 5.9915 0.851982 0.095963 -0.064281
202900 -9249.05928606 1292.26601919 0.366289 5.9915 0.851982 0.095963 0.019991
203000 -9255.10146586 1310.80184929 0.371542 5.9926 0.856646 0.095854 0.030071
203100 -9227.60798062 1305.93533320 0.370163 5.9926 0.856646 0.095854 0.088613
203200 -9231.83786967 1338.38616997 0.379361 5.9926 0.856646 0.095854 0.049839
203300 -9232.70516037 1369.41517725 0.388156 5.9926 0.856646 0.095854 0.042953
203400 -9204.77071174 1364.96045117 0.386894 5.9926 0.856646 0.095854 0.072677
203500 -9203.44519685 1368.13441188 0.387793 5.9870 0.845601 0.099061 0.061846
203600 -9190.83172021 1337.88727238 0.379220 5.9870 0.845601 0.099061 0.045687
203700 -9239.34993709 1324.77144842 0.375502 5.9870 0.845601 0.099061 -0.060029
203800 -9242.38408239 1350.36212525 0.382756 5.9870 0.845601 0.099061 -0.032785
203900 -9207.01128262 1348.74261790 0.382297 5.9870 0.845601 0.099061 0.051185
204000 -9240.91518720 1344.53256103 0.381103 5.9881 0.855893 0.096511 -0.028672
204100 -9255.87559287 1319.86209760 0.374111 5.9881 0.855893 0.096511 -0.060714
204200 -9255.90832710 1354.87639949 0.384035 5.9881 0.855893 0.096511 -0.030397
204300 -9256.04134250 1371.71804101 0.388809 5.9881 0.855893 0.096511 -0.034251
204400 -9260.79615363 1332.48397670 0.377688 5.9881 0.855893 0.096511 -0.036981
204500 -9249.75554190 1340.26047582 0.379892 5.9915 0.857244 0.094296 -0.010903
204600 -9263.84789004 1374.11846449 0.389489 5.9915 0.857244 0.094296 -0.029504
204700 -9236.88681618 1334.52324548 0.378266 5.9915 0.857244 0.094296 0.017636
204800 -9242.12897386 1331.67083833 0.377458 5.9915 0.857244 0.094296 0.008605
204900 -9255.02142027 1325.58815915 0.375734 5.9915 0.857244 0.094296 -0.009059
205000 -9250.81089537 1360.71842828 0.385691 5.9926 0.856682 0.095392 -0.023925
205100 -9239.34519374 1320.96343730 0.374423 5.9926 0.856682 0.095392 0.013308
205200 -9287.49344664 1370.11414602 0.388354 5.9926 0.856682 0.095392 -0.080046
205300 -9264.07948299 1368.82350009 0.387989 5.9926 0.856682 0.095392 -0.023662
205400 -9220.28073368 1341.07852142 0.380124 5.9926 0.856682 0.095392 0.049952
205500 -9244.80575666 1386.17821527 0.392908 5.9898 0.858810 0.095119 -0.006507
205600 -9255.29645654 1342.01560383 0.380390 5.9898 0.858810 0.095119 -0.023272
205700 -9217.39529399 1371.08676011 0.388630 5.9898 0.858810 0.095119 0.078491
205800 -9237.12134640 1361.04308026 0.385783 5.9898 0.858810 0.095119 0.004912
205900 -9251.27235247 1359.35933443 0.385306 5.9898 0.858810 0.095119 -0.039614
206000 -9189.05073574 1364.85459618 0.386864 5.9813 0.846495 0.099033 0.104169
206100 -9227.47580500 1346.91463333 0.381779 5.9813 0.846495 0.099033 -0.008311
206200 -9207.01131513 1314.86875434 0.372695 5.9813 0.846495 0.099033 0.013399
206300 -9272.54369324 1339.66411434 0.379723 5.9813 0.846495 0.099033 -0.089083
206400 -9229.95351922 1314.18482961 0.372501 5.9813 0.846495 0.099033 0.006700
206500 -9219.68204279 1319.35434289 0.373967 5.9836 0.855182 0.097058 0.057929
206600 -9205.86398061 1325.27993753 0.375646 5.9836 0.855182 0.097058 0.069641
206700 -9266.80937115 1331.98358222 0.377546 5.9836 0.855182 0.097058 -0.072952
206800 -9253.71414067 1291.70249923 0.366129 5.9836 0.855182 0.097058 -0.021128
206900 -9239.39049773 1321.98151590 0.374711 5.9836 0.855182 0.097058 0.025183
207000 -9278.65886211 1367.93994744 0.387738 5.9904 0.856985 0.094900 -0.056553
207100 -9275.47061365 1343.34093624 0.380766 5.9904 0.856985 0.094900 -0.046037
207200 -9257.35035532 1339.35396629 0.379635 5.9904 0.856985 0.094900 0.000337
207300 -9257.58418697 1323.94129826 0.375267 5.9904 0.856985 0.094900 0.002232
207400 -9257.51108078 1302.39557211 0.369160 5.9904 0.856985 0.094900 0.000049
207500 -9272.96367674 1355.68260051 0.384264 5.9915 0.859458 0.094413 -0.012829
207600 -9233.68579085 1335.95021062 0.378671 5.9915 0.859458 0.094413 0.045318
207700 -9221.26337977 1314.95550076 0.372720 5.9915 0.859458 0.094413 0.079845
207800 -9242.47925914 1350.01445295 0.382657 5.9915 0.859458 0.094413 0.042598
207900 -9267.02838689 1344.71619472 0.381155 5.9915 0.859458 0.094413 -0.030025
208000 -9240.39341140 1333.12305095 0.377869 5.9858 0.852486 0.097906 0.024831
208100 -9240.35151884 1352.30643228 0.383307 5.9858 0.852486 0.097906 -0.008548
208200 -9253.28072388 1356.42977823 0.384476 5.9858 0.852486 0.097906 -0.026504
208300 -9231.42421960 1342.84059216 0.380624 5.9858 0.852486 0.097906 0.023014
208400 -9236.49807102 1335.39391630 0.378513 5.9858 0.852486 0.097906 0.022139
208500 -9242.76428136 1333.29002564 0.377917 5.9870 0.857270 0.097059 0.007361
208600 -9230.68620785 1351.44418836 0.383062 5.9870 0.857270 0.097059 0.023892
208700 -9224.45232412 1357.96733928 0.384911 5.9870 0.857270 0.097059 0.024774
208800 -9224.85808310 1316.76633060 0.373233 5.9870 0.857270 0.097059 0.017479
208900 -9245.07289810 1338.27684320 0.379330 5.9870 0.857270 0.097059 -0.016356
209000 -9220.73267944 1331.61623087 0.377442 5.9898 0.857086 0.096433 0.044939
209100 -9248.19279464 1326.86045967 0.376094 5.9898 0.857086 0.096433 -0.022675
209200 -9228.29063620 1327.16807669 0.376181 5.9898 0.857086 0.096433 0.023614
209300 -9217.82281477 1360.03526809 0.385498 5.9898 0.857086 0.096433 0.053028
209400 -9224.35069591 1364.82105987 0.386854 5.9898 0.857086 0.096433 0.031921
209500 -9223.18315940 1353.96815155 0.383778 5.9881 0.850680 0.098041 0.005218
209600 -9204.46751569 1360.97693458 0.385764 5.9881 0.850680 0.098041 0.056739
209700 -9236.29137501 1362.33778234 0.386150 5.9881 0.850680 0.098041 -0.029466
209800 -9209.59628650 1328.47904175 0.376553 5.9881 0.850680 0.098041 0.021479
209900 -9227.31406382 1356.53186260 0.384504 5.9881 0.850680 0.098041 -0.007776
210000 -9217.11218203 1339.65161473 0.379720 5.9830 0.855490 0.097653 0.005313
210100 -9236.93472106 1322.34937370 0.374816 5.9830 0.855490 0.097653 -0.009838
210200 -9250.48769083 1346.32265500 0.381611 5.9830 0.855490 0.097653 -0.044053
210300 -9206.93139177 1329.89880681 0.376955 5.9830 0.855490 0.097653 0.030472
210400 -9238.40111710 1365.22068636 0.386967 5.9830 0.855490 0.097653 0.007712
210500 -9244.55879093 1370.97565537 0.388599 5.9864 0.854073 0.096891 -0.024167
210600 -9207.79787769 1321.59609693 0.374602 5.9864 0.854073 0.096891 0.046639
210700 -9233.20247199 1343.55450341 0.380826 5.9864 0.854073 0.096891 -0.012753
210800 -9235.17501224 1354.05817367 0.383803 5.9864 0.854073 0.096891 -0.003371
210900 -9231.28538504 1357.52691590 0.384787 5.9864 0.854073 0.096891 -0.007711
211000 -9247.16495120 1355.27990678 0.384150 5.9824 0.852304 0.097214 -0.008729
211100 -9224.39135916 1322.85583401 0.374959 5.9824 0.852304 0.097214 0.018893
211200 -9251.10556333 1310.18230894 0.371367 5.9824 0.852304 0.097214 -0.042439
211300 -9262.07476043 1314.65950607 0.372636 5.9824 0.852304 0.097214 -0.044225
211400 -9245.26083558 1313.00488936 0.372167 5.9824 0.852304 0.097214 -0.001743
211500 -9276.42628867 1331.01714005 0.377272 5.9881 0.856510 0.094084 -0.058427
211600 -9268.52973616 1288.04893111 0.365093 5.9881 0.856510 0.094084 -0.040189
211700 -9277.82360910 1339.66619854 0.379724 5.9881 0.856510 0.094084 -0.015584
211800 -9275.42018113 1349.53693639 0.382522 5.9881 0.856510 0.094084 -0.009258
211900 -9247.37851045 1333.55569209 0.377992 5.9881 0.856510 0.094084 0.029771
212000 -9223.51619271 1321.25131916 0.374504 5.9870 0.855379 0.096076 0.071810
212100 -9267.60090324 1355.11422524 0.384103 5.9870 0.855379 0.096076 -0.007360
212200 -9284.45155621 1350.33365683 0.382748 5.9870 0.855379 0.096076 -0.053814
212300 -9261.56145912 1370.60360295 0.388493 5.9870 0.855379 0.096076 -0.004984
212400 -9221.54386774 1334.18209711 0.378170 5.9870 0.855379 0.096076 0.068328
212500 -9232.29364278 1349.84242426 0.382608 5.9921 0.859193 0.094698 0.042333
212600 -9199.02810743 1325.30985195 0.375655 5.9921 0.859193 0.094698 0.100478
212700 -9225.73455779 1343.52271956 0.380817 5.9921 0.859193 0.094698 0.038605
212800 -9256.74849844 1358.78332707 0.385143 5.9921 0.859193 0.094698 -0.048971
212900 -9262.82452181 1361.21566585 0.385832 5.9921 0.859193 0.094698 -0.038210
213000 -9228.26996906 1312.55045442 0.372038 5.9898 0.850839 0.097144 0.033538
213100 -9235.37892781 1312.79235660 0.372107 5.9898 0.850839 0.097144 -0.001537
213200 -9260.57799231 1377.08966517 0.390332 5.9898 0.850839 0.097144 -0.021728
213300 -9219.73156197 1299.16219897 0.368243 5.9898 0.850839 0.097144 0.042716
213400 -9241.16332169 1317.67892754 0.373492 5.9898 0.850839 0.097144 0.018773
213500 -9230.48680693 1327.31073054 0.376222 5.9938 0.859059 0.092862 0.037740
213600 -9261.33780207 1360.62166781 0.385664 5.9938 0.859059 0.092862 -0.012218
213700 -9258.06159301 1354.15999343 0.383832 5.9938 0.859059 0.092862 -0.009037
213800 -9231.51849199 1380.90047630 0.391412 5.9938 0.859059 0.092862 0.049042
213900 -9234.00806979 1334.18438687 0.378170 5.9938 0.859059 0.092862 0.007906
214000 -9232.05825628 1330.62990832 0.377163 5.9921 0.853953 0.096197 0.028522
214100 -9201.96926991 1300.61925408 0.368656 5.9921 0.853953 0.096197 0.067366
214200 -9223.89967831 1330.86468398 0.377229 5.9921 0.853953 0.096197 0.012785
214300 -9232.24975598 1348.29747384 0.382170 5.9921 0.853953 0.096197 0.010871
214400 -9254.27124240 1365.34829025 0.387003 5.9921 0.853953 0.096197 -0.026453
214500 -9240.23626485 1335.78800053 0.378625 5.9904 0.858812 0.094996 -0.029304
214600 -9223.02927253 1313.07080080 0.372186 5.9904 0.858812 0.094996 0.041929
214700 -9236.75277601 1332.05173858 0.377566 5.9904 0.858812 0.094996 0.014965
214800 -9235.36997403 1311.54453061 0.371753 5.9904 0.858812 0.094996 0.001836
214900 -9261.75817138 1309.79323467 0.371257 5.9904 0.858812 0.094996 -0.041525
215000 -9286.72607973 1354.22325872 0.383850 5.9881 0.861675 0.094528 -0.050438
215100 -9270.97588825 1307.01531651 0.370469 5.9881 0.861675 0.094528 -0.016387
215200 -9273.05213953 1343.04004117 0.380680 5.9881 0.861675 0.094528 -0.015916
215300 -9280.14996032 1345.94469176 0.381504 5.9881 0.861675 0.094528 -0.024981
215400 -9268.62504294 1322.61309531 0.374890 5.9881 0.861675 0.094528 0.004229
215500 -9262.64168479 1315.05063033 0.372747 5.9938 0.861403 0.094091 0.006134
215600 -9257.38712837 1380.68586951 0.391351 5.9938 0.861403 0.094091 0.044450
215700 -9207.14326072 1338.10372149 0.379281 5.9938 0.861403 0.094091 0.118144
215800 -9240.82790882 1352.90132026 0.383475 5.9938 0.861403 0.094091 0.018187
215900 -9265.97696738 1333.79759189 0.378061 5.9938 0.861403 0.094091 -0.032801
216000 -9251.03810662 1282.24179225 0.363447 5.9864 0.855862 0.097176 -0.009009
216100 -9281.68773031 1331.64682424 0.377451 5.9864 0.855862 0.097176 -0.046201
216200 -9252.76287469 1306.06023704 0.370198 5.9864 0.855862 0.097176 0.005126
216300 -9270.96446189 1353.88234247 0.383753 5.9864 0.855862 0.097176 -0.022575
216400 -9281.45624241 1337.36365714 0.379071 5.9864 0.855862 0.097176 -0.034087
216500 -9278.57720304 1325.94053878 0.375833 5.9938 0.860668 0.094591 -0.041752
216600 -9287.32120141 1323.39260495 0.375111 5.9938 0.860668 0.094591 -0.027151
216700 -9290.28899575 1334.52561647 0.378267 5.9938 0.860668 0.094591 -0.047824
216800 -9284.16171988 1321.23308623 0.374499 5.9938 0.860668 0.094591 -0.015346
216900 -9265.91736854 1354.68587554 0.383981 5.9938 0.860668 0.094591 0.018483
217000 -9249.67478342 1347.96897248 0.382077 5.9881 0.859791 0.096084 0.039007
217100 -9238.77234365 1325.27623389 0.375645 5.9881 0.859791 0.096084 0.057966
217200 -9271.61152473 1357.45715467 0.384767 5.9881 0.859791 0.096084 -0.021953
217300 -9251.59131614 1332.82711112 0.377785 5.9881 0.859791 0.096084 0.006138
217400 -9261.52851413 1377.85996416 0.390550 5.9881 0.859791 0.096084 -0.017671
217500 -9244.48023317 1388.95673300 0.393695 5.9892 0.855180 0.096785 0.014012
217600 -9233.33461604 1349.44394545 0.382495 5.9892 0.855180 0.096785 0.006780
217700 -9247.61901937 1335.90505567 0.378658 5.9892 0.855180 0.096785 -0.025497
217800 -9244.56146789 1332.57317880 0.377713 5.9892 0.855180 0.096785 -0.005732
217900 -9252.53631235 1308.22584640 0.370812 5.9892 0.855180 0.096785 -0.008569
218000 -9298.06120588 1367.90323130 0.387728 5.9898 0.866163 0.093095 -0.101674
218100 -9285.34483204 1319.25717681 0.373939 5.9898 0.866163 0.093095 -0.061152
218200 -9279.18564582 1324.32249380 0.375375 5.9898 0.866163 0.093095 -0.014762
218300 -9272.81077765 1312.25971513 0.371956 5.9898 0.866163 0.093095 -0.003293
218400 -9208.42629478 1314.77906943 0.372670 5.9898 0.866163 0.093095 0.124313
218500 -9267.45753767 1347.84600743 0.382043 5.9926 0.857089 0.093749 -0.029288
218600 -9241.74175189 1348.80478963 0.382314 5.9926 0.857089 0.093749 0.017442
218700 -9244.29649066 1323.56399680 0.375160 5.9926 0.857089 0.093749 0.021466
218800 -9253.11545070 1323.68892048 0.375195 5.9926 0.857089 0.093749 0.002928
218900 -9236.51643613 1330.23343363 0.377050 5.9926 0.857089 0.093749 0.051109
219000 -9250.99118401 1337.06530021 0.378987 5.9932 0.857795 0.095908 0.023991
219100 -9257.26339565 1350.40894542 0.382769 5.9932 0.857795 0.095908 -0.011952
219200 -9230.40585022 1341.77414066 0.380321 5.9932 0.857795 0.095908 0.065040
219300 -9239.93106548 1312.99124082 0.372163 5.9932 0.857795 0.095908 0.022271
219400 -9226.29072105 1353.65318497 0.383689 5.9932 0.857795 0.095908 0.045190
219500 -9243.92581825 1354.20458144 0.383845 5.9892 0.858166 0.096701 -0.010158
219600 -9228.79022550 1345.47550279 0.381371 5.9892 0.858166 0.096701 0.030024
219700 -9219.08049479 1348.76480459 0.382303 5.9892 0.858166 0.096701 0.040987
219800 -9264.40847443 1349.04229954 0.382382 5.9892 0.858166 0.096701 -0.046745
219900 -9230.37620430 1325.72332550 0.375772 5.9892 0.858166 0.096701 0.024715
220000 -9272.96469929 1363.43194098 0.386460 5.9904 0.863074 0.093859 -0.055486
220100 -9257.82472086 1326.04883404 0.375864 5.9904 0.863074 0.093859 -0.027332
220200 -9221.27117932 1324.83192665 0.375519 5.9904 0.863074 0.093859 0.042936
220300 -9215.55250521 1311.09856445 0.371627 5.9904 0.863074 0.093859 0.063074
220400 -9226.83506393 1345.25385063 0.381308 5.9904 0.863074 0.093859 0.026552
220500 -9281.94962222 1365.89832359 0.387159 5.9887 0.859275 0.095377 -0.082073
220600 -9231.95399767 1339.09686527 0.379563 5.9887 0.859275 0.095377 0.024572
220700 -9231.15586285 1388.53094787 0.393575 5.9887 0.859275 0.095377 0.032417
220800 -9194.22907282 1379.64232735 0.391055 5.9887 0.859275 0.095377 0.094615
220900 -9223.02744926 1390.26577645 0.394066 5.9887 0.859275 0.095377 0.006649
221000 -9223.10167863 1349.78917935 0.382593 5.9864 0.852108 0.098843 0.012845
221100 -9195.68908246 1348.36864536 0.382191 5.9864 0.852108 0.098843 0.037418
221200 -9229.51589940 1350.99690520 0.382936 5.9864 0.852108 0.098843 -0.019322
221300 -9214.28439376 1319.46416488 0.373998 5.9864 0.852108 0.098843 -0.011933
221400 -9223.90503593 1367.17041430 0.387520 5.9864 0.852108 0.098843 -0.009417
221500 -9215.31960066 1346.91069738 0.381777 5.9858 0.849352 0.096962 -0.007733
221600 -9224.65806260 1352.95911747 0.383492 5.9858 0.849352 0.096962 -0.019799
221700 -9207.34717853 1345.89574875 0.381490 5.9858 0.849352 0.096962 0.018031
221800 -9225.97218338 1351.02277561 0.382943 5.9858 0.849352 0.096962 -0.039950
221900 -9255.36422637 1363.29378011 0.386421 5.9858 0.849352 0.096962 -0.073940
222000 -9225.65074613 1317.99081053 0.373580 5.9904 0.853636 0.095477 -0.012847
222100 -9250.66049687 1334.85074350 0.378359 5.9904 0.853636 0.095477 -0.036969
222200 -9230.86613568 1355.14488721 0.384111 5.9904 0.853636 0.095477 -0.002759
222300 -9235.76869412 1378.65330293 0.390775 5.9904 0.853636 0.095477 -0.002886
222400 -9189.23313575 1362.23903512 0.386122 5.9904 0.853636 0.095477 0.079501
222500 -9213.58403951 1327.57638429 0.376297 5.9881 0.849162 0.097717 0.023548
222600 -9216.76974268 1341.35228242 0.380202 5.9881 0.849162 0.097717 -0.000431
222700 -9232.84306747 1308.39489208 0.370860 5.9881 0.849162 0.097717 -0.030883
222800 -9272.15223251 1328.77198785 0.376636 5.9881 0.849162 0.097717 -0.089364
222900 -9254.61878990 1347.74616345 0.382014 5.9881 0.849162 0.097717 -0.033371
223000 -9245.97107465 1328.25591988 0.376490 5.9960 0.853853 0.095821 -0.025509
223100 -9232.10467822 1329.18665491 0.376754 5.9960 0.853853 0.095821 0.008469
223200 -9237.78596615 1357.91160133 0.384896 5.9960 0.853853 0.095821 0.000994
223300 -9249.67751972 1358.78423291 0.385143 5.9960 0.853853 0.095821 -0.025475
223400 -9233.59498896 1329.79131907 0.376925 5.9960 0.853853 0.095821 0.006228
223500 -9244.78760112 1373.13069934 0.389209 5.9858 0.855504 0.095938 -0.003510
223600 -9237.11603362 1352.66468905 0.383408 5.9858 0.855504 0.095938 0.009277
223700 -9191.32941521 1334.09806126 0.378146 5.9858 0.855504 0.095938 0.094217
223800 -9235.01619992 1344.06154441 0.380970 5.9858 0.855504 0.095938 -0.012717
223900 -9230.93743280 1312.01035337 0.371885 5.9858 0.855504 0.095938 -0.001661
224000 -9264.56299731 1358.40601874 0.385036 5.9921 0.860518 0.095058 -0.055000
224100 -9217.73481209 1318.92360901 0.373845 5.9921 0.860518 0.095058 0.060924
224200 -9246.08755636 1325.53245254 0.375718 5.9921 0.860518 0.095058 -0.001090
224300 -9252.64191065 1349.53599471 0.382522 5.9921 0.860518 0.095058 -0.018727
224400 -9225.94284119 1337.70953616 0.379169 5.9921 0.860518 0.095058 0.038225
224500 -9282.88432286 1333.31545795 0.377924 5.9938 0.865405 0.093727 -0.097724
224600 -9295.46904665 1348.78948773 0.382310 5.9938 0.865405 0.093727 -0.079538
224700 -9248.78982261 1281.29230737 0.363178 5.9938 0.865405 0.093727 0.010934
224800 -9274.92020343 1304.86302561 0.369859 5.9938 0.865405 0.093727 -0.016517
224900 -9267.91931025 1346.23839338 0.381587 5.9938 0.865405 0.093727 0.004683
225000 -9264.27379724 1365.43994796 0.387029 5.9921 0.862787 0.094322 -0.002941
225100 -9280.83845128 1394.92624014 0.395387 5.9921 0.862787 0.094322 -0.042329
225200 -9208.51096669 1353.02459003 0.383510 5.9921 0.862787 0.094322 0.110788
225300 -9231.08652826 1368.41207107 0.387872 5.9921 0.862787 0.094322 0.035904
225400 -9244.73579624 1336.64228881 0.378867 5.9921 0.862787 0.094322 -0.009692
225500 -9271.18344047 1337.12726067 0.379004 5.9830 0.853284 0.096045 -0.054522
225600 -9263.57679206 1368.05971988 0.387772 5.9830 0.853284 0.096045 -0.030499
225700 -9242.65409304 1334.38418557 0.378227 5.9830 0.853284 0.096045 -0.008087
225800 -9249.72881940 1318.29065974 0.373665 5.9830 0.853284 0.096045 -0.003408
225900 -9214.02140833 1348.03469197 0.382096 5.9830 0.853284 0.096045 0.074219
226000 -9219.77413574 1355.90096561 0.384326 5.9870 0.851825 0.096496 0.048133
226100 -9205.65015256 1363.40550425 0.386453 5.9870 0.851825 0.096496 0.042355
226200 -9209.88369979 1347.49863759 0.381944 5.9870 0.851825 0.096496 0.033982
226300 -9201.84044299 1313.79326157 0.372390 5.9870 0.851825 0.096496 0.065836
226400 -9249.64453730 1348.32806756 0.382179 5.9870 0.851825 0.096496 -0.076414
226500 -9220.20321698 1344.23743523 0.381020 5.9881 0.852310 0.097724 0.006358
226600 -9256.45645385 1337.01139267 0.378971 5.9881 0.852310 0.097724 -0.076929
226700 -9240.77050558 1333.93943806 0.378101 5.9881 0.852310 0.097724 -0.004931
226800 -9225.57867644 1334.63329286 0.378297 5.9881 0.852310 0.097724 0.018641
226900 -9235.92302389 1355.70541797 0.384270 5.9881 0.852310 0.097724 0.015739
227000 -9257.91134934 1363.93539952 0.386603 5.9892 0.855167 0.095562 -0.039846
227100 -9243.37799777 1347.76731898 0.382020 5.9892 0.855167 0.095562 0.009079
227200 -9228.92270535 1368.46806106 0.387888 5.9892 0.855167 0.095562 0.037457
227300 -9215.52665219 1334.64618111 0.378301 5.9892 0.855167 0.095562 0.037830
227400 -9243.38733826 1320.95943186 0.374422 5.9892 0.855167 0.095562 -0.009903
227500 -9258.97313314 1369.18489588 0.388091 5.9892 0.860952 0.095337 -0.031312
227600 -9237.53229707 1325.33326924 0.375661 5.9892 0.860952 0.095337 0.002213
227700 -9191.13511602 1298.08178159 0.367937 5.9892 0.860952 0.095337 0.076717
227800 -9230.99265937 1361.91362081 0.386030 5.9892 0.860952 0.095337 -0.004553
227900 -9224.24258489 1333.66208127 0.378022 5.9892 0.860952 0.095337 0.020769
228000 -9253.21272256 1360.24891132 0.385558 5.9836 0.847490 0.096669 -0.026884
228100 -9214.33153423 1320.26316508 0.374224 5.9836 0.847490 0.096669 0.058574
228200 -9242.28586845 1327.04350809 0.376146 5.9836 0.847490 0.096669 0.015307
228300 -9263.28581308 1287.68298899 0.364990 5.9836 0.847490 0.096669 -0.070791
228400 -9260.42889637 1308.23367279 0.370815 5.9836 0.847490 0.096669 -0.020060
228500 -9277.68055417 1374.33066005 0.389550 5.9802 0.855542 0.096732 -0.024564
228600 -9249.71175266 1316.51401826 0.373162 5.9802 0.855542 0.096732 0.003151
228700 -9239.08365024 1338.51329680 0.379397 5.9802 0.855542 0.096732 0.033530
228800 -9251.97959925 1366.75316151 0.387402 5.9802 0.855542 0.096732 0.003550
228900 -9263.87762086 1357.72964843 0.384844 5.9802 0.855542 0.096732 -0.009301
229000 -9264.74324000 1354.40533303 0.383902 5.9864 0.859067 0.095005 -0.029024
229100 -9235.43374597 1336.93809367 0.378951 5.9864 0.859067 0.095005 0.024892
229200 -9241.76592369 1338.56512552 0.379412 5.9864 0.859067 0.095005 -0.004507
229300 -9242.64965372 1309.09086901 0.371058 5.9864 0.859067 0.095005 0.007303
229400 -9266.89547816 1305.39753681 0.370011 5.9864 0.859067 0.095005 -0.033192
229500 -9267.05808409 1346.01223223 0.381523 5.9870 0.861437 0.096101 -0.017116
229600 -9272.54096403 1397.57272027 0.396137 5.9870 0.861437 0.096101 -0.036073
229700 -9249.84187768 1374.03001318 0.389464 5.9870 0.861437 0.096101 0.009913
229800 -9272.00528868 1353.37102083 0.383609 5.9870 0.861437 0.096101 -0.063446
229900 -9233.61185447 1304.51533009 0.369761 5.9870 0.861437 0.096101 0.029538
230000 -9234.31668433 1320.49391845 0.374290 5.9853 0.846361 0.099291 0.038341
230100 -9269.72635717 1330.98206941 0.377262 5.9853 0.846361 0.099291 -0.053548
230200 -9251.74820522 1313.24010147 0.372234 5.9853 0.846361 0.099291 0.004236
230300 -9249.59413705 1321.09182500 0.374459 5.9853 0.846361 0.099291 0.004017
230400 -9257.17887790 1302.85466494 0.369290 5.9853 0.846361 0.099291 -0.001741
230500 -9270.15026892 1323.57796546 0.375164 5.9898 0.859267 0.094545 -0.008338
230600 -9262.82424513 1346.17766155 0.381570 5.9898 0.859267 0.094545 -0.001502
230700 -9260.69301893 1329.96561255 0.376974 5.9898 0.859267 0.094545 -0.010415
230800 -9266.24989978 1344.45997150 0.381083 5.9898 0.859267 0.094545 0.005653
230900 -9252.02935577 1340.04907502 0.379833 5.9898 0.859267 0.094545 0.022910
231000 -9237.94450539 1338.99811419 0.379535 5.9870 0.856304 0.096423 0.033451
231100 -9287.90318897 1352.03758484 0.383231 5.9870 0.856304 0.096423 -0.067212
231200 -9264.93868150 1303.62615687 0.369509 5.9870 0.856304 0.096423 -0.024186
231300 -9253.95006105 1315.81881726 0.372965 5.9870 0.856304 0.096423 0.009133
231400 -9275.46756313 1338.33459220 0.379347 5.9870 0.856304 0.096423 -0.018924
231500 -9284.47102668 1345.95141308 0.381506 5.9943 0.859434 0.093784 -0.031408
231600 -9252.60867312 1313.64740396 0.372349 5.9943 0.859434 0.093784 0.039110
231700 -9265.15716691 1357.29173313 0.384720 5.9943 0.859434 0.093784 0.003072
231800 -9229.37501506 1350.69992982 0.382851 5.9943 0.859434 0.093784 0.087527
231900 -9260.13650830 1379.44020328 0.390998 5.9943 0.859434 0.093784 -0.005154
232000 -9249.99656444 1330.79895624 0.377211 5.9904 0.858105 0.095136 -0.005245
232100 -9220.39620379 1320.70141714 0.374348 5.9904 0.858105 0.095136 0.060631
232200 -9262.81149598 1315.35318162 0.372833 5.9904 0.858105 0.095136 -0.027873
232300 -9245.95203603 1338.74672215 0.379463 5.9904 0.858105 0.095136 0.009757
232400 -9266.32813853 1351.63216488 0.383116 5.9904 0.858105 0.095136 -0.051305
232500 -9225.78763721 1350.35972683 0.382755 5.9881 0.853659 0.096114 0.051196
232600 -9249.95470097 1356.02888827 0.384362 5.9881 0.853659 0.096114 0.002902
232700 -9233.83627547 1370.29624598 0.388406 5.9881 0.853659 0.096114 0.043241
232800 -9237.52971608 1356.81411047 0.384584 5.9881 0.853659 0.096114 0.007229
232900 -9235.09435162 1347.51711257 0.381949 5.9881 0.853659 0.096114 -0.013458
233000 -9215.14732077 1331.83412649 0.377504 5.9915 0.854028 0.096112 0.029131
233100 -9208.03984089 1362.17698455 0.386105 5.9915 0.854028 0.096112 0.047800
233200 -9221.14183202 1354.67827970 0.383979 5.9915 0.854028 0.096112 0.027444
233300 -9233.70619907 1351.08670456 0.382961 5.9915 0.854028 0.096112 -0.019674
233400 -9222.18122262 1332.63438793 0.377731 5.9915 0.854028 0.096112 -0.002102
233500 -9227.11055103 1335.24635135 0.378471 5.9875 0.850379 0.096056 0.007550
233600 -9248.39278178 1352.71568419 0.383423 5.9875 0.850379 0.096056 -0.042637
233700 -9227.91763123 1299.35364849 0.368298 5.9875 0.850379 0.096056 0.003706
233800 -9251.70949080 1335.29815965 0.378486 5.9875 0.850379 0.096056 -0.009929
233900 -9183.18221982 1313.24992910 0.372236 5.9875 0.850379 0.096056 0.133017
234000 -9240.28016296 1324.29423986 0.375367 5.9881 0.854641 0.096960 -0.005364
234100 -9252.10650276 1334.44406698 0.378244 5.9881 0.854641 0.096960 -0.004545
234200 -9246.91417942 1352.82040950 0.383452 5.9881 0.854641 0.096960 -0.003269
234300 -9233.51451862 1357.41668582 0.384755 5.9881 0.854641 0.096960 0.020624
234400 -9270.74171139 1357.60010906 0.384807 5.9881 0.854641 0.096960 -0.066061
234500 -9230.16937889 1318.26217481 0.373657 5.9892 0.851317 0.096511 0.030098
234600 -9255.45089000 1329.21633523 0.376762 5.9892 0.851317 0.096511 -0.009269
234700 -9269.02103392 1338.79019997 0.379476 5.9892 0.851317 0.096511 -0.040452
234800 -9248.38085165 1342.72314820 0.380590 5.9892 0.851317 0.096511 0.022549
234900 -9252.51217126 1311.39486266 0.371711 5.9892 0.851317 0.096511 0.014645
235000 -9291.06517158 1318.98498141 0.373862 5.9909 0.865090 0.092407 -0.067260
235100 -9297.64243924 1325.97712114 0.375844 5.9909 0.865090 0.092407 -0.048327
235200 -9293.61854663 1337.13236727 0.379006 5.9909 0.865090 0.092407 -0.019786
235300 -9285.38083934 1354.84601467 0.384027 5.9909 0.865090 0.092407 -0.017631
235400 -9255.37324902 1344.29944282 0.381037 5.9909 0.865090 0.092407 0.052986
235500 -9265.94237963 1346.01590635 0.381524 5.9892 0.859806 0.095333 0.006148
235600 -9251.07187390 1341.12458921 0.380137 5.9892 0.859806 0.095333 0.031945
235700 -9235.74626941 1337.24019863 0.379036 5.9892 0.859806 0.095333 0.045589
235800 -9231.59494460 1332.19370085 0.377606 5.9892 0.859806 0.095333 0.043712
235900 -9232.29560893 1326.28646290 0.375932 5.9892 0.859806 0.095333 0.042389
236000 -9252.58564031 1284.46310023 0.364077 5.9909 0.855359 0.094914 -0.008666
236100 -9272.67084055 1318.59841071 0.373752 5.9909 0.855359 0.094914 -0.046868
236200 -9272.47643365 1348.88958509 0.382338 5.9909 0.855359 0.094914 -0.022856
236300 -9267.36926420 1371.95723112 0.388877 5.9909 0.855359 0.094914 -0.006858
236400 -9284.94283913 1304.38955382 0.369725 5.9909 0.855359 0.094914 -0.042440
236500 -9272.27604579 1315.44831593 0.372859 5.9938 0.859623 0.095065 -0.002406
236600 -9284.79436895 1321.06866103 0.374453 5.9938 0.859623 0.095065 -0.000156
236700 -9269.99880180 1336.41771060 0.378803 5.9938 0.859623 0.095065 0.010137
236800 -9243.09667161 1320.11035271 0.374181 5.9938 0.859623 0.095065 0.052886
236900 -9269.31002697 1346.62414218 0.381696 5.9938 0.859623 0.095065 -0.005161
237000 -9271.90773052 1332.72797638 0.377757 5.9909 0.859839 0.094591 -0.018239
237100 -9266.05094268 1369.05951931 0.388055 5.9909 0.859839 0.094591 -0.002984
237200 -9261.90251674 1362.31658497 0.386144 5.9909 0.859839 0.094591 0.004388
237300 -9246.62320079 1362.66910829 0.386244 5.9909 0.859839 0.094591 0.017304
237400 -9248.03187151 1349.98419821 0.382649 5.9909 0.859839 0.094591 0.007962
237500 -9253.84145658 1340.88142152 0.380068 5.9938 0.860113 0.094251 -0.003361
237600 -9237.03118813 1329.36354760 0.376804 5.9938 0.860113 0.094251 0.027267
237700 -9265.91068626 1335.35322882 0.378501 5.9938 0.860113 0.094251 -0.022108
237800 -9266.25733461 1302.87920301 0.369297 5.9938 0.860113 0.094251 -0.016850
237900 -9303.24922488 1376.63189063 0.390202 5.9938 0.860113 0.094251 -0.082414
238000 -9248.19469971 1351.63824343 0.383117 5.9921 0.853297 0.095865 0.035288
238100 -9218.44243437 1347.38824311 0.381913 5.9921 0.853297 0.095865 0.058399
238200 -9225.77831108 1369.69293514 0.388235 5.9921 0.853297 0.095865 0.035207
238300 -9245.43661481 1380.59297738 0.391325 5.9921 0.853297 0.095865 -0.012493
238400 -9206.75864052 1314.35541033 0.372550 5.9921 0.853297 0.095865 0.049099
238500 -9224.92582654 1326.75679995 0.376065 5.9881 0.855171 0.095909 0.019153
238600 -9246.12231073 1330.95876694 0.377256 5.9881 0.855171 0.095909 -0.015113
238700 -9223.24194497 1334.80691356 0.378347 5.9881 0.855171 0.095909 0.046193
238800 -9251.88042585 1330.83820391 0.377222 5.9881 0.855171 0.095909 -0.026152
238900 -9270.28930419 1362.19128245 0.386109 5.9881 0.855171 0.095909 -0.052555
239000 -9232.55334434 1341.28215500 0.380182 5.9949 0.851568 0.095935 0.030096
239100 -9225.04663741 1342.41308174 0.380503 5.9949 0.851568 0.095935 0.019840
239200 -9231.26721823 1368.48061042 0.387891 5.9949 0.851568 0.095935 0.025381
239300 -9240.97800123 1362.28609954 0.386136 5.9949 0.851568 0.095935 -0.020508
239400 -9259.04238862 1335.08636582 0.378426 5.9949 0.851568 0.095935 -0.065712
239500 -9245.44318406 1337.29916223 0.379053 5.9875 0.855398 0.096149 0.005756
239600 -9226.56881200 1346.29373178 0.381603 5.9875 0.855398 0.096149 0.038241
239700 -9225.77460744 1360.49742626 0.385629 5.9875 0.855398 0.096149 0.023534
239800 -9242.08343388 1382.93137822 0.391987 5.9875 0.855398 0.096149 -0.018198
239900 -9211.91638025 1378.89304844 0.390843 5.9875 0.855398 0.096149 0.048213
240000 -9217.56081839 1336.78752019 0.378908 5.9853 0.851313 0.096691 0.016548
240100 -9242.21294466 1343.75132770 0.380882 5.9853 0.851313 0.096691 -0.037545
240200 -9220.91657163 1342.74367821 0.380596 5.9853 0.851313 0.096691 0.026573
240300 -9262.23998404 1406.96699351 0.398800 5.9853 0.851313 0.096691 -0.053614
240400 -9208.04870715 1344.64561978 0.381135 5.9853 0.851313 0.096691 0.032077
240500 -9248.61507332 1339.18342955 0.379587 5.9875 0.860244 0.095255 -0.043965
240600 -9260.01860619 1323.33973794 0.375096 5.9875 0.860244 0.095255 -0.053716
240700 -9258.44222771 1294.57354410 0.366943 5.9875 0.860244 0.095255 -0.040069
240800 -9275.69706995 1346.43505130 0.381643 5.9875 0.860244 0.095255 -0.031345
240900 -9275.09615519 1366.22075317 0.387251 5.9875 0.860244 0.095255 -0.043486
241000 -9272.37508987 1336.96498204 0.378958 5.9943 0.859313 0.094500 -0.037245
241100 -9288.01478355 1299.37010004 0.368302 5.9943 0.859313 0.094500 -0.061064
241200 -9272.70394135 1328.72577184 0.376623 5.9943 0.859313 0.094500 0.000296
241300 -9244.85844420 1314.97112989 0.372724 5.9943 0.859313 0.094500 0.051606
241400 -9300.07575754 1304.43988519 0.369739 5.9943 0.859313 0.094500 -0.064713
241500 -9284.14003823 1337.15599279 0.379012 5.9858 0.858701 0.095751 -0.011629
241600 -9285.23205401 1286.63304985 0.364692 5.9858 0.858701 0.095751 -0.018455
241700 -9280.57492150 1292.28861386 0.366295 5.9858 0.858701 0.095751 0.001679
241800 -9284.94393356 1326.57039337 0.376012 5.9858 0.858701 0.095751 0.010014
241900 -9253.10744335 1346.49934049 0.381661 5.9858 0.858701 0.095751 0.059167
242000 -9243.43466577 1348.65193937 0.382271 5.9841 0.851379 0.097600 0.072216
242100 -9270.45226339 1341.03491910 0.380112 5.9841 0.851379 0.097600 -0.007849
242200 -9256.48415211 1337.03755052 0.378979 5.9841 0.851379 0.097600 0.013914
242300 -9248.12530945 1372.32212004 0.388980 5.9841 0.851379 0.097600 0.023599
242400 -9228.53325067 1319.46099730 0.373997 5.9841 0.851379 0.097600 0.039676
242500 -9272.25080139 1366.98810429 0.387468 5.9921 0.855855 0.094418 -0.039050
242600 -9248.36795602 1328.13458480 0.376455 5.9921 0.855855 0.094418 0.015531
242700 -9271.83748861 1342.39256056 0.380497 5.9921 0.855855 0.094418 -0.024380
242800 -9262.28182875 1358.63537601 0.385101 5.9921 0.855855 0.094418 -0.005711
242900 -9242.57094512 1331.26377697 0.377342 5.9921 0.855855 0.094418 0.021146
243000 -9269.23572243 1385.44927937 0.392701 5.9921 0.860506 0.093325 -0.032091
243100 -9229.39137394 1363.29413054 0.386421 5.9921 0.860506 0.093325 0.035443
243200 -9222.90557395 1329.92285613 0.376962 5.9921 0.860506 0.093325 0.022806
243300 -9225.05209526 1342.49676701 0.380526 5.9921 0.860506 0.093325 0.008627
243400 -9235.06606644 1363.60176391 0.386508 5.9921 0.860506 0.093325 0.007167
243500 -9229.94382542 1332.88320746 0.377801 5.9836 0.851732 0.098697 -0.003595
243600 -9203.26554192 1337.02580725 0.378976 5.9836 0.851732 0.098697 0.058837
243700 -9221.92922646 1334.40418297 0.378232 5.9836 0.851732 0.098697 0.005708
243800 -9235.27126699 1327.15933160 0.376179 5.9836 0.851732 0.098697 0.000037
243900 -9259.67351665 1329.24805657 0.376771 5.9836 0.851732 0.098697 -0.025155
244000 -9253.01579716 1337.88313358 0.379219 5.9915 0.854275 0.097110 -0.002218
244100 -9261.32141421 1325.31607683 0.375656 5.9915 0.854275 0.097110 -0.033977
244200 -9256.00453228 1332.87367416 0.377799 5.9915 0.854275 0.097110 -0.002835
244300 -9246.42259306 1337.32260821 0.379060 5.9915 0.854275 0.097110 0.011246
244400 -9251.74409131 1326.52367790 0.375999 5.9915 0.854275 0.097110 -0.016131
244500 -9279.58326402 1312.10399420 0.371912 5.9904 0.859005 0.094586 -0.042919
244600 -9229.57704595 1303.46557771 0.369463 5.9904 0.859005 0.094586 0.063127
244700 -9262.59767919 1318.87703560 0.373831 5.9904 0.859005 0.094586 0.007287
244800 -9282.28858091 1338.74332546 0.379462 5.9904 0.859005 0.094586 -0.027449
244900 -9249.42739807 1332.19226912 0.377606 5.9904 0.859005 0.094586 0.023077
245000 -9277.97307160 1328.44449833 0.376543 5.9898 0.860458 0.094489 -0.029828
245100 -9291.95884796 1338.36635671 0.379356 5.9898 0.860458 0.094489 -0.043085
245200 -9296.01131652 1297.29963549 0.367715 5.9898 0.860458 0.094489 -0.047307
245300 -9281.86665344 1282.98434873 0.363658 5.9898 0.860458 0.094489 -0.007039
245400 -9304.03146886 1346.53810920 0.381672 5.9898 0.860458 0.094489 -0.033669
245500 -9286.81372096 1352.16401532 0.383266 5.9875 0.858206 0.095046 0.005173
245600 -9251.34980157 1298.78628412 0.368137 5.9875 0.858206 0.095046 0.074828
245700 -9266.78227454 1309.45352956 0.371160 5.9875 0.858206 0.095046 0.030842
245800 -9231.02043250 1331.15340243 0.377311 5.9875 0.858206 0.095046 0.119639
245900 -9268.19441585 1325.37091166 0.375672 5.9875 0.858206 0.095046 0.020589
246000 -9278.60788846 1333.24519518 0.377904 5.9887 0.854474 0.095562 0.008258
246100 -9260.36540705 1329.16976776 0.376749 5.9887 0.854474 0.095562 0.025198
246200 -9267.97539264 1314.17412151 0.372498 5.9887 0.854474 0.095562 0.020595
246300 -9280.80495669 1352.98785447 0.383500 5.9887 0.854474 0.095562 -0.011621
246400 -9270.35651020 1336.76483897 0.378902 5.9887 0.854474 0.095562 0.008488
246500 -9279.84065237 1374.85372915 0.389698 5.9932 0.863414 0.093874 -0.019253
246600 -9250.74995322 1337.92565075 0.379231 5.9932 0.863414 0.093874 0.023963
246700 -9242.73684030 1341.56699515 0.380263 5.9932 0.863414 0.093874 0.040797
246800 -9235.94301910 1354.81943906 0.384019 5.9932 0.863414 0.093874 0.068955
246900 -9248.68422014 1353.94254578 0.383771 5.9932 0.863414 0.093874 0.021944
247000 -9257.74458851 1367.15523830 0.387516 5.9853 0.858393 0.096716 -0.024787
247100 -9223.50526784 1305.27674468 0.369976 5.9853 0.858393 0.096716 0.055032
247200 -9252.77746169 1377.49054374 0.390445 5.9853 0.858393 0.096716 -0.004555
247300 -9233.10663758 1359.03030724 0.385213 5.9853 0.858393 0.096716 0.020723
247400 -9251.92962930 1384.90488806 0.392547 5.9853 0.858393 0.096716 -0.049476
247500 -9252.04685950 1352.28159394 0.383300 5.9887 0.857796 0.095185 -0.033782
247600 -9197.04956726 1343.59017064 0.380836 5.9887 0.857796 0.095185 0.066191
247700 -9264.08877668 1373.28534150 0.389253 5.9887 0.857796 0.095185 -0.070002
247800 -9239.32376218 1342.74579368 0.380597 5.9887 0.857796 0.095185 -0.023307
247900 -9227.83083226 1372.34761324 0.388987 5.9887 0.857796 0.095185 0.026577
248000 -9255.68843328 1375.10529509 0.389769 5.9881 0.861927 0.095117 -0.046673
248100 -9244.71726810 1383.29455928 0.392090 5.9881 0.861927 0.095117 -0.017848
248200 -9231.20947277 1354.63338311 0.383966 5.9881 0.861927 0.095117 0.007202
248300 -9249.12945577 1335.10226174 0.378430 5.9881 0.861927 0.095117 -0.027389
248400 -9256.49847967 1340.27927626 0.379898 5.9881 0.861927 0.095117 -0.050855
248500 -9275.75892594 1354.26128036 0.383861 5.9881 0.858880 0.095221 -0.081557
248600 -9263.81070070 1325.89181999 0.375820 5.9881 0.858880 0.095221 -0.040065
248700 -9283.45136146 1318.19984819 0.373639 5.9881 0.858880 0.095221 -0.065028
248800 -9250.51231642 1345.55331097 0.381393 5.9881 0.858880 0.095221 0.023295
248900 -9224.09945720 1337.81459079 0.379199 5.9881 0.858880 0.095221 0.059642
249000 -9231.36937487 1342.01253885 0.380389 5.9790 0.851808 0.098916 0.033086
249100 -9236.51704963 1368.14154045 0.387795 5.9790 0.851808 0.098916 0.007559
249200 -9205.31645694 1356.84787613 0.384594 5.9790 0.851808 0.098916 0.059841
249300 -9248.89766460 1357.36672320 0.384741 5.9790 0.851808 0.098916 -0.028912
249400 -9234.44058666 1322.91642944 0.374976 5.9790 0.851808 0.098916 -0.006865
249500 -9281.82997639 1368.69183730 0.387951 5.9892 0.855078 0.095110 -0.095449
249600 -9275.96168622 1347.00432783 0.381804 5.9892 0.855078 0.095110 -0.076429
249700 -9248.65514791 1313.36441993 0.372269 5.9892 0.855078 0.095110 -0.005587
249800 -9261.91359345 1336.28589964 0.378766 5.9892 0.855078 0.095110 -0.034096
249900 -9237.51255582 1310.51377121 0.371461 5.9892 0.855078 0.095110 0.027809
250000 -9224.94890775 1299.41223041 0.368314 5.9892 0.856870 0.096676 0.071246
250100 -9289.34957326 1356.03352635 0.384363 5.9892 0.856870 0.096676 -0.078678
250200 -9271.90262101 1369.43614861 0.388162 5.9892 0.856870 0.096676 -0.027953
250300 -9257.29469959 1327.38652080 0.376243 5.9892 0.856870 0.096676 -0.022044
250400 -9263.16275676 1343.20742969 0.380728 5.9892 0.856870 0.096676 -0.015427
250500 -9250.33928150 1326.45781028 0.375980 5.9875 0.856008 0.095104 0.038149
250600 -9277.98220196 1318.63078956 0.373762 5.9875 0.856008 0.095104 -0.031800
250700 -9269.46312640 1330.57660052 0.377148 5.9875 0.856008 0.095104 -0.010196
250800 -9244.56271020 1321.15954748 0.374478 5.9875 0.856008 0.095104 0.027451
250900 -9244.54049558 1338.94762454 0.379520 5.9875 0.856008 0.095104 0.057596
251000 -9260.97047553 1344.29265932 0.381035 5.9938 0.859381 0.095553 0.000791
251100 -9256.99521240 1352.26441319 0.383295 5.9938 0.859381 0.095553 -0.004396
251200 -9275.57506521 1378.12966846 0.390626 5.9938 0.859381 0.095553 -0.027444
251300 -9257.42104339 1344.59003700 0.381120 5.9938 0.859381 0.095553 -0.029214
251400 -9265.07211099 1342.23428768 0.380452 5.9938 0.859381 0.095553 -0.037313
251500 -9255.53650312 1342.48237881 0.380522 5.9932 0.853860 0.095791 -0.010637
251600 -9269.48726111 1329.45323280 0.376829 5.9932 0.853860 0.095791 -0.038977
251700 -9275.02014982 1367.18012652 0.387523 5.9932 0.853860 0.095791 -0.032349
251800 -9239.93156572 1393.71842150 0.395045 5.9932 0.853860 0.095791 0.034490
251900 -9176.81639323 1350.53008908 0.382803 5.9932 0.853860 0.095791 0.137580
252000 -9222.69120588 1375.24532612 0.389809 5.9892 0.851680 0.096802 0.021885
252100 -9216.50100068 1336.21891385 0.378747 5.9892 0.851680 0.096802 -0.000110
252200 -9241.71230685 1334.08930764 0.378143 5.9892 0.851680 0.096802 -0.024660
252300 -9258.65536912 1333.45888328 0.377965 5.9892 0.851680 0.096802 -0.063052
252400 -9263.16119526 1313.01632659 0.372170 5.9892 0.851680 0.096802 -0.032285
252500 -9257.22290052 1337.38905445 0.379079 5.9887 0.856511 0.095237 -0.008994
252600 -9224.85195057 1344.60079468 0.381123 5.9887 0.856511 0.095237 0.040603
252700 -9270.99094024 1360.73139181 0.385695 5.9887 0.856511 0.095237 -0.060708
252800 -9263.96519835 1322.34720417 0.374815 5.9887 0.856511 0.095237 -0.042542
252900 -9259.75225408 1356.56088334 0.384513 5.9887 0.856511 0.095237 -0.019587
253000 -9236.69988226 1339.69065884 0.379731 5.9881 0.850665 0.096953 0.054179
253100 -9238.36421971 1326.64606870 0.376033 5.9881 0.850665 0.096953 0.019203
253200 -9240.85328202 1380.21636920 0.391218 5.9881 0.850665 0.096953 0.012634
253300 -9224.23021689 1375.20426414 0.389797 5.9881 0.850665 0.096953 0.026734
253400 -9236.38175743 1359.52568581 0.385353 5.9881 0.850665 0.096953 -0.009531
253500 -9258.12863562 1364.91928917 0.386882 5.9943 0.858193 0.094106 -0.072358
253600 -9245.96215551 1357.17862875 0.384688 5.9943 0.858193 0.094106 -0.022904
253700 -9233.29078240 1307.22455382 0.370529 5.9943 0.858193 0.094106 -0.017475
253800 -9258.57895559 1323.32864959 0.375093 5.9943 0.858193 0.094106 -0.043445
253900 -9247.15323095 1328.42421770 0.376537 5.9943 0.858193 0.094106 -0.004584
254000 -9235.62633240 1332.47210168 0.377685 5.9847 0.845981 0.098179 0.014229
254100 -9266.26080702 1307.84859459 0.370705 5.9847 0.845981 0.098179 -0.057469
254200 -9286.38732176 1312.75734477 0.372097 5.9847 0.845981 0.098179 -0.069933
254300 -9242.77842992 1317.40669387 0.373415 5.9847 0.845981 0.098179 0.054520
254400 -9251.98281614 1319.17927059 0.373917 5.9847 0.845981 0.098179 0.013390
254500 -9261.24201099 1339.21603216 0.379596 5.9875 0.858837 0.094878 -0.016522
254600 -9221.53955507 1312.97230877 0.372158 5.9875 0.858837 0.094878 0.074227
254700 -9264.85502442 1313.36328488 0.372269 5.9875 0.858837 0.094878 -0.024562
254800 -9267.65501335 1357.96672723 0.384911 5.9875 0.858837 0.094878 -0.025648
254900 -9250.25679760 1352.62343792 0.383397 5.9875 0.858837 0.094878 0.010808
255000 -9239.29109031 1343.79340722 0.380894 5.9915 0.858872 0.096220 0.018327
255100 -9240.42773810 1337.56230549 0.379128 5.9915 0.858872 0.096220 0.019763
255200 -9230.22189943 1333.49643340 0.377975 5.9915 0.858872 0.096220 0.038127
255300 -9249.67244910 1379.93826290 0.391139 5.9915 0.858872 0.096220 0.024344
255400 -9240.95830616 1326.83602844 0.376087 5.9915 0.858872 0.096220 0.010102
255500 -9238.26797010 1350.04195747 0.382665 5.9830 0.854251 0.096181 0.008578
255600 -9216.58239490 1326.29472410 0.375934 5.9830 0.854251 0.096181 0.066560
255700 -9234.18267069 1378.22116375 0.390652 5.9830 0.854251 0.096181 0.008264
255800 -9223.59173276 1397.69726673 0.396173 5.9830 0.854251 0.096181 0.003945
255900 -9201.89856962 1342.64917239 0.380569 5.9830 0.854251 0.096181 0.026572
256000 -9185.37468857 1317.62299894 0.373476 5.9870 0.845844 0.097647 0.061738
256100 -9207.53015646 1377.19874017 0.390362 5.9870 0.845844 0.097647 0.023764
256200 -9236.57670096 1362.90984493 0.386312 5.9870 0.845844 0.097647 -0.039762
256300 -9209.40722592 1331.90684661 0.377525 5.9870 0.845844 0.097647 0.024621
256400 -9248.28053579 1330.14862223 0.377026 5.9870 0.845844 0.097647 -0.061758
256500 -9286.96558185 1322.90318570 0.374973 5.9909 0.858653 0.094091 -0.107115
256600 -9282.03509226 1330.93189578 0.377248 5.9909 0.858653 0.094091 -0.095445
256700 -9261.16271279 1313.96497261 0.372439 5.9909 0.858653 0.094091 -0.017681
256800 -9270.13898147 1309.13936696 0.371071 5.9909 0.858653 0.094091 -0.025914
256900 -9277.45485083 1333.67708963 0.378026 5.9909 0.858653 0.094091 -0.017116
257000 -9272.38794697 1319.47412615 0.374001 5.9898 0.858051 0.093027 -0.016334
257100 -9246.61162162 1310.35145271 0.371415 5.9898 0.858051 0.093027 0.049277
257200 -9255.61996167 1324.89184299 0.375536 5.9898 0.858051 0.093027 0.010948
257300 -9282.47654420 1303.29057727 0.369413 5.9898 0.858051 0.093027 -0.035961
257400 -9271.13002198 1304.54228430 0.369768 5.9898 0.858051 0.093027 0.012075
257500 -9294.63471248 1332.84251449 0.377790 5.9904 0.863053 0.094117 -0.027592
257600 -9307.96140847 1330.00791292 0.376986 5.9904 0.863053 0.094117 -0.052613
257700 -9300.73931057 1358.43326624 0.385043 5.9904 0.863053 0.094117 -0.027771
257800 -9258.01367848 1330.36236059 0.377087 5.9904 0.863053 0.094117 0.071187
257900 -9260.46107962 1331.40347851 0.377382 5.9904 0.863053 0.094117 0.055884
258000 -9263.10279296 1306.50809646 0.370325 5.9858 0.855630 0.096014 0.029001
258100 -9300.83846551 1322.02888412 0.374725 5.9858 0.855630 0.096014 -0.063317
258200 -9276.72002711 1298.10688149 0.367944 5.9858 0.855630 0.096014 0.013864
258300 -9294.61382363 1360.84417356 0.385727 5.9858 0.855630 0.096014 -0.017705
258400 -9295.18043976 1301.98501272 0.369043 5.9858 0.855630 0.096014 -0.020710
258500 -9284.95000644 1330.87394799 0.377232 5.9921 0.858081 0.094355 0.004174
258600 -9302.00607167 1352.44721263 0.383347 5.9921 0.858081 0.094355 -0.037456
258700 -9278.63720225 1343.74607590 0.380880 5.9921 0.858081 0.094355 -0.002097
258800 -9276.22191278 1341.79448174 0.380327 5.9921 0.858081 0.094355 -0.012774
258900 -9289.18520408 1326.85749967 0.376093 5.9921 0.858081 0.094355 -0.025301
259000 -9257.90195771 1324.27337353 0.375361 5.9887 0.855581 0.094767 0.033582
259100 -9265.10086599 1321.13544361 0.374471 5.9887 0.855581 0.094767 0.022476
259200 -9280.77641884 1336.87309094 0.378932 5.9887 0.855581 0.094767 -0.014691
259300 -9268.39539966 1332.48305673 0.377688 5.9887 0.855581 0.094767 0.007024
259400 -9269.18108626 1343.08115770 0.380692 5.9887 0.855581 0.094767 0.006688
259500 -9255.66434188 1344.53868315 0.381105 5.9881 0.853023 0.096516 0.044232
259600 -9237.27747111 1331.36233521 0.377370 5.9881 0.853023 0.096516 0.057633
259700 -9233.24304933 1321.93688878 0.374699 5.9881 0.853023 0.096516 0.054067
259800 -9247.40490799 1343.11600554 0.380702 5.9881 0.853023 0.096516 0.026224
259900 -9263.18266591 1356.36123791 0.384456 5.9881 0.853023 0.096516 -0.008793
260000 -9266.76732634 1312.92669655 0.372145 5.9898 0.858260 0.095739 -0.007864
260100 -9267.79608768 1356.86032409 0.384598 5.9898 0.858260 0.095739 0.004577
260200 -9285.20107712 1390.12565197 0.394027 5.9898 0.858260 0.095739 -0.037788
260300 -9275.79784647 1331.84364469 0.377507 5.9898 0.858260 0.095739 -0.054649
260400 -9262.58727059 1363.15765579 0.386383 5.9898 0.858260 0.095739 -0.007633
260500 -9259.69307117 1327.44957622 0.376261 5.9870 0.856815 0.095724 -0.014762
260600 -9256.27657212 1359.87744741 0.385453 5.9870 0.856815 0.095724 0.003948
260700 -9233.60344608 1367.48519078 0.387609 5.9870 0.856815 0.095724 0.018748
260800 -9252.48979941 1358.44379226 0.385046 5.9870 0.856815 0.095724 -0.018555
260900 -9253.05347264 1342.73122903 0.380593 5.9870 0.856815 0.095724 -0.024646
261000 -9236.85622014 1365.64572968 0.387088 5.9909 0.858606 0.094471 0.020040
261100 -9230.74397784 1350.89863077 0.382908 5.9909 0.858606 0.094471 0.020727
261200 -9244.66720947 1342.64622499 0.380569 5.9909 0.858606 0.094471 -0.006602
261300 -9256.89027445 1383.09907099 0.392035 5.9909 0.858606 0.094471 -0.040294
261400 -9277.46672244 1356.96133015 0.384626 5.9909 0.858606 0.094471 -0.090147
261500 -9241.28872423 1331.01570119 0.377272 5.9898 0.853568 0.096833 -0.008169
261600 -9273.72355256 1379.97219615 0.391149 5.9898 0.853568 0.096833 -0.052699
261700 -9267.50760375 1362.15861503 0.386099 5.9898 0.853568 0.096833 -0.033026
261800 -9271.14440709 1305.06329771 0.369916 5.9898 0.853568 0.096833 -0.060387
261900 -9279.08779858 1300.25545301 0.368553 5.9898 0.853568 0.096833 -0.053372
262000 -9282.69398822 1321.09873057 0.374461 5.9921 0.858007 0.095331 -0.051099
262100 -9291.44540023 1302.88132688 0.369297 5.9921 0.858007 0.095331 -0.029061
262200 -9242.89776865 1310.29637068 0.371399 5.9921 0.858007 0.095331 0.065870
262300 -9214.33739206 1315.01260709 0.372736 5.9921 0.858007 0.095331 0.122034
262400 -9249.59271472 1359.07592603 0.385226 5.9921 0.858007 0.095331 0.021442
262500 -9263.98265325 1344.30989668 0.381040 5.9943 0.857664 0.093700 -0.016742
262600 -9273.15095782 1353.66854376 0.383693 5.9943 0.857664 0.093700 -0.038552
262700 -9283.54419608 1351.66411569 0.383125 5.9943 0.857664 0.093700 -0.040429
262800 -9299.30871142 1341.48414428 0.380239 5.9943 0.857664 0.093700 -0.090116
262900 -9257.13421748 1351.14937058 0.382979 5.9943 0.857664 0.093700 0.022394
263000 -9263.30128856 1347.08303293 0.381826 5.9898 0.853721 0.095248 -0.008963
263100 -9284.54910725 1347.36131931 0.381905 5.9898 0.853721 0.095248 -0.038442
263200 -9264.33629182 1347.10888035 0.381834 5.9898 0.853721 0.095248 0.010055
263300 -9281.54343315 1347.81301830 0.382033 5.9898 0.853721 0.095248 -0.027598
263400 -9248.25063720 1321.83872263 0.374671 5.9898 0.853721 0.095248 0.020605
263500 -9245.25688400 1367.72217842 0.387676 5.9881 0.856094 0.097119 0.049436
263600 -9251.88487793 1341.13913612 0.380141 5.9881 0.856094 0.097119 0.019736
263700 -9256.37982807 1343.78818566 0.380892 5.9881 0.856094 0.097119 0.000554
263800 -9260.23260160 1353.62107186 0.383679 5.9881 0.856094 0.097119 -0.005775
263900 -9271.88160262 1327.54112640 0.376287 5.9881 0.856094 0.097119 -0.043123
264000 -9240.45171222 1300.17379156 0.368530 5.9909 0.854602 0.096765 0.034126
264100 -9279.24558104 1329.93558896 0.376966 5.9909 0.854602 0.096765 -0.025297
264200 -9243.19601050 1293.56178201 0.366656 5.9909 0.854602 0.096765 0.041255
264300 -9255.44162106 1311.68747957 0.371794 5.9909 0.854602 0.096765 0.019020
264400 -9282.87303787 1311.48032364 0.371735 5.9909 0.854602 0.096765 -0.034234
264500 -9276.44140172 1325.32547415 0.375659 5.9926 0.859467 0.093758 -0.014751
264600 -9290.49266347 1298.26698084 0.367990 5.9926 0.859467 0.093758 -0.041684
264700 -9313.51043689 1324.54321738 0.375437 5.9926 0.859467 0.093758 -0.058078
264800 -9275.72140960 1318.56402240 0.373743 5.9926 0.859467 0.093758 0.038016
264900 -9277.41543079 1337.47220020 0.379102 5.9926 0.859467 0.093758 0.025950
265000 -9269.49705093 1330.05018272 0.376998 5.9904 0.860265 0.095512 0.028610
265100 -9263.95169495 1335.59029400 0.378569 5.9904 0.860265 0.095512 0.026283
265200 -9282.44147628 1391.47259184 0.394408 5.9904 0.860265 0.095512 -0.009473
265300 -9236.54244646 1362.04574382 0.386067 5.9904 0.860265 0.095512 0.051578
265400 -9243.21546423 1371.79833891 0.388832 5.9904 0.860265 0.095512 0.025129
265500 -9236.28425256 1377.17363733 0.390355 5.9887 0.851387 0.097057 0.017373
265600 -9247.02852197 1344.35935030 0.381054 5.9887 0.851387 0.097057 -0.019608
265700 -9237.17582158 1368.72320596 0.387960 5.9887 0.851387 0.097057 0.023539
265800 -9221.29672287 1334.54024010 0.378271 5.9887 0.851387 0.097057 0.013488
265900 -9276.31271552 1344.72967521 0.381159 5.9887 0.851387 0.097057 -0.061575
266000 -9260.96716712 1330.40514800 0.377099 5.9887 0.857151 0.095662 -0.018754
266100 -9282.15120925 1343.05614668 0.380685 5.9887 0.857151 0.095662 -0.085058
266200 -9280.31431526 1306.87588212 0.370430 5.9887 0.857151 0.095662 -0.047210
266300 -9288.18779005 1333.18477973 0.377887 5.9887 0.857151 0.095662 -0.046757
266400 -9274.44084981 1332.09493721 0.377578 5.9887 0.857151 0.095662 -0.008604
266500 -9290.21580586 1378.54768946 0.390745 5.9921 0.859797 0.094033 -0.027879
266600 -9267.13548036 1334.26233340 0.378192 5.9921 0.859797 0.094033 0.000463
266700 -9241.81927539 1335.13647436 0.378440 5.9921 0.859797 0.094033 0.040773
266800 -9279.47825223 1362.01965627 0.386060 5.9921 0.859797 0.094033 -0.037640
266900 -9276.69954854 1337.15891186 0.379013 5.9921 0.859797 0.094033 -0.028478
267000 -9258.85818201 1337.49103421 0.379107 5.9892 0.855285 0.095584 0.003437
267100 -9218.50302715 1362.09964450 0.386083 5.9892 0.855285 0.095584 0.094834
267200 -9226.88235111 1355.61720989 0.384245 5.9892 0.855285 0.095584 0.038313
267300 -9217.04505776 1359.15292326 0.385247 5.9892 0.855285 0.095584 0.053556
267400 -9249.00720106 1329.93699828 0.376966 5.9892 0.855285 0.095584 -0.021020
267500 -9247.46437201 1339.50041728 0.379677 5.9909 0.856833 0.095650 0.004603
267600 -9244.80719630 1356.70552699 0.384554 5.9909 0.856833 0.095650 0.004132
267700 -9221.92020196 1327.06810511 0.376153 5.9909 0.856833 0.095650 0.039393
267800 -9251.04870524 1334.87095602 0.378365 5.9909 0.856833 0.095650 -0.002558
267900 -9235.07217410 1329.18485920 0.376753 5.9909 0.856833 0.095650 0.031023
268000 -9237.50824779 1342.50663360 0.380529 5.9853 0.851577 0.098550 0.026533
268100 -9262.84102672 1324.41294533 0.375400 5.9853 0.851577 0.098550 -0.042395
268200 -9248.41626733 1295.09596206 0.367091 5.9853 0.851577 0.098550 -0.004011
268300 -9267.93173471 1309.57009163 0.371193 5.9853 0.851577 0.098550 -0.034278
268400 -9231.35501198 1283.14365126 0.363703 5.9853 0.851577 0.098550 0.075955
268500 -9268.04787531 1350.92865572 0.382916 5.9921 0.854917 0.095222 -0.029746
268600 -9242.07469694 1341.41809243 0.380221 5.9921 0.854917 0.095222 0.023349
268700 -9245.65437275 1316.55300082 0.373173 5.9921 0.854917 0.095222 0.038219
268800 -9249.62947844 1336.66605492 0.378874 5.9921 0.854917 0.095222 -0.003311
268900 -9252.53290552 1328.67199945 0.376608 5.9921 0.854917 0.095222 0.009526
269000 -9256.82016667 1335.10116893 0.378430 5.9858 0.860830 0.094242 0.007073
269100 -9233.96372124 1298.49849452 0.368055 5.9858 0.860830 0.094242 0.048970
269200 -9279.82435983 1341.15577099 0.380146 5.9858 0.860830 0.094242 -0.038404
269300 -9262.29036171 1298.78506063 0.368136 5.9858 0.860830 0.094242 0.003775
269400 -9263.68204245 1355.91081357 0.384328 5.9858 0.860830 0.094242 0.021961
269500 -9257.00270289 1327.71466983 0.376336 5.9858 0.857193 0.096882 0.024984
269600 -9282.09147311 1359.43923836 0.385329 5.9858 0.857193 0.096882 -0.040212
269700 -9239.76842867 1339.95449273 0.379806 5.9858 0.857193 0.096882 0.032847
269800 -9256.39861414 1307.96223369 0.370738 5.9858 0.857193 0.096882 0.000229
269900 -9264.82957189 1311.70920680 0.371800 5.9858 0.857193 0.096882 -0.017267
270000 -9237.25197208 1333.52041327 0.377982 5.9819 0.857810 0.096751 0.064250
270100 -9236.28917309 1325.61488353 0.375741 5.9819 0.857810 0.096751 0.049516
270200 -9254.37701913 1305.39715637 0.370011 5.9819 0.857810 0.096751 -0.008649
270300 -9225.39447648 1316.65059866 0.373200 5.9819 0.857810 0.096751 0.076606
270400 -9255.57052903 1312.29335226 0.371965 5.9819 0.857810 0.096751 0.001185
270500 -9278.82730107 1354.00469292 0.383788 5.9881 0.861369 0.093524 -0.025836
270600 -9246.18457936 1317.31494156 0.373389 5.9881 0.861369 0.093524 0.051657
270700 -9263.32084011 1350.32418046 0.382745 5.9881 0.861369 0.093524 -0.010737
270800 -9248.78028008 1329.70793437 0.376901 5.9881 0.861369 0.093524 0.012963
270900 -9267.57978480 1337.25304638 0.379040 5.9881 0.861369 0.093524 -0.043248
271000 -9272.29458863 1335.34437340 0.378499 5.9841 0.859586 0.095617 -0.045143
271100 -9264.59855616 1362.54585988 0.386209 5.9841 0.859586 0.095617 -0.003126
271200 -9271.41777462 1324.86489178 0.375529 5.9841 0.859586 0.095617 -0.037313
271300 -9236.59206933 1348.19434105 0.382141 5.9841 0.859586 0.095617 0.017387
271400 -9261.95332512 1377.32719795 0.390399 5.9841 0.859586 0.095617 -0.020611
271500 -9248.70831895 1361.69567560 0.385968 5.9938 0.863868 0.093831 0.006602
271600 -9262.67493722 1367.78425411 0.387694 5.9938 0.863868 0.093831 -0.010249
271700 -9237.21673677 1359.94983833 0.385473 5.9938 0.863868 0.093831 0.042378
271800 -9240.71184425 1353.30408776 0.383590 5.9938 0.863868 0.093831 0.003624
271900 -9200.79650458 1311.77754253 0.371819 5.9938 0.863868 0.093831 0.080097
272000 -9219.54402751 1342.65945611 0.380572 5.9841 0.850409 0.098742 0.041918
272100 -9250.63527214 1349.75974905 0.382585 5.9841 0.850409 0.098742 -0.031553
272200 -9261.42993395 1331.57519057 0.377431 5.9841 0.850409 0.098742 -0.039680
272300 -9269.22296969 1340.50282999 0.379961 5.9841 0.850409 0.098742 -0.039173
272400 -9256.86091508 1332.61763836 0.377726 5.9841 0.850409 0.098742 -0.001933
272500 -9266.88414555 1342.65883593 0.380572 5.9892 0.858304 0.096039 -0.025860
272600 -9239.53230689 1351.32265310 0.383028 5.9892 0.858304 0.096039 0.039232
272700 -9222.23036140 1348.16453681 0.382133 5.9892 0.858304 0.096039 0.067530
272800 -9261.29994351 1346.43646629 0.381643 5.9892 0.858304 0.096039 -0.028213
272900 -9279.55589757 1356.95423701 0.384624 5.9892 0.858304 0.096039 -0.062149
273000 -9215.14787136 1342.71205737 0.380587 5.9875 0.849328 0.099025 0.081346
273100 -9210.46120795 1351.42219279 0.383056 5.9875 0.849328 0.099025 0.068069
273200 -9258.35107769 1352.39216766 0.383331 5.9875 0.849328 0.099025 -0.041919
273300 -9249.62829318 1313.80499023 0.372394 5.9875 0.849328 0.099025 -0.013649
273400 -9283.24802151 1353.40617669 0.383619 5.9875 0.849328 0.099025 -0.069438
273500 -9269.92684804 1335.36677980 0.378505 5.9887 0.860523 0.093863 -0.026911
273600 -9290.92728670 1351.51314087 0.383082 5.9887 0.860523 0.093863 -0.051568
273700 -9263.09840283 1326.00423914 0.375852 5.9887 0.860523 0.093863 0.020741
273800 -9269.30938978 1309.83208329 0.371268 5.9887 0.860523 0.093863 -0.016125
273900 -9248.19654678 1327.47318076 0.376268 5.9887 0.860523 0.093863 0.034440
274000 -9225.04370321 1333.12182032 0.377869 5.9870 0.848350 0.097254 0.088348
274100 -9232.45241143 1329.90772639 0.376958 5.9870 0.848350 0.097254 0.054874
274200 -9232.25170125 1358.50578490 0.385064 5.9870 0.848350 0.097254 0.065874
274300 -9254.26314913 1372.95923970 0.389161 5.9870 0.848350 0.097254 -0.017240
274400 -9247.25408268 1355.47268305 0.384204 5.9870 0.848350 0.097254 -0.002619
274500 -9225.29819615 1359.16192361 0.385250 5.9847 0.851817 0.096819 0.048914
274600 -9235.00889033 1370.20239282 0.388379 5.9847 0.851817 0.096819 0.000941
274700 -9232.13900062 1365.47884007 0.387040 5.9847 0.851817 0.096819 -0.005017
274800 -9253.15880384 1338.14677009 0.379293 5.9847 0.851817 0.096819 -0.050708
274900 -9249.01996196 1334.57573792 0.378281 5.9847 0.851817 0.096819 -0.034880
275000 -9227.96200777 1318.50278309 0.373725 5.9898 0.853078 0.097165 0.018159
275100 -9250.74385610 1362.63530709 0.386234 5.9898 0.853078 0.097165 -0.021633
275200 -9232.49959217 1339.64469469 0.379718 5.9898 0.853078 0.097165 0.038770
275300 -9265.25192596 1358.23380131 0.384987 5.9898 0.853078 0.097165 -0.048894
275400 -9245.84016158 1342.74831318 0.380598 5.9898 0.853078 0.097165 -0.005115
275500 -9236.21941903 1334.47107990 0.378251 5.9864 0.851091 0.096255 0.023339
275600 -9222.61816296 1319.89592999 0.374120 5.9864 0.851091 0.096255 0.032043
275700 -9256.68912498 1347.45964404 0.381933 5.9864 0.851091 0.096255 -0.036904
275800 -9264.01822358 1347.19100554 0.381857 5.9864 0.851091 0.096255 -0.061800
275900 -9219.53157844 1323.11585634 0.375033 5.9864 0.851091 0.096255 0.067669
276000 -9244.00511878 1332.89074805 0.377804 5.9881 0.849750 0.097063 -0.002744
276100 -9231.09576572 1324.12042292 0.375318 5.9881 0.849750 0.097063 0.027128
276200 -9287.42124004 1375.16598740 0.389786 5.9881 0.849750 0.097063 -0.080540
276300 -9270.18615452 1343.32932407 0.380762 5.9881 0.849750 0.097063 -0.048035
276400 -9227.11851206 1315.55446181 0.372890 5.9881 0.849750 0.097063 0.054767
276500 -9241.75765625 1326.25812059 0.375924 5.9909 0.853410 0.096197 0.001723
276600 -9267.41408994 1346.41653776 0.381637 5.9909 0.853410 0.096197 -0.014978
276700 -9240.02435406 1350.83221607 0.382889 5.9909 0.853410 0.096197 0.028616
276800 -9236.09511061 1322.51351442 0.374862 5.9909 0.853410 0.096197 0.013261
276900 -9244.97033196 1345.48205713 0.381372 5.9909 0.853410 0.096197 0.014537
277000 -9236.22539334 1320.58979344 0.374317 5.9864 0.850415 0.096997 0.024296
277100 -9257.05238090 1343.08607229 0.380693 5.9864 0.850415 0.096997 -0.030236
277200 -9253.15836380 1350.51689413 0.382800 5.9864 0.850415 0.096997 0.000142
277300 -9252.92594316 1326.32382897 0.375942 5.9864 0.850415 0.096997 -0.014825
277400 -9221.72611255 1306.08945370 0.370207 5.9864 0.850415 0.096997 0.050878
277500 -9273.21661349 1357.27902844 0.384716 5.9921 0.860245 0.094025 -0.065105
277600 -9259.44854520 1374.80419766 0.389684 5.9921 0.860245 0.094025 -0.015644
277700 -9283.49327994 1375.40073340 0.389853 5.9921 0.860245 0.094025 -0.071154
277800 -9252.94288398 1340.60115421 0.379989 5.9921 0.860245 0.094025 -0.019829
277900 -9254.52957010 1332.95891677 0.377823 5.9921 0.860245 0.094025 -0.014490
278000 -9263.49086944 1375.60072014 0.389910 5.9926 0.858321 0.094324 -0.022590
278100 -9237.75499368 1359.19310800 0.385259 5.9926 0.858321 0.094324 0.012618
278200 -9253.51603782 1330.15789686 0.377029 5.9926 0.858321 0.094324 -0.023064
278300 -9256.12981581 1354.49947545 0.383928 5.9926 0.858321 0.094324 -0.002202
278400 -9249.66296156 1336.20714831 0.378744 5.9926 0.858321 0.094324 0.000223
278500 -9249.18832871 1343.92400567 0.380931 5.9887 0.855578 0.096532 0.021986
278600 -9224.89114777 1296.28744475 0.367428 5.9887 0.855578 0.096532 0.051819
278700 -9262.80940518 1351.84050831 0.383175 5.9887 0.855578 0.096532 -0.015151
278800 -9274.46989919 1365.88694722 0.387156 5.9887 0.855578 0.096532 -0.032394
278900 -9249.46236131 1303.51822700 0.369478 5.9887 0.855578 0.096532 -0.002372
279000 -9271.27471845 1331.76757901 0.377485 5.9870 0.858013 0.095630 -0.027825
279100 -9269.01290367 1298.29650782 0.367998 5.9870 0.858013 0.095630 -0.026650
279200 -9298.51385510 1291.10308551 0.365959 5.9870 0.858013 0.095630 -0.064293
279300 -9256.43363353 1288.98251366 0.365358 5.9870 0.858013 0.095630 0.036318
279400 -9309.06777606 1316.51569793 0.373162 5.9870 0.858013 0.095630 -0.060011
279500 -9289.55766637 1320.65903671 0.374336 5.9887 0.860371 0.095017 -0.008772
279600 -9255.35980215 1324.79096341 0.375508 5.9887 0.860371 0.095017 0.063514
279700 -9284.28551206 1358.90414927 0.385177 5.9887 0.860371 0.095017 0.009297
279800 -9300.89216658 1337.13995272 0.379008 5.9887 0.860371 0.095017 -0.048604
279900 -9289.89840394 1345.65361167 0.381421 5.9887 0.860371 0.095017 -0.016527
280000 -9294.30278804 1307.14394643 0.370506 5.9943 0.861029 0.093185 -0.058079
280100 -9270.23315923 1290.30371573 0.365732 5.9943 0.861029 0.093185 0.032841
280200 -9274.49001380 1301.26451190 0.368839 5.9943 0.861029 0.093185 0.029913
280300 -9314.85688502 1323.58634893 0.375166 5.9943 0.861029 0.093185 -0.031273
280400 -9290.89892529 1310.97651546 0.371592 5.9943 0.861029 0.093185 -0.006005
280500 -9295.62625473 1333.15314836 0.377878 5.9915 0.861278 0.094415 -0.008887
280600 -9289.39742747 1382.38707102 0.391833 5.9915 0.861278 0.094415 0.007423
280700 -9245.80465716 1354.12368842 0.383822 5.9915 0.861278 0.094415 0.074688
280800 -9253.20975067 1347.01564088 0.381807 5.9915 0.861278 0.094415 0.035643
280900 -9244.50352156 1345.92522061 0.381498 5.9915 0.861278 0.094415 0.044943
281000 -9250.43814081 1360.70652188 0.385688 5.9904 0.855464 0.095224 0.025897
281100 -9263.61082605 1387.46715533 0.393273 5.9904 0.855464 0.095224 -0.019967
281200 -9272.83636505 1380.90112493 0.391412 5.9904 0.855464 0.095224 -0.039090
281300 -9238.58294412 1326.90149668 0.376106 5.9904 0.855464 0.095224 0.017479
281400 -9266.00908289 1350.35034491 0.382752 5.9904 0.855464 0.095224 -0.042015
281500 -9246.66094907 1337.66249598 0.379156 5.9926 0.855980 0.095741 0.017686
281600 -9222.84313132 1326.78571766 0.376073 5.9926 0.855980 0.095741 0.045522
281700 -9252.36856962 1344.65028705 0.381137 5.9926 0.855980 0.095741 -0.008357
281800 -9240.38819322 1320.34762295 0.374248 5.9926 0.855980 0.095741 0.008213
281900 -9288.72752044 1361.38495378 0.385880 5.9926 0.855980 0.095741 -0.082017
282000 -9244.24558717 1323.67687024 0.375192 5.9847 0.853487 0.096306 0.029510
282100 -9237.11578598 1324.80139689 0.375511 5.9847 0.853487 0.096306 0.035826
282200 -9216.88100882 1327.51618302 0.376280 5.9847 0.853487 0.096306 0.064457
282300 -9276.93001139 1365.68485308 0.387099 5.9847 0.853487 0.096306 -0.057964
282400 -9224.55951181 1360.27657287 0.385566 5.9847 0.853487 0.096306 0.054840
282500 -9223.61967544 1375.30873476 0.389827 5.9853 0.846287 0.097708 0.041125
282600 -9264.28513970 1370.27196451 0.388399 5.9853 0.846287 0.097708 -0.062050
282700 -9225.71528998 1333.01803583 0.377840 5.9853 0.846287 0.097708 0.016250
282800 -9236.95248067 1343.49897709 0.380810 5.9853 0.846287 0.097708 0.000361
282900 -9249.09777898 1325.90587779 0.375824 5.9853 0.846287 0.097708 -0.038830
283000 -9223.16333296 1314.67027513 0.372639 5.9864 0.852499 0.097737 0.033031
283100 -9224.06978029 1370.26928732 0.388398 5.9864 0.852499 0.097737 0.013418
283200 -9210.52259380 1341.11179246 0.380134 5.9864 0.852499 0.097737 0.048882
283300 -9195.12997278 1329.67491053 0.376892 5.9864 0.852499 0.097737 0.059135
283400 -9247.06788409 1312.69493803 0.372079 5.9864 0.852499 0.097737 -0.050338
283500 -9248.94424871 1334.41371980 0.378235 5.9870 0.852479 0.095895 -0.023089
283600 -9261.01420688 1342.00994369 0.380388 5.9870 0.852479 0.095895 -0.045834
283700 -9272.58263619 1319.19765348 0.373922 5.9870 0.852479 0.095895 -0.047143
283800 -9248.22537133 1318.94923924 0.373852 5.9870 0.852479 0.095895 0.021122
283900 -9264.29851553 1311.41546593 0.371716 5.9870 0.852479 0.095895 -0.009706
284000 -9253.95197419 1312.36118134 0.371984 5.9932 0.857250 0.097309 0.003170
284100 -9270.93602938 1343.17395270 0.380718 5.9932 0.857250 0.097309 -0.014986
284200 -9264.33593614 1340.12765351 0.379855 5.9932 0.857250 0.097309 -0.001246
284300 -9235.92397416 1313.00042825 0.372166 5.9932 0.857250 0.097309 0.055157
284400 -9245.86939654 1341.90672832 0.380359 5.9932 0.857250 0.097309 0.024741
284500 -9218.50010284 1341.55878375 0.380260 5.9847 0.848860 0.097785 0.083519
284600 -9255.54823619 1353.58469389 0.383669 5.9847 0.848860 0.097785 -0.012340
284700 -9239.99621816 1318.99087830 0.373864 5.9847 0.848860 0.097785 0.017509
284800 -9271.46497165 1331.98585975 0.377547 5.9847 0.848860 0.097785 -0.030738
284900 -9274.02268649 1322.94723355 0.374985 5.9847 0.848860 0.097785 -0.034040
285000 -9275.56380439 1319.58627321 0.374032 5.9875 0.857688 0.095564 -0.033943
285100 -9287.05059468 1361.16748804 0.385818 5.9875 0.857688 0.095564 -0.040428
285200 -9256.00275470 1314.26660270 0.372525 5.9875 0.857688 0.095564 0.016764
285300 -9256.49547284 1340.46588402 0.379951 5.9875 0.857688 0.095564 0.015236
285400 -9245.60568445 1344.31912698 0.381043 5.9875 0.857688 0.095564 0.036560
285500 -9228.05123615 1346.60386774 0.381690 5.9813 0.849125 0.098942 0.067340
285600 -9264.95455911 1344.81270288 0.381183 5.9813 0.849125 0.098942 -0.028901
285700 -9254.99835378 1335.52664222 0.378551 5.9813 0.849125 0.098942 -0.006947
285800 -9271.62650367 1325.42669862 0.375688 5.9813 0.849125 0.098942 -0.031123
285900 -9290.84677908 1331.58633365 0.377434 5.9813 0.849125 0.098942 -0.058948
286000 -9266.46863073 1351.44099052 0.383062 5.9904 0.857629 0.095060 -0.001798
286100 -9225.02887178 1344.85268221 0.381194 5.9904 0.857629 0.095060 0.094380
286200 -9254.13878572 1374.95011241 0.389725 5.9904 0.857629 0.095060 0.021351
286300 -9242.00293987 1370.71587666 0.388525 5.9904 0.857629 0.095060 0.019487
286400 -9229.07020665 1351.67078802 0.383127 5.9904 0.857629 0.095060 0.026478
286500 -9237.98091318 1308.30622178 0.370835 5.9864 0.855416 0.096872 0.001135
286600 -9247.26075836 1327.87136905 0.376381 5.9864 0.855416 0.096872 -0.028536
286700 -9283.12061275 1322.64049728 0.374898 5.9864 0.855416 0.096872 -0.090048
286800 -9283.77192512 1374.23069069 0.389521 5.9864 0.855416 0.096872 -0.054558
286900 -9271.48937296 1369.22869921 0.388103 5.9864 0.855416 0.096872 -0.029780
287000 -9211.82367128 1334.13037857 0.378155 5.9898 0.851523 0.097627 0.098875
287100 -9270.07873391 1337.29506753 0.379052 5.9898 0.851523 0.097627 -0.056293
287200 -9227.42237015 1342.90038666 0.380641 5.9898 0.851523 0.097627 0.032372
287300 -9214.35114417 1349.86440735 0.382615 5.9898 0.851523 0.097627 0.061378
287400 -9210.03914741 1363.06033045 0.386355 5.9898 0.851523 0.097627 0.049443
287500 -9225.37981505 1344.36401328 0.381056 5.9949 0.851752 0.095491 -0.002495
287600 -9241.45263017 1344.44444064 0.381078 5.9949 0.851752 0.095491 -0.017506
287700 -9249.32562508 1335.96507192 0.378675 5.9949 0.851752 0.095491 -0.027060
287800 -9286.80441733 1347.32559595 0.381895 5.9949 0.851752 0.095491 -0.086642
287900 -9236.27141802 1325.07614387 0.375588 5.9949 0.851752 0.095491 0.040267
288000 -9242.50748256 1336.34055638 0.378781 5.9892 0.854770 0.094045 0.019446
288100 -9232.89211913 1323.36923280 0.375105 5.9892 0.854770 0.094045 0.033477
288200 -9264.90689077 1309.19690120 0.371088 5.9892 0.854770 0.094045 -0.032117
288300 -9272.79424217 1326.33609312 0.375946 5.9892 0.854770 0.094045 -0.051753
288400 -9257.31325194 1300.57280385 0.368643 5.9892 0.854770 0.094045 -0.012699
288500 -9256.92404671 1316.58654428 0.373182 5.9892 0.859630 0.095449 0.007996
288600 -9258.04140272 1328.57479442 0.376580 5.9892 0.859630 0.095449 0.012136
288700 -9263.72898434 1359.64567920 0.385387 5.9892 0.859630 0.095449 0.014974
288800 -9229.19498337 1335.82758882 0.378636 5.9892 0.859630 0.095449 0.080094
288900 -9225.94673098 1320.41757645 0.374268 5.9892 0.859630 0.095449 0.057150
289000 -9285.40210514 1328.64594089 0.376600 5.9858 0.854778 0.097848 -0.073224
289100 -9245.50497222 1317.06930854 0.373319 5.9858 0.854778 0.097848 0.002965
289200 -9252.15722205 1344.91719024 0.381212 5.9858 0.854778 0.097848 0.005089
289300 -9259.74776595 1348.37162852 0.382192 5.9858 0.854778 0.097848 -0.018484
289400 -9261.09692075 1361.93279908 0.386035 5.9858 0.854778 0.097848 -0.005320
289500 -9259.53893805 1372.08559875 0.388913 5.9887 0.854939 0.097451 -0.013342
289600 -9242.60189446 1342.44698755 0.380512 5.9887 0.854939 0.097451 0.010364
289700 -9245.85832012 1390.22904573 0.394056 5.9887 0.854939 0.097451 -0.010095
289800 -9254.37971220 1353.20435432 0.383561 5.9887 0.854939 0.097451 -0.020229
289900 -9235.39103708 1347.13198355 0.381840 5.9887 0.854939 0.097451 0.020742
290000 -9243.44319032 1355.11009863 0.384102 5.9887 0.852553 0.096283 -0.007616
290100 -9209.60574247 1304.65847004 0.369801 5.9887 0.852553 0.096283 0.066144
290200 -9238.93322260 1324.68937744 0.375479 5.9887 0.852553 0.096283 -0.004555
290300 -9227.63102595 1313.60545518 0.372337 5.9887 0.852553 0.096283 0.034136
290400 -9236.04396872 1322.99821932 0.374999 5.9887 0.852553 0.096283 0.021196
290500 -9244.66825314 1338.50593573 0.379395 5.9864 0.849191 0.097901 0.001124
290600 -9228.90877991 1335.72001933 0.378605 5.9864 0.849191 0.097901 0.020247
290700 -9216.21106885 1325.91103329 0.375825 5.9864 0.849191 0.097901 0.048806
290800 -9242.69300265 1358.22734807 0.384985 5.9864 0.849191 0.097901 -0.013793
290900 -9221.59495369 1361.91426610 0.386030 5.9864 0.849191 0.097901 0.031192
291000 -9216.45154073 1332.88676799 0.377802 5.9858 0.852542 0.096726 0.018592
291100 -9253.07975299 1345.22100270 0.381298 5.9858 0.852542 0.096726 -0.036927
291200 -9230.80078215 1320.61520405 0.374324 5.9858 0.852542 0.096726 0.016141
291300 -9235.21911854 1329.79368092 0.376926 5.9858 0.852542 0.096726 -0.018369
291400 -9247.97593905 1320.65912875 0.374336 5.9858 0.852542 0.096726 -0.029549
291500 -9275.44100796 1330.27637517 0.377062 5.9892 0.861026 0.094434 -0.063817
291600 -9233.85981969 1297.31795839 0.367721 5.9892 0.861026 0.094434 0.006597
291700 -9271.24354342 1342.21371494 0.380446 5.9892 0.861026 0.094434 -0.056127
291800 -9260.26396961 1325.39180099 0.375678 5.9892 0.861026 0.094434 -0.011223
291900 -9242.81600661 1292.93923778 0.366479 5.9892 0.861026 0.094434 0.029703
292000 -9261.52851776 1306.38572726 0.370291 5.9892 0.857591 0.096049 0.005536
292100 -9279.21447750 1326.56938146 0.376012 5.9892 0.857591 0.096049 -0.029443
292200 -9290.02442907 1334.90299438 0.378374 5.9892 0.857591 0.096049 -0.055230
292300 -9287.76784259 1353.49871868 0.383645 5.9892 0.857591 0.096049 -0.035987
292400 -9265.19447749 1312.49372492 0.372022 5.9892 0.857591 0.096049 0.013969
292500 -9244.34768163 1348.82230761 0.382319 5.9870 0.859934 0.095336 0.062705
292600 -9262.72670835 1367.98747865 0.387752 5.9870 0.859934 0.095336 0.014564
292700 -9253.38896803 1308.46507553 0.370880 5.9870 0.859934 0.095336 0.002514
292800 -9275.43849458 1314.86719825 0.372695 5.9870 0.859934 0.095336 -0.021882
292900 -9326.82266852 1330.66604067 0.377173 5.9870 0.859934 0.095336 -0.102184
293000 -9299.98487463 1332.65719592 0.377737 5.9875 0.859791 0.093915 -0.036417
293100 -9282.15266066 1341.84351707 0.380341 5.9875 0.859791 0.093915 0.011964
293200 -9291.41277686 1349.73129307 0.382577 5.9875 0.859791 0.093915 -0.017538
293300 -9277.39999720 1330.44981813 0.377112 5.9875 0.859791 0.093915 -0.003913
293400 -9260.21308306 1336.04276374 0.378697 5.9875 0.859791 0.093915 0.037009
293500 -9263.22043928 1323.95346999 0.375270 5.9853 0.855173 0.096695 0.017324
293600 -9243.10012544 1298.56211094 0.368073 5.9853 0.855173 0.096695 0.049835
293700 -9255.06871599 1325.91297407 0.375826 5.9853 0.855173 0.096695 0.016324
293800 -9278.66818264 1336.50148206 0.378827 5.9853 0.855173 0.096695 -0.031899
293900 -9265.64181607 1304.08905788 0.369640 5.9853 0.855173 0.096695 -0.002995
294000 -9287.50917146 1298.64433801 0.368096 5.9887 0.861859 0.094351 -0.020105
294100 -9284.37327229 1326.96462561 0.376124 5.9887 0.861859 0.094351 -0.029563
294200 -9296.10271228 1358.05420622 0.384936 5.9887 0.861859 0.094351 -0.040709
294300 -9263.72177549 1321.17123605 0.374482 5.9887 0.861859 0.094351 0.038098
294400 -9257.69112807 1299.87407011 0.368445 5.9887 0.861859 0.094351 0.029115
294500 -9274.87794283 1320.22127953 0.374212 5.9926 0.862178 0.094874 -0.013635
294600 -9283.76778758 1286.31563983 0.364602 5.9926 0.862178 0.094874 -0.007312
294700 -9258.01903816 1327.17618677 0.376184 5.9926 0.862178 0.094874 0.042129
294800 -9299.40951336 1352.67119005 0.383410 5.9926 0.862178 0.094874 -0.052136
294900 -9279.80449966 1360.67909334 0.385680 5.9926 0.862178 0.094874 0.013602
295000 -9271.63498987 1357.03596508 0.384647 5.9875 0.863347 0.094821 0.009091
295100 -9254.20724633 1331.80432471 0.377496 5.9875 0.863347 0.094821 0.028324
295200 -9244.83533009 1291.60052683 0.366100 5.9875 0.863347 0.094821 0.023621
295300 -9257.31780762 1311.69406531 0.371795 5.9875 0.863347 0.094821 0.038851
295400 -9262.83416341 1332.34650032 0.377649 5.9875 0.863347 0.094821 0.003298
295500 -9244.88651867 1327.34029112 0.376230 5.9864 0.854879 0.096473 0.028415
295600 -9273.86729258 1364.20832791 0.386680 5.9864 0.854879 0.096473 -0.025526
295700 -9286.29869879 1350.62000076 0.382829 5.9864 0.854879 0.096473 -0.048914
295800 -9252.10875118 1328.24751501 0.376487 5.9864 0.854879 0.096473 0.006760
295900 -9254.90927684 1337.72458181 0.379174 5.9864 0.854879 0.096473 0.011336
296000 -9267.38139467 1351.67655535 0.383128 5.9892 0.859071 0.094578 -0.018393
296100 -9247.75672750 1336.90809049 0.378942 5.9892 0.859071 0.094578 0.043972
296200 -9296.09973932 1353.90635692 0.383760 5.9892 0.859071 0.094578 -0.067027
296300 -9258.07671494 1305.08983219 0.369923 5.9892 0.859071 0.094578 0.000172
296400 -9269.02192921 1320.43317371 0.374272 5.9892 0.859071 0.094578 -0.018951
296500 -9253.86427074 1309.52228048 0.371180 5.9858 0.858436 0.095125 0.042797
296600 -9270.74508902 1378.59029372 0.390757 5.9858 0.858436 0.095125 -0.003881
296700 -9229.14879814 1329.81378866 0.376931 5.9858 0.858436 0.095125 0.063140
296800 -9232.02587994 1318.66388092 0.373771 5.9858 0.858436 0.095125 0.055466
296900 -9251.74860125 1356.15926073 0.384399 5.9858 0.858436 0.095125 0.013304
297000 -9221.56282542 1334.37676352 0.378225 5.9943 0.853826 0.096184 0.066072
297100 -9244.57193414 1340.15075989 0.379861 5.9943 0.853826 0.096184 -0.004155
297200 -9238.42270650 1350.16570051 0.382700 5.9943 0.853826 0.096184 0.019118
297300 -9210.19166070 1321.06169297 0.374451 5.9943 0.853826 0.096184 0.064047
297400 -9231.75252325 1345.61365065 0.381410 5.9943 0.853826 0.096184 0.030567
297500 -9209.07065686 1310.05639586 0.371331 5.9864 0.850873 0.098658 0.069065
297600 -9238.69902271 1334.25033256 0.378189 5.9864 0.850873 0.098658 0.016943
297700 -9267.58612023 1342.69811381 0.380583 5.9864 0.850873 0.098658 -0.043779
297800 -9267.68910134 1318.53169564 0.373733 5.9864 0.850873 0.098658 -0.060315
297900 -9260.15091567 1300.12966193 0.368517 5.9864 0.850873 0.098658 -0.017447
298000 -9307.98906222 1359.90336906 0.385460 5.9892 0.857712 0.094661 -0.097790
298100 -9277.79118645 1342.68904758 0.380581 5.9892 0.857712 0.094661 -0.023745
298200 -9300.56539103 1321.68565199 0.374627 5.9892 0.857712 0.094661 -0.075623
298300 -9308.52751312 1318.87685819 0.373831 5.9892 0.857712 0.094661 -0.055492
298400 -9278.58499582 1312.95053610 0.372152 5.9892 0.857712 0.094661 0.037729
298500 -9276.66796017 1324.32713772 0.375376 5.9926 0.857369 0.094129 0.016538
298600 -9316.20386907 1326.95549162 0.376121 5.9926 0.857369 0.094129 -0.066063
298700 -9284.42443908 1367.26865323 0.387548 5.9926 0.857369 0.094129 0.031434
298800 -9274.39846254 1376.56485212 0.390183 5.9926 0.857369 0.094129 0.039566
298900 -9297.84239226 1373.23296311 0.389238 5.9926 0.857369 0.094129 -0.057310
299000 -9287.22883502 1344.60414818 0.381124 5.9881 0.861287 0.095570 -0.034143
299100 -9253.33885888 1277.76067287 0.362177 5.9881 0.861287 0.095570 0.029899
299200 -9292.69835108 1299.27484044 0.368275 5.9881 0.861287 0.095570 -0.035172
299300 -9270.32775903 1303.49321400 0.369471 5.9881 0.861287 0.095570 0.029221
299400 -9292.84820339 1299.14508187 0.368238 5.9881 0.861287 0.095570 -0.022667
299500 -9254.79669101 1296.50617429 0.367490 5.9898 0.852631 0.095047 0.042059
299600 -9264.80875281 1344.38242891 0.381061 5.9898 0.852631 0.095047 0.038269
299700 -9277.91007435 1379.13539014 0.390911 5.9898 0.852631 0.095047 -0.001930
299800 -9274.17322178 1332.74309988 0.377762 5.9898 0.852631 0.095047 0.003701
299900 -9280.72609319 1303.52295285 0.369479 5.9898 0.852631 0.095047 -0.012226
300000 -9284.71928345 1311.23124872 0.371664 5.9909 0.858265 0.094996 0.006326
300100 -9259.40856435 1334.86392947 0.378363 5.9909 0.858265 0.094996 0.055474
300200 -9262.65091850 1371.80696489 0.388834 5.9909 0.858265 0.094996 0.019050
300300 -9246.35218480 1320.09432012 0.374176 5.9909 0.858265 0.094996 0.044797
300400 -9257.91751167 1303.38169899 0.369439 5.9909 0.858265 0.094996 0.034995
300500 -9260.27581787 1375.61474871 0.389913 5.9870 0.853429 0.096990 0.028655
300600 -9273.50626220 1347.80878773 0.382032 5.9870 0.853429 0.096990 -0.030491
300700 -9250.27364527 1333.55145724 0.377991 5.9870 0.853429 0.096990 0.024639
300800 -9255.80928711 1318.87652569 0.373831 5.9870 0.853429 0.096990 0.008151
300900 -9248.54543366 1344.19935469 0.381009 5.9870 0.853429 0.096990 0.047855
301000 -9239.00734297 1338.89014736 0.379504 5.9841 0.850861 0.097592 0.048122
301100 -9243.96174140 1305.00679582 0.369900 5.9841 0.850861 0.097592 0.007186
301200 -9257.93687568 1315.95368034 0.373003 5.9841 0.850861 0.097592 -0.009879
301300 -9265.45424795 1328.43402449 0.376540 5.9841 0.850861 0.097592 -0.033277
301400 -9273.72444939 1318.94342530 0.373850 5.9841 0.850861 0.097592 -0.027967
301500 -9266.46870314 1312.02751512 0.371890 5.9904 0.857058 0.094953 -0.002984
301600 -9260.06887454 1283.77777927 0.363883 5.9904 0.857058 0.094953 0.021362
301700 -9247.19447360 1334.47599259 0.378253 5.9904 0.857058 0.094953 0.059165
301800 -9250.45713297 1340.86244321 0.380063 5.9904 0.857058 0.094953 0.029102
301900 -9260.13228422 1339.49372307 0.379675 5.9904 0.857058 0.094953 -0.006709
302000 -9274.99729447 1321.71683477 0.374636 5.9932 0.856363 0.093605 -0.052043
302100 -9257.37813564 1297.22017179 0.367693 5.9932 0.856363 0.093605 0.014272
302200 -9280.70415167 1342.31143370 0.380474 5.9932 0.856363 0.093605 -0.018561
302300 -9276.58355425 1339.69969766 0.379733 5.9932 0.856363 0.093605 -0.009564
302400 -9235.36059838 1325.18022778 0.375618 5.9932 0.856363 0.093605 0.050265
302500 -9250.79966701 1349.19482919 0.382425 5.9887 0.857938 0.094324 0.045589
302600 -9240.89209306 1329.80362546 0.376928 5.9887 0.857938 0.094324 0.033119
302700 -9243.42374854 1328.99788366 0.376700 5.9887 0.857938 0.094324 0.028913
302800 -9220.89072007 1348.95445642 0.382357 5.9887 0.857938 0.094324 0.060662
302900 -9262.04060281 1328.21010041 0.376477 5.9887 0.857938 0.094324 -0.021129
303000 -9239.65878264 1333.94317181 0.378102 5.9864 0.852244 0.096346 0.041104
303100 -9248.87189039 1347.04457140 0.381815 5.9864 0.852244 0.096346 -0.015896
303200 -9249.14835246 1346.58245067 0.381684 5.9864 0.852244 0.096346 0.019099
303300 -9269.46236174 1356.29130291 0.384436 5.9864 0.852244 0.096346 -0.023889
303400 -9233.53793994 1390.27698157 0.394069 5.9864 0.852244 0.096346 0.048695
303500 -9267.67886064 1338.91782176 0.379512 5.9909 0.857707 0.095100 -0.042835
303600 -9229.06397303 1312.98397462 0.372161 5.9909 0.857707 0.095100 0.040543
303700 -9238.61860390 1335.12831304 0.378438 5.9909 0.857707 0.095100 0.028202
303800 -9244.15628560 1319.74200631 0.374077 5.9909 0.857707 0.095100 0.007116
303900 -9213.35772847 1321.86261330 0.374678 5.9909 0.857707 0.095100 0.075906
304000 -9257.92776273 1357.91365949 0.384896 5.9858 0.853226 0.097664 -0.023045
304100 -9251.06558257 1358.03767907 0.384931 5.9858 0.853226 0.097664 -0.007420
304200 -9245.49637934 1356.88558141 0.384605 5.9858 0.853226 0.097664 0.006163
304300 -9246.50022722 1358.41026457 0.385037 5.9858 0.853226 0.097664 -0.010420
304400 -9239.35751332 1316.09017216 0.373041 5.9858 0.853226 0.097664 0.003822
304500 -9237.66805792 1376.12720420 0.390059 5.9892 0.851026 0.094542 0.021702
304600 -9246.99245030 1328.23311104 0.376483 5.9892 0.851026 0.094542 -0.023217
304700 -9252.15833980 1349.79940989 0.382596 5.9892 0.851026 0.094542 -0.021279
304800 -9234.91358396 1345.80130217 0.381463 5.9892 0.851026 0.094542 0.018176
304900 -9269.49294197 1337.93548880 0.379233 5.9892 0.851026 0.094542 -0.051015
305000 -9266.91743151 1331.95630714 0.377539 5.9898 0.855091 0.096543 -0.028487
305100 -9253.20427443 1335.87439214 0.378649 5.9898 0.855091 0.096543 0.013528
305200 -9269.62088047 1351.39588634 0.383049 5.9898 0.855091 0.096543 -0.042441
305300 -9230.92606113 1337.02303368 0.378975 5.9898 0.855091 0.096543 0.031226
305400 -9258.97752615 1340.66608523 0.380007 5.9898 0.855091 0.096543 -0.021104
305500 -9250.31235493 1330.13373935 0.377022 5.9847 0.854030 0.097071 0.002082
305600 -9248.57314431 1341.05676275 0.380118 5.9847 0.854030 0.097071 -0.013226
305700 -9247.32287344 1306.36114842 0.370284 5.9847 0.854030 0.097071 -0.028057
305800 -9222.30915080 1330.85161207 0.377226 5.9847 0.854030 0.097071 0.029574
305900 -9280.47573288 1371.91261717 0.388864 5.9847 0.854030 0.097071 -0.081986
306000 -9235.74577513 1346.67215980 0.381710 5.9875 0.853865 0.095898 0.031513
306100 -9274.78110883 1379.45791929 0.391003 5.9875 0.853865 0.095898 -0.027361
306200 -9222.78648576 1329.89818945 0.376955 5.9875 0.853865 0.095898 0.037013
306300 -9243.79842496 1369.39255566 0.388150 5.9875 0.853865 0.095898 0.019392
306400 -9233.16924038 1336.29120444 0.378767 5.9875 0.853865 0.095898 0.028715
306500 -9242.66711772 1309.64450038 0.371214 5.9926 0.854882 0.097561 -0.004983
306600 -9247.10529484 1328.49619278 0.376558 5.9926 0.854882 0.097561 0.018284
306700 -9251.03609020 1355.91039927 0.384328 5.9926 0.854882 0.097561 0.002165
306800 -9212.80772688 1371.53752069 0.388758 5.9926 0.854882 0.097561 0.081797
306900 -9245.15180324 1394.72020617 0.395329 5.9926 0.854882 0.097561 -0.011506
307000 -9226.42026627 1367.42132191 0.387591 5.9875 0.854894 0.095485 0.031208
307100 -9220.45789908 1297.15024593 0.367673 5.9875 0.854894 0.095485 0.007569
307200 -9270.28661501 1333.22671647 0.377899 5.9875 0.854894 0.095485 -0.076487
307300 -9285.28914352 1313.66742127 0.372355 5.9875 0.854894 0.095485 -0.076971
307400 -9283.83299801 1317.97825154 0.373577 5.9875 0.854894 0.095485 -0.059638
307500 -9327.13961206 1332.58736914 0.377718 5.9943 0.868272 0.091897 -0.120398
307600 -9295.02084166 1344.47418035 0.381087 5.9943 0.868272 0.091897 -0.023912
307700 -9284.25266177 1313.21629823 0.372227 5.9943 0.868272 0.091897 0.001168
307800 -9285.75950507 1302.47280260 0.369182 5.9943 0.868272 0.091897 -0.019443
307900 -9300.31290390 1292.85191535 0.366455 5.9943 0.868272 0.091897 -0.050703
308000 -9289.49672696 1304.06516130 0.369633 5.9898 0.862410 0.095285 0.007095
308100 -9260.82073596 1289.87883176 0.365612 5.9898 0.862410 0.095285 0.075698
308200 -9284.92949891 1347.07293159 0.381823 5.9898 0.862410 0.095285 0.002923
308300 -9290.21447318 1316.38623231 0.373125 5.9898 0.862410 0.095285 -0.012885
308400 -9246.34601569 1325.73834626 0.375776 5.9898 0.862410 0.095285 0.060426
308500 -9259.68840857 1355.77863391 0.384291 5.9915 0.858777 0.095109 0.042261
308600 -9235.15037260 1336.75488094 0.378899 5.9915 0.858777 0.095109 0.079496
308700 -9286.77493552 1309.27708340 0.371110 5.9915 0.858777 0.095109 -0.040057
308800 -9268.41433011 1312.38307292 0.371991 5.9915 0.858777 0.095109 0.009379
308900 -9278.38454074 1356.60757606 0.384526 5.9915 0.858777 0.095109 -0.015410
309000 -9242.66977920 1350.59600098 0.382822 5.9892 0.853478 0.096432 0.035079
309100 -9283.63903296 1365.56929646 0.387066 5.9892 0.853478 0.096432 -0.047440
309200 -9293.76361765 1325.55490299 0.375724 5.9892 0.853478 0.096432 -0.064320
309300 -9265.92445945 1323.92761626 0.375263 5.9892 0.853478 0.096432 0.017530
309400 -9263.24862313 1313.76080546 0.372381 5.9892 0.853478 0.096432 0.039665
309500 -9305.09472013 1343.62195540 0.380845 5.9881 0.861032 0.092586 -0.047854
309600 -9299.55024702 1292.92624668 0.366476 5.9881 0.861032 0.092586 -0.042385
309700 -9284.19503852 1302.08693274 0.369072 5.9881 0.861032 0.092586 0.014348
309800 -9258.21518035 1316.45688513 0.373145 5.9881 0.861032 0.092586 0.059246
309900 -9277.19910038 1370.45644010 0.388451 5.9881 0.861032 0.092586 0.032397
310000 -9301.57303094 1344.72024905 0.381157 5.9898 0.862785 0.094062 -0.065646
310100 -9255.68158208 1323.30845568 0.375087 5.9898 0.862785 0.094062 0.042991
310200 -9280.05256314 1351.75549780 0.383151 5.9898 0.862785 0.094062 -0.016340
310300 -9263.30284589 1352.58300164 0.383385 5.9898 0.862785 0.094062 0.014989
310400 -9235.91630942 1371.74070145 0.388815 5.9898 0.862785 0.094062 0.049631
310500 -9218.43533278 1380.26090151 0.391230 5.9892 0.854516 0.096310 0.061132
310600 -9250.36535847 1370.44712366 0.388449 5.9892 0.854516 0.096310 -0.036241
310700 -9222.82589038 1324.96772857 0.375558 5.9892 0.854516 0.096310 0.010568
310800 -9263.60079254 1366.98945580 0.387469 5.9892 0.854516 0.096310 -0.056964
310900 -9256.53150443 1349.26811893 0.382446 5.9892 0.854516 0.096310 -0.041096
311000 -9243.57738814 1327.90531968 0.376390 5.9898 0.854366 0.095487 0.006224
311100 -9253.37864876 1334.05731900 0.378134 5.9898 0.854366 0.095487 -0.020547
311200 -9259.83127847 1304.39858651 0.369727 5.9898 0.854366 0.095487 -0.014085
311300 -9276.75509250 1337.88458607 0.379219 5.9898 0.854366 0.095487 -0.020609
311400 -9228.10200187 1352.48352773 0.383357 5.9898 0.854366 0.095487 0.073855
311500 -9272.84596357 1341.31687435 0.380192 5.9853 0.856236 0.094188 -0.042362
311600 -9261.30271357 1362.55649964 0.386212 5.9853 0.856236 0.094188 -0.010797
311700 -9240.97324378 1348.37757868 0.382193 5.9853 0.856236 0.094188 0.015137
311800 -9276.12764729 1371.81433701 0.388836 5.9853 0.856236 0.094188 -0.065153
311900 -9250.08388333 1372.68663153 0.389084 5.9853 0.856236 0.094188 0.026010
312000 -9228.46870410 1366.23298231 0.387254 5.9915 0.854318 0.095987 0.032535
312100 -9212.01416584 1347.03862711 0.381814 5.9915 0.854318 0.095987 0.054536
312200 -9248.27351769 1365.26419033 0.386980 5.9915 0.854318 0.095987 -0.025447
312300 -9202.59622962 1337.62441248 0.379145 5.9915 0.854318 0.095987 0.049778
312400 -9248.53361334 1376.27981080 0.390102 5.9915 0.854318 0.095987 -0.045673
312500 -9212.54042008 1350.55706731 0.382811 5.9921 0.848428 0.095766 0.037087
312600 -9244.47880674 1356.62152761 0.384530 5.9921 0.848428 0.095766 -0.029053
312700 -9224.54417071 1294.82911263 0.367015 5.9921 0.848428 0.095766 -0.007060
312800 -9255.21976234 1328.46034932 0.376548 5.9921 0.848428 0.095766 -0.034235
312900 -9251.05414230 1328.12382269 0.376452 5.9921 0.848428 0.095766 -0.005376
313000 -9283.01374446 1342.99308013 0.380667 5.9904 0.861055 0.094031 -0.071775
313100 -9271.75016734 1308.67860981 0.370941 5.9904 0.861055 0.094031 -0.041697
313200 -9239.53352451 1311.87853499 0.371848 5.9904 0.861055 0.094031 0.048071
313300 -9279.96775796 1317.89767801 0.373554 5.9904 0.861055 0.094031 -0.035434
313400 -9261.00165730 1306.32225650 0.370273 5.9904 0.861055 0.094031 0.027379
313500 -9252.10228767 1320.76210150 0.374366 5.9881 0.861273 0.094362 0.045197
313600 -9257.13810098 1330.51642281 0.377131 5.9881 0.861273 0.094362 0.035164
313700 -9261.31762874 1316.93534460 0.373281 5.9881 0.861273 0.094362 0.003916
313800 -9271.56145724 1357.56445413 0.384797 5.9881 0.861273 0.094362 -0.005088
313900 -9251.03875615 1325.02743798 0.375575 5.9881 0.861273 0.094362 0.026928
314000 -9257.19825434 1323.63679391 0.375180 5.9892 0.859278 0.095677 0.002170
314100 -9289.52111808 1347.85895939 0.382046 5.9892 0.859278 0.095677 -0.048540
314200 -9273.97993461 1368.04674171 0.387768 5.9892 0.859278 0.095677 0.001452
314300 -9276.02311385 1360.79226510 0.385712 5.9892 0.859278 0.095677 -0.023490
314400 -9278.30430453 1355.48829357 0.384209 5.9892 0.859278 0.095677 -0.016569
314500 -9245.09726443 1305.96184044 0.370171 5.9881 0.853056 0.097045 0.033082
314600 -9238.02797946 1333.13398122 0.377872 5.9881 0.853056 0.097045 0.039428
314700 -9245.20659460 1341.21596726 0.380163 5.9881 0.853056 0.097045 0.010363
314800 -9240.49278453 1332.66439601 0.377739 5.9881 0.853056 0.097045 0.018516
314900 -9227.03079524 1318.44166263 0.373708 5.9881 0.853056 0.097045 0.064581
315000 -9274.57526705 1338.00271462 0.379252 5.9904 0.854914 0.095324 -0.036799
315100 -9227.39436727 1318.87572411 0.373831 5.9904 0.854914 0.095324 0.047240
315200 -9266.84246626 1315.46628489 0.372865 5.9904 0.854914 0.095324 -0.018873
315300 -9224.20954014 1311.96618507 0.371873 5.9904 0.854914 0.095324 0.069751
315400 -9263.75630785 1362.00360940 0.386055 5.9904 0.854914 0.095324 -0.037629
315500 -9231.73075122 1376.16858088 0.390070 5.9858 0.854722 0.096973 0.034190
315600 -9196.68593279 1347.27876557 0.381882 5.9858 0.854722 0.096973 0.080960
315700 -9223.55492099 1338.05271473 0.379267 5.9858 0.854722 0.096973 0.013790
315800 -9192.97147682 1325.59730473 0.375736 5.9858 0.854722 0.096973 0.074710
315900 -9248.76007533 1362.70439266 0.386254 5.9858 0.854722 0.096973 -0.040623
316000 -9241.18651532 1332.22300875 0.377614 5.9887 0.857318 0.095157 -0.022165
316100 -9246.15631311 1352.25285025 0.383292 5.9887 0.857318 0.095157 -0.012839
316200 -9237.22842464 1345.92368798 0.381498 5.9887 0.857318 0.095157 0.007755
316300 -9232.41625785 1319.58384954 0.374032 5.9887 0.857318 0.095157 0.009030
316400 -9245.28892435 1365.33061063 0.386998 5.9887 0.857318 0.095157 0.001400
316500 -9228.45433030 1325.82698532 0.375801 5.9881 0.851570 0.096351 0.021254
316600 -9251.25178843 1312.24669630 0.371952 5.9881 0.851570 0.096351 -0.013777
316700 -9246.62619476 1351.13249412 0.382974 5.9881 0.851570 0.096351 -0.003788
316800 -9255.94061117 1357.57714246 0.384801 5.9881 0.851570 0.096351 -0.018836
316900 -9218.02387082 1344.22100462 0.381015 5.9881 0.851570 0.096351 0.053858
317000 -9186.31674555 1305.27916697 0.369977 5.9887 0.850132 0.098691 0.076704
317100 -9246.69197136 1378.42662950 0.390710 5.9887 0.850132 0.098691 -0.014437
317200 -9205.15372030 1320.09231982 0.374176 5.9887 0.850132 0.098691 0.053345
317300 -9264.71802081 1342.01444497 0.380390 5.9887 0.850132 0.098691 -0.050011
317400 -9240.70745922 1308.30885181 0.370836 5.9887 0.850132 0.098691 -0.010901
317500 -9218.76672660 1317.80400653 0.373527 5.9864 0.848009 0.097508 0.065546
317600 -9242.42976753 1353.43057786 0.383625 5.9864 0.848009 0.097508 0.010450
317700 -9217.44283842 1347.24983998 0.381874 5.9864 0.848009 0.097508 0.048623
317800 -9242.37528974 1332.01915236 0.377556 5.9864 0.848009 0.097508 0.001491
317900 -9251.84580885 1343.78413311 0.380891 5.9864 0.848009 0.097508 -0.024141
318000 -9242.39239500 1328.24600982 0.376487 5.9909 0.857206 0.094391 0.008032
318100 -9236.66971423 1356.68167660 0.384547 5.9909 0.857206 0.094391 0.037512
318200 -9233.87562205 1361.92361437 0.386033 5.9909 0.857206 0.094391 0.024681
318300 -9211.64472207 1358.75570421 0.385135 5.9909 0.857206 0.094391 0.058193
318400 -9244.92996286 1363.20109300 0.386395 5.9909 0.857206 0.094391 -0.037844
318500 -9252.52592754 1350.21401753 0.382714 5.9875 0.856261 0.096726 -0.043354
318600 -9220.28335418 1357.05091399 0.384652 5.9875 0.856261 0.096726 0.007874
318700 -9203.58267390 1322.41906087 0.374835 5.9875 0.856261 0.096726 0.049109
318800 -9215.41705472 1350.94974507 0.382922 5.9875 0.856261 0.096726 0.009374
318900 -9214.93852819 1346.63179251 0.381698 5.9875 0.856261 0.096726 0.004695
319000 -9228.57890179 1323.48413581 0.375137 5.9870 0.850952 0.096225 -0.009013
319100 -9212.40402709 1350.10985374 0.382684 5.9870 0.850952 0.096225 0.027406
319200 -9220.35616898 1342.60668783 0.380557 5.9870 0.850952 0.096225 0.022895
319300 -9217.66175489 1340.69774875 0.380016 5.9870 0.850952 0.096225 0.042335
319400 -9238.92159529 1358.98285995 0.385199 5.9870 0.850952 0.096225 -0.007014
319500 -9226.07428727 1332.95783799 0.377823 5.9841 0.849230 0.097988 0.027851
319600 -9256.11572424 1361.97075038 0.386046 5.9841 0.849230 0.097988 -0.050154
319700 -9258.20736458 1346.84316381 0.381758 5.9841 0.849230 0.097988 -0.038864
319800 -9237.44348686 1328.31113399 0.376505 5.9841 0.849230 0.097988 -0.007158
319900 -9234.61845780 1281.06641035 0.363114 5.9841 0.849230 0.097988 0.013113
320000 -9237.56926049 1314.55690689 0.372607 5.9898 0.848741 0.097584 0.000817
320100 -9263.99858962 1315.80006316 0.372959 5.9898 0.848741 0.097584 -0.035093
320200 -9261.21618552 1316.16594908 0.373063 5.9898 0.848741 0.097584 -0.022334
320300 -9265.43237442 1361.64323429 0.385953 5.9898 0.848741 0.097584 -0.021475
320400 -9283.01351845 1342.90453417 0.380642 5.9898 0.848741 0.097584 -0.082869
320500 -9255.27606179 1332.20974983 0.377610 5.9887 0.856806 0.095562 -0.004316
320600 -9254.78878796 1303.38803327 0.369441 5.9887 0.856806 0.095562 0.007601
320700 -9254.59585762 1344.78362089 0.381174 5.9887 0.856806 0.095562 0.017784
320800 -9270.35962246 1331.45791770 0.377397 5.9887 0.856806 0.095562 -0.029510
320900 -9253.28651270 1317.94611047 0.373567 5.9887 0.856806 0.095562 0.012804
321000 -9247.42167574 1315.67390795 0.372923 5.9898 0.854776 0.094416 0.030893
321100 -9238.81279725 1328.89642145 0.376671 5.9898 0.854776 0.094416 0.062831
321200 -9265.82092185 1391.14260144 0.394315 5.9898 0.854776 0.094416 -0.016362
321300 -9248.17374135 1345.09210769 0.381262 5.9898 0.854776 0.094416 -0.010544
321400 -9233.35220697 1333.72343830 0.378040 5.9898 0.854776 0.094416 0.030322
321500 -9253.95337375 1341.98029739 0.380380 5.9875 0.860467 0.094939 -0.012065
321600 -9233.79248175 1341.32757016 0.380195 5.9875 0.860467 0.094939 0.031071
321700 -9221.05175752 1305.07776198 0.369920 5.9875 0.860467 0.094939 0.048122
321800 -9248.04027637 1343.60858445 0.380841 5.9875 0.860467 0.094939 -0.004503
321900 -9263.01236009 1334.77938080 0.378339 5.9875 0.860467 0.094939 -0.032520
322000 -9211.75280344 1325.50101914 0.375709 5.9807 0.848290 0.098591 0.102386
322100 -9253.88938887 1356.39671447 0.384466 5.9807 0.848290 0.098591 -0.019086
322200 -9269.46233179 1323.95376363 0.375270 5.9807 0.848290 0.098591 -0.065950
322300 -9219.24213213 1306.59025953 0.370349 5.9807 0.848290 0.098591 0.051214
322400 -9245.00998461 1324.65662800 0.375470 5.9807 0.848290 0.098591 0.005916
322500 -9270.56415654 1364.47409956 0.386756 5.9904 0.857236 0.095392 -0.039495
322600 -9241.14780257 1347.76138986 0.382019 5.9904 0.857236 0.095392 0.020900
322700 -9240.75430634 1349.29294744 0.382453 5.9904 0.857236 0.095392 0.022391
322800 -9286.84301838 1343.08855078 0.380694 5.9904 0.857236 0.095392 -0.071441
322900 -9265.33217688 1326.36510377 0.375954 5.9904 0.857236 0.095392 -0.016862
323000 -9267.87791843 1314.34533403 0.372547 5.9841 0.856627 0.095857 0.006448
323100 -9256.77224202 1317.25632850 0.373372 5.9841 0.856627 0.095857 0.001764
323200 -9273.72753654 1310.29958724 0.371400 5.9841 0.856627 0.095857 -0.026077
323300 -9284.32631275 1343.44918055 0.380796 5.9841 0.856627 0.095857 -0.009851
323400 -9296.83232021 1306.05442679 0.370197 5.9841 0.856627 0.095857 -0.039287
323500 -9273.51226049 1320.54253057 0.374303 5.9915 0.862715 0.093721 0.019527
323600 -9282.93147551 1335.85173891 0.378643 5.9915 0.862715 0.093721 0.001041
323700 -9262.49365678 1355.00114896 0.384071 5.9915 0.862715 0.093721 0.038799
323800 -9288.55711105 1353.44678469 0.383630 5.9915 0.862715 0.093721 -0.011337
323900 -9258.71427451 1332.02997032 0.377560 5.9915 0.862715 0.093721 0.039311
324000 -9257.18263810 1323.54646612 0.375155 5.9898 0.852337 0.096126 0.020971
324100 -9247.10180273 1352.36562637 0.383324 5.9898 0.852337 0.096126 0.052026
324200 -9257.98816574 1344.58278804 0.381118 5.9898 0.852337 0.096126 -0.000112
324300 -9284.29011656 1363.77179044 0.386557 5.9898 0.852337 0.096126 -0.059409
324400 -9239.80772822 1370.49207529 0.388461 5.9898 0.852337 0.096126 0.036925
324500 -9247.47722738 1406.35253240 0.398626 5.9898 0.856639 0.095639 0.002692
324600 -9214.70886224 1357.91921832 0.384898 5.9898 0.856639 0.095639 0.043379
324700 -9238.47874840 1328.53561480 0.376569 5.9898 0.856639 0.095639 -0.002493
324800 -9282.09217680 1341.42278034 0.380222 5.9898 0.856639 0.095639 -0.089294
324900 -9273.89791717 1336.31945906 0.378775 5.9898 0.856639 0.095639 -0.056441
325000 -9273.77754082 1324.77490918 0.375503 5.9949 0.862623 0.094622 -0.027155
325100 -9248.88413323 1343.03324352 0.380678 5.9949 0.862623 0.094622 0.037350
325200 -9238.49824321 1307.49034417 0.370604 5.9949 0.862623 0.094622 0.032940
325300 -9246.06885035 1296.79727157 0.367573 5.9949 0.862623 0.094622 0.009611
325400 -9276.93067570 1295.69604243 0.367261 5.9949 0.862623 0.094622 -0.014447
325500 -9293.33737337 1284.68768193 0.364140 5.9938 0.864726 0.093212 -0.056112
325600 -9290.73693455 1315.96557781 0.373006 5.9938 0.864726 0.093212 -0.025200
325700 -9284.83013828 1337.73927956 0.379178 5.9938 0.864726 0.093212 -0.005558
325800 -9278.79402202 1347.06597263 0.381821 5.9938 0.864726 0.093212 0.009448
325900 -9246.18811141 1326.76590912 0.376067 5.9938 0.864726 0.093212 0.066509
326000 -9228.84419878 1330.16717563 0.377032 5.9864 0.851873 0.097244 0.092292
326100 -9228.85908059 1333.31131566 0.377923 5.9864 0.851873 0.097244 0.082180
326200 -9254.21910083 1350.34222186 0.382750 5.9864 0.851873 0.097244 0.014101
326300 -9253.74882380 1362.19836155 0.386111 5.9864 0.851873 0.097244 0.021237
326400 -9205.81685345 1343.14059180 0.380709 5.9864 0.851873 0.097244 0.105887
326500 -9258.45214065 1379.00113452 0.390873 5.9881 0.859336 0.093728 -0.025021
326600 -9222.53791947 1363.17396029 0.386387 5.9881 0.859336 0.093728 0.060979
326700 -9240.93259776 1354.59273018 0.383955 5.9881 0.859336 0.093728 -0.001757
326800 -9215.02655297 1352.73357027 0.383428 5.9881 0.859336 0.093728 0.048352
326900 -9190.13120585 1348.95280571 0.382356 5.9881 0.859336 0.093728 0.089107
327000 -9209.34279894 1358.34856804 0.385019 5.9887 0.849322 0.097821 0.040357
327100 -9223.34678231 1335.12798971 0.378438 5.9887 0.849322 0.097821 -0.007545
327200 -9238.96468477 1325.53324399 0.375718 5.9887 0.849322 0.097821 -0.012857
327300 -9244.62510142 1297.18563972 0.367683 5.9887 0.849322 0.097821 -0.041088
327400 -9260.65917762 1342.58508747 0.380551 5.9887 0.849322 0.097821 -0.050783
327500 -9274.29069062 1356.19063563 0.384408 5.9892 0.861362 0.093915 -0.076552
327600 -9250.20359438 1330.71446400 0.377187 5.9892 0.861362 0.093915 0.005679
327700 -9227.60712075 1313.67819571 0.372358 5.9892 0.861362 0.093915 0.048080
327800 -9249.78975994 1342.91749648 0.380646 5.9892 0.861362 0.093915 -0.013414
327900 -9252.01981401 1339.72969918 0.379742 5.9892 0.861362 0.093915 -0.003845
328000 -9254.40889079 1322.29322192 0.374800 5.9915 0.854761 0.095681 -0.005303
328100 -9233.11391895 1347.25591449 0.381875 5.9915 0.854761 0.095681 0.002986
328200 -9217.70480528 1328.33283568 0.376512 5.9915 0.854761 0.095681 0.039294
328300 -9250.98708527 1406.21941046 0.398588 5.9915 0.854761 0.095681 -0.015615
328400 -9209.42877464 1351.90926751 0.383194 5.9915 0.854761 0.095681 0.037646
328500 -9218.40116633 1369.30800413 0.388126 5.9875 0.850679 0.096814 0.026003
328600 -9235.90703681 1345.58061245 0.381400 5.9875 0.850679 0.096814 -0.038871
328700 -9249.75653826 1304.58015658 0.369779 5.9875 0.850679 0.096814 -0.056528
328800 -9264.03854362 1337.76242561 0.379184 5.9875 0.850679 0.096814 -0.046993
328900 -9243.27319523 1368.35435757 0.387856 5.9875 0.850679 0.096814 -0.002386
329000 -9201.52200187 1347.81160538 0.382033 5.9875 0.853020 0.096434 0.071280
329100 -9228.78766585 1369.31181517 0.388127 5.9875 0.853020 0.096434 0.010267
329200 -9212.88359556 1372.51355281 0.389034 5.9875 0.853020 0.096434 0.041465
329300 -9209.62838675 1357.12179390 0.384672 5.9875 0.853020 0.096434 0.021407
329400 -9240.91916692 1355.83896107 0.384308 5.9875 0.853020 0.096434 -0.047639
329500 -9231.34022659 1315.08474625 0.372756 5.9847 0.849074 0.096788 -0.007852
329600 -9222.96252759 1320.65850695 0.374336 5.9847 0.849074 0.096788 0.018633
329700 -9209.14284063 1336.38147767 0.378793 5.9847 0.849074 0.096788 0.029491
329800 -9243.30468660 1383.75538166 0.392221 5.9847 0.849074 0.096788 -0.035029
329900 -9233.83110355 1341.24826828 0.380172 5.9847 0.849074 0.096788 -0.027222
330000 -9240.33068378 1297.08265503 0.367654 5.9887 0.855744 0.095986 -0.049682
330100 -9233.72351614 1321.71023587 0.374634 5.9887 0.855744 0.095986 0.023941
330200 -9245.97642573 1346.21972843 0.381582 5.9887 0.855744 0.095986 -0.013612
330300 -9229.15182867 1313.77285849 0.372385 5.9887 0.855744 0.095986 0.023145
330400 -9289.22811653 1336.44795908 0.378812 5.9887 0.855744 0.095986 -0.122159
330500 -9276.58657708 1316.33381498 0.373110 5.9909 0.858396 0.094240 -0.064149
330600 -9270.62120705 1316.61681782 0.373191 5.9909 0.858396 0.094240 -0.022983
330700 -9281.09587772 1338.44863664 0.379379 5.9909 0.858396 0.094240 -0.055023
330800 -9254.12961248 1348.64223786 0.382268 5.9909 0.858396 0.094240 0.031074
330900 -9270.04944696 1375.86966511 0.389986 5.9909 0.858396 0.094240 -0.010652
331000 -9251.33191748 1326.13349385 0.375888 5.9881 0.852646 0.096857 0.005009
331100 -9241.73202300 1314.51924359 0.372596 5.9881 0.852646 0.096857 0.023544
331200 -9236.38779102 1352.87894194 0.383469 5.9881 0.852646 0.096857 0.025996
331300 -9226.59197768 1323.43782857 0.375124 5.9881 0.852646 0.096857 0.031122
331400 -9198.09084580 1310.17674805 0.371365 5.9881 0.852646 0.096857 0.084915
331500 -9217.69279948 1309.65858317 0.371218 5.9909 0.852460 0.097618 0.037365
331600 -9277.23212150 1345.11459163 0.381268 5.9909 0.852460 0.097618 -0.057711
331700 -9266.15968476 1331.18238602 0.377319 5.9909 0.852460 0.097618 -0.039487
331800 -9243.40673798 1369.11547024 0.388071 5.9909 0.852460 0.097618 0.017516
331900 -9246.90768844 1334.43363756 0.378241 5.9909 0.852460 0.097618 -0.003433
332000 -9252.49376896 1356.77677114 0.384574 5.9904 0.858448 0.096086 -0.016431
332100 -9248.03776285 1337.15159600 0.379011 5.9904 0.858448 0.096086 -0.008951
332200 -9273.57405208 1353.69422001 0.383700 5.9904 0.858448 0.096086 -0.058232
332300 -9261.98743143 1376.11165005 0.390054 5.9904 0.858448 0.096086 -0.032992
332400 -9251.00450064 1395.91231768 0.395667 5.9904 0.858448 0.096086 -0.006808
332500 -9219.97914131 1356.34161139 0.384451 5.9853 0.850041 0.098053 0.032834
332600 -9194.85738234 1335.01835821 0.378407 5.9853 0.850041 0.098053 0.075669
332700 -9208.54619065 1360.33987047 0.385584 5.9853 0.850041 0.098053 0.040102
332800 -9228.20159938 1347.68125018 0.381996 5.9853 0.850041 0.098053 -0.024824
332900 -9250.94435781 1343.42322025 0.380789 5.9853 0.850041 0.098053 -0.055692
333000 -9219.20669279 1303.63275433 0.369510 5.9881 0.844636 0.098397 0.004360
333100 -9242.66519099 1315.59541382 0.372901 5.9881 0.844636 0.098397 -0.022525
333200 -9242.09150185 1338.25394348 0.379324 5.9881 0.844636 0.098397 -0.020074
333300 -9241.83093853 1367.65624690 0.387658 5.9881 0.844636 0.098397 -0.002248
333400 -9217.25746096 1378.41742323 0.390708 5.9881 0.844636 0.098397 0.020766
333500 -9191.35556677 1357.45548586 0.384766 5.9853 0.849986 0.098972 0.064077
333600 -9205.19134817 1355.01051100 0.384073 5.9853 0.849986 0.098972 0.024178
333700 -9204.13588051 1348.31175346 0.382175 5.9853 0.849986 0.098972 0.014536
333800 -9263.17937939 1383.33770552 0.392103 5.9853 0.849986 0.098972 -0.098458
333900 -9228.16343786 1340.08995589 0.379844 5.9853 0.849986 0.098972 -0.011397
334000 -9275.31625417 1333.89991987 0.378090 5.9915 0.860275 0.094802 -0.122400
334100 -9212.73963356 1326.99310421 0.376132 5.9915 0.860275 0.094802 0.034568
334200 -9224.11383743 1330.88376025 0.377235 5.9915 0.860275 0.094802 0.024833
334300 -9275.71252312 1372.88884731 0.389141 5.9915 0.860275 0.094802 -0.076995
334400 -9231.11755723 1307.78865511 0.370688 5.9915 0.860275 0.094802 0.036732
334500 -9214.19191746 1338.38512363 0.379361 5.9887 0.855952 0.097236 0.067953
334600 -9194.40029298 1374.35970099 0.389558 5.9887 0.855952 0.097236 0.104371
334700 -9163.74568290 1351.53138795 0.383087 5.9887 0.855952 0.097236 0.127247
334800 -9265.20019764 1376.93752921 0.390288 5.9887 0.855952 0.097236 -0.096426
334900 -9221.93875992 1349.25040898 0.382441 5.9887 0.855952 0.097236 -0.017601
335000 -9239.64159962 1338.50411603 0.379395 5.9870 0.858234 0.096152 -0.020383
335100 -9236.58746071 1336.45350967 0.378813 5.9870 0.858234 0.096152 -0.011363
335200 -9260.35274866 1344.76333109 0.381169 5.9870 0.858234 0.096152 -0.056115
335300 -9261.73869650 1332.35030246 0.377650 5.9870 0.858234 0.096152 -0.046440
335400 -9259.30564261 1348.10786318 0.382117 5.9870 0.858234 0.096152 -0.033839
335500 -9247.39535753 1299.72443050 0.368403 5.9932 0.855714 0.095784 -0.000986
335600 -9252.36041009 1331.47678400 0.377403 5.9932 0.855714 0.095784 -0.008304
335700 -9252.59291671 1369.16107302 0.388084 5.9932 0.855714 0.095784 0.001471
335800 -9225.08025703 1350.23921006 0.382721 5.9932 0.855714 0.095784 0.032919
335900 -9255.45522251 1343.83108062 0.380905 5.9932 0.855714 0.095784 -0.025151
336000 -9247.34947303 1385.21664301 0.392635 5.9875 0.857926 0.095606 -0.002330
336100 -9241.44382582 1386.83321409 0.393093 5.9875 0.857926 0.095606 -0.021558
336200 -9239.35108111 1362.78747174 0.386278 5.9875 0.857926 0.095606 -0.017390
336300 -9224.38866891 1373.23652368 0.389239 5.9875 0.857926 0.095606 0.020340
336400 -9238.84233696 1382.16388047 0.391770 5.9875 0.857926 0.095606 -0.030056
336500 -9227.95463831 1352.36933088 0.383325 5.9926 0.859220 0.094922 -0.010684
336600 -9239.64442910 1297.20674029 0.367689 5.9926 0.859220 0.094922 -0.030265
336700 -9223.47258449 1342.65290366 0.380571 5.9926 0.859220 0.094922 0.031169
336800 -9274.85925988 1336.20833496 0.378744 5.9926 0.859220 0.094922 -0.063171
336900 -9238.35712828 1326.78607391 0.376073 5.9926 0.859220 0.094922 0.026911
337000 -9254.38862200 1358.73830792 0.385130 5.9921 0.857741 0.095145 -0.021628
337100 -9267.47550468 1332.56941376 0.377712 5.9921 0.857741 0.095145 -0.050488
337200 -9243.72714750 1318.47494977 0.373717 5.9921 0.857741 0.095145 -0.005499
337300 -9261.54181225 1326.73472262 0.376059 5.9921 0.857741 0.095145 -0.019484
337400 -9253.44513833 1330.41214846 0.377101 5.9921 0.857741 0.095145 0.011200
337500 -9257.42599159 1303.28125836 0.369411 5.9904 0.858171 0.096468 -0.000842
337600 -9236.03139623 1299.65483388 0.368383 5.9904 0.858171 0.096468 0.052493
337700 -9261.36693180 1330.84137712 0.377223 5.9904 0.858171 0.096468 0.006818
337800 -9257.56177731 1361.85591009 0.386014 5.9904 0.858171 0.096468 0.002085
337900 -9248.80926295 1335.75175726 0.378614 5.9904 0.858171 0.096468 0.005745
338000 -9247.58962041 1281.67237668 0.363286 5.9915 0.853014 0.096316 0.015697
338100 -9272.55842482 1323.41358856 0.375117 5.9915 0.853014 0.096316 -0.017259
338200 -9285.14058716 1347.51016600 0.381947 5.9915 0.853014 0.096316 -0.039370
338300 -9272.71030019 1326.09621014 0.375878 5.9915 0.853014 0.096316 0.001401
338400 -9259.89051099 1343.97463888 0.380945 5.9915 0.853014 0.096316 0.021526
338500 -9273.33711590 1352.43505180 0.383343 5.9892 0.856982 0.095001 -0.026701
338600 -9277.14444158 1294.18714960 0.366833 5.9892 0.856982 0.095001 -0.027157
338700 -9232.22505447 1331.32863386 0.377361 5.9892 0.856982 0.095001 0.082662
338800 -9244.00290870 1369.53900189 0.388191 5.9892 0.856982 0.095001 0.029123
338900 -9247.52912989 1364.35431113 0.386722 5.9892 0.856982 0.095001 0.009712
339000 -9242.47570844 1362.77400336 0.386274 5.9898 0.857251 0.097359 -0.004311
339100 -9246.67080433 1351.84890674 0.383177 5.9898 0.857251 0.097359 -0.001909
339200 -9239.45663429 1366.64631105 0.387371 5.9898 0.857251 0.097359 0.017182
339300 -9253.51115625 1386.19047057 0.392911 5.9898 0.857251 0.097359 -0.030411
339400 -9227.57651716 1341.90622467 0.380359 5.9898 0.857251 0.097359 0.005726
339500 -9228.10319006 1355.93891670 0.384336 5.9909 0.856477 0.096829 0.012276
339600 -9236.68528758 1372.34417649 0.388986 5.9909 0.856477 0.096829 0.004795
339700 -9184.43996236 1358.60193708 0.385091 5.9909 0.856477 0.096829 0.095325
339800 -9182.40827690 1329.24828584 0.376771 5.9909 0.856477 0.096829 0.047645
339900 -9220.71263755 1359.04546921 0.385217 5.9909 0.856477 0.096829 -0.008079
340000 -9219.36273459 1364.89643584 0.386875 5.9892 0.854442 0.096837 -0.013158
340100 -9222.19888438 1344.32297127 0.381044 5.9892 0.854442 0.096837 -0.017385
340200 -9229.09260099 1314.44097920 0.372574 5.9892 0.854442 0.096837 0.002200
340300 -9252.39511698 1318.23351434 0.373649 5.9892 0.854442 0.096837 -0.055642
340400 -9272.39059768 1337.14035772 0.379008 5.9892 0.854442 0.096837 -0.043780
340500 -9274.56276131 1307.10232576 0.370494 5.9943 0.861764 0.094533 -0.059400
340600 -9265.50171232 1310.88738945 0.371567 5.9943 0.861764 0.094533 -0.020259
340700 -9277.01492545 1317.62188951 0.373476 5.9943 0.861764 0.094533 -0.023963
340800 -9311.50371941 1316.24577101 0.373086 5.9943 0.861764 0.094533 -0.086217
340900 -9286.24254584 1303.76527771 0.369548 5.9943 0.861764 0.094533 -0.016459
341000 -9297.89974188 1359.56696817 0.385365 5.9915 0.859445 0.094349 -0.023763
341100 -9287.41250807 1369.57406919 0.388201 5.9915 0.859445 0.094349 -0.018607
341200 -9269.83338898 1345.22337770 0.381299 5.9915 0.859445 0.094349 0.000424
341300 -9265.72628956 1342.15666141 0.380430 5.9915 0.859445 0.094349 0.021002
341400 -9269.88698978 1338.97382527 0.379528 5.9915 0.859445 0.094349 0.019450
341500 -9292.13943425 1340.41211809 0.379935 5.9904 0.864535 0.095273 -0.045162
341600 -9300.61828338 1334.69252498 0.378314 5.9904 0.864535 0.095273 -0.059448
341700 -9279.08238588 1337.83872685 0.379206 5.9904 0.864535 0.095273 0.000435
341800 -9276.88792239 1315.03561952 0.372743 5.9904 0.864535 0.095273 0.008709
341900 -9293.31183209 1298.27763386 0.367993 5.9904 0.864535 0.095273 -0.015640
342000 -9296.19614326 1341.17535494 0.380152 5.9921 0.864632 0.092900 -0.021086
342100 -9255.43012162 1304.19888834 0.369671 5.9921 0.864632 0.092900 0.083771
342200 -9276.83838201 1354.62978512 0.383965 5.9921 0.864632 0.092900 0.051478
342300 -9248.62370304 1369.30259523 0.388124 5.9921 0.864632 0.092900 0.062311
342400 -9279.23498335 1346.55612952 0.381677 5.9921 0.864632 0.092900 -0.029494
342500 -9294.06397792 1342.69084277 0.380581 5.9938 0.863543 0.092656 -0.070452
342600 -9263.31879264 1320.98150536 0.374428 5.9938 0.863543 0.092656 0.027242
342700 -9294.63165367 1343.43597850 0.380793 5.9938 0.863543 0.092656 -0.029658
342800 -9288.96182641 1321.67923834 0.374626 5.9938 0.863543 0.092656 -0.017007
342900 -9288.41293262 1350.28443401 0.382734 5.9938 0.863543 0.092656 -0.009782
343000 -9262.35965945 1344.66995785 0.381142 5.9864 0.860828 0.094579 0.047419
343100 -9259.97638270 1369.93118568 0.388302 5.9864 0.860828 0.094579 0.026891
343200 -9291.07707492 1347.34447790 0.381900 5.9864 0.860828 0.094579 -0.048611
343300 -9279.90554675 1324.13235117 0.375321 5.9864 0.860828 0.094579 -0.026874
343400 -9250.28440057 1315.81509933 0.372963 5.9864 0.860828 0.094579 0.057663
343500 -9287.29337216 1347.79280653 0.382027 5.9892 0.859820 0.095073 -0.038626
343600 -9285.70902639 1347.19645510 0.381858 5.9892 0.859820 0.095073 -0.029861
343700 -9274.21190909 1327.41009263 0.376250 5.9892 0.859820 0.095073 -0.008229
343800 -9300.85502923 1331.28362520 0.377348 5.9892 0.859820 0.095073 -0.071271
343900 -9303.60530498 1326.03975470 0.375862 5.9892 0.859820 0.095073 -0.058527
344000 -9307.48453883 1350.76481750 0.382870 5.9870 0.859752 0.093286 -0.055936
344100 -9261.74107831 1327.95149897 0.376403 5.9870 0.859752 0.093286 0.052364
344200 -9281.53266384 1339.46232745 0.379666 5.9870 0.859752 0.093286 0.005279
344300 -9260.01297524 1348.38028006 0.382194 5.9870 0.859752 0.093286 0.037493
344400 -9295.59164681 1364.28891441 0.386703 5.9870 0.859752 0.093286 -0.046333
344500 -9258.55878023 1344.10865773 0.380983 5.9926 0.855030 0.095985 0.019926
344600 -9272.31194059 1353.55259912 0.383660 5.9926 0.855030 0.095985 -0.015890
344700 -9261.73954025 1363.55626896 0.386496 5.9926 0.855030 0.095985 0.015923
344800 -9249.78211363 1337.20782418 0.379027 5.9926 0.855030 0.095985 0.014403
344900 -9260.45452909 1311.78827246 0.371822 5.9926 0.855030 0.095985 -0.012872
345000 -9277.45634606 1345.76575616 0.381453 5.9938 0.858698 0.094757 -0.039597
345100 -9302.50203746 1333.85237788 0.378076 5.9938 0.858698 0.094757 -0.077125
345200 -9268.20269943 1337.45218871 0.379096 5.9938 0.858698 0.094757 -0.007675
345300 -9287.92238038 1356.08040988 0.384377 5.9938 0.858698 0.094757 -0.052125
345400 -9287.36878345 1365.82349945 0.387138 5.9938 0.858698 0.094757 -0.038899
345500 -9294.78560231 1351.92519944 0.383199 5.9904 0.862715 0.093299 -0.044494
345600 -9250.66387399 1349.93591636 0.382635 5.9904 0.862715 0.093299 0.050286
345700 -9236.00819175 1356.62901639 0.384532 5.9904 0.862715 0.093299 0.050189
345800 -9214.37622773 1365.15686884 0.386949 5.9904 0.862715 0.093299 0.074193
345900 -9210.96284907 1374.90173410 0.389711 5.9904 0.862715 0.093299 0.054184
346000 -9249.34486972 1383.99021010 0.392287 5.9824 0.853641 0.095568 -0.033467
346100 -9245.21971576 1317.81692439 0.373531 5.9824 0.853641 0.095568 -0.040452
346200 -9276.28938645 1330.73336268 0.377192 5.9824 0.853641 0.095568 -0.091710
346300 -9266.72258368 1313.97274651 0.372441 5.9824 0.853641 0.095568 -0.021181
346400 -9251.37714474 1282.46147946 0.363509 5.9824 0.853641 0.095568 0.011887
346500 -9267.58992341 1349.64553198 0.382553 5.9887 0.855922 0.095326 -0.009878
346600 -9244.66661390 1350.84206636 0.382892 5.9887 0.855922 0.095326 0.031485
346700 -9261.57367282 1315.62837333 0.372911 5.9887 0.855922 0.095326 0.005140
346800 -9251.82650318 1318.95712107 0.373854 5.9887 0.855922 0.095326 -0.004726
346900 -9256.17616280 1356.45072396 0.384481 5.9887 0.855922 0.095326 -0.013563
347000 -9254.54677249 1328.53965099 0.376570 5.9892 0.857056 0.095927 -0.017792
347100 -9266.08789534 1334.38870931 0.378228 5.9892 0.857056 0.095927 -0.006439
347200 -9297.84902512 1328.92386989 0.376679 5.9892 0.857056 0.095927 -0.095482
347300 -9241.36172873 1327.23745852 0.376201 5.9892 0.857056 0.095927 0.047980
347400 -9237.85660488 1323.72661479 0.375206 5.9892 0.857056 0.095927 0.038986
347500 -9259.00589442 1329.71562811 0.376904 5.9892 0.856682 0.096060 -0.019031
347600 -9284.22469198 1347.00958316 0.381805 5.9892 0.856682 0.096060 -0.056747
347700 -9223.10126559 1311.85937819 0.371842 5.9892 0.856682 0.096060 0.063500
347800 -9247.07583999 1322.25681609 0.374789 5.9892 0.856682 0.096060 0.010211
347900 -9258.31421042 1329.21527613 0.376762 5.9892 0.856682 0.096060 -0.008327
348000 -9250.24642675 1311.44919587 0.371726 5.9898 0.859219 0.095861 0.021343
348100 -9251.38120950 1340.32592146 0.379911 5.9898 0.859219 0.095861 0.004736
348200 -9250.05538754 1344.04378971 0.380965 5.9898 0.859219 0.095861 0.021328
348300 -9234.16479938 1330.32284092 0.377076 5.9898 0.859219 0.095861 0.036652
348400 -9253.31884067 1350.32131583 0.382744 5.9898 0.859219 0.095861 -0.016625
348500 -9227.96599691 1339.01191559 0.379539 5.9921 0.854455 0.097237 0.046416
348600 -9228.75735533 1353.74529271 0.383715 5.9921 0.854455 0.097237 0.031751
348700 -9266.52737247 1352.33814359 0.383316 5.9921 0.854455 0.097237 -0.044734
348800 -9257.58637319 1375.78663214 0.389962 5.9921 0.854455 0.097237 -0.026690
348900 -9236.40450629 1351.53984791 0.383090 5.9921 0.854455 0.097237 0.015934
349000 -9224.06156654 1348.95216400 0.382356 5.9915 0.853513 0.095905 0.033952
349100 -9237.49885856 1336.14115241 0.378725 5.9915 0.853513 0.095905 -0.017274
349200 -9223.13605319 1321.98907768 0.374713 5.9915 0.853513 0.095905 0.018491
349300 -9212.53327009 1352.71578493 0.383423 5.9915 0.853513 0.095905 0.054164
349400 -9235.68968270 1384.58064251 0.392455 5.9915 0.853513 0.095905 0.000772
349500 -9194.21481740 1354.24762575 0.383857 5.9887 0.846716 0.099220 0.066691
349600 -9189.36796245 1359.05391924 0.385219 5.9887 0.846716 0.099220 0.084456
349700 -9213.15001780 1340.38531163 0.379928 5.9887 0.846716 0.099220 0.005121
349800 -9189.75758423 1346.17132661 0.381568 5.9887 0.846716 0.099220 0.047481
349900 -9207.49251077 1334.06304311 0.378136 5.9887 0.846716 0.099220 0.014189
350000 -9210.79209934 1344.95021735 0.381222 5.9824 0.853190 0.096640 -0.003178
350100 -9233.70091012 1365.47059018 0.387038 5.9824 0.853190 0.096640 -0.050583
350200 -9214.54791176 1355.20280870 0.384128 5.9824 0.853190 0.096640 0.014878
350300 -9196.16917815 1324.40962896 0.375400 5.9824 0.853190 0.096640 0.031829
350400 -9239.19073334 1330.45504939 0.377113 5.9824 0.853190 0.096640 -0.062812
350500 -9221.77113736 1359.08826591 0.385229 5.9892 0.856059 0.095625 -0.004149
350600 -9221.42984204 1346.50784344 0.381663 5.9892 0.856059 0.095625 0.007197
350700 -9217.01267974 1361.33650779 0.385866 5.9892 0.856059 0.095625 0.018950
350800 -9231.37878456 1328.04065217 0.376429 5.9892 0.856059 0.095625 -0.020455
350900 -9223.85824671 1349.07864259 0.382392 5.9892 0.856059 0.095625 0.009716
351000 -9227.80592118 1319.71718287 0.374069 5.9887 0.855464 0.096421 0.006505
351100 -9220.16766110 1356.81685523 0.384585 5.9887 0.855464 0.096421 0.026550
351200 -9220.62632473 1332.32236570 0.377642 5.9887 0.855464 0.096421 0.014596
351300 -9198.56648603 1310.52515412 0.371464 5.9887 0.855464 0.096421 0.047887
351400 -9246.08335576 1354.55968686 0.383945 5.9887 0.855464 0.096421 -0.037893
351500 -9234.74802743 1357.89207109 0.384890 5.9915 0.856814 0.096076 -0.016389
351600 -9228.50635834 1345.66829891 0.381425 5.9915 0.856814 0.096076 0.003906
351700 -9214.97595161 1355.62181567 0.384247 5.9915 0.856814 0.096076 0.049121
351800 -9235.45032539 1351.61983756 0.383112 5.9915 0.856814 0.096076 -0.010797
351900 -9232.68636876 1340.39588703 0.379931 5.9915 0.856814 0.096076 -0.019509
352000 -9227.14463623 1340.62374753 0.379995 5.9841 0.848280 0.098346 0.015586
352100 -9214.02625888 1313.09830526 0.372193 5.9841 0.848280 0.098346 0.029481
352200 -9236.43233009 1321.63438763 0.374613 5.9841 0.848280 0.098346 -0.012434
352300 -9229.51743706 1306.33490538 0.370276 5.9841 0.848280 0.098346 0.013100
352400 -9249.70160574 1327.65877687 0.376321 5.9841 0.848280 0.098346 -0.017178
352500 -9288.78615162 1325.26078220 0.375641 5.9909 0.860250 0.093587 -0.088540
352600 -9253.19354915 1311.76663983 0.371816 5.9909 0.860250 0.093587 0.002251
352700 -9254.05331050 1316.70732168 0.373216 5.9909 0.860250 0.093587 0.004445
352800 -9289.43043516 1357.44393623 0.384763 5.9909 0.860250 0.093587 -0.047968
352900 -9245.29445815 1326.80559650 0.376079 5.9909 0.860250 0.093587 0.029622
353000 -9256.13489087 1329.21172593 0.376761 5.9841 0.855593 0.097292 0.022331
353100 -9250.69688377 1343.30545782 0.380756 5.9841 0.855593 0.097292 0.010198
353200 -9250.51838443 1359.29934326 0.385289 5.9841 0.855593 0.097292 0.012807
353300 -9227.28921466 1336.59452963 0.378853 5.9841 0.855593 0.097292 0.057721
353400 -9220.06117317 1359.93727758 0.385470 5.9841 0.855593 0.097292 0.052185
353500 -9212.64031698 1326.03685494 0.375861 5.9824 0.848378 0.097888 0.057015
353600 -9205.37864102 1358.09643036 0.384948 5.9824 0.848378 0.097888 0.076177
353700 -9242.88431986 1348.85570619 0.382329 5.9824 0.848378 0.097888 -0.019061
353800 -9224.94429162 1361.52975434 0.385921 5.9824 0.848378 0.097888 0.001691
353900 -9231.04011193 1317.14441332 0.373340 5.9824 0.848378 0.097888 -0.008661
354000 -9253.17199017 1362.92610034 0.386317 5.9830 0.856078 0.096113 -0.036854
354100 -9241.28820015 1319.83262977 0.374102 5.9830 0.856078 0.096113 -0.027475
354200 -9248.30479409 1297.87954938 0.367880 5.9830 0.856078 0.096113 -0.016676
354300 -9247.95706198 1330.35801801 0.377086 5.9830 0.856078 0.096113 -0.021403
354400 -9261.33280377 1309.04143376 0.371043 5.9830 0.856078 0.096113 -0.019529
354500 -9253.89854534 1315.96715926 0.373007 5.9909 0.859622 0.095308 -0.008060
354600 -9255.73333163 1321.68654623 0.374628 5.9909 0.859622 0.095308 0.006405
354700 -9237.79117449 1360.19117229 0.385542 5.9909 0.859622 0.095308 0.029078
354800 -9257.08523538 1336.08069369 0.378708 5.9909 0.859622 0.095308 -0.024450
354900 -9249.30938261 1354.28157427 0.383867 5.9909 0.859622 0.095308 -0.010925
355000 -9258.91999214 1368.56984406 0.387917 5.9881 0.859042 0.096017 -0.035404
355100 -9246.73913097 1323.02042043 0.375006 5.9881 0.859042 0.096017 -0.006103
355200 -9252.95752974 1323.92268039 0.375262 5.9881 0.859042 0.096017 -0.024431
355300 -9253.43421576 1350.28965579 0.382735 5.9881 0.859042 0.096017 0.001585
355400 -9237.16519177 1320.48159979 0.374286 5.9881 0.859042 0.096017 0.010176
355500 -9234.44154890 1318.40923305 0.373699 5.9858 0.848368 0.097655 0.007612
355600 -9223.62997379 1318.28381944 0.373663 5.9858 0.848368 0.097655 0.049489
355700 -9252.60812042 1345.27954082 0.381315 5.9858 0.848368 0.097655 -0.023787
355800 -9210.36151277 1316.16316834 0.373062 5.9858 0.848368 0.097655 0.063494
355900 -9219.57202437 1353.70715835 0.383704 5.9858 0.848368 0.097655 0.034889
356000 -9263.37774960 1367.06614794 0.387490 5.9870 0.855260 0.096508 -0.068427
356100 -9243.91647536 1320.74742119 0.374362 5.9870 0.855260 0.096508 -0.029158
356200 -9252.97835359 1334.27293426 0.378195 5.9870 0.855260 0.096508 -0.021141
356300 -9258.66946785 1305.56732922 0.370059 5.9870 0.855260 0.096508 -0.033083
356400 -9254.64033180 1324.29935142 0.375368 5.9870 0.855260 0.096508 0.001395
356500 -9215.26297594 1311.24184020 0.371667 5.9875 0.850083 0.097260 0.067376
356600 -9244.21075152 1340.60586904 0.379990 5.9875 0.850083 0.097260 0.008354
356700 -9232.02304859 1336.75787904 0.378900 5.9875 0.850083 0.097260 0.017820
356800 -9243.63850409 1359.77115932 0.385423 5.9875 0.850083 0.097260 0.009090
356900 -9232.66087310 1332.61283784 0.377725 5.9875 0.850083 0.097260 0.029001
357000 -9244.05632803 1357.14124216 0.384677 5.9915 0.855091 0.095751 0.004610
357100 -9235.54072983 1340.63139847 0.379998 5.9915 0.855091 0.095751 0.020001
357200 -9237.03919065 1345.95970929 0.381508 5.9915 0.855091 0.095751 0.026543
357300 -9236.20194603 1340.16338158 0.379865 5.9915 0.855091 0.095751 0.014891
357400 -9267.12455896 1329.05933028 0.376717 5.9915 0.855091 0.095751 -0.055695
357500 -9212.22193652 1308.78339640 0.370970 5.9892 0.852455 0.097525 0.082094
357600 -9243.31881826 1280.61736278 0.362987 5.9892 0.852455 0.097525 -0.002939
357700 -9267.42724513 1298.69492247 0.368111 5.9892 0.852455 0.097525 -0.031348
357800 -9257.44939257 1324.96586559 0.375557 5.9892 0.852455 0.097525 0.009373
357900 -9219.06957831 1338.67085054 0.379442 5.9892 0.852455 0.097525 0.098864
358000 -9248.50228204 1383.49623163 0.392147 5.9875 0.856582 0.096869 0.003752
358100 -9234.87807211 1341.36721638 0.380206 5.9875 0.856582 0.096869 0.024905
358200 -9255.94912733 1330.28323033 0.377064 5.9875 0.856582 0.096869 -0.011322
358300 -9241.49064405 1322.61548316 0.374891 5.9875 0.856582 0.096869 0.013342
358400 -9275.64121684 1356.90704565 0.384611 5.9875 0.856582 0.096869 -0.053172
358500 -9247.23999609 1354.62392210 0.383964 5.9875 0.857733 0.096274 0.018407
358600 -9203.32311475 1293.09087237 0.366522 5.9875 0.857733 0.096274 0.094451
358700 -9261.25748789 1343.42863251 0.380790 5.9875 0.857733 0.096274 -0.022748
358800 -9273.83280371 1315.25713961 0.372805 5.9875 0.857733 0.096274 -0.056672
358900 -9283.43968921 1322.32280727 0.374808 5.9875 0.857733 0.096274 -0.056015
359000 -9240.86318618 1300.25919225 0.368554 5.9909 0.858752 0.095298 0.031699
359100 -9232.18974728 1348.81690445 0.382318 5.9909 0.858752 0.095298 0.055522
359200 -9239.51393876 1360.11695103 0.385521 5.9909 0.858752 0.095298 0.042527
359300 -9251.71458568 1375.92028274 0.390000 5.9909 0.858752 0.095298 0.004255
359400 -9231.52078038 1320.84433536 0.374389 5.9909 0.858752 0.095298 0.007219
359500 -9238.78734522 1331.33267696 0.377362 5.9904 0.856596 0.095406 -0.001834
359600 -9269.85379507 1322.09137154 0.374742 5.9904 0.856596 0.095406 -0.046487
359700 -9260.11341170 1362.39676043 0.386167 5.9904 0.856596 0.095406 -0.024423
359800 -9230.79983453 1302.70776459 0.369248 5.9904 0.856596 0.095406 0.040199
359900 -9220.87618329 1301.97580844 0.369041 5.9904 0.856596 0.095406 0.065972
360000 -9233.39084085 1345.60641614 0.381408 5.9881 0.850797 0.097050 0.037290
360100 -9205.69684745 1319.46937166 0.373999 5.9881 0.850797 0.097050 0.097519
360200 -9220.05883496 1351.51015402 0.383081 5.9881 0.850797 0.097050 0.037241
360300 -9253.43588566 1364.18990004 0.386675 5.9881 0.850797 0.097050 -0.046350
360400 -9244.92838367 1340.01046240 0.379822 5.9881 0.850797 0.097050 -0.003077
360500 -9250.69459753 1314.49336465 0.372589 5.9887 0.862083 0.095338 -0.024173
360600 -9236.05288248 1334.94478874 0.378386 5.9887 0.862083 0.095338 0.012654
360700 -9278.73359669 1359.05002850 0.385218 5.9887 0.862083 0.095338 -0.058184
360800 -9266.66453693 1349.89569341 0.382623 5.9887 0.862083 0.095338 -0.018989
360900 -9275.78042562 1340.52277372 0.379967 5.9887 0.862083 0.095338 -0.032124
361000 -9247.44348130 1341.93582858 0.380367 5.9892 0.855570 0.096639 0.022027
361100 -9251.32892017 1360.02497392 0.385495 5.9892 0.855570 0.096639 0.011426
361200 -9218.96107017 1335.61273890 0.378575 5.9892 0.855570 0.096639 0.060843
361300 -9223.62330979 1371.63107542 0.388784 5.9892 0.855570 0.096639 0.056967
361400 -9232.35679043 1362.00121242 0.386055 5.9892 0.855570 0.096639 -0.000352
361500 -9236.81736489 1347.93389249 0.382067 5.9779 0.849612 0.098854 0.005699
361600 -9237.36486331 1364.85747888 0.386864 5.9779 0.849612 0.098854 -0.031714
361700 -9229.51779013 1338.56847001 0.379413 5.9779 0.849612 0.098854 -0.004743
361800 -9231.73716806 1336.78420178 0.378907 5.9779 0.849612 0.098854 -0.017424
361900 -9232.31224566 1334.17317608 0.378167 5.9779 0.849612 0.098854 -0.007764
362000 -9224.71123199 1359.09185226 0.385230 5.9898 0.855459 0.095779 0.026970
362100 -9196.87393336 1316.94792419 0.373285 5.9898 0.855459 0.095779 0.079798
362200 -9259.69950237 1329.28085311 0.376780 5.9898 0.855459 0.095779 -0.062058
362300 -9227.55782282 1330.48743629 0.377122 5.9898 0.855459 0.095779 0.031446
362400 -9234.13572695 1347.49395746 0.381943 5.9898 0.855459 0.095779 0.016293
362500 -9248.58195714 1328.36241082 0.376520 5.9892 0.854412 0.095275 -0.015999
362600 -9245.71923034 1331.33231271 0.377362 5.9892 0.854412 0.095275 0.004823
362700 -9238.67533523 1308.86112558 0.370992 5.9892 0.854412 0.095275 -0.004019
362800 -9283.53258194 1324.61880098 0.375459 5.9892 0.854412 0.095275 -0.069890
362900 -9271.16455925 1340.45670709 0.379948 5.9892 0.854412 0.095275 -0.022512
363000 -9255.00250211 1336.63206731 0.378864 5.9915 0.856707 0.095377 0.016056
363100 -9266.37212060 1347.60176168 0.381973 5.9915 0.856707 0.095377 -0.023466
363200 -9265.76898296 1350.58431974 0.382819 5.9915 0.856707 0.095377 -0.018373
363300 -9286.18544992 1358.29772298 0.385005 5.9915 0.856707 0.095377 -0.051437
363400 -9262.58624234 1317.07192932 0.373320 5.9915 0.856707 0.095377 0.003454
363500 -9229.47337574 1296.39439491 0.367459 5.9853 0.853052 0.097046 0.073502
363600 -9251.16990130 1326.83884826 0.376088 5.9853 0.853052 0.097046 0.025068
363700 -9243.23713297 1346.30583356 0.381606 5.9853 0.853052 0.097046 0.037878
363800 -9213.71615428 1333.95993637 0.378107 5.9853 0.853052 0.097046 0.089374
363900 -9271.83303241 1368.00785117 0.387757 5.9853 0.853052 0.097046 -0.054095
364000 -9245.24602836 1362.58428011 0.386220 5.9875 0.854665 0.095499 -0.006874
364100 -9258.52302870 1329.46869249 0.376834 5.9875 0.854665 0.095499 -0.034776
364200 -9246.79006038 1331.87281839 0.377515 5.9875 0.854665 0.095499 0.006326
364300 -9241.44683272 1333.07828267 0.377857 5.9875 0.854665 0.095499 0.011675
364400 -9227.93859070 1357.97717766 0.384914 5.9875 0.854665 0.095499 0.035544
364500 -9254.75685136 1391.49675413 0.394415 5.9892 0.857922 0.096285 -0.039026
364600 -9241.42921074 1364.16516750 0.386668 5.9892 0.857922 0.096285 -0.016041
364700 -9230.68641967 1350.06472886 0.382671 5.9892 0.857922 0.096285 0.005152
364800 -9200.77228250 1335.73801275 0.378611 5.9892 0.857922 0.096285 0.073371
364900 -9218.34858267 1348.25901894 0.382160 5.9892 0.857922 0.096285 0.025218
365000 -9227.21861462 1333.48871913 0.377973 5.9870 0.852671 0.096202 0.004694
365100 -9247.00028686 1342.59657107 0.380555 5.9870 0.852671 0.096202 -0.030864
365200 -9271.64249487 1335.59862565 0.378571 5.9870 0.852671 0.096202 -0.083912
365300 -9234.17531182 1321.65560899 0.374619 5.9870 0.852671 0.096202 0.027546
365400 -9251.86079266 1353.94491772 0.383771 5.9870 0.852671 0.096202 -0.015641
365500 -9245.46187760 1365.01676019 0.386910 5.9892 0.858029 0.095769 0.002011
365600 -9224.82232128 1324.59127710 0.375451 5.9892 0.858029 0.095769 0.034841
365700 -9247.48187951 1326.60156727 0.376021 5.9892 0.858029 0.095769 -0.007240
365800 -9221.77190596 1334.09034952 0.378144 5.9892 0.858029 0.095769 0.056523
365900 -9209.63335042 1335.12834980 0.378438 5.9892 0.858029 0.095769 0.077362
366000 -9214.06111746 1369.56671710 0.388199 5.9864 0.854939 0.097973 0.060734
366100 -9227.69115873 1372.66647725 0.389078 5.9864 0.854939 0.097973 -0.002822
366200 -9239.37940409 1376.40925794 0.390139 5.9864 0.854939 0.097973 -0.035975
366300 -9221.67472656 1356.24730485 0.384424 5.9864 0.854939 0.097973 0.006604
366400 -9225.54149263 1333.42875799 0.377956 5.9864 0.854939 0.097973 -0.013141
366500 -9249.42509816 1358.41451335 0.385038 5.9887 0.858781 0.096505 -0.029641
366600 -9264.18109012 1357.23957453 0.384705 5.9887 0.858781 0.096505 -0.082737
366700 -9239.98683596 1296.77197764 0.367566 5.9887 0.858781 0.096505 -0.018606
366800 -9246.13147972 1345.48483767 0.381373 5.9887 0.858781 0.096505 -0.007723
366900 -9202.97521469 1364.40736943 0.386737 5.9887 0.858781 0.096505 0.066276
367000 -9226.30435464 1339.65314920 0.379720 5.9847 0.850252 0.096729 0.008784
367100 -9247.27562697 1355.33495648 0.384165 5.9847 0.850252 0.096729 -0.004934
367200 -9242.42190485 1350.87249684 0.382900 5.9847 0.850252 0.096729 -0.021676
367300 -9219.50590148 1351.75817148 0.383151 5.9847 0.850252 0.096729 0.027857
367400 -9240.20983872 1328.57416565 0.376580 5.9847 0.850252 0.096729 -0.032698
367500 -9252.17807901 1338.49168218 0.379391 5.9870 0.851247 0.098784 -0.052647
367600 -9263.19710639 1343.13079688 0.380706 5.9870 0.851247 0.098784 -0.056090
367700 -9246.32546385 1316.18423501 0.373068 5.9870 0.851247 0.098784 -0.014305
367800 -9246.16913211 1329.31148000 0.376789 5.9870 0.851247 0.098784 0.001200
367900 -9272.92751324 1345.31572648 0.381325 5.9870 0.851247 0.098784 -0.062620
368000 -9248.87750859 1312.04102077 0.371894 5.9887 0.856664 0.096520 0.010460
368100 -9281.70200253 1349.62565101 0.382547 5.9887 0.856664 0.096520 -0.059615
368200 -9284.35732886 1370.62029251 0.388498 5.9887 0.856664 0.096520 -0.047338
368300 -9265.60400141 1322.95230101 0.374986 5.9887 0.856664 0.096520 -0.011398
368400 -9273.07445144 1327.57621164 0.376297 5.9887 0.856664 0.096520 -0.036374
368500 -9247.58697966 1336.34373047 0.378782 5.9926 0.857715 0.096271 0.030055
368600 -9236.96869423 1341.46966594 0.380235 5.9926 0.857715 0.096271 0.043585
368700 -9260.80177708 1337.90819020 0.379226 5.9926 0.857715 0.096271 -0.005827
368800 -9236.69353551 1315.32646513 0.372825 5.9926 0.857715 0.096271 0.050141
368900 -9261.07935973 1353.42887826 0.383625 5.9926 0.857715 0.096271 0.005267
369000 -9263.82992453 1328.90895602 0.376675 5.9904 0.857696 0.094665 -0.028620
369100 -9222.69540729 1293.74367379 0.366707 5.9904 0.857696 0.094665 0.066590
369200 -9304.90948773 1315.41873392 0.372851 5.9904 0.857696 0.094665 -0.084453
369300 -9335.42415921 1325.32038441 0.375658 5.9904 0.857696 0.094665 -0.130885
369400 -9292.50337577 1347.14207387 0.381843 5.9904 0.857696 0.094665 -0.019313
369500 -9277.98976235 1352.57636859 0.383383 5.9909 0.855513 0.094030 0.019222
369600 -9289.03731667 1385.36852920 0.392678 5.9909 0.855513 0.094030 -0.027719
369700 -9244.96070903 1327.51085462 0.376279 5.9909 0.855513 0.094030 0.050047
369800 -9260.10457162 1349.02289469 0.382376 5.9909 0.855513 0.094030 0.011354
369900 -9242.60265187 1357.96266113 0.384910 5.9909 0.855513 0.094030 0.061491
370000 -9259.73450632 1378.74704551 0.390801 5.9887 0.857924 0.094535 0.000561
370100 -9245.16298090 1353.58206920 0.383668 5.9887 0.857924 0.094535 0.020173
370200 -9236.26578373 1345.37667612 0.381343 5.9887 0.857924 0.094535 0.024322
370300 -9266.16646954 1373.38951178 0.389283 5.9887 0.857924 0.094535 -0.035683
370400 -9240.72513334 1352.75112907 0.383433 5.9887 0.857924 0.094535 0.003488
370500 -9235.45322761 1324.87918646 0.375533 5.9904 0.853548 0.096159 0.000151
370600 -9247.36899807 1373.96252045 0.389445 5.9904 0.853548 0.096159 -0.002642
370700 -9300.02985828 1416.38724839 0.401470 5.9904 0.853548 0.096159 -0.089877
370800 -9250.85930355 1365.00256977 0.386905 5.9904 0.853548 0.096159 -0.025018
370900 -9222.51590752 1317.30372285 0.373385 5.9904 0.853548 0.096159 0.053140
371000 -9261.89804434 1306.62824173 0.370359 5.9853 0.861910 0.095509 -0.039599
371100 -9253.78485053 1320.49344903 0.374290 5.9853 0.861910 0.095509 -0.008567
371200 -9238.11761933 1316.57860991 0.373180 5.9853 0.861910 0.095509 0.026041
371300 -9218.52040139 1313.11668690 0.372199 5.9853 0.861910 0.095509 0.070031
371400 -9256.69181061 1357.61141320 0.384810 5.9853 0.861910 0.095509 -0.017457
371500 -9250.73952037 1365.91841119 0.387165 5.9853 0.852888 0.095690 -0.007552
371600 -9241.76470533 1327.74820524 0.376346 5.9853 0.852888 0.095690 -0.003320
371700 -9236.36035254 1358.56152015 0.385080 5.9853 0.852888 0.095690 0.012067
371800 -9243.32023983 1367.53212972 0.387622 5.9853 0.852888 0.095690 -0.001218
371900 -9236.89235181 1347.14870350 0.381845 5.9853 0.852888 0.095690 -0.004598
372000 -9215.11972828 1371.63186078 0.388785 5.9864 0.849004 0.097347 0.062251
372100 -9206.39575042 1315.98462671 0.373012 5.9864 0.849004 0.097347 0.044823
372200 -9239.77416271 1330.03863035 0.376995 5.9864 0.849004 0.097347 -0.020791
372300 -9243.27073334 1333.01602887 0.377839 5.9864 0.849004 0.097347 -0.014005
372400 -9261.74937193 1348.65528245 0.382272 5.9864 0.849004 0.097347 -0.041622
372500 -9238.96604918 1349.33593257 0.382465 5.9898 0.855804 0.096364 0.004704
372600 -9219.90742265 1312.00695052 0.371884 5.9898 0.855804 0.096364 0.041165
372700 -9238.09895485 1344.20862875 0.381012 5.9898 0.855804 0.096364 -0.001422
372800 -9250.40683561 1319.13640804 0.373905 5.9898 0.855804 0.096364 -0.018975
372900 -9235.84312489 1351.80253732 0.383164 5.9898 0.855804 0.096364 0.012258
373000 -9234.03841370 1339.88787878 0.379787 5.9847 0.856639 0.097173 0.013917
373100 -9248.24651031 1325.68162223 0.375760 5.9847 0.856639 0.097173 -0.000081
373200 -9277.73630456 1331.64752601 0.377451 5.9847 0.856639 0.097173 -0.078489
373300 -9252.95785670 1313.99463845 0.372447 5.9847 0.856639 0.097173 -0.014360
373400 -9237.96738302 1345.01840702 0.381241 5.9847 0.856639 0.097173 0.043560
373500 -9263.19831463 1337.09250190 0.378994 5.9898 0.858184 0.093427 -0.009564
373600 -9273.03899991 1327.38339718 0.376242 5.9898 0.858184 0.093427 -0.023004
373700 -9260.19467728 1350.91195966 0.382912 5.9898 0.858184 0.093427 0.004271
373800 -9263.49552966 1349.87187242 0.382617 5.9898 0.858184 0.093427 -0.000850
373900 -9239.11301395 1316.61384354 0.373190 5.9898 0.858184 0.093427 0.041861
374000 -9263.87092087 1306.89220974 0.370434 5.9858 0.855782 0.097154 -0.007083
374100 -9275.00689813 1325.17587211 0.375617 5.9858 0.855782 0.097154 -0.022595
374200 -9245.98228391 1311.91020799 0.371857 5.9858 0.855782 0.097154 0.037258
374300 -9257.75551009 1341.31041597 0.380190 5.9858 0.855782 0.097154 0.007309
374400 -9239.40556141 1359.98783575 0.385484 5.9858 0.855782 0.097154 0.045161
374500 -9255.87693958 1343.61387639 0.380843 5.9853 0.857710 0.095645 -0.006435
374600 -9263.42969068 1319.52733551 0.374016 5.9853 0.857710 0.095645 -0.018659
374700 -9297.65107947 1337.82935339 0.379203 5.9853 0.857710 0.095645 -0.095149
374800 -9252.97945921 1311.58161699 0.371763 5.9853 0.857710 0.095645 0.020834
374900 -9285.69853202 1350.39238232 0.382764 5.9853 0.857710 0.095645 -0.045869
375000 -9239.46786620 1343.81558204 0.380900 5.9864 0.853485 0.096201 0.050124
375100 -9242.56299579 1366.14871137 0.387230 5.9864 0.853485 0.096201 0.039695
375200 -9222.46882282 1290.61627262 0.365821 5.9864 0.853485 0.096201 0.055842
375300 -9257.49675213 1342.78577175 0.380608 5.9864 0.853485 0.096201 -0.019154
375400 -9231.39702013 1316.40791593 0.373131 5.9864 0.853485 0.096201 0.028080
375500 -9303.18727280 1334.15020490 0.378160 5.9892 0.863610 0.093684 -0.117359
375600 -9273.83900057 1306.55221510 0.370338 5.9892 0.863610 0.093684 -0.025543
375700 -9255.69116015 1330.15877376 0.377029 5.9892 0.863610 0.093684 0.027598
375800 -9272.52046553 1318.27377777 0.373660 5.9892 0.863610 0.093684 -0.017900
375900 -9287.78505233 1301.67754909 0.368956 5.9892 0.863610 0.093684 -0.038114
376000 -9308.35524920 1322.22919660 0.374782 5.9875 0.865392 0.093050 -0.076508
376100 -9283.49301924 1305.89208200 0.370151 5.9875 0.865392 0.093050 -0.004459
376200 -9307.87904537 1338.14657957 0.379293 5.9875 0.865392 0.093050 -0.052321
376300 -9251.95248866 1303.43577544 0.369455 5.9875 0.865392 0.093050 0.073579
376400 -9262.36219249 1332.38380567 0.377660 5.9875 0.865392 0.093050 0.050298
376500 -9231.60697749 1307.04861223 0.370479 5.9898 0.851459 0.097160 0.078055
376600 -9251.62750933 1330.99311094 0.377266 5.9898 0.851459 0.097160 0.037016
376700 -9269.76952289 1339.49124060 0.379674 5.9898 0.851459 0.097160 -0.011319
376800 -9226.14910360 1310.31049428 0.371403 5.9898 0.851459 0.097160 0.064630
376900 -9250.92559146 1316.69342564 0.373212 5.9898 0.851459 0.097160 0.002286
377000 -9280.46428515 1341.76440042 0.380319 5.9870 0.861860 0.095257 -0.033830
377100 -9309.71453263 1344.01139749 0.380956 5.9870 0.861860 0.095257 -0.075286
377200 -9265.90581670 1345.64686398 0.381419 5.9870 0.861860 0.095257 0.012313
377300 -9261.95320761 1361.96788889 0.386045 5.9870 0.861860 0.095257 0.029688
377400 -9230.60849651 1339.44799158 0.379662 5.9870 0.861860 0.095257 0.058224
377500 -9244.39818792 1332.56960494 0.377712 5.9864 0.856237 0.096174 -0.000831
377600 -9265.22432720 1322.73161335 0.374924 5.9864 0.856237 0.096174 -0.038954
377700 -9267.93345602 1341.98005540 0.380380 5.9864 0.856237 0.096174 -0.023431
377800 -9260.42764389 1333.09052348 0.377860 5.9864 0.856237 0.096174 -0.012435
377900 -9288.39314147 1378.43780971 0.390714 5.9864 0.856237 0.096174 -0.049897
378000 -9245.59324428 1335.74318723 0.378612 5.9921 0.857595 0.094754 0.011136
378100 -9236.81226775 1332.61415104 0.377725 5.9921 0.857595 0.094754 0.035073
378200 -9257.52318155 1313.54698060 0.372321 5.9921 0.857595 0.094754 -0.006536
378300 -9273.70652553 1344.02598690 0.380960 5.9921 0.857595 0.094754 -0.031602
378400 -9232.42827833 1328.13496839 0.376455 5.9921 0.857595 0.094754 0.039474
378500 -9272.99456987 1363.49803752 0.386479 5.9887 0.859887 0.093633 -0.042149
378600 -9265.56365566 1340.45254053 0.379947 5.9887 0.859887 0.093633 -0.009727
378700 -9238.60521687 1314.66686078 0.372638 5.9887 0.859887 0.093633 0.028473
378800 -9261.32573088 1352.68937996 0.383415 5.9887 0.859887 0.093633 -0.007878
378900 -9248.71576498 1372.70947411 0.389090 5.9887 0.859887 0.093633 0.011666
379000 -9248.51245874 1353.28800524 0.383585 5.9870 0.854105 0.097421 0.006139
379100 -9246.30810485 1358.49752568 0.385062 5.9870 0.854105 0.097421 0.014907
379200 -9259.48567469 1353.36899840 0.383608 5.9870 0.854105 0.097421 -0.025728
379300 -9252.14448671 1331.35472626 0.377368 5.9870 0.854105 0.097421 0.004068
379400 -9229.27104682 1338.14749034 0.379294 5.9870 0.854105 0.097421 0.057364
379500 -9250.75959295 1328.78489133 0.376640 5.9858 0.854241 0.097453 -0.023509
379600 -9231.59770854 1322.55097793 0.374873 5.9858 0.854241 0.097453 0.034180
379700 -9260.07661789 1339.17379365 0.379584 5.9858 0.854241 0.097453 -0.044080
379800 -9262.55305187 1338.56692677 0.379412 5.9858 0.854241 0.097453 -0.035881
379900 -9267.29494645 1352.85145957 0.383461 5.9858 0.854241 0.097453 -0.022576
380000 -9290.19799101 1353.24538507 0.383573 5.9898 0.858313 0.095131 -0.061801
380100 -9264.25242072 1356.45220523 0.384482 5.9898 0.858313 0.095131 -0.007836
380200 -9239.37424504 1355.10211299 0.384099 5.9898 0.858313 0.095131 0.037485
380300 -9208.47098044 1339.78212637 0.379757 5.9898 0.858313 0.095131 0.083694
380400 -9245.99267398 1325.96611640 0.375841 5.9898 0.858313 0.095131 -0.009344
380500 -9246.04730921 1343.89353661 0.380922 5.9870 0.856027 0.095174 0.016891
380600 -9259.22270449 1362.64408599 0.386237 5.9870 0.856027 0.095174 -0.020125
380700 -9248.97841401 1341.99146835 0.380383 5.9870 0.856027 0.095174 0.000953
380800 -9228.99467467 1301.14680474 0.368806 5.9870 0.856027 0.095174 0.035044
380900 -9257.00437289 1372.08148329 0.388912 5.9870 0.856027 0.095174 -0.012726
381000 -9230.57120930 1353.71420701 0.383706 5.9909 0.854309 0.097094 0.031280
381100 -9233.33633219 1329.08346399 0.376724 5.9909 0.854309 0.097094 0.026220
381200 -9261.31277906 1356.65404720 0.384539 5.9909 0.854309 0.097094 -0.042743
381300 -9262.32019032 1339.95577069 0.379806 5.9909 0.854309 0.097094 -0.035262
381400 -9243.21419240 1321.58828877 0.374600 5.9909 0.854309 0.097094 0.024652
381500 -9272.36021921 1350.84185761 0.382892 5.9892 0.859722 0.094035 -0.048443
381600 -9296.37927022 1344.99259418 0.381234 5.9892 0.859722 0.094035 -0.087920
381700 -9251.54317165 1329.33314039 0.376795 5.9892 0.859722 0.094035 0.003141
381800 -9275.73195493 1333.73582323 0.378043 5.9892 0.859722 0.094035 -0.026888
381900 -9261.03938160 1318.12692615 0.373619 5.9892 0.859722 0.094035 0.004619
382000 -9260.22823143 1309.68684564 0.371226 5.9909 0.856232 0.095208 0.002267
382100 -9289.76754879 1332.47741233 0.377686 5.9909 0.856232 0.095208 -0.027670
382200 -9288.17637840 1292.51568371 0.366359 5.9909 0.856232 0.095208 -0.029864
382300 -9286.62135043 1345.71523306 0.381439 5.9909 0.856232 0.095208 -0.006074
382400 -9275.72400792 1345.65875507 0.381423 5.9909 0.856232 0.095208 0.011722
382500 -9263.68009216 1306.40398088 0.370296 5.9949 0.862970 0.094553 0.013416
382600 -9265.68312522 1375.14597047 0.389781 5.9949 0.862970 0.094553 0.024497
382700 -9252.27051631 1320.24754528 0.374220 5.9949 0.862970 0.094553 0.030976
382800 -9290.19373176 1365.52476806 0.387054 5.9949 0.862970 0.094553 -0.046164
382900 -9255.28176615 1315.23603580 0.372799 5.9949 0.862970 0.094553 0.016545
383000 -9303.43971970 1325.31603573 0.375656 5.9932 0.863492 0.092520 -0.068779
383100 -9310.98625945 1335.49169182 0.378541 5.9932 0.863492 0.092520 -0.069568
383200 -9313.43746810 1335.98035176 0.378679 5.9932 0.863492 0.092520 -0.065062
383300 -9296.03551685 1325.47043807 0.375700 5.9932 0.863492 0.092520 -0.017971
383400 -9276.45183864 1332.84735937 0.377791 5.9932 0.863492 0.092520 0.038967
383500 -9296.34227088 1336.34433071 0.378782 5.9892 0.860326 0.093567 -0.015856
383600 -9283.00076786 1366.90560203 0.387445 5.9892 0.860326 0.093567 0.000115
383700 -9280.67597045 1378.20746718 0.390648 5.9892 0.860326 0.093567 -0.009035
383800 -9234.56703551 1357.49769309 0.384778 5.9892 0.860326 0.093567 0.069278
383900 -9285.56587084 1386.31379406 0.392946 5.9892 0.860326 0.093567 -0.048380
384000 -9281.41270015 1335.40574548 0.378516 5.9915 0.860657 0.094330 -0.044262
384100 -9285.36797715 1308.17795085 0.370799 5.9915 0.860657 0.094330 -0.057689
384200 -9286.26234212 1323.39412390 0.375112 5.9915 0.860657 0.094330 -0.035303
384300 -9281.12424308 1341.33226505 0.380196 5.9915 0.860657 0.094330 -0.012331
384400 -9294.96868870 1316.97530968 0.373292 5.9915 0.860657 0.094330 -0.051916
384500 -9246.78680929 1321.26642656 0.374509 5.9887 0.849007 0.096847 0.049101
384600 -9289.07501479 1355.43537646 0.384194 5.9887 0.849007 0.096847 -0.048429
384700 -9234.64449042 1347.48031463 0.381939 5.9887 0.849007 0.096847 0.067873
384800 -9231.32616121 1309.41081678 0.371148 5.9887 0.849007 0.096847 0.056126
384900 -9237.73270663 1365.19785534 0.386961 5.9887 0.849007 0.096847 0.046317
385000 -9205.84103699 1354.03455792 0.383797 5.9836 0.849142 0.096793 0.074463
385100 -9200.44199118 1339.59497777 0.379704 5.9836 0.849142 0.096793 0.062588
385200 -9220.69259349 1368.82370314 0.387989 5.9836 0.849142 0.096793 0.024176
385300 -9195.99677651 1360.25172625 0.385559 5.9836 0.849142 0.096793 0.058651
385400 -9186.59303533 1371.47390977 0.388740 5.9836 0.849142 0.096793 0.072319
385500 -9175.11001869 1361.34961702 0.385870 5.9841 0.850242 0.097785 0.069648
385600 -9162.36001702 1357.89139994 0.384890 5.9841 0.850242 0.097785 0.093753
385700 -9206.24168034 1389.01744114 0.393712 5.9841 0.850242 0.097785 -0.019667
385800 -9207.30786575 1316.98970655 0.373296 5.9841 0.850242 0.097785 -0.026370
385900 -9210.55288940 1353.53268300 0.383654 5.9841 0.850242 0.097785 -0.010049
386000 -9230.74932914 1341.53004091 0.380252 5.9898 0.852504 0.096344 -0.057719
386100 -9205.26942380 1343.73488322 0.380877 5.9898 0.852504 0.096344 0.008977
386200 -9212.94972927 1337.72697064 0.379174 5.9898 0.852504 0.096344 -0.003536
386300 -9267.24892829 1323.66755822 0.375189 5.9898 0.852504 0.096344 -0.102619
386400 -9249.05123023 1322.44674942 0.374843 5.9898 0.852504 0.096344 -0.053458
386500 -9275.38671333 1353.85302824 0.383745 5.9887 0.858075 0.094879 -0.056361
386600 -9232.89659872 1342.74165923 0.380596 5.9887 0.858075 0.094879 0.031504
386700 -9233.52427183 1353.87313693 0.383751 5.9887 0.858075 0.094879 -0.000388
386800 -9247.51227047 1347.99398159 0.382084 5.9887 0.858075 0.094879 -0.021625
386900 -9220.15987657 1315.38749712 0.372842 5.9887 0.858075 0.094879 0.042731
387000 -9260.70382728 1351.64266036 0.383119 5.9892 0.854139 0.095909 -0.063071
387100 -9230.08447837 1311.87875852 0.371848 5.9892 0.854139 0.095909 0.035022
387200 -9248.85825460 1286.51095828 0.364657 5.9892 0.854139 0.095909 -0.003814
387300 -9254.96461017 1333.45570669 0.377964 5.9892 0.854139 0.095909 0.009074
387400 -9263.45994520 1343.24707294 0.380739 5.9892 0.854139 0.095909 -0.033180
387500 -9255.31007346 1352.27684688 0.383298 5.9977 0.860472 0.092896 -0.005936
387600 -9227.28758453 1344.68004934 0.381145 5.9977 0.860472 0.092896 0.045829
387700 -9231.73845455 1383.11313638 0.392039 5.9977 0.860472 0.092896 0.020771
387800 -9227.42669286 1346.29113261 0.381602 5.9977 0.860472 0.092896 0.039522
387900 -9215.60706655 1333.44230720 0.377960 5.9977 0.860472 0.092896 0.039189
388000 -9219.48556432 1331.09842384 0.377295 5.9892 0.850108 0.097476 0.025935
388100 -9263.11660365 1374.49151685 0.389595 5.9892 0.850108 0.097476 -0.062342
388200 -9235.19901432 1356.08506631 0.384378 5.9892 0.850108 0.097476 0.017106
388300 -9215.56495168 1350.72880784 0.382860 5.9892 0.850108 0.097476 0.051181
388400 -9234.60566182 1380.51605347 0.391303 5.9892 0.850108 0.097476 -0.006025
388500 -9227.94470852 1324.15218979 0.375327 5.9847 0.855046 0.096959 -0.002376
388600 -9230.94907734 1326.94369216 0.376118 5.9847 0.855046 0.096959 -0.001669
388700 -9238.01069175 1345.64508251 0.381419 5.9847 0.855046 0.096959 -0.007858
388800 -9232.95905981 1307.62505021 0.370642 5.9847 0.855046 0.096959 -0.017414
388900 -9238.54601761 1362.40652043 0.386170 5.9847 0.855046 0.096959 -0.010325
389000 -9227.51517830 1358.66674869 0.385110 5.9830 0.850119 0.098472 0.021048
389100 -9195.24480429 1317.43057706 0.373421 5.9830 0.850119 0.098472 0.060619
389200 -9217.81848843 1359.49348569 0.385344 5.9830 0.850119 0.098472 0.011887
389300 -9212.19303011 1337.23788524 0.379036 5.9830 0.850119 0.098472 0.022666
389400 -9211.69412831 1316.41501197 0.373134 5.9830 0.850119 0.098472 0.005121
389500 -9189.23143515 1303.10375086 0.369360 5.9915 0.847926 0.095232 0.058392
389600 -9228.05825716 1330.26640788 0.377060 5.9915 0.847926 0.095232 -0.004440
389700 -9246.67044057 1332.33268365 0.377645 5.9915 0.847926 0.095232 -0.036766
389800 -9252.38220182 1349.53668737 0.382522 5.9915 0.847926 0.095232 -0.031438
389900 -9249.12643775 1336.18709058 0.378738 5.9915 0.847926 0.095232 -0.016265
390000 -9234.57125995 1340.40864486 0.379934 5.9932 0.856790 0.095307 0.016641
390100 -9244.64855278 1339.03123733 0.379544 5.9932 0.856790 0.095307 0.008806
390200 -9226.07847513 1352.78847583 0.383443 5.9932 0.856790 0.095307 0.039793
390300 -9247.17490348 1360.47218299 0.385621 5.9932 0.856790 0.095307 -0.023580
390400 -9244.98030739 1356.18491969 0.384406 5.9932 0.856790 0.095307 -0.013620
390500 -9217.78834165 1314.43559632 0.372572 5.9864 0.855401 0.097679 0.027555
390600 -9206.57651818 1328.94905109 0.376686 5.9864 0.855401 0.097679 0.072969
390700 -9201.89051766 1326.05115843 0.375865 5.9864 0.855401 0.097679 0.066791
390800 -9234.38590735 1342.65568877 0.380571 5.9864 0.855401 0.097679 -0.005940
390900 -9212.11468446 1308.66757668 0.370938 5.9864 0.855401 0.097679 0.030178
391000 -9232.64717315 1327.11002922 0.376165 5.9836 0.850140 0.098041 0.000973
391100 -9270.81956525 1334.22985292 0.378183 5.9836 0.850140 0.098041 -0.058182
391200 -9269.62483340 1320.30838245 0.374237 5.9836 0.850140 0.098041 -0.033826
391300 -9236.18575385 1322.66713859 0.374906 5.9836 0.850140 0.098041 0.040529
391400 -9250.90637484 1316.71930999 0.373220 5.9836 0.850140 0.098041 -0.006067
391500 -9237.09582239 1351.41296389 0.383054 5.9938 0.854598 0.095095 0.016698
391600 -9255.42410001 1339.13628124 0.379574 5.9938 0.854598 0.095095 -0.025633
391700 -9272.94721633 1323.97336771 0.375276 5.9938 0.854598 0.095095 -0.040070
391800 -9264.93189387 1325.32009462 0.375658 5.9938 0.854598 0.095095 -0.005055
391900 -9239.38316685 1328.02748301 0.376425 5.9938 0.854598 0.095095 0.030118
392000 -9257.21619258 1384.74424602 0.392501 5.9904 0.854890 0.095602 0.003046
392100 -9225.89831601 1373.96170599 0.389445 5.9904 0.854890 0.095602 0.046278
392200 -9250.45515638 1391.16933325 0.394322 5.9904 0.854890 0.095602 -0.019049
392300 -9246.38246078 1341.89463636 0.380356 5.9904 0.854890 0.095602 -0.018844
392400 -9231.38207891 1321.70741155 0.374634 5.9904 0.854890 0.095602 0.020634
392500 -9263.58755289 1352.98127746 0.383498 5.9909 0.856824 0.094902 -0.045598
392600 -9290.50235761 1320.51906818 0.374297 5.9909 0.856824 0.094902 -0.071306
392700 -9271.12687172 1321.43104458 0.374555 5.9909 0.856824 0.094902 -0.036316
392800 -9248.11234043 1325.80955909 0.375796 5.9909 0.856824 0.094902 0.017999
392900 -9248.78265702 1336.40063772 0.378798 5.9909 0.856824 0.094902 0.020378
393000 -9279.92699724 1327.59557097 0.376303 5.9892 0.858933 0.094242 -0.050841
393100 -9263.40014413 1308.48768800 0.370887 5.9892 0.858933 0.094242 0.001804
393200 -9267.24306494 1317.21883388 0.373361 5.9892 0.858933 0.094242 0.014384
393300 -9259.31821148 1310.60777942 0.371487 5.9892 0.858933 0.094242 0.019111
393400 -9297.04671126 1346.38189890 0.381628 5.9892 0.858933 0.094242 -0.052061
393500 -9263.89448867 1334.10108327 0.378147 5.9904 0.857967 0.095801 0.009058
393600 -9270.82067312 1328.17165913 0.376466 5.9904 0.857967 0.095801 -0.019991
393700 -9265.28253307 1315.83482429 0.372969 5.9904 0.857967 0.095801 0.012279
393800 -9242.55866341 1325.44535678 0.375693 5.9904 0.857967 0.095801 0.043564
393900 -9251.25293094 1313.39450351 0.372277 5.9904 0.857967 0.095801 0.021521
394000 -9251.59531071 1341.10807558 0.380133 5.9875 0.855751 0.095617 0.043813
394100 -9206.17152378 1323.59617178 0.375169 5.9875 0.855751 0.095617 0.124215
394200 -9245.18183136 1336.83691841 0.378922 5.9875 0.855751 0.095617 0.029987
394300 -9241.56765489 1335.23329328 0.378467 5.9875 0.855751 0.095617 0.021246
394400 -9232.56304526 1338.62284931 0.379428 5.9875 0.855751 0.095617 0.043991
394500 -9305.60956175 1342.99719765 0.380668 5.9960 0.868818 0.091678 -0.116043
394600 -9271.84752440 1286.68042886 0.364705 5.9960 0.868818 0.091678 -0.020290
394700 -9277.39063126 1320.64601702 0.374333 5.9960 0.868818 0.091678 -0.017982
394800 -9277.07050556 1312.97472633 0.372158 5.9960 0.868818 0.091678 -0.006882
394900 -9239.58349345 1308.04593934 0.370761 5.9960 0.868818 0.091678 0.079801
395000 -9258.38774223 1314.93915949 0.372715 5.9870 0.862311 0.093937 0.030466
395100 -9284.98550894 1326.16428507 0.375897 5.9870 0.862311 0.093937 -0.029078
395200 -9319.51450269 1357.91336644 0.384896 5.9870 0.862311 0.093937 -0.088864
395300 -9301.10301607 1333.81801268 0.378066 5.9870 0.862311 0.093937 -0.032998
395400 -9297.87725834 1365.63755320 0.387085 5.9870 0.862311 0.093937 -0.016760
395500 -9271.61265281 1310.92691828 0.371578 5.9915 0.860491 0.094633 0.038769
395600 -9275.42994658 1333.75058105 0.378047 5.9915 0.860491 0.094633 0.034942
395700 -9284.20457639 1299.93398051 0.368462 5.9915 0.860491 0.094633 -0.005549
395800 -9309.52318246 1297.43845641 0.367755 5.9915 0.860491 0.094633 -0.056461
395900 -9291.82465683 1263.39435942 0.358105 5.9915 0.860491 0.094633 0.016561
396000 -9299.42994078 1299.12438914 0.368233 5.9892 0.861018 0.093072 0.018635
396100 -9279.61775112 1317.24443380 0.373369 5.9892 0.861018 0.093072 0.060315
396200 -9281.60635788 1374.21126360 0.389516 5.9892 0.861018 0.093072 0.036618
396300 -9233.00861821 1329.15291173 0.376744 5.9892 0.861018 0.093072 0.135740
396400 -9255.65073476 1365.60330691 0.387076 5.9892 0.861018 0.093072 0.053373
396500 -9254.05795890 1358.51698138 0.385067 5.9858 0.852408 0.098124 0.029499
396600 -9217.90495608 1372.33975598 0.388985 5.9858 0.852408 0.098124 0.085275
396700 -9236.64492121 1292.65014584 0.366397 5.9858 0.852408 0.098124 0.019322
396800 -9269.54910105 1337.77826179 0.379189 5.9858 0.852408 0.098124 -0.034447
396900 -9244.49540036 1308.04914642 0.370762 5.9858 0.852408 0.098124 0.009719
397000 -9256.51489199 1341.23595522 0.380169 5.9921 0.857362 0.094020 -0.016747
397100 -9266.89517503 1349.75622565 0.382584 5.9921 0.857362 0.094020 -0.015777
397200 -9254.32429552 1331.41002209 0.377384 5.9921 0.857362 0.094020 -0.013225
397300 -9239.47279776 1312.19124295 0.371936 5.9921 0.857362 0.094020 0.022978
397400 -9249.00207700 1329.13681243 0.376739 5.9921 0.857362 0.094020 -0.003078
397500 -9255.91667508 1328.33609802 0.376512 5.9881 0.858837 0.096404 -0.004744
397600 -9250.65002439 1326.27816093 0.375929 5.9881 0.858837 0.096404 0.002092
397700 -9262.40050818 1332.73933057 0.377761 5.9881 0.858837 0.096404 -0.008147
397800 -9242.01754447 1312.82235681 0.372115 5.9881 0.858837 0.096404 0.029659
397900 -9233.08323357 1340.80361013 0.380046 5.9881 0.858837 0.096404 0.044202
398000 -9269.04164139 1328.94972629 0.376686 5.9875 0.852180 0.096511 -0.032108
398100 -9251.87562853 1338.03998254 0.379263 5.9875 0.852180 0.096511 0.009778
398200 -9275.45184571 1356.82855886 0.384589 5.9875 0.852180 0.096511 -0.045784
398300 -9233.14012621 1350.96192591 0.382926 5.9875 0.852180 0.096511 0.022603
398400 -9206.03496664 1332.43522911 0.377674 5.9875 0.852180 0.096511 0.056188
398500 -9233.88613091 1331.08877803 0.377293 5.9892 0.857441 0.096039 -0.006833
398600 -9248.12724392 1361.20937171 0.385830 5.9892 0.857441 0.096039 -0.017297
398700 -9234.96771510 1345.25293726 0.381308 5.9892 0.857441 0.096039 0.017548
398800 -9204.03680641 1351.34607886 0.383035 5.9892 0.857441 0.096039 0.066199
398900 -9231.86986125 1354.43345628 0.383910 5.9892 0.857441 0.096039 -0.013031
399000 -9223.51812213 1337.86761422 0.379214 5.9870 0.857518 0.096018 0.037011
399100 -9232.01897075 1350.15277045 0.382696 5.9870 0.857518 0.096018 -0.006610
399200 -9226.36280691 1328.57356049 0.376580 5.9870 0.857518 0.096018 0.012047
399300 -9218.21321489 1349.33478469 0.382465 5.9870 0.857518 0.096018 0.029356
399400 -9251.65061972 1406.78725405 0.398749 5.9870 0.857518 0.096018 -0.024236
399500 -9181.68830149 1369.23560384 0.388105 5.9785 0.845622 0.099166 0.085505
399600 -9206.68558435 1370.21672232 0.388383 5.9785 0.845622 0.099166 0.007917
399700 -9203.55214105 1328.40052689 0.376531 5.9785 0.845622 0.099166 -0.011897
399800 -9216.48485053 1313.30692473 0.372253 5.9785 0.845622 0.099166 -0.024936
399900 -9212.29120300 1301.53420993 0.368916 5.9785 0.845622 0.099166 -0.002448
400000 -9238.46631822 1284.82488271 0.364179 5.9892 0.856432 0.095812 -0.043460
400100 -9249.79491361 1319.13610669 0.373905 5.9892 0.856432 0.095812 -0.035506
400200 -9254.02221675 1328.02604227 0.376425 5.9892 0.856432 0.095812 -0.038664
400300 -9251.60653929 1326.01159899 0.375854 5.9892 0.856432 0.095812 -0.013361
400400 -9270.35759088 1345.20792985 0.381295 5.9892 0.856432 0.095812 -0.024702
400500 -9268.55457140 1355.96970484 0.384345 5.9887 0.858938 0.095977 -0.020607
400600 -9254.52341867 1323.34387011 0.375097 5.9887 0.858938 0.095977 -0.004447
400700 -9246.25904764 1354.67365025 0.383978 5.9887 0.858938 0.095977 0.020402
400800 -9266.93824380 1379.98789267 0.391153 5.9887 0.858938 0.095977 -0.035086
400900 -9223.36485862 1335.78902923 0.378625 5.9887 0.858938 0.095977 0.059884
401000 -9261.24051042 1375.62355824 0.389916 5.9904 0.860705 0.093194 -0.027952
401100 -9258.76283731 1342.65921099 0.380572 5.9904 0.860705 0.093194 -0.034008
401200 -9247.67098630 1320.38650325 0.374259 5.9904 0.860705 0.093194 0.016135
401300 -9251.24200386 1347.44450544 0.381929 5.9904 0.860705 0.093194 0.012663
401400 -9252.00991052 1361.94031828 0.386038 5.9904 0.860705 0.093194 0.012400
401500 -9250.40401270 1328.19915208 0.376474 5.9921 0.857218 0.095513 -0.009178
401600 -9256.99635788 1325.85402324 0.375809 5.9921 0.857218 0.095513 -0.007881
401700 -9268.45663097 1354.11968071 0.383821 5.9921 0.857218 0.095513 -0.026153
401800 -9273.79719740 1338.87008761 0.379498 5.9921 0.857218 0.095513 -0.038787
401900 -9236.46407483 1336.25781617 0.378758 5.9921 0.857218 0.095513 0.044712
402000 -9242.96103935 1339.64757718 0.379719 5.9915 0.854445 0.095806 0.025288
402100 -9244.03587117 1318.79464771 0.373808 5.9915 0.854445 0.095806 0.010798
402200 -9234.19079968 1351.76223234 0.383153 5.9915 0.854445 0.095806 0.048941
402300 -9264.17715022 1365.50158109 0.387047 5.9915 0.854445 0.095806 -0.036365
402400 -9275.25193872 1359.23477604 0.385271 5.9915 0.854445 0.095806 -0.071125
402500 -9263.36951502 1345.01896836 0.381241 5.9830 0.855629 0.096150 -0.033518
402600 -9235.04058824 1332.26306775 0.377626 5.9830 0.855629 0.096150 0.016045
402700 -9297.10828927 1341.44132215 0.380227 5.9830 0.855629 0.096150 -0.124443
402800 -9273.51260230 1316.65553907 0.373202 5.9830 0.855629 0.096150 -0.034957
402900 -9254.94152310 1352.33182928 0.383314 5.9830 0.855629 0.096150 -0.009586
403000 -9261.57201458 1347.94008227 0.382069 5.9898 0.852689 0.095779 -0.010683
403100 -9212.71712535 1338.69929425 0.379450 5.9898 0.852689 0.095779 0.083543
403200 -9247.51494760 1358.98919139 0.385201 5.9898 0.852689 0.095779 0.007269
403300 -9255.02905348 1306.23491494 0.370248 5.9898 0.852689 0.095779 -0.016937
403400 -9280.87366126 1323.87624339 0.375248 5.9898 0.852689 0.095779 -0.055354
403500 -9260.76643840 1291.24357138 0.365999 5.9898 0.855898 0.095824 -0.016715
403600 -9276.48178391 1327.34606362 0.376232 5.9898 0.855898 0.095824 -0.029513
403700 -9301.20198956 1309.89984802 0.371287 5.9898 0.855898 0.095824 -0.048894
403800 -9273.94925723 1331.44987356 0.377395 5.9898 0.855898 0.095824 0.004247
403900 -9251.83676622 1297.83267811 0.367866 5.9898 0.855898 0.095824 0.049129
404000 -9252.78790947 1352.44201437 0.383345 5.9864 0.857573 0.095282 0.050489
404100 -9239.02275166 1337.09344473 0.378995 5.9864 0.857573 0.095282 0.062360
404200 -9244.41647662 1334.95721494 0.378389 5.9864 0.857573 0.095282 0.032974
404300 -9271.16035458 1332.05978089 0.377568 5.9864 0.857573 0.095282 -0.007215
404400 -9270.75114544 1334.98473247 0.378397 5.9864 0.857573 0.095282 -0.019108
404500 -9303.02929520 1352.54003488 0.383373 5.9870 0.857089 0.096124 -0.069196
404600 -9271.32853311 1307.38079837 0.370573 5.9870 0.857089 0.096124 -0.010696
404700 -9278.65848594 1327.64355587 0.376316 5.9870 0.857089 0.096124 -0.013237
404800 -9261.64501208 1359.48015217 0.385340 5.9870 0.857089 0.096124 0.024272
404900 -9249.99433995 1346.07941286 0.381542 5.9870 0.857089 0.096124 0.038945
405000 -9258.89041972 1348.60943225 0.382259 5.9909 0.859549 0.095024 -0.004020
405100 -9239.50959844 1331.54590486 0.377422 5.9909 0.859549 0.095024 0.037173
405200 -9246.60691328 1318.23826110 0.373650 5.9909 0.859549 0.095024 0.041250
405300 -9273.33211179 1329.05246511 0.376716 5.9909 0.859549 0.095024 -0.020740
405400 -9206.05646408 1319.20642927 0.373925 5.9909 0.859549 0.095024 0.098718
405500 -9236.31520037 1352.15555013 0.383264 5.9870 0.851462 0.096868 0.010295
405600 -9258.68006294 1403.63997443 0.397857 5.9870 0.851462 0.096868 -0.053405
405700 -9245.42993603 1346.07674748 0.381541 5.9870 0.851462 0.096868 -0.008404
405800 -9237.13508564 1368.58054554 0.387920 5.9870 0.851462 0.096868 -0.004854
405900 -9256.41956665 1366.04342154 0.387201 5.9870 0.851462 0.096868 -0.038628
406000 -9201.98614924 1318.13295556 0.373620 5.9762 0.846383 0.099794 0.087335
406100 -9211.79500115 1384.52673820 0.392440 5.9762 0.846383 0.099794 0.034767
406200 -9192.02271102 1346.46951366 0.381652 5.9762 0.846383 0.099794 0.059200
406300 -9225.85818692 1347.78036690 0.382024 5.9762 0.846383 0.099794 -0.022471
406400 -9262.96603705 1316.71166856 0.373218 5.9762 0.846383 0.099794 -0.101649
406500 -9237.56535801 1334.82996284 0.378353 5.9841 0.848979 0.097445 -0.000882
406600 -9253.40210563 1377.64657931 0.390489 5.9841 0.848979 0.097445 -0.036815
406700 -9248.28430438 1364.72827386 0.386828 5.9841 0.848979 0.097445 -0.030667
406800 -9248.51700698 1292.87749028 0.366462 5.9841 0.848979 0.097445 -0.026833
406900 -9253.54835607 1348.18511777 0.382139 5.9841 0.848979 0.097445 -0.025800
407000 -9259.45959608 1370.86657005 0.388568 5.9870 0.855495 0.095341 -0.039925
407100 -9234.64077316 1336.28062702 0.378764 5.9870 0.855495 0.095341 0.011428
407200 -9225.75052368 1312.17009921 0.371930 5.9870 0.855495 0.095341 0.047274
407300 -9258.45759879 1335.91052476 0.378659 5.9870 0.855495 0.095341 -0.026115
407400 -9273.24435535 1370.04502219 0.388335 5.9870 0.855495 0.095341 -0.046121
407500 -9240.55012767 1362.94133236 0.386321 5.9904 0.857223 0.095545 0.023085
407600 -9216.17637578 1390.99131473 0.394272 5.9904 0.857223 0.095545 0.057300
407700 -9232.46481677 1336.48425829 0.378822 5.9904 0.857223 0.095545 0.010828
407800 -9247.00761015 1367.46580354 0.387604 5.9904 0.857223 0.095545 -0.006299
407900 -9237.11108492 1363.45264453 0.386466 5.9904 0.857223 0.095545 0.004973
408000 -9224.20611259 1319.46922386 0.373999 5.9847 0.849799 0.099016 0.025672
408100 -9239.63268717 1332.73685574 0.377760 5.9847 0.849799 0.099016 -0.017777
408200 -9217.34527304 1320.29005575 0.374232 5.9847 0.849799 0.099016 0.022772
408300 -9244.87458427 1354.01300314 0.383791 5.9847 0.849799 0.099016 -0.021320
408400 -9228.68657912 1356.79233320 0.384578 5.9847 0.849799 0.099016 0.004233
408500 -9219.54007791 1354.31537280 0.383876 5.9858 0.851712 0.096669 0.024590
408600 -9231.69591955 1350.15376044 0.382697 5.9858 0.851712 0.096669 -0.004964
408700 -9216.54317349 1335.14037304 0.378441 5.9858 0.851712 0.096669 0.018368
408800 -9200.82390798 1350.46384932 0.382785 5.9858 0.851712 0.096669 0.043943
408900 -9220.96560733 1344.23997930 0.381020 5.9858 0.851712 0.096669 0.014316
409000 -9256.38636371 1320.24294786 0.374219 5.9870 0.856208 0.095900 -0.056178
409100 -9262.70855833 1349.34969851 0.382469 5.9870 0.856208 0.095900 -0.031893
409200 -9260.61736940 1362.10256917 0.386083 5.9870 0.856208 0.095900 -0.043511
409300 -9211.73409441 1363.60047205 0.386508 5.9870 0.856208 0.095900 0.066229
409400 -9195.20227175 1327.18246173 0.376186 5.9870 0.856208 0.095900 0.070671
409500 -9275.43425533 1379.09458863 0.390900 5.9892 0.858545 0.094574 -0.086980
409600 -9225.47186080 1357.33683797 0.384733 5.9892 0.858545 0.094574 0.028882
409700 -9192.60030271 1318.37613967 0.373689 5.9892 0.858545 0.094574 0.069929
409800 -9265.84200154 1368.73379235 0.387963 5.9892 0.858545 0.094574 -0.056085
409900 -9245.20479743 1394.46132688 0.395255 5.9892 0.858545 0.094574 -0.024722
410000 -9225.75921805 1335.63277824 0.378581 5.9898 0.855042 0.096552 0.001309
410100 -9235.05601952 1342.87148433 0.380633 5.9898 0.855042 0.096552 0.011453
410200 -9254.81509480 1337.19341263 0.379023 5.9898 0.855042 0.096552 -0.035651
410300 -9258.46909144 1314.62369774 0.372626 5.9898 0.855042 0.096552 -0.025547
410400 -9269.15863150 1324.30090408 0.375369 5.9898 0.855042 0.096552 -0.042924
410500 -9255.54174515 1314.98570880 0.372728 5.9898 0.857400 0.095246 -0.001528
410600 -9263.79339693 1321.67578252 0.374625 5.9898 0.857400 0.095246 0.008454
410700 -9271.20202766 1349.49412997 0.382510 5.9898 0.857400 0.095246 -0.033743
410800 -9288.97409241 1329.16686094 0.376748 5.9898 0.857400 0.095246 -0.049345
410900 -9252.45756835 1360.65494661 0.385673 5.9898 0.857400 0.095246 0.024094
411000 -9249.97623785 1364.87391723 0.386869 5.9858 0.856496 0.095883 0.008836
411100 -9238.30775750 1366.06538273 0.387207 5.9858 0.856496 0.095883 0.031831
411200 -9233.25607253 1347.42996989 0.381925 5.9858 0.856496 0.095883 0.040912
411300 -9232.94814647 1366.66187313 0.387376 5.9858 0.856496 0.095883 0.014142
411400 -9241.76707467 1313.96282854 0.372438 5.9858 0.856496 0.095883 -0.020258
411500 -9281.08692571 1327.33786772 0.376230 5.9915 0.859676 0.094228 -0.065183
411600 -9278.75037990 1354.15766260 0.383832 5.9915 0.859676 0.094228 -0.041873
411700 -9279.92443975 1332.15396482 0.377595 5.9915 0.859676 0.094228 -0.061446
411800 -9262.86301809 1337.40579544 0.379083 5.9915 0.859676 0.094228 0.001038
411900 -9279.72498694 1327.35199598 0.376234 5.9915 0.859676 0.094228 -0.033201
412000 -9255.05889192 1333.87138515 0.378081 5.9909 0.858525 0.096073 0.023725
412100 -9261.25931702 1340.91416201 0.380078 5.9909 0.858525 0.096073 0.027620
412200 -9259.19016954 1318.30213584 0.373668 5.9909 0.858525 0.096073 0.005285
412300 -9254.35326798 1334.51309781 0.378263 5.9909 0.858525 0.096073 0.016283
412400 -9222.34431715 1380.88398506 0.391407 5.9909 0.858525 0.096073 0.068876
412500 -9223.56281672 1344.66507806 0.381141 5.9858 0.858941 0.096672 0.017030
412600 -9224.39769255 1311.03256010 0.371608 5.9858 0.858941 0.096672 0.021067
412700 -9245.82194504 1346.84839434 0.381760 5.9858 0.858941 0.096672 0.009808
412800 -9246.82455571 1330.42159932 0.377104 5.9858 0.858941 0.096672 0.002566
412900 -9279.04467959 1354.23651863 0.383854 5.9858 0.858941 0.096672 -0.100770
413000 -9258.12189235 1342.22655953 0.380450 5.9892 0.855858 0.095554 -0.033227
413100 -9248.51289890 1369.72495606 0.388244 5.9892 0.855858 0.095554 -0.002735
413200 -9246.43758252 1335.00151901 0.378402 5.9892 0.855858 0.095554 0.003816
413300 -9242.10487518 1302.89643738 0.369302 5.9892 0.855858 0.095554 0.014845
413400 -9278.63646161 1339.10459997 0.379565 5.9892 0.855858 0.095554 -0.056872
413500 -9240.75210764 1297.02660234 0.367638 5.9870 0.853786 0.096473 0.021470
413600 -9262.71760018 1314.31836613 0.372539 5.9870 0.853786 0.096473 -0.002291
413700 -9286.50981112 1336.96187918 0.378957 5.9870 0.853786 0.096473 -0.031074
413800 -9295.13974282 1345.40937075 0.381352 5.9870 0.853786 0.096473 -0.048472
413900 -9264.83645307 1330.95284285 0.377254 5.9870 0.853786 0.096473 0.012075
414000 -9278.03334327 1370.36486779 0.388425 5.9892 0.862651 0.094047 -0.011537
414100 -9264.86554161 1364.19511683 0.386677 5.9892 0.862651 0.094047 0.020410
414200 -9268.84506348 1343.86976044 0.380915 5.9892 0.862651 0.094047 -0.012555
414300 -9247.53636467 1368.60127718 0.387926 5.9892 0.862651 0.094047 0.034136
414400 -9239.42703453 1356.54624344 0.384509 5.9892 0.862651 0.094047 0.037179
414500 -9241.83349982 1352.68933093 0.383415 5.9898 0.853040 0.096511 0.016019
414600 -9264.87290997 1375.25263743 0.389811 5.9898 0.853040 0.096511 -0.019607
414700 -9228.28328323 1357.21298487 0.384698 5.9898 0.853040 0.096511 0.031854
414800 -9243.39243375 1363.23805121 0.386405 5.9898 0.853040 0.096511 0.013303
414900 -9235.75723927 1323.20575083 0.375058 5.9898 0.853040 0.096511 0.019661
415000 -9267.49154361 1360.54454269 0.385642 5.9904 0.860846 0.095274 -0.050032
415100 -9254.04482313 1323.81727209 0.375232 5.9904 0.860846 0.095274 -0.014084
415200 -9233.58067884 1370.72203883 0.388527 5.9904 0.860846 0.095274 0.047866
415300 -9265.17692755 1360.22880025 0.385552 5.9904 0.860846 0.095274 -0.034005
415400 -9270.92404072 1363.48487613 0.386475 5.9904 0.860846 0.095274 -0.047854
415500 -9224.08739330 1311.55790462 0.371757 5.9887 0.852689 0.096771 0.052956
415600 -9274.46684687 1359.16885418 0.385252 5.9887 0.852689 0.096771 -0.043256
415700 -9249.67023139 1321.86239726 0.374678 5.9887 0.852689 0.096771 0.008258
415800 -9259.09254888 1341.83626690 0.380339 5.9887 0.852689 0.096771 -0.020646
415900 -9221.40516117 1343.07793053 0.380691 5.9887 0.852689 0.096771 0.062067
416000 -9247.63599102 1333.32805085 0.377927 5.9904 0.852990 0.096108 -0.010516
416100 -9255.97808089 1351.20200564 0.382994 5.9904 0.852990 0.096108 -0.027926
416200 -9269.04678596 1300.36622647 0.368585 5.9904 0.852990 0.096108 -0.049779
416300 -9251.15728403 1318.45725334 0.373712 5.9904 0.852990 0.096108 0.020494
416400 -9283.59536240 1313.31268492 0.372254 5.9904 0.852990 0.096108 -0.043509
416500 -9261.20030746 1311.79184330 0.371823 5.9870 0.853610 0.096268 0.005970
416600 -9274.10757866 1322.94495906 0.374984 5.9870 0.853610 0.096268 -0.011738
416700 -9310.73434033 1302.38689311 0.369157 5.9870 0.853610 0.096268 -0.112786
416800 -9280.47061937 1298.82929583 0.368149 5.9870 0.853610 0.096268 -0.005738
416900 -9255.36465142 1323.39817453 0.375113 5.9870 0.853610 0.096268 0.043488
417000 -9263.15098482 1312.95803642 0.372154 5.9847 0.858443 0.096624 0.033786
417100 -9251.38788107 1324.09099017 0.375309 5.9847 0.858443 0.096624 0.031625
417200 -9266.50040877 1340.34348051 0.379916 5.9847 0.858443 0.096624 -0.003784
417300 -9253.09269630 1336.46423383 0.378816 5.9847 0.858443 0.096624 0.020815
417400 -9272.92797100 1337.88892012 0.379220 5.9847 0.858443 0.096624 -0.010830
417500 -9276.83379071 1337.60880872 0.379141 5.9909 0.860098 0.093827 -0.001492
417600 -9278.48461824 1329.97474312 0.376977 5.9909 0.860098 0.093827 -0.026394
417700 -9263.06884966 1342.11195415 0.380417 5.9909 0.860098 0.093827 0.017952
417800 -9265.14409177 1348.23966865 0.382154 5.9909 0.860098 0.093827 0.022307
417900 -9281.05483884 1331.64880118 0.377451 5.9909 0.860098 0.093827 -0.024354
418000 -9255.70056605 1336.28913687 0.378767 5.9853 0.858495 0.094613 0.034771
418100 -9237.17385156 1329.26227222 0.376775 5.9853 0.858495 0.094613 0.054306
418200 -9219.42839230 1318.33402004 0.373677 5.9853 0.858495 0.094613 0.090948
418300 -9246.81019966 1361.60244787 0.385942 5.9853 0.858495 0.094613 0.016336
418400 -9251.64184137 1375.04633430 0.389752 5.9853 0.858495 0.094613 -0.005747
418500 -9202.10442264 1325.61936129 0.375742 5.9915 0.852949 0.096990 0.084797
418600 -9226.99415898 1345.73484096 0.381444 5.9915 0.852949 0.096990 0.002479
418700 -9227.02415264 1388.93860880 0.393690 5.9915 0.852949 0.096990 0.017839
418800 -9229.74008841 1334.61346477 0.378292 5.9915 0.852949 0.096990 -0.002168
418900 -9218.20280313 1335.60996733 0.378574 5.9915 0.852949 0.096990 0.024154
419000 -9213.00172831 1330.82593685 0.377218 5.9858 0.847977 0.099182 0.041036
419100 -9227.90664336 1338.29539446 0.379335 5.9858 0.847977 0.099182 0.013255
419200 -9196.03625881 1324.57472349 0.375446 5.9858 0.847977 0.099182 0.062209
419300 -9219.90319204 1368.80732765 0.387984 5.9858 0.847977 0.099182 -0.004992
419400 -9256.87472923 1412.31680583 0.400317 5.9858 0.847977 0.099182 -0.091971
419500 -9221.29050043 1340.88349492 0.380069 5.9847 0.846865 0.099066 0.004581
419600 -9207.43146042 1318.97509012 0.373859 5.9847 0.846865 0.099066 0.025443
419700 -9271.12188210 1346.83721924 0.381757 5.9847 0.846865 0.099066 -0.097740
419800 -9263.91324473 1300.74842231 0.368693 5.9847 0.846865 0.099066 -0.081916
419900 -9247.74504367 1318.68692258 0.373777 5.9847 0.846865 0.099066 -0.009016
420000 -9260.65118029 1325.14243539 0.375607 5.9881 0.857061 0.096313 -0.033014
420100 -9267.66265436 1309.87654193 0.371280 5.9881 0.857061 0.096313 -0.034666
420200 -9285.09178752 1339.60623935 0.379707 5.9881 0.857061 0.096313 -0.038735
420300 -9271.51912606 1355.61340063 0.384244 5.9881 0.857061 0.096313 -0.019337
420400 -9223.63044926 1323.51456531 0.375146 5.9881 0.857061 0.096313 0.076037
420500 -9267.83689749 1312.50849399 0.372026 5.9921 0.859961 0.095014 -0.030325
420600 -9270.54660722 1350.42318929 0.382773 5.9921 0.859961 0.095014 -0.030539
420700 -9286.40579369 1373.83662246 0.389409 5.9921 0.859961 0.095014 -0.043901
420800 -9256.58010930 1323.59160948 0.375168 5.9921 0.859961 0.095014 -0.007968
420900 -9282.08325663 1358.67511842 0.385112 5.9921 0.859961 0.095014 -0.023581
421000 -9278.37310001 1331.95050076 0.377537 5.9955 0.864705 0.091704 -0.028867
421100 -9274.64152554 1344.59760169 0.381122 5.9955 0.864705 0.091704 -0.003258
421200 -9283.13520072 1319.18646576 0.373919 5.9955 0.864705 0.091704 -0.023996
421300 -9275.25662014 1353.72794798 0.383710 5.9955 0.864705 0.091704 -0.017249
421400 -9253.79067532 1378.23958523 0.390657 5.9955 0.864705 0.091704 0.020891
421500 -9243.62266083 1389.76745084 0.393925 5.9881 0.859033 0.095581 0.022212
421600 -9251.33835943 1339.26376882 0.379610 5.9881 0.859033 0.095581 -0.012451
421700 -9267.13218420 1316.59099448 0.373183 5.9881 0.859033 0.095581 -0.033932
421800 -9229.95595863 1350.27725124 0.382732 5.9881 0.859033 0.095581 0.053927
421900 -9234.54309742 1341.42056555 0.380221 5.9881 0.859033 0.095581 0.046588
422000 -9250.61193958 1309.11786365 0.371065 5.9870 0.854187 0.095225 -0.032531
422100 -9232.84657368 1321.90031329 0.374688 5.9870 0.854187 0.095225 0.055982
422200 -9248.71764183 1323.78114890 0.375221 5.9870 0.854187 0.095225 -0.002919
422300 -9251.81097571 1321.14095411 0.374473 5.9870 0.854187 0.095225 0.003709
422400 -9262.45395926 1338.97027285 0.379527 5.9870 0.854187 0.095225 -0.045546
422500 -9255.55844501 1349.65458068 0.382555 5.9960 0.858209 0.094067 -0.004482
422600 -9251.66098923 1327.30792115 0.376221 5.9960 0.858209 0.094067 -0.005537
422700 -9257.38582703 1338.26873374 0.379328 5.9960 0.858209 0.094067 -0.008209
422800 -9258.55705370 1315.99173888 0.373014 5.9960 0.858209 0.094067 -0.012250
422900 -9284.17131492 1317.61993963 0.373475 5.9960 0.858209 0.094067 -0.039416
423000 -9266.21323699 1332.95451684 0.377822 5.9875 0.856111 0.096559 0.018677
423100 -9267.56239906 1341.09582819 0.380129 5.9875 0.856111 0.096559 -0.004085
423200 -9276.25062920 1356.84462149 0.384593 5.9875 0.856111 0.096559 -0.034532
423300 -9257.31241529 1317.42969101 0.373421 5.9875 0.856111 0.096559 0.014847
423400 -9280.36437273 1333.89472048 0.378088 5.9875 0.856111 0.096559 -0.019830
423500 -9248.73563593 1309.67295061 0.371222 5.9887 0.859842 0.096073 0.034652
423600 -9254.66591727 1313.56645866 0.372326 5.9887 0.859842 0.096073 0.026379
423700 -9258.64961183 1320.76697602 0.374367 5.9887 0.859842 0.096073 0.004135
423800 -9272.38681221 1334.06994403 0.378138 5.9887 0.859842 0.096073 -0.015956
423900 -9268.17805663 1333.08450295 0.377858 5.9887 0.859842 0.096073 0.003417
424000 -9284.48160099 1370.93976601 0.388588 5.9904 0.857246 0.095300 -0.024054
424100 -9260.59258269 1322.59636886 0.374886 5.9904 0.857246 0.095300 -0.004907
424200 -9299.26327156 1334.77440186 0.378337 5.9904 0.857246 0.095300 -0.070125
424300 -9260.89022180 1293.51763374 0.366643 5.9904 0.857246 0.095300 0.023030
424400 -9272.36479771 1351.42747540 0.383058 5.9904 0.857246 0.095300 0.000834
424500 -9244.45542858 1340.17189351 0.379867 5.9909 0.854092 0.097148 0.039365
424600 -9244.28720684 1344.15040987 0.380995 5.9909 0.854092 0.097148 0.029091
424700 -9273.43002561 1356.18012259 0.384405 5.9909 0.854092 0.097148 -0.042724
424800 -9277.14761556 1350.25790186 0.382726 5.9909 0.854092 0.097148 -0.043274
424900 -9256.79904630 1356.17369874 0.384403 5.9909 0.854092 0.097148 0.005550
425000 -9273.64584332 1349.88243589 0.382620 5.9932 0.860922 0.094938 -0.037003
425100 -9261.78290536 1353.37269304 0.383609 5.9932 0.860922 0.094938 0.015726
425200 -9268.07316212 1342.67559958 0.380577 5.9932 0.860922 0.094938 -0.014770
425300 -9237.07753945 1360.79374594 0.385713 5.9932 0.860922 0.094938 0.046741
425400 -9239.62791354 1333.71642098 0.378038 5.9932 0.860922 0.094938 -0.006829
425500 -9239.68434535 1349.39528078 0.382482 5.9898 0.852203 0.097394 0.009599
425600 -9220.62497812 1349.50990032 0.382514 5.9898 0.852203 0.097394 0.056758
425700 -9213.28615976 1357.84857422 0.384878 5.9898 0.852203 0.097394 0.058266
425800 -9270.05139179 1354.45971669 0.383917 5.9898 0.852203 0.097394 -0.086828
425900 -9257.32495207 1311.87287449 0.371846 5.9898 0.852203 0.097394 -0.035968
426000 -9259.70128135 1323.69150930 0.375196 5.9909 0.859479 0.093848 -0.028118
426100 -9229.17351427 1303.92332806 0.369593 5.9909 0.859479 0.093848 0.039074
426200 -9249.07637141 1328.82379769 0.376651 5.9909 0.859479 0.093848 0.017660
426300 -9239.37013997 1321.63353853 0.374613 5.9909 0.859479 0.093848 0.038173
426400 -9239.97732492 1308.01735357 0.370753 5.9909 0.859479 0.093848 0.020126
426500 -9246.96764907 1313.52442795 0.372314 5.9892 0.853580 0.095953 0.019711
426600 -9259.64522050 1348.94445360 0.382354 5.9892 0.853580 0.095953 -0.003518
426700 -9231.15895955 1354.32157078 0.383878 5.9892 0.853580 0.095953 0.046914
426800 -9249.71350128 1295.88798106 0.367315 5.9892 0.853580 0.095953 0.002610
426900 -9255.89947872 1326.52410869 0.375999 5.9892 0.853580 0.095953 -0.011165
427000 -9217.96652386 1326.93463705 0.376115 5.9887 0.853917 0.098026 0.085278
427100 -9218.28995238 1349.53897941 0.382522 5.9887 0.853917 0.098026 0.064382
427200 -9277.17617377 1329.89872890 0.376955 5.9887 0.853917 0.098026 -0.079627
427300 -9279.66075277 1313.48234710 0.372302 5.9887 0.853917 0.098026 -0.076075
427400 -9293.32364839 1334.04091407 0.378130 5.9887 0.853917 0.098026 -0.071645
427500 -9252.68573240 1336.99080715 0.378966 5.9921 0.858796 0.096094 0.041622
427600 -9262.46240175 1307.77258553 0.370684 5.9921 0.858796 0.096094 0.013819
427700 -9259.90456387 1347.92811528 0.382066 5.9921 0.858796 0.096094 0.016998
427800 -9245.10040068 1376.42952540 0.390144 5.9921 0.858796 0.096094 0.055388
427900 -9216.88980102 1334.67760997 0.378310 5.9921 0.858796 0.096094 0.084160
428000 -9262.76705654 1339.60887322 0.379708 5.9870 0.859934 0.093850 -0.016929
428100 -9266.13695863 1372.26831097 0.388965 5.9870 0.859934 0.093850 -0.036042
428200 -9239.88455372 1377.37991844 0.390414 5.9870 0.859934 0.093850 0.030374
428300 -9204.86460233 1349.98625743 0.382649 5.9870 0.859934 0.093850 0.090478
428400 -9238.65642610 1325.75658945 0.375781 5.9870 0.859934 0.093850 -0.016201
428500 -9223.36164790 1307.10717207 0.370495 5.9887 0.852905 0.097928 0.042725
428600 -9250.59309255 1313.92070935 0.372427 5.9887 0.852905 0.097928 -0.020349
428700 -9239.71800282 1317.39923789 0.373412 5.9887 0.852905 0.097928 0.012953
428800 -9269.98112701 1370.89156668 0.388575 5.9887 0.852905 0.097928 -0.034498
428900 -9283.29971288 1364.65638228 0.386807 5.9887 0.852905 0.097928 -0.074759
429000 -9242.75720354 1362.75319712 0.386268 5.9898 0.852430 0.097137 0.002644
429100 -9256.08633934 1353.02116063 0.383509 5.9898 0.852430 0.097137 -0.032570
429200 -9264.54406644 1354.87725557 0.384036 5.9898 0.852430 0.097137 -0.037241
429300 -9278.70217137 1346.12105013 0.381554 5.9898 0.852430 0.097137 -0.063437
429400 -9277.05909780 1392.40852648 0.394674 5.9898 0.852430 0.097137 -0.066813
429500 -9241.95735217 1360.37652678 0.385594 5.9887 0.857055 0.095734 0.010954
429600 -9233.81689256 1349.64659601 0.382553 5.9887 0.857055 0.095734 0.015932
429700 -9267.64179715 1351.90038222 0.383192 5.9887 0.857055 0.095734 -0.062871
429800 -9240.12012102 1315.86756193 0.372978 5.9887 0.857055 0.095734 0.011656
429900 -9230.20488250 1343.93586425 0.380934 5.9887 0.857055 0.095734 0.028532
430000 -9226.45375490 1325.98939133 0.375847 5.9892 0.851961 0.096808 0.037487
430100 -9239.51726544 1299.42039999 0.368316 5.9892 0.851961 0.096808 0.000159
430200 -9248.66283629 1338.86326869 0.379496 5.9892 0.851961 0.096808 0.005662
430300 -9250.91901707 1357.99894098 0.384920 5.9892 0.851961 0.096808 -0.000108
430400 -9256.70991610 1314.44648901 0.372576 5.9892 0.851961 0.096808 -0.019698
430500 -9284.65593810 1310.96363365 0.371588 5.9870 0.858327 0.094269 -0.055157
430600 -9265.01472554 1339.77987816 0.379756 5.9870 0.858327 0.094269 -0.005898
430700 -9261.84159854 1348.56330242 0.382246 5.9870 0.858327 0.094269 0.014107
430800 -9278.80025034 1357.04595886 0.384650 5.9870 0.858327 0.094269 -0.046168
430900 -9255.71052507 1331.95333904 0.377538 5.9870 0.858327 0.094269 0.010275
431000 -9245.45009560 1353.69232878 0.383700 5.9892 0.860630 0.096266 0.022077
431100 -9255.98244573 1367.75156481 0.387685 5.9892 0.860630 0.096266 0.013249
431200 -9251.44293950 1378.00209834 0.390590 5.9892 0.860630 0.096266 0.018675
431300 -9255.65462196 1332.41236944 0.377668 5.9892 0.860630 0.096266 -0.021550
431400 -9233.58860601 1353.77501097 0.383723 5.9892 0.860630 0.096266 0.031493
431500 -9220.96995459 1359.38809753 0.385314 5.9892 0.849530 0.097135 0.021546
431600 -9212.12528426 1343.88335071 0.380919 5.9892 0.849530 0.097135 0.037113
431700 -9249.29689686 1369.85008262 0.388280 5.9892 0.849530 0.097135 -0.034611
431800 -9244.12428565 1354.24652890 0.383857 5.9892 0.849530 0.097135 0.001474
431900 -9248.45380287 1366.36373272 0.387291 5.9892 0.849530 0.097135 -0.023149
432000 -9229.60115821 1337.94014851 0.379235 5.9870 0.851878 0.096708 0.017675
432100 -9255.07924804 1350.01621089 0.382658 5.9870 0.851878 0.096708 -0.043708
432200 -9242.27181091 1324.88814462 0.375535 5.9870 0.851878 0.096708 -0.022414
432300 -9249.49210569 1331.84489937 0.377507 5.9870 0.851878 0.096708 -0.024323
432400 -9232.01401042 1314.45996736 0.372579 5.9870 0.851878 0.096708 0.034182
432500 -9226.60759520 1329.24127776 0.376769 5.9858 0.858221 0.095680 0.058542
432600 -9217.89925195 1319.11714541 0.373899 5.9858 0.858221 0.095680 0.054973
432700 -9239.72789188 1344.08762324 0.380977 5.9858 0.858221 0.095680 0.005286
432800 -9250.92929378 1335.31230396 0.378490 5.9858 0.858221 0.095680 -0.025216
432900 -9267.12676193 1315.06231268 0.372750 5.9858 0.858221 0.095680 -0.051488
433000 -9262.60481346 1337.92393690 0.379230 5.9853 0.853487 0.097294 -0.007515
433100 -9261.56987775 1342.37183143 0.380491 5.9853 0.853487 0.097294 -0.024559
433200 -9271.53662659 1317.84953716 0.373540 5.9853 0.853487 0.097294 -0.029873
433300 -9276.52626686 1330.09834089 0.377012 5.9853 0.853487 0.097294 -0.029499
433400 -9219.37388185 1319.69246315 0.374062 5.9853 0.853487 0.097294 0.095894
433500 -9238.34386172 1344.41105696 0.381069 5.9881 0.857402 0.094701 0.050930
433600 -9222.67149525 1337.73415082 0.379176 5.9881 0.857402 0.094701 0.056228
433700 -9283.24995398 1349.84509227 0.382609 5.9881 0.857402 0.094701 -0.062939
433800 -9273.88056796 1369.13183533 0.388076 5.9881 0.857402 0.094701 -0.059437
433900 -9265.04752133 1332.80694833 0.377780 5.9881 0.857402 0.094701 -0.032868
434000 -9258.30531528 1317.17159016 0.373348 5.9875 0.859446 0.095891 -0.001706
434100 -9254.73257170 1347.81806406 0.382035 5.9875 0.859446 0.095891 0.014910
434200 -9267.03808079 1355.92277648 0.384332 5.9875 0.859446 0.095891 -0.007552
434300 -9263.14595297 1353.72757083 0.383710 5.9875 0.859446 0.095891 0.002590
434400 -9232.44154242 1341.51857023 0.380249 5.9875 0.859446 0.095891 0.052665
434500 -9272.42341874 1349.42140153 0.382489 5.9932 0.859532 0.094434 -0.054523
434600 -9263.99185316 1353.71052110 0.383705 5.9932 0.859532 0.094434 -0.014646
434700 -9265.79486910 1337.66556553 0.379157 5.9932 0.859532 0.094434 -0.010999
434800 -9248.40080638 1339.96612575 0.379809 5.9932 0.859532 0.094434 0.023733
434900 -9243.47203808 1313.26968457 0.372242 5.9932 0.859532 0.094434 0.015803
435000 -9248.79660636 1311.30762239 0.371686 5.9915 0.857415 0.095186 0.010545
435100 -9260.30544907 1307.99658338 0.370747 5.9915 0.857415 0.095186 -0.009493
435200 -9270.28894278 1360.60439638 0.385659 5.9915 0.857415 0.095186 -0.018914
435300 -9263.22480009 1333.96780809 0.378109 5.9915 0.857415 0.095186 0.001452
435400 -9270.52708152 1346.21727938 0.381581 5.9915 0.857415 0.095186 -0.011261
435500 -9230.07564212 1319.31197269 0.373955 5.9887 0.856225 0.095734 0.062786
435600 -9259.73508531 1339.99503612 0.379817 5.9887 0.856225 0.095734 -0.016666
435700 -9213.77307107 1319.33352396 0.373961 5.9887 0.856225 0.095734 0.095316
435800 -9257.32661483 1368.17466937 0.387805 5.9887 0.856225 0.095734 -0.005091
435900 -9267.52912366 1374.50526496 0.389599 5.9887 0.856225 0.095734 -0.041453
436000 -9246.18911796 1340.10479280 0.379848 5.9921 0.854346 0.095189 -0.015174
436100 -9256.40260717 1357.29362536 0.384720 5.9921 0.854346 0.095189 -0.001782
436200 -9246.59323359 1345.32935490 0.381329 5.9921 0.854346 0.095189 0.007091
436300 -9210.95793356 1333.29901459 0.377919 5.9921 0.854346 0.095189 0.078367
436400 -9220.79612404 1305.12609015 0.369934 5.9921 0.854346 0.095189 0.030256
436500 -9203.60612686 1358.36726901 0.385025 5.9887 0.846842 0.098788 0.071905
436600 -9210.19545676 1372.97138841 0.389164 5.9887 0.846842 0.098788 0.052927
436700 -9210.80920805 1354.99156025 0.384068 5.9887 0.846842 0.098788 0.024423
436800 -9206.78596259 1333.45621570 0.377964 5.9887 0.846842 0.098788 0.020214
436900 -9218.84404131 1347.86491901 0.382048 5.9887 0.846842 0.098788 0.006158
437000 -9219.99203108 1340.85759546 0.380062 5.9904 0.850371 0.095607 -0.003963
437100 -9203.37741397 1310.13579268 0.371354 5.9904 0.850371 0.095607 0.046265
437200 -9203.06765938 1360.41607087 0.385605 5.9904 0.850371 0.095607 0.039718
437300 -9222.96889020 1353.49890111 0.383645 5.9904 0.850371 0.095607 -0.021152
437400 -9228.86289082 1331.91014332 0.377526 5.9904 0.850371 0.095607 -0.003000
437500 -9218.95691885 1349.53952634 0.382523 5.9819 0.846728 0.097597 0.006597
437600 -9259.61080486 1373.78213971 0.389394 5.9819 0.846728 0.097597 -0.073870
437700 -9255.39122224 1359.71149895 0.385406 5.9819 0.846728 0.097597 -0.053855
437800 -9224.71587654 1367.27155597 0.387549 5.9819 0.846728 0.097597 0.032860
437900 -9215.93050054 1379.83553014 0.391110 5.9819 0.846728 0.097597 0.026086
438000 -9239.43547459 1360.67254606 0.385678 5.9909 0.852143 0.096449 -0.038374
438100 -9228.58213246 1342.53948430 0.380538 5.9909 0.852143 0.096449 0.002135
438200 -9210.75460073 1325.05622794 0.375583 5.9909 0.852143 0.096449 0.008830
438300 -9230.62163705 1333.08887596 0.377860 5.9909 0.852143 0.096449 -0.008131
438400 -9256.98199116 1340.18181808 0.379870 5.9909 0.852143 0.096449 -0.065112
438500 -9246.55354650 1333.22507011 0.377898 5.9898 0.858994 0.094183 -0.020705
438600 -9253.48410770 1338.13975391 0.379291 5.9898 0.858994 0.094183 -0.025472
438700 -9267.98011887 1362.95119553 0.386324 5.9898 0.858994 0.094183 -0.051771
438800 -9254.08982646 1367.75061689 0.387684 5.9898 0.858994 0.094183 -0.018043
438900 -9227.47432729 1344.38475149 0.381061 5.9898 0.858994 0.094183 0.031981
439000 -9224.98230879 1355.02117150 0.384076 5.9915 0.856442 0.094567 0.033158
439100 -9212.65676004 1354.82348975 0.384020 5.9915 0.856442 0.094567 0.048258
439200 -9227.98943122 1360.28885899 0.385569 5.9915 0.856442 0.094567 0.007881
439300 -9220.61223278 1359.09131661 0.385230 5.9915 0.856442 0.094567 0.017805
439400 -9215.91663364 1375.50801681 0.389883 5.9915 0.856442 0.094567 0.008215
439500 -9214.79131344 1357.81292584 0.384868 5.9932 0.854988 0.095137 0.021711
439600 -9258.93402219 1337.48559085 0.379106 5.9932 0.854988 0.095137 -0.074979
439700 -9281.23949869 1341.05117620 0.380117 5.9932 0.854988 0.095137 -0.098981
439800 -9269.77784533 1327.49069062 0.376273 5.9932 0.854988 0.095137 -0.075140
439900 -9272.64728888 1314.21012436 0.372509 5.9932 0.854988 0.095137 -0.041949
440000 -9263.50586367 1365.12670862 0.386941 5.9915 0.857293 0.094821 0.003154
440100 -9224.34784578 1325.42709252 0.375688 5.9915 0.857293 0.094821 0.073515
440200 -9239.91317341 1342.87803469 0.380634 5.9915 0.857293 0.094821 0.012539
440300 -9228.94043265 1343.00052504 0.380669 5.9915 0.857293 0.094821 0.049751
440400 -9249.77829837 1364.96068341 0.386894 5.9915 0.857293 0.094821 0.003531
440500 -9245.44481545 1352.01273220 0.383224 5.9881 0.852049 0.096754 0.015523
440600 -9247.91380619 1329.70549860 0.376901 5.9881 0.852049 0.096754 -0.020271
440700 -9227.42373955 1326.54482964 0.376005 5.9881 0.852049 0.096754 0.028712
440800 -9248.71622261 1339.97875481 0.379813 5.9881 0.852049 0.096754 -0.020673
440900 -9256.30975618 1347.66706587 0.381992 5.9881 0.852049 0.096754 -0.029452
441000 -9264.59205987 1335.72141756 0.378606 5.9904 0.857826 0.094861 -0.062014
441100 -9245.43757288 1310.77745810 0.371536 5.9904 0.857826 0.094861 0.011943
441200 -9282.68630467 1333.57826453 0.377998 5.9904 0.857826 0.094861 -0.047241
441300 -9237.63214922 1325.17887490 0.375618 5.9904 0.857826 0.094861 0.036558
441400 -9222.40590434 1307.26765628 0.370541 5.9904 0.857826 0.094861 0.071972
441500 -9245.82555808 1347.45148759 0.381931 5.9864 0.855594 0.096097 0.042758
441600 -9225.82788609 1327.64345298 0.376316 5.9864 0.855594 0.096097 0.065396
441700 -9290.29506839 1336.60265207 0.378856 5.9864 0.855594 0.096097 -0.073611
441800 -9264.85136250 1322.03376872 0.374726 5.9864 0.855594 0.096097 -0.017244
441900 -9295.33894341 1327.97882691 0.376411 5.9864 0.855594 0.096097 -0.073022
442000 -9278.03907909 1324.66652953 0.375472 5.9898 0.860059 0.094376 -0.013115
442100 -9242.77581084 1337.75925981 0.379183 5.9898 0.860059 0.094376 0.055941
442200 -9254.13638692 1345.08249463 0.381259 5.9898 0.860059 0.094376 0.022272
442300 -9231.18463849 1308.84270917 0.370987 5.9898 0.860059 0.094376 0.080457
442400 -9245.81900637 1329.69232325 0.376897 5.9898 0.860059 0.094376 0.035793
442500 -9266.90028715 1342.20178345 0.380443 5.9921 0.859135 0.094027 -0.012792
442600 -9283.46964642 1345.49062322 0.381375 5.9921 0.859135 0.094027 -0.037246
442700 -9216.28928190 1313.49809478 0.372307 5.9921 0.859135 0.094027 0.083143
442800 -9292.09630475 1325.31247844 0.375655 5.9921 0.859135 0.094027 -0.086077
442900 -9234.76386217 1318.61962723 0.373758 5.9921 0.859135 0.094027 0.049032
443000 -9262.47266175 1315.56545968 0.372893 5.9938 0.858644 0.094134 -0.025440
443100 -9256.00454041 1336.28007125 0.378764 5.9938 0.858644 0.094134 0.015690
443200 -9258.89967162 1349.15241838 0.382413 5.9938 0.858644 0.094134 0.011368
443300 -9219.29680424 1352.20268264 0.383277 5.9938 0.858644 0.094134 0.087296
443400 -9233.93841106 1345.92144547 0.381497 5.9938 0.858644 0.094134 0.022586
443500 -9253.51105231 1365.11074228 0.386936 5.9881 0.856547 0.096344 -0.017062
443600 -9265.22589167 1353.47683235 0.383639 5.9881 0.856547 0.096344 -0.054254
443700 -9227.33622071 1321.65348004 0.374618 5.9881 0.856547 0.096344 0.038707
443800 -9290.40384810 1335.38572874 0.378511 5.9881 0.856547 0.096344 -0.081259
443900 -9263.65522100 1325.09654102 0.375594 5.9881 0.856547 0.096344 -0.006786
444000 -9251.60788913 1323.30686440 0.375087 5.9892 0.855283 0.097499 0.013041
444100 -9247.68036968 1343.00232849 0.380670 5.9892 0.855283 0.097499 -0.001057
444200 -9253.63712367 1336.53672478 0.378837 5.9892 0.855283 0.097499 0.016117
444300 -9257.59180877 1338.38120990 0.379360 5.9892 0.855283 0.097499 -0.013096
444400 -9246.90726771 1305.20919711 0.369957 5.9892 0.855283 0.097499 0.014344
444500 -9271.98419102 1319.39318439 0.373978 5.9943 0.863447 0.093606 -0.034494
444600 -9282.86935029 1345.21866399 0.381298 5.9943 0.863447 0.093606 -0.039893
444700 -9294.35740663 1356.16255900 0.384400 5.9943 0.863447 0.093606 -0.062342
444800 -9290.33497176 1324.64312221 0.375466 5.9943 0.863447 0.093606 -0.054397
444900 -9271.93443214 1372.23055990 0.388954 5.9943 0.863447 0.093606 -0.003070
445000 -9224.69082136 1332.23415193 0.377617 5.9847 0.853207 0.096989 0.085282
445100 -9224.75810317 1310.70060773 0.371514 5.9847 0.853207 0.096989 0.063126
445200 -9230.24659551 1350.81996207 0.382885 5.9847 0.853207 0.096989 0.066043
445300 -9250.00591602 1383.85851348 0.392250 5.9847 0.853207 0.096989 -0.028758
445400 -9226.33896423 1334.27541152 0.378196 5.9847 0.853207 0.096989 0.018660
445500 -9227.06728887 1334.54573138 0.378273 5.9938 0.858081 0.095735 -0.002517
445600 -9252.49775730 1345.66847462 0.381425 5.9938 0.858081 0.095735 -0.033723
445700 -9262.41301409 1348.50442020 0.382229 5.9938 0.858081 0.095735 -0.052517
445800 -9231.06849364 1320.40988738 0.374266 5.9938 0.858081 0.095735 0.024864
445900 -9260.86457227 1350.48283290 0.382790 5.9938 0.858081 0.095735 -0.034172
446000 -9228.70763251 1329.83108593 0.376936 5.9870 0.855392 0.096793 0.018292
446100 -9216.15762004 1295.56826529 0.367225 5.9870 0.855392 0.096793 0.040909
446200 -9258.96654038 1317.26755062 0.373375 5.9870 0.855392 0.096793 -0.030126
446300 -9236.28799441 1299.72927216 0.368404 5.9870 0.855392 0.096793 0.025003
446400 -9244.00208847 1346.40520134 0.381634 5.9870 0.855392 0.096793 0.008057
446500 -9251.71495908 1329.95319559 0.376971 5.9909 0.860744 0.094111 -0.011099
446600 -9214.64010995 1320.94460080 0.374417 5.9909 0.860744 0.094111 0.084652
446700 -9225.13229331 1328.01677688 0.376422 5.9909 0.860744 0.094111 0.038706
446800 -9234.66741038 1354.25153748 0.383858 5.9909 0.860744 0.094111 0.020787
446900 -9249.51790630 1353.06975128 0.383523 5.9909 0.860744 0.094111 -0.021028
447000 -9234.05005348 1340.27517011 0.379897 5.9824 0.852789 0.097676 0.013758
447100 -9228.54777676 1324.32644200 0.375376 5.9824 0.852789 0.097676 0.003720
447200 -9227.56141883 1351.20322489 0.382994 5.9824 0.852789 0.097676 0.025809
447300 -9208.53031635 1354.74857316 0.383999 5.9824 0.852789 0.097676 0.046405
447400 -9204.24644191 1377.17742840 0.390356 5.9824 0.852789 0.097676 0.044322
447500 -9190.05746310 1387.45856433 0.393271 5.9898 0.851064 0.097006 0.043423
447600 -9206.47404681 1343.06474013 0.380687 5.9898 0.851064 0.097006 -0.002545
447700 -9242.39592857 1355.85419293 0.384312 5.9898 0.851064 0.097006 -0.065254
447800 -9229.66063244 1332.28475993 0.377632 5.9898 0.851064 0.097006 -0.027580
447900 -9272.61173718 1319.42406491 0.373986 5.9898 0.851064 0.097006 -0.100717
448000 -9271.96972468 1316.59379148 0.373184 5.9881 0.855647 0.094774 -0.062050
448100 -9256.96925720 1281.10272524 0.363124 5.9881 0.855647 0.094774 -0.020829
448200 -9281.69321708 1324.76464509 0.375500 5.9881 0.855647 0.094774 -0.039792
448300 -9240.30134054 1345.01525598 0.381240 5.9881 0.855647 0.094774 0.034733
448400 -9249.65892267 1379.77295621 0.391092 5.9881 0.855647 0.094774 0.016222
448500 -9253.76267959 1347.41706951 0.381921 5.9881 0.847093 0.096719 -0.007542
448600 -9256.91373105 1336.17877219 0.378735 5.9881 0.847093 0.096719 -0.014187
448700 -9253.61984135 1367.83749132 0.387709 5.9881 0.847093 0.096719 -0.012943
448800 -9209.29889975 1324.41527531 0.375401 5.9881 0.847093 0.096719 0.066123
448900 -9240.59581130 1335.17089079 0.378450 5.9881 0.847093 0.096719 -0.018660
449000 -9226.49208164 1304.58491750 0.369780 5.9824 0.852596 0.097029 0.030215
449100 -9234.10280000 1322.83599860 0.374954 5.9824 0.852596 0.097029 0.029335
449200 -9226.79928786 1315.41976800 0.372851 5.9824 0.852596 0.097029 0.036279
449300 -9236.93663191 1329.97449297 0.376977 5.9824 0.852596 0.097029 0.012438
449400 -9269.04874816 1345.54927021 0.381392 5.9824 0.852596 0.097029 -0.044859
449500 -9263.33799030 1301.56432932 0.368924 5.9898 0.860904 0.094523 -0.026508
449600 -9289.28297478 1304.30849163 0.369702 5.9898 0.860904 0.094523 -0.052441
449700 -9260.04767763 1301.47481845 0.368899 5.9898 0.860904 0.094523 0.008455
449800 -9281.47040946 1322.04244745 0.374729 5.9898 0.860904 0.094523 -0.025801
449900 -9275.17932369 1347.72948735 0.382009 5.9898 0.860904 0.094523 -0.003105
450000 -9266.05230061 1350.91195848 0.382912 5.9926 0.857935 0.093065 0.028899
450100 -9261.63814887 1307.03139574 0.370474 5.9926 0.857935 0.093065 0.017649
450200 -9248.04210314 1329.94613335 0.376969 5.9926 0.857935 0.093065 0.053282
450300 -9257.39326061 1347.26892399 0.381879 5.9926 0.857935 0.093065 0.018275
450400 -9197.99529475 1346.46032343 0.381650 5.9926 0.857935 0.093065 0.144694
450500 -9231.44427045 1366.60920254 0.387361 5.9898 0.854129 0.096877 0.046962
450600 -9236.16733344 1378.07242335 0.390610 5.9898 0.854129 0.096877 0.010094
450700 -9213.26165692 1365.44853011 0.387032 5.9898 0.854129 0.096877 0.058869
450800 -9221.78835725 1375.09803649 0.389767 5.9898 0.854129 0.096877 0.049414
450900 -9201.78588675 1372.26073767 0.388963 5.9898 0.854129 0.096877 0.048531
451000 -9217.56148242 1370.49225152 0.388462 5.9875 0.852706 0.096757 0.000631
451100 -9196.18383477 1340.92010457 0.380079 5.9875 0.852706 0.096757 0.040947
451200 -9209.88784751 1319.87583480 0.374114 5.9875 0.852706 0.096757 -0.002716
451300 -9277.54613834 1384.43567247 0.392414 5.9875 0.852706 0.096757 -0.129377
451400 -9236.90671120 1369.20548225 0.388097 5.9875 0.852706 0.096757 -0.032770
451500 -9209.92233922 1325.94045937 0.375833 5.9898 0.851740 0.095399 0.023525
451600 -9245.97021512 1366.33995542 0.387285 5.9898 0.851740 0.095399 -0.031705
451700 -9225.71346608 1321.12423847 0.374468 5.9898 0.851740 0.095399 0.009632
451800 -9249.01389908 1358.72399160 0.385126 5.9898 0.851740 0.095399 -0.029136
451900 -9274.99174778 1344.40007943 0.381066 5.9898 0.851740 0.095399 -0.083303
452000 -9232.01839558 1304.44401070 0.369740 5.9915 0.851354 0.096687 0.001187
452100 -9238.86133402 1341.94540009 0.380370 5.9915 0.851354 0.096687 0.021273
452200 -9220.08858376 1357.18804089 0.384690 5.9915 0.851354 0.096687 0.047062
452300 -9200.20773267 1315.17423414 0.372782 5.9915 0.851354 0.096687 0.092482
452400 -9242.47247356 1342.39986270 0.380499 5.9915 0.851354 0.096687 -0.012350
452500 -9203.96082457 1329.70449946 0.376900 5.9892 0.849248 0.097986 0.050527
452600 -9237.69735981 1343.11059384 0.380700 5.9892 0.849248 0.097986 -0.008406
452700 -9251.63601576 1315.94781492 0.373001 5.9892 0.849248 0.097986 -0.040184
452800 -9255.23660479 1346.50656251 0.381663 5.9892 0.849248 0.097986 -0.020594
452900 -9272.75520260 1357.57331877 0.384800 5.9892 0.849248 0.097986 -0.062332
453000 -9278.02531925 1331.07155009 0.377288 5.9921 0.862721 0.094769 -0.062949
453100 -9230.62570983 1332.78026989 0.377772 5.9921 0.862721 0.094769 0.057868
453200 -9217.18313868 1345.61324517 0.381410 5.9921 0.862721 0.094769 0.073797
453300 -9255.26168306 1381.36652678 0.391544 5.9921 0.862721 0.094769 -0.021671
453400 -9224.31268981 1339.60479300 0.379707 5.9921 0.862721 0.094769 0.024114
453500 -9203.33805807 1368.20231462 0.387812 5.9864 0.851663 0.098497 0.053773
453600 -9213.64239583 1364.43408946 0.386744 5.9864 0.851663 0.098497 0.024640
453700 -9222.99698564 1386.10031628 0.392886 5.9864 0.851663 0.098497 0.002302
453800 -9213.67152071 1388.78700251 0.393647 5.9864 0.851663 0.098497 -0.009000
453900 -9240.93171128 1361.45674763 0.385900 5.9864 0.851663 0.098497 -0.055747
454000 -9244.93458600 1318.51572579 0.373729 5.9904 0.859266 0.095837 -0.046508
454100 -9234.90838225 1309.65817980 0.371218 5.9904 0.859266 0.095837 0.005127
454200 -9240.09316675 1310.47719032 0.371450 5.9904 0.859266 0.095837 -0.028641
454300 -9253.98834574 1318.73641369 0.373792 5.9904 0.859266 0.095837 -0.029438
454400 -9276.55382018 1366.31017355 0.387276 5.9904 0.859266 0.095837 -0.063083
454500 -9275.65022248 1349.89890695 0.382624 5.9892 0.857687 0.094948 -0.056570
454600 -9277.73129198 1364.56892590 0.386783 5.9892 0.857687 0.094948 -0.044997
454700 -9260.54050569 1323.97600046 0.375277 5.9892 0.857687 0.094948 -0.026400
454800 -9256.11508480 1319.67955079 0.374059 5.9892 0.857687 0.094948 -0.014940
454900 -9244.15655260 1305.23292023 0.369964 5.9892 0.857687 0.094948 0.033639
455000 -9244.83784449 1315.24757127 0.372803 5.9881 0.854252 0.096496 0.034092
455100 -9278.09184539 1364.02431919 0.386628 5.9881 0.854252 0.096496 -0.047478
455200 -9250.73747205 1313.52062812 0.372313 5.9881 0.854252 0.096496 0.031409
455300 -9254.46259772 1348.47540793 0.382221 5.9881 0.854252 0.096496 0.035076
455400 -9285.40994623 1344.77542531 0.381172 5.9881 0.854252 0.096496 -0.058762
455500 -9297.08542335 1339.08122410 0.379558 5.9921 0.864271 0.092979 -0.044413
455600 -9305.58590835 1321.48938994 0.374572 5.9921 0.864271 0.092979 -0.062453
455700 -9282.96027554 1323.61445435 0.375174 5.9921 0.864271 0.092979 0.004285
455800 -9287.33179605 1312.56045371 0.372041 5.9921 0.864271 0.092979 -0.007079
455900 -9280.56922978 1348.28958908 0.382168 5.9921 0.864271 0.092979 0.016260
456000 -9291.04875136 1339.36676920 0.379639 5.9932 0.862179 0.092519 -0.014795
456100 -9257.92692109 1317.41681404 0.373417 5.9932 0.862179 0.092519 0.055815
456200 -9295.10567148 1317.52006843 0.373447 5.9932 0.862179 0.092519 -0.021901
456300 -9325.89298564 1346.60253266 0.381690 5.9932 0.862179 0.092519 -0.083632
456400 -9282.52201652 1350.10006185 0.382681 5.9932 0.862179 0.092519 0.011853
456500 -9284.17093272 1362.11683644 0.386088 5.9926 0.856288 0.094529 -0.012043
456600 -9241.17318154 1359.49414264 0.385344 5.9926 0.856288 0.094529 0.066638
456700 -9228.55138524 1323.00852949 0.375002 5.9926 0.856288 0.094529 0.084873
456800 -9264.44420959 1303.20898250 0.369390 5.9926 0.856288 0.094529 -0.022907
456900 -9235.40518534 1314.86211394 0.372693 5.9926 0.856288 0.094529 0.075189
457000 -9272.66559001 1339.21744132 0.379597 5.9898 0.861821 0.094532 -0.021684
457100 -9281.08695199 1351.09261793 0.382963 5.9898 0.861821 0.094532 -0.030968
457200 -9243.32103905 1324.47555830 0.375418 5.9898 0.861821 0.094532 0.022671
457300 -9259.18749211 1351.34601476 0.383035 5.9898 0.861821 0.094532 0.013454
457400 -9245.23970505 1390.57293986 0.394153 5.9898 0.861821 0.094532 0.034850
457500 -9266.24569865 1329.14161611 0.376741 5.9892 0.857702 0.094984 -0.035867
457600 -9234.77287960 1336.40771245 0.378800 5.9892 0.857702 0.094984 0.046914
457700 -9212.02815229 1330.98373769 0.377263 5.9892 0.857702 0.094984 0.084183
457800 -9232.93267935 1391.66621540 0.394463 5.9892 0.857702 0.094984 0.026344
457900 -9209.54669040 1358.07312547 0.384941 5.9892 0.857702 0.094984 0.073532
458000 -9229.24976827 1352.89733096 0.383474 5.9898 0.856885 0.094707 0.012529
458100 -9254.04734037 1350.41688446 0.382771 5.9898 0.856885 0.094707 -0.031053
458200 -9243.57237793 1329.00039543 0.376701 5.9898 0.856885 0.094707 0.007281
458300 -9228.40081473 1349.45508406 0.382499 5.9898 0.856885 0.094707 0.038206
458400 -9220.73801224 1314.73043489 0.372656 5.9898 0.856885 0.094707 0.051932
458500 -9259.75922223 1350.78289633 0.382875 5.9921 0.854542 0.095331 -0.031912
458600 -9224.63486716 1345.68382237 0.381430 5.9921 0.854542 0.095331 0.032265
458700 -9237.84562398 1345.36814108 0.381340 5.9921 0.854542 0.095331 0.002641
458800 -9245.15065920 1328.97580661 0.376694 5.9921 0.854542 0.095331 -0.012354
458900 -9243.30705606 1381.42063829 0.391559 5.9921 0.854542 0.095331 0.002430
459000 -9237.86280068 1347.91040706 0.382061 5.9858 0.847561 0.096438 0.009515
459100 -9276.03107948 1353.46178963 0.383634 5.9858 0.847561 0.096438 -0.070492
459200 -9252.58166093 1343.64539772 0.380852 5.9858 0.847561 0.096438 -0.004819
459300 -9278.06479177 1366.09901959 0.387216 5.9858 0.847561 0.096438 -0.055829
459400 -9225.50512147 1310.78601379 0.371538 5.9858 0.847561 0.096438 0.030997
459500 -9220.18742386 1359.87460403 0.385452 5.9841 0.853192 0.097050 0.040787
459600 -9190.92293112 1345.42823415 0.381357 5.9841 0.853192 0.097050 0.094611
459700 -9205.22323548 1376.40603656 0.390138 5.9841 0.853192 0.097050 0.058701
459800 -9221.15896393 1381.45556385 0.391569 5.9841 0.853192 0.097050 -0.001338
459900 -9199.45313123 1313.76288573 0.372382 5.9841 0.853192 0.097050 0.016802
460000 -9227.64997817 1344.74214736 0.381163 5.9881 0.855998 0.095166 -0.008473
460100 -9261.95215465 1373.53287490 0.389323 5.9881 0.855998 0.095166 -0.065589
460200 -9239.46358937 1366.96221296 0.387461 5.9881 0.855998 0.095166 -0.017929
460300 -9223.40916440 1339.41657293 0.379653 5.9881 0.855998 0.095166 0.008288
460400 -9231.32290532 1357.02062879 0.384643 5.9881 0.855998 0.095166 0.000324
460500 -9231.42091495 1306.94957689 0.370451 5.9870 0.850993 0.096619 0.004144
460600 -9253.08341664 1324.11121717 0.375315 5.9870 0.850993 0.096619 -0.028293
460700 -9221.69115056 1339.69942633 0.379733 5.9870 0.850993 0.096619 0.036017
460800 -9247.60759744 1409.00441714 0.399378 5.9870 0.850993 0.096619 -0.007386
460900 -9219.41059829 1353.41377546 0.383621 5.9870 0.850993 0.096619 0.035261
461000 -9217.42212994 1364.42171129 0.386741 5.9904 0.854385 0.097873 0.022623
461100 -9244.23365633 1356.60272226 0.384525 5.9904 0.854385 0.097873 -0.032026
461200 -9228.09851245 1353.43173905 0.383626 5.9904 0.854385 0.097873 -0.002253
461300 -9214.86336543 1333.25210064 0.377906 5.9904 0.854385 0.097873 0.014225
461400 -9237.75707516 1317.90540816 0.373556 5.9904 0.854385 0.097873 -0.035282
461500 -9234.24965669 1285.53805539 0.364382 5.9892 0.858546 0.095397 0.005530
461600 -9263.98574647 1308.58391372 0.370914 5.9892 0.858546 0.095397 -0.058093
461700 -9253.51833155 1308.56372946 0.370908 5.9892 0.858546 0.095397 -0.020236
461800 -9268.88593296 1303.82378761 0.369565 5.9892 0.858546 0.095397 -0.023054
461900 -9268.01286236 1319.82896850 0.374101 5.9892 0.858546 0.095397 -0.009834
462000 -9259.37948224 1317.99703638 0.373582 5.9881 0.854980 0.096198 0.006106
462100 -9259.85945114 1344.55869376 0.381111 5.9881 0.854980 0.096198 0.001923
462200 -9252.92594462 1381.94289127 0.391707 5.9881 0.854980 0.096198 0.029740
462300 -9219.96187949 1375.70750134 0.389940 5.9881 0.854980 0.096198 0.068420
462400 -9229.48856081 1367.23182760 0.387537 5.9881 0.854980 0.096198 0.034307
462500 -9237.03620037 1369.14209906 0.388079 5.9875 0.855772 0.096372 0.020117
462600 -9270.10991065 1383.25946134 0.392080 5.9875 0.855772 0.096372 -0.077246
462700 -9244.26123875 1353.16572465 0.383550 5.9875 0.855772 0.096372 -0.039662
462800 -9230.53298949 1301.41265798 0.368881 5.9875 0.855772 0.096372 0.008140
462900 -9257.03948127 1336.80018498 0.378912 5.9875 0.855772 0.096372 -0.032815
463000 -9259.26213646 1373.94009416 0.389439 5.9921 0.858016 0.094510 0.011902
463100 -9268.89994281 1369.10344673 0.388068 5.9921 0.858016 0.094510 -0.050282
463200 -9238.58155546 1338.99677575 0.379534 5.9921 0.858016 0.094510 0.021799
463300 -9240.02863227 1365.19872598 0.386961 5.9921 0.858016 0.094510 0.024023
463400 -9220.64939505 1358.88598240 0.385172 5.9921 0.858016 0.094510 0.021217
463500 -9192.45837163 1302.51138525 0.369193 5.9841 0.850746 0.099035 0.065353
463600 -9231.56857451 1324.79116453 0.375508 5.9841 0.850746 0.099035 -0.011428
463700 -9204.26884139 1323.11967098 0.375034 5.9841 0.850746 0.099035 0.062240
463800 -9244.16330362 1318.30304385 0.373669 5.9841 0.850746 0.099035 -0.027713
463900 -9223.61826730 1335.80478494 0.378629 5.9841 0.850746 0.099035 0.019498
464000 -9239.63560021 1354.13977892 0.383826 5.9836 0.850619 0.097249 0.005296
464100 -9200.64038323 1307.78671909 0.370688 5.9836 0.850619 0.097249 0.049725
464200 -9250.08626070 1309.91217829 0.371290 5.9836 0.850619 0.097249 -0.044082
464300 -9286.84624905 1307.34858066 0.370564 5.9836 0.850619 0.097249 -0.088468
464400 -9259.45392660 1305.31620323 0.369988 5.9836 0.850619 0.097249 -0.020020
464500 -9256.20048002 1340.29304865 0.379902 5.9864 0.855456 0.096719 0.013784
464600 -9230.37475787 1366.52631985 0.387337 5.9864 0.855456 0.096719 0.066610
464700 -9284.63180801 1349.23710177 0.382437 5.9864 0.855456 0.096719 -0.075660
464800 -9260.41693571 1301.95496403 0.369035 5.9864 0.855456 0.096719 -0.014310
464900 -9269.45266240 1332.22509287 0.377615 5.9864 0.855456 0.096719 -0.022306
465000 -9264.97998486 1379.15788373 0.390918 5.9864 0.861853 0.094932 0.002328
465100 -9214.04422300 1348.80420533 0.382314 5.9864 0.861853 0.094932 0.090408
465200 -9235.98281996 1357.61300422 0.384811 5.9864 0.861853 0.094932 0.013697
465300 -9243.91097302 1372.32652262 0.388981 5.9864 0.861853 0.094932 0.004146
465400 -9247.14324387 1361.70218329 0.385970 5.9864 0.861853 0.094932 -0.004732
465500 -9261.07731876 1365.35822431 0.387006 5.9870 0.857600 0.094524 -0.044991
465600 -9246.98975317 1343.00221153 0.380670 5.9870 0.857600 0.094524 -0.027365
465700 -9260.91943259 1334.03925666 0.378129 5.9870 0.857600 0.094524 -0.047894
465800 -9264.90972873 1333.10736807 0.377865 5.9870 0.857600 0.094524 -0.045338
465900 -9228.99368489 1279.58367875 0.362694 5.9870 0.857600 0.094524 0.024540
466000 -9262.76711940 1325.47898331 0.375703 5.9955 0.859232 0.094580 -0.024370
466100 -9268.22946627 1329.46240555 0.376832 5.9955 0.859232 0.094580 -0.026879
466200 -9226.00680050 1337.90938501 0.379226 5.9955 0.859232 0.094580 0.066649
466300 -9245.95233051 1351.86303431 0.383181 5.9955 0.859232 0.094580 0.018337
466400 -9244.88744059 1370.54636268 0.388477 5.9955 0.859232 0.094580 -0.002338
466500 -9224.85424840 1372.84266392 0.389128 5.9847 0.852559 0.097046 0.040622
466600 -9204.62237544 1371.57009792 0.388767 5.9847 0.852559 0.097046 0.071615
466700 -9232.28297917 1357.29208558 0.384720 5.9847 0.852559 0.097046 0.003306
466800 -9262.38575049 1350.56496706 0.382813 5.9847 0.852559 0.097046 -0.061703
466900 -9237.90743820 1350.84299697 0.382892 5.9847 0.852559 0.097046 -0.013295
467000 -9210.26978482 1305.61667113 0.370073 5.9892 0.853979 0.097875 0.044861
467100 -9230.49795122 1351.68794526 0.383132 5.9892 0.853979 0.097875 0.015398
467200 -9218.06393026 1370.20272536 0.388379 5.9892 0.853979 0.097875 0.027678
467300 -9228.69298971 1367.16146052 0.387517 5.9892 0.853979 0.097875 -0.008821
467400 -9214.90827928 1336.79598274 0.378910 5.9892 0.853979 0.097875 0.002068
467500 -9213.56907781 1356.99271558 0.384635 5.9926 0.851574 0.095997 0.005930
467600 -9204.89699604 1365.22635927 0.386969 5.9926 0.851574 0.095997 0.021048
467700 -9217.73943726 1359.39690661 0.385317 5.9926 0.851574 0.095997 -0.002993
467800 -9236.68487043 1348.98526306 0.382365 5.9926 0.851574 0.095997 -0.039141
467900 -9246.48229503 1343.84748775 0.380909 5.9926 0.851574 0.095997 -0.046878
468000 -9211.34978116 1325.96928510 0.375842 5.9881 0.851504 0.095938 0.020539
468100 -9202.19483730 1325.48263120 0.375704 5.9881 0.851504 0.095938 0.052216
468200 -9236.19997167 1311.51870106 0.371746 5.9881 0.851504 0.095938 -0.009068
468300 -9236.26942077 1332.91680764 0.377811 5.9881 0.851504 0.095938 -0.005094
468400 -9265.13653422 1372.39993661 0.389002 5.9881 0.851504 0.095938 -0.037333
468500 -9231.10647849 1344.77125813 0.381171 5.9932 0.851663 0.096343 0.019816
468600 -9236.23494274 1337.11910817 0.379002 5.9932 0.851663 0.096343 -0.006777
468700 -9239.81744791 1334.92444157 0.378380 5.9932 0.851663 0.096343 -0.021388
468800 -9214.46705605 1337.45248591 0.379097 5.9932 0.851663 0.096343 0.044015
468900 -9250.75711271 1333.06284527 0.377852 5.9932 0.851663 0.096343 -0.024694
469000 -9214.07024948 1346.63678066 0.381700 5.9870 0.853225 0.097520 0.052564
469100 -9220.54347760 1352.50838461 0.383364 5.9870 0.853225 0.097520 0.027697
469200 -9226.76850049 1338.25193855 0.379323 5.9870 0.853225 0.097520 0.015760
469300 -9207.15947714 1304.22618258 0.369679 5.9870 0.853225 0.097520 0.063472
469400 -9227.30843490 1334.30306505 0.378204 5.9870 0.853225 0.097520 0.014530
469500 -9211.33736836 1338.30854333 0.379339 5.9892 0.853413 0.096651 0.036005
469600 -9213.96626990 1367.08366998 0.387495 5.9892 0.853413 0.096651 0.033075
469700 -9218.35912260 1360.58516775 0.385653 5.9892 0.853413 0.096651 0.014847
469800 -9211.72002582 1348.91419853 0.382345 5.9892 0.853413 0.096651 0.008634
469900 -9187.06337560 1341.08031857 0.380125 5.9892 0.853413 0.096651 0.051793
470000 -9234.52973240 1382.80525719 0.391952 5.9926 0.852735 0.094550 -0.036285
470100 -9201.72744603 1345.02222347 0.381242 5.9926 0.852735 0.094550 0.025165
470200 -9189.82409309 1325.73994096 0.375777 5.9926 0.852735 0.094550 0.028939
470300 -9231.09704769 1320.56146033 0.374309 5.9926 0.852735 0.094550 -0.032535
470400 -9250.24622114 1327.14404744 0.376175 5.9926 0.852735 0.094550 -0.048729
470500 -9268.08512960 1318.26523925 0.373658 5.9938 0.855296 0.095489 -0.073500
470600 -9247.38439729 1346.68486908 0.381713 5.9938 0.855296 0.095489 0.002116
470700 -9251.09925222 1339.30171685 0.379621 5.9938 0.855296 0.095489 -0.003840
470800 -9250.60954290 1343.15802280 0.380714 5.9938 0.855296 0.095489 -0.011296
470900 -9230.88060595 1347.65004797 0.381987 5.9938 0.855296 0.095489 0.035328
471000 -9256.46996425 1350.04145149 0.382665 5.9870 0.858903 0.095153 -0.022408
471100 -9272.72943083 1329.97058793 0.376976 5.9870 0.858903 0.095153 -0.061182
471200 -9296.80142495 1336.33906593 0.378781 5.9870 0.858903 0.095153 -0.095752
471300 -9290.20714541 1341.53015299 0.380252 5.9870 0.858903 0.095153 -0.076135
471400 -9248.25029703 1350.94543818 0.382921 5.9870 0.858903 0.095153 0.033811
471500 -9232.31976193 1339.20173141 0.379592 5.9904 0.858551 0.095678 0.052961
471600 -9250.05330947 1352.45651903 0.383349 5.9904 0.858551 0.095678 0.012434
471700 -9232.35954682 1350.39213631 0.382764 5.9904 0.858551 0.095678 0.040665
471800 -9229.13201572 1308.00745787 0.370750 5.9904 0.858551 0.095678 0.047484
471900 -9252.53178425 1332.41840021 0.377670 5.9904 0.858551 0.095678 -0.000176
472000 -9262.28996220 1316.23596960 0.373083 5.9921 0.853835 0.094815 -0.034758
472100 -9266.02097999 1361.88223652 0.386021 5.9921 0.853835 0.094815 -0.030525
472200 -9237.25387156 1305.26312799 0.369973 5.9921 0.853835 0.094815 0.013744
472300 -9255.06246797 1354.68874375 0.383982 5.9921 0.853835 0.094815 -0.016300
472400 -9255.55456204 1335.44629011 0.378528 5.9921 0.853835 0.094815 -0.015893
472500 -9261.00971867 1312.69023193 0.372078 5.9887 0.853437 0.095858 -0.009924
472600 -9267.62696496 1332.07122349 0.377571 5.9887 0.853437 0.095858 -0.024702
472700 -9256.82330139 1358.07284251 0.384941 5.9887 0.853437 0.095858 -0.013169
472800 -9244.36094662 1342.70716195 0.380586 5.9887 0.853437 0.095858 0.015888
472900 -9268.46660414 1381.89957000 0.391695 5.9887 0.853437 0.095858 -0.038419
473000 -9261.90973150 1350.59074989 0.382821 5.9824 0.856196 0.096677 -0.016965
473100 -9265.21853802 1339.82711710 0.379770 5.9824 0.856196 0.096677 -0.032570
473200 -9230.97052972 1304.88126593 0.369864 5.9824 0.856196 0.096677 0.056354
473300 -9277.45580545 1325.87460933 0.375815 5.9824 0.856196 0.096677 -0.044720
473400 -9274.72494568 1346.36634294 0.381623 5.9824 0.856196 0.096677 -0.035555
473500 -9266.79818071 1326.96877222 0.376125 5.9904 0.854158 0.095437 -0.006486
473600 -9281.92438225 1335.13155133 0.378439 5.9904 0.854158 0.095437 -0.037815
473700 -9235.30865867 1332.08543689 0.377575 5.9904 0.854158 0.095437 0.063891
473800 -9225.61092311 1381.63242905 0.391619 5.9904 0.854158 0.095437 0.066075
473900 -9225.63889798 1371.41315026 0.388723 5.9904 0.854158 0.095437 0.046386
474000 -9220.68474678 1318.51141970 0.373728 5.9802 0.847965 0.098484 0.014679
474100 -9256.45529443 1348.51257347 0.382231 5.9802 0.847965 0.098484 -0.054262
474200 -9248.54585987 1343.94756945 0.380938 5.9802 0.847965 0.098484 -0.035215
474300 -9211.97083472 1340.81593342 0.380050 5.9802 0.847965 0.098484 0.060273
474400 -9227.00102240 1360.87857708 0.385737 5.9802 0.847965 0.098484 0.004143
474500 -9248.40870420 1368.04315282 0.387767 5.9909 0.852466 0.097177 -0.055837
474600 -9231.65621675 1333.26493130 0.377910 5.9909 0.852466 0.097177 0.006645
474700 -9216.60398018 1307.10260616 0.370494 5.9909 0.852466 0.097177 0.019080
474800 -9249.54993771 1332.65005564 0.377735 5.9909 0.852466 0.097177 -0.051238
474900 -9235.42944067 1336.84925870 0.378926 5.9909 0.852466 0.097177 -0.000329
475000 -9249.33564709 1380.25369844 0.391228 5.9841 0.853714 0.097133 -0.021425
475100 -9238.21472671 1343.81007467 0.380899 5.9841 0.853714 0.097133 -0.015459
475200 -9228.56871790 1355.23170915 0.384136 5.9841 0.853714 0.097133 0.008773
475300 -9210.81481972 1372.79349288 0.389114 5.9841 0.853714 0.097133 0.056191
475400 -9192.49362455 1347.19012451 0.381857 5.9841 0.853714 0.097133 0.057481
475500 -9193.89426465 1342.75079788 0.380598 5.9841 0.847624 0.097464 0.032618
475600 -9221.44455753 1334.91931249 0.378378 5.9841 0.847624 0.097464 -0.019991
475700 -9220.06771407 1334.26008515 0.378192 5.9841 0.847624 0.097464 -0.030027
475800 -9240.76588890 1334.08172263 0.378141 5.9841 0.847624 0.097464 -0.029045
475900 -9243.42486147 1320.77760135 0.374370 5.9841 0.847624 0.097464 -0.024476
476000 -9230.09855692 1330.90368235 0.377240 5.9909 0.850807 0.095567 0.020878
476100 -9226.32611121 1325.90275274 0.375823 5.9909 0.850807 0.095567 0.034633
476200 -9209.53344122 1325.10960903 0.375598 5.9909 0.850807 0.095567 0.056286
476300 -9239.81478977 1352.40044850 0.383333 5.9909 0.850807 0.095567 0.001070
476400 -9266.75288391 1332.08246690 0.377574 5.9909 0.850807 0.095567 -0.054956
476500 -9266.25349214 1357.07302874 0.384658 5.9881 0.858334 0.095983 -0.037438
476600 -9255.70494228 1338.75363193 0.379465 5.9881 0.858334 0.095983 -0.012038
476700 -9276.02668269 1310.80293730 0.371543 5.9881 0.858334 0.095983 -0.051276
476800 -9256.03048007 1324.82154774 0.375516 5.9881 0.858334 0.095983 0.004537
476900 -9265.45729201 1338.60491903 0.379423 5.9881 0.858334 0.095983 -0.018017
477000 -9269.56918692 1312.77803671 0.372103 5.9904 0.855996 0.095072 -0.006841
477100 -9274.08614989 1326.70895561 0.376051 5.9904 0.855996 0.095072 -0.021556
477200 -9262.53354328 1328.57801663 0.376581 5.9904 0.855996 0.095072 -0.008496
477300 -9274.45457780 1340.70444421 0.380018 5.9904 0.855996 0.095072 -0.006611
477400 -9291.04118199 1364.89098741 0.386874 5.9904 0.855996 0.095072 -0.035427
477500 -9210.16327679 1310.73835857 0.371524 5.9858 0.852010 0.098070 0.100221
477600 -9268.51232090 1313.88308581 0.372416 5.9858 0.852010 0.098070 -0.029216
477700 -9276.48019367 1330.01953026 0.376990 5.9858 0.852010 0.098070 -0.026155
477800 -9260.42396138 1318.09217017 0.373609 5.9858 0.852010 0.098070 0.017668
477900 -9296.08768095 1320.27564487 0.374228 5.9858 0.852010 0.098070 -0.041526
478000 -9266.56528725 1327.94090247 0.376400 5.9915 0.858894 0.095033 0.014434
478100 -9298.15649649 1325.75481151 0.375781 5.9915 0.858894 0.095033 -0.057958
478200 -9250.11716607 1333.54886551 0.377990 5.9915 0.858894 0.095033 0.069634
478300 -9273.70275107 1334.46718376 0.378250 5.9915 0.858894 0.095033 -0.009525
478400 -9286.09853240 1358.58125165 0.385085 5.9915 0.858894 0.095033 -0.046391
478500 -9287.93863736 1337.39043149 0.379079 5.9881 0.863422 0.093884 -0.037457
478600 -9281.18218853 1360.21333518 0.385548 5.9881 0.863422 0.093884 -0.022843
478700 -9252.77352125 1316.05653477 0.373032 5.9881 0.863422 0.093884 0.047699
478800 -9265.50243949 1354.34568456 0.383885 5.9881 0.863422 0.093884 0.022853
478900 -9247.15587889 1341.05502523 0.380118 5.9881 0.863422 0.093884 0.063573
479000 -9231.27857418 1379.30802050 0.390960 5.9875 0.847917 0.097876 0.065081
479100 -9225.28072660 1362.73883749 0.386264 5.9875 0.847917 0.097876 0.053661
479200 -9229.86429905 1350.16536075 0.382700 5.9875 0.847917 0.097876 0.012807
479300 -9199.76448881 1329.73756981 0.376910 5.9875 0.847917 0.097876 0.072948
479400 -9244.51943898 1345.46629435 0.381368 5.9875 0.847917 0.097876 -0.035748
479500 -9240.52806494 1317.55882202 0.373458 5.9938 0.854269 0.095645 -0.031978
479600 -9239.24415854 1340.08307454 0.379842 5.9938 0.854269 0.095645 0.003988
479700 -9241.56762292 1329.94961288 0.376970 5.9938 0.854269 0.095645 0.004995
479800 -9247.13195270 1340.31696392 0.379908 5.9938 0.854269 0.095645 0.007690
479900 -9222.47126575 1324.88929914 0.375536 5.9938 0.854269 0.095645 0.065835
480000 -9241.40202462 1347.16567808 0.381850 5.9853 0.855650 0.095833 0.007947
480100 -9206.29320517 1353.67997842 0.383696 5.9853 0.855650 0.095833 0.071297
480200 -9240.21769397 1367.40585248 0.387587 5.9853 0.855650 0.095833 -0.021345
480300 -9225.96001490 1336.53003587 0.378835 5.9853 0.855650 0.095833 0.018146
480400 -9206.27024885 1331.86839691 0.377514 5.9853 0.855650 0.095833 0.057404
480500 -9243.22825134 1349.62451888 0.382547 5.9875 0.855966 0.097747 -0.026726
480600 -9183.14332179 1294.41605025 0.366898 5.9875 0.855966 0.097747 0.087388
480700 -9227.70382910 1413.93418641 0.400775 5.9875 0.855966 0.097747 0.011959
480800 -9224.11054475 1395.31406242 0.395497 5.9875 0.855966 0.097747 -0.005391
480900 -9179.36452221 1352.44124471 0.383345 5.9875 0.855966 0.097747 0.085190
481000 -9225.11370933 1387.36363031 0.393244 5.9881 0.854020 0.098018 -0.032854
481100 -9237.14929398 1347.80215666 0.382030 5.9881 0.854020 0.098018 -0.071315
481200 -9248.53141708 1379.24375792 0.390942 5.9881 0.854020 0.098018 -0.066016
481300 -9224.86120329 1345.61077613 0.381409 5.9881 0.854020 0.098018 -0.018666
481400 -9225.07654430 1372.14662661 0.388930 5.9881 0.854020 0.098018 -0.006326
481500 -9200.85558163 1344.95499324 0.381223 5.9898 0.847914 0.097068 0.022714
481600 -9231.78659268 1348.61082613 0.382259 5.9898 0.847914 0.097068 -0.027729
481700 -9212.59037098 1302.98162693 0.369326 5.9898 0.847914 0.097068 0.029548
481800 -9244.51078215 1327.77404836 0.376353 5.9898 0.847914 0.097068 -0.026020
481900 -9252.08689836 1306.89363321 0.370435 5.9898 0.847914 0.097068 -0.020677
482000 -9270.50986791 1343.41614844 0.380787 5.9898 0.858651 0.095669 -0.054667
482100 -9253.76135340 1340.64328358 0.380001 5.9898 0.858651 0.095669 0.000748
482200 -9279.03612915 1360.12139914 0.385522 5.9898 0.858651 0.095669 -0.029549
482300 -9261.09404411 1326.23278469 0.375916 5.9898 0.858651 0.095669 -0.014482
482400 -9267.48917681 1343.59825037 0.380839 5.9898 0.858651 0.095669 0.004698
482500 -9301.60400226 1411.50291742 0.400086 5.9909 0.866968 0.093753 -0.082702
482600 -9246.09190442 1334.53139002 0.378269 5.9909 0.866968 0.093753 0.030012
482700 -9219.01900399 1321.56076232 0.374592 5.9909 0.866968 0.093753 0.081570
482800 -9251.74695702 1328.93089914 0.376681 5.9909 0.866968 0.093753 0.006456
482900 -9267.93959136 1333.29903865 0.377919 5.9909 0.866968 0.093753 -0.026912
483000 -9271.64621377 1326.52015003 0.375998 5.9836 0.857719 0.094684 -0.013780
483100 -9239.63004730 1322.95866364 0.374988 5.9836 0.857719 0.094684 0.054269
483200 -9265.74308449 1331.09616469 0.377295 5.9836 0.857719 0.094684 -0.025007
483300 -9259.50389343 1348.05853836 0.382103 5.9836 0.857719 0.094684 -0.008350
483400 -9251.42227584 1304.02988900 0.369623 5.9836 0.857719 0.094684 0.013400
483500 -9251.71094676 1331.99201513 0.377549 5.9915 0.850777 0.096133 0.037396
483600 -9220.17752546 1293.08087889 0.366520 5.9915 0.850777 0.096133 0.069067
483700 -9270.77406045 1325.92288428 0.375828 5.9915 0.850777 0.096133 -0.033539
483800 -9256.69987333 1330.57533060 0.377147 5.9915 0.850777 0.096133 0.010835
483900 -9245.76077240 1305.25197917 0.369969 5.9915 0.850777 0.096133 0.041836
484000 -9246.85310100 1336.09885291 0.378713 5.9807 0.848624 0.097585 0.056644
484100 -9281.72798196 1382.18839896 0.391777 5.9807 0.848624 0.097585 -0.047957
484200 -9259.26093790 1363.00465318 0.386339 5.9807 0.848624 0.097585 0.015839
484300 -9241.12947268 1377.18714141 0.390359 5.9807 0.848624 0.097585 0.028966
484400 -9217.89064790 1362.97963745 0.386332 5.9807 0.848624 0.097585 0.043850
484500 -9234.72527639 1330.07863435 0.377006 5.9864 0.855377 0.097172 0.003366
484600 -9219.82168043 1332.61084407 0.377724 5.9864 0.855377 0.097172 0.038786
484700 -9221.23833641 1346.71933464 0.381723 5.9864 0.855377 0.097172 0.031357
484800 -9198.80697475 1345.27655290 0.381314 5.9864 0.855377 0.097172 0.071458
484900 -9238.02235129 1364.32842229 0.386714 5.9864 0.855377 0.097172 -0.011026
485000 -9242.84004824 1316.09633017 0.373043 5.9864 0.852649 0.097136 -0.016342
485100 -9258.13342073 1372.24846695 0.388959 5.9864 0.852649 0.097136 -0.053574
485200 -9227.97430050 1334.39645966 0.378230 5.9864 0.852649 0.097136 0.023098
485300 -9224.70133277 1358.00815147 0.384923 5.9864 0.852649 0.097136 0.032964
485400 -9246.25232002 1344.85036095 0.381193 5.9864 0.852649 0.097136 -0.030963
485500 -9239.95462596 1335.69379435 0.378598 5.9943 0.858363 0.094557 -0.016759
485600 -9264.61145400 1337.20428390 0.379026 5.9943 0.858363 0.094557 -0.028035
485700 -9259.12184586 1338.38418214 0.379361 5.9943 0.858363 0.094557 -0.000931
485800 -9237.95490195 1352.93131551 0.383484 5.9943 0.858363 0.094557 0.030969
485900 -9242.49329801 1351.63350013 0.383116 5.9943 0.858363 0.094557 0.015727
486000 -9225.27861705 1345.83932967 0.381474 5.9858 0.851821 0.098662 0.039091
486100 -9224.71946553 1335.19535575 0.378457 5.9858 0.851821 0.098662 -0.004178
486200 -9235.49096855 1365.05629104 0.386921 5.9858 0.851821 0.098662 -0.003811
486300 -9248.02437866 1352.63754336 0.383401 5.9858 0.851821 0.098662 -0.038022
486400 -9226.05684898 1314.11025445 0.372480 5.9858 0.851821 0.098662 0.027416
486500 -9235.31182393 1360.60580999 0.385659 5.9881 0.852833 0.096529 -0.001762
486600 -9210.28424412 1364.67906641 0.386814 5.9881 0.852833 0.096529 0.054376
486700 -9244.85820131 1340.05986030 0.379836 5.9881 0.852833 0.096529 -0.041339
486800 -9196.24708428 1321.72290043 0.374638 5.9881 0.852833 0.096529 0.064471
486900 -9238.08033414 1402.28076072 0.397472 5.9881 0.852833 0.096529 -0.009916
487000 -9187.34246866 1335.44638699 0.378528 5.9870 0.845308 0.098539 0.061136
487100 -9210.66777568 1319.08635845 0.373891 5.9870 0.845308 0.098539 0.003737
487200 -9236.99205783 1346.84378440 0.381758 5.9870 0.845308 0.098539 -0.048013
487300 -9239.49831923 1319.52350659 0.374015 5.9870 0.845308 0.098539 -0.014626
487400 -9243.03869483 1312.59605228 0.372051 5.9870 0.845308 0.098539 -0.023206
487500 -9243.71723139 1349.84975866 0.382610 5.9864 0.851920 0.096242 -0.007410
487600 -9211.55463298 1292.27805077 0.366292 5.9864 0.851920 0.096242 0.052508
487700 -9278.63144652 1348.01910784 0.382092 5.9864 0.851920 0.096242 -0.079743
487800 -9242.23396088 1316.51314283 0.373161 5.9864 0.851920 0.096242 0.004428
487900 -9279.91780473 1326.53644719 0.376002 5.9864 0.851920 0.096242 -0.067214
488000 -9223.80964276 1334.81012305 0.378348 5.9841 0.857301 0.096803 0.072590
488100 -9249.73158754 1361.26118102 0.385845 5.9841 0.857301 0.096803 -0.002361
488200 -9258.11717340 1364.08356921 0.386645 5.9841 0.857301 0.096803 -0.013822
488300 -9207.06824801 1313.06476634 0.372184 5.9841 0.857301 0.096803 0.082807
488400 -9227.49012706 1343.14726935 0.380711 5.9841 0.857301 0.096803 0.030348
488500 -9232.46366402 1354.53780124 0.383939 5.9915 0.853060 0.096188 0.010439
488600 -9237.46026928 1304.18541477 0.369667 5.9915 0.853060 0.096188 -0.003279
488700 -9270.16619382 1348.16453914 0.382133 5.9915 0.853060 0.096188 -0.049883
488800 -9237.29347250 1323.81868474 0.375232 5.9915 0.853060 0.096188 0.023015
488900 -9260.70559786 1316.66229021 0.373204 5.9915 0.853060 0.096188 -0.043965
489000 -9320.36915893 1339.26328312 0.379610 5.9915 0.867221 0.092712 -0.132306
489100 -9290.53570497 1351.70314326 0.383136 5.9915 0.867221 0.092712 -0.055868
489200 -9285.51774431 1341.40749265 0.380218 5.9915 0.867221 0.092712 -0.046279
489300 -9259.80877725 1291.19381870 0.365985 5.9915 0.867221 0.092712 0.030848
489400 -9277.11639193 1358.20980466 0.384980 5.9915 0.867221 0.092712 -0.008720
489500 -9253.27947677 1322.56754722 0.374877 5.9926 0.852874 0.096070 0.008060
489600 -9253.27156482 1302.65690118 0.369234 5.9926 0.852874 0.096070 0.002043
489700 -9270.18626805 1335.55717963 0.378559 5.9926 0.852874 0.096070 -0.006671
489800 -9285.06637110 1344.16951958 0.381000 5.9926 0.852874 0.096070 -0.035863
489900 -9264.79294524 1318.70411449 0.373782 5.9926 0.852874 0.096070 0.013832
490000 -9254.04158840 1296.96576221 0.367621 5.9909 0.852079 0.095429 0.029145
490100 -9287.64943885 1369.33347136 0.388133 5.9909 0.852079 0.095429 -0.045107
490200 -9257.38679700 1333.23049295 0.377900 5.9909 0.852079 0.095429 0.014659
490300 -9263.00600733 1319.82461915 0.374100 5.9909 0.852079 0.095429 -0.009870
490400 -9257.61107458 1326.42908991 0.375972 5.9909 0.852079 0.095429 0.018975
490500 -9268.13267133 1329.29724144 0.376785 5.9864 0.854947 0.096389 -0.017298
490600 -9273.82781556 1334.68635319 0.378312 5.9864 0.854947 0.096389 -0.012096
490700 -9260.72829924 1346.10012503 0.381548 5.9864 0.854947 0.096389 0.011268
490800 -9235.01954014 1341.82160563 0.380335 5.9864 0.854947 0.096389 0.061587
490900 -9246.55947460 1350.68260289 0.382847 5.9864 0.854947 0.096389 0.022953
491000 -9268.02135960 1311.98579979 0.371878 5.9909 0.859001 0.094461 -0.031643
491100 -9250.27049424 1286.89749486 0.364767 5.9909 0.859001 0.094461 0.034982
491200 -9272.25714052 1293.53767037 0.366649 5.9909 0.859001 0.094461 -0.007178
491300 -9289.73845505 1326.36261757 0.375953 5.9909 0.859001 0.094461 -0.036993
491400 -9263.45993279 1297.63507937 0.367810 5.9909 0.859001 0.094461 0.024715
491500 -9270.19185072 1303.41942172 0.369450 5.9887 0.861962 0.094636 0.013092
491600 -9266.88520063 1330.36749005 0.377088 5.9887 0.861962 0.094636 0.030267
491700 -9255.91854169 1298.44394951 0.368040 5.9887 0.861962 0.094636 0.042721
491800 -9268.54335652 1344.51727608 0.381099 5.9887 0.861962 0.094636 0.021402
491900 -9243.30556733 1346.79302576 0.381744 5.9887 0.861962 0.094636 0.046037
492000 -9233.29738955 1330.39201193 0.377095 5.9926 0.860981 0.094962 0.059856
492100 -9261.76613513 1354.00667382 0.383789 5.9926 0.860981 0.094962 -0.001658
492200 -9288.88096291 1344.70409479 0.381152 5.9926 0.860981 0.094962 -0.035706
492300 -9279.38295704 1325.92120983 0.375828 5.9926 0.860981 0.094962 -0.007348
492400 -9276.49545292 1357.21492792 0.384698 5.9926 0.860981 0.094962 -0.013192
492500 -9260.56064377 1355.54098104 0.384224 5.9875 0.855204 0.095990 0.011418
492600 -9259.82132500 1319.96607918 0.374140 5.9875 0.855204 0.095990 -0.010353
492700 -9284.72098126 1309.77037846 0.371250 5.9875 0.855204 0.095990 -0.050898
492800 -9287.81137136 1315.82942277 0.372968 5.9875 0.855204 0.095990 -0.041673
492900 -9259.90517084 1320.06126725 0.374167 5.9875 0.855204 0.095990 0.032280
493000 -9261.72295565 1360.07043722 0.385507 5.9847 0.855483 0.096351 0.030483
493100 -9239.33953792 1327.84415615 0.376373 5.9847 0.855483 0.096351 0.074221
493200 -9241.24393404 1368.25944058 0.387829 5.9847 0.855483 0.096351 0.050675
493300 -9265.75883194 1378.27916273 0.390669 5.9847 0.855483 0.096351 -0.029886
493400 -9265.28615744 1370.81069907 0.388552 5.9847 0.855483 0.096351 -0.030497
493500 -9253.90478296 1342.38053878 0.380493 5.9921 0.853891 0.094984 -0.014901
493600 -9229.86936664 1363.54980982 0.386494 5.9921 0.853891 0.094984 0.042970
493700 -9229.59991675 1347.09220450 0.381829 5.9921 0.853891 0.094984 0.022489
493800 -9235.35564722 1344.35581853 0.381053 5.9921 0.853891 0.094984 0.016877
493900 -9232.47969173 1337.87029006 0.379215 5.9921 0.853891 0.094984 0.015843
494000 -9247.98473374 1334.49632404 0.378259 5.9915 0.853445 0.097621 -0.019986
494100 -9233.15508035 1351.79224492 0.383161 5.9915 0.853445 0.097621 0.010576
494200 -9224.18526208 1346.48037512 0.381655 5.9915 0.853445 0.097621 0.026186
494300 -9245.87011385 1345.59632583 0.381405 5.9915 0.853445 0.097621 -0.007583
494400 -9225.69538548 1327.42524345 0.376254 5.9915 0.853445 0.097621 0.006858
494500 -9247.78594133 1367.58096007 0.387636 5.9875 0.853733 0.094689 -0.035446
494600 -9256.30686184 1345.34555561 0.381334 5.9875 0.853733 0.094689 -0.039303
494700 -9236.33050350 1348.81193155 0.382316 5.9875 0.853733 0.094689 -0.002628
494800 -9246.12967347 1357.06326769 0.384655 5.9875 0.853733 0.094689 -0.029246
494900 -9252.32331999 1350.40542460 0.382768 5.9875 0.853733 0.094689 -0.011415
495000 -9250.51273965 1335.54252640 0.378555 5.9938 0.857708 0.094635 -0.038667
495100 -9202.38217632 1365.99590263 0.387187 5.9938 0.857708 0.094635 0.079849
495200 -9172.75213574 1364.34255023 0.386718 5.9938 0.857708 0.094635 0.111146
495300 -9203.80883300 1359.33760429 0.385300 5.9938 0.857708 0.094635 0.034713
495400 -9201.40438059 1373.97401027 0.389448 5.9938 0.857708 0.094635 0.018349
495500 -9217.29634043 1367.99826658 0.387755 5.9875 0.850719 0.096302 -0.012198
495600 -9240.63011532 1347.17658215 0.381853 5.9875 0.850719 0.096302 -0.074377
495700 -9198.72613096 1329.56963781 0.376862 5.9875 0.850719 0.096302 0.026299
495800 -9215.02088099 1358.50729579 0.385064 5.9875 0.850719 0.096302 -0.002210
495900 -9201.60601312 1352.55207458 0.383376 5.9875 0.850719 0.096302 0.014324
496000 -9215.22641184 1371.00596218 0.388607 5.9807 0.846500 0.100381 -0.008946
496100 -9207.21119696 1350.32158775 0.382744 5.9807 0.846500 0.100381 0.010672
496200 -9233.89279659 1334.01645730 0.378123 5.9807 0.846500 0.100381 -0.044170
496300 -9226.25780778 1326.05613154 0.375866 5.9807 0.846500 0.100381 -0.041076
496400 -9243.54645466 1367.00901348 0.387474 5.9807 0.846500 0.100381 -0.045575
496500 -9237.08835690 1353.96958967 0.383778 5.9904 0.853018 0.095655 -0.011017
496600 -9191.40208705 1348.57516138 0.382249 5.9904 0.853018 0.095655 0.070886
496700 -9224.38225088 1359.61827667 0.385379 5.9904 0.853018 0.095655 -0.005580
496800 -9194.00360472 1314.29675948 0.372533 5.9904 0.853018 0.095655 0.067628
496900 -9228.06743781 1339.75567397 0.379749 5.9904 0.853018 0.095655 -0.017125
497000 -9207.39379600 1338.40884673 0.379368 5.9870 0.851265 0.096623 0.045921
497100 -9236.21353462 1349.54784489 0.382525 5.9870 0.851265 0.096623 -0.018137
497200 -9250.72466191 1317.60110160 0.373470 5.9870 0.851265 0.096623 -0.048443
497300 -9264.86799649 1325.49873815 0.375708 5.9870 0.851265 0.096623 -0.061698
497400 -9282.85205086 1311.61456506 0.371773 5.9870 0.851265 0.096623 -0.059488
497500 -9259.77567053 1281.50471842 0.363238 5.9892 0.855972 0.093724 -0.015267
497600 -9286.24759161 1347.72441086 0.382008 5.9892 0.855972 0.093724 -0.030628
497700 -9276.00888660 1354.24322461 0.383856 5.9892 0.855972 0.093724 -0.009964
497800 -9273.57798352 1329.77658189 0.376921 5.9892 0.855972 0.093724 -0.010827
497900 -9253.61390846 1332.11365247 0.377583 5.9892 0.855972 0.093724 0.029070
498000 -9253.11553282 1317.57529791 0.373462 5.9870 0.853595 0.096033 0.013332
498100 -9255.35680091 1343.44440804 0.380795 5.9870 0.853595 0.096033 -0.009774
498200 -9280.79253209 1363.62198189 0.386514 5.9870 0.853595 0.096033 -0.068944
498300 -9269.48252968 1324.22732640 0.375348 5.9870 0.853595 0.096033 -0.012989
498400 -9259.22959220 1364.03021738 0.386630 5.9870 0.853595 0.096033 -0.008957
498500 -9261.10368844 1340.60029632 0.379989 5.9841 0.858362 0.095916 0.005658
498600 -9263.61384795 1343.49047233 0.380808 5.9841 0.858362 0.095916 -0.026685
498700 -9250.91057257 1338.96581165 0.379525 5.9841 0.858362 0.095916 0.010022
498800 -9272.98614078 1332.09075116 0.377577 5.9841 0.858362 0.095916 -0.055853
498900 -9257.17029010 1347.11255393 0.381835 5.9841 0.858362 0.095916 0.000037
499000 -9211.55060368 1319.84085468 0.374105 5.9870 0.845135 0.096953 0.084213
499100 -9237.61949914 1357.58420378 0.384803 5.9870 0.845135 0.096953 0.010879
499200 -9241.64897948 1373.10290045 0.389202 5.9870 0.845135 0.096953 0.000001
499300 -9212.72774594 1316.09262000 0.373042 5.9870 0.845135 0.096953 0.051613
499400 -9213.42423592 1305.41711554 0.370016 5.9870 0.845135 0.096953 0.043515
499500 -9239.53380668 1330.41224859 0.377101 5.9898 0.859478 0.096944 0.012129
499600 -9254.42532836 1334.81145102 0.378348 5.9898 0.859478 0.096944 -0.035875
499700 -9251.46090798 1295.74146671 0.367274 5.9898 0.859478 0.096944 -0.011782
499800 -9258.90674815 1336.67262164 0.378875 5.9898 0.859478 0.096944 -0.017594
499900 -9249.14510639 1325.07969938 0.375589 5.9898 0.859478 0.096944 0.008600
