# MD run at T = 0.400000
# input   = bicrystal_Sigma39_theta32.2042deg.dat
# seed    = 6000800
# N_atoms = 1548
# barostat= 1  P_target = 0.0000
# columns : step PE KE T_inst coord psi6 psi4 P
0 -4824.27163057 626.82270259 0.404924 5.9380 0.986033 0.015419 0.312200
100 -4421.32349051 444.61913206 0.287222 5.9380 0.986033 0.015419 1.330564
200 -4328.58429907 477.32949764 0.308352 5.9380 0.986033 0.015419 1.148954
300 -4272.90071345 511.55223997 0.330460 5.9380 0.986033 0.015419 0.943647
400 -4232.26925068 549.70035964 0.355104 5.9380 0.986033 0.015419 0.751443
500 -4185.65657957 561.69148038 0.362850 5.9755 0.875012 0.087311 0.662815
600 -4166.89171608 569.16416182 0.367677 5.9755 0.875012 0.087311 0.514587
700 -4141.67342163 609.97908331 0.394043 5.9755 0.875012 0.087311 0.442237
800 -4113.86188116 599.49853243 0.387273 5.9755 0.875012 0.087311 0.383693
900 -4063.82810167 562.88188006 0.363619 5.9755 0.875012 0.087311 0.436072
1000 -4074.84486007 600.41999650 0.387868 5.9716 0.847245 0.097234 0.223108
1100 -4055.61212894 576.70310544 0.372547 5.9716 0.847245 0.097234 0.229261
1200 -4053.27392416 608.55997178 0.393127 5.9716 0.847245 0.097234 0.181418
1300 -4017.86229288 585.40689681 0.378170 5.9716 0.847245 0.097234 0.266356
1400 -4036.36696411 614.71829173 0.397105 5.9716 0.847245 0.097234 0.095782
1500 -4024.32149543 630.03008157 0.406996 5.9574 0.838653 0.104872 0.112706
1600 -4007.69435087 635.13184804 0.410292 5.9574 0.838653 0.104872 0.125962
1700 -3977.91870958 610.12205883 0.394136 5.9574 0.838653 0.104872 0.243902
1800 -3989.27497572 616.07411986 0.397981 5.9574 0.838653 0.104872 0.085802
1900 -3957.93259084 600.43959042 0.387881 5.9574 0.838653 0.104872 0.188006
2000 -3968.09937739 576.88091649 0.372662 5.9328 0.825364 0.109083 0.112071
2100 -3982.21691235 614.11222314 0.396713 5.9328 0.825364 0.109083 0.017212
2200 -3961.60839061 611.83796230 0.395244 5.9328 0.825364 0.109083 0.071986
2300 -3939.50823642 586.18683796 0.378674 5.9328 0.825364 0.109083 0.146900
2400 -3929.04956732 583.56956154 0.376983 5.9328 0.825364 0.109083 0.165950
2500 -3951.41250490 640.60617481 0.413828 5.9406 0.816564 0.110467 0.077074
2600 -3954.83498652 618.96379259 0.399847 5.9406 0.816564 0.110467 -0.012221
2700 -3943.62079011 586.82454238 0.379086 5.9406 0.816564 0.110467 0.026510
2800 -3958.54444675 627.43406899 0.405319 5.9406 0.816564 0.110467 -0.019472
2900 -3906.30910185 599.47312882 0.387257 5.9406 0.816564 0.110467 0.198851
3000 -3927.80310397 638.41799905 0.412415 5.9147 0.811045 0.116014 0.075948
3100 -3900.70495692 606.46727232 0.391775 5.9147 0.811045 0.116014 0.185863
3200 -3902.94145003 614.60604207 0.397032 5.9147 0.811045 0.116014 0.109713
3300 -3924.01123391 633.22874904 0.409062 5.9147 0.811045 0.116014 -0.022928
3400 -3913.45702221 644.68248412 0.416462 5.9147 0.811045 0.116014 0.016380
3500 -3892.90411017 635.12672363 0.410289 5.9147 0.797361 0.116752 0.103325
3600 -3909.67341698 618.42908250 0.399502 5.9147 0.797361 0.116752 -0.025937
3700 -3895.86593401 614.63612158 0.397052 5.9147 0.797361 0.116752 0.028234
3800 -3871.02581905 618.07220144 0.399271 5.9147 0.797361 0.116752 0.123308
3900 -3881.98080235 625.33662351 0.403964 5.9147 0.797361 0.116752 0.076001
4000 -3877.12628273 609.88124276 0.393980 5.9121 0.801677 0.120375 0.062055
4100 -3869.97648081 617.80014400 0.399096 5.9121 0.801677 0.120375 0.093760
4200 -3896.56632974 631.28080047 0.407804 5.9121 0.801677 0.120375 -0.057627
4300 -3898.07018599 613.51537093 0.396328 5.9121 0.801677 0.120375 -0.019690
4400 -3898.54892638 615.03485158 0.397309 5.9121 0.801677 0.120375 -0.036418
4500 -3911.15222783 640.28631981 0.413622 5.9393 0.804497 0.114139 -0.092239
4600 -3887.76393321 613.89884079 0.396575 5.9393 0.804497 0.114139 0.033595
4700 -3903.47784207 637.54910256 0.411853 5.9393 0.804497 0.114139 -0.028216
4800 -3890.78302756 625.56474167 0.404112 5.9393 0.804497 0.114139 0.028600
4900 -3883.77545926 639.10681861 0.412860 5.9393 0.804497 0.114139 0.058654
5000 -3857.76034007 629.14686163 0.406426 5.9096 0.796866 0.120614 0.139535
5100 -3882.70171068 636.25509133 0.411018 5.9096 0.796866 0.120614 0.020790
5200 -3868.43975417 602.51318119 0.389220 5.9096 0.796866 0.120614 0.034639
5300 -3885.58152452 620.88646167 0.401089 5.9096 0.796866 0.120614 -0.000211
5400 -3865.51530273 617.83746789 0.399120 5.9096 0.796866 0.120614 0.107934
5500 -3867.49290845 633.05827194 0.408952 5.9225 0.797864 0.120879 0.013783
5600 -3868.89338897 628.79726322 0.406200 5.9225 0.797864 0.120879 0.018025
5700 -3870.92585573 611.41106052 0.394968 5.9225 0.797864 0.120879 -0.016458
5800 -3885.79800658 608.94664975 0.393376 5.9225 0.797864 0.120879 -0.010514
5900 -3895.74057156 603.32129115 0.389742 5.9225 0.797864 0.120879 -0.053085
6000 -3883.11813803 600.43339310 0.387877 5.8928 0.801905 0.122380 0.040781
6100 -3894.36621571 605.12946154 0.390911 5.8928 0.801905 0.122380 -0.027748
6200 -3886.50596681 608.86432897 0.393323 5.8928 0.801905 0.122380 0.011632
6300 -3855.26904298 592.00835305 0.382434 5.8928 0.801905 0.122380 0.124692
6400 -3895.11909990 610.58768014 0.394436 5.8928 0.801905 0.122380 -0.056124
6500 -3884.77204985 593.31150613 0.383276 5.9096 0.801520 0.118107 -0.031046
6600 -3888.96555197 590.10707744 0.381206 5.9096 0.801520 0.118107 0.007158
6700 -3867.15421781 607.12368283 0.392199 5.9096 0.801520 0.118107 0.062116
6800 -3862.26241777 606.06758899 0.391517 5.9096 0.801520 0.118107 0.066391
6900 -3883.12767504 608.45365205 0.393058 5.9096 0.801520 0.118107 -0.012686
7000 -3894.98210013 636.75680146 0.411342 5.9044 0.802808 0.118582 -0.037311
7100 -3870.17213165 642.29634100 0.414920 5.9044 0.802808 0.118582 0.042574
7200 -3856.40971841 639.33716254 0.413009 5.9044 0.802808 0.118582 0.087268
7300 -3856.81526235 621.37682254 0.401406 5.9044 0.802808 0.118582 0.056888
7400 -3857.68681555 607.64269698 0.392534 5.9044 0.802808 0.118582 0.023207
7500 -3852.18918946 610.65641553 0.394481 5.8850 0.788339 0.124263 0.086692
7600 -3862.00240271 614.50566965 0.396967 5.8850 0.788339 0.124263 -0.010600
7700 -3875.19263419 592.35736320 0.382660 5.8850 0.788339 0.124263 -0.089809
7800 -3868.79233032 595.82372447 0.384899 5.8850 0.788339 0.124263 -0.013931
7900 -3857.62974239 589.49453347 0.380810 5.8850 0.788339 0.124263 -0.007242
8000 -3846.80879520 609.20382152 0.393543 5.8824 0.781910 0.123962 0.076317
8100 -3844.71563228 625.91554120 0.404338 5.8824 0.781910 0.123962 0.086777
8200 -3861.29413112 610.38402449 0.394305 5.8824 0.781910 0.123962 0.023410
8300 -3879.27676806 603.49657489 0.389856 5.8824 0.781910 0.123962 -0.080786
8400 -3898.91839916 612.41328506 0.395616 5.8824 0.781910 0.123962 -0.132042
8500 -3880.02671860 614.90372030 0.397225 5.8889 0.802370 0.122352 0.008633
8600 -3848.55593924 593.74959533 0.383559 5.8889 0.802370 0.122352 0.149231
8700 -3871.02724542 609.29938964 0.393604 5.8889 0.802370 0.122352 0.028766
8800 -3862.41195012 618.67436521 0.399660 5.8889 0.802370 0.122352 0.008972
8900 -3874.17320602 626.26163956 0.404562 5.8889 0.802370 0.122352 -0.003044
9000 -3849.91207734 627.35078383 0.405265 5.8747 0.790165 0.124983 0.128349
9100 -3854.12427305 617.23730858 0.398732 5.8747 0.790165 0.124983 0.077137
9200 -3846.18879531 623.55398260 0.402813 5.8747 0.790165 0.124983 0.023214
9300 -3853.69943791 625.53339528 0.404091 5.8747 0.790165 0.124983 0.018572
9400 -3834.14804035 581.00543470 0.375327 5.8747 0.790165 0.124983 0.096770
9500 -3841.74001284 605.27820396 0.391007 5.8915 0.788508 0.122756 0.030327
9600 -3838.31978713 602.42584993 0.389164 5.8915 0.788508 0.122756 0.013194
9700 -3835.64179913 618.82717803 0.399759 5.8915 0.788508 0.122756 0.095177
9800 -3831.25350381 622.53487104 0.402154 5.8915 0.788508 0.122756 0.070934
9900 -3822.69451201 644.29986196 0.416214 5.8915 0.788508 0.122756 0.093223
10000 -3818.93370488 655.86989725 0.423689 5.8592 0.792020 0.129303 0.082276
10100 -3819.38023921 646.09954162 0.417377 5.8592 0.792020 0.129303 -0.019891
10200 -3814.30577171 611.29015698 0.394890 5.8592 0.792020 0.129303 0.031874
10300 -3818.13656700 601.22933169 0.388391 5.8592 0.792020 0.129303 0.021009
10400 -3820.01663293 618.78270873 0.399730 5.8592 0.792020 0.129303 0.046546
10500 -3808.78324595 649.12488682 0.419331 5.8786 0.771232 0.127792 0.112826
10600 -3806.72783719 662.48749092 0.427963 5.8786 0.771232 0.127792 0.090242
10700 -3784.82539952 669.98976573 0.432810 5.8786 0.771232 0.127792 0.114282
10800 -3772.47291655 655.05779019 0.423164 5.8786 0.771232 0.127792 0.138944
10900 -3760.92946831 610.08478695 0.394112 5.8786 0.771232 0.127792 0.128482
11000 -3790.10430234 600.55829914 0.387958 5.8488 0.770276 0.133297 -0.020482
11100 -3799.09666572 624.59596413 0.403486 5.8488 0.770276 0.133297 -0.116839
11200 -3800.68596913 654.89113361 0.423056 5.8488 0.770276 0.133297 -0.061368
11300 -3783.72095333 615.27539503 0.397465 5.8488 0.770276 0.133297 -0.015104
11400 -3785.74733224 611.69061420 0.395149 5.8488 0.770276 0.133297 -0.007292
11500 -3797.77599087 632.19582972 0.408395 5.8643 0.759811 0.133420 -0.038863
11600 -3784.97985997 626.49717706 0.404714 5.8643 0.759811 0.133420 0.023626
11700 -3781.19975889 623.22674168 0.402601 5.8643 0.759811 0.133420 0.018695
11800 -3777.62904043 628.64874696 0.406104 5.8643 0.759811 0.133420 0.026331
11900 -3771.55001013 604.12396987 0.390261 5.8643 0.759811 0.133420 0.047490
12000 -3768.24254926 626.06610892 0.404435 5.8385 0.755987 0.137672 0.061434
12100 -3780.88973830 642.67614524 0.415165 5.8385 0.755987 0.137672 0.008816
12200 -3761.21961049 609.75496890 0.393899 5.8385 0.755987 0.137672 0.079679
12300 -3792.25902093 629.36787045 0.406568 5.8385 0.755987 0.137672 -0.069724
12400 -3788.73123335 614.10319106 0.396707 5.8385 0.755987 0.137672 -0.013855
12500 -3788.96615572 599.46755405 0.387253 5.8450 0.762445 0.133752 0.004035
12600 -3780.92741853 611.68105559 0.395143 5.8450 0.762445 0.133752 0.042157
12700 -3784.01361008 620.68968776 0.400962 5.8450 0.762445 0.133752 -0.042614
12800 -3787.46246759 621.17043900 0.401273 5.8450 0.762445 0.133752 0.009141
12900 -3793.45431971 604.59442428 0.390565 5.8450 0.762445 0.133752 -0.074334
13000 -3794.08621718 590.31569961 0.381341 5.8592 0.769490 0.133033 -0.030084
13100 -3800.13309510 626.07964471 0.404444 5.8592 0.769490 0.133033 0.003449
13200 -3780.65755576 642.83358651 0.415267 5.8592 0.769490 0.133033 0.039156
13300 -3776.44746392 645.29383017 0.416856 5.8592 0.769490 0.133033 -0.002125
13400 -3771.01591253 638.93127593 0.412746 5.8592 0.769490 0.133033 0.030097
13500 -3788.21630026 643.15467905 0.415475 5.8424 0.770014 0.135041 0.004034
13600 -3780.09436463 632.92612716 0.408867 5.8424 0.770014 0.135041 0.044099
13700 -3758.18502715 608.59957159 0.393152 5.8424 0.770014 0.135041 0.115249
13800 -3771.04077682 608.99347311 0.393407 5.8424 0.770014 0.135041 0.034863
13900 -3754.88656457 623.55816729 0.402815 5.8424 0.770014 0.135041 0.187849
14000 -3771.25681143 652.25657374 0.421354 5.8398 0.756641 0.137612 0.038649
14100 -3750.90920629 623.02715365 0.402472 5.8398 0.756641 0.137612 0.074340
14200 -3741.54732582 620.10001737 0.400581 5.8398 0.756641 0.137612 0.109861
14300 -3748.60686692 616.40299936 0.398193 5.8398 0.756641 0.137612 0.004743
14400 -3742.08778004 634.05170413 0.409594 5.8398 0.756641 0.137612 0.070049
14500 -3748.24298652 648.97432749 0.419234 5.8346 0.769068 0.139850 0.052775
14600 -3738.97663349 636.36723919 0.411090 5.8346 0.769068 0.139850 0.091050
14700 -3743.65936669 631.30480560 0.407820 5.8346 0.769068 0.139850 0.050871
14800 -3732.66895649 628.83436450 0.406224 5.8346 0.769068 0.139850 0.083003
14900 -3739.14372182 625.28021082 0.403928 5.8346 0.769068 0.139850 0.035578
15000 -3747.17263926 653.20410387 0.421966 5.8282 0.754927 0.137842 0.023302
15100 -3723.56054387 618.27305616 0.399401 5.8282 0.754927 0.137842 0.081322
15200 -3725.37898205 610.47119444 0.394361 5.8282 0.754927 0.137842 0.091636
15300 -3746.24861734 625.28526714 0.403931 5.8282 0.754927 0.137842 -0.038512
15400 -3755.38692526 594.20757478 0.383855 5.8282 0.754927 0.137842 -0.046526
15500 -3718.30674891 603.15553753 0.389635 5.8385 0.746637 0.141797 0.070770
15600 -3709.72164220 607.12658179 0.392201 5.8385 0.746637 0.141797 0.064646
15700 -3735.35390714 629.51848346 0.406666 5.8385 0.746637 0.141797 -0.044368
15800 -3720.97207833 607.23012180 0.392268 5.8385 0.746637 0.141797 0.009853
15900 -3722.29224323 619.50914123 0.400200 5.8385 0.746637 0.141797 0.037564
16000 -3709.45480201 592.92972264 0.383030 5.8307 0.727714 0.149240 0.024842
16100 -3726.76481172 637.27765140 0.411678 5.8307 0.727714 0.149240 -0.009679
16200 -3713.12765219 633.91025209 0.409503 5.8307 0.727714 0.149240 0.071630
16300 -3680.24607323 610.29124804 0.394245 5.8307 0.727714 0.149240 0.157812
16400 -3721.82283207 641.90983654 0.414670 5.8307 0.727714 0.149240 -0.028036
16500 -3713.10683128 624.27559521 0.403279 5.8463 0.733535 0.142555 -0.013197
16600 -3719.75259905 630.06245521 0.407017 5.8463 0.733535 0.142555 -0.001669
16700 -3718.57242539 630.39530470 0.407232 5.8463 0.733535 0.142555 0.036881
16800 -3710.69155833 623.44726097 0.402744 5.8463 0.733535 0.142555 0.023231
16900 -3709.40667500 629.91747399 0.406923 5.8463 0.733535 0.142555 0.030123
17000 -3707.41596542 635.13004099 0.410291 5.8333 0.735850 0.142804 0.072308
17100 -3727.42483833 640.23575730 0.413589 5.8333 0.735850 0.142804 -0.011325
17200 -3690.06291515 642.27444828 0.414906 5.8333 0.735850 0.142804 0.136725
17300 -3686.41393676 614.24094884 0.396796 5.8333 0.735850 0.142804 0.056923
17400 -3711.39917791 632.51838683 0.408604 5.8333 0.735850 0.142804 -0.046330
17500 -3692.40366472 627.49416191 0.405358 5.8062 0.715969 0.149488 0.069740
17600 -3683.70436036 622.14588348 0.401903 5.8062 0.715969 0.149488 0.097720
17700 -3707.16719231 620.87207783 0.401080 5.8062 0.715969 0.149488 -0.046616
17800 -3695.02477503 618.87516112 0.399790 5.8062 0.715969 0.149488 0.055881
17900 -3672.18421543 585.97194334 0.378535 5.8062 0.715969 0.149488 0.119402
18000 -3694.50138962 619.52937990 0.400213 5.7829 0.723720 0.151075 0.095620
18100 -3722.55219857 615.15889031 0.397389 5.7829 0.723720 0.151075 -0.051950
18200 -3684.90643722 616.51318059 0.398264 5.7829 0.723720 0.151075 0.041774
18300 -3688.14687299 630.65329386 0.407399 5.7829 0.723720 0.151075 0.047262
18400 -3695.50631214 618.38496415 0.399473 5.7829 0.723720 0.151075 -0.000424
18500 -3673.87541387 600.95147093 0.388212 5.7894 0.729395 0.153381 0.061572
18600 -3662.07755371 604.98063218 0.390814 5.7894 0.729395 0.153381 0.130266
18700 -3690.52295155 648.00479505 0.418608 5.7894 0.729395 0.153381 0.019871
18800 -3684.91288782 627.44876064 0.405329 5.7894 0.729395 0.153381 0.044272
18900 -3672.01679832 596.31824456 0.385219 5.7894 0.729395 0.153381 -0.014820
19000 -3698.74173309 616.91830199 0.398526 5.7959 0.722608 0.150689 -0.109810
19100 -3681.60136430 600.47277813 0.387902 5.7959 0.722608 0.150689 -0.010972
19200 -3671.91191981 614.16841294 0.396750 5.7959 0.722608 0.150689 0.059501
19300 -3654.78617793 581.93062201 0.375924 5.7959 0.722608 0.150689 0.098340
19400 -3672.57047617 620.28705894 0.400702 5.7959 0.722608 0.150689 0.012670
19500 -3674.96458725 605.90195207 0.391410 5.7700 0.710106 0.153102 -0.004486
19600 -3664.57020659 632.43297682 0.408548 5.7700 0.710106 0.153102 0.052690
19700 -3660.21666097 612.29608337 0.395540 5.7700 0.710106 0.153102 -0.022244
19800 -3659.94390055 620.78023213 0.401021 5.7700 0.710106 0.153102 -0.036665
19900 -3668.78724035 626.27959780 0.404573 5.7700 0.710106 0.153102 -0.042866
20000 -3670.69158162 619.52289986 0.400209 5.8075 0.710865 0.153655 -0.071149
20100 -3648.50964457 610.92840832 0.394657 5.8075 0.710865 0.153655 0.050951
20200 -3649.20302051 609.11171649 0.393483 5.8075 0.710865 0.153655 0.045282
20300 -3641.39642147 576.54704841 0.372446 5.8075 0.710865 0.153655 0.062406
20400 -3663.56903211 601.86206689 0.388800 5.8075 0.710865 0.153655 -0.056171
20500 -3642.09712656 608.03296693 0.392786 5.7752 0.718827 0.155175 0.131565
20600 -3650.96890879 622.99456692 0.402451 5.7752 0.718827 0.155175 0.085752
20700 -3631.96447829 593.98155902 0.383709 5.7752 0.718827 0.155175 0.111682
20800 -3624.31716730 590.35567009 0.381367 5.7752 0.718827 0.155175 0.173074
20900 -3644.74373141 626.89303786 0.404970 5.7752 0.718827 0.155175 0.024856
21000 -3623.68830620 603.12173332 0.389614 5.7584 0.695955 0.155760 0.036305
21100 -3648.68522973 608.60017289 0.393153 5.7584 0.695955 0.155760 -0.065449
21200 -3643.40026597 612.10240202 0.395415 5.7584 0.695955 0.155760 0.000077
21300 -3639.28084938 599.37101432 0.387191 5.7584 0.695955 0.155760 0.034215
21400 -3646.91134402 604.84831139 0.390729 5.7584 0.695955 0.155760 -0.019334
21500 -3634.38971139 618.84787995 0.399773 5.7416 0.707667 0.162343 -0.005738
21600 -3630.84590891 624.36551266 0.403337 5.7416 0.707667 0.162343 0.000539
21700 -3607.14495533 614.01162316 0.396648 5.7416 0.707667 0.162343 0.083324
21800 -3629.08099959 635.81269382 0.410732 5.7416 0.707667 0.162343 0.005056
21900 -3606.69906552 610.01972257 0.394070 5.7416 0.707667 0.162343 0.052934
22000 -3599.72411897 612.11295211 0.395422 5.7623 0.692250 0.161853 0.103595
22100 -3581.62085196 642.99422682 0.415371 5.7623 0.692250 0.161853 0.072544
22200 -3567.82060133 629.91447955 0.406921 5.7623 0.692250 0.161853 0.155808
22300 -3561.25276477 616.10190051 0.397999 5.7623 0.692250 0.161853 0.095757
22400 -3574.85113150 634.88901212 0.410135 5.7623 0.692250 0.161853 0.087781
22500 -3592.65686746 621.88875578 0.401737 5.7687 0.703510 0.158094 0.008665
22600 -3594.13602056 614.07522567 0.396689 5.7687 0.703510 0.158094 0.003559
22700 -3578.50050448 618.79023428 0.399735 5.7687 0.703510 0.158094 0.019067
22800 -3577.71466901 627.06125851 0.405078 5.7687 0.703510 0.158094 0.042665
22900 -3547.73634598 590.95747012 0.381755 5.7687 0.703510 0.158094 0.144578
23000 -3585.61342824 626.78633857 0.404901 5.7558 0.686081 0.162381 -0.037348
23100 -3562.13107278 620.16073619 0.400621 5.7558 0.686081 0.162381 0.091496
23200 -3574.48603221 607.11437409 0.392193 5.7558 0.686081 0.162381 0.075890
23300 -3588.03930795 616.35734166 0.398164 5.7558 0.686081 0.162381 -0.084782
23400 -3571.37918014 611.36281789 0.394937 5.7558 0.686081 0.162381 0.061365
23500 -3580.89131170 624.50314043 0.403426 5.7416 0.687251 0.161411 -0.057225
23600 -3562.06374169 590.42035882 0.381409 5.7416 0.687251 0.161411 0.004571
23700 -3570.71887289 613.29624520 0.396186 5.7416 0.687251 0.161411 0.073378
23800 -3567.98206221 616.75605647 0.398421 5.7416 0.687251 0.161411 0.037217
23900 -3603.10108697 625.78594344 0.404254 5.7416 0.687251 0.161411 -0.069936
24000 -3571.98794367 595.78278833 0.384873 5.7429 0.683922 0.160520 0.030012
24100 -3582.58977796 580.33945091 0.374896 5.7429 0.683922 0.160520 0.024834
24200 -3594.88241661 587.96127346 0.379820 5.7429 0.683922 0.160520 -0.030298
24300 -3582.28679247 612.50060266 0.395672 5.7429 0.683922 0.160520 0.025919
24400 -3595.29757779 640.81927325 0.413966 5.7429 0.683922 0.160520 0.002109
24500 -3574.90462747 605.22824306 0.390974 5.7700 0.688235 0.164013 -0.018934
24600 -3610.74025296 634.97510855 0.410191 5.7700 0.688235 0.164013 -0.097557
24700 -3560.28523820 614.47736079 0.396949 5.7700 0.688235 0.164013 0.133701
24800 -3563.13950915 614.28464581 0.396825 5.7700 0.688235 0.164013 0.056372
24900 -3552.06224726 608.56507095 0.393130 5.7700 0.688235 0.164013 0.073310
25000 -3541.57683548 580.88214656 0.375247 5.7339 0.674458 0.167393 0.101945
25100 -3560.75490431 608.32683775 0.392976 5.7339 0.674458 0.167393 0.035751
25200 -3537.17847480 602.39495790 0.389144 5.7339 0.674458 0.167393 0.151923
25300 -3542.89741722 627.69830867 0.405490 5.7339 0.674458 0.167393 0.111541
25400 -3540.31052933 624.09810205 0.403164 5.7339 0.674458 0.167393 0.036451
25500 -3555.02037733 644.17716480 0.416135 5.7416 0.666118 0.167238 -0.087559
25600 -3536.22912940 623.34974952 0.402681 5.7416 0.666118 0.167238 0.021400
25700 -3519.73116708 600.67922758 0.388036 5.7416 0.666118 0.167238 0.042726
25800 -3532.83369327 605.83276437 0.391365 5.7416 0.666118 0.167238 0.002594
25900 -3527.97689941 608.91296636 0.393355 5.7416 0.666118 0.167238 0.033437
26000 -3550.47985978 643.74741425 0.415858 5.7429 0.673970 0.166154 -0.035319
26100 -3525.80834892 618.70721256 0.399682 5.7429 0.673970 0.166154 0.054037
26200 -3501.85855482 632.15417450 0.408368 5.7429 0.673970 0.166154 0.146151
26300 -3512.32574686 617.79401198 0.399092 5.7429 0.673970 0.166154 0.060531
26400 -3497.73745443 625.26478692 0.403918 5.7429 0.673970 0.166154 0.092364
26500 -3489.16336665 615.99934538 0.397932 5.7287 0.651295 0.172327 0.102286
26600 -3482.89785749 628.90389067 0.406269 5.7287 0.651295 0.172327 0.131605
26700 -3476.48331913 618.18006224 0.399341 5.7287 0.651295 0.172327 0.084347
26800 -3472.17170871 621.97538767 0.401793 5.7287 0.651295 0.172327 -0.002851
26900 -3460.86569408 626.99020063 0.405032 5.7287 0.651295 0.172327 0.115334
27000 -3469.54753581 610.19810424 0.394185 5.7261 0.637742 0.175319 0.086924
27100 -3475.84351622 619.91708516 0.400463 5.7261 0.637742 0.175319 0.144602
27200 -3505.67114138 614.41508852 0.396909 5.7261 0.637742 0.175319 -0.007560
27300 -3505.80757421 620.93343606 0.401120 5.7261 0.637742 0.175319 -0.021589
27400 -3482.00221204 609.20145282 0.393541 5.7261 0.637742 0.175319 0.034431
27500 -3496.30399465 626.95811849 0.405012 5.6964 0.669149 0.175168 -0.024749
27600 -3472.73011200 631.47083119 0.407927 5.6964 0.669149 0.175168 0.111097
27700 -3476.73034340 631.54884351 0.407977 5.6964 0.669149 0.175168 0.018217
27800 -3469.74312991 628.57473447 0.406056 5.6964 0.669149 0.175168 0.006293
27900 -3465.75319951 617.76258732 0.399071 5.6964 0.669149 0.175168 0.023362
28000 -3447.35753482 596.69248093 0.385460 5.7300 0.638958 0.175982 0.056599
28100 -3445.02474113 596.99532325 0.385656 5.7300 0.638958 0.175982 0.124269
28200 -3471.96793426 631.89867422 0.408203 5.7300 0.638958 0.175982 -0.053272
28300 -3468.66186654 605.77397843 0.391327 5.7300 0.638958 0.175982 -0.087988
28400 -3452.76980018 605.52248383 0.391164 5.7300 0.638958 0.175982 0.005433
28500 -3456.45965928 619.47742839 0.400179 5.6783 0.646267 0.176692 0.061658
28600 -3453.01224822 619.62510980 0.400275 5.6783 0.646267 0.176692 0.040247
28700 -3449.96388860 633.92373213 0.409511 5.6783 0.646267 0.176692 0.062124
28800 -3435.35627210 627.51370077 0.405371 5.6783 0.646267 0.176692 0.165379
28900 -3423.93269037 646.97006403 0.417939 5.6783 0.646267 0.176692 0.082019
29000 -3439.07569588 631.19601150 0.407749 5.7222 0.634025 0.179202 -0.030773
29100 -3417.33063287 603.88454231 0.390106 5.7222 0.634025 0.179202 0.030827
29200 -3467.43935349 625.89016430 0.404322 5.7222 0.634025 0.179202 -0.114769
29300 -3456.83383395 604.68273387 0.390622 5.7222 0.634025 0.179202 0.009160
29400 -3441.06956542 633.03001892 0.408934 5.7222 0.634025 0.179202 0.035684
29500 -3438.05507600 624.85426900 0.403653 5.6680 0.641090 0.180373 0.020679
29600 -3412.72829688 626.54343138 0.404744 5.6680 0.641090 0.180373 0.146717
29700 -3437.22177527 646.99643616 0.417956 5.6680 0.641090 0.180373 0.046396
29800 -3415.88263130 631.40317980 0.407883 5.6680 0.641090 0.180373 0.047271
29900 -3412.92290743 640.45043173 0.413728 5.6680 0.641090 0.180373 0.108938
30000 -3406.66597873 617.65626788 0.399003 5.7377 0.611456 0.177935 0.069516
30100 -3381.68680094 605.29357252 0.391017 5.7377 0.611456 0.177935 0.147176
30200 -3407.14432083 619.80528793 0.400391 5.7377 0.611456 0.177935 0.048283
30300 -3396.47979722 623.37045985 0.402694 5.7377 0.611456 0.177935 0.061138
30400 -3401.27954621 635.47207212 0.410512 5.7377 0.611456 0.177935 0.029052
30500 -3422.26693017 626.90353299 0.404976 5.6654 0.642320 0.183351 -0.042743
30600 -3418.58002334 610.30011357 0.394251 5.6654 0.642320 0.183351 -0.014899
30700 -3409.33328351 600.50886808 0.387926 5.6654 0.642320 0.183351 0.048140
30800 -3413.50998670 608.67389028 0.393200 5.6654 0.642320 0.183351 0.021366
30900 -3425.76511028 616.80360093 0.398452 5.6654 0.642320 0.183351 -0.032391
31000 -3412.46435534 621.22847991 0.401310 5.6667 0.650496 0.179759 0.088336
31100 -3435.08193090 616.04518916 0.397962 5.6667 0.650496 0.179759 0.010402
31200 -3424.35130512 618.17991491 0.399341 5.6667 0.650496 0.179759 -0.024665
31300 -3406.27229364 600.06840549 0.387641 5.6667 0.650496 0.179759 0.126008
31400 -3414.23688091 603.13690801 0.389623 5.6667 0.650496 0.179759 0.089943
31500 -3416.03825381 603.01687238 0.389546 5.6525 0.634575 0.185675 0.066757
31600 -3406.50781959 618.68038543 0.399664 5.6525 0.634575 0.185675 0.133691
31700 -3407.05987275 613.79823439 0.396510 5.6525 0.634575 0.185675 0.012277
31800 -3410.70371139 619.42686445 0.400147 5.6525 0.634575 0.185675 0.006230
31900 -3414.17153854 621.25867997 0.401330 5.6525 0.634575 0.185675 -0.076412
32000 -3408.76617888 624.08424166 0.403155 5.6925 0.633837 0.177164 -0.070874
32100 -3407.89992465 586.58422290 0.378930 5.6925 0.633837 0.177164 -0.003396
32200 -3419.46286209 614.65397280 0.397063 5.6925 0.633837 0.177164 0.023935
32300 -3423.13565614 619.04147041 0.399898 5.6925 0.633837 0.177164 -0.011812
32400 -3417.25789950 608.71188392 0.393225 5.6925 0.633837 0.177164 0.019802
32500 -3397.30261965 624.68839152 0.403545 5.6912 0.628261 0.185850 0.057369
32600 -3405.65861893 612.42005090 0.395620 5.6912 0.628261 0.185850 -0.028232
32700 -3410.35709151 616.35399267 0.398161 5.6912 0.628261 0.185850 -0.053245
32800 -3408.16641547 601.46079665 0.388541 5.6912 0.628261 0.185850 0.007665
32900 -3414.29377942 615.54796187 0.397641 5.6912 0.628261 0.185850 -0.024933
33000 -3415.06532870 607.27170853 0.392294 5.6757 0.639155 0.178697 -0.047710
33100 -3409.11665302 623.32626552 0.402666 5.6757 0.639155 0.178697 -0.013590
33200 -3436.07811927 627.74012610 0.405517 5.6757 0.639155 0.178697 -0.107313
33300 -3440.72316845 607.77644832 0.392620 5.6757 0.639155 0.178697 -0.072005
33400 -3441.99840652 639.90888574 0.413378 5.6757 0.639155 0.178697 -0.044601
33500 -3415.60088946 625.11865185 0.403823 5.7080 0.629148 0.175567 -0.003855
33600 -3416.65580791 614.48089697 0.396951 5.7080 0.629148 0.175567 0.038707
33700 -3415.19422954 627.70075515 0.405491 5.7080 0.629148 0.175567 0.029445
33800 -3388.69614000 615.75821274 0.397777 5.7080 0.629148 0.175567 0.076483
33900 -3417.84117459 628.97695388 0.406316 5.7080 0.629148 0.175567 -0.020393
34000 -3404.85288029 614.68954334 0.397086 5.7003 0.635352 0.174196 0.048220
34100 -3417.84562793 612.88452225 0.395920 5.7003 0.635352 0.174196 -0.031972
34200 -3416.11598796 628.00924481 0.405691 5.7003 0.635352 0.174196 -0.080164
34300 -3401.69576630 615.00639946 0.397291 5.7003 0.635352 0.174196 0.011769
34400 -3408.92484078 624.81842725 0.403629 5.7003 0.635352 0.174196 -0.066649
34500 -3400.25233353 581.61862804 0.375723 5.6938 0.607023 0.187129 -0.046818
34600 -3398.16503220 607.19607016 0.392246 5.6938 0.607023 0.187129 0.047965
34700 -3401.41103259 613.51345784 0.396327 5.6938 0.607023 0.187129 0.002586
34800 -3419.25369632 601.41901244 0.388514 5.6938 0.607023 0.187129 -0.044925
34900 -3423.36096033 610.79707605 0.394572 5.6938 0.607023 0.187129 -0.045500
35000 -3424.94345010 622.20178676 0.401939 5.6938 0.632055 0.178872 0.010721
35100 -3422.82531889 617.00691857 0.398583 5.6938 0.632055 0.178872 -0.024570
35200 -3428.25492405 614.01516648 0.396651 5.6938 0.632055 0.178872 -0.033801
35300 -3435.56524488 620.53919619 0.400865 5.6938 0.632055 0.178872 -0.035257
35400 -3436.57614067 622.36959275 0.402048 5.6938 0.632055 0.178872 -0.024441
35500 -3433.16144778 611.32366061 0.394912 5.6731 0.633782 0.181365 -0.028519
35600 -3423.62348388 601.99863529 0.388888 5.6731 0.633782 0.181365 0.085760
35700 -3445.11680375 636.67406795 0.411288 5.6731 0.633782 0.181365 -0.004805
35800 -3441.69013181 635.44849356 0.410496 5.6731 0.633782 0.181365 -0.014227
35900 -3448.14488536 616.87081062 0.398495 5.6731 0.633782 0.181365 -0.020240
36000 -3428.60805731 606.94519569 0.392083 5.6873 0.632077 0.180568 0.051860
36100 -3441.06124903 596.22449368 0.385158 5.6873 0.632077 0.180568 0.036617
36200 -3435.88713787 584.28351207 0.377444 5.6873 0.632077 0.180568 -0.006974
36300 -3446.15177666 617.12396304 0.398659 5.6873 0.632077 0.180568 -0.030163
36400 -3428.48739661 603.65156019 0.389956 5.6873 0.632077 0.180568 -0.014676
36500 -3445.32463679 632.78705619 0.408777 5.6822 0.644328 0.179075 -0.093662
36600 -3437.57630931 617.11775038 0.398655 5.6822 0.644328 0.179075 -0.082640
36700 -3433.47134082 608.02225560 0.392779 5.6822 0.644328 0.179075 -0.043246
36800 -3448.33708481 607.39518681 0.392374 5.6822 0.644328 0.179075 0.002904
36900 -3463.51553332 616.90001690 0.398514 5.6822 0.644328 0.179075 -0.038313
37000 -3458.39258734 609.02406994 0.393426 5.6641 0.651992 0.178416 -0.050955
37100 -3452.48384100 631.20181128 0.407753 5.6641 0.651992 0.178416 0.037489
37200 -3432.94484335 634.35951903 0.409793 5.6641 0.651992 0.178416 0.090771
37300 -3438.25571073 624.70384116 0.403555 5.6641 0.651992 0.178416 -0.027130
37400 -3451.20840437 610.97134067 0.394684 5.6641 0.651992 0.178416 -0.037196
37500 -3440.82244628 605.49040527 0.391144 5.6499 0.644978 0.182851 0.005425
37600 -3434.83770075 614.17486894 0.396754 5.6499 0.644978 0.182851 0.017030
37700 -3438.20629213 605.90601961 0.391412 5.6499 0.644978 0.182851 0.012795
37800 -3436.35449061 597.14999667 0.385756 5.6499 0.644978 0.182851 -0.070870
37900 -3425.69367025 611.47783451 0.395012 5.6499 0.644978 0.182851 -0.032150
38000 -3443.17222662 604.57880109 0.390555 5.7041 0.639560 0.177657 -0.087500
38100 -3463.52563621 612.63514169 0.395759 5.7041 0.639560 0.177657 -0.136103
38200 -3434.04142118 609.14166104 0.393502 5.7041 0.639560 0.177657 -0.019195
38300 -3441.12607492 602.02876766 0.388907 5.7041 0.639560 0.177657 -0.161363
38400 -3424.23044583 606.95124442 0.392087 5.7041 0.639560 0.177657 -0.003075
38500 -3450.69847737 620.24737660 0.400677 5.6848 0.643342 0.177964 0.034541
38600 -3449.80435268 625.96994802 0.404373 5.6848 0.643342 0.177964 0.049954
38700 -3434.74660399 621.38082078 0.401409 5.6848 0.643342 0.177964 0.069167
38800 -3444.17196291 625.46004151 0.404044 5.6848 0.643342 0.177964 0.042346
38900 -3443.08252043 641.84754315 0.414630 5.6848 0.643342 0.177964 0.077482
39000 -3451.97375206 649.80010021 0.419768 5.7145 0.637890 0.171429 -0.092738
39100 -3444.34711954 615.73174394 0.397760 5.7145 0.637890 0.171429 -0.075100
39200 -3441.36428104 598.21556446 0.386444 5.7145 0.637890 0.171429 -0.109993
39300 -3456.74830588 630.24226293 0.407133 5.7145 0.637890 0.171429 -0.059176
39400 -3428.95949552 615.63317796 0.397696 5.7145 0.637890 0.171429 0.051965
39500 -3457.63585719 626.04564246 0.404422 5.6848 0.640329 0.181958 -0.042547
39600 -3448.05601596 612.63765258 0.395761 5.6848 0.640329 0.181958 0.061521
39700 -3434.61838075 581.23893773 0.375477 5.6848 0.640329 0.181958 0.042438
39800 -3443.25886405 619.46632271 0.400172 5.6848 0.640329 0.181958 -0.020241
39900 -3420.05387196 624.77619939 0.403602 5.6848 0.640329 0.181958 0.083117
40000 -3414.89623549 630.39858513 0.407234 5.7067 0.628653 0.178514 0.061023
40100 -3403.75550480 613.19988371 0.396124 5.7067 0.628653 0.178514 0.049927
40200 -3410.77420251 624.50457426 0.403427 5.7067 0.628653 0.178514 0.037315
40300 -3407.09451384 627.94206843 0.405647 5.7067 0.628653 0.178514 0.071836
40400 -3412.60121268 615.34345770 0.397509 5.7067 0.628653 0.178514 -0.000026
40500 -3426.74473933 591.76013670 0.382274 5.6680 0.641453 0.182879 0.078082
40600 -3424.10018594 590.60135892 0.381525 5.6680 0.641453 0.182879 0.043044
40700 -3424.48763405 598.80229943 0.386823 5.6680 0.641453 0.182879 0.082283
40800 -3422.84852628 616.03678076 0.397957 5.6680 0.641453 0.182879 0.074510
40900 -3435.82002612 635.69725773 0.410657 5.6680 0.641453 0.182879 0.013815
41000 -3423.71063473 600.13554365 0.387684 5.7003 0.629774 0.175851 0.054384
41100 -3417.90088460 604.42054456 0.390453 5.7003 0.629774 0.175851 0.056334
41200 -3416.85787341 595.21159844 0.384504 5.7003 0.629774 0.175851 0.013005
41300 -3424.89321090 646.40112436 0.417572 5.7003 0.629774 0.175851 0.105243
41400 -3432.83937577 632.44995454 0.408559 5.7003 0.629774 0.175851 0.087859
41500 -3445.82814172 615.40991127 0.397552 5.6822 0.644286 0.172040 0.051812
41600 -3413.70566800 605.06398059 0.390868 5.6822 0.644286 0.172040 0.088688
41700 -3397.08964554 603.46927173 0.389838 5.6822 0.644286 0.172040 0.063886
41800 -3404.35517794 618.10515415 0.399293 5.6822 0.644286 0.172040 0.047263
41900 -3393.89820753 605.41234198 0.391093 5.6822 0.644286 0.172040 0.046008
42000 -3405.51897220 618.43422062 0.399505 5.6512 0.623276 0.184451 0.013338
42100 -3404.10532053 606.83510447 0.392012 5.6512 0.623276 0.184451 -0.050943
42200 -3378.88162649 608.02366708 0.392780 5.6512 0.623276 0.184451 0.113809
42300 -3406.05969604 632.43942905 0.408553 5.6512 0.623276 0.184451 -0.026602
42400 -3389.52747564 630.16555617 0.407084 5.6512 0.623276 0.184451 0.035068
42500 -3383.90513555 624.03593870 0.403124 5.6641 0.632830 0.181081 -0.007402
42600 -3395.66840589 629.78579124 0.406838 5.6641 0.632830 0.181081 -0.043630
42700 -3389.95363289 630.71447064 0.407438 5.6641 0.632830 0.181081 -0.047066
42800 -3398.01705451 632.53003344 0.408611 5.6641 0.632830 0.181081 -0.016183
42900 -3430.36029838 641.99700994 0.414727 5.6641 0.632830 0.181081 -0.111761
43000 -3401.50851498 635.87732080 0.410773 5.6693 0.645167 0.177572 -0.001797
43100 -3401.17489929 617.90428452 0.399163 5.6693 0.645167 0.177572 0.021365
43200 -3392.85054189 630.32856676 0.407189 5.6693 0.645167 0.177572 0.052804
43300 -3397.69357552 614.27399458 0.396818 5.6693 0.645167 0.177572 0.006965
43400 -3388.63834006 621.61077997 0.401557 5.6693 0.645167 0.177572 -0.027099
43500 -3395.15443522 629.97069304 0.406958 5.6693 0.626210 0.184696 -0.074305
43600 -3396.25659442 597.03793331 0.385683 5.6693 0.626210 0.184696 -0.096922
43700 -3413.70400047 599.66511913 0.387381 5.6693 0.626210 0.184696 -0.099150
43800 -3423.66699501 625.34508300 0.403970 5.6693 0.626210 0.184696 -0.170736
43900 -3417.40009292 623.57332477 0.402825 5.6693 0.626210 0.184696 -0.090216
44000 -3405.14013252 624.63894722 0.403514 5.6873 0.640240 0.173452 0.039011
44100 -3400.02708532 629.42598253 0.406606 5.6873 0.640240 0.173452 -0.008611
44200 -3369.47358468 584.44199333 0.377547 5.6873 0.640240 0.173452 0.190319
44300 -3412.37160413 632.65291180 0.408691 5.6873 0.640240 0.173452 0.021099
44400 -3382.98260940 632.51381360 0.408601 5.6873 0.640240 0.173452 0.063954
44500 -3402.16339527 645.06647419 0.416710 5.6744 0.649064 0.177887 0.083682
44600 -3407.89430418 620.83087946 0.401054 5.6744 0.649064 0.177887 0.008886
44700 -3393.41574721 646.54246726 0.417663 5.6744 0.649064 0.177887 -0.029296
44800 -3387.40566793 628.35896021 0.405917 5.6744 0.649064 0.177887 -0.019366
44900 -3404.42026311 623.24215643 0.402611 5.6744 0.649064 0.177887 -0.063676
45000 -3395.84132819 596.57614056 0.385385 5.6667 0.633640 0.183068 -0.010919
45100 -3411.80960260 633.78667923 0.409423 5.6667 0.633640 0.183068 0.081406
45200 -3395.77210568 618.18265824 0.399343 5.6667 0.633640 0.183068 0.041869
45300 -3366.24673068 606.74574698 0.391955 5.6667 0.633640 0.183068 0.030688
45400 -3397.24063885 614.14552680 0.396735 5.6667 0.633640 0.183068 -0.025221
45500 -3382.34058236 627.13697072 0.405127 5.6654 0.623803 0.183915 0.034750
45600 -3405.66788667 637.31796814 0.411704 5.6654 0.623803 0.183915 -0.022630
45700 -3395.52928983 623.31535698 0.402658 5.6654 0.623803 0.183915 0.026125
45800 -3393.24004096 627.23664223 0.405192 5.6654 0.623803 0.183915 -0.006412
45900 -3410.27059370 620.69193710 0.400964 5.6654 0.623803 0.183915 -0.074147
46000 -3435.57143980 601.31230211 0.388445 5.6873 0.645827 0.177488 -0.128394
46100 -3432.45702231 601.07402122 0.388291 5.6873 0.645827 0.177488 -0.076270
46200 -3416.77380155 633.40262439 0.409175 5.6873 0.645827 0.177488 -0.051474
46300 -3435.25867160 605.88699981 0.391400 5.6873 0.645827 0.177488 -0.075082
46400 -3438.90292422 600.79863605 0.388113 5.6873 0.645827 0.177488 -0.095672
46500 -3448.24755629 603.27407650 0.389712 5.6641 0.665639 0.174874 -0.095832
46600 -3425.66727775 593.77977372 0.383579 5.6641 0.665639 0.174874 0.013171
46700 -3397.08344858 598.64165683 0.386719 5.6641 0.665639 0.174874 0.120978
46800 -3441.11708801 641.77979472 0.414586 5.6641 0.665639 0.174874 -0.132130
46900 -3415.13271567 612.52274893 0.395687 5.6641 0.665639 0.174874 0.031911
47000 -3407.37523209 629.24823579 0.406491 5.6912 0.634744 0.180842 0.136102
47100 -3410.89022684 624.83155866 0.403638 5.6912 0.634744 0.180842 0.103433
47200 -3416.26779002 604.25661139 0.390347 5.6912 0.634744 0.180842 0.152717
47300 -3430.24642020 615.64563261 0.397704 5.6912 0.634744 0.180842 0.014970
47400 -3434.66368198 601.74367166 0.388723 5.6912 0.634744 0.180842 -0.051334
47500 -3425.00014221 608.39205577 0.393018 5.7132 0.629405 0.176477 -0.084121
47600 -3446.35513820 623.92810633 0.403054 5.7132 0.629405 0.176477 -0.067749
47700 -3419.35539649 625.52907183 0.404089 5.7132 0.629405 0.176477 -0.020227
47800 -3412.79810418 613.35127886 0.396222 5.7132 0.629405 0.176477 0.011808
47900 -3414.27912828 627.49310251 0.405357 5.7132 0.629405 0.176477 0.042808
48000 -3432.95687309 605.46337847 0.391126 5.6667 0.655865 0.177142 -0.042349
48100 -3417.60382247 610.98660025 0.394694 5.6667 0.655865 0.177142 -0.013074
48200 -3428.39434836 613.65728950 0.396419 5.6667 0.655865 0.177142 0.016918
48300 -3428.94004950 618.85851888 0.399779 5.6667 0.655865 0.177142 0.068359
48400 -3433.89072403 622.45871449 0.402105 5.6667 0.655865 0.177142 -0.050879
48500 -3413.21666371 611.84113157 0.395246 5.6693 0.639508 0.179906 0.080946
48600 -3429.94736329 622.09780844 0.401872 5.6693 0.639508 0.179906 -0.019186
48700 -3421.00519176 602.69986698 0.389341 5.6693 0.639508 0.179906 0.108699
48800 -3416.99915214 615.32694240 0.397498 5.6693 0.639508 0.179906 -0.017179
48900 -3416.49814321 628.73545020 0.406160 5.6693 0.639508 0.179906 0.061383
49000 -3429.96278779 604.82990574 0.390717 5.6628 0.648359 0.176341 -0.064311
49100 -3423.31786909 587.73289233 0.379672 5.6628 0.648359 0.176341 0.006951
49200 -3434.78224922 634.84546090 0.410107 5.6628 0.648359 0.176341 -0.025228
49300 -3417.50128950 601.65931949 0.388669 5.6628 0.648359 0.176341 0.050406
49400 -3445.30884330 637.11246556 0.411571 5.6628 0.648359 0.176341 -0.079265
49500 -3420.63221728 614.70951042 0.397099 5.7145 0.629328 0.172964 0.000881
49600 -3427.43601835 603.94294429 0.390144 5.7145 0.629328 0.172964 -0.021981
49700 -3401.30188533 629.03787847 0.406355 5.7145 0.629328 0.172964 0.088040
49800 -3422.17345922 618.79710220 0.399740 5.7145 0.629328 0.172964 0.005906
49900 -3417.68479795 587.96884130 0.379825 5.7145 0.629328 0.172964 -0.004879
50000 -3430.39836843 615.57891233 0.397661 5.6693 0.645222 0.180297 -0.007015
50100 -3439.49485810 616.27801590 0.398112 5.6693 0.645222 0.180297 -0.096648
50200 -3427.81851920 598.99538799 0.386948 5.6693 0.645222 0.180297 -0.006877
50300 -3421.06480895 604.60710894 0.390573 5.6693 0.645222 0.180297 0.010788
50400 -3407.30934668 610.77626888 0.394558 5.6693 0.645222 0.180297 0.017679
50500 -3410.96857683 619.24606833 0.400030 5.6809 0.635860 0.179718 0.014176
50600 -3429.44949929 624.28911844 0.403288 5.6809 0.635860 0.179718 0.009858
50700 -3440.35318661 617.85791454 0.399133 5.6809 0.635860 0.179718 -0.020511
50800 -3413.26720302 591.73487708 0.382258 5.6809 0.635860 0.179718 0.066297
50900 -3419.85215257 565.05740866 0.365024 5.6809 0.635860 0.179718 0.010447
51000 -3441.28798653 599.83278890 0.387489 5.6744 0.662516 0.170145 -0.030517
51100 -3446.77985677 639.44192150 0.413076 5.6744 0.662516 0.170145 -0.071528
51200 -3416.68322993 640.03008647 0.413456 5.6744 0.662516 0.170145 0.035002
51300 -3391.91632870 631.14166424 0.407714 5.6744 0.662516 0.170145 0.066523
51400 -3410.05830950 645.68253044 0.417108 5.6744 0.662516 0.170145 -0.047258
51500 -3403.14193669 628.04317464 0.405713 5.7054 0.633165 0.181412 0.054107
51600 -3419.83485871 630.50142341 0.407301 5.7054 0.633165 0.181412 -0.157658
51700 -3406.62155178 604.54956081 0.390536 5.7054 0.633165 0.181412 -0.054913
51800 -3406.56110353 624.70078585 0.403553 5.7054 0.633165 0.181412 -0.010961
51900 -3406.35332334 611.42741229 0.394979 5.7054 0.633165 0.181412 0.023481
52000 -3388.81784852 610.23835854 0.394211 5.6964 0.620852 0.182432 0.041831
52100 -3383.86233969 621.17662492 0.401277 5.6964 0.620852 0.182432 -0.029816
52200 -3372.53203475 597.35964542 0.385891 5.6964 0.620852 0.182432 0.053767
52300 -3398.26007770 620.96539671 0.401140 5.6964 0.620852 0.182432 -0.014338
52400 -3382.32316845 612.34723069 0.395573 5.6964 0.620852 0.182432 0.014997
52500 -3387.63554432 618.74306831 0.399705 5.6964 0.619832 0.185023 -0.034420
52600 -3391.05780344 609.55454884 0.393769 5.6964 0.619832 0.185023 -0.077073
52700 -3413.24719882 628.94004934 0.406292 5.6964 0.619832 0.185023 -0.035078
52800 -3422.43510840 621.61948957 0.401563 5.6964 0.619832 0.185023 -0.102056
52900 -3395.78024721 625.69940557 0.404199 5.6964 0.619832 0.185023 -0.062207
53000 -3398.24332230 638.72945755 0.412616 5.7300 0.617320 0.180311 -0.081021
53100 -3398.46374268 664.65480813 0.429364 5.7300 0.617320 0.180311 -0.028422
53200 -3400.93079874 648.72950203 0.419076 5.7300 0.617320 0.180311 -0.048037
53300 -3376.67559184 638.28557216 0.412329 5.7300 0.617320 0.180311 0.131845
53400 -3402.07914420 615.92653689 0.397885 5.7300 0.617320 0.180311 -0.094421
53500 -3402.75504525 635.42949851 0.410484 5.6886 0.623989 0.178763 -0.073905
53600 -3389.19089716 595.32905932 0.384579 5.6886 0.623989 0.178763 -0.006796
53700 -3383.14390077 626.30319867 0.404589 5.6886 0.623989 0.178763 0.028212
53800 -3400.41361526 604.10123459 0.390246 5.6886 0.623989 0.178763 -0.002751
53900 -3415.32219460 610.86642577 0.394617 5.6886 0.623989 0.178763 -0.073407
54000 -3414.74076786 645.27766992 0.416846 5.6835 0.625060 0.173907 0.012787
54100 -3408.09968159 607.94547525 0.392730 5.6835 0.625060 0.173907 0.031857
54200 -3404.69575244 611.27010310 0.394877 5.6835 0.625060 0.173907 -0.000485
54300 -3401.33683083 596.50724409 0.385341 5.6835 0.625060 0.173907 -0.033333
54400 -3403.05183809 616.00833609 0.397938 5.6835 0.625060 0.173907 -0.024751
54500 -3405.35202601 622.97998207 0.402442 5.6680 0.629362 0.183151 0.047484
54600 -3417.02187645 634.13645399 0.409649 5.6680 0.629362 0.183151 0.018064
54700 -3401.07073107 624.18919077 0.403223 5.6680 0.629362 0.183151 -0.000946
54800 -3394.15373116 638.08818509 0.412202 5.6680 0.629362 0.183151 0.100280
54900 -3380.91918060 620.67550684 0.400953 5.6680 0.629362 0.183151 0.166376
55000 -3401.00508380 638.81890050 0.412674 5.6977 0.628960 0.180377 0.084088
55100 -3411.68987920 605.78240935 0.391332 5.6977 0.628960 0.180377 0.021371
55200 -3391.92918640 617.43778525 0.398862 5.6977 0.628960 0.180377 0.076955
55300 -3411.99750329 651.69754306 0.420993 5.6977 0.628960 0.180377 -0.008928
55400 -3386.10703595 621.88609084 0.401735 5.6977 0.628960 0.180377 0.060066
55500 -3388.13614318 611.32649690 0.394914 5.6525 0.628550 0.182514 0.087311
55600 -3410.95977594 617.11555969 0.398653 5.6525 0.628550 0.182514 -0.083392
55700 -3397.11641283 612.24488691 0.395507 5.6525 0.628550 0.182514 -0.038926
55800 -3387.16504943 624.03490317 0.403123 5.6525 0.628550 0.182514 0.015429
55900 -3414.61994456 673.08675234 0.434811 5.6525 0.628550 0.182514 -0.047493
56000 -3399.30701390 647.90531598 0.418543 5.7274 0.608201 0.177941 -0.035765
56100 -3382.50120433 620.57499965 0.400888 5.7274 0.608201 0.177941 0.064742
56200 -3405.52975460 642.92364280 0.415325 5.7274 0.608201 0.177941 -0.026034
56300 -3373.26449054 613.09004238 0.396053 5.7274 0.608201 0.177941 0.094440
56400 -3375.23938158 634.78153158 0.410066 5.7274 0.608201 0.177941 0.001097
56500 -3361.72111652 621.69121716 0.401609 5.6990 0.609769 0.183486 0.110229
56600 -3377.23423173 642.97341846 0.415358 5.6990 0.609769 0.183486 0.047817
56700 -3381.99259009 607.40627108 0.392381 5.6990 0.609769 0.183486 -0.035835
56800 -3397.33214882 616.55312399 0.398290 5.6990 0.609769 0.183486 -0.056268
56900 -3382.26978855 603.22841069 0.389682 5.6990 0.609769 0.183486 -0.114939
57000 -3406.53481161 617.34438541 0.398801 5.7132 0.626068 0.176562 -0.141930
57100 -3378.58857010 640.70088853 0.413889 5.7132 0.626068 0.176562 0.123888
57200 -3399.04894162 594.24861528 0.383882 5.7132 0.626068 0.176562 -0.036673
57300 -3399.57548688 624.17261868 0.403212 5.7132 0.626068 0.176562 -0.048846
57400 -3397.17303877 624.75766574 0.403590 5.7132 0.626068 0.176562 -0.023173
57500 -3389.80141525 599.41205263 0.387217 5.6654 0.630421 0.183255 -0.011562
57600 -3423.25713926 617.95813432 0.399198 5.6654 0.630421 0.183255 -0.066418
57700 -3383.18014294 607.26521322 0.392290 5.6654 0.630421 0.183255 0.101912
57800 -3403.94557775 610.83361817 0.394595 5.6654 0.630421 0.183255 -0.005147
57900 -3409.55927220 642.14213268 0.414820 5.6654 0.630421 0.183255 0.046632
58000 -3408.63836883 623.07122138 0.402501 5.6512 0.630832 0.187265 -0.047776
58100 -3391.54090139 613.10552817 0.396063 5.6512 0.630832 0.187265 0.039164
58200 -3389.93541113 606.88046137 0.392042 5.6512 0.630832 0.187265 0.089910
58300 -3412.62486056 659.04254174 0.425738 5.6512 0.630832 0.187265 -0.013136
58400 -3385.54773366 602.40814521 0.389153 5.6512 0.630832 0.187265 0.093510
58500 -3379.39728123 610.93854008 0.394663 5.6718 0.625959 0.180701 0.029530
58600 -3379.51831759 612.36352229 0.395584 5.6718 0.625959 0.180701 0.066173
58700 -3383.50254210 611.51874070 0.395038 5.6718 0.625959 0.180701 0.025530
58800 -3400.85723630 623.03932836 0.402480 5.6718 0.625959 0.180701 -0.043728
58900 -3380.31547609 623.37056237 0.402694 5.6718 0.625959 0.180701 0.000566
59000 -3385.14619953 610.36828550 0.394295 5.6848 0.623420 0.179325 0.091680
59100 -3394.22486107 577.00438651 0.372742 5.6848 0.623420 0.179325 0.018416
59200 -3413.04189598 653.51056553 0.422164 5.6848 0.623420 0.179325 -0.059034
59300 -3366.65597595 610.40931890 0.394321 5.6848 0.623420 0.179325 0.093687
59400 -3379.19028670 626.17519973 0.404506 5.6848 0.623420 0.179325 0.010025
59500 -3366.58965854 622.74896683 0.402293 5.7080 0.607001 0.181851 0.048956
59600 -3375.15039257 615.19750231 0.397414 5.7080 0.607001 0.181851 -0.028759
59700 -3372.73085777 633.74066397 0.409393 5.7080 0.607001 0.181851 0.064328
59800 -3406.89965598 651.57364694 0.420913 5.7080 0.607001 0.181851 -0.058128
59900 -3356.15489729 632.20231355 0.408399 5.7080 0.607001 0.181851 0.144806
60000 -3348.95344628 640.09727497 0.413500 5.6731 0.600199 0.184277 0.198438
60100 -3348.83060323 636.13480507 0.410940 5.6731 0.600199 0.184277 0.102063
60200 -3352.31474141 625.13239935 0.403832 5.6731 0.600199 0.184277 0.104046
60300 -3403.10277013 609.71468876 0.393873 5.6731 0.600199 0.184277 -0.153292
60400 -3407.68020104 604.67347697 0.390616 5.6731 0.600199 0.184277 -0.062180
60500 -3395.42333992 609.41250691 0.393677 5.6899 0.620244 0.181310 -0.035740
60600 -3394.05042037 606.65062544 0.391893 5.6899 0.620244 0.181310 -0.079840
60700 -3391.77403627 638.02112855 0.412158 5.6899 0.620244 0.181310 0.031683
60800 -3389.94353106 644.13816942 0.416110 5.6899 0.620244 0.181310 0.069049
60900 -3394.95778189 627.43843725 0.405322 5.6899 0.620244 0.181310 0.033658
61000 -3380.48120537 620.30825906 0.400716 5.7016 0.613438 0.178662 0.080519
61100 -3388.48703356 603.23573168 0.389687 5.7016 0.613438 0.178662 0.044928
61200 -3416.98185120 602.87371045 0.389453 5.7016 0.613438 0.178662 -0.038291
61300 -3413.69844121 596.79304197 0.385525 5.7016 0.613438 0.178662 -0.048989
61400 -3416.70208408 594.91908316 0.384315 5.7016 0.613438 0.178662 -0.038040
61500 -3388.88715239 600.96700277 0.388222 5.6873 0.621975 0.181798 -0.007986
61600 -3391.75602353 615.14641367 0.397381 5.6873 0.621975 0.181798 0.044425
61700 -3409.29920392 625.55551542 0.404106 5.6873 0.621975 0.181798 0.019347
61800 -3409.05257657 626.37328834 0.404634 5.6873 0.621975 0.181798 0.044895
61900 -3391.87277971 634.55358488 0.409918 5.6873 0.621975 0.181798 0.064742
62000 -3381.31152955 636.82953225 0.411389 5.6744 0.632228 0.182504 0.036077
62100 -3387.85365588 659.64023369 0.426124 5.6744 0.632228 0.182504 -0.075892
62200 -3380.57675251 631.80526776 0.408143 5.6744 0.632228 0.182504 0.035498
62300 -3393.95729611 618.94430798 0.399835 5.6744 0.632228 0.182504 -0.141712
62400 -3375.93225841 581.66281530 0.375751 5.6744 0.632228 0.182504 -0.056006
62500 -3406.63494682 599.56678527 0.387317 5.6705 0.633364 0.184771 -0.087011
62600 -3410.53889778 585.76419834 0.378401 5.6705 0.633364 0.184771 -0.071960
62700 -3408.56091791 618.64368061 0.399641 5.6705 0.633364 0.184771 0.002839
62800 -3407.74917645 628.46162863 0.405983 5.6705 0.633364 0.184771 0.089175
62900 -3420.76688416 610.63505028 0.394467 5.6705 0.633364 0.184771 -0.119140
63000 -3408.51038843 597.64156923 0.386073 5.7093 0.631718 0.170854 0.006709
63100 -3407.75656236 602.45303901 0.389182 5.7093 0.631718 0.170854 -0.035642
63200 -3396.72208585 619.90163209 0.400453 5.7093 0.631718 0.170854 0.010497
63300 -3385.66791249 615.03873015 0.397312 5.7093 0.631718 0.170854 -0.005207
63400 -3390.53599627 626.54582276 0.404745 5.7093 0.631718 0.170854 0.028961
63500 -3382.35713237 605.71101984 0.391286 5.6628 0.622130 0.189486 0.098625
63600 -3405.08130947 627.71965733 0.405504 5.6628 0.622130 0.189486 0.003072
63700 -3411.51192164 629.59894218 0.406718 5.6628 0.622130 0.189486 -0.023972
63800 -3399.36031521 612.31952074 0.395555 5.6628 0.622130 0.189486 0.016742
63900 -3408.86842672 586.79314609 0.379065 5.6628 0.622130 0.189486 -0.064743
64000 -3407.86398512 620.46197625 0.400815 5.7119 0.635444 0.175712 -0.027413
64100 -3407.79803651 612.44572865 0.395637 5.7119 0.635444 0.175712 -0.028050
64200 -3418.87306409 624.85960948 0.403656 5.7119 0.635444 0.175712 0.073113
64300 -3407.67155109 608.55364333 0.393123 5.7119 0.635444 0.175712 0.058397
64400 -3425.34486486 623.76542707 0.402949 5.7119 0.635444 0.175712 -0.048035
64500 -3412.05712849 644.43278237 0.416300 5.6731 0.635661 0.178728 0.091518
64600 -3404.54114041 637.40493611 0.411760 5.6731 0.635661 0.178728 0.040058
64700 -3380.35016715 637.29319541 0.411688 5.6731 0.635661 0.178728 0.099380
64800 -3376.16031265 621.72004040 0.401628 5.6731 0.635661 0.178728 0.091361
64900 -3368.08936639 634.60708661 0.409953 5.6731 0.635661 0.178728 0.010386
65000 -3381.39498259 629.04393214 0.406359 5.6809 0.627010 0.184591 -0.014741
65100 -3372.78144980 618.45436784 0.399518 5.6809 0.627010 0.184591 0.006830
65200 -3366.00184240 615.64342055 0.397702 5.6809 0.627010 0.184591 0.054362
65300 -3366.06143345 637.05099651 0.411532 5.6809 0.627010 0.184591 0.054208
65400 -3359.22868456 626.46639228 0.404694 5.6809 0.627010 0.184591 0.147898
65500 -3380.61392280 623.71509364 0.402917 5.7003 0.626180 0.180537 -0.050276
65600 -3381.71171698 637.36486588 0.411734 5.7003 0.626180 0.180537 -0.003117
65700 -3367.30944512 598.19412996 0.386430 5.7003 0.626180 0.180537 0.071938
65800 -3388.75532060 631.61654876 0.408021 5.7003 0.626180 0.180537 -0.021215
65900 -3372.94335484 631.37746461 0.407867 5.7003 0.626180 0.180537 -0.030916
66000 -3360.38732300 621.84289845 0.401707 5.6641 0.622803 0.182407 0.061866
66100 -3357.05984920 620.48894199 0.400833 5.6641 0.622803 0.182407 0.023568
66200 -3347.63373648 606.35154745 0.391700 5.6641 0.622803 0.182407 0.153812
66300 -3371.73024825 642.96903427 0.415355 5.6641 0.622803 0.182407 0.014278
66400 -3367.34243042 603.14878661 0.389631 5.6641 0.622803 0.182407 0.054467
66500 -3380.18604643 609.54920047 0.393766 5.6796 0.619823 0.181194 -0.036212
66600 -3378.52141336 614.09519636 0.396702 5.6796 0.619823 0.181194 0.015309
66700 -3377.34167348 638.89097775 0.412720 5.6796 0.619823 0.181194 -0.011642
66800 -3345.98155766 636.72872385 0.411323 5.6796 0.619823 0.181194 0.050171
66900 -3335.88133076 624.75461733 0.403588 5.6796 0.619823 0.181194 0.068782
67000 -3355.75111539 638.97509924 0.412775 5.6486 0.624242 0.188189 -0.021174
67100 -3348.09666093 600.14848892 0.387693 5.6486 0.624242 0.188189 -0.030601
67200 -3328.12578378 593.38597791 0.383324 5.6486 0.624242 0.188189 0.080841
67300 -3365.92002737 613.75055285 0.396480 5.6486 0.624242 0.188189 -0.011371
67400 -3371.22370411 605.84821486 0.391375 5.6486 0.624242 0.188189 -0.053073
67500 -3377.97017316 597.30160496 0.385854 5.6512 0.613838 0.186239 -0.063500
67600 -3340.87301817 605.22906913 0.390975 5.6512 0.613838 0.186239 0.034147
67700 -3362.71157248 614.76351402 0.397134 5.6512 0.613838 0.186239 -0.022722
67800 -3359.59432026 622.06627543 0.401852 5.6512 0.613838 0.186239 -0.015519
67900 -3367.99117039 587.12553684 0.379280 5.6512 0.613838 0.186239 0.036886
68000 -3388.21876028 618.50447333 0.399551 5.6602 0.636700 0.180837 -0.018425
68100 -3394.22114510 632.45935986 0.408565 5.6602 0.636700 0.180837 0.016682
68200 -3368.76817496 623.24639751 0.402614 5.6602 0.636700 0.180837 0.084112
68300 -3397.57928047 619.48763759 0.400186 5.6602 0.636700 0.180837 0.070424
68400 -3376.55235828 609.15675549 0.393512 5.6602 0.636700 0.180837 0.041670
68500 -3368.72459292 591.88366981 0.382354 5.6537 0.622624 0.179944 0.030754
68600 -3374.73300438 635.48690651 0.410521 5.6537 0.622624 0.179944 0.026786
68700 -3362.43353741 610.85147769 0.394607 5.6537 0.622624 0.179944 -0.036646
68800 -3359.51574571 602.50529800 0.389215 5.6537 0.622624 0.179944 0.003631
68900 -3352.93985148 616.62878784 0.398339 5.6537 0.622624 0.179944 0.045456
69000 -3369.34107524 614.71650747 0.397104 5.7132 0.618501 0.178705 -0.027221
69100 -3374.90175565 619.07580918 0.399920 5.7132 0.618501 0.178705 -0.035864
69200 -3375.14419587 655.15728025 0.423228 5.7132 0.618501 0.178705 -0.001569
69300 -3370.52627856 634.80554920 0.410081 5.7132 0.618501 0.178705 -0.134957
69400 -3371.78743595 603.03990451 0.389561 5.7132 0.618501 0.178705 -0.001814
69500 -3371.06440068 614.08364653 0.396695 5.6951 0.624779 0.178291 -0.029702
69600 -3365.28461308 619.80800099 0.400393 5.6951 0.624779 0.178291 -0.009922
69700 -3356.40932816 613.71010789 0.396454 5.6951 0.624779 0.178291 0.009843
69800 -3329.71998511 637.97218424 0.412127 5.6951 0.624779 0.178291 0.150323
69900 -3371.53526339 652.36345397 0.421423 5.6951 0.624779 0.178291 -0.150575
70000 -3357.71564682 624.28358821 0.403284 5.7106 0.611385 0.185975 -0.096605
70100 -3363.23188830 619.12221670 0.399950 5.7106 0.611385 0.185975 -0.082527
70200 -3372.17198519 610.58240098 0.394433 5.7106 0.611385 0.185975 -0.112727
70300 -3373.36875866 606.98266046 0.392108 5.7106 0.611385 0.185975 -0.102919
70400 -3371.32360209 609.47178671 0.393716 5.7106 0.611385 0.185975 -0.101004
70500 -3367.00306909 601.98452229 0.388879 5.6848 0.629065 0.182962 -0.141063
70600 -3358.12593321 633.10896736 0.408985 5.6848 0.629065 0.182962 0.019373
70700 -3354.32745417 630.54614758 0.407330 5.6848 0.629065 0.182962 0.090233
70800 -3368.46962781 633.82472831 0.409447 5.6848 0.629065 0.182962 0.037501
70900 -3374.53354875 588.30273898 0.380041 5.6848 0.629065 0.182962 0.002070
71000 -3382.40814701 624.70196906 0.403554 5.6705 0.627479 0.178160 0.004466
71100 -3393.01887087 609.74022522 0.393889 5.6705 0.627479 0.178160 -0.043104
71200 -3380.32588584 595.52133811 0.384704 5.6705 0.627479 0.178160 -0.063269
71300 -3371.52581569 622.88085222 0.402378 5.6705 0.627479 0.178160 0.065910
71400 -3371.93497082 617.23311517 0.398729 5.6705 0.627479 0.178160 0.011866
71500 -3373.32219900 625.00186346 0.403748 5.6835 0.626271 0.186675 0.004635
71600 -3373.46007107 624.56435267 0.403465 5.6835 0.626271 0.186675 0.011856
71700 -3393.49497145 626.34163089 0.404613 5.6835 0.626271 0.186675 0.035078
71800 -3406.86025800 618.24190430 0.399381 5.6835 0.626271 0.186675 -0.104026
71900 -3420.29551212 618.04875773 0.399256 5.6835 0.626271 0.186675 -0.145005
72000 -3412.27426863 614.71872994 0.397105 5.6757 0.643264 0.175791 -0.091963
72100 -3404.12866143 604.66364441 0.390610 5.6757 0.643264 0.175791 -0.067785
72200 -3426.31053458 615.86876593 0.397848 5.6757 0.643264 0.175791 -0.045896
72300 -3402.26306507 615.00729523 0.397292 5.6757 0.643264 0.175791 -0.050081
72400 -3432.70193128 608.84827432 0.393313 5.6757 0.643264 0.175791 -0.154720
72500 -3440.11258934 613.77818314 0.396498 5.6693 0.629261 0.178498 -0.039063
72600 -3432.33230344 611.79126443 0.395214 5.6693 0.629261 0.178498 0.002386
72700 -3420.24864480 628.61953433 0.406085 5.6693 0.629261 0.178498 -0.016833
72800 -3406.33546990 609.75696189 0.393900 5.6693 0.629261 0.178498 -0.012215
72900 -3421.59215885 617.43259980 0.398858 5.6693 0.629261 0.178498 -0.066580
73000 -3410.43091861 626.37498136 0.404635 5.6809 0.638028 0.177854 0.041184
73100 -3399.98456684 629.56800357 0.406698 5.6809 0.638028 0.177854 0.068896
73200 -3387.35934059 643.74840839 0.415858 5.6809 0.638028 0.177854 0.145989
73300 -3395.79726040 630.81577568 0.407504 5.6809 0.638028 0.177854 0.038382
73400 -3404.56650306 621.70616288 0.401619 5.6809 0.638028 0.177854 0.015844
73500 -3399.35827340 637.91119903 0.412087 5.6886 0.634647 0.180725 0.048627
73600 -3385.23494049 617.04620962 0.398609 5.6886 0.634647 0.180725 0.075568
73700 -3410.36476539 615.39641295 0.397543 5.6886 0.634647 0.180725 0.037490
73800 -3415.13958019 639.92883847 0.413391 5.6886 0.634647 0.180725 0.077288
73900 -3406.16553622 608.41504291 0.393033 5.6886 0.634647 0.180725 0.036990
74000 -3415.79864401 614.88267682 0.397211 5.6576 0.642032 0.183104 -0.028102
74100 -3422.10962584 603.99004014 0.390174 5.6576 0.642032 0.183104 -0.017527
74200 -3407.97560872 619.89448435 0.400449 5.6576 0.642032 0.183104 0.021748
74300 -3407.35834503 605.84429282 0.391372 5.6576 0.642032 0.183104 -0.015422
74400 -3405.14615856 612.27340691 0.395525 5.6576 0.642032 0.183104 0.090185
74500 -3414.40071317 630.54371641 0.407328 5.6925 0.649644 0.175918 -0.056654
74600 -3421.59545685 601.27735585 0.388422 5.6925 0.649644 0.175918 0.001709
74700 -3415.03487147 615.35922371 0.397519 5.6925 0.649644 0.175918 0.024799
74800 -3411.03449507 591.88450479 0.382354 5.6925 0.649644 0.175918 0.049186
74900 -3419.65650069 634.80645514 0.410082 5.6925 0.649644 0.175918 -0.006411
75000 -3416.76907456 617.43636479 0.398861 5.6873 0.643900 0.179633 -0.044553
75100 -3413.02891700 618.34595131 0.399448 5.6873 0.643900 0.179633 0.043282
75200 -3427.84822661 618.83092175 0.399762 5.6873 0.643900 0.179633 -0.023073
75300 -3422.76992693 610.29056586 0.394245 5.6873 0.643900 0.179633 0.003221
75400 -3424.55452147 607.23769118 0.392272 5.6873 0.643900 0.179633 -0.001903
75500 -3425.82715242 606.01354676 0.391482 5.6654 0.644917 0.176444 -0.023968
75600 -3427.00185464 627.67524353 0.405475 5.6654 0.644917 0.176444 0.026719
75700 -3408.05773561 590.35212532 0.381364 5.6654 0.644917 0.176444 0.089438
75800 -3417.26998832 603.81918843 0.390064 5.6654 0.644917 0.176444 0.059032
75900 -3431.71426768 606.70060468 0.391925 5.6654 0.644917 0.176444 -0.027191
76000 -3450.57595973 616.33706979 0.398151 5.6667 0.656340 0.177426 -0.065711
76100 -3450.76015200 614.63506572 0.397051 5.6667 0.656340 0.177426 -0.075281
76200 -3439.83307594 597.19103102 0.385782 5.6667 0.656340 0.177426 -0.032553
76300 -3425.26751177 609.66307800 0.393839 5.6667 0.656340 0.177426 0.073227
76400 -3430.08726922 630.25831587 0.407144 5.6667 0.656340 0.177426 -0.009627
76500 -3435.53436634 637.81972784 0.412028 5.6912 0.659419 0.170559 0.007589
76600 -3445.23495360 593.99610904 0.383718 5.6912 0.659419 0.170559 -0.055283
76700 -3403.86166066 617.18565216 0.398699 5.6912 0.659419 0.170559 0.148155
76800 -3415.59655546 630.19679707 0.407104 5.6912 0.659419 0.170559 0.001878
76900 -3412.19076605 651.09791168 0.420606 5.6912 0.659419 0.170559 0.101948
77000 -3392.98507748 634.27842442 0.409741 5.6964 0.640738 0.175671 0.091087
77100 -3400.38351841 648.83830894 0.419146 5.6964 0.640738 0.175671 0.042380
77200 -3387.13338089 617.85006721 0.399128 5.6964 0.640738 0.175671 0.062098
77300 -3376.46014629 642.48545146 0.415042 5.6964 0.640738 0.175671 0.118483
77400 -3372.39305499 617.96702455 0.399204 5.6964 0.640738 0.175671 0.046795
77500 -3391.26435958 600.33267493 0.387812 5.6563 0.633986 0.187140 0.026374
77600 -3402.21710380 633.62877939 0.409321 5.6563 0.633986 0.187140 0.069952
77700 -3370.51161184 619.68123688 0.400311 5.6563 0.633986 0.187140 0.120394
77800 -3391.36303438 649.17965601 0.419367 5.6563 0.633986 0.187140 0.016334
77900 -3372.60166679 600.17292383 0.387709 5.6563 0.633986 0.187140 0.088898
78000 -3374.42968322 607.93627620 0.392724 5.6680 0.614741 0.181098 0.089334
78100 -3376.70553342 631.92041322 0.408217 5.6680 0.614741 0.181098 -0.015807
78200 -3347.00991720 601.76147797 0.388735 5.6680 0.614741 0.181098 0.089572
78300 -3368.58040733 629.17886781 0.406446 5.6680 0.614741 0.181098 0.101406
78400 -3350.33135381 614.56436508 0.397005 5.6680 0.614741 0.181098 -0.005638
78500 -3346.04974386 607.59816115 0.392505 5.6744 0.605689 0.181096 0.040698
78600 -3358.49280326 645.91408508 0.417257 5.6744 0.605689 0.181096 -0.012827
78700 -3362.56100129 618.93373009 0.399828 5.6744 0.605689 0.181096 -0.019038
78800 -3364.76400341 638.93442959 0.412748 5.6744 0.605689 0.181096 -0.001062
78900 -3356.25409981 642.46693034 0.415030 5.6744 0.605689 0.181096 0.040040
79000 -3353.06083281 645.77123153 0.417165 5.6718 0.624924 0.185567 0.002338
79100 -3361.21653487 630.76989667 0.407474 5.6718 0.624924 0.185567 -0.129165
79200 -3356.35340048 628.43116312 0.405963 5.6718 0.624924 0.185567 -0.066064
79300 -3358.78959928 627.68799602 0.405483 5.6718 0.624924 0.185567 0.002978
79400 -3382.60068240 603.74962431 0.390019 5.6718 0.624924 0.185567 -0.035212
79500 -3389.61449770 613.54296227 0.396346 5.6809 0.648187 0.178146 -0.141906
79600 -3360.90979272 628.56661486 0.406051 5.6809 0.648187 0.178146 0.105377
79700 -3387.53362998 632.34276776 0.408490 5.6809 0.648187 0.178146 -0.064590
79800 -3370.79707458 634.46061027 0.409858 5.6809 0.648187 0.178146 -0.007559
79900 -3363.06417548 610.79840954 0.394573 5.6809 0.648187 0.178146 0.003450
80000 -3367.43911635 599.68573482 0.387394 5.6098 0.637967 0.187987 -0.023235
80100 -3377.92343997 615.53935466 0.397635 5.6098 0.637967 0.187987 -0.032804
80200 -3361.23816897 618.60824211 0.399618 5.6098 0.637967 0.187987 -0.022315
80300 -3375.40255433 612.59489960 0.395733 5.6098 0.637967 0.187987 -0.052484
80400 -3370.41730877 589.12663244 0.380573 5.6098 0.637967 0.187987 -0.115182
80500 -3412.82669597 642.37288304 0.414970 5.6602 0.640365 0.179604 -0.119062
80600 -3367.76606038 606.36471675 0.391708 5.6602 0.640365 0.179604 0.084793
80700 -3387.77988571 606.74656112 0.391955 5.6602 0.640365 0.179604 0.003528
80800 -3400.87134471 604.73513409 0.390656 5.6602 0.640365 0.179604 -0.016333
80900 -3404.45057696 601.87030955 0.388805 5.6602 0.640365 0.179604 -0.112845
81000 -3413.15538804 621.01118047 0.401170 5.6718 0.647710 0.178198 -0.091385
81100 -3403.61131093 650.69194733 0.420344 5.6718 0.647710 0.178198 -0.050297
81200 -3400.49877459 648.75420743 0.419092 5.6718 0.647710 0.178198 0.067981
81300 -3395.53986884 615.50665168 0.397614 5.6718 0.647710 0.178198 0.024684
81400 -3390.90431502 617.35465849 0.398808 5.6718 0.647710 0.178198 0.034053
81500 -3403.05273597 596.10429569 0.385080 5.6912 0.635082 0.179539 -0.040199
81600 -3407.68591701 597.12889634 0.385742 5.6912 0.635082 0.179539 -0.065276
81700 -3406.44879181 623.10835198 0.402525 5.6912 0.635082 0.179539 0.027636
81800 -3396.74331014 633.85526767 0.409467 5.6912 0.635082 0.179539 0.041625
81900 -3409.51814377 622.47512480 0.402116 5.6912 0.635082 0.179539 -0.010066
82000 -3407.91318872 653.04446088 0.421863 5.6447 0.641895 0.179847 -0.006846
82100 -3378.56161752 626.13934522 0.404483 5.6447 0.641895 0.179847 0.070416
82200 -3397.43657434 629.31240783 0.406533 5.6447 0.641895 0.179847 -0.009743
82300 -3361.78085102 624.46976291 0.403404 5.6447 0.641895 0.179847 0.111746
82400 -3377.32825153 621.92918325 0.401763 5.6447 0.641895 0.179847 0.044387
82500 -3380.79530888 582.74015080 0.376447 5.6667 0.624042 0.181685 0.058403
82600 -3406.62845194 629.41222829 0.406597 5.6667 0.624042 0.181685 -0.003341
82700 -3388.08496033 624.46364065 0.403400 5.6667 0.624042 0.181685 0.036507
82800 -3388.60317928 623.37004699 0.402694 5.6667 0.624042 0.181685 -0.038452
82900 -3379.19280313 593.34992602 0.383301 5.6667 0.624042 0.181685 -0.020628
83000 -3383.36301620 628.01166045 0.405692 5.7196 0.609545 0.181330 -0.053037
83100 -3390.63469516 622.58968329 0.402190 5.7196 0.609545 0.181330 -0.021853
83200 -3380.30867175 624.19677629 0.403228 5.7196 0.609545 0.181330 -0.034256
83300 -3374.39051147 630.10912941 0.407047 5.7196 0.609545 0.181330 0.019097
83400 -3372.43720039 610.21032988 0.394193 5.7196 0.609545 0.181330 -0.037377
83500 -3367.15500267 583.57927975 0.376989 5.6757 0.607744 0.181663 0.033134
83600 -3387.28089288 631.90101049 0.408205 5.6757 0.607744 0.181663 -0.006047
83700 -3368.59049562 626.77573212 0.404894 5.6757 0.607744 0.181663 -0.004379
83800 -3364.55248081 635.99526313 0.410850 5.6757 0.607744 0.181663 0.088263
83900 -3373.69950254 630.98670599 0.407614 5.6757 0.607744 0.181663 -0.037372
84000 -3392.78175643 626.89254756 0.404969 5.6525 0.624727 0.188046 -0.100769
84100 -3394.22615884 615.24574961 0.397446 5.6525 0.624727 0.188046 -0.107198
84200 -3368.10258102 597.07164517 0.385705 5.6525 0.624727 0.188046 0.036475
84300 -3366.98514487 621.67431176 0.401598 5.6525 0.624727 0.188046 0.019314
84400 -3372.54285905 624.20065557 0.403230 5.6525 0.624727 0.188046 -0.056768
84500 -3368.40172753 632.23273781 0.408419 5.6576 0.633048 0.184536 0.042484
84600 -3379.09404897 597.48524442 0.385972 5.6576 0.633048 0.184536 -0.017151
84700 -3390.95841003 607.43522874 0.392400 5.6576 0.633048 0.184536 -0.033837
84800 -3377.82091123 609.39030866 0.393663 5.6576 0.633048 0.184536 -0.073750
84900 -3386.66592282 605.83666589 0.391367 5.6576 0.633048 0.184536 -0.074010
85000 -3385.22039081 617.64780474 0.398997 5.6783 0.622876 0.184435 -0.056918
85100 -3375.75496567 620.80936971 0.401040 5.6783 0.622876 0.184435 0.022754
85200 -3370.95619506 641.47183767 0.414387 5.6783 0.622876 0.184435 -0.027465
85300 -3356.23471278 624.30065771 0.403295 5.6783 0.622876 0.184435 -0.048246
85400 -3354.84024327 609.07477671 0.393459 5.6783 0.622876 0.184435 -0.073400
85500 -3352.46323560 586.11192815 0.378625 5.6860 0.611653 0.187393 -0.048792
85600 -3356.93438059 589.48514900 0.380804 5.6860 0.611653 0.187393 -0.001173
85700 -3385.31352920 616.42996195 0.398211 5.6860 0.611653 0.187393 -0.079083
85800 -3370.31517369 595.12957076 0.384451 5.6860 0.611653 0.187393 0.016310
85900 -3388.78901483 591.53396682 0.382128 5.6860 0.611653 0.187393 0.008091
86000 -3380.71537923 591.89895517 0.382364 5.6641 0.617505 0.182950 0.015350
86100 -3389.52853554 597.97352976 0.386288 5.6641 0.617505 0.182950 -0.011310
86200 -3398.24736628 633.40283717 0.409175 5.6641 0.617505 0.182950 -0.033431
86300 -3397.09420026 621.83841636 0.401704 5.6641 0.617505 0.182950 -0.023081
86400 -3400.56599212 630.17842692 0.407092 5.6641 0.617505 0.182950 -0.033582
86500 -3379.15066731 615.84187867 0.397831 5.6731 0.632408 0.184378 0.030862
86600 -3381.38899621 618.28575487 0.399409 5.6731 0.632408 0.184378 0.004602
86700 -3400.01077335 639.01084995 0.412798 5.6731 0.632408 0.184378 -0.054850
86800 -3400.25885630 601.67949678 0.388682 5.6731 0.632408 0.184378 -0.033713
86900 -3390.57633417 602.41320807 0.389156 5.6731 0.632408 0.184378 0.030339
87000 -3410.53516208 628.14475569 0.405778 5.6770 0.622973 0.177393 0.000172
87100 -3392.22446730 620.45581072 0.400811 5.6770 0.622973 0.177393 0.014092
87200 -3385.77204633 630.55914413 0.407338 5.6770 0.622973 0.177393 0.096632
87300 -3372.71936871 619.91232374 0.400460 5.6770 0.622973 0.177393 0.130092
87400 -3367.72414043 616.88896872 0.398507 5.6770 0.622973 0.177393 0.146376
87500 -3382.82716823 619.82069040 0.400401 5.6641 0.627361 0.184737 0.016034
87600 -3381.29568594 611.74995086 0.395187 5.6641 0.627361 0.184737 0.007633
87700 -3381.46247052 640.01864048 0.413449 5.6641 0.627361 0.184737 -0.014771
87800 -3349.64642231 617.82024769 0.399109 5.6641 0.627361 0.184737 0.027329
87900 -3365.18846446 631.15686142 0.407724 5.6641 0.627361 0.184737 -0.001691
88000 -3382.16367818 626.26936025 0.404567 5.6589 0.618968 0.188334 -0.104257
88100 -3368.28996579 592.44711961 0.382718 5.6589 0.618968 0.188334 0.028128
88200 -3383.04731975 646.02903700 0.417331 5.6589 0.618968 0.188334 -0.073745
88300 -3385.93709534 641.18398505 0.414202 5.6589 0.618968 0.188334 -0.052920
88400 -3378.70924406 590.42480272 0.381411 5.6589 0.618968 0.188334 -0.064649
88500 -3385.13780831 610.73596451 0.394532 5.6938 0.622331 0.176651 -0.001880
88600 -3379.73953875 625.50642506 0.404074 5.6938 0.622331 0.176651 0.046802
88700 -3407.88509844 619.40284355 0.400131 5.6938 0.622331 0.176651 -0.034019
88800 -3391.45267730 601.57623788 0.388615 5.6938 0.622331 0.176651 0.002634
88900 -3396.47447625 602.60894845 0.389282 5.6938 0.622331 0.176651 -0.044030
89000 -3390.84797467 615.78644691 0.397795 5.6757 0.605500 0.185107 -0.049554
89100 -3377.35925400 597.79548743 0.386173 5.6757 0.605500 0.185107 -0.017886
89200 -3377.41604470 612.61661332 0.395747 5.6757 0.605500 0.185107 0.046223
89300 -3374.14755008 613.27578539 0.396173 5.6757 0.605500 0.185107 0.020141
89400 -3376.01114987 613.84722779 0.396542 5.6757 0.605500 0.185107 0.074611
89500 -3398.00550614 637.73903464 0.411976 5.6951 0.619701 0.179090 -0.031586
89600 -3400.89821902 612.38422266 0.395597 5.6951 0.619701 0.179090 -0.079953
89700 -3408.90776337 630.47851258 0.407286 5.6951 0.619701 0.179090 -0.086122
89800 -3384.14528543 629.98893287 0.406970 5.6951 0.619701 0.179090 -0.030890
89900 -3381.00033229 585.05110675 0.377940 5.6951 0.619701 0.179090 0.001871
90000 -3393.94830184 592.48652295 0.382743 5.6718 0.600966 0.184835 0.070046
90100 -3382.40851175 607.52947145 0.392461 5.6718 0.600966 0.184835 0.065190
90200 -3406.05201877 649.52521114 0.419590 5.6718 0.600966 0.184835 -0.055039
90300 -3384.36659822 628.32554561 0.405895 5.6718 0.600966 0.184835 0.022835
90400 -3363.02797928 616.17007690 0.398043 5.6718 0.600966 0.184835 0.036690
90500 -3361.63552308 618.49396295 0.399544 5.6964 0.598638 0.186692 0.049941
90600 -3355.72453470 593.41762069 0.383345 5.6964 0.598638 0.186692 0.023574
90700 -3385.71508039 617.99961772 0.399225 5.6964 0.598638 0.186692 -0.085973
90800 -3388.33891169 622.61728768 0.402208 5.6964 0.598638 0.186692 -0.036475
90900 -3390.19019592 608.03737324 0.392789 5.6964 0.598638 0.186692 -0.078127
91000 -3373.95746730 626.12227595 0.404472 5.6718 0.638939 0.181477 -0.017818
91100 -3378.81424676 635.20312248 0.410338 5.6718 0.638939 0.181477 -0.040602
91200 -3368.18869008 617.48048965 0.398889 5.6718 0.638939 0.181477 0.026185
91300 -3406.21841092 607.01867324 0.392131 5.6718 0.638939 0.181477 -0.167204
91400 -3412.90341797 621.27341757 0.401339 5.6718 0.638939 0.181477 -0.084879
91500 -3412.68534233 595.61408947 0.384764 5.6822 0.640927 0.177422 -0.082016
91600 -3421.55562393 606.74012042 0.391951 5.6822 0.640927 0.177422 -0.185978
91700 -3420.61922473 620.82526249 0.401050 5.6822 0.640927 0.177422 -0.050532
91800 -3411.93455503 617.06843701 0.398623 5.6822 0.640927 0.177422 -0.018048
91900 -3394.42142471 598.44476531 0.386592 5.6822 0.640927 0.177422 0.045339
92000 -3401.73426142 596.99143263 0.385653 5.6964 0.627126 0.180262 0.066465
92100 -3405.97612957 615.14742236 0.397382 5.6964 0.627126 0.180262 0.028924
92200 -3394.20714414 598.44138887 0.386590 5.6964 0.627126 0.180262 -0.002673
92300 -3422.42017320 624.58557359 0.403479 5.6964 0.627126 0.180262 -0.040228
92400 -3406.90740382 616.53098204 0.398276 5.6964 0.627126 0.180262 0.034108
92500 -3409.73000641 609.12506081 0.393492 5.6757 0.631668 0.172649 0.046017
92600 -3413.61485013 605.87629855 0.391393 5.6757 0.631668 0.172649 0.008965
92700 -3443.16487280 628.47683320 0.405993 5.6757 0.631668 0.172649 -0.070609
92800 -3413.94621780 609.14326354 0.393503 5.6757 0.631668 0.172649 0.030274
92900 -3429.01437155 624.04381476 0.403129 5.6757 0.631668 0.172649 -0.039149
93000 -3425.41102005 629.28809838 0.406517 5.6744 0.642335 0.181284 -0.069766
93100 -3413.67871047 621.96433734 0.401786 5.6744 0.642335 0.181284 -0.036973
93200 -3405.32222278 640.68889197 0.413882 5.6744 0.642335 0.181284 0.088394
93300 -3402.55422999 647.86544133 0.418518 5.6744 0.642335 0.181284 0.079724
93400 -3376.77730556 634.18388840 0.409680 5.6744 0.642335 0.181284 0.131323
93500 -3375.80379785 599.96819535 0.387576 5.6744 0.628613 0.185285 0.099930
93600 -3392.49281679 627.29466362 0.405229 5.6744 0.628613 0.185285 0.052216
93700 -3391.39411707 620.81599527 0.401044 5.6744 0.628613 0.185285 0.013769
93800 -3382.77713338 613.39860273 0.396252 5.6744 0.628613 0.185285 0.088128
93900 -3392.31265803 622.58539793 0.402187 5.6744 0.628613 0.185285 -0.004547
94000 -3404.48341278 585.49567291 0.378227 5.6835 0.626414 0.176724 -0.060121
94100 -3399.30242986 592.53876247 0.382777 5.6835 0.626414 0.176724 0.022795
94200 -3417.43517931 619.04445451 0.399900 5.6835 0.626414 0.176724 -0.041632
94300 -3399.85916163 591.46665860 0.382084 5.6835 0.626414 0.176724 -0.034839
94400 -3419.13126076 605.19621044 0.390954 5.6835 0.626414 0.176724 -0.087658
94500 -3415.49780659 598.47473522 0.386612 5.7054 0.642079 0.179402 -0.081974
94600 -3395.59084549 621.65634195 0.401587 5.7054 0.642079 0.179402 0.025991
94700 -3400.90917963 614.40718769 0.396904 5.7054 0.642079 0.179402 0.031954
94800 -3403.38623777 624.62314704 0.403503 5.7054 0.642079 0.179402 0.008140
94900 -3422.08977867 638.50491700 0.412471 5.7054 0.642079 0.179402 -0.020582
95000 -3430.88723415 623.66933474 0.402887 5.6848 0.648854 0.177682 -0.020221
95100 -3431.02662283 626.21094754 0.404529 5.6848 0.648854 0.177682 0.028033
95200 -3404.65689844 606.91341872 0.392063 5.6848 0.648854 0.177682 0.038531
95300 -3407.07089265 597.87010328 0.386221 5.6848 0.648854 0.177682 -0.019446
95400 -3434.72554819 631.36844614 0.407861 5.6848 0.648854 0.177682 -0.100061
95500 -3411.43619329 622.92883486 0.402409 5.6550 0.626783 0.186048 0.063235
95600 -3427.44479826 620.25207621 0.400680 5.6550 0.626783 0.186048 -0.058204
95700 -3412.98056625 646.75073827 0.417798 5.6550 0.626783 0.186048 0.022008
95800 -3402.70560671 643.91290441 0.415964 5.6550 0.626783 0.186048 0.009953
95900 -3417.06796851 640.47249097 0.413742 5.6550 0.626783 0.186048 -0.002150
96000 -3399.64191740 621.30929821 0.401363 5.6835 0.636390 0.181808 0.050565
96100 -3412.50477301 613.09846412 0.396058 5.6835 0.636390 0.181808 -0.048394
96200 -3426.75793958 626.71111266 0.404852 5.6835 0.636390 0.181808 -0.068669
96300 -3415.78193752 611.53504662 0.395048 5.6835 0.636390 0.181808 0.013271
96400 -3400.28113933 610.91270535 0.394646 5.6835 0.636390 0.181808 0.057246
96500 -3399.70967481 606.69454058 0.391922 5.6641 0.640230 0.184468 0.038920
96600 -3404.97608924 578.92122608 0.373980 5.6641 0.640230 0.184468 0.075619
96700 -3426.70427850 620.83995171 0.401059 5.6641 0.640230 0.184468 -0.049551
96800 -3391.45988161 601.88768916 0.388816 5.6641 0.640230 0.184468 0.098850
96900 -3410.47932872 628.08685407 0.405741 5.6641 0.640230 0.184468 -0.026889
97000 -3404.45300045 621.27155727 0.401338 5.6680 0.641599 0.180289 0.047455
97100 -3408.10476690 643.58675596 0.415754 5.6680 0.641599 0.180289 0.041406
97200 -3393.99977357 632.83034807 0.408805 5.6680 0.641599 0.180289 0.031019
97300 -3389.12355728 618.61879858 0.399625 5.6680 0.641599 0.180289 -0.045125
97400 -3409.21244036 651.23881079 0.420697 5.6680 0.641599 0.180289 0.003138
97500 -3389.32359755 636.31152498 0.411054 5.6809 0.633768 0.183172 0.088345
97600 -3402.58298169 619.84605873 0.400417 5.6809 0.633768 0.183172 -0.017079
97700 -3408.94410145 629.35970336 0.406563 5.6809 0.633768 0.183172 -0.071751
97800 -3431.28566569 654.86194540 0.423037 5.6809 0.633768 0.183172 -0.032131
97900 -3403.94904800 624.09717726 0.403164 5.6809 0.633768 0.183172 0.048727
98000 -3394.41023168 627.52231186 0.405376 5.6990 0.631735 0.181220 0.035490
98100 -3389.44439442 617.71144331 0.399038 5.6990 0.631735 0.181220 0.096668
98200 -3399.14457805 586.99423730 0.379195 5.6990 0.631735 0.181220 0.052016
98300 -3402.29590129 619.44707523 0.400160 5.6990 0.631735 0.181220 -0.025085
98400 -3382.31464169 628.07040274 0.405730 5.6990 0.631735 0.181220 0.059149
98500 -3393.55405077 637.45511812 0.411793 5.6731 0.626251 0.184310 0.056640
98600 -3404.36575917 622.59587315 0.402194 5.6731 0.626251 0.184310 -0.031406
98700 -3393.94530018 613.92388504 0.396592 5.6731 0.626251 0.184310 0.027797
98800 -3419.00577600 606.43881289 0.391756 5.6731 0.626251 0.184310 -0.074690
98900 -3429.24318476 598.31837473 0.386511 5.6731 0.626251 0.184310 -0.072324
99000 -3404.23552118 597.84693760 0.386206 5.7003 0.614514 0.177220 0.020925
99100 -3395.88216221 615.07184842 0.397333 5.7003 0.614514 0.177220 0.007755
99200 -3403.65919127 605.10435122 0.390894 5.7003 0.614514 0.177220 -0.031517
99300 -3400.08933544 577.56863293 0.373106 5.7003 0.614514 0.177220 0.003458
99400 -3381.07783886 589.71815220 0.380955 5.7003 0.614514 0.177220 0.032258
99500 -3381.16022728 598.69511766 0.386754 5.6925 0.614096 0.188339 -0.044966
99600 -3386.41090766 607.89460145 0.392697 5.6925 0.614096 0.188339 -0.007441
99700 -3394.52302562 613.95337049 0.396611 5.6925 0.614096 0.188339 -0.061488
99800 -3387.12341739 613.91921805 0.396589 5.6925 0.614096 0.188339 -0.029601
99900 -3394.53603052 643.72328260 0.415842 5.6925 0.614096 0.188339 0.001990
100000 -3379.62942071 627.74004581 0.405517 5.6796 0.622076 0.180990 0.088397
100100 -3404.30437108 619.30949936 0.400071 5.6796 0.622076 0.180990 -0.082654
100200 -3395.32001539 618.03208833 0.399246 5.6796 0.622076 0.180990 -0.049111
100300 -3381.97088296 618.85882080 0.399780 5.6796 0.622076 0.180990 0.109393
100400 -3405.79685127 646.18941036 0.417435 5.6796 0.622076 0.180990 -0.004543
100500 -3412.18942192 638.75992978 0.412636 5.6873 0.635339 0.175156 -0.003236
100600 -3391.05302918 630.79951613 0.407493 5.6873 0.635339 0.175156 0.110947
100700 -3393.07825482 633.58186702 0.409291 5.6873 0.635339 0.175156 0.058019
100800 -3400.04714702 633.15625284 0.409016 5.6873 0.635339 0.175156 0.003028
100900 -3385.86871698 628.96347119 0.406307 5.6873 0.635339 0.175156 0.127832
101000 -3376.80036881 612.10073348 0.395414 5.6990 0.639561 0.176522 0.145370
101100 -3399.06342929 614.32862468 0.396853 5.6990 0.639561 0.176522 0.061127
101200 -3402.04037375 580.56388501 0.375041 5.6990 0.639561 0.176522 -0.000668
101300 -3398.60193140 611.19191707 0.394827 5.6990 0.639561 0.176522 -0.003655
101400 -3359.83301877 593.88749140 0.383648 5.6990 0.639561 0.176522 0.091969
101500 -3362.14728087 612.79129599 0.395860 5.6512 0.607863 0.195077 0.046503
101600 -3357.87651443 616.10708004 0.398002 5.6512 0.607863 0.195077 0.023764
101700 -3364.63115562 599.24573141 0.387110 5.6512 0.607863 0.195077 0.013072
101800 -3375.19157268 631.23266031 0.407773 5.6512 0.607863 0.195077 -0.064292
101900 -3378.80944175 630.32122183 0.407184 5.6512 0.607863 0.195077 0.005982
102000 -3378.26099804 643.81343685 0.415900 5.6693 0.621628 0.186894 -0.008199
102100 -3384.98334478 630.14777251 0.407072 5.6693 0.621628 0.186894 0.038958
102200 -3375.70768859 601.02838742 0.388261 5.6693 0.621628 0.186894 -0.009985
102300 -3383.59211980 598.91874518 0.386898 5.6693 0.621628 0.186894 -0.009393
102400 -3390.83767376 621.99289567 0.401804 5.6693 0.621628 0.186894 -0.014050
102500 -3403.92885219 633.40085109 0.409174 5.6744 0.632737 0.184082 -0.114767
102600 -3403.08846535 617.68106014 0.399019 5.6744 0.632737 0.184082 -0.093487
102700 -3410.55294768 616.37140011 0.398173 5.6744 0.632737 0.184082 -0.111595
102800 -3412.88245548 628.05186615 0.405718 5.6744 0.632737 0.184082 -0.101956
102900 -3413.16325074 619.67561965 0.400307 5.6744 0.632737 0.184082 -0.051450
103000 -3411.37434062 612.50110952 0.395673 5.6783 0.635188 0.180965 -0.019508
103100 -3401.49130244 617.97894507 0.399211 5.6783 0.635188 0.180965 0.064953
103200 -3413.49696272 629.92828746 0.406930 5.6783 0.635188 0.180965 -0.006984
103300 -3391.68454177 621.79084023 0.401674 5.6783 0.635188 0.180965 0.149466
103400 -3410.02903236 619.57729034 0.400244 5.6783 0.635188 0.180965 -0.000119
103500 -3399.46290459 620.48396161 0.400829 5.6990 0.612326 0.174468 0.029946
103600 -3401.58902477 611.06939466 0.394748 5.6990 0.612326 0.174468 -0.032423
103700 -3388.04390317 602.54821827 0.389243 5.6990 0.612326 0.174468 -0.019608
103800 -3394.09748373 595.54008174 0.384716 5.6990 0.612326 0.174468 -0.039319
103900 -3381.52062314 611.45095211 0.394994 5.6990 0.612326 0.174468 0.032464
104000 -3409.36092846 587.36238999 0.379433 5.6731 0.634574 0.178403 -0.045617
104100 -3417.34244407 608.64271784 0.393180 5.6731 0.634574 0.178403 -0.059058
104200 -3400.53725946 604.56678843 0.390547 5.6731 0.634574 0.178403 0.014625
104300 -3384.31855032 599.88350624 0.387522 5.6731 0.634574 0.178403 0.074591
104400 -3374.86807858 602.76529241 0.389383 5.6731 0.634574 0.178403 0.093425
104500 -3388.52059633 612.99778021 0.395993 5.7003 0.619092 0.179353 -0.031734
104600 -3397.50951294 586.68238901 0.378994 5.7003 0.619092 0.179353 0.013273
104700 -3403.35606142 596.51106015 0.385343 5.7003 0.619092 0.179353 -0.016707
104800 -3383.89394310 599.80436764 0.387471 5.7003 0.619092 0.179353 0.073330
104900 -3404.71102187 617.97724472 0.399210 5.7003 0.619092 0.179353 -0.030715
105000 -3389.84234501 603.54034055 0.389884 5.6964 0.615353 0.179840 -0.013430
105100 -3392.54548907 642.89638623 0.415308 5.6964 0.615353 0.179840 -0.036203
105200 -3373.23558583 612.90917869 0.395936 5.6964 0.615353 0.179840 0.034085
105300 -3367.37913952 610.12810672 0.394140 5.6964 0.615353 0.179840 0.104682
105400 -3360.04010280 599.23358780 0.387102 5.6964 0.615353 0.179840 0.114205
105500 -3378.65321621 601.20782626 0.388377 5.6809 0.605373 0.188375 -0.053458
105600 -3366.96315157 612.23728794 0.395502 5.6809 0.605373 0.188375 0.078610
105700 -3377.71381807 600.93738073 0.388202 5.6809 0.605373 0.188375 -0.074040
105800 -3365.01359863 599.35855249 0.387183 5.6809 0.605373 0.188375 0.033787
105900 -3383.20602450 639.45634679 0.413085 5.6809 0.605373 0.188375 -0.067582
106000 -3367.58666132 610.09878489 0.394121 5.7209 0.610860 0.183984 0.022445
106100 -3388.12058930 622.19992207 0.401938 5.7209 0.610860 0.183984 0.017660
106200 -3393.90853458 615.69133936 0.397733 5.7209 0.610860 0.183984 -0.067536
106300 -3381.71086462 616.32529207 0.398143 5.7209 0.610860 0.183984 0.036322
106400 -3405.48786935 628.21598056 0.405824 5.7209 0.610860 0.183984 0.011326
106500 -3404.03445110 616.83681931 0.398473 5.6447 0.622535 0.187148 -0.021449
106600 -3412.78551264 616.88899916 0.398507 5.6447 0.622535 0.187148 -0.048005
106700 -3408.78257266 604.88421722 0.390752 5.6447 0.622535 0.187148 0.006440
106800 -3386.26570160 590.61199206 0.381532 5.6447 0.622535 0.187148 0.102807
106900 -3409.86105554 616.81314599 0.398458 5.6447 0.622535 0.187148 0.014299
107000 -3426.17717241 619.12174835 0.399949 5.6796 0.625940 0.178820 -0.050210
107100 -3418.66766701 609.86559264 0.393970 5.6796 0.625940 0.178820 0.014383
107200 -3409.31809745 630.56899202 0.407344 5.6796 0.625940 0.178820 -0.089009
107300 -3411.31682923 636.91462333 0.411444 5.6796 0.625940 0.178820 -0.060728
107400 -3403.94621524 630.19225792 0.407101 5.6796 0.625940 0.178820 0.095597
107500 -3409.79726486 628.49736355 0.406006 5.6886 0.634753 0.175747 0.025131
107600 -3373.82760820 611.76909189 0.395200 5.6886 0.634753 0.175747 0.165736
107700 -3395.32060725 610.88556413 0.394629 5.6886 0.634753 0.175747 0.011373
107800 -3416.76866255 620.42411774 0.400791 5.6886 0.634753 0.175747 -0.091681
107900 -3395.10818818 620.24520408 0.400675 5.6886 0.634753 0.175747 -0.002116
108000 -3402.76981970 629.77177089 0.406829 5.6873 0.631734 0.180664 -0.047139
108100 -3402.76382961 625.34532604 0.403970 5.6873 0.631734 0.180664 -0.045599
108200 -3408.71140098 625.23414825 0.403898 5.6873 0.631734 0.180664 0.056839
108300 -3390.07568617 617.56143357 0.398941 5.6873 0.631734 0.180664 0.078642
108400 -3385.47145584 628.55081071 0.406041 5.6873 0.631734 0.180664 0.073303
108500 -3395.42961773 629.43289665 0.406610 5.6835 0.625356 0.178552 0.053637
108600 -3417.62463884 632.59843314 0.408655 5.6835 0.625356 0.178552 -0.029174
108700 -3400.59878749 605.82745220 0.391361 5.6835 0.625356 0.178552 0.016222
108800 -3411.19073737 621.41416915 0.401430 5.6835 0.625356 0.178552 0.022184
108900 -3402.81225837 629.04236453 0.406358 5.6835 0.625356 0.178552 0.054080
109000 -3405.54217085 611.32894741 0.394915 5.6434 0.639641 0.183227 0.029330
109100 -3413.89329356 599.04630609 0.386981 5.6434 0.639641 0.183227 -0.088856
109200 -3405.70083280 621.44168426 0.401448 5.6434 0.639641 0.183227 -0.040465
109300 -3405.54043671 588.91335052 0.380435 5.6434 0.639641 0.183227 -0.062297
109400 -3410.88142057 646.09692659 0.417375 5.6434 0.639641 0.183227 0.004236
109500 -3381.32153838 600.75719437 0.388086 5.6977 0.614742 0.181436 0.014617
109600 -3394.55986501 618.65279808 0.399647 5.6977 0.614742 0.181436 -0.064854
109700 -3394.86445788 626.44212821 0.404678 5.6977 0.614742 0.181436 -0.039513
109800 -3382.99221262 600.75813720 0.388087 5.6977 0.614742 0.181436 -0.018436
109900 -3383.12887931 595.75281121 0.384853 5.6977 0.614742 0.181436 0.036748
110000 -3400.36495836 611.95258030 0.395318 5.6589 0.636293 0.183982 -0.027180
110100 -3400.48204474 638.63902125 0.412558 5.6589 0.636293 0.183982 -0.014337
110200 -3415.86191632 628.97948912 0.406317 5.6589 0.636293 0.183982 -0.089007
110300 -3414.29372473 626.03182406 0.404413 5.6589 0.636293 0.183982 -0.080624
110400 -3390.53254488 605.84572279 0.391373 5.6589 0.636293 0.183982 0.000670
110500 -3401.22634181 624.80472446 0.403621 5.6873 0.627893 0.179570 -0.045153
110600 -3411.17864693 635.43877545 0.410490 5.6873 0.627893 0.179570 -0.008476
110700 -3414.64737864 638.78796222 0.412654 5.6873 0.627893 0.179570 0.022972
110800 -3392.90715193 634.90257496 0.410144 5.6873 0.627893 0.179570 0.064505
110900 -3395.48796748 620.33390350 0.400732 5.6873 0.627893 0.179570 -0.047207
111000 -3391.59838111 604.86784624 0.390742 5.6899 0.630717 0.178915 0.060588
111100 -3406.91424425 644.34100110 0.416241 5.6899 0.630717 0.178915 -0.010433
111200 -3399.88263684 647.35712725 0.418189 5.6899 0.630717 0.178915 0.078115
111300 -3392.13406578 605.90245292 0.391410 5.6899 0.630717 0.178915 -0.068066
111400 -3394.60362454 621.11890775 0.401240 5.6899 0.630717 0.178915 -0.053841
111500 -3393.24181187 627.76127673 0.405531 5.6667 0.646010 0.185054 -0.011184
111600 -3404.93815478 610.49867644 0.394379 5.6667 0.646010 0.185054 -0.045798
111700 -3419.90944254 616.37770771 0.398177 5.6667 0.646010 0.185054 -0.116421
111800 -3411.78248077 612.63205700 0.395757 5.6667 0.646010 0.185054 -0.067291
111900 -3416.09039256 612.92290100 0.395945 5.6667 0.646010 0.185054 -0.009475
112000 -3406.53578153 608.14795694 0.392860 5.6860 0.630280 0.181736 -0.014486
112100 -3426.74471885 610.49916564 0.394379 5.6860 0.630280 0.181736 -0.083099
112200 -3430.90854344 640.73364304 0.413911 5.6860 0.630280 0.181736 0.006705
112300 -3428.69262587 595.40898608 0.384631 5.6860 0.630280 0.181736 -0.018054
112400 -3417.22358345 603.59947009 0.389922 5.6860 0.630280 0.181736 -0.005371
112500 -3430.37942390 625.25766928 0.403913 5.6886 0.634870 0.176999 -0.117734
112600 -3428.31454657 641.42444749 0.414357 5.6886 0.634870 0.176999 -0.065835
112700 -3396.22268482 619.50376423 0.400196 5.6886 0.634870 0.176999 0.117070
112800 -3409.26106436 650.15419973 0.419996 5.6886 0.634870 0.176999 0.082826
112900 -3395.10283432 642.14948646 0.414825 5.6886 0.634870 0.176999 0.052786
113000 -3401.66791631 656.38381953 0.424021 5.6886 0.618591 0.183444 -0.005214
113100 -3421.65447908 626.64117868 0.404807 5.6886 0.618591 0.183444 -0.012584
113200 -3425.32610516 597.39023775 0.385911 5.6886 0.618591 0.183444 -0.052115
113300 -3427.07054094 616.94753625 0.398545 5.6886 0.618591 0.183444 -0.016613
113400 -3414.99984623 622.05394816 0.401844 5.6886 0.618591 0.183444 0.058630
113500 -3438.89885633 620.37195818 0.400757 5.6628 0.647493 0.178747 0.024504
113600 -3421.27427752 630.67806157 0.407415 5.6628 0.647493 0.178747 0.084002
113700 -3416.58612263 625.25333200 0.403910 5.6628 0.647493 0.178747 -0.011236
113800 -3400.73201824 605.69754641 0.391277 5.6628 0.647493 0.178747 0.052656
113900 -3385.37433518 607.67422964 0.392554 5.6628 0.647493 0.178747 0.086608
114000 -3386.32053841 620.74609398 0.400999 5.6589 0.629945 0.183381 0.100348
114100 -3382.57486926 614.23846781 0.396795 5.6589 0.629945 0.183381 0.042838
114200 -3372.84132607 614.21298977 0.396778 5.6589 0.629945 0.183381 0.093179
114300 -3393.11261644 610.56067947 0.394419 5.6589 0.629945 0.183381 -0.050064
114400 -3387.16101025 593.93551125 0.383679 5.6589 0.629945 0.183381 0.091083
114500 -3398.57824613 593.49552823 0.383395 5.6951 0.632226 0.180079 -0.026371
114600 -3395.76534077 624.73153183 0.403573 5.6951 0.632226 0.180079 -0.010026
114700 -3399.66781783 646.02382837 0.417328 5.6951 0.632226 0.180079 -0.020236
114800 -3369.21038336 606.01832814 0.391485 5.6951 0.632226 0.180079 -0.013358
114900 -3384.50185357 603.55136345 0.389891 5.6951 0.632226 0.180079 -0.041888
115000 -3383.06705825 634.25072195 0.409723 5.6654 0.627317 0.182649 0.041184
115100 -3362.11007119 624.32123042 0.403308 5.6654 0.627317 0.182649 0.127117
115200 -3377.19288593 604.71816077 0.390645 5.6654 0.627317 0.182649 0.096193
115300 -3379.04098460 596.12000407 0.385090 5.6654 0.627317 0.182649 0.043026
115400 -3394.30304068 632.03578342 0.408292 5.6654 0.627317 0.182649 0.024163
115500 -3373.87229864 619.50220420 0.400195 5.6641 0.624731 0.183283 0.006456
115600 -3379.34051410 629.11656259 0.406406 5.6641 0.624731 0.183283 0.030576
115700 -3376.37136325 594.31438246 0.383924 5.6641 0.624731 0.183283 0.053890
115800 -3404.05388910 598.32434183 0.386514 5.6641 0.624731 0.183283 -0.089329
115900 -3405.41453876 628.92058707 0.406279 5.6641 0.624731 0.183283 -0.079775
116000 -3379.35376213 606.23405234 0.391624 5.6744 0.634938 0.177407 0.067910
116100 -3396.57203765 620.10590759 0.400585 5.6744 0.634938 0.177407 -0.078840
116200 -3389.98095591 630.67847670 0.407415 5.6744 0.634938 0.177407 -0.070896
116300 -3385.52634508 652.00388450 0.421191 5.6744 0.634938 0.177407 0.066491
116400 -3405.28935651 635.11679301 0.410282 5.6744 0.634938 0.177407 -0.090122
116500 -3417.24246260 622.80643898 0.402330 5.7016 0.623886 0.174455 -0.124941
116600 -3394.72701296 576.32902790 0.372306 5.7016 0.623886 0.174455 -0.026889
116700 -3407.68995141 602.06118704 0.388928 5.7016 0.623886 0.174455 -0.049024
116800 -3388.10051102 601.03671001 0.388267 5.7016 0.623886 0.174455 0.037488
116900 -3400.17750406 609.15912682 0.393514 5.7016 0.623886 0.174455 -0.072565
117000 -3391.28001489 628.01903211 0.405697 5.6822 0.629019 0.184654 0.019548
117100 -3392.15696340 604.83401213 0.390720 5.6822 0.629019 0.184654 0.014178
117200 -3387.08100640 605.56826947 0.391194 5.6822 0.629019 0.184654 0.047076
117300 -3402.96491207 627.17953741 0.405155 5.6822 0.629019 0.184654 0.050182
117400 -3421.20733410 626.42293148 0.404666 5.6822 0.629019 0.184654 -0.010614
117500 -3418.86507034 614.44850836 0.396931 5.6977 0.626081 0.177922 -0.036868
117600 -3434.03599889 613.75317530 0.396481 5.6977 0.626081 0.177922 -0.050366
117700 -3414.45619916 616.21856917 0.398074 5.6977 0.626081 0.177922 -0.016367
117800 -3423.15562065 597.81072511 0.386183 5.6977 0.626081 0.177922 -0.074712
117900 -3443.60930198 632.41423721 0.408536 5.6977 0.626081 0.177922 -0.143845
118000 -3437.23313481 642.35241067 0.414956 5.6641 0.638572 0.180298 -0.108407
118100 -3426.45298714 618.47305037 0.399530 5.6641 0.638572 0.180298 0.012469
118200 -3417.47612979 610.68579085 0.394500 5.6641 0.638572 0.180298 -0.062748
118300 -3426.92888802 619.19412453 0.399996 5.6641 0.638572 0.180298 -0.068781
118400 -3404.09263915 611.22161065 0.394846 5.6641 0.638572 0.180298 0.113767
118500 -3433.17863449 610.86992149 0.394619 5.6990 0.639664 0.179117 -0.116197
118600 -3407.35960595 617.31847170 0.398785 5.6990 0.639664 0.179117 0.094040
118700 -3433.37673812 652.10670220 0.421258 5.6990 0.639664 0.179117 -0.065159
118800 -3421.71545656 627.66210859 0.405466 5.6990 0.639664 0.179117 -0.007337
118900 -3405.20837868 595.17648795 0.384481 5.6990 0.639664 0.179117 0.017074
119000 -3435.83447733 591.62516635 0.382187 5.6770 0.641759 0.179623 -0.118482
119100 -3436.36244940 593.06170136 0.383115 5.6770 0.641759 0.179623 -0.061708
119200 -3423.09971963 595.86172176 0.384924 5.6770 0.641759 0.179623 -0.004684
119300 -3430.12934658 590.15435297 0.381237 5.6770 0.641759 0.179623 -0.039556
119400 -3434.34640015 595.22368235 0.384511 5.6770 0.641759 0.179623 0.005942
119500 -3424.71399272 608.49712853 0.393086 5.7067 0.643265 0.171854 0.092479
119600 -3441.78184638 637.94215760 0.412107 5.7067 0.643265 0.171854 -0.004219
119700 -3418.69034052 615.54513368 0.397639 5.7067 0.643265 0.171854 0.009233
119800 -3419.59918139 615.64665345 0.397705 5.7067 0.643265 0.171854 0.059511
119900 -3443.12009695 632.41524929 0.408537 5.7067 0.643265 0.171854 -0.009608
120000 -3440.25865130 641.60052897 0.414471 5.6925 0.653967 0.172272 -0.015294
120100 -3425.48772259 605.20916261 0.390962 5.6925 0.653967 0.172272 0.023368
120200 -3439.40379284 622.20682995 0.401942 5.6925 0.653967 0.172272 -0.058598
120300 -3431.29408273 600.18443561 0.387716 5.6925 0.653967 0.172272 0.088028
120400 -3444.33748316 601.49409378 0.388562 5.6925 0.653967 0.172272 -0.004034
120500 -3428.29912290 628.18951938 0.405807 5.6602 0.644654 0.176394 0.069806
120600 -3413.52847223 624.67340321 0.403536 5.6602 0.644654 0.176394 -0.005862
120700 -3426.26678467 631.72275832 0.408090 5.6602 0.644654 0.176394 -0.005331
120800 -3407.35562620 608.07722841 0.392815 5.6602 0.644654 0.176394 -0.003255
120900 -3407.55457575 633.74797740 0.409398 5.6602 0.644654 0.176394 0.059140
121000 -3401.34692769 630.84580852 0.407523 5.7067 0.638106 0.175180 0.045198
121100 -3384.33678320 644.31330217 0.416223 5.7067 0.638106 0.175180 0.137269
121200 -3395.68261506 620.43073534 0.400795 5.7067 0.638106 0.175180 0.059652
121300 -3408.57444011 625.89488490 0.404325 5.7067 0.638106 0.175180 -0.024830
121400 -3391.99957352 628.51349176 0.406016 5.7067 0.638106 0.175180 0.015827
121500 -3398.92430158 607.78076287 0.392623 5.7248 0.623316 0.172133 -0.025275
121600 -3413.65551990 609.68328504 0.393852 5.7248 0.623316 0.172133 -0.075736
121700 -3391.90135269 608.61798944 0.393164 5.7248 0.623316 0.172133 -0.002222
121800 -3395.44993079 631.66484801 0.408052 5.7248 0.623316 0.172133 0.019792
121900 -3388.02223434 624.81717452 0.403629 5.7248 0.623316 0.172133 0.056553
122000 -3384.11646550 648.21178042 0.418741 5.6860 0.631483 0.185501 -0.064476
122100 -3393.23957019 641.08403386 0.414137 5.6860 0.631483 0.185501 -0.086313
122200 -3381.30308211 608.54663693 0.393118 5.6860 0.631483 0.185501 -0.055858
122300 -3399.24542265 611.98423475 0.395339 5.6860 0.631483 0.185501 -0.048964
122400 -3400.64386322 616.38370717 0.398181 5.6860 0.631483 0.185501 -0.071631
122500 -3389.30765065 622.85490005 0.402361 5.6951 0.624215 0.180652 -0.038952
122600 -3390.54013074 601.08706957 0.388299 5.6951 0.624215 0.180652 -0.016485
122700 -3390.84865219 626.29423201 0.404583 5.6951 0.624215 0.180652 -0.019580
122800 -3364.28008767 624.69597662 0.403550 5.6951 0.624215 0.180652 0.109700
122900 -3386.07321513 624.64685505 0.403519 5.6951 0.624215 0.180652 -0.011831
123000 -3378.39464565 631.98371703 0.408258 5.6344 0.639145 0.185734 0.010354
123100 -3373.26049390 618.15041230 0.399322 5.6344 0.639145 0.185734 0.001740
123200 -3390.85260161 629.38361927 0.406579 5.6344 0.639145 0.185734 -0.092535
123300 -3382.94227240 616.34894974 0.398158 5.6344 0.639145 0.185734 -0.003130
123400 -3391.28383410 607.97034512 0.392746 5.6344 0.639145 0.185734 0.066626
123500 -3411.91170980 609.81716247 0.393939 5.6563 0.631845 0.181405 -0.033940
123600 -3398.58997295 579.72500641 0.374499 5.6563 0.631845 0.181405 0.014470
123700 -3398.37291662 606.28159335 0.391655 5.6563 0.631845 0.181405 -0.009508
123800 -3402.01118930 585.03689297 0.377931 5.6563 0.631845 0.181405 0.026348
123900 -3393.94876204 587.41706801 0.379468 5.6563 0.631845 0.181405 -0.000363
124000 -3381.85143668 584.73631596 0.377737 5.6899 0.618696 0.182019 0.012663
124100 -3382.65211220 610.98399058 0.394693 5.6899 0.618696 0.182019 0.077477
124200 -3405.00409963 615.49992919 0.397610 5.6899 0.618696 0.182019 -0.022830
124300 -3402.70320336 604.99615458 0.390824 5.6899 0.618696 0.182019 0.024039
124400 -3417.28392507 598.08349257 0.386359 5.6899 0.618696 0.182019 -0.056429
124500 -3400.89565829 609.11406806 0.393485 5.6693 0.635173 0.182332 0.048370
124600 -3392.69031577 598.03307763 0.386326 5.6693 0.635173 0.182332 0.065901
124700 -3402.54135578 611.73713710 0.395179 5.6693 0.635173 0.182332 -0.002057
124800 -3409.85916618 604.22305924 0.390325 5.6693 0.635173 0.182332 -0.006563
124900 -3417.03384912 608.17127652 0.392876 5.6693 0.635173 0.182332 0.007389
125000 -3412.51210136 643.91745140 0.415967 5.6770 0.637620 0.178811 0.056936
125100 -3375.90035955 636.61537651 0.411250 5.6770 0.637620 0.178811 0.151799
125200 -3380.28232099 639.21777483 0.412931 5.6770 0.637620 0.178811 0.056214
125300 -3376.77410271 620.11117982 0.400589 5.6770 0.637620 0.178811 0.087158
125400 -3378.26272956 605.08387995 0.390881 5.6770 0.637620 0.178811 0.061610
125500 -3387.62225025 602.16722190 0.388997 5.6512 0.626083 0.186007 -0.028583
125600 -3403.32720043 627.89583293 0.405617 5.6512 0.626083 0.186007 -0.097877
125700 -3403.66194527 618.80340497 0.399744 5.6512 0.626083 0.186007 -0.107966
125800 -3391.02013290 637.24523875 0.411657 5.6512 0.626083 0.186007 -0.022502
125900 -3407.18560976 636.40266347 0.411113 5.6512 0.626083 0.186007 -0.065532
126000 -3396.87661515 611.50453543 0.395029 5.6938 0.633218 0.174640 -0.042899
126100 -3393.53031903 613.63886104 0.396408 5.6938 0.633218 0.174640 0.005264
126200 -3399.47764141 589.99921001 0.381136 5.6938 0.633218 0.174640 0.021702
126300 -3386.20341102 610.52466436 0.394396 5.6938 0.633218 0.174640 0.076005
126400 -3395.71919669 615.00480284 0.397290 5.6938 0.633218 0.174640 0.028633
126500 -3398.40238647 601.20352779 0.388374 5.6628 0.651130 0.185505 -0.060666
126600 -3391.73194918 592.03809255 0.382454 5.6628 0.651130 0.185505 -0.004846
126700 -3410.55552447 628.62375051 0.406088 5.6628 0.651130 0.185505 -0.073056
126800 -3376.23732489 604.22675563 0.390327 5.6628 0.651130 0.185505 -0.042779
126900 -3395.40850453 622.22197221 0.401952 5.6628 0.651130 0.185505 -0.004168
127000 -3399.01116751 636.92973861 0.411453 5.6873 0.634523 0.175655 0.018800
127100 -3394.11167337 621.88238246 0.401733 5.6873 0.634523 0.175655 -0.011200
127200 -3392.50049959 656.22222180 0.423916 5.6873 0.634523 0.175655 0.114541
127300 -3392.86704190 645.06470746 0.416708 5.6873 0.634523 0.175655 0.034377
127400 -3400.91386774 642.53943791 0.415077 5.6873 0.634523 0.175655 -0.003257
127500 -3404.70062592 610.37052864 0.394296 5.6835 0.637160 0.178207 -0.036438
127600 -3406.61838523 626.09741961 0.404456 5.6835 0.637160 0.178207 0.015785
127700 -3389.97116536 603.23229008 0.389685 5.6835 0.637160 0.178207 0.028204
127800 -3417.70642689 613.88160695 0.396564 5.6835 0.637160 0.178207 -0.046504
127900 -3415.95349393 582.00672142 0.375973 5.6835 0.637160 0.178207 -0.081706
128000 -3437.93649835 618.16050812 0.399328 5.7158 0.628963 0.171391 -0.148750
128100 -3414.89056973 614.96960519 0.397267 5.7158 0.628963 0.171391 0.009962
128200 -3420.99757945 631.35852995 0.407854 5.7158 0.628963 0.171391 0.004690
128300 -3416.73754189 637.31246570 0.411701 5.7158 0.628963 0.171391 -0.026750
128400 -3429.56419515 632.22660217 0.408415 5.7158 0.628963 0.171391 -0.110483
128500 -3414.25238231 618.54498678 0.399577 5.6705 0.657814 0.177833 -0.063290
128600 -3413.02085370 593.21256476 0.383212 5.6705 0.657814 0.177833 0.007308
128700 -3406.97087311 605.85509964 0.391379 5.6705 0.657814 0.177833 0.022156
128800 -3389.44378277 617.53497401 0.398924 5.6705 0.657814 0.177833 0.077804
128900 -3417.75068479 621.10667423 0.401232 5.6705 0.657814 0.177833 -0.040546
129000 -3396.57970642 629.13778629 0.406420 5.6486 0.637184 0.181777 0.075586
129100 -3391.68451039 614.32760198 0.396852 5.6486 0.637184 0.181777 0.072503
129200 -3402.01963648 641.05911206 0.414121 5.6486 0.637184 0.181777 0.052270
129300 -3403.90728002 627.77834543 0.405542 5.6486 0.637184 0.181777 -0.044865
129400 -3383.67759416 635.12905267 0.410290 5.6486 0.637184 0.181777 0.024340
129500 -3391.23838699 621.79525629 0.401677 5.6822 0.627889 0.182049 0.042806
129600 -3431.87316229 633.31099148 0.409116 5.6822 0.627889 0.182049 -0.080761
129700 -3409.34933319 606.83800383 0.392014 5.6822 0.627889 0.182049 -0.048458
129800 -3419.30143673 621.95838516 0.401782 5.6822 0.627889 0.182049 -0.078625
129900 -3413.86246515 612.38849417 0.395600 5.6822 0.627889 0.182049 -0.066847
130000 -3414.23590490 616.51165694 0.398263 5.6925 0.642079 0.178507 -0.020674
130100 -3419.94341140 604.18332460 0.390299 5.6925 0.642079 0.178507 -0.019916
130200 -3425.78745573 597.52893027 0.386001 5.6925 0.642079 0.178507 -0.046593
130300 -3432.84967307 616.46342273 0.398232 5.6925 0.642079 0.178507 -0.064056
130400 -3403.49753652 613.74936210 0.396479 5.6925 0.642079 0.178507 0.070260
130500 -3408.64462573 609.13096618 0.393495 5.7016 0.643137 0.179980 0.044307
130600 -3428.14132658 610.98268609 0.394692 5.7016 0.643137 0.179980 -0.000371
130700 -3423.93870244 603.58151476 0.389911 5.7016 0.643137 0.179980 0.009345
130800 -3429.80017060 613.45935382 0.396292 5.7016 0.643137 0.179980 -0.042029
130900 -3413.76594233 613.94357198 0.396604 5.7016 0.643137 0.179980 0.034723
131000 -3403.78770614 646.76042245 0.417804 5.6860 0.647109 0.177536 0.086828
131100 -3412.21673576 619.21535522 0.400010 5.6860 0.647109 0.177536 0.002527
131200 -3431.06998390 611.00016835 0.394703 5.6860 0.647109 0.177536 -0.019104
131300 -3410.02928199 634.76225559 0.410053 5.6860 0.647109 0.177536 0.056006
131400 -3418.85620745 601.39226559 0.388496 5.6860 0.647109 0.177536 0.005392
131500 -3432.13318319 635.19301821 0.410331 5.6822 0.642590 0.179800 -0.087862
131600 -3401.69388836 619.87807103 0.400438 5.6822 0.642590 0.179800 -0.038365
131700 -3400.48031560 639.97114328 0.413418 5.6822 0.642590 0.179800 -0.032281
131800 -3387.13111540 628.80132213 0.406202 5.6822 0.642590 0.179800 -0.010420
131900 -3383.82217289 629.24390472 0.406488 5.6822 0.642590 0.179800 -0.017132
132000 -3399.56801242 629.11462723 0.406405 5.7028 0.617021 0.176317 -0.148018
132100 -3399.06327790 593.92766208 0.383674 5.7028 0.617021 0.176317 -0.071639
132200 -3411.07244153 613.39752383 0.396252 5.7028 0.617021 0.176317 -0.033376
132300 -3430.78232584 661.66460490 0.427432 5.7028 0.617021 0.176317 -0.058230
132400 -3429.05763160 610.86537355 0.394616 5.7028 0.617021 0.176317 -0.013597
132500 -3418.21535827 591.12137519 0.381861 5.7028 0.634268 0.175847 0.008822
132600 -3411.73040146 604.32855065 0.390393 5.7028 0.634268 0.175847 0.049473
132700 -3420.15123887 602.00221108 0.388890 5.7028 0.634268 0.175847 -0.048066
132800 -3420.97982250 611.76382136 0.395196 5.7028 0.634268 0.175847 -0.056068
132900 -3396.15660779 622.02212625 0.401823 5.7028 0.634268 0.175847 0.043599
133000 -3379.46365697 616.80610218 0.398454 5.6693 0.624991 0.182354 0.135073
133100 -3397.27191394 620.57421824 0.400888 5.6693 0.624991 0.182354 -0.056985
133200 -3405.30522898 632.76460061 0.408763 5.6693 0.624991 0.182354 -0.061493
133300 -3385.30145819 646.84916676 0.417861 5.6693 0.624991 0.182354 0.019806
133400 -3377.08025547 633.95680367 0.409533 5.6693 0.624991 0.182354 0.098227
133500 -3372.10310512 642.56049797 0.415091 5.6512 0.630785 0.182410 0.081972
133600 -3397.48724907 639.09277247 0.412851 5.6512 0.630785 0.182410 -0.066066
133700 -3389.15492371 610.33280056 0.394272 5.6512 0.630785 0.182410 -0.008249
133800 -3390.15149364 643.48067451 0.415685 5.6512 0.630785 0.182410 0.062233
133900 -3383.87158944 617.89156072 0.399155 5.6512 0.630785 0.182410 0.055811
134000 -3385.11986717 665.51445494 0.429919 5.6744 0.627047 0.186007 -0.023455
134100 -3366.69706678 629.16867516 0.406440 5.6744 0.627047 0.186007 0.084877
134200 -3362.52660703 621.20528995 0.401295 5.6744 0.627047 0.186007 0.086328
134300 -3380.40601129 617.65737114 0.399003 5.6744 0.627047 0.186007 -0.077928
134400 -3365.90806335 616.29685046 0.398125 5.6744 0.627047 0.186007 0.018029
134500 -3394.85998489 651.25677893 0.420709 5.6731 0.634972 0.180735 -0.076776
134600 -3387.60144123 601.66555043 0.388673 5.6731 0.634972 0.180735 -0.056786
134700 -3386.33845495 634.31283570 0.409763 5.6731 0.634972 0.180735 0.007306
134800 -3377.41011419 612.25414015 0.395513 5.6731 0.634972 0.180735 0.034275
134900 -3384.88383984 604.06479707 0.390223 5.6731 0.634972 0.180735 0.044613
135000 -3383.10808737 619.31689141 0.400076 5.6809 0.629872 0.178974 0.075540
135100 -3419.38608568 614.71850732 0.397105 5.6809 0.629872 0.178974 -0.080530
135200 -3424.41963313 615.56266670 0.397650 5.6809 0.629872 0.178974 -0.091174
135300 -3416.92833603 605.46228506 0.391126 5.6809 0.629872 0.178974 0.014905
135400 -3427.55402227 622.22714186 0.401956 5.6809 0.629872 0.178974 -0.005140
135500 -3414.62186069 604.43798350 0.390464 5.6899 0.618089 0.180063 0.025372
135600 -3409.15959325 589.06322706 0.380532 5.6899 0.618089 0.180063 0.022023
135700 -3411.95826412 608.08474734 0.392820 5.6899 0.618089 0.180063 0.067926
135800 -3421.51406984 619.75335605 0.400357 5.6899 0.618089 0.180063 0.020212
135900 -3407.42632053 622.21567017 0.401948 5.6899 0.618089 0.180063 -0.007264
136000 -3377.28595879 600.60071478 0.387985 5.6705 0.614311 0.180495 0.069029
136100 -3378.45811371 626.05163333 0.404426 5.6705 0.614311 0.180495 0.062164
136200 -3372.56138433 626.46667876 0.404694 5.6705 0.614311 0.180495 0.023966
136300 -3389.91435154 655.83255350 0.423664 5.6705 0.614311 0.180495 0.055482
136400 -3373.52650863 636.27574868 0.411031 5.6705 0.614311 0.180495 0.069541
136500 -3365.14113042 623.71647265 0.402918 5.7016 0.620794 0.185039 0.067264
136600 -3378.30691442 616.89814310 0.398513 5.7016 0.620794 0.185039 0.010820
136700 -3366.21780830 608.36450152 0.393000 5.7016 0.620794 0.185039 0.057045
136800 -3375.00704899 625.82354515 0.404279 5.7016 0.620794 0.185039 0.015741
136900 -3374.83313103 623.03547609 0.402478 5.7016 0.620794 0.185039 0.031727
137000 -3375.88676282 632.71703379 0.408732 5.6705 0.631172 0.177773 0.055140
137100 -3361.36283912 628.01030953 0.405691 5.6705 0.631172 0.177773 0.002865
137200 -3373.30490806 619.81400655 0.400397 5.6705 0.631172 0.177773 -0.096504
137300 -3359.46243745 599.25303227 0.387114 5.6705 0.631172 0.177773 -0.055226
137400 -3389.58365276 665.49425951 0.429906 5.6705 0.631172 0.177773 -0.044247
137500 -3388.25993241 638.12628302 0.412226 5.6654 0.633943 0.177336 -0.003170
137600 -3407.68544442 616.11822087 0.398009 5.6654 0.633943 0.177336 -0.184842
137700 -3383.12540228 584.97366168 0.377890 5.6654 0.633943 0.177336 -0.112365
137800 -3379.64854557 624.03352806 0.403122 5.6654 0.633943 0.177336 0.024346
137900 -3388.52974745 643.97193265 0.416003 5.6654 0.633943 0.177336 -0.068437
138000 -3380.87407627 609.05117994 0.393444 5.6628 0.624779 0.184242 0.020540
138100 -3375.04821386 599.62694212 0.387356 5.6628 0.624779 0.184242 0.018227
138200 -3389.63064388 606.74573480 0.391955 5.6628 0.624779 0.184242 -0.079377
138300 -3391.19943092 618.68702479 0.399669 5.6628 0.624779 0.184242 -0.097460
138400 -3380.78411318 592.84929743 0.382978 5.6628 0.624779 0.184242 0.012983
138500 -3384.06450666 600.69221950 0.388044 5.6938 0.615391 0.185246 -0.035368
138600 -3389.31808528 596.33036967 0.385226 5.6938 0.615391 0.185246 -0.047618
138700 -3410.81354564 600.50100166 0.387921 5.6938 0.615391 0.185246 -0.041876
138800 -3411.89974308 614.19465176 0.396767 5.6938 0.615391 0.185246 -0.043563
138900 -3408.43144851 623.49469989 0.402774 5.6938 0.615391 0.185246 -0.067908
139000 -3412.83228988 607.25336244 0.392283 5.6809 0.635636 0.177592 -0.065015
139100 -3415.79716808 631.42880019 0.407900 5.6809 0.635636 0.177592 0.012943
139200 -3418.42731341 643.09239204 0.415434 5.6809 0.635636 0.177592 -0.041848
139300 -3429.70114398 641.02483362 0.414099 5.6809 0.635636 0.177592 -0.095444
139400 -3401.28633937 591.83563892 0.382323 5.6809 0.635636 0.177592 0.052691
139500 -3411.01536940 613.45149365 0.396286 5.6848 0.641038 0.178417 0.045888
139600 -3430.55628274 598.79018753 0.386815 5.6848 0.641038 0.178417 -0.061286
139700 -3438.42182958 611.29658768 0.394894 5.6848 0.641038 0.178417 0.013444
139800 -3438.25948254 626.85827091 0.404947 5.6848 0.641038 0.178417 0.048470
139900 -3434.94111261 602.94385018 0.389499 5.6848 0.641038 0.178417 0.073464
140000 -3451.89592536 639.66146374 0.413218 5.7054 0.650281 0.172940 -0.067458
140100 -3409.65712988 601.50909540 0.388572 5.7054 0.650281 0.172940 0.095445
140200 -3422.96329885 616.11133487 0.398005 5.7054 0.650281 0.172940 -0.012113
140300 -3416.20728410 617.78123588 0.399083 5.7054 0.650281 0.172940 0.062756
140400 -3432.32952298 641.55439350 0.414441 5.7054 0.650281 0.172940 0.008783
140500 -3429.01040723 615.41807902 0.397557 5.6848 0.649369 0.180712 0.048486
140600 -3433.36390814 619.34139186 0.400091 5.6848 0.649369 0.180712 -0.018744
140700 -3434.16435313 612.72291767 0.395816 5.6848 0.649369 0.180712 0.011906
140800 -3417.65260063 603.56064368 0.389897 5.6848 0.649369 0.180712 0.076634
140900 -3422.51048130 621.12120232 0.401241 5.6848 0.649369 0.180712 0.115750
141000 -3417.51939145 613.81143728 0.396519 5.6783 0.629213 0.179452 0.068002
141100 -3400.33361657 609.98046791 0.394044 5.6783 0.629213 0.179452 0.098816
141200 -3423.33857358 624.33352928 0.403316 5.6783 0.629213 0.179452 -0.037005
141300 -3436.74162253 613.88901430 0.396569 5.6783 0.629213 0.179452 -0.031964
141400 -3429.00902942 609.65341609 0.393833 5.6783 0.629213 0.179452 -0.020293
141500 -3417.10406344 618.96469365 0.399848 5.6408 0.636737 0.185277 -0.000595
141600 -3422.50974798 646.68387318 0.417754 5.6408 0.636737 0.185277 -0.029907
141700 -3401.18153700 617.04475340 0.398608 5.6408 0.636737 0.185277 -0.014764
141800 -3415.86475306 615.59805927 0.397673 5.6408 0.636737 0.185277 -0.043209
141900 -3403.19051137 605.66886585 0.391259 5.6408 0.636737 0.185277 0.034310
142000 -3394.21630741 616.52507989 0.398272 5.7132 0.623136 0.179841 -0.034296
142100 -3385.26573263 630.20469408 0.407109 5.7132 0.623136 0.179841 -0.000075
142200 -3380.06063637 628.21622243 0.405824 5.7132 0.623136 0.179841 0.055074
142300 -3380.49244321 604.28478755 0.390365 5.7132 0.623136 0.179841 0.142804
142400 -3400.03031018 617.32971126 0.398792 5.7132 0.623136 0.179841 0.030219
142500 -3394.74481026 627.91212270 0.405628 5.6809 0.624359 0.180120 0.018781
142600 -3374.79732487 626.67481248 0.404829 5.6809 0.624359 0.180120 0.144857
142700 -3385.51279306 611.97694948 0.395334 5.6809 0.624359 0.180120 0.020725
142800 -3398.90622929 599.34928227 0.387177 5.6809 0.624359 0.180120 -0.003053
142900 -3406.63185801 624.09521345 0.403162 5.6809 0.624359 0.180120 0.003783
143000 -3390.34041032 604.18638595 0.390301 5.7003 0.623783 0.178983 -0.066742
143100 -3390.72657234 608.90178608 0.393347 5.7003 0.623783 0.178983 -0.038453
143200 -3392.48161346 630.69619910 0.407426 5.7003 0.623783 0.178983 -0.040749
143300 -3388.37325006 610.85141842 0.394607 5.7003 0.623783 0.178983 0.049484
143400 -3413.90326240 605.54433225 0.391179 5.7003 0.623783 0.178983 -0.074055
143500 -3407.74295365 625.14086956 0.403838 5.6938 0.630091 0.176127 -0.019211
143600 -3398.35945889 618.03917377 0.399250 5.6938 0.630091 0.176127 0.046319
143700 -3408.62734567 648.85585123 0.419158 5.6938 0.630091 0.176127 0.007439
143800 -3385.82247087 618.74491995 0.399706 5.6938 0.630091 0.176127 0.104371
143900 -3407.83835820 623.72426403 0.402923 5.6938 0.630091 0.176127 -0.073775
144000 -3399.29421582 609.01788067 0.393422 5.7041 0.623009 0.179284 0.001677
144100 -3389.64789593 603.05132755 0.389568 5.7041 0.623009 0.179284 0.042069
144200 -3384.08705573 615.75542897 0.397775 5.7041 0.623009 0.179284 0.107378
144300 -3395.54859227 644.78451367 0.416527 5.7041 0.623009 0.179284 0.058934
144400 -3380.31898756 627.27951194 0.405219 5.7041 0.623009 0.179284 0.167456
144500 -3384.90291324 619.50623960 0.400198 5.6654 0.637012 0.178529 0.041876
144600 -3380.90144100 635.62711717 0.410612 5.6654 0.637012 0.178529 0.046262
144700 -3395.56615936 623.75154818 0.402940 5.6654 0.637012 0.178529 -0.057147
144800 -3404.51644727 626.86912828 0.404954 5.6654 0.637012 0.178529 -0.099970
144900 -3402.61367037 610.61806954 0.394456 5.6654 0.637012 0.178529 -0.057873
145000 -3423.75426409 621.80819317 0.401685 5.6796 0.633218 0.175822 -0.084905
145100 -3392.09949619 636.63279611 0.411261 5.6796 0.633218 0.175822 0.070048
145200 -3378.86175092 624.77043518 0.403598 5.6796 0.633218 0.175822 0.049355
145300 -3389.50422167 632.53949611 0.408617 5.6796 0.633218 0.175822 0.044938
145400 -3385.01452137 608.97374920 0.393394 5.6796 0.633218 0.175822 0.010067
145500 -3393.91432343 626.29040482 0.404580 5.6693 0.640651 0.175733 -0.001154
145600 -3386.91159164 597.04546131 0.385688 5.6693 0.640651 0.175733 -0.014052
145700 -3396.94237828 620.08148407 0.400569 5.6693 0.640651 0.175733 -0.009573
145800 -3385.45599470 613.48836738 0.396310 5.6693 0.640651 0.175733 0.093385
145900 -3400.39902342 626.77782514 0.404895 5.6693 0.640651 0.175733 -0.052079
146000 -3411.11382863 619.88781507 0.400444 5.6925 0.626841 0.178022 -0.088218
146100 -3398.28569311 598.14450214 0.386398 5.6925 0.626841 0.178022 -0.015799
146200 -3426.86780702 614.16033725 0.396744 5.6925 0.626841 0.178022 -0.074206
146300 -3412.22770638 612.35361595 0.395577 5.6925 0.626841 0.178022 -0.081574
146400 -3386.14874238 594.11634808 0.383796 5.6925 0.626841 0.178022 0.003891
146500 -3403.53762943 608.96938823 0.393391 5.6563 0.631074 0.177930 0.037392
146600 -3422.19093204 607.04177572 0.392146 5.6563 0.631074 0.177930 -0.070717
146700 -3436.14328599 621.39006509 0.401415 5.6563 0.631074 0.177930 -0.001908
146800 -3423.92287308 601.60552135 0.388634 5.6563 0.631074 0.177930 -0.030740
146900 -3410.43811365 593.30263030 0.383270 5.6563 0.631074 0.177930 -0.005308
147000 -3387.82960071 592.08453650 0.382484 5.6279 0.641375 0.182655 0.124356
147100 -3398.25892737 613.14874587 0.396091 5.6279 0.641375 0.182655 -0.067875
147200 -3399.75935628 595.09592449 0.384429 5.6279 0.641375 0.182655 -0.130925
147300 -3408.17641675 597.02770441 0.385677 5.6279 0.641375 0.182655 -0.067875
147400 -3400.84627497 604.34268200 0.390402 5.6279 0.641375 0.182655 -0.019532
147500 -3416.18008800 622.79176894 0.402320 5.6563 0.644309 0.182559 -0.075718
147600 -3400.32403329 603.16579687 0.389642 5.6563 0.644309 0.182559 -0.097194
147700 -3395.83113794 580.57066202 0.375046 5.6563 0.644309 0.182559 -0.072280
147800 -3432.81255641 641.26167390 0.414252 5.6563 0.644309 0.182559 -0.172388
147900 -3432.25919879 608.15571382 0.392865 5.6563 0.644309 0.182559 -0.154091
148000 -3419.96030610 614.64689179 0.397059 5.6357 0.646796 0.185533 -0.036262
148100 -3424.97190569 630.78512000 0.407484 5.6357 0.646796 0.185533 -0.024538
148200 -3430.52640490 616.76133538 0.398425 5.6357 0.646796 0.185533 -0.057727
148300 -3436.66356523 627.73326421 0.405512 5.6357 0.646796 0.185533 -0.069816
148400 -3421.49277868 598.92129879 0.386900 5.6357 0.646796 0.185533 -0.034633
148500 -3403.54461226 583.79192342 0.377127 5.6860 0.644907 0.172838 0.022861
148600 -3404.68544786 607.90307035 0.392702 5.6860 0.644907 0.172838 0.114625
148700 -3382.96101500 621.46532221 0.401463 5.6860 0.644907 0.172838 0.092770
148800 -3408.10696643 619.34017708 0.400091 5.6860 0.644907 0.172838 -0.026149
148900 -3406.81507803 623.40587711 0.402717 5.6860 0.644907 0.172838 -0.036905
149000 -3404.76185633 627.06091637 0.405078 5.6654 0.633963 0.178561 0.035065
149100 -3399.63861679 619.07495947 0.399919 5.6654 0.633963 0.178561 0.016929
149200 -3410.15239017 624.60858947 0.403494 5.6654 0.633963 0.178561 0.016352
149300 -3401.72479927 634.91016091 0.410149 5.6654 0.633963 0.178561 -0.020009
149400 -3419.25557365 657.99567129 0.425062 5.6654 0.633963 0.178561 -0.082681
149500 -3398.75211489 639.39162377 0.413044 5.6835 0.641931 0.178804 0.005736
149600 -3396.99120687 610.81367187 0.394582 5.6835 0.641931 0.178804 0.045669
149700 -3392.98804984 604.50247484 0.390505 5.6835 0.641931 0.178804 -0.000759
149800 -3405.29831464 630.46290132 0.407276 5.6835 0.641931 0.178804 -0.039973
149900 -3401.12064223 629.87876147 0.406898 5.6835 0.641931 0.178804 0.061515
150000 -3398.12252573 645.76207239 0.417159 5.6848 0.643746 0.177763 0.051070
150100 -3415.50178961 650.00115639 0.419897 5.6848 0.643746 0.177763 -0.009615
150200 -3393.40029981 613.96393623 0.396618 5.6848 0.643746 0.177763 0.183303
150300 -3385.26100628 616.96670992 0.398557 5.6848 0.643746 0.177763 0.075383
150400 -3396.18395612 614.27701196 0.396820 5.6848 0.643746 0.177763 -0.041161
150500 -3415.75345826 609.49722256 0.393732 5.6744 0.637654 0.182655 0.022996
150600 -3400.36769183 607.22871393 0.392267 5.6744 0.637654 0.182655 -0.012009
150700 -3402.49064158 586.17925345 0.378669 5.6744 0.637654 0.182655 -0.053348
150800 -3411.52163531 616.68558387 0.398376 5.6744 0.637654 0.182655 0.019277
150900 -3395.98926076 593.68680839 0.383519 5.6744 0.637654 0.182655 0.013064
151000 -3402.46995165 607.42357936 0.392392 5.6705 0.629337 0.182687 0.022780
151100 -3388.70344646 633.45908218 0.409211 5.6705 0.629337 0.182687 0.072698
151200 -3389.34706050 624.87516622 0.403666 5.6705 0.629337 0.182687 -0.008151
151300 -3385.50734648 624.28049422 0.403282 5.6705 0.629337 0.182687 0.087914
151400 -3398.38507479 618.12316663 0.399304 5.6705 0.629337 0.182687 -0.007845
151500 -3404.70435021 634.54714598 0.409914 5.6654 0.628122 0.179291 -0.083708
151600 -3378.59925470 642.62402946 0.415132 5.6654 0.628122 0.179291 0.041438
151700 -3367.52485591 626.81434605 0.404919 5.6654 0.628122 0.179291 0.065084
151800 -3390.18367011 629.95683422 0.406949 5.6654 0.628122 0.179291 -0.001629
151900 -3378.36708745 608.43786665 0.393048 5.6654 0.628122 0.179291 0.036340
152000 -3382.71850595 601.57352895 0.388613 5.6718 0.624714 0.180207 0.094717
152100 -3392.12518791 618.21257454 0.399362 5.6718 0.624714 0.180207 -0.007463
152200 -3392.12979005 607.54345958 0.392470 5.6718 0.624714 0.180207 -0.059376
152300 -3380.23345680 607.46670981 0.392420 5.6718 0.624714 0.180207 -0.011258
152400 -3361.75013463 612.43633385 0.395631 5.6718 0.624714 0.180207 0.028608
152500 -3383.63173080 613.30181894 0.396190 5.6860 0.627312 0.183519 -0.079617
152600 -3391.64303622 625.47712284 0.404055 5.6860 0.627312 0.183519 -0.117455
152700 -3374.46221499 613.90495491 0.396579 5.6860 0.627312 0.183519 -0.031467
152800 -3397.34401613 649.22478818 0.419396 5.6860 0.627312 0.183519 -0.031820
152900 -3396.08263918 650.49433534 0.420216 5.6860 0.627312 0.183519 0.069871
153000 -3395.84629664 632.10085497 0.408334 5.6718 0.642630 0.179615 -0.015063
153100 -3414.90059528 612.23985183 0.395504 5.6718 0.642630 0.179615 -0.044972
153200 -3416.30074794 630.44064667 0.407261 5.6718 0.642630 0.179615 -0.042229
153300 -3402.79523950 627.37139903 0.405279 5.6718 0.642630 0.179615 0.002512
153400 -3399.76105644 635.94103190 0.410815 5.6718 0.642630 0.179615 0.030517
153500 -3399.73944118 608.91443852 0.393356 5.6654 0.648859 0.177267 -0.006203
153600 -3423.95524761 613.73461047 0.396469 5.6654 0.648859 0.177267 -0.047515
153700 -3427.86317669 611.47572185 0.395010 5.6654 0.648859 0.177267 -0.051397
153800 -3417.20536151 605.09637285 0.390889 5.6654 0.648859 0.177267 -0.006268
153900 -3407.65784172 599.27723792 0.387130 5.6654 0.648859 0.177267 -0.007108
154000 -3414.04321592 619.59676324 0.400256 5.6964 0.634364 0.178144 0.011069
154100 -3394.99274535 619.12638658 0.399952 5.6964 0.634364 0.178144 -0.022532
154200 -3386.28950923 603.44206655 0.389820 5.6964 0.634364 0.178144 0.041075
154300 -3400.27924686 608.34220298 0.392986 5.6964 0.634364 0.178144 -0.007991
154400 -3402.60366864 626.57541276 0.404764 5.6964 0.634364 0.178144 -0.053547
154500 -3397.93185876 643.76052093 0.415866 5.6731 0.634732 0.177291 -0.029374
154600 -3402.55799835 616.29874222 0.398126 5.6731 0.634732 0.177291 0.057346
154700 -3390.79372928 626.28413099 0.404576 5.6731 0.634732 0.177291 0.126252
154800 -3401.30580419 635.57886940 0.410581 5.6731 0.634732 0.177291 0.085402
154900 -3418.59134986 617.49051939 0.398896 5.6731 0.634732 0.177291 -0.006444
155000 -3417.12883578 602.10291248 0.388955 5.6563 0.645452 0.179807 -0.008360
155100 -3426.28101820 616.55567934 0.398292 5.6563 0.645452 0.179807 -0.043306
155200 -3432.47996350 624.51080437 0.403431 5.6563 0.645452 0.179807 -0.064161
155300 -3407.38037182 607.97650626 0.392750 5.6563 0.645452 0.179807 0.042680
155400 -3399.37410180 621.94608697 0.401774 5.6563 0.645452 0.179807 0.116673
155500 -3384.15225791 631.54280975 0.407973 5.6770 0.638574 0.185414 0.128060
155600 -3399.85051433 627.92158443 0.405634 5.6770 0.638574 0.185414 0.031651
155700 -3427.26258854 608.95820573 0.393384 5.6770 0.638574 0.185414 -0.161725
155800 -3408.86968910 614.44670421 0.396929 5.6770 0.638574 0.185414 -0.019936
155900 -3434.24494752 610.31869752 0.394263 5.6770 0.638574 0.185414 -0.151003
156000 -3411.42048423 608.39318590 0.393019 5.6615 0.637944 0.178907 0.015764
156100 -3423.32050337 630.64428458 0.407393 5.6615 0.637944 0.178907 -0.065170
156200 -3418.48466974 614.23302382 0.396791 5.6615 0.637944 0.178907 -0.033249
156300 -3419.64798358 633.74099040 0.409393 5.6615 0.637944 0.178907 -0.018997
156400 -3420.93803417 623.59579350 0.402840 5.6615 0.637944 0.178907 0.059357
156500 -3413.41693181 585.64290737 0.378322 5.7093 0.639327 0.181580 -0.007741
156600 -3421.28233270 623.17062667 0.402565 5.7093 0.639327 0.181580 0.009090
156700 -3417.19797003 602.82643123 0.389423 5.7093 0.639327 0.181580 0.025665
156800 -3407.38618411 603.32849914 0.389747 5.7093 0.639327 0.181580 0.062324
156900 -3426.42290755 605.45321566 0.391120 5.7093 0.639327 0.181580 -0.069269
157000 -3422.81634062 629.47950808 0.406641 5.7196 0.624036 0.176638 -0.037088
157100 -3445.31500077 620.82497557 0.401050 5.7196 0.624036 0.176638 -0.070405
157200 -3426.48841457 605.75017280 0.391311 5.7196 0.624036 0.176638 0.065479
157300 -3445.08031421 637.83056013 0.412035 5.7196 0.624036 0.176638 0.077058
157400 -3443.11975496 604.27967863 0.390362 5.7196 0.624036 0.176638 0.024773
157500 -3459.71308417 620.46915938 0.400820 5.6718 0.651296 0.173396 -0.096774
157600 -3431.37399020 624.60621553 0.403492 5.6718 0.651296 0.173396 0.015257
157700 -3442.86780022 628.70061207 0.406137 5.6718 0.651296 0.173396 -0.001149
157800 -3421.10036560 593.84165964 0.383619 5.6718 0.651296 0.173396 0.149884
157900 -3436.38294906 638.52290488 0.412482 5.6718 0.651296 0.173396 0.021389
158000 -3430.00283397 625.15481028 0.403847 5.7132 0.635643 0.171628 0.112073
158100 -3453.39478016 614.97772587 0.397272 5.7132 0.635643 0.171628 -0.041613
158200 -3443.01235497 617.14721280 0.398674 5.7132 0.635643 0.171628 -0.029150
158300 -3443.05576574 627.42444615 0.405313 5.7132 0.635643 0.171628 -0.015507
158400 -3451.89073234 608.99932356 0.393410 5.7132 0.635643 0.171628 -0.006128
158500 -3456.28950663 618.05091651 0.399258 5.6899 0.659694 0.170065 -0.004768
158600 -3424.44876045 623.07824582 0.402505 5.6899 0.659694 0.170065 0.050253
158700 -3449.37592300 632.79634254 0.408783 5.6899 0.659694 0.170065 -0.077116
158800 -3421.07472738 652.90230949 0.421772 5.6899 0.659694 0.170065 0.082853
158900 -3422.79402987 641.49323319 0.414401 5.6899 0.659694 0.170065 0.061008
159000 -3426.51931204 633.68451393 0.409357 5.6886 0.648285 0.175833 0.114240
159100 -3432.59241738 641.69752894 0.414533 5.6886 0.648285 0.175833 0.034454
159200 -3418.56500882 629.35036727 0.406557 5.6886 0.648285 0.175833 0.042095
159300 -3437.46397438 593.23683171 0.383228 5.6886 0.648285 0.175833 -0.037723
159400 -3448.76951016 591.02383751 0.381798 5.6886 0.648285 0.175833 -0.003002
159500 -3449.25464419 581.89055403 0.375898 5.6822 0.651222 0.173969 -0.008075
159600 -3446.57782750 604.66856406 0.390613 5.6822 0.651222 0.173969 0.006670
159700 -3452.89322494 585.87014528 0.378469 5.6822 0.651222 0.173969 -0.028291
159800 -3451.18766293 581.48380359 0.375636 5.6822 0.651222 0.173969 -0.045297
159900 -3452.98005735 615.81536739 0.397814 5.6822 0.651222 0.173969 0.004977
160000 -3463.43899028 623.24684220 0.402614 5.6925 0.657384 0.175347 -0.049463
160100 -3440.75436257 618.44638036 0.399513 5.6925 0.657384 0.175347 0.074413
160200 -3428.10597138 598.49963868 0.386628 5.6925 0.657384 0.175347 0.000662
160300 -3449.98241847 630.06425984 0.407018 5.6925 0.657384 0.175347 -0.049173
160400 -3434.99363983 609.67315735 0.393846 5.6925 0.657384 0.175347 0.017487
160500 -3443.89711645 609.66852059 0.393843 5.6770 0.663513 0.173248 0.032027
160600 -3425.64145097 633.22085303 0.409057 5.6770 0.663513 0.173248 0.046813
160700 -3426.55089650 613.15702176 0.396096 5.6770 0.663513 0.173248 0.063229
160800 -3420.68094661 620.82572931 0.401050 5.6770 0.663513 0.173248 0.035006
160900 -3442.49119395 620.41230816 0.400783 5.6770 0.663513 0.173248 -0.091210
161000 -3446.45818593 619.69369861 0.400319 5.6873 0.642751 0.175211 0.019265
161100 -3436.20107890 599.86741943 0.387511 5.6873 0.642751 0.175211 0.012030
161200 -3447.56031485 623.29168321 0.402643 5.6873 0.642751 0.175211 0.018271
161300 -3432.45337174 640.33516795 0.413653 5.6873 0.642751 0.175211 0.031048
161400 -3439.98846272 624.49366875 0.403420 5.6873 0.642751 0.175211 -0.078250
161500 -3418.50091930 613.72302237 0.396462 5.7003 0.629381 0.178019 0.007242
161600 -3409.69214509 629.00578714 0.406334 5.7003 0.629381 0.178019 0.030753
161700 -3425.69960399 643.23597099 0.415527 5.7003 0.629381 0.178019 -0.084486
161800 -3398.56536251 629.40612900 0.406593 5.7003 0.629381 0.178019 0.044558
161900 -3393.35391864 599.80704557 0.387472 5.7003 0.629381 0.178019 0.017010
162000 -3404.12598443 623.45696603 0.402750 5.7209 0.633779 0.174801 -0.003407
162100 -3398.34747475 615.85671283 0.397840 5.7209 0.633779 0.174801 0.021020
162200 -3405.22839589 621.30488458 0.401360 5.7209 0.633779 0.174801 -0.029572
162300 -3422.69784784 629.38665100 0.406581 5.7209 0.633779 0.174801 -0.092189
162400 -3414.89327427 617.76156586 0.399071 5.7209 0.633779 0.174801 0.024652
162500 -3411.28429041 597.95238700 0.386274 5.6951 0.630932 0.179100 0.001938
162600 -3427.81382656 619.66548953 0.400301 5.6951 0.630932 0.179100 -0.019564
162700 -3415.96047918 598.99001944 0.386944 5.6951 0.630932 0.179100 0.028447
162800 -3410.18135502 611.64151506 0.395117 5.6951 0.630932 0.179100 -0.011040
162900 -3410.28002122 626.15554772 0.404493 5.6951 0.630932 0.179100 0.101899
163000 -3409.22088846 616.44427057 0.398220 5.7028 0.645978 0.173378 -0.003695
163100 -3412.56564529 630.04806674 0.407008 5.7028 0.645978 0.173378 -0.021034
163200 -3417.88931124 625.45701631 0.404042 5.7028 0.645978 0.173378 0.024747
163300 -3419.91904174 618.15345801 0.399324 5.7028 0.645978 0.173378 -0.026872
163400 -3437.26875348 606.84558025 0.392019 5.7028 0.645978 0.173378 -0.145142
163500 -3426.71352476 603.85606240 0.390088 5.6576 0.644912 0.180708 -0.019047
163600 -3415.01912854 595.19987611 0.384496 5.6576 0.644912 0.180708 0.041379
163700 -3423.60970325 614.60181733 0.397030 5.6576 0.644912 0.180708 0.033637
163800 -3417.54268151 602.05060340 0.388922 5.6576 0.644912 0.180708 0.089389
163900 -3426.18776352 608.62693809 0.393170 5.6576 0.644912 0.180708 -0.026032
164000 -3436.54687868 608.41142887 0.393031 5.7003 0.637927 0.176490 -0.087283
164100 -3435.17607773 620.97727577 0.401148 5.7003 0.637927 0.176490 -0.035969
164200 -3410.33924495 615.98415400 0.397923 5.7003 0.637927 0.176490 0.056218
164300 -3406.90812599 627.00660645 0.405043 5.7003 0.637927 0.176490 -0.022438
164400 -3413.43654271 641.69512048 0.414532 5.7003 0.637927 0.176490 -0.041873
164500 -3395.93854150 629.23237034 0.406481 5.6667 0.630627 0.179425 0.182997
164600 -3415.61551595 604.22177826 0.390324 5.6667 0.630627 0.179425 -0.008441
164700 -3435.19954322 627.78774927 0.405548 5.6667 0.630627 0.179425 -0.081461
164800 -3415.15729335 626.44588278 0.404681 5.6667 0.630627 0.179425 0.035046
164900 -3413.48220557 626.36425234 0.404628 5.6667 0.630627 0.179425 0.006865
165000 -3410.94673792 630.05008788 0.407009 5.6886 0.638347 0.181303 -0.028872
165100 -3414.03655827 617.00298607 0.398581 5.6886 0.638347 0.181303 -0.011094
165200 -3429.49322499 608.03781005 0.392789 5.6886 0.638347 0.181303 -0.085662
165300 -3413.30337090 595.04833311 0.384398 5.6886 0.638347 0.181303 0.022724
165400 -3435.54509897 583.44205540 0.376901 5.6886 0.638347 0.181303 0.029955
165500 -3443.90625707 604.25751875 0.390347 5.6860 0.653929 0.172776 -0.052321
165600 -3426.91492138 614.76513717 0.397135 5.6860 0.653929 0.172776 -0.043656
165700 -3436.83257572 614.66182452 0.397068 5.6860 0.653929 0.172776 -0.013770
165800 -3413.54057477 599.25000874 0.387112 5.6860 0.653929 0.172776 0.025592
165900 -3425.12867199 609.36610321 0.393647 5.6860 0.653929 0.172776 -0.098406
166000 -3422.76945846 596.11919564 0.385090 5.6977 0.629981 0.181852 0.029047
166100 -3442.23059479 610.45607384 0.394351 5.6977 0.629981 0.181852 -0.040396
166200 -3432.23887319 602.60021489 0.389277 5.6977 0.629981 0.181852 -0.022696
166300 -3447.73924120 599.92343071 0.387547 5.6977 0.629981 0.181852 -0.079975
166400 -3434.10118228 596.60860068 0.385406 5.6977 0.629981 0.181852 -0.025043
166500 -3428.05922914 622.98129608 0.402443 5.7106 0.636021 0.179042 0.027580
166600 -3425.13914942 644.40103792 0.416280 5.7106 0.636021 0.179042 0.050922
166700 -3392.94831798 633.43840963 0.409198 5.7106 0.636021 0.179042 0.163011
166800 -3433.49989137 649.90184759 0.419833 5.7106 0.636021 0.179042 -0.063972
166900 -3406.07748502 624.42801332 0.403377 5.7106 0.636021 0.179042 0.097555
167000 -3417.61474774 638.03546101 0.412168 5.6809 0.648126 0.177639 0.013988
167100 -3421.89089895 637.95320822 0.412114 5.6809 0.648126 0.177639 0.108086
167200 -3431.43187377 649.40639268 0.419513 5.6809 0.648126 0.177639 0.072473
167300 -3389.24557337 628.97355220 0.406314 5.6809 0.648126 0.177639 0.224803
167400 -3398.57844675 628.64706537 0.406103 5.6809 0.648126 0.177639 0.048428
167500 -3401.82046648 604.24073391 0.390336 5.7119 0.622363 0.179576 -0.020635
167600 -3419.94741300 620.24937591 0.400678 5.7119 0.622363 0.179576 -0.040862
167700 -3404.71529350 627.09447586 0.405100 5.7119 0.622363 0.179576 -0.019877
167800 -3390.75765765 603.29801049 0.389727 5.7119 0.622363 0.179576 0.016291
167900 -3399.01643323 629.29052536 0.406518 5.7119 0.622363 0.179576 0.008137
168000 -3406.54582255 619.08258757 0.399924 5.6938 0.640027 0.177296 -0.013722
168100 -3396.09551136 604.60715239 0.390573 5.6938 0.640027 0.177296 0.022655
168200 -3409.42475011 608.04863588 0.392796 5.6938 0.640027 0.177296 -0.027465
168300 -3395.92925034 620.73871891 0.400994 5.6938 0.640027 0.177296 0.119654
168400 -3407.19598944 623.66843197 0.402887 5.6938 0.640027 0.177296 0.031245
168500 -3408.85399889 634.51207131 0.409892 5.6886 0.641670 0.172171 0.014017
168600 -3425.82735944 646.56059983 0.417675 5.6886 0.641670 0.172171 0.032638
168700 -3407.31001226 608.39093738 0.393017 5.6886 0.641670 0.172171 0.120555
168800 -3415.25748654 618.25311637 0.399388 5.6886 0.641670 0.172171 0.112618
168900 -3398.04781689 605.53081028 0.391170 5.6886 0.641670 0.172171 0.087753
169000 -3387.47571784 608.12212700 0.392844 5.6796 0.640148 0.182378 0.010722
169100 -3378.53611299 631.11146461 0.407695 5.6796 0.640148 0.182378 0.071859
169200 -3396.45735147 666.84538041 0.430779 5.6796 0.640148 0.182378 0.009825
169300 -3379.82082676 642.95455879 0.415345 5.6796 0.640148 0.182378 0.050184
169400 -3382.64771030 613.47011090 0.396299 5.6796 0.640148 0.182378 -0.016921
169500 -3379.89123214 624.75394918 0.403588 5.6809 0.625013 0.182804 -0.000411
169600 -3389.00790864 640.61030977 0.413831 5.6809 0.625013 0.182804 -0.072450
169700 -3384.50655295 644.66148450 0.416448 5.6809 0.625013 0.182804 0.044235
169800 -3381.02015915 625.71334957 0.404208 5.6809 0.625013 0.182804 -0.037749
169900 -3394.66988799 647.91017665 0.418547 5.6809 0.625013 0.182804 0.019194
170000 -3385.17634721 623.38119741 0.402701 5.6731 0.632441 0.181475 0.035047
170100 -3378.88606563 604.36672559 0.390418 5.6731 0.632441 0.181475 -0.007192
170200 -3403.88249503 624.80478990 0.403621 5.6731 0.632441 0.181475 -0.096281
170300 -3414.93579169 624.76697217 0.403596 5.6731 0.632441 0.181475 -0.172530
170400 -3401.20622729 609.13836517 0.393500 5.6731 0.632441 0.181475 0.039101
170500 -3374.44805638 616.30002746 0.398127 5.6473 0.628031 0.182914 0.067550
170600 -3385.40759621 623.93907313 0.403061 5.6473 0.628031 0.182914 -0.033613
170700 -3410.52194619 628.22666381 0.405831 5.6473 0.628031 0.182914 -0.020701
170800 -3406.71842140 630.31296254 0.407179 5.6473 0.628031 0.182914 0.027236
170900 -3380.41419711 633.22957301 0.409063 5.6473 0.628031 0.182914 0.087518
171000 -3397.33341239 628.42605081 0.405960 5.6654 0.650128 0.178067 0.002666
171100 -3405.92097231 639.10763706 0.412860 5.6654 0.650128 0.178067 -0.082415
171200 -3388.88186021 614.63922278 0.397054 5.6654 0.650128 0.178067 0.070194
171300 -3427.35166849 633.38280024 0.409162 5.6654 0.650128 0.178067 -0.022494
171400 -3382.81251164 585.52430744 0.378246 5.6654 0.650128 0.178067 0.114333
171500 -3415.51384024 616.00114000 0.397934 5.6693 0.643399 0.177390 -0.083848
171600 -3398.43768116 630.29189015 0.407165 5.6693 0.643399 0.177390 0.024938
171700 -3420.88941405 612.35699670 0.395579 5.6693 0.643399 0.177390 -0.094897
171800 -3394.43329465 611.59058841 0.395084 5.6693 0.643399 0.177390 -0.028234
171900 -3402.96947075 633.19504187 0.409041 5.6693 0.643399 0.177390 -0.078736
172000 -3385.33482807 631.44490054 0.407910 5.6796 0.624500 0.181420 0.010729
172100 -3397.11062775 636.77340282 0.411352 5.6796 0.624500 0.181420 -0.039300
172200 -3400.57120616 651.32608066 0.420753 5.6796 0.624500 0.181420 -0.060006
172300 -3375.87643591 613.48651335 0.396309 5.6796 0.624500 0.181420 0.055538
172400 -3394.35008357 620.31220160 0.400718 5.6796 0.624500 0.181420 -0.113555
172500 -3367.56407719 623.66029147 0.402881 5.6860 0.627249 0.182203 0.086227
172600 -3399.40188084 616.12935342 0.398016 5.6860 0.627249 0.182203 -0.104297
172700 -3386.98756509 584.63443845 0.377671 5.6860 0.627249 0.182203 -0.084228
172800 -3388.94645586 605.89322097 0.391404 5.6860 0.627249 0.182203 -0.009089
172900 -3381.61370935 629.69578974 0.406780 5.6860 0.627249 0.182203 0.104841
173000 -3372.13187450 635.33777164 0.410425 5.6667 0.624442 0.187387 0.015506
173100 -3386.35623069 640.55513052 0.413795 5.6667 0.624442 0.187387 -0.078721
173200 -3373.54428693 636.96362360 0.411475 5.6667 0.624442 0.187387 0.035794
173300 -3383.26447094 621.78737133 0.401671 5.6667 0.624442 0.187387 -0.048811
173400 -3373.44923045 614.48874760 0.396957 5.6667 0.624442 0.187387 -0.083506
173500 -3362.02707965 609.38340036 0.393659 5.6525 0.616183 0.187001 -0.018092
173600 -3356.68778245 589.87831041 0.381058 5.6525 0.616183 0.187001 -0.043594
173700 -3347.65566420 636.21308622 0.410990 5.6525 0.616183 0.187001 0.015825
173800 -3365.39631836 631.78879366 0.408132 5.6525 0.616183 0.187001 -0.048076
173900 -3348.90286286 608.02701210 0.392782 5.6525 0.616183 0.187001 -0.024420
174000 -3367.03671980 642.30729319 0.414927 5.7158 0.602797 0.180348 -0.057282
174100 -3366.45345721 640.41344711 0.413704 5.7158 0.602797 0.180348 -0.025592
174200 -3373.71107949 630.94537932 0.407587 5.7158 0.602797 0.180348 -0.036674
174300 -3370.03355253 615.16978681 0.397397 5.7158 0.602797 0.180348 -0.026891
174400 -3363.35235547 614.37445385 0.396883 5.7158 0.602797 0.180348 0.027308
174500 -3379.20992351 613.49582970 0.396315 5.6434 0.618037 0.183682 0.014596
174600 -3370.91888159 649.95584478 0.419868 5.6434 0.618037 0.183682 0.072466
174700 -3376.15465729 625.51771982 0.404081 5.6434 0.618037 0.183682 -0.008240
174800 -3365.24128754 636.61632562 0.411251 5.6434 0.618037 0.183682 0.065672
174900 -3398.81210605 648.54040060 0.418954 5.6434 0.618037 0.183682 -0.028122
175000 -3392.21875290 617.17082152 0.398689 5.6512 0.636485 0.182200 -0.046389
175100 -3374.08372546 585.21888748 0.378048 5.6512 0.636485 0.182200 -0.026708
175200 -3386.33747138 598.51666425 0.386639 5.6512 0.636485 0.182200 -0.101887
175300 -3361.37146588 621.16545525 0.401270 5.6512 0.636485 0.182200 0.090442
175400 -3352.84330596 606.12193479 0.391552 5.6512 0.636485 0.182200 0.035148
175500 -3385.77773775 612.35905292 0.395581 5.6615 0.622439 0.183025 -0.040586
175600 -3369.23442147 619.18018677 0.399987 5.6615 0.622439 0.183025 0.046162
175700 -3372.74929851 622.38422889 0.402057 5.6615 0.622439 0.183025 0.037118
175800 -3373.94840097 630.41313896 0.407244 5.6615 0.622439 0.183025 0.012707
175900 -3391.41042913 637.93932157 0.412106 5.6615 0.622439 0.183025 -0.036696
176000 -3369.90038924 630.85992740 0.407532 5.6757 0.624166 0.183959 0.062434
176100 -3385.16700014 615.98406419 0.397923 5.6757 0.624166 0.183959 -0.042472
176200 -3381.54963860 610.89896452 0.394638 5.6757 0.624166 0.183959 0.012748
176300 -3396.32484437 640.01067796 0.413444 5.6757 0.624166 0.183959 -0.052616
176400 -3391.26956959 649.40244653 0.419511 5.6757 0.624166 0.183959 -0.055965
176500 -3392.36378885 625.12594113 0.403828 5.6408 0.634978 0.185265 -0.006011
176600 -3354.30501991 604.45085525 0.390472 5.6408 0.634978 0.185265 0.105378
176700 -3375.79002662 636.87468251 0.411418 5.6408 0.634978 0.185265 0.047236
176800 -3399.60349767 620.58374622 0.400894 5.6408 0.634978 0.185265 -0.118507
176900 -3381.06727827 625.41075414 0.404012 5.6408 0.634978 0.185265 -0.074412
177000 -3381.70256817 611.05230822 0.394737 5.6628 0.613123 0.189333 -0.020255
177100 -3398.31060616 600.78747514 0.388106 5.6628 0.613123 0.189333 -0.069807
177200 -3410.29937121 610.94023783 0.394664 5.6628 0.613123 0.189333 -0.049114
177300 -3407.96557657 625.24548163 0.403905 5.6628 0.613123 0.189333 -0.050943
177400 -3408.21028039 635.37658645 0.410450 5.6628 0.613123 0.189333 -0.095533
177500 -3395.80611185 622.43366358 0.402089 5.6783 0.627338 0.176943 0.035482
177600 -3395.28382756 632.23549465 0.408421 5.6783 0.627338 0.176943 0.036766
177700 -3395.37682506 649.83132394 0.419788 5.6783 0.627338 0.176943 0.080907
177800 -3416.47783506 629.36492411 0.406566 5.6783 0.627338 0.176943 -0.005804
177900 -3416.12390925 618.10648323 0.399294 5.6783 0.627338 0.176943 -0.054377
178000 -3424.34590967 616.68947238 0.398378 5.6860 0.647075 0.176410 -0.098083
178100 -3389.51381017 600.96945109 0.388223 5.6860 0.647075 0.176410 0.017482
178200 -3417.05541259 603.84297616 0.390079 5.6860 0.647075 0.176410 -0.081168
178300 -3391.25387153 618.60326884 0.399615 5.6860 0.647075 0.176410 0.062656
178400 -3408.43727952 632.95902643 0.408888 5.6860 0.647075 0.176410 0.032008
178500 -3425.59057956 616.80575987 0.398453 5.6550 0.644078 0.183237 0.005393
178600 -3424.79340999 618.62225118 0.399627 5.6550 0.644078 0.183237 0.030668
178700 -3406.84567601 615.63126358 0.397695 5.6550 0.644078 0.183237 0.001935
178800 -3400.58254325 602.22878263 0.389037 5.6550 0.644078 0.183237 -0.028354
178900 -3402.03671900 622.68113525 0.402249 5.6550 0.644078 0.183237 0.023130
179000 -3404.54130362 610.32614280 0.394268 5.7054 0.617631 0.180135 -0.022752
179100 -3389.62743505 638.13886026 0.412234 5.7054 0.617631 0.180135 0.069736
179200 -3390.77442494 622.26428047 0.401980 5.7054 0.617631 0.180135 0.019186
179300 -3395.26374635 597.45604756 0.385954 5.7054 0.617631 0.180135 -0.068593
179400 -3373.89150623 590.79843027 0.381653 5.7054 0.617631 0.180135 0.061139
179500 -3389.01291372 598.57888395 0.386679 5.6705 0.611177 0.180454 0.048841
179600 -3388.30227810 622.96981552 0.402435 5.6705 0.611177 0.180454 -0.017714
179700 -3382.52186948 607.59621034 0.392504 5.6705 0.611177 0.180454 0.049038
179800 -3398.48287715 621.57565202 0.401535 5.6705 0.611177 0.180454 -0.051705
179900 -3365.26415646 621.58608898 0.401541 5.6705 0.611177 0.180454 0.171487
180000 -3399.20995569 633.01750094 0.408926 5.6434 0.634867 0.182974 0.051798
180100 -3389.08101088 607.35248427 0.392347 5.6434 0.634867 0.182974 0.005788
180200 -3392.12570918 648.67924421 0.419043 5.6434 0.634867 0.182974 0.030331
180300 -3389.23190444 633.83332577 0.409453 5.6434 0.634867 0.182974 0.064095
180400 -3366.30710892 634.95772796 0.410179 5.6434 0.634867 0.182974 0.176648
180500 -3372.74463336 649.13508550 0.419338 5.6486 0.624701 0.188650 0.037962
180600 -3369.01455283 619.44672043 0.400159 5.6486 0.624701 0.188650 0.032904
180700 -3382.51409835 636.21736938 0.410993 5.6486 0.624701 0.188650 -0.004507
180800 -3383.92257397 626.26320837 0.404563 5.6486 0.624701 0.188650 0.001729
180900 -3385.29837495 620.35976193 0.400749 5.6486 0.624701 0.188650 -0.015092
181000 -3389.65101159 610.33142162 0.394271 5.6667 0.627606 0.181129 -0.023028
181100 -3399.49105847 621.57677733 0.401535 5.6667 0.627606 0.181129 0.005555
181200 -3354.29999417 602.49967711 0.389212 5.6667 0.627606 0.181129 0.117809
181300 -3385.95187366 616.67100781 0.398366 5.6667 0.627606 0.181129 -0.015188
181400 -3380.22570979 612.58570264 0.395727 5.6667 0.627606 0.181129 -0.014625
181500 -3390.66606026 610.51647838 0.394390 5.6796 0.635115 0.180077 -0.034007
181600 -3391.93960961 609.55913225 0.393772 5.6796 0.635115 0.180077 -0.043725
181700 -3383.29237908 603.87716817 0.390102 5.6796 0.635115 0.180077 0.013625
181800 -3385.05092932 614.90567809 0.397226 5.6796 0.635115 0.180077 0.050744
181900 -3393.09244697 628.16779973 0.405793 5.6796 0.635115 0.180077 -0.037169
182000 -3387.55766507 626.14217144 0.404485 5.6860 0.633134 0.182700 -0.035065
182100 -3365.50807988 618.80422614 0.399744 5.6860 0.633134 0.182700 0.020644
182200 -3379.84530063 619.96996129 0.400497 5.6860 0.633134 0.182700 -0.011313
182300 -3362.55373605 587.47050774 0.379503 5.6860 0.633134 0.182700 0.087919
182400 -3376.42026229 588.41292160 0.380112 5.6860 0.633134 0.182700 -0.100096
182500 -3401.96602785 611.93503056 0.395307 5.6744 0.639875 0.182276 -0.129906
182600 -3412.27857514 614.24049841 0.396796 5.6744 0.639875 0.182276 -0.063245
182700 -3408.03265830 617.34525707 0.398802 5.6744 0.639875 0.182276 -0.034434
182800 -3390.86894486 623.45083792 0.402746 5.6744 0.639875 0.182276 0.029533
182900 -3380.64143011 614.50836629 0.396969 5.6744 0.639875 0.182276 0.012059
183000 -3384.40620956 630.59882237 0.407364 5.7093 0.618561 0.177839 -0.046571
183100 -3366.54064080 612.06531284 0.395391 5.7093 0.618561 0.177839 0.047322
183200 -3371.90608059 592.52783645 0.382770 5.7093 0.618561 0.177839 0.079290
183300 -3386.24052154 633.71704377 0.409378 5.7093 0.618561 0.177839 -0.020528
183400 -3364.01616744 629.08484499 0.406386 5.7093 0.618561 0.177839 0.043421
183500 -3353.15846456 635.93192201 0.410809 5.6460 0.613125 0.189319 0.124617
183600 -3359.35524693 621.39418889 0.401417 5.6460 0.613125 0.189319 0.058672
183700 -3380.70218925 602.85594244 0.389442 5.6460 0.613125 0.189319 -0.044135
183800 -3352.45930449 605.10133905 0.390892 5.6460 0.613125 0.189319 0.058557
183900 -3335.81577301 623.06439121 0.402496 5.6460 0.613125 0.189319 0.136035
184000 -3377.46958253 635.94156513 0.410815 5.6305 0.632837 0.182401 0.032166
184100 -3373.56974573 619.73828325 0.400348 5.6305 0.632837 0.182401 -0.039456
184200 -3375.00495397 610.34179361 0.394278 5.6305 0.632837 0.182401 -0.056459
184300 -3401.58404345 591.91380929 0.382373 5.6305 0.632837 0.182401 -0.131215
184400 -3372.47766499 588.19447655 0.379971 5.6305 0.632837 0.182401 -0.001505
184500 -3377.62207469 636.99372650 0.411495 5.6654 0.606863 0.186155 -0.005192
184600 -3375.71671434 631.80246154 0.408141 5.6654 0.606863 0.186155 0.000483
184700 -3368.04317405 615.98940396 0.397926 5.6654 0.606863 0.186155 0.002049
184800 -3360.32488400 612.47232144 0.395654 5.6654 0.606863 0.186155 0.053648
184900 -3374.50287035 625.63396895 0.404156 5.6654 0.606863 0.186155 -0.023897
185000 -3384.58385416 645.42843629 0.416943 5.6899 0.612988 0.181874 -0.013875
185100 -3372.87990781 652.16895397 0.421298 5.6899 0.612988 0.181874 0.034252
185200 -3357.39644444 639.56734405 0.413157 5.6899 0.612988 0.181874 0.051305
185300 -3382.27475517 627.74296600 0.405519 5.6899 0.612988 0.181874 -0.050382
185400 -3370.95461966 620.89901357 0.401098 5.6899 0.612988 0.181874 0.061582
185500 -3391.03141794 616.22071977 0.398075 5.6757 0.621737 0.181697 -0.057964
185600 -3368.11914443 620.64577153 0.400934 5.6757 0.621737 0.181697 0.003084
185700 -3357.62359400 604.25080773 0.390343 5.6757 0.621737 0.181697 0.072092
185800 -3388.86483023 614.66611377 0.397071 5.6757 0.621737 0.181697 -0.019063
185900 -3394.27170824 632.72840571 0.408739 5.6757 0.621737 0.181697 -0.066138
186000 -3381.42239337 628.27424553 0.405862 5.6886 0.626942 0.177497 0.002667
186100 -3387.51657422 595.01711313 0.384378 5.6886 0.626942 0.177497 -0.006694
186200 -3385.09979462 603.56455300 0.389900 5.6886 0.626942 0.177497 0.024631
186300 -3395.85458667 631.64184247 0.408037 5.6886 0.626942 0.177497 -0.104557
186400 -3405.47121223 627.11348306 0.405112 5.6886 0.626942 0.177497 -0.143111
186500 -3379.20627720 636.15445573 0.410952 5.6912 0.620664 0.179791 0.005942
186600 -3353.89013148 603.03611498 0.389558 5.6912 0.620664 0.179791 0.104687
186700 -3366.70010456 602.94636482 0.389500 5.6912 0.620664 0.179791 0.025771
186800 -3390.84718282 640.69839324 0.413888 5.6912 0.620664 0.179791 0.096610
186900 -3367.45474524 615.42642081 0.397562 5.6912 0.620664 0.179791 0.100118
187000 -3372.92117675 628.12210369 0.405764 5.6602 0.624055 0.184333 0.070967
187100 -3368.10755587 598.83003706 0.386841 5.6602 0.624055 0.184333 0.031347
187200 -3368.22364103 633.53610365 0.409261 5.6602 0.624055 0.184333 0.019373
187300 -3367.18497235 621.43885562 0.401446 5.6602 0.624055 0.184333 -0.063464
187400 -3365.27526881 592.41052045 0.382694 5.6602 0.624055 0.184333 -0.041991
187500 -3377.85709482 621.03551404 0.401186 5.6938 0.619685 0.181261 -0.080251
187600 -3360.16829683 622.76902726 0.402306 5.6938 0.619685 0.181261 0.065359
187700 -3367.54550433 597.86028046 0.386215 5.6938 0.619685 0.181261 0.051406
187800 -3375.49224307 626.72130375 0.404859 5.6938 0.619685 0.181261 0.057898
187900 -3361.00429444 634.80758786 0.410082 5.6938 0.619685 0.181261 -0.027699
188000 -3365.73163264 613.23660976 0.396148 5.6654 0.618959 0.184455 -0.002790
188100 -3382.61962251 609.23526944 0.393563 5.6654 0.618959 0.184455 -0.004260
188200 -3370.06472577 589.08606852 0.380547 5.6654 0.618959 0.184455 0.041944
188300 -3376.44969930 607.77509483 0.392620 5.6654 0.618959 0.184455 0.046195
188400 -3392.49771326 610.97374491 0.394686 5.6654 0.618959 0.184455 0.052221
188500 -3396.29305599 633.53229776 0.409259 5.6873 0.629099 0.175697 0.071014
188600 -3364.14350636 621.95313217 0.401779 5.6873 0.629099 0.175697 0.137685
188700 -3376.13295393 633.88155915 0.409484 5.6873 0.629099 0.175697 0.041163
188800 -3392.32248433 613.29633944 0.396186 5.6873 0.629099 0.175697 -0.005605
188900 -3395.02412504 632.55577909 0.408628 5.6873 0.629099 0.175697 -0.026847
189000 -3379.02924173 639.31219732 0.412992 5.6977 0.622101 0.181828 0.055471
189100 -3377.21181859 644.71378310 0.416482 5.6977 0.622101 0.181828 0.112870
189200 -3375.74771087 635.32274588 0.410415 5.6977 0.622101 0.181828 0.092429
189300 -3356.66525299 604.56432108 0.390545 5.6977 0.622101 0.181828 0.094642
189400 -3372.84495950 607.08069163 0.392171 5.6977 0.622101 0.181828 0.027972
189500 -3385.89093596 585.41731394 0.378177 5.6990 0.630486 0.177653 0.008438
189600 -3400.99755566 612.20682480 0.395482 5.6990 0.630486 0.177653 -0.001417
189700 -3394.01074817 596.95932850 0.385633 5.6990 0.630486 0.177653 -0.073296
189800 -3406.37525091 604.48731501 0.390496 5.6990 0.630486 0.177653 -0.121925
189900 -3408.43773583 639.40821511 0.413054 5.6990 0.630486 0.177653 -0.072642
190000 -3374.31078081 626.27017177 0.404567 5.6693 0.632819 0.183750 0.120975
190100 -3384.07423699 634.91554764 0.410152 5.6693 0.632819 0.183750 0.022443
190200 -3383.55379068 632.04195174 0.408296 5.6693 0.632819 0.183750 0.024433
190300 -3364.40585412 612.48507585 0.395662 5.6693 0.632819 0.183750 -0.000314
190400 -3373.71498312 640.27460374 0.413614 5.6693 0.632819 0.183750 -0.062279
190500 -3365.90255501 628.24791904 0.405845 5.6938 0.619487 0.181908 0.038258
190600 -3360.93159101 618.46352538 0.399524 5.6938 0.619487 0.181908 0.154969
190700 -3363.57728294 593.65204512 0.383496 5.6938 0.619487 0.181908 0.059560
190800 -3367.25157193 629.51498500 0.406663 5.6938 0.619487 0.181908 0.049578
190900 -3379.30335577 625.54752676 0.404100 5.6938 0.619487 0.181908 0.029462
191000 -3364.38952965 622.46016889 0.402106 5.6486 0.632088 0.184286 0.001371
191100 -3376.58094862 612.63329391 0.395758 5.6486 0.632088 0.184286 0.001806
191200 -3373.87534320 621.23029764 0.401312 5.6486 0.632088 0.184286 -0.060675
191300 -3380.72685310 612.77576281 0.395850 5.6486 0.632088 0.184286 -0.072104
191400 -3387.46414533 586.59766797 0.378939 5.6486 0.632088 0.184286 -0.028989
191500 -3399.30042809 585.89300557 0.378484 5.6331 0.637784 0.186938 -0.088184
191600 -3383.61265695 592.45010595 0.382720 5.6331 0.637784 0.186938 0.047513
191700 -3383.49067872 609.53574900 0.393757 5.6331 0.637784 0.186938 -0.003142
191800 -3370.35167699 611.49634355 0.395023 5.6331 0.637784 0.186938 -0.035932
191900 -3390.98741457 618.04222873 0.399252 5.6331 0.637784 0.186938 -0.098326
192000 -3383.25812170 598.68964093 0.386750 5.6705 0.620049 0.181749 -0.070039
192100 -3398.46423191 621.46639067 0.401464 5.6705 0.620049 0.181749 -0.107454
192200 -3391.11819550 604.13428990 0.390268 5.6705 0.620049 0.181749 -0.084024
192300 -3401.71337303 615.34126493 0.397507 5.6705 0.620049 0.181749 -0.141726
192400 -3396.13943547 587.04728429 0.379230 5.6705 0.620049 0.181749 -0.042475
192500 -3407.20880253 617.37658138 0.398822 5.6563 0.636916 0.182355 -0.083728
192600 -3373.59661706 606.26615788 0.391645 5.6563 0.636916 0.182355 0.050730
192700 -3351.69467929 602.73620509 0.389364 5.6563 0.636916 0.182355 0.046936
192800 -3366.05449772 610.30105085 0.394251 5.6563 0.636916 0.182355 0.015053
192900 -3368.23366436 607.29751509 0.392311 5.6563 0.636916 0.182355 0.013988
193000 -3366.52631027 616.54377742 0.398284 5.6757 0.615197 0.181779 -0.077121
193100 -3355.91265057 620.22073932 0.400659 5.6757 0.615197 0.181779 -0.027284
193200 -3350.69374304 607.66504908 0.392548 5.6757 0.615197 0.181779 0.023058
193300 -3330.24209293 620.32050361 0.400724 5.6757 0.615197 0.181779 0.005845
193400 -3329.19156152 626.22986966 0.404541 5.6757 0.615197 0.181779 0.011760
193500 -3329.89789017 606.82719812 0.392007 5.6848 0.613155 0.186075 -0.010589
193600 -3357.70253871 627.51158545 0.405369 5.6848 0.613155 0.186075 -0.087492
193700 -3360.33549347 636.40084322 0.411112 5.6848 0.613155 0.186075 -0.018017
193800 -3332.28076823 603.41056803 0.389800 5.6848 0.613155 0.186075 0.074032
193900 -3364.53352018 614.53711066 0.396988 5.6848 0.613155 0.186075 -0.016102
194000 -3346.22580038 591.12282761 0.381862 5.6395 0.618659 0.183361 0.070502
194100 -3369.19404255 628.90043813 0.406266 5.6395 0.618659 0.183361 -0.015216
194200 -3370.90461010 591.69503171 0.382232 5.6395 0.618659 0.183361 -0.005143
194300 -3372.74705851 612.30240741 0.395544 5.6395 0.618659 0.183361 -0.023923
194400 -3363.62098567 615.47654616 0.397595 5.6395 0.618659 0.183361 -0.010551
194500 -3350.97359807 615.26984501 0.397461 5.6886 0.619726 0.177234 0.014184
194600 -3357.99004146 628.68272805 0.406126 5.6886 0.619726 0.177234 -0.013095
194700 -3362.18573151 657.47650553 0.424726 5.6886 0.619726 0.177234 -0.064863
194800 -3361.06470523 638.25638132 0.412310 5.6886 0.619726 0.177234 0.020682
194900 -3368.23886787 628.86812230 0.406246 5.6886 0.619726 0.177234 0.033875
195000 -3378.15018711 634.52605308 0.409901 5.6202 0.637780 0.180094 0.015010
195100 -3370.29454869 631.58419047 0.408000 5.6202 0.637780 0.180094 -0.082407
195200 -3362.04076685 599.92363656 0.387548 5.6202 0.637780 0.180094 -0.054029
195300 -3386.34658394 624.82734677 0.403635 5.6202 0.637780 0.180094 -0.115317
195400 -3390.31254718 620.38184347 0.400763 5.6202 0.637780 0.180094 -0.073361
195500 -3384.12843457 621.73729366 0.401639 5.6964 0.624936 0.177937 -0.031424
195600 -3399.68431320 626.25384887 0.404557 5.6964 0.624936 0.177937 -0.145324
195700 -3379.58372922 617.37183038 0.398819 5.6964 0.624936 0.177937 0.008030
195800 -3369.52193187 605.10432824 0.390894 5.6964 0.624936 0.177937 0.005447
195900 -3369.41396496 601.18359522 0.388361 5.6964 0.624936 0.177937 -0.065128
196000 -3357.85715444 617.49550984 0.398899 5.7016 0.618780 0.180872 -0.009525
196100 -3360.23832661 636.89976785 0.411434 5.7016 0.618780 0.180872 0.051129
196200 -3346.73144049 663.09787659 0.428358 5.7016 0.618780 0.180872 0.068019
196300 -3347.37774877 627.57717137 0.405412 5.7016 0.618780 0.180872 0.013185
196400 -3356.17828514 617.89199997 0.399155 5.7016 0.618780 0.180872 0.022847
196500 -3350.84846691 624.45266644 0.403393 5.6731 0.620830 0.186239 0.100192
196600 -3355.83627944 628.49743430 0.406006 5.6731 0.620830 0.186239 -0.014827
196700 -3358.81391659 639.32204720 0.412999 5.6731 0.620830 0.186239 -0.016995
196800 -3347.21247644 644.52700466 0.416361 5.6731 0.620830 0.186239 0.174913
196900 -3369.91574280 652.23141399 0.421338 5.6731 0.620830 0.186239 0.068835
197000 -3358.60716316 616.91867536 0.398526 5.6486 0.629185 0.183189 0.030949
197100 -3352.72525410 622.75838563 0.402299 5.6486 0.629185 0.183189 0.033670
197200 -3386.53455253 618.32621816 0.399436 5.6486 0.629185 0.183189 -0.047900
197300 -3383.81011155 645.21186174 0.416804 5.6486 0.629185 0.183189 -0.027482
197400 -3391.52708435 622.82855082 0.402344 5.6486 0.629185 0.183189 -0.066513
197500 -3387.74874463 592.51548308 0.382762 5.6718 0.638172 0.176617 -0.028933
197600 -3404.52780182 643.70020180 0.415827 5.6718 0.638172 0.176617 -0.062911
197700 -3396.70580096 629.05466920 0.406366 5.6718 0.638172 0.176617 -0.104410
197800 -3392.30408277 634.14260039 0.409653 5.6718 0.638172 0.176617 -0.063100
197900 -3387.47223985 629.47041677 0.406635 5.6718 0.638172 0.176617 0.000705
198000 -3397.45328741 643.24337329 0.415532 5.7067 0.630356 0.177711 -0.084982
198100 -3396.55996865 651.62376482 0.420946 5.7067 0.630356 0.177711 0.084057
198200 -3384.93417735 642.15490237 0.414829 5.7067 0.630356 0.177711 0.073829
198300 -3377.99432176 639.34189873 0.413012 5.7067 0.630356 0.177711 0.098276
198400 -3364.71853197 615.91570351 0.397878 5.7067 0.630356 0.177711 0.093591
198500 -3374.72625361 607.37022321 0.392358 5.7067 0.618251 0.174427 -0.083107
198600 -3375.79014852 598.36262642 0.386539 5.7067 0.618251 0.174427 -0.030434
198700 -3395.83290131 624.96176209 0.403722 5.7067 0.618251 0.174427 -0.165042
198800 -3377.39137468 591.42705654 0.382059 5.7067 0.618251 0.174427 -0.027959
198900 -3392.10224599 614.43251627 0.396920 5.7067 0.618251 0.174427 0.017184
199000 -3406.60410605 588.55138054 0.380201 5.6977 0.632589 0.176454 -0.074357
199100 -3402.89226714 598.30765040 0.386504 5.6977 0.632589 0.176454 -0.095886
199200 -3383.27574533 587.96957398 0.379825 5.6977 0.632589 0.176454 -0.002635
199300 -3415.06364639 614.99292239 0.397282 5.6977 0.632589 0.176454 -0.097371
199400 -3397.68050474 615.15935030 0.397390 5.6977 0.632589 0.176454 -0.029999
199500 -3400.23775538 625.71288055 0.404207 5.7145 0.617604 0.179771 -0.063218
199600 -3396.14993401 590.30081857 0.381331 5.7145 0.617604 0.179771 -0.064687
199700 -3381.33006783 597.34440980 0.385881 5.7145 0.617604 0.179771 0.027509
199800 -3374.05822970 614.06558788 0.396683 5.7145 0.617604 0.179771 0.089757
199900 -3398.48688156 639.99298834 0.413432 5.7145 0.617604 0.179771 -0.039211
200000 -3403.16180706 616.69557733 0.398382 5.6912 0.628908 0.181012 -0.096304
200100 -3417.68413611 626.13582394 0.404481 5.6912 0.628908 0.181012 -0.070675
200200 -3394.45899311 627.56298284 0.405402 5.6912 0.628908 0.181012 0.077897
200300 -3383.58993763 620.17682892 0.400631 5.6912 0.628908 0.181012 0.090166
200400 -3388.64219968 621.18941089 0.401285 5.6912 0.628908 0.181012 -0.002988
200500 -3389.25755748 625.65626961 0.404171 5.6266 0.629598 0.187924 0.098140
200600 -3397.91841403 624.31522941 0.403304 5.6266 0.629598 0.187924 0.022101
200700 -3400.29475719 651.09517835 0.420604 5.6266 0.629598 0.187924 -0.021012
200800 -3404.70076848 629.52622565 0.406671 5.6266 0.629598 0.187924 -0.032979
200900 -3393.68485178 622.58840556 0.402189 5.6266 0.629598 0.187924 0.010195
201000 -3391.72690232 610.86592243 0.394616 5.7274 0.622498 0.174276 0.048801
201100 -3417.61865362 613.72249633 0.396462 5.7274 0.622498 0.174276 -0.050119
201200 -3412.46780557 616.07902992 0.397984 5.7274 0.622498 0.174276 0.024621
201300 -3398.88208985 646.79372789 0.417825 5.7274 0.622498 0.174276 0.033627
201400 -3400.21504733 634.96115787 0.410182 5.7274 0.622498 0.174276 -0.042249
201500 -3400.90050803 613.57352961 0.396365 5.6809 0.637089 0.180652 -0.036831
201600 -3405.18011665 615.88693714 0.397860 5.6809 0.637089 0.180652 -0.039245
201700 -3412.65828486 625.26005651 0.403915 5.6809 0.637089 0.180652 -0.039531
201800 -3405.89250397 621.51809381 0.401497 5.6809 0.637089 0.180652 -0.001554
201900 -3401.80531143 652.41788443 0.421459 5.6809 0.637089 0.180652 0.025449
202000 -3404.19866693 630.28384309 0.407160 5.6705 0.631479 0.183575 0.018885
202100 -3394.68563217 601.80226736 0.388761 5.6705 0.631479 0.183575 0.023578
202200 -3398.38769226 616.27228042 0.398109 5.6705 0.631479 0.183575 0.056345
202300 -3416.06229211 629.92871973 0.406931 5.6705 0.631479 0.183575 -0.038026
202400 -3393.39134925 611.15867828 0.394805 5.6705 0.631479 0.183575 0.006791
202500 -3384.79499753 630.84677282 0.407524 5.6731 0.621465 0.184126 0.096093
202600 -3378.73428744 628.93623162 0.406290 5.6731 0.621465 0.184126 0.008742
202700 -3386.47272307 634.04654579 0.409591 5.6731 0.621465 0.184126 -0.002739
202800 -3375.96409240 593.65712435 0.383499 5.6731 0.621465 0.184126 0.017562
202900 -3407.46385368 619.64856970 0.400290 5.6731 0.621465 0.184126 -0.101211
203000 -3384.08823278 588.18739162 0.379966 5.6693 0.629581 0.184845 0.044257
203100 -3405.38636592 597.45527728 0.385953 5.6693 0.629581 0.184845 -0.048138
203200 -3388.41373217 591.73301474 0.382256 5.6693 0.629581 0.184845 0.012530
203300 -3408.72024765 616.19607464 0.398059 5.6693 0.629581 0.184845 -0.027592
203400 -3411.14420108 614.26370334 0.396811 5.6693 0.629581 0.184845 0.025948
203500 -3407.16191652 628.11980226 0.405762 5.6938 0.639482 0.175547 -0.026025
203600 -3404.74668304 629.68524152 0.406773 5.6938 0.639482 0.175547 -0.022804
203700 -3371.97917233 590.98721523 0.381775 5.6938 0.639482 0.175547 0.068200
203800 -3372.13085706 605.16514125 0.390934 5.6938 0.639482 0.175547 0.046670
203900 -3384.57670372 630.95015865 0.407591 5.6938 0.639482 0.175547 -0.028002
204000 -3377.48593956 620.14117863 0.400608 5.7003 0.611192 0.176810 -0.053091
204100 -3373.87758167 595.64641339 0.384785 5.7003 0.611192 0.176810 0.022335
204200 -3383.96001366 600.34931198 0.387823 5.7003 0.611192 0.176810 -0.029469
204300 -3386.83179090 618.33817454 0.399443 5.7003 0.611192 0.176810 0.009965
204400 -3386.32329825 588.37299997 0.380086 5.7003 0.611192 0.176810 -0.002557
204500 -3391.72971752 611.98536670 0.395339 5.6744 0.621634 0.182133 0.008033
204600 -3362.20291411 651.42137117 0.420815 5.6744 0.621634 0.182133 0.105061
204700 -3339.82527125 633.04294995 0.408942 5.6744 0.621634 0.182133 0.092135
204800 -3349.82451131 647.08718558 0.418015 5.6744 0.621634 0.182133 0.018905
204900 -3366.87751216 656.37549364 0.424015 5.6744 0.621634 0.182133 -0.043477
205000 -3366.45376541 646.41165953 0.417579 5.6770 0.609197 0.183606 0.014541
205100 -3382.56109737 633.25505484 0.409079 5.6770 0.609197 0.183606 -0.076029
205200 -3384.31976277 613.81141754 0.396519 5.6770 0.609197 0.183606 -0.025147
205300 -3392.36350737 638.77041316 0.412642 5.6770 0.609197 0.183606 -0.007469
205400 -3377.34486703 633.21959938 0.409057 5.6770 0.609197 0.183606 0.031610
205500 -3355.48872938 613.42400466 0.396269 5.6873 0.629338 0.185384 0.137432
205600 -3366.73716406 621.61176244 0.401558 5.6873 0.629338 0.185384 0.025261
205700 -3360.73853890 635.35222763 0.410434 5.6873 0.629338 0.185384 0.036052
205800 -3370.68487047 652.52901068 0.421530 5.6873 0.629338 0.185384 0.020675
205900 -3349.90126764 612.57922770 0.395723 5.6873 0.629338 0.185384 0.078632
206000 -3373.81547352 622.32326434 0.402018 5.6731 0.607790 0.187266 -0.044225
206100 -3380.56215191 638.75800109 0.412634 5.6731 0.607790 0.187266 -0.025381
206200 -3380.48696388 629.54444598 0.406682 5.6731 0.607790 0.187266 -0.054556
206300 -3354.84499601 599.46738097 0.387253 5.6731 0.607790 0.187266 0.059124
206400 -3383.43466970 622.10721562 0.401878 5.6731 0.607790 0.187266 -0.128550
206500 -3374.17865996 618.94545715 0.399836 5.6744 0.615026 0.190976 0.022683
206600 -3363.54671641 628.53796889 0.406032 5.6744 0.615026 0.190976 0.089771
206700 -3402.36311039 623.69183655 0.402902 5.6744 0.615026 0.190976 -0.112481
206800 -3408.43153946 632.47093623 0.408573 5.6744 0.615026 0.190976 -0.072236
206900 -3408.43307408 615.63964000 0.397700 5.6744 0.615026 0.190976 -0.025010
207000 -3397.66444324 614.89076373 0.397216 5.6848 0.617170 0.184684 -0.056219
207100 -3376.24209542 587.45479239 0.379493 5.6848 0.617170 0.184684 0.010748
207200 -3388.55322232 618.64164954 0.399639 5.6848 0.617170 0.184684 0.004833
207300 -3402.82154941 629.84234991 0.406875 5.6848 0.617170 0.184684 -0.047073
207400 -3403.70674575 611.41208556 0.394969 5.6848 0.617170 0.184684 0.053642
207500 -3422.33798997 595.37790917 0.384611 5.6499 0.647964 0.178034 -0.121570
207600 -3427.38162669 605.51949675 0.391162 5.6499 0.647964 0.178034 -0.078329
207700 -3421.66774127 593.13283811 0.383161 5.6499 0.647964 0.178034 -0.078814
207800 -3412.77549821 620.90183364 0.401099 5.6499 0.647964 0.178034 -0.038863
207900 -3410.35074621 614.50610767 0.396968 5.6499 0.647964 0.178034 0.005965
208000 -3406.71484015 614.12550130 0.396722 5.6628 0.634274 0.181680 0.004967
208100 -3418.42474450 605.56203111 0.391190 5.6628 0.634274 0.181680 -0.050083
208200 -3416.71712695 618.44009060 0.399509 5.6628 0.634274 0.181680 -0.029245
208300 -3424.03352459 614.26275413 0.396811 5.6628 0.634274 0.181680 -0.016018
208400 -3406.46337624 613.91659488 0.396587 5.6628 0.634274 0.181680 0.059743
208500 -3413.55381598 603.01714130 0.389546 5.6860 0.632892 0.181640 -0.060224
208600 -3411.03866214 613.95070068 0.396609 5.6860 0.632892 0.181640 -0.006990
208700 -3410.12979729 632.40012481 0.408527 5.6860 0.632892 0.181640 0.020416
208800 -3396.57682977 644.13728595 0.416109 5.6860 0.632892 0.181640 0.000045
208900 -3387.84916911 625.86890575 0.404308 5.6860 0.632892 0.181640 0.026609
209000 -3396.18239179 617.10286118 0.398645 5.7235 0.619673 0.176137 0.008125
209100 -3426.29588486 634.20883658 0.409696 5.7235 0.619673 0.176137 -0.146501
209200 -3374.80906351 616.66478400 0.398362 5.7235 0.619673 0.176137 0.091239
209300 -3362.14383078 610.97224745 0.394685 5.7235 0.619673 0.176137 0.089144
209400 -3377.89575110 620.11122298 0.400589 5.7235 0.619673 0.176137 0.004241
209500 -3418.01096449 637.94344586 0.412108 5.7274 0.629786 0.174449 -0.088223
209600 -3422.86382384 623.24670193 0.402614 5.7274 0.629786 0.174449 0.032004
209700 -3398.69448712 615.34169833 0.397508 5.7274 0.629786 0.174449 0.099116
209800 -3409.58658486 605.58917377 0.391207 5.7274 0.629786 0.174449 -0.065890
209900 -3404.30350685 606.35952641 0.391705 5.7274 0.629786 0.174449 0.019008
210000 -3417.03623243 620.27594043 0.400695 5.6848 0.635415 0.181290 -0.035939
210100 -3425.14172508 602.39719207 0.389145 5.6848 0.635415 0.181290 -0.003114
210200 -3426.32212704 627.98581379 0.405676 5.6848 0.635415 0.181290 -0.016938
210300 -3432.60122535 611.38610683 0.394952 5.6848 0.635415 0.181290 -0.069274
210400 -3441.95706872 631.85330767 0.408174 5.6848 0.635415 0.181290 -0.063495
210500 -3412.60336332 589.30439441 0.380688 5.6796 0.632585 0.177525 0.069870
210600 -3425.69703598 605.75109770 0.391312 5.6796 0.632585 0.177525 0.005534
210700 -3416.71427752 617.68823651 0.399023 5.6796 0.632585 0.177525 0.055602
210800 -3417.66928813 636.72332624 0.411320 5.6796 0.632585 0.177525 0.040931
210900 -3412.87811145 618.62216055 0.399627 5.6796 0.632585 0.177525 0.059295
211000 -3410.85300415 623.34416483 0.402677 5.7119 0.634010 0.174540 -0.008485
211100 -3430.47426763 604.20692166 0.390315 5.7119 0.634010 0.174540 -0.039943
211200 -3405.11793664 609.51954720 0.393746 5.7119 0.634010 0.174540 0.019482
211300 -3398.87547312 617.59364733 0.398962 5.7119 0.634010 0.174540 0.167268
211400 -3412.76034197 646.04641532 0.417343 5.7119 0.634010 0.174540 0.023295
211500 -3408.27902795 617.96273170 0.399201 5.7132 0.628786 0.181251 -0.031058
211600 -3410.19040041 616.12196137 0.398012 5.7132 0.628786 0.181251 0.001874
211700 -3392.58841679 586.54082487 0.378902 5.7132 0.628786 0.181251 0.080562
211800 -3412.18802676 600.78252081 0.388102 5.7132 0.628786 0.181251 0.021001
211900 -3408.39881421 624.80825833 0.403623 5.7132 0.628786 0.181251 0.083450
212000 -3403.05015583 606.99181679 0.392114 5.7209 0.622933 0.178104 0.075160
212100 -3399.29330752 621.83379764 0.401701 5.7209 0.622933 0.178104 0.099068
212200 -3391.78245114 615.71534179 0.397749 5.7209 0.622933 0.178104 0.015520
212300 -3403.97590551 618.35492572 0.399454 5.7209 0.622933 0.178104 -0.068947
212400 -3402.80650900 623.85667077 0.403008 5.7209 0.622933 0.178104 0.027239
212500 -3379.04728198 624.02007341 0.403114 5.6822 0.612768 0.184158 0.069033
212600 -3396.55051397 628.31579309 0.405889 5.6822 0.612768 0.184158 -0.048884
212700 -3417.17839243 625.43021864 0.404025 5.6822 0.612768 0.184158 -0.050116
212800 -3424.20783272 611.01580046 0.394713 5.6822 0.612768 0.184158 -0.089874
212900 -3419.98244406 610.63547379 0.394467 5.6822 0.612768 0.184158 -0.089534
213000 -3427.89981638 631.81960628 0.408152 5.6809 0.634626 0.175859 -0.028863
213100 -3424.86814500 599.40370408 0.387212 5.6809 0.634626 0.175859 0.004185
213200 -3428.74526444 618.60308198 0.399614 5.6809 0.634626 0.175859 -0.074831
213300 -3410.01120855 597.08241877 0.385712 5.6809 0.634626 0.175859 -0.045263
213400 -3400.21294637 604.89771741 0.390761 5.6809 0.634626 0.175859 0.155289
213500 -3395.46092594 601.99315279 0.388884 5.7054 0.618409 0.179433 -0.047520
213600 -3406.22326430 596.74474867 0.385494 5.7054 0.618409 0.179433 -0.065177
213700 -3406.34163429 600.77680170 0.388099 5.7054 0.618409 0.179433 0.003951
213800 -3397.55606828 594.92279681 0.384317 5.7054 0.618409 0.179433 0.030212
213900 -3416.13952183 602.15465349 0.388989 5.7054 0.618409 0.179433 0.059599
214000 -3406.95732331 627.06239985 0.405079 5.6912 0.629878 0.178251 0.036279
214100 -3411.27968850 614.70580552 0.397097 5.6912 0.629878 0.178251 -0.015785
214200 -3391.78768497 606.53379066 0.391818 5.6912 0.629878 0.178251 0.046872
214300 -3377.93611798 605.39547438 0.391082 5.6912 0.629878 0.178251 0.057372
214400 -3397.62611722 618.48858588 0.399540 5.6912 0.629878 0.178251 -0.003667
214500 -3393.69913414 617.57788898 0.398952 5.6964 0.631789 0.176393 0.023940
214600 -3401.01551310 600.26408337 0.387767 5.6964 0.631789 0.176393 0.020260
214700 -3416.66958904 628.51737246 0.406019 5.6964 0.631789 0.176393 0.000839
214800 -3403.93898534 603.99638061 0.390179 5.6964 0.631789 0.176393 0.051606
214900 -3411.56055691 613.79664427 0.396509 5.6964 0.631789 0.176393 -0.029684
215000 -3386.78690339 598.32999079 0.386518 5.7183 0.611870 0.181485 0.065597
215100 -3420.94050262 609.79880382 0.393927 5.7183 0.611870 0.181485 -0.084615
215200 -3436.64470430 621.37969663 0.401408 5.7183 0.611870 0.181485 -0.064232
215300 -3439.02368305 618.18348972 0.399343 5.7183 0.611870 0.181485 -0.103455
215400 -3417.93199368 618.39832779 0.399482 5.7183 0.611870 0.181485 0.001100
215500 -3413.09179351 640.18425970 0.413556 5.6938 0.625258 0.175206 0.031183
215600 -3399.19659898 601.22280775 0.388387 5.6938 0.625258 0.175206 0.077445
215700 -3416.00290274 616.11677668 0.398008 5.6938 0.625258 0.175206 -0.016432
215800 -3404.50358288 600.43170936 0.387876 5.6938 0.625258 0.175206 0.076590
215900 -3428.52056245 618.02770073 0.399243 5.6938 0.625258 0.175206 -0.122602
216000 -3414.00531727 603.36349380 0.389770 5.7028 0.634902 0.181575 0.016763
216100 -3427.17489250 647.72540676 0.418427 5.7028 0.634902 0.181575 0.087415
216200 -3415.67547811 626.97347481 0.405022 5.7028 0.634902 0.181575 -0.041352
216300 -3419.57844664 630.14850450 0.407073 5.7028 0.634902 0.181575 0.028575
216400 -3410.55996835 620.95905118 0.401136 5.7028 0.634902 0.181575 0.069185
216500 -3409.45344247 593.30621344 0.383273 5.6783 0.629004 0.179973 0.027686
216600 -3420.30227145 594.34956304 0.383947 5.6783 0.629004 0.179973 -0.080697
216700 -3425.69678203 610.76196049 0.394549 5.6783 0.629004 0.179973 -0.017903
216800 -3427.27090808 612.05201147 0.395382 5.6783 0.629004 0.179973 -0.013706
216900 -3428.30662680 614.04126469 0.396667 5.6783 0.629004 0.179973 -0.007220
217000 -3438.59162765 631.57104321 0.407992 5.6873 0.638505 0.174815 -0.085079
217100 -3393.61776011 635.80308724 0.410726 5.6873 0.638505 0.174815 0.096202
217200 -3411.63042024 613.84016687 0.396538 5.6873 0.638505 0.174815 -0.029324
217300 -3429.75925121 625.03206292 0.403767 5.6873 0.638505 0.174815 -0.115198
217400 -3412.57065366 617.78363364 0.399085 5.6873 0.638505 0.174815 -0.017853
217500 -3380.63199442 615.22684985 0.397433 5.6822 0.625270 0.181056 0.079558
217600 -3389.26212817 644.73707526 0.416497 5.6822 0.625270 0.181056 0.021229
217700 -3379.30474751 603.15405731 0.389634 5.6822 0.625270 0.181056 0.137931
217800 -3393.99685615 601.75094054 0.388728 5.6822 0.625270 0.181056 0.017502
217900 -3386.98114536 624.52990837 0.403443 5.6822 0.625270 0.181056 0.043926
218000 -3391.34982376 634.95526406 0.410178 5.6809 0.627836 0.181594 0.062495
218100 -3378.77738114 639.65360102 0.413213 5.6809 0.627836 0.181594 0.118004
218200 -3394.05305208 635.47143964 0.410511 5.6809 0.627836 0.181594 -0.044005
218300 -3376.51339830 625.46032829 0.404044 5.6809 0.627836 0.181594 0.089595
218400 -3382.67836946 635.83138900 0.410744 5.6809 0.627836 0.181594 0.046899
218500 -3394.50420046 621.05579027 0.401199 5.6860 0.614897 0.178669 -0.062262
218600 -3391.55331670 618.64346679 0.399640 5.6860 0.614897 0.178669 0.005016
218700 -3377.81885444 630.42541457 0.407252 5.6860 0.614897 0.178669 0.092580
218800 -3351.77995746 628.04644793 0.405715 5.6860 0.614897 0.178669 0.185214
218900 -3367.86595047 625.01573788 0.403757 5.6860 0.614897 0.178669 0.004962
219000 -3355.29981818 649.82912299 0.419786 5.6899 0.612397 0.182904 0.062706
219100 -3344.14867959 627.92983298 0.405639 5.6899 0.612397 0.182904 0.097059
219200 -3360.15033379 627.36388559 0.405274 5.6899 0.612397 0.182904 0.005106
219300 -3362.42317656 613.04386342 0.396023 5.6899 0.612397 0.182904 0.009269
219400 -3355.03191110 615.77856866 0.397790 5.6899 0.612397 0.182904 0.066141
219500 -3367.42981983 666.55065559 0.430588 5.7080 0.599603 0.186307 -0.003871
219600 -3360.86938839 636.99555272 0.411496 5.7080 0.599603 0.186307 -0.004133
219700 -3338.06898871 615.70456300 0.397742 5.7080 0.599603 0.186307 0.160417
219800 -3349.25905931 627.42598777 0.405314 5.7080 0.599603 0.186307 0.064238
219900 -3361.37875516 644.07375721 0.416068 5.7080 0.599603 0.186307 -0.040831
220000 -3359.87025296 629.63633382 0.406742 5.6822 0.605624 0.183970 0.037779
220100 -3337.07904202 619.72501716 0.400339 5.6822 0.605624 0.183970 0.064096
220200 -3363.37641925 610.28363674 0.394240 5.6822 0.605624 0.183970 -0.013907
220300 -3384.23882777 635.02869041 0.410225 5.6822 0.605624 0.183970 -0.076514
220400 -3384.53107811 632.57600927 0.408641 5.6822 0.605624 0.183970 -0.007189
220500 -3359.23733516 609.73070249 0.393883 5.6860 0.619482 0.182414 0.071300
220600 -3363.90924154 610.22597588 0.394203 5.6860 0.619482 0.182414 0.078187
220700 -3359.56566787 621.40467016 0.401424 5.6860 0.619482 0.182414 0.046411
220800 -3390.91136547 646.40710508 0.417576 5.6860 0.619482 0.182414 -0.061089
220900 -3375.12629272 618.56144871 0.399587 5.6860 0.619482 0.182414 -0.019634
221000 -3382.42565739 614.50223415 0.396965 5.6654 0.624973 0.184472 -0.152049
221100 -3372.55068707 611.91293400 0.395293 5.6654 0.624973 0.184472 -0.090278
221200 -3363.10885389 642.86114034 0.415285 5.6654 0.624973 0.184472 -0.008101
221300 -3363.44796223 624.72745213 0.403571 5.6654 0.624973 0.184472 0.074058
221400 -3366.52088136 644.19067323 0.416144 5.6654 0.624973 0.184472 -0.028855
221500 -3337.08976017 618.87537740 0.399790 5.6770 0.597461 0.178673 0.131086
221600 -3362.92203529 616.18825955 0.398054 5.6770 0.597461 0.178673 0.016391
221700 -3368.27855287 611.51948871 0.395038 5.6770 0.597461 0.178673 -0.069554
221800 -3353.72672812 594.86236966 0.384278 5.6770 0.597461 0.178673 -0.000650
221900 -3365.14156700 602.88870026 0.389463 5.6770 0.597461 0.178673 -0.038372
222000 -3356.48919971 596.22342485 0.385157 5.6344 0.623613 0.189402 0.070378
222100 -3378.90428921 611.81922571 0.395232 5.6344 0.623613 0.189402 -0.141866
222200 -3362.63029757 602.73102201 0.389361 5.6344 0.623613 0.189402 -0.010966
222300 -3382.12124390 594.86972122 0.384283 5.6344 0.623613 0.189402 -0.031424
222400 -3353.96496135 605.15958489 0.390930 5.6344 0.623613 0.189402 0.064808
222500 -3380.92948461 627.19933316 0.405168 5.6279 0.645440 0.180781 0.014701
222600 -3380.18143605 647.45626366 0.418253 5.6279 0.645440 0.180781 0.051381
222700 -3381.54928433 612.75587481 0.395837 5.6279 0.645440 0.180781 0.062746
222800 -3394.17272981 626.62569760 0.404797 5.6279 0.645440 0.180781 -0.007474
222900 -3399.40976997 625.27831093 0.403927 5.6279 0.645440 0.180781 0.002561
223000 -3389.73468432 616.17262635 0.398044 5.6473 0.643179 0.178980 -0.047426
223100 -3386.48609037 579.75360031 0.374518 5.6473 0.643179 0.178980 -0.050503
223200 -3408.78910042 595.16776816 0.384475 5.6473 0.643179 0.178980 -0.088655
223300 -3391.44813807 596.03413866 0.385035 5.6473 0.643179 0.178980 0.126635
223400 -3398.46382984 595.59992118 0.384754 5.6473 0.643179 0.178980 -0.065306
223500 -3381.51326700 595.43358280 0.384647 5.6835 0.633746 0.178177 -0.043773
223600 -3392.16869848 626.71360905 0.404854 5.6835 0.633746 0.178177 -0.038035
223700 -3392.20595072 638.45921480 0.412441 5.6835 0.633746 0.178177 -0.066441
223800 -3402.08407256 632.82123038 0.408799 5.6835 0.633746 0.178177 -0.052241
223900 -3396.71155248 642.39409310 0.414983 5.6835 0.633746 0.178177 -0.022545
224000 -3375.54972426 614.46167807 0.396939 5.6809 0.624907 0.181118 -0.012374
224100 -3359.91149808 639.42656899 0.413066 5.6809 0.624907 0.181118 0.075688
224200 -3381.23272068 638.83523110 0.412684 5.6809 0.624907 0.181118 -0.017000
224300 -3400.74169928 640.02502163 0.413453 5.6809 0.624907 0.181118 -0.037930
224400 -3386.95234486 648.59509042 0.418989 5.6809 0.624907 0.181118 0.020131
224500 -3376.20394398 621.94688707 0.401774 5.6783 0.625972 0.186446 -0.056185
224600 -3393.01212611 647.42940713 0.418236 5.6783 0.625972 0.186446 0.000909
224700 -3376.21940740 620.50176529 0.400841 5.6783 0.625972 0.186446 0.064045
224800 -3375.36032343 622.59291123 0.402192 5.6783 0.625972 0.186446 0.078488
224900 -3370.66291977 614.69821585 0.397092 5.6783 0.625972 0.186446 0.109568
225000 -3364.81771119 612.59771276 0.395735 5.6757 0.623095 0.182076 0.070978
225100 -3375.81821772 626.78919702 0.404903 5.6757 0.623095 0.182076 0.092320
225200 -3369.60897757 631.63477978 0.408033 5.6757 0.623095 0.182076 0.049157
225300 -3364.81873229 636.17597762 0.410966 5.6757 0.623095 0.182076 0.074009
225400 -3366.12906361 606.12384104 0.391553 5.6757 0.623095 0.182076 0.088179
225500 -3378.58281305 622.89888299 0.402389 5.6047 0.637794 0.185398 0.060093
225600 -3372.78857898 616.97314654 0.398561 5.6047 0.637794 0.185398 0.044528
225700 -3398.58973001 627.68341847 0.405480 5.6047 0.637794 0.185398 -0.044866
225800 -3363.95316430 596.84760847 0.385560 5.6047 0.637794 0.185398 0.040105
225900 -3361.24033792 598.08112737 0.386357 5.6047 0.637794 0.185398 0.050876
226000 -3364.08430365 604.83136212 0.390718 5.6602 0.617217 0.183595 0.046017
226100 -3382.33411366 623.55030456 0.402810 5.6602 0.617217 0.183595 -0.039472
226200 -3376.85207362 605.27469007 0.391004 5.6602 0.617217 0.183595 -0.075521
226300 -3395.43614306 618.08844487 0.399282 5.6602 0.617217 0.183595 -0.040711
226400 -3423.90368499 628.66590609 0.406115 5.6602 0.617217 0.183595 -0.143450
226500 -3391.73017685 596.95573454 0.385630 5.6783 0.620976 0.179833 0.045578
226600 -3393.09526014 587.77612991 0.379700 5.6783 0.620976 0.179833 0.025874
226700 -3406.21089000 618.59886924 0.399612 5.6783 0.620976 0.179833 -0.112495
226800 -3387.36643667 613.09946922 0.396059 5.6783 0.620976 0.179833 0.018106
226900 -3376.11967484 607.30671336 0.392317 5.6783 0.620976 0.179833 0.015722
227000 -3379.89894760 638.86000879 0.412700 5.6460 0.636193 0.184324 0.007496
227100 -3382.07144745 632.74357905 0.408749 5.6460 0.636193 0.184324 -0.008737
227200 -3379.82482647 603.10633867 0.389604 5.6460 0.636193 0.184324 -0.057842
227300 -3367.32222760 633.14622171 0.409009 5.6460 0.636193 0.184324 0.041804
227400 -3375.55151257 611.15830261 0.394805 5.6460 0.636193 0.184324 -0.003149
227500 -3364.31846066 612.42586077 0.395624 5.6576 0.628792 0.186552 0.050358
227600 -3369.90158404 596.11252689 0.385086 5.6576 0.628792 0.186552 -0.030350
227700 -3400.08664693 605.83171873 0.391364 5.6576 0.628792 0.186552 -0.130451
227800 -3391.97320160 613.13449843 0.396082 5.6576 0.628792 0.186552 -0.033981
227900 -3390.96429728 602.49480632 0.389209 5.6576 0.628792 0.186552 0.030200
228000 -3416.52092224 639.87985439 0.413359 5.6783 0.657463 0.175992 -0.091973
228100 -3402.66051994 633.91339504 0.409505 5.6783 0.657463 0.175992 0.029040
228200 -3381.05769648 616.90923133 0.398520 5.6783 0.657463 0.175992 0.057051
228300 -3389.80529541 626.42162899 0.404665 5.6783 0.657463 0.175992 0.098722
228400 -3407.00003492 634.30724648 0.409759 5.6783 0.657463 0.175992 -0.009978
228500 -3406.97867616 631.60175170 0.408011 5.6964 0.634639 0.174326 -0.035444
228600 -3406.05961754 591.78342004 0.382289 5.6964 0.634639 0.174326 -0.055208
228700 -3409.40245486 607.78691008 0.392627 5.6964 0.634639 0.174326 -0.048302
228800 -3405.29292333 620.58618275 0.400895 5.6964 0.634639 0.174326 -0.058681
228900 -3402.29129564 620.17403179 0.400629 5.6964 0.634639 0.174326 0.025260
229000 -3387.58840504 624.90004741 0.403682 5.6731 0.637570 0.178471 0.050650
229100 -3417.43380093 630.34095613 0.407197 5.6731 0.637570 0.178471 -0.097213
229200 -3410.55689736 612.33574827 0.395566 5.6731 0.637570 0.178471 -0.045819
229300 -3371.02326620 597.92433357 0.386256 5.6731 0.637570 0.178471 0.124623
229400 -3414.15006085 658.83273611 0.425603 5.6731 0.637570 0.178471 0.044626
229500 -3398.63048765 629.37288664 0.406572 5.6667 0.631495 0.185392 0.058455
229600 -3387.33920323 608.97835227 0.393397 5.6667 0.631495 0.185392 0.106074
229700 -3382.83955718 617.84342295 0.399124 5.6667 0.631495 0.185392 0.092031
229800 -3399.49295490 605.55468940 0.391185 5.6667 0.631495 0.185392 0.064948
229900 -3407.22229024 605.57070285 0.391196 5.6667 0.631495 0.185392 -0.032609
230000 -3385.96886399 615.13258765 0.397372 5.6331 0.639654 0.182706 0.093771
230100 -3383.30683054 620.38155731 0.400763 5.6331 0.639654 0.182706 0.073701
230200 -3366.23813845 622.47249470 0.402114 5.6331 0.639654 0.182706 0.087828
230300 -3339.56852742 630.72256681 0.407444 5.6331 0.639654 0.182706 0.168622
230400 -3338.80488496 640.49044765 0.413754 5.6331 0.639654 0.182706 0.177123
230500 -3329.89617668 625.55091299 0.404103 5.6537 0.621765 0.186130 0.128988
230600 -3350.68338116 646.68751629 0.417757 5.6537 0.621765 0.186130 0.029976
230700 -3358.79162423 649.48897815 0.419567 5.6537 0.621765 0.186130 0.000446
230800 -3368.48487815 630.77962270 0.407480 5.6537 0.621765 0.186130 -0.098213
230900 -3380.52087230 631.22413147 0.407768 5.6537 0.621765 0.186130 -0.147634
231000 -3365.72764936 637.71677014 0.411962 5.6602 0.619932 0.181276 -0.038459
231100 -3363.02228153 647.13835735 0.418048 5.6602 0.619932 0.181276 -0.033867
231200 -3359.02728239 624.81300245 0.403626 5.6602 0.619932 0.181276 0.002139
231300 -3358.20070813 628.35025213 0.405911 5.6602 0.619932 0.181276 0.038848
231400 -3369.84120609 616.38371835 0.398181 5.6602 0.619932 0.181276 -0.066768
231500 -3358.59735285 636.14782290 0.410948 5.6537 0.624273 0.188138 0.034635
231600 -3367.94541901 636.85152180 0.411403 5.6537 0.624273 0.188138 0.061307
231700 -3369.02017969 650.35613910 0.420127 5.6537 0.624273 0.188138 0.005884
231800 -3355.53541198 615.97505626 0.397917 5.6537 0.624273 0.188138 -0.018337
231900 -3356.28812967 612.07610641 0.395398 5.6537 0.624273 0.188138 0.023977
232000 -3383.88298340 637.35821744 0.411730 5.6628 0.635740 0.181615 -0.110407
232100 -3351.90339364 608.49844731 0.393087 5.6628 0.635740 0.181615 0.069271
232200 -3355.46687551 625.73227345 0.404220 5.6628 0.635740 0.181615 0.021091
232300 -3346.44020635 610.04393456 0.394085 5.6628 0.635740 0.181615 0.054236
232400 -3356.01298252 629.14509888 0.406424 5.6628 0.635740 0.181615 -0.000757
232500 -3365.19097119 623.32136125 0.402662 5.6499 0.629168 0.188099 0.010062
232600 -3360.77238335 598.23752978 0.386458 5.6499 0.629168 0.188099 0.080748
232700 -3374.79423015 647.67798674 0.418397 5.6499 0.629168 0.188099 0.011520
232800 -3366.18658045 642.02869273 0.414747 5.6499 0.629168 0.188099 -0.036481
232900 -3357.93120676 642.15535453 0.414829 5.6499 0.629168 0.188099 0.072364
233000 -3381.68226186 618.77176881 0.399723 5.6550 0.639001 0.180604 -0.087539
233100 -3379.39910589 597.43190378 0.385938 5.6550 0.639001 0.180604 -0.091998
233200 -3357.43552108 619.38633718 0.400120 5.6550 0.639001 0.180604 0.060183
233300 -3359.15280001 609.04966893 0.393443 5.6550 0.639001 0.180604 -0.040866
233400 -3374.50758097 612.10387661 0.395416 5.6550 0.639001 0.180604 0.004986
233500 -3384.64176756 610.62667265 0.394462 5.6848 0.623338 0.180067 -0.010756
233600 -3381.51100756 608.26064361 0.392933 5.6848 0.623338 0.180067 -0.049430
233700 -3391.54949773 600.97127509 0.388224 5.6848 0.623338 0.180067 -0.087840
233800 -3391.89058308 634.57831743 0.409934 5.6848 0.623338 0.180067 -0.035390
233900 -3370.13572730 637.53580338 0.411845 5.6848 0.623338 0.180067 0.064795
234000 -3387.59940445 643.88290567 0.415945 5.6576 0.635913 0.181697 0.021116
234100 -3382.74298857 636.63058565 0.411260 5.6576 0.635913 0.181697 0.023250
234200 -3391.09796084 621.51288464 0.401494 5.6576 0.635913 0.181697 0.003979
234300 -3396.58569498 625.56043408 0.404109 5.6576 0.635913 0.181697 -0.009274
234400 -3383.30134337 596.62247989 0.385415 5.6576 0.635913 0.181697 0.042103
234500 -3390.50523060 603.07747621 0.389585 5.6680 0.647407 0.176923 0.000912
234600 -3400.88787294 639.95314367 0.413406 5.6680 0.647407 0.176923 -0.014894
234700 -3410.12043079 619.58275751 0.400247 5.6680 0.647407 0.176923 -0.072760
234800 -3393.08418531 645.65920905 0.417093 5.6680 0.647407 0.176923 0.056177
234900 -3389.93896304 628.72230130 0.406151 5.6680 0.647407 0.176923 0.062563
235000 -3406.48238251 639.15770797 0.412893 5.6705 0.641062 0.175885 0.051835
235100 -3424.55345284 601.64937959 0.388662 5.6705 0.641062 0.175885 -0.049804
235200 -3418.73067752 608.10758329 0.392834 5.6705 0.641062 0.175885 -0.045093
235300 -3407.93108671 602.00690557 0.388893 5.6705 0.641062 0.175885 0.043817
235400 -3410.61385828 617.62314277 0.398981 5.6705 0.641062 0.175885 0.104863
235500 -3414.89067367 631.09830266 0.407686 5.6783 0.651299 0.174753 0.075826
235600 -3414.41056119 605.34414744 0.391049 5.6783 0.651299 0.174753 0.039112
235700 -3389.89342562 615.19301481 0.397412 5.6783 0.651299 0.174753 -0.006718
235800 -3395.91639503 642.79623283 0.415243 5.6783 0.651299 0.174753 -0.027544
235900 -3396.42901195 635.97691170 0.410838 5.6783 0.651299 0.174753 -0.012199
236000 -3402.22394761 643.39957729 0.415633 5.6705 0.647932 0.178243 -0.037830
236100 -3411.45660045 622.72758849 0.402279 5.6705 0.647932 0.178243 -0.086570
236200 -3420.96882579 608.30783539 0.392964 5.6705 0.647932 0.178243 -0.102186
236300 -3410.88211287 605.59190405 0.391209 5.6705 0.647932 0.178243 -0.039814
236400 -3415.36758369 624.55201758 0.403457 5.6705 0.647932 0.178243 -0.043503
236500 -3400.02353096 623.69172738 0.402902 5.6744 0.642341 0.176547 0.068687
236600 -3408.40362780 599.31396711 0.387154 5.6744 0.642341 0.176547 -0.034792
236700 -3412.58190609 606.88592110 0.392045 5.6744 0.642341 0.176547 0.021862
236800 -3397.45940771 628.69469908 0.406134 5.6744 0.642341 0.176547 0.052843
236900 -3406.97497177 636.77868234 0.411356 5.6744 0.642341 0.176547 -0.047310
237000 -3400.37360785 632.76183063 0.408761 5.6835 0.637092 0.175790 0.060096
237100 -3394.23726116 636.31824489 0.411058 5.6835 0.637092 0.175790 0.047985
237200 -3403.28697415 624.90964306 0.403688 5.6835 0.637092 0.175790 -0.013533
237300 -3402.89340776 612.74583182 0.395831 5.6835 0.637092 0.175790 -0.023488
237400 -3422.72731595 612.72324546 0.395816 5.6835 0.637092 0.175790 -0.121299
237500 -3419.17860815 609.07497331 0.393459 5.7041 0.629000 0.175804 -0.025460
237600 -3425.55024025 624.32289987 0.403309 5.7041 0.629000 0.175804 -0.065570
237700 -3419.08577897 617.15651275 0.398680 5.7041 0.629000 0.175804 0.034931
237800 -3416.56040055 620.67797310 0.400955 5.7041 0.629000 0.175804 0.007855
237900 -3416.46408772 618.09035479 0.399283 5.7041 0.629000 0.175804 -0.005080
238000 -3401.80719045 605.26995287 0.391001 5.6757 0.641184 0.179113 0.052031
238100 -3420.95797594 628.86390719 0.406243 5.6757 0.641184 0.179113 -0.062372
238200 -3402.10772359 620.75558101 0.401005 5.6757 0.641184 0.179113 0.029621
238300 -3396.62970324 627.94867945 0.405652 5.6757 0.641184 0.179113 0.083660
238400 -3421.94588922 643.55727531 0.415735 5.6757 0.641184 0.179113 -0.028112
238500 -3395.89016383 615.98427915 0.397923 5.7261 0.626811 0.173522 -0.030401
238600 -3384.87910187 620.83880790 0.401059 5.7261 0.626811 0.173522 0.052116
238700 -3411.71260660 609.36406631 0.393646 5.7261 0.626811 0.173522 -0.074118
238800 -3410.21777105 643.29784953 0.415567 5.7261 0.626811 0.173522 -0.098321
238900 -3400.51618130 639.78023213 0.413295 5.7261 0.626811 0.173522 -0.027348
239000 -3391.92811080 649.78483987 0.419758 5.6576 0.631904 0.180421 0.135575
239100 -3388.60097583 634.21831029 0.409702 5.6576 0.631904 0.180421 0.054911
239200 -3380.63534809 644.91877255 0.416614 5.6576 0.631904 0.180421 0.057273
239300 -3388.50510757 622.47850003 0.402118 5.6576 0.631904 0.180421 0.013468
239400 -3375.72904047 631.83668084 0.408163 5.6576 0.631904 0.180421 0.063386
239500 -3378.91337048 615.24928293 0.397448 5.7093 0.625250 0.173416 -0.019888
239600 -3406.97231934 612.67615772 0.395786 5.7093 0.625250 0.173416 -0.066774
239700 -3423.28511275 601.00538034 0.388246 5.7093 0.625250 0.173416 -0.164496
239800 -3418.03035236 605.00508855 0.390830 5.7093 0.625250 0.173416 -0.014643
239900 -3409.05219379 627.99974319 0.405685 5.7093 0.625250 0.173416 0.020777
240000 -3403.28920400 653.16298269 0.421940 5.6615 0.652009 0.175335 0.080196
240100 -3390.43530012 624.82924348 0.403636 5.6615 0.652009 0.175335 0.016535
240200 -3426.89647441 635.73572841 0.410682 5.6615 0.652009 0.175335 -0.112794
240300 -3402.26891153 612.28925545 0.395536 5.6615 0.652009 0.175335 -0.025608
240400 -3394.64761796 627.86674654 0.405599 5.6615 0.652009 0.175335 -0.063004
240500 -3378.19265377 609.07016797 0.393456 5.6951 0.622836 0.177280 0.018403
240600 -3381.78638961 631.05997808 0.407661 5.6951 0.622836 0.177280 0.025308
240700 -3379.91674378 627.56939465 0.405407 5.6951 0.622836 0.177280 0.053685
240800 -3378.93060332 649.04792630 0.419282 5.6951 0.622836 0.177280 0.016761
240900 -3390.08066610 628.75481907 0.406172 5.6951 0.622836 0.177280 -0.028266
241000 -3402.17432876 637.67638618 0.411936 5.6809 0.639025 0.178434 -0.087356
241100 -3373.14650865 620.35836519 0.400748 5.6809 0.639025 0.178434 0.075440
241200 -3361.87973060 618.63127867 0.399633 5.6809 0.639025 0.178434 0.134979
241300 -3365.98685058 617.71004389 0.399037 5.6809 0.639025 0.178434 0.097293
241400 -3388.44813255 628.44059110 0.405969 5.6809 0.639025 0.178434 -0.038059
241500 -3380.08037410 612.65849605 0.395774 5.6886 0.617260 0.182898 -0.027842
241600 -3386.91302269 603.50413461 0.389861 5.6886 0.617260 0.182898 -0.064051
241700 -3385.70661036 600.43513083 0.387878 5.6886 0.617260 0.182898 -0.076577
241800 -3396.57097113 619.01067594 0.399878 5.6886 0.617260 0.182898 -0.077895
241900 -3380.79626769 597.13656631 0.385747 5.6886 0.617260 0.182898 0.024457
242000 -3398.61219560 619.56495499 0.400236 5.6899 0.622139 0.179507 -0.015665
242100 -3344.58440243 603.05755301 0.389572 5.6899 0.622139 0.179507 0.207131
242200 -3354.08123474 612.79664333 0.395863 5.6899 0.622139 0.179507 -0.017270
242300 -3354.53941670 633.13927680 0.409005 5.6899 0.622139 0.179507 -0.025222
242400 -3344.55320839 601.98326155 0.388878 5.6899 0.622139 0.179507 0.051279
242500 -3346.85896470 613.66169379 0.396422 5.6305 0.635914 0.187806 0.040326
242600 -3354.24057723 617.60384969 0.398969 5.6305 0.635914 0.187806 -0.011689
242700 -3366.68661839 646.51329546 0.417644 5.6305 0.635914 0.187806 -0.060198
242800 -3361.98595489 637.59308698 0.411882 5.6305 0.635914 0.187806 0.040852
242900 -3357.64923555 603.77403625 0.390035 5.6305 0.635914 0.187806 -0.039395
243000 -3344.93998583 609.30220100 0.393606 5.6925 0.604185 0.184971 -0.013959
243100 -3343.10264565 626.26944768 0.404567 5.6925 0.604185 0.184971 0.019740
243200 -3349.06473516 616.15240085 0.398031 5.6925 0.604185 0.184971 -0.002835
243300 -3342.37881423 625.16068801 0.403851 5.6925 0.604185 0.184971 0.006798
243400 -3359.64463771 616.37704191 0.398176 5.6925 0.604185 0.184971 -0.066396
243500 -3361.35660938 605.40091723 0.391086 5.6486 0.617869 0.184263 -0.053513
243600 -3338.68659888 604.88322783 0.390751 5.6486 0.617869 0.184263 0.010788
243700 -3356.59904841 610.77171646 0.394555 5.6486 0.617869 0.184263 -0.062049
243800 -3350.69125059 608.95549269 0.393382 5.6486 0.617869 0.184263 -0.047975
243900 -3359.11325009 610.55808496 0.394417 5.6486 0.617869 0.184263 -0.101140
244000 -3363.15510731 628.04542245 0.405714 5.6512 0.620782 0.184427 -0.042440
244100 -3344.90782430 624.82186499 0.403632 5.6512 0.620782 0.184427 0.061053
244200 -3356.36998354 629.46611573 0.406632 5.6512 0.620782 0.184427 -0.034539
244300 -3370.14288109 628.91577339 0.406276 5.6512 0.620782 0.184427 -0.063985
244400 -3354.53716926 641.40582570 0.414345 5.6512 0.620782 0.184427 0.028178
244500 -3334.71256561 632.15649742 0.408370 5.7119 0.603133 0.183484 0.085217
244600 -3354.19453671 641.86802173 0.414643 5.7119 0.603133 0.183484 -0.000752
244700 -3372.43945497 651.34088753 0.420763 5.7119 0.603133 0.183484 -0.097437
244800 -3373.82778199 628.35934215 0.405917 5.7119 0.603133 0.183484 -0.098798
244900 -3368.24389157 626.95744713 0.405011 5.7119 0.603133 0.183484 -0.067125
245000 -3372.17939214 627.81475066 0.405565 5.6964 0.609866 0.179679 -0.066109
245100 -3375.05481246 629.87421293 0.406895 5.6964 0.609866 0.179679 0.053395
245200 -3377.46487231 613.55823387 0.396355 5.6964 0.609866 0.179679 0.025262
245300 -3384.02394497 623.90777809 0.403041 5.6964 0.609866 0.179679 -0.045519
245400 -3372.73129324 612.40970066 0.395614 5.6964 0.609866 0.179679 0.009745
245500 -3367.80899505 594.60472681 0.384112 5.6718 0.628788 0.180980 -0.000256
245600 -3392.62217508 642.51779626 0.415063 5.6718 0.628788 0.180980 -0.103568
245700 -3390.45798528 602.69832898 0.389340 5.6718 0.628788 0.180980 -0.128808
245800 -3387.99290282 623.31353432 0.402657 5.6718 0.628788 0.180980 -0.057103
245900 -3379.70629213 620.96620331 0.401141 5.6718 0.628788 0.180980 -0.075498
246000 -3364.51074819 613.94408236 0.396605 5.6589 0.623283 0.184692 0.057125
246100 -3383.16179530 610.39492852 0.394312 5.6589 0.623283 0.184692 -0.096366
246200 -3390.46475442 592.95213318 0.383044 5.6589 0.623283 0.184692 -0.041335
246300 -3394.68598560 593.92325212 0.383671 5.6589 0.623283 0.184692 0.023734
246400 -3410.72238655 614.19391168 0.396766 5.6589 0.623283 0.184692 0.010565
246500 -3431.62555854 621.06928897 0.401208 5.6641 0.638325 0.173982 -0.069020
246600 -3414.25861642 599.33921102 0.387170 5.6641 0.638325 0.173982 -0.023312
246700 -3400.45808882 621.08968469 0.401221 5.6641 0.638325 0.173982 0.030327
246800 -3405.66768420 615.69656478 0.397737 5.6641 0.638325 0.173982 -0.029623
246900 -3398.25507261 621.06326523 0.401204 5.6641 0.638325 0.173982 0.038014
247000 -3401.68716810 618.66282343 0.399653 5.7016 0.634100 0.178976 0.014541
247100 -3377.18391147 601.89044000 0.388818 5.7016 0.634100 0.178976 0.181291
247200 -3402.59135817 624.50658003 0.403428 5.7016 0.634100 0.178976 -0.020235
247300 -3391.01042816 604.85563985 0.390734 5.7016 0.634100 0.178976 0.085768
247400 -3388.02286448 615.51780300 0.397621 5.7016 0.634100 0.178976 -0.030269
247500 -3387.33628551 627.56863354 0.405406 5.6589 0.635076 0.177861 0.081658
247600 -3393.15880993 631.84097598 0.408166 5.6589 0.635076 0.177861 0.037996
247700 -3388.14508947 605.17316692 0.390939 5.6589 0.635076 0.177861 -0.024019
247800 -3386.39311548 582.53281736 0.376313 5.6589 0.635076 0.177861 -0.049113
247900 -3384.07786275 577.70252059 0.373193 5.6589 0.635076 0.177861 0.002280
248000 -3403.45205141 619.95351905 0.400487 5.6757 0.638452 0.181974 0.012205
248100 -3387.17922560 604.50548120 0.390507 5.6757 0.638452 0.181974 -0.043919
248200 -3369.82692133 622.70830492 0.402266 5.6757 0.638452 0.181974 0.037489
248300 -3382.87083002 621.31090344 0.401364 5.6757 0.638452 0.181974 0.028616
248400 -3373.15926828 603.73619257 0.390010 5.6757 0.638452 0.181974 -0.026178
248500 -3385.55273870 613.42237284 0.396268 5.6589 0.627210 0.184282 -0.008906
248600 -3388.16740123 629.14236060 0.406423 5.6589 0.627210 0.184282 -0.049004
248700 -3381.22345881 617.66215114 0.399007 5.6589 0.627210 0.184282 -0.024651
248800 -3383.50252831 638.71747807 0.412608 5.6589 0.627210 0.184282 -0.041814
248900 -3380.25287767 606.29588777 0.391664 5.6589 0.627210 0.184282 0.039436
249000 -3403.77358825 610.41626296 0.394326 5.6680 0.628999 0.184413 -0.057116
249100 -3363.20145696 604.86982388 0.390743 5.6680 0.628999 0.184413 0.105369
249200 -3364.66234777 630.51756037 0.407311 5.6680 0.628999 0.184413 0.082408
249300 -3406.48384923 646.48765626 0.417628 5.6680 0.628999 0.184413 -0.119980
249400 -3388.74218975 633.01150538 0.408922 5.6680 0.628999 0.184413 -0.021112
249500 -3407.49493168 611.50493015 0.395029 5.6977 0.637774 0.177084 -0.066467
249600 -3412.69087411 591.92655155 0.382381 5.6977 0.637774 0.177084 -0.058728
249700 -3413.79595705 616.65650493 0.398357 5.6977 0.637774 0.177084 -0.094379
249800 -3392.37873250 618.28861285 0.399411 5.6977 0.637774 0.177084 0.002418
249900 -3393.56967902 620.19024669 0.400640 5.6977 0.637774 0.177084 0.067898
250000 -3391.22616036 618.66789765 0.399656 5.6602 0.635226 0.181155 0.040521
250100 -3355.76972734 620.45317259 0.400810 5.6602 0.635226 0.181155 0.140396
250200 -3379.01129481 606.03918527 0.391498 5.6602 0.635226 0.181155 -0.017332
250300 -3367.72193322 590.47829143 0.381446 5.6602 0.635226 0.181155 0.018778
250400 -3360.71512024 654.52476788 0.422820 5.6602 0.635226 0.181155 0.075037
250500 -3338.50542669 655.69919392 0.423578 5.7300 0.602631 0.185728 0.064465
250600 -3340.13076693 647.82876586 0.418494 5.7300 0.602631 0.185728 0.036905
250700 -3368.54467471 630.74686599 0.407459 5.7300 0.602631 0.185728 -0.046847
250800 -3358.20190478 608.33640669 0.392982 5.7300 0.602631 0.185728 0.065280
250900 -3356.81356250 623.60150189 0.402843 5.7300 0.602631 0.185728 0.044099
251000 -3379.77080616 626.08772754 0.404449 5.6486 0.617085 0.188497 -0.000333
251100 -3341.19369566 611.34613941 0.394926 5.6486 0.617085 0.188497 0.118923
251200 -3364.16756517 607.02138935 0.392133 5.6486 0.617085 0.188497 0.003970
251300 -3377.76557078 587.52613571 0.379539 5.6486 0.617085 0.188497 -0.008207
251400 -3399.89862394 619.01090139 0.399878 5.6486 0.617085 0.188497 -0.028632
251500 -3397.65721606 616.94836373 0.398545 5.6873 0.626496 0.176448 0.000964
251600 -3374.00809828 595.50296330 0.384692 5.6873 0.626496 0.176448 0.025162
251700 -3373.86450900 636.15702348 0.410954 5.6873 0.626496 0.176448 0.055026
251800 -3364.67741459 611.27222790 0.394879 5.6873 0.626496 0.176448 -0.001430
251900 -3370.16324481 626.72963878 0.404864 5.6873 0.626496 0.176448 0.081375
252000 -3382.32081069 602.76765966 0.389385 5.6589 0.637881 0.182221 -0.034766
252100 -3379.50549793 624.26219490 0.403270 5.6589 0.637881 0.182221 0.020717
252200 -3370.32466419 627.86270634 0.405596 5.6589 0.637881 0.182221 0.032851
252300 -3388.83713959 627.48520266 0.405352 5.6589 0.637881 0.182221 -0.030617
252400 -3386.97718177 627.82914257 0.405574 5.6589 0.637881 0.182221 -0.090899
252500 -3375.69156521 621.02171933 0.401177 5.6912 0.614144 0.183095 0.011165
252600 -3353.10057705 609.92656837 0.394009 5.6912 0.614144 0.183095 0.094499
252700 -3390.59564907 645.38697052 0.416917 5.6912 0.614144 0.183095 0.012827
252800 -3377.19125887 616.72606097 0.398402 5.6912 0.614144 0.183095 -0.024825
252900 -3381.75641907 623.00311876 0.402457 5.6912 0.614144 0.183095 0.008564
253000 -3409.88686780 625.85380867 0.404298 5.6680 0.631227 0.183514 -0.049802
253100 -3387.91203512 603.71601996 0.389997 5.6680 0.631227 0.183514 0.049956
253200 -3387.47304702 619.41037666 0.400136 5.6680 0.631227 0.183514 0.060934
253300 -3383.09503911 612.30661578 0.395547 5.6680 0.631227 0.183514 0.096138
253400 -3395.90178539 639.85590107 0.413344 5.6680 0.631227 0.183514 -0.009514
253500 -3396.54500834 611.43618091 0.394985 5.6964 0.630765 0.177083 -0.031953
253600 -3404.41795639 601.11302545 0.388316 5.6964 0.630765 0.177083 0.014715
253700 -3390.60599005 613.13807374 0.396084 5.6964 0.630765 0.177083 0.079468
253800 -3396.48003547 622.01659468 0.401820 5.6964 0.630765 0.177083 0.001261
253900 -3391.66261608 629.22731717 0.406478 5.6964 0.630765 0.177083 -0.031277
254000 -3391.75415594 615.37513960 0.397529 5.6408 0.632477 0.180813 -0.045115
254100 -3392.07615223 599.19815469 0.387079 5.6408 0.632477 0.180813 -0.070454
254200 -3388.00668940 632.71682051 0.408732 5.6408 0.632477 0.180813 -0.022264
254300 -3362.31088575 607.12674491 0.392201 5.6408 0.632477 0.180813 0.050252
254400 -3363.04065507 600.11312752 0.387670 5.6408 0.632477 0.180813 0.087111
254500 -3386.31363351 613.82259904 0.396526 5.6602 0.625760 0.182014 -0.003459
254600 -3381.25201928 593.94555663 0.383686 5.6602 0.625760 0.182014 -0.049465
254700 -3399.68674641 597.95714465 0.386277 5.6602 0.625760 0.182014 -0.190292
254800 -3372.33409973 621.84181683 0.401707 5.6602 0.625760 0.182014 -0.008905
254900 -3381.38686525 638.58615383 0.412523 5.6602 0.625760 0.182014 -0.019838
255000 -3377.49911470 613.81456216 0.396521 5.6589 0.614362 0.182108 -0.008410
255100 -3373.28845497 615.89295418 0.397864 5.6589 0.614362 0.182108 -0.054962
255200 -3337.08260894 604.14443532 0.390274 5.6589 0.614362 0.182108 0.165759
255300 -3371.69030962 631.77616293 0.408124 5.6589 0.614362 0.182108 0.092894
255400 -3360.79329042 620.74118674 0.400996 5.6589 0.614362 0.182108 0.060050
255500 -3355.86529465 612.36479666 0.395584 5.6602 0.626084 0.183864 0.115379
255600 -3370.10427261 641.85765382 0.414637 5.6602 0.626084 0.183864 0.029768
255700 -3370.92218210 607.24968907 0.392280 5.6602 0.626084 0.183864 0.037935
255800 -3391.06582575 612.98755134 0.395987 5.6602 0.626084 0.183864 -0.011714
255900 -3389.41106956 602.41514463 0.389157 5.6602 0.626084 0.183864 0.036747
256000 -3373.80187199 606.20864455 0.391608 5.6641 0.628743 0.183713 0.027157
256100 -3382.25761814 616.93486841 0.398537 5.6641 0.628743 0.183713 0.017263
256200 -3387.52239512 626.26092275 0.404561 5.6641 0.628743 0.183713 0.015559
256300 -3368.31866658 636.17085777 0.410963 5.6641 0.628743 0.183713 0.110294
256400 -3364.13436708 637.20687272 0.411632 5.6641 0.628743 0.183713 0.141841
256500 -3378.89345754 625.47493545 0.404054 5.6576 0.634758 0.182074 0.005370
256600 -3376.67955121 628.12888183 0.405768 5.6576 0.634758 0.182074 -0.039373
256700 -3375.94871410 611.58483510 0.395081 5.6576 0.634758 0.182074 0.059099
256800 -3383.78929000 617.98348922 0.399214 5.6576 0.634758 0.182074 -0.077860
256900 -3376.10337811 606.91964401 0.392067 5.6576 0.634758 0.182074 -0.036472
257000 -3392.72336067 611.18666404 0.394823 5.6395 0.638939 0.184125 -0.049273
257100 -3411.96886603 594.82617095 0.384255 5.6395 0.638939 0.184125 -0.144750
257200 -3406.89399484 607.05977807 0.392157 5.6395 0.638939 0.184125 -0.106820
257300 -3413.82771411 591.60197825 0.382172 5.6395 0.638939 0.184125 -0.047180
257400 -3406.42536486 592.87024307 0.382991 5.6395 0.638939 0.184125 -0.043625
257500 -3407.41452144 609.67300819 0.393846 5.6886 0.634448 0.177527 -0.131519
257600 -3393.76832310 613.36227462 0.396229 5.6886 0.634448 0.177527 -0.051656
257700 -3393.29637628 598.82185749 0.386836 5.6886 0.634448 0.177527 -0.007362
257800 -3393.63645120 646.22673434 0.417459 5.6886 0.634448 0.177527 0.071292
257900 -3394.17545081 626.44714822 0.404682 5.6886 0.634448 0.177527 -0.008368
258000 -3378.91151039 616.59504106 0.398317 5.7003 0.622841 0.174224 0.007207
258100 -3369.61751469 626.33747690 0.404611 5.7003 0.622841 0.174224 0.125959
258200 -3393.87627733 663.36536081 0.428531 5.7003 0.622841 0.174224 0.013800
258300 -3382.67595352 662.09248913 0.427708 5.7003 0.622841 0.174224 0.014463
258400 -3390.56569393 609.37728075 0.393655 5.7003 0.622841 0.174224 -0.032621
258500 -3389.78401278 599.46053829 0.387248 5.6860 0.621446 0.182192 0.013883
258600 -3420.35348053 602.43879947 0.389172 5.6860 0.621446 0.182192 -0.012348
258700 -3417.43251420 572.66455579 0.369938 5.6860 0.621446 0.182192 -0.015712
258800 -3418.84711202 622.63161688 0.402217 5.6860 0.621446 0.182192 0.005042
258900 -3400.45131096 609.56134673 0.393773 5.6860 0.621446 0.182192 -0.030232
259000 -3395.46765043 612.78131818 0.395854 5.6602 0.643217 0.184026 0.020153
259100 -3397.60749164 618.81239502 0.399750 5.6602 0.643217 0.184026 -0.008766
259200 -3411.31374663 614.94057678 0.397248 5.6602 0.643217 0.184026 -0.006969
259300 -3416.02571554 613.56409766 0.396359 5.6602 0.643217 0.184026 0.023900
259400 -3401.97800861 617.05040606 0.398611 5.6602 0.643217 0.184026 0.082775
259500 -3410.53452446 610.01018102 0.394063 5.6473 0.643562 0.182033 -0.024605
259600 -3411.26271227 607.58359809 0.392496 5.6473 0.643562 0.182033 -0.004422
259700 -3406.80810977 616.77110095 0.398431 5.6473 0.643562 0.182033 -0.028522
259800 -3422.62788738 606.44241188 0.391759 5.6473 0.643562 0.182033 -0.010317
259900 -3395.21281216 630.29396792 0.407167 5.6473 0.643562 0.182033 0.076254
260000 -3408.57249849 626.42222309 0.404666 5.6873 0.616161 0.182650 -0.062079
260100 -3369.85761450 615.74583560 0.397769 5.6873 0.616161 0.182650 0.056944
260200 -3374.58326393 595.49843932 0.384689 5.6873 0.616161 0.182650 -0.000738
260300 -3382.43355053 617.43443692 0.398859 5.6873 0.616161 0.182650 -0.009001
260400 -3400.01407695 617.11200454 0.398651 5.6873 0.616161 0.182650 -0.124470
260500 -3380.65328062 617.61990939 0.398979 5.6783 0.613945 0.180983 -0.031561
260600 -3379.54149324 617.66813099 0.399010 5.6783 0.613945 0.180983 -0.049181
260700 -3390.05041305 615.92809932 0.397886 5.6783 0.613945 0.180983 -0.057247
260800 -3376.94579100 612.62144147 0.395750 5.6783 0.613945 0.180983 -0.017045
260900 -3370.60573755 631.39661694 0.407879 5.6783 0.613945 0.180983 0.078022
261000 -3360.84196000 638.25644138 0.412310 5.6744 0.608467 0.187618 0.053568
261100 -3354.06286809 609.99241653 0.394052 5.6744 0.608467 0.187618 0.022612
261200 -3367.41992170 639.64037076 0.413204 5.6744 0.608467 0.187618 -0.074468
261300 -3369.82169744 626.33174536 0.404607 5.6744 0.608467 0.187618 0.002018
261400 -3370.33956058 605.15545358 0.390927 5.6744 0.608467 0.187618 -0.017890
261500 -3378.50862978 611.87719971 0.395270 5.6576 0.635123 0.186260 0.022538
261600 -3395.00906769 610.99043235 0.394697 5.6576 0.635123 0.186260 -0.054092
261700 -3394.68819284 634.26376513 0.409731 5.6576 0.635123 0.186260 0.029174
261800 -3422.96274982 614.21650803 0.396781 5.6576 0.635123 0.186260 -0.098653
261900 -3392.43516451 600.48959577 0.387913 5.6576 0.635123 0.186260 0.068951
262000 -3403.05831234 588.83430471 0.380384 5.6899 0.625457 0.179286 0.007485
262100 -3416.84173656 597.83745883 0.386200 5.6899 0.625457 0.179286 -0.032448
262200 -3438.67165529 602.56995270 0.389257 5.6899 0.625457 0.179286 -0.120177
262300 -3429.64973086 601.59060367 0.388624 5.6899 0.625457 0.179286 -0.051361
262400 -3447.23661603 628.43659688 0.405967 5.6899 0.625457 0.179286 -0.106159
262500 -3429.56072869 609.80445453 0.393931 5.6667 0.648786 0.181005 -0.040339
262600 -3429.86695772 613.06114527 0.396034 5.6667 0.648786 0.181005 -0.075666
262700 -3409.39759593 622.70140469 0.402262 5.6667 0.648786 0.181005 0.013651
262800 -3435.16026845 633.78384985 0.409421 5.6667 0.648786 0.181005 -0.015298
262900 -3456.22258883 636.85338953 0.411404 5.6667 0.648786 0.181005 -0.162005
263000 -3427.83500294 596.86984289 0.385575 5.6977 0.646681 0.179073 -0.077667
263100 -3430.38951412 616.54678565 0.398286 5.6977 0.646681 0.179073 0.001113
263200 -3426.52990107 589.92158711 0.381086 5.6977 0.646681 0.179073 0.013966
263300 -3455.28498479 617.55582793 0.398938 5.6977 0.646681 0.179073 -0.092224
263400 -3435.91650986 624.30071949 0.403295 5.6977 0.646681 0.179073 0.036346
263500 -3426.83709916 639.84206883 0.413335 5.6382 0.643672 0.186456 0.019869
263600 -3417.28076820 605.37308268 0.391068 5.6382 0.643672 0.186456 0.059348
263700 -3433.39531229 579.91763674 0.374624 5.6382 0.643672 0.186456 -0.014131
263800 -3434.31304370 611.99977908 0.395349 5.6382 0.643672 0.186456 -0.003002
263900 -3442.13654903 610.60757644 0.394449 5.6382 0.643672 0.186456 -0.024241
264000 -3448.13132048 612.33212765 0.395563 5.6848 0.641930 0.177085 -0.067503
264100 -3442.51552137 621.83202659 0.401700 5.6848 0.641930 0.177085 -0.035412
264200 -3460.39793435 595.73732749 0.384843 5.6848 0.641930 0.177085 -0.015739
264300 -3445.34938024 597.70348079 0.386113 5.6848 0.641930 0.177085 0.083832
264400 -3451.94890400 604.60070816 0.390569 5.6848 0.641930 0.177085 0.005412
264500 -3444.88729188 602.85995156 0.389444 5.6977 0.627792 0.181133 -0.046869
264600 -3446.17539548 613.55993739 0.396357 5.6977 0.627792 0.181133 -0.069290
264700 -3432.61610727 598.36265839 0.386539 5.6977 0.627792 0.181133 0.079020
264800 -3436.41155399 607.04735000 0.392149 5.6977 0.627792 0.181133 0.040494
264900 -3434.07993319 615.62021628 0.397687 5.6977 0.627792 0.181133 0.044832
265000 -3421.13941322 625.53086432 0.404090 5.6912 0.646163 0.176509 0.073816
265100 -3431.04569662 639.90152863 0.413373 5.6912 0.646163 0.176509 0.037561
265200 -3418.31567636 630.96598568 0.407601 5.6912 0.646163 0.176509 0.064968
265300 -3421.26924214 609.84459966 0.393956 5.6912 0.646163 0.176509 0.054961
265400 -3434.35419578 624.82721582 0.403635 5.6912 0.646163 0.176509 0.019755
265500 -3425.93305641 631.62465264 0.408026 5.6654 0.653997 0.180948 0.050463
265600 -3435.78217804 603.13437857 0.389622 5.6654 0.653997 0.180948 0.026859
265700 -3426.73022603 609.58841683 0.393791 5.6654 0.653997 0.180948 0.036526
265800 -3429.61098669 642.91124416 0.415317 5.6654 0.653997 0.180948 -0.012073
265900 -3407.06560346 591.82647166 0.382317 5.6654 0.653997 0.180948 0.014084
266000 -3420.39809721 612.56943844 0.395717 5.7119 0.627472 0.178423 -0.049610
266100 -3433.35340771 618.18522679 0.399344 5.7119 0.627472 0.178423 -0.072887
266200 -3421.24546047 596.29119406 0.385201 5.7119 0.627472 0.178423 -0.031717
266300 -3433.80634306 620.49385617 0.400836 5.7119 0.627472 0.178423 -0.039359
266400 -3427.34090018 638.40538818 0.412407 5.7119 0.627472 0.178423 -0.032733
266500 -3432.51401433 640.46759809 0.413739 5.7119 0.644563 0.173349 -0.009214
266600 -3440.03671412 628.49971510 0.406008 5.7119 0.644563 0.173349 -0.028261
266700 -3444.20486549 608.28940130 0.392952 5.7119 0.644563 0.173349 -0.155889
266800 -3437.15228972 591.71492424 0.382245 5.7119 0.644563 0.173349 -0.056264
266900 -3458.53994688 607.28430962 0.392303 5.7119 0.644563 0.173349 -0.114665
267000 -3453.42998180 596.38226407 0.385260 5.7106 0.655692 0.175663 -0.080198
267100 -3444.86818633 629.30571293 0.406528 5.7106 0.655692 0.175663 -0.007268
267200 -3437.93407223 607.42542178 0.392394 5.7106 0.655692 0.175663 -0.088244
267300 -3448.71744676 607.53368668 0.392464 5.7106 0.655692 0.175663 -0.067523
267400 -3481.00199773 610.34190631 0.394278 5.7106 0.655692 0.175663 -0.082487
267500 -3447.56189517 605.29167144 0.391015 5.6990 0.641240 0.175587 0.103458
267600 -3447.73548213 594.28059337 0.383902 5.6990 0.641240 0.175587 0.000927
267700 -3455.28353521 618.28422393 0.399408 5.6990 0.641240 0.175587 -0.032984
267800 -3436.46467336 619.33532191 0.400087 5.6990 0.641240 0.175587 0.051534
267900 -3432.42211712 623.28433535 0.402638 5.6990 0.641240 0.175587 0.090854
268000 -3420.62017523 593.25031450 0.383237 5.6809 0.644684 0.176735 0.111301
268100 -3436.81933205 616.42312766 0.398206 5.6809 0.644684 0.176735 0.074677
268200 -3461.19332731 627.68847050 0.405484 5.6809 0.644684 0.176735 -0.083035
268300 -3454.32906172 627.09526609 0.405100 5.6809 0.644684 0.176735 0.017299
268400 -3442.77757786 615.77520696 0.397788 5.6809 0.644684 0.176735 0.077768
268500 -3445.00873495 628.58285551 0.406061 5.6680 0.664701 0.178809 0.018050
268600 -3424.67894247 603.53554386 0.389881 5.6680 0.664701 0.178809 0.060575
268700 -3422.81701734 627.92334327 0.405635 5.6680 0.664701 0.178809 0.018248
268800 -3406.13964738 610.18675589 0.394177 5.6680 0.664701 0.178809 0.167759
268900 -3404.43830453 633.38877843 0.409166 5.6680 0.664701 0.178809 0.122450
269000 -3420.66423109 605.48928004 0.391143 5.6783 0.631203 0.186689 -0.005915
269100 -3416.41971884 609.16876449 0.393520 5.6783 0.631203 0.186689 0.078491
269200 -3419.02610334 602.06678095 0.388932 5.6783 0.631203 0.186689 -0.039479
269300 -3401.69611799 616.19455183 0.398058 5.6783 0.631203 0.186689 0.022382
269400 -3421.19181183 616.22935716 0.398081 5.6783 0.631203 0.186689 -0.081691
269500 -3445.49740253 639.13001442 0.412875 5.6654 0.645930 0.176807 -0.090714
269600 -3428.08593636 617.52921768 0.398921 5.6654 0.645930 0.176807 -0.036857
269700 -3416.31209445 622.21844868 0.401950 5.6654 0.645930 0.176807 0.034052
269800 -3413.62313431 600.44026770 0.387881 5.6654 0.645930 0.176807 -0.008498
269900 -3424.80746671 560.63184861 0.362165 5.6654 0.645930 0.176807 -0.089871
270000 -3433.46601106 596.22175174 0.385156 5.6602 0.654892 0.178031 0.010587
270100 -3423.85560576 625.64239610 0.404162 5.6602 0.654892 0.178031 0.057102
270200 -3430.25396748 607.64781786 0.392537 5.6602 0.654892 0.178031 -0.042431
270300 -3443.21231340 613.43131841 0.396273 5.6602 0.654892 0.178031 0.001270
270400 -3444.40379578 611.94091270 0.395311 5.6602 0.654892 0.178031 -0.010035
270500 -3444.17326005 607.84473825 0.392665 5.6964 0.645260 0.179331 -0.040613
270600 -3445.27740076 638.17245672 0.412256 5.6964 0.645260 0.179331 -0.064661
270700 -3429.11672450 615.20445667 0.397419 5.6964 0.645260 0.179331 0.028185
270800 -3421.64977291 604.70977961 0.390639 5.6964 0.645260 0.179331 0.052009
270900 -3452.09837187 612.09182609 0.395408 5.6964 0.645260 0.179331 -0.074909
271000 -3432.15977577 593.11453520 0.383149 5.6602 0.633763 0.186231 -0.026955
271100 -3430.16971900 603.82227067 0.390066 5.6602 0.633763 0.186231 0.013280
271200 -3418.15996629 584.16411296 0.377367 5.6602 0.633763 0.186231 0.118109
271300 -3426.81930870 614.07004686 0.396686 5.6602 0.633763 0.186231 0.034542
271400 -3441.75649013 614.38824871 0.396892 5.6602 0.633763 0.186231 -0.000717
271500 -3414.59999691 613.32834735 0.396207 5.6537 0.644506 0.184391 0.112850
271600 -3417.06374276 579.07522054 0.374080 5.6537 0.644506 0.184391 0.026913
271700 -3412.45740547 604.68730260 0.390625 5.6537 0.644506 0.184391 0.034248
271800 -3448.25823981 628.38700124 0.405935 5.6537 0.644506 0.184391 -0.120404
271900 -3429.88932407 605.65493402 0.391250 5.6537 0.644506 0.184391 -0.034011
272000 -3430.29055993 623.93302207 0.403058 5.6667 0.643324 0.181381 0.007443
272100 -3427.19743490 624.09405903 0.403162 5.6667 0.643324 0.181381 0.005662
272200 -3416.39481068 607.19443432 0.392244 5.6667 0.643324 0.181381 0.045819
272300 -3438.56366988 608.73483636 0.393240 5.6667 0.643324 0.181381 0.011228
272400 -3452.37965597 629.88950171 0.406905 5.6667 0.643324 0.181381 -0.093146
272500 -3426.82545416 613.82380088 0.396527 5.6718 0.632487 0.180483 0.036720
272600 -3413.78239392 603.63943268 0.389948 5.6718 0.632487 0.180483 0.107547
272700 -3430.44070078 625.57206281 0.404116 5.6718 0.632487 0.180483 0.044730
272800 -3423.10216461 652.01715790 0.421200 5.6718 0.632487 0.180483 0.079085
272900 -3410.64579966 644.00631773 0.416025 5.6718 0.632487 0.180483 0.018704
273000 -3401.48012319 621.41333927 0.401430 5.7028 0.624389 0.177918 0.022991
273100 -3394.93289974 619.63117967 0.400279 5.7028 0.624389 0.177918 0.103738
273200 -3392.57051327 596.38879055 0.385264 5.7028 0.624389 0.177918 0.003111
273300 -3405.37229524 628.06818356 0.405729 5.7028 0.624389 0.177918 -0.038862
273400 -3418.02931881 639.01046759 0.412797 5.7028 0.624389 0.177918 -0.026781
273500 -3414.57190970 618.86119741 0.399781 5.6550 0.649637 0.178615 0.067107
273600 -3419.81610512 637.60447818 0.411889 5.6550 0.649637 0.178615 0.075183
273700 -3425.22183539 615.95826870 0.397906 5.6550 0.649637 0.178615 -0.033950
273800 -3420.15537308 612.81162838 0.395873 5.6550 0.649637 0.178615 -0.005412
273900 -3436.46192185 624.79054274 0.403611 5.6550 0.649637 0.178615 0.004342
274000 -3416.95990828 608.42026323 0.393036 5.6693 0.641475 0.179528 -0.033872
274100 -3425.47973903 596.20964532 0.385148 5.6693 0.641475 0.179528 -0.050792
274200 -3420.28397024 634.19316825 0.409686 5.6693 0.641475 0.179528 -0.101316
274300 -3405.55798598 652.92770629 0.421788 5.6693 0.641475 0.179528 -0.010211
274400 -3389.55561598 644.18362342 0.416139 5.6693 0.641475 0.179528 0.097883
274500 -3413.00790081 641.37795723 0.414327 5.6589 0.629256 0.182476 0.019521
274600 -3403.58438495 658.78789259 0.425574 5.6589 0.629256 0.182476 0.010308
274700 -3375.45318610 632.55900926 0.408630 5.6589 0.629256 0.182476 0.103674
274800 -3391.60338978 626.81121182 0.404917 5.6589 0.629256 0.182476 0.023699
274900 -3393.78918556 603.05661773 0.389571 5.6589 0.629256 0.182476 -0.023605
275000 -3392.89039526 600.10848734 0.387667 5.6757 0.635651 0.179254 -0.002378
275100 -3411.84329126 600.70052005 0.388049 5.6757 0.635651 0.179254 -0.018482
275200 -3418.57281060 598.81306450 0.386830 5.6757 0.635651 0.179254 -0.090859
275300 -3401.34315398 608.98609356 0.393402 5.6757 0.635651 0.179254 0.040947
275400 -3419.17526558 627.58047345 0.405414 5.6757 0.635651 0.179254 0.000104
275500 -3424.67216006 631.29038472 0.407810 5.6848 0.639664 0.176906 -0.077805
275600 -3405.55238070 606.18879455 0.391595 5.6848 0.639664 0.176906 -0.048479
275700 -3409.84405889 615.49269852 0.397605 5.6848 0.639664 0.176906 -0.022809
275800 -3400.82103781 598.46321663 0.386604 5.6848 0.639664 0.176906 0.000803
275900 -3407.55033070 604.20731352 0.390315 5.6848 0.639664 0.176906 0.037616
276000 -3412.32742210 614.91472355 0.397232 5.6615 0.634180 0.180287 0.059412
276100 -3434.20460112 622.37373073 0.402050 5.6615 0.634180 0.180287 -0.072381
276200 -3424.64433745 635.12363365 0.410287 5.6615 0.634180 0.180287 -0.042504
276300 -3399.48612689 618.88305326 0.399795 5.6615 0.634180 0.180287 0.054092
276400 -3383.76397767 624.94998890 0.403714 5.6615 0.634180 0.180287 0.093137
276500 -3410.18809137 628.76612610 0.406180 5.6615 0.629571 0.187455 -0.020296
276600 -3417.93669624 598.97175011 0.386933 5.6615 0.629571 0.187455 0.038375
276700 -3434.51747983 618.71069941 0.399684 5.6615 0.629571 0.187455 0.017474
276800 -3411.19547552 600.09443409 0.387658 5.6615 0.629571 0.187455 0.092876
276900 -3420.27282585 630.57935917 0.407351 5.6615 0.629571 0.187455 0.075298
277000 -3419.42384154 614.42496515 0.396915 5.6757 0.642944 0.177476 0.010578
277100 -3426.85438379 613.24549348 0.396153 5.6757 0.642944 0.177476 -0.067289
277200 -3417.14406725 631.00324023 0.407625 5.6757 0.642944 0.177476 -0.006998
277300 -3423.44128927 630.06064911 0.407016 5.6757 0.642944 0.177476 0.020756
277400 -3414.50361276 629.44582197 0.406619 5.6757 0.642944 0.177476 -0.054060
277500 -3404.37575355 612.92469035 0.395946 5.6796 0.642125 0.175570 0.015032
277600 -3435.89178123 615.51423757 0.397619 5.6796 0.642125 0.175570 -0.152566
277700 -3428.99954888 615.64459810 0.397703 5.6796 0.642125 0.175570 -0.076396
277800 -3409.69286103 602.33004552 0.389102 5.6796 0.642125 0.175570 0.111543
277900 -3449.89258939 597.06306296 0.385700 5.6796 0.642125 0.175570 -0.081922
278000 -3424.82636928 593.35631444 0.383305 5.6628 0.649180 0.173858 0.046031
278100 -3442.33525683 610.52755891 0.394398 5.6628 0.649180 0.173858 0.028681
278200 -3431.40015607 592.49470680 0.382749 5.6628 0.649180 0.173858 0.013417
278300 -3420.18817558 635.37313276 0.410448 5.6628 0.649180 0.173858 0.076673
278400 -3409.54676275 645.96792002 0.417292 5.6628 0.649180 0.173858 0.063114
278500 -3399.32232374 637.45239319 0.411791 5.6667 0.643155 0.183358 0.142533
278600 -3392.09774907 605.30003355 0.391021 5.6667 0.643155 0.183358 0.055547
278700 -3400.35476555 626.08836050 0.404450 5.6667 0.643155 0.183358 -0.013963
278800 -3369.23230266 620.16157224 0.400621 5.6667 0.643155 0.183358 0.038691
278900 -3385.98451877 605.09877157 0.390891 5.6667 0.643155 0.183358 -0.003998
279000 -3391.38994111 628.20478420 0.405817 5.6860 0.628230 0.185699 0.046162
279100 -3377.04194169 580.99994522 0.375323 5.6860 0.628230 0.185699 0.030426
279200 -3390.50045198 608.42330825 0.393038 5.6860 0.628230 0.185699 0.054036
279300 -3380.13663619 604.66397282 0.390610 5.6860 0.628230 0.185699 0.066676
279400 -3394.91134225 643.83846398 0.415916 5.6860 0.628230 0.185699 -0.039712
279500 -3384.06959525 613.27692592 0.396174 5.6550 0.624725 0.184314 -0.012363
279600 -3371.77983677 606.81045942 0.391996 5.6550 0.624725 0.184314 -0.005377
279700 -3375.42862330 621.55488840 0.401521 5.6550 0.624725 0.184314 0.047332
279800 -3370.36261255 639.14864929 0.412887 5.6550 0.624725 0.184314 0.035360
279900 -3363.45655128 611.79675436 0.395218 5.6550 0.624725 0.184314 -0.046153
280000 -3350.42361689 588.53456518 0.380190 5.7119 0.606649 0.184424 0.013745
280100 -3369.54301756 598.60410271 0.386695 5.7119 0.606649 0.184424 -0.024495
280200 -3396.32152400 621.89714028 0.401742 5.7119 0.606649 0.184424 -0.102742
280300 -3410.22326283 636.32261112 0.411061 5.7119 0.606649 0.184424 -0.097790
280400 -3400.94288932 615.61965461 0.397687 5.7119 0.606649 0.184424 -0.096266
280500 -3389.06413282 605.06769572 0.390871 5.6525 0.641848 0.180849 -0.047119
280600 -3403.59433118 622.53447356 0.402154 5.6525 0.641848 0.180849 -0.129539
280700 -3402.53926285 590.41979911 0.381408 5.6525 0.641848 0.180849 -0.055243
280800 -3408.96170910 610.19894609 0.394185 5.6525 0.641848 0.180849 -0.070683
280900 -3423.32088333 616.26750882 0.398106 5.6525 0.641848 0.180849 -0.139489
281000 -3416.54293413 616.34279493 0.398154 5.6848 0.630060 0.181330 -0.054598
281100 -3391.26069578 609.92696151 0.394010 5.6848 0.630060 0.181330 0.058367
281200 -3411.88613613 624.26041950 0.403269 5.6848 0.630060 0.181330 -0.041869
281300 -3423.02219364 628.24398024 0.405842 5.6848 0.630060 0.181330 -0.120556
281400 -3412.46296095 617.92315235 0.399175 5.6848 0.630060 0.181330 -0.073960
281500 -3410.96144435 619.70338949 0.400325 5.6693 0.635529 0.181908 -0.067945
281600 -3395.50857103 631.07762557 0.407673 5.6693 0.635529 0.181908 0.011550
281700 -3409.00179504 600.44742445 0.387886 5.6693 0.635529 0.181908 -0.021580
281800 -3408.90981400 602.86211626 0.389446 5.6693 0.635529 0.181908 0.030390
281900 -3409.85114138 619.62658894 0.400276 5.6693 0.635529 0.181908 0.001882
282000 -3403.10439816 625.95634713 0.404365 5.6899 0.639120 0.176248 0.010383
282100 -3412.38027867 619.70132815 0.400324 5.6899 0.639120 0.176248 -0.027414
282200 -3406.98952107 594.21642531 0.383861 5.6899 0.639120 0.176248 0.046714
282300 -3415.07094288 605.23389786 0.390978 5.6899 0.639120 0.176248 -0.035858
282400 -3424.35278132 618.67004146 0.399658 5.6899 0.639120 0.176248 -0.102885
282500 -3421.74405006 580.02982711 0.374696 5.6925 0.635541 0.179511 -0.164944
282600 -3408.39845065 577.04898570 0.372771 5.6925 0.635541 0.179511 0.025342
282700 -3414.04143004 594.70315129 0.384175 5.6925 0.635541 0.179511 -0.034894
282800 -3420.71247365 599.70702795 0.387408 5.6925 0.635541 0.179511 -0.064838
282900 -3435.95320102 599.45291789 0.387243 5.6925 0.635541 0.179511 -0.096771
283000 -3432.94487467 627.53048258 0.405381 5.7041 0.623310 0.177626 -0.128711
283100 -3403.49724524 614.35682908 0.396871 5.7041 0.623310 0.177626 0.034330
283200 -3418.77915324 624.49977533 0.403424 5.7041 0.623310 0.177626 0.017454
283300 -3438.06775474 590.59595278 0.381522 5.7041 0.623310 0.177626 -0.129820
283400 -3423.40077826 596.94947030 0.385626 5.7041 0.623310 0.177626 -0.022310
283500 -3423.31213022 608.08376220 0.392819 5.7003 0.623301 0.182779 0.008976
283600 -3429.94237474 618.09542109 0.399286 5.7003 0.623301 0.182779 -0.054508
283700 -3407.81896143 601.36063827 0.388476 5.7003 0.623301 0.182779 0.000911
283800 -3412.50857472 626.28591091 0.404577 5.7003 0.623301 0.182779 0.017267
283900 -3388.49426606 622.28396412 0.401992 5.7003 0.623301 0.182779 0.197316
284000 -3385.30276662 631.74153108 0.408102 5.6499 0.633094 0.185526 0.205141
284100 -3421.87492182 620.55481720 0.400875 5.6499 0.633094 0.185526 -0.050820
284200 -3399.93669662 590.17179575 0.381248 5.6499 0.633094 0.185526 0.019430
284300 -3403.93916635 610.08019060 0.394109 5.6499 0.633094 0.185526 0.005660
284400 -3405.90825088 629.57883613 0.406705 5.6499 0.633094 0.185526 0.086801
284500 -3400.47136928 619.45903261 0.400167 5.6705 0.615907 0.182645 0.057493
284600 -3407.72079583 620.51476744 0.400849 5.6705 0.615907 0.182645 -0.024733
284700 -3408.74666731 620.49300914 0.400835 5.6705 0.615907 0.182645 -0.044047
284800 -3411.38707358 602.05216771 0.388923 5.6705 0.615907 0.182645 -0.033869
284900 -3389.16730039 600.22616885 0.387743 5.6705 0.615907 0.182645 0.061663
285000 -3403.44914997 599.26971532 0.387125 5.7003 0.611100 0.186057 -0.054813
285100 -3401.44386882 617.83294234 0.399117 5.7003 0.611100 0.186057 -0.046351
285200 -3394.00733410 607.12340990 0.392199 5.7003 0.611100 0.186057 0.088605
285300 -3427.71010123 643.14188305 0.415466 5.7003 0.611100 0.186057 -0.090618
285400 -3409.80532928 604.06140599 0.390221 5.7003 0.611100 0.186057 -0.057097
285500 -3411.78555420 612.66832006 0.395781 5.7287 0.614797 0.181650 -0.035200
285600 -3402.64276634 631.15613411 0.407724 5.7287 0.614797 0.181650 0.062952
285700 -3406.55363124 638.95671625 0.412763 5.7287 0.614797 0.181650 0.041900
285800 -3412.74910087 645.42624474 0.416942 5.7287 0.614797 0.181650 0.037451
285900 -3421.69695136 642.89291648 0.415306 5.7287 0.614797 0.181650 -0.053232
286000 -3399.73155313 611.56798636 0.395070 5.6951 0.609344 0.179944 0.023243
286100 -3411.03394219 611.07945092 0.394754 5.6951 0.609344 0.179944 0.019625
286200 -3423.09004782 607.75859241 0.392609 5.6951 0.609344 0.179944 -0.037957
286300 -3440.08587752 622.03408189 0.401831 5.6951 0.609344 0.179944 -0.053111
286400 -3424.89420365 610.52469394 0.394396 5.6951 0.609344 0.179944 -0.035717
286500 -3434.62020921 608.06568972 0.392807 5.6860 0.642337 0.181549 -0.033556
286600 -3445.16008280 623.15301906 0.402554 5.6860 0.642337 0.181549 0.010870
286700 -3432.86340797 639.39454299 0.413046 5.6860 0.642337 0.181549 0.099281
286800 -3413.39887503 614.22959162 0.396789 5.6860 0.642337 0.181549 0.070544
286900 -3422.24953674 635.63729994 0.410618 5.6860 0.642337 0.181549 0.024079
287000 -3423.60591431 631.12114062 0.407701 5.7158 0.633761 0.179934 -0.030474
287100 -3418.64763054 618.32256376 0.399433 5.7158 0.633761 0.179934 0.045967
287200 -3426.53672491 621.66240164 0.401591 5.7158 0.633761 0.179934 0.060033
287300 -3414.08184376 628.68195849 0.406125 5.7158 0.633761 0.179934 0.060509
287400 -3410.24356144 624.34585963 0.403324 5.7158 0.633761 0.179934 0.014221
287500 -3405.03338107 625.33145857 0.403961 5.6925 0.617184 0.180994 -0.001507
287600 -3382.58035390 625.57688077 0.404119 5.6925 0.617184 0.180994 0.139408
287700 -3392.92214595 602.05662730 0.388925 5.6925 0.617184 0.180994 0.069092
287800 -3414.85505437 596.38669713 0.385263 5.6925 0.617184 0.180994 -0.042489
287900 -3395.84362749 619.53861350 0.400219 5.6925 0.617184 0.180994 0.080488
288000 -3387.87217322 617.12726009 0.398661 5.6938 0.623576 0.182864 0.010030
288100 -3384.02231232 636.48045908 0.411163 5.6938 0.623576 0.182864 0.012630
288200 -3387.93678290 658.38045017 0.425310 5.6938 0.623576 0.182864 0.078870
288300 -3378.80827950 628.00374049 0.405687 5.6938 0.623576 0.182864 0.084698
288400 -3386.76233809 618.46304633 0.399524 5.6938 0.623576 0.182864 0.061538
288500 -3380.75457171 626.20852120 0.404527 5.6848 0.621380 0.178497 0.049421
288600 -3393.90466830 615.74329181 0.397767 5.6848 0.621380 0.178497 -0.064472
288700 -3390.19732543 633.57565727 0.409287 5.6848 0.621380 0.178497 -0.014685
288800 -3406.01687013 633.18431207 0.409034 5.6848 0.621380 0.178497 -0.063958
288900 -3413.12287501 632.02608481 0.408286 5.6848 0.621380 0.178497 -0.104243
289000 -3411.64302467 619.26111488 0.400039 5.6835 0.631042 0.180897 -0.064765
289100 -3417.80841903 639.20973925 0.412926 5.6835 0.631042 0.180897 -0.007233
289200 -3406.84023471 615.41873595 0.397557 5.6835 0.631042 0.180897 0.043440
289300 -3405.89550467 630.96363744 0.407599 5.6835 0.631042 0.180897 0.090209
289400 -3400.04157152 617.16744912 0.398687 5.6835 0.631042 0.180897 0.021160
289500 -3411.09567730 624.61154582 0.403496 5.6938 0.649390 0.174866 -0.017210
289600 -3419.17798522 635.64816535 0.410625 5.6938 0.649390 0.174866 0.058176
289700 -3428.65199766 617.20007642 0.398708 5.6938 0.649390 0.174866 -0.053970
289800 -3443.06962886 622.73208762 0.402282 5.6938 0.649390 0.174866 -0.079453
289900 -3438.19408335 617.47411558 0.398885 5.6938 0.649390 0.174866 -0.067129
290000 -3434.12811712 594.77923444 0.384224 5.6525 0.657363 0.179553 -0.011994
290100 -3446.70709078 605.50633469 0.391154 5.6525 0.657363 0.179553 -0.098209
290200 -3414.72134199 599.90758581 0.387537 5.6525 0.657363 0.179553 0.001384
290300 -3395.02583711 612.65130368 0.395770 5.6525 0.657363 0.179553 0.116399
290400 -3429.25397072 641.94451250 0.414693 5.6525 0.657363 0.179553 -0.055027
290500 -3393.07718316 608.52386200 0.393103 5.6860 0.609400 0.180689 0.021708
290600 -3408.83349814 607.93408118 0.392722 5.6860 0.609400 0.180689 -0.071517
290700 -3399.64075778 610.83455254 0.394596 5.6860 0.609400 0.180689 0.013497
290800 -3403.64437098 575.95122583 0.372062 5.6860 0.609400 0.180689 -0.029759
290900 -3401.87001944 604.50170843 0.390505 5.6860 0.609400 0.180689 -0.000702
291000 -3402.62329187 621.93338221 0.401766 5.6718 0.623013 0.186658 -0.037369
291100 -3380.24154394 601.60998624 0.388637 5.6718 0.623013 0.186658 0.011833
291200 -3412.07767250 623.35689822 0.402685 5.6718 0.623013 0.186658 -0.154183
291300 -3434.37168040 607.72566445 0.392588 5.6718 0.623013 0.186658 -0.115577
291400 -3411.80754745 594.77488257 0.384222 5.6718 0.623013 0.186658 -0.077717
291500 -3419.94961507 633.71854660 0.409379 5.6705 0.637770 0.183020 -0.002773
291600 -3376.90029039 614.99851728 0.397286 5.6705 0.637770 0.183020 0.078848
291700 -3392.67573455 652.42931482 0.421466 5.6705 0.637770 0.183020 0.070462
291800 -3398.53898428 661.81699993 0.427530 5.6705 0.637770 0.183020 -0.042112
291900 -3403.11790275 623.68563349 0.402898 5.6705 0.637770 0.183020 -0.028676
292000 -3392.62480124 621.47358292 0.401469 5.6835 0.626165 0.183457 0.067055
292100 -3409.31758461 647.20369565 0.418090 5.6835 0.626165 0.183457 0.021352
292200 -3417.50095353 613.13175718 0.396080 5.6835 0.626165 0.183457 -0.018732
292300 -3419.31937302 612.58690225 0.395728 5.6835 0.626165 0.183457 0.025785
292400 -3435.16099274 622.20531972 0.401941 5.6835 0.626165 0.183457 0.006544
292500 -3427.04338966 602.76539957 0.389383 5.6770 0.646448 0.173946 -0.016168
292600 -3425.07956902 618.23259176 0.399375 5.6770 0.646448 0.173946 0.038514
292700 -3414.17274497 625.77346073 0.404246 5.6770 0.646448 0.173946 0.044794
292800 -3411.82407871 652.59219293 0.421571 5.6770 0.646448 0.173946 0.068955
292900 -3400.35061849 652.36160858 0.421422 5.6770 0.646448 0.173946 0.048390
293000 -3408.68067067 632.85288328 0.408820 5.6576 0.637368 0.179626 0.059644
293100 -3417.82568162 632.77240988 0.408768 5.6576 0.637368 0.179626 0.089532
293200 -3405.23873018 597.25441656 0.385823 5.6576 0.637368 0.179626 0.079243
293300 -3406.80286338 616.10631022 0.398001 5.6576 0.637368 0.179626 0.042371
293400 -3394.43368179 633.78965866 0.409425 5.6576 0.637368 0.179626 0.049152
293500 -3416.56820777 616.46282740 0.398232 5.6641 0.636555 0.184209 -0.015035
293600 -3402.88295474 614.67619398 0.397078 5.6641 0.636555 0.184209 -0.009453
293700 -3398.25747188 610.95687096 0.394675 5.6641 0.636555 0.184209 0.034681
293800 -3397.08076916 617.63131118 0.398987 5.6641 0.636555 0.184209 0.062154
293900 -3377.55406584 599.42891646 0.387228 5.6641 0.636555 0.184209 0.098567
294000 -3414.32704836 637.33289902 0.411714 5.7145 0.631931 0.174964 -0.094267
294100 -3418.79979800 627.48376383 0.405351 5.7145 0.631931 0.174964 0.030230
294200 -3427.75454400 626.14807852 0.404488 5.7145 0.631931 0.174964 -0.049387
294300 -3431.45803848 595.50801181 0.384695 5.7145 0.631931 0.174964 -0.034803
294400 -3414.81096446 567.23553423 0.366431 5.7145 0.631931 0.174964 -0.036481
294500 -3413.07710982 595.64337423 0.384783 5.6822 0.641809 0.179900 -0.046641
294600 -3414.24690415 615.61620212 0.397685 5.6822 0.641809 0.179900 0.028078
294700 -3407.70133917 624.38027989 0.403346 5.6822 0.641809 0.179900 0.049475
294800 -3400.65803683 603.76576346 0.390030 5.6822 0.641809 0.179900 0.044515
294900 -3406.31637082 596.64145963 0.385427 5.6822 0.641809 0.179900 0.036580
295000 -3400.92289856 614.37033501 0.396880 5.6693 0.632215 0.181414 -0.007789
295100 -3393.66317647 638.93901648 0.412751 5.6693 0.632215 0.181414 -0.038885
295200 -3403.08025123 636.73566748 0.411328 5.6693 0.632215 0.181414 -0.019139
295300 -3402.21018680 616.77313982 0.398432 5.6693 0.632215 0.181414 0.043356
295400 -3400.76307856 622.58741285 0.402188 5.6693 0.632215 0.181414 0.056692
295500 -3409.14444672 630.43979538 0.407261 5.6550 0.629146 0.184926 0.031998
295600 -3390.36677534 619.72918662 0.400342 5.6550 0.629146 0.184926 0.051006
295700 -3387.32578660 601.20924726 0.388378 5.6550 0.629146 0.184926 0.030499
295800 -3377.51571738 589.21441596 0.380629 5.6550 0.629146 0.184926 0.066330
295900 -3399.49733369 604.80078186 0.390698 5.6550 0.629146 0.184926 0.041130
296000 -3394.41161484 598.71095737 0.386764 5.6990 0.609810 0.186996 0.000879
296100 -3398.34605318 613.99059416 0.396635 5.6990 0.609810 0.186996 0.023509
296200 -3396.45068089 627.70587507 0.405495 5.6990 0.609810 0.186996 0.076205
296300 -3377.71216388 619.64193887 0.400285 5.6990 0.609810 0.186996 0.030784
296400 -3397.25045708 637.46512173 0.411799 5.6990 0.609810 0.186996 -0.085642
296500 -3382.13543047 623.01919693 0.402467 5.6783 0.633055 0.182619 0.013035
296600 -3386.21095768 632.33024000 0.408482 5.6783 0.633055 0.182619 -0.016236
296700 -3384.47702235 623.92052086 0.403049 5.6783 0.633055 0.182619 0.022726
296800 -3418.88670682 624.75988393 0.403592 5.6783 0.633055 0.182619 -0.084820
296900 -3399.74629258 588.44356942 0.380132 5.6783 0.633055 0.182619 0.031819
297000 -3423.57993064 600.67374669 0.388032 5.6964 0.613613 0.183025 -0.065975
297100 -3412.06668384 617.69517540 0.399028 5.6964 0.613613 0.183025 0.008620
297200 -3399.07656998 613.69649972 0.396445 5.6964 0.613613 0.183025 0.093832
297300 -3401.81515326 605.84666777 0.391374 5.6964 0.613613 0.183025 0.007175
297400 -3401.45565679 612.01275462 0.395357 5.6964 0.613613 0.183025 0.012635
297500 -3397.67956048 613.10789485 0.396065 5.6680 0.647134 0.183383 0.009827
297600 -3407.55018924 619.14444698 0.399964 5.6680 0.647134 0.183383 -0.002268
297700 -3395.82958788 593.76521965 0.383569 5.6680 0.647134 0.183383 -0.056323
297800 -3411.73792881 602.10162259 0.388955 5.6680 0.647134 0.183383 -0.026727
297900 -3414.20977324 632.72861528 0.408739 5.6680 0.647134 0.183383 0.016727
298000 -3392.68453532 638.68600013 0.412588 5.6693 0.623312 0.187505 -0.015518
298100 -3372.40784677 628.49558034 0.406005 5.6693 0.623312 0.187505 0.129567
298200 -3384.22090116 631.21764604 0.407763 5.6693 0.623312 0.187505 0.050399
298300 -3394.26427538 622.95681721 0.402427 5.6693 0.623312 0.187505 0.039795
298400 -3383.71053224 617.55976006 0.398940 5.6693 0.623312 0.187505 0.022824
298500 -3384.61431563 619.39404854 0.400125 5.6576 0.617813 0.184909 0.010464
298600 -3369.68195953 610.15319522 0.394156 5.6576 0.617813 0.184909 0.057897
298700 -3356.96436290 600.06753836 0.387641 5.6576 0.617813 0.184909 0.088893
298800 -3396.11416303 623.14287851 0.402547 5.6576 0.617813 0.184909 -0.082625
298900 -3370.79243829 618.14414972 0.399318 5.6576 0.617813 0.184909 0.047254
299000 -3360.13261730 616.35037457 0.398159 5.6757 0.606818 0.191376 0.081777
299100 -3369.14286294 652.38439017 0.421437 5.6757 0.606818 0.191376 0.051239
299200 -3354.66792253 640.64970092 0.413856 5.6757 0.606818 0.191376 0.050387
299300 -3371.94520003 627.28028375 0.405220 5.6757 0.606818 0.191376 -0.043822
299400 -3372.64695483 630.86071499 0.407533 5.6757 0.606818 0.191376 -0.046071
299500 -3375.49289355 612.98481559 0.395985 5.6705 0.620085 0.184456 0.052208
299600 -3385.74065996 634.67593809 0.409997 5.6705 0.620085 0.184456 -0.000929
299700 -3376.86887850 602.95773578 0.389508 5.6705 0.620085 0.184456 -0.001836
299800 -3404.98444704 615.61514264 0.397684 5.6705 0.620085 0.184456 -0.051790
299900 -3390.85509222 590.90997187 0.381725 5.6705 0.620085 0.184456 -0.074653
300000 -3395.50623519 606.15079528 0.391570 5.7003 0.620385 0.180975 -0.012252
300100 -3397.03423126 625.03544305 0.403770 5.7003 0.620385 0.180975 -0.009003
300200 -3422.73974920 603.10769559 0.389604 5.7003 0.620385 0.180975 -0.135859
300300 -3389.41479915 604.47680165 0.390489 5.7003 0.620385 0.180975 0.027797
300400 -3395.10325472 604.28061961 0.390362 5.7003 0.620385 0.180975 0.016893
300500 -3419.17632264 614.17577531 0.396754 5.7054 0.638217 0.177464 -0.134751
300600 -3430.14881879 621.70293718 0.401617 5.7054 0.638217 0.177464 -0.184452
300700 -3429.41742802 597.92530257 0.386257 5.7054 0.638217 0.177464 -0.155330
300800 -3448.95943503 588.32083619 0.380052 5.7054 0.638217 0.177464 -0.162687
300900 -3444.02099285 590.77083167 0.381635 5.7054 0.638217 0.177464 -0.137283
301000 -3433.63151953 597.39781149 0.385916 5.6860 0.640334 0.175552 -0.059413
301100 -3425.08754889 591.37003524 0.382022 5.6860 0.640334 0.175552 -0.058410
301200 -3428.50599442 611.75208879 0.395189 5.6860 0.640334 0.175552 -0.048377
301300 -3429.20941891 609.74950701 0.393895 5.6860 0.640334 0.175552 0.001878
301400 -3434.87402485 618.17839863 0.399340 5.6860 0.640334 0.175552 -0.054591
301500 -3424.34833831 621.84509574 0.401709 5.7003 0.634558 0.179312 -0.002713
301600 -3426.73322629 611.87552482 0.395268 5.7003 0.634558 0.179312 0.012243
301700 -3429.46957301 638.69212403 0.412592 5.7003 0.634558 0.179312 -0.003081
301800 -3416.47578600 627.28802360 0.405225 5.7003 0.634558 0.179312 0.050471
301900 -3425.69846668 620.68315248 0.400958 5.7003 0.634558 0.179312 0.031320
302000 -3431.79024885 601.99951264 0.388889 5.7003 0.635387 0.174264 -0.070339
302100 -3408.96923369 615.49813799 0.397609 5.7003 0.635387 0.174264 0.102863
302200 -3425.72246206 635.46295191 0.410506 5.7003 0.635387 0.174264 0.037033
302300 -3412.91763277 604.42817858 0.390457 5.7003 0.635387 0.174264 0.106985
302400 -3421.77696230 622.97102987 0.402436 5.7003 0.635387 0.174264 0.056388
302500 -3412.17779379 631.07489158 0.407671 5.6680 0.633405 0.184797 0.035327
302600 -3403.30008666 603.16551320 0.389642 5.6680 0.633405 0.184797 0.003040
302700 -3397.79332941 623.68747314 0.402899 5.6680 0.633405 0.184797 0.062507
302800 -3410.98747516 646.62035966 0.417713 5.6680 0.633405 0.184797 -0.000023
302900 -3407.20854715 634.60337183 0.409950 5.6680 0.633405 0.184797 -0.077513
303000 -3431.09268187 612.94426619 0.395959 5.6589 0.638535 0.180570 -0.073487
303100 -3408.26777718 589.91867117 0.381084 5.6589 0.638535 0.180570 -0.051398
303200 -3433.36002242 607.60270931 0.392508 5.6589 0.638535 0.180570 -0.078029
303300 -3408.51805355 608.75890946 0.393255 5.6589 0.638535 0.180570 0.036097
303400 -3410.29308543 617.08033690 0.398631 5.6589 0.638535 0.180570 0.040475
303500 -3415.79294229 633.59810823 0.409301 5.6873 0.612236 0.181165 0.009625
303600 -3388.89111860 590.16312956 0.381242 5.6873 0.612236 0.181165 0.118335
303700 -3417.05046943 610.34060956 0.394277 5.6873 0.612236 0.181165 0.067717
303800 -3432.04671676 620.56280604 0.400880 5.6873 0.612236 0.181165 0.015813
303900 -3414.95497842 601.21563765 0.388382 5.6873 0.612236 0.181165 0.072250
304000 -3441.23231850 604.27256683 0.390357 5.6873 0.644864 0.176875 -0.028319
304100 -3450.49125403 617.55814311 0.398939 5.6873 0.644864 0.176875 -0.016452
304200 -3462.09457153 631.57232234 0.407992 5.6873 0.644864 0.176875 -0.098263
304300 -3442.85346567 597.48698522 0.385974 5.6873 0.644864 0.176875 -0.074687
304400 -3451.60885192 617.49925685 0.398901 5.6873 0.644864 0.176875 -0.139464
304500 -3440.04746911 604.28156306 0.390363 5.6964 0.639549 0.175519 -0.013980
304600 -3446.52809271 615.49380247 0.397606 5.6964 0.639549 0.175519 -0.009379
304700 -3474.77634453 625.73638759 0.404222 5.6964 0.639549 0.175519 -0.078815
304800 -3447.97545839 585.13628675 0.377995 5.6964 0.639549 0.175519 -0.033311
304900 -3468.71431494 592.42727455 0.382705 5.6964 0.639549 0.175519 -0.054537
305000 -3461.57836024 584.70048052 0.377713 5.7028 0.640111 0.173508 -0.016412
305100 -3473.87674199 627.99507257 0.405682 5.7028 0.640111 0.173508 -0.008547
305200 -3456.02698144 606.22816547 0.391620 5.7028 0.640111 0.173508 0.061710
305300 -3451.25552939 601.18175014 0.388360 5.7028 0.640111 0.173508 0.028619
305400 -3458.99760042 626.11056626 0.404464 5.7028 0.640111 0.173508 0.014196
305500 -3440.75049674 593.53725187 0.383422 5.6602 0.651974 0.173322 0.146592
305600 -3439.67389129 586.65565851 0.378977 5.6602 0.651974 0.173322 0.075492
305700 -3434.84750623 629.15109409 0.406428 5.6602 0.651974 0.173322 0.102198
305800 -3435.33345397 624.28379415 0.403284 5.6602 0.651974 0.173322 0.017933
305900 -3410.18718420 594.40799584 0.383984 5.6602 0.651974 0.173322 0.121050
306000 -3419.55772207 627.17676050 0.405153 5.7248 0.626424 0.175189 -0.065797
306100 -3420.66653237 615.89801400 0.397867 5.7248 0.626424 0.175189 -0.050996
306200 -3413.50943415 620.71246965 0.400977 5.7248 0.626424 0.175189 0.014019
306300 -3412.56103033 613.12260914 0.396074 5.7248 0.626424 0.175189 -0.001793
306400 -3415.87666714 639.18656693 0.412911 5.7248 0.626424 0.175189 0.013466
306500 -3415.27376769 616.97048356 0.398560 5.7222 0.625353 0.175795 0.061979
306600 -3405.30383410 616.32922580 0.398145 5.7222 0.625353 0.175795 0.010464
306700 -3400.72390522 615.22004110 0.397429 5.7222 0.625353 0.175795 0.041200
306800 -3426.47324690 639.25777539 0.412957 5.7222 0.625353 0.175795 -0.003485
306900 -3397.17303523 601.61672047 0.388641 5.7222 0.625353 0.175795 0.048878
307000 -3398.53113872 627.76069481 0.405530 5.7028 0.630341 0.180459 0.062681
307100 -3378.45155087 613.98409329 0.396631 5.7028 0.630341 0.180459 0.136015
307200 -3402.95467677 655.56112372 0.423489 5.7028 0.630341 0.180459 0.007570
307300 -3374.75854574 646.20157848 0.417443 5.7028 0.630341 0.180459 0.132970
307400 -3395.51224059 652.84923536 0.421737 5.7028 0.630341 0.180459 0.021088
307500 -3369.07097550 625.69196453 0.404194 5.6964 0.606428 0.184681 0.108721
307600 -3370.75343147 608.28620740 0.392950 5.6964 0.606428 0.184681 0.050355
307700 -3408.54445602 610.51502798 0.394390 5.6964 0.606428 0.184681 -0.079636
307800 -3366.93314643 592.16426506 0.382535 5.6964 0.606428 0.184681 0.079047
307900 -3384.99656187 624.00434545 0.403104 5.6964 0.606428 0.184681 -0.031528
308000 -3379.99752616 628.36400615 0.405920 5.6835 0.611223 0.187802 -0.045709
308100 -3382.38019108 615.19608065 0.397413 5.6835 0.611223 0.187802 0.016617
308200 -3367.55543801 628.75278939 0.406171 5.6835 0.611223 0.187802 0.086574
308300 -3371.24100006 657.27598195 0.424597 5.6835 0.611223 0.187802 0.021428
308400 -3384.74252603 614.70969995 0.397099 5.6835 0.611223 0.187802 0.021203
308500 -3393.97268024 635.69050626 0.410653 5.6873 0.627628 0.182032 -0.038956
308600 -3383.22872627 604.79600667 0.390695 5.6873 0.627628 0.182032 -0.095104
308700 -3384.41707211 624.51863394 0.403436 5.6873 0.627628 0.182032 -0.014976
308800 -3395.71685125 634.86820770 0.410122 5.6873 0.627628 0.182032 0.031980
308900 -3392.95687456 627.47346898 0.405345 5.6873 0.627628 0.182032 -0.035779
309000 -3370.92691946 620.00178893 0.400518 5.6796 0.600400 0.184193 0.068952
309100 -3385.43619684 638.09454477 0.412206 5.6796 0.600400 0.184193 -0.032567
309200 -3356.71912436 624.64761864 0.403519 5.6796 0.600400 0.184193 0.080846
309300 -3344.10758107 580.61137879 0.375072 5.6796 0.600400 0.184193 0.100106
309400 -3368.27461509 629.56637652 0.406697 5.6796 0.600400 0.184193 -0.064129
309500 -3362.69257355 647.71091752 0.418418 5.6705 0.628408 0.175619 0.047281
309600 -3363.23004210 632.35723976 0.408500 5.6705 0.628408 0.175619 0.056533
309700 -3359.57746130 623.42395931 0.402729 5.6705 0.628408 0.175619 0.143180
309800 -3360.64040697 612.25317270 0.395512 5.6705 0.628408 0.175619 0.007307
309900 -3384.13816770 632.26505685 0.408440 5.6705 0.628408 0.175619 -0.050986
310000 -3371.49928706 597.97983916 0.386292 5.6512 0.636674 0.182451 0.001946
310100 -3365.98785865 596.47881051 0.385322 5.6512 0.636674 0.182451 0.034820
310200 -3360.91054970 641.32657851 0.414294 5.6512 0.636674 0.182451 0.025288
310300 -3362.28761189 619.44040239 0.400155 5.6512 0.636674 0.182451 -0.001286
310400 -3375.79192942 618.01278424 0.399233 5.6512 0.636674 0.182451 -0.055173
310500 -3378.78816117 616.13109368 0.398018 5.6705 0.624644 0.184738 -0.013448
310600 -3383.93518516 625.63876832 0.404159 5.6705 0.624644 0.184738 -0.068691
310700 -3375.68784435 590.38583940 0.381386 5.6705 0.624644 0.184738 0.074160
310800 -3395.26855652 599.70561276 0.387407 5.6705 0.624644 0.184738 -0.031430
310900 -3375.22963542 609.97957019 0.394044 5.6705 0.624644 0.184738 0.149019
311000 -3376.60910753 612.47246292 0.395654 5.7054 0.619141 0.181282 -0.041627
311100 -3375.25667792 598.92635669 0.386903 5.7054 0.619141 0.181282 -0.001427
311200 -3387.15090335 597.08540192 0.385714 5.7054 0.619141 0.181282 0.024153
311300 -3393.29846797 636.67377753 0.411288 5.7054 0.619141 0.181282 -0.074155
311400 -3356.36050802 613.76503271 0.396489 5.7054 0.619141 0.181282 0.066034
311500 -3361.22687228 637.30139856 0.411693 5.6602 0.634322 0.184956 0.084978
311600 -3377.33642379 647.19505065 0.418085 5.6602 0.634322 0.184956 -0.041321
311700 -3354.52844698 641.90581855 0.414668 5.6602 0.634322 0.184956 0.019302
311800 -3357.74052123 626.51256198 0.404724 5.6602 0.634322 0.184956 -0.061516
311900 -3342.99745819 596.62021346 0.385414 5.6602 0.634322 0.184956 0.058624
312000 -3366.94358170 607.71429014 0.392580 5.7261 0.616512 0.173885 -0.032126
312100 -3382.48699461 617.09647434 0.398641 5.7261 0.616512 0.173885 -0.045506
312200 -3375.95717343 632.44290509 0.408555 5.7261 0.616512 0.173885 -0.002662
312300 -3375.95762514 637.59775101 0.411885 5.7261 0.616512 0.173885 -0.019659
312400 -3382.11626588 621.17734782 0.401277 5.7261 0.616512 0.173885 -0.154427
312500 -3385.04387814 633.59181830 0.409297 5.6292 0.619647 0.190513 -0.058010
312600 -3364.60373222 624.90141750 0.403683 5.6292 0.619647 0.190513 0.003450
312700 -3373.47887247 629.75474321 0.406818 5.6292 0.619647 0.190513 -0.008310
312800 -3374.85292507 636.08040488 0.410905 5.6292 0.619647 0.190513 -0.001007
312900 -3378.32559999 610.40867348 0.394321 5.6292 0.619647 0.190513 -0.059042
313000 -3390.16987535 614.97206820 0.397269 5.6744 0.628317 0.185794 -0.104034
313100 -3369.80925730 612.23786269 0.395502 5.6744 0.628317 0.185794 0.055659
313200 -3373.72580580 621.12219492 0.401242 5.6744 0.628317 0.185794 -0.020348
313300 -3363.44378672 627.14354320 0.405131 5.6744 0.628317 0.185794 0.058082
313400 -3366.09677768 613.13000535 0.396079 5.6744 0.628317 0.185794 0.037445
313500 -3340.74260587 614.00473529 0.396644 5.6744 0.606301 0.187777 0.174188
313600 -3345.15179685 603.82085783 0.390065 5.6744 0.606301 0.187777 0.030351
313700 -3373.55018775 613.52857342 0.396336 5.6744 0.606301 0.187777 -0.084491
313800 -3377.30878093 648.14238265 0.418697 5.6744 0.606301 0.187777 -0.056217
313900 -3373.39264966 674.88390904 0.435972 5.6744 0.606301 0.187777 -0.061858
314000 -3354.28714831 604.32446454 0.390390 5.6615 0.616631 0.189019 0.018040
314100 -3358.11996392 604.28798574 0.390367 5.6615 0.616631 0.189019 -0.001549
314200 -3377.63248841 607.14678285 0.392214 5.6615 0.616631 0.189019 -0.025822
314300 -3372.19384056 622.14259921 0.401901 5.6615 0.616631 0.189019 -0.005353
314400 -3377.63511742 631.30097610 0.407817 5.6615 0.616631 0.189019 -0.037308
314500 -3370.72117406 612.58656590 0.395728 5.6680 0.611929 0.183072 0.049225
314600 -3371.71724050 620.16646360 0.400624 5.6680 0.611929 0.183072 -0.002590
314700 -3381.64498229 624.04600859 0.403130 5.6680 0.611929 0.183072 -0.005078
314800 -3365.58390500 605.29275447 0.391016 5.6680 0.611929 0.183072 0.100662
314900 -3374.95476969 621.01408120 0.401172 5.6680 0.611929 0.183072 0.049326
315000 -3389.46374146 644.34279528 0.416242 5.6331 0.640999 0.185740 0.045907
315100 -3373.43183592 605.54432864 0.391179 5.6331 0.640999 0.185740 0.019640
315200 -3385.68138268 604.88613467 0.390753 5.6331 0.640999 0.185740 -0.080958
315300 -3377.98058395 589.46489913 0.380791 5.6331 0.640999 0.185740 -0.070570
315400 -3392.34388786 609.03731071 0.393435 5.6331 0.640999 0.185740 -0.073192
315500 -3386.82276012 615.12273259 0.397366 5.6899 0.621146 0.181152 -0.010823
315600 -3385.74185838 623.49488586 0.402774 5.6899 0.621146 0.181152 0.065803
315700 -3372.05187005 595.47339127 0.384673 5.6899 0.621146 0.181152 0.068877
315800 -3394.10370509 615.39584960 0.397543 5.6899 0.621146 0.181152 -0.006874
315900 -3371.86959920 606.28089620 0.391654 5.6899 0.621146 0.181152 0.088799
316000 -3371.92496440 610.83008562 0.394593 5.6809 0.635463 0.178388 0.080382
316100 -3392.36775383 601.83986472 0.388785 5.6809 0.635463 0.178388 -0.039203
316200 -3402.58797142 602.66100357 0.389316 5.6809 0.635463 0.178388 -0.070166
316300 -3394.89090296 617.02074411 0.398592 5.6809 0.635463 0.178388 0.050843
316400 -3413.96461048 637.90030418 0.412080 5.6809 0.635463 0.178388 -0.043657
316500 -3412.68294871 618.78466999 0.399732 5.6912 0.651386 0.177798 0.000219
316600 -3406.81753547 607.91836231 0.392712 5.6912 0.651386 0.177798 -0.033809
316700 -3382.67070424 614.08396693 0.396695 5.6912 0.651386 0.177798 0.026672
316800 -3392.03588832 585.59354151 0.378290 5.6912 0.651386 0.177798 0.044744
316900 -3405.72069354 589.24449472 0.380649 5.6912 0.651386 0.177798 -0.011994
317000 -3409.13678341 603.22796271 0.389682 5.6809 0.639073 0.179298 0.017249
317100 -3412.57539030 625.93037765 0.404348 5.6809 0.639073 0.179298 0.054218
317200 -3420.51397591 632.75984442 0.408760 5.6809 0.639073 0.179298 -0.071903
317300 -3397.96916682 595.75434621 0.384854 5.6809 0.639073 0.179298 0.021294
317400 -3434.94746685 619.34532319 0.400094 5.6809 0.639073 0.179298 -0.077618
317500 -3417.61375849 610.18504838 0.394176 5.6628 0.646748 0.177967 -0.031136
317600 -3405.15170925 589.69110160 0.380937 5.6628 0.646748 0.177967 -0.007391
317700 -3396.57399537 602.72925099 0.389360 5.6628 0.646748 0.177967 -0.029998
317800 -3393.19780751 624.50135512 0.403425 5.6628 0.646748 0.177967 -0.032057
317900 -3417.70069759 625.41668237 0.404016 5.6628 0.646748 0.177967 -0.104992
318000 -3393.28821911 586.54067306 0.378902 5.6977 0.622440 0.179914 -0.037370
318100 -3421.38951722 625.50594831 0.404074 5.6977 0.622440 0.179914 -0.179638
318200 -3403.23432249 617.65505593 0.399002 5.6977 0.622440 0.179914 -0.025899
318300 -3409.23042482 628.23069526 0.405834 5.6977 0.622440 0.179914 -0.057147
318400 -3404.54515734 572.25498649 0.369674 5.6977 0.622440 0.179914 -0.008477
318500 -3427.90225810 609.73725763 0.393887 5.7274 0.627741 0.172110 -0.034799
318600 -3427.29696779 596.29972669 0.385207 5.7274 0.627741 0.172110 0.006787
318700 -3424.04593027 597.66440179 0.386088 5.7274 0.627741 0.172110 -0.003500
318800 -3388.20424338 623.92411575 0.403052 5.7274 0.627741 0.172110 0.083395
318900 -3402.05391721 621.71534930 0.401625 5.7274 0.627741 0.172110 0.012395
319000 -3390.93621780 613.90040185 0.396576 5.6822 0.621811 0.184701 0.091007
319100 -3405.88493377 602.16428077 0.388995 5.6822 0.621811 0.184701 -0.000829
319200 -3407.58058669 612.87355567 0.395913 5.6822 0.621811 0.184701 0.026539
319300 -3414.06913514 605.52747450 0.391168 5.6822 0.621811 0.184701 0.017438
319400 -3380.53815470 621.48273047 0.401475 5.6822 0.621811 0.184701 0.044451
319500 -3405.83419483 629.33089598 0.406545 5.6796 0.636300 0.177575 0.025046
319600 -3414.90704181 610.95390606 0.394673 5.6796 0.636300 0.177575 -0.048366
319700 -3407.92413145 602.13455555 0.388976 5.6796 0.636300 0.177575 0.055605
319800 -3411.66614874 615.88106907 0.397856 5.6796 0.636300 0.177575 0.081118
319900 -3434.19340946 638.08609385 0.412200 5.6796 0.636300 0.177575 0.011548
320000 -3403.13722344 599.19711858 0.387078 5.6718 0.637062 0.180729 0.058966
320100 -3404.38540272 604.79170108 0.390692 5.6718 0.637062 0.180729 0.088584
320200 -3402.08397002 581.47589058 0.375630 5.6718 0.637062 0.180729 0.150870
320300 -3419.88770036 606.40953462 0.391737 5.6718 0.637062 0.180729 0.010364
320400 -3402.81217201 623.10185374 0.402521 5.6718 0.637062 0.180729 0.059244
320500 -3390.76588607 637.51820500 0.411833 5.6990 0.630228 0.179134 0.020644
320600 -3374.17835010 621.40771833 0.401426 5.6990 0.630228 0.179134 0.097424
320700 -3384.45152851 620.41626354 0.400786 5.6990 0.630228 0.179134 0.107600
320800 -3374.40591463 606.59987883 0.391860 5.6990 0.630228 0.179134 0.100203
320900 -3397.69142840 640.75567835 0.413925 5.6990 0.630228 0.179134 -0.005249
321000 -3373.23417886 606.97736366 0.392104 5.6899 0.626132 0.180988 0.058187
321100 -3408.56649351 595.46644598 0.384668 5.6899 0.626132 0.180988 -0.072842
321200 -3415.39030730 618.42823921 0.399501 5.6899 0.626132 0.180988 -0.038340
321300 -3410.26021823 632.33102649 0.408483 5.6899 0.626132 0.180988 0.022052
321400 -3416.46896879 646.68192211 0.417753 5.6899 0.626132 0.180988 0.020871
321500 -3428.50546333 619.01289764 0.399879 5.6550 0.639885 0.180730 -0.046097
321600 -3408.03122590 627.38270399 0.405286 5.6550 0.639885 0.180730 0.041147
321700 -3421.20961860 610.94299472 0.394666 5.6550 0.639885 0.180730 -0.035124
321800 -3406.88718537 562.78167449 0.363554 5.6550 0.639885 0.180730 0.032728
321900 -3395.38866250 599.10796292 0.387021 5.6550 0.639885 0.180730 0.036376
322000 -3400.59952144 610.59525808 0.394441 5.6654 0.628310 0.181100 0.093084
322100 -3411.94378442 633.42883237 0.409192 5.6654 0.628310 0.181100 -0.019022
322200 -3393.74011813 622.84377271 0.402354 5.6654 0.628310 0.181100 0.050639
322300 -3418.06695824 619.94922339 0.400484 5.6654 0.628310 0.181100 -0.016286
322400 -3412.92494641 637.13217449 0.411584 5.6654 0.628310 0.181100 -0.108204
322500 -3390.61743897 598.30674844 0.386503 5.6718 0.635403 0.176757 0.049946
322600 -3391.87743935 605.89329473 0.391404 5.6718 0.635403 0.176757 -0.003048
322700 -3387.65060376 608.97198276 0.393393 5.6718 0.635403 0.176757 0.083802
322800 -3412.06648978 617.77022807 0.399076 5.6718 0.635403 0.176757 -0.027058
322900 -3394.59590128 605.50394533 0.391152 5.6718 0.635403 0.176757 0.043829
323000 -3387.57688325 598.24794045 0.386465 5.6770 0.631648 0.176475 -0.037076
323100 -3399.55301523 600.57629489 0.387969 5.6770 0.631648 0.176475 -0.077733
323200 -3381.92134806 581.03896976 0.375348 5.6770 0.631648 0.176475 0.113422
323300 -3397.08926691 626.16121854 0.404497 5.6770 0.631648 0.176475 -0.086736
323400 -3410.35264929 621.37827701 0.401407 5.6770 0.631648 0.176475 -0.056878
323500 -3390.70358451 608.31216120 0.392967 5.7145 0.625420 0.171969 0.047830
323600 -3420.86277382 617.86707131 0.399139 5.7145 0.625420 0.171969 -0.108610
323700 -3426.16279111 598.35831726 0.386536 5.7145 0.625420 0.171969 -0.157761
323800 -3444.29465362 603.28825050 0.389721 5.7145 0.625420 0.171969 -0.101649
323900 -3398.95130357 581.79800173 0.375839 5.7145 0.625420 0.171969 -0.008619
324000 -3419.55757980 603.90839312 0.390122 5.6357 0.640990 0.187475 0.017514
324100 -3426.22253927 592.38363940 0.382677 5.6357 0.640990 0.187475 -0.036079
324200 -3437.83456175 616.16986752 0.398043 5.6357 0.640990 0.187475 -0.051354
324300 -3426.57196413 592.09582253 0.382491 5.6357 0.640990 0.187475 0.044427
324400 -3422.85148333 599.22906800 0.387099 5.6357 0.640990 0.187475 0.064054
324500 -3421.91456858 613.39749041 0.396252 5.6576 0.641251 0.180560 0.075821
324600 -3416.96052289 600.88442124 0.388168 5.6576 0.641251 0.180560 0.091180
324700 -3409.54513161 563.63084220 0.364103 5.6576 0.641251 0.180560 0.046120
324800 -3424.58564568 627.30991555 0.405239 5.6576 0.641251 0.180560 0.022872
324900 -3419.15528181 628.23777628 0.405838 5.6576 0.641251 0.180560 -0.015385
325000 -3426.41352812 628.47297696 0.405990 5.6693 0.642760 0.184811 -0.105277
325100 -3390.84019248 610.02165299 0.394071 5.6693 0.642760 0.184811 0.044363
325200 -3391.64035304 620.24131053 0.400673 5.6693 0.642760 0.184811 0.002029
325300 -3397.34626203 648.35870437 0.418836 5.6693 0.642760 0.184811 0.021824
325400 -3368.07681471 610.03181475 0.394077 5.6693 0.642760 0.184811 0.130775
325500 -3400.89331923 648.52881125 0.418946 5.6951 0.618835 0.185981 -0.016719
325600 -3385.25985654 620.55645493 0.400876 5.6951 0.618835 0.185981 0.081255
325700 -3395.06241689 640.96577944 0.414061 5.6951 0.618835 0.185981 0.033351
325800 -3389.92520655 611.97992448 0.395336 5.6951 0.618835 0.185981 0.025338
325900 -3402.72848554 602.54466600 0.389241 5.6951 0.618835 0.185981 -0.066206
326000 -3411.77164057 605.03144592 0.390847 5.7080 0.617540 0.179793 -0.073668
326100 -3383.62327524 614.46957431 0.396944 5.7080 0.617540 0.179793 0.055614
326200 -3384.78241986 631.01344697 0.407631 5.7080 0.617540 0.179793 0.072183
326300 -3398.05790501 607.84484915 0.392665 5.7080 0.617540 0.179793 -0.041203
326400 -3389.67803986 602.33453976 0.389105 5.7080 0.617540 0.179793 0.008766
326500 -3391.29886664 620.59738640 0.400903 5.6796 0.614825 0.183461 0.116754
326600 -3400.62543042 634.17594783 0.409674 5.6796 0.614825 0.183461 -0.007543
326700 -3384.39110515 580.44673392 0.374966 5.6796 0.614825 0.183461 0.102866
326800 -3389.56377152 609.10985041 0.393482 5.6796 0.614825 0.183461 -0.028181
326900 -3372.55272991 605.18720832 0.390948 5.6796 0.614825 0.183461 0.094519
327000 -3396.09460297 583.84631729 0.377162 5.6912 0.618995 0.183126 -0.021325
327100 -3412.00480720 617.19829956 0.398707 5.6912 0.618995 0.183126 0.001652
327200 -3417.78126006 633.20308743 0.409046 5.6912 0.618995 0.183126 -0.000838
327300 -3409.63775042 620.29714381 0.400709 5.6912 0.618995 0.183126 0.040151
327400 -3400.83385729 635.59563424 0.410591 5.6912 0.618995 0.183126 0.019629
327500 -3419.74713232 630.72415452 0.407445 5.7016 0.635362 0.179568 -0.036208
327600 -3399.01564942 623.24849787 0.402615 5.7016 0.635362 0.179568 -0.002535
327700 -3406.02878348 658.28334501 0.425248 5.7016 0.635362 0.179568 0.056874
327800 -3412.36856761 644.80226826 0.416539 5.7016 0.635362 0.179568 0.043595
327900 -3399.26610992 610.68776333 0.394501 5.7016 0.635362 0.179568 0.026684
328000 -3401.41062939 615.83175343 0.397824 5.7145 0.632365 0.178479 0.073913
328100 -3413.03088189 621.02115220 0.401176 5.7145 0.632365 0.178479 -0.038174
328200 -3399.52334970 616.25865891 0.398100 5.7145 0.632365 0.178479 -0.004303
328300 -3390.59952080 626.76787351 0.404889 5.7145 0.632365 0.178479 0.030914
328400 -3393.02582561 632.67971680 0.408708 5.7145 0.632365 0.178479 0.008202
328500 -3385.22818123 640.28961022 0.413624 5.7093 0.621092 0.181317 0.024054
328600 -3398.44080531 633.63856971 0.409327 5.7093 0.621092 0.181317 -0.025199
328700 -3390.76264588 618.73288484 0.399698 5.7093 0.621092 0.181317 0.036000
328800 -3395.57328480 580.39592529 0.374933 5.7093 0.621092 0.181317 0.013868
328900 -3401.87473331 586.27820165 0.378733 5.7093 0.621092 0.181317 0.050979
329000 -3423.93767000 626.11265153 0.404466 5.7067 0.620552 0.179191 -0.012857
329100 -3417.43892838 614.22220909 0.396784 5.7067 0.620552 0.179191 0.103696
329200 -3434.59131912 623.48252597 0.402766 5.7067 0.620552 0.179191 -0.084215
329300 -3407.42712038 612.80426232 0.395868 5.7067 0.620552 0.179191 0.061006
329400 -3430.94920523 622.84545646 0.402355 5.7067 0.620552 0.179191 -0.007006
329500 -3411.81159725 605.02927711 0.390846 5.7145 0.630991 0.180114 -0.070017
329600 -3440.38512832 608.72019232 0.393230 5.7145 0.630991 0.180114 -0.117240
329700 -3416.68017871 598.36322793 0.386540 5.7145 0.630991 0.180114 0.051900
329800 -3440.56492221 635.79121723 0.410718 5.7145 0.630991 0.180114 -0.042439
329900 -3415.91100987 629.69640955 0.406781 5.7145 0.630991 0.180114 0.106489
330000 -3423.60227264 624.37628938 0.403344 5.7054 0.636381 0.173024 0.060829
330100 -3425.67035887 617.72444847 0.399047 5.7054 0.636381 0.173024 0.075014
330200 -3426.69499246 607.42433146 0.392393 5.7054 0.636381 0.173024 0.026702
330300 -3433.34020820 628.58078378 0.406060 5.7054 0.636381 0.173024 0.025539
330400 -3425.13621926 616.55563138 0.398292 5.7054 0.636381 0.173024 0.074775
330500 -3423.24871102 644.52190954 0.416358 5.7158 0.645160 0.174002 0.064139
330600 -3415.31486652 614.24134802 0.396797 5.7158 0.645160 0.174002 0.072509
330700 -3408.51578119 611.94110437 0.395311 5.7158 0.645160 0.174002 0.012726
330800 -3404.12610130 606.81410355 0.391999 5.7158 0.645160 0.174002 0.046602
330900 -3400.82674207 613.40880926 0.396259 5.7158 0.645160 0.174002 0.024886
331000 -3422.51575746 607.88985446 0.392694 5.6718 0.644036 0.179042 0.004470
331100 -3417.71409026 621.09466861 0.401224 5.6718 0.644036 0.179042 -0.053706
331200 -3402.96211834 590.81094184 0.381661 5.6718 0.644036 0.179042 0.002604
331300 -3412.01696978 616.77646519 0.398434 5.6718 0.644036 0.179042 0.031241
331400 -3401.45533291 608.42916822 0.393042 5.6718 0.644036 0.179042 0.018273
331500 -3408.39403524 598.12335218 0.386385 5.6938 0.630359 0.180282 -0.042801
331600 -3395.99877831 606.19927761 0.391602 5.6938 0.630359 0.180282 0.075276
331700 -3388.61961646 597.48066940 0.385969 5.6938 0.630359 0.180282 0.061637
331800 -3416.70532289 624.50224212 0.403425 5.6938 0.630359 0.180282 -0.027885
331900 -3406.74248307 630.66362253 0.407405 5.6938 0.630359 0.180282 0.023815
332000 -3410.63831810 626.08509517 0.404448 5.6886 0.646996 0.175214 -0.033690
332100 -3410.72837136 613.38053446 0.396241 5.6886 0.646996 0.175214 -0.037439
332200 -3425.55496060 613.53641984 0.396341 5.6886 0.646996 0.175214 -0.034867
332300 -3421.13229124 622.72638565 0.402278 5.6886 0.646996 0.175214 0.002451
332400 -3416.98536844 599.34998557 0.387177 5.6886 0.646996 0.175214 -0.032081
332500 -3432.53557851 596.75644560 0.385502 5.6796 0.644176 0.181967 -0.071829
332600 -3412.97583555 624.35918215 0.403333 5.6796 0.644176 0.181967 0.067768
332700 -3419.16153559 615.66656248 0.397717 5.6796 0.644176 0.181967 0.051255
332800 -3427.75259735 605.22269931 0.390971 5.6796 0.644176 0.181967 -0.024449
332900 -3436.36979979 610.85975945 0.394612 5.6796 0.644176 0.181967 -0.028441
333000 -3418.27452042 624.10469658 0.403168 5.7028 0.633975 0.176166 0.051169
333100 -3405.35763331 627.91858215 0.405632 5.7028 0.633975 0.176166 0.006054
333200 -3403.50968046 636.19512507 0.410979 5.7028 0.633975 0.176166 0.042614
333300 -3387.27311093 615.73703887 0.397763 5.7028 0.633975 0.176166 0.064815
333400 -3389.85248716 621.36895687 0.401401 5.7028 0.633975 0.176166 0.012015
333500 -3386.16820464 625.75317797 0.404233 5.6873 0.623664 0.180956 0.017221
333600 -3398.91026291 626.74247926 0.404872 5.6873 0.623664 0.180956 -0.085517
333700 -3398.49562627 605.53454529 0.391172 5.6873 0.623664 0.180956 -0.038362
333800 -3409.13082632 619.78358487 0.400377 5.6873 0.623664 0.180956 -0.044071
333900 -3415.90972514 616.50363077 0.398258 5.6873 0.623664 0.180956 -0.052907
334000 -3406.25267608 622.30578644 0.402006 5.7080 0.636832 0.174709 0.025060
334100 -3392.96744765 616.85300683 0.398484 5.7080 0.636832 0.174709 0.005933
334200 -3416.78321608 619.51162890 0.400201 5.7080 0.636832 0.174709 -0.156064
334300 -3411.90617964 615.57260893 0.397657 5.7080 0.636832 0.174709 -0.038228
334400 -3426.84643398 617.82338360 0.399111 5.7080 0.636832 0.174709 -0.024916
334500 -3406.79059662 601.44189417 0.388528 5.7119 0.633654 0.177732 0.074138
334600 -3415.22154199 615.73905034 0.397764 5.7119 0.633654 0.177732 0.053613
334700 -3431.06268775 624.50439255 0.403427 5.7119 0.633654 0.177732 0.070454
334800 -3428.81562118 628.60275148 0.406074 5.7119 0.633654 0.177732 0.040042
334900 -3424.45776201 616.55535413 0.398292 5.7119 0.633654 0.177732 0.049114
335000 -3439.84043018 635.23395039 0.410358 5.7016 0.654447 0.169013 -0.042262
335100 -3435.52788451 624.30700378 0.403299 5.7016 0.654447 0.169013 -0.053850
335200 -3420.50860878 614.89639058 0.397220 5.7016 0.654447 0.169013 -0.021450
335300 -3433.18943625 596.73049370 0.385485 5.7016 0.654447 0.169013 0.019188
335400 -3428.34791375 616.25846426 0.398100 5.7016 0.654447 0.169013 -0.081836
335500 -3423.32356494 612.75575331 0.395837 5.7196 0.637669 0.174365 0.011352
335600 -3423.60593157 632.20318291 0.408400 5.7196 0.637669 0.174365 0.010582
335700 -3409.47468741 630.20927459 0.407112 5.7196 0.637669 0.174365 0.080187
335800 -3402.22023949 606.69170115 0.391920 5.7196 0.637669 0.174365 0.083311
335900 -3401.52089537 596.68131901 0.385453 5.7196 0.637669 0.174365 0.045024
336000 -3418.90510612 628.02658007 0.405702 5.7080 0.644307 0.171788 -0.049227
336100 -3408.06221200 592.97894510 0.383061 5.7080 0.644307 0.171788 0.090878
336200 -3443.54884150 628.30771460 0.405884 5.7080 0.644307 0.171788 -0.055453
336300 -3416.20220404 625.26461926 0.403918 5.7080 0.644307 0.171788 -0.008252
336400 -3429.24727381 631.35874092 0.407854 5.7080 0.644307 0.171788 -0.095031
336500 -3442.87152653 619.87154896 0.400434 5.6563 0.673422 0.175527 -0.127859
336600 -3429.24825964 603.80299690 0.390054 5.6563 0.673422 0.175527 -0.048110
336700 -3424.93030361 612.91804337 0.395942 5.6563 0.673422 0.175527 -0.016429
336800 -3426.42675070 616.26145060 0.398102 5.6563 0.673422 0.175527 -0.011834
336900 -3424.72699794 592.36413292 0.382664 5.6563 0.673422 0.175527 -0.040561
337000 -3434.28769779 590.57489850 0.381508 5.6809 0.643472 0.180884 -0.039382
337100 -3412.58710172 603.54289580 0.389886 5.6809 0.643472 0.180884 0.010603
337200 -3399.75025933 627.62387823 0.405442 5.6809 0.643472 0.180884 0.044868
337300 -3391.65975873 651.57584221 0.420915 5.6809 0.643472 0.180884 0.002696
337400 -3383.35765054 615.85527795 0.397839 5.6809 0.643472 0.180884 0.033226
337500 -3400.20552540 614.71263132 0.397101 5.6925 0.636568 0.178232 -0.114660
337600 -3405.56619749 637.57672198 0.411871 5.6925 0.636568 0.178232 -0.000636
337700 -3404.81423051 625.03979458 0.403772 5.6925 0.636568 0.178232 0.041740
337800 -3376.47172052 624.62596994 0.403505 5.6925 0.636568 0.178232 0.119697
337900 -3409.88887260 630.53126979 0.407320 5.6925 0.636568 0.178232 0.037099
338000 -3385.78752867 601.93270932 0.388845 5.6925 0.632542 0.179118 0.095511
338100 -3407.51277545 635.01950862 0.410219 5.6925 0.632542 0.179118 -0.014902
338200 -3401.15182736 652.01336759 0.421197 5.6925 0.632542 0.179118 -0.057808
338300 -3389.51976051 625.74071160 0.404225 5.6925 0.632542 0.179118 -0.013460
338400 -3396.87470727 630.23858845 0.407131 5.6925 0.632542 0.179118 -0.084448
338500 -3387.72606732 602.84570624 0.389435 5.7248 0.628498 0.176975 0.019957
338600 -3393.55921185 635.31772556 0.410412 5.7248 0.628498 0.176975 -0.029900
338700 -3404.72632667 620.81680707 0.401044 5.7248 0.628498 0.176975 -0.078649
338800 -3419.11242895 617.79154077 0.399090 5.7248 0.628498 0.176975 -0.036337
338900 -3407.54441867 595.92289574 0.384963 5.7248 0.628498 0.176975 0.027232
339000 -3416.66173463 594.84668849 0.384268 5.6718 0.643507 0.179050 0.070752
339100 -3426.46275789 622.72379513 0.402276 5.6718 0.643507 0.179050 0.008468
339200 -3389.26346102 638.44032280 0.412429 5.6718 0.643507 0.179050 0.107393
339300 -3401.66930585 610.29146865 0.394245 5.6718 0.643507 0.179050 -0.009850
339400 -3413.14196301 627.68910257 0.405484 5.6718 0.643507 0.179050 -0.073392
339500 -3403.19479639 598.46409759 0.386605 5.6486 0.652705 0.178137 0.039217
339600 -3393.76243646 605.79693518 0.391342 5.6486 0.652705 0.178137 0.093046
339700 -3391.79509712 597.52657131 0.385999 5.6486 0.652705 0.178137 0.069005
339800 -3387.50486611 607.75406698 0.392606 5.6486 0.652705 0.178137 -0.028794
339900 -3383.65047789 590.67855986 0.381575 5.6486 0.652705 0.178137 0.033367
340000 -3417.28717184 616.14141532 0.398024 5.7209 0.624898 0.176044 -0.105666
340100 -3380.31431110 604.64331941 0.390596 5.7209 0.624898 0.176044 0.007233
340200 -3397.34027330 609.02557500 0.393427 5.7209 0.624898 0.176044 0.005806
340300 -3424.04244423 623.12079988 0.402533 5.7209 0.624898 0.176044 -0.132481
340400 -3385.43117569 595.17640013 0.384481 5.7209 0.624898 0.176044 0.067073
340500 -3387.85540916 619.12006854 0.399948 5.6563 0.646316 0.183326 0.088488
340600 -3399.48837278 631.01536975 0.407633 5.6563 0.646316 0.183326 -0.028541
340700 -3385.23879075 613.54236024 0.396345 5.6563 0.646316 0.183326 0.014275
340800 -3391.91033027 644.76654578 0.416516 5.6563 0.646316 0.183326 -0.049931
340900 -3367.57866455 635.43611512 0.410488 5.6563 0.646316 0.183326 0.071186
341000 -3372.99063959 629.84589358 0.406877 5.7106 0.612628 0.177366 -0.011272
341100 -3392.34991467 653.76577703 0.422329 5.7106 0.612628 0.177366 -0.053884
341200 -3382.40019924 619.00917818 0.399877 5.7106 0.612628 0.177366 -0.011876
341300 -3387.63897105 645.42554311 0.416942 5.7106 0.612628 0.177366 -0.060294
341400 -3356.05263349 621.31820926 0.401368 5.7106 0.612628 0.177366 0.070316
341500 -3383.08444848 628.00928501 0.405691 5.6757 0.646922 0.180991 -0.046739
341600 -3373.98864826 636.35158609 0.411080 5.6757 0.646922 0.180991 -0.013163
341700 -3399.41278611 635.62888206 0.410613 5.6757 0.646922 0.180991 -0.122844
341800 -3387.88176632 602.11603083 0.388964 5.6757 0.646922 0.180991 -0.038559
341900 -3394.25557923 609.48463166 0.393724 5.6757 0.646922 0.180991 -0.025826
342000 -3369.67381886 599.82211025 0.387482 5.6757 0.641168 0.174074 0.131533
342100 -3405.93215289 632.82568856 0.408802 5.6757 0.641168 0.174074 -0.026530
342200 -3381.86304593 611.27415696 0.394880 5.6757 0.641168 0.174074 0.086686
342300 -3395.01806571 638.58642820 0.412524 5.6757 0.641168 0.174074 0.009930
342400 -3373.35692348 625.44135952 0.404032 5.6757 0.641168 0.174074 0.098705
342500 -3379.47334001 613.44126123 0.396280 5.7016 0.619385 0.179961 -0.025291
342600 -3379.58681114 608.78259293 0.393270 5.7016 0.619385 0.179961 0.057757
342700 -3382.21929987 614.23136813 0.396790 5.7016 0.619385 0.179961 -0.034643
342800 -3387.70029379 614.30234505 0.396836 5.7016 0.619385 0.179961 0.002406
342900 -3379.28752825 623.54676854 0.402808 5.7016 0.619385 0.179961 0.049337
343000 -3397.17547216 620.21853037 0.400658 5.6860 0.641266 0.178130 -0.088675
343100 -3392.19761879 618.89808136 0.399805 5.6860 0.641266 0.178130 -0.093755
343200 -3392.31418082 630.94591461 0.407588 5.6860 0.641266 0.178130 -0.063232
343300 -3374.26457663 596.76538464 0.385507 5.6860 0.641266 0.178130 -0.018641
343400 -3393.39726455 611.61566313 0.395101 5.6860 0.641266 0.178130 0.029689
343500 -3392.07787870 633.59882319 0.409302 5.6783 0.637185 0.180550 0.025280
343600 -3381.01109222 626.57696264 0.404765 5.6783 0.637185 0.180550 0.023577
343700 -3381.98730282 636.34494149 0.411076 5.6783 0.637185 0.180550 -0.014400
343800 -3381.39017735 628.92678349 0.406283 5.6783 0.637185 0.180550 -0.050435
343900 -3373.84508926 632.95722406 0.408887 5.6783 0.637185 0.180550 -0.021774
344000 -3362.19446691 617.34306673 0.398800 5.7003 0.620657 0.183219 -0.023637
344100 -3354.49336152 611.42119866 0.394975 5.7003 0.620657 0.183219 0.006818
344200 -3361.83263589 635.99940621 0.410852 5.7003 0.620657 0.183219 0.085270
344300 -3392.29020573 638.81844243 0.412673 5.7003 0.620657 0.183219 -0.020683
344400 -3364.47742737 614.39126764 0.396894 5.7003 0.620657 0.183219 0.119146
344500 -3374.84754074 616.99443329 0.398575 5.6951 0.622926 0.177058 0.034207
344600 -3359.64619436 628.00544951 0.405688 5.6951 0.622926 0.177058 0.013477
344700 -3403.54706021 603.17787888 0.389650 5.6951 0.622926 0.177058 -0.139296
344800 -3393.20322340 606.80772826 0.391995 5.6951 0.622926 0.177058 -0.059596
344900 -3396.73493689 579.53328426 0.374376 5.6951 0.622926 0.177058 -0.085071
345000 -3372.66426605 614.66101528 0.397068 5.6873 0.629258 0.177471 0.020135
345100 -3399.76542544 619.74705761 0.400353 5.6873 0.629258 0.177471 -0.147719
345200 -3391.12485840 607.91771717 0.392712 5.6873 0.629258 0.177471 -0.057633
345300 -3399.47804572 601.73387757 0.388717 5.6873 0.629258 0.177471 -0.054773
345400 -3392.92648603 622.90428617 0.402393 5.6873 0.629258 0.177471 0.035284
345500 -3389.17036563 614.70392456 0.397096 5.6731 0.616827 0.179561 0.023768
345600 -3406.75484266 618.64067372 0.399639 5.6731 0.616827 0.179561 -0.065159
345700 -3383.16198899 638.24534536 0.412303 5.6731 0.616827 0.179561 0.056422
345800 -3369.36296450 625.55799942 0.404107 5.6731 0.616827 0.179561 0.106100
345900 -3394.23865086 637.56530684 0.411864 5.6731 0.616827 0.179561 0.010679
346000 -3396.96705544 652.82400071 0.421721 5.7080 0.627676 0.177545 -0.057681
346100 -3378.91126446 617.66802612 0.399010 5.7080 0.627676 0.177545 0.057099
346200 -3380.59573646 611.38190335 0.394950 5.7080 0.627676 0.177545 0.038528
346300 -3372.65062345 615.52880407 0.397628 5.7080 0.627676 0.177545 0.098266
346400 -3343.65254480 632.55417217 0.408627 5.7080 0.627676 0.177545 0.183504
346500 -3357.05126069 635.85695845 0.410760 5.6693 0.616502 0.183104 0.097218
346600 -3363.10512052 622.79447630 0.402322 5.6693 0.616502 0.183104 0.018835
346700 -3357.18315315 600.84935706 0.388146 5.6693 0.616502 0.183104 0.019308
346800 -3383.65940498 626.59382936 0.404776 5.6693 0.616502 0.183104 -0.038013
346900 -3375.45714850 623.36106715 0.402688 5.6693 0.616502 0.183104 0.000600
347000 -3369.78337848 613.75329744 0.396481 5.6615 0.632710 0.182530 0.034349
347100 -3379.00521883 632.46399464 0.408568 5.6615 0.632710 0.182530 -0.075473
347200 -3366.05511710 633.05701670 0.408952 5.6615 0.632710 0.182530 -0.025861
347300 -3367.10064641 641.13159161 0.414168 5.6615 0.632710 0.182530 0.080042
347400 -3396.89101781 623.59567654 0.402840 5.6615 0.632710 0.182530 -0.023967
347500 -3389.84410510 616.01020717 0.397939 5.6822 0.646205 0.180176 0.000070
347600 -3408.18936160 619.80765478 0.400393 5.6822 0.646205 0.180176 -0.064035
347700 -3401.12890036 602.68146420 0.389329 5.6822 0.646205 0.180176 0.003440
347800 -3395.63052878 593.20950974 0.383210 5.6822 0.646205 0.180176 0.001059
347900 -3411.68532182 603.74268178 0.390015 5.6822 0.646205 0.180176 -0.056408
348000 -3378.14257909 587.29534348 0.379390 5.6964 0.626020 0.178745 0.036186
348100 -3379.73022514 604.93688088 0.390786 5.6964 0.626020 0.178745 0.031156
348200 -3387.69485394 588.57364117 0.380216 5.6964 0.626020 0.178745 0.081868
348300 -3393.52259848 591.06906463 0.381828 5.6964 0.626020 0.178745 -0.086158
348400 -3379.06785841 602.63395574 0.389298 5.6964 0.626020 0.178745 0.000425
348500 -3376.52416606 615.18773209 0.397408 5.6886 0.623172 0.176630 0.018733
348600 -3373.59155435 599.80684873 0.387472 5.6886 0.623172 0.176630 0.018324
348700 -3382.30079348 605.58730654 0.391206 5.6886 0.623172 0.176630 -0.000629
348800 -3363.87169957 606.77815603 0.391976 5.6886 0.623172 0.176630 0.077117
348900 -3349.79973445 609.11088453 0.393482 5.6886 0.623172 0.176630 0.122902
349000 -3381.61823601 657.82853181 0.424954 5.7080 0.624171 0.179425 -0.024273
349100 -3376.70208020 625.86395365 0.404305 5.7080 0.624171 0.179425 -0.033916
349200 -3391.18375468 638.88142490 0.412714 5.7080 0.624171 0.179425 -0.142365
349300 -3372.72323517 623.06181897 0.402495 5.7080 0.624171 0.179425 -0.054315
349400 -3358.69259960 619.51679746 0.400205 5.7080 0.624171 0.179425 0.031366
349500 -3382.82547393 654.83092921 0.423017 5.7248 0.626740 0.178684 -0.101270
349600 -3370.88261009 653.30891336 0.422034 5.7248 0.626740 0.178684 0.073119
349700 -3366.07912573 617.10401077 0.398646 5.7248 0.626740 0.178684 0.067923
349800 -3406.23048765 640.27231370 0.413613 5.7248 0.626740 0.178684 -0.018530
349900 -3401.98297072 617.27383141 0.398756 5.7248 0.626740 0.178684 0.024947
350000 -3394.36102342 585.57378974 0.378278 5.6680 0.647310 0.177745 -0.030412
350100 -3407.92220877 611.90362827 0.395287 5.6680 0.647310 0.177745 -0.022511
350200 -3404.81133544 607.06823966 0.392163 5.6680 0.647310 0.177745 -0.061276
350300 -3403.55143015 605.27891586 0.391007 5.6680 0.647310 0.177745 -0.037439
350400 -3408.90268213 607.12343032 0.392199 5.6680 0.647310 0.177745 0.049734
350500 -3408.32294886 613.74640626 0.396477 5.7132 0.637340 0.175992 -0.011859
350600 -3408.23396447 633.01321741 0.408923 5.7132 0.637340 0.175992 0.075651
350700 -3395.25953552 629.09528736 0.406392 5.7132 0.637340 0.175992 0.047344
350800 -3374.31948200 621.29138876 0.401351 5.7132 0.637340 0.175992 0.010222
350900 -3376.76840709 626.52792947 0.404734 5.7132 0.637340 0.175992 -0.046712
351000 -3376.61969141 612.89132315 0.395925 5.7377 0.624930 0.178911 -0.075361
351100 -3376.20829115 625.49266281 0.404065 5.7377 0.624930 0.178911 -0.031201
351200 -3376.06269216 608.12527535 0.392846 5.7377 0.624930 0.178911 -0.030805
351300 -3392.15866839 622.46217024 0.402107 5.7377 0.624930 0.178911 -0.045537
351400 -3384.64258491 653.83328724 0.422373 5.7377 0.624930 0.178911 0.036224
351500 -3384.80499208 638.55853384 0.412506 5.6860 0.630217 0.176257 0.039900
351600 -3364.26857677 603.44707390 0.389824 5.6860 0.630217 0.176257 0.082406
351700 -3376.40455402 650.71095300 0.420356 5.6860 0.630217 0.176257 0.037353
351800 -3370.78938430 604.12007030 0.390258 5.6860 0.630217 0.176257 -0.043447
351900 -3383.85961163 586.09091224 0.378612 5.6860 0.630217 0.176257 0.004137
352000 -3369.95458220 604.27746300 0.390360 5.7106 0.621040 0.173746 0.066197
352100 -3385.09758254 629.01130654 0.406338 5.7106 0.621040 0.173746 -0.012363
352200 -3380.80082122 630.42142946 0.407249 5.7106 0.621040 0.173746 -0.030888
352300 -3378.63290535 636.13555399 0.410940 5.7106 0.621040 0.173746 -0.031262
352400 -3349.26773662 633.95806924 0.409534 5.7106 0.621040 0.173746 0.073268
352500 -3344.64495718 608.14047468 0.392856 5.6848 0.616039 0.187318 0.086382
352600 -3384.29145931 629.06909884 0.406375 5.6848 0.616039 0.187318 -0.134799
352700 -3380.78944275 596.19089152 0.385136 5.6848 0.616039 0.187318 -0.033327
352800 -3367.03966586 619.76513697 0.400365 5.6848 0.616039 0.187318 0.165294
352900 -3379.19840126 614.55432358 0.396999 5.6848 0.616039 0.187318 -0.007952
353000 -3360.03375419 578.82745506 0.373920 5.7274 0.627907 0.174765 0.002247
353100 -3353.92903071 603.29324351 0.389724 5.7274 0.627907 0.174765 0.088341
353200 -3368.79160361 643.35784750 0.415606 5.7274 0.627907 0.174765 -0.023118
353300 -3363.48072489 621.03687343 0.401187 5.7274 0.627907 0.174765 -0.083158
353400 -3374.03476521 617.93747238 0.399184 5.7274 0.627907 0.174765 -0.103626
353500 -3380.33637973 624.56039514 0.403463 5.6796 0.628978 0.175186 -0.008343
353600 -3373.62564706 639.93930106 0.413397 5.6796 0.628978 0.175186 0.010517
353700 -3369.80570263 618.30105448 0.399419 5.6796 0.628978 0.175186 -0.035371
353800 -3366.66378836 588.12265642 0.379924 5.6796 0.628978 0.175186 0.017971
353900 -3358.71898535 643.64052091 0.415788 5.6796 0.628978 0.175186 0.066047
354000 -3371.03554721 626.95809419 0.405012 5.6835 0.634520 0.179781 0.063748
354100 -3375.67937075 626.36514938 0.404629 5.6835 0.634520 0.179781 -0.045852
354200 -3363.00020851 609.99857829 0.394056 5.6835 0.634520 0.179781 -0.042294
354300 -3369.69284435 607.45300568 0.392412 5.6835 0.634520 0.179781 -0.063177
354400 -3351.43635955 592.30283574 0.382625 5.6835 0.634520 0.179781 0.012279
354500 -3375.44148365 585.38993688 0.378159 5.6860 0.635483 0.175220 -0.012225
354600 -3381.28384021 605.24612230 0.390986 5.6860 0.635483 0.175220 0.046093
354700 -3375.49984617 608.99600766 0.393408 5.6860 0.635483 0.175220 -0.020035
354800 -3376.63303444 604.45416757 0.390474 5.6860 0.635483 0.175220 -0.103716
354900 -3367.79857486 607.47990028 0.392429 5.6860 0.635483 0.175220 -0.024782
355000 -3360.73560783 634.51548330 0.409894 5.6964 0.622788 0.178721 0.103978
355100 -3372.58590033 619.99464973 0.400513 5.6964 0.622788 0.178721 -0.030651
355200 -3384.72287115 615.33298167 0.397502 5.6964 0.622788 0.178721 0.015117
355300 -3377.02634161 643.36375986 0.415610 5.6964 0.622788 0.178721 0.067640
355400 -3359.11341882 605.67101392 0.391260 5.6964 0.622788 0.178721 0.022254
355500 -3351.88023602 612.10424196 0.395416 5.7028 0.610216 0.186665 0.020740
355600 -3352.53703735 645.09172799 0.416726 5.7028 0.610216 0.186665 -0.010400
355700 -3372.10886807 636.66587790 0.411283 5.7028 0.610216 0.186665 -0.093369
355800 -3360.20895093 621.94444961 0.401773 5.7028 0.610216 0.186665 -0.066219
355900 -3364.19851449 614.48487317 0.396954 5.7028 0.610216 0.186665 -0.064343
356000 -3353.24902891 618.17091598 0.399335 5.7364 0.597414 0.180462 0.012141
356100 -3372.65378852 604.51730223 0.390515 5.7364 0.597414 0.180462 -0.104992
356200 -3370.64212658 622.53936248 0.402157 5.7364 0.597414 0.180462 -0.077952
356300 -3356.43057046 628.51125586 0.406015 5.7364 0.597414 0.180462 -0.046700
356400 -3366.76804859 599.53088077 0.387294 5.7364 0.597414 0.180462 -0.084458
356500 -3407.31080320 633.16618440 0.409022 5.6757 0.630843 0.179489 -0.135717
356600 -3389.03106779 623.44375026 0.402741 5.6757 0.630843 0.179489 -0.024656
356700 -3387.43963406 630.63343878 0.407386 5.6757 0.630843 0.179489 0.015100
356800 -3379.20625616 630.81779224 0.407505 5.6757 0.630843 0.179489 0.036361
356900 -3387.10107731 655.69158983 0.423573 5.6757 0.630843 0.179489 0.028520
357000 -3361.41789923 614.38401305 0.396889 5.6860 0.624858 0.175492 0.034794
357100 -3361.12607957 615.61598467 0.397685 5.6860 0.624858 0.175492 0.052441
357200 -3367.85800537 637.24448467 0.411657 5.6860 0.624858 0.175492 -0.028878
357300 -3360.05970560 607.31827978 0.392324 5.6860 0.624858 0.175492 0.002329
357400 -3355.60940897 618.63137953 0.399633 5.6860 0.624858 0.175492 -0.032927
357500 -3362.87855471 635.46579813 0.410508 5.6628 0.628586 0.180135 0.057852
357600 -3354.27534753 634.80780232 0.410083 5.6628 0.628586 0.180135 0.096296
357700 -3377.30908702 638.46825025 0.412447 5.6628 0.628586 0.180135 -0.001561
357800 -3369.56692123 617.91305527 0.399169 5.6628 0.628586 0.180135 0.034555
357900 -3374.69425731 611.36077229 0.394936 5.6628 0.628586 0.180135 -0.045363
358000 -3386.85623006 666.75812963 0.430722 5.6770 0.629320 0.177670 0.068234
358100 -3365.48738889 639.11897801 0.412868 5.6770 0.629320 0.177670 0.027238
358200 -3367.87648377 598.61765300 0.386704 5.6770 0.629320 0.177670 0.053839
358300 -3383.71211880 623.87260690 0.403018 5.6770 0.629320 0.177670 -0.015791
358400 -3360.08283086 586.95776834 0.379172 5.6770 0.629320 0.177670 0.077045
358500 -3372.07625535 606.21844791 0.391614 5.6563 0.646188 0.177195 0.026867
358600 -3363.21083016 594.37147911 0.383961 5.6563 0.646188 0.177195 0.080270
358700 -3370.80653342 613.69491754 0.396444 5.6563 0.646188 0.177195 -0.011969
358800 -3355.94028168 633.94912716 0.409528 5.6563 0.646188 0.177195 0.018637
358900 -3360.58117926 622.12701883 0.401891 5.6563 0.646188 0.177195 -0.005385
359000 -3372.31991935 597.30914115 0.385859 5.6512 0.646061 0.179050 -0.079758
359100 -3386.05700185 598.87595903 0.386871 5.6512 0.646061 0.179050 -0.058793
359200 -3375.50314708 616.24381259 0.398090 5.6512 0.646061 0.179050 0.018257
359300 -3385.31554377 610.49550713 0.394377 5.6512 0.646061 0.179050 0.028707
359400 -3379.80866597 630.17472301 0.407090 5.6512 0.646061 0.179050 0.044419
359500 -3375.97204769 646.89409325 0.417890 5.6848 0.637545 0.176684 0.034737
359600 -3352.00141917 612.51604027 0.395682 5.6848 0.637545 0.176684 0.013999
359700 -3357.95473110 610.30071265 0.394251 5.6848 0.637545 0.176684 0.084559
359800 -3375.99545329 631.31747534 0.407828 5.6848 0.637545 0.176684 -0.109702
359900 -3364.96624582 639.43265040 0.413070 5.6848 0.637545 0.176684 -0.105547
360000 -3353.31624597 619.96937853 0.400497 5.6641 0.625416 0.179956 0.009042
360100 -3368.50744968 620.37583364 0.400760 5.6641 0.625416 0.179956 -0.012627
360200 -3384.77432646 643.08684363 0.415431 5.6641 0.625416 0.179956 -0.022098
360300 -3347.57094042 596.24516496 0.385171 5.6641 0.625416 0.179956 0.069432
360400 -3359.13781882 601.44811222 0.388532 5.6641 0.625416 0.179956 -0.000596
360500 -3356.15834116 604.24685272 0.390340 5.6589 0.622972 0.183297 0.047822
360600 -3362.30884222 598.46897636 0.386608 5.6589 0.622972 0.183297 -0.022217
360700 -3375.22576069 610.47282276 0.394362 5.6589 0.622972 0.183297 -0.088850
360800 -3363.32162307 593.63729960 0.383487 5.6589 0.622972 0.183297 -0.045315
360900 -3383.88317072 586.92821366 0.379153 5.6589 0.622972 0.183297 -0.036880
361000 -3385.33827266 594.98261512 0.384356 5.6550 0.645150 0.184463 -0.089220
361100 -3359.45994637 613.02595436 0.396012 5.6550 0.645150 0.184463 0.028224
361200 -3356.44597548 627.60223914 0.405428 5.6550 0.645150 0.184463 0.110693
361300 -3341.43277190 617.15785215 0.398681 5.6550 0.645150 0.184463 0.108819
361400 -3350.76431007 614.91104917 0.397229 5.6550 0.645150 0.184463 0.078756
361500 -3365.39878279 631.03945654 0.407648 5.6486 0.630409 0.181591 0.020713
361600 -3331.38038285 591.13336569 0.381869 5.6486 0.630409 0.181591 0.058255
361700 -3349.30719132 620.61463503 0.400914 5.6486 0.630409 0.181591 -0.051102
361800 -3358.49471938 619.09704128 0.399933 5.6486 0.630409 0.181591 -0.085340
361900 -3354.48265060 617.82516179 0.399112 5.6486 0.630409 0.181591 -0.020917
362000 -3342.06207522 617.55023746 0.398934 5.6525 0.615952 0.183972 0.070058
362100 -3334.08681462 624.64180934 0.403515 5.6525 0.615952 0.183972 0.063265
362200 -3303.04219568 598.42310432 0.386578 5.6525 0.615952 0.183972 0.119225
362300 -3343.64740190 608.69438886 0.393213 5.6525 0.615952 0.183972 -0.088847
362400 -3349.02923049 620.65083164 0.400937 5.6525 0.615952 0.183972 -0.012698
362500 -3355.83171086 632.31962052 0.408475 5.6176 0.632731 0.186038 -0.085281
362600 -3351.61932388 618.04076998 0.399251 5.6176 0.632731 0.186038 -0.066840
362700 -3335.51729595 624.71469118 0.403562 5.6176 0.632731 0.186038 -0.067826
362800 -3328.96870785 652.26990609 0.421363 5.6176 0.632731 0.186038 -0.077100
362900 -3312.29738156 636.09783176 0.410916 5.6176 0.632731 0.186038 0.016491
363000 -3304.81404031 611.97765292 0.395334 5.6525 0.604267 0.188439 -0.002876
363100 -3305.94180278 600.16067022 0.387701 5.6525 0.604267 0.188439 -0.088694
363200 -3303.07169167 621.47164514 0.401467 5.6525 0.604267 0.188439 0.025270
363300 -3299.59748116 644.93193746 0.416623 5.6525 0.604267 0.188439 0.086899
363400 -3303.38069125 638.23869468 0.412299 5.6525 0.604267 0.188439 -0.032564
363500 -3304.54624730 633.73143480 0.409387 5.6938 0.602036 0.183822 -0.013956
363600 -3309.31827716 621.95357859 0.401779 5.6938 0.602036 0.183822 0.034901
363700 -3328.89233111 621.05254169 0.401197 5.6938 0.602036 0.183822 -0.153830
363800 -3327.64365839 586.80771997 0.379075 5.6938 0.602036 0.183822 -0.025199
363900 -3343.24106291 601.19678614 0.388370 5.6938 0.602036 0.183822 -0.140802
364000 -3360.90240042 616.06449970 0.397974 5.6589 0.625039 0.184245 -0.144853
364100 -3361.88628836 637.45676589 0.411794 5.6589 0.625039 0.184245 -0.099434
364200 -3354.79068042 628.71234429 0.406145 5.6589 0.625039 0.184245 -0.068426
364300 -3355.43510111 613.74021508 0.396473 5.6589 0.625039 0.184245 -0.082420
364400 -3344.42843450 620.14823638 0.400613 5.6589 0.625039 0.184245 -0.011943
364500 -3346.78745390 626.15669073 0.404494 5.6783 0.613327 0.177380 0.057262
364600 -3349.66401546 625.86266803 0.404304 5.6783 0.613327 0.177380 0.043932
364700 -3353.90413819 621.83192165 0.401700 5.6783 0.613327 0.177380 0.033363
364800 -3342.89644288 617.33309004 0.398794 5.6783 0.613327 0.177380 0.106066
364900 -3344.73844748 618.91748032 0.399817 5.6783 0.613327 0.177380 0.090853
365000 -3360.58527743 644.59802060 0.416407 5.6408 0.628715 0.183709 0.060726
365100 -3360.79406739 623.51070055 0.402785 5.6408 0.628715 0.183709 -0.011982
365200 -3355.56651297 617.53519458 0.398925 5.6408 0.628715 0.183709 -0.044240
365300 -3372.57018451 616.66102272 0.398360 5.6408 0.628715 0.183709 -0.019393
365400 -3378.94317871 629.95886366 0.406950 5.6408 0.628715 0.183709 0.020741
365500 -3374.89059132 630.40593786 0.407239 5.6447 0.643793 0.179756 -0.050989
365600 -3334.26118160 591.30532983 0.381980 5.6447 0.643793 0.179756 0.051325
365700 -3340.41432729 615.50440880 0.397613 5.6447 0.643793 0.179756 0.041588
365800 -3359.73658952 593.06923217 0.383120 5.6447 0.643793 0.179756 -0.085604
365900 -3349.68870559 627.38652744 0.405288 5.6447 0.643793 0.179756 0.000535
366000 -3347.95443805 603.23478796 0.389687 5.6990 0.605032 0.183778 -0.006034
366100 -3338.53678903 613.56817208 0.396362 5.6990 0.605032 0.183778 0.054756
366200 -3335.21026836 652.87628822 0.421755 5.6990 0.605032 0.183778 0.076747
366300 -3345.14182384 646.75517826 0.417801 5.6990 0.605032 0.183778 0.039153
366400 -3321.86744056 596.07995760 0.385065 5.6990 0.605032 0.183778 0.223032
366500 -3373.52514714 631.29852489 0.407816 5.7016 0.614508 0.181895 -0.065079
366600 -3337.07353098 609.20557754 0.393544 5.7016 0.614508 0.181895 0.058704
366700 -3356.43023626 604.12512269 0.390262 5.7016 0.614508 0.181895 -0.046106
366800 -3362.99167989 601.49594779 0.388563 5.7016 0.614508 0.181895 -0.001086
366900 -3377.98815546 596.88563880 0.385585 5.7016 0.614508 0.181895 -0.092622
367000 -3367.15573592 590.19625014 0.381264 5.7028 0.627437 0.180465 -0.133154
367100 -3366.92970144 632.99765269 0.408913 5.7028 0.627437 0.180465 -0.033070
367200 -3349.21211382 617.25056278 0.398741 5.7028 0.627437 0.180465 -0.002207
367300 -3355.34671070 613.36088266 0.396228 5.7028 0.627437 0.180465 0.034641
367400 -3351.24680077 602.39336312 0.389143 5.7028 0.627437 0.180465 -0.040587
367500 -3349.89193897 629.97662706 0.406962 5.6783 0.618776 0.185510 -0.030740
367600 -3338.76643598 625.38959496 0.403998 5.6783 0.618776 0.185510 0.010517
367700 -3352.80212046 625.03668193 0.403770 5.6783 0.618776 0.185510 -0.028419
367800 -3354.88723698 628.45214769 0.405977 5.6783 0.618776 0.185510 -0.040743
367900 -3368.43927062 614.34354476 0.396863 5.6783 0.618776 0.185510 -0.008994
368000 -3389.67572967 633.88466596 0.409486 5.6563 0.651848 0.179113 -0.038001
368100 -3372.33079974 618.83502112 0.399764 5.6563 0.651848 0.179113 -0.081476
368200 -3381.38153434 635.38587944 0.410456 5.6563 0.651848 0.179113 -0.151675
368300 -3378.52222630 620.56148659 0.400880 5.6563 0.651848 0.179113 -0.099148
368400 -3350.22455842 606.87718226 0.392040 5.6563 0.651848 0.179113 -0.011838
368500 -3361.99636317 619.89470325 0.400449 5.6718 0.624959 0.182763 0.022643
368600 -3375.44635155 630.14225663 0.407069 5.6718 0.624959 0.182763 -0.029341
368700 -3377.03921881 615.74125000 0.397766 5.6718 0.624959 0.182763 -0.072832
368800 -3354.65348530 622.70219644 0.402262 5.6718 0.624959 0.182763 -0.032663
368900 -3379.12606494 630.98899069 0.407616 5.6718 0.624959 0.182763 0.013197
369000 -3375.60714893 629.45075108 0.406622 5.6654 0.622722 0.183102 0.075269
369100 -3373.27900351 612.78673868 0.395857 5.6654 0.622722 0.183102 -0.025355
369200 -3393.72558613 601.86295337 0.388800 5.6654 0.622722 0.183102 -0.115650
369300 -3408.92004801 617.80958859 0.399102 5.6654 0.622722 0.183102 -0.095058
369400 -3400.39788792 603.38579867 0.389784 5.6654 0.622722 0.183102 -0.008861
369500 -3405.25401721 594.04595703 0.383751 5.6693 0.639866 0.182700 -0.018051
369600 -3412.65320981 628.09425875 0.405746 5.6693 0.639866 0.182700 -0.090716
369700 -3405.41617069 619.84322063 0.400416 5.6693 0.639866 0.182700 -0.137604
369800 -3406.45608052 628.99306158 0.406326 5.6693 0.639866 0.182700 0.000688
369900 -3405.02753269 622.84807491 0.402357 5.6693 0.639866 0.182700 0.027825
370000 -3405.30905995 645.58567419 0.417045 5.6822 0.641822 0.177305 -0.037467
370100 -3386.21805623 626.87505245 0.404958 5.6822 0.641822 0.177305 0.082935
370200 -3405.77720252 637.21749147 0.411639 5.6822 0.641822 0.177305 -0.023608
370300 -3389.84549136 632.38532274 0.408518 5.6822 0.641822 0.177305 0.030359
370400 -3381.16825480 658.89219090 0.425641 5.6822 0.641822 0.177305 -0.009644
370500 -3366.84536587 647.92253535 0.418555 5.7067 0.609730 0.185304 -0.071052
370600 -3354.49482351 624.97761374 0.403732 5.7067 0.609730 0.185304 0.026657
370700 -3376.02873185 643.53354035 0.415719 5.7067 0.609730 0.185304 -0.012474
370800 -3364.62658990 611.74853285 0.395186 5.7067 0.609730 0.185304 0.030521
370900 -3371.90336498 617.45373557 0.398872 5.7067 0.609730 0.185304 -0.002453
371000 -3388.94923879 617.60629176 0.398970 5.6680 0.626555 0.179189 -0.039536
371100 -3376.46425315 622.12313240 0.401888 5.6680 0.626555 0.179189 0.048488
371200 -3364.25461261 618.13031104 0.399309 5.6680 0.626555 0.179189 0.010962
371300 -3379.88221313 598.45759575 0.386601 5.6680 0.626555 0.179189 -0.003586
371400 -3389.94450075 639.93421561 0.413394 5.6680 0.626555 0.179189 0.039618
371500 -3392.82737750 629.16825089 0.406439 5.6731 0.644178 0.179648 -0.074726
371600 -3367.37528458 606.01768193 0.391484 5.6731 0.644178 0.179648 0.010283
371700 -3386.05957761 636.70615898 0.411309 5.6731 0.644178 0.179648 -0.013006
371800 -3373.09331562 632.44758876 0.408558 5.6731 0.644178 0.179648 0.094122
371900 -3346.98150805 619.68005222 0.400310 5.6731 0.644178 0.179648 0.067712
372000 -3356.77252809 638.59038234 0.412526 5.6499 0.630438 0.183520 0.143870
372100 -3393.25808630 660.00285960 0.426358 5.6499 0.630438 0.183520 0.003633
372200 -3360.57153115 623.02549820 0.402471 5.6499 0.630438 0.183520 0.030716
372300 -3375.88286643 612.04318517 0.395377 5.6499 0.630438 0.183520 0.019563
372400 -3386.27620075 629.77206409 0.406829 5.6499 0.630438 0.183520 -0.083848
372500 -3367.09736788 647.38695679 0.418209 5.6615 0.634932 0.180720 0.097623
372600 -3360.50288778 632.10243597 0.408335 5.6615 0.634932 0.180720 0.028325
372700 -3381.82162665 616.35372198 0.398161 5.6615 0.634932 0.180720 -0.077116
372800 -3376.76655048 600.35184640 0.387824 5.6615 0.634932 0.180720 -0.066682
372900 -3372.33308509 638.44250538 0.412431 5.6615 0.634932 0.180720 -0.005625
373000 -3378.89841636 632.46686676 0.408570 5.6938 0.639627 0.180855 -0.036969
373100 -3374.81768634 626.61432543 0.404790 5.6938 0.639627 0.180855 0.049800
373200 -3379.98329729 625.68227407 0.404188 5.6938 0.639627 0.180855 0.036992
373300 -3402.29919788 641.48759148 0.414398 5.6938 0.639627 0.180855 -0.129490
373400 -3381.81881339 608.05532214 0.392801 5.6938 0.639627 0.180855 -0.043680
373500 -3380.89305226 629.50823224 0.406659 5.6357 0.652918 0.181865 0.015383
373600 -3378.13119775 621.90940756 0.401750 5.6357 0.652918 0.181865 -0.000013
373700 -3389.37392380 633.00568242 0.408918 5.6357 0.652918 0.181865 -0.085842
373800 -3375.95863878 623.85813718 0.403009 5.6357 0.652918 0.181865 -0.007562
373900 -3372.70553994 620.79033781 0.401027 5.6357 0.652918 0.181865 0.028697
374000 -3374.32825805 641.38217094 0.414330 5.6809 0.624305 0.181347 -0.046077
374100 -3375.66870710 617.15162572 0.398677 5.6809 0.624305 0.181347 0.021124
374200 -3388.02814720 623.50889768 0.402784 5.6809 0.624305 0.181347 -0.054952
374300 -3396.42838160 631.00446790 0.407626 5.6809 0.624305 0.181347 -0.138474
374400 -3382.01968965 612.89784600 0.395929 5.6809 0.624305 0.181347 -0.062062
374500 -3388.80490645 622.91233983 0.402398 5.6796 0.643887 0.171692 0.032014
374600 -3394.68550057 604.92444203 0.390778 5.6796 0.643887 0.171692 0.011090
374700 -3396.00101139 613.21551289 0.396134 5.6796 0.643887 0.171692 -0.020511
374800 -3416.26483450 626.76139536 0.404885 5.6796 0.643887 0.171692 -0.163475
374900 -3381.55131586 636.46460909 0.411153 5.6796 0.643887 0.171692 0.126892
375000 -3369.69102480 614.61160061 0.397036 5.6848 0.635165 0.174651 0.081891
375100 -3390.21770993 604.11760708 0.390257 5.6848 0.635165 0.174651 -0.034203
375200 -3375.41032991 606.02574782 0.391490 5.6848 0.635165 0.174651 0.045641
375300 -3380.23606544 617.64319247 0.398994 5.6848 0.635165 0.174651 0.059580
375400 -3393.03300954 624.13827978 0.403190 5.6848 0.635165 0.174651 -0.000107
375500 -3380.96298886 596.73371851 0.385487 5.6809 0.633069 0.176460 0.008979
375600 -3406.77869047 621.25228478 0.401326 5.6809 0.633069 0.176460 -0.055133
375700 -3371.42697797 596.44389633 0.385300 5.6809 0.633069 0.176460 0.058074
375800 -3383.24494351 600.75614390 0.388085 5.6809 0.633069 0.176460 -0.046092
375900 -3380.07765372 613.74892342 0.396479 5.6809 0.633069 0.176460 -0.080658
376000 -3371.09080756 637.26862321 0.411672 5.6809 0.629639 0.183627 0.047555
376100 -3357.78101149 633.35998677 0.409147 5.6809 0.629639 0.183627 0.003127
376200 -3366.40130226 660.76899276 0.426853 5.6809 0.629639 0.183627 0.044922
376300 -3365.69528180 639.36791736 0.413028 5.6809 0.629639 0.183627 0.031689
376400 -3374.93847936 641.87110786 0.414645 5.6809 0.629639 0.183627 -0.015663
376500 -3377.21914142 612.12102630 0.395427 5.6460 0.630427 0.181863 0.016006
376600 -3364.81813174 619.85320767 0.400422 5.6460 0.630427 0.181863 0.049166
376700 -3366.05152569 612.28962840 0.395536 5.6460 0.630427 0.181863 0.109651
376800 -3371.92968153 634.99219592 0.410202 5.6460 0.630427 0.181863 0.043098
376900 -3390.42014985 614.65430563 0.397064 5.6460 0.630427 0.181863 -0.082944
377000 -3371.23947761 605.73381641 0.391301 5.6641 0.633449 0.179102 0.061657
377100 -3399.91336734 641.77050211 0.414580 5.6641 0.633449 0.179102 -0.093432
377200 -3379.38358188 612.33333163 0.395564 5.6641 0.633449 0.179102 0.025659
377300 -3379.58010009 612.74707444 0.395831 5.6641 0.633449 0.179102 -0.014767
377400 -3382.03419620 626.86247630 0.404950 5.6641 0.633449 0.179102 -0.040821
377500 -3361.59895283 623.62809863 0.402861 5.6964 0.629866 0.180565 -0.015738
377600 -3356.34987471 610.34551963 0.394280 5.6964 0.629866 0.180565 -0.014806
377700 -3378.77093436 617.25140924 0.398741 5.6964 0.629866 0.180565 -0.060182
377800 -3382.28094960 645.25448751 0.416831 5.6964 0.629866 0.180565 0.060147
377900 -3361.69153553 648.65541995 0.419028 5.6964 0.629866 0.180565 0.031438
378000 -3384.02363973 640.36172526 0.413670 5.6628 0.623538 0.183781 -0.183007
378100 -3360.72968737 616.41688947 0.398202 5.6628 0.623538 0.183781 -0.029305
378200 -3327.26454403 626.39927255 0.404651 5.6628 0.623538 0.183781 0.056302
378300 -3339.38676772 636.61208622 0.411248 5.6628 0.623538 0.183781 -0.033051
378400 -3336.89050198 659.37948127 0.425956 5.6628 0.623538 0.183781 0.003426
378500 -3333.92139573 638.05143744 0.412178 5.6899 0.611693 0.185807 0.092621
378600 -3349.48130200 642.57497553 0.415100 5.6899 0.611693 0.185807 0.009480
378700 -3350.48884545 650.13856146 0.419986 5.6899 0.611693 0.185807 0.106028
378800 -3369.38987634 662.94690639 0.428260 5.6899 0.611693 0.185807 -0.039144
378900 -3349.33917810 658.42414710 0.425339 5.6899 0.611693 0.185807 0.090492
379000 -3332.83203101 631.54083379 0.407972 5.6731 0.609328 0.186000 0.066552
379100 -3323.02728875 613.63511377 0.396405 5.6731 0.609328 0.186000 0.070835
379200 -3341.80187506 620.42230186 0.400790 5.6731 0.609328 0.186000 0.063838
379300 -3336.45120298 616.24900205 0.398094 5.6731 0.609328 0.186000 0.036564
379400 -3339.49326750 632.41434397 0.408536 5.6731 0.609328 0.186000 -0.034850
379500 -3340.00352504 632.61561157 0.408666 5.6550 0.621863 0.187164 0.092130
379600 -3344.99707423 624.19706469 0.403228 5.6550 0.621863 0.187164 0.012182
379700 -3342.45253385 608.43093296 0.393043 5.6550 0.621863 0.187164 -0.011572
379800 -3355.99042485 604.27961726 0.390362 5.6550 0.621863 0.187164 -0.079021
379900 -3368.17267325 604.03463109 0.390203 5.6550 0.621863 0.187164 -0.017156
380000 -3382.71158627 618.88060357 0.399794 5.6512 0.632005 0.182112 0.001648
380100 -3367.72287907 622.28526162 0.401993 5.6512 0.632005 0.182112 -0.034016
380200 -3361.95890414 613.17286970 0.396107 5.6512 0.632005 0.182112 0.039163
380300 -3364.60150997 633.93029018 0.409516 5.6512 0.632005 0.182112 -0.002883
380400 -3362.84738264 621.13024687 0.401247 5.6512 0.632005 0.182112 -0.054925
380500 -3343.58963017 627.95153451 0.405653 5.7028 0.601864 0.183262 0.040811
380600 -3367.87262273 614.84220933 0.397185 5.7028 0.601864 0.183262 -0.046068
380700 -3376.87784448 629.69891886 0.406782 5.7028 0.601864 0.183262 -0.057902
380800 -3359.24376596 602.95065285 0.389503 5.7028 0.601864 0.183262 -0.005598
380900 -3367.04471617 614.99062186 0.397281 5.7028 0.601864 0.183262 -0.074278
381000 -3350.68805895 620.46656448 0.400818 5.6589 0.624254 0.184762 0.058949
381100 -3367.45543553 627.09781396 0.405102 5.6589 0.624254 0.184762 0.017657
381200 -3387.08222638 637.13608259 0.411587 5.6589 0.624254 0.184762 -0.038874
381300 -3361.69828613 627.62586858 0.405443 5.6589 0.624254 0.184762 0.076914
381400 -3368.67494015 649.64043097 0.419664 5.6589 0.624254 0.184762 0.130691
381500 -3366.06951304 629.92465032 0.406928 5.7003 0.627433 0.176973 0.069855
381600 -3364.55815749 611.03671380 0.394727 5.7003 0.627433 0.176973 0.012580
381700 -3335.49254765 607.16943102 0.392228 5.7003 0.627433 0.176973 0.117866
381800 -3356.38427628 627.04017422 0.405065 5.7003 0.627433 0.176973 0.042112
381900 -3366.25079330 632.30807157 0.408468 5.7003 0.627433 0.176973 -0.037396
382000 -3339.37648596 601.05264909 0.388277 5.6938 0.622076 0.177543 -0.061223
382100 -3332.76233992 613.37797128 0.396239 5.6938 0.622076 0.177543 0.010358
382200 -3320.14268094 607.76216329 0.392611 5.6938 0.622076 0.177543 -0.000743
382300 -3341.19995700 621.47981493 0.401473 5.6938 0.622076 0.177543 -0.125748
382400 -3335.68554483 621.01538827 0.401173 5.6938 0.622076 0.177543 0.022726
382500 -3355.52425352 638.54684014 0.412498 5.7171 0.618063 0.175216 -0.060700
382600 -3336.40929912 601.78464686 0.388750 5.7171 0.618063 0.175216 0.064316
382700 -3352.92226278 598.45208749 0.386597 5.7171 0.618063 0.175216 -0.013169
382800 -3369.40310125 613.32135244 0.396202 5.7171 0.618063 0.175216 -0.032070
382900 -3354.96733975 613.17055896 0.396105 5.7171 0.618063 0.175216 0.045809
383000 -3355.46713098 619.22424133 0.400016 5.6822 0.618566 0.184943 0.014088
383100 -3344.30156798 635.56725417 0.410573 5.6822 0.618566 0.184943 -0.008165
383200 -3354.19378263 622.80561598 0.402329 5.6822 0.618566 0.184943 0.025683
383300 -3360.17347508 626.68616434 0.404836 5.6822 0.618566 0.184943 0.000579
383400 -3377.81327171 607.30975597 0.392319 5.6822 0.618566 0.184943 -0.057061
383500 -3368.87833933 613.28199061 0.396177 5.6563 0.624731 0.177374 0.023603
383600 -3364.35044816 620.55027747 0.400872 5.6563 0.624731 0.177374 0.066634
383700 -3369.66380604 610.03755463 0.394081 5.6563 0.624731 0.177374 0.071700
383800 -3376.26443742 638.83251453 0.412683 5.6563 0.624731 0.177374 0.019888
383900 -3336.60767329 622.10772178 0.401878 5.6563 0.624731 0.177374 0.117893
384000 -3342.05289225 601.58688877 0.388622 5.6072 0.629881 0.190937 0.080773
384100 -3368.94382452 639.91101041 0.413379 5.6072 0.629881 0.190937 -0.009673
384200 -3360.87734572 639.53027681 0.413133 5.6072 0.629881 0.190937 0.047841
384300 -3346.00896736 619.66086731 0.400298 5.6072 0.629881 0.190937 -0.012952
384400 -3367.27860129 625.04635968 0.403777 5.6072 0.629881 0.190937 -0.048870
384500 -3348.74804574 628.06237604 0.405725 5.6563 0.644074 0.186211 0.030054
384600 -3341.75521044 626.59297422 0.404776 5.6563 0.644074 0.186211 0.036246
384700 -3357.48320950 602.93686448 0.389494 5.6563 0.644074 0.186211 -0.088561
384800 -3360.43956761 619.10068976 0.399936 5.6563 0.644074 0.186211 -0.016194
384900 -3354.23454529 597.23292711 0.385809 5.6563 0.644074 0.186211 0.051676
385000 -3376.51810202 610.32970526 0.394270 5.6886 0.615991 0.180032 -0.050938
385100 -3363.81175006 598.26218105 0.386474 5.6886 0.615991 0.180032 -0.009890
385200 -3374.50929378 611.51537934 0.395036 5.6886 0.615991 0.180032 -0.066562
385300 -3371.20175699 623.25565282 0.402620 5.6886 0.615991 0.180032 -0.070776
385400 -3356.47420156 626.81736955 0.404921 5.6886 0.615991 0.180032 0.012100
385500 -3337.96435907 602.30564828 0.389086 5.7028 0.615647 0.179961 0.095887
385600 -3355.21598892 631.02576031 0.407639 5.7028 0.615647 0.179961 0.003157
385700 -3366.05705638 649.25771198 0.419417 5.7028 0.615647 0.179961 0.021614
385800 -3366.58005063 603.71562927 0.389997 5.7028 0.615647 0.179961 -0.043514
385900 -3352.20340446 622.66496993 0.402238 5.7028 0.615647 0.179961 0.056512
386000 -3349.02720087 624.18714027 0.403222 5.6705 0.608060 0.184251 0.042079
386100 -3349.87407383 610.06728440 0.394100 5.6705 0.608060 0.184251 -0.001230
386200 -3352.29345906 617.57835736 0.398952 5.6705 0.608060 0.184251 -0.077246
386300 -3378.57617370 626.09303274 0.404453 5.6705 0.608060 0.184251 -0.159995
386400 -3358.73937379 634.12350390 0.409641 5.6705 0.608060 0.184251 -0.082491
386500 -3347.16784224 621.30520466 0.401360 5.6822 0.608981 0.186368 0.008178
386600 -3337.51157037 628.97784511 0.406316 5.6822 0.608981 0.186368 0.099848
386700 -3351.91847493 646.71643332 0.417775 5.6822 0.608981 0.186368 -0.043985
386800 -3349.27654952 615.49535470 0.397607 5.6822 0.608981 0.186368 0.002672
386900 -3350.55610049 642.58496585 0.415107 5.6822 0.608981 0.186368 0.007826
387000 -3336.67305319 631.82154655 0.408153 5.6848 0.612287 0.183494 0.075495
387100 -3351.98761410 664.96195029 0.429562 5.6848 0.612287 0.183494 -0.018961
387200 -3342.26521192 624.85163534 0.403651 5.6848 0.612287 0.183494 -0.070326
387300 -3350.43561284 619.06178986 0.399911 5.6848 0.612287 0.183494 -0.081135
387400 -3351.12937377 628.49180921 0.406002 5.6848 0.612287 0.183494 -0.004519
387500 -3356.18708707 619.16558220 0.399978 5.6563 0.631701 0.179862 0.068289
387600 -3355.55634007 635.92456710 0.410804 5.6563 0.631701 0.179862 0.050710
387700 -3366.68525603 632.58634859 0.408648 5.6563 0.631701 0.179862 0.017918
387800 -3376.98982865 628.33080072 0.405898 5.6563 0.631701 0.179862 -0.072833
387900 -3390.25357853 659.41503175 0.425979 5.6563 0.631701 0.179862 -0.027154
388000 -3380.03472711 641.41175809 0.414349 5.6809 0.625767 0.178170 -0.023703
388100 -3367.79251316 627.63540639 0.405449 5.6809 0.625767 0.178170 -0.008971
388200 -3345.82718828 606.39679682 0.391729 5.6809 0.625767 0.178170 0.066066
388300 -3373.81960702 611.88971350 0.395278 5.6809 0.625767 0.178170 -0.085546
388400 -3366.52617292 608.61763275 0.393164 5.6809 0.625767 0.178170 0.031293
388500 -3377.08942630 621.12216542 0.401242 5.6576 0.622776 0.187981 -0.021800
388600 -3351.10127560 591.25729917 0.381949 5.6576 0.622776 0.187981 0.074980
388700 -3365.65773682 608.28810681 0.392951 5.6576 0.622776 0.187981 -0.053718
388800 -3354.14355585 636.51150020 0.411183 5.6576 0.622776 0.187981 -0.012767
388900 -3354.02119524 655.40647476 0.423389 5.6576 0.622776 0.187981 0.022694
389000 -3353.47278092 632.40066952 0.408528 5.6770 0.631233 0.178831 0.070712
389100 -3382.59516219 625.81131652 0.404271 5.6770 0.631233 0.178831 -0.003574
389200 -3364.89129862 633.73724444 0.409391 5.6770 0.631233 0.178831 0.092704
389300 -3365.91855412 626.03521102 0.404416 5.6770 0.631233 0.178831 -0.020797
389400 -3344.75659306 634.59104979 0.409943 5.6770 0.631233 0.178831 0.067569
389500 -3320.42326755 647.86707417 0.418519 5.6693 0.622081 0.185009 0.160133
389600 -3332.26839452 646.81987427 0.417842 5.6693 0.622081 0.185009 -0.013316
389700 -3320.70641862 637.16208160 0.411603 5.6693 0.622081 0.185009 0.000276
389800 -3320.41948149 624.59979086 0.403488 5.6693 0.622081 0.185009 0.008849
389900 -3323.88318284 621.94056255 0.401770 5.6693 0.622081 0.185009 -0.052024
390000 -3323.81495918 618.78621488 0.399733 5.6718 0.601858 0.187089 -0.066584
390100 -3329.84419942 606.67313506 0.391908 5.6718 0.601858 0.187089 -0.022812
390200 -3344.71394785 631.94600939 0.408234 5.6718 0.601858 0.187089 0.059957
390300 -3350.85660524 621.28993129 0.401350 5.6718 0.601858 0.187089 0.007277
390400 -3348.70391401 609.55101717 0.393767 5.6718 0.601858 0.187089 0.025547
390500 -3329.96756389 611.11615243 0.394778 5.6770 0.619772 0.180923 -0.020067
390600 -3343.42740552 607.49257494 0.392437 5.6770 0.619772 0.180923 -0.028497
390700 -3348.55090257 637.16764182 0.411607 5.6770 0.619772 0.180923 -0.042902
390800 -3313.00169070 619.24512950 0.400029 5.6770 0.619772 0.180923 0.140955
390900 -3318.99231202 601.11218413 0.388315 5.6770 0.619772 0.180923 0.067220
391000 -3355.84490186 631.07355060 0.407670 5.6757 0.608154 0.183939 -0.130105
391100 -3332.96286929 599.07093860 0.386997 5.6757 0.608154 0.183939 0.020183
391200 -3347.42835198 619.83624989 0.400411 5.6757 0.608154 0.183939 -0.021972
391300 -3337.85046773 605.23548900 0.390979 5.6757 0.608154 0.183939 0.042099
391400 -3340.08932605 621.16503519 0.401269 5.6757 0.608154 0.183939 -0.013193
391500 -3328.37089150 600.00233567 0.387598 5.6718 0.614408 0.186147 0.007258
391600 -3359.75671341 627.29475266 0.405229 5.6718 0.614408 0.186147 -0.139411
391700 -3343.65260764 612.07897939 0.395400 5.6718 0.614408 0.186147 0.004867
391800 -3349.57343705 609.61525043 0.393808 5.6718 0.614408 0.186147 -0.015515
391900 -3362.43092059 632.21071243 0.408405 5.6718 0.614408 0.186147 0.002405
392000 -3366.63874380 638.08942824 0.412202 5.6770 0.619312 0.181362 0.008195
392100 -3360.75799251 610.85927358 0.394612 5.6770 0.619312 0.181362 -0.094431
392200 -3359.59697291 594.74622161 0.384203 5.6770 0.619312 0.181362 -0.001491
392300 -3351.51415087 604.87405537 0.390746 5.6770 0.619312 0.181362 0.067229
392400 -3358.06514428 606.17219518 0.391584 5.6770 0.619312 0.181362 0.061331
392500 -3343.88344755 608.97110630 0.393392 5.6731 0.619263 0.183623 0.101535
392600 -3356.67045022 636.34036320 0.411073 5.6731 0.619263 0.183623 -0.033060
392700 -3331.23587275 614.47177280 0.396946 5.6731 0.619263 0.183623 0.052223
392800 -3352.64447587 618.49151447 0.399542 5.6731 0.619263 0.183623 -0.122569
392900 -3364.66276136 629.41226210 0.406597 5.6731 0.619263 0.183623 -0.057346
393000 -3328.87912585 634.49141374 0.409878 5.6731 0.621451 0.186983 0.011837
393100 -3310.69403075 610.46120647 0.394355 5.6731 0.621451 0.186983 0.093703
393200 -3338.11427779 598.13883126 0.386395 5.6731 0.621451 0.186983 0.016675
393300 -3351.14133765 589.59289182 0.380874 5.6731 0.621451 0.186983 -0.101018
393400 -3358.80268227 597.97725962 0.386290 5.6731 0.621451 0.186983 -0.112894
393500 -3346.58273903 610.09443919 0.394118 5.6693 0.619403 0.182376 0.014751
393600 -3351.09623469 593.56854006 0.383442 5.6693 0.619403 0.182376 -0.029814
393700 -3362.62787787 608.06518085 0.392807 5.6693 0.619403 0.182376 -0.078455
393800 -3362.31387011 612.14345404 0.395442 5.6693 0.619403 0.182376 -0.081585
393900 -3347.46223927 632.39396835 0.408523 5.6693 0.619403 0.182376 0.089067
394000 -3358.82537544 634.92246357 0.410157 5.6357 0.625250 0.183939 -0.000318
394100 -3357.56489725 601.32224699 0.388451 5.6357 0.625250 0.183939 0.046860
394200 -3378.97203313 625.46278837 0.404046 5.6357 0.625250 0.183939 -0.104634
394300 -3344.93126270 632.23390145 0.408420 5.6357 0.625250 0.183939 0.097095
394400 -3348.33982978 631.68184420 0.408063 5.6357 0.625250 0.183939 0.065884
394500 -3354.99539922 637.99124017 0.412139 5.6848 0.626038 0.175932 -0.020366
394600 -3315.75739147 627.24904754 0.405200 5.6848 0.626038 0.175932 0.174059
394700 -3316.78097917 623.38999193 0.402707 5.6848 0.626038 0.175932 0.109079
394800 -3332.04133470 628.99262374 0.406326 5.6848 0.626038 0.175932 0.077411
394900 -3351.03055016 622.91518858 0.402400 5.6848 0.626038 0.175932 -0.143992
395000 -3316.36362922 611.58901764 0.395083 5.6899 0.606539 0.187224 0.028225
395100 -3317.33878062 615.76195499 0.397779 5.6899 0.606539 0.187224 0.164455
395200 -3329.51412813 636.40262771 0.411113 5.6899 0.606539 0.187224 0.046223
395300 -3339.82676594 626.91190019 0.404982 5.6899 0.606539 0.187224 -0.039367
395400 -3350.74829175 624.91637285 0.403693 5.6899 0.606539 0.187224 0.003878
395500 -3339.83128842 644.84780377 0.416568 5.6938 0.612128 0.179259 0.062202
395600 -3320.74312773 647.80298154 0.418477 5.6938 0.612128 0.179259 0.057708
395700 -3323.67519717 640.64084181 0.413851 5.6938 0.612128 0.179259 0.078348
395800 -3344.71366881 652.49138398 0.421506 5.6938 0.612128 0.179259 0.034087
395900 -3325.78267748 602.19122671 0.389012 5.6938 0.612128 0.179259 0.020209
396000 -3340.08083399 608.65519993 0.393188 5.6499 0.603506 0.187692 -0.096623
396100 -3338.00000253 616.16734989 0.398041 5.6499 0.603506 0.187692 -0.036798
396200 -3327.68854626 619.09614004 0.399933 5.6499 0.603506 0.187692 -0.060643
396300 -3318.41870942 611.86169134 0.395259 5.6499 0.603506 0.187692 0.010394
396400 -3309.12767031 664.54851817 0.429295 5.6499 0.603506 0.187692 -0.000627
396500 -3307.31624724 638.72368070 0.412612 5.6447 0.618419 0.185601 -0.014703
396600 -3328.84998477 627.36709447 0.405276 5.6447 0.618419 0.185601 -0.005910
396700 -3333.14767665 630.18306918 0.407095 5.6447 0.618419 0.185601 -0.055260
396800 -3332.86687334 633.79654459 0.409429 5.6447 0.618419 0.185601 -0.011753
396900 -3341.02697648 629.92599329 0.406929 5.6447 0.618419 0.185601 0.010647
397000 -3316.73841904 617.87597388 0.399145 5.6796 0.614098 0.181493 0.112252
397100 -3334.52249178 613.95220172 0.396610 5.6796 0.614098 0.181493 -0.000903
397200 -3323.07936265 620.62247054 0.400919 5.6796 0.614098 0.181493 -0.034772
397300 -3327.05463096 602.40076985 0.389148 5.6796 0.614098 0.181493 -0.020885
397400 -3328.37828897 626.12151808 0.404471 5.6796 0.614098 0.181493 -0.094320
397500 -3309.25335129 621.38913536 0.401414 5.6912 0.592503 0.185395 -0.021810
397600 -3297.68731001 611.18688698 0.394824 5.6912 0.592503 0.185395 0.007812
397700 -3318.59463941 619.83047481 0.400407 5.6912 0.592503 0.185395 -0.024287
397800 -3332.42652024 628.26355902 0.405855 5.6912 0.592503 0.185395 -0.130809
397900 -3323.41144360 615.52948700 0.397629 5.6912 0.592503 0.185395 -0.078046
398000 -3313.15873207 612.32611003 0.395560 5.6873 0.596537 0.187912 0.105942
398100 -3346.21708470 622.75119188 0.402294 5.6873 0.596537 0.187912 0.004131
398200 -3348.14781860 633.86116221 0.409471 5.6873 0.596537 0.187912 0.003678
398300 -3348.06354747 605.64371410 0.391243 5.6873 0.596537 0.187912 -0.008684
398400 -3332.80888881 598.53550769 0.386651 5.6873 0.596537 0.187912 -0.010114
398500 -3367.66166755 604.72781967 0.390651 5.6860 0.618845 0.178403 -0.087469
398600 -3347.88678619 606.54200724 0.391823 5.6860 0.618845 0.178403 -0.038021
398700 -3352.90712594 614.69402852 0.397089 5.6860 0.618845 0.178403 -0.061825
398800 -3335.23201389 593.17768685 0.383190 5.6860 0.618845 0.178403 0.010218
398900 -3351.17343739 612.99661850 0.395993 5.6860 0.618845 0.178403 -0.043435
399000 -3365.45253983 621.05696967 0.401200 5.7093 0.627126 0.178426 -0.106680
399100 -3379.96407420 609.92722054 0.394010 5.7093 0.627126 0.178426 -0.097557
399200 -3371.81908655 603.67931073 0.389974 5.7093 0.627126 0.178426 -0.083790
399300 -3396.38740102 619.41671917 0.400140 5.7093 0.627126 0.178426 -0.129950
399400 -3367.98461067 592.22575867 0.382575 5.7093 0.627126 0.178426 -0.058564
399500 -3380.29450746 615.92810707 0.397886 5.6886 0.620344 0.178020 -0.047397
399600 -3390.43958362 630.95684200 0.407595 5.6886 0.620344 0.178020 0.009843
399700 -3360.22118555 615.39536851 0.397542 5.6886 0.620344 0.178020 0.056002
399800 -3362.85673294 624.07724368 0.403151 5.6886 0.620344 0.178020 0.027262
399900 -3345.44910541 593.38758362 0.383325 5.6886 0.620344 0.178020 0.027090
400000 -3339.48860045 596.34151195 0.385234 5.7183 0.596955 0.181825 0.053701
400100 -3338.92508400 630.55187492 0.407333 5.7183 0.596955 0.181825 0.084088
400200 -3333.59649599 599.59123183 0.387333 5.7183 0.596955 0.181825 0.124089
400300 -3387.73063044 615.56974584 0.397655 5.7183 0.596955 0.181825 -0.110501
400400 -3354.34046763 600.82237873 0.388128 5.7183 0.596955 0.181825 0.065581
400500 -3352.46852113 607.73200802 0.392592 5.6783 0.614105 0.190461 -0.098675
400600 -3346.35203653 635.94434267 0.410817 5.6783 0.614105 0.190461 0.023830
400700 -3366.69669915 625.11976634 0.403824 5.6783 0.614105 0.190461 0.022883
400800 -3372.61930255 605.55451150 0.391185 5.6783 0.614105 0.190461 -0.050794
400900 -3382.43324743 640.37256901 0.413677 5.6783 0.614105 0.190461 -0.039973
401000 -3369.04918787 610.92672890 0.394656 5.6990 0.615122 0.178327 -0.030114
401100 -3374.82938835 608.53406798 0.393110 5.6990 0.615122 0.178327 -0.112461
401200 -3366.88217653 630.77110594 0.407475 5.6990 0.615122 0.178327 -0.001018
401300 -3349.12613226 603.85076242 0.390084 5.6990 0.615122 0.178327 0.141283
401400 -3354.47582362 605.57169440 0.391196 5.6990 0.615122 0.178327 0.040794
401500 -3385.56848846 618.78068838 0.399729 5.6537 0.624115 0.185093 -0.054959
401600 -3371.81528063 598.07309296 0.386352 5.6537 0.624115 0.185093 0.046821
401700 -3389.95416715 610.47172633 0.394362 5.6537 0.624115 0.185093 0.026246
401800 -3405.33528691 625.98044439 0.404380 5.6537 0.624115 0.185093 -0.018110
401900 -3390.43190040 622.30370979 0.402005 5.6537 0.624115 0.185093 -0.016978
402000 -3391.95400344 607.38125741 0.392365 5.6434 0.635245 0.177961 0.008088
402100 -3398.91632588 596.59225450 0.385396 5.6434 0.635245 0.177961 -0.044408
402200 -3408.03014258 620.86756749 0.401077 5.6434 0.635245 0.177961 -0.120416
402300 -3394.58073644 606.03733968 0.391497 5.6434 0.635245 0.177961 -0.001313
402400 -3411.82286432 615.86061758 0.397843 5.6434 0.635245 0.177961 -0.052365
402500 -3412.79500443 606.87877153 0.392041 5.6615 0.638304 0.178336 -0.049488
402600 -3400.33828747 608.43417958 0.393045 5.6615 0.638304 0.178336 0.038344
402700 -3388.58783693 605.03654253 0.390850 5.6615 0.638304 0.178336 -0.001297
402800 -3409.68621738 629.43172976 0.406610 5.6615 0.638304 0.178336 -0.072567
402900 -3386.05803266 615.09650422 0.397349 5.6615 0.638304 0.178336 0.134591
403000 -3394.52153531 637.55937461 0.411860 5.6951 0.615190 0.180805 -0.010292
403100 -3362.45549787 626.67559843 0.404829 5.6951 0.615190 0.180805 0.068687
403200 -3366.32773946 596.07124107 0.385059 5.6951 0.615190 0.180805 -0.004716
403300 -3367.53908834 615.22077486 0.397429 5.6951 0.615190 0.180805 0.019518
403400 -3376.17036451 612.67689267 0.395786 5.6951 0.615190 0.180805 -0.032079
403500 -3397.31400923 610.43375715 0.394337 5.6731 0.625011 0.184247 -0.174386
403600 -3374.96899218 592.80052190 0.382946 5.6731 0.625011 0.184247 -0.029329
403700 -3379.69918499 594.84335667 0.384266 5.6731 0.625011 0.184247 -0.002664
403800 -3373.35537708 593.46528625 0.383376 5.6731 0.625011 0.184247 -0.030653
403900 -3375.97793471 606.23789588 0.391627 5.6731 0.625011 0.184247 -0.065715
404000 -3371.62600307 590.05975145 0.381176 5.6860 0.619604 0.179635 0.015664
404100 -3384.14026241 588.62725129 0.380250 5.6860 0.619604 0.179635 -0.042023
404200 -3398.26729173 622.21895295 0.401950 5.6860 0.619604 0.179635 -0.009958
404300 -3394.92385356 625.10940259 0.403817 5.6860 0.619604 0.179635 -0.049567
404400 -3403.31524735 625.53857374 0.404095 5.6860 0.619604 0.179635 -0.076767
404500 -3397.66651303 610.23601452 0.394209 5.6809 0.640914 0.178625 -0.037829
404600 -3402.60345031 611.09900365 0.394767 5.6809 0.640914 0.178625 0.028226
404700 -3415.39955011 612.48363528 0.395661 5.6809 0.640914 0.178625 -0.016837
404800 -3398.03530945 589.28028062 0.380672 5.6809 0.640914 0.178625 0.069743
404900 -3408.71887095 622.24835360 0.401969 5.6809 0.640914 0.178625 -0.007148
405000 -3407.85629099 597.07414063 0.385707 5.7106 0.619689 0.178597 -0.081729
405100 -3431.45342777 621.64059955 0.401577 5.7106 0.619689 0.178597 -0.035841
405200 -3425.93120107 599.60462819 0.387341 5.7106 0.619689 0.178597 0.048171
405300 -3423.43250665 599.57317288 0.387321 5.7106 0.619689 0.178597 0.030245
405400 -3416.56372551 599.43234773 0.387230 5.7106 0.619689 0.178597 -0.007930
405500 -3403.09122335 614.11942777 0.396718 5.6693 0.645639 0.177386 0.027033
405600 -3419.98272205 656.45189286 0.424065 5.6693 0.645639 0.177386 0.003769
405700 -3401.18030738 594.33992708 0.383941 5.6693 0.645639 0.177386 0.047164
405800 -3409.41654634 602.64214617 0.389304 5.6693 0.645639 0.177386 -0.036823
405900 -3403.79900123 622.73420085 0.402283 5.6693 0.645639 0.177386 -0.009239
406000 -3394.33700911 608.56103212 0.393127 5.7171 0.627079 0.180037 0.029219
406100 -3385.70745768 602.23140993 0.389038 5.7171 0.627079 0.180037 0.074805
406200 -3388.06025896 615.62849788 0.397693 5.7171 0.627079 0.180037 0.009420
406300 -3402.27248622 632.04284456 0.408296 5.7171 0.627079 0.180037 -0.009956
406400 -3401.39567994 656.92118388 0.424368 5.7171 0.627079 0.180037 -0.033270
406500 -3384.30894219 626.14918254 0.404489 5.6718 0.632809 0.177882 0.097130
406600 -3415.09313044 623.54379617 0.402806 5.6718 0.632809 0.177882 -0.066356
406700 -3391.47530742 603.47490090 0.389842 5.6718 0.632809 0.177882 0.042919
406800 -3394.48752990 617.41910497 0.398850 5.6718 0.632809 0.177882 0.005313
406900 -3398.10887066 611.41688921 0.394972 5.6718 0.632809 0.177882 -0.044540
407000 -3423.12530912 621.77619146 0.401664 5.6783 0.648004 0.174130 -0.150401
407100 -3410.54095478 642.23688610 0.414882 5.6783 0.648004 0.174130 -0.025187
407200 -3390.23932100 634.62868823 0.409967 5.6783 0.648004 0.174130 0.053774
407300 -3388.90908556 630.93561534 0.407581 5.6783 0.648004 0.174130 0.034692
407400 -3387.42442531 615.72689225 0.397756 5.6783 0.648004 0.174130 0.001626
407500 -3389.40916670 613.28367046 0.396178 5.6744 0.631356 0.180190 0.011275
407600 -3417.40041998 640.19885111 0.413565 5.6744 0.631356 0.180190 -0.106525
407700 -3404.01670599 622.19796757 0.401937 5.6744 0.631356 0.180190 -0.041759
407800 -3406.73373987 607.69663530 0.392569 5.6744 0.631356 0.180190 0.000261
407900 -3409.55316209 617.10580861 0.398647 5.6744 0.631356 0.180190 -0.047529
408000 -3403.13868554 597.64110389 0.386073 5.6680 0.632998 0.181599 0.032490
408100 -3405.78647437 613.53690015 0.396342 5.6680 0.632998 0.181599 -0.032714
408200 -3409.12264653 633.67637459 0.409352 5.6680 0.632998 0.181599 -0.027359
408300 -3404.05395775 619.00240309 0.399872 5.6680 0.632998 0.181599 0.044187
408400 -3421.68355671 599.01122306 0.386958 5.6680 0.632998 0.181599 -0.048808
408500 -3428.69316857 602.03602158 0.388912 5.7003 0.652996 0.177253 -0.093379
408600 -3425.46101247 613.91185872 0.396584 5.7003 0.652996 0.177253 -0.082031
408700 -3432.79656866 607.85825031 0.392673 5.7003 0.652996 0.177253 -0.014249
408800 -3428.50520121 592.00573248 0.382433 5.7003 0.652996 0.177253 0.005927
408900 -3425.88113127 630.53735076 0.407324 5.7003 0.652996 0.177253 -0.059691
409000 -3406.82815902 615.88722130 0.397860 5.6977 0.639430 0.177661 0.012533
409100 -3411.12099329 619.73736759 0.400347 5.6977 0.639430 0.177661 0.021821
409200 -3406.33020994 644.19068240 0.416144 5.6977 0.639430 0.177661 -0.006113
409300 -3381.57778952 627.44101716 0.405324 5.6977 0.639430 0.177661 0.108264
409400 -3404.74351895 628.16867961 0.405794 5.6977 0.639430 0.177661 0.011276
409500 -3397.98455435 635.79797942 0.410722 5.6705 0.629658 0.184404 -0.019059
409600 -3383.40266009 625.04684196 0.403777 5.6705 0.629658 0.184404 0.055564
409700 -3396.46738860 624.97521791 0.403731 5.6705 0.629658 0.184404 -0.039760
409800 -3368.68773362 613.65319910 0.396417 5.6705 0.629658 0.184404 0.168608
409900 -3404.52278651 613.62630324 0.396399 5.6705 0.629658 0.184404 -0.002480
410000 -3398.06109991 618.05576686 0.399261 5.7274 0.617780 0.181712 -0.075121
410100 -3388.87746472 599.34343744 0.387173 5.7274 0.617780 0.181712 0.003830
410200 -3387.32977089 616.55443065 0.398291 5.7274 0.617780 0.181712 0.018071
410300 -3412.63000245 621.16566528 0.401270 5.7274 0.617780 0.181712 -0.113336
410400 -3394.89434125 606.62270386 0.391875 5.7274 0.617780 0.181712 -0.014254
410500 -3362.10730461 583.38869424 0.376866 5.6615 0.609626 0.184948 0.117683
410600 -3350.75051956 596.54661898 0.385366 5.6615 0.609626 0.184948 0.073009
410700 -3360.09765146 613.91909864 0.396589 5.6615 0.609626 0.184948 -0.013862
410800 -3341.45191696 618.26890173 0.399399 5.6615 0.609626 0.184948 0.184083
410900 -3384.50947577 634.96738702 0.410186 5.6615 0.609626 0.184948 0.008815
411000 -3370.44011729 622.88807071 0.402382 5.6615 0.615739 0.185824 -0.043772
411100 -3349.69129783 624.18526077 0.403220 5.6615 0.615739 0.185824 0.128070
411200 -3348.70250191 616.94302207 0.398542 5.6615 0.615739 0.185824 0.057261
411300 -3364.16215953 623.27041890 0.402629 5.6615 0.615739 0.185824 0.013228
411400 -3364.92824440 617.81699056 0.399107 5.6615 0.615739 0.185824 0.047383
411500 -3355.30481611 596.50805467 0.385341 5.6589 0.621266 0.187074 0.082637
411600 -3384.84836958 611.00864552 0.394708 5.6589 0.621266 0.187074 -0.053183
411700 -3375.50843795 592.00824945 0.382434 5.6589 0.621266 0.187074 -0.073935
411800 -3372.73797021 614.45219034 0.396933 5.6589 0.621266 0.187074 0.020412
411900 -3371.94375800 614.14842228 0.396737 5.6589 0.621266 0.187074 0.024961
412000 -3354.82561301 611.01563029 0.394713 5.7261 0.601462 0.181604 0.054714
412100 -3362.23687250 621.30644146 0.401361 5.7261 0.601462 0.181604 -0.019628
412200 -3356.32009533 623.22739995 0.402602 5.7261 0.601462 0.181604 0.054791
412300 -3376.63612696 621.87858169 0.401730 5.7261 0.601462 0.181604 -0.066533
412400 -3395.69285043 642.06650516 0.414772 5.7261 0.601462 0.181604 -0.145078
412500 -3373.02327952 638.68356437 0.412586 5.6886 0.624134 0.179462 0.003495
412600 -3346.85571078 609.61059019 0.393805 5.6886 0.624134 0.179462 0.066740
412700 -3368.96374076 642.26795779 0.414902 5.6886 0.624134 0.179462 -0.024667
412800 -3364.76183400 651.65116778 0.420963 5.6886 0.624134 0.179462 -0.035932
412900 -3358.06844865 609.18032889 0.393527 5.6886 0.624134 0.179462 -0.007026
413000 -3379.22692557 617.71625514 0.399042 5.6951 0.616758 0.187904 -0.127041
413100 -3378.87503197 623.43821453 0.402738 5.6951 0.616758 0.187904 -0.061700
413200 -3373.01804216 625.57647553 0.404119 5.6951 0.616758 0.187904 -0.069201
413300 -3368.44849589 640.48802260 0.413752 5.6951 0.616758 0.187904 0.001790
413400 -3351.62206075 596.33048370 0.385226 5.6951 0.616758 0.187904 0.147333
413500 -3384.29394824 627.80646066 0.405560 5.6770 0.627464 0.179099 0.014099
413600 -3382.54765360 631.70210992 0.408076 5.6770 0.627464 0.179099 -0.009766
413700 -3365.51767363 605.31466993 0.391030 5.6770 0.627464 0.179099 -0.038153
413800 -3376.06993441 603.88435023 0.390106 5.6770 0.627464 0.179099 0.004497
413900 -3374.76341369 588.85168628 0.380395 5.6770 0.627464 0.179099 0.072256
414000 -3379.92868825 646.26711109 0.417485 5.6680 0.636182 0.183779 0.050738
414100 -3371.97139669 632.75231007 0.408755 5.6680 0.636182 0.183779 0.040123
414200 -3376.78077464 614.89948795 0.397222 5.6680 0.636182 0.183779 -0.046973
414300 -3372.43258234 615.95359635 0.397903 5.6680 0.636182 0.183779 -0.009399
414400 -3375.98062159 606.24746909 0.391633 5.6680 0.636182 0.183779 0.012655
414500 -3379.87050487 586.91580433 0.379145 5.6822 0.623303 0.180638 -0.044297
414600 -3405.24506990 620.16088255 0.400621 5.6822 0.623303 0.180638 -0.111925
414700 -3394.72076254 646.27875944 0.417493 5.6822 0.623303 0.180638 0.003276
414800 -3384.10275327 621.71140489 0.401622 5.6822 0.623303 0.180638 0.069092
414900 -3371.49886157 626.83599418 0.404933 5.6822 0.623303 0.180638 0.082215
415000 -3391.00954269 641.49461150 0.414402 5.6589 0.634744 0.180221 0.012585
415100 -3351.19375439 637.84676508 0.412046 5.6589 0.634744 0.180221 0.159174
415200 -3369.72970377 647.77276322 0.418458 5.6589 0.634744 0.180221 0.038731
415300 -3347.77913463 633.32464409 0.409124 5.6589 0.634744 0.180221 0.090354
415400 -3352.83072863 622.72572320 0.402278 5.6589 0.634744 0.180221 -0.010592
415500 -3338.21897362 590.00026857 0.381137 5.7209 0.585843 0.181656 0.000490
415600 -3363.51649200 615.18125868 0.397404 5.7209 0.585843 0.181656 0.011177
415700 -3373.14041276 604.92846373 0.390781 5.7209 0.585843 0.181656 -0.038436
415800 -3385.14579760 603.69503136 0.389984 5.7209 0.585843 0.181656 -0.126633
415900 -3355.37951156 614.33179011 0.396855 5.7209 0.585843 0.181656 0.022851
416000 -3361.41912596 611.39871922 0.394960 5.6615 0.615434 0.187157 -0.013941
416100 -3399.94226442 625.35283492 0.403975 5.6615 0.615434 0.187157 -0.087724
416200 -3385.81930918 611.68876592 0.395148 5.6615 0.615434 0.187157 0.049991
416300 -3382.97525224 613.33732509 0.396213 5.6615 0.615434 0.187157 0.022852
416400 -3385.24233298 592.25762469 0.382595 5.6615 0.615434 0.187157 -0.058460
416500 -3385.68839251 614.47031332 0.396945 5.6873 0.622250 0.180120 0.018734
416600 -3387.52414316 630.41064718 0.407242 5.6873 0.622250 0.180120 0.012081
416700 -3374.75231791 615.80992164 0.397810 5.6873 0.622250 0.180120 0.098545
416800 -3382.94436251 606.75989743 0.391964 5.6873 0.622250 0.180120 0.001677
416900 -3373.54252633 624.47812078 0.403410 5.6873 0.622250 0.180120 0.026767
417000 -3390.07262710 643.85411407 0.415926 5.6899 0.623617 0.179875 -0.077145
417100 -3390.94337685 621.38833520 0.401414 5.6899 0.623617 0.179875 0.046031
417200 -3384.10953463 612.43137301 0.395628 5.6899 0.623617 0.179875 0.001399
417300 -3379.82707911 606.80016890 0.391990 5.6899 0.623617 0.179875 0.040921
417400 -3370.39200054 611.12811791 0.394786 5.6899 0.623617 0.179875 -0.043974
417500 -3375.02986296 622.15408883 0.401908 5.6860 0.606380 0.183231 -0.051380
417600 -3355.21103171 631.60213502 0.408012 5.6860 0.606380 0.183231 -0.012269
417700 -3353.40068189 621.12187126 0.401242 5.6860 0.606380 0.183231 0.011825
417800 -3354.12879154 618.73058683 0.399697 5.6860 0.606380 0.183231 -0.029151
417900 -3361.44766070 619.53875648 0.400219 5.6860 0.606380 0.183231 -0.036035
418000 -3346.59506610 619.49827459 0.400193 5.6680 0.595217 0.192521 0.080995
418100 -3369.33339963 646.88839313 0.417887 5.6680 0.595217 0.192521 0.011347
418200 -3369.48228114 623.02602990 0.402472 5.6680 0.595217 0.192521 0.065612
418300 -3373.95588209 610.53108576 0.394400 5.6680 0.595217 0.192521 -0.056140
418400 -3377.00884413 627.09654737 0.405101 5.6680 0.595217 0.192521 0.034343
418500 -3404.63581157 635.18024187 0.410323 5.6757 0.616126 0.184347 -0.082686
418600 -3392.51778108 615.28195466 0.397469 5.6757 0.616126 0.184347 -0.033871
418700 -3372.23318346 627.13961418 0.405129 5.6757 0.616126 0.184347 0.076335
418800 -3370.88202312 619.00666536 0.399875 5.6757 0.616126 0.184347 0.051200
418900 -3352.78325639 625.44999602 0.404037 5.6757 0.616126 0.184347 0.054697
419000 -3378.87956238 631.32382341 0.407832 5.6835 0.632193 0.182019 -0.042519
419100 -3369.80558679 596.27787522 0.385192 5.6835 0.632193 0.182019 -0.025243
419200 -3368.74821160 624.20488671 0.403233 5.6835 0.632193 0.182019 -0.010075
419300 -3366.29438101 613.28643736 0.396180 5.6835 0.632193 0.182019 -0.152701
419400 -3376.15104259 609.81538018 0.393938 5.6835 0.632193 0.182019 -0.013921
419500 -3379.14413977 640.06463812 0.413478 5.6421 0.623036 0.185579 -0.019758
419600 -3349.62290305 638.16311942 0.412250 5.6421 0.623036 0.185579 0.090959
419700 -3361.13053003 635.55725745 0.410567 5.6421 0.623036 0.185579 0.007384
419800 -3357.72328877 631.34754521 0.407847 5.6421 0.623036 0.185579 -0.034945
419900 -3345.55074341 612.98672486 0.395986 5.6421 0.623036 0.185579 0.083917
420000 -3343.29358179 624.26261183 0.403270 5.7274 0.609665 0.176782 0.036186
420100 -3355.10854113 645.02435234 0.416682 5.7274 0.609665 0.176782 -0.039722
420200 -3354.43635325 620.09230537 0.400576 5.7274 0.609665 0.176782 -0.014229
420300 -3334.90458044 622.39170304 0.402062 5.7274 0.609665 0.176782 0.066376
420400 -3340.84976327 629.77108421 0.406829 5.7274 0.609665 0.176782 0.044376
420500 -3356.26609642 608.56311804 0.393129 5.6576 0.624797 0.184282 0.053759
420600 -3342.81425444 622.92516199 0.402406 5.6576 0.624797 0.184282 0.065371
420700 -3375.14547929 620.49055226 0.400834 5.6576 0.624797 0.184282 -0.072259
420800 -3384.03710317 603.35473455 0.389764 5.6576 0.624797 0.184282 -0.148802
420900 -3368.59533790 601.06072408 0.388282 5.6576 0.624797 0.184282 0.010071
421000 -3396.52438853 615.44413089 0.397574 5.6512 0.652679 0.176742 -0.087449
421100 -3387.82989935 584.16137824 0.377365 5.6512 0.652679 0.176742 -0.103358
421200 -3403.03980869 615.51330589 0.397618 5.6512 0.652679 0.176742 -0.167295
421300 -3391.43613288 626.36564556 0.404629 5.6512 0.652679 0.176742 -0.021993
421400 -3382.71075088 631.78191965 0.408128 5.6512 0.652679 0.176742 -0.071802
421500 -3378.16747063 619.20062773 0.400000 5.6693 0.628742 0.179711 0.026204
421600 -3386.27560817 617.08748392 0.398635 5.6693 0.628742 0.179711 0.017318
421700 -3381.73750441 586.03058796 0.378573 5.6693 0.628742 0.179711 0.025046
421800 -3407.53227317 614.28523231 0.396825 5.6693 0.628742 0.179711 -0.085612
421900 -3400.53562820 601.01542418 0.388253 5.6693 0.628742 0.179711 -0.071296
422000 -3401.70047400 613.66726272 0.396426 5.6835 0.633127 0.185747 -0.067608
422100 -3393.32604179 608.51500916 0.393098 5.6835 0.633127 0.185747 -0.020790
422200 -3397.90135828 616.55797863 0.398293 5.6835 0.633127 0.185747 -0.051825
422300 -3391.16603374 620.45263786 0.400809 5.6835 0.633127 0.185747 0.025524
422400 -3386.80036694 648.31141991 0.418806 5.6835 0.633127 0.185747 0.059834
422500 -3401.84118239 654.49465216 0.422800 5.7028 0.631920 0.185518 -0.032184
422600 -3398.89056414 629.58589234 0.406709 5.7028 0.631920 0.185518 0.009766
422700 -3391.07165175 624.95813031 0.403720 5.7028 0.631920 0.185518 0.055377
422800 -3396.36110606 622.35358765 0.402037 5.7028 0.631920 0.185518 0.020488
422900 -3391.56420581 613.54762245 0.396349 5.7028 0.631920 0.185518 0.039632
423000 -3422.29286142 647.56729927 0.418325 5.6822 0.642426 0.177602 -0.038240
423100 -3384.57796301 619.19148438 0.399994 5.6822 0.642426 0.177602 0.173223
423200 -3395.64764381 636.58694144 0.411232 5.6822 0.642426 0.177602 0.047588
423300 -3421.92058674 624.96355533 0.403723 5.6822 0.642426 0.177602 -0.090970
423400 -3398.14941943 605.51754021 0.391161 5.6822 0.642426 0.177602 0.037536
423500 -3386.44294474 620.14141826 0.400608 5.7016 0.614408 0.181490 0.157168
423600 -3411.54458423 633.22899654 0.409063 5.7016 0.614408 0.181490 0.002783
423700 -3398.47822824 630.13674132 0.407065 5.7016 0.614408 0.181490 0.086751
423800 -3398.05160927 594.97222902 0.384349 5.7016 0.614408 0.181490 0.057845
423900 -3421.94611083 595.40671986 0.384630 5.7016 0.614408 0.181490 -0.103579
424000 -3416.95324899 585.02705364 0.377924 5.7093 0.634040 0.180632 -0.062250
424100 -3420.98801242 621.04047944 0.401189 5.7093 0.634040 0.180632 -0.031885
424200 -3422.44798015 615.14246860 0.397379 5.7093 0.634040 0.180632 0.008133
424300 -3424.44844983 613.51378745 0.396327 5.7093 0.634040 0.180632 -0.015629
424400 -3421.45892708 609.45478009 0.393705 5.7093 0.634040 0.180632 -0.119325
424500 -3401.52986961 592.96015783 0.383049 5.6860 0.633750 0.179541 0.041280
424600 -3409.87566655 620.81746076 0.401045 5.6860 0.633750 0.179541 -0.036931
424700 -3412.08953072 589.31292164 0.380693 5.6860 0.633750 0.179541 -0.011301
424800 -3428.91214879 594.72353600 0.384188 5.6860 0.633750 0.179541 -0.034642
424900 -3437.57075400 595.00192011 0.384368 5.6860 0.633750 0.179541 -0.068920
425000 -3436.37565505 606.20628943 0.391606 5.7183 0.637891 0.173807 -0.020173
425100 -3466.49064105 641.63582633 0.414493 5.7183 0.637891 0.173807 -0.096708
425200 -3445.69261552 591.89234788 0.382359 5.7183 0.637891 0.173807 -0.005292
425300 -3466.47809740 623.61529781 0.402852 5.7183 0.637891 0.173807 -0.001178
425400 -3459.43148902 628.99328172 0.406326 5.7183 0.637891 0.173807 0.033344
425500 -3450.36780295 614.79884980 0.397157 5.6757 0.659437 0.174701 0.072770
425600 -3454.67983803 620.94632086 0.401128 5.6757 0.659437 0.174701 0.069339
425700 -3422.85781757 600.09784558 0.387660 5.6757 0.659437 0.174701 0.136198
425800 -3432.00397350 625.33968446 0.403966 5.6757 0.659437 0.174701 0.007164
425900 -3390.31656301 612.42348423 0.395622 5.6757 0.659437 0.174701 0.144691
426000 -3385.92382788 631.43806323 0.407906 5.6899 0.641305 0.177377 0.105000
426100 -3402.50640594 612.41457230 0.395617 5.6899 0.641305 0.177377 0.007339
426200 -3414.30156942 614.10798572 0.396711 5.6899 0.641305 0.177377 0.059564
426300 -3435.55053814 644.25120010 0.416183 5.6899 0.641305 0.177377 -0.028449
426400 -3403.01273641 621.83408209 0.401702 5.6899 0.641305 0.177377 0.111779
426500 -3430.63359531 642.62785660 0.415134 5.6964 0.640145 0.174683 -0.088083
426600 -3421.65512719 621.53971122 0.401511 5.6964 0.640145 0.174683 -0.023901
426700 -3406.84151367 638.23930564 0.412299 5.6964 0.640145 0.174683 0.011054
426800 -3390.88195363 633.34762830 0.409139 5.6964 0.640145 0.174683 0.063154
426900 -3407.82237245 605.22131947 0.390970 5.6964 0.640145 0.174683 -0.042638
427000 -3407.74959572 632.45653944 0.408564 5.6654 0.644909 0.179189 -0.006336
427100 -3395.79093558 628.75810099 0.406174 5.6654 0.644909 0.179189 0.055647
427200 -3380.99763147 608.29607197 0.392956 5.6654 0.644909 0.179189 0.040422
427300 -3383.47912291 609.14660328 0.393506 5.6654 0.644909 0.179189 0.051289
427400 -3373.10209224 618.70617519 0.399681 5.6654 0.644909 0.179189 -0.001092
427500 -3385.20766344 632.84494902 0.408815 5.6744 0.623412 0.179086 -0.064333
427600 -3375.87804174 633.48033152 0.409225 5.6744 0.623412 0.179086 0.084206
427700 -3383.50163752 625.90036302 0.404328 5.6744 0.623412 0.179086 0.024287
427800 -3386.04129159 606.03594673 0.391496 5.6744 0.623412 0.179086 0.013767
427900 -3378.75046303 612.84350331 0.395894 5.6744 0.623412 0.179086 0.061211
428000 -3405.39289803 628.59269071 0.406068 5.6757 0.635987 0.177756 -0.080436
428100 -3379.36992680 616.64242740 0.398348 5.6757 0.635987 0.177756 0.080587
428200 -3391.06473404 653.34987462 0.422061 5.6757 0.635987 0.177756 0.053823
428300 -3379.87053658 650.75868469 0.420387 5.6757 0.635987 0.177756 0.021061
428400 -3368.36775654 620.58017229 0.400892 5.6757 0.635987 0.177756 0.062799
428500 -3397.95390670 633.24647805 0.409074 5.6848 0.633803 0.176655 -0.023697
428600 -3373.77511900 641.41651216 0.414352 5.6848 0.633803 0.176655 0.025137
428700 -3368.73562290 630.34665589 0.407201 5.6848 0.633803 0.176655 0.044896
428800 -3386.41558451 611.12698516 0.394785 5.6848 0.633803 0.176655 -0.014714
428900 -3405.45411846 608.27689303 0.392944 5.6848 0.633803 0.176655 -0.085092
429000 -3385.67370745 610.23609526 0.394209 5.6835 0.634281 0.177969 -0.044210
429100 -3409.99064482 615.66181367 0.397714 5.6835 0.634281 0.177969 -0.085285
429200 -3412.17688127 625.55070192 0.404103 5.6835 0.634281 0.177969 -0.046942
429300 -3403.00586386 602.66513138 0.389319 5.6835 0.634281 0.177969 0.005926
429400 -3406.85446449 599.49132928 0.387268 5.6835 0.634281 0.177969 -0.012275
429500 -3421.88394179 602.85124447 0.389439 5.6486 0.652839 0.183125 0.044515
429600 -3421.70452395 598.71952815 0.386770 5.6486 0.652839 0.183125 -0.029352
429700 -3395.33189848 608.89358677 0.393342 5.6486 0.652839 0.183125 0.103923
429800 -3400.83727499 638.11359894 0.412218 5.6486 0.652839 0.183125 0.007006
429900 -3397.26874917 622.84015770 0.402352 5.6486 0.652839 0.183125 0.023695
430000 -3407.54620062 623.06322426 0.402496 5.6654 0.635947 0.176771 -0.061039
430100 -3409.67034352 621.26116919 0.401332 5.6654 0.635947 0.176771 -0.095687
430200 -3408.82128573 612.16686372 0.395457 5.6654 0.635947 0.176771 -0.044472
430300 -3414.17419347 624.10172766 0.403166 5.6654 0.635947 0.176771 -0.033995
430400 -3407.85646002 619.94862194 0.400484 5.6654 0.635947 0.176771 0.006624
430500 -3399.73968129 633.68344775 0.409356 5.6589 0.633171 0.179501 0.062915
430600 -3410.18448940 640.18240212 0.413555 5.6589 0.633171 0.179501 0.010561
430700 -3386.95695317 608.00042945 0.392765 5.6589 0.633171 0.179501 0.040875
430800 -3413.73743142 609.54107718 0.393760 5.6589 0.633171 0.179501 -0.123780
430900 -3408.64242628 640.74348547 0.413917 5.6589 0.633171 0.179501 -0.040231
431000 -3406.57165828 620.58564372 0.400895 5.6512 0.644821 0.182714 -0.082732
431100 -3394.31943729 607.32530206 0.392329 5.6512 0.644821 0.182714 0.050930
431200 -3403.93052427 609.51819638 0.393746 5.6512 0.644821 0.182714 -0.056811
431300 -3397.27445280 613.70036423 0.396447 5.6512 0.644821 0.182714 0.018521
431400 -3403.04825339 623.18104785 0.402572 5.6512 0.644821 0.182714 -0.056993
431500 -3387.49021255 619.70340289 0.400325 5.6654 0.627881 0.183758 0.016894
431600 -3377.18205232 602.45040265 0.389180 5.6654 0.627881 0.183758 0.013537
431700 -3409.76447742 626.10367222 0.404460 5.6654 0.627881 0.183758 -0.055227
431800 -3399.19588183 622.51879258 0.402144 5.6654 0.627881 0.183758 -0.019482
431900 -3397.98709699 621.68683167 0.401606 5.6654 0.627881 0.183758 -0.023608
432000 -3387.27810867 611.12966302 0.394787 5.6318 0.631726 0.184419 -0.000169
432100 -3385.10799812 632.75896594 0.408759 5.6318 0.631726 0.184419 -0.005712
432200 -3390.63487519 606.11831793 0.391549 5.6318 0.631726 0.184419 -0.020069
432300 -3382.28433152 612.28463134 0.395533 5.6318 0.631726 0.184419 0.015634
432400 -3377.65671820 624.04863812 0.403132 5.6318 0.631726 0.184419 0.011345
432500 -3380.03690267 622.36427237 0.402044 5.6434 0.618089 0.185420 0.002742
432600 -3381.97194289 642.74352658 0.415209 5.6434 0.618089 0.185420 0.025676
432700 -3390.55033523 648.20886402 0.418740 5.6434 0.618089 0.185420 -0.022092
432800 -3351.15175892 637.54903971 0.411853 5.6434 0.618089 0.185420 0.197821
432900 -3373.09487294 645.94298595 0.417276 5.6434 0.618089 0.185420 -0.017648
433000 -3354.07452077 612.44228213 0.395635 5.6447 0.637389 0.186899 0.036544
433100 -3391.74240895 623.23081728 0.402604 5.6447 0.637389 0.186899 -0.060516
433200 -3380.62013030 598.02459809 0.386321 5.6447 0.637389 0.186899 0.009905
433300 -3399.49402025 603.75691820 0.390024 5.6447 0.637389 0.186899 -0.016765
433400 -3386.66979796 607.91389713 0.392709 5.6447 0.637389 0.186899 -0.021743
433500 -3396.50842825 644.09394933 0.416081 5.7016 0.629490 0.179497 -0.083404
433600 -3384.16296242 614.05473684 0.396676 5.7016 0.629490 0.179497 -0.070587
433700 -3399.39638525 603.09229642 0.389595 5.7016 0.629490 0.179497 -0.105647
433800 -3384.31948752 621.55919926 0.401524 5.7016 0.629490 0.179497 -0.008411
433900 -3385.91222302 614.75183430 0.397127 5.7016 0.629490 0.179497 0.020880
434000 -3391.33607639 609.92527052 0.394009 5.6990 0.633795 0.181618 -0.042268
434100 -3400.71095114 614.20229832 0.396772 5.6990 0.633795 0.181618 0.018599
434200 -3403.90530994 612.64210547 0.395764 5.6990 0.633795 0.181618 -0.041769
434300 -3399.92615703 613.69252976 0.396442 5.6990 0.633795 0.181618 -0.025728
434400 -3386.66210285 595.88103702 0.384936 5.6990 0.633795 0.181618 0.014273
434500 -3416.65037288 621.83014205 0.401699 5.6925 0.633351 0.182225 -0.145014
434600 -3416.61246919 606.36319283 0.391707 5.6925 0.633351 0.182225 -0.047278
434700 -3420.89635036 605.32983721 0.391040 5.6925 0.633351 0.182225 -0.090697
434800 -3422.88165825 608.83392635 0.393304 5.6925 0.633351 0.182225 -0.113664
434900 -3396.52974506 606.08775992 0.391530 5.6925 0.633351 0.182225 0.037672
435000 -3404.94970727 647.56928691 0.418326 5.7016 0.626116 0.180935 -0.026932
435100 -3411.72933323 647.78689589 0.418467 5.7016 0.626116 0.180935 -0.077870
435200 -3374.45616142 639.89087572 0.413366 5.7016 0.626116 0.180935 0.121434
435300 -3393.53248787 647.16399913 0.418065 5.7016 0.626116 0.180935 0.031717
435400 -3401.33601869 641.84994470 0.414632 5.7016 0.626116 0.180935 -0.014841
435500 -3403.91502614 625.19997273 0.403876 5.6848 0.628277 0.183705 -0.096030
435600 -3376.76166581 586.50364050 0.378878 5.6848 0.628277 0.183705 0.014610
435700 -3432.17224494 621.06933405 0.401208 5.6848 0.628277 0.183705 -0.103179
435800 -3412.51262979 589.11100518 0.380563 5.6848 0.628277 0.183705 -0.058077
435900 -3432.46285140 639.48108712 0.413101 5.6848 0.628277 0.183705 -0.118521
436000 -3434.94008440 622.65037092 0.402229 5.6667 0.647171 0.180214 -0.034833
436100 -3435.53026824 612.52347235 0.395687 5.6667 0.647171 0.180214 -0.021672
436200 -3433.16285090 609.66816412 0.393842 5.6667 0.647171 0.180214 -0.006852
436300 -3417.40466580 598.58789957 0.386685 5.6667 0.647171 0.180214 0.071325
436400 -3434.14825314 612.09396146 0.395410 5.6667 0.647171 0.180214 0.002927
436500 -3412.70651701 594.43400624 0.384001 5.6744 0.643403 0.178131 0.049722
436600 -3411.08971262 627.13291209 0.405125 5.6744 0.643403 0.178131 0.047085
436700 -3417.43141438 630.08176453 0.407030 5.6744 0.643403 0.178131 -0.013830
436800 -3414.32847944 635.25250943 0.410370 5.6744 0.643403 0.178131 0.000364
436900 -3417.13650038 633.95542067 0.409532 5.6744 0.643403 0.178131 0.030633
437000 -3419.39942388 601.14894617 0.388339 5.7158 0.629157 0.180582 -0.071961
437100 -3424.28719475 602.99662559 0.389533 5.7158 0.629157 0.180582 -0.111532
437200 -3427.28095188 603.45022617 0.389826 5.7158 0.629157 0.180582 -0.065985
437300 -3429.11886669 618.04789840 0.399256 5.7158 0.629157 0.180582 -0.090930
437400 -3450.51907499 632.68091091 0.408709 5.7158 0.629157 0.180582 -0.056621
437500 -3441.13097539 617.75803457 0.399068 5.6731 0.650038 0.181140 -0.062118
437600 -3434.80482559 606.95292716 0.392088 5.6731 0.650038 0.181140 0.020880
437700 -3433.30321967 617.72658194 0.399048 5.6731 0.650038 0.181140 0.029514
437800 -3430.12050507 596.25874965 0.385180 5.6731 0.650038 0.181140 0.027427
437900 -3438.85201023 594.76257009 0.384214 5.6731 0.650038 0.181140 -0.064787
438000 -3444.04366110 608.21086220 0.392901 5.6757 0.654699 0.178892 -0.030588
438100 -3424.96493904 642.30317116 0.414925 5.6757 0.654699 0.178892 0.028177
438200 -3415.10544946 617.15043199 0.398676 5.6757 0.654699 0.178892 0.091104
438300 -3433.24565880 591.82050070 0.382313 5.6757 0.654699 0.178892 -0.019803
438400 -3437.62804291 592.55372042 0.382787 5.6757 0.654699 0.178892 -0.009767
438500 -3464.86137958 634.78622309 0.410069 5.6705 0.648593 0.173619 -0.067436
438600 -3447.50603580 612.27935664 0.395529 5.6705 0.648593 0.173619 -0.023561
438700 -3449.83766106 625.99471669 0.404389 5.6705 0.648593 0.173619 -0.009548
438800 -3448.89129108 665.37352119 0.429828 5.6705 0.648593 0.173619 0.060515
438900 -3418.29281523 627.18749714 0.405160 5.6705 0.648593 0.173619 0.065543
439000 -3451.35425890 635.20324321 0.410338 5.6938 0.653776 0.175761 -0.050040
439100 -3475.35399415 630.35703803 0.407207 5.6938 0.653776 0.175761 -0.206827
439200 -3463.98949374 626.40340283 0.404653 5.6938 0.653776 0.175761 -0.057745
439300 -3469.11632979 626.00506207 0.404396 5.6938 0.653776 0.175761 0.039676
439400 -3479.27772735 645.29673980 0.416858 5.6938 0.653776 0.175761 -0.058722
439500 -3459.29361758 610.46144627 0.394355 5.7041 0.640375 0.173264 -0.002186
439600 -3461.52738612 608.69726508 0.393215 5.7041 0.640375 0.173264 -0.076773
439700 -3444.09086566 609.45536662 0.393705 5.7041 0.640375 0.173264 0.031956
439800 -3439.63819339 602.79113735 0.389400 5.7041 0.640375 0.173264 0.078297
439900 -3451.67215062 605.23367265 0.390978 5.7041 0.640375 0.173264 -0.003187
440000 -3457.74392794 603.88399123 0.390106 5.6796 0.650924 0.179131 -0.061551
440100 -3435.27842716 599.88453139 0.387522 5.6796 0.650924 0.179131 0.030934
440200 -3453.09753832 630.95657394 0.407595 5.6796 0.650924 0.179131 -0.031154
440300 -3410.45867861 629.29334554 0.406520 5.6796 0.650924 0.179131 0.133474
440400 -3413.11200642 636.34693071 0.411077 5.6796 0.650924 0.179131 0.102472
440500 -3396.40932131 634.91183513 0.410150 5.6680 0.639568 0.179459 0.127409
440600 -3384.26305134 585.99376228 0.378549 5.6680 0.639568 0.179459 0.122529
440700 -3406.61101466 620.01025143 0.400523 5.6680 0.639568 0.179459 0.047426
440800 -3430.46322749 618.25058871 0.399387 5.6680 0.639568 0.179459 -0.065348
440900 -3411.58671551 617.33152830 0.398793 5.6680 0.639568 0.179459 0.014865
441000 -3422.01768264 609.95504999 0.394028 5.6886 0.629813 0.179674 -0.013354
441100 -3422.04034408 634.48418846 0.409874 5.6886 0.629813 0.179674 0.004496
441200 -3402.50371728 620.76033661 0.401008 5.6886 0.629813 0.179674 0.132863
441300 -3407.07288740 609.27410930 0.393588 5.6886 0.629813 0.179674 0.065211
441400 -3408.75984750 633.63268649 0.409323 5.6886 0.629813 0.179674 0.055146
441500 -3397.42621729 600.88078103 0.388166 5.6680 0.634786 0.182792 0.055627
441600 -3393.87722179 622.60712726 0.402201 5.6680 0.634786 0.182792 0.089514
441700 -3385.44856060 620.59311427 0.400900 5.6680 0.634786 0.182792 0.121906
441800 -3413.82846904 627.65819120 0.405464 5.6680 0.634786 0.182792 -0.079626
441900 -3411.53951803 594.53686436 0.384068 5.6680 0.634786 0.182792 -0.050559
442000 -3409.79074660 588.31531259 0.380049 5.6654 0.632082 0.183714 -0.039617
442100 -3403.29764124 603.56628225 0.389901 5.6654 0.632082 0.183714 -0.037604
442200 -3404.37375538 600.61947078 0.387997 5.6654 0.632082 0.183714 -0.005678
442300 -3405.17524684 588.14544840 0.379939 5.6654 0.632082 0.183714 0.013016
442400 -3442.76380524 624.95473954 0.403718 5.6654 0.632082 0.183714 -0.164459
442500 -3425.00910121 601.30819381 0.388442 5.6796 0.637267 0.177869 0.018499
442600 -3429.45547557 603.80241705 0.390053 5.6796 0.637267 0.177869 -0.017175
442700 -3435.63715785 612.10451058 0.395416 5.6796 0.637267 0.177869 -0.067573
442800 -3427.97531845 606.58292626 0.391849 5.6796 0.637267 0.177869 -0.010938
442900 -3432.38919496 626.74211648 0.404872 5.6796 0.637267 0.177869 -0.014113
443000 -3422.42626098 620.35394788 0.400745 5.6848 0.638125 0.180343 0.038053
443100 -3426.62134408 626.23773360 0.404546 5.6848 0.638125 0.180343 -0.041995
443200 -3440.63957544 623.95220928 0.403070 5.6848 0.638125 0.180343 -0.079876
443300 -3419.68303756 615.50901895 0.397616 5.6848 0.638125 0.180343 -0.020225
443400 -3429.77155889 639.96200317 0.413412 5.6848 0.638125 0.180343 -0.113715
443500 -3407.77280356 611.67401019 0.395138 5.6848 0.633138 0.181412 -0.032493
443600 -3417.88526596 623.53799164 0.402802 5.6848 0.633138 0.181412 -0.019097
443700 -3385.85631496 634.06562491 0.409603 5.6848 0.633138 0.181412 0.083200
443800 -3416.68511792 633.87613583 0.409481 5.6848 0.633138 0.181412 0.013055
443900 -3396.68717672 645.52783817 0.417008 5.6848 0.633138 0.181412 0.171846
444000 -3435.05184185 664.38196562 0.429187 5.6525 0.655676 0.180709 0.000463
444100 -3418.94325805 639.34765870 0.413015 5.6525 0.655676 0.180709 0.056478
444200 -3413.95428360 638.55686359 0.412504 5.6525 0.655676 0.180709 0.056371
444300 -3407.88228189 657.99270587 0.425060 5.6525 0.655676 0.180709 0.069711
444400 -3389.32064626 618.75339373 0.399711 5.6525 0.655676 0.180709 0.190422
444500 -3420.75777402 629.24004056 0.406486 5.6809 0.635776 0.178150 -0.096888
444600 -3433.69267563 620.74943651 0.401001 5.6809 0.635776 0.178150 -0.117697
444700 -3408.39595356 603.69669540 0.389985 5.6809 0.635776 0.178150 -0.015269
444800 -3400.27639901 608.68929999 0.393210 5.6809 0.635776 0.178150 -0.023862
444900 -3412.02762572 625.41224837 0.404013 5.6809 0.635776 0.178150 -0.058978
445000 -3415.87266110 626.85219675 0.404943 5.6460 0.640519 0.182411 0.028441
445100 -3406.16289268 634.64259631 0.409976 5.6460 0.640519 0.182411 0.044782
445200 -3399.16483995 627.66873700 0.405471 5.6460 0.640519 0.182411 0.028939
445300 -3413.94826654 628.95095896 0.406299 5.6460 0.640519 0.182411 0.020489
445400 -3422.43131574 627.20325456 0.405170 5.6460 0.640519 0.182411 -0.057177
445500 -3405.04489587 613.02101442 0.396008 5.6693 0.637224 0.180621 0.008227
445600 -3417.29770534 597.38439579 0.385907 5.6693 0.637224 0.180621 -0.074331
445700 -3408.29540181 607.84932098 0.392668 5.6693 0.637224 0.180621 -0.086938
445800 -3415.82312656 598.62729072 0.386710 5.6693 0.637224 0.180621 -0.016865
445900 -3404.20445499 612.03008153 0.395368 5.6693 0.637224 0.180621 0.033586
446000 -3415.00753508 605.48034033 0.391137 5.7093 0.634212 0.176310 -0.145314
446100 -3402.54448930 608.59685126 0.393150 5.7093 0.634212 0.176310 0.001428
446200 -3395.26946981 601.43323246 0.388523 5.7093 0.634212 0.176310 -0.033327
446300 -3404.01018548 614.68414024 0.397083 5.7093 0.634212 0.176310 0.053239
446400 -3413.28635906 630.60552291 0.407368 5.7093 0.634212 0.176310 0.019906
446500 -3407.75216409 634.09683995 0.409623 5.7028 0.638032 0.176423 0.067954
446600 -3410.45964742 623.86010589 0.403010 5.7028 0.638032 0.176423 -0.006912
446700 -3410.75117866 631.81708290 0.408151 5.7028 0.638032 0.176423 0.088439
446800 -3418.27157523 604.43033404 0.390459 5.7028 0.638032 0.176423 0.027593
446900 -3442.48979975 611.77814823 0.395206 5.7028 0.638032 0.176423 -0.076983
447000 -3430.01364789 602.20460513 0.389021 5.7326 0.641771 0.169339 -0.071457
447100 -3398.63698310 597.09001543 0.385717 5.7326 0.641771 0.169339 0.037688
447200 -3422.08310143 597.36158562 0.385892 5.7326 0.641771 0.169339 0.009622
447300 -3435.64455220 622.93909696 0.402415 5.7326 0.641771 0.169339 -0.019627
447400 -3406.01162660 593.76062246 0.383566 5.7326 0.641771 0.169339 0.134738
447500 -3414.42445369 605.88621696 0.391399 5.6382 0.645265 0.182689 0.069930
447600 -3415.33446551 595.51597619 0.384700 5.6382 0.645265 0.182689 0.001895
447700 -3393.92062308 589.50175131 0.380815 5.6382 0.645265 0.182689 0.015829
447800 -3409.55369490 602.96848555 0.389515 5.6382 0.645265 0.182689 0.001176
447900 -3436.92813317 612.63655801 0.395760 5.6382 0.645265 0.182689 -0.060647
448000 -3423.17901872 601.35513661 0.388472 5.6964 0.640123 0.173878 0.072286
448100 -3431.36559363 604.60053683 0.390569 5.6964 0.640123 0.173878 -0.016116
448200 -3439.41125151 619.04850480 0.399902 5.6964 0.640123 0.173878 0.029248
448300 -3438.18131512 643.59773893 0.415761 5.6964 0.640123 0.173878 -0.025583
448400 -3424.88915668 600.58856562 0.387977 5.6964 0.640123 0.173878 -0.023571
448500 -3439.08053186 616.77789261 0.398435 5.6667 0.644582 0.177848 -0.023705
448600 -3421.52586152 629.76281141 0.406824 5.6667 0.644582 0.177848 0.066637
448700 -3412.34086923 636.89347056 0.411430 5.6667 0.644582 0.177848 0.056383
448800 -3406.59316221 612.47708944 0.395657 5.6667 0.644582 0.177848 0.058652
448900 -3401.38259530 610.14134657 0.394148 5.6667 0.644582 0.177848 0.051112
449000 -3398.16048226 608.68474770 0.393207 5.6757 0.630800 0.184972 0.068610
449100 -3406.99188275 601.70059118 0.388695 5.6757 0.630800 0.184972 0.049806
449200 -3392.73765029 572.33872589 0.369728 5.6757 0.630800 0.184972 0.064945
449300 -3398.91567982 590.55126573 0.381493 5.6757 0.630800 0.184972 0.019321
449400 -3420.93880285 595.97146164 0.384994 5.6757 0.630800 0.184972 -0.031140
449500 -3422.55842877 606.43027800 0.391751 5.6809 0.634008 0.181276 -0.040920
449600 -3393.81062113 598.84150307 0.386849 5.6809 0.634008 0.181276 0.062996
449700 -3431.63821364 631.94302783 0.408232 5.6809 0.634008 0.181276 -0.099757
449800 -3392.62802012 593.41785073 0.383345 5.6809 0.634008 0.181276 0.083359
449900 -3406.31501886 612.90394974 0.395933 5.6809 0.634008 0.181276 -0.023792
450000 -3408.83716628 613.16955983 0.396104 5.6667 0.641971 0.181590 0.008803
450100 -3412.76507175 619.47676345 0.400179 5.6667 0.641971 0.181590 0.094424
450200 -3410.18118820 606.85572319 0.392026 5.6667 0.641971 0.181590 0.081463
450300 -3443.80729707 626.49726294 0.404714 5.6667 0.641971 0.181590 -0.125906
450400 -3409.12462992 591.42358124 0.382057 5.6667 0.641971 0.181590 -0.008398
450500 -3407.05624534 586.72713634 0.379023 5.6499 0.639016 0.184265 0.095238
450600 -3402.36809616 606.88972993 0.392048 5.6499 0.639016 0.184265 0.059208
450700 -3405.54031398 641.11554722 0.414157 5.6499 0.639016 0.184265 0.062776
450800 -3412.45315446 625.83421948 0.404286 5.6499 0.639016 0.184265 0.005965
450900 -3428.13410198 615.47617180 0.397594 5.6499 0.639016 0.184265 -0.078105
451000 -3402.40959663 606.53066201 0.391816 5.6848 0.629789 0.181490 0.043320
451100 -3423.22190180 603.76694837 0.390030 5.6848 0.629789 0.181490 -0.083640
451200 -3393.84966655 629.40604684 0.406593 5.6848 0.629789 0.181490 0.092901
451300 -3399.10544299 655.44216663 0.423412 5.6848 0.629789 0.181490 -0.055998
451400 -3374.21159963 620.03835043 0.400542 5.6848 0.629789 0.181490 0.043540
451500 -3420.75646206 638.52904531 0.412486 5.6886 0.634237 0.183632 -0.127293
451600 -3428.50291142 596.52974055 0.385355 5.6886 0.634237 0.183632 -0.114672
451700 -3398.05834513 593.99597081 0.383718 5.6886 0.634237 0.183632 -0.026573
451800 -3398.59707524 628.68919194 0.406130 5.6886 0.634237 0.183632 -0.002778
451900 -3386.01709839 631.80656265 0.408144 5.6886 0.634237 0.183632 0.016004
452000 -3392.73096464 629.77095286 0.406829 5.7093 0.626794 0.175539 0.049653
452100 -3373.50573925 598.97399649 0.386934 5.7093 0.626794 0.175539 0.093359
452200 -3411.93121962 645.33673691 0.416884 5.7093 0.626794 0.175539 -0.100222
452300 -3387.66147231 621.26059642 0.401331 5.7093 0.626794 0.175539 0.081070
452400 -3390.66118176 634.92075265 0.410156 5.7093 0.626794 0.175539 -0.056032
452500 -3380.14008178 625.98227726 0.404381 5.7016 0.621684 0.185370 -0.051912
452600 -3396.11752996 633.83203405 0.409452 5.7016 0.621684 0.185370 -0.059598
452700 -3415.12181809 618.57189333 0.399594 5.7016 0.621684 0.185370 -0.108878
452800 -3412.99681545 630.29164884 0.407165 5.7016 0.621684 0.185370 -0.107005
452900 -3387.77851912 611.81982382 0.395232 5.7016 0.621684 0.185370 0.013760
453000 -3396.45594762 608.57857582 0.393139 5.6860 0.624204 0.182665 -0.004844
453100 -3411.83084167 614.93578425 0.397245 5.6860 0.624204 0.182665 -0.048728
453200 -3412.29304564 633.29167928 0.409103 5.6860 0.624204 0.182665 0.008799
453300 -3396.25883109 618.61567817 0.399623 5.6860 0.624204 0.182665 -0.022712
453400 -3406.78329011 622.95101006 0.402423 5.6860 0.624204 0.182665 -0.101319
453500 -3394.07726465 607.61174833 0.392514 5.6512 0.632706 0.186156 0.012830
453600 -3394.38924207 619.27662461 0.400049 5.6512 0.632706 0.186156 0.016637
453700 -3404.64321566 610.41658992 0.394326 5.6512 0.632706 0.186156 -0.013763
453800 -3408.05249745 577.79695634 0.373254 5.6512 0.632706 0.186156 0.022331
453900 -3416.05513789 578.54298799 0.373736 5.6512 0.632706 0.186156 -0.017684
454000 -3403.68699014 570.10374397 0.368284 5.6602 0.631760 0.182441 -0.016159
454100 -3424.79538643 606.08088924 0.391525 5.6602 0.631760 0.182441 -0.033813
454200 -3414.07145138 600.71871404 0.388061 5.6602 0.631760 0.182441 -0.014753
454300 -3417.06267238 609.55715977 0.393771 5.6602 0.631760 0.182441 -0.052526
454400 -3415.28955479 606.31143631 0.391674 5.6602 0.631760 0.182441 -0.018045
454500 -3412.32189478 620.07842740 0.400567 5.6499 0.629975 0.182945 -0.014769
454600 -3402.41259029 608.57511357 0.393136 5.6499 0.629975 0.182945 0.078250
454700 -3420.17249993 611.68328076 0.395144 5.6499 0.629975 0.182945 0.001386
454800 -3398.89352219 595.15841018 0.384469 5.6499 0.629975 0.182945 -0.005619
454900 -3417.78469430 609.39569250 0.393666 5.6499 0.629975 0.182945 -0.054115
455000 -3413.21576368 613.73900358 0.396472 5.6537 0.630696 0.183934 -0.006916
455100 -3416.14238662 647.69123709 0.418405 5.6537 0.630696 0.183934 -0.031003
455200 -3387.93551059 643.34230127 0.415596 5.6537 0.630696 0.183934 0.130305
455300 -3372.28750685 623.60010485 0.402842 5.6537 0.630696 0.183934 0.136026
455400 -3414.43196438 642.99239953 0.415370 5.6537 0.630696 0.183934 -0.077769
455500 -3388.73383339 611.60111510 0.395091 5.6770 0.626939 0.185794 0.024798
455600 -3373.72217846 619.81212273 0.400395 5.6770 0.626939 0.185794 0.140840
455700 -3387.93455383 639.09733056 0.412854 5.6770 0.626939 0.185794 0.007605
455800 -3391.55259739 619.47707355 0.400179 5.6770 0.626939 0.185794 0.064814
455900 -3397.87715550 637.05722366 0.411536 5.6770 0.626939 0.185794 0.044201
456000 -3370.99285624 614.34306264 0.396862 5.7003 0.625872 0.178486 0.136349
456100 -3376.41956556 600.66939696 0.388029 5.7003 0.625872 0.178486 0.106735
456200 -3407.12745177 607.74107682 0.392598 5.7003 0.625872 0.178486 -0.054302
456300 -3398.36508378 633.34814878 0.409140 5.7003 0.625872 0.178486 -0.012604
456400 -3403.03239719 621.19261965 0.401287 5.7003 0.625872 0.178486 0.027966
456500 -3394.37933980 619.21153442 0.400007 5.7041 0.615419 0.180570 0.025467
456600 -3420.14838587 631.98208759 0.408257 5.7041 0.615419 0.180570 -0.090381
456700 -3414.75003676 622.66576617 0.402239 5.7041 0.615419 0.180570 -0.101472
456800 -3372.82375098 634.79746832 0.410076 5.7041 0.615419 0.180570 0.050922
456900 -3398.33070320 629.15645823 0.406432 5.7041 0.615419 0.180570 -0.007635
457000 -3385.35823426 631.55641208 0.407982 5.7016 0.617977 0.183152 0.039907
457100 -3386.60031268 621.65697749 0.401587 5.7016 0.617977 0.183152 0.128125
457200 -3408.04439289 601.50568987 0.388570 5.7016 0.617977 0.183152 0.017392
457300 -3436.38624474 617.29276653 0.398768 5.7016 0.617977 0.183152 -0.086457
457400 -3407.49352588 597.18451623 0.385778 5.7016 0.617977 0.183152 -0.036180
457500 -3389.34657234 581.43085359 0.375601 5.6848 0.617181 0.182998 -0.020632
457600 -3409.53758309 593.92949435 0.383675 5.6848 0.617181 0.182998 -0.074601
457700 -3378.40963087 610.65190162 0.394478 5.6848 0.617181 0.182998 0.095811
457800 -3407.15824271 612.41989874 0.395620 5.6848 0.617181 0.182998 -0.020032
457900 -3385.39333528 610.89168582 0.394633 5.6848 0.617181 0.182998 0.091002
458000 -3376.12892758 609.56607258 0.393777 5.6990 0.624608 0.185221 0.063948
458100 -3380.09679181 631.88281807 0.408193 5.6990 0.624608 0.185221 0.067112
458200 -3374.39959056 640.89962977 0.414018 5.6990 0.624608 0.185221 0.052625
458300 -3380.89815425 642.52197853 0.415066 5.6990 0.624608 0.185221 0.035635
458400 -3377.76725674 648.44297620 0.418891 5.6990 0.624608 0.185221 0.019865
458500 -3361.64471726 634.99922192 0.410206 5.7016 0.617126 0.179940 0.029244
458600 -3386.10714145 628.81166016 0.406209 5.7016 0.617126 0.179940 -0.026551
458700 -3390.47221995 617.91561454 0.399170 5.7016 0.617126 0.179940 -0.102360
458800 -3408.57545454 619.31916164 0.400077 5.7016 0.617126 0.179940 -0.103237
458900 -3381.70602925 621.07156783 0.401209 5.7016 0.617126 0.179940 0.045499
459000 -3393.34059412 624.03347103 0.403122 5.6589 0.621093 0.181649 -0.069364
459100 -3371.95948141 621.01975776 0.401176 5.6589 0.621093 0.181649 0.043303
459200 -3364.80022186 625.45972416 0.404044 5.6589 0.621093 0.181649 0.090708
459300 -3378.05070591 639.63002207 0.413198 5.6589 0.621093 0.181649 0.057519
459400 -3377.48618522 634.75065019 0.410046 5.6589 0.621093 0.181649 0.000021
459500 -3383.74050292 643.86456446 0.415933 5.6693 0.635575 0.181299 0.087437
459600 -3351.85790112 613.01174686 0.396002 5.6693 0.635575 0.181299 0.115055
459700 -3366.69481305 619.12385559 0.399951 5.6693 0.635575 0.181299 0.143064
459800 -3398.77383098 622.56483989 0.402174 5.6693 0.635575 0.181299 -0.084839
459900 -3383.97690363 607.52572652 0.392458 5.6693 0.635575 0.181299 0.086126
460000 -3380.96235485 613.30520531 0.396192 5.6395 0.633336 0.185765 0.097033
460100 -3383.17969579 624.36824469 0.403339 5.6395 0.633336 0.185765 0.072187
460200 -3385.23764279 627.75989876 0.405530 5.6395 0.633336 0.185765 0.051711
460300 -3376.80117313 615.85219418 0.397837 5.6395 0.633336 0.185765 -0.001166
460400 -3351.22031321 629.32094333 0.406538 5.6395 0.633336 0.185765 0.107052
460500 -3350.04875906 634.58933004 0.409941 5.6499 0.606504 0.190632 0.145030
460600 -3379.56890846 620.05761704 0.400554 5.6499 0.606504 0.190632 -0.098656
460700 -3384.54230769 625.44599763 0.404035 5.6499 0.606504 0.190632 -0.015605
460800 -3392.15694622 599.77632323 0.387452 5.6499 0.606504 0.190632 -0.061701
460900 -3404.85162866 606.90495695 0.392057 5.6499 0.606504 0.190632 -0.085344
461000 -3383.37082820 598.41938069 0.386576 5.6848 0.618412 0.179837 0.011546
461100 -3387.03236273 623.04488225 0.402484 5.6848 0.618412 0.179837 -0.019318
461200 -3361.34434023 606.61911379 0.391873 5.6848 0.618412 0.179837 0.001799
461300 -3363.87025434 610.74824894 0.394540 5.6848 0.618412 0.179837 0.017137
461400 -3382.53875895 625.43911329 0.404030 5.6848 0.618412 0.179837 -0.047037
461500 -3348.98763335 613.93907373 0.396601 5.6822 0.629482 0.185769 0.127516
461600 -3359.85149259 666.21677376 0.430373 5.6822 0.629482 0.185769 0.066989
461700 -3350.40210593 620.83208171 0.401054 5.6822 0.629482 0.185769 0.077939
461800 -3355.07708609 614.94497362 0.397251 5.6822 0.629482 0.185769 0.079006
461900 -3353.67702339 623.23572009 0.402607 5.6822 0.629482 0.185769 0.002738
462000 -3361.09135580 623.36266708 0.402689 5.6512 0.631225 0.186750 0.035365
462100 -3380.07547973 621.51861508 0.401498 5.6512 0.631225 0.186750 0.018502
462200 -3358.58698853 631.77007218 0.408120 5.6512 0.631225 0.186750 0.167798
462300 -3370.63463122 625.49003475 0.404063 5.6512 0.631225 0.186750 0.049070
462400 -3351.37084551 609.08110510 0.393463 5.6512 0.631225 0.186750 0.111843
462500 -3382.62650215 637.28232071 0.411681 5.6848 0.624531 0.177835 -0.125759
462600 -3348.37525171 619.63017823 0.400278 5.6848 0.624531 0.177835 0.052046
462700 -3365.65536013 638.68482391 0.412587 5.6848 0.624531 0.177835 0.027960
462800 -3357.78263577 624.02268609 0.403115 5.6848 0.624531 0.177835 0.107089
462900 -3386.16158954 636.99542791 0.411496 5.6848 0.624531 0.177835 -0.024379
463000 -3366.28669872 629.30353887 0.406527 5.7041 0.617883 0.182027 0.011188
463100 -3372.40824023 597.39069630 0.385911 5.7041 0.617883 0.182027 -0.027451
463200 -3373.41899121 595.09696614 0.384430 5.7041 0.617883 0.182027 -0.092911
463300 -3388.27872188 611.94597226 0.395314 5.7041 0.617883 0.182027 -0.051425
463400 -3394.41317123 600.97984848 0.388230 5.7041 0.617883 0.182027 -0.032444
463500 -3391.99841821 612.33814977 0.395567 5.6796 0.624746 0.180404 -0.059882
463600 -3400.50491738 606.06107762 0.391512 5.6796 0.624746 0.180404 -0.022709
463700 -3420.90096469 593.09996341 0.383140 5.6796 0.624746 0.180404 -0.055103
463800 -3424.78868083 611.68795899 0.395147 5.6796 0.624746 0.180404 -0.045991
463900 -3415.64011824 606.44696801 0.391762 5.6796 0.624746 0.180404 -0.010400
464000 -3405.72421146 628.04806687 0.405716 5.6667 0.645544 0.176834 0.025309
464100 -3386.61109329 598.38683161 0.386555 5.6667 0.645544 0.176834 0.036174
464200 -3383.32450244 608.33702248 0.392983 5.6667 0.645544 0.176834 -0.004306
464300 -3393.70858739 620.91726389 0.401109 5.6667 0.645544 0.176834 -0.084570
464400 -3388.73199952 625.61144193 0.404142 5.6667 0.645544 0.176834 -0.043621
464500 -3394.35280711 620.70136372 0.400970 5.7028 0.628319 0.177345 -0.009847
464600 -3396.37777483 614.74532736 0.397122 5.7028 0.628319 0.177345 -0.029631
464700 -3389.00819343 621.99786395 0.401807 5.7028 0.628319 0.177345 0.022360
464800 -3396.05120669 620.66246146 0.400945 5.7028 0.628319 0.177345 -0.009807
464900 -3377.65044253 613.47729286 0.396303 5.7028 0.628319 0.177345 0.093913
465000 -3384.62762176 625.39498089 0.404002 5.6615 0.635034 0.182428 0.010207
465100 -3387.76593838 643.37003799 0.415614 5.6615 0.635034 0.182428 0.035876
465200 -3395.84417278 649.96867573 0.419876 5.6615 0.635034 0.182428 0.022410
465300 -3390.76154383 613.42472430 0.396269 5.6615 0.635034 0.182428 0.042389
465400 -3400.11139027 628.80715775 0.406206 5.6615 0.635034 0.182428 -0.050324
465500 -3403.59534579 614.91906048 0.397235 5.6744 0.640422 0.177205 -0.093778
465600 -3390.17371804 596.35531008 0.385242 5.6744 0.640422 0.177205 0.039069
465700 -3402.41559945 608.82886867 0.393300 5.6744 0.640422 0.177205 0.016568
465800 -3393.35069671 639.74000788 0.413269 5.6744 0.640422 0.177205 0.013354
465900 -3388.89420245 634.75663025 0.410050 5.6744 0.640422 0.177205 0.120641
466000 -3423.65052270 632.54967838 0.408624 5.7028 0.636562 0.176575 -0.099240
466100 -3400.23696535 611.34892452 0.394928 5.7028 0.636562 0.176575 0.033177
466200 -3406.48705164 642.61003133 0.415123 5.7028 0.636562 0.176575 0.006365
466300 -3385.64259618 626.70566735 0.404849 5.7028 0.636562 0.176575 0.062948
466400 -3395.46149477 611.99922500 0.395348 5.7028 0.636562 0.176575 -0.034571
466500 -3395.03143347 613.26299091 0.396165 5.6938 0.625105 0.177951 -0.068629
466600 -3390.65650919 620.58620356 0.400895 5.6938 0.625105 0.177951 -0.025284
466700 -3405.03836173 641.90104279 0.414665 5.6938 0.625105 0.177951 -0.077646
466800 -3367.96334220 605.96320896 0.391449 5.6938 0.625105 0.177951 0.037100
466900 -3360.77896437 639.74761522 0.413274 5.6938 0.625105 0.177951 0.100911
467000 -3389.35417618 652.74970263 0.421673 5.6783 0.630205 0.178805 -0.099546
467100 -3381.79031192 618.35669364 0.399455 5.6783 0.630205 0.178805 -0.036213
467200 -3391.49413148 623.92024054 0.403049 5.6783 0.630205 0.178805 -0.024886
467300 -3396.76053191 612.22198220 0.395492 5.6783 0.630205 0.178805 -0.014480
467400 -3400.32819204 605.13852340 0.390916 5.6783 0.630205 0.178805 -0.044193
467500 -3382.33518116 589.22890696 0.380639 5.6641 0.620259 0.180749 0.047897
467600 -3399.70081295 634.50630962 0.409888 5.6641 0.620259 0.180749 -0.012605
467700 -3402.95794405 601.38505946 0.388492 5.6641 0.620259 0.180749 -0.072962
467800 -3409.45102110 613.31753536 0.396200 5.6641 0.620259 0.180749 -0.053411
467900 -3388.75105479 589.16581668 0.380598 5.6641 0.620259 0.180749 -0.047829
468000 -3387.95523399 597.32877763 0.385871 5.6344 0.652865 0.180892 -0.009166
468100 -3371.00919280 617.63613050 0.398990 5.6344 0.652865 0.180892 0.029559
468200 -3357.81833592 628.26242459 0.405854 5.6344 0.652865 0.180892 0.060619
468300 -3381.49434932 611.56885802 0.395070 5.6344 0.652865 0.180892 -0.040795
468400 -3369.22881141 589.67116680 0.380925 5.6344 0.652865 0.180892 -0.039429
468500 -3360.85883208 616.43492881 0.398214 5.6473 0.621203 0.183069 0.003377
468600 -3366.14191608 617.75010541 0.399063 5.6473 0.621203 0.183069 0.041710
468700 -3358.04433013 622.85027089 0.402358 5.6473 0.621203 0.183069 0.040428
468800 -3351.74275565 600.00956333 0.387603 5.6473 0.621203 0.183069 0.076421
468900 -3381.74276364 619.40824530 0.400135 5.6473 0.621203 0.183069 -0.050326
469000 -3379.02974272 619.78216609 0.400376 5.6848 0.610141 0.185159 -0.075315
469100 -3387.35882735 590.09791299 0.381200 5.6848 0.610141 0.185159 -0.095408
469200 -3392.70083034 595.66288461 0.384795 5.6848 0.610141 0.185159 -0.136657
469300 -3368.12844628 631.46520312 0.407923 5.6848 0.610141 0.185159 0.046374
469400 -3403.75377235 662.20989794 0.427784 5.6848 0.610141 0.185159 -0.089259
469500 -3381.13390523 616.39401009 0.398187 5.6615 0.645933 0.182577 -0.032227
469600 -3385.59742972 620.30882349 0.400716 5.6615 0.645933 0.182577 0.026415
469700 -3367.22645128 649.92617995 0.419849 5.6615 0.645933 0.182577 0.076765
469800 -3370.59745161 627.43588769 0.405320 5.6615 0.645933 0.182577 0.056145
469900 -3375.57592046 628.92816271 0.406284 5.6615 0.645933 0.182577 0.083973
470000 -3373.76604138 623.40484283 0.402716 5.7054 0.608823 0.180237 0.006371
470100 -3401.46157244 630.82732017 0.407511 5.7054 0.608823 0.180237 0.012112
470200 -3385.21743106 626.09599882 0.404455 5.7054 0.608823 0.180237 0.043692
470300 -3401.62507628 612.06971241 0.395394 5.7054 0.608823 0.180237 -0.046498
470400 -3357.65268772 591.27091333 0.381958 5.7054 0.608823 0.180237 0.081308
470500 -3372.99827754 623.57851631 0.402828 5.6951 0.608173 0.179072 0.030113
470600 -3362.43087268 608.53254371 0.393109 5.6951 0.608173 0.179072 0.052627
470700 -3390.94851000 609.39835892 0.393668 5.6951 0.608173 0.179072 -0.078361
470800 -3391.73834947 606.84924390 0.392021 5.6951 0.608173 0.179072 -0.066206
470900 -3385.44672826 600.72240383 0.388064 5.6951 0.608173 0.179072 0.053050
471000 -3394.59990762 602.41118893 0.389155 5.6641 0.626871 0.186111 -0.007858
471100 -3401.00768687 631.76841157 0.408119 5.6641 0.626871 0.186111 -0.042331
471200 -3371.92194810 615.79528605 0.397801 5.6641 0.626871 0.186111 0.056706
471300 -3386.98647795 606.42344061 0.391746 5.6641 0.626871 0.186111 0.015842
471400 -3410.58257743 637.74691287 0.411981 5.6641 0.626871 0.186111 -0.082196
471500 -3400.20426852 632.23232302 0.408419 5.6641 0.638603 0.181818 -0.033369
471600 -3394.23999459 627.17571140 0.405152 5.6641 0.638603 0.181818 -0.112762
471700 -3413.53806530 613.60871010 0.396388 5.6641 0.638603 0.181818 -0.055348
471800 -3410.66100177 618.44385012 0.399512 5.6641 0.638603 0.181818 -0.081715
471900 -3402.00450010 614.27529119 0.396819 5.6641 0.638603 0.181818 0.019971
472000 -3410.46251567 591.44638108 0.382071 5.6757 0.622523 0.183720 -0.043069
472100 -3408.71830749 600.60259820 0.387986 5.6757 0.622523 0.183720 -0.034919
472200 -3393.48578076 594.65647440 0.384145 5.6757 0.622523 0.183720 0.037262
472300 -3420.32549126 610.75749922 0.394546 5.6757 0.622523 0.183720 -0.039835
472400 -3389.87706377 611.15207723 0.394801 5.6757 0.622523 0.183720 0.074893
472500 -3413.40482342 639.04127063 0.412817 5.7364 0.631917 0.172576 -0.080555
472600 -3409.60536700 615.19658886 0.397414 5.7364 0.631917 0.172576 -0.042884
472700 -3410.77785091 634.90439631 0.410145 5.7364 0.631917 0.172576 0.063993
472800 -3396.16845090 620.73716499 0.400993 5.7364 0.631917 0.172576 0.112931
472900 -3391.74471645 609.63542461 0.393821 5.7364 0.631917 0.172576 0.108392
473000 -3397.34976384 629.34375766 0.406553 5.6925 0.621085 0.181065 0.026730
473100 -3394.83470766 643.70355040 0.415829 5.6925 0.621085 0.181065 0.029278
473200 -3397.15877189 624.94025738 0.403708 5.6925 0.621085 0.181065 0.013416
473300 -3392.11786085 606.61376755 0.391869 5.6925 0.621085 0.181065 -0.023228
473400 -3377.58111620 611.24267238 0.394860 5.6925 0.621085 0.181065 0.042046
473500 -3369.62594645 607.13215937 0.392204 5.7377 0.597933 0.179316 0.017417
473600 -3390.51058119 659.25730874 0.425877 5.7377 0.597933 0.179316 0.033792
473700 -3344.14096266 618.51977206 0.399561 5.7377 0.597933 0.179316 0.180852
473800 -3357.73964363 603.59420035 0.389919 5.7377 0.597933 0.179316 0.075985
473900 -3360.84071311 597.86329572 0.386217 5.7377 0.597933 0.179316 0.033589
474000 -3369.40649804 615.00580572 0.397291 5.7183 0.616948 0.179112 -0.056542
474100 -3351.60381538 621.63359359 0.401572 5.7183 0.616948 0.179112 0.032964
474200 -3374.02905149 609.44888248 0.393701 5.7183 0.616948 0.179112 -0.036810
474300 -3378.30777046 608.79508145 0.393278 5.7183 0.616948 0.179112 -0.057999
474400 -3369.61232916 628.59654000 0.406070 5.7183 0.616948 0.179112 0.045028
474500 -3367.58324847 605.53569595 0.391173 5.6770 0.625560 0.181620 0.016056
474600 -3382.65559233 618.16993812 0.399335 5.6770 0.625560 0.181620 -0.066548
474700 -3402.38567616 634.66398711 0.409990 5.6770 0.625560 0.181620 -0.076287
474800 -3390.11934683 624.79556860 0.403615 5.6770 0.625560 0.181620 -0.004829
474900 -3373.93069440 608.80725883 0.393286 5.6770 0.625560 0.181620 0.031942
475000 -3395.29323198 615.48223471 0.397598 5.6667 0.631750 0.181862 -0.028913
475100 -3398.35508012 597.17940760 0.385775 5.6667 0.631750 0.181862 -0.088897
475200 -3405.80360479 615.90283216 0.397870 5.6667 0.631750 0.181862 0.007757
475300 -3420.61952680 624.96241701 0.403722 5.6667 0.631750 0.181862 -0.027118
475400 -3415.92721207 636.00359917 0.410855 5.6667 0.631750 0.181862 -0.068409
475500 -3406.55701198 609.43069449 0.393689 5.6615 0.629530 0.184776 0.007582
475600 -3409.36373873 613.49666402 0.396316 5.6615 0.629530 0.184776 -0.067135
475700 -3428.01742634 631.42673183 0.407898 5.6615 0.629530 0.184776 -0.071984
475800 -3390.98623001 628.79653248 0.406199 5.6615 0.629530 0.184776 0.067224
475900 -3402.31616117 607.68848479 0.392564 5.6615 0.629530 0.184776 0.029962
476000 -3402.53532378 606.63065339 0.391880 5.6460 0.637933 0.182592 0.075919
476100 -3416.86919103 622.95117273 0.402423 5.6460 0.637933 0.182592 -0.030684
476200 -3412.42305172 605.04520434 0.390856 5.6460 0.637933 0.182592 0.027392
476300 -3416.58667054 603.63521146 0.389945 5.6460 0.637933 0.182592 -0.004833
476400 -3396.78087997 594.47904704 0.384030 5.6460 0.637933 0.182592 0.024350
476500 -3404.40231518 605.18541020 0.390947 5.7016 0.632444 0.173975 -0.130299
476600 -3412.70659560 625.05954107 0.403785 5.7016 0.632444 0.173975 -0.043963
476700 -3404.96372911 632.30068111 0.408463 5.7016 0.632444 0.173975 0.024116
476800 -3402.38868353 634.83764093 0.410102 5.7016 0.632444 0.173975 -0.049137
476900 -3385.98359446 615.75266894 0.397773 5.7016 0.632444 0.173975 0.083933
477000 -3392.58030193 621.65774920 0.401588 5.6783 0.618941 0.181964 0.082568
477100 -3387.77979135 655.48728344 0.423441 5.6783 0.618941 0.181964 -0.002613
477200 -3381.89793980 626.96415600 0.405016 5.6783 0.618941 0.181964 -0.042362
477300 -3371.60145434 623.27372038 0.402632 5.6783 0.618941 0.181964 0.041905
477400 -3377.42609471 635.57657975 0.410579 5.6783 0.618941 0.181964 0.057256
477500 -3361.52913698 615.55141568 0.397643 5.6705 0.609705 0.182783 0.047443
477600 -3374.78081215 600.83291603 0.388135 5.6705 0.609705 0.182783 -0.007052
477700 -3383.43238719 607.91205625 0.392708 5.6705 0.609705 0.182783 -0.020660
477800 -3389.64259811 601.48465015 0.388556 5.6705 0.609705 0.182783 -0.056649
477900 -3399.09958504 623.97389411 0.403084 5.6705 0.609705 0.182783 -0.036050
478000 -3396.89239246 602.69412075 0.389337 5.6731 0.627678 0.181768 -0.056662
478100 -3390.74185014 606.21744511 0.391613 5.6731 0.627678 0.181768 -0.075837
478200 -3396.55404281 645.84050341 0.417210 5.6731 0.627678 0.181768 -0.023104
478300 -3385.12622210 620.45580282 0.400811 5.6731 0.627678 0.181768 0.020061
478400 -3391.73803388 607.29891657 0.392312 5.6731 0.627678 0.181768 0.051347
478500 -3407.65758151 600.96511971 0.388220 5.7080 0.633290 0.178749 -0.037520
478600 -3411.84129823 608.95991088 0.393385 5.7080 0.633290 0.178749 -0.061384
478700 -3414.63179130 627.24588735 0.405198 5.7080 0.633290 0.178749 -0.069892
478800 -3400.14618494 640.17237233 0.413548 5.7080 0.633290 0.178749 0.006442
478900 -3384.25055673 634.19074401 0.409684 5.7080 0.633290 0.178749 0.085340
479000 -3391.35463548 611.01699503 0.394714 5.6990 0.623537 0.182206 -0.044446
479100 -3392.57755375 608.55145533 0.393121 5.6990 0.623537 0.182206 -0.009071
479200 -3395.27891741 613.57495387 0.396366 5.6990 0.623537 0.182206 0.062035
479300 -3395.06571912 631.15195255 0.407721 5.6990 0.623537 0.182206 -0.014912
479400 -3396.60420545 640.86921779 0.413998 5.6990 0.623537 0.182206 -0.071247
479500 -3404.38595617 625.28237901 0.403929 5.7080 0.637134 0.175782 -0.065129
479600 -3403.38636828 618.31960375 0.399431 5.7080 0.637134 0.175782 -0.019444
479700 -3419.50657108 618.55118518 0.399581 5.7080 0.637134 0.175782 -0.043126
479800 -3405.13152844 610.47203324 0.394362 5.7080 0.637134 0.175782 0.018363
479900 -3414.75057194 618.08991903 0.399283 5.7080 0.637134 0.175782 -0.042065
480000 -3415.06703799 620.21504841 0.400656 5.6770 0.642762 0.178808 -0.044473
480100 -3417.28557903 602.31178991 0.389090 5.6770 0.642762 0.178808 -0.144698
480200 -3403.11162338 621.91041416 0.401751 5.6770 0.642762 0.178808 -0.030604
480300 -3396.05033246 645.99371337 0.417309 5.6770 0.642762 0.178808 0.048053
480400 -3414.70707290 634.08868665 0.409618 5.6770 0.642762 0.178808 -0.050960
480500 -3425.68290985 619.74825050 0.400354 5.7067 0.636804 0.175557 -0.087465
480600 -3394.00072091 609.53356382 0.393756 5.7067 0.636804 0.175557 0.104639
480700 -3428.59604487 626.54824542 0.404747 5.7067 0.636804 0.175557 -0.088953
480800 -3438.77672133 649.10396114 0.419318 5.7067 0.636804 0.175557 -0.039505
480900 -3395.52833432 611.96009341 0.395323 5.7067 0.636804 0.175557 0.110269
481000 -3398.28301053 616.49976771 0.398256 5.6667 0.631305 0.186155 0.046931
481100 -3410.23528558 617.27603936 0.398757 5.6667 0.631305 0.186155 -0.041271
481200 -3398.66202502 620.52950463 0.400859 5.6667 0.631305 0.186155 0.001367
481300 -3401.48198788 597.65917004 0.386085 5.6667 0.631305 0.186155 -0.065681
481400 -3423.47418668 620.97999487 0.401150 5.6667 0.631305 0.186155 -0.128593
481500 -3391.90673898 601.37333457 0.388484 5.7028 0.638311 0.172371 0.069209
481600 -3411.10037168 633.79001016 0.409425 5.7028 0.638311 0.172371 -0.059094
481700 -3408.87976288 636.77996975 0.411357 5.7028 0.638311 0.172371 0.038490
481800 -3413.70323314 625.00448975 0.403750 5.7028 0.638311 0.172371 -0.050607
481900 -3408.92751381 631.39755619 0.407880 5.7028 0.638311 0.172371 -0.007413
482000 -3407.63751123 655.04841554 0.423158 5.6382 0.651352 0.181373 0.013605
482100 -3392.13655557 632.98152397 0.408903 5.6382 0.651352 0.181373 -0.016103
482200 -3393.68702465 655.84578105 0.423673 5.6382 0.651352 0.181373 0.013390
482300 -3400.84208192 616.52590293 0.398273 5.6382 0.651352 0.181373 -0.042292
482400 -3399.17384694 628.13137277 0.405770 5.6382 0.651352 0.181373 -0.068227
482500 -3389.08890171 619.38476743 0.400119 5.6912 0.623065 0.182359 0.058372
482600 -3403.84220537 635.20019915 0.410336 5.6912 0.623065 0.182359 -0.029707
482700 -3396.71578697 634.53115375 0.409904 5.6912 0.623065 0.182359 -0.023775
482800 -3406.60350625 619.72526167 0.400339 5.6912 0.623065 0.182359 -0.018918
482900 -3420.35779425 633.93832113 0.409521 5.6912 0.623065 0.182359 -0.024664
483000 -3447.04543348 636.72918136 0.411324 5.6615 0.648178 0.180612 -0.079121
483100 -3419.55705013 619.87073146 0.400433 5.6615 0.648178 0.180612 -0.010570
483200 -3428.47823164 609.02152096 0.393425 5.6615 0.648178 0.180612 -0.030674
483300 -3422.20864663 604.60812716 0.390574 5.6615 0.648178 0.180612 -0.016065
483400 -3415.62616919 623.85860864 0.403009 5.6615 0.648178 0.180612 0.044137
483500 -3388.97494797 610.50375042 0.394382 5.6680 0.632910 0.182111 0.126807
483600 -3390.94745678 608.30525106 0.392962 5.6680 0.632910 0.182111 0.114080
483700 -3385.97003062 617.50239591 0.398903 5.6680 0.632910 0.182111 0.064120
483800 -3357.49406889 627.95655839 0.405657 5.6680 0.632910 0.182111 0.199689
483900 -3365.11166227 630.29789163 0.407169 5.6680 0.632910 0.182111 0.032593
484000 -3376.11071018 621.13531728 0.401250 5.7093 0.616300 0.184364 -0.048750
484100 -3379.11727285 604.78391015 0.390687 5.7093 0.616300 0.184364 -0.019912
484200 -3403.48128311 610.18904524 0.394179 5.7093 0.616300 0.184364 -0.080574
484300 -3396.65134980 601.16968974 0.388353 5.7093 0.616300 0.184364 -0.059086
484400 -3402.05745173 595.20853729 0.384502 5.7093 0.616300 0.184364 -0.085851
484500 -3404.61796600 594.05191849 0.383754 5.7016 0.633056 0.180454 -0.058868
484600 -3409.62690397 601.19983752 0.388372 5.7016 0.633056 0.180454 -0.028432
484700 -3399.99762935 626.28922057 0.404580 5.7016 0.633056 0.180454 0.011557
484800 -3412.92525375 639.15471516 0.412891 5.7016 0.633056 0.180454 -0.005943
484900 -3386.97823320 626.19554871 0.404519 5.7016 0.633056 0.180454 0.123535
485000 -3393.96243618 616.57633026 0.398305 5.6770 0.625420 0.180877 0.071601
485100 -3376.43409636 594.99787452 0.384366 5.6770 0.625420 0.180877 0.062420
485200 -3403.37067056 598.44414505 0.386592 5.6770 0.625420 0.180877 0.008007
485300 -3419.78067945 607.37888494 0.392364 5.6770 0.625420 0.180877 0.057619
485400 -3419.74897017 618.55587130 0.399584 5.6770 0.625420 0.180877 -0.048508
485500 -3401.89679271 599.18440084 0.387070 5.7209 0.631619 0.178111 0.048703
485600 -3401.10077848 595.49804478 0.384689 5.7209 0.631619 0.178111 0.005661
485700 -3424.97420139 592.77993468 0.382933 5.7209 0.631619 0.178111 -0.065712
485800 -3430.13819018 576.81655675 0.372621 5.7209 0.631619 0.178111 -0.078046
485900 -3440.01719809 587.09300965 0.379259 5.7209 0.631619 0.178111 -0.054356
486000 -3434.39790797 609.80825306 0.393933 5.6977 0.634281 0.178545 0.038293
486100 -3444.92183554 624.04500462 0.403130 5.6977 0.634281 0.178545 0.058535
486200 -3435.96843602 639.30610788 0.412988 5.6977 0.634281 0.178545 0.058259
486300 -3432.78416848 621.68438038 0.401605 5.6977 0.634281 0.178545 0.002385
486400 -3435.37275865 591.57366132 0.382154 5.6977 0.634281 0.178545 -0.014623
486500 -3454.65826007 598.46039506 0.386602 5.6693 0.659046 0.177648 -0.082896
486600 -3420.73011202 623.48265733 0.402767 5.6693 0.659046 0.177648 -0.002944
486700 -3453.32948579 654.37620950 0.422724 5.6693 0.659046 0.177648 0.014994
486800 -3446.89167887 635.10845749 0.410277 5.6693 0.659046 0.177648 0.107653
486900 -3433.55876123 613.87732622 0.396562 5.6693 0.659046 0.177648 -0.007932
487000 -3445.86711827 607.99526887 0.392762 5.6641 0.655397 0.176397 -0.047319
487100 -3428.66919112 599.33150043 0.387165 5.6641 0.655397 0.176397 0.016164
487200 -3422.17367806 614.84408216 0.397186 5.6641 0.655397 0.176397 0.027195
487300 -3412.15891840 602.55489643 0.389247 5.6641 0.655397 0.176397 -0.077772
487400 -3426.60604089 564.61823839 0.364740 5.6641 0.655397 0.176397 -0.098785
487500 -3424.55367932 600.79728309 0.388112 5.6873 0.637880 0.179844 0.081401
487600 -3426.63614417 616.28324133 0.398116 5.6873 0.637880 0.179844 0.013435
487700 -3437.84299404 614.54644631 0.396994 5.6873 0.637880 0.179844 -0.055827
487800 -3430.57437281 629.54228287 0.406681 5.6873 0.637880 0.179844 -0.009492
487900 -3416.73329366 625.08456696 0.403801 5.6873 0.637880 0.179844 0.013653
488000 -3416.55353412 618.76793037 0.399721 5.7067 0.640593 0.176657 0.046218
488100 -3430.08408366 630.28759965 0.407163 5.7067 0.640593 0.176657 0.018578
488200 -3421.44371911 603.28527759 0.389719 5.7067 0.640593 0.176657 0.014341
488300 -3431.31832568 611.82273553 0.395234 5.7067 0.640593 0.176657 -0.079188
488400 -3453.63322294 629.28864888 0.406517 5.7067 0.640593 0.176657 -0.035877
488500 -3429.27089723 608.33783879 0.392983 5.6680 0.642814 0.180070 0.078411
488600 -3417.96910681 580.99702590 0.375321 5.6680 0.642814 0.180070 0.131811
488700 -3447.80633492 620.20804597 0.400651 5.6680 0.642814 0.180070 -0.087709
488800 -3430.93329047 618.04246458 0.399252 5.6680 0.642814 0.180070 -0.053390
488900 -3446.11937273 630.01082647 0.406984 5.6680 0.642814 0.180070 -0.080391
489000 -3426.76405612 606.79373642 0.391986 5.6809 0.642457 0.179201 0.056885
489100 -3426.32867399 636.95623532 0.411470 5.6809 0.642457 0.179201 -0.008447
489200 -3415.85459887 623.22021814 0.402597 5.6809 0.642457 0.179201 0.079200
489300 -3431.85101429 616.50531881 0.398259 5.6809 0.642457 0.179201 0.010749
489400 -3430.35922515 621.44736904 0.401452 5.6809 0.642457 0.179201 0.036687
489500 -3400.55303824 594.73783297 0.384198 5.6899 0.641761 0.176348 0.113064
489600 -3430.80453711 632.52542835 0.408608 5.6899 0.641761 0.176348 -0.035553
489700 -3411.57091505 619.57827352 0.400244 5.6899 0.641761 0.176348 0.077228
489800 -3430.05095866 633.31983647 0.409121 5.6899 0.641761 0.176348 -0.037212
489900 -3426.37721946 609.28372949 0.393594 5.6899 0.641761 0.176348 0.063411
490000 -3446.42334840 622.58247063 0.402185 5.6886 0.659235 0.176874 -0.031221
490100 -3423.84506161 596.76296248 0.385506 5.6886 0.659235 0.176874 0.081838
490200 -3422.44325303 612.48494301 0.395662 5.6886 0.659235 0.176874 0.078570
490300 -3431.44660026 627.02158744 0.405053 5.6886 0.659235 0.176874 0.040220
490400 -3446.15495658 626.97862856 0.405025 5.6886 0.659235 0.176874 -0.032302
490500 -3429.02071293 622.73606194 0.402284 5.6628 0.657926 0.177860 0.069099
490600 -3397.51136325 592.87589828 0.382995 5.6628 0.657926 0.177860 0.133273
490700 -3414.56478776 597.36300542 0.385893 5.6628 0.657926 0.177860 0.026267
490800 -3430.57810987 627.09404413 0.405100 5.6628 0.657926 0.177860 -0.055181
490900 -3417.36088245 604.33971939 0.390400 5.6628 0.657926 0.177860 -0.026559
491000 -3418.95508547 592.42311249 0.382702 5.6654 0.627751 0.181032 -0.012425
491100 -3443.66920806 607.04439308 0.392148 5.6654 0.627751 0.181032 -0.055934
491200 -3423.72516344 601.25971592 0.388411 5.6654 0.627751 0.181032 0.013018
491300 -3440.75550282 624.49453679 0.403420 5.6654 0.627751 0.181032 -0.094713
491400 -3404.42508985 611.98760731 0.395341 5.6654 0.627751 0.181032 0.026268
491500 -3405.55945243 614.17527251 0.396754 5.7003 0.635405 0.176928 -0.055454
491600 -3409.85688795 606.32885104 0.391685 5.7003 0.635405 0.176928 -0.016734
491700 -3411.46013574 601.82489283 0.388776 5.7003 0.635405 0.176928 0.018418
491800 -3447.06151224 595.68226465 0.384808 5.7003 0.635405 0.176928 -0.074581
491900 -3432.29644480 601.62984814 0.388650 5.7003 0.635405 0.176928 0.007941
492000 -3438.61860951 606.45425054 0.391766 5.6499 0.633671 0.180537 -0.037228
492100 -3444.15529925 632.22416250 0.408414 5.6499 0.633671 0.180537 -0.029564
492200 -3453.60651423 615.57561478 0.397659 5.6499 0.633671 0.180537 -0.007325
492300 -3426.42215477 603.77584021 0.390036 5.6499 0.633671 0.180537 0.078825
492400 -3446.73420772 639.85709504 0.413344 5.6499 0.633671 0.180537 -0.014804
492500 -3420.64523984 601.27898418 0.388423 5.6486 0.643354 0.183823 0.016958
492600 -3434.34787490 618.11692229 0.399300 5.6486 0.643354 0.183823 0.000613
492700 -3426.87707615 630.00265122 0.406978 5.6486 0.643354 0.183823 0.104771
492800 -3426.24258303 616.01110574 0.397940 5.6486 0.643354 0.183823 0.014198
492900 -3400.83972813 592.44665042 0.382717 5.6486 0.643354 0.183823 0.101073
493000 -3431.35522905 622.52792727 0.402150 5.6835 0.627876 0.177254 -0.049757
493100 -3399.00586220 623.47004122 0.402758 5.6835 0.627876 0.177254 0.132473
493200 -3434.16620218 621.53027827 0.401505 5.6835 0.627876 0.177254 -0.000781
493300 -3411.89540680 624.30751429 0.403299 5.6835 0.627876 0.177254 0.083340
493400 -3386.50475445 657.18332842 0.424537 5.6835 0.627876 0.177254 0.117083
493500 -3410.89803105 623.16396313 0.402561 5.6589 0.626050 0.179180 0.146857
493600 -3397.23196068 580.26009102 0.374845 5.6589 0.626050 0.179180 0.100961
493700 -3403.11882691 608.40986097 0.393030 5.6589 0.626050 0.179180 0.044757
493800 -3417.31680408 616.47181308 0.398238 5.6589 0.626050 0.179180 0.009436
493900 -3402.84612559 588.78470255 0.380352 5.6589 0.626050 0.179180 0.080112
494000 -3425.89907708 595.55288729 0.384724 5.6770 0.622655 0.179390 -0.018845
494100 -3421.13753333 611.48358798 0.395015 5.6770 0.622655 0.179390 -0.014686
494200 -3429.72919181 616.07774868 0.397983 5.6770 0.622655 0.179390 -0.016112
494300 -3412.48478827 625.08277811 0.403800 5.6770 0.622655 0.179390 0.057724
494400 -3409.68747733 617.89780552 0.399159 5.6770 0.622655 0.179390 -0.002125
494500 -3396.30068972 616.03643245 0.397956 5.7041 0.637975 0.177178 0.073979
494600 -3386.01810163 639.65767480 0.413216 5.7041 0.637975 0.177178 0.096960
494700 -3392.82847908 626.11637577 0.404468 5.7041 0.637975 0.177178 -0.018210
494800 -3407.55056849 628.56222710 0.406048 5.7041 0.637975 0.177178 -0.072891
494900 -3386.58560005 601.53766904 0.388590 5.7041 0.637975 0.177178 0.042089
495000 -3388.30397269 598.73572437 0.386780 5.6809 0.634808 0.178866 -0.010311
495100 -3395.17836850 613.22662093 0.396141 5.6809 0.634808 0.178866 0.075007
495200 -3424.34018722 633.37562525 0.409157 5.6809 0.634808 0.178866 -0.091818
495300 -3407.03247376 584.74164186 0.377740 5.6809 0.634808 0.178866 0.043782
495400 -3404.04996870 598.75114382 0.386790 5.6809 0.634808 0.178866 -0.000744
495500 -3416.52146656 606.20117146 0.391603 5.6537 0.638439 0.183401 0.004010
495600 -3386.81515163 624.87721642 0.403667 5.6537 0.638439 0.183401 0.040416
495700 -3390.14127666 624.01684033 0.403112 5.6537 0.638439 0.183401 -0.004508
495800 -3376.43050499 618.93214677 0.399827 5.6537 0.638439 0.183401 0.106945
495900 -3391.90464517 641.41241277 0.414349 5.6537 0.638439 0.183401 -0.017475
496000 -3392.37986892 633.12913632 0.408998 5.6809 0.627311 0.180612 -0.038596
496100 -3385.51850384 625.51524821 0.404080 5.6809 0.627311 0.180612 0.022490
496200 -3411.30565289 626.34540339 0.404616 5.6809 0.627311 0.180612 -0.052978
496300 -3393.84783609 619.47082497 0.400175 5.6809 0.627311 0.180612 -0.006035
496400 -3376.90476674 638.35850335 0.412376 5.6809 0.627311 0.180612 0.150057
496500 -3377.57599837 613.94760594 0.396607 5.6899 0.626331 0.180653 0.076310
496600 -3400.44322519 651.78676313 0.421051 5.6899 0.626331 0.180653 -0.067741
496700 -3391.79098929 626.77027121 0.404890 5.6899 0.626331 0.180653 -0.005306
496800 -3379.18958887 615.64731112 0.397705 5.6899 0.626331 0.180653 -0.024170
496900 -3388.80036176 621.27988586 0.401344 5.6899 0.626331 0.180653 0.003493
497000 -3377.66150394 621.45166893 0.401455 5.6550 0.630453 0.187791 0.039465
497100 -3360.35051555 626.32817269 0.404605 5.6550 0.630453 0.187791 0.105372
497200 -3375.98516439 600.92375293 0.388194 5.6550 0.630453 0.187791 0.040821
497300 -3371.45228529 629.08039941 0.406383 5.6550 0.630453 0.187791 0.087158
497400 -3374.54515910 623.27693065 0.402634 5.6550 0.630453 0.187791 0.052507
497500 -3370.30569939 604.17462992 0.390294 5.7016 0.619130 0.182584 -0.003679
497600 -3380.19585103 619.14163483 0.399962 5.7016 0.619130 0.182584 -0.012096
497700 -3374.27741443 640.48407359 0.413749 5.7016 0.619130 0.182584 -0.007791
497800 -3380.03060645 637.67753425 0.411936 5.7016 0.619130 0.182584 -0.046236
497900 -3379.58716586 605.94172972 0.391435 5.7016 0.619130 0.182584 -0.001420
498000 -3389.89527563 608.16659781 0.392872 5.6731 0.639241 0.179467 -0.021898
498100 -3380.76700488 607.96735949 0.392744 5.6731 0.639241 0.179467 0.006200
498200 -3383.87380153 614.00471988 0.396644 5.6731 0.639241 0.179467 -0.089545
498300 -3372.73463434 613.25620860 0.396160 5.6731 0.639241 0.179467 0.082338
498400 -3374.35809391 602.33427656 0.389105 5.6731 0.639241 0.179467 -0.014644
498500 -3357.32193537 617.41898090 0.398849 5.6796 0.620970 0.183100 0.050813
498600 -3392.72689720 637.53853004 0.411847 5.6796 0.620970 0.183100 -0.109789
498700 -3379.70411213 591.64792841 0.382202 5.6796 0.620970 0.183100 -0.042116
498800 -3370.01697788 603.62257944 0.389937 5.6796 0.620970 0.183100 0.050276
498900 -3383.60261619 617.92115659 0.399174 5.6796 0.620970 0.183100 -0.014620
499000 -3378.25717807 630.03293638 0.406998 5.6770 0.615835 0.185998 0.072884
499100 -3361.68547209 617.13921932 0.398669 5.6770 0.615835 0.185998 0.096805
499200 -3379.67050175 624.41463473 0.403369 5.6770 0.615835 0.185998 -0.006445
499300 -3395.59203464 604.97351217 0.390810 5.6770 0.615835 0.185998 -0.082607
499400 -3416.41653161 612.63382010 0.395758 5.6770 0.615835 0.185998 -0.156464
499500 -3407.88003855 612.45676821 0.395644 5.6628 0.645603 0.177057 -0.083383
499600 -3390.58398496 605.81561482 0.391354 5.6628 0.645603 0.177057 0.016510
499700 -3411.08732518 653.92511368 0.422432 5.6628 0.645603 0.177057 -0.111011
499800 -3403.00065360 603.91721909 0.390127 5.6628 0.645603 0.177057 -0.121151
499900 -3422.89314436 620.53973505 0.400865 5.6628 0.645603 0.177057 -0.126036
