# MD run at T = 0.440000
# input   = perfect_Sigma39_theta32.2042deg.dat
# seed    = 8000029
# N_atoms = 1560
# barostat= 1  P_target = 0.0000
# columns : step PE KE T_inst coord psi6 psi4 P
0 -4906.51282216 674.11528450 0.432125 6.0000 0.999717 0.004244 0.419687
100 -4458.15339950 481.19732792 0.308460 6.0000 0.999717 0.004244 1.541653
200 -4382.52257741 549.02833793 0.351941 6.0000 0.999717 0.004244 1.202692
300 -4303.10489719 582.62510646 0.373478 6.0000 0.999717 0.004244 1.038279
400 -4263.47639590 615.92720815 0.394825 6.0000 0.999717 0.004244 0.813544
500 -4192.59520677 600.02347714 0.384630 5.9974 0.881397 0.085471 0.761608
600 -4154.56793706 646.83413329 0.414637 5.9974 0.881397 0.085471 0.676414
700 -4127.05409106 650.02352950 0.416682 5.9974 0.881397 0.085471 0.543273
800 -4110.51036605 635.49937704 0.407371 5.9974 0.881397 0.085471 0.413067
900 -4079.84488681 668.69155150 0.428648 5.9974 0.881397 0.085471 0.410764
1000 -4037.29035449 670.98078039 0.430116 5.9872 0.843789 0.100128 0.468580
1100 -4051.38413762 684.75498784 0.438946 5.9872 0.843789 0.100128 0.247881
1200 -4017.08910632 683.08752904 0.437877 5.9872 0.843789 0.100128 0.276055
1300 -3994.14998284 691.02909474 0.442967 5.9872 0.843789 0.100128 0.262512
1400 -3983.26412823 673.20114731 0.431539 5.9872 0.843789 0.100128 0.253793
1500 -3968.87547789 689.66316765 0.442092 5.9795 0.819980 0.106825 0.213832
1600 -3965.17659773 678.67248085 0.435046 5.9795 0.819980 0.106825 0.153878
1700 -3949.90085466 694.22860595 0.445018 5.9795 0.819980 0.106825 0.146996
1800 -3927.99369119 665.40436388 0.426541 5.9795 0.819980 0.106825 0.198054
1900 -3914.72768532 683.74226372 0.438296 5.9795 0.819980 0.106825 0.199138
2000 -3933.04214917 666.74534778 0.427401 5.9628 0.811262 0.113549 0.029864
2100 -3923.78682105 664.00532955 0.425644 5.9628 0.811262 0.113549 0.043498
2200 -3926.82204589 662.35103754 0.424584 5.9628 0.811262 0.113549 0.028450
2300 -3933.42577064 646.26931482 0.414275 5.9628 0.811262 0.113549 0.009156
2400 -3926.79913201 661.35281029 0.423944 5.9628 0.811262 0.113549 0.005634
2500 -3914.39380266 663.77116019 0.425494 5.9667 0.809611 0.111829 0.044295
2600 -3908.53073983 676.33425107 0.433548 5.9667 0.809611 0.111829 0.065415
2700 -3903.83271761 681.48129265 0.436847 5.9667 0.809611 0.111829 0.076981
2800 -3914.99944822 711.33149400 0.455982 5.9667 0.809611 0.111829 0.004917
2900 -3887.42562101 675.80021870 0.433205 5.9667 0.809611 0.111829 0.085165
3000 -3888.04088517 712.96028943 0.457026 5.9654 0.808577 0.112473 0.087882
3100 -3886.97486662 705.39271506 0.452175 5.9654 0.808577 0.112473 0.048061
3200 -3866.43972686 659.67787799 0.422870 5.9654 0.808577 0.112473 0.121532
3300 -3878.06355383 673.06082096 0.431449 5.9654 0.808577 0.112473 0.090243
3400 -3875.10008613 669.09413127 0.428906 5.9654 0.808577 0.112473 0.089096
3500 -3851.20779980 668.81718637 0.428729 5.9397 0.792712 0.122275 0.175254
3600 -3881.80395196 691.52250364 0.443284 5.9397 0.792712 0.122275 -0.041014
3700 -3846.03202782 690.10755491 0.442377 5.9397 0.792712 0.122275 0.090546
3800 -3855.50070588 670.39390883 0.429740 5.9397 0.792712 0.122275 0.060893
3900 -3843.37933562 682.32677724 0.437389 5.9397 0.792712 0.122275 0.147934
4000 -3851.94980643 708.38338762 0.454092 5.9500 0.779856 0.121653 0.050928
4100 -3852.07170104 708.95634654 0.454459 5.9500 0.779856 0.121653 -0.010142
4200 -3814.58171806 657.87334891 0.421714 5.9500 0.779856 0.121653 0.140209
4300 -3814.37892581 671.97899215 0.430756 5.9500 0.779856 0.121653 0.158951
4400 -3838.57565540 673.56427576 0.431772 5.9500 0.779856 0.121653 0.047824
4500 -3829.30992379 671.50192849 0.430450 5.9423 0.772748 0.124205 0.058946
4600 -3830.38928202 653.65300546 0.419008 5.9423 0.772748 0.124205 0.005584
4700 -3807.24925492 665.47041612 0.426584 5.9423 0.772748 0.124205 0.096649
4800 -3828.89092491 670.67561030 0.429920 5.9423 0.772748 0.124205 0.047681
4900 -3823.29432212 665.32337950 0.426489 5.9423 0.772748 0.124205 0.039171
5000 -3823.17931517 691.82015018 0.443474 5.9346 0.761955 0.124169 -0.007123
5100 -3785.68398976 668.00076147 0.428206 5.9346 0.761955 0.124169 0.155163
5200 -3816.13649285 673.71690512 0.431870 5.9346 0.761955 0.124169 0.019124
5300 -3819.27369028 648.10020006 0.415449 5.9346 0.761955 0.124169 -0.008030
5400 -3837.24595119 645.59469541 0.413843 5.9346 0.761955 0.124169 -0.079919
5500 -3827.86321123 695.75189999 0.445995 5.9513 0.779930 0.121065 -0.004906
5600 -3802.27173009 665.89867087 0.426858 5.9513 0.779930 0.121065 0.151295
5700 -3823.68185249 685.20453977 0.439234 5.9513 0.779930 0.121065 0.035026
5800 -3821.25688988 678.24501700 0.434772 5.9513 0.779930 0.121065 -0.024837
5900 -3810.16936695 681.48144492 0.436847 5.9513 0.779930 0.121065 0.064701
6000 -3809.03013902 662.09336272 0.424419 5.9218 0.755931 0.129812 0.009863
6100 -3804.62832372 693.43045222 0.444507 5.9218 0.755931 0.129812 0.056027
6200 -3801.30414760 679.01099048 0.435263 5.9218 0.755931 0.129812 0.055824
6300 -3803.01606933 675.70895752 0.433147 5.9218 0.755931 0.129812 0.022081
6400 -3805.15849562 708.74701455 0.454325 5.9218 0.755931 0.129812 0.009532
6500 -3790.15067509 686.89907616 0.440320 5.9103 0.763667 0.127277 0.065127
6600 -3791.68813578 690.06489327 0.442349 5.9103 0.763667 0.127277 0.029164
6700 -3766.08179194 650.71633993 0.417126 5.9103 0.763667 0.127277 0.108722
6800 -3805.38131954 675.94938556 0.433301 5.9103 0.763667 0.127277 -0.076355
6900 -3787.34674354 691.04483907 0.442977 5.9103 0.763667 0.127277 0.028828
7000 -3760.41176249 689.73218544 0.442136 5.8872 0.756484 0.135233 0.180414
7100 -3762.30900400 686.70748148 0.440197 5.8872 0.756484 0.135233 0.091156
7200 -3770.74605328 684.62030745 0.438859 5.8872 0.756484 0.135233 0.041832
7300 -3759.08104106 699.97838264 0.448704 5.8872 0.756484 0.135233 0.108912
7400 -3754.53214509 700.35253254 0.448944 5.8872 0.756484 0.135233 0.085258
7500 -3757.90488251 699.56859755 0.448441 5.8872 0.744796 0.136698 0.056986
7600 -3746.29808328 688.17074797 0.441135 5.8872 0.744796 0.136698 0.057929
7700 -3741.17867589 681.00251290 0.436540 5.8872 0.744796 0.136698 0.102006
7800 -3745.00589752 685.67420302 0.439535 5.8872 0.744796 0.136698 0.088315
7900 -3728.23228954 666.05864543 0.426961 5.8872 0.744796 0.136698 0.157724
8000 -3742.92491579 688.69078838 0.441468 5.8692 0.739237 0.141570 0.048895
8100 -3712.93088867 676.44734425 0.433620 5.8692 0.739237 0.141570 0.122506
8200 -3724.74260840 688.03660434 0.441049 5.8692 0.739237 0.141570 0.084292
8300 -3718.29042480 695.05498007 0.445548 5.8692 0.739237 0.141570 0.079202
8400 -3713.19706226 695.44249460 0.445796 5.8692 0.739237 0.141570 0.048365
8500 -3737.65527230 691.52264529 0.443284 5.8692 0.735511 0.137346 -0.068683
8600 -3705.28181517 658.29540321 0.421984 5.8692 0.735511 0.137346 0.041366
8700 -3696.85355151 681.01820560 0.436550 5.8692 0.735511 0.137346 0.047231
8800 -3688.80929389 651.28385890 0.417490 5.8692 0.735511 0.137346 0.082695
8900 -3703.28516603 659.92930636 0.423032 5.8692 0.735511 0.137346 0.043121
9000 -3702.76286786 673.22707545 0.431556 5.8397 0.728326 0.143135 0.060765
9100 -3684.97603801 666.68394280 0.427362 5.8397 0.728326 0.143135 0.152474
9200 -3663.95098336 666.51387566 0.427252 5.8397 0.728326 0.143135 0.206858
9300 -3672.17320500 687.39526799 0.440638 5.8397 0.728326 0.143135 0.148527
9400 -3664.21443428 699.62398085 0.448477 5.8397 0.728326 0.143135 0.102758
9500 -3667.18607490 666.43852193 0.427204 5.8295 0.705363 0.153291 0.071859
9600 -3648.82818929 670.68659163 0.429927 5.8295 0.705363 0.153291 0.125926
9700 -3657.73148067 665.36663892 0.426517 5.8295 0.705363 0.153291 0.144529
9800 -3655.23834527 660.76107162 0.423565 5.8295 0.705363 0.153291 0.158952
9900 -3638.47729971 675.68027625 0.433128 5.8295 0.705363 0.153291 0.151569
10000 -3639.42316879 687.26390807 0.440554 5.8013 0.690220 0.155834 0.113879
10100 -3585.03109916 685.78607919 0.439606 5.8013 0.690220 0.155834 0.325656
10200 -3598.89785930 686.51206302 0.440072 5.8013 0.690220 0.155834 0.187122
10300 -3596.69667227 709.80687296 0.455004 5.8013 0.690220 0.155834 0.170250
10400 -3593.94882764 649.05560034 0.416061 5.8013 0.690220 0.155834 0.119851
10500 -3584.82679271 675.50479571 0.433016 5.7474 0.689997 0.168005 0.162770
10600 -3600.14311379 720.79838851 0.462050 5.7474 0.689997 0.168005 0.028934
10700 -3564.71966818 682.61611944 0.437574 5.7474 0.689997 0.168005 0.189445
10800 -3563.18761411 700.49772634 0.449037 5.7474 0.689997 0.168005 0.113159
10900 -3554.35940768 688.72621006 0.441491 5.7474 0.689997 0.168005 0.093865
11000 -3542.15713864 675.77055423 0.433186 5.7526 0.667855 0.168369 0.128564
11100 -3542.57985043 672.37803368 0.431012 5.7526 0.667855 0.168369 0.077698
11200 -3505.55589067 679.33641123 0.435472 5.7526 0.667855 0.168369 0.254113
11300 -3502.18624525 687.59074430 0.440763 5.7526 0.667855 0.168369 0.168668
11400 -3482.89698160 689.67616010 0.442100 5.7526 0.667855 0.168369 0.246287
11500 -3500.46960109 657.53956641 0.421500 5.7397 0.643477 0.173952 0.055301
11600 -3470.35612199 674.15012316 0.432148 5.7397 0.643477 0.173952 0.267545
11700 -3492.88550543 681.40598670 0.436799 5.7397 0.643477 0.173952 0.087680
11800 -3490.88119886 686.00837703 0.439749 5.7397 0.643477 0.173952 0.080202
11900 -3471.60065310 665.31066156 0.426481 5.7397 0.643477 0.173952 0.161914
12000 -3473.04443168 668.29582495 0.428395 5.6974 0.653511 0.177794 0.194213
12100 -3470.22258663 658.09627201 0.421857 5.6974 0.653511 0.177794 0.142990
12200 -3475.28448715 679.29423334 0.435445 5.6974 0.653511 0.177794 0.072923
12300 -3473.12314307 680.03211267 0.435918 5.6974 0.653511 0.177794 0.056074
12400 -3458.18586479 641.83503488 0.411433 5.6974 0.653511 0.177794 0.156072
12500 -3472.40576698 653.43021435 0.418866 5.7115 0.641989 0.175460 0.004983
12600 -3452.39064242 661.78116185 0.424219 5.7115 0.641989 0.175460 0.084026
12700 -3422.15959779 646.62916878 0.414506 5.7115 0.641989 0.175460 0.135571
12800 -3411.03713565 673.92636801 0.432004 5.7115 0.641989 0.175460 0.209665
12900 -3408.48348548 671.85350662 0.430675 5.7115 0.641989 0.175460 0.215316
13000 -3398.02659137 675.73377358 0.433163 5.6872 0.614303 0.189451 0.153746
13100 -3394.99772567 672.36831409 0.431005 5.6872 0.614303 0.189451 0.141891
13200 -3386.88329782 676.94884294 0.433942 5.6872 0.614303 0.189451 0.222758
13300 -3396.42689515 674.42566822 0.432324 5.6872 0.614303 0.189451 0.057747
13400 -3385.38380878 685.49650925 0.439421 5.6872 0.614303 0.189451 0.115528
13500 -3384.79441539 699.35635895 0.448305 5.6756 0.631794 0.191175 0.088304
13600 -3386.18522917 677.22843045 0.434121 5.6756 0.631794 0.191175 0.125940
13700 -3361.19546258 656.89527133 0.421087 5.6756 0.631794 0.191175 0.207679
13800 -3373.69387698 662.44073415 0.424641 5.6756 0.631794 0.191175 0.066076
13900 -3368.37957598 697.89308799 0.447367 5.6756 0.631794 0.191175 0.132784
14000 -3358.27101773 681.21674063 0.436677 5.7038 0.597300 0.184321 0.147665
14100 -3323.44244261 669.12592174 0.428927 5.7038 0.597300 0.184321 0.199904
14200 -3315.08083027 679.42226191 0.435527 5.7038 0.597300 0.184321 0.264049
14300 -3327.66900295 707.42670064 0.453479 5.7038 0.597300 0.184321 0.145599
14400 -3315.75597564 716.30239660 0.459168 5.7038 0.597300 0.184321 0.056504
14500 -3301.02505847 703.63341353 0.451047 5.6385 0.597743 0.194710 0.145648
14600 -3298.46900671 719.39826478 0.461153 5.6385 0.597743 0.194710 0.130556
14700 -3310.47090887 711.57445408 0.456137 5.6385 0.597743 0.194710 -0.000451
14800 -3288.06511641 677.47488026 0.434279 5.6385 0.597743 0.194710 0.104641
14900 -3307.15767891 658.53250962 0.422136 5.6385 0.597743 0.194710 0.032358
15000 -3298.27802174 653.70839846 0.419044 5.6615 0.584399 0.190193 0.041979
15100 -3294.16285054 663.17245389 0.425111 5.6615 0.584399 0.190193 0.103167
15200 -3291.63300195 662.19701244 0.424485 5.6615 0.584399 0.190193 0.109353
15300 -3304.88055643 681.52134351 0.436873 5.6615 0.584399 0.190193 0.035644
15400 -3291.73549460 687.97856523 0.441012 5.6615 0.584399 0.190193 0.148442
15500 -3311.54296841 682.08028890 0.437231 5.6205 0.600029 0.197037 -0.004105
15600 -3301.43098458 685.61419427 0.439496 5.6205 0.600029 0.197037 0.055376
15700 -3272.74917541 651.30407508 0.417503 5.6205 0.600029 0.197037 0.139811
15800 -3299.80697634 651.92527440 0.417901 5.6205 0.600029 0.197037 -0.009533
15900 -3287.62586921 673.37152986 0.431648 5.6205 0.600029 0.197037 0.052536
16000 -3271.73678899 695.51742060 0.445845 5.6526 0.601992 0.193500 0.115835
16100 -3259.35313106 677.28172898 0.434155 5.6526 0.601992 0.193500 0.159021
16200 -3266.97140597 704.13677575 0.451370 5.6526 0.601992 0.193500 0.057555
16300 -3273.30322081 705.78878837 0.452429 5.6526 0.601992 0.193500 -0.000557
16400 -3269.46543382 715.15254988 0.458431 5.6526 0.601992 0.193500 -0.020999
16500 -3251.46949720 694.70487174 0.445324 5.6628 0.581198 0.191096 0.054068
16600 -3266.21862611 680.36903593 0.436134 5.6628 0.581198 0.191096 0.013331
16700 -3262.45806048 676.85281802 0.433880 5.6628 0.581198 0.191096 0.088379
16800 -3248.72826413 674.16227372 0.432155 5.6628 0.581198 0.191096 0.096105
16900 -3259.48507212 669.72181441 0.429309 5.6628 0.581198 0.191096 -0.001589
17000 -3246.42667722 659.71416985 0.422894 5.5923 0.591765 0.199596 0.045481
17100 -3245.32851321 676.08763009 0.433390 5.5923 0.591765 0.199596 0.112276
17200 -3255.01557980 644.72657815 0.413286 5.5923 0.591765 0.199596 0.037565
17300 -3254.82816119 634.99503376 0.407048 5.5923 0.591765 0.199596 0.014758
17400 -3259.00819437 652.23165631 0.418097 5.5923 0.591765 0.199596 0.008672
17500 -3238.00649371 680.85527957 0.436446 5.6090 0.602736 0.196271 0.114774
17600 -3226.21234741 677.12560115 0.434055 5.6090 0.602736 0.196271 0.066154
17700 -3230.84454308 652.69970391 0.418397 5.6090 0.602736 0.196271 -0.039728
17800 -3240.95135823 674.03322382 0.432073 5.6090 0.602736 0.196271 0.007384
17900 -3235.01187276 657.69671874 0.421600 5.6090 0.602736 0.196271 0.089496
18000 -3228.88428651 656.17076207 0.420622 5.6218 0.582715 0.200055 0.087146
18100 -3244.20898607 694.60040235 0.445257 5.6218 0.582715 0.200055 -0.065385
18200 -3223.19573974 663.83910251 0.425538 5.6218 0.582715 0.200055 0.084081
18300 -3248.32997705 678.15844388 0.434717 5.6218 0.582715 0.200055 -0.036299
18400 -3234.11766952 681.26318086 0.436707 5.6218 0.582715 0.200055 0.070141
18500 -3210.82558800 668.24428802 0.428362 5.6308 0.577276 0.198486 0.097072
18600 -3242.27997477 669.03515274 0.428869 5.6308 0.577276 0.198486 -0.107480
18700 -3219.33043780 664.36174781 0.425873 5.6308 0.577276 0.198486 0.039553
18800 -3221.73287590 657.46900070 0.421454 5.6308 0.577276 0.198486 0.000506
18900 -3224.64869470 693.54392319 0.444579 5.6308 0.577276 0.198486 0.067627
19000 -3205.71156567 686.35292826 0.439970 5.6333 0.574698 0.200777 0.137767
19100 -3208.68213612 664.50575907 0.425965 5.6333 0.574698 0.200777 0.127354
19200 -3227.54301349 686.14720645 0.439838 5.6333 0.574698 0.200777 -0.011630
19300 -3182.32932970 672.47327475 0.431073 5.6333 0.574698 0.200777 0.128125
19400 -3182.36390274 702.61492371 0.450394 5.6333 0.574698 0.200777 0.102022
19500 -3195.06226801 678.00801621 0.434621 5.6615 0.561497 0.198390 0.073883
19600 -3193.12523738 696.52647789 0.446491 5.6615 0.561497 0.198390 0.101799
19700 -3204.05426701 678.57446990 0.434984 5.6615 0.561497 0.198390 0.020151
19800 -3187.05766551 686.09322538 0.439803 5.6615 0.561497 0.198390 0.136623
19900 -3185.79866508 690.89815579 0.442883 5.6615 0.561497 0.198390 0.120917
20000 -3205.21027133 702.90907565 0.450583 5.6321 0.572927 0.194243 0.083229
20100 -3209.28375234 708.34194417 0.454065 5.6321 0.572927 0.194243 0.073700
20200 -3183.43892010 707.24937335 0.453365 5.6321 0.572927 0.194243 0.097333
20300 -3199.66052970 685.52665941 0.439440 5.6321 0.572927 0.194243 0.070578
20400 -3220.30046939 688.71770620 0.441486 5.6321 0.572927 0.194243 0.045704
20500 -3215.41388862 694.13387860 0.444958 5.6436 0.582270 0.190993 0.084798
20600 -3210.01030763 688.95011773 0.441635 5.6436 0.582270 0.190993 0.005970
20700 -3205.86420925 698.47084413 0.447738 5.6436 0.582270 0.190993 -0.057619
20800 -3185.30517197 648.60467844 0.415772 5.6436 0.582270 0.190993 0.055419
20900 -3182.80025276 674.91182340 0.432636 5.6436 0.582270 0.190993 0.092573
21000 -3192.90002835 677.15294328 0.434072 5.5782 0.581125 0.203306 -0.047349
21100 -3197.33574153 705.48018658 0.452231 5.5782 0.581125 0.203306 0.002036
21200 -3185.68519129 712.83646766 0.456946 5.5782 0.581125 0.203306 0.027298
21300 -3184.01651863 684.38856695 0.438711 5.5782 0.581125 0.203306 0.021027
21400 -3165.15860588 708.79941144 0.454359 5.5782 0.581125 0.203306 0.097208
21500 -3147.08910888 693.17265674 0.444341 5.6090 0.571107 0.203260 0.118035
21600 -3191.19198503 696.88223817 0.446719 5.6090 0.571107 0.203260 0.029892
21700 -3185.81335024 685.04395950 0.439131 5.6090 0.571107 0.203260 0.046616
21800 -3214.76452608 696.51038294 0.446481 5.6090 0.571107 0.203260 -0.092769
21900 -3187.68874197 674.50028676 0.432372 5.6090 0.571107 0.203260 0.046761
22000 -3180.35469574 657.92690578 0.421748 5.6231 0.574964 0.195984 0.016595
22100 -3169.39205193 674.73252499 0.432521 5.6231 0.574964 0.195984 0.040115
22200 -3156.92810949 656.36980131 0.420750 5.6231 0.574964 0.195984 0.061346
22300 -3184.96555793 695.23907443 0.445666 5.6231 0.574964 0.195984 -0.026547
22400 -3183.86586812 695.30248269 0.445707 5.6231 0.574964 0.195984 0.115191
22500 -3178.50794930 671.42808133 0.430403 5.6090 0.576392 0.196414 0.070837
22600 -3190.31884374 677.84726836 0.434517 5.6090 0.576392 0.196414 -0.039966
22700 -3178.76033242 659.73956338 0.422910 5.6090 0.576392 0.196414 0.030802
22800 -3151.53587304 703.20480157 0.450772 5.6090 0.576392 0.196414 0.073287
22900 -3155.48445306 699.73031330 0.448545 5.6090 0.576392 0.196414 0.070672
23000 -3156.12239337 686.76221287 0.440232 5.6397 0.559310 0.197451 0.065029
23100 -3146.09607957 694.07474463 0.444920 5.6397 0.559310 0.197451 0.099334
23200 -3160.92094801 677.16458349 0.434080 5.6397 0.559310 0.197451 0.073660
23300 -3167.78945324 675.60234986 0.433078 5.6397 0.559310 0.197451 -0.074648
23400 -3163.50425561 691.20804319 0.443082 5.6397 0.559310 0.197451 0.007217
23500 -3174.32974643 699.26892147 0.448249 5.6474 0.572024 0.191478 -0.058909
23600 -3159.23042059 693.63122814 0.444635 5.6474 0.572024 0.191478 0.019790
23700 -3151.96449971 707.69701752 0.453652 5.6474 0.572024 0.191478 0.084332
23800 -3124.58726363 686.25992534 0.439910 5.6474 0.572024 0.191478 0.105241
23900 -3120.67261778 667.41660074 0.427831 5.6474 0.572024 0.191478 0.177887
24000 -3141.88072830 727.74572547 0.466504 5.6423 0.548442 0.203622 0.093542
24100 -3138.22594499 684.66502000 0.438888 5.6423 0.548442 0.203622 0.002203
24200 -3153.08588443 649.35488553 0.416253 5.6423 0.548442 0.203622 0.019963
24300 -3160.72171816 668.68355064 0.428643 5.6423 0.548442 0.203622 0.015804
24400 -3156.51531899 673.54120250 0.431757 5.6423 0.548442 0.203622 -0.122805
24500 -3146.29659812 691.95235109 0.443559 5.6141 0.582532 0.196019 0.011988
24600 -3134.07991275 668.40403298 0.428464 5.6141 0.582532 0.196019 0.041853
24700 -3155.71053206 707.18026239 0.453321 5.6141 0.582532 0.196019 -0.071104
24800 -3118.58618522 657.74726494 0.421633 5.6141 0.582532 0.196019 0.152241
24900 -3154.47952223 658.71784730 0.422255 5.6141 0.582532 0.196019 -0.001726
25000 -3168.70470741 721.84465764 0.462721 5.6474 0.571506 0.198362 -0.027610
25100 -3165.10529715 695.56396618 0.445874 5.6474 0.571506 0.198362 0.067434
25200 -3160.99602204 695.17868140 0.445627 5.6474 0.571506 0.198362 0.080313
25300 -3160.24098956 705.48206840 0.452232 5.6474 0.571506 0.198362 -0.029430
25400 -3146.40032691 705.74670673 0.452402 5.6474 0.571506 0.198362 0.023312
25500 -3165.31889224 727.60161552 0.466411 5.6385 0.573697 0.194817 -0.110617
25600 -3142.45075002 691.10650885 0.443017 5.6385 0.573697 0.194817 0.079750
25700 -3139.23210688 715.36274294 0.458566 5.6385 0.573697 0.194817 0.056566
25800 -3126.38807701 703.54028295 0.450987 5.6385 0.573697 0.194817 0.116970
25900 -3140.60278455 688.20620203 0.441158 5.6385 0.573697 0.194817 0.032796
26000 -3132.94697132 659.29105064 0.422622 5.5974 0.570788 0.200781 -0.014262
26100 -3131.02463035 659.15988520 0.422538 5.5974 0.570788 0.200781 0.052204
26200 -3155.52217872 676.62980282 0.433737 5.5974 0.570788 0.200781 -0.081320
26300 -3132.40819057 679.20947089 0.435391 5.5974 0.570788 0.200781 0.031918
26400 -3151.02743813 678.14004209 0.434705 5.5974 0.570788 0.200781 -0.045184
26500 -3148.60520596 669.63207926 0.429251 5.6513 0.573313 0.192251 -0.031887
26600 -3170.82703546 685.16148333 0.439206 5.6513 0.573313 0.192251 0.011558
26700 -3161.48363576 683.82161447 0.438347 5.6513 0.573313 0.192251 0.105218
26800 -3165.10750230 717.88800240 0.460185 5.6513 0.573313 0.192251 -0.002066
26900 -3152.22280202 683.54804623 0.438172 5.6513 0.573313 0.192251 0.090667
27000 -3154.16610039 706.52261778 0.452899 5.6628 0.563421 0.193437 -0.042650
27100 -3131.63731930 683.56329990 0.438182 5.6628 0.563421 0.193437 0.039144
27200 -3123.64488683 673.68821384 0.431851 5.6628 0.563421 0.193437 0.018780
27300 -3156.78336485 682.93533333 0.437779 5.6628 0.563421 0.193437 0.067445
27400 -3137.66892357 708.43141832 0.454123 5.6628 0.563421 0.193437 0.012242
27500 -3144.26775997 687.10391512 0.440451 5.6179 0.573019 0.189758 -0.058130
27600 -3132.13749274 691.57090661 0.443315 5.6179 0.573019 0.189758 -0.031894
27700 -3119.90896026 682.18325945 0.437297 5.6179 0.573019 0.189758 0.040303
27800 -3123.62497003 689.03558503 0.441689 5.6179 0.573019 0.189758 0.023470
27900 -3141.95507034 671.78947894 0.430634 5.6179 0.573019 0.189758 -0.080028
28000 -3135.88610022 654.55106813 0.419584 5.6282 0.563600 0.198076 0.014969
28100 -3145.30274032 675.73488100 0.433163 5.6282 0.563600 0.198076 -0.094831
28200 -3125.08321219 666.95156560 0.427533 5.6282 0.563600 0.198076 0.022523
28300 -3134.12887365 684.77773739 0.438960 5.6282 0.563600 0.198076 0.063689
28400 -3130.67387293 675.40384935 0.432951 5.6282 0.563600 0.198076 0.027820
28500 -3104.03647557 654.37612049 0.419472 5.6026 0.564552 0.205010 0.101776
28600 -3125.12392650 694.92709254 0.445466 5.6026 0.564552 0.205010 0.067511
28700 -3134.75445449 691.77348022 0.443445 5.6026 0.564552 0.205010 0.024076
28800 -3128.98343433 692.63484584 0.443997 5.6026 0.564552 0.205010 0.041272
28900 -3127.93873581 687.47448989 0.440689 5.6026 0.564552 0.205010 0.106952
29000 -3103.11560189 683.41137448 0.438084 5.6385 0.568638 0.196089 0.053508
29100 -3125.90685389 675.92780613 0.433287 5.6385 0.568638 0.196089 -0.118821
29200 -3122.41188865 676.78056085 0.433834 5.6385 0.568638 0.196089 0.013621
29300 -3121.89733337 681.67501881 0.436971 5.6385 0.568638 0.196089 -0.055485
29400 -3127.10546419 684.44311775 0.438746 5.6385 0.568638 0.196089 -0.022224
29500 -3125.12059023 705.40320980 0.452182 5.6295 0.564452 0.198442 0.048078
29600 -3116.77968142 689.88213949 0.442232 5.6295 0.564452 0.198442 -0.041053
29700 -3129.18315486 705.64942618 0.452339 5.6295 0.564452 0.198442 0.003889
29800 -3131.06196715 708.90859310 0.454429 5.6295 0.564452 0.198442 0.042379
29900 -3152.55324196 686.51387831 0.440073 5.6295 0.564452 0.198442 0.009847
30000 -3140.73460753 673.60491124 0.431798 5.5962 0.561624 0.201958 0.030423
30100 -3141.42329951 684.80448307 0.438977 5.5962 0.561624 0.201958 0.040512
30200 -3139.79415838 663.23500426 0.425151 5.5962 0.561624 0.201958 0.021735
30300 -3114.54388071 667.78745483 0.428069 5.5962 0.561624 0.201958 0.098993
30400 -3140.84905560 674.68153725 0.432488 5.5962 0.561624 0.201958 0.011702
30500 -3151.25389653 681.07093216 0.436584 5.6436 0.568630 0.197247 0.040397
30600 -3157.62378940 682.80099965 0.437693 5.6436 0.568630 0.197247 0.010654
30700 -3133.75108761 665.58008528 0.426654 5.6436 0.568630 0.197247 0.037475
30800 -3149.95749656 673.93398260 0.432009 5.6436 0.568630 0.197247 0.008401
30900 -3146.76344328 668.58784757 0.428582 5.6436 0.568630 0.197247 -0.054648
31000 -3161.69887910 650.46659142 0.416966 5.6423 0.578932 0.196968 -0.116402
31100 -3170.49471222 684.51550541 0.438792 5.6423 0.578932 0.196968 -0.089682
31200 -3139.92949227 696.19022075 0.446276 5.6423 0.578932 0.196968 0.031774
31300 -3138.81491838 706.49847788 0.452884 5.6423 0.578932 0.196968 0.087056
31400 -3136.85597720 706.53491063 0.452907 5.6423 0.578932 0.196968 -0.016358
31500 -3134.23503866 705.29273042 0.452111 5.6269 0.566680 0.198792 0.065895
31600 -3147.64094590 691.40112355 0.443206 5.6269 0.566680 0.198792 0.038701
31700 -3141.08901999 676.02280202 0.433348 5.6269 0.566680 0.198792 0.068255
31800 -3168.17422250 697.73587343 0.447267 5.6269 0.566680 0.198792 -0.003288
31900 -3167.57297070 680.51993563 0.436231 5.6269 0.566680 0.198792 -0.067948
32000 -3175.09941925 667.65918278 0.427987 5.6577 0.574579 0.194539 -0.060139
32100 -3171.86270457 657.80004992 0.421667 5.6577 0.574579 0.194539 0.017807
32200 -3154.93539497 655.00930671 0.419878 5.6577 0.574579 0.194539 0.022620
32300 -3161.61275445 688.34797280 0.441249 5.6577 0.574579 0.194539 -0.025387
32400 -3141.58595719 673.62495902 0.431811 5.6577 0.574579 0.194539 -0.009571
32500 -3137.05451495 670.06760603 0.429531 5.6410 0.583159 0.197612 0.050324
32600 -3130.99381763 689.83109175 0.442199 5.6410 0.583159 0.197612 0.139546
32700 -3136.72749675 688.57055693 0.441391 5.6410 0.583159 0.197612 0.052593
32800 -3117.45047084 670.61381455 0.429881 5.6410 0.583159 0.197612 0.152968
32900 -3135.23592687 668.81242095 0.428726 5.6410 0.583159 0.197612 0.058126
33000 -3139.87735687 673.70876074 0.431865 5.6385 0.570458 0.197021 -0.052079
33100 -3146.96920737 686.51783550 0.440076 5.6385 0.570458 0.197021 0.041646
33200 -3138.28683127 666.04815501 0.426954 5.6385 0.570458 0.197021 0.058370
33300 -3121.43947835 682.58647184 0.437555 5.6385 0.570458 0.197021 0.095433
33400 -3146.39624530 724.85844496 0.464653 5.6385 0.570458 0.197021 -0.000763
33500 -3129.37738566 694.39038533 0.445122 5.6526 0.565254 0.197366 0.041601
33600 -3119.85610353 710.10729017 0.455197 5.6526 0.565254 0.197366 0.050479
33700 -3105.90082155 697.91496682 0.447381 5.6526 0.565254 0.197366 0.028563
33800 -3103.44033351 702.15898758 0.450102 5.6526 0.565254 0.197366 -0.003701
33900 -3102.87501280 685.54083127 0.439449 5.6526 0.565254 0.197366 -0.056412
34000 -3101.94250895 715.66193358 0.458758 5.6000 0.570078 0.195477 0.027278
34100 -3084.51281729 717.02864551 0.459634 5.6000 0.570078 0.195477 0.063096
34200 -3095.26447566 663.56952150 0.425365 5.6000 0.570078 0.195477 -0.079692
34300 -3111.13275973 686.87017870 0.440301 5.6000 0.570078 0.195477 -0.056944
34400 -3099.24873599 680.70085073 0.436347 5.6000 0.570078 0.195477 0.094612
34500 -3096.93285124 678.56412695 0.434977 5.6179 0.558010 0.200424 0.054476
34600 -3101.70903255 675.57151270 0.433059 5.6179 0.558010 0.200424 0.031023
34700 -3101.68068829 688.25233284 0.441187 5.6179 0.558010 0.200424 0.045552
34800 -3099.96325052 725.00678126 0.464748 5.6179 0.558010 0.200424 0.069468
34900 -3116.33312829 709.51391969 0.454817 5.6179 0.558010 0.200424 0.023960
35000 -3109.26609724 695.41731818 0.445780 5.6231 0.565810 0.201760 -0.032382
35100 -3102.41252002 697.75094779 0.447276 5.6231 0.565810 0.201760 0.017152
35200 -3110.93910826 685.98743624 0.439736 5.6231 0.565810 0.201760 0.013974
35300 -3115.90765357 663.40883228 0.425262 5.6231 0.565810 0.201760 -0.062927
35400 -3105.56019772 685.69681012 0.439549 5.6231 0.565810 0.201760 -0.017677
35500 -3105.41184442 676.32354493 0.433541 5.6192 0.573455 0.197327 -0.039235
35600 -3092.05795537 686.35427952 0.439971 5.6192 0.573455 0.197327 0.018170
35700 -3080.46821635 671.91589125 0.430715 5.6192 0.573455 0.197327 -0.004096
35800 -3091.26142234 676.63341924 0.433739 5.6192 0.573455 0.197327 -0.039165
35900 -3097.03172087 689.07816504 0.441717 5.6192 0.573455 0.197327 -0.015884
36000 -3097.27656604 667.34783721 0.427787 5.6474 0.553955 0.195946 -0.047328
36100 -3098.70348239 681.83401871 0.437073 5.6474 0.553955 0.195946 -0.001788
36200 -3111.66983773 655.58160646 0.420245 5.6474 0.553955 0.195946 0.009126
36300 -3121.65187506 663.29131649 0.425187 5.6474 0.553955 0.195946 -0.028582
36400 -3121.62243405 681.98858903 0.437172 5.6474 0.553955 0.195946 -0.005429
36500 -3109.55972684 682.96355306 0.437797 5.5910 0.578480 0.202835 0.095484
36600 -3108.85911960 667.57841982 0.427935 5.5910 0.578480 0.202835 0.002829
36700 -3109.14180067 686.66094118 0.440167 5.5910 0.578480 0.202835 0.109949
36800 -3110.43362716 659.42669156 0.422709 5.5910 0.578480 0.202835 -0.023770
36900 -3138.23289997 688.41670608 0.441293 5.5910 0.578480 0.202835 -0.098776
37000 -3133.70778695 658.79701192 0.422306 5.6038 0.565760 0.200098 -0.100946
37100 -3100.87691717 680.30026791 0.436090 5.6038 0.565760 0.200098 0.095402
37200 -3105.47575825 676.09978359 0.433397 5.6038 0.565760 0.200098 0.044804
37300 -3093.34599299 669.50049964 0.429167 5.6038 0.565760 0.200098 0.060047
37400 -3126.25190510 693.12871626 0.444313 5.6038 0.565760 0.200098 -0.030048
37500 -3113.00113021 708.61754686 0.454242 5.5897 0.572194 0.202157 0.114161
37600 -3108.73350728 704.47108931 0.451584 5.5897 0.572194 0.202157 0.023221
37700 -3105.55846467 668.87664161 0.428767 5.5897 0.572194 0.202157 -0.027914
37800 -3105.76820774 702.13384448 0.450086 5.5897 0.572194 0.202157 0.041831
37900 -3099.56903691 696.47064336 0.446456 5.5897 0.572194 0.202157 0.085418
38000 -3105.82062738 701.69530232 0.449805 5.6167 0.569125 0.198187 0.051732
38100 -3112.03008566 678.26726405 0.434787 5.6167 0.569125 0.198187 0.028186
38200 -3125.05098392 718.94648868 0.460863 5.6167 0.569125 0.198187 0.065943
38300 -3108.74050801 684.04399950 0.438490 5.6167 0.569125 0.198187 0.037372
38400 -3136.74764102 675.82044124 0.433218 5.6167 0.569125 0.198187 -0.203207
38500 -3099.61772684 670.09421234 0.429548 5.6590 0.563316 0.195063 -0.041159
38600 -3118.25323485 684.81825679 0.438986 5.6590 0.563316 0.195063 -0.057177
38700 -3078.62447310 683.89513012 0.438394 5.6590 0.563316 0.195063 0.110210
38800 -3089.58877237 703.00225317 0.450642 5.6590 0.563316 0.195063 0.154581
38900 -3129.15177724 704.42045285 0.451552 5.6590 0.563316 0.195063 -0.079215
39000 -3120.67838943 691.67398548 0.443381 5.6244 0.577125 0.194789 -0.047937
39100 -3127.54801216 663.13933697 0.425089 5.6244 0.577125 0.194789 -0.013469
39200 -3113.65685252 685.02853549 0.439121 5.6244 0.577125 0.194789 0.057990
39300 -3110.01946672 703.37986753 0.450885 5.6244 0.577125 0.194789 0.129588
39400 -3120.82457853 709.46001650 0.454782 5.6244 0.577125 0.194789 0.056373
39500 -3100.65518259 703.62230320 0.451040 5.6795 0.556369 0.195801 0.111233
39600 -3099.53970813 681.25713921 0.436703 5.6795 0.556369 0.195801 0.040066
39700 -3114.18192843 695.20468330 0.445644 5.6795 0.556369 0.195801 0.003298
39800 -3117.69415212 695.77002533 0.446006 5.6795 0.556369 0.195801 0.007446
39900 -3094.68889187 720.06309158 0.461579 5.6795 0.556369 0.195801 0.028671
40000 -3064.74977889 711.83293519 0.456303 5.6436 0.551416 0.201774 0.081916
40100 -3071.22932461 718.16512684 0.460362 5.6436 0.551416 0.201774 0.011028
40200 -3079.77785964 712.53356337 0.456752 5.6436 0.551416 0.201774 0.047363
40300 -3090.47969040 713.12884102 0.457134 5.6436 0.551416 0.201774 -0.016031
40400 -3073.48965112 708.39310245 0.454098 5.6436 0.551416 0.201774 -0.010497
40500 -3074.78283794 699.07142132 0.448123 5.6654 0.542473 0.194636 0.052505
40600 -3087.00506904 678.26527736 0.434785 5.6654 0.542473 0.194636 0.030415
40700 -3097.07048775 690.47406344 0.442612 5.6654 0.542473 0.194636 0.003350
40800 -3088.59523056 698.35193214 0.447661 5.6654 0.542473 0.194636 0.062262
40900 -3097.09712837 692.16462410 0.443695 5.6654 0.542473 0.194636 0.072670
41000 -3087.55050151 697.82167195 0.447322 5.6615 0.556716 0.191172 0.061037
41100 -3118.82872283 698.38997926 0.447686 5.6615 0.556716 0.191172 -0.056587
41200 -3119.24405801 685.16680690 0.439209 5.6615 0.556716 0.191172 -0.064530
41300 -3095.20915338 666.98234693 0.427553 5.6615 0.556716 0.191172 0.028921
41400 -3119.42316881 704.90507669 0.451862 5.6615 0.556716 0.191172 -0.051953
41500 -3093.49035239 673.53812598 0.431755 5.6205 0.567394 0.200696 0.005536
41600 -3101.03242096 674.12261447 0.432130 5.6205 0.567394 0.200696 0.020113
41700 -3113.92227153 661.22816193 0.423864 5.6205 0.567394 0.200696 -0.066744
41800 -3094.77121945 657.81895947 0.421679 5.6205 0.567394 0.200696 -0.029885
41900 -3087.34928259 681.33288694 0.436752 5.6205 0.567394 0.200696 0.116828
42000 -3080.39790041 697.99637428 0.447434 5.6526 0.547980 0.193838 0.094988
42100 -3093.17718627 699.08469655 0.448131 5.6526 0.547980 0.193838 -0.032651
42200 -3100.39029762 693.02618569 0.444248 5.6526 0.547980 0.193838 -0.000504
42300 -3099.77426833 720.17163705 0.461648 5.6526 0.547980 0.193838 0.026639
42400 -3095.14244808 686.74548972 0.440221 5.6526 0.547980 0.193838 -0.096910
42500 -3101.51465785 672.64038231 0.431180 5.6218 0.560443 0.203046 -0.110841
42600 -3107.71945958 692.61265947 0.443982 5.6218 0.560443 0.203046 -0.014570
42700 -3101.37234124 658.48590855 0.422106 5.6218 0.560443 0.203046 0.047014
42800 -3134.76891099 684.97318880 0.439085 5.6218 0.560443 0.203046 -0.053977
42900 -3108.56956708 666.41289866 0.427188 5.6218 0.560443 0.203046 0.010158
43000 -3124.78837272 701.03097044 0.449379 5.6821 0.561541 0.195628 -0.096073
43100 -3139.32272449 709.69759815 0.454934 5.6821 0.561541 0.195628 0.054204
43200 -3131.26856983 673.13396815 0.431496 5.6821 0.561541 0.195628 0.029195
43300 -3133.20691821 664.55159753 0.425995 5.6821 0.561541 0.195628 -0.035112
43400 -3141.53048315 664.35357906 0.425868 5.6821 0.561541 0.195628 0.042855
43500 -3140.54869412 687.19670647 0.440511 5.6090 0.573531 0.197094 -0.045558
43600 -3146.16466346 666.67270108 0.427354 5.6090 0.573531 0.197094 -0.018455
43700 -3120.76801145 670.42022091 0.429757 5.6090 0.573531 0.197094 0.001227
43800 -3135.92895523 693.27820701 0.444409 5.6090 0.573531 0.197094 -0.034167
43900 -3118.25476777 702.96244125 0.450617 5.6090 0.573531 0.197094 0.054246
44000 -3122.75027649 710.13816152 0.455217 5.6013 0.589443 0.192670 -0.091383
44100 -3080.68369591 686.52511189 0.440080 5.6013 0.589443 0.192670 0.050138
44200 -3085.90735722 712.60579386 0.456799 5.6013 0.589443 0.192670 0.013635
44300 -3098.81834014 698.50366860 0.447759 5.6013 0.589443 0.192670 0.018878
44400 -3096.86610919 678.23019478 0.434763 5.6013 0.589443 0.192670 0.014580
44500 -3080.72686911 699.18252254 0.448194 5.6577 0.552200 0.194099 0.011921
44600 -3103.44434985 703.39069535 0.450891 5.6577 0.552200 0.194099 -0.065804
44700 -3087.48102822 680.79557068 0.436407 5.6577 0.552200 0.194099 -0.018091
44800 -3086.02523631 674.12390686 0.432131 5.6577 0.552200 0.194099 0.037474
44900 -3108.32229672 695.34429418 0.445734 5.6577 0.552200 0.194099 -0.083866
45000 -3069.75064326 678.29269463 0.434803 5.5705 0.578415 0.198802 0.099496
45100 -3085.94191440 704.24911250 0.451442 5.5705 0.578415 0.198802 0.059734
45200 -3075.58587778 704.48972170 0.451596 5.5705 0.578415 0.198802 -0.031540
45300 -3081.96728100 721.72981558 0.462647 5.5705 0.578415 0.198802 0.004890
45400 -3096.55356896 695.42298901 0.445784 5.5705 0.578415 0.198802 -0.090961
45500 -3068.49639832 668.43751293 0.428486 5.6115 0.561214 0.202515 0.052787
45600 -3086.54011536 679.64259123 0.435668 5.6115 0.561214 0.202515 -0.040477
45700 -3067.93302258 687.73894632 0.440858 5.6115 0.561214 0.202515 0.050589
45800 -3099.59462684 677.17332724 0.434085 5.6115 0.561214 0.202515 -0.009165
45900 -3122.09943250 680.41349636 0.436162 5.6115 0.561214 0.202515 -0.119843
46000 -3104.36293033 655.22099764 0.420013 5.6013 0.566112 0.199898 -0.025428
46100 -3117.51342312 709.12402071 0.454567 5.6013 0.566112 0.199898 -0.073438
46200 -3086.71918887 692.91266755 0.444175 5.6013 0.566112 0.199898 -0.066984
46300 -3079.41120428 670.84600099 0.430029 5.6013 0.566112 0.199898 0.023537
46400 -3097.34175611 666.87523868 0.427484 5.6013 0.566112 0.199898 -0.017602
46500 -3086.35874620 703.68765235 0.451082 5.6321 0.559623 0.194693 0.095195
46600 -3084.55814667 677.46967225 0.434275 5.6321 0.559623 0.194693 -0.059787
46700 -3061.27416286 693.69923729 0.444679 5.6321 0.559623 0.194693 0.053801
46800 -3070.36236497 709.03513769 0.454510 5.6321 0.559623 0.194693 -0.003676
46900 -3080.14623400 699.50576806 0.448401 5.6321 0.559623 0.194693 -0.027630
47000 -3053.65340847 683.78755089 0.438325 5.6179 0.549692 0.203374 0.187686
47100 -3056.05046047 690.04186255 0.442335 5.6179 0.549692 0.203374 0.112775
47200 -3073.64002920 699.35364244 0.448304 5.6179 0.549692 0.203374 -0.039450
47300 -3082.30683283 693.15357453 0.444329 5.6179 0.549692 0.203374 -0.028831
47400 -3065.81661195 660.57917752 0.423448 5.6179 0.549692 0.203374 0.069042
47500 -3091.49623744 683.55954735 0.438179 5.6321 0.546983 0.197593 -0.051498
47600 -3074.35039536 668.65683396 0.428626 5.6321 0.546983 0.197593 0.008507
47700 -3091.55625939 674.31746908 0.432255 5.6321 0.546983 0.197593 -0.181967
47800 -3082.13853994 684.48591563 0.438773 5.6321 0.546983 0.197593 -0.048970
47900 -3091.70692189 696.89591336 0.446728 5.6321 0.546983 0.197593 -0.015806
48000 -3085.26370032 688.88711059 0.441594 5.6564 0.550930 0.195764 0.041718
48100 -3082.85602042 705.68096618 0.452360 5.6564 0.550930 0.195764 0.024021
48200 -3084.77837932 672.70382040 0.431220 5.6564 0.550930 0.195764 -0.041734
48300 -3064.95736634 661.11213638 0.423790 5.6564 0.550930 0.195764 0.081503
48400 -3078.65940327 696.08082792 0.446206 5.6564 0.550930 0.195764 0.043717
48500 -3096.55948673 705.02317988 0.451938 5.6244 0.565532 0.194902 0.009201
48600 -3069.29047453 650.21210819 0.416803 5.6244 0.565532 0.194902 0.058713
48700 -3088.41637030 681.16604276 0.436645 5.6244 0.565532 0.194902 0.013840
48800 -3056.97199784 669.28681508 0.429030 5.6244 0.565532 0.194902 0.095251
48900 -3072.23246602 638.23303552 0.409124 5.6244 0.565532 0.194902 0.059450
49000 -3091.11776507 684.30027050 0.438654 5.5462 0.565136 0.209126 -0.010626
49100 -3070.13159503 691.19739567 0.443075 5.5462 0.565136 0.209126 -0.009815
49200 -3064.19919164 687.24125018 0.440539 5.5462 0.565136 0.209126 0.015051
49300 -3076.57732560 690.40150405 0.442565 5.5462 0.565136 0.209126 -0.081580
49400 -3061.90794403 701.52943342 0.449698 5.5462 0.565136 0.209126 0.008863
49500 -3067.76816897 677.18586945 0.434094 5.6051 0.552080 0.206818 -0.106196
49600 -3070.29832284 688.39097059 0.441276 5.6051 0.552080 0.206818 0.001768
49700 -3058.19783298 688.77906788 0.441525 5.6051 0.552080 0.206818 0.046855
49800 -3078.09891598 692.74078183 0.444065 5.6051 0.552080 0.206818 -0.000141
49900 -3081.04622235 671.26173662 0.430296 5.6051 0.552080 0.206818 -0.026739
50000 -3080.62192865 681.66619282 0.436966 5.5910 0.563195 0.201481 -0.074238
50100 -3069.64526602 683.39577509 0.438074 5.5910 0.563195 0.201481 -0.057893
50200 -3076.61871096 693.56755576 0.444595 5.5910 0.563195 0.201481 -0.047905
50300 -3089.53839571 684.55988169 0.438820 5.5910 0.563195 0.201481 -0.120084
50400 -3075.09067747 709.74856482 0.454967 5.5910 0.563195 0.201481 0.012583
50500 -3084.85824067 713.42771207 0.457325 5.5808 0.565608 0.206720 -0.038334
50600 -3082.96881892 704.07717806 0.451332 5.5808 0.565608 0.206720 -0.090139
50700 -3076.89957329 687.27422973 0.440560 5.5808 0.565608 0.206720 -0.112149
50800 -3077.04799432 691.28085974 0.443129 5.5808 0.565608 0.206720 -0.074476
50900 -3074.19646517 657.59501898 0.421535 5.5808 0.565608 0.206720 -0.039716
51000 -3094.94510585 679.76397607 0.435746 5.5949 0.545177 0.202051 0.023221
51100 -3104.79141677 696.19370137 0.446278 5.5949 0.545177 0.202051 -0.050874
51200 -3084.24288324 702.03811424 0.450024 5.5949 0.545177 0.202051 0.082533
51300 -3061.81636846 685.01101566 0.439110 5.5949 0.545177 0.202051 0.107070
51400 -3093.55395620 699.34531066 0.448298 5.5949 0.545177 0.202051 -0.019979
51500 -3080.42792270 680.10194327 0.435963 5.6462 0.542369 0.196820 -0.016599
51600 -3105.34435982 667.26049983 0.427731 5.6462 0.542369 0.196820 0.007830
51700 -3128.76181717 688.40982448 0.441288 5.6462 0.542369 0.196820 -0.120147
51800 -3086.97198903 669.67746777 0.429280 5.6462 0.542369 0.196820 0.078185
51900 -3113.09914659 700.02860214 0.448736 5.6462 0.542369 0.196820 -0.100929
52000 -3098.20725013 704.20412377 0.451413 5.6231 0.567466 0.195723 0.005336
52100 -3083.83892257 720.82445077 0.462067 5.6231 0.567466 0.195723 0.075196
52200 -3075.09543729 684.03135171 0.438482 5.6231 0.567466 0.195723 0.118953
52300 -3068.48911954 668.33546703 0.428420 5.6231 0.567466 0.195723 0.018072
52400 -3090.84564641 691.29049232 0.443135 5.6231 0.567466 0.195723 -0.017076
52500 -3096.84894362 703.62553893 0.451042 5.6474 0.549016 0.195035 -0.041693
52600 -3054.22980990 681.35147252 0.436764 5.6474 0.549016 0.195035 0.117067
52700 -3083.33842023 701.60896344 0.449749 5.6474 0.549016 0.195035 -0.072167
52800 -3065.49345447 689.52376190 0.442002 5.6474 0.549016 0.195035 0.056568
52900 -3091.71930023 695.61029590 0.445904 5.6474 0.549016 0.195035 0.005903
53000 -3057.08227499 682.93933636 0.437782 5.6487 0.550843 0.203355 0.109893
53100 -3089.69977954 677.93667959 0.434575 5.6487 0.550843 0.203355 0.047713
53200 -3079.16036256 671.99031132 0.430763 5.6487 0.550843 0.203355 -0.050028
53300 -3082.04372223 690.25896029 0.442474 5.6487 0.550843 0.203355 0.046403
53400 -3083.87162180 680.87483495 0.436458 5.6487 0.550843 0.203355 0.002165
53500 -3103.59277092 675.43138877 0.432969 5.5859 0.578990 0.195136 -0.072824
53600 -3075.58343823 682.99258773 0.437816 5.5859 0.578990 0.195136 -0.029093
53700 -3091.84628083 691.05040729 0.442981 5.5859 0.578990 0.195136 -0.073235
53800 -3037.27016855 668.22680752 0.428351 5.5859 0.578990 0.195136 0.059548
53900 -3053.24102074 696.71630369 0.446613 5.5859 0.578990 0.195136 0.072331
54000 -3052.01113566 681.71037238 0.436994 5.6372 0.542959 0.199095 0.011880
54100 -3059.18814396 683.64620415 0.438235 5.6372 0.542959 0.199095 0.071785
54200 -3078.00247603 690.61066403 0.442699 5.6372 0.542959 0.199095 -0.043218
54300 -3056.68489623 670.28010886 0.429667 5.6372 0.542959 0.199095 0.086824
54400 -3089.80895797 691.45767316 0.443242 5.6372 0.542959 0.199095 -0.091666
54500 -3065.37304522 683.53378634 0.438163 5.5962 0.558331 0.198755 0.013158
54600 -3068.16458596 713.05767556 0.457088 5.5962 0.558331 0.198755 0.002562
54700 -3065.66850505 693.90590090 0.444811 5.5962 0.558331 0.198755 0.067807
54800 -3076.48304203 662.52925931 0.424698 5.5962 0.558331 0.198755 0.039551
54900 -3067.78768038 687.68322380 0.440823 5.5962 0.558331 0.198755 0.049277
55000 -3055.20388403 682.17250380 0.437290 5.6410 0.542986 0.201337 0.052777
55100 -3055.60133295 683.49803335 0.438140 5.6410 0.542986 0.201337 0.055291
55200 -3068.27363063 682.47735861 0.437485 5.6410 0.542986 0.201337 0.003527
55300 -3086.10986104 711.55388195 0.456124 5.6410 0.542986 0.201337 -0.005796
55400 -3104.06999398 714.37635485 0.457934 5.6410 0.542986 0.201337 -0.080192
55500 -3090.22998003 682.88427594 0.437746 5.6269 0.554706 0.194529 -0.035909
55600 -3121.46962283 667.21210406 0.427700 5.6269 0.554706 0.194529 -0.118350
55700 -3128.98730088 701.28055696 0.449539 5.6269 0.554706 0.194529 -0.111331
55800 -3119.38464694 697.42131917 0.447065 5.6269 0.554706 0.194529 0.027900
55900 -3104.51827912 697.67829671 0.447230 5.6269 0.554706 0.194529 -0.001942
56000 -3086.03362234 714.43759181 0.457973 5.6423 0.570083 0.192605 0.112019
56100 -3087.98979647 685.26352545 0.439271 5.6423 0.570083 0.192605 -0.051444
56200 -3085.60136105 684.15325585 0.438560 5.6423 0.570083 0.192605 0.037446
56300 -3074.70646932 687.14964354 0.440481 5.6423 0.570083 0.192605 0.062495
56400 -3073.95764465 697.61003333 0.447186 5.6423 0.570083 0.192605 0.022931
56500 -3057.60559970 695.39356882 0.445765 5.6179 0.548866 0.200723 0.019493
56600 -3045.00663549 692.39078490 0.443840 5.6179 0.548866 0.200723 0.007255
56700 -3055.66786096 699.45583087 0.448369 5.6179 0.548866 0.200723 -0.117374
56800 -3044.12913307 682.83928849 0.437717 5.6179 0.548866 0.200723 -0.007422
56900 -3072.75176772 683.14956459 0.437916 5.6179 0.548866 0.200723 0.073038
57000 -3105.29540108 679.79625341 0.435767 5.5833 0.567681 0.197998 -0.058494
57100 -3070.38155460 661.75801581 0.424204 5.5833 0.567681 0.197998 0.038888
57200 -3090.34647637 688.24657215 0.441184 5.5833 0.567681 0.197998 0.048467
57300 -3063.89829382 703.05883609 0.450679 5.5833 0.567681 0.197998 -0.026590
57400 -3085.00573065 676.13013655 0.433417 5.5833 0.567681 0.197998 -0.080736
57500 -3093.29953649 675.23031090 0.432840 5.6192 0.562524 0.197986 -0.137442
57600 -3078.59814068 676.88452782 0.433900 5.6192 0.562524 0.197986 0.024399
57700 -3070.09826901 671.02110569 0.430142 5.6192 0.562524 0.197986 -0.013179
57800 -3051.17646228 673.01334471 0.431419 5.6192 0.562524 0.197986 0.015879
57900 -3054.98664744 687.36137432 0.440616 5.6192 0.562524 0.197986 0.036651
58000 -3075.01906037 709.20911804 0.454621 5.6090 0.553534 0.202734 -0.030235
58100 -3049.53480919 666.67213852 0.427354 5.6090 0.553534 0.202734 0.114038
58200 -3087.79416235 669.19775411 0.428973 5.6090 0.553534 0.202734 -0.041582
58300 -3076.28311009 646.09695195 0.414165 5.6090 0.553534 0.202734 -0.086750
58400 -3077.80226472 680.42055588 0.436167 5.6090 0.553534 0.202734 -0.061441
58500 -3095.84421966 684.52490339 0.438798 5.6231 0.565553 0.200162 -0.092658
58600 -3080.55334507 658.79874675 0.422307 5.6231 0.565553 0.200162 0.042956
58700 -3092.75123262 665.57963661 0.426654 5.6231 0.565553 0.200162 -0.022661
58800 -3101.05589202 689.75942800 0.442153 5.6231 0.565553 0.200162 -0.063142
58900 -3089.44878226 701.02829966 0.449377 5.6231 0.565553 0.200162 0.014992
59000 -3100.41341860 701.15395530 0.449458 5.6705 0.553220 0.196457 0.039730
59100 -3110.93395383 690.44399121 0.442592 5.6705 0.553220 0.196457 -0.030052
59200 -3085.51352930 675.86022546 0.433244 5.6705 0.553220 0.196457 0.003411
59300 -3108.43705885 696.72745760 0.446620 5.6705 0.553220 0.196457 -0.102611
59400 -3080.69765735 670.63131477 0.429892 5.6705 0.553220 0.196457 0.067709
59500 -3061.10468562 687.93648494 0.440985 5.6256 0.555059 0.200077 0.005398
59600 -3066.32408695 693.94812145 0.444839 5.6256 0.555059 0.200077 0.000179
59700 -3072.68939121 692.76265752 0.444079 5.6256 0.555059 0.200077 -0.041419
59800 -3076.71535917 694.74047289 0.445346 5.6256 0.555059 0.200077 -0.012963
59900 -3072.61349555 729.18933955 0.467429 5.6256 0.555059 0.200077 0.134581
60000 -3063.14655794 696.21198881 0.446290 5.6821 0.537856 0.196374 0.075909
60100 -3066.04994921 701.26170702 0.449527 5.6821 0.537856 0.196374 0.036184
60200 -3068.06641123 691.85621262 0.443498 5.6821 0.537856 0.196374 0.017694
60300 -3065.84541909 673.36951513 0.431647 5.6821 0.537856 0.196374 0.004585
60400 -3088.55194183 703.57326808 0.451009 5.6821 0.537856 0.196374 -0.057080
60500 -3093.31959982 688.84387553 0.441567 5.6154 0.556987 0.197242 -0.016355
60600 -3073.56063853 696.09980984 0.446218 5.6154 0.556987 0.197242 0.073811
60700 -3079.51863748 681.06380949 0.436579 5.6154 0.556987 0.197242 0.024561
60800 -3069.58876729 707.02593033 0.453222 5.6154 0.556987 0.197242 -0.012424
60900 -3082.30699405 691.04284903 0.442976 5.6154 0.556987 0.197242 -0.027358
61000 -3059.32585129 684.30476243 0.438657 5.6462 0.539337 0.200481 0.024377
61100 -3055.87323332 689.77550665 0.442164 5.6462 0.539337 0.200481 0.114224
61200 -3073.82179461 685.75202564 0.439585 5.6462 0.539337 0.200481 -0.032325
61300 -3076.85316545 686.15660580 0.439844 5.6462 0.539337 0.200481 -0.000471
61400 -3077.69429206 679.17447316 0.435368 5.6462 0.539337 0.200481 -0.023310
61500 -3084.18292695 672.92501028 0.431362 5.6308 0.549863 0.199808 -0.036179
61600 -3064.12063490 693.39149285 0.444482 5.6308 0.549863 0.199808 -0.006225
61700 -3054.43204935 697.56811172 0.447159 5.6308 0.549863 0.199808 -0.019834
61800 -3037.06094844 667.13411562 0.427650 5.6308 0.549863 0.199808 0.028480
61900 -3060.90848477 728.51850611 0.466999 5.6308 0.549863 0.199808 -0.010735
62000 -3050.86753880 709.65522799 0.454907 5.6577 0.544713 0.196801 -0.050856
62100 -3048.95673734 685.40125940 0.439360 5.6577 0.544713 0.196801 0.055289
62200 -3043.84150414 678.55691503 0.434972 5.6577 0.544713 0.196801 0.042966
62300 -3059.97408094 711.80716430 0.456287 5.6577 0.544713 0.196801 0.026052
62400 -3057.59752736 716.50708232 0.459299 5.6577 0.544713 0.196801 0.019822
62500 -3060.58816967 693.90762716 0.444813 5.6038 0.553749 0.205916 -0.016833
62600 -3048.01398517 698.15012191 0.447532 5.6038 0.553749 0.205916 0.005758
62700 -3035.73766123 706.49767200 0.452883 5.6038 0.553749 0.205916 0.112385
62800 -3055.13285284 711.07869308 0.455820 5.6038 0.553749 0.205916 0.008230
62900 -3032.35756129 684.32905330 0.438672 5.6038 0.553749 0.205916 0.096283
63000 -3061.23002707 715.13752679 0.458421 5.6103 0.560917 0.200349 -0.072481
63100 -3053.08829775 685.87698804 0.439665 5.6103 0.560917 0.200349 -0.022942
63200 -3070.05980064 721.94691125 0.462786 5.6103 0.560917 0.200349 -0.022572
63300 -3063.64999280 703.62886335 0.451044 5.6103 0.560917 0.200349 0.068825
63400 -3058.22387852 670.81482538 0.430010 5.6103 0.560917 0.200349 0.114053
63500 -3083.41413138 685.36243558 0.439335 5.6346 0.550982 0.200055 -0.058003
63600 -3060.94699652 656.36748060 0.420748 5.6346 0.550982 0.200055 0.051573
63700 -3065.54510508 684.37004516 0.438699 5.6346 0.550982 0.200055 -0.004940
63800 -3039.54796624 681.39486091 0.436792 5.6346 0.550982 0.200055 0.036396
63900 -3060.85274883 691.81412246 0.443471 5.6346 0.550982 0.200055 -0.062609
64000 -3072.32409598 690.57085176 0.442674 5.6372 0.558938 0.199162 -0.016961
64100 -3064.01704135 703.29242381 0.450828 5.6372 0.558938 0.199162 0.110226
64200 -3083.10328140 712.46154180 0.456706 5.6372 0.558938 0.199162 -0.014973
64300 -3071.41983950 691.74868054 0.443429 5.6372 0.558938 0.199162 -0.000075
64400 -3070.02905122 688.02616700 0.441042 5.6372 0.558938 0.199162 0.047558
64500 -3041.68296212 676.61971688 0.433731 5.6333 0.553318 0.199745 0.159081
64600 -3055.56094305 697.95214862 0.447405 5.6333 0.553318 0.199745 0.034974
64700 -3068.00140079 700.02029666 0.448731 5.6333 0.553318 0.199745 0.035171
64800 -3071.91193538 680.15237041 0.435995 5.6333 0.553318 0.199745 0.010184
64900 -3059.89751611 671.57712460 0.430498 5.6333 0.553318 0.199745 0.031776
65000 -3085.99825981 674.52149480 0.432386 5.5987 0.560591 0.199624 -0.065879
65100 -3071.35385193 668.66877790 0.428634 5.5987 0.560591 0.199624 0.036810
65200 -3077.05281605 658.08709918 0.421851 5.5987 0.560591 0.199624 0.041551
65300 -3080.80717381 697.77862243 0.447294 5.5987 0.560591 0.199624 -0.070010
65400 -3048.18756478 678.45806109 0.434909 5.5987 0.560591 0.199624 0.105180
65500 -3076.63380364 681.30113237 0.436731 5.6423 0.550890 0.198122 -0.006324
65600 -3073.18897241 731.91196197 0.469174 5.6423 0.550890 0.198122 -0.041796
65700 -3085.74747845 682.58599772 0.437555 5.6423 0.550890 0.198122 -0.049272
65800 -3099.61457886 656.28093592 0.420693 5.6423 0.550890 0.198122 -0.096911
65900 -3083.03405185 660.29535680 0.423266 5.6423 0.550890 0.198122 -0.013910
66000 -3100.84415101 687.32401057 0.440592 5.6192 0.575049 0.195238 0.003704
66100 -3094.47264872 688.32659800 0.441235 5.6192 0.575049 0.195238 0.088782
66200 -3096.06706915 721.18678401 0.462299 5.6192 0.575049 0.195238 0.082902
66300 -3087.41925106 694.16375392 0.444977 5.6192 0.575049 0.195238 0.032878
66400 -3089.59785130 686.28528769 0.439926 5.6192 0.575049 0.195238 0.109674
66500 -3119.96147808 676.68018400 0.433769 5.6333 0.551613 0.193436 -0.004623
66600 -3116.89610257 647.41347993 0.415009 5.6333 0.551613 0.193436 0.042305
66700 -3137.83696941 700.45061625 0.449007 5.6333 0.551613 0.193436 0.013902
66800 -3132.68898238 695.49392210 0.445829 5.6333 0.551613 0.193436 0.019276
66900 -3128.08359418 696.99197492 0.446790 5.6333 0.551613 0.193436 0.009542
67000 -3081.66274538 670.26878544 0.429659 5.6538 0.551118 0.195506 0.130793
67100 -3108.88776674 673.19109148 0.431533 5.6538 0.551118 0.195506 -0.051339
67200 -3094.22545739 674.79512028 0.432561 5.6538 0.551118 0.195506 0.108478
67300 -3081.62992079 691.19371034 0.443073 5.6538 0.551118 0.195506 0.059708
67400 -3061.15668796 695.05855971 0.445550 5.6538 0.551118 0.195506 0.062001
67500 -3062.52808778 703.12132583 0.450719 5.6654 0.538679 0.202572 0.028960
67600 -3073.76503829 685.29195527 0.439290 5.6654 0.538679 0.202572 -0.040773
67700 -3065.03378798 708.72250690 0.454309 5.6654 0.538679 0.202572 0.075221
67800 -3079.47944773 706.65035145 0.452981 5.6654 0.538679 0.202572 0.039415
67900 -3079.56923094 700.52539971 0.449055 5.6654 0.538679 0.202572 0.003679
68000 -3069.42306359 689.52269717 0.442002 5.6256 0.569139 0.192216 0.067625
68100 -3074.53415922 703.71483385 0.451099 5.6256 0.569139 0.192216 -0.090483
68200 -3069.98019538 687.75884952 0.440871 5.6256 0.569139 0.192216 -0.112094
68300 -3060.74827560 680.90050125 0.436475 5.6256 0.569139 0.192216 -0.083567
68400 -3062.89672930 689.42352872 0.441938 5.6256 0.569139 0.192216 0.026579
68500 -3068.81451590 690.93420079 0.442907 5.6333 0.554289 0.196823 0.015910
68600 -3046.65511387 689.74838834 0.442146 5.6333 0.554289 0.196823 0.192609
68700 -3075.93942794 709.56873212 0.454852 5.6333 0.554289 0.196823 -0.111041
68800 -3042.02066449 699.82040709 0.448603 5.6333 0.554289 0.196823 0.048388
68900 -3073.54848627 702.35266430 0.450226 5.6333 0.554289 0.196823 0.061941
69000 -3053.60856251 668.80458260 0.428721 5.6385 0.554503 0.202863 -0.017299
69100 -3053.41205120 681.09502764 0.436599 5.6385 0.554503 0.202863 0.000168
69200 -3042.70638995 683.67417191 0.438253 5.6385 0.554503 0.202863 0.008788
69300 -3052.99552569 693.23017688 0.444378 5.6385 0.554503 0.202863 -0.056003
69400 -3056.83867287 714.22939833 0.457839 5.6385 0.554503 0.202863 -0.052199
69500 -3049.96588649 708.79546473 0.454356 5.6462 0.545621 0.201962 0.030399
69600 -3032.72057281 708.83695740 0.454383 5.6462 0.545621 0.201962 0.041528
69700 -3043.85973483 708.71175682 0.454302 5.6462 0.545621 0.201962 -0.000462
69800 -3023.92613252 700.57587750 0.449087 5.6462 0.545621 0.201962 0.091597
69900 -3029.74715691 707.42448740 0.453477 5.6462 0.545621 0.201962 0.017796
70000 -3059.27431123 673.67837767 0.431845 5.6744 0.550602 0.194726 -0.096249
70100 -3039.38475446 714.78736898 0.458197 5.6744 0.550602 0.194726 0.027060
70200 -3048.53264417 722.75194431 0.463303 5.6744 0.550602 0.194726 -0.029616
70300 -3048.09896741 709.32051810 0.454693 5.6744 0.550602 0.194726 0.121580
70400 -3022.68199692 677.58545408 0.434350 5.6744 0.550602 0.194726 0.229312
70500 -3049.03174982 710.26549844 0.455298 5.6628 0.540913 0.195896 0.063327
70600 -3082.68055961 721.45865391 0.462473 5.6628 0.540913 0.195896 -0.000837
70700 -3055.90611802 675.13637441 0.432780 5.6628 0.540913 0.195896 -0.056899
70800 -3036.57113962 696.65757464 0.446575 5.6628 0.540913 0.195896 -0.028372
70900 -3051.54624338 669.61878295 0.429243 5.6628 0.540913 0.195896 -0.018278
71000 -3038.68690338 657.33876892 0.421371 5.6256 0.558338 0.196632 0.012329
71100 -3047.35751506 671.27921230 0.430307 5.6256 0.558338 0.196632 -0.019549
71200 -3050.32117064 679.10341303 0.435323 5.6256 0.558338 0.196632 -0.006771
71300 -3040.70156357 671.75929715 0.430615 5.6256 0.558338 0.196632 -0.026889
71400 -3019.77055505 683.85578886 0.438369 5.6256 0.558338 0.196632 0.135042
71500 -3032.49437860 700.64270092 0.449130 5.6282 0.544930 0.201456 -0.003559
71600 -3042.89629246 694.58817681 0.445249 5.6282 0.544930 0.201456 -0.025829
71700 -3017.82590868 699.64875619 0.448493 5.6282 0.544930 0.201456 0.061376
71800 -3015.85989655 688.86319789 0.441579 5.6282 0.544930 0.201456 -0.031510
71900 -3025.03409074 690.39671047 0.442562 5.6282 0.544930 0.201456 -0.083197
72000 -3027.83753024 725.17499857 0.464856 5.6051 0.556685 0.203727 -0.052177
72100 -2999.17013392 688.64043306 0.441436 5.6051 0.556685 0.203727 0.087140
72200 -3033.70572765 695.92444702 0.446105 5.6051 0.556685 0.203727 -0.013988
72300 -3034.37809993 686.41470733 0.440009 5.6051 0.556685 0.203727 -0.038723
72400 -3026.99123902 695.42783567 0.445787 5.6051 0.556685 0.203727 -0.063639
72500 -3030.70310547 703.59961533 0.451025 5.6154 0.552738 0.197593 0.021442
72600 -3014.75649538 679.66585202 0.435683 5.6154 0.552738 0.197593 0.009583
72700 -3016.83069941 664.32177185 0.425847 5.6154 0.552738 0.197593 0.082517
72800 -3048.35836234 706.93172632 0.453161 5.6154 0.552738 0.197593 -0.094922
72900 -3024.34030571 706.23843069 0.452717 5.6154 0.552738 0.197593 0.023771
73000 -3019.80337786 684.22245663 0.438604 5.6641 0.529888 0.197783 0.038140
73100 -3044.19009580 711.84222322 0.456309 5.6641 0.529888 0.197783 -0.041824
73200 -3038.33110008 681.32864196 0.436749 5.6641 0.529888 0.197783 -0.083898
73300 -3038.72732047 679.10525068 0.435324 5.6641 0.529888 0.197783 -0.074897
73400 -3031.01275274 694.93858670 0.445473 5.6641 0.529888 0.197783 0.006263
73500 -3039.03393787 692.43086925 0.443866 5.6385 0.543752 0.193821 -0.013085
73600 -3034.63052366 681.04988229 0.436570 5.6385 0.543752 0.193821 0.020869
73700 -3029.89736485 685.73402565 0.439573 5.6385 0.543752 0.193821 -0.000422
73800 -3027.79487127 696.90284112 0.446733 5.6385 0.543752 0.193821 0.065794
73900 -3037.58824310 691.31441217 0.443150 5.6385 0.543752 0.193821 -0.063054
74000 -3042.51070720 684.47027927 0.438763 5.6397 0.536328 0.196645 -0.102947
74100 -3075.41894547 661.07285636 0.423765 5.6397 0.536328 0.196645 -0.122170
74200 -3057.36910902 643.87828526 0.412742 5.6397 0.536328 0.196645 0.042263
74300 -3048.71596930 681.38589964 0.436786 5.6397 0.536328 0.196645 -0.046370
74400 -3037.94640512 680.72515732 0.436362 5.6397 0.536328 0.196645 0.061068
74500 -3056.29394590 697.31469316 0.446997 5.6641 0.553597 0.192777 -0.017454
74600 -3045.64065280 658.29793513 0.421986 5.6641 0.553597 0.192777 -0.005891
74700 -3051.91591986 665.17338692 0.426393 5.6641 0.553597 0.192777 -0.054306
74800 -3056.02395690 676.01208982 0.433341 5.6641 0.553597 0.192777 -0.034773
74900 -3051.33502860 692.18709142 0.443710 5.6641 0.553597 0.192777 -0.017774
75000 -3057.74163413 698.54943974 0.447788 5.6667 0.551844 0.193913 0.032407
75100 -3058.15362903 665.92019602 0.426872 5.6667 0.551844 0.193913 0.004358
75200 -3076.59936483 677.75999658 0.434462 5.6667 0.551844 0.193913 -0.061761
75300 -3097.27605882 672.47852123 0.431076 5.6667 0.551844 0.193913 -0.144531
75400 -3064.80938852 673.26586036 0.431581 5.6667 0.551844 0.193913 0.016477
75500 -3071.05089411 680.68551522 0.436337 5.6423 0.559612 0.193179 -0.010044
75600 -3081.23207006 671.54223953 0.430476 5.6423 0.559612 0.193179 -0.073942
75700 -3052.33804724 676.33879327 0.433551 5.6423 0.559612 0.193179 0.048201
75800 -3065.44232621 670.20608737 0.429619 5.6423 0.559612 0.193179 0.002302
75900 -3071.38435272 702.67175522 0.450431 5.6423 0.559612 0.193179 0.010250
76000 -3085.80214922 684.38638663 0.438709 5.6192 0.552123 0.200666 -0.049214
76100 -3067.79566115 671.24745601 0.430287 5.6192 0.552123 0.200666 -0.005940
76200 -3058.56459603 691.97010117 0.443571 5.6192 0.552123 0.200666 -0.023688
76300 -3073.05642510 703.68701172 0.451081 5.6192 0.552123 0.200666 -0.024970
76400 -3056.57224452 684.21606601 0.438600 5.6192 0.552123 0.200666 0.084467
76500 -3063.61063573 656.94841187 0.421121 5.6833 0.551333 0.191330 0.003493
76600 -3078.46359652 678.69568556 0.435061 5.6833 0.551333 0.191330 0.018166
76700 -3088.73851963 683.28771851 0.438005 5.6833 0.551333 0.191330 -0.064373
76800 -3085.57864134 689.79511216 0.442176 5.6833 0.551333 0.191330 -0.034251
76900 -3076.00657285 712.49150656 0.456725 5.6833 0.551333 0.191330 0.008799
77000 -3038.42283091 680.08669665 0.435953 5.6385 0.557435 0.200103 0.044338
77100 -3043.65738390 676.56011833 0.433692 5.6385 0.557435 0.200103 -0.031475
77200 -3068.95514656 693.46693930 0.444530 5.6385 0.557435 0.200103 -0.125948
77300 -3041.06040884 692.49489351 0.443907 5.6385 0.557435 0.200103 0.044130
77400 -3061.13513464 670.43995217 0.429769 5.6385 0.557435 0.200103 -0.057329
77500 -3057.02935509 670.81681591 0.430011 5.6218 0.551428 0.200465 -0.017934
77600 -3055.39631219 654.94565603 0.419837 5.6218 0.551428 0.200465 -0.016557
77700 -3067.44224339 636.19957501 0.407820 5.6218 0.551428 0.200465 -0.066261
77800 -3081.47136771 689.20374884 0.441797 5.6218 0.551428 0.200465 -0.036387
77900 -3070.10624237 683.05918296 0.437858 5.6218 0.551428 0.200465 0.048522
78000 -3081.36831624 694.11862755 0.444948 5.6244 0.564673 0.196406 0.109343
78100 -3074.43815971 701.50551086 0.449683 5.6244 0.564673 0.196406 0.039976
78200 -3046.86810312 683.04486647 0.437849 5.6244 0.564673 0.196406 0.001668
78300 -3016.87186265 677.24722223 0.434133 5.6244 0.564673 0.196406 0.162742
78400 -3026.93605857 698.55013800 0.447789 5.6244 0.564673 0.196406 0.073956
78500 -3044.49363598 703.85373707 0.451188 5.6487 0.551100 0.198675 -0.010254
78600 -3045.95094977 689.52850437 0.442005 5.6487 0.551100 0.198675 0.067207
78700 -3040.69730082 688.24364403 0.441182 5.6487 0.551100 0.198675 0.056672
78800 -3030.45364234 655.88157374 0.420437 5.6487 0.551100 0.198675 0.057553
78900 -3023.16140692 654.71206558 0.419687 5.6487 0.551100 0.198675 0.052927
79000 -3025.87305443 659.34130454 0.422655 5.5923 0.537148 0.210034 0.027485
79100 -3019.28853712 659.56509724 0.422798 5.5923 0.537148 0.210034 -0.024698
79200 -3027.25272343 701.80592674 0.449876 5.5923 0.537148 0.210034 0.006502
79300 -3038.13386468 705.91431145 0.452509 5.5923 0.537148 0.210034 0.020294
79400 -3038.09923503 696.27490507 0.446330 5.5923 0.537148 0.210034 0.102249
79500 -3048.80724216 711.85195607 0.456315 5.6013 0.564238 0.197328 0.065800
79600 -3025.09943310 690.38247629 0.442553 5.6013 0.564238 0.197328 0.032127
79700 -3035.86194446 696.18868121 0.446275 5.6013 0.564238 0.197328 0.100845
79800 -3035.30774755 672.00237990 0.430771 5.6013 0.564238 0.197328 0.003315
79900 -3050.49672207 653.61254382 0.418982 5.6013 0.564238 0.197328 0.025137
80000 -3056.83717539 652.45644151 0.418241 5.6154 0.557411 0.201751 -0.023918
80100 -3060.05437734 699.17218812 0.448187 5.6154 0.557411 0.201751 -0.027883
80200 -3054.02481640 691.82041031 0.443475 5.6154 0.557411 0.201751 0.024584
80300 -3039.30531658 677.29214184 0.434162 5.6154 0.557411 0.201751 -0.007424
80400 -3068.61970122 651.86644201 0.417863 5.6154 0.557411 0.201751 -0.140415
80500 -3077.36594054 670.80471881 0.430003 5.6513 0.553020 0.194580 -0.022843
80600 -3094.38080051 672.22153490 0.430911 5.6513 0.553020 0.194580 -0.085435
80700 -3072.19291625 681.42118696 0.436808 5.6513 0.553020 0.194580 0.002745
80800 -3073.16336451 693.45631446 0.444523 5.6513 0.553020 0.194580 -0.019823
80900 -3081.66371515 706.03769778 0.452588 5.6513 0.553020 0.194580 0.035636
81000 -3086.82522250 702.71075954 0.450456 5.6346 0.563879 0.194006 -0.030146
81100 -3061.72626150 681.90365534 0.437118 5.6346 0.563879 0.194006 0.013593
81200 -3057.69253586 688.51203766 0.441354 5.6346 0.563879 0.194006 -0.034232
81300 -3031.86015771 664.44146743 0.425924 5.6346 0.563879 0.194006 0.087880
81400 -3059.02792056 704.09729600 0.451344 5.6346 0.563879 0.194006 -0.014027
81500 -3075.51626447 708.58268841 0.454220 5.6256 0.567269 0.191814 -0.021124
81600 -3067.20417033 703.65467662 0.451061 5.6256 0.567269 0.191814 -0.002107
81700 -3067.76485855 669.46581210 0.429145 5.6256 0.567269 0.191814 -0.052591
81800 -3069.82739131 653.88436809 0.419157 5.6256 0.567269 0.191814 -0.063012
81900 -3061.69509214 692.08660975 0.443645 5.6256 0.567269 0.191814 0.076236
82000 -3076.68527027 672.70116823 0.431219 5.6359 0.557545 0.197057 -0.050149
82100 -3054.72713532 690.55934246 0.442666 5.6359 0.557545 0.197057 0.008665
82200 -3055.20313210 691.64192422 0.443360 5.6359 0.557545 0.197057 0.013406
82300 -3048.11933792 702.73404923 0.450471 5.6359 0.557545 0.197057 0.021645
82400 -3059.54130372 701.12803750 0.449441 5.6359 0.557545 0.197057 -0.008996
82500 -3076.37910816 717.50521952 0.459939 5.6641 0.552378 0.188271 -0.003213
82600 -3072.94460964 685.21831799 0.439243 5.6641 0.552378 0.188271 -0.020347
82700 -3087.63843889 685.56836020 0.439467 5.6641 0.552378 0.188271 0.047080
82800 -3071.00611711 669.90471668 0.429426 5.6641 0.552378 0.188271 0.072276
82900 -3076.59404843 684.35013356 0.438686 5.6641 0.552378 0.188271 0.013556
83000 -3064.83065955 668.31141841 0.428405 5.6295 0.554227 0.196585 0.048445
83100 -3055.51760173 653.54155796 0.418937 5.6295 0.554227 0.196585 0.097163
83200 -3081.97827757 674.05404014 0.432086 5.6295 0.554227 0.196585 -0.086879
83300 -3074.07779600 666.11292817 0.426995 5.6295 0.554227 0.196585 -0.019568
83400 -3083.61488220 681.21456667 0.436676 5.6295 0.554227 0.196585 -0.024381
83500 -3075.74584740 663.14092785 0.425090 5.6244 0.556564 0.193823 -0.028887
83600 -3067.97302396 659.99328578 0.423073 5.6244 0.556564 0.193823 0.002086
83700 -3073.14449827 685.30991357 0.439301 5.6244 0.556564 0.193823 0.029432
83800 -3051.47998778 678.61109915 0.435007 5.6244 0.556564 0.193823 0.002235
83900 -3048.87923848 670.85215563 0.430033 5.6244 0.556564 0.193823 0.045651
84000 -3058.66604288 673.64790290 0.431826 5.6705 0.556212 0.195488 0.035428
84100 -3050.92553733 664.22960901 0.425788 5.6705 0.556212 0.195488 0.070125
84200 -3060.33580019 687.64345861 0.440797 5.6705 0.556212 0.195488 -0.030451
84300 -3050.82019659 672.41243737 0.431034 5.6705 0.556212 0.195488 0.097544
84400 -3056.06741168 683.12686203 0.437902 5.6705 0.556212 0.195488 0.071666
84500 -3056.84862281 702.49987790 0.450320 5.6949 0.534838 0.199509 -0.021084
84600 -3050.17990641 711.88685169 0.456338 5.6949 0.534838 0.199509 0.086512
84700 -3033.68408867 705.10871688 0.451993 5.6949 0.534838 0.199509 0.080350
84800 -3077.04955065 709.36636706 0.454722 5.6949 0.534838 0.199509 -0.123347
84900 -3048.00350660 721.46190653 0.462476 5.6949 0.534838 0.199509 0.064812
85000 -3046.96526059 703.89164872 0.451213 5.6910 0.544281 0.197352 0.073570
85100 -3055.19712047 709.82917516 0.455019 5.6910 0.544281 0.197352 0.005739
85200 -3038.87456111 680.04700878 0.435928 5.6910 0.544281 0.197352 0.085833
85300 -3052.30746912 686.72106569 0.440206 5.6910 0.544281 0.197352 0.088161
85400 -3079.04167891 699.29089798 0.448263 5.6910 0.544281 0.197352 -0.069216
85500 -3053.21393764 661.18939957 0.423839 5.6577 0.544227 0.199313 0.047185
85600 -3072.23949864 671.54121967 0.430475 5.6577 0.544227 0.199313 -0.037840
85700 -3067.18429051 694.72702988 0.445338 5.6577 0.544227 0.199313 0.067163
85800 -3063.22087435 698.89117211 0.448007 5.6577 0.544227 0.199313 0.042903
85900 -3100.84433295 690.91531239 0.442894 5.6577 0.544227 0.199313 -0.008064
86000 -3099.07535478 682.06902576 0.437224 5.7436 0.544601 0.190824 0.022714
86100 -3080.83623904 678.91603723 0.435203 5.7436 0.544601 0.190824 0.101552
86200 -3090.79389135 708.78889950 0.454352 5.7436 0.544601 0.190824 0.060503
86300 -3081.95727589 664.82992832 0.426173 5.7436 0.544601 0.190824 0.036180
86400 -3046.61168008 633.82753740 0.406300 5.7436 0.544601 0.190824 0.127544
86500 -3054.93401821 670.17087665 0.429597 5.6962 0.553689 0.191354 0.011768
86600 -3076.40760919 679.43399263 0.435535 5.6962 0.553689 0.191354 0.006189
86700 -3084.46382725 682.51900427 0.437512 5.6962 0.553689 0.191354 -0.038292
86800 -3063.81049981 668.85408219 0.428753 5.6962 0.553689 0.191354 0.029716
86900 -3053.62980205 671.58253412 0.430502 5.6962 0.553689 0.191354 0.068975
87000 -3058.20660601 697.39285189 0.447047 5.7218 0.527377 0.195689 -0.117244
87100 -3032.86169953 695.46367551 0.445810 5.7218 0.527377 0.195689 -0.018937
87200 -3036.02966673 684.73209016 0.438931 5.7218 0.527377 0.195689 0.052286
87300 -3012.90690474 699.97265350 0.448700 5.7218 0.527377 0.195689 0.123590
87400 -3016.27900718 701.15773925 0.449460 5.7218 0.527377 0.195689 0.023826
87500 -3014.95712305 685.31692492 0.439306 5.7013 0.532754 0.200374 -0.000381
87600 -3014.94927350 678.07312451 0.434662 5.7013 0.532754 0.200374 0.039392
87700 -3036.51532055 691.50662818 0.443273 5.7013 0.532754 0.200374 -0.042010
87800 -3031.73478388 685.08877398 0.439159 5.7013 0.532754 0.200374 -0.004265
87900 -3025.28495007 707.70068142 0.453654 5.7013 0.532754 0.200374 0.062031
88000 -3036.79543830 707.07006652 0.453250 5.6487 0.548179 0.195845 0.034206
88100 -3048.58118686 677.47637393 0.434280 5.6487 0.548179 0.195845 -0.041361
88200 -3027.37135097 680.03093137 0.435917 5.6487 0.548179 0.195845 0.118451
88300 -3034.45952017 694.09067054 0.444930 5.6487 0.548179 0.195845 -0.001159
88400 -3027.39472239 677.94928981 0.434583 5.6487 0.548179 0.195845 -0.011529
88500 -3047.76566627 704.57250788 0.451649 5.6679 0.543594 0.194076 -0.033877
88600 -3037.30160100 678.53271415 0.434957 5.6679 0.543594 0.194076 -0.028591
88700 -3034.49806546 709.55062714 0.454840 5.6679 0.543594 0.194076 -0.068711
88800 -3021.10730923 689.57805093 0.442037 5.6679 0.543594 0.194076 0.017019
88900 -3026.02075051 683.69380671 0.438265 5.6679 0.543594 0.194076 0.054001
89000 -3036.40751217 686.96626674 0.440363 5.6564 0.549534 0.198070 -0.052851
89100 -3027.55878325 683.48819279 0.438133 5.6564 0.549534 0.198070 0.014521
89200 -3036.98088940 663.53321771 0.425342 5.6564 0.549534 0.198070 0.020656
89300 -3022.46843442 675.24137421 0.432847 5.6564 0.549534 0.198070 0.034748
89400 -3036.88789980 712.97339720 0.457034 5.6564 0.549534 0.198070 -0.011082
89500 -3051.65140222 681.39655714 0.436793 5.7013 0.544886 0.193629 -0.051336
89600 -3064.97193565 685.09227616 0.439162 5.7013 0.544886 0.193629 -0.003717
89700 -3048.92185571 693.25042016 0.444391 5.7013 0.544886 0.193629 0.014610
89800 -3059.82378738 708.01933183 0.453859 5.7013 0.544886 0.193629 0.083085
89900 -3043.14435070 688.42521953 0.441298 5.7013 0.544886 0.193629 0.052276
90000 -3054.76485452 674.50564579 0.432375 5.7026 0.543845 0.194715 0.017195
90100 -3074.88345593 691.29695322 0.443139 5.7026 0.543845 0.194715 0.035902
90200 -3067.97524889 671.43327078 0.430406 5.7026 0.543845 0.194715 0.015584
90300 -3089.73027632 702.51055859 0.450327 5.7026 0.543845 0.194715 -0.007453
90400 -3084.28899870 697.79059185 0.447302 5.7026 0.543845 0.194715 0.034193
90500 -3055.40930507 643.89829017 0.412755 5.6590 0.550615 0.193285 0.009844
90600 -3053.77049027 664.15230286 0.425739 5.6590 0.550615 0.193285 0.001438
90700 -3052.74104548 695.37438813 0.445753 5.6590 0.550615 0.193285 -0.011904
90800 -3038.07300255 686.18547418 0.439862 5.6590 0.550615 0.193285 0.016121
90900 -3043.93504193 694.62327267 0.445271 5.6590 0.550615 0.193285 -0.044258
91000 -3039.90899316 670.88072352 0.430052 5.6333 0.547068 0.199183 -0.061635
91100 -3052.30982660 715.74436782 0.458810 5.6333 0.547068 0.199183 -0.032563
91200 -3056.49273363 702.72129512 0.450462 5.6333 0.547068 0.199183 -0.038166
91300 -3033.66658173 684.69133586 0.438905 5.6333 0.547068 0.199183 0.112597
91400 -3046.90046923 676.83640246 0.433869 5.6333 0.547068 0.199183 -0.018530
91500 -3047.24855239 673.51768611 0.431742 5.6846 0.547171 0.188446 -0.011868
91600 -3072.79891829 671.85361064 0.430675 5.6846 0.547171 0.188446 -0.074373
91700 -3064.88082253 681.65052990 0.436955 5.6846 0.547171 0.188446 -0.017009
91800 -3033.09301691 657.97417867 0.421778 5.6846 0.547171 0.188446 0.030013
91900 -3037.11608248 703.11889348 0.450717 5.6846 0.547171 0.188446 -0.095603
92000 -3025.31363091 663.32094642 0.425206 5.7000 0.534138 0.196957 -0.067574
92100 -3002.62571159 665.17010781 0.426391 5.7000 0.534138 0.196957 0.015513
92200 -3049.49584764 703.23890651 0.450794 5.7000 0.534138 0.196957 -0.088623
92300 -3053.34345461 701.39660132 0.449613 5.7000 0.534138 0.196957 -0.017908
92400 -3057.02887113 730.62014563 0.468346 5.7000 0.534138 0.196957 0.004710
92500 -3062.01936556 721.38663237 0.462427 5.6410 0.552110 0.197639 0.020809
92600 -3064.17791789 691.55328718 0.443303 5.6410 0.552110 0.197639 0.007242
92700 -3053.51949112 649.68186971 0.416463 5.6410 0.552110 0.197639 -0.021237
92800 -3052.24690193 674.71662112 0.432511 5.6410 0.552110 0.197639 -0.032448
92900 -3050.56105147 674.64318070 0.432464 5.6410 0.552110 0.197639 0.045768
93000 -3041.35981811 673.82652174 0.431940 5.6500 0.549209 0.201508 0.056208
93100 -3066.35813608 675.88753874 0.433261 5.6500 0.549209 0.201508 -0.049651
93200 -3063.19204920 658.82867315 0.422326 5.6500 0.549209 0.201508 0.022957
93300 -3068.57635988 655.41531402 0.420138 5.6500 0.549209 0.201508 0.002836
93400 -3072.09746419 689.74425115 0.442144 5.6500 0.549209 0.201508 0.011061
93500 -3077.63489789 690.79441676 0.442817 5.6744 0.543521 0.190177 -0.005284
93600 -3075.76601450 684.78470474 0.438965 5.6744 0.543521 0.190177 -0.022953
93700 -3077.05646197 682.16490871 0.437285 5.6744 0.543521 0.190177 -0.016911
93800 -3078.18724920 675.26427045 0.432862 5.6744 0.543521 0.190177 -0.079678
93900 -3089.36599360 656.60895679 0.420903 5.6744 0.543521 0.190177 -0.007578
94000 -3083.23392908 674.12434212 0.432131 5.6987 0.552879 0.192433 0.057552
94100 -3094.05564179 684.45605489 0.438754 5.6987 0.552879 0.192433 0.056221
94200 -3126.91320375 705.02582117 0.451940 5.6987 0.552879 0.192433 0.053623
94300 -3115.67823556 672.16038222 0.430872 5.6987 0.552879 0.192433 -0.013000
94400 -3103.93005338 682.34162723 0.437398 5.6987 0.552879 0.192433 0.042895
94500 -3101.82531464 674.42096975 0.432321 5.6910 0.573264 0.189285 -0.071520
94600 -3097.62119048 648.76889731 0.415877 5.6910 0.573264 0.189285 0.010030
94700 -3104.06915530 677.93372220 0.434573 5.6910 0.573264 0.189285 -0.039866
94800 -3078.70091391 664.58320372 0.426015 5.6910 0.573264 0.189285 0.011278
94900 -3085.89927354 687.78855162 0.440890 5.6910 0.573264 0.189285 -0.002339
95000 -3080.51922931 696.83054715 0.446686 5.6769 0.556261 0.192000 -0.036075
95100 -3088.72244610 680.10683401 0.435966 5.6769 0.556261 0.192000 -0.052000
95200 -3059.98013030 678.99168474 0.435251 5.6769 0.556261 0.192000 0.051040
95300 -3081.83772500 703.07668698 0.450690 5.6769 0.556261 0.192000 0.038970
95400 -3062.55433716 693.02737730 0.444248 5.6769 0.556261 0.192000 0.145196
95500 -3065.75608045 690.19918323 0.442435 5.7013 0.547412 0.191729 0.087742
95600 -3062.89795618 700.18991556 0.448840 5.7013 0.547412 0.191729 0.005095
95700 -3056.14463074 681.93753978 0.437139 5.7013 0.547412 0.191729 -0.011413
95800 -3066.53560055 693.18291048 0.444348 5.7013 0.547412 0.191729 0.042008
95900 -3040.91405805 686.96609790 0.440363 5.7013 0.547412 0.191729 0.185440
96000 -3062.34835846 701.04435484 0.449387 5.7167 0.551937 0.192188 0.081799
96100 -3061.82545472 704.27789073 0.451460 5.7167 0.551937 0.192188 0.022712
96200 -3077.41831581 682.39693622 0.437434 5.7167 0.551937 0.192188 -0.017474
96300 -3083.46999003 694.67482609 0.445304 5.7167 0.551937 0.192188 -0.053658
96400 -3067.96482845 689.88703266 0.442235 5.7167 0.551937 0.192188 0.054664
96500 -3077.02782007 696.91145378 0.446738 5.6949 0.552824 0.191424 -0.043642
96600 -3055.48036080 688.89433827 0.441599 5.6949 0.552824 0.191424 0.001764
96700 -3048.53073952 681.40325040 0.436797 5.6949 0.552824 0.191424 0.016244
96800 -3055.81626287 696.75629522 0.446639 5.6949 0.552824 0.191424 -0.052394
96900 -3016.50325425 676.90545626 0.433914 5.6949 0.552824 0.191424 0.030103
97000 -3030.22346290 675.24854892 0.432852 5.6808 0.539846 0.197597 0.044927
97100 -3059.54054424 672.96287848 0.431386 5.6808 0.539846 0.197597 -0.024126
97200 -3041.37964231 663.04695993 0.425030 5.6808 0.539846 0.197597 0.079803
97300 -3046.50166898 672.78206785 0.431271 5.6808 0.539846 0.197597 -0.020892
97400 -3049.24079824 662.97976688 0.424987 5.6808 0.539846 0.197597 0.004003
97500 -3068.07455630 712.34117503 0.456629 5.6859 0.549793 0.190285 -0.004885
97600 -3025.42181224 666.58564839 0.427298 5.6859 0.549793 0.190285 0.141538
97700 -3045.09924586 700.90252808 0.449296 5.6859 0.549793 0.190285 0.059844
97800 -3052.55019598 683.91488684 0.438407 5.6859 0.549793 0.190285 0.006923
97900 -3029.16391586 697.50828966 0.447121 5.6859 0.549793 0.190285 0.162691
98000 -3052.44666428 690.52449846 0.442644 5.7103 0.548726 0.187374 -0.059889
98100 -3063.91541791 688.96936970 0.441647 5.7103 0.548726 0.187374 -0.063998
98200 -3050.33686612 678.21784288 0.434755 5.7103 0.548726 0.187374 -0.013129
98300 -3044.04793285 675.09030276 0.432750 5.7103 0.548726 0.187374 -0.029612
98400 -3028.12143842 667.75739004 0.428050 5.7103 0.548726 0.187374 0.015247
98500 -3041.30004051 690.10448467 0.442375 5.6936 0.547684 0.190774 0.025029
98600 -3045.24883202 685.78018359 0.439603 5.6936 0.547684 0.190774 -0.024730
98700 -3031.77295250 677.63235272 0.434380 5.6936 0.547684 0.190774 -0.004080
98800 -3033.95014433 673.03822549 0.431435 5.6936 0.547684 0.190774 0.021157
98900 -3049.82585417 687.63384421 0.440791 5.6936 0.547684 0.190774 -0.031530
99000 -3013.22498508 669.68603272 0.429286 5.6795 0.532648 0.197775 0.017177
99100 -3000.51746427 675.49600206 0.433010 5.6795 0.532648 0.197775 0.015327
99200 -3039.74148224 670.98155358 0.430116 5.6795 0.532648 0.197775 -0.063117
99300 -3049.70420238 662.54713553 0.424710 5.6795 0.532648 0.197775 0.057435
99400 -3055.82948068 648.60909466 0.415775 5.6795 0.532648 0.197775 -0.040991
99500 -3054.74434965 675.35762050 0.432922 5.6923 0.551982 0.194274 -0.056641
99600 -3055.33251357 668.83931770 0.428743 5.6923 0.551982 0.194274 -0.020524
99700 -3028.14709098 686.40593796 0.440004 5.6923 0.551982 0.194274 0.066399
99800 -3033.61231493 656.81922619 0.421038 5.6923 0.551982 0.194274 -0.004300
99900 -3048.56683829 696.50962050 0.446481 5.6923 0.551982 0.194274 -0.068727
100000 -3050.10711726 687.33447975 0.440599 5.7077 0.545448 0.186622 -0.048105
100100 -3018.39091748 677.73121881 0.434443 5.7077 0.545448 0.186622 0.062487
100200 -3037.80556282 710.79941157 0.455641 5.7077 0.545448 0.186622 -0.048158
100300 -3034.40447491 710.82510425 0.455657 5.7077 0.545448 0.186622 -0.058562
100400 -3013.27522893 692.71152883 0.444046 5.7077 0.545448 0.186622 0.106108
100500 -3008.12829552 668.93975387 0.428808 5.6821 0.540249 0.192421 -0.025131
100600 -3015.86288986 650.79765234 0.417178 5.6821 0.540249 0.192421 0.018399
100700 -3013.41188282 691.10228445 0.443014 5.6821 0.540249 0.192421 0.056202
100800 -3020.36767271 698.53381624 0.447778 5.6821 0.540249 0.192421 -0.075818
100900 -3013.77283591 696.01226698 0.446162 5.6821 0.540249 0.192421 -0.031903
101000 -3003.57707294 697.03830566 0.446819 5.7026 0.530327 0.198024 -0.069194
101100 -2990.53541837 707.58626556 0.453581 5.7026 0.530327 0.198024 0.056112
101200 -2989.86530699 699.05043887 0.448109 5.7026 0.530327 0.198024 0.075759
101300 -3017.35083695 709.27741211 0.454665 5.7026 0.530327 0.198024 0.008044
101400 -3017.09182913 692.67451245 0.444022 5.7026 0.530327 0.198024 0.008341
101500 -3011.51906834 713.62681552 0.457453 5.6590 0.541339 0.203583 -0.005208
101600 -2979.23798792 704.10957001 0.451352 5.6590 0.541339 0.203583 0.062720
101700 -3012.00965508 658.86177348 0.422347 5.6590 0.541339 0.203583 -0.024214
101800 -3036.78880950 697.23198514 0.446944 5.6590 0.541339 0.203583 -0.062730
101900 -3036.59945734 674.85991159 0.432603 5.6590 0.541339 0.203583 0.016597
102000 -3016.69987920 699.24979696 0.448237 5.6910 0.531223 0.192182 0.061671
102100 -3040.59788197 711.42289255 0.456040 5.6910 0.531223 0.192182 -0.024669
102200 -3058.19014557 682.26899194 0.437352 5.6910 0.531223 0.192182 -0.006668
102300 -3047.90187495 667.93485404 0.428163 5.6910 0.531223 0.192182 0.051503
102400 -3065.94464535 655.97410785 0.420496 5.6910 0.531223 0.192182 0.043662
102500 -3052.40348938 680.57848316 0.436268 5.6744 0.543486 0.197294 0.015407
102600 -3026.76690184 658.22058893 0.421936 5.6744 0.543486 0.197294 -0.008040
102700 -3035.14467940 667.64762648 0.427979 5.6744 0.543486 0.197294 -0.034715
102800 -3036.07639323 653.76830215 0.419082 5.6744 0.543486 0.197294 0.089985
102900 -3052.16518651 677.66925157 0.434403 5.6744 0.543486 0.197294 -0.047377
103000 -3043.49826017 689.65291993 0.442085 5.6718 0.541401 0.198010 -0.047949
103100 -3036.14244031 680.75006957 0.436378 5.6718 0.541401 0.198010 -0.009379
103200 -3037.90005509 644.01842072 0.412832 5.6718 0.541401 0.198010 0.073611
103300 -3045.41733933 677.63432487 0.434381 5.6718 0.541401 0.198010 -0.087317
103400 -3028.56983535 708.33147412 0.454059 5.6718 0.541401 0.198010 0.012478
103500 -3022.16892012 654.46715925 0.419530 5.6744 0.552543 0.196578 -0.004646
103600 -3072.23571832 671.16311732 0.430233 5.6744 0.552543 0.196578 -0.088247
103700 -3063.50020655 689.86317408 0.442220 5.6744 0.552543 0.196578 0.005786
103800 -3033.30117241 685.07491912 0.439151 5.6744 0.552543 0.196578 0.070743
103900 -3025.44262151 716.77606871 0.459472 5.6744 0.552543 0.196578 0.095214
104000 -3030.54885954 713.86976610 0.457609 5.6603 0.549583 0.199811 0.019995
104100 -3033.83997961 720.14477677 0.461631 5.6603 0.549583 0.199811 -0.066089
104200 -3033.78531159 703.66214890 0.451065 5.6603 0.549583 0.199811 0.005227
104300 -3019.53054243 681.57692835 0.436908 5.6603 0.549583 0.199811 0.049961
104400 -3017.20642055 693.74612477 0.444709 5.6603 0.549583 0.199811 0.128380
104500 -3042.57425610 699.33529613 0.448292 5.6962 0.541925 0.196141 0.071587
104600 -3043.69849444 690.17540502 0.442420 5.6962 0.541925 0.196141 0.077208
104700 -3061.58938912 668.75834390 0.428691 5.6962 0.541925 0.196141 -0.002618
104800 -3075.64816830 717.46439015 0.459913 5.6962 0.541925 0.196141 0.019072
104900 -3067.44358726 701.69623277 0.449805 5.6962 0.541925 0.196141 0.028519
105000 -3050.92302857 704.27885771 0.451461 5.6654 0.542682 0.197244 0.178401
105100 -3045.38784182 695.11394207 0.445586 5.6654 0.542682 0.197244 -0.004364
105200 -3033.72365719 676.34409335 0.433554 5.6654 0.542682 0.197244 0.027005
105300 -3055.89778216 698.29158193 0.447623 5.6654 0.542682 0.197244 -0.008071
105400 -3030.68823827 698.12358552 0.447515 5.6654 0.542682 0.197244 0.007166
105500 -3030.82851386 700.25263865 0.448880 5.6962 0.539398 0.197142 0.053951
105600 -3033.30982150 691.62467876 0.443349 5.6962 0.539398 0.197142 -0.058184
105700 -3034.99581508 682.20217551 0.437309 5.6962 0.539398 0.197142 0.059974
105800 -3062.35748706 715.93780887 0.458934 5.6962 0.539398 0.197142 -0.036051
105900 -3039.39053523 695.24555091 0.445670 5.6962 0.539398 0.197142 0.091543
106000 -3056.38805801 669.40432107 0.429105 5.7205 0.553844 0.194293 -0.012616
106100 -3039.52859828 653.31170389 0.418790 5.7205 0.553844 0.194293 0.069292
106200 -3058.06886133 673.45067317 0.431699 5.7205 0.553844 0.194293 -0.065203
106300 -3057.04823950 664.18685320 0.425761 5.7205 0.553844 0.194293 0.012059
106400 -3096.35166232 698.75982545 0.447923 5.7205 0.553844 0.194293 -0.001218
106500 -3069.87212286 673.45236815 0.431700 5.7244 0.549024 0.188883 0.036414
106600 -3082.58184520 676.95591512 0.433946 5.7244 0.549024 0.188883 -0.066875
106700 -3086.82022340 685.10501845 0.439170 5.7244 0.549024 0.188883 0.046741
106800 -3085.80627308 691.67981754 0.443384 5.7244 0.549024 0.188883 0.037747
106900 -3070.43311457 673.35058414 0.431635 5.7244 0.549024 0.188883 0.017914
107000 -3083.76807950 698.90601682 0.448017 5.7423 0.551311 0.187356 0.064880
107100 -3095.20275777 727.99441637 0.466663 5.7423 0.551311 0.187356 0.050610
107200 -3095.20144022 679.23437583 0.435407 5.7423 0.551311 0.187356 0.006308
107300 -3078.00330274 685.09678006 0.439165 5.7423 0.551311 0.187356 0.068881
107400 -3074.30474811 689.32929991 0.441878 5.7423 0.551311 0.187356 0.034138
107500 -3049.10230703 667.98413146 0.428195 5.7474 0.536664 0.196322 0.013190
107600 -3054.03504394 688.36441419 0.441259 5.7474 0.536664 0.196322 0.127559
107700 -3061.73959212 692.66503393 0.444016 5.7474 0.536664 0.196322 0.050037
107800 -3082.78450533 705.72047594 0.452385 5.7474 0.536664 0.196322 0.041450
107900 -3086.86100532 680.66274509 0.436322 5.7474 0.536664 0.196322 0.049495
108000 -3093.99978784 664.21280624 0.425777 5.7321 0.563015 0.188922 0.039943
108100 -3076.38514886 653.78018409 0.419090 5.7321 0.563015 0.188922 0.085392
108200 -3090.11125196 686.10857277 0.439813 5.7321 0.563015 0.188922 0.014669
108300 -3077.69697958 689.63643327 0.442075 5.7321 0.563015 0.188922 0.065411
108400 -3094.94686428 716.86521668 0.459529 5.7321 0.563015 0.188922 0.016016
108500 -3088.04051237 704.91655340 0.451870 5.7538 0.548741 0.181400 0.087030
108600 -3077.51528200 698.34237244 0.447655 5.7538 0.548741 0.181400 -0.003757
108700 -3064.31038574 659.31836580 0.422640 5.7538 0.548741 0.181400 -0.015848
108800 -3082.01341883 654.32512317 0.419439 5.7538 0.548741 0.181400 -0.087094
108900 -3077.17592051 686.74841133 0.440223 5.7538 0.548741 0.181400 0.034414
109000 -3091.85386908 681.61873564 0.436935 5.7295 0.560781 0.181778 0.047637
109100 -3087.68472298 668.09199917 0.428264 5.7295 0.560781 0.181778 0.001597
109200 -3068.03919235 677.34027396 0.434192 5.7295 0.560781 0.181778 0.049717
109300 -3053.30419963 689.46363553 0.441964 5.7295 0.560781 0.181778 0.064281
109400 -3068.80714472 677.22056541 0.434116 5.7295 0.560781 0.181778 -0.045439
109500 -3052.48267964 667.67374299 0.427996 5.6846 0.551049 0.198090 -0.013650
109600 -3043.16173304 702.60191149 0.450386 5.6846 0.551049 0.198090 0.043369
109700 -3054.79142216 683.17167007 0.437931 5.6846 0.551049 0.198090 -0.003316
109800 -3042.05052503 670.46213819 0.429783 5.6846 0.551049 0.198090 0.129970
109900 -3051.71157954 659.12744330 0.422518 5.6846 0.551049 0.198090 0.050723
110000 -3052.38725138 684.59071794 0.438840 5.7167 0.555015 0.185054 -0.003229
110100 -3059.10591565 701.84680179 0.449902 5.7167 0.555015 0.185054 -0.071862
110200 -3062.46974567 700.21518329 0.448856 5.7167 0.555015 0.185054 -0.018870
110300 -3060.94556373 662.17491121 0.424471 5.7167 0.555015 0.185054 -0.079154
110400 -3029.61638776 655.54675256 0.420222 5.7167 0.555015 0.185054 0.014975
110500 -3046.49330621 673.13630087 0.431498 5.7000 0.554926 0.193218 -0.121001
110600 -3050.54399627 661.10952923 0.423788 5.7000 0.554926 0.193218 -0.050219
110700 -3064.40367428 662.61665639 0.424754 5.7000 0.554926 0.193218 0.016041
110800 -3054.83338951 669.74907157 0.429326 5.7000 0.554926 0.193218 0.143239
110900 -3051.54290631 689.66874541 0.442095 5.7000 0.554926 0.193218 0.141819
111000 -3039.27387709 674.61187581 0.432444 5.7385 0.542702 0.185020 -0.002552
111100 -3056.85658286 679.94149158 0.435860 5.7385 0.542702 0.185020 -0.052601
111200 -3055.59814546 712.79087636 0.456917 5.7385 0.542702 0.185020 0.006455
111300 -3046.44662708 689.65296193 0.442085 5.7385 0.542702 0.185020 -0.027036
111400 -3071.37812788 685.02863773 0.439121 5.7385 0.542702 0.185020 0.011964
111500 -3057.12840278 681.94613452 0.437145 5.7513 0.523252 0.187613 -0.060708
111600 -3038.37790650 664.00870312 0.425647 5.7513 0.523252 0.187613 0.046446
111700 -3044.32045093 661.64416881 0.424131 5.7513 0.523252 0.187613 -0.028258
111800 -3054.68894196 679.58516996 0.435632 5.7513 0.523252 0.187613 -0.053026
111900 -3032.82948042 674.46541806 0.432350 5.7513 0.523252 0.187613 -0.002342
112000 -3032.41655033 687.08505879 0.440439 5.7333 0.531995 0.193389 -0.004577
112100 -3040.98182422 670.83779339 0.430024 5.7333 0.531995 0.193389 -0.008242
112200 -3030.79325005 659.43080421 0.422712 5.7333 0.531995 0.193389 0.011251
112300 -3031.73229795 678.44677715 0.434902 5.7333 0.531995 0.193389 -0.000714
112400 -3059.57576796 729.19933295 0.467435 5.7333 0.531995 0.193389 0.049819
112500 -3058.33945836 720.39229953 0.461790 5.7538 0.542086 0.185363 0.086892
112600 -3042.03926011 712.66639208 0.456837 5.7538 0.542086 0.185363 0.072561
112700 -3052.08331040 685.21748676 0.439242 5.7538 0.542086 0.185363 0.022402
112800 -3047.50458209 690.09327051 0.442367 5.7538 0.542086 0.185363 -0.058033
112900 -3040.54813981 693.88729049 0.444800 5.7538 0.542086 0.185363 0.029001
113000 -3033.62856801 690.02250433 0.442322 5.7397 0.549124 0.188174 0.088743
113100 -3046.15687432 716.12075618 0.459052 5.7397 0.549124 0.188174 0.070877
113200 -3027.27403155 701.23922790 0.449512 5.7397 0.549124 0.188174 -0.034337
113300 -3040.56703853 696.02123586 0.446167 5.7397 0.549124 0.188174 -0.052345
113400 -3041.80069839 671.43390734 0.430406 5.7397 0.549124 0.188174 -0.041047
113500 -3022.55420151 693.92619905 0.444824 5.7205 0.545963 0.189960 -0.035549
113600 -3015.56171885 667.99771813 0.428204 5.7205 0.545963 0.189960 -0.002972
113700 -3016.39775268 683.33163018 0.438033 5.7205 0.545963 0.189960 -0.066790
113800 -3014.49973467 686.34895326 0.439967 5.7205 0.545963 0.189960 -0.045436
113900 -3016.90557788 681.92571370 0.437132 5.7205 0.545963 0.189960 -0.032662
114000 -3018.15656272 701.50663303 0.449684 5.7231 0.535642 0.192489 0.028410
114100 -3023.58631448 686.22167093 0.439886 5.7231 0.535642 0.192489 0.046179
114200 -3017.42802755 683.06070472 0.437859 5.7231 0.535642 0.192489 -0.058503
114300 -3029.27042890 689.85729817 0.442216 5.7231 0.535642 0.192489 -0.061658
114400 -3026.67895730 678.18814748 0.434736 5.7231 0.535642 0.192489 0.007647
114500 -3026.74125568 669.64934069 0.429262 5.7103 0.523403 0.199336 0.022312
114600 -3039.08625763 687.37793807 0.440627 5.7103 0.523403 0.199336 0.033566
114700 -3044.76177980 706.75187770 0.453046 5.7103 0.523403 0.199336 -0.068701
114800 -3044.79095199 687.45220204 0.440674 5.7103 0.523403 0.199336 -0.085142
114900 -3024.43613441 653.29299356 0.418778 5.7103 0.523403 0.199336 0.074557
115000 -3043.95099407 671.04455276 0.430157 5.7115 0.537089 0.184305 0.045925
115100 -3054.59581147 694.50354374 0.445195 5.7115 0.537089 0.184305 0.006582
115200 -3032.43914905 686.97488796 0.440369 5.7115 0.537089 0.184305 0.098293
115300 -3026.86128977 696.94188061 0.446758 5.7115 0.537089 0.184305 0.070074
115400 -3024.10931732 673.03094608 0.431430 5.7115 0.537089 0.184305 0.049466
115500 -3034.86015304 700.93096713 0.449315 5.7141 0.534527 0.193928 -0.035444
115600 -3021.22865769 664.80716194 0.426158 5.7141 0.534527 0.193928 -0.047525
115700 -3030.76304735 673.48877553 0.431724 5.7141 0.534527 0.193928 -0.084378
115800 -3007.22142971 668.64809562 0.428621 5.7141 0.534527 0.193928 0.035379
115900 -3012.27259363 678.58938850 0.434993 5.7141 0.534527 0.193928 -0.026550
116000 -2987.01629230 660.18848589 0.423198 5.6590 0.536201 0.198164 0.117504
116100 -3014.58944433 673.35178026 0.431636 5.6590 0.536201 0.198164 -0.005314
116200 -3013.81341140 672.86728319 0.431325 5.6590 0.536201 0.198164 -0.054931
116300 -3019.27378891 675.20489297 0.432824 5.6590 0.536201 0.198164 0.019002
116400 -3036.97343260 672.72494196 0.431234 5.6590 0.536201 0.198164 -0.054165
116500 -3062.73109407 682.52955043 0.437519 5.7231 0.533861 0.190850 -0.157147
116600 -3043.42265009 694.40714638 0.445133 5.7231 0.533861 0.190850 -0.003691
116700 -3043.47602365 713.45087525 0.457340 5.7231 0.533861 0.190850 0.062670
116800 -3042.31373560 683.50612893 0.438145 5.7231 0.533861 0.190850 0.041136
116900 -3054.53354973 665.49985951 0.426602 5.7231 0.533861 0.190850 -0.048897
117000 -3016.70301589 652.38384426 0.418195 5.7064 0.527299 0.199278 0.176803
117100 -3028.87898253 663.33049201 0.425212 5.7064 0.527299 0.199278 0.082667
117200 -3023.76634814 651.49829106 0.417627 5.7064 0.527299 0.199278 0.029939
117300 -3000.75667475 683.92847250 0.438416 5.7064 0.527299 0.199278 0.051839
117400 -3007.30116949 667.85211398 0.428110 5.7064 0.527299 0.199278 -0.014193
117500 -3019.23167127 686.09234948 0.439803 5.7282 0.527168 0.192389 0.033064
117600 -3015.11585483 698.57771980 0.447806 5.7282 0.527168 0.192389 0.014359
117700 -3017.74460775 702.28626762 0.450184 5.7282 0.527168 0.192389 -0.009805
117800 -2982.97522098 689.09046407 0.441725 5.7282 0.527168 0.192389 0.103535
117900 -2992.94657373 715.94926134 0.458942 5.7282 0.527168 0.192389 0.008572
118000 -2997.75692506 697.10019345 0.446859 5.7090 0.541859 0.191973 0.045520
118100 -3022.24655996 701.68694886 0.449799 5.7090 0.541859 0.191973 0.032431
118200 -3036.09406041 693.17771845 0.444345 5.7090 0.541859 0.191973 -0.020614
118300 -2997.67445610 687.40017761 0.440641 5.7090 0.541859 0.191973 0.171992
118400 -2994.59321362 672.96694269 0.431389 5.7090 0.541859 0.191973 0.069604
118500 -3011.14851711 696.29097307 0.446340 5.7410 0.523152 0.193303 -0.001197
118600 -3027.36052917 700.41704288 0.448985 5.7410 0.523152 0.193303 -0.058481
118700 -3023.88111925 676.96312341 0.433951 5.7410 0.523152 0.193303 -0.083748
118800 -3037.90142344 672.45031634 0.431058 5.7410 0.523152 0.193303 -0.124919
118900 -3013.81586891 699.79185234 0.448585 5.7410 0.523152 0.193303 0.005957
119000 -3000.22525718 693.81282157 0.444752 5.6949 0.538665 0.201440 0.003275
119100 -3000.45851009 678.46827284 0.434916 5.6949 0.538665 0.201440 0.009422
119200 -2990.75607431 689.22506395 0.441811 5.6949 0.538665 0.201440 0.012398
119300 -3004.91018873 674.82631770 0.432581 5.6949 0.538665 0.201440 -0.003357
119400 -3023.12088566 677.93408147 0.434573 5.6949 0.538665 0.201440 0.001878
119500 -3030.02432052 674.77722528 0.432550 5.7231 0.522143 0.195633 -0.044366
119600 -3000.61678373 664.31373821 0.425842 5.7231 0.522143 0.195633 0.076792
119700 -3025.53651937 672.54039272 0.431116 5.7231 0.522143 0.195633 -0.031671
119800 -3020.52848856 674.38886026 0.432301 5.7231 0.522143 0.195633 0.079010
119900 -3051.60218158 716.74919707 0.459455 5.7231 0.522143 0.195633 0.019801
120000 -3040.63076249 693.67556235 0.444664 5.7154 0.537645 0.190339 0.077649
120100 -3041.54397713 664.63819079 0.426050 5.7154 0.537645 0.190339 -0.049131
120200 -3046.17774925 688.09593644 0.441087 5.7154 0.537645 0.190339 -0.012628
120300 -3000.09004286 680.12511549 0.435978 5.7154 0.537645 0.190339 0.056306
120400 -3014.94631406 689.74555842 0.442145 5.7154 0.537645 0.190339 -0.008155
120500 -3003.47426186 688.86604727 0.441581 5.7115 0.530954 0.193372 0.011660
120600 -2998.15780831 684.81666118 0.438985 5.7115 0.530954 0.193372 0.091438
120700 -3002.41540639 697.82814317 0.447326 5.7115 0.530954 0.193372 -0.058158
120800 -2996.03160837 714.59099981 0.458071 5.7115 0.530954 0.193372 0.036518
120900 -3004.25371355 723.55954516 0.463820 5.7115 0.530954 0.193372 0.013052
121000 -3014.44360171 684.81857138 0.438986 5.6833 0.538933 0.193811 -0.031071
121100 -2996.40884170 662.22856814 0.424505 5.6833 0.538933 0.193811 -0.033975
121200 -3023.44758849 696.93331427 0.446752 5.6833 0.538933 0.193811 -0.019277
121300 -3022.68898904 692.60186812 0.443976 5.6833 0.538933 0.193811 0.004262
121400 -3009.22383920 664.26152609 0.425809 5.6833 0.538933 0.193811 0.023129
121500 -3017.82170531 679.54732434 0.435607 5.6615 0.555076 0.191811 -0.045224
121600 -3011.48534163 672.29947416 0.430961 5.6615 0.555076 0.191811 -0.032622
121700 -3010.26101278 659.47852965 0.422743 5.6615 0.555076 0.191811 0.008819
121800 -3040.08213295 669.43446215 0.429125 5.6615 0.555076 0.191811 -0.001934
121900 -3023.97579487 692.08238033 0.443643 5.6615 0.555076 0.191811 0.084488
122000 -3016.32520693 685.15315258 0.439201 5.6872 0.543505 0.193847 0.012078
122100 -3028.75175057 682.92964744 0.437775 5.6872 0.543505 0.193847 0.000214
122200 -3022.60861791 676.04544742 0.433362 5.6872 0.543505 0.193847 0.058251
122300 -3013.15080029 693.80190161 0.444745 5.6872 0.543505 0.193847 0.068379
122400 -3010.83457991 674.62034741 0.432449 5.6872 0.543505 0.193847 0.040206
122500 -3007.69117703 720.23419380 0.461689 5.6833 0.544652 0.196025 0.074187
122600 -3017.85962523 694.84498515 0.445413 5.6833 0.544652 0.196025 0.012647
122700 -3017.30426909 665.80671803 0.426799 5.6833 0.544652 0.196025 -0.121147
122800 -3018.39975037 685.63181589 0.439508 5.6833 0.544652 0.196025 -0.071257
122900 -3000.13060268 703.40497298 0.450901 5.6833 0.544652 0.196025 0.009104
123000 -3011.45182211 681.45987310 0.436833 5.7205 0.529357 0.195470 0.012289
123100 -3003.79456770 657.14640841 0.421248 5.7205 0.529357 0.195470 -0.039112
123200 -3020.25259031 683.90505901 0.438401 5.7205 0.529357 0.195470 0.018599
123300 -3025.73230917 696.32240752 0.446361 5.7205 0.529357 0.195470 0.066077
123400 -3017.78670175 700.10691570 0.448786 5.7205 0.529357 0.195470 0.050832
123500 -3017.47099574 701.09130877 0.449418 5.7436 0.536614 0.189873 0.057525
123600 -3012.07449502 719.63931416 0.461307 5.7436 0.536614 0.189873 -0.024875
123700 -2998.81440791 680.34571923 0.436119 5.7436 0.536614 0.189873 0.059704
123800 -3012.16223283 704.94040895 0.451885 5.7436 0.536614 0.189873 0.022165
123900 -3013.24097744 730.14815778 0.468044 5.7436 0.536614 0.189873 0.042027
124000 -3005.02973337 698.93116426 0.448033 5.7308 0.535658 0.191340 0.010169
124100 -2993.97789803 678.99117757 0.435251 5.7308 0.535658 0.191340 0.064188
124200 -3028.99001364 692.85101252 0.444135 5.7308 0.535658 0.191340 -0.126184
124300 -3026.95187377 677.50987743 0.434301 5.7308 0.535658 0.191340 0.058654
124400 -3030.70207265 689.48987968 0.441981 5.7308 0.535658 0.191340 0.021375
124500 -3012.53418964 679.34132365 0.435475 5.7231 0.521769 0.189999 -0.063672
124600 -3014.44572116 696.10590865 0.446222 5.7231 0.521769 0.189999 0.015647
124700 -3007.86991997 680.18277351 0.436015 5.7231 0.521769 0.189999 0.021295
124800 -3021.45323797 704.78444958 0.451785 5.7231 0.521769 0.189999 -0.041858
124900 -3015.51443862 683.36149107 0.438052 5.7231 0.521769 0.189999 -0.029589
125000 -2995.21780500 698.08224379 0.447489 5.7667 0.516255 0.189009 0.035393
125100 -2983.35608792 702.97255335 0.450623 5.7667 0.516255 0.189009 0.059961
125200 -3008.29130121 695.53881252 0.445858 5.7667 0.516255 0.189009 -0.037690
125300 -3025.50854370 711.66581528 0.456196 5.7667 0.516255 0.189009 -0.037329
125400 -3008.83702917 669.80150473 0.429360 5.7667 0.516255 0.189009 -0.096165
125500 -3034.56238868 668.34326090 0.428425 5.7179 0.536666 0.189580 -0.110577
125600 -3038.52115750 667.91203666 0.428149 5.7179 0.536666 0.189580 -0.032629
125700 -3030.80969922 677.75186823 0.434456 5.7179 0.536666 0.189580 0.082584
125800 -3025.62574634 693.37555075 0.444472 5.7179 0.536666 0.189580 0.001792
125900 -3023.24851989 701.32007282 0.449564 5.7179 0.536666 0.189580 -0.018248
126000 -3017.18870534 704.11697548 0.451357 5.7423 0.518746 0.193099 0.092389
126100 -3022.91615219 690.06201698 0.442347 5.7423 0.518746 0.193099 -0.060473
126200 -3030.95881363 676.47949866 0.433641 5.7423 0.518746 0.193099 -0.038121
126300 -3053.21820546 672.48552212 0.431080 5.7423 0.518746 0.193099 -0.120116
126400 -3046.38423906 677.42978999 0.434250 5.7423 0.518746 0.193099 -0.126040
126500 -3034.35410545 673.74421940 0.431887 5.6628 0.558528 0.193189 -0.042760
126600 -3010.19234067 700.05941906 0.448756 5.6628 0.558528 0.193189 0.074110
126700 -3003.23182329 700.95377892 0.449329 5.6628 0.558528 0.193189 0.093104
126800 -2997.87832625 693.12150371 0.444309 5.6628 0.558528 0.193189 0.041233
126900 -3021.26476967 698.37529863 0.447676 5.6628 0.558528 0.193189 0.001632
127000 -3005.49172611 654.16971227 0.419340 5.7462 0.535569 0.191556 0.048601
127100 -3021.26027899 681.21048941 0.436673 5.7462 0.535569 0.191556 -0.004945
127200 -3044.91623072 658.55963914 0.422154 5.7462 0.535569 0.191556 0.008902
127300 -3071.95136444 687.27504774 0.440561 5.7462 0.535569 0.191556 -0.051510
127400 -3069.97518373 677.77727435 0.434473 5.7462 0.535569 0.191556 -0.096292
127500 -3065.12273556 661.50174541 0.424040 5.6962 0.552096 0.184101 -0.118259
127600 -3063.45597491 652.10899806 0.418019 5.6962 0.552096 0.184101 -0.055364
127700 -3045.51536346 644.76852807 0.413313 5.6962 0.552096 0.184101 0.068380
127800 -3062.07565518 642.25862774 0.411704 5.6962 0.552096 0.184101 -0.011497
127900 -3069.24287468 666.49355605 0.427239 5.6962 0.552096 0.184101 -0.020051
128000 -3052.14568324 653.17553618 0.418702 5.7372 0.544538 0.189316 0.018923
128100 -3076.94482284 691.20784576 0.443082 5.7372 0.544538 0.189316 -0.113438
128200 -3039.69245582 660.31164504 0.423277 5.7372 0.544538 0.189316 0.069276
128300 -3048.60677683 700.24582978 0.448876 5.7372 0.544538 0.189316 -0.022055
128400 -3042.65340246 669.81303020 0.429367 5.7372 0.544538 0.189316 -0.036085
128500 -3050.69537612 689.15304388 0.441765 5.7487 0.534653 0.186159 -0.020784
128600 -2995.43067906 674.97770168 0.432678 5.7487 0.534653 0.186159 0.108406
128700 -3035.70033069 684.93047419 0.439058 5.7487 0.534653 0.186159 0.020044
128800 -3022.40787122 672.52959505 0.431109 5.7487 0.534653 0.186159 -0.057527
128900 -3016.27927770 684.16693495 0.438569 5.7487 0.534653 0.186159 0.111399
129000 -3062.27968301 706.97085970 0.453186 5.7333 0.541204 0.187733 -0.094903
129100 -3032.52298773 675.98716304 0.433325 5.7333 0.541204 0.187733 -0.056630
129200 -3041.65755667 671.82186060 0.430655 5.7333 0.541204 0.187733 0.009732
129300 -3048.45152362 652.85051773 0.418494 5.7333 0.541204 0.187733 0.021533
129400 -3054.15837660 692.09155311 0.443648 5.7333 0.541204 0.187733 0.010371
129500 -3050.53800610 676.39482642 0.433586 5.8051 0.533361 0.180096 -0.021455
129600 -3049.86025541 732.11100175 0.469302 5.8051 0.533361 0.180096 0.002264
129700 -3041.04507829 688.16247076 0.441130 5.8051 0.533361 0.180096 -0.015594
129800 -3020.42430914 685.89795969 0.439678 5.8051 0.533361 0.180096 0.016239
129900 -3036.73978908 669.54747223 0.429197 5.8051 0.533361 0.180096 -0.019412
130000 -3052.11134432 684.27082402 0.438635 5.7295 0.547409 0.187690 -0.093759
130100 -3024.83836412 678.65012929 0.435032 5.7295 0.547409 0.187690 0.016456
130200 -3017.20374413 672.48934111 0.431083 5.7295 0.547409 0.187690 -0.005368
130300 -3007.93895716 651.13181888 0.417392 5.7295 0.547409 0.187690 0.072538
130400 -3021.13525463 679.05609569 0.435292 5.7295 0.547409 0.187690 -0.125904
130500 -3009.02207517 659.63345296 0.422842 5.7526 0.530466 0.196350 -0.010597
130600 -3009.58457253 657.91767723 0.421742 5.7526 0.530466 0.196350 -0.012486
130700 -3027.05008367 663.81425616 0.425522 5.7526 0.530466 0.196350 0.037505
130800 -3028.06106049 675.34674077 0.432915 5.7526 0.530466 0.196350 -0.006851
130900 -3042.25285588 671.04304831 0.430156 5.7526 0.530466 0.196350 -0.026892
131000 -3053.94330085 682.23853075 0.437332 5.7333 0.542439 0.189564 0.093281
131100 -3040.39643889 682.69065615 0.437622 5.7333 0.542439 0.189564 0.071528
131200 -3015.83377899 681.71442649 0.436996 5.7333 0.542439 0.189564 0.031280
131300 -3011.78178348 670.60980960 0.429878 5.7333 0.542439 0.189564 0.144283
131400 -3018.62222366 677.91391220 0.434560 5.7333 0.542439 0.189564 0.048134
131500 -3010.01712235 661.89171727 0.424290 5.7564 0.542409 0.188248 0.102902
131600 -3038.46077331 657.94099771 0.421757 5.7564 0.542409 0.188248 -0.039749
131700 -3030.30192017 688.66681264 0.441453 5.7564 0.542409 0.188248 0.043078
131800 -3015.50663130 696.24372336 0.446310 5.7564 0.542409 0.188248 0.014810
131900 -3014.19119360 671.42542652 0.430401 5.7564 0.542409 0.188248 0.042532
132000 -3034.49769076 660.83112835 0.423610 5.7513 0.526837 0.189949 -0.065020
132100 -3017.43056501 659.90884988 0.423018 5.7513 0.526837 0.189949 0.050762
132200 -3052.01584625 694.57462641 0.445240 5.7513 0.526837 0.189949 -0.096485
132300 -3051.14466473 678.83052281 0.435148 5.7513 0.526837 0.189949 0.055732
132400 -3054.09443433 672.37843005 0.431012 5.7513 0.526837 0.189949 0.022106
132500 -3057.77853477 724.39271394 0.464354 5.7449 0.537589 0.189216 0.027563
132600 -3034.13726592 696.82069580 0.446680 5.7449 0.537589 0.189216 -0.033558
132700 -3009.69895296 684.80044498 0.438975 5.7449 0.537589 0.189216 0.006750
132800 -3014.50569060 675.12462623 0.432772 5.7449 0.537589 0.189216 -0.029531
132900 -3001.48275236 679.05792717 0.435294 5.7449 0.537589 0.189216 -0.036867
133000 -3019.63158596 696.09179363 0.446213 5.7436 0.517395 0.192773 -0.016517
133100 -2996.21742601 678.20305814 0.434746 5.7436 0.517395 0.192773 0.048580
133200 -3010.78413627 703.48236528 0.450950 5.7436 0.517395 0.192773 0.101088
133300 -3019.01216678 710.03289739 0.455149 5.7436 0.517395 0.192773 0.015931
133400 -3013.81717724 692.99917418 0.444230 5.7436 0.517395 0.192773 0.016014
133500 -3004.20143883 686.61975046 0.440141 5.7667 0.525180 0.189288 -0.011054
133600 -3013.11180911 679.61172839 0.435649 5.7667 0.525180 0.189288 -0.029855
133700 -3007.37784048 695.56611706 0.445876 5.7667 0.525180 0.189288 0.051644
133800 -3019.11650473 678.33945045 0.434833 5.7667 0.525180 0.189288 0.020080
133900 -3022.12105693 687.31298638 0.440585 5.7667 0.525180 0.189288 -0.002779
134000 -3009.99545118 664.39350959 0.425893 5.7808 0.518299 0.190568 0.056874
134100 -3026.27530048 655.80642110 0.420389 5.7808 0.518299 0.190568 -0.022414
134200 -3028.72753050 697.45974099 0.447090 5.7808 0.518299 0.190568 -0.014423
134300 -3013.11765207 678.24809049 0.434774 5.7808 0.518299 0.190568 0.034932
134400 -3038.83718098 703.59301101 0.451021 5.7808 0.518299 0.190568 -0.055237
134500 -3011.25811986 704.63471357 0.451689 5.7526 0.528754 0.189915 0.034434
134600 -3018.75953931 699.90352083 0.448656 5.7526 0.528754 0.189915 0.001831
134700 -3020.99126972 701.70543025 0.449811 5.7526 0.528754 0.189915 -0.008875
134800 -2999.35442032 682.66518817 0.437606 5.7526 0.528754 0.189915 -0.025169
134900 -3004.63156321 687.47873185 0.440691 5.7526 0.528754 0.189915 0.022046
135000 -2994.23914718 659.86856451 0.422993 5.7423 0.524481 0.190535 0.011963
135100 -2981.15995125 671.72459617 0.430593 5.7423 0.524481 0.190535 0.097407
135200 -2990.49419550 674.30682268 0.432248 5.7423 0.524481 0.190535 0.044314
135300 -3002.72216017 670.51271822 0.429816 5.7423 0.524481 0.190535 0.011038
135400 -2992.71712841 685.89123461 0.439674 5.7423 0.524481 0.190535 0.001423
135500 -2984.63890552 688.44048998 0.441308 5.7282 0.531505 0.193021 0.050540
135600 -2994.86615400 694.47998592 0.445179 5.7282 0.531505 0.193021 0.104761
135700 -3024.08092032 680.74488056 0.436375 5.7282 0.531505 0.193021 -0.006613
135800 -3002.18672375 654.48568974 0.419542 5.7282 0.531505 0.193021 0.038235
135900 -3018.46993898 665.37645814 0.426523 5.7282 0.531505 0.193021 0.027121
136000 -3017.17148602 674.19526096 0.432176 5.7269 0.530869 0.191358 0.084013
136100 -3016.34743322 669.09523774 0.428907 5.7269 0.530869 0.191358 0.006385
136200 -2998.77975088 694.01796548 0.444883 5.7269 0.530869 0.191358 0.018535
136300 -3002.34430763 694.03627214 0.444895 5.7269 0.530869 0.191358 -0.054490
136400 -2994.52067331 682.57727632 0.437550 5.7269 0.530869 0.191358 -0.020933
136500 -3005.17433350 674.11462456 0.432125 5.6833 0.534539 0.194461 -0.033468
136600 -2989.18342657 669.89917513 0.429423 5.6833 0.534539 0.194461 0.029025
136700 -3002.23153457 718.08245402 0.460309 5.6833 0.534539 0.194461 -0.052783
136800 -2990.89019172 701.11203111 0.449431 5.6833 0.534539 0.194461 0.026209
136900 -2998.42540875 693.66039385 0.444654 5.6833 0.534539 0.194461 0.037465
137000 -3010.82501390 694.60325446 0.445258 5.6949 0.535292 0.190132 -0.041380
137100 -3014.21959149 656.95378295 0.421124 5.6949 0.535292 0.190132 0.004386
137200 -3001.74787408 688.71369549 0.441483 5.6949 0.535292 0.190132 0.107832
137300 -2978.27156478 683.82568155 0.438350 5.6949 0.535292 0.190132 0.033367
137400 -2965.07883948 667.75443102 0.428048 5.6949 0.535292 0.190132 0.032892
137500 -2977.28988005 669.50589064 0.429170 5.7026 0.517097 0.195432 -0.011360
137600 -2992.87651827 682.04742139 0.437210 5.7026 0.517097 0.195432 -0.045030
137700 -2991.61997089 706.27277896 0.452739 5.7026 0.517097 0.195432 0.095761
137800 -2967.52060857 688.97113445 0.441648 5.7026 0.517097 0.195432 0.025013
137900 -2989.88222504 688.27701278 0.441203 5.7026 0.517097 0.195432 -0.042389
138000 -2980.87804285 683.36953916 0.438057 5.7064 0.534945 0.195593 -0.067381
138100 -2978.43493904 684.18848505 0.438582 5.7064 0.534945 0.195593 -0.092684
138200 -3000.39077034 670.54459485 0.429836 5.7064 0.534945 0.195593 0.025285
138300 -3014.96221473 695.49586211 0.445831 5.7064 0.534945 0.195593 -0.032803
138400 -2997.43351275 672.06721412 0.430812 5.7064 0.534945 0.195593 -0.040097
138500 -2985.01565435 662.74905787 0.424839 5.7551 0.518515 0.192201 -0.050543
138600 -3003.57139853 668.10096305 0.428270 5.7551 0.518515 0.192201 -0.015534
138700 -3009.60370925 651.82711473 0.417838 5.7551 0.518515 0.192201 0.012509
138800 -2979.75541050 665.94747561 0.426889 5.7551 0.518515 0.192201 0.079875
138900 -3007.54494257 676.91116166 0.433917 5.7551 0.518515 0.192201 -0.002611
139000 -3003.86315348 689.46365665 0.441964 5.7436 0.524524 0.192216 0.001065
139100 -2984.88298038 667.50645038 0.427889 5.7436 0.524524 0.192216 0.038457
139200 -2999.64306709 687.98890038 0.441019 5.7436 0.524524 0.192216 0.011742
139300 -3009.15046123 695.94077956 0.446116 5.7436 0.524524 0.192216 -0.066918
139400 -3018.52804998 685.03590555 0.439126 5.7436 0.524524 0.192216 -0.120285
139500 -3008.87666321 681.04482161 0.436567 5.7423 0.533679 0.190937 0.019773
139600 -3013.79463940 667.38154522 0.427809 5.7423 0.533679 0.190937 0.026183
139700 -3011.88471646 639.46839570 0.409916 5.7423 0.533679 0.190937 0.094637
139800 -3054.39550350 684.05109982 0.438494 5.7423 0.533679 0.190937 -0.063706
139900 -3011.14922826 673.03079589 0.431430 5.7423 0.533679 0.190937 0.068059
140000 -3031.18250145 676.23967500 0.433487 5.7654 0.531649 0.190116 -0.025712
140100 -3075.16783097 686.93044979 0.440340 5.7654 0.531649 0.190116 -0.183125
140200 -3070.05358293 676.54731958 0.433684 5.7654 0.531649 0.190116 -0.010314
140300 -3086.03823565 703.41881051 0.450909 5.7654 0.531649 0.190116 -0.047251
140400 -3068.38428024 676.39780132 0.433588 5.7654 0.531649 0.190116 -0.015014
140500 -3089.29080525 701.94005784 0.449962 5.7705 0.558582 0.179051 0.034116
140600 -3073.65274820 668.31530860 0.428407 5.7705 0.558582 0.179051 -0.055542
140700 -3060.11827271 650.31934280 0.416871 5.7705 0.558582 0.179051 -0.038121
140800 -3068.24297639 665.39065618 0.426532 5.7705 0.558582 0.179051 0.040996
140900 -3058.13306401 661.67553059 0.424151 5.7705 0.558582 0.179051 0.089678
141000 -3063.24825922 690.31866389 0.442512 5.7705 0.547156 0.188645 -0.012097
141100 -3036.86957742 633.09347876 0.405829 5.7705 0.547156 0.188645 0.013691
141200 -3043.02568224 671.59989477 0.430513 5.7705 0.547156 0.188645 0.014324
141300 -3027.48042756 690.71177798 0.442764 5.7705 0.547156 0.188645 0.018290
141400 -3018.69338255 642.49754103 0.411857 5.7705 0.547156 0.188645 -0.005978
141500 -3021.65297744 683.95632008 0.438434 5.7487 0.524885 0.191532 -0.009812
141600 -3026.50502417 657.68333461 0.421592 5.7487 0.524885 0.191532 -0.064144
141700 -3030.15110808 660.45730041 0.423370 5.7487 0.524885 0.191532 -0.045665
141800 -3037.44662130 668.03377172 0.428227 5.7487 0.524885 0.191532 0.017709
141900 -3033.77421625 676.31499094 0.433535 5.7487 0.524885 0.191532 0.085898
142000 -3053.66487774 694.54738434 0.445223 5.7564 0.536427 0.190121 0.021024
142100 -3040.99446397 661.55279274 0.424072 5.7564 0.536427 0.190121 0.005504
142200 -3043.15784467 664.12937521 0.425724 5.7564 0.536427 0.190121 -0.046614
142300 -3029.94125154 668.99440463 0.428843 5.7564 0.536427 0.190121 -0.010570
142400 -3025.91434936 668.12666890 0.428286 5.7564 0.536427 0.190121 0.029914
142500 -3034.15198356 692.20155952 0.443719 5.7795 0.527726 0.183766 -0.029271
142600 -3016.81376330 667.38674925 0.427812 5.7795 0.527726 0.183766 0.036662
142700 -3024.95367805 677.80606991 0.434491 5.7795 0.527726 0.183766 -0.042225
142800 -3004.95883713 665.98787621 0.426915 5.7795 0.527726 0.183766 0.059329
142900 -3024.15487905 693.76458976 0.444721 5.7795 0.527726 0.183766 0.016936
143000 -3037.44313387 698.14946518 0.447532 5.7359 0.531714 0.188225 -0.020822
143100 -3036.86997225 704.10837096 0.451352 5.7359 0.531714 0.188225 0.056609
143200 -3021.25668057 709.72029497 0.454949 5.7359 0.531714 0.188225 0.010984
143300 -3005.81966175 657.22463620 0.421298 5.7359 0.531714 0.188225 0.051965
143400 -3027.02652616 686.02237912 0.439758 5.7359 0.531714 0.188225 0.140985
143500 -3037.84359582 676.93942884 0.433936 5.7897 0.529151 0.186504 0.060518
143600 -3033.25620684 689.12602565 0.441747 5.7897 0.529151 0.186504 -0.019305
143700 -3011.18282427 699.03726339 0.448101 5.7897 0.529151 0.186504 0.006290
143800 -3004.91386946 683.69348552 0.438265 5.7897 0.529151 0.186504 -0.070801
143900 -2999.37728741 699.64980258 0.448493 5.7897 0.529151 0.186504 -0.010693
144000 -2996.41492219 642.99766927 0.412178 5.7744 0.514604 0.190861 -0.035835
144100 -3005.83300190 670.37568949 0.429728 5.7744 0.514604 0.190861 -0.161289
144200 -2989.64321992 678.23444596 0.434766 5.7744 0.514604 0.190861 -0.011726
144300 -2977.55373707 667.58371381 0.427938 5.7744 0.514604 0.190861 0.004847
144400 -3007.99260242 683.13415631 0.437907 5.7744 0.514604 0.190861 -0.074011
144500 -3023.59571844 678.30658902 0.434812 5.7359 0.530241 0.187447 -0.091369
144600 -3032.39977892 668.45422071 0.428496 5.7359 0.530241 0.187447 0.010916
144700 -3024.13567617 684.04008825 0.438487 5.7359 0.530241 0.187447 0.137248
144800 -3030.47908736 677.67499342 0.434407 5.7359 0.530241 0.187447 0.052533
144900 -3036.24244794 681.46327710 0.436835 5.7359 0.530241 0.187447 -0.064112
145000 -3024.47179643 668.58887479 0.428583 5.7500 0.540257 0.190690 0.026398
145100 -3061.71498422 706.27749013 0.452742 5.7500 0.540257 0.190690 -0.058920
145200 -3044.69376866 650.73255343 0.417136 5.7500 0.540257 0.190690 0.053769
145300 -3082.46473019 677.25468143 0.434138 5.7500 0.540257 0.190690 -0.095446
145400 -3051.00739456 667.00878669 0.427570 5.7500 0.540257 0.190690 -0.012723
145500 -3046.80223376 666.82354466 0.427451 5.7308 0.543729 0.183816 0.039204
145600 -3031.77061482 652.17685761 0.418062 5.7308 0.543729 0.183816 0.121513
145700 -3068.16835611 658.98255873 0.422425 5.7308 0.543729 0.183816 0.086323
145800 -3080.63896795 682.28715968 0.437364 5.7308 0.543729 0.183816 -0.003012
145900 -3054.51704889 671.90171704 0.430706 5.7308 0.543729 0.183816 0.047659
146000 -3067.56675485 693.62470876 0.444631 5.8026 0.530300 0.188096 0.009029
146100 -3074.35649274 681.29208172 0.436726 5.8026 0.530300 0.188096 -0.019772
146200 -3051.72172038 672.60148835 0.431155 5.8026 0.530300 0.188096 -0.023905
146300 -3065.95007499 665.81755649 0.426806 5.8026 0.530300 0.188096 -0.080324
146400 -3050.37419016 690.97508497 0.442933 5.8026 0.530300 0.188096 0.031183
146500 -3034.39083231 676.72259047 0.433797 5.7769 0.528459 0.188793 0.063013
146600 -3034.07583192 679.68409170 0.435695 5.7769 0.528459 0.188793 0.025740
146700 -3032.04405117 679.27957371 0.435436 5.7769 0.528459 0.188793 0.070805
146800 -3039.95110179 683.66057021 0.438244 5.7769 0.528459 0.188793 0.043676
146900 -3030.96784959 660.73518713 0.423548 5.7769 0.528459 0.188793 -0.069278
147000 -3019.43038569 686.42713816 0.440017 5.7744 0.522496 0.192190 0.012744
147100 -3022.72012629 728.90000973 0.467244 5.7744 0.522496 0.192190 0.009576
147200 -2993.13360703 707.74883813 0.453685 5.7744 0.522496 0.192190 0.045329
147300 -3005.34231562 703.71999796 0.451103 5.7744 0.522496 0.192190 0.008506
147400 -2998.52432547 663.48559958 0.425311 5.7744 0.522496 0.192190 0.029896
147500 -2988.84904511 686.79336508 0.440252 5.7885 0.525408 0.189371 -0.001668
147600 -2976.20559358 657.26034415 0.421321 5.7885 0.525408 0.189371 0.027244
147700 -3028.20409099 679.67743980 0.435691 5.7885 0.525408 0.189371 -0.098718
147800 -3032.13612397 690.30570922 0.442504 5.7885 0.525408 0.189371 0.017494
147900 -3041.93288746 685.66865946 0.439531 5.7885 0.525408 0.189371 0.081722
148000 -3049.32411237 688.77397804 0.441522 5.7795 0.535870 0.189840 0.057078
148100 -3052.51452617 692.20410242 0.443721 5.7795 0.535870 0.189840 0.045645
148200 -3041.57412528 684.75732512 0.438947 5.7795 0.535870 0.189840 0.034084
148300 -3038.06827079 667.66036214 0.427987 5.7795 0.535870 0.189840 0.067091
148400 -3046.58567165 666.37704197 0.427165 5.7795 0.535870 0.189840 0.015522
148500 -3045.74747958 648.64836273 0.415800 5.7936 0.532754 0.178575 0.069879
148600 -3077.42395828 700.01306522 0.448726 5.7936 0.532754 0.178575 0.005591
148700 -3047.06254205 666.62232079 0.427322 5.7936 0.532754 0.178575 0.044671
148800 -3022.32540359 674.75800479 0.432537 5.7936 0.532754 0.178575 0.056764
148900 -3045.46147248 708.25191666 0.454008 5.7936 0.532754 0.178575 -0.109226
149000 -3010.16078773 677.16428668 0.434080 5.7859 0.527035 0.186230 -0.020407
149100 -3009.03890718 686.02042637 0.439757 5.7859 0.527035 0.186230 -0.024105
149200 -3023.58365559 690.74835300 0.442787 5.7859 0.527035 0.186230 0.032406
149300 -3024.09713587 673.59936874 0.431794 5.7859 0.527035 0.186230 -0.030261
149400 -3023.38376283 684.78956901 0.438968 5.7859 0.527035 0.186230 -0.007105
149500 -3002.26895369 666.05431367 0.426958 5.8282 0.509740 0.186584 -0.039345
149600 -3025.46526843 662.26656085 0.424530 5.8282 0.509740 0.186584 -0.114227
149700 -3006.74202478 673.53355123 0.431752 5.8282 0.509740 0.186584 -0.003710
149800 -3021.90337588 683.77013165 0.438314 5.8282 0.509740 0.186584 0.005861
149900 -3023.05960775 704.74776820 0.451761 5.8282 0.509740 0.186584 -0.058746
150000 -3014.77609617 681.27406656 0.436714 5.7705 0.527788 0.191429 0.031557
150100 -3035.79413423 671.95416082 0.430740 5.7705 0.527788 0.191429 -0.007331
150200 -3054.98517238 686.54309665 0.440092 5.7705 0.527788 0.191429 0.045326
150300 -3040.91102253 658.68743847 0.422236 5.7705 0.527788 0.191429 0.024240
150400 -3064.15908867 666.85902276 0.427474 5.7705 0.527788 0.191429 0.001522
150500 -3039.74701500 691.95159786 0.443559 5.8308 0.523665 0.180896 0.128631
150600 -3030.57612287 690.99490205 0.442945 5.8308 0.523665 0.180896 0.112026
150700 -3024.42375053 709.51364899 0.454816 5.8308 0.523665 0.180896 0.147943
150800 -3028.29536408 689.89233712 0.442239 5.8308 0.523665 0.180896 0.004293
150900 -3019.09240642 708.70628725 0.454299 5.8308 0.523665 0.180896 0.071032
151000 -3058.94637265 723.69507403 0.463907 5.7474 0.536423 0.184860 0.012367
151100 -3024.63525473 669.55051162 0.429199 5.7474 0.536423 0.184860 -0.007503
151200 -3016.84723961 695.39299984 0.445765 5.7474 0.536423 0.184860 0.011125
151300 -3018.27802191 696.78627663 0.446658 5.7474 0.536423 0.184860 0.023842
151400 -3023.61259932 693.18489238 0.444349 5.7474 0.536423 0.184860 0.123463
151500 -3027.45428694 705.08422574 0.451977 5.8167 0.523581 0.180602 0.025668
151600 -3027.70763058 678.22116161 0.434757 5.8167 0.523581 0.180602 -0.029549
151700 -3042.79332220 686.87111240 0.440302 5.8167 0.523581 0.180602 0.095683
151800 -3032.27052456 692.93665223 0.444190 5.8167 0.523581 0.180602 0.039785
151900 -3029.00997852 686.18289488 0.439861 5.8167 0.523581 0.180602 0.017693
152000 -3033.65821349 670.74579949 0.429965 5.8321 0.519918 0.186572 0.097467
152100 -3049.06506597 688.63028306 0.441430 5.8321 0.519918 0.186572 0.016386
152200 -3048.33718810 675.15047109 0.432789 5.8321 0.519918 0.186572 -0.090838
152300 -3040.84124762 676.58792464 0.433710 5.8321 0.519918 0.186572 -0.026556
152400 -3019.27379513 676.65295940 0.433752 5.8321 0.519918 0.186572 0.024551
152500 -3029.33016567 659.97046562 0.423058 5.8038 0.521208 0.186262 -0.085107
152600 -2998.59029726 693.85194430 0.444777 5.8038 0.521208 0.186262 0.121582
152700 -3020.28115964 684.48586890 0.438773 5.8038 0.521208 0.186262 -0.029157
152800 -3006.18350528 688.08433347 0.441080 5.8038 0.521208 0.186262 0.083835
152900 -3003.90298463 687.58668698 0.440761 5.8038 0.521208 0.186262 -0.019771
153000 -2995.61152953 683.21910403 0.437961 5.8282 0.513200 0.187122 0.038699
153100 -2998.32820813 691.19917944 0.443076 5.8282 0.513200 0.187122 -0.027879
153200 -3020.51274021 683.35929806 0.438051 5.8282 0.513200 0.187122 -0.029509
153300 -3029.20717974 698.33699883 0.447652 5.8282 0.513200 0.187122 0.029095
153400 -3036.57204614 719.48336046 0.461207 5.8282 0.513200 0.187122 0.072761
153500 -3040.55406122 713.48231761 0.457360 5.8256 0.517781 0.182356 0.029543
153600 -3033.28709431 695.76645576 0.446004 5.8256 0.517781 0.182356 -0.041921
153700 -3024.23396172 687.34980431 0.440609 5.8256 0.517781 0.182356 0.062069
153800 -3017.09281781 695.74742562 0.445992 5.8256 0.517781 0.182356 -0.018108
153900 -3024.38018676 672.97195046 0.431392 5.8256 0.517781 0.182356 0.006402
154000 -3013.14424066 675.77896367 0.433192 5.7923 0.523143 0.191302 0.013896
154100 -3012.00741522 698.02694792 0.447453 5.7923 0.523143 0.191302 0.026406
154200 -2994.54148380 689.34953102 0.441891 5.7923 0.523143 0.191302 0.136702
154300 -3030.49616242 700.25387777 0.448881 5.7923 0.523143 0.191302 0.056876
154400 -3050.00310675 668.88705774 0.428774 5.7923 0.523143 0.191302 -0.039564
154500 -3038.28228916 669.08214941 0.428899 5.8026 0.529557 0.185512 0.002227
154600 -3024.40295945 690.50739623 0.442633 5.8026 0.529557 0.185512 0.037666
154700 -3035.24028487 689.47007921 0.441968 5.8026 0.529557 0.185512 0.003520
154800 -3046.96858693 676.94829039 0.433941 5.8026 0.529557 0.185512 -0.026476
154900 -3047.14350859 659.39709479 0.422690 5.8026 0.529557 0.185512 0.110298
155000 -3052.98869861 683.45646041 0.438113 5.8474 0.520471 0.182199 -0.020498
155100 -3020.18232469 653.39124782 0.418841 5.8474 0.520471 0.182199 0.054653
155200 -3027.13108438 707.34681187 0.453427 5.8474 0.520471 0.182199 -0.030881
155300 -3009.63746673 686.66517978 0.440170 5.8474 0.520471 0.182199 0.081165
155400 -3017.17519145 688.57314506 0.441393 5.8474 0.520471 0.182199 -0.002889
155500 -3020.27123547 669.23017716 0.428994 5.8154 0.517692 0.189376 -0.043987
155600 -3020.19063285 683.25670074 0.437985 5.8154 0.517692 0.189376 -0.059315
155700 -3004.11924157 679.25561638 0.435420 5.8154 0.517692 0.189376 0.036769
155800 -3036.87634360 672.25112206 0.430930 5.8154 0.517692 0.189376 -0.046694
155900 -3036.47548688 681.24817649 0.436698 5.8154 0.517692 0.189376 -0.009916
156000 -3041.07568551 661.72513892 0.424183 5.8103 0.527014 0.186828 -0.085448
156100 -3013.95224871 702.79466848 0.450509 5.8103 0.527014 0.186828 0.060383
156200 -3058.58266009 689.03363852 0.441688 5.8103 0.527014 0.186828 0.020094
156300 -3045.65745753 717.67433875 0.460048 5.8103 0.527014 0.186828 0.032574
156400 -2995.79799470 670.34915462 0.429711 5.8103 0.527014 0.186828 0.022414
156500 -3008.01795534 680.39404641 0.436150 5.8026 0.516954 0.186764 -0.029818
156600 -3010.68786550 688.85414538 0.441573 5.8026 0.516954 0.186764 -0.093766
156700 -2985.91697381 663.45720233 0.425293 5.8026 0.516954 0.186764 -0.097425
156800 -2988.70195478 670.65883216 0.429910 5.8026 0.516954 0.186764 -0.040395
156900 -2992.18169989 692.43315519 0.443867 5.8026 0.516954 0.186764 0.065640
157000 -2998.79879998 685.65623797 0.439523 5.8090 0.515681 0.189873 -0.009699
157100 -3009.98415150 679.95299074 0.435867 5.8090 0.515681 0.189873 -0.061738
157200 -3005.47371835 681.76629909 0.437030 5.8090 0.515681 0.189873 0.005719
157300 -3006.01237779 665.70281522 0.426733 5.8090 0.515681 0.189873 0.031693
157400 -3014.91691518 665.80551575 0.426798 5.8090 0.515681 0.189873 -0.041055
157500 -3014.24051504 687.60992169 0.440776 5.7962 0.522621 0.191071 -0.026074
157600 -3020.39335538 688.57931559 0.441397 5.7962 0.522621 0.191071 0.083006
157700 -3020.35323823 683.45911043 0.438115 5.7962 0.522621 0.191071 0.094230
157800 -3011.30446279 714.28097045 0.457872 5.7962 0.522621 0.191071 0.103626
157900 -2998.57483236 674.75519397 0.432535 5.7962 0.522621 0.191071 0.105712
158000 -3007.25222633 724.81966324 0.464628 5.8526 0.512721 0.189244 0.064103
158100 -3016.88062682 695.01794270 0.445524 5.8526 0.512721 0.189244 0.048010
158200 -3028.23680805 705.49570303 0.452241 5.8526 0.512721 0.189244 0.118904
158300 -3053.46101063 682.68681196 0.437620 5.8526 0.512721 0.189244 0.074867
158400 -3064.96208097 686.20543949 0.439875 5.8526 0.512721 0.189244 0.056000
158500 -3054.09787923 681.14264096 0.436630 5.8718 0.533067 0.180455 -0.034258
158600 -3030.87095815 646.92352143 0.414695 5.8718 0.533067 0.180455 -0.082713
158700 -3018.41770349 652.25341746 0.418111 5.8718 0.533067 0.180455 -0.052847
158800 -3004.98496898 661.52366711 0.424054 5.8718 0.533067 0.180455 -0.027028
158900 -3025.49138925 730.88519258 0.468516 5.8718 0.533067 0.180455 0.013816
159000 -3008.68309930 672.79350281 0.431278 5.8385 0.508010 0.183569 -0.004841
159100 -3036.22651560 683.90115359 0.438398 5.8385 0.508010 0.183569 -0.120043
159200 -2994.35888641 678.46614753 0.434914 5.8385 0.508010 0.183569 0.011556
159300 -3032.76231791 682.79811410 0.437691 5.8385 0.508010 0.183569 -0.027930
159400 -3018.09468447 692.90547855 0.444170 5.8385 0.508010 0.183569 0.094466
159500 -3014.15770112 664.00670071 0.425645 5.8154 0.510910 0.182361 0.038717
159600 -3022.47903933 690.33758652 0.442524 5.8154 0.510910 0.182361 -0.003811
159700 -3031.71713038 680.14990634 0.435994 5.8154 0.510910 0.182361 0.016218
159800 -3014.94004039 656.87236238 0.421072 5.8154 0.510910 0.182361 0.021060
159900 -3038.46840287 660.71792167 0.423537 5.8154 0.510910 0.182361 0.035301
160000 -3030.70571997 676.56928290 0.433698 5.7987 0.530357 0.184426 0.055985
160100 -3051.78262503 681.74786205 0.437018 5.7987 0.530357 0.184426 0.001625
160200 -3053.23408777 703.27638053 0.450818 5.7987 0.530357 0.184426 -0.001616
160300 -3057.70478419 686.26554602 0.439914 5.7987 0.530357 0.184426 -0.051366
160400 -3051.60031856 698.74285922 0.447912 5.7987 0.530357 0.184426 0.088037
160500 -3038.09505492 691.17829168 0.443063 5.8077 0.520593 0.185851 0.060719
160600 -3025.31012090 681.56561800 0.436901 5.8077 0.520593 0.185851 0.073950
160700 -3046.80801953 679.74301641 0.435733 5.8077 0.520593 0.185851 -0.070552
160800 -3025.46694734 672.03047082 0.430789 5.8077 0.520593 0.185851 0.113981
160900 -3031.99781692 695.57994625 0.445885 5.8077 0.520593 0.185851 0.040178
161000 -3031.26748488 690.30128944 0.442501 5.8013 0.527570 0.184550 0.033165
161100 -3015.58218225 670.01134594 0.429494 5.8013 0.527570 0.184550 0.015897
161200 -3019.42012155 690.47571865 0.442613 5.8013 0.527570 0.184550 0.048480
161300 -3016.27584016 675.66193380 0.433117 5.8013 0.527570 0.184550 -0.011138
161400 -3011.50979142 675.26665871 0.432863 5.8013 0.527570 0.184550 -0.022064
161500 -2979.77590483 665.79203628 0.426790 5.8167 0.506971 0.191061 0.046520
161600 -3008.66313041 680.16870458 0.436006 5.8167 0.506971 0.191061 -0.050687
161700 -3027.75194777 673.44881907 0.431698 5.8167 0.506971 0.191061 -0.030355
161800 -3028.53034351 674.67049462 0.432481 5.8167 0.506971 0.191061 -0.036319
161900 -3010.78858978 659.98908880 0.423070 5.8167 0.506971 0.191061 -0.066087
162000 -3012.10600242 670.02016190 0.429500 5.8167 0.521382 0.186160 0.046965
162100 -3032.32309973 673.91680704 0.431998 5.8167 0.521382 0.186160 -0.044855
162200 -3032.86838664 690.74365076 0.442784 5.8167 0.521382 0.186160 -0.012918
162300 -3030.44342469 683.42127584 0.438091 5.8167 0.521382 0.186160 0.055038
162400 -3037.20472225 717.27201220 0.459790 5.8167 0.521382 0.186160 -0.032304
162500 -3030.13846837 679.42441919 0.435528 5.8269 0.531405 0.181295 0.006093
162600 -3012.65964900 676.37748844 0.433575 5.8269 0.531405 0.181295 0.057281
162700 -3023.25208784 687.59779822 0.440768 5.8269 0.531405 0.181295 0.040095
162800 -3021.45553380 699.56660765 0.448440 5.8269 0.531405 0.181295 -0.008736
162900 -3003.29504709 700.59278154 0.449098 5.8269 0.531405 0.181295 0.003008
163000 -3005.06385643 717.11967271 0.459692 5.7923 0.529682 0.185335 0.009037
163100 -3000.05191836 695.94152475 0.446116 5.7923 0.529682 0.185335 0.047754
163200 -2991.51952535 670.68709691 0.429928 5.7923 0.529682 0.185335 0.034095
163300 -2993.24570429 678.02267505 0.434630 5.7923 0.529682 0.185335 0.007042
163400 -2987.05360975 667.72800620 0.428031 5.7923 0.529682 0.185335 -0.010806
163500 -2979.40075152 679.52787166 0.435595 5.7769 0.521807 0.187146 0.042226
163600 -2994.41002509 696.87403193 0.446714 5.7769 0.521807 0.187146 -0.001560
163700 -2966.70455100 666.57577049 0.427292 5.7769 0.521807 0.187146 -0.035334
163800 -2979.27336256 706.05169533 0.452597 5.7769 0.521807 0.187146 -0.070885
163900 -2950.60851246 688.51962774 0.441359 5.7769 0.521807 0.187146 -0.000382
164000 -2952.98834213 713.28488056 0.457234 5.8026 0.522527 0.188093 -0.016920
164100 -2976.35083771 712.30447471 0.456605 5.8026 0.522527 0.188093 -0.115635
164200 -2980.85701522 715.72767191 0.458800 5.8026 0.522527 0.188093 -0.061621
164300 -2965.27538974 701.95889854 0.449974 5.8026 0.522527 0.188093 0.095357
164400 -2973.22212959 732.94720829 0.469838 5.8026 0.522527 0.188093 0.078511
164500 -2936.98312804 678.50542027 0.434939 5.8282 0.497555 0.190388 0.070305
164600 -2948.52938979 686.14139052 0.439834 5.8282 0.497555 0.190388 0.006199
164700 -2937.40962686 688.49995271 0.441346 5.8282 0.497555 0.190388 -0.032091
164800 -2926.22093242 694.06913197 0.444916 5.8282 0.497555 0.190388 0.025389
164900 -2954.53856246 680.09415039 0.435958 5.8282 0.497555 0.190388 -0.057284
165000 -2966.36166676 723.41987315 0.463731 5.8359 0.507389 0.181723 -0.037520
165100 -2957.22854528 670.19791274 0.429614 5.8359 0.507389 0.181723 0.002852
165200 -2986.74653017 682.58216022 0.437553 5.8359 0.507389 0.181723 -0.069369
165300 -3003.35787281 672.07073200 0.430815 5.8359 0.507389 0.181723 -0.041915
165400 -3007.96277273 696.09525864 0.446215 5.8359 0.507389 0.181723 0.012594
165500 -2985.01473271 709.63257739 0.454893 5.8359 0.517568 0.186186 0.070448
165600 -2995.05108304 693.33034220 0.444443 5.8359 0.517568 0.186186 0.045770
165700 -3018.16537223 682.19975710 0.437308 5.8359 0.517568 0.186186 0.096731
165800 -3035.23225527 665.75249633 0.426764 5.8359 0.517568 0.186186 0.074135
165900 -3024.55696536 702.03230736 0.450021 5.8359 0.517568 0.186186 0.070776
166000 -3028.97670003 698.17211268 0.447546 5.9218 0.504794 0.173947 0.027155
166100 -3015.14240898 713.19593184 0.457177 5.9218 0.504794 0.173947 0.078705
166200 -2994.47987973 677.89116602 0.434546 5.9218 0.504794 0.173947 0.104605
166300 -2988.27684807 674.13552807 0.432138 5.9218 0.504794 0.173947 0.102715
166400 -2979.81123112 679.54602008 0.435606 5.9218 0.504794 0.173947 0.039054
166500 -2991.57360292 704.70247073 0.451732 5.8449 0.517304 0.187810 0.046859
166600 -2990.21611510 692.01550723 0.443600 5.8449 0.517304 0.187810 0.073147
166700 -2981.52012399 688.15193003 0.441123 5.8449 0.517304 0.187810 0.090915
166800 -2980.85959806 678.26983137 0.434788 5.8449 0.517304 0.187810 0.022455
166900 -2956.06422772 676.36791159 0.433569 5.8449 0.517304 0.187810 0.025726
167000 -2978.41172942 698.76923196 0.447929 5.8231 0.518828 0.187474 -0.013960
167100 -2980.70500075 726.58032535 0.465757 5.8231 0.518828 0.187474 0.030866
167200 -2966.82739859 693.87620303 0.444792 5.8231 0.518828 0.187474 0.054404
167300 -2981.41693813 669.86277167 0.429399 5.8231 0.518828 0.187474 0.066880
167400 -3024.89151230 700.39550238 0.448971 5.8231 0.518828 0.187474 -0.035911
167500 -3011.87066165 708.02289608 0.453861 5.8833 0.509162 0.178370 -0.042656
167600 -3006.37813216 671.47466495 0.430432 5.8833 0.509162 0.178370 0.039144
167700 -3003.35604897 674.74718417 0.432530 5.8833 0.509162 0.178370 -0.033024
167800 -3009.62575516 669.11615414 0.428921 5.8833 0.509162 0.178370 0.006648
167900 -2990.22040261 657.44058895 0.421436 5.8833 0.509162 0.178370 0.069740
168000 -2993.04294959 684.36051540 0.438693 5.8167 0.514245 0.182715 0.021495
168100 -2991.08991583 687.14813362 0.440480 5.8167 0.514245 0.182715 0.003884
168200 -2960.80722350 693.21017383 0.444365 5.8167 0.514245 0.182715 0.097990
168300 -2943.02756820 703.18954985 0.450763 5.8167 0.514245 0.182715 0.093717
168400 -2941.30670261 683.49610885 0.438139 5.8167 0.514245 0.182715 0.090353
168500 -2968.57125127 679.78979450 0.435763 5.8154 0.514269 0.188354 0.007817
168600 -2972.42416059 698.13680966 0.447524 5.8154 0.514269 0.188354 0.003567
168700 -2954.43319573 670.19912261 0.429615 5.8154 0.514269 0.188354 0.056232
168800 -2973.31955699 685.76774311 0.439595 5.8154 0.514269 0.188354 -0.130307
168900 -2980.01261725 697.36574030 0.447029 5.8154 0.514269 0.188354 -0.133721
169000 -2946.30640231 675.94617041 0.433299 5.8218 0.493874 0.189180 0.029208
169100 -2970.28746845 683.07601966 0.437869 5.8218 0.493874 0.189180 -0.017309
169200 -2957.00889928 706.27514155 0.452740 5.8218 0.493874 0.189180 0.083730
169300 -2961.51794151 688.18904703 0.441147 5.8218 0.493874 0.189180 -0.010963
169400 -2949.55026485 675.79042451 0.433199 5.8218 0.493874 0.189180 -0.055175
169500 -2944.72035618 672.94124960 0.431373 5.7474 0.525209 0.189741 -0.012512
169600 -2929.65033011 688.65746749 0.441447 5.7474 0.525209 0.189741 -0.031834
169700 -2912.10226839 684.97396878 0.439086 5.7474 0.525209 0.189741 0.000842
169800 -2899.47225696 718.37701320 0.460498 5.7474 0.525209 0.189741 0.010533
169900 -2906.02544883 710.13090920 0.455212 5.7474 0.525209 0.189741 0.046290
170000 -2925.16691419 710.57231793 0.455495 5.7577 0.509192 0.194100 0.003050
170100 -2943.19062281 700.45168607 0.449007 5.7577 0.509192 0.194100 -0.073028
170200 -2936.29212102 679.09274506 0.435316 5.7577 0.509192 0.194100 -0.042015
170300 -2926.39476841 662.76951754 0.424852 5.7577 0.509192 0.194100 0.026243
170400 -2916.69014137 663.60333220 0.425387 5.7577 0.509192 0.194100 0.078488
170500 -2950.26158148 677.72500613 0.434439 5.7731 0.519101 0.192496 -0.101716
170600 -2962.18756733 694.33858641 0.445089 5.7731 0.519101 0.192496 -0.021183
170700 -2943.35024663 673.12057009 0.431488 5.7731 0.519101 0.192496 0.065556
170800 -2959.22824181 679.06508408 0.435298 5.7731 0.519101 0.192496 -0.086666
170900 -2958.60463991 665.14537516 0.426375 5.7731 0.519101 0.192496 0.029797
171000 -2969.56245646 669.16173828 0.428950 5.7833 0.508627 0.187850 -0.021773
171100 -2954.76109870 669.26207379 0.429014 5.7833 0.508627 0.187850 0.013081
171200 -2944.20910258 702.95502475 0.450612 5.7833 0.508627 0.187850 0.006673
171300 -2980.33913153 711.98109664 0.456398 5.7833 0.508627 0.187850 -0.019827
171400 -2961.50212196 706.74911317 0.453044 5.7833 0.508627 0.187850 -0.033019
171500 -2954.94919018 665.74504106 0.426760 5.8410 0.503100 0.182264 0.047710
171600 -2949.57099809 690.27260629 0.442482 5.8410 0.503100 0.182264 -0.012015
171700 -2958.87161632 689.14598720 0.441760 5.8410 0.503100 0.182264 0.002554
171800 -2970.24751639 691.96106890 0.443565 5.8410 0.503100 0.182264 -0.127101
171900 -2971.43448538 682.22787240 0.437326 5.8410 0.503100 0.182264 -0.040945
172000 -2952.75147502 637.87932549 0.408897 5.8192 0.514072 0.191115 0.070326
172100 -2987.85355944 665.63222902 0.426687 5.8192 0.514072 0.191115 -0.015775
172200 -2973.13092605 656.45386744 0.420804 5.8192 0.514072 0.191115 0.011061
172300 -2974.66219290 652.35100343 0.418174 5.8192 0.514072 0.191115 0.038488
172400 -2976.02447079 690.98857512 0.442941 5.8192 0.514072 0.191115 -0.029286
172500 -2972.25494843 672.56806371 0.431133 5.8321 0.510455 0.184430 0.059366
172600 -2980.87666141 711.63133363 0.456174 5.8321 0.510455 0.184430 0.068603
172700 -2962.09773227 713.33355645 0.457265 5.8321 0.510455 0.184430 -0.003102
172800 -2941.13287754 697.90222976 0.447373 5.8321 0.510455 0.184430 0.124637
172900 -2990.78384711 693.56957994 0.444596 5.8321 0.510455 0.184430 0.003386
173000 -2977.92749037 684.67755064 0.438896 5.8962 0.492211 0.185724 0.025234
173100 -2985.43481823 671.15245884 0.430226 5.8962 0.492211 0.185724 0.012304
173200 -2995.88564823 686.22150068 0.439886 5.8962 0.492211 0.185724 -0.035785
173300 -2991.36442133 683.45375297 0.438111 5.8962 0.492211 0.185724 -0.011394
173400 -2966.73885909 702.71293462 0.450457 5.8962 0.492211 0.185724 0.077374
173500 -2972.99793979 696.39282262 0.446406 5.8603 0.501203 0.194138 -0.010726
173600 -2977.88308646 709.64109283 0.454898 5.8603 0.501203 0.194138 -0.061005
173700 -2984.42985702 698.64780071 0.447851 5.8603 0.501203 0.194138 -0.140448
173800 -2952.73845453 678.59104345 0.434994 5.8603 0.501203 0.194138 -0.022607
173900 -2961.42514528 651.55122605 0.417661 5.8603 0.501203 0.194138 -0.140512
174000 -2955.91009405 683.39639284 0.438075 5.8256 0.516991 0.187960 0.034703
174100 -2949.20687436 668.47652656 0.428511 5.8256 0.516991 0.187960 0.075319
174200 -2962.61288083 683.00146392 0.437821 5.8256 0.516991 0.187960 0.001325
174300 -2971.04912771 671.79024974 0.430635 5.8256 0.516991 0.187960 0.028571
174400 -2972.00489892 668.60000932 0.428590 5.8256 0.516991 0.187960 0.044485
174500 -2952.58243766 670.42174700 0.429758 5.7987 0.506354 0.194821 0.070720
174600 -2959.53694315 695.87448615 0.446073 5.7987 0.506354 0.194821 0.010411
174700 -2955.38057974 690.93115307 0.442905 5.7987 0.506354 0.194821 -0.083002
174800 -2940.42709982 698.94067163 0.448039 5.7987 0.506354 0.194821 0.004873
174900 -2915.70436155 689.73829894 0.442140 5.7987 0.506354 0.194821 0.090266
175000 -2957.13616922 686.35406778 0.439971 5.8282 0.503110 0.187779 -0.103191
175100 -2973.79016534 681.37663029 0.436780 5.8282 0.503110 0.187779 -0.042596
175200 -2968.81360630 677.23238078 0.434123 5.8282 0.503110 0.187779 -0.024230
175300 -2984.21484238 697.04060341 0.446821 5.8282 0.503110 0.187779 -0.003463
175400 -2964.67827343 679.51246208 0.435585 5.8282 0.503110 0.187779 0.008640
175500 -2970.24945621 661.75890063 0.424204 5.8244 0.506809 0.193168 0.076420
175600 -2975.49570898 679.86385987 0.435810 5.8244 0.506809 0.193168 0.108120
175700 -2995.87796167 696.15290798 0.446252 5.8244 0.506809 0.193168 0.040806
175800 -2990.86732332 673.31857404 0.431614 5.8244 0.506809 0.193168 0.001205
175900 -2972.10975040 688.41718170 0.441293 5.8244 0.506809 0.193168 0.081293
176000 -3002.54283945 684.18218909 0.438578 5.8513 0.516641 0.183696 -0.076480
176100 -2963.42096781 679.32291396 0.435463 5.8513 0.516641 0.183696 0.092563
176200 -2953.70786261 688.78717213 0.441530 5.8513 0.516641 0.183696 0.082452
176300 -2942.46003113 679.63361126 0.435663 5.8513 0.516641 0.183696 -0.004148
176400 -2946.99557770 651.02281868 0.417322 5.8513 0.516641 0.183696 -0.000301
176500 -2960.90394264 661.71328296 0.424175 5.8231 0.498429 0.193015 -0.019499
176600 -2969.94469966 680.67869524 0.436332 5.8231 0.498429 0.193015 -0.089064
176700 -2960.03517804 640.79857907 0.410768 5.8231 0.498429 0.193015 -0.012169
176800 -2983.05173565 675.66409679 0.433118 5.8231 0.498429 0.193015 0.026294
176900 -2970.36597555 655.81923954 0.420397 5.8231 0.498429 0.193015 0.038629
177000 -2990.09461795 666.33128493 0.427135 5.9051 0.498667 0.181593 0.033054
177100 -3009.21539352 710.33962814 0.455346 5.9051 0.498667 0.181593 0.010181
177200 -2999.49155521 694.64478192 0.445285 5.9051 0.498667 0.181593 -0.008568
177300 -3001.73530258 683.91069228 0.438404 5.9051 0.498667 0.181593 0.018034
177400 -3007.81907397 679.56775447 0.435620 5.9051 0.498667 0.181593 -0.003218
177500 -2989.46197057 669.51445533 0.429176 5.8615 0.505025 0.186303 0.075801
177600 -2999.80452190 675.33548861 0.432907 5.8615 0.505025 0.186303 0.051816
177700 -3007.67012953 678.75136663 0.435097 5.8615 0.505025 0.186303 0.022542
177800 -3010.29214251 687.57314892 0.440752 5.8615 0.505025 0.186303 -0.020146
177900 -3014.60236742 667.17452732 0.427676 5.8615 0.505025 0.186303 -0.006934
178000 -2990.54384075 673.99712761 0.432049 5.8526 0.522571 0.180566 0.000972
178100 -2965.02234085 675.46089644 0.432988 5.8526 0.522571 0.180566 0.092674
178200 -2966.18578490 677.72927225 0.434442 5.8526 0.522571 0.180566 0.005745
178300 -2971.28430219 685.68300829 0.439540 5.8526 0.522571 0.180566 -0.016435
178400 -2978.06063979 714.42297979 0.457963 5.8526 0.522571 0.180566 -0.065272
178500 -2962.13341331 702.96902218 0.450621 5.8641 0.499807 0.184957 0.055209
178600 -2955.34603105 685.08686696 0.439158 5.8641 0.499807 0.184957 -0.002156
178700 -2961.09387378 685.44090769 0.439385 5.8641 0.499807 0.184957 0.101068
178800 -2986.29391852 694.27075222 0.445045 5.8641 0.499807 0.184957 -0.079991
178900 -2973.59791409 687.82885476 0.440916 5.8641 0.499807 0.184957 -0.104411
179000 -2962.97581110 660.40868397 0.423339 5.8462 0.509052 0.180901 -0.014224
179100 -2974.09280649 677.97632482 0.434600 5.8462 0.509052 0.180901 -0.032934
179200 -2962.16656859 669.00976953 0.428852 5.8462 0.509052 0.180901 0.078142
179300 -2968.82271363 677.32404479 0.434182 5.8462 0.509052 0.180901 0.014258
179400 -2956.82678113 670.59100851 0.429866 5.8462 0.509052 0.180901 0.055117
179500 -2976.44695158 643.20745903 0.412312 5.8269 0.510353 0.185366 -0.046325
179600 -3005.48647654 676.41038121 0.433596 5.8269 0.510353 0.185366 -0.055888
179700 -2959.45031443 686.95585383 0.440356 5.8269 0.510353 0.185366 0.058809
179800 -2966.60874713 699.15045547 0.448173 5.8269 0.510353 0.185366 0.013023
179900 -2947.25540614 678.84452589 0.435157 5.8269 0.510353 0.185366 0.017443
180000 -2945.67849990 704.99893063 0.451922 5.8269 0.511490 0.190960 0.065810
180100 -2951.64503614 685.12202349 0.439181 5.8269 0.511490 0.190960 0.061936
180200 -2965.23120101 729.79507726 0.467817 5.8269 0.511490 0.190960 -0.027598
180300 -2972.69015917 697.68225959 0.447232 5.8269 0.511490 0.190960 0.027934
180400 -2936.97639174 679.26707357 0.435428 5.8269 0.511490 0.190960 0.033544
180500 -2959.70594262 682.41626807 0.437446 5.7744 0.517969 0.193375 -0.026482
180600 -2961.64891394 681.67905783 0.436974 5.7744 0.517969 0.193375 -0.029419
180700 -2964.50234470 674.11083880 0.432122 5.7744 0.517969 0.193375 0.074542
180800 -2974.58714595 699.03666476 0.448100 5.7744 0.517969 0.193375 -0.024811
180900 -2967.18946361 653.01200334 0.418597 5.7744 0.517969 0.193375 -0.011542
181000 -2967.55654093 667.97569213 0.428190 5.8321 0.503232 0.191929 0.001575
181100 -2960.04964517 668.87836814 0.428768 5.8321 0.503232 0.191929 0.010920
181200 -2940.23239967 669.02720287 0.428864 5.8321 0.503232 0.191929 0.065454
181300 -2949.91733993 647.04802253 0.414774 5.8321 0.503232 0.191929 -0.017455
181400 -2969.91995080 694.71252405 0.445329 5.8321 0.503232 0.191929 0.032776
181500 -2953.93675551 667.76545771 0.428055 5.8487 0.503201 0.187536 0.026976
181600 -2924.53770899 659.42209886 0.422706 5.8487 0.503201 0.187536 0.071573
181700 -2940.53872642 694.46308463 0.445169 5.8487 0.503201 0.187536 0.083023
181800 -2950.27215771 682.42920614 0.437455 5.8487 0.503201 0.187536 -0.037374
181900 -2940.21967998 702.51022726 0.450327 5.8487 0.503201 0.187536 0.020726
182000 -2938.63766037 695.79070740 0.446020 5.8474 0.514106 0.191920 0.020988
182100 -2945.82915999 688.40010743 0.441282 5.8474 0.514106 0.191920 0.056336
182200 -2948.24011524 709.02444920 0.454503 5.8474 0.514106 0.191920 -0.002353
182300 -2924.68751451 683.36245627 0.438053 5.8474 0.514106 0.191920 -0.033944
182400 -2923.31595188 669.31949833 0.429051 5.8474 0.514106 0.191920 -0.032064
182500 -2905.43260499 658.79457220 0.422304 5.8051 0.495811 0.190791 -0.011326
182600 -2905.25358662 642.07253110 0.411585 5.8051 0.495811 0.190791 0.019961
182700 -2929.51785324 675.68291265 0.433130 5.8051 0.495811 0.190791 0.070706
182800 -2950.40802037 693.33790990 0.444447 5.8051 0.495811 0.190791 0.036814
182900 -2946.81541538 679.06746374 0.435300 5.8051 0.495811 0.190791 0.006490
183000 -2957.41742737 683.09372957 0.437881 5.8192 0.506188 0.187575 -0.064507
183100 -2964.84058655 690.96536330 0.442927 5.8192 0.506188 0.187575 -0.006745
183200 -2957.59598511 698.70367156 0.447887 5.8192 0.506188 0.187575 0.064103
183300 -2960.19050045 697.73107542 0.447264 5.8192 0.506188 0.187575 0.011207
183400 -2957.73919797 677.81571392 0.434497 5.8192 0.506188 0.187575 -0.000690
183500 -2967.09232784 695.18823063 0.445633 5.8487 0.508844 0.183922 -0.000898
183600 -2961.22868795 718.10161876 0.460322 5.8487 0.508844 0.183922 0.130393
183700 -2936.14405523 700.56005489 0.449077 5.8487 0.508844 0.183922 0.091710
183800 -2948.22403420 710.04654960 0.455158 5.8487 0.508844 0.183922 -0.017992
183900 -2943.11181782 716.34293125 0.459194 5.8487 0.508844 0.183922 0.083629
184000 -2922.33553955 707.04850205 0.453236 5.8885 0.489975 0.189248 0.061537
184100 -2911.17700604 678.72078669 0.435077 5.8885 0.489975 0.189248 0.000177
184200 -2896.89350260 678.37445119 0.434855 5.8885 0.489975 0.189248 0.017524
184300 -2920.87506440 737.76442418 0.472926 5.8885 0.489975 0.189248 -0.040097
184400 -2928.00670276 711.04714305 0.455799 5.8885 0.489975 0.189248 -0.044322
184500 -2917.98737892 700.64022816 0.449128 5.7641 0.518845 0.191772 0.061507
184600 -2936.26672859 659.42208143 0.422706 5.7641 0.518845 0.191772 -0.056966
184700 -2937.43765142 664.48290069 0.425951 5.7641 0.518845 0.191772 -0.027329
184800 -2934.00519051 679.22803327 0.435403 5.7641 0.518845 0.191772 -0.003946
184900 -2948.16972018 681.35569692 0.436766 5.7641 0.518845 0.191772 -0.043613
185000 -2946.68148453 676.91828065 0.433922 5.8256 0.498804 0.189372 0.062072
185100 -2955.09120208 681.02163501 0.436552 5.8256 0.498804 0.189372 -0.018755
185200 -2936.25658464 681.56861296 0.436903 5.8256 0.498804 0.189372 0.006061
185300 -2916.64068720 677.07158955 0.434020 5.8256 0.498804 0.189372 0.075449
185400 -2927.46994530 700.90072719 0.449295 5.8256 0.498804 0.189372 -0.029887
185500 -2937.91397401 686.98156573 0.440373 5.8308 0.502617 0.193373 -0.088429
185600 -2932.71785169 648.04692402 0.415415 5.8308 0.502617 0.193373 0.011137
185700 -2944.07367539 677.02409855 0.433990 5.8308 0.502617 0.193373 0.035020
185800 -2947.31594507 675.65929445 0.433115 5.8308 0.502617 0.193373 -0.020402
185900 -2943.71923064 689.74592252 0.442145 5.8308 0.502617 0.193373 0.067780
186000 -2923.43714560 680.34671696 0.436120 5.8538 0.493856 0.191613 0.080439
186100 -2935.22000150 667.00169619 0.427565 5.8538 0.493856 0.191613 0.000380
186200 -2945.20492264 676.60582005 0.433722 5.8538 0.493856 0.191613 -0.024361
186300 -2953.47504131 687.10164067 0.440450 5.8538 0.493856 0.191613 -0.028864
186400 -2945.14719990 681.44426410 0.436823 5.8538 0.493856 0.191613 -0.018745
186500 -2950.32683999 668.20081324 0.428334 5.8538 0.506639 0.183109 -0.021257
186600 -2938.09338803 671.84557889 0.430670 5.8538 0.506639 0.183109 -0.010684
186700 -2941.43675729 678.17056454 0.434725 5.8538 0.506639 0.183109 -0.072846
186800 -2926.72406208 679.31414989 0.435458 5.8538 0.506639 0.183109 -0.053243
186900 -2943.44454003 679.48516202 0.435567 5.8538 0.506639 0.183109 -0.039529
187000 -2957.58174798 694.26737517 0.445043 5.8513 0.500055 0.184022 0.072192
187100 -2954.12501966 710.75976876 0.455615 5.8513 0.500055 0.184022 0.033469
187200 -2960.07176780 681.09098044 0.436597 5.8513 0.500055 0.184022 -0.171746
187300 -2973.82317420 706.47013022 0.452865 5.8513 0.500055 0.184022 -0.040666
187400 -2941.93635412 668.79950719 0.428718 5.8513 0.500055 0.184022 0.035725
187500 -2976.46537705 651.69927598 0.417756 5.8538 0.512204 0.182657 -0.063095
187600 -2963.62192390 654.36186196 0.419463 5.8538 0.512204 0.182657 0.012941
187700 -2968.54171892 675.99341556 0.433329 5.8538 0.512204 0.182657 -0.004615
187800 -2967.55129027 677.70380267 0.434426 5.8538 0.512204 0.182657 -0.005328
187900 -2946.48970723 681.01794381 0.436550 5.8538 0.512204 0.182657 0.113922
188000 -2948.79576836 685.50841983 0.439428 5.8603 0.499599 0.185351 0.076782
188100 -2966.86464217 713.81577617 0.457574 5.8603 0.499599 0.185351 0.046695
188200 -2955.24267436 693.25060511 0.444391 5.8603 0.499599 0.185351 0.039347
188300 -2957.63255907 701.40377999 0.449618 5.8603 0.499599 0.185351 -0.035059
188400 -2935.33044530 693.24768998 0.444390 5.8603 0.499599 0.185351 -0.029687
188500 -2960.97325775 668.58508035 0.428580 5.7910 0.522500 0.189376 -0.071701
188600 -2968.18370758 683.41413896 0.438086 5.7910 0.522500 0.189376 -0.188650
188700 -2958.52532188 689.14869181 0.441762 5.7910 0.522500 0.189376 -0.054416
188800 -2961.76854950 684.17074857 0.438571 5.7910 0.522500 0.189376 -0.018167
188900 -2957.34494503 700.03786327 0.448742 5.7910 0.522500 0.189376 -0.003932
189000 -2945.10936656 674.39955913 0.432307 5.8846 0.489525 0.187400 0.048694
189100 -2954.25736045 684.78600123 0.438965 5.8846 0.489525 0.187400 0.014824
189200 -2946.37933788 693.85312158 0.444778 5.8846 0.489525 0.187400 -0.014113
189300 -2926.66733709 663.47535017 0.425305 5.8846 0.489525 0.187400 -0.004295
189400 -2938.75908384 678.48273867 0.434925 5.8846 0.489525 0.187400 -0.041264
189500 -2938.65761218 677.20918262 0.434108 5.8359 0.497601 0.187025 -0.027013
189600 -2947.74157081 690.31560499 0.442510 5.8359 0.497601 0.187025 -0.056569
189700 -2929.85086683 687.51264136 0.440713 5.8359 0.497601 0.187025 -0.018971
189800 -2941.55255866 706.65007157 0.452981 5.8359 0.497601 0.187025 -0.109895
189900 -2932.23106941 663.26230439 0.425168 5.8359 0.497601 0.187025 -0.070863
190000 -2929.95981520 662.37499332 0.424599 5.8051 0.505098 0.188631 -0.089319
190100 -2937.28320927 662.22637171 0.424504 5.8051 0.505098 0.188631 -0.021273
190200 -2957.40722976 694.25769880 0.445037 5.8051 0.505098 0.188631 0.029348
190300 -2958.36314813 711.06185122 0.455809 5.8051 0.505098 0.188631 0.010419
190400 -2938.69796043 698.29382297 0.447624 5.8051 0.505098 0.188631 0.098707
190500 -2941.41493453 706.00989947 0.452570 5.8538 0.497957 0.188779 0.027527
190600 -2905.04116942 687.28903422 0.440570 5.8538 0.497957 0.188779 0.037745
190700 -2916.72903127 699.98738897 0.448710 5.8538 0.497957 0.188779 -0.164727
190800 -2899.87207487 701.92128927 0.449950 5.8538 0.497957 0.188779 -0.073663
190900 -2907.70316923 691.84836249 0.443493 5.8538 0.497957 0.188779 -0.062764
191000 -2920.02411375 718.92263002 0.460848 5.7795 0.501495 0.194270 0.022369
191100 -2918.04217766 689.62657149 0.442068 5.7795 0.501495 0.194270 -0.007037
191200 -2922.38174192 690.36878507 0.442544 5.7795 0.501495 0.194270 -0.029285
191300 -2918.08830576 718.95915306 0.460871 5.7795 0.501495 0.194270 0.046710
191400 -2950.45142105 720.66206896 0.461963 5.7795 0.501495 0.194270 -0.055297
191500 -2926.41565749 689.37057579 0.441904 5.8115 0.500961 0.192700 0.094767
191600 -2903.88965348 679.87892262 0.435820 5.8115 0.500961 0.192700 0.061241
191700 -2928.97188599 711.84870547 0.456313 5.8115 0.500961 0.192700 0.067569
191800 -2948.63784511 711.99819689 0.456409 5.8115 0.500961 0.192700 -0.055728
191900 -2936.39109045 682.05677949 0.437216 5.8115 0.500961 0.192700 0.010581
192000 -2959.95594197 679.35718526 0.435485 5.8923 0.500249 0.181473 -0.033192
192100 -2977.52176073 700.30286562 0.448912 5.8923 0.500249 0.181473 0.025054
192200 -2986.11069015 689.57517787 0.442035 5.8923 0.500249 0.181473 0.002574
192300 -2995.54584975 688.97647314 0.441652 5.8923 0.500249 0.181473 -0.050247
192400 -2994.33425562 696.93533061 0.446753 5.8923 0.500249 0.181473 -0.003645
192500 -2962.19429379 681.79376569 0.437047 5.8167 0.521248 0.186594 0.115756
192600 -2960.45206501 675.06589141 0.432735 5.8167 0.521248 0.186594 -0.048263
192700 -2977.14012415 671.20782554 0.430261 5.8167 0.521248 0.186594 -0.089174
192800 -2972.49229192 674.06251775 0.432091 5.8167 0.521248 0.186594 -0.040465
192900 -2977.94736561 668.01121788 0.428212 5.8167 0.521248 0.186594 -0.010965
193000 -2984.14587890 679.77046165 0.435750 5.9103 0.509703 0.183515 -0.045319
193100 -2974.99047092 665.25450837 0.426445 5.9103 0.509703 0.183515 0.070322
193200 -2973.18295498 649.39241778 0.416277 5.9103 0.509703 0.183515 -0.072192
193300 -2954.96186343 675.73398082 0.433163 5.9103 0.509703 0.183515 -0.021992
193400 -2962.07130425 698.95827598 0.448050 5.9103 0.509703 0.183515 0.030834
193500 -2961.46560139 701.67740367 0.449793 5.8449 0.504442 0.190815 0.062030
193600 -2953.56972445 676.30020817 0.433526 5.8449 0.504442 0.190815 0.071626
193700 -2994.78569347 707.10458917 0.453272 5.8449 0.504442 0.190815 0.108622
193800 -2984.61212830 704.21559473 0.451420 5.8449 0.504442 0.190815 -0.036755
193900 -2958.88494482 689.18139721 0.441783 5.8449 0.504442 0.190815 0.013630
194000 -2972.74442369 674.27875354 0.432230 5.8577 0.503616 0.188030 0.026447
194100 -2989.86927038 712.62680713 0.456812 5.8577 0.503616 0.188030 0.054788
194200 -2957.77825650 690.29428391 0.442496 5.8577 0.503616 0.188030 0.021407
194300 -2953.11905825 706.51616579 0.452895 5.8577 0.503616 0.188030 0.034524
194400 -2960.87081413 679.13030203 0.435340 5.8577 0.503616 0.188030 0.071410
194500 -2952.48139841 689.68185114 0.442104 5.8385 0.517205 0.183330 -0.000162
194600 -2954.69685366 733.46841660 0.470172 5.8385 0.517205 0.183330 -0.029418
194700 -2926.43131812 683.90058384 0.438398 5.8385 0.517205 0.183330 0.008712
194800 -2951.09875862 696.18233222 0.446271 5.8385 0.517205 0.183330 -0.036732
194900 -2934.07367655 667.66042011 0.427987 5.8385 0.517205 0.183330 0.077246
195000 -2956.66470828 671.83225926 0.430662 5.8256 0.500390 0.194465 -0.072789
195100 -2962.01236152 655.20837053 0.420005 5.8256 0.500390 0.194465 0.012754
195200 -3001.32021730 655.05014782 0.419904 5.8256 0.500390 0.194465 -0.083552
195300 -2991.01112128 670.39735485 0.429742 5.8256 0.500390 0.194465 0.012329
195400 -2971.27633269 685.63443850 0.439509 5.8256 0.500390 0.194465 -0.010077
195500 -2982.80006540 697.75436537 0.447278 5.8462 0.512663 0.180852 -0.067279
195600 -2965.59957403 698.48061436 0.447744 5.8462 0.512663 0.180852 0.031130
195700 -2972.68955559 691.51887323 0.443281 5.8462 0.512663 0.180852 0.043959
195800 -2962.39365473 691.07600034 0.442997 5.8462 0.512663 0.180852 0.073222
195900 -2966.39822363 681.33943276 0.436756 5.8462 0.512663 0.180852 0.067520
196000 -2975.27267538 678.12679032 0.434697 5.8346 0.516437 0.187192 -0.023307
196100 -2992.83037053 696.21682262 0.446293 5.8346 0.516437 0.187192 -0.073359
196200 -2945.70912393 660.88879305 0.423647 5.8346 0.516437 0.187192 0.032406
196300 -2988.56286507 690.78326903 0.442810 5.8346 0.516437 0.187192 -0.081811
196400 -2962.10502279 631.82536436 0.405016 5.8346 0.516437 0.187192 -0.025520
196500 -2967.07631176 679.23557343 0.435407 5.8538 0.513646 0.188154 -0.056612
196600 -2965.60515012 700.25251261 0.448880 5.8538 0.513646 0.188154 0.045639
196700 -2967.23667522 715.44855415 0.458621 5.8538 0.513646 0.188154 0.039715
196800 -2954.80620701 706.73069295 0.453032 5.8538 0.513646 0.188154 0.034981
196900 -2969.01162355 690.21952475 0.442448 5.8538 0.513646 0.188154 -0.032774
197000 -2949.37318193 662.13020763 0.424442 5.9000 0.496845 0.189666 0.042525
197100 -2971.22156710 705.82061470 0.452449 5.9000 0.496845 0.189666 -0.001764
197200 -2972.01483267 698.40031373 0.447693 5.9000 0.496845 0.189666 -0.008459
197300 -2967.51487615 694.01984493 0.444885 5.9000 0.496845 0.189666 0.057292
197400 -2964.78926863 677.89582481 0.434549 5.9000 0.496845 0.189666 0.001187
197500 -2971.21151619 678.08725296 0.434671 5.8705 0.520600 0.184114 -0.093490
197600 -2988.65149636 688.89060259 0.441597 5.8705 0.520600 0.184114 -0.065018
197700 -2972.61426893 674.24354083 0.432207 5.8705 0.520600 0.184114 -0.066332
197800 -2954.29689962 682.18232186 0.437296 5.8705 0.520600 0.184114 0.027550
197900 -2954.64164044 669.50463393 0.429170 5.8705 0.520600 0.184114 0.059946
198000 -2976.02435367 692.85746645 0.444139 5.8808 0.506296 0.184799 -0.052415
198100 -2973.24764133 678.37479247 0.434856 5.8808 0.506296 0.184799 0.012357
198200 -2970.17720849 668.86955077 0.428763 5.8808 0.506296 0.184799 0.001879
198300 -2972.58615878 670.48179025 0.429796 5.8808 0.506296 0.184799 0.018177
198400 -2941.89007526 698.61583874 0.447831 5.8808 0.506296 0.184799 0.014339
198500 -2944.92840957 701.52802678 0.449697 5.8731 0.507571 0.189325 0.117056
198600 -2935.82548199 681.19012455 0.436660 5.8731 0.507571 0.189325 0.124357
198700 -2941.81495656 678.47105591 0.434917 5.8731 0.507571 0.189325 0.109185
198800 -2942.95070737 668.96042803 0.428821 5.8731 0.507571 0.189325 0.100025
198900 -2966.50753013 673.38430635 0.431657 5.8731 0.507571 0.189325 0.038882
199000 -2965.01757039 711.44803113 0.456056 5.8872 0.504945 0.179857 0.045038
199100 -2941.96022544 691.43161297 0.443225 5.8872 0.504945 0.179857 0.086340
199200 -2943.51583293 698.43703282 0.447716 5.8872 0.504945 0.179857 -0.062272
199300 -2947.08149080 670.80501482 0.430003 5.8872 0.504945 0.179857 0.029871
199400 -2976.04113868 695.21002795 0.445647 5.8872 0.504945 0.179857 -0.069162
199500 -2976.76913799 686.83826981 0.440281 5.9000 0.509523 0.182631 -0.064639
199600 -2970.20975329 691.53419643 0.443291 5.9000 0.509523 0.182631 0.014215
199700 -2975.07082386 675.67694385 0.433126 5.9000 0.509523 0.182631 -0.073020
199800 -2970.91591565 701.30193813 0.449553 5.9000 0.509523 0.182631 0.006674
199900 -2976.15165018 683.60718748 0.438210 5.9000 0.509523 0.182631 -0.116513
200000 -2971.86469188 673.42353045 0.431682 5.8474 0.515731 0.189559 -0.078708
200100 -2966.57642295 689.92705471 0.442261 5.8474 0.515731 0.189559 0.002513
200200 -2954.43214949 696.28847948 0.446339 5.8474 0.515731 0.189559 0.053370
200300 -2952.48802552 689.77326775 0.442162 5.8474 0.515731 0.189559 0.065703
200400 -2963.91661036 659.52148153 0.422770 5.8474 0.515731 0.189559 0.061436
200500 -2976.21080824 690.30263686 0.442502 5.8500 0.514415 0.180590 -0.033290
200600 -2969.39270272 704.11358901 0.451355 5.8500 0.514415 0.180590 -0.057897
200700 -2940.44920825 671.19530851 0.430253 5.8500 0.514415 0.180590 0.154023
200800 -2969.51530558 703.45627847 0.450934 5.8500 0.514415 0.180590 0.033175
200900 -2958.46912775 707.90621446 0.453786 5.8500 0.514415 0.180590 0.045346
201000 -2965.85034863 681.62722238 0.436941 5.8462 0.506318 0.192636 0.032655
201100 -2949.49961901 670.73072103 0.429956 5.8462 0.506318 0.192636 0.008635
201200 -2951.09186592 655.74957377 0.420352 5.8462 0.506318 0.192636 -0.043742
201300 -2972.63248961 668.36362798 0.428438 5.8462 0.506318 0.192636 -0.072435
201400 -2980.66180683 691.99530936 0.443587 5.8462 0.506318 0.192636 0.016557
201500 -2982.22860684 694.94871515 0.445480 5.8654 0.509055 0.185669 0.019315
201600 -2971.34292449 669.63001035 0.429250 5.8654 0.509055 0.185669 -0.011053
201700 -2974.64666143 690.34638681 0.442530 5.8654 0.509055 0.185669 -0.041776
201800 -2961.15092295 670.36179825 0.429719 5.8654 0.509055 0.185669 0.006933
201900 -2974.71120375 650.77685396 0.417165 5.8654 0.509055 0.185669 -0.062323
202000 -2980.56170149 684.05347186 0.438496 5.8859 0.497744 0.185988 0.135232
202100 -2974.97878158 670.93619151 0.430087 5.8859 0.497744 0.185988 0.059045
202200 -3000.14737276 709.42995154 0.454763 5.8859 0.497744 0.185988 -0.052606
202300 -2962.00197150 671.15909333 0.430230 5.8859 0.497744 0.185988 0.016689
202400 -2967.69219370 675.80254491 0.433207 5.8859 0.497744 0.185988 0.060681
202500 -2943.37667961 662.62782886 0.424761 5.9295 0.490340 0.183304 0.153103
202600 -2970.05016462 693.62775493 0.444633 5.9295 0.490340 0.183304 0.025993
202700 -2946.23660091 671.79017789 0.430635 5.9295 0.490340 0.183304 0.014608
202800 -2976.35200626 665.36809778 0.426518 5.9295 0.490340 0.183304 -0.077043
202900 -2941.81971779 660.81105329 0.423597 5.9295 0.490340 0.183304 0.078084
203000 -2968.36552713 707.42134580 0.453475 5.9231 0.503493 0.187553 0.089446
203100 -2962.79036126 697.03583909 0.446818 5.9231 0.503493 0.187553 0.056882
203200 -2940.74009727 649.54002956 0.416372 5.9231 0.503493 0.187553 0.050944
203300 -2958.00565599 663.84569490 0.425542 5.9231 0.503493 0.187553 0.111725
203400 -2997.22272426 709.07997220 0.454538 5.9231 0.503493 0.187553 0.014512
203500 -2990.64821303 704.61111615 0.451674 5.9244 0.499982 0.181254 0.014668
203600 -2998.07894321 684.96860810 0.439082 5.9244 0.499982 0.181254 -0.040452
203700 -2969.01311598 669.69897528 0.429294 5.9244 0.499982 0.181254 0.078871
203800 -2983.53647205 686.50871579 0.440070 5.9244 0.499982 0.181254 0.018533
203900 -2987.10011078 689.83139618 0.442200 5.9244 0.499982 0.181254 0.014389
204000 -2984.38691357 703.97222408 0.451264 5.9577 0.487400 0.181005 0.068002
204100 -2954.32098879 664.81929242 0.426166 5.9577 0.487400 0.181005 0.033453
204200 -2954.74430877 704.49636754 0.451600 5.9577 0.487400 0.181005 -0.081450
204300 -2944.43392633 684.25393165 0.438624 5.9577 0.487400 0.181005 -0.015294
204400 -2951.27294454 697.09763886 0.446857 5.9577 0.487400 0.181005 -0.034321
204500 -2967.12224379 684.96288804 0.439079 5.9423 0.486341 0.184575 0.005071
204600 -2960.77783178 694.16191933 0.444976 5.9423 0.486341 0.184575 0.047911
204700 -2951.83841812 683.41796826 0.438088 5.9423 0.486341 0.184575 0.115744
204800 -2956.55910822 691.03868849 0.442974 5.9423 0.486341 0.184575 0.029694
204900 -2969.32442195 680.82477226 0.436426 5.9423 0.486341 0.184575 0.017029
205000 -2980.07564003 667.59154388 0.427943 5.9154 0.495207 0.187425 -0.005823
205100 -2971.04073262 681.80076545 0.437052 5.9154 0.495207 0.187425 0.020553
205200 -2969.90082514 676.81148351 0.433854 5.9154 0.495207 0.187425 0.085969
205300 -2969.23265822 670.97818297 0.430114 5.9154 0.495207 0.187425 0.013219
205400 -2968.62506337 653.99881959 0.419230 5.9154 0.495207 0.187425 0.022477
205500 -2942.65785278 655.90807108 0.420454 5.8872 0.487811 0.187490 0.058461
205600 -2924.65543965 692.88014978 0.444154 5.8872 0.487811 0.187490 0.037637
205700 -2919.77606990 696.00413200 0.446156 5.8872 0.487811 0.187490 -0.026757
205800 -2922.79655258 684.55149899 0.438815 5.8872 0.487811 0.187490 -0.017686
205900 -2939.14985693 696.87003144 0.446712 5.8872 0.487811 0.187490 -0.105022
206000 -2929.55977436 673.72344772 0.431874 5.9026 0.488742 0.186359 0.090460
206100 -2950.19381915 656.35777284 0.420742 5.9026 0.488742 0.186359 -0.034510
206200 -2936.21327085 650.69387384 0.417111 5.9026 0.488742 0.186359 0.005110
206300 -2940.95246468 656.48270076 0.420822 5.9026 0.488742 0.186359 -0.032262
206400 -2944.36657244 658.40442097 0.422054 5.9026 0.488742 0.186359 -0.029206
206500 -2947.62964853 655.96477989 0.420490 5.8885 0.491177 0.188990 0.005043
206600 -2963.88898285 695.25070842 0.445674 5.8885 0.491177 0.188990 -0.040173
206700 -2946.69768066 654.52930088 0.419570 5.8885 0.491177 0.188990 -0.066713
206800 -2952.03763707 671.97736538 0.430755 5.8885 0.491177 0.188990 -0.040433
206900 -2931.26228683 688.39367485 0.441278 5.8885 0.491177 0.188990 0.089152
207000 -2920.98601195 723.41729467 0.463729 5.9064 0.491559 0.186752 0.047312
207100 -2918.06921218 722.18138466 0.462937 5.9064 0.491559 0.186752 0.038304
207200 -2907.68443807 692.05132470 0.443623 5.9064 0.491559 0.186752 0.084055
207300 -2917.29273211 694.14724898 0.444966 5.9064 0.491559 0.186752 0.036110
207400 -2920.38321092 687.04084664 0.440411 5.9064 0.491559 0.186752 -0.015232
207500 -2912.17151701 691.08861503 0.443006 5.8128 0.510190 0.191495 -0.005300
207600 -2919.66622475 700.85963782 0.449269 5.8128 0.510190 0.191495 0.036260
207700 -2935.56630929 717.63706882 0.460024 5.8128 0.510190 0.191495 0.013354
207800 -2931.04911826 711.59992710 0.456154 5.8128 0.510190 0.191495 0.022994
207900 -2940.12556708 707.08955670 0.453263 5.8128 0.510190 0.191495 -0.031341
208000 -2953.45943723 679.21430124 0.435394 5.8449 0.508922 0.192021 -0.079309
208100 -2936.07712889 676.26884982 0.433506 5.8449 0.508922 0.192021 0.020537
208200 -2959.91860999 715.82661999 0.458863 5.8449 0.508922 0.192021 -0.048452
208300 -2939.32480776 699.15307636 0.448175 5.8449 0.508922 0.192021 0.082010
208400 -2941.71426928 681.42535571 0.436811 5.8449 0.508922 0.192021 0.023996
208500 -2930.47573338 670.91473088 0.430074 5.8987 0.490165 0.184498 -0.002265
208600 -2944.03456651 697.71610681 0.447254 5.8987 0.490165 0.184498 -0.048713
208700 -2922.15954728 683.15798987 0.437922 5.8987 0.490165 0.184498 0.082124
208800 -2923.55629098 689.54536401 0.442016 5.8987 0.490165 0.184498 -0.028090
208900 -2931.07044656 691.60204242 0.443335 5.8987 0.490165 0.184498 -0.033968
209000 -2942.49746481 705.82163764 0.452450 5.8692 0.492985 0.186773 0.007947
209100 -2961.58921809 711.05428703 0.455804 5.8692 0.492985 0.186773 0.031157
209200 -2941.37527836 677.47800931 0.434281 5.8692 0.492985 0.186773 0.052397
209300 -2963.50000982 688.93998095 0.441628 5.8692 0.492985 0.186773 0.054546
209400 -2947.31821075 686.17067837 0.439853 5.8692 0.492985 0.186773 0.002690
209500 -2950.87419317 658.59984210 0.422179 5.9308 0.491605 0.182074 0.071522
209600 -2976.34051669 681.21987850 0.436679 5.9308 0.491605 0.182074 -0.120390
209700 -2963.21159655 695.83597867 0.446049 5.9308 0.491605 0.182074 0.044927
209800 -2949.53118451 676.45835650 0.433627 5.9308 0.491605 0.182074 -0.052692
209900 -2968.45407450 673.85715415 0.431960 5.9308 0.491605 0.182074 -0.097609
210000 -2948.65708451 648.47213366 0.415687 5.9308 0.493061 0.184997 0.018779
210100 -2977.13839093 680.08326705 0.435951 5.9308 0.493061 0.184997 -0.063889
210200 -2992.78402209 719.85788003 0.461447 5.9308 0.493061 0.184997 -0.098210
210300 -2965.77662723 697.61564080 0.447190 5.9308 0.493061 0.184997 -0.035903
210400 -2979.62643462 723.35872745 0.463691 5.9308 0.493061 0.184997 -0.086134
210500 -2982.46159403 712.03540549 0.456433 5.9423 0.500169 0.180977 -0.015441
210600 -2977.33020056 735.52404131 0.471490 5.9423 0.500169 0.180977 0.033107
210700 -2982.96338824 702.42526274 0.450273 5.9423 0.500169 0.180977 0.065850
210800 -2968.02010605 680.21047736 0.436032 5.9423 0.500169 0.180977 0.138221
210900 -2975.79684091 673.35370950 0.431637 5.9423 0.500169 0.180977 0.041287
211000 -2961.63352620 672.30227644 0.430963 5.9538 0.499062 0.182123 0.080309
211100 -2984.49066419 663.11344992 0.425073 5.9538 0.499062 0.182123 -0.055433
211200 -2976.61934799 688.86825193 0.441582 5.9538 0.499062 0.182123 -0.011782
211300 -2954.91999040 692.94567886 0.444196 5.9538 0.499062 0.182123 -0.007581
211400 -2961.99883882 683.79204720 0.438328 5.9538 0.499062 0.182123 -0.122401
211500 -2951.14167384 668.49835107 0.428525 5.9128 0.492191 0.185359 0.039042
211600 -2945.71332205 657.81029998 0.421673 5.9128 0.492191 0.185359 -0.025948
211700 -2967.04497442 685.55852328 0.439461 5.9128 0.492191 0.185359 0.048244
211800 -2959.22221976 688.52660588 0.441363 5.9128 0.492191 0.185359 0.009182
211900 -2948.81318159 693.94689861 0.444838 5.9128 0.492191 0.185359 0.070251
212000 -2955.45334489 707.35318756 0.453432 5.8756 0.502752 0.189430 -0.007876
212100 -2933.94668698 690.33703129 0.442524 5.8756 0.502752 0.189430 0.018501
212200 -2938.12856350 700.59713628 0.449101 5.8756 0.502752 0.189430 0.045502
212300 -2945.73736743 727.54112805 0.466373 5.8756 0.502752 0.189430 0.012192
212400 -2932.36323604 695.66558767 0.445939 5.8756 0.502752 0.189430 0.075158
212500 -2947.32119142 692.35518320 0.443817 5.9359 0.485909 0.189658 0.160387
212600 -2963.35507252 669.46279879 0.429143 5.9359 0.485909 0.189658 -0.015983
212700 -2969.66100645 679.10120200 0.435321 5.9359 0.485909 0.189658 -0.003074
212800 -2953.74898660 709.89593448 0.455061 5.9359 0.485909 0.189658 0.080368
212900 -2962.96123776 702.18396680 0.450118 5.9359 0.485909 0.189658 -0.031427
213000 -2937.85400478 703.31757693 0.450845 5.9885 0.472921 0.181819 0.038466
213100 -2938.90375877 692.85546310 0.444138 5.9885 0.472921 0.181819 0.063016
213200 -2935.54127663 708.73810781 0.454319 5.9885 0.472921 0.181819 0.063307
213300 -2929.30044370 673.55178619 0.431764 5.9885 0.472921 0.181819 -0.005001
213400 -2941.85874200 688.34124262 0.441244 5.9885 0.472921 0.181819 0.043420
213500 -2940.77914814 676.35319522 0.433560 5.9500 0.483553 0.182559 0.030681
213600 -2957.95537302 683.22119465 0.437962 5.9500 0.483553 0.182559 -0.001737
213700 -2963.95515073 680.97486663 0.436522 5.9500 0.483553 0.182559 0.062857
213800 -2971.53912408 704.70822069 0.451736 5.9500 0.483553 0.182559 0.014693
213900 -2952.83682179 709.97580576 0.455113 5.9500 0.483553 0.182559 0.011741
214000 -2961.96783821 705.48809835 0.452236 5.8833 0.505820 0.191806 -0.049620
214100 -2940.79051002 691.82105481 0.443475 5.8833 0.505820 0.191806 0.065096
214200 -2950.47466957 679.51836967 0.435589 5.8833 0.505820 0.191806 0.028605
214300 -2971.22844527 681.81583008 0.437061 5.8833 0.505820 0.191806 -0.006003
214400 -2962.12203022 696.94238297 0.446758 5.8833 0.505820 0.191806 -0.042417
214500 -2953.15141164 695.60333267 0.445900 5.9397 0.481336 0.183116 -0.030077
214600 -2937.27526149 699.87861247 0.448640 5.9397 0.481336 0.183116 0.116433
214700 -2940.70856529 682.83271056 0.437713 5.9397 0.481336 0.183116 -0.012264
214800 -2919.30374611 678.72254940 0.435079 5.9397 0.481336 0.183116 0.073391
214900 -2935.92890945 678.64535286 0.435029 5.9397 0.481336 0.183116 0.019765
215000 -2939.60849815 669.57197961 0.429213 5.8808 0.500362 0.190252 0.001944
215100 -2911.65656040 672.44398296 0.431054 5.8808 0.500362 0.190252 0.041548
215200 -2903.01288942 670.06674292 0.429530 5.8808 0.500362 0.190252 -0.008069
215300 -2917.39565092 648.19831434 0.415512 5.8808 0.500362 0.190252 -0.085894
215400 -2902.97686929 682.29814164 0.437371 5.8808 0.500362 0.190252 -0.023337
215500 -2905.80658100 691.20662298 0.443081 5.9026 0.485100 0.193192 -0.043149
215600 -2918.51567666 678.45318835 0.434906 5.9026 0.485100 0.193192 -0.073546
215700 -2924.21453457 688.87392146 0.441586 5.9026 0.485100 0.193192 -0.057051
215800 -2916.44980490 668.22563378 0.428350 5.9026 0.485100 0.193192 0.019165
215900 -2933.80634528 667.55200212 0.427918 5.9026 0.485100 0.193192 0.021020
216000 -2948.21640798 690.11666536 0.442382 5.8808 0.506848 0.185931 0.027087
216100 -2951.59304343 697.93835711 0.447396 5.8808 0.506848 0.185931 0.068246
216200 -2948.30108226 681.29698709 0.436729 5.8808 0.506848 0.185931 -0.013078
216300 -2944.30289185 659.19516043 0.422561 5.8808 0.506848 0.185931 0.083516
216400 -2954.14083194 735.44489748 0.471439 5.8808 0.506848 0.185931 0.017051
216500 -2950.87190781 743.05400478 0.476317 5.9372 0.497130 0.183247 0.005280
216600 -2948.59914999 720.26468936 0.461708 5.9372 0.497130 0.183247 0.070641
216700 -2954.74119171 720.86420082 0.462092 5.9372 0.497130 0.183247 -0.005912
216800 -2966.19323389 740.72242924 0.474822 5.9372 0.497130 0.183247 0.028833
216900 -2971.00683171 693.66620203 0.444658 5.9372 0.497130 0.183247 -0.126865
217000 -2980.75456444 696.28499672 0.446337 5.9372 0.498606 0.178307 0.017163
217100 -2978.98916744 706.84756708 0.453107 5.9372 0.498606 0.178307 0.055967
217200 -2977.45462259 700.21463102 0.448856 5.9372 0.498606 0.178307 0.129215
217300 -2973.04953771 685.43426565 0.439381 5.9372 0.498606 0.178307 0.023696
217400 -2981.56694591 691.04551286 0.442978 5.9372 0.498606 0.178307 0.044367
217500 -3006.97174477 693.78372028 0.444733 5.9218 0.500175 0.183595 -0.044621
217600 -2969.00742761 671.57028237 0.430494 5.9218 0.500175 0.183595 0.012330
217700 -2972.70836601 660.11120143 0.423148 5.9218 0.500175 0.183595 -0.001299
217800 -2977.99954132 656.80372570 0.421028 5.9218 0.500175 0.183595 -0.033083
217900 -2952.95050531 679.73739872 0.435729 5.9218 0.500175 0.183595 0.007227
218000 -2945.77698043 693.94751728 0.444838 5.9256 0.488878 0.183231 0.041166
218100 -2948.22541411 676.92074531 0.433924 5.9256 0.488878 0.183231 0.067675
218200 -2970.83713847 677.85266140 0.434521 5.9256 0.488878 0.183231 -0.110267
218300 -2936.03826400 686.06368265 0.439784 5.9256 0.488878 0.183231 0.044842
218400 -2912.46151502 671.58345243 0.430502 5.9256 0.488878 0.183231 -0.019338
218500 -2930.38523657 665.47574292 0.426587 5.8538 0.505167 0.188823 -0.099461
218600 -2952.45238530 690.53978398 0.442654 5.8538 0.505167 0.188823 -0.047951
218700 -2942.45961213 694.83675132 0.445408 5.8538 0.505167 0.188823 -0.031292
218800 -2960.52073115 701.27319857 0.449534 5.8538 0.505167 0.188823 -0.111762
218900 -2938.76434197 678.38471804 0.434862 5.8538 0.505167 0.188823 0.040660
219000 -2957.16135750 694.29897568 0.445063 5.9192 0.484311 0.188115 0.014265
219100 -2946.24376114 691.33544197 0.443164 5.9192 0.484311 0.188115 0.073056
219200 -2934.90000590 676.85449219 0.433881 5.9192 0.484311 0.188115 0.044134
219300 -2928.55113014 666.34231378 0.427143 5.9192 0.484311 0.188115 0.005988
219400 -2936.02219586 672.92050072 0.431359 5.9192 0.484311 0.188115 -0.036213
219500 -2937.54998528 666.34699090 0.427146 5.8859 0.494565 0.189045 0.018754
219600 -2963.19650482 687.53603629 0.440728 5.8859 0.494565 0.189045 -0.023530
219700 -2954.71956635 667.24177363 0.427719 5.8859 0.494565 0.189045 -0.061462
219800 -2960.06646058 692.14291350 0.443681 5.8859 0.494565 0.189045 0.018813
219900 -2951.86911412 655.95987397 0.420487 5.8859 0.494565 0.189045 -0.077939
220000 -2940.00457599 663.92042529 0.425590 5.9372 0.479890 0.185013 0.090853
220100 -2961.35771128 714.18721504 0.457812 5.9372 0.479890 0.185013 -0.023753
220200 -2956.48837736 676.52608491 0.433671 5.9372 0.479890 0.185013 -0.054098
220300 -2962.96591592 698.71076666 0.447892 5.9372 0.479890 0.185013 -0.045082
220400 -2982.37049692 698.88381204 0.448002 5.9372 0.479890 0.185013 0.048810
220500 -2941.00182033 665.00152699 0.426283 5.9756 0.486902 0.179625 -0.024625
220600 -2960.03642077 704.99126599 0.451917 5.9756 0.486902 0.179625 -0.082772
220700 -2947.39600006 692.30489764 0.443785 5.9756 0.486902 0.179625 -0.095354
220800 -2948.84018321 688.34314014 0.441246 5.9756 0.486902 0.179625 0.067145
220900 -2965.01775570 674.32372175 0.432259 5.9756 0.486902 0.179625 -0.043218
221000 -2949.41052585 683.39481640 0.438074 5.9603 0.490549 0.189326 0.007842
221100 -2964.79411502 672.14023408 0.430859 5.9603 0.490549 0.189326 -0.049138
221200 -2947.38698079 653.49991148 0.418910 5.9603 0.490549 0.189326 0.005596
221300 -2953.47690186 678.73007695 0.435083 5.9603 0.490549 0.189326 0.010469
221400 -2936.13021046 669.83392385 0.429381 5.9603 0.490549 0.189326 0.057962
221500 -2947.38650630 685.11850018 0.439179 5.9397 0.491530 0.180902 -0.030145
221600 -2932.98540587 689.58280738 0.442040 5.9397 0.491530 0.180902 0.053250
221700 -2947.83457798 691.98471641 0.443580 5.9397 0.491530 0.180902 0.055501
221800 -2943.62957888 707.87195711 0.453764 5.9397 0.491530 0.180902 0.000906
221900 -2930.23227708 681.86270202 0.437091 5.9397 0.491530 0.180902 0.069320
222000 -2939.15417799 688.51093980 0.441353 5.9615 0.481064 0.187316 0.078719
222100 -2961.43792315 691.11479656 0.443022 5.9615 0.481064 0.187316 0.042157
222200 -2955.18420166 702.57673344 0.450370 5.9615 0.481064 0.187316 0.000338
222300 -2959.44729922 676.61100347 0.433725 5.9615 0.481064 0.187316 -0.047946
222400 -2961.01733520 670.11285803 0.429560 5.9615 0.481064 0.187316 -0.042040
222500 -2978.05047655 723.68174288 0.463899 5.9577 0.492665 0.186046 -0.011882
222600 -2943.41241929 687.04086560 0.440411 5.9577 0.492665 0.186046 0.101075
222700 -2953.02633595 704.07899774 0.451333 5.9577 0.492665 0.186046 0.095035
222800 -2988.52690771 709.54546913 0.454837 5.9577 0.492665 0.186046 0.044464
222900 -2997.35886902 678.60842351 0.435005 5.9577 0.492665 0.186046 0.012937
223000 -2974.23651272 669.39156569 0.429097 5.9705 0.488233 0.177912 0.069222
223100 -2986.87587457 675.45019202 0.432981 5.9705 0.488233 0.177912 0.058273
223200 -3000.85662925 674.48021473 0.432359 5.9705 0.488233 0.177912 0.038774
223300 -3017.19847171 682.45919882 0.437474 5.9705 0.488233 0.177912 0.052512
223400 -2992.69928877 652.35020754 0.418173 5.9705 0.488233 0.177912 0.067948
223500 -2997.96729198 664.79086377 0.426148 6.0269 0.489511 0.175095 0.041730
223600 -2988.86149002 663.89581942 0.425574 6.0269 0.489511 0.175095 0.039849
223700 -2995.94722365 706.60836336 0.452954 6.0269 0.489511 0.175095 0.072026
223800 -2988.45984502 690.62452977 0.442708 6.0269 0.489511 0.175095 -0.022214
223900 -2979.26046617 689.56504894 0.442029 6.0269 0.489511 0.175095 0.012276
224000 -2970.75502943 680.25406274 0.436060 6.0590 0.479866 0.180213 0.022058
224100 -2974.17523579 697.05055577 0.446827 6.0590 0.479866 0.180213 0.030622
224200 -2950.95282874 666.08239726 0.426976 6.0590 0.479866 0.180213 0.056339
224300 -2965.43288711 703.28915047 0.450826 6.0590 0.479866 0.180213 0.062904
224400 -2971.01113083 725.15254202 0.464841 6.0590 0.479866 0.180213 0.029769
224500 -2970.51113493 722.69714725 0.463267 6.0000 0.473035 0.181879 0.099714
224600 -2971.48214428 683.49382249 0.438137 6.0000 0.473035 0.181879 0.030589
224700 -3010.89447973 687.18715474 0.440505 6.0000 0.473035 0.181879 -0.057747
224800 -2979.17999182 667.64335983 0.427977 6.0000 0.473035 0.181879 0.046893
224900 -3004.64556514 695.31984928 0.445718 6.0000 0.473035 0.181879 0.074306
225000 -2986.96287620 700.06170572 0.448758 6.0205 0.484922 0.178150 0.110092
225100 -3006.51092265 696.87571155 0.446715 6.0205 0.484922 0.178150 -0.047114
225200 -2993.88402752 672.75231771 0.431251 6.0205 0.484922 0.178150 0.050879
225300 -2972.76149071 638.64200776 0.409386 6.0205 0.484922 0.178150 0.057550
225400 -2989.05515011 682.91388811 0.437765 6.0205 0.484922 0.178150 0.066439
225500 -2986.83253128 669.82766148 0.429377 6.0205 0.490084 0.177714 -0.022644
225600 -3001.24887014 677.29322317 0.434162 6.0205 0.490084 0.177714 0.019379
225700 -2969.10468834 699.37433786 0.448317 6.0205 0.490084 0.177714 0.127706
225800 -3003.41204457 701.80545565 0.449875 6.0205 0.490084 0.177714 0.013332
225900 -2980.21004415 669.64400867 0.429259 6.0205 0.490084 0.177714 0.031559
226000 -2982.56885714 673.37369250 0.431650 6.0295 0.485456 0.177843 0.071255
226100 -2972.56136222 665.42794540 0.426556 6.0295 0.485456 0.177843 0.030008
226200 -2981.96374676 674.63296440 0.432457 6.0295 0.485456 0.177843 0.005929
226300 -2969.98659953 684.59773233 0.438845 6.0295 0.485456 0.177843 0.048788
226400 -2960.31396616 684.89245259 0.439034 6.0295 0.485456 0.177843 0.059626
226500 -2935.09301823 679.71057878 0.435712 6.0397 0.471159 0.178277 0.090565
226600 -2914.09534912 664.55197573 0.425995 6.0397 0.471159 0.178277 -0.009355
226700 -2944.91489268 692.87930229 0.444153 6.0397 0.471159 0.178277 -0.000380
226800 -2962.89982643 673.46699527 0.431710 6.0397 0.471159 0.178277 0.001322
226900 -2973.81469351 688.26955229 0.441198 6.0397 0.471159 0.178277 -0.086313
227000 -2943.38931231 683.88168439 0.438386 6.0359 0.490335 0.179158 0.077222
227100 -2942.10376570 692.83911288 0.444128 6.0359 0.490335 0.179158 -0.003722
227200 -2935.09578952 684.22711198 0.438607 6.0359 0.490335 0.179158 -0.004882
227300 -2935.67948707 663.44658663 0.425286 6.0359 0.490335 0.179158 -0.076127
227400 -2964.08841094 688.34913051 0.441249 6.0359 0.490335 0.179158 -0.078365
227500 -2954.07848577 677.92440818 0.434567 5.9641 0.485170 0.187077 0.005021
227600 -2931.09473596 691.69531033 0.443394 5.9641 0.485170 0.187077 0.018808
227700 -2937.54972618 677.29022932 0.434160 5.9641 0.485170 0.187077 0.075426
227800 -2947.99777717 699.34629782 0.448299 5.9641 0.485170 0.187077 0.076245
227900 -2937.45914930 658.27283992 0.421970 5.9641 0.485170 0.187077 0.083236
228000 -2924.17889829 647.46339953 0.415041 5.9897 0.480734 0.185933 -0.029383
228100 -2933.54055419 664.24610283 0.425799 5.9897 0.480734 0.185933 -0.112419
228200 -2921.97389084 680.56127772 0.436257 5.9897 0.480734 0.185933 -0.060443
228300 -2931.57071571 680.26619698 0.436068 5.9897 0.480734 0.185933 -0.010126
228400 -2925.73280472 661.69776865 0.424165 5.9897 0.480734 0.185933 0.058016
228500 -2911.21024292 675.80610968 0.433209 5.9962 0.478340 0.187483 0.155294
228600 -2932.37375406 698.87420353 0.447996 5.9962 0.478340 0.187483 0.049050
228700 -2939.61285619 683.73326487 0.438291 5.9962 0.478340 0.187483 -0.002462
228800 -2954.97522719 643.79318172 0.412688 5.9962 0.478340 0.187483 -0.028843
228900 -2959.90020840 666.05798154 0.426960 5.9962 0.478340 0.187483 -0.024342
229000 -2953.34816802 681.61249642 0.436931 6.0641 0.483449 0.179034 -0.011636
229100 -2940.11257673 686.88878090 0.440313 6.0641 0.483449 0.179034 0.016746
229200 -2947.93813295 673.69668581 0.431857 6.0641 0.483449 0.179034 -0.000882
229300 -2950.62570783 708.04855619 0.453877 6.0641 0.483449 0.179034 -0.015943
229400 -2940.92033721 694.77606425 0.445369 6.0641 0.483449 0.179034 -0.046971
229500 -2948.28249076 696.87615269 0.446715 6.0103 0.471305 0.180959 -0.016009
229600 -2931.86828601 684.64466254 0.438875 6.0103 0.471305 0.180959 0.052126
229700 -2944.47016458 671.96381792 0.430746 6.0103 0.471305 0.180959 0.084633
229800 -2951.47129638 680.94275088 0.436502 6.0103 0.471305 0.180959 0.017055
229900 -2962.95341131 669.01810290 0.428858 6.0103 0.471305 0.180959 -0.047648
230000 -2946.29810599 671.46833662 0.430428 6.0090 0.471818 0.183876 0.030098
230100 -2945.71815108 678.84116876 0.435155 6.0090 0.471818 0.183876 0.014845
230200 -2935.81193842 687.95827996 0.440999 6.0090 0.471818 0.183876 -0.021368
230300 -2894.53397639 667.81622490 0.428087 6.0090 0.471818 0.183876 0.061660
230400 -2911.84052517 685.79185619 0.439610 6.0090 0.471818 0.183876 0.018040
230500 -2919.76291420 672.72165216 0.431232 5.9615 0.486334 0.183775 -0.012314
230600 -2952.38302696 672.56738293 0.431133 5.9615 0.486334 0.183775 -0.061682
230700 -2945.39936345 669.18714161 0.428966 5.9615 0.486334 0.183775 0.013425
230800 -2951.35596752 679.83064238 0.435789 5.9615 0.486334 0.183775 -0.023780
230900 -2949.87227696 688.73888919 0.441499 5.9615 0.486334 0.183775 0.039729
231000 -2959.37353683 691.69422269 0.443394 5.9885 0.495019 0.181953 0.013576
231100 -2948.04612366 683.92971811 0.438416 5.9885 0.495019 0.181953 0.100033
231200 -2949.00260155 689.79045324 0.442173 5.9885 0.495019 0.181953 0.019061
231300 -2945.00978487 674.48635723 0.432363 5.9885 0.495019 0.181953 -0.003645
231400 -2945.11731376 695.16743136 0.445620 5.9885 0.495019 0.181953 0.058899
231500 -2966.13530199 683.54793741 0.438172 6.0154 0.481058 0.184315 0.000420
231600 -2975.25377323 696.45921496 0.446448 6.0154 0.481058 0.184315 0.023685
231700 -2972.80688555 679.07451220 0.435304 6.0154 0.481058 0.184315 -0.001614
231800 -2977.90110340 667.76213019 0.428053 6.0154 0.481058 0.184315 -0.104985
231900 -2978.69127865 650.85329297 0.417214 6.0154 0.481058 0.184315 -0.021342
232000 -2986.03064057 667.00213169 0.427565 6.0321 0.480931 0.175355 0.039140
232100 -2984.04468613 678.35994736 0.434846 6.0321 0.480931 0.175355 0.005556
232200 -2967.06366033 712.26791740 0.456582 6.0321 0.480931 0.175355 0.050671
232300 -2968.32705613 691.08117038 0.443001 6.0321 0.480931 0.175355 0.087157
232400 -2955.31840059 670.79148522 0.429995 6.0321 0.480931 0.175355 0.100509
232500 -2974.83944485 683.60026992 0.438205 6.0628 0.476539 0.179137 0.022962
232600 -2977.38271545 702.49874277 0.450320 6.0628 0.476539 0.179137 0.057356
232700 -2990.53201420 692.93444515 0.444189 6.0628 0.476539 0.179137 -0.014197
232800 -3000.10436260 690.54730551 0.442659 6.0628 0.476539 0.179137 -0.028185
232900 -2978.76421768 685.63395310 0.439509 6.0628 0.476539 0.179137 0.022644
233000 -2972.33835381 664.16163936 0.425745 6.0269 0.488027 0.179285 -0.040336
233100 -2983.24470629 679.44337068 0.435541 6.0269 0.488027 0.179285 -0.095062
233200 -2990.27099865 700.52640339 0.449055 6.0269 0.488027 0.179285 -0.041986
233300 -2961.87701713 675.69153570 0.433136 6.0269 0.488027 0.179285 0.069621
233400 -2963.54377364 692.27459474 0.443766 6.0269 0.488027 0.179285 0.108571
233500 -2981.71917106 708.81446393 0.454368 6.0385 0.485455 0.175755 -0.044494
233600 -2933.92181682 696.81863724 0.446679 6.0385 0.485455 0.175755 0.069827
233700 -2925.13457588 676.80809230 0.433851 6.0385 0.485455 0.175755 0.082555
233800 -2935.21385832 678.67596831 0.435049 6.0385 0.485455 0.175755 -0.017858
233900 -2957.17313182 687.10169824 0.440450 6.0385 0.485455 0.175755 0.011584
234000 -2981.48561875 665.25663040 0.426447 6.0423 0.471354 0.175956 -0.058891
234100 -2969.07689859 652.52775400 0.418287 6.0423 0.471354 0.175956 0.052856
234200 -2964.67973468 679.12156761 0.435334 6.0423 0.471354 0.175956 0.036051
234300 -2963.28395292 682.61379373 0.437573 6.0423 0.471354 0.175956 0.084128
234400 -2977.13561785 696.87117546 0.446712 6.0423 0.471354 0.175956 0.062638
234500 -2977.90660696 709.70500438 0.454939 6.1231 0.470061 0.172531 -0.000516
234600 -2995.22318258 700.37255107 0.448957 6.1231 0.470061 0.172531 -0.016364
234700 -2983.94790982 687.28876142 0.440570 6.1231 0.470061 0.172531 -0.032325
234800 -2974.44256593 712.95485838 0.457022 6.1231 0.470061 0.172531 -0.029069
234900 -2974.34547707 687.69989600 0.440833 6.1231 0.470061 0.172531 0.052533
235000 -2975.46436104 664.40498416 0.425901 6.0538 0.478345 0.179208 0.006943
235100 -2990.22183669 655.01827439 0.419884 6.0538 0.478345 0.179208 -0.005198
235200 -2968.72954504 658.50541306 0.422119 6.0538 0.478345 0.179208 0.085531
235300 -2977.32240297 676.68044244 0.433770 6.0538 0.478345 0.179208 0.042219
235400 -2961.37792865 711.50762258 0.456095 6.0538 0.478345 0.179208 0.093375
235500 -2945.55597572 678.69933188 0.435064 6.0949 0.467570 0.182914 0.048124
235600 -2938.74148290 662.84227635 0.424899 6.0949 0.467570 0.182914 0.077658
235700 -2959.61984223 710.02866773 0.455147 6.0949 0.467570 0.182914 -0.068222
235800 -2950.16870808 662.41744384 0.424627 6.0949 0.467570 0.182914 -0.040313
235900 -2938.49694993 675.05898667 0.432730 6.0949 0.467570 0.182914 -0.027572
236000 -2946.91903558 685.16814814 0.439210 6.0910 0.463678 0.182644 -0.029836
236100 -2949.67939564 689.04581050 0.441696 6.0910 0.463678 0.182644 0.006145
236200 -2974.49911228 694.20686562 0.445004 6.0910 0.463678 0.182644 -0.037860
236300 -2982.93041103 691.84107169 0.443488 6.0910 0.463678 0.182644 -0.017144
236400 -2974.79769563 691.78209005 0.443450 6.0910 0.463678 0.182644 0.045112
236500 -2981.26449264 666.78094712 0.427424 6.0859 0.476821 0.178287 -0.003733
236600 -2992.48528054 683.07830854 0.437871 6.0859 0.476821 0.178287 0.087407
236700 -2984.01351068 682.02568114 0.437196 6.0859 0.476821 0.178287 0.069919
236800 -2960.30195234 680.53596065 0.436241 6.0859 0.476821 0.178287 -0.002914
236900 -2972.30651483 694.63755660 0.445280 6.0859 0.476821 0.178287 -0.023954
237000 -2941.95158312 701.35176655 0.449584 6.1179 0.470843 0.179044 0.060214
237100 -2959.60702846 690.83699142 0.442844 6.1179 0.470843 0.179044 0.049413
237200 -2960.12367474 689.24371100 0.441823 6.1179 0.470843 0.179044 -0.023273
237300 -2957.20901547 689.74256874 0.442143 6.1179 0.470843 0.179044 -0.023804
237400 -2979.41452961 686.42459507 0.440016 6.1179 0.470843 0.179044 -0.046718
237500 -2968.67220663 665.89868657 0.426858 6.1397 0.462766 0.179152 0.036686
237600 -2982.07668786 689.18874737 0.441788 6.1397 0.462766 0.179152 0.062517
237700 -2979.41647023 715.44884755 0.458621 6.1397 0.462766 0.179152 0.072026
237800 -2967.70779565 704.80315075 0.451797 6.1397 0.462766 0.179152 0.078167
237900 -2974.37982948 700.55498165 0.449074 6.1397 0.462766 0.179152 0.021359
238000 -2978.26319938 702.09911925 0.450064 6.1256 0.472363 0.179570 -0.022200
238100 -2943.73400466 662.81398252 0.424881 6.1256 0.472363 0.179570 0.077679
238200 -2960.72321393 690.00009111 0.442308 6.1256 0.472363 0.179570 0.050710
238300 -2963.03066162 686.87794498 0.440306 6.1256 0.472363 0.179570 -0.047720
238400 -2966.94635136 716.65918283 0.459397 6.1256 0.472363 0.179570 0.048156
238500 -2968.56479458 669.05193727 0.428879 6.1051 0.463857 0.180109 -0.020075
238600 -2948.27525292 659.62279379 0.422835 6.1051 0.463857 0.180109 0.088184
238700 -2949.70064696 673.09168814 0.431469 6.1051 0.463857 0.180109 0.068434
238800 -2957.59820260 700.12844340 0.448800 6.1051 0.463857 0.180109 -0.010049
238900 -2948.90752332 690.26980402 0.442481 6.1051 0.463857 0.180109 -0.015759
239000 -2915.95292100 698.79437052 0.447945 6.0923 0.463545 0.182253 0.017626
239100 -2930.96000548 692.28088643 0.443770 6.0923 0.463545 0.182253 0.009484
239200 -2922.77793419 665.33656754 0.426498 6.0923 0.463545 0.182253 0.151089
239300 -2935.70981846 692.67655890 0.444023 6.0923 0.463545 0.182253 0.073607
239400 -2939.76888026 698.58251811 0.447809 6.0923 0.463545 0.182253 0.041105
239500 -2945.27367593 674.09922758 0.432115 6.0974 0.460296 0.180034 -0.017860
239600 -2926.77766901 688.33016619 0.441237 6.0974 0.460296 0.180034 0.098455
239700 -2935.80530733 684.73669547 0.438934 6.0974 0.460296 0.180034 0.010439
239800 -2958.49641381 715.68997435 0.458776 6.0974 0.460296 0.180034 -0.035094
239900 -2944.61220452 700.49084550 0.449033 6.0974 0.460296 0.180034 0.034516
240000 -2936.70154718 693.49809124 0.444550 6.1731 0.452069 0.174184 0.102712
240100 -2935.67647894 709.52585323 0.454824 6.1731 0.452069 0.174184 0.035183
240200 -2925.56182966 685.37381637 0.439342 6.1731 0.452069 0.174184 -0.018602
240300 -2939.76858681 682.37819304 0.437422 6.1731 0.452069 0.174184 0.024081
240400 -2940.80498874 684.49944152 0.438782 6.1731 0.452069 0.174184 0.061252
240500 -2954.59507290 687.48640848 0.440696 6.1615 0.468161 0.171259 0.013051
240600 -2969.70306394 695.30596716 0.445709 6.1615 0.468161 0.171259 0.035542
240700 -2973.69460918 691.53668676 0.443293 6.1615 0.468161 0.171259 0.006251
240800 -2956.14667128 664.17167828 0.425751 6.1615 0.468161 0.171259 -0.048378
240900 -2945.72282640 656.35243257 0.420739 6.1615 0.468161 0.171259 0.023832
241000 -2950.07467517 670.77808645 0.429986 6.1064 0.467151 0.184279 0.045142
241100 -2967.06881302 675.78806500 0.433197 6.1064 0.467151 0.184279 -0.042336
241200 -2974.59431131 680.60982905 0.436288 6.1064 0.467151 0.184279 -0.031973
241300 -2984.60715965 690.36468103 0.442541 6.1064 0.467151 0.184279 0.021894
241400 -2957.69733977 669.16553367 0.428952 6.1064 0.467151 0.184279 0.065113
241500 -2954.55773890 684.48761462 0.438774 6.1885 0.467476 0.176801 0.051824
241600 -2951.99842842 678.28357385 0.434797 6.1885 0.467476 0.176801 -0.002464
241700 -2946.87079651 697.55381418 0.447150 6.1885 0.467476 0.176801 0.043063
241800 -2944.00975833 656.51337229 0.420842 6.1885 0.467476 0.176801 -0.046076
241900 -2950.15192062 669.49869021 0.429166 6.1885 0.467476 0.176801 0.015779
242000 -2957.68680038 689.56715021 0.442030 6.1064 0.465443 0.184096 0.046940
242100 -2968.38482112 676.80378356 0.433849 6.1064 0.465443 0.184096 -0.023107
242200 -2966.32930391 682.11786227 0.437255 6.1064 0.465443 0.184096 0.066233
242300 -2964.53640838 668.89386039 0.428778 6.1064 0.465443 0.184096 0.074635
242400 -2966.06998783 701.92340936 0.449951 6.1064 0.465443 0.184096 0.103483
242500 -2996.75452077 704.47341618 0.451586 6.1885 0.452418 0.170977 0.084898
242600 -2970.58480296 688.03982043 0.441051 6.1885 0.452418 0.170977 -0.033686
242700 -2965.50490407 688.71726260 0.441485 6.1885 0.452418 0.170977 0.000019
242800 -2964.14992616 727.18566495 0.466145 6.1885 0.452418 0.170977 0.078611
242900 -2952.23202012 671.16504143 0.430234 6.1885 0.452418 0.170977 -0.005140
243000 -2952.53537896 652.24268155 0.418104 6.2000 0.455574 0.169393 -0.018419
243100 -2944.28973278 664.87371511 0.426201 6.2000 0.455574 0.169393 -0.031529
243200 -2931.31707974 662.96993020 0.424981 6.2000 0.455574 0.169393 0.040957
243300 -2958.31082377 685.79727806 0.439614 6.2000 0.455574 0.169393 0.036864
243400 -2968.90304372 665.62274689 0.426681 6.2000 0.455574 0.169393 0.090031
243500 -2959.12801132 671.10476464 0.430195 6.1769 0.450523 0.177810 0.056804
243600 -2960.02332833 710.24769145 0.455287 6.1769 0.450523 0.177810 -0.005130
243700 -2949.79646670 693.16740358 0.444338 6.1769 0.450523 0.177810 -0.001321
243800 -2960.01688042 678.89331576 0.435188 6.1769 0.450523 0.177810 0.014008
243900 -2981.73123519 696.61444058 0.446548 6.1769 0.450523 0.177810 -0.013013
244000 -2962.83121591 692.38174589 0.443834 6.2218 0.448061 0.176554 -0.014073
244100 -2948.99291287 709.42571247 0.454760 6.2218 0.448061 0.176554 0.024527
244200 -2923.30726395 725.24457951 0.464900 6.2218 0.448061 0.176554 0.136032
244300 -2909.26883182 707.51575141 0.453536 6.2218 0.448061 0.176554 0.098001
244400 -2877.38591654 687.42947407 0.440660 6.2218 0.448061 0.176554 0.120738
244500 -2894.82989290 714.28028983 0.457872 6.1513 0.449317 0.180758 0.015465
244600 -2884.60818435 679.76204668 0.435745 6.1513 0.449317 0.180758 0.039815
244700 -2885.96998859 706.53704162 0.452908 6.1513 0.449317 0.180758 0.018299
244800 -2877.43568114 668.88960316 0.428775 6.1513 0.449317 0.180758 0.025208
244900 -2884.38001527 672.03422526 0.430791 6.1513 0.449317 0.180758 -0.012097
245000 -2893.66511260 670.32862643 0.429698 6.1487 0.441002 0.182021 0.052081
245100 -2898.07250270 683.94313916 0.438425 6.1487 0.441002 0.182021 0.070761
245200 -2892.09746634 678.12927765 0.434698 6.1487 0.441002 0.182021 0.068640
245300 -2899.71306497 711.94364480 0.456374 6.1487 0.441002 0.182021 -0.026674
245400 -2903.36650674 678.09915481 0.434679 6.1487 0.441002 0.182021 0.119777
245500 -2903.37823711 681.98842092 0.437172 6.1705 0.443005 0.180680 -0.030666
245600 -2901.34506333 690.47993917 0.442615 6.1705 0.443005 0.180680 0.002102
245700 -2918.88380254 660.81727945 0.423601 6.1705 0.443005 0.180680 -0.036214
245800 -2930.86400977 673.81627758 0.431934 6.1705 0.443005 0.180680 -0.059334
245900 -2904.91041071 651.21645417 0.417446 6.1705 0.443005 0.180680 -0.022445
246000 -2930.48938553 670.65404926 0.429906 6.1564 0.449911 0.176432 -0.088614
246100 -2909.92055544 672.86621532 0.431324 6.1564 0.449911 0.176432 0.016331
246200 -2928.07330110 727.02039998 0.466039 6.1564 0.449911 0.176432 -0.043695
246300 -2894.59697869 693.13082675 0.444315 6.1564 0.449911 0.176432 -0.046468
246400 -2931.11294475 683.05260795 0.437854 6.1564 0.449911 0.176432 -0.142066
246500 -2939.30953387 682.47389572 0.437483 6.0821 0.465207 0.181786 -0.044933
246600 -2924.21561326 659.58867633 0.422813 6.0821 0.465207 0.181786 -0.033207
246700 -2947.07198841 664.95711926 0.426255 6.0821 0.465207 0.181786 -0.024184
246800 -2946.00757198 675.03185055 0.432713 6.0821 0.465207 0.181786 -0.075155
246900 -2928.72441737 670.46618715 0.429786 6.0821 0.465207 0.181786 -0.046428
247000 -2938.28527629 672.47966821 0.431077 6.1410 0.460109 0.177150 -0.042893
247100 -2936.72012415 688.29751849 0.441216 6.1410 0.460109 0.177150 0.062504
247200 -2946.60848079 695.43284546 0.445790 6.1410 0.460109 0.177150 -0.034175
247300 -2943.40466628 670.70398994 0.429938 6.1410 0.460109 0.177150 0.012235
247400 -2948.14829284 672.19396126 0.430894 6.1410 0.460109 0.177150 0.018058
247500 -2938.87817599 668.49528815 0.428523 6.1500 0.460965 0.179027 0.079968
247600 -2924.92836230 677.06897862 0.434019 6.1500 0.460965 0.179027 0.054220
247700 -2942.97060356 681.98583588 0.437170 6.1500 0.460965 0.179027 0.008870
247800 -2951.92718561 686.31431088 0.439945 6.1500 0.460965 0.179027 -0.016870
247900 -2966.21332966 701.73066530 0.449827 6.1500 0.460965 0.179027 0.019553
248000 -2970.66140123 684.77102357 0.438956 6.1603 0.461568 0.174929 -0.036280
248100 -2960.56325577 662.85254456 0.424905 6.1603 0.461568 0.174929 -0.021472
248200 -2947.90234470 677.29448285 0.434163 6.1603 0.461568 0.174929 0.038483
248300 -2942.20299509 701.64586141 0.449773 6.1603 0.461568 0.174929 0.024003
248400 -2910.06547725 706.31631228 0.452767 6.1603 0.461568 0.174929 0.038188
248500 -2899.15958875 682.52058168 0.437513 6.1474 0.457277 0.187322 0.031577
248600 -2925.65158414 692.16000644 0.443692 6.1474 0.457277 0.187322 -0.014315
248700 -2910.75906174 705.10450348 0.451990 6.1474 0.457277 0.187322 0.115724
248800 -2894.35832498 693.66211175 0.444655 6.1474 0.457277 0.187322 0.067423
248900 -2922.26154468 708.26242070 0.454014 6.1474 0.457277 0.187322 -0.043413
249000 -2883.95007220 690.82284778 0.442835 6.1756 0.447875 0.178468 0.104630
249100 -2892.83107026 698.58239067 0.447809 6.1756 0.447875 0.178468 0.040000
249200 -2911.07115369 699.79320871 0.448585 6.1756 0.447875 0.178468 -0.018676
249300 -2906.07909518 679.84716365 0.435799 6.1756 0.447875 0.178468 -0.032346
249400 -2923.28907838 698.40531353 0.447696 6.1756 0.447875 0.178468 -0.018258
249500 -2913.87071464 689.93672101 0.442267 6.1346 0.452386 0.181063 -0.002490
249600 -2922.00141821 675.50744591 0.433018 6.1346 0.452386 0.181063 -0.052895
249700 -2908.76400849 668.28648604 0.428389 6.1346 0.452386 0.181063 -0.048871
249800 -2889.70573028 675.26455317 0.432862 6.1346 0.452386 0.181063 -0.045011
249900 -2878.01601574 648.83348239 0.415919 6.1346 0.452386 0.181063 -0.040924
250000 -2895.80595310 689.94628706 0.442273 6.1692 0.451267 0.179906 -0.012541
250100 -2902.45958594 671.90187530 0.430706 6.1692 0.451267 0.179906 -0.019442
250200 -2905.15430159 660.25629194 0.423241 6.1692 0.451267 0.179906 -0.108598
250300 -2887.34712050 662.99128822 0.424994 6.1692 0.451267 0.179906 -0.085373
250400 -2899.58491501 694.21539188 0.445010 6.1692 0.451267 0.179906 0.089562
250500 -2907.61837511 681.59127498 0.436917 6.1692 0.450959 0.182635 0.019477
250600 -2904.50624726 687.83474927 0.440920 6.1692 0.450959 0.182635 0.032339
250700 -2920.82321341 698.96815494 0.448057 6.1692 0.450959 0.182635 -0.004981
250800 -2916.73449427 666.84732181 0.427466 6.1692 0.450959 0.182635 -0.050027
250900 -2915.29581854 685.77281831 0.439598 6.1692 0.450959 0.182635 0.042521
251000 -2895.95649085 695.13015483 0.445596 6.1500 0.446943 0.179832 0.006845
251100 -2900.87328294 692.68941959 0.444032 6.1500 0.446943 0.179832 0.048399
251200 -2924.14307990 713.90773293 0.457633 6.1500 0.446943 0.179832 -0.063064
251300 -2920.42303402 695.82012447 0.446039 6.1500 0.446943 0.179832 -0.005177
251400 -2897.50184603 705.43816213 0.452204 6.1500 0.446943 0.179832 0.038355
251500 -2871.94942053 678.33680945 0.434831 6.1692 0.450266 0.188018 0.030160
251600 -2925.63689827 683.82017888 0.438346 6.1692 0.450266 0.188018 -0.099817
251700 -2899.71984148 696.69825571 0.446601 6.1692 0.450266 0.188018 0.108764
251800 -2915.64001529 697.63287782 0.447201 6.1692 0.450266 0.188018 0.053226
251900 -2939.41429099 685.59570181 0.439484 6.1692 0.450266 0.188018 -0.001718
252000 -2929.51260344 691.59885106 0.443333 6.1603 0.464197 0.187408 -0.035849
252100 -2928.62636562 690.50639856 0.442632 6.1603 0.464197 0.187408 0.050232
252200 -2914.55643851 673.16013414 0.431513 6.1603 0.464197 0.187408 0.082382
252300 -2930.02394298 701.71727472 0.449819 6.1603 0.464197 0.187408 0.004651
252400 -2922.46861393 692.07940009 0.443641 6.1603 0.464197 0.187408 0.062808
252500 -2930.69050591 712.29221040 0.456598 6.1590 0.451214 0.182032 0.026760
252600 -2925.73369326 675.87720011 0.433255 6.1590 0.451214 0.182032 -0.021247
252700 -2924.85132759 679.78904234 0.435762 6.1590 0.451214 0.182032 0.026608
252800 -2940.06114617 676.45441574 0.433625 6.1590 0.451214 0.182032 -0.050902
252900 -2922.59437341 701.85744027 0.449909 6.1590 0.451214 0.182032 0.125186
253000 -2920.21458303 673.26002207 0.431577 6.2423 0.435575 0.178423 0.007515
253100 -2913.97662810 669.13041265 0.428930 6.2423 0.435575 0.178423 0.074254
253200 -2928.11320854 704.16992240 0.451391 6.2423 0.435575 0.178423 -0.011906
253300 -2896.22031342 697.29966829 0.446987 6.2423 0.435575 0.178423 0.110367
253400 -2907.26333229 705.02264376 0.451938 6.2423 0.435575 0.178423 -0.041975
253500 -2901.75947580 716.88675649 0.459543 6.2308 0.453599 0.176812 0.027223
253600 -2933.99352256 700.64685996 0.449133 6.2308 0.453599 0.176812 -0.002841
253700 -2925.50838281 673.90929645 0.431993 6.2308 0.453599 0.176812 -0.020119
253800 -2929.14103761 698.60821265 0.447826 6.2308 0.453599 0.176812 -0.051219
253900 -2936.79494171 702.44642825 0.450286 6.2308 0.453599 0.176812 -0.074677
254000 -2945.94636974 665.47961596 0.426589 6.2897 0.435790 0.169325 -0.024513
254100 -2941.20763255 686.58180069 0.440117 6.2897 0.435790 0.169325 0.039008
254200 -2949.08427726 662.50723406 0.424684 6.2897 0.435790 0.169325 -0.052627
254300 -2951.29744660 682.76562130 0.437670 6.2897 0.435790 0.169325 -0.093273
254400 -2954.56999425 657.80593268 0.421670 6.2897 0.435790 0.169325 -0.040734
254500 -2966.90802930 676.88053702 0.433898 6.2795 0.441429 0.174339 0.028248
254600 -2977.47214752 698.47972599 0.447743 6.2795 0.441429 0.174339 0.052178
254700 -2956.01410582 707.61137116 0.453597 6.2795 0.441429 0.174339 0.106374
254800 -2969.65756176 698.22134058 0.447578 6.2795 0.441429 0.174339 0.031233
254900 -2951.78151489 685.61210095 0.439495 6.2795 0.441429 0.174339 0.011603
255000 -2976.80671209 723.96347958 0.464079 6.2641 0.454428 0.175530 -0.092243
255100 -2969.14479256 728.12743880 0.466748 6.2641 0.454428 0.175530 -0.070742
255200 -2956.59624606 689.28925975 0.441852 6.2641 0.454428 0.175530 -0.049039
255300 -2936.06231969 689.10818546 0.441736 6.2641 0.454428 0.175530 0.101838
255400 -2949.32101352 719.37835537 0.461140 6.2641 0.454428 0.175530 0.043303
255500 -2944.59940813 697.68748170 0.447236 6.2654 0.439654 0.173062 -0.023716
255600 -2913.08504138 707.49948944 0.453525 6.2654 0.439654 0.173062 0.012430
255700 -2926.08940445 686.10784267 0.439813 6.2654 0.439654 0.173062 0.011817
255800 -2917.46043622 689.42399675 0.441938 6.2654 0.439654 0.173062 -0.034520
255900 -2903.08811941 689.56075368 0.442026 6.2654 0.439654 0.173062 0.049847
256000 -2932.65501296 692.91841346 0.444178 6.2295 0.440707 0.183946 0.038174
256100 -2935.94512152 670.69343075 0.429932 6.2295 0.440707 0.183946 -0.063059
256200 -2957.68003727 661.64206368 0.424130 6.2295 0.440707 0.183946 -0.110092
256300 -2951.54095403 686.80718281 0.440261 6.2295 0.440707 0.183946 -0.041310
256400 -2943.55676254 676.98805712 0.433967 6.2295 0.440707 0.183946 -0.050448
256500 -2957.53636214 684.88496109 0.439029 6.2846 0.445400 0.174536 -0.014644
256600 -2932.14055552 695.74721300 0.445992 6.2846 0.445400 0.174536 0.072309
256700 -2947.00550369 674.58186856 0.432424 6.2846 0.445400 0.174536 -0.018699
256800 -2943.32610122 684.96212291 0.439078 6.2846 0.445400 0.174536 0.090562
256900 -2971.11273329 690.65270826 0.442726 6.2846 0.445400 0.174536 -0.069733
257000 -2948.39695402 675.94263518 0.433297 6.2436 0.442199 0.175451 0.105722
257100 -2941.37170000 657.85281149 0.421701 6.2436 0.442199 0.175451 -0.008113
257200 -2926.14509133 667.08088528 0.427616 6.2436 0.442199 0.175451 0.008350
257300 -2955.16634321 705.13787877 0.452011 6.2436 0.442199 0.175451 0.062875
257400 -2942.67285914 702.01725905 0.450011 6.2436 0.442199 0.175451 0.110054
257500 -2932.30967201 663.98196691 0.425629 6.2679 0.437762 0.176796 0.085811
257600 -2947.32922323 696.53095837 0.446494 6.2679 0.437762 0.176796 0.000967
257700 -2935.87580410 699.99588231 0.448715 6.2679 0.437762 0.176796 0.023317
257800 -2926.52346621 693.80438562 0.444746 6.2679 0.437762 0.176796 -0.023366
257900 -2928.15042949 700.63299160 0.449124 6.2679 0.437762 0.176796 0.011278
258000 -2917.97853290 694.30498068 0.445067 6.2385 0.436845 0.175356 0.015432
258100 -2920.97790904 683.64659089 0.438235 6.2385 0.436845 0.175356 0.035515
258200 -2922.68672286 696.02060737 0.446167 6.2385 0.436845 0.175356 0.027407
258300 -2933.76633931 699.34338197 0.448297 6.2385 0.436845 0.175356 0.003681
258400 -2928.58912928 699.79812130 0.448589 6.2385 0.436845 0.175356 -0.017577
258500 -2928.38478999 691.30345064 0.443143 6.2462 0.438128 0.169072 -0.022458
258600 -2926.45565968 708.07458779 0.453894 6.2462 0.438128 0.169072 0.113289
258700 -2955.67535680 753.53003602 0.483032 6.2462 0.438128 0.169072 0.037393
258800 -2958.97507313 693.52797605 0.444569 6.2462 0.438128 0.169072 -0.027220
258900 -2944.94933482 684.37127233 0.438700 6.2462 0.438128 0.169072 0.014949
259000 -2958.69537548 693.82342676 0.444759 6.2949 0.432218 0.178190 0.080811
259100 -2966.92554031 719.16059332 0.461000 6.2949 0.432218 0.178190 -0.012466
259200 -2941.39733506 680.91977550 0.436487 6.2949 0.432218 0.178190 0.049194
259300 -2968.62170417 700.40485449 0.448977 6.2949 0.432218 0.178190 0.063854
259400 -2971.65244158 669.96068422 0.429462 6.2949 0.432218 0.178190 -0.040171
259500 -2979.66383735 679.17902143 0.435371 6.3038 0.454233 0.174246 0.012815
259600 -2968.70283584 670.64796076 0.429903 6.3038 0.454233 0.174246 0.053400
259700 -2973.97967676 687.27926391 0.440564 6.3038 0.454233 0.174246 -0.010161
259800 -2977.68559386 674.05873330 0.432089 6.3038 0.454233 0.174246 -0.021370
259900 -2961.39287890 670.51466180 0.429817 6.3038 0.454233 0.174246 0.099846
260000 -2964.28475218 668.27106695 0.428379 6.2846 0.446285 0.174210 -0.057419
260100 -2953.85857233 664.08821375 0.425698 6.2846 0.446285 0.174210 0.043318
260200 -2984.85312329 701.86395538 0.449913 6.2846 0.446285 0.174210 -0.029471
260300 -2978.20112018 677.99504988 0.434612 6.2846 0.446285 0.174210 0.052066
260400 -2978.32089988 702.27496812 0.450176 6.2846 0.446285 0.174210 0.031768
260500 -2979.94237154 703.05645608 0.450677 6.4013 0.420924 0.168303 0.072440
260600 -2976.26038090 710.99467063 0.455766 6.4013 0.420924 0.168303 -0.056047
260700 -2928.48173044 692.86162945 0.444142 6.4013 0.420924 0.168303 0.082625
260800 -2960.88908069 708.41850205 0.454114 6.4013 0.420924 0.168303 -0.008163
260900 -2946.17327653 689.35857555 0.441897 6.4013 0.420924 0.168303 0.000911
261000 -2932.09468683 703.92644098 0.451235 6.3346 0.433745 0.171628 0.079160
261100 -2920.80322285 685.73003915 0.439571 6.3346 0.433745 0.171628 -0.042801
261200 -2923.66832876 718.20151620 0.460386 6.3346 0.433745 0.171628 0.009282
261300 -2926.80048134 686.87308835 0.440303 6.3346 0.433745 0.171628 0.048208
261400 -2962.32998984 738.87225434 0.473636 6.3346 0.433745 0.171628 -0.004934
261500 -2946.99056661 722.31255235 0.463021 6.3513 0.433302 0.171005 0.035687
261600 -2952.19496228 704.09894910 0.451345 6.3513 0.433302 0.171005 0.031121
261700 -2961.73964604 699.84863975 0.448621 6.3513 0.433302 0.171005 0.038325
261800 -2942.60261972 710.79068148 0.455635 6.3513 0.433302 0.171005 0.031810
261900 -2936.34272735 697.26158077 0.446963 6.3513 0.433302 0.171005 -0.033911
262000 -2909.01715731 659.32610424 0.422645 6.4026 0.415098 0.170274 0.006932
262100 -2933.15599429 684.46979288 0.438763 6.4026 0.415098 0.170274 -0.047285
262200 -2948.89300506 695.45514128 0.445805 6.4026 0.415098 0.170274 -0.041511
262300 -2948.45294118 696.50013321 0.446474 6.4026 0.415098 0.170274 -0.005465
262400 -2920.71832442 648.77777055 0.415883 6.4026 0.415098 0.170274 0.047596
262500 -2929.94778061 655.30019092 0.420064 6.3474 0.416100 0.173897 -0.025101
262600 -2917.86171445 661.89273797 0.424290 6.3474 0.416100 0.173897 0.013270
262700 -2912.37690176 671.96414664 0.430746 6.3474 0.416100 0.173897 0.026788
262800 -2918.68584300 655.78605168 0.420376 6.3474 0.416100 0.173897 -0.078746
262900 -2923.26989894 671.45885277 0.430422 6.3474 0.416100 0.173897 -0.008531
263000 -2929.83795325 651.63950657 0.417718 6.3372 0.431155 0.171434 -0.020791
263100 -2934.00655615 695.49746385 0.445832 6.3372 0.431155 0.171434 0.021655
263200 -2910.65655684 730.20092976 0.468078 6.3372 0.431155 0.171434 0.050869
263300 -2914.34347039 721.49471035 0.462497 6.3372 0.431155 0.171434 -0.016170
263400 -2915.10851272 705.56571610 0.452286 6.3372 0.431155 0.171434 -0.100079
263500 -2911.59440418 726.46862353 0.465685 6.3577 0.416732 0.173697 0.066575
263600 -2900.75920978 698.30367134 0.447631 6.3577 0.416732 0.173697 0.095474
263700 -2928.35607767 705.70392959 0.452374 6.3577 0.416732 0.173697 -0.027792
263800 -2934.82686169 703.75501386 0.451125 6.3577 0.416732 0.173697 0.076481
263900 -2936.11110918 680.46590379 0.436196 6.3577 0.416732 0.173697 0.035447
264000 -2935.82535957 709.26995398 0.454660 6.2705 0.439879 0.176437 -0.014263
264100 -2923.46902861 692.90126501 0.444167 6.2705 0.439879 0.176437 0.023555
264200 -2925.00539635 680.62627644 0.436299 6.2705 0.439879 0.176437 0.002389
264300 -2918.31894426 688.59808886 0.441409 6.2705 0.439879 0.176437 0.004243
264400 -2936.50899127 686.88196802 0.440309 6.2705 0.439879 0.176437 -0.037709
264500 -2950.94016598 683.20210229 0.437950 6.2897 0.436526 0.171279 -0.060156
264600 -2928.82871313 685.91867826 0.439691 6.2897 0.436526 0.171279 0.044305
264700 -2924.47526767 670.25822932 0.429653 6.2897 0.436526 0.171279 0.101563
264800 -2928.09789122 656.53235315 0.420854 6.2897 0.436526 0.171279 -0.070850
264900 -2954.12461323 707.97842750 0.453832 6.2897 0.436526 0.171279 -0.008675
265000 -2945.66180916 661.11785548 0.423793 6.3731 0.422152 0.173410 0.049262
265100 -2920.97920943 670.58001710 0.429859 6.3731 0.422152 0.173410 0.065965
265200 -2933.09054989 646.64018613 0.414513 6.3731 0.422152 0.173410 0.031282
265300 -2939.59298826 691.91183098 0.443533 6.3731 0.422152 0.173410 0.011863
265400 -2923.97569372 688.47012469 0.441327 6.3731 0.422152 0.173410 0.074236
265500 -2922.30116423 681.63869210 0.436948 6.3308 0.421383 0.173997 0.049826
265600 -2933.05053086 692.92708206 0.444184 6.3308 0.421383 0.173997 0.049845
265700 -2931.70327874 703.93355500 0.451239 6.3308 0.421383 0.173997 -0.016023
265800 -2938.62830747 671.02208525 0.430142 6.3308 0.421383 0.173997 -0.001891
265900 -2914.53828532 677.33707791 0.434190 6.3308 0.421383 0.173997 0.088695
266000 -2924.98963088 708.58286996 0.454220 6.3590 0.421480 0.170298 -0.005641
266100 -2920.60362405 693.85500556 0.444779 6.3590 0.421480 0.170298 -0.015278
266200 -2905.34668848 685.16292976 0.439207 6.3590 0.421480 0.170298 -0.000247
266300 -2914.80153460 680.23790018 0.436050 6.3590 0.421480 0.170298 0.019230
266400 -2930.97432343 697.02567294 0.446811 6.3590 0.421480 0.170298 0.026438
266500 -2911.49950493 688.39649048 0.441280 6.3513 0.420633 0.178268 0.015641
266600 -2952.18308996 684.78205561 0.438963 6.3513 0.420633 0.178268 -0.051406
266700 -2943.96034728 680.85328548 0.436444 6.3513 0.420633 0.178268 -0.032976
266800 -2943.76917103 676.76098958 0.433821 6.3513 0.420633 0.178268 -0.022621
266900 -2956.43000357 662.50343139 0.424682 6.3513 0.420633 0.178268 -0.041194
267000 -2926.81460763 644.10765553 0.412890 6.3205 0.432384 0.175568 0.020613
267100 -2966.41646748 689.54539990 0.442016 6.3205 0.432384 0.175568 0.001162
267200 -2977.92887473 671.48909428 0.430442 6.3205 0.432384 0.175568 0.049112
267300 -2978.85735353 650.76137201 0.417155 6.3205 0.432384 0.175568 -0.015303
267400 -2970.99327086 671.16539104 0.430234 6.3205 0.432384 0.175568 -0.078383
267500 -2949.59997044 648.88313455 0.415951 6.4256 0.426574 0.170587 -0.047969
267600 -2941.48202113 646.84202915 0.414642 6.4256 0.426574 0.170587 -0.036609
267700 -2965.02346064 668.46725076 0.428505 6.4256 0.426574 0.170587 -0.020608
267800 -2972.33376031 678.29923375 0.434807 6.4256 0.426574 0.170587 -0.007922
267900 -2976.65410988 660.81973826 0.423602 6.4256 0.426574 0.170587 0.020378
268000 -2980.28647876 672.70024270 0.431218 6.4141 0.433979 0.172452 -0.023865
268100 -2962.90326775 674.98750743 0.432684 6.4141 0.433979 0.172452 0.018915
268200 -2972.26783287 667.67064847 0.427994 6.4141 0.433979 0.172452 0.029945
268300 -2963.57919700 703.99843168 0.451281 6.4141 0.433979 0.172452 0.128920
268400 -2955.56747141 687.56146341 0.440745 6.4141 0.433979 0.172452 0.022422
268500 -2992.78689979 670.29582846 0.429677 6.3962 0.438108 0.170697 -0.034826
268600 -2984.50877018 671.28712196 0.430312 6.3962 0.438108 0.170697 -0.011822
268700 -2968.13137977 651.38726539 0.417556 6.3962 0.438108 0.170697 0.069892
268800 -2989.25217753 671.83134440 0.430661 6.3962 0.438108 0.170697 0.041585
268900 -2976.73421590 649.72475243 0.416490 6.3962 0.438108 0.170697 0.014726
269000 -2969.23500364 654.66252604 0.419655 6.4487 0.420737 0.166161 0.064791
269100 -2978.47495397 674.12146314 0.432129 6.4487 0.420737 0.166161 -0.004260
269200 -2960.57313954 686.51295900 0.440072 6.4487 0.420737 0.166161 0.042307
269300 -2963.66209156 686.25516672 0.439907 6.4487 0.420737 0.166161 0.063956
269400 -2952.72787348 690.14693620 0.442402 6.4487 0.420737 0.166161 0.076610
269500 -2975.25243830 690.27524930 0.442484 6.4218 0.422347 0.163212 0.022323
269600 -2980.98158084 683.56220303 0.438181 6.4218 0.422347 0.163212 -0.048358
269700 -2968.52881750 696.05431383 0.446189 6.4218 0.422347 0.163212 0.016026
269800 -2969.30599248 688.97272089 0.441649 6.4218 0.422347 0.163212 -0.025382
269900 -2948.70035611 716.00480625 0.458977 6.4218 0.422347 0.163212 0.034844
270000 -2963.73010964 688.40430474 0.441285 6.4026 0.424935 0.173886 0.001394
270100 -2981.17144705 699.10209586 0.448142 6.4026 0.424935 0.173886 0.023154
270200 -2970.16789469 699.54679321 0.448427 6.4026 0.424935 0.173886 0.106089
270300 -2971.59413557 700.05244539 0.448752 6.4026 0.424935 0.173886 0.019124
270400 -2968.20409623 697.84812751 0.447339 6.4026 0.424935 0.173886 -0.034761
270500 -2947.72305246 678.95892417 0.435230 6.4423 0.424964 0.172514 0.036399
270600 -2944.26815581 670.69938434 0.429936 6.4423 0.424964 0.172514 0.031559
270700 -2956.53656411 680.86648492 0.436453 6.4423 0.424964 0.172514 -0.009795
270800 -2957.39468029 682.07914523 0.437230 6.4423 0.424964 0.172514 -0.017146
270900 -2954.64010794 701.97201768 0.449982 6.4423 0.424964 0.172514 0.042072
271000 -2937.09349864 634.79152150 0.406918 6.3910 0.424967 0.174733 0.050745
271100 -2963.31468960 694.71417466 0.445330 6.3910 0.424967 0.174733 -0.002794
271200 -2942.91919755 685.07644253 0.439152 6.3910 0.424967 0.174733 -0.046206
271300 -2917.00470887 675.54986095 0.433045 6.3910 0.424967 0.174733 0.020282
271400 -2929.57302032 657.89721083 0.421729 6.3910 0.424967 0.174733 -0.024602
271500 -2927.88932460 690.55795305 0.442665 6.3679 0.431322 0.179598 -0.005841
271600 -2906.53955279 667.72677198 0.428030 6.3679 0.431322 0.179598 0.093172
271700 -2915.65954216 672.99547349 0.431407 6.3679 0.431322 0.179598 0.025448
271800 -2935.15292616 666.30656558 0.427120 6.3679 0.431322 0.179598 -0.016529
271900 -2927.84386449 674.41117315 0.432315 6.3679 0.431322 0.179598 -0.051226
272000 -2927.14160530 672.32835606 0.430980 6.4128 0.424468 0.177931 0.007781
272100 -2947.39267468 679.62195004 0.435655 6.4128 0.424468 0.177931 0.055256
272200 -2931.74337614 695.83536744 0.446048 6.4128 0.424468 0.177931 0.076859
272300 -2941.86937670 701.04166844 0.449386 6.4128 0.424468 0.177931 -0.007517
272400 -2936.89529586 679.36034992 0.435487 6.4128 0.424468 0.177931 -0.044466
272500 -2919.73470880 697.34243046 0.447014 6.3564 0.433951 0.179582 0.017620
272600 -2900.48518584 688.14022308 0.441116 6.3564 0.433951 0.179582 0.142095
272700 -2936.86085371 699.28075738 0.448257 6.3564 0.433951 0.179582 0.024412
272800 -2934.95785983 674.15671661 0.432152 6.3564 0.433951 0.179582 0.014707
272900 -2913.55911609 677.63272133 0.434380 6.3564 0.433951 0.179582 0.040841
273000 -2927.11696627 691.18628848 0.443068 6.3449 0.422285 0.174306 -0.039772
273100 -2893.75320197 671.48106797 0.430437 6.3449 0.422285 0.174306 0.070657
273200 -2912.08271796 699.71105551 0.448533 6.3449 0.422285 0.174306 0.011312
273300 -2894.82496047 699.25622233 0.448241 6.3449 0.422285 0.174306 -0.000972
273400 -2899.47662204 675.52193826 0.433027 6.3449 0.422285 0.174306 -0.014869
273500 -2891.37588110 685.82803073 0.439633 6.3372 0.431097 0.183195 -0.008256
273600 -2888.32536752 689.22699097 0.441812 6.3372 0.431097 0.183195 0.035949
273700 -2888.45252779 658.30694676 0.421992 6.3372 0.431097 0.183195 -0.040096
273800 -2884.59210188 707.05472786 0.453240 6.3372 0.431097 0.183195 -0.024730
273900 -2880.50281613 696.22804955 0.446300 6.3372 0.431097 0.183195 -0.015442
274000 -2874.95793847 715.76949544 0.458827 6.3949 0.407955 0.178404 0.131112
274100 -2856.30837400 669.72303934 0.429310 6.3949 0.407955 0.178404 0.200698
274200 -2880.46251966 693.72155753 0.444693 6.3949 0.407955 0.178404 -0.007873
274300 -2880.49580886 694.60451024 0.445259 6.3949 0.407955 0.178404 0.015933
274400 -2889.74617120 668.09003400 0.428263 6.3949 0.407955 0.178404 -0.049394
274500 -2909.62452652 690.57588222 0.442677 6.3423 0.418544 0.179534 -0.034457
274600 -2915.93661870 711.28471513 0.455952 6.3423 0.418544 0.179534 -0.026182
274700 -2899.64225552 686.23365299 0.439893 6.3423 0.418544 0.179534 0.113526
274800 -2925.06767076 706.14086198 0.452654 6.3423 0.418544 0.179534 -0.020775
274900 -2938.59288194 691.22109920 0.443090 6.3423 0.418544 0.179534 0.038227
275000 -2944.78113700 704.14631616 0.451376 6.4218 0.421120 0.176438 0.048491
275100 -2927.73919785 671.36566768 0.430363 6.4218 0.421120 0.176438 0.026269
275200 -2941.17719389 689.86394316 0.442220 6.4218 0.421120 0.176438 -0.069659
275300 -2933.95848969 691.32162565 0.443155 6.4218 0.421120 0.176438 -0.038227
275400 -2930.33229101 694.15890492 0.444974 6.4218 0.421120 0.176438 0.009658
275500 -2912.86020356 682.90454977 0.437759 6.3897 0.420103 0.174103 0.053807
275600 -2902.04254988 670.39551817 0.429741 6.3897 0.420103 0.174103 0.003977
275700 -2920.84704448 698.09390134 0.447496 6.3897 0.420103 0.174103 0.016000
275800 -2918.88250611 675.56465607 0.433054 6.3897 0.420103 0.174103 0.039182
275900 -2907.90192877 690.88101432 0.442872 6.3897 0.420103 0.174103 0.038094
276000 -2917.65265452 674.74986913 0.432532 6.3821 0.415801 0.176316 0.060910
276100 -2911.37448196 668.08695061 0.428261 6.3821 0.415801 0.176316 0.021653
276200 -2900.95232422 673.39367923 0.431663 6.3821 0.415801 0.176316 0.050043
276300 -2896.92099025 683.46365187 0.438118 6.3821 0.415801 0.176316 0.053811
276400 -2882.26896220 690.11952856 0.442384 6.3821 0.415801 0.176316 0.050293
276500 -2898.43402183 686.71523159 0.440202 6.3897 0.419797 0.175728 0.018823
276600 -2893.80722976 674.11312654 0.432124 6.3897 0.419797 0.175728 0.036450
276700 -2904.22700258 716.14518613 0.459067 6.3897 0.419797 0.175728 -0.029322
276800 -2897.92933436 688.61386556 0.441419 6.3897 0.419797 0.175728 0.057861
276900 -2889.60881140 691.31635592 0.443152 6.3897 0.419797 0.175728 0.037240
277000 -2878.15421467 694.42706665 0.445146 6.4154 0.407015 0.171658 0.053256
277100 -2897.81190579 675.47460251 0.432997 6.4154 0.407015 0.171658 -0.003240
277200 -2912.92572743 669.64054560 0.429257 6.4154 0.407015 0.171658 -0.030616
277300 -2908.70469390 678.36456041 0.434849 6.4154 0.407015 0.171658 -0.018778
277400 -2924.49251178 692.93834307 0.444191 6.4154 0.407015 0.171658 -0.019473
277500 -2897.97091644 666.85496198 0.427471 6.3936 0.421106 0.175054 0.031783
277600 -2892.49753268 667.26021193 0.427731 6.3936 0.421106 0.175054 0.060492
277700 -2902.40863691 694.40022210 0.445128 6.3936 0.421106 0.175054 0.012354
277800 -2875.18417225 664.87741225 0.426203 6.3936 0.421106 0.175054 0.061028
277900 -2892.03736186 671.16774293 0.430236 6.3936 0.421106 0.175054 -0.001713
278000 -2881.14981942 692.12234548 0.443668 6.4026 0.406488 0.172916 0.039711
278100 -2893.13227382 709.05577747 0.454523 6.4026 0.406488 0.172916 0.020667
278200 -2867.12832978 681.22003149 0.436680 6.4026 0.406488 0.172916 0.067132
278300 -2871.47873596 668.91131445 0.428789 6.4026 0.406488 0.172916 0.014975
278400 -2864.37493802 701.73593207 0.449831 6.4026 0.406488 0.172916 0.019059
278500 -2868.99319543 688.73896963 0.441499 6.3538 0.420623 0.177828 0.048325
278600 -2873.69733326 688.86458167 0.441580 6.3538 0.420623 0.177828 -0.016536
278700 -2907.48877648 683.71879511 0.438281 6.3538 0.420623 0.177828 -0.079982
278800 -2911.48285055 695.97156323 0.446136 6.3538 0.420623 0.177828 0.009309
278900 -2906.22722608 687.32657625 0.440594 6.3538 0.420623 0.177828 0.004711
279000 -2916.46002264 681.97213756 0.437162 6.4128 0.412164 0.168119 -0.096232
279100 -2905.22712927 686.79803944 0.440255 6.4128 0.412164 0.168119 -0.007130
279200 -2909.44910019 667.22608851 0.427709 6.4128 0.412164 0.168119 -0.075402
279300 -2860.46538975 662.20153665 0.424488 6.4128 0.412164 0.168119 0.025737
279400 -2876.04568967 690.72917828 0.442775 6.4128 0.412164 0.168119 -0.042165
279500 -2858.65994782 693.29169802 0.444418 6.3500 0.409032 0.175820 0.040659
279600 -2844.91269409 715.03789502 0.458358 6.3500 0.409032 0.175820 0.028339
279700 -2840.92952854 709.43016630 0.454763 6.3500 0.409032 0.175820 -0.022275
279800 -2847.73599404 666.00722696 0.426928 6.3500 0.409032 0.175820 -0.002901
279900 -2851.41790232 673.95662950 0.432023 6.3500 0.409032 0.175820 0.052226
280000 -2859.48662562 668.42432516 0.428477 6.3244 0.419798 0.175969 -0.028465
280100 -2852.29014104 676.96359540 0.433951 6.3244 0.419798 0.175969 -0.008091
280200 -2847.94631584 693.69104383 0.444674 6.3244 0.419798 0.175969 -0.007196
280300 -2853.87740071 678.78867795 0.435121 6.3244 0.419798 0.175969 0.007057
280400 -2868.27491146 688.19019663 0.441148 6.3244 0.419798 0.175969 -0.042415
280500 -2814.63222600 680.11479566 0.435971 6.3064 0.410647 0.186317 0.113665
280600 -2855.85127805 716.69486547 0.459420 6.3064 0.410647 0.186317 -0.060740
280700 -2838.01089901 671.83196606 0.430662 6.3064 0.410647 0.186317 -0.062725
280800 -2839.43381990 688.64374351 0.441438 6.3064 0.410647 0.186317 -0.000676
280900 -2845.69989904 685.30985404 0.439301 6.3064 0.410647 0.186317 0.049749
281000 -2864.87036169 666.92877680 0.427518 6.3295 0.415629 0.180901 0.047133
281100 -2867.68799328 668.92187125 0.428796 6.3295 0.415629 0.180901 0.036791
281200 -2860.48778699 674.83812379 0.432589 6.3295 0.415629 0.180901 0.033692
281300 -2889.11028716 682.36324181 0.437412 6.3295 0.415629 0.180901 -0.036874
281400 -2900.13131158 670.69324138 0.429932 6.3295 0.415629 0.180901 -0.055422
281500 -2900.64859452 702.08375842 0.450054 6.3526 0.411671 0.173051 -0.009556
281600 -2868.60843964 677.59447216 0.434355 6.3526 0.411671 0.173051 0.011063
281700 -2877.89204796 707.52858028 0.453544 6.3526 0.411671 0.173051 0.014392
281800 -2876.71249314 694.63965185 0.445282 6.3526 0.411671 0.173051 0.037137
281900 -2862.67021626 663.21132937 0.425135 6.3526 0.411671 0.173051 0.082126
282000 -2871.44691586 686.20122705 0.439873 6.3397 0.415945 0.172917 -0.007736
282100 -2858.26741801 697.47635636 0.447100 6.3397 0.415945 0.172917 0.051200
282200 -2869.96611116 696.33237404 0.446367 6.3397 0.415945 0.172917 0.015832
282300 -2867.30818359 692.16000054 0.443692 6.3397 0.415945 0.172917 0.051754
282400 -2864.39254352 690.20191713 0.442437 6.3397 0.415945 0.172917 -0.022595
282500 -2865.33349649 721.32764986 0.462390 6.3705 0.416852 0.175350 0.059321
282600 -2884.05893660 726.44465480 0.465670 6.3705 0.416852 0.175350 0.040793
282700 -2865.21748867 715.84614053 0.458876 6.3705 0.416852 0.175350 0.071381
282800 -2874.11392380 682.05279207 0.437213 6.3705 0.416852 0.175350 0.031690
282900 -2884.49219106 700.00721096 0.448723 6.3705 0.416852 0.175350 0.096597
283000 -2878.89743604 689.87249198 0.442226 6.3308 0.413233 0.179081 -0.007858
283100 -2867.96832050 672.64072288 0.431180 6.3308 0.413233 0.179081 0.011833
283200 -2853.92812543 680.47201271 0.436200 6.3308 0.413233 0.179081 0.071894
283300 -2867.24448678 694.38901173 0.445121 6.3308 0.413233 0.179081 0.054055
283400 -2835.52087343 689.45348726 0.441957 6.3308 0.413233 0.179081 0.144245
283500 -2870.98687393 703.39534374 0.450894 6.3859 0.406813 0.177086 0.044093
283600 -2859.59981054 679.82337078 0.435784 6.3859 0.406813 0.177086 0.026448
283700 -2852.43121171 696.76649976 0.446645 6.3859 0.406813 0.177086 0.053564
283800 -2872.71856879 668.94444488 0.428811 6.3859 0.406813 0.177086 0.031242
283900 -2884.50772745 699.79201940 0.448585 6.3859 0.406813 0.177086 0.025241
284000 -2877.50260590 699.89820666 0.448653 6.3603 0.409943 0.176899 0.010158
284100 -2856.34554280 688.54168660 0.441373 6.3603 0.409943 0.176899 0.113615
284200 -2871.53154151 685.75977856 0.439590 6.3603 0.409943 0.176899 -0.059703
284300 -2872.41000192 675.23713484 0.432844 6.3603 0.409943 0.176899 0.004944
284400 -2898.03301477 698.36829228 0.447672 6.3603 0.409943 0.176899 -0.024772
284500 -2909.64432797 671.71795541 0.430588 6.4064 0.427202 0.179954 -0.018682
284600 -2873.18261180 672.64823798 0.431185 6.4064 0.427202 0.179954 0.056754
284700 -2895.32598643 701.36660372 0.449594 6.4064 0.427202 0.179954 -0.008484
284800 -2888.04378983 729.92975632 0.467904 6.4064 0.427202 0.179954 0.067876
284900 -2893.86824458 703.26205267 0.450809 6.4064 0.427202 0.179954 0.020231
285000 -2891.18250460 689.34237931 0.441886 6.4500 0.408521 0.179698 0.054376
285100 -2909.92227270 675.84820103 0.433236 6.4500 0.408521 0.179698 -0.008958
285200 -2889.90086490 665.83740897 0.426819 6.4500 0.408521 0.179698 0.036957
285300 -2878.27828332 689.30611132 0.441863 6.4500 0.408521 0.179698 -0.001785
285400 -2892.34506291 721.91720789 0.462767 6.4500 0.408521 0.179698 -0.019943
285500 -2890.63116770 679.78462196 0.435759 6.3795 0.419670 0.179101 -0.089750
285600 -2874.40291781 675.27093398 0.432866 6.3795 0.419670 0.179101 -0.102420
285700 -2831.52109580 672.46167512 0.431065 6.3795 0.419670 0.179101 0.065169
285800 -2854.49553319 728.25431508 0.466830 6.3795 0.419670 0.179101 0.008918
285900 -2830.47465029 699.42487343 0.448349 6.3795 0.419670 0.179101 0.054691
286000 -2835.59113066 697.34974238 0.447019 6.3603 0.394615 0.179058 -0.012428
286100 -2806.60068248 697.40429460 0.447054 6.3603 0.394615 0.179058 0.039159
286200 -2802.49080774 672.77865726 0.431268 6.3603 0.394615 0.179058 -0.011687
286300 -2811.15700757 693.09578265 0.444292 6.3603 0.394615 0.179058 -0.040299
286400 -2824.83365347 714.65473094 0.458112 6.3603 0.394615 0.179058 0.005039
286500 -2831.61413359 720.01930042 0.461551 6.3410 0.410100 0.180227 0.042036
286600 -2845.02585949 708.32953436 0.454057 6.3410 0.410100 0.180227 0.007985
286700 -2847.39148244 705.73499080 0.452394 6.3410 0.410100 0.180227 0.093220
286800 -2855.75848524 693.38016871 0.444474 6.3410 0.410100 0.180227 -0.065296
286900 -2854.00713477 688.71812791 0.441486 6.3410 0.410100 0.180227 -0.016955
287000 -2845.17433702 669.67252151 0.429277 6.3987 0.410198 0.180490 -0.008066
287100 -2857.78199959 710.14906108 0.455224 6.3987 0.410198 0.180490 0.016442
287200 -2854.83453134 653.53017284 0.418930 6.3987 0.410198 0.180490 -0.011494
287300 -2878.89589816 675.92442899 0.433285 6.3987 0.410198 0.180490 -0.076316
287400 -2878.91178256 680.68881204 0.436339 6.3987 0.410198 0.180490 -0.053108
287500 -2888.21129487 687.87815150 0.440948 6.4256 0.415427 0.174975 -0.019289
287600 -2887.60619328 730.70837598 0.468403 6.4256 0.415427 0.174975 0.060919
287700 -2870.75816581 684.99207518 0.439097 6.4256 0.415427 0.174975 0.067235
287800 -2878.23498842 662.21368745 0.424496 6.4256 0.415427 0.174975 -0.021298
287900 -2857.55128757 651.08297747 0.417361 6.4256 0.415427 0.174975 0.059131
288000 -2862.53715554 666.12275017 0.427002 6.4949 0.405577 0.171948 -0.024024
288100 -2890.11583588 719.02199143 0.460912 6.4949 0.405577 0.171948 0.002986
288200 -2882.71563548 692.56352200 0.443951 6.4949 0.405577 0.171948 0.014624
288300 -2891.33380898 708.83941221 0.454384 6.4949 0.405577 0.171948 -0.013319
288400 -2870.70438872 663.11340536 0.425073 6.4949 0.405577 0.171948 -0.013879
288500 -2873.84271267 670.28789079 0.429672 6.3731 0.412615 0.181294 -0.039123
288600 -2839.52080581 653.88301938 0.419156 6.3731 0.412615 0.181294 -0.002041
288700 -2873.41358625 686.91914441 0.440333 6.3731 0.412615 0.181294 -0.068553
288800 -2879.44110566 666.26137434 0.427091 6.3731 0.412615 0.181294 -0.125577
288900 -2884.01316561 663.27697252 0.425178 6.3731 0.412615 0.181294 -0.073219
289000 -2878.66642808 648.30749732 0.415582 6.3885 0.405814 0.175696 -0.046488
289100 -2877.68284410 676.25262501 0.433495 6.3885 0.405814 0.175696 -0.022952
289200 -2863.49904116 656.03139177 0.420533 6.3885 0.405814 0.175696 0.052659
289300 -2866.63109682 699.06562951 0.448119 6.3885 0.405814 0.175696 0.081983
289400 -2866.41605552 696.95914559 0.446769 6.3885 0.405814 0.175696 0.057033
289500 -2853.41504072 721.46050507 0.462475 6.4038 0.408975 0.177156 0.054397
289600 -2866.59630433 692.96711500 0.444210 6.4038 0.408975 0.177156 -0.004331
289700 -2855.26994820 673.21439980 0.431548 6.4038 0.408975 0.177156 0.049791
289800 -2845.36414990 689.77940710 0.442166 6.4038 0.408975 0.177156 0.033379
289900 -2866.58573349 709.66499626 0.454913 6.4038 0.408975 0.177156 -0.007813
290000 -2858.97504594 681.98430445 0.437169 6.4205 0.403700 0.179096 -0.016223
290100 -2871.81184630 675.24589531 0.432850 6.4205 0.403700 0.179096 -0.017530
290200 -2866.45093167 658.46977888 0.422096 6.4205 0.403700 0.179096 -0.003812
290300 -2866.72961777 700.83448389 0.449253 6.4205 0.403700 0.179096 -0.036480
290400 -2863.16270408 679.63126057 0.435661 6.4205 0.403700 0.179096 0.034190
290500 -2873.84286888 696.35298442 0.446380 6.4013 0.410746 0.179200 0.011944
290600 -2870.75728196 698.17631370 0.447549 6.4013 0.410746 0.179200 -0.003499
290700 -2869.74479514 697.02627826 0.446812 6.4013 0.410746 0.179200 -0.011208
290800 -2872.95879024 674.68869416 0.432493 6.4013 0.410746 0.179200 0.019916
290900 -2875.88191660 669.76349676 0.429336 6.4013 0.410746 0.179200 0.032630
291000 -2873.99078195 664.34214684 0.425860 6.3372 0.417871 0.173143 -0.023697
291100 -2866.79876881 663.45640814 0.425293 6.3372 0.417871 0.173143 0.003399
291200 -2854.16245777 675.00541575 0.432696 6.3372 0.417871 0.173143 0.007144
291300 -2870.15467496 675.80280563 0.433207 6.3372 0.417871 0.173143 -0.157438
291400 -2847.11970524 680.04790247 0.435928 6.3372 0.417871 0.173143 0.027383
291500 -2850.86423829 674.00459897 0.432054 6.3756 0.407284 0.175929 -0.039942
291600 -2863.06987466 697.59684862 0.447177 6.3756 0.407284 0.175929 -0.020829
291700 -2861.66500473 681.28248246 0.436720 6.3756 0.407284 0.175929 0.018485
291800 -2864.16301615 670.30547309 0.429683 6.3756 0.407284 0.175929 0.014409
291900 -2850.65584368 663.00210291 0.425001 6.3756 0.407284 0.175929 -0.015151
292000 -2869.52254590 702.94202333 0.450604 6.4064 0.397719 0.176221 0.026681
292100 -2866.63186381 696.09043721 0.446212 6.4064 0.397719 0.176221 0.017037
292200 -2866.02017222 703.24854651 0.450800 6.4064 0.397719 0.176221 0.072784
292300 -2863.94188049 684.15576467 0.438561 6.4064 0.397719 0.176221 0.046545
292400 -2886.70133149 686.03826745 0.439768 6.4064 0.397719 0.176221 -0.044299
292500 -2877.37234231 647.17639488 0.414857 6.3846 0.418024 0.172611 -0.041324
292600 -2892.64214674 672.23038386 0.430917 6.3846 0.418024 0.172611 -0.027389
292700 -2883.03765656 686.40022117 0.440000 6.3846 0.418024 0.172611 -0.041706
292800 -2872.52864229 685.10162501 0.439168 6.3846 0.418024 0.172611 0.034758
292900 -2883.78253763 695.14596552 0.445606 6.3846 0.418024 0.172611 0.035220
293000 -2879.46430006 686.62290583 0.440143 6.4154 0.403241 0.178024 -0.026356
293100 -2874.54609531 670.34186446 0.429706 6.4154 0.403241 0.178024 0.028656
293200 -2877.50582523 684.45925789 0.438756 6.4154 0.403241 0.178024 0.069341
293300 -2888.35368692 669.25806812 0.429012 6.4154 0.403241 0.178024 -0.019495
293400 -2859.53648151 658.68690356 0.422235 6.4154 0.403241 0.178024 -0.023177
293500 -2871.02100124 701.82321581 0.449887 6.3628 0.418614 0.180442 0.019874
293600 -2876.73323111 668.44820834 0.428492 6.3628 0.418614 0.180442 -0.083706
293700 -2870.43934543 678.59376395 0.434996 6.3628 0.418614 0.180442 -0.066783
293800 -2873.60622730 663.49987202 0.425320 6.3628 0.418614 0.180442 -0.059796
293900 -2871.94794252 627.00879877 0.401929 6.3628 0.418614 0.180442 -0.077209
294000 -2856.55175668 664.43356524 0.425919 6.4077 0.398088 0.183226 0.121447
294100 -2878.08308217 694.51273232 0.445200 6.4077 0.398088 0.183226 0.016269
294200 -2871.10350742 682.06545962 0.437221 6.4077 0.398088 0.183226 -0.092559
294300 -2877.09567721 671.76924092 0.430621 6.4077 0.398088 0.183226 -0.097170
294400 -2880.82267488 686.39699164 0.439998 6.4077 0.398088 0.183226 0.019777
294500 -2900.57714535 698.01977083 0.447449 6.3833 0.411093 0.174238 -0.037300
294600 -2859.73302360 683.14094095 0.437911 6.3833 0.411093 0.174238 0.055799
294700 -2870.44114645 694.01088954 0.444879 6.3833 0.411093 0.174238 0.034304
294800 -2866.99482125 690.10867019 0.442377 6.3833 0.411093 0.174238 -0.019655
294900 -2858.24129383 680.44598476 0.436183 6.3833 0.411093 0.174238 0.039142
295000 -2845.51954703 689.65803939 0.442088 6.3654 0.414597 0.183256 0.036825
295100 -2871.96652097 708.27463357 0.454022 6.3654 0.414597 0.183256 -0.046252
295200 -2883.24837412 725.88176248 0.465309 6.3654 0.414597 0.183256 0.044674
295300 -2869.13012371 687.52363269 0.440720 6.3654 0.414597 0.183256 0.005195
295400 -2862.99771669 690.72248423 0.442771 6.3654 0.414597 0.183256 -0.012113
295500 -2845.47799559 677.92034607 0.434564 6.3846 0.407851 0.178393 -0.015313
295600 -2839.57408270 681.76817961 0.437031 6.3846 0.407851 0.178393 -0.077730
295700 -2838.97290054 676.63280973 0.433739 6.3846 0.407851 0.178393 0.061580
295800 -2859.53668200 679.43832732 0.435537 6.3846 0.407851 0.178393 0.007410
295900 -2844.11190187 680.87606369 0.436459 6.3846 0.407851 0.178393 0.033835
296000 -2848.71955873 707.09368980 0.453265 6.3846 0.404044 0.180701 0.028506
296100 -2847.02642154 684.43613508 0.438741 6.3846 0.404044 0.180701 0.027639
296200 -2869.57960786 699.09931870 0.448141 6.3846 0.404044 0.180701 -0.062621
296300 -2877.61295999 723.98201577 0.464091 6.3846 0.404044 0.180701 -0.046895
296400 -2864.74013901 710.31187280 0.455328 6.3846 0.404044 0.180701 0.033174
296500 -2853.87486656 689.05159967 0.441700 6.3667 0.414970 0.174879 -0.015784
296600 -2854.55158856 689.14104527 0.441757 6.3667 0.414970 0.174879 -0.033613
296700 -2886.52549864 680.93290479 0.436495 6.3667 0.414970 0.174879 -0.045482
296800 -2899.87379082 713.45429824 0.457342 6.3667 0.414970 0.174879 -0.031472
296900 -2878.82109957 667.91657098 0.428152 6.3667 0.414970 0.174879 0.015833
297000 -2881.54122697 690.18008811 0.442423 6.3897 0.413424 0.171922 -0.011934
297100 -2902.78940632 693.30617232 0.444427 6.3897 0.413424 0.171922 -0.024304
297200 -2864.97403709 639.55016810 0.409968 6.3897 0.413424 0.171922 0.028716
297300 -2885.12167305 671.02403243 0.430144 6.3897 0.413424 0.171922 0.037433
297400 -2891.82076448 692.51005690 0.443917 6.3897 0.413424 0.171922 -0.083636
297500 -2888.77843720 686.64995571 0.440160 6.3718 0.413933 0.176947 -0.132546
297600 -2884.16405531 706.56879340 0.452929 6.3718 0.413933 0.176947 -0.083618
297700 -2852.56945381 694.86404683 0.445426 6.3718 0.413933 0.176947 0.111042
297800 -2867.97409126 714.99223496 0.458328 6.3718 0.413933 0.176947 0.011443
297900 -2864.14058905 696.77613996 0.446651 6.3718 0.413933 0.176947 0.069749
298000 -2865.86188253 684.73009439 0.438930 6.3346 0.419008 0.173532 -0.064743
298100 -2841.89188535 677.05850317 0.434012 6.3346 0.419008 0.173532 0.008806
298200 -2835.02341351 666.89227012 0.427495 6.3346 0.419008 0.173532 -0.011767
298300 -2847.23932465 692.04385629 0.443618 6.3346 0.419008 0.173532 0.005570
298400 -2854.43753519 679.16117530 0.435360 6.3346 0.419008 0.173532 0.035262
298500 -2877.84688247 715.85446547 0.458881 6.3577 0.424322 0.175121 -0.070606
298600 -2841.78373867 693.41282814 0.444495 6.3577 0.424322 0.175121 0.096505
298700 -2860.03491541 703.43909933 0.450922 6.3577 0.424322 0.175121 0.116446
298800 -2854.90549839 676.60389874 0.433720 6.3577 0.424322 0.175121 -0.021410
298900 -2857.88217903 679.18491088 0.435375 6.3577 0.424322 0.175121 -0.042385
299000 -2866.50651493 699.40040835 0.448334 6.3846 0.418273 0.178943 -0.028620
299100 -2850.23820525 669.96340466 0.429464 6.3846 0.418273 0.178943 0.051560
299200 -2855.35251062 666.66562867 0.427350 6.3846 0.418273 0.178943 0.057919
299300 -2897.03804368 678.80101255 0.435129 6.3846 0.418273 0.178943 -0.002058
299400 -2899.22156555 670.14452555 0.429580 6.3846 0.418273 0.178943 0.017472
299500 -2908.75395896 665.30230713 0.426476 6.4115 0.423462 0.175292 -0.020948
299600 -2893.07621547 655.63407338 0.420278 6.4115 0.423462 0.175292 -0.036310
299700 -2890.92374299 704.09569684 0.451343 6.4115 0.423462 0.175292 -0.003095
299800 -2884.48988708 690.37398272 0.442547 6.4115 0.423462 0.175292 -0.007425
299900 -2879.63561691 681.79116965 0.437046 6.4115 0.423462 0.175292 0.011610
300000 -2881.51663207 681.71281407 0.436995 6.4436 0.407498 0.182249 0.027753
300100 -2889.65876208 682.46155677 0.437475 6.4436 0.407498 0.182249 -0.036808
300200 -2867.03310786 653.50884634 0.418916 6.4436 0.407498 0.182249 -0.043439
300300 -2853.37407538 704.30591198 0.451478 6.4436 0.407498 0.182249 -0.026512
300400 -2844.31867001 673.65190011 0.431828 6.4436 0.407498 0.182249 0.014868
300500 -2845.35088026 690.79623491 0.442818 6.4051 0.412927 0.181305 0.068603
300600 -2850.85875156 684.61448097 0.438855 6.4051 0.412927 0.181305 0.005160
300700 -2870.16008421 685.33592311 0.439318 6.4051 0.412927 0.181305 -0.116763
300800 -2853.63831018 683.69622123 0.438267 6.4051 0.412927 0.181305 -0.001307
300900 -2878.88118309 683.74132440 0.438296 6.4051 0.412927 0.181305 0.024157
301000 -2896.48284685 698.19357244 0.447560 6.4128 0.408452 0.176813 -0.021488
301100 -2881.84134321 694.16219341 0.444976 6.4128 0.408452 0.176813 0.007738
301200 -2887.49381628 691.16091697 0.443052 6.4128 0.408452 0.176813 0.034099
301300 -2902.05504596 669.92209863 0.429437 6.4128 0.408452 0.176813 0.017581
301400 -2895.94336066 673.95103259 0.432020 6.4128 0.408452 0.176813 0.012886
301500 -2872.93072692 680.16560920 0.436004 6.4474 0.410457 0.174787 0.065985
301600 -2893.67415351 690.64086898 0.442719 6.4474 0.410457 0.174787 0.006431
301700 -2905.45999302 721.24928935 0.462339 6.4474 0.410457 0.174787 0.063334
301800 -2906.12240832 699.26128582 0.448244 6.4474 0.410457 0.174787 0.034389
301900 -2899.09386500 687.67557109 0.440818 6.4474 0.410457 0.174787 0.028072
302000 -2895.85110120 700.76172251 0.449206 6.4423 0.411091 0.177202 0.018023
302100 -2882.06605207 679.59467092 0.435638 6.4423 0.411091 0.177202 -0.000266
302200 -2891.17238816 663.72145574 0.425462 6.4423 0.411091 0.177202 -0.003908
302300 -2897.31212964 670.89404155 0.430060 6.4423 0.411091 0.177202 0.026383
302400 -2910.78286634 678.38167413 0.434860 6.4423 0.411091 0.177202 0.023227
302500 -2877.51969421 689.01145989 0.441674 6.4141 0.412672 0.177215 0.066140
302600 -2913.82174904 677.23741891 0.434127 6.4141 0.412672 0.177215 -0.006236
302700 -2923.26270516 686.76996061 0.440237 6.4141 0.412672 0.177215 -0.053124
302800 -2868.04732959 685.10338927 0.439169 6.4141 0.412672 0.177215 0.040485
302900 -2865.39342024 699.42824564 0.448351 6.4141 0.412672 0.177215 0.062632
303000 -2857.40988673 720.74435262 0.462016 6.4282 0.408052 0.177175 -0.002117
303100 -2847.28662029 695.44256522 0.445797 6.4282 0.408052 0.177175 0.046557
303200 -2848.79080046 698.38078379 0.447680 6.4282 0.408052 0.177175 -0.063863
303300 -2865.58154040 705.79423999 0.452432 6.4282 0.408052 0.177175 0.029960
303400 -2873.11491341 699.80160343 0.448591 6.4282 0.408052 0.177175 0.017591
303500 -2852.78715218 683.84918376 0.438365 6.3769 0.421666 0.180773 0.055896
303600 -2891.12827948 708.73826523 0.454319 6.3769 0.421666 0.180773 -0.021516
303700 -2877.12421366 695.17791033 0.445627 6.3769 0.421666 0.180773 0.014531
303800 -2883.68758015 676.44189086 0.433617 6.3769 0.421666 0.180773 -0.023635
303900 -2874.27182295 694.16653872 0.444979 6.3769 0.421666 0.180773 -0.008314
304000 -2866.03955895 684.63894664 0.438871 6.4256 0.408020 0.175322 0.018706
304100 -2870.38144131 677.51539765 0.434305 6.4256 0.408020 0.175322 -0.000470
304200 -2883.24915400 681.43930573 0.436820 6.4256 0.408020 0.175322 -0.051606
304300 -2875.97085734 693.16643975 0.444337 6.4256 0.408020 0.175322 -0.013958
304400 -2867.67589562 695.43769160 0.445793 6.4256 0.408020 0.175322 0.000878
304500 -2853.86748525 676.53749818 0.433678 6.4385 0.395866 0.178088 0.047690
304600 -2858.22874059 673.53965865 0.431756 6.4385 0.395866 0.178088 -0.011555
304700 -2853.10235298 680.33623489 0.436113 6.4385 0.395866 0.178088 -0.050340
304800 -2836.53961834 682.92566585 0.437773 6.4385 0.395866 0.178088 -0.017841
304900 -2856.76760776 704.92766630 0.451877 6.4385 0.395866 0.178088 -0.051271
305000 -2838.89703174 679.74351524 0.435733 6.4231 0.400532 0.177907 0.043675
305100 -2844.91352603 682.99866244 0.437820 6.4231 0.400532 0.177907 -0.003048
305200 -2863.98591838 703.28150353 0.450821 6.4231 0.400532 0.177907 -0.005083
305300 -2860.60123534 679.48157081 0.435565 6.4231 0.400532 0.177907 0.028639
305400 -2849.49418356 680.55119909 0.436251 6.4231 0.400532 0.177907 -0.017953
305500 -2838.81007890 682.24297421 0.437335 6.4077 0.407910 0.175562 0.028911
305600 -2841.22423798 686.17973272 0.439859 6.4077 0.407910 0.175562 -0.035918
305700 -2835.92861403 699.27104241 0.448251 6.4077 0.407910 0.175562 0.072618
305800 -2836.70860885 709.28034332 0.454667 6.4077 0.407910 0.175562 0.009646
305900 -2856.21105081 685.71336846 0.439560 6.4077 0.407910 0.175562 -0.049496
306000 -2859.16322264 672.48931411 0.431083 6.4577 0.388968 0.174913 0.012080
306100 -2870.29580032 713.18902128 0.457172 6.4577 0.388968 0.174913 -0.014947
306200 -2842.63753840 700.75640481 0.449203 6.4577 0.388968 0.174913 0.077029
306300 -2843.11243185 704.18209213 0.451399 6.4577 0.388968 0.174913 0.072242
306400 -2866.24803101 714.53862200 0.458038 6.4577 0.388968 0.174913 0.059219
306500 -2869.44429707 683.18865028 0.437941 6.4974 0.405450 0.173578 0.070175
306600 -2897.31976474 696.39254399 0.446405 6.4974 0.405450 0.173578 0.030444
306700 -2898.49985404 680.73671545 0.436370 6.4974 0.405450 0.173578 0.063757
306800 -2909.43883229 689.13180812 0.441751 6.4974 0.405450 0.173578 0.124522
306900 -2916.53177532 651.24160102 0.417463 6.4974 0.405450 0.173578 0.052965
307000 -2929.74104524 692.95141131 0.444200 6.4897 0.404832 0.169958 -0.012797
307100 -2929.81198314 690.76301210 0.442797 6.4897 0.404832 0.169958 -0.026054
307200 -2916.10226955 675.99777316 0.433332 6.4897 0.404832 0.169958 0.024227
307300 -2881.86379689 669.63490989 0.429253 6.4897 0.404832 0.169958 0.050620
307400 -2873.13226407 672.39813160 0.431024 6.4897 0.404832 0.169958 0.037416
307500 -2882.32233388 695.42708533 0.445787 6.5064 0.394779 0.173777 0.050530
307600 -2893.90703141 703.15472526 0.450740 6.5064 0.394779 0.173777 -0.000938
307700 -2856.09528438 694.73729419 0.445344 6.5064 0.394779 0.173777 -0.007212
307800 -2829.06256411 701.39879873 0.449615 6.5064 0.394779 0.173777 0.073066
307900 -2853.41599100 698.02977676 0.447455 6.5064 0.394779 0.173777 0.054311
308000 -2876.34593933 717.86572767 0.460170 6.4910 0.399176 0.171795 0.048046
308100 -2879.34348095 699.48632760 0.448389 6.4910 0.399176 0.171795 -0.010600
308200 -2864.53811665 697.21491774 0.446933 6.4910 0.399176 0.171795 0.021628
308300 -2871.17839965 694.51949142 0.445205 6.4910 0.399176 0.171795 -0.008921
308400 -2858.00120359 677.98011758 0.434603 6.4910 0.399176 0.171795 -0.003535
308500 -2847.17865703 680.25680740 0.436062 6.4321 0.408964 0.181466 0.057942
308600 -2861.01965492 675.17312056 0.432803 6.4321 0.408964 0.181466 -0.052055
308700 -2880.92780175 656.13746201 0.420601 6.4321 0.408964 0.181466 -0.101205
308800 -2874.19073676 675.18039776 0.432808 6.4321 0.408964 0.181466 -0.046171
308900 -2864.40507247 679.39874680 0.435512 6.4321 0.408964 0.181466 0.024289
309000 -2874.27119324 710.28364951 0.455310 6.4667 0.399937 0.179339 -0.024585
309100 -2855.91406609 696.27912199 0.446333 6.4667 0.399937 0.179339 0.050468
309200 -2850.19748965 687.98618229 0.441017 6.4667 0.399937 0.179339 0.045677
309300 -2852.64373711 697.48306905 0.447105 6.4667 0.399937 0.179339 0.028585
309400 -2868.38483085 725.56270960 0.465104 6.4667 0.399937 0.179339 0.001541
309500 -2860.82045135 695.36156356 0.445745 6.4718 0.396259 0.173405 -0.009264
309600 -2874.81384001 699.21140436 0.448212 6.4718 0.396259 0.173405 0.015947
309700 -2895.35643509 682.08493792 0.437234 6.4718 0.396259 0.173405 0.050743
309800 -2883.62249225 668.86815407 0.428762 6.4718 0.396259 0.173405 0.040651
309900 -2899.91580822 694.80787879 0.445390 6.4718 0.396259 0.173405 -0.013489
310000 -2910.40875093 663.69791995 0.425447 6.5577 0.387655 0.170760 0.032585
310100 -2907.36908580 669.25329819 0.429009 6.5577 0.387655 0.170760 0.006215
310200 -2891.68598576 695.56611818 0.445876 6.5577 0.387655 0.170760 0.049642
310300 -2881.61878745 702.54399271 0.450349 6.5577 0.387655 0.170760 0.034200
310400 -2861.01480632 687.09943722 0.440448 6.5577 0.387655 0.170760 0.066452
310500 -2866.61806365 675.49540534 0.433010 6.4641 0.400746 0.176119 -0.015107
310600 -2879.86096626 673.62366557 0.431810 6.4641 0.400746 0.176119 0.029911
310700 -2885.92524891 670.76956046 0.429980 6.4641 0.400746 0.176119 -0.056185
310800 -2876.60287930 670.19550264 0.429613 6.4641 0.400746 0.176119 0.008603
310900 -2882.59505445 708.70256109 0.454297 6.4641 0.400746 0.176119 0.015497
311000 -2861.16719778 677.13590733 0.434061 6.4769 0.390041 0.176396 0.027445
311100 -2843.30315522 665.32035676 0.426487 6.4769 0.390041 0.176396 0.016445
311200 -2844.40768781 686.19908347 0.439871 6.4769 0.390041 0.176396 0.083393
311300 -2880.56476699 665.94132795 0.426885 6.4769 0.390041 0.176396 0.049647
311400 -2878.17686447 689.95518476 0.442279 6.4769 0.390041 0.176396 0.050498
311500 -2880.83534001 688.72379170 0.441490 6.5436 0.393379 0.175367 0.093214
311600 -2896.03677823 669.38894933 0.429095 6.5436 0.393379 0.175367 -0.012972
311700 -2885.26388166 699.12711373 0.448158 6.5436 0.393379 0.175367 0.053445
311800 -2857.03846111 676.80135238 0.433847 6.5436 0.393379 0.175367 0.056259
311900 -2883.97529743 701.61542395 0.449753 6.5436 0.393379 0.175367 -0.009292
312000 -2890.44705320 699.12859127 0.448159 6.5474 0.402743 0.173059 0.002477
312100 -2900.36570073 679.60467433 0.435644 6.5474 0.402743 0.173059 -0.017827
312200 -2887.30250117 669.78095024 0.429347 6.5474 0.402743 0.173059 0.059490
312300 -2882.94219294 664.57506641 0.426010 6.5474 0.402743 0.173059 0.017815
312400 -2892.26786610 669.31969542 0.429051 6.5474 0.402743 0.173059 -0.034761
312500 -2892.94079695 690.99478079 0.442945 6.4962 0.398189 0.170787 -0.060507
312600 -2911.30471826 715.02534909 0.458350 6.4962 0.398189 0.170787 -0.007973
312700 -2886.57186097 664.47631904 0.425946 6.4962 0.398189 0.170787 -0.058333
312800 -2878.47078499 664.00541451 0.425644 6.4962 0.398189 0.170787 0.000630
312900 -2867.41673683 688.99008655 0.441660 6.4962 0.398189 0.170787 0.002193
313000 -2877.26267156 691.93741323 0.443550 6.5256 0.387390 0.177877 0.053810
313100 -2896.19634641 722.44059219 0.463103 6.5256 0.387390 0.177877 0.073354
313200 -2859.82159057 670.30837457 0.429685 6.5256 0.387390 0.177877 0.085969
313300 -2887.63450216 714.04525032 0.457721 6.5256 0.387390 0.177877 -0.022938
313400 -2859.26271934 685.19434418 0.439227 6.5256 0.387390 0.177877 0.002144
313500 -2884.34316600 716.89916429 0.459551 6.5590 0.384084 0.175573 0.039307
313600 -2867.42479494 652.07515346 0.417997 6.5590 0.384084 0.175573 -0.029321
313700 -2885.38678802 714.96632176 0.458312 6.5590 0.384084 0.175573 -0.057804
313800 -2882.22263864 697.77687689 0.447293 6.5590 0.384084 0.175573 -0.103307
313900 -2873.62270414 708.39078090 0.454097 6.5590 0.384084 0.175573 0.038121
314000 -2838.59262874 694.41901390 0.445140 6.4846 0.396935 0.179555 -0.009713
314100 -2834.47515201 711.83486992 0.456304 6.4846 0.396935 0.179555 0.042326
314200 -2819.07869835 693.94055569 0.444834 6.4846 0.396935 0.179555 0.058576
314300 -2821.72806373 680.14596531 0.435991 6.4846 0.396935 0.179555 -0.020092
314400 -2796.79967150 676.91391501 0.433919 6.4846 0.396935 0.179555 0.045394
314500 -2832.35261852 703.09229288 0.450700 6.4987 0.396296 0.175436 -0.039823
314600 -2825.04846601 691.79645851 0.443459 6.4987 0.396296 0.175436 0.003494
314700 -2837.30241509 686.10734132 0.439812 6.4987 0.396296 0.175436 0.004785
314800 -2833.22254076 701.45357556 0.449650 6.4987 0.396296 0.175436 -0.027925
314900 -2829.65606238 681.68060497 0.436975 6.4987 0.396296 0.175436 0.007785
315000 -2847.07739190 706.00091981 0.452565 6.4436 0.398897 0.178513 -0.027018
315100 -2849.94086471 696.79088108 0.446661 6.4436 0.398897 0.178513 -0.026100
315200 -2861.73672534 692.01832108 0.443601 6.4436 0.398897 0.178513 -0.037942
315300 -2851.00333926 678.21657329 0.434754 6.4436 0.398897 0.178513 0.063827
315400 -2861.71705533 680.50910543 0.436224 6.4436 0.398897 0.178513 0.014214
315500 -2872.62632609 684.93724824 0.439062 6.5692 0.393911 0.179652 0.039357
315600 -2878.83626369 706.07351080 0.452611 6.5692 0.393911 0.179652 -0.048268
315700 -2867.11685737 698.40165780 0.447693 6.5692 0.393911 0.179652 -0.011053
315800 -2839.41844701 688.22039981 0.441167 6.5692 0.393911 0.179652 0.030640
315900 -2841.28143034 679.40371332 0.435515 6.5692 0.393911 0.179652 -0.042217
316000 -2859.88337191 674.85895438 0.432602 6.4641 0.397631 0.178304 -0.080102
316100 -2862.77654180 696.21950847 0.446295 6.4641 0.397631 0.178304 -0.006611
316200 -2855.31250278 685.85983555 0.439654 6.4641 0.397631 0.178304 -0.002587
316300 -2848.40464218 714.55243006 0.458046 6.4641 0.397631 0.178304 0.025659
316400 -2826.14650521 712.93786494 0.457011 6.4641 0.397631 0.178304 0.080921
316500 -2845.36561523 675.66222532 0.433117 6.5256 0.381710 0.173490 0.039192
316600 -2847.33780916 685.77728359 0.439601 6.5256 0.381710 0.173490 0.044899
316700 -2846.26152537 676.82684699 0.433863 6.5256 0.381710 0.173490 0.032288
316800 -2880.95334755 686.79443238 0.440253 6.5256 0.381710 0.173490 -0.126178
316900 -2856.29479861 680.81901228 0.436422 6.5256 0.381710 0.173490 0.032742
317000 -2841.65550657 662.22397987 0.424503 6.5244 0.389305 0.182131 0.067675
317100 -2879.32895438 714.02070838 0.457706 6.5244 0.389305 0.182131 -0.001335
317200 -2857.11066657 704.02783391 0.451300 6.5244 0.389305 0.182131 0.123353
317300 -2858.87478790 694.00775391 0.444877 6.5244 0.389305 0.182131 -0.013178
317400 -2850.11957966 708.67047257 0.454276 6.5244 0.389305 0.182131 0.031619
317500 -2850.82022608 682.62455846 0.437580 6.5577 0.392408 0.177049 0.013342
317600 -2867.09579690 670.29783461 0.429678 6.5577 0.392408 0.177049 -0.000407
317700 -2890.44292459 669.64686320 0.429261 6.5577 0.392408 0.177049 -0.028661
317800 -2893.09144986 676.16542433 0.433439 6.5577 0.392408 0.177049 0.032088
317900 -2897.23120220 678.50972593 0.434942 6.5577 0.392408 0.177049 -0.033569
318000 -2881.25145542 666.88085731 0.427488 6.5679 0.390552 0.175939 0.029252
318100 -2879.56617701 667.54947722 0.427916 6.5679 0.390552 0.175939 0.032327
318200 -2855.61430861 675.28481209 0.432875 6.5679 0.390552 0.175939 0.012045
318300 -2865.91439164 703.03460968 0.450663 6.5679 0.390552 0.175939 -0.060726
318400 -2836.59520900 687.18897842 0.440506 6.5679 0.390552 0.175939 0.041991
318500 -2861.11292651 704.04365481 0.451310 6.5359 0.386813 0.174282 0.028958
318600 -2865.39700972 703.49748223 0.450960 6.5359 0.386813 0.174282 0.047573
318700 -2847.87865896 677.32746807 0.434184 6.5359 0.386813 0.174282 0.110598
318800 -2879.28422958 697.36345491 0.447028 6.5359 0.386813 0.174282 -0.025375
318900 -2881.81487568 735.73636623 0.471626 6.5359 0.386813 0.174282 -0.015900
319000 -2840.87653780 676.00454440 0.433336 6.6026 0.380377 0.174724 0.057419
319100 -2862.13813132 716.45164963 0.459264 6.6026 0.380377 0.174724 -0.046936
319200 -2846.35440532 695.55944630 0.445871 6.6026 0.380377 0.174724 0.008920
319300 -2858.68911297 673.41906839 0.431679 6.6026 0.380377 0.174724 0.012078
319400 -2863.42488751 709.42999252 0.454763 6.6026 0.380377 0.174724 0.034385
319500 -2873.23494425 713.55119383 0.457405 6.6013 0.389000 0.175016 0.044353
319600 -2878.68858136 668.42210895 0.428476 6.6013 0.389000 0.175016 0.005937
319700 -2877.71792896 688.08496724 0.441080 6.6013 0.389000 0.175016 0.008140
319800 -2853.56399579 681.15327458 0.436637 6.6013 0.389000 0.175016 0.029138
319900 -2868.04355259 674.34644501 0.432273 6.6013 0.389000 0.175016 -0.016594
320000 -2879.64516897 670.39916640 0.429743 6.5987 0.386338 0.173387 -0.003667
320100 -2865.03509693 675.53275743 0.433034 6.5987 0.386338 0.173387 -0.005504
320200 -2856.25691249 709.93744616 0.455088 6.5987 0.386338 0.173387 0.077071
320300 -2848.89127316 678.91862055 0.435204 6.5987 0.386338 0.173387 0.013887
320400 -2830.74000438 683.81688554 0.438344 6.5987 0.386338 0.173387 0.039054
320500 -2849.72218710 698.78181054 0.447937 6.6038 0.387989 0.177840 -0.052486
320600 -2860.70489257 686.55874030 0.440102 6.6038 0.387989 0.177840 -0.044149
320700 -2861.74141973 683.36084109 0.438052 6.6038 0.387989 0.177840 0.029761
320800 -2852.33179090 722.31141383 0.463020 6.6038 0.387989 0.177840 0.117374
320900 -2850.79716823 689.21784567 0.441806 6.6038 0.387989 0.177840 0.067742
321000 -2867.41515595 696.14247048 0.446245 6.6000 0.380006 0.172243 0.036917
321100 -2852.66661803 680.93079650 0.436494 6.6000 0.380006 0.172243 0.011838
321200 -2833.53913612 666.19585318 0.427049 6.6000 0.380006 0.172243 0.051869
321300 -2830.86037348 651.88946549 0.417878 6.6000 0.380006 0.172243 -0.030942
321400 -2867.31070198 697.01298792 0.446803 6.6000 0.380006 0.172243 -0.068276
321500 -2849.99825990 680.77351877 0.436393 6.6218 0.373937 0.173108 0.056714
321600 -2855.24045957 686.51580755 0.440074 6.6218 0.373937 0.173108 0.105406
321700 -2878.01489843 723.69513079 0.463907 6.6218 0.373937 0.173108 0.069770
321800 -2867.85244563 657.72370361 0.421618 6.6218 0.373937 0.173108 -0.068839
321900 -2871.98234900 691.87830201 0.443512 6.6218 0.373937 0.173108 0.013113
322000 -2852.00273200 679.28766541 0.435441 6.6564 0.373718 0.173893 0.001438
322100 -2840.34086838 677.54609278 0.434324 6.6564 0.373718 0.173893 0.055271
322200 -2838.81939674 694.23160205 0.445020 6.6564 0.373718 0.173893 0.030708
322300 -2830.11382878 673.21700086 0.431549 6.6564 0.373718 0.173893 0.009404
322400 -2850.08847554 677.32550018 0.434183 6.6564 0.373718 0.173893 0.034876
322500 -2851.57223373 663.51208656 0.425328 6.6244 0.380320 0.179079 0.006914
322600 -2856.45277708 695.12673846 0.445594 6.6244 0.380320 0.179079 0.040067
322700 -2848.48882695 679.31362629 0.435457 6.6244 0.380320 0.179079 -0.014864
322800 -2876.53953943 705.61623120 0.452318 6.6244 0.380320 0.179079 -0.011100
322900 -2851.02008251 675.01077506 0.432699 6.6244 0.380320 0.179079 0.107468
323000 -2843.42249993 691.63092551 0.443353 6.6667 0.371215 0.176197 0.146578
323100 -2856.01187219 686.04064302 0.439770 6.6667 0.371215 0.176197 -0.005751
323200 -2868.60778320 675.66994367 0.433122 6.6667 0.371215 0.176197 -0.032024
323300 -2871.45291149 664.43958915 0.425923 6.6667 0.371215 0.176197 0.015574
323400 -2871.93689572 678.26595099 0.434786 6.6667 0.371215 0.176197 0.009081
323500 -2866.26992707 665.92925191 0.426878 6.6038 0.385797 0.172755 -0.019181
323600 -2853.56609341 681.12406276 0.436618 6.6038 0.385797 0.172755 0.011584
323700 -2844.09896130 697.50986439 0.447122 6.6038 0.385797 0.172755 0.085323
323800 -2876.16157155 683.70412707 0.438272 6.6038 0.385797 0.172755 -0.047341
323900 -2854.10174835 688.54903785 0.441378 6.6038 0.385797 0.172755 0.056551
324000 -2884.07087034 680.96246266 0.436514 6.6436 0.387148 0.173117 0.032044
324100 -2885.86053722 652.96353837 0.418566 6.6436 0.387148 0.173117 0.019782
324200 -2887.60187406 693.74449911 0.444708 6.6436 0.387148 0.173117 0.052358
324300 -2883.74388365 686.40010893 0.440000 6.6436 0.387148 0.173117 0.051234
324400 -2882.65564115 696.56159791 0.446514 6.6436 0.387148 0.173117 0.065740
324500 -2880.55989562 671.76827824 0.430621 6.7474 0.373804 0.176687 -0.010994
324600 -2878.80113319 659.00301985 0.422438 6.7474 0.373804 0.176687 -0.003404
324700 -2902.73816349 689.44901359 0.441954 6.7474 0.373804 0.176687 -0.035107
324800 -2870.05823481 694.94775345 0.445479 6.7474 0.373804 0.176687 0.000289
324900 -2869.85699988 659.20974810 0.422570 6.7474 0.373804 0.176687 -0.042449
325000 -2872.66403697 687.55406973 0.440740 6.6449 0.372415 0.173725 0.027155
325100 -2859.46841103 680.64135405 0.436309 6.6449 0.372415 0.173725 0.014364
325200 -2835.70034647 686.80195469 0.440258 6.6449 0.372415 0.173725 0.084435
325300 -2851.53182050 707.18973599 0.453327 6.6449 0.372415 0.173725 0.008285
325400 -2827.35345692 674.49748851 0.432370 6.6449 0.372415 0.173725 0.111436
325500 -2833.99316876 691.28704606 0.443133 6.6628 0.368071 0.177184 0.035182
325600 -2845.66392193 685.30222272 0.439296 6.6628 0.368071 0.177184 0.084832
325700 -2854.77333169 681.83280132 0.437072 6.6628 0.368071 0.177184 -0.012812
325800 -2877.86213930 699.18128823 0.448193 6.6628 0.368071 0.177184 0.011953
325900 -2872.84180069 689.83316916 0.442201 6.6628 0.368071 0.177184 0.015248
326000 -2876.88994962 663.10703363 0.425069 6.6449 0.375999 0.175475 -0.026540
326100 -2891.03720267 665.26713762 0.426453 6.6449 0.375999 0.175475 -0.009636
326200 -2881.14910702 670.69798671 0.429935 6.6449 0.375999 0.175475 0.051899
326300 -2891.87461849 659.35625548 0.422664 6.6449 0.375999 0.175475 0.012893
326400 -2904.71821425 652.93169245 0.418546 6.6449 0.375999 0.175475 -0.048035
326500 -2898.20096815 681.28647884 0.436722 6.7462 0.374327 0.176216 -0.010056
326600 -2913.95815325 695.08588389 0.445568 6.7462 0.374327 0.176216 0.025817
326700 -2888.05975887 692.09293674 0.443649 6.7462 0.374327 0.176216 0.079384
326800 -2895.11867867 682.15165668 0.437277 6.7462 0.374327 0.176216 0.000089
326900 -2883.15267845 697.00340343 0.446797 6.7462 0.374327 0.176216 -0.020053
327000 -2858.22844445 679.65551832 0.435677 6.7462 0.370554 0.176718 0.053661
327100 -2858.04227806 688.29435057 0.441214 6.7462 0.370554 0.176718 0.024193
327200 -2851.36736890 667.50889936 0.427890 6.7462 0.370554 0.176718 -0.034299
327300 -2854.55260608 697.10574395 0.446863 6.7462 0.370554 0.176718 -0.025541
327400 -2833.83436171 704.46669640 0.451581 6.7462 0.370554 0.176718 0.027740
327500 -2862.83451452 675.12127639 0.432770 6.7321 0.374685 0.171121 -0.005866
327600 -2869.45542347 660.35972425 0.423308 6.7321 0.374685 0.171121 0.088042
327700 -2869.00453940 666.10193256 0.426988 6.7321 0.374685 0.171121 0.053830
327800 -2877.42581281 670.48689587 0.429799 6.7321 0.374685 0.171121 -0.031446
327900 -2872.68284083 674.57841420 0.432422 6.7321 0.374685 0.171121 -0.025731
328000 -2863.11895931 701.06654484 0.449402 6.6821 0.379183 0.178214 -0.000944
328100 -2834.77246329 709.09962353 0.454551 6.6821 0.379183 0.178214 0.044960
328200 -2824.74459918 696.90259367 0.446732 6.6821 0.379183 0.178214 0.022941
328300 -2814.35592208 679.19161377 0.435379 6.6821 0.379183 0.178214 0.021121
328400 -2836.96145494 680.96468077 0.436516 6.6821 0.379183 0.178214 -0.025864
328500 -2833.58087842 654.83966874 0.419769 6.6590 0.368334 0.179766 -0.013843
328600 -2822.09163986 670.49255721 0.429803 6.6590 0.368334 0.179766 0.050985
328700 -2851.97830736 700.55498722 0.449074 6.6590 0.368334 0.179766 -0.017998
328800 -2851.35509894 702.34831611 0.450223 6.6590 0.368334 0.179766 0.036621
328900 -2844.82615269 711.33948741 0.455987 6.6590 0.368334 0.179766 0.018181
329000 -2817.07178329 687.68919432 0.440826 6.6769 0.371161 0.179157 0.010204
329100 -2834.63816725 683.04351691 0.437848 6.6769 0.371161 0.179157 -0.029932
329200 -2818.26193982 684.78101173 0.438962 6.6769 0.371161 0.179157 0.052140
329300 -2828.91173538 674.05600195 0.432087 6.6769 0.371161 0.179157 0.035790
329400 -2851.73508473 691.89640644 0.443523 6.6769 0.371161 0.179157 0.037423
329500 -2824.62248419 655.57985622 0.420243 6.6846 0.355624 0.179653 0.007971
329600 -2804.83360342 679.28493449 0.435439 6.6846 0.355624 0.179653 -0.025189
329700 -2799.23138720 674.23461673 0.432202 6.6846 0.355624 0.179653 0.013328
329800 -2838.50580126 713.22275134 0.457194 6.6846 0.355624 0.179653 0.022737
329900 -2825.18760722 700.41066722 0.448981 6.6846 0.355624 0.179653 -0.065756
330000 -2829.65979039 680.22539082 0.436042 6.6782 0.377342 0.178837 -0.008971
330100 -2838.13718874 690.78984275 0.442814 6.6782 0.377342 0.178837 -0.003895
330200 -2849.81691290 690.52090913 0.442642 6.6782 0.377342 0.178837 0.012319
330300 -2832.83183290 667.89839917 0.428140 6.6782 0.377342 0.178837 0.113845
330400 -2860.20237181 704.71689384 0.451742 6.6782 0.377342 0.178837 -0.019517
330500 -2845.01089175 657.15606187 0.421254 6.6808 0.369878 0.177526 -0.065308
330600 -2863.03310197 677.54569062 0.434324 6.6808 0.369878 0.177526 -0.035549
330700 -2843.32356844 671.84950367 0.430673 6.6808 0.369878 0.177526 0.001868
330800 -2840.90422865 669.46867577 0.429147 6.6808 0.369878 0.177526 0.017787
330900 -2833.94519135 663.31577814 0.425202 6.6808 0.369878 0.177526 0.011683
331000 -2869.00407439 701.53002301 0.449699 6.7192 0.361461 0.171755 -0.039607
331100 -2853.34998976 692.06946923 0.443634 6.7192 0.361461 0.171755 0.014447
331200 -2845.83905158 688.20353263 0.441156 6.7192 0.361461 0.171755 0.009497
331300 -2858.38701646 707.22594408 0.453350 6.7192 0.361461 0.171755 0.001087
331400 -2849.65899073 679.29289438 0.435444 6.7192 0.361461 0.171755 0.071865
331500 -2860.60024139 676.79561843 0.433843 6.7833 0.369591 0.184982 0.062257
331600 -2878.07280132 707.27013240 0.453378 6.7833 0.369591 0.184982 0.090747
331700 -2871.65390570 690.71182833 0.442764 6.7833 0.369591 0.184982 0.048126
331800 -2855.96634940 691.37753971 0.443191 6.7833 0.369591 0.184982 0.073317
331900 -2886.33576260 698.02955482 0.447455 6.7833 0.369591 0.184982 -0.014363
332000 -2852.16588209 677.75137095 0.434456 6.7731 0.364307 0.177106 0.059604
332100 -2863.85413381 689.72734448 0.442133 6.7731 0.364307 0.177106 0.037395
332200 -2866.34612186 693.69521870 0.444676 6.7731 0.364307 0.177106 0.095649
332300 -2854.77307537 683.94208902 0.438424 6.7731 0.364307 0.177106 0.032779
332400 -2869.95332494 706.89177618 0.453136 6.7731 0.364307 0.177106 0.031507
332500 -2865.92855871 704.94949401 0.451891 6.8077 0.363882 0.170536 0.003255
332600 -2835.17244674 685.02300034 0.439117 6.8077 0.363882 0.170536 0.045637
332700 -2846.41884055 671.28666116 0.430312 6.8077 0.363882 0.170536 -0.027711
332800 -2839.90897012 682.85457789 0.437727 6.8077 0.363882 0.170536 -0.094768
332900 -2825.93779888 692.28871133 0.443775 6.8077 0.363882 0.170536 0.049311
333000 -2852.47330963 710.96941671 0.455750 6.8154 0.357513 0.176747 0.073018
333100 -2843.65919031 676.34688018 0.433556 6.8154 0.357513 0.176747 -0.002083
333200 -2828.08791875 670.33644875 0.429703 6.8154 0.357513 0.176747 0.059899
333300 -2863.64337278 678.03177711 0.434636 6.8154 0.357513 0.176747 -0.070480
333400 -2856.84745491 671.89954379 0.430705 6.8154 0.357513 0.176747 0.011134
333500 -2897.23452673 702.24819831 0.450159 6.7872 0.363930 0.169205 -0.075210
333600 -2856.33967850 667.20193617 0.427694 6.7872 0.363930 0.169205 0.002371
333700 -2852.89518021 685.33726370 0.439319 6.7872 0.363930 0.169205 -0.013731
333800 -2864.24550763 705.62044166 0.452321 6.7872 0.363930 0.169205 0.011206
333900 -2867.35831219 703.51663837 0.450972 6.7872 0.363930 0.169205 0.033634
334000 -2875.43074940 710.48313126 0.455438 6.8718 0.347951 0.174833 0.045533
334100 -2859.42137535 697.87624471 0.447357 6.8718 0.347951 0.174833 0.100804
334200 -2869.27368696 704.81985301 0.451808 6.8718 0.347951 0.174833 0.100785
334300 -2865.82782960 682.60768384 0.437569 6.8718 0.347951 0.174833 0.046034
334400 -2867.20416319 684.42152287 0.438732 6.8718 0.347951 0.174833 0.096229
334500 -2894.42984385 687.71054302 0.440840 6.8705 0.359257 0.173145 0.008597
334600 -2904.65633572 688.33581796 0.441241 6.8705 0.359257 0.173145 0.000022
334700 -2886.98803772 679.24366177 0.435413 6.8705 0.359257 0.173145 0.047101
334800 -2868.66995135 692.73249605 0.444059 6.8705 0.359257 0.173145 0.129257
334900 -2867.20740000 683.63290438 0.438226 6.8705 0.359257 0.173145 -0.007363
335000 -2835.80445966 692.30564122 0.443786 6.8359 0.361092 0.177486 0.017633
335100 -2849.12950508 688.59955842 0.441410 6.8359 0.361092 0.177486 0.032883
335200 -2841.36170054 682.38895670 0.437429 6.8359 0.361092 0.177486 0.020620
335300 -2844.22999668 693.43899169 0.444512 6.8359 0.361092 0.177486 0.103640
335400 -2886.50803392 714.43739902 0.457973 6.8359 0.361092 0.177486 -0.015048
335500 -2862.86176537 689.83188606 0.442200 6.8462 0.362553 0.173980 0.024650
335600 -2864.96877518 719.17921239 0.461012 6.8462 0.362553 0.173980 0.080499
335700 -2849.10465760 720.46410432 0.461836 6.8462 0.362553 0.173980 0.025923
335800 -2856.86594727 673.95196233 0.432020 6.8462 0.362553 0.173980 0.017835
335900 -2853.93932278 664.91410767 0.426227 6.8462 0.362553 0.173980 0.032722
336000 -2840.01617194 682.97270787 0.437803 6.8231 0.365414 0.170376 0.041154
336100 -2854.15514596 702.09366190 0.450060 6.8231 0.365414 0.170376 0.023489
336200 -2839.12087119 704.83647310 0.451818 6.8231 0.365414 0.170376 0.046337
336300 -2845.18308620 688.26826239 0.441198 6.8231 0.365414 0.170376 0.007584
336400 -2826.17218362 663.23645795 0.425152 6.8231 0.365414 0.170376 0.077103
336500 -2836.21492640 673.98054643 0.432039 6.8590 0.352443 0.175175 0.058044
336600 -2854.06477556 708.55988399 0.454205 6.8590 0.352443 0.175175 0.031532
336700 -2831.09944178 681.45427433 0.436830 6.8590 0.352443 0.175175 0.084659
336800 -2832.65361795 657.28311530 0.421335 6.8590 0.352443 0.175175 -0.044119
336900 -2844.58381398 652.80578435 0.418465 6.8590 0.352443 0.175175 -0.049291
337000 -2868.80609599 671.05503852 0.430163 6.8513 0.353318 0.170926 -0.032459
337100 -2855.06129015 668.06263897 0.428245 6.8513 0.353318 0.170926 0.074348
337200 -2864.09976627 675.56665356 0.433056 6.8513 0.353318 0.170926 -0.041597
337300 -2852.66847178 676.94129145 0.433937 6.8513 0.353318 0.170926 -0.002231
337400 -2864.23873363 662.65358576 0.424778 6.8513 0.353318 0.170926 -0.044021
337500 -2850.15260367 665.31992445 0.426487 6.7769 0.362617 0.168569 -0.056417
337600 -2831.98273809 660.40701247 0.423338 6.7769 0.362617 0.168569 -0.047466
337700 -2843.08643088 678.33008754 0.434827 6.7769 0.362617 0.168569 -0.033377
337800 -2862.33490019 665.57910196 0.426653 6.7769 0.362617 0.168569 -0.033948
337900 -2857.40909044 686.67973148 0.440179 6.7769 0.362617 0.168569 0.013869
338000 -2866.60494648 659.17519461 0.422548 6.8282 0.354519 0.171445 -0.056541
338100 -2838.59065178 684.87102208 0.439020 6.8282 0.354519 0.171445 0.041350
338200 -2841.78183833 681.22950430 0.436686 6.8282 0.354519 0.171445 0.052768
338300 -2823.51576225 677.95027450 0.434584 6.8282 0.354519 0.171445 0.016754
338400 -2829.68643740 662.98531741 0.424991 6.8282 0.354519 0.171445 0.011973
338500 -2830.18857830 680.18286589 0.436015 6.9064 0.351812 0.174137 0.108981
338600 -2836.34083148 674.32824852 0.432262 6.9064 0.351812 0.174137 0.073425
338700 -2853.83580462 698.67406063 0.447868 6.9064 0.351812 0.174137 -0.032932
338800 -2847.74834391 689.39728809 0.441921 6.9064 0.351812 0.174137 -0.016815
338900 -2867.48981391 704.74736286 0.451761 6.9064 0.351812 0.174137 -0.035197
339000 -2843.72307701 678.00677619 0.434620 6.9538 0.345711 0.177016 0.150020
339100 -2859.21637400 707.81554260 0.453728 6.9538 0.345711 0.177016 0.045007
339200 -2836.14076086 708.10009266 0.453910 6.9538 0.345711 0.177016 0.035632
339300 -2846.11725282 691.49849358 0.443268 6.9538 0.345711 0.177016 0.020061
339400 -2818.36151447 684.27671178 0.438639 6.9538 0.345711 0.177016 0.108764
339500 -2843.05696634 691.02373498 0.442964 6.8513 0.351825 0.181261 0.026943
339600 -2824.29370181 692.24208114 0.443745 6.8513 0.351825 0.181261 0.029045
339700 -2857.74225302 682.53662769 0.437523 6.8513 0.351825 0.181261 -0.023721
339800 -2862.89942381 681.48935041 0.436852 6.8513 0.351825 0.181261 -0.016366
339900 -2870.51437271 683.88077274 0.438385 6.8513 0.351825 0.181261 -0.079722
340000 -2843.05879767 665.99648426 0.426921 6.8269 0.354544 0.177521 0.008023
340100 -2815.61482569 709.74375226 0.454964 6.8269 0.354544 0.177521 0.035457
340200 -2810.77838611 704.35230962 0.451508 6.8269 0.354544 0.177521 0.027213
340300 -2811.67310655 668.27113012 0.428379 6.8269 0.354544 0.177521 0.018809
340400 -2838.58881268 677.76288586 0.434463 6.8269 0.354544 0.177521 0.036185
340500 -2859.07418233 704.51289879 0.451611 6.8577 0.356164 0.174795 0.016906
340600 -2824.25057624 661.24333886 0.423874 6.8577 0.356164 0.174795 -0.003039
340700 -2834.51808041 667.80644606 0.428081 6.8577 0.356164 0.174795 0.026950
340800 -2836.50561392 668.80332868 0.428720 6.8577 0.356164 0.174795 0.039990
340900 -2856.25218734 687.40768349 0.440646 6.8577 0.356164 0.174795 -0.084365
341000 -2866.89371763 688.58903681 0.441403 6.8795 0.356486 0.169490 -0.035918
341100 -2856.14651514 676.08884906 0.433390 6.8795 0.356486 0.169490 0.008502
341200 -2841.86082538 671.06589064 0.430170 6.8795 0.356486 0.169490 0.016181
341300 -2845.80543347 676.81524158 0.433856 6.8795 0.356486 0.169490 0.024473
341400 -2823.97086251 661.59550462 0.424100 6.8795 0.356486 0.169490 -0.003300
341500 -2815.28308690 675.98781085 0.433326 6.8372 0.359507 0.178992 0.044059
341600 -2835.09614947 678.48122072 0.434924 6.8372 0.359507 0.178992 -0.030461
341700 -2832.98167196 677.86849997 0.434531 6.8372 0.359507 0.178992 -0.040699
341800 -2824.67089054 675.26807178 0.432864 6.8372 0.359507 0.178992 -0.002877
341900 -2841.26584025 682.42201136 0.437450 6.8372 0.359507 0.178992 -0.079080
342000 -2845.39233121 704.75371705 0.451765 6.8026 0.355601 0.170161 -0.017711
342100 -2844.40577720 651.15093504 0.417404 6.8026 0.355601 0.170161 0.020029
342200 -2859.93064937 699.69047848 0.448520 6.8026 0.355601 0.170161 0.055325
342300 -2866.68771199 685.55188851 0.439456 6.8026 0.355601 0.170161 -0.024072
342400 -2884.33048841 684.19362240 0.438586 6.8026 0.355601 0.170161 -0.009429
342500 -2883.47521364 697.89825884 0.447371 6.9795 0.333586 0.170973 0.103471
342600 -2894.52891128 712.65311090 0.456829 6.9795 0.333586 0.170973 0.044716
342700 -2874.54167009 695.22137456 0.445655 6.9795 0.333586 0.170973 0.001465
342800 -2854.65525929 662.88049391 0.424923 6.9795 0.333586 0.170973 -0.024745
342900 -2870.95016927 680.27488982 0.436074 6.9795 0.333586 0.170973 -0.038915
343000 -2865.83595979 662.01848390 0.424371 6.9141 0.353634 0.168553 0.006456
343100 -2883.15831013 687.78048470 0.440885 6.9141 0.353634 0.168553 -0.002954
343200 -2907.04826856 702.19013794 0.450122 6.9141 0.353634 0.168553 0.025511
343300 -2891.34916569 700.79520685 0.449228 6.9141 0.353634 0.168553 0.037887
343400 -2901.58516834 673.81682806 0.431934 6.9141 0.353634 0.168553 0.064526
343500 -2893.06002227 673.30829529 0.431608 6.9679 0.345172 0.171932 0.109804
343600 -2907.53797363 687.40961501 0.440647 6.9679 0.345172 0.171932 0.064158
343700 -2899.46872149 692.83294988 0.444124 6.9679 0.345172 0.171932 0.077559
343800 -2914.09788301 698.42403675 0.447708 6.9679 0.345172 0.171932 0.082546
343900 -2915.79932664 667.51682689 0.427895 6.9679 0.345172 0.171932 0.011495
344000 -2914.73710701 692.82774593 0.444120 7.0244 0.352323 0.171426 -0.020849
344100 -2897.88243718 692.48522531 0.443901 7.0244 0.352323 0.171426 0.030366
344200 -2889.09844263 706.90254986 0.453143 7.0244 0.352323 0.171426 -0.023395
344300 -2872.52928023 691.91148579 0.443533 7.0244 0.352323 0.171426 -0.033627
344400 -2868.67282113 667.84833669 0.428108 7.0244 0.352323 0.171426 0.001092
344500 -2866.05536871 657.55001167 0.421506 6.9577 0.351000 0.173230 -0.047439
344600 -2882.12544707 682.18326219 0.437297 6.9577 0.351000 0.173230 -0.057494
344700 -2872.26654700 698.05436403 0.447471 6.9577 0.351000 0.173230 0.002721
344800 -2843.09556731 655.94188155 0.420476 6.9577 0.351000 0.173230 0.015890
344900 -2854.85316579 676.91269708 0.433918 6.9577 0.351000 0.173230 0.038793
345000 -2858.63629525 698.10056427 0.447500 6.9064 0.356491 0.175035 -0.051283
345100 -2829.29428898 656.97126008 0.421135 6.9064 0.356491 0.175035 0.058468
345200 -2836.94275540 704.95784296 0.451896 6.9064 0.356491 0.175035 0.046433
345300 -2816.28290284 679.40095758 0.435513 6.9064 0.356491 0.175035 0.057787
345400 -2836.28786734 703.23911322 0.450794 6.9064 0.356491 0.175035 -0.045510
345500 -2826.28853039 674.69763441 0.432498 6.8910 0.347675 0.174548 0.088093
345600 -2869.87002647 700.52774384 0.449056 6.8910 0.347675 0.174548 -0.023725
345700 -2856.83381463 663.16880225 0.425108 6.8910 0.347675 0.174548 -0.054200
345800 -2864.21833226 693.09839194 0.444294 6.8910 0.347675 0.174548 -0.050267
345900 -2862.80187884 678.19568689 0.434741 6.8910 0.347675 0.174548 -0.016674
346000 -2849.74960641 673.90192877 0.431988 6.8949 0.346698 0.171069 0.034410
346100 -2858.89268934 700.07773705 0.448768 6.8949 0.346698 0.171069 -0.036531
346200 -2864.83137249 678.07829016 0.434666 6.8949 0.346698 0.171069 0.009643
346300 -2859.84491012 691.86974810 0.443506 6.8949 0.346698 0.171069 0.076012
346400 -2856.05211656 688.79721379 0.441537 6.8949 0.346698 0.171069 -0.006781
346500 -2848.42762842 671.40677551 0.430389 6.9462 0.342747 0.174312 -0.005138
346600 -2842.84497931 657.48417093 0.421464 6.9462 0.342747 0.174312 -0.034346
346700 -2838.51406909 660.65109655 0.423494 6.9462 0.342747 0.174312 -0.006988
346800 -2849.09897942 667.56084511 0.427924 6.9462 0.342747 0.174312 -0.062275
346900 -2845.51466095 693.34310536 0.444451 6.9462 0.342747 0.174312 0.028292
347000 -2874.05709322 717.15291747 0.459713 6.8859 0.346845 0.173203 -0.012694
347100 -2870.95035470 696.29526665 0.446343 6.8859 0.346845 0.173203 0.059894
347200 -2856.83785297 684.69402470 0.438906 6.8859 0.346845 0.173203 0.094002
347300 -2863.24408265 682.31579994 0.437382 6.8859 0.346845 0.173203 0.014009
347400 -2848.31527446 707.34143321 0.453424 6.8859 0.346845 0.173203 0.030445
347500 -2860.41867908 680.61776731 0.436293 6.9821 0.339456 0.166043 0.022070
347600 -2879.16467328 687.25241109 0.440546 6.9821 0.339456 0.166043 -0.070341
347700 -2865.27495860 684.49352012 0.438778 6.9821 0.339456 0.166043 -0.027403
347800 -2857.87177174 674.57819599 0.432422 6.9821 0.339456 0.166043 0.001047
347900 -2862.55927986 677.21297442 0.434111 6.9821 0.339456 0.166043 -0.039297
348000 -2858.38485130 701.05077342 0.449392 6.9603 0.351160 0.174263 -0.027414
348100 -2869.11781802 683.55270675 0.438175 6.9603 0.351160 0.174263 -0.038105
348200 -2845.47879720 693.78841052 0.444736 6.9603 0.351160 0.174263 0.022710
348300 -2857.28382221 679.13095318 0.435340 6.9603 0.351160 0.174263 0.014665
348400 -2833.81658589 707.49752199 0.453524 6.9603 0.351160 0.174263 0.099426
348500 -2882.00518752 687.61892692 0.440781 6.9936 0.340158 0.169018 -0.053306
348600 -2861.59520222 688.57026527 0.441391 6.9936 0.340158 0.169018 0.100817
348700 -2873.11456658 700.17694812 0.448831 6.9936 0.340158 0.169018 0.005895
348800 -2902.48686581 695.32800702 0.445723 6.9936 0.340158 0.169018 0.011349
348900 -2916.10981962 707.38619960 0.453453 6.9936 0.340158 0.169018 -0.028931
349000 -2907.09581829 696.31061513 0.446353 6.9885 0.347613 0.170842 0.000579
349100 -2907.71270969 677.65476008 0.434394 6.9885 0.347613 0.170842 0.007221
349200 -2922.14203423 684.32972516 0.438673 6.9885 0.347613 0.170842 0.008379
349300 -2907.18436799 688.44792008 0.441313 6.9885 0.347613 0.170842 0.058215
349400 -2917.91609574 682.67125489 0.437610 6.9885 0.347613 0.170842 -0.018599
349500 -2924.86750359 696.83744928 0.446691 7.1090 0.335190 0.167158 0.032461
349600 -2926.72747462 684.34043645 0.438680 7.1090 0.335190 0.167158 0.051923
349700 -2942.57408721 711.83532758 0.456305 7.1090 0.335190 0.167158 0.018658
349800 -2916.70984459 676.37958046 0.433577 7.1090 0.335190 0.167158 0.064058
349900 -2949.42857579 706.06841787 0.452608 7.1090 0.335190 0.167158 0.003835
350000 -2943.75383796 697.98290222 0.447425 7.1436 0.329097 0.164918 0.059547
350100 -2954.43055507 665.16229921 0.426386 7.1436 0.329097 0.164918 0.042376
350200 -2912.17667455 658.71725348 0.422255 7.1436 0.329097 0.164918 0.002073
350300 -2926.18412946 694.80585914 0.445388 7.1436 0.329097 0.164918 -0.012195
350400 -2933.40686412 655.30351215 0.420066 7.1436 0.329097 0.164918 -0.007860
350500 -2942.20485072 683.44509440 0.438106 7.1128 0.332982 0.162513 -0.010068
350600 -2924.64415093 680.76369612 0.436387 7.1128 0.332982 0.162513 0.039012
350700 -2922.58998114 690.74734586 0.442787 7.1128 0.332982 0.162513 0.054897
350800 -2902.32736603 687.82362017 0.440913 7.1128 0.332982 0.162513 0.088429
350900 -2892.59686382 694.71534725 0.445330 7.1128 0.332982 0.162513 0.045500
351000 -2908.01441627 690.41435114 0.442573 7.1154 0.332304 0.165841 0.003219
351100 -2899.81560102 697.29510602 0.446984 7.1154 0.332304 0.165841 0.018916
351200 -2888.76329863 657.78065620 0.421654 7.1154 0.332304 0.165841 0.031873
351300 -2900.77704652 691.69602583 0.443395 7.1154 0.332304 0.165841 0.047834
351400 -2897.85650735 695.32941464 0.445724 7.1154 0.332304 0.165841 0.051164
351500 -2883.75753259 648.90603230 0.415965 7.0192 0.335798 0.170542 0.025087
351600 -2897.88316313 674.65217581 0.432469 7.0192 0.335798 0.170542 -0.000369
351700 -2897.80644306 679.64729369 0.435671 7.0192 0.335798 0.170542 0.042574
351800 -2902.13770808 703.49405975 0.450958 7.0192 0.335798 0.170542 -0.000805
351900 -2901.78410125 728.87227336 0.467226 7.0192 0.335798 0.170542 0.038917
352000 -2885.81145388 738.53683846 0.473421 7.1692 0.329822 0.166278 0.100594
352100 -2878.47034026 718.95147461 0.460866 7.1692 0.329822 0.166278 0.063575
352200 -2870.24216500 686.64271662 0.440156 7.1692 0.329822 0.166278 0.064501
352300 -2863.43216307 672.68147716 0.431206 7.1692 0.329822 0.166278 0.014079
352400 -2871.34274706 678.16643478 0.434722 7.1692 0.329822 0.166278 0.035812
352500 -2885.08477310 680.49242215 0.436213 7.1269 0.324555 0.165155 0.037733
352600 -2877.87829538 669.49874264 0.429166 7.1269 0.324555 0.165155 0.004126
352700 -2885.90583893 666.52184669 0.427258 7.1269 0.324555 0.165155 -0.072976
352800 -2872.13824429 672.54021508 0.431116 7.1269 0.324555 0.165155 -0.037899
352900 -2895.98990315 675.28190090 0.432873 7.1269 0.324555 0.165155 -0.041194
353000 -2907.44847885 674.87810101 0.432614 7.1385 0.322931 0.168159 -0.067823
353100 -2894.32387505 678.00163120 0.434616 7.1385 0.322931 0.168159 0.002977
353200 -2891.51611115 677.44311499 0.434258 7.1385 0.322931 0.168159 -0.048001
353300 -2896.27748640 712.26523823 0.456580 7.1385 0.322931 0.168159 0.026809
353400 -2871.56275874 697.70945532 0.447250 7.1385 0.322931 0.168159 0.042555
353500 -2887.66382454 709.77716472 0.454985 7.0551 0.336697 0.165747 -0.001799
353600 -2864.82173451 695.22814117 0.445659 7.0551 0.336697 0.165747 -0.016555
353700 -2845.48988244 690.46183080 0.442604 7.0551 0.336697 0.165747 0.090447
353800 -2881.36831556 677.94858688 0.434582 7.0551 0.336697 0.165747 -0.032338
353900 -2890.48031143 710.49496736 0.455445 7.0551 0.336697 0.165747 0.032652
354000 -2879.86286946 709.27790900 0.454665 7.0987 0.336975 0.171003 0.026873
354100 -2901.09109188 711.48374076 0.456079 7.0987 0.336975 0.171003 -0.064514
354200 -2866.31148569 703.68695848 0.451081 7.0987 0.336975 0.171003 0.074298
354300 -2848.98110391 674.93240220 0.432649 7.0987 0.336975 0.171003 0.095693
354400 -2880.54388268 686.70726581 0.440197 7.0987 0.336975 0.171003 0.028620
354500 -2874.70170778 698.12468891 0.447516 7.1615 0.321964 0.169205 0.022705
354600 -2887.76094545 679.28201090 0.435437 7.1615 0.321964 0.169205 -0.028949
354700 -2878.77345052 680.98298386 0.436528 7.1615 0.321964 0.169205 0.038770
354800 -2881.37872963 665.92379339 0.426874 7.1615 0.321964 0.169205 0.000407
354900 -2885.53016726 666.26264604 0.427091 7.1615 0.321964 0.169205 -0.009675
355000 -2886.96767607 694.72702547 0.445338 7.1410 0.326089 0.173557 -0.034903
355100 -2865.20680729 644.25609515 0.412985 7.1410 0.326089 0.173557 -0.009477
355200 -2885.29697099 697.23309251 0.446944 7.1410 0.326089 0.173557 -0.047193
355300 -2877.90500301 666.90592503 0.427504 7.1410 0.326089 0.173557 0.024652
355400 -2878.92638328 683.16080075 0.437924 7.1410 0.326089 0.173557 -0.001811
355500 -2888.58966967 695.87442314 0.446073 7.0654 0.333499 0.170593 -0.002963
355600 -2866.32462927 697.51511112 0.447125 7.0654 0.333499 0.170593 0.044048
355700 -2871.15388477 710.49845741 0.455448 7.0654 0.333499 0.170593 0.062247
355800 -2866.67486171 691.68105691 0.443385 7.0654 0.333499 0.170593 0.013984
355900 -2866.95479803 692.63571438 0.443997 7.0654 0.333499 0.170593 -0.001085
356000 -2866.27064185 722.29771617 0.463011 7.0962 0.329730 0.174831 0.070467
356100 -2852.92798831 704.40324047 0.451541 7.0962 0.329730 0.174831 0.000479
356200 -2823.46785043 670.65761986 0.429909 7.0962 0.329730 0.174831 0.036480
356300 -2850.13280470 660.30199134 0.423271 7.0962 0.329730 0.174831 -0.057227
356400 -2874.98485450 684.44795197 0.438749 7.0962 0.329730 0.174831 0.003672
356500 -2861.71490594 684.64721205 0.438876 7.1205 0.329238 0.175038 0.071673
356600 -2862.32481559 664.08803867 0.425697 7.1205 0.329238 0.175038 0.025412
356700 -2878.75438016 674.16161668 0.432155 7.1205 0.329238 0.175038 0.045818
356800 -2903.14515304 706.73393822 0.453035 7.1205 0.329238 0.175038 -0.010401
356900 -2880.21336584 668.26917940 0.428378 7.1205 0.329238 0.175038 0.060563
357000 -2895.56865815 699.18424444 0.448195 7.1962 0.321579 0.168661 0.035734
357100 -2907.16018135 692.61847584 0.443986 7.1962 0.321579 0.168661 -0.003990
357200 -2869.87424564 696.47496701 0.446458 7.1962 0.321579 0.168661 0.112761
357300 -2880.19496193 703.01669940 0.450652 7.1962 0.321579 0.168661 0.083620
357400 -2864.86904607 685.94863577 0.439711 7.1962 0.321579 0.168661 0.070692
357500 -2868.20966592 704.15682624 0.451383 7.1372 0.325709 0.167919 0.079027
357600 -2846.87185903 686.66244638 0.440168 7.1372 0.325709 0.167919 0.064968
357700 -2843.20232177 663.96874499 0.425621 7.1372 0.325709 0.167919 -0.000140
357800 -2835.18207831 681.27994782 0.436718 7.1372 0.325709 0.167919 -0.017498
357900 -2829.97942716 676.15253600 0.433431 7.1372 0.325709 0.167919 -0.013377
358000 -2831.85883508 661.87750571 0.424280 7.0500 0.334077 0.171876 -0.034796
358100 -2839.91457911 652.01792746 0.417960 7.0500 0.334077 0.171876 0.000584
358200 -2857.13890918 684.67542592 0.438895 7.0500 0.334077 0.171876 -0.016452
358300 -2834.90099746 683.73948703 0.438295 7.0500 0.334077 0.171876 0.018848
358400 -2834.87746680 693.79815336 0.444742 7.0500 0.334077 0.171876 0.098734
358500 -2823.90695059 669.37896088 0.429089 7.0897 0.324245 0.171153 0.060642
358600 -2853.50898582 680.85193582 0.436444 7.0897 0.324245 0.171153 -0.029897
358700 -2838.52926494 675.93760075 0.433293 7.0897 0.324245 0.171153 -0.014860
358800 -2850.38186760 674.56679420 0.432415 7.0897 0.324245 0.171153 0.012593
358900 -2836.58858161 680.00962393 0.435904 7.0897 0.324245 0.171153 0.034442
359000 -2807.66898268 680.43206794 0.436174 7.1705 0.323308 0.175403 0.084408
359100 -2843.50413601 695.04868627 0.445544 7.1705 0.323308 0.175403 0.012334
359200 -2836.61418492 673.26005624 0.431577 7.1705 0.323308 0.175403 0.034115
359300 -2840.29516654 677.57631551 0.434344 7.1705 0.323308 0.175403 0.058713
359400 -2840.94771521 668.38912562 0.428455 7.1705 0.323308 0.175403 0.062846
359500 -2834.32088924 678.55647373 0.434972 7.2179 0.316967 0.173825 0.036122
359600 -2814.87575856 686.69716211 0.440190 7.2179 0.316967 0.173825 0.098629
359700 -2808.72324767 644.28061669 0.413000 7.2179 0.316967 0.173825 -0.016473
359800 -2817.91561475 656.93663001 0.421113 7.2179 0.316967 0.173825 0.008876
359900 -2839.76732529 689.41187615 0.441931 7.2179 0.316967 0.173825 -0.001764
360000 -2834.84290414 691.22692829 0.443094 7.0833 0.333302 0.172929 0.017583
360100 -2848.76557485 682.37542020 0.437420 7.0833 0.333302 0.172929 0.044797
360200 -2845.85898830 686.17247170 0.439854 7.0833 0.333302 0.172929 0.033165
360300 -2827.53064339 699.37563092 0.448318 7.0833 0.333302 0.172929 0.070660
360400 -2818.07797989 693.85401962 0.444778 7.0833 0.333302 0.172929 0.017552
360500 -2849.25509466 689.72670411 0.442133 7.1744 0.322709 0.167871 0.021120
360600 -2833.86246053 685.92747348 0.439697 7.1744 0.322709 0.167871 -0.052759
360700 -2809.65783190 658.12551277 0.421875 7.1744 0.322709 0.167871 0.034819
360800 -2821.68262601 684.33684954 0.438677 7.1744 0.322709 0.167871 0.043270
360900 -2813.67695256 660.62824633 0.423480 7.1744 0.322709 0.167871 0.082120
361000 -2864.97830469 671.92905635 0.430724 7.2282 0.317531 0.169894 -0.051063
361100 -2865.52779346 671.39672143 0.430383 7.2282 0.317531 0.169894 0.003651
361200 -2865.20623672 711.70488816 0.456221 7.2282 0.317531 0.169894 -0.014560
361300 -2848.44980743 679.63426358 0.435663 7.2282 0.317531 0.169894 0.005884
361400 -2845.75860062 668.02032721 0.428218 7.2282 0.317531 0.169894 -0.012543
361500 -2833.11674866 668.73968117 0.428679 7.1256 0.332509 0.168574 0.035088
361600 -2844.03974265 643.30032771 0.412372 7.1256 0.332509 0.168574 -0.023070
361700 -2855.88022346 652.64849633 0.418364 7.1256 0.332509 0.168574 -0.021662
361800 -2859.42171912 674.78772627 0.432556 7.1256 0.332509 0.168574 -0.009427
361900 -2849.68480164 671.86447862 0.430682 7.1256 0.332509 0.168574 0.050540
362000 -2847.67624219 667.58554037 0.427939 7.1000 0.334273 0.167523 -0.040650
362100 -2863.04980905 669.90064489 0.429423 7.1000 0.334273 0.167523 -0.058034
362200 -2843.48523232 672.05841873 0.430807 7.1000 0.334273 0.167523 0.006804
362300 -2828.83712562 677.76856200 0.434467 7.1000 0.334273 0.167523 0.085452
362400 -2841.72419304 684.14442026 0.438554 7.1000 0.334273 0.167523 0.056011
362500 -2864.66894764 708.62515864 0.454247 7.1628 0.321814 0.168594 0.018757
362600 -2834.79202005 712.65050372 0.456827 7.1628 0.321814 0.168594 0.036704
362700 -2845.90057233 702.94486699 0.450606 7.1628 0.321814 0.168594 0.056332
362800 -2832.77490006 674.08848174 0.432108 7.1628 0.321814 0.168594 -0.048802
362900 -2827.47609997 672.97232958 0.431393 7.1628 0.321814 0.168594 0.039287
363000 -2806.77890288 665.08030179 0.426334 7.0897 0.333403 0.178520 0.065824
363100 -2809.24197526 659.23564210 0.422587 7.0897 0.333403 0.178520 0.040011
363200 -2821.38602820 673.68305787 0.431848 7.0897 0.333403 0.178520 0.003603
363300 -2800.81956609 657.10840621 0.421223 7.0897 0.333403 0.178520 0.024144
363400 -2816.40982201 705.33825458 0.452140 7.0897 0.333403 0.178520 0.054141
363500 -2803.47342262 695.20598813 0.445645 7.0923 0.328628 0.173385 0.008157
363600 -2801.01619459 712.62835140 0.456813 7.0923 0.328628 0.173385 0.025164
363700 -2783.09089313 696.83563343 0.446690 7.0923 0.328628 0.173385 0.016032
363800 -2777.69362998 701.20839415 0.449493 7.0923 0.328628 0.173385 -0.015178
363900 -2761.43732057 707.49008304 0.453519 7.0923 0.328628 0.173385 0.090503
364000 -2775.16166197 696.72293244 0.446617 6.9846 0.338246 0.175483 0.008137
364100 -2780.14165950 704.85652185 0.451831 6.9846 0.338246 0.175483 -0.084213
364200 -2764.55397393 688.60866518 0.441416 6.9846 0.338246 0.175483 -0.003373
364300 -2757.26834755 671.15188691 0.430226 6.9846 0.338246 0.175483 0.001996
364400 -2779.61118409 669.69305330 0.429290 6.9846 0.338246 0.175483 0.034263
364500 -2780.57027219 673.19316399 0.431534 6.9974 0.327074 0.179963 0.018383
364600 -2756.51963503 683.02773189 0.437838 6.9974 0.327074 0.179963 0.023159
364700 -2776.12351653 668.69109255 0.428648 6.9974 0.327074 0.179963 -0.119066
364800 -2759.81364792 658.11008976 0.421865 6.9974 0.327074 0.179963 -0.005039
364900 -2792.40708377 684.08309026 0.438515 6.9974 0.327074 0.179963 -0.008733
365000 -2814.31329144 701.47591995 0.449664 7.0244 0.330600 0.171813 -0.016434
365100 -2800.27990338 672.90225369 0.431348 7.0244 0.330600 0.171813 0.005601
365200 -2803.94418316 697.81454984 0.447317 7.0244 0.330600 0.171813 -0.019021
365300 -2795.54126270 677.46309583 0.434271 7.0244 0.330600 0.171813 0.023735
365400 -2794.95413282 690.54084947 0.442654 7.0244 0.330600 0.171813 -0.022874
365500 -2787.25931678 677.79840863 0.434486 7.0718 0.325662 0.174128 -0.018836
365600 -2778.14226903 686.13991637 0.439833 7.0718 0.325662 0.174128 -0.080980
365700 -2764.61731741 676.11569077 0.433407 7.0718 0.325662 0.174128 0.036576
365800 -2775.07668809 666.82834324 0.427454 7.0718 0.325662 0.174128 -0.044429
365900 -2763.46928625 673.93043450 0.432007 7.0718 0.325662 0.174128 -0.036457
366000 -2778.74540325 675.46690518 0.432992 6.9897 0.337690 0.178120 -0.105329
366100 -2787.08808397 694.55026356 0.445225 6.9897 0.337690 0.178120 -0.033791
366200 -2773.44584213 706.98394477 0.453195 6.9897 0.337690 0.178120 0.003372
366300 -2783.03284583 676.83903640 0.433871 6.9897 0.337690 0.178120 -0.036898
366400 -2790.48477202 688.73129851 0.441494 6.9897 0.337690 0.178120 0.042395
366500 -2777.03343352 669.14253452 0.428938 7.0397 0.331272 0.176222 0.029865
366600 -2772.92106662 696.96240983 0.446771 7.0397 0.331272 0.176222 0.098814
366700 -2777.44505466 728.63152574 0.467071 7.0397 0.331272 0.176222 0.026667
366800 -2774.80596744 707.78512656 0.453708 7.0397 0.331272 0.176222 -0.001438
366900 -2777.47206090 712.23917847 0.456564 7.0397 0.331272 0.176222 -0.069262
367000 -2770.90900475 693.77746372 0.444729 6.9859 0.331816 0.177738 -0.047838
367100 -2784.70180505 719.39700992 0.461152 6.9859 0.331816 0.177738 0.052503
367200 -2804.97714398 682.39525973 0.437433 6.9859 0.331816 0.177738 -0.030431
367300 -2783.38190978 683.80384764 0.438336 6.9859 0.331816 0.177738 -0.021775
367400 -2781.53891607 675.73196974 0.433162 6.9859 0.331816 0.177738 0.013666
367500 -2792.53366997 686.65099767 0.440161 7.0436 0.324798 0.177733 -0.015770
367600 -2798.49026916 695.26308326 0.445681 7.0436 0.324798 0.177733 0.059945
367700 -2809.93909615 675.08649957 0.432748 7.0436 0.324798 0.177733 0.032802
367800 -2816.69216980 676.08863272 0.433390 7.0436 0.324798 0.177733 0.026398
367900 -2816.05704290 673.71341204 0.431868 7.0436 0.324798 0.177733 0.028914
368000 -2784.41697768 667.35421161 0.427791 7.0795 0.331257 0.177000 0.016777
368100 -2775.10077076 660.93880119 0.423679 7.0795 0.331257 0.177000 0.003029
368200 -2782.35752347 667.43928310 0.427846 7.0795 0.331257 0.177000 -0.019069
368300 -2800.26679462 679.24102751 0.435411 7.0795 0.331257 0.177000 0.005928
368400 -2784.34170746 655.07464600 0.419920 7.0795 0.331257 0.177000 0.023001
368500 -2794.05491413 667.36549598 0.427798 7.1026 0.331757 0.176894 0.000690
368600 -2780.64952327 677.70698299 0.434428 7.1026 0.331757 0.176894 -0.033249
368700 -2773.61360869 675.64977941 0.433109 7.1026 0.331757 0.176894 -0.025896
368800 -2791.82376775 702.39900772 0.450256 7.1026 0.331757 0.176894 -0.022849
368900 -2798.11494157 681.16656892 0.436645 7.1026 0.331757 0.176894 -0.038258
369000 -2793.98627324 672.55659016 0.431126 7.1231 0.328668 0.179852 0.018847
369100 -2794.96039743 698.26602895 0.447606 7.1231 0.328668 0.179852 -0.047050
369200 -2791.24525518 679.13995371 0.435346 7.1231 0.328668 0.179852 -0.036281
369300 -2764.19678246 679.56039879 0.435616 7.1231 0.328668 0.179852 -0.020820
369400 -2779.43198611 680.12064801 0.435975 7.1231 0.328668 0.179852 -0.016141
369500 -2792.42451266 696.70011509 0.446603 7.0474 0.325953 0.173336 -0.002337
369600 -2805.89770473 706.65159430 0.452982 7.0474 0.325953 0.173336 0.028877
369700 -2790.35778110 681.05273667 0.436572 7.0474 0.325953 0.173336 -0.031805
369800 -2801.07159373 694.10046262 0.444936 7.0474 0.325953 0.173336 -0.001765
369900 -2784.65583170 651.48634179 0.417619 7.0474 0.325953 0.173336 0.006537
370000 -2792.83446574 670.23825201 0.429640 7.1192 0.333516 0.173089 0.029381
370100 -2809.79927909 686.61408457 0.440137 7.1192 0.333516 0.173089 -0.022563
370200 -2801.07887185 692.78289911 0.444092 7.1192 0.333516 0.173089 0.007104
370300 -2799.03160251 680.10697723 0.435966 7.1192 0.333516 0.173089 0.033176
370400 -2805.05398249 685.08271527 0.439156 7.1192 0.333516 0.173089 0.057275
370500 -2827.12000881 685.13967822 0.439192 7.1167 0.323521 0.168397 -0.019734
370600 -2835.58350004 718.95537411 0.460869 7.1167 0.323521 0.168397 0.003901
370700 -2823.36082061 699.45131761 0.448366 7.1167 0.323521 0.168397 0.052334
370800 -2814.56367538 677.54923309 0.434326 7.1167 0.323521 0.168397 -0.035928
370900 -2810.82979565 689.80489937 0.442183 7.1167 0.323521 0.168397 0.031818
371000 -2792.69218481 677.83658072 0.434511 7.1269 0.327071 0.179967 0.051073
371100 -2800.40387801 686.75041257 0.440225 7.1269 0.327071 0.179967 0.048114
371200 -2817.12750583 717.85219254 0.460162 7.1269 0.327071 0.179967 -0.006464
371300 -2811.36092601 710.87483247 0.455689 7.1269 0.327071 0.179967 -0.037321
371400 -2808.65461847 700.63472083 0.449125 7.1269 0.327071 0.179967 -0.002798
371500 -2810.96725914 721.95752625 0.462793 7.1218 0.332035 0.178498 0.032289
371600 -2788.15768014 669.59162357 0.429225 7.1218 0.332035 0.178498 -0.030207
371700 -2807.46564026 703.63987324 0.451051 7.1218 0.332035 0.178498 -0.013909
371800 -2804.21988009 668.56109737 0.428565 7.1218 0.332035 0.178498 -0.001424
371900 -2824.81677148 694.76838209 0.445364 7.1218 0.332035 0.178498 -0.000366
372000 -2847.28944678 687.61419516 0.440778 7.1628 0.322514 0.168521 -0.023199
372100 -2810.64512867 679.97081366 0.435879 7.1628 0.322514 0.168521 0.044365
372200 -2784.28852493 670.59354324 0.429868 7.1628 0.322514 0.168521 0.051539
372300 -2801.59228197 696.85062976 0.446699 7.1628 0.322514 0.168521 -0.064093
372400 -2781.94667510 699.51705676 0.448408 7.1628 0.322514 0.168521 0.024426
372500 -2767.52850416 703.31336098 0.450842 7.0487 0.330553 0.181328 0.054267
372600 -2767.85758157 704.17534989 0.451394 7.0487 0.330553 0.181328 0.053228
372700 -2753.78805895 699.41893628 0.448345 7.0487 0.330553 0.181328 0.059362
372800 -2764.30699803 662.12066094 0.424436 7.0487 0.330553 0.181328 -0.020052
372900 -2784.55944103 684.40599175 0.438722 7.0487 0.330553 0.181328 0.016742
373000 -2784.35684170 701.87122532 0.449917 7.0859 0.327869 0.177493 0.010135
373100 -2793.57583759 718.46871634 0.460557 7.0859 0.327869 0.177493 0.001568
373200 -2791.62431566 673.23947064 0.431564 7.0859 0.327869 0.177493 0.013800
373300 -2805.77761303 690.89987099 0.442885 7.0859 0.327869 0.177493 0.034935
373400 -2789.20858311 665.36083775 0.426513 7.0859 0.327869 0.177493 0.060227
373500 -2805.08873559 681.17447007 0.436650 7.0795 0.331957 0.172530 -0.039159
373600 -2794.62154274 660.72005453 0.423538 7.0795 0.331957 0.172530 -0.026956
373700 -2802.14093555 687.28348178 0.440566 7.0795 0.331957 0.172530 -0.030264
373800 -2807.74742182 684.85817368 0.439012 7.0795 0.331957 0.172530 0.006799
373900 -2824.77830268 671.65004467 0.430545 7.0795 0.331957 0.172530 -0.009598
374000 -2804.34651981 667.05834480 0.427602 7.0705 0.337193 0.172371 -0.046412
374100 -2794.59180735 633.47146025 0.406071 7.0705 0.337193 0.172371 0.017642
374200 -2827.20125809 692.69306989 0.444034 7.0705 0.337193 0.172371 0.007187
374300 -2844.27881542 667.18564444 0.427683 7.0705 0.337193 0.172371 0.002003
374400 -2837.41608613 665.21368759 0.426419 7.0705 0.337193 0.172371 0.002605
374500 -2857.80682256 679.42713573 0.435530 7.1282 0.327414 0.172105 -0.024108
374600 -2837.81537124 698.18084326 0.447552 7.1282 0.327414 0.172105 0.094825
374700 -2839.00004635 700.82158564 0.449245 7.1282 0.327414 0.172105 0.011572
374800 -2848.64008361 686.80090953 0.440257 7.1282 0.327414 0.172105 -0.031775
374900 -2846.62047148 681.26581179 0.436709 7.1282 0.327414 0.172105 -0.011490
375000 -2850.05247948 681.83210858 0.437072 7.2000 0.313586 0.177057 0.042224
375100 -2823.34286525 680.03947279 0.435923 7.2000 0.313586 0.177057 0.077320
375200 -2826.52019580 664.05799086 0.425678 7.2000 0.313586 0.177057 -0.050293
375300 -2828.94187546 688.08810538 0.441082 7.2000 0.313586 0.177057 -0.022965
375400 -2836.17632766 675.52983813 0.433032 7.2000 0.313586 0.177057 -0.054461
375500 -2842.94299421 692.64282156 0.444002 7.1603 0.324740 0.174174 -0.046701
375600 -2846.98354951 696.03425847 0.446176 7.1603 0.324740 0.174174 0.018447
375700 -2830.91434264 676.57849189 0.433704 7.1603 0.324740 0.174174 0.049768
375800 -2855.00882190 693.17778801 0.444345 7.1603 0.324740 0.174174 0.055579
375900 -2865.08139081 695.01035679 0.445519 7.1603 0.324740 0.174174 -0.000054
376000 -2857.43457753 674.17371725 0.432163 7.2000 0.322198 0.171461 -0.044253
376100 -2854.23663049 672.74284983 0.431245 7.2000 0.322198 0.171461 0.033704
376200 -2869.68537568 704.45810009 0.451576 7.2000 0.322198 0.171461 -0.056223
376300 -2880.96045014 691.71039542 0.443404 7.2000 0.322198 0.171461 -0.018781
376400 -2861.99500840 698.13462541 0.447522 7.2000 0.322198 0.171461 0.080784
376500 -2869.73757018 671.14211007 0.430219 7.2051 0.321443 0.177155 0.035105
376600 -2855.56111877 682.15965509 0.437282 7.2051 0.321443 0.177155 -0.001224
376700 -2840.53018310 707.02622661 0.453222 7.2051 0.321443 0.177155 -0.011017
376800 -2834.76168896 679.07973253 0.435308 7.2051 0.321443 0.177155 0.043127
376900 -2834.51956048 658.52878103 0.422134 7.2051 0.321443 0.177155 -0.033459
377000 -2841.32694326 693.51243729 0.444559 7.1872 0.327658 0.175486 0.018781
377100 -2836.08307705 675.87868071 0.433256 7.1872 0.327658 0.175486 0.039072
377200 -2829.70803070 657.90248093 0.421732 7.1872 0.327658 0.175486 0.040837
377300 -2845.61060617 691.00609199 0.442953 7.1872 0.327658 0.175486 -0.007156
377400 -2823.90836893 660.73332779 0.423547 7.1872 0.327658 0.175486 0.026336
377500 -2823.63587472 674.30402109 0.432246 7.2372 0.321834 0.167666 0.036134
377600 -2845.83189124 684.51291696 0.438790 7.2372 0.321834 0.167666 0.032227
377700 -2854.66131472 689.66652655 0.442094 7.2372 0.321834 0.167666 0.029364
377800 -2884.15477735 719.93401141 0.461496 7.2372 0.321834 0.167666 -0.009096
377900 -2888.40672498 685.46678256 0.439402 7.2372 0.321834 0.167666 0.024069
378000 -2837.27709999 651.82144231 0.417834 7.2269 0.320123 0.167423 0.039134
378100 -2833.74287331 664.42799612 0.425915 7.2269 0.320123 0.167423 -0.011316
378200 -2844.43978853 679.97049523 0.435879 7.2269 0.320123 0.167423 0.057550
378300 -2846.02819899 683.17460934 0.437932 7.2269 0.320123 0.167423 0.103314
378400 -2848.36010601 699.07530753 0.448125 7.2269 0.320123 0.167423 -0.023109
378500 -2841.86286920 679.41337349 0.435521 7.2423 0.323734 0.165128 -0.030625
378600 -2849.96121485 683.63559134 0.438228 7.2423 0.323734 0.165128 0.044035
378700 -2865.34740453 685.20966808 0.439237 7.2423 0.323734 0.165128 0.022023
378800 -2861.12729995 685.37541313 0.439343 7.2423 0.323734 0.165128 0.093331
378900 -2865.18501204 691.20608482 0.443081 7.2423 0.323734 0.165128 0.053650
379000 -2869.67670313 703.05025843 0.450673 7.3282 0.309384 0.167708 0.058842
379100 -2868.83728739 695.95489683 0.446125 7.3282 0.309384 0.167708 0.066248
379200 -2863.30157405 679.83037212 0.435789 7.3282 0.309384 0.167708 0.026704
379300 -2864.45470641 683.56314376 0.438182 7.3282 0.309384 0.167708 0.058567
379400 -2855.60345861 711.45950338 0.456064 7.3282 0.309384 0.167708 0.024902
379500 -2856.16912138 689.53646734 0.442011 7.3192 0.311918 0.167221 0.022562
379600 -2848.99061557 693.53802731 0.444576 7.3192 0.311918 0.167221 0.049665
379700 -2828.41695500 706.45212561 0.452854 7.3192 0.311918 0.167221 -0.024926
379800 -2828.36446979 673.59025657 0.431789 7.3192 0.311918 0.167221 -0.051439
379900 -2823.11745938 691.31961824 0.443154 7.3192 0.311918 0.167221 0.029918
380000 -2824.12607114 690.04792884 0.442338 7.2231 0.308092 0.173260 -0.000410
380100 -2817.12159765 673.61866994 0.431807 7.2231 0.308092 0.173260 -0.045807
380200 -2830.35330661 668.55311192 0.428560 7.2231 0.308092 0.173260 -0.010574
380300 -2834.77344123 677.24581571 0.434132 7.2231 0.308092 0.173260 0.069105
380400 -2841.82017067 708.87018458 0.454404 7.2231 0.308092 0.173260 0.035036
380500 -2824.75573437 691.76861993 0.443441 7.2462 0.308865 0.169007 0.017744
380600 -2828.74903871 657.68527955 0.421593 7.2462 0.308865 0.169007 0.004715
380700 -2827.58239319 659.81412645 0.422958 7.2462 0.308865 0.169007 0.008398
380800 -2810.96948304 671.92312427 0.430720 7.2462 0.308865 0.169007 0.076147
380900 -2847.52582704 693.52744699 0.444569 7.2462 0.308865 0.169007 -0.014386
381000 -2822.93128398 685.86289340 0.439656 7.2654 0.319699 0.171465 0.021075
381100 -2826.11626138 678.75144862 0.435097 7.2654 0.319699 0.171465 0.002402
381200 -2852.87540557 719.18017815 0.461013 7.2654 0.319699 0.171465 -0.004017
381300 -2797.95110349 681.64156704 0.436950 7.2654 0.319699 0.171465 0.071515
381400 -2815.63843124 702.07151664 0.450046 7.2654 0.319699 0.171465 -0.000431
381500 -2823.27420699 703.08499304 0.450696 7.2256 0.318648 0.170909 -0.073542
381600 -2839.76078113 713.20758325 0.457184 7.2256 0.318648 0.170909 -0.040749
381700 -2837.73257370 709.47420483 0.454791 7.2256 0.318648 0.170909 -0.022415
381800 -2806.80050922 693.99889135 0.444871 7.2256 0.318648 0.170909 0.010998
381900 -2808.31443499 687.37197468 0.440623 7.2256 0.318648 0.170909 0.015487
382000 -2797.41133811 678.10844122 0.434685 7.2154 0.306698 0.171345 -0.001871
382100 -2800.29265719 686.77494271 0.440240 7.2154 0.306698 0.171345 -0.018027
382200 -2815.80596270 693.67178543 0.444661 7.2154 0.306698 0.171345 -0.050851
382300 -2781.38520440 655.64692630 0.420286 7.2154 0.306698 0.171345 0.023774
382400 -2820.66446068 698.77389094 0.447932 7.2154 0.306698 0.171345 -0.040340
382500 -2835.69742466 717.44512334 0.459901 7.2974 0.312017 0.168165 0.031048
382600 -2809.45813671 708.11077477 0.453917 7.2974 0.312017 0.168165 0.055569
382700 -2818.04277796 705.97180382 0.452546 7.2974 0.312017 0.168165 0.014470
382800 -2818.81491863 723.43420669 0.463740 7.2974 0.312017 0.168165 0.090423
382900 -2804.83890044 715.59191264 0.458713 7.2974 0.312017 0.168165 0.144911
383000 -2820.09115523 690.31728932 0.442511 7.2628 0.317960 0.171015 -0.028589
383100 -2810.20206226 675.24540742 0.432850 7.2628 0.317960 0.171015 0.013484
383200 -2821.43825857 693.96009243 0.444846 7.2628 0.317960 0.171015 0.015342
383300 -2817.09688080 696.48123326 0.446462 7.2628 0.317960 0.171015 -0.001779
383400 -2807.85930426 721.52155449 0.462514 7.2628 0.317960 0.171015 0.028297
383500 -2809.40267117 709.55916667 0.454846 7.3949 0.305052 0.171988 0.105574
383600 -2832.03500495 706.88671844 0.453133 7.3949 0.305052 0.171988 -0.004329
383700 -2815.95011950 680.93928644 0.436500 7.3949 0.305052 0.171988 0.025570
383800 -2845.63249951 705.69625627 0.452369 7.3949 0.305052 0.171988 0.040324
383900 -2828.07778892 677.22854892 0.434121 7.3949 0.305052 0.171988 0.012110
384000 -2818.50416161 670.75287628 0.429970 7.3205 0.317247 0.173190 0.002037
384100 -2815.30337485 662.37727198 0.424601 7.3205 0.317247 0.173190 -0.050214
384200 -2830.44853026 676.34765544 0.433556 7.3205 0.317247 0.173190 -0.005193
384300 -2841.32710717 697.59986544 0.447179 7.3205 0.317247 0.173190 0.050048
384400 -2828.58124047 672.19817428 0.430896 7.3205 0.317247 0.173190 0.048164
384500 -2834.65059680 676.52428890 0.433669 7.3231 0.313648 0.177222 0.043638
384600 -2835.86323535 678.10341815 0.434682 7.3231 0.313648 0.177222 0.050061
384700 -2829.68689527 716.56986935 0.459340 7.3231 0.313648 0.177222 0.092315
384800 -2844.05261841 709.10406654 0.454554 7.3231 0.313648 0.177222 -0.005551
384900 -2816.89677622 704.88606141 0.451850 7.3231 0.313648 0.177222 0.008776
385000 -2800.54882244 684.24012971 0.438615 7.3449 0.307348 0.174383 0.057356
385100 -2797.82376521 663.92898343 0.425596 7.3449 0.307348 0.174383 -0.013086
385200 -2801.45185215 680.32213330 0.436104 7.3449 0.307348 0.174383 0.037917
385300 -2804.51469395 678.43908946 0.434897 7.3449 0.307348 0.174383 -0.022781
385400 -2798.40385707 690.29482039 0.442497 7.3449 0.307348 0.174383 -0.015486
385500 -2789.77318270 682.56232260 0.437540 7.2051 0.317554 0.182569 -0.000458
385600 -2793.99832940 672.09787670 0.430832 7.2051 0.317554 0.182569 -0.006608
385700 -2811.43501485 697.21888179 0.446935 7.2051 0.317554 0.182569 0.011664
385800 -2817.50912169 717.18367382 0.459733 7.2051 0.317554 0.182569 0.045266
385900 -2814.57172547 691.37741490 0.443191 7.2051 0.317554 0.182569 0.032003
386000 -2796.20015407 674.03170672 0.432072 7.3910 0.307527 0.171639 0.080530
386100 -2822.14027324 708.55699297 0.454203 7.3910 0.307527 0.171639 0.027103
386200 -2820.72792128 685.25954067 0.439269 7.3910 0.307527 0.171639 -0.011514
386300 -2807.43931199 664.25399618 0.425804 7.3910 0.307527 0.171639 -0.012326
386400 -2825.07966251 680.02377488 0.435913 7.3910 0.307527 0.171639 -0.077850
386500 -2817.09951869 668.21537655 0.428343 7.2795 0.311590 0.178405 -0.050907
386600 -2794.22359483 669.58060034 0.429218 7.2795 0.311590 0.178405 0.027628
386700 -2779.85297972 669.25695147 0.429011 7.2795 0.311590 0.178405 0.038912
386800 -2792.50355578 677.60697888 0.434363 7.2795 0.311590 0.178405 0.058324
386900 -2772.26601351 665.83736653 0.426819 7.2795 0.311590 0.178405 0.054691
387000 -2778.94613134 679.16487091 0.435362 7.3333 0.311232 0.179240 0.089766
387100 -2810.60267603 690.17927680 0.442423 7.3333 0.311232 0.179240 -0.020476
387200 -2815.21219786 686.84084179 0.440283 7.3333 0.311232 0.179240 0.009127
387300 -2818.77743335 670.74693476 0.429966 7.3333 0.311232 0.179240 -0.025939
387400 -2838.14272191 699.90232953 0.448655 7.3333 0.311232 0.179240 -0.031388
387500 -2810.88176450 693.68680559 0.444671 7.2885 0.311889 0.172702 0.015009
387600 -2797.63812887 653.27356193 0.418765 7.2885 0.311889 0.172702 -0.030343
387700 -2811.95861597 659.53333979 0.422778 7.2885 0.311889 0.172702 -0.065153
387800 -2794.23927415 681.44595923 0.436824 7.2885 0.311889 0.172702 0.065314
387900 -2779.25776882 664.20581259 0.425773 7.2885 0.311889 0.172702 0.025822
388000 -2787.81156874 697.45742145 0.447088 7.2590 0.315145 0.174729 0.024448
388100 -2794.79847426 687.85287964 0.440931 7.2590 0.315145 0.174729 -0.047400
388200 -2799.45199873 670.27755877 0.429665 7.2590 0.315145 0.174729 0.012265
388300 -2800.98267311 701.00890353 0.449365 7.2590 0.315145 0.174729 0.032954
388400 -2794.71151438 686.73785274 0.440217 7.2590 0.315145 0.174729 -0.025368
388500 -2788.37682890 684.62734388 0.438864 7.3064 0.305162 0.176016 -0.017393
388600 -2778.48854456 700.55546497 0.449074 7.3064 0.305162 0.176016 0.026866
388700 -2773.63870223 673.18279972 0.431527 7.3064 0.305162 0.176016 -0.014497
388800 -2766.24128052 699.06196278 0.448117 7.3064 0.305162 0.176016 0.001178
388900 -2758.40669429 685.22486130 0.439247 7.3064 0.305162 0.176016 -0.003984
389000 -2771.92662700 689.05102158 0.441699 7.2128 0.318007 0.180343 -0.061783
389100 -2761.36743428 670.83943253 0.430025 7.2128 0.318007 0.180343 -0.028280
389200 -2763.30865086 717.33613192 0.459831 7.2128 0.318007 0.180343 0.014528
389300 -2778.27821805 719.23650988 0.461049 7.2128 0.318007 0.180343 -0.031654
389400 -2755.45784119 695.39574314 0.445767 7.2128 0.318007 0.180343 -0.019061
389500 -2773.47487108 691.46571145 0.443247 7.2833 0.308993 0.170552 -0.076213
389600 -2772.01250397 691.57604651 0.443318 7.2833 0.308993 0.170552 -0.010389
389700 -2780.28352461 681.65330902 0.436957 7.2833 0.308993 0.170552 -0.034725
389800 -2799.96368702 702.23100325 0.450148 7.2833 0.308993 0.170552 -0.046064
389900 -2793.87012709 681.51979180 0.436872 7.2833 0.308993 0.170552 0.042568
390000 -2819.38678280 693.95567007 0.444843 7.3487 0.302398 0.170360 0.037288
390100 -2839.52178076 691.52733688 0.443287 7.3487 0.302398 0.170360 -0.011877
390200 -2836.93983059 694.64019124 0.445282 7.3487 0.302398 0.170360 0.027060
390300 -2827.78535458 696.27540416 0.446330 7.3487 0.302398 0.170360 0.035464
390400 -2820.26158440 645.96177384 0.414078 7.3487 0.302398 0.170360 0.044563
390500 -2824.80101191 661.84737862 0.424261 7.3013 0.312888 0.173472 -0.002450
390600 -2816.06172423 619.99439708 0.397432 7.3013 0.312888 0.173472 0.033196
390700 -2846.62358365 688.03876838 0.441050 7.3013 0.312888 0.173472 0.021834
390800 -2833.62192939 672.88663098 0.431338 7.3013 0.312888 0.173472 0.051476
390900 -2845.91490379 686.17836508 0.439858 7.3013 0.312888 0.173472 -0.024480
391000 -2805.50052996 671.17631683 0.430241 7.3282 0.310400 0.179489 0.041016
391100 -2807.99036980 687.19899177 0.440512 7.3282 0.310400 0.179489 0.041578
391200 -2805.97919556 699.48841077 0.448390 7.3282 0.310400 0.179489 -0.048287
391300 -2785.58349347 665.72758555 0.426748 7.3282 0.310400 0.179489 0.031064
391400 -2793.43590492 694.76624160 0.445363 7.3282 0.310400 0.179489 0.000167
391500 -2769.31355403 670.28035347 0.429667 7.2397 0.313018 0.181208 -0.015979
391600 -2762.14284856 689.04992192 0.441699 7.2397 0.313018 0.181208 0.021579
391700 -2764.29510439 682.36191481 0.437411 7.2397 0.313018 0.181208 -0.005092
391800 -2772.55770468 715.08377131 0.458387 7.2397 0.313018 0.181208 -0.037174
391900 -2772.55602438 652.24037110 0.418103 7.2397 0.313018 0.181208 -0.035831
392000 -2794.57071539 667.50447800 0.427887 7.2603 0.314060 0.173776 -0.045851
392100 -2776.20585465 680.88334024 0.436464 7.2603 0.314060 0.173776 0.034621
392200 -2774.50321612 681.03482084 0.436561 7.2603 0.314060 0.173776 0.053190
392300 -2796.50838424 695.77655451 0.446011 7.2603 0.314060 0.173776 0.038871
392400 -2801.65304792 691.07101559 0.442994 7.2603 0.314060 0.173776 -0.006403
392500 -2772.17988424 673.16441166 0.431516 7.2974 0.310081 0.179416 0.055089
392600 -2789.89719605 703.59789908 0.451024 7.2974 0.310081 0.179416 0.042314
392700 -2803.52810944 702.90932187 0.450583 7.2974 0.310081 0.179416 -0.016383
392800 -2803.54936952 684.16226947 0.438566 7.2974 0.310081 0.179416 -0.026376
392900 -2817.65703014 681.92260736 0.437130 7.2974 0.310081 0.179416 -0.043510
393000 -2813.13688768 690.92048558 0.442898 7.2987 0.308050 0.178811 0.005705
393100 -2801.44484580 687.67862045 0.440820 7.2987 0.308050 0.178811 0.034591
393200 -2810.55037004 684.54079139 0.438808 7.2987 0.308050 0.178811 -0.002142
393300 -2786.63524074 668.13131327 0.428289 7.2987 0.308050 0.178811 -0.010727
393400 -2770.87498859 698.17789799 0.447550 7.2987 0.308050 0.178811 0.013086
393500 -2759.88216816 702.04752297 0.450030 7.2910 0.318743 0.178825 -0.013429
393600 -2757.70406479 676.64574870 0.433747 7.2910 0.318743 0.178825 0.036453
393700 -2767.60235499 674.40043676 0.432308 7.2910 0.318743 0.178825 0.031591
393800 -2806.42384702 676.90144632 0.433911 7.2910 0.318743 0.178825 0.010362
393900 -2805.29166497 658.54905392 0.422147 7.2910 0.318743 0.178825 0.033733
394000 -2786.42337470 703.09251407 0.450700 7.3615 0.308715 0.174207 -0.016382
394100 -2769.10073055 668.19255928 0.428329 7.3615 0.308715 0.174207 0.021858
394200 -2767.64090363 672.87131385 0.431328 7.3615 0.308715 0.174207 0.070354
394300 -2779.34807954 701.30176532 0.449552 7.3615 0.308715 0.174207 0.022126
394400 -2766.47361804 678.16763159 0.434723 7.3615 0.308715 0.174207 0.026333
394500 -2774.99628234 704.80076159 0.451795 7.3192 0.310988 0.180755 0.033651
394600 -2770.78565656 691.66584135 0.443376 7.3192 0.310988 0.180755 0.166116
394700 -2783.62360084 708.99657667 0.454485 7.3192 0.310988 0.180755 -0.005171
394800 -2777.50468032 694.44953418 0.445160 7.3192 0.310988 0.180755 -0.002463
394900 -2763.79609551 676.53079398 0.433674 7.3192 0.310988 0.180755 0.065608
395000 -2786.19388511 683.05218570 0.437854 7.4154 0.296956 0.177334 0.076667
395100 -2800.39272778 691.30642630 0.443145 7.4154 0.296956 0.177334 0.003064
395200 -2784.65377440 677.46063892 0.434270 7.4154 0.296956 0.177334 0.033126
395300 -2788.04171424 692.48099988 0.443898 7.4154 0.296956 0.177334 0.009942
395400 -2785.61863588 692.46075774 0.443885 7.4154 0.296956 0.177334 0.028517
395500 -2766.74312410 681.30170657 0.436732 7.3333 0.307923 0.185981 -0.001430
395600 -2776.00129762 683.39695906 0.438075 7.3333 0.307923 0.185981 0.000048
395700 -2814.68920706 709.39149281 0.454738 7.3333 0.307923 0.185981 -0.050239
395800 -2782.40196815 672.23551559 0.430920 7.3333 0.307923 0.185981 -0.013955
395900 -2753.39974729 701.78262931 0.449861 7.3333 0.307923 0.185981 0.052897
396000 -2747.76411663 701.34044838 0.449577 7.3923 0.300818 0.178492 0.001956
396100 -2751.68986956 689.18490838 0.441785 7.3923 0.300818 0.178492 0.035981
396200 -2769.33941530 713.92048730 0.457641 7.3923 0.300818 0.178492 -0.009062
396300 -2757.51472723 696.93149703 0.446751 7.3923 0.300818 0.178492 0.021720
396400 -2748.13062235 693.08668531 0.444286 7.3923 0.300818 0.178492 0.051104
396500 -2741.91258487 659.22979398 0.422583 7.4128 0.299305 0.172448 0.057463
396600 -2763.41630207 689.06259781 0.441707 7.4128 0.299305 0.172448 -0.036128
396700 -2748.20619640 671.47764346 0.430434 7.4128 0.299305 0.172448 -0.040426
396800 -2798.52458210 694.74863146 0.445352 7.4128 0.299305 0.172448 -0.031627
396900 -2781.26753767 662.97563696 0.424984 7.4128 0.299305 0.172448 -0.034058
397000 -2774.70284597 696.69885871 0.446602 7.3218 0.309505 0.179527 0.072364
397100 -2785.80009468 705.22036341 0.452064 7.3218 0.309505 0.179527 -0.090067
397200 -2764.81541224 664.29734461 0.425832 7.3218 0.309505 0.179527 -0.031620
397300 -2764.17249608 670.70697555 0.429940 7.3218 0.309505 0.179527 0.046006
397400 -2776.14189177 680.49722875 0.436216 7.3218 0.309505 0.179527 0.009478
397500 -2783.57337045 695.47563583 0.445818 7.3859 0.303627 0.175378 -0.020398
397600 -2784.74054372 697.56801906 0.447159 7.3859 0.303627 0.175378 -0.010661
397700 -2743.58083893 674.93983672 0.432654 7.3859 0.303627 0.175378 0.086065
397800 -2738.13801588 680.81341429 0.436419 7.3859 0.303627 0.175378 0.041332
397900 -2734.09281229 686.21399817 0.439881 7.3859 0.303627 0.175378 0.041036
398000 -2738.07016625 702.49479876 0.450317 7.2500 0.314148 0.184529 0.034043
398100 -2749.84620379 694.09638051 0.444934 7.2500 0.314148 0.184529 0.049844
398200 -2743.27021643 692.86466508 0.444144 7.2500 0.314148 0.184529 0.009766
398300 -2738.73284205 706.61513032 0.452958 7.2500 0.314148 0.184529 0.019424
398400 -2744.28290872 684.74593246 0.438940 7.2500 0.314148 0.184529 -0.000248
398500 -2757.98192636 704.89358589 0.451855 7.3128 0.309726 0.182368 0.027149
398600 -2750.52667632 667.20854453 0.427698 7.3128 0.309726 0.182368 0.006593
398700 -2733.29560679 667.83073139 0.428097 7.3128 0.309726 0.182368 0.071757
398800 -2768.78463464 699.62118032 0.448475 7.3128 0.309726 0.182368 -0.030813
398900 -2768.36508990 693.94435342 0.444836 7.3128 0.309726 0.182368 -0.082008
399000 -2777.73026407 712.54019714 0.456757 7.4410 0.294076 0.176222 0.008771
399100 -2777.25288772 688.83918131 0.441564 7.4410 0.294076 0.176222 0.073295
399200 -2763.16082279 710.02231908 0.455143 7.4410 0.294076 0.176222 0.023796
399300 -2774.40284153 712.07583691 0.456459 7.4410 0.294076 0.176222 -0.004754
399400 -2769.48725592 698.10939812 0.447506 7.4410 0.294076 0.176222 0.012362
399500 -2769.38777733 692.38752339 0.443838 7.4090 0.299085 0.173114 0.032412
399600 -2782.61822620 694.30924684 0.445070 7.4090 0.299085 0.173114 0.005121
399700 -2772.10880399 675.92302058 0.433284 7.4090 0.299085 0.173114 0.067857
399800 -2768.76704066 700.35806770 0.448947 7.4090 0.299085 0.173114 0.015398
399900 -2749.43885393 684.49249369 0.438777 7.4090 0.299085 0.173114 0.050575
400000 -2777.43728378 701.41760351 0.449627 7.3513 0.300558 0.172749 -0.018817
400100 -2791.59961810 682.90379417 0.437759 7.3513 0.300558 0.172749 0.001662
400200 -2781.23081216 718.81007750 0.460776 7.3513 0.300558 0.172749 0.019468
400300 -2751.30003552 688.53762391 0.441370 7.3513 0.300558 0.172749 0.130087
400400 -2775.82337719 694.24076056 0.445026 7.3513 0.300558 0.172749 0.025315
400500 -2764.85917077 660.67539045 0.423510 7.4641 0.298117 0.175439 0.098600
400600 -2769.22492024 671.54633728 0.430478 7.4641 0.298117 0.175439 0.009247
400700 -2783.65666158 711.93140946 0.456366 7.4641 0.298117 0.175439 -0.014747
400800 -2785.73420140 678.92535403 0.435209 7.4641 0.298117 0.175439 -0.036680
400900 -2798.54878235 706.10784193 0.452633 7.4641 0.298117 0.175439 -0.043247
401000 -2756.84965828 692.69177680 0.444033 7.3692 0.305906 0.176411 -0.009222
401100 -2763.49980044 674.43022324 0.432327 7.3692 0.305906 0.176411 0.029471
401200 -2776.54130691 691.40293952 0.443207 7.3692 0.305906 0.176411 0.075806
401300 -2782.90808077 690.89818759 0.442883 7.3692 0.305906 0.176411 0.000792
401400 -2769.97630740 677.15431212 0.434073 7.3692 0.305906 0.176411 -0.017329
401500 -2778.06162660 689.56250744 0.442027 7.4551 0.290577 0.175404 0.041936
401600 -2767.69801969 673.44447158 0.431695 7.4551 0.290577 0.175404 0.014346
401700 -2756.67010303 729.03447414 0.467330 7.4551 0.290577 0.175404 0.060530
401800 -2768.43473813 681.96507769 0.437157 7.4551 0.290577 0.175404 0.058014
401900 -2771.31146334 682.49450312 0.437496 7.4551 0.290577 0.175404 0.027553
402000 -2751.30071730 687.09374470 0.440445 7.3731 0.301769 0.179249 0.009282
402100 -2745.56984954 674.90497575 0.432631 7.3731 0.301769 0.179249 -0.014006
402200 -2746.88946340 656.37989468 0.420756 7.3731 0.301769 0.179249 -0.047385
402300 -2748.68356331 640.90962291 0.410840 7.3731 0.301769 0.179249 -0.033079
402400 -2771.40747140 691.88535852 0.443516 7.3731 0.301769 0.179249 -0.084534
402500 -2753.55986789 696.62228234 0.446553 7.4090 0.300605 0.177093 0.020974
402600 -2761.55452203 679.49396362 0.435573 7.4090 0.300605 0.177093 -0.028889
402700 -2763.37482857 680.57824269 0.436268 7.4090 0.300605 0.177093 -0.011042
402800 -2769.95948813 692.85384170 0.444137 7.4090 0.300605 0.177093 -0.026068
402900 -2763.60336052 683.66397322 0.438246 7.4090 0.300605 0.177093 0.051898
403000 -2747.51268986 704.88947170 0.451852 7.4500 0.297242 0.176285 0.120672
403100 -2757.11835238 691.23375841 0.443099 7.4500 0.297242 0.176285 -0.064066
403200 -2759.80809412 670.31206086 0.429687 7.4500 0.297242 0.176285 -0.023884
403300 -2756.88695508 647.21436641 0.414881 7.4500 0.297242 0.176285 -0.001896
403400 -2767.42408470 658.76276306 0.422284 7.4500 0.297242 0.176285 -0.031064
403500 -2757.48228043 652.19411914 0.418073 7.4346 0.296881 0.180958 -0.032115
403600 -2756.15165454 670.31782741 0.429691 7.4346 0.296881 0.180958 0.053880
403700 -2772.37393683 699.07747968 0.448127 7.4346 0.296881 0.180958 0.011765
403800 -2774.11954507 682.23962928 0.437333 7.4346 0.296881 0.180958 0.008470
403900 -2724.46282235 657.01119881 0.421161 7.4346 0.296881 0.180958 0.097515
404000 -2763.62756993 674.48204382 0.432360 7.3910 0.300145 0.177203 -0.041280
404100 -2755.93712620 673.38301946 0.431656 7.3910 0.300145 0.177203 -0.035266
404200 -2760.42194778 688.79960179 0.441538 7.3910 0.300145 0.177203 0.025143
404300 -2738.52291211 667.92253045 0.428155 7.3910 0.300145 0.177203 -0.039338
404400 -2724.86748728 658.20620685 0.421927 7.3910 0.300145 0.177203 -0.036785
404500 -2740.65189394 669.69743608 0.429293 7.3474 0.309642 0.183517 0.028755
404600 -2745.82138899 673.71186694 0.431867 7.3474 0.309642 0.183517 -0.013564
404700 -2759.31119135 670.42562610 0.429760 7.3474 0.309642 0.183517 0.006132
404800 -2758.19208695 706.86562521 0.453119 7.3474 0.309642 0.183517 0.020986
404900 -2775.19872234 694.40857221 0.445134 7.3474 0.309642 0.183517 -0.048774
405000 -2745.89732380 652.11045767 0.418020 7.3744 0.302016 0.183290 -0.039271
405100 -2757.76224356 684.66399502 0.438887 7.3744 0.302016 0.183290 -0.036786
405200 -2758.28778298 682.84808081 0.437723 7.3744 0.302016 0.183290 0.044041
405300 -2748.64339618 660.66770542 0.423505 7.3744 0.302016 0.183290 0.017081
405400 -2755.40383259 700.23841902 0.448871 7.3744 0.302016 0.183290 0.023783
405500 -2753.02596859 687.82195428 0.440912 7.4205 0.295660 0.181972 0.047995
405600 -2754.12439085 691.04574061 0.442978 7.4205 0.295660 0.181972 0.020939
405700 -2735.46353961 672.43831956 0.431050 7.4205 0.295660 0.181972 -0.008037
405800 -2732.66561967 664.84478981 0.426183 7.4205 0.295660 0.181972 0.003021
405900 -2754.97556828 662.30203845 0.424553 7.4205 0.295660 0.181972 -0.028308
406000 -2756.54407439 649.36544527 0.416260 7.4346 0.292363 0.173272 0.004919
406100 -2739.20786533 671.06542271 0.430170 7.4346 0.292363 0.173272 0.069289
406200 -2757.72155071 702.30573771 0.450196 7.4346 0.292363 0.173272 -0.024186
406300 -2731.18680937 664.56459417 0.426003 7.4346 0.292363 0.173272 0.027188
406400 -2767.12348119 682.13671654 0.437267 7.4346 0.292363 0.173272 -0.052107
406500 -2763.81404258 653.65322159 0.419008 7.3923 0.306663 0.182162 -0.067778
406600 -2770.72773752 655.64838921 0.420287 7.3923 0.306663 0.182162 0.023552
406700 -2788.53469887 688.90558129 0.441606 7.3923 0.306663 0.182162 -0.020062
406800 -2791.94304894 668.07989921 0.428256 7.3923 0.306663 0.182162 -0.079379
406900 -2806.73990089 674.62084620 0.432449 7.3923 0.306663 0.182162 -0.041715
407000 -2799.35909042 643.47930776 0.412487 7.4897 0.299441 0.174566 -0.086329
407100 -2800.41924422 689.77996918 0.442167 7.4897 0.299441 0.174566 -0.009568
407200 -2773.11677095 686.54820830 0.440095 7.4897 0.299441 0.174566 0.061190
407300 -2778.25933858 668.88860017 0.428775 7.4897 0.299441 0.174566 0.002778
407400 -2782.11360636 706.64410031 0.452977 7.4897 0.299441 0.174566 0.017937
407500 -2750.89486236 693.50303444 0.444553 7.5141 0.294876 0.178240 0.070549
407600 -2768.59100439 680.29427339 0.436086 7.5141 0.294876 0.178240 0.008701
407700 -2775.81090901 652.79057952 0.418455 7.5141 0.294876 0.178240 -0.104754
407800 -2776.31690539 673.87428242 0.431971 7.5141 0.294876 0.178240 0.038382
407900 -2764.76462905 693.62252186 0.444630 7.5141 0.294876 0.178240 0.009516
408000 -2753.74800919 680.90607238 0.436478 7.4192 0.299527 0.174108 0.034831
408100 -2739.67540314 684.87599437 0.439023 7.4192 0.299527 0.174108 -0.011561
408200 -2735.98766600 675.28174840 0.432873 7.4192 0.299527 0.174108 0.012555
408300 -2745.27562995 683.76645978 0.438312 7.4192 0.299527 0.174108 0.003233
408400 -2754.22653148 686.07536743 0.439792 7.4192 0.299527 0.174108 -0.028496
408500 -2727.35453335 688.50322054 0.441348 7.3756 0.308961 0.180255 0.028785
408600 -2720.64859782 701.76966019 0.449852 7.3756 0.308961 0.180255 0.004888
408700 -2718.68564889 680.47421258 0.436201 7.3756 0.308961 0.180255 -0.028712
408800 -2709.04482827 671.37970942 0.430372 7.3756 0.308961 0.180255 -0.021058
408900 -2731.05622264 671.39345050 0.430380 7.3756 0.308961 0.180255 -0.030192
409000 -2724.72760119 697.24789275 0.446954 7.3538 0.299749 0.184290 0.054005
409100 -2740.02976070 711.57574467 0.456138 7.3538 0.299749 0.184290 0.010429
409200 -2711.47400786 706.53358469 0.452906 7.3538 0.299749 0.184290 -0.009563
409300 -2727.47810788 709.78891439 0.454993 7.3538 0.299749 0.184290 0.004962
409400 -2723.72931756 679.17239035 0.435367 7.3538 0.299749 0.184290 0.017329
409500 -2727.40644071 705.66282827 0.452348 7.4397 0.301704 0.176401 0.016203
409600 -2720.23769563 701.94496012 0.449965 7.4397 0.301704 0.176401 0.018815
409700 -2722.16686032 707.78882109 0.453711 7.4397 0.301704 0.176401 -0.032082
409800 -2734.26081007 713.89335589 0.457624 7.4397 0.301704 0.176401 -0.070677
409900 -2750.76758816 723.65799229 0.463883 7.4397 0.301704 0.176401 0.057605
410000 -2750.79969205 682.60962786 0.437570 7.4128 0.290802 0.171741 -0.001906
410100 -2760.78996808 679.79250690 0.435764 7.4128 0.290802 0.171741 -0.006875
410200 -2736.41928459 669.49079182 0.429161 7.4128 0.290802 0.171741 -0.006046
410300 -2766.05166039 683.94500279 0.438426 7.4128 0.290802 0.171741 -0.080031
410400 -2753.15341252 699.95167731 0.448687 7.4128 0.290802 0.171741 -0.022240
410500 -2752.97274562 654.18853240 0.419352 7.4590 0.296623 0.176984 0.045713
410600 -2766.85035221 684.94562245 0.439068 7.4590 0.296623 0.176984 0.041767
410700 -2762.77679352 679.01064798 0.435263 7.4590 0.296623 0.176984 0.032686
410800 -2760.33988160 678.56089322 0.434975 7.4590 0.296623 0.176984 0.027686
410900 -2773.03730749 682.13436001 0.437266 7.4590 0.296623 0.176984 0.014727
411000 -2774.47475522 686.46701514 0.440043 7.5192 0.295621 0.175027 -0.004506
411100 -2796.31948134 694.22327599 0.445015 7.5192 0.295621 0.175027 -0.008976
411200 -2777.36009520 673.06818666 0.431454 7.5192 0.295621 0.175027 -0.065610
411300 -2784.98067874 700.39613497 0.448972 7.5192 0.295621 0.175027 0.016712
411400 -2775.29257026 686.68828297 0.440185 7.5192 0.295621 0.175027 0.098682
411500 -2783.62688679 695.35965661 0.445743 7.5410 0.304669 0.174003 0.009945
411600 -2802.10905015 704.70058258 0.451731 7.5410 0.304669 0.174003 -0.040049
411700 -2808.82194897 708.85796006 0.454396 7.5410 0.304669 0.174003 -0.030520
411800 -2785.52216035 706.54048129 0.452911 7.5410 0.304669 0.174003 0.012832
411900 -2761.85359174 677.01509383 0.433984 7.5410 0.304669 0.174003 0.014796
412000 -2766.97112238 699.54515927 0.448426 7.5154 0.300306 0.175870 0.084519
412100 -2801.97277899 707.58786994 0.453582 7.5154 0.300306 0.175870 0.015941
412200 -2781.65756343 690.34410194 0.442528 7.5154 0.300306 0.175870 0.035675
412300 -2786.08736844 704.04649783 0.451312 7.5154 0.300306 0.175870 -0.022971
412400 -2796.62974243 705.03949528 0.451948 7.5154 0.300306 0.175870 -0.015222
412500 -2807.06059573 714.46939440 0.457993 7.5346 0.296712 0.174630 -0.038221
412600 -2777.04921901 673.36310753 0.431643 7.5346 0.296712 0.174630 0.019010
412700 -2797.18461021 683.35096051 0.438045 7.5346 0.296712 0.174630 -0.036100
412800 -2779.40181871 674.79785689 0.432563 7.5346 0.296712 0.174630 -0.006944
412900 -2791.79763216 656.37744965 0.420755 7.5346 0.296712 0.174630 0.061127
413000 -2796.08505331 659.67601460 0.422869 7.5462 0.300280 0.176996 0.032678
413100 -2799.48495069 687.53717304 0.440729 7.5462 0.300280 0.176996 -0.009269
413200 -2805.06366378 688.22768530 0.441172 7.5462 0.300280 0.176996 0.017852
413300 -2798.85583174 689.52909868 0.442006 7.5462 0.300280 0.176996 -0.005091
413400 -2791.11431668 690.88452060 0.442875 7.5462 0.300280 0.176996 0.037866
413500 -2788.23912259 669.48419884 0.429157 7.4923 0.293381 0.173471 -0.012471
413600 -2787.94066000 698.24503552 0.447593 7.4923 0.293381 0.173471 0.013894
413700 -2771.94379049 683.77516899 0.438317 7.4923 0.293381 0.173471 0.027233
413800 -2817.91273144 734.88288448 0.471079 7.4923 0.293381 0.173471 0.026794
413900 -2795.59987279 733.60428000 0.470259 7.4923 0.293381 0.173471 0.084859
414000 -2787.67129001 711.75734535 0.456255 7.5423 0.295609 0.171469 0.053914
414100 -2791.32511550 678.12575243 0.434696 7.5423 0.295609 0.171469 0.052274
414200 -2763.36300832 691.53383502 0.443291 7.5423 0.295609 0.171469 0.093247
414300 -2789.62013402 705.51483761 0.452253 7.5423 0.295609 0.171469 0.053276
414400 -2765.85799577 690.69487169 0.442753 7.5423 0.295609 0.171469 0.120235
414500 -2757.24170206 691.65365568 0.443368 7.6282 0.290353 0.172687 0.078093
414600 -2772.37649455 689.85984583 0.442218 7.6282 0.290353 0.172687 0.033855
414700 -2773.63216867 689.05853686 0.441704 7.6282 0.290353 0.172687 0.033350
414800 -2784.73414233 689.99676942 0.442306 7.6282 0.290353 0.172687 0.000039
414900 -2771.91715073 699.53898794 0.448422 7.6282 0.290353 0.172687 0.013636
415000 -2753.33362823 694.44337053 0.445156 7.5833 0.286905 0.173691 0.044418
415100 -2783.61282797 698.34929338 0.447660 7.5833 0.286905 0.173691 0.009533
415200 -2778.09609663 694.59989042 0.445256 7.5833 0.286905 0.173691 0.013461
415300 -2781.11970887 691.55363829 0.443304 7.5833 0.286905 0.173691 0.026438
415400 -2794.81754238 686.03311463 0.439765 7.5833 0.286905 0.173691 0.009983
415500 -2789.96300374 661.89767781 0.424293 7.5654 0.289273 0.175783 -0.061805
415600 -2785.12913304 667.52722364 0.427902 7.5654 0.289273 0.175783 -0.046155
415700 -2770.34086383 669.51208146 0.429174 7.5654 0.289273 0.175783 0.043089
415800 -2753.16659981 697.48827140 0.447108 7.5654 0.289273 0.175783 0.011348
415900 -2779.27756547 693.14404713 0.444323 7.5654 0.289273 0.175783 -0.043058
416000 -2782.47906800 700.13377450 0.448804 7.5410 0.303058 0.178488 -0.076299
416100 -2771.65336143 695.17557200 0.445625 7.5410 0.303058 0.178488 -0.016489
416200 -2802.13591526 694.86964566 0.445429 7.5410 0.303058 0.178488 -0.041716
416300 -2779.04105101 689.14586255 0.441760 7.5410 0.303058 0.178488 0.036524
416400 -2768.05663117 698.55253823 0.447790 7.5410 0.303058 0.178488 0.077505
416500 -2793.10465306 702.89579321 0.450574 7.6154 0.287905 0.166514 0.035146
416600 -2808.74388761 685.28577096 0.439286 7.6154 0.287905 0.166514 -0.009685
416700 -2801.94866998 689.29394236 0.441855 7.6154 0.287905 0.166514 0.054801
416800 -2794.10604159 694.10295090 0.444938 7.6154 0.287905 0.166514 0.050387
416900 -2799.66833487 679.45608534 0.435549 7.6154 0.287905 0.166514 -0.007028
417000 -2760.66609706 652.65575481 0.418369 7.5795 0.288944 0.174293 -0.031723
417100 -2770.27673911 661.65240340 0.424136 7.5795 0.288944 0.174293 -0.015194
417200 -2741.20002311 688.14561334 0.441119 7.5795 0.288944 0.174293 0.077512
417300 -2739.52962709 679.10224438 0.435322 7.5795 0.288944 0.174293 -0.015792
417400 -2746.70276797 695.85799611 0.446063 7.5795 0.288944 0.174293 0.032565
417500 -2764.61490772 674.40944751 0.432314 7.5154 0.296508 0.177885 -0.024344
417600 -2774.87066833 718.21032680 0.460391 7.5154 0.296508 0.177885 0.053629
417700 -2780.67493891 680.04044971 0.435923 7.5154 0.296508 0.177885 -0.009889
417800 -2772.50589304 664.59972022 0.426025 7.5154 0.296508 0.177885 -0.024456
417900 -2778.99013336 713.27445931 0.457227 7.5154 0.296508 0.177885 0.059692
418000 -2760.23747554 687.09821245 0.440448 7.5872 0.291185 0.172763 0.110461
418100 -2764.62301636 682.12736731 0.437261 7.5872 0.291185 0.172763 -0.030573
418200 -2763.79174710 685.59691753 0.439485 7.5872 0.291185 0.172763 -0.026432
418300 -2755.71660718 675.43927318 0.432974 7.5872 0.291185 0.172763 -0.014910
418400 -2731.43379861 651.16743952 0.417415 7.5872 0.291185 0.172763 0.048541
418500 -2745.06884700 680.80745135 0.436415 7.4436 0.296331 0.178344 -0.061539
418600 -2730.99421694 683.83331821 0.438355 7.4436 0.296331 0.178344 -0.018825
418700 -2761.08557230 687.03858898 0.440409 7.4436 0.296331 0.178344 -0.029371
418800 -2759.66609566 681.90304947 0.437117 7.4436 0.296331 0.178344 0.008423
418900 -2729.25583300 656.27869474 0.420691 7.4436 0.296331 0.178344 0.047998
419000 -2742.89714892 692.04843145 0.443621 7.4949 0.292532 0.175779 -0.003656
419100 -2731.22324668 682.78197560 0.437681 7.4949 0.292532 0.175779 -0.025669
419200 -2728.24070804 681.56265662 0.436899 7.4949 0.292532 0.175779 -0.021971
419300 -2736.07832800 660.75609452 0.423562 7.4949 0.292532 0.175779 -0.045382
419400 -2729.76796272 674.33316851 0.432265 7.4949 0.292532 0.175779 0.035737
419500 -2728.87672856 678.67417209 0.435048 7.4756 0.294352 0.177646 0.055428
419600 -2756.26219387 707.80955854 0.453724 7.4756 0.294352 0.177646 0.010624
419700 -2745.24329425 704.74062098 0.451757 7.4756 0.294352 0.177646 0.002192
419800 -2740.75029144 674.26416206 0.432221 7.4756 0.294352 0.177646 -0.050710
419900 -2733.37573686 709.00268880 0.454489 7.4756 0.294352 0.177646 0.066139
420000 -2716.84913497 722.30973306 0.463019 7.4231 0.298591 0.174995 0.003313
420100 -2708.60828607 707.08171700 0.453258 7.4231 0.298591 0.174995 0.077637
420200 -2697.96179507 728.58957731 0.467045 7.4231 0.298591 0.174995 0.038689
420300 -2693.04745250 698.87453615 0.447996 7.4231 0.298591 0.174995 -0.011171
420400 -2693.07641372 697.11905811 0.446871 7.4231 0.298591 0.174995 -0.000541
420500 -2698.56116821 682.15866748 0.437281 7.3628 0.296289 0.174919 -0.102621
420600 -2683.18431014 693.02557802 0.444247 7.3628 0.296289 0.174919 0.026523
420700 -2698.64559037 662.96608596 0.424978 7.3628 0.296289 0.174919 -0.011960
420800 -2709.76698241 675.80538492 0.433209 7.3628 0.296289 0.174919 -0.043112
420900 -2727.64306987 683.46733674 0.438120 7.3628 0.296289 0.174919 -0.041528
421000 -2700.75751112 694.92149864 0.445462 7.4013 0.300761 0.182405 0.022556
421100 -2710.89705851 667.76102690 0.428052 7.4013 0.300761 0.182405 -0.008361
421200 -2730.12992630 686.33300420 0.439957 7.4013 0.300761 0.182405 -0.037555
421300 -2719.16289455 681.80284302 0.437053 7.4013 0.300761 0.182405 0.009519
421400 -2702.99135658 704.90437938 0.451862 7.4013 0.300761 0.182405 0.013978
421500 -2691.60529099 672.66642897 0.431196 7.4218 0.296875 0.179284 -0.010074
421600 -2712.07389313 702.04013150 0.450026 7.4218 0.296875 0.179284 -0.032916
421700 -2712.96131815 695.40510864 0.445773 7.4218 0.296875 0.179284 0.017524
421800 -2720.48642276 680.59730332 0.436280 7.4218 0.296875 0.179284 0.045785
421900 -2712.94240842 694.88573822 0.445440 7.4218 0.296875 0.179284 0.064216
422000 -2718.19837205 693.22496215 0.444375 7.4821 0.292073 0.184594 -0.018476
422100 -2706.61413548 659.80449387 0.422952 7.4821 0.292073 0.184594 0.016115
422200 -2698.62801379 705.58250002 0.452296 7.4821 0.292073 0.184594 0.063769
422300 -2689.58500849 705.47334246 0.452227 7.4821 0.292073 0.184594 0.073091
422400 -2687.00473897 675.40966218 0.432955 7.4821 0.292073 0.184594 0.057470
422500 -2711.72120590 687.40234621 0.440643 7.4487 0.294816 0.179313 0.017186
422600 -2728.51007593 718.98820503 0.460890 7.4487 0.294816 0.179313 -0.022257
422700 -2722.11051702 710.86240021 0.455681 7.4487 0.294816 0.179313 0.003044
422800 -2708.44320413 701.32599011 0.449568 7.4487 0.294816 0.179313 -0.034409
422900 -2708.58152463 704.88148056 0.451847 7.4487 0.294816 0.179313 -0.017844
423000 -2677.67642345 695.80336535 0.446028 7.3782 0.305335 0.184443 0.028932
423100 -2686.16173339 696.08167812 0.446206 7.3782 0.305335 0.184443 0.003208
423200 -2692.87334214 676.30172775 0.433527 7.3782 0.305335 0.184443 0.004563
423300 -2718.92433974 680.80357823 0.436413 7.3782 0.305335 0.184443 0.053074
423400 -2714.23118266 674.10910718 0.432121 7.3782 0.305335 0.184443 0.090867
423500 -2736.76767027 702.90544933 0.450580 7.5244 0.299092 0.181655 -0.006003
423600 -2727.45729981 718.64851215 0.460672 7.5244 0.299092 0.181655 0.047392
423700 -2736.56985871 731.44940549 0.468878 7.5244 0.299092 0.181655 0.015022
423800 -2721.68248885 701.76239950 0.449848 7.5244 0.299092 0.181655 0.036695
423900 -2747.73924198 696.86908958 0.446711 7.5244 0.299092 0.181655 -0.016329
424000 -2746.28370347 712.91242440 0.456995 7.4872 0.299262 0.181811 -0.052796
424100 -2738.26753298 708.27985304 0.454026 7.4872 0.299262 0.181811 -0.021476
424200 -2709.19887475 678.70999361 0.435071 7.4872 0.299262 0.181811 0.014811
424300 -2723.80433212 672.92553926 0.431363 7.4872 0.299262 0.181811 -0.023879
424400 -2715.54761777 687.88404440 0.440951 7.4872 0.299262 0.181811 -0.000801
424500 -2704.28816780 711.07578417 0.455818 7.5115 0.293876 0.183812 0.077766
424600 -2733.84777734 708.28559665 0.454029 7.5115 0.293876 0.183812 0.001999
424700 -2732.22413731 710.96143678 0.455745 7.5115 0.293876 0.183812 -0.065089
424800 -2720.41803196 688.54374790 0.441374 7.5115 0.293876 0.183812 0.024715
424900 -2732.47311986 698.81473906 0.447958 7.5115 0.293876 0.183812 -0.013639
425000 -2721.98845656 694.09433493 0.444932 7.5462 0.288572 0.175571 0.043715
425100 -2728.97295930 683.50779584 0.438146 7.5462 0.288572 0.175571 0.049528
425200 -2722.76112270 684.81144454 0.438982 7.5462 0.288572 0.175571 0.032886
425300 -2717.34116815 673.43543616 0.431689 7.5462 0.288572 0.175571 -0.010823
425400 -2706.17426422 684.79344861 0.438970 7.5462 0.288572 0.175571 -0.032492
425500 -2683.51778261 703.51650581 0.450972 7.5038 0.295772 0.179173 0.089559
425600 -2699.71247759 700.09149802 0.448777 7.5038 0.295772 0.179173 0.017964
425700 -2698.49573065 694.96852349 0.445493 7.5038 0.295772 0.179173 -0.003253
425800 -2718.21689307 726.34824134 0.465608 7.5038 0.295772 0.179173 -0.001528
425900 -2701.47875908 678.94008807 0.435218 7.5038 0.295772 0.179173 0.021601
426000 -2706.40728819 684.75331245 0.438944 7.5192 0.290880 0.178009 0.011521
426100 -2692.62647777 686.03501381 0.439766 7.5192 0.290880 0.178009 0.005381
426200 -2699.57312140 695.01254235 0.445521 7.5192 0.290880 0.178009 -0.028332
426300 -2685.36964974 688.99189169 0.441661 7.5192 0.290880 0.178009 -0.000070
426400 -2672.94449322 707.24918360 0.453365 7.5192 0.290880 0.178009 0.012798
426500 -2683.17162390 728.25282825 0.466829 7.5051 0.283910 0.181705 0.060118
426600 -2682.99375927 687.69265117 0.440829 7.5051 0.283910 0.181705 -0.017250
426700 -2708.25001825 708.49442942 0.454163 7.5051 0.283910 0.181705 -0.026120
426800 -2685.94700537 703.50416962 0.450964 7.5051 0.283910 0.181705 0.057129
426900 -2640.58695547 684.82069098 0.438988 7.5051 0.283910 0.181705 0.047817
427000 -2679.96779318 735.11796756 0.471229 7.4474 0.297318 0.185286 0.022187
427100 -2704.43650678 731.78611378 0.469094 7.4474 0.297318 0.185286 -0.082112
427200 -2684.83083565 671.57814629 0.430499 7.4474 0.297318 0.185286 0.020146
427300 -2676.37596878 667.51956957 0.427897 7.4474 0.297318 0.185286 -0.018869
427400 -2691.22018899 704.72116170 0.451744 7.4474 0.297318 0.185286 -0.013446
427500 -2699.94096969 711.95232512 0.456380 7.4795 0.300201 0.180808 0.030712
427600 -2705.71079393 714.31604866 0.457895 7.4795 0.300201 0.180808 0.007879
427700 -2692.20109922 676.75976737 0.433820 7.4795 0.300201 0.180808 0.037792
427800 -2694.77108386 662.22983745 0.424506 7.4795 0.300201 0.180808 0.020148
427900 -2713.15094304 695.17523093 0.445625 7.4795 0.300201 0.180808 -0.040369
428000 -2692.11764960 688.51905448 0.441358 7.5115 0.292119 0.181731 -0.032284
428100 -2677.98581599 677.52296091 0.434310 7.5115 0.292119 0.181731 0.021985
428200 -2702.24659048 725.13888329 0.464833 7.5115 0.292119 0.181731 -0.004851
428300 -2666.91707343 697.18806951 0.446915 7.5115 0.292119 0.181731 0.026800
428400 -2645.28941726 681.06414329 0.436580 7.5115 0.292119 0.181731 0.037327
428500 -2666.22585399 702.61980989 0.450397 7.3449 0.297478 0.193052 0.006566
428600 -2676.79402083 701.12770607 0.449441 7.3449 0.297478 0.193052 -0.030311
428700 -2689.51610530 702.99944577 0.450641 7.3449 0.297478 0.193052 -0.026784
428800 -2650.03171855 667.30905220 0.427762 7.3449 0.297478 0.193052 0.058473
428900 -2634.61213504 649.53254458 0.416367 7.3449 0.297478 0.193052 0.018604
429000 -2669.02203443 709.35749348 0.454716 7.4449 0.292375 0.186699 0.022283
429100 -2672.02266166 686.85579477 0.440292 7.4449 0.292375 0.186699 -0.002676
429200 -2670.21278974 667.86362664 0.428118 7.4449 0.292375 0.186699 -0.041106
429300 -2684.13708795 694.75264092 0.445354 7.4449 0.292375 0.186699 -0.002970
429400 -2694.61349656 713.98291532 0.457681 7.4449 0.292375 0.186699 -0.048541
429500 -2686.09460872 680.08550992 0.435952 7.4538 0.291463 0.186325 -0.036893
429600 -2664.30597427 680.59162663 0.436277 7.4538 0.291463 0.186325 -0.012085
429700 -2677.28665602 677.63144605 0.434379 7.4538 0.291463 0.186325 0.003083
429800 -2668.05703354 669.50454580 0.429170 7.4538 0.291463 0.186325 0.008535
429900 -2689.85428845 688.18135144 0.441142 7.4538 0.291463 0.186325 -0.057873
430000 -2692.41961249 703.79957225 0.451154 7.4474 0.290244 0.178349 0.005514
430100 -2689.71353541 712.90587306 0.456991 7.4474 0.290244 0.178349 -0.040614
430200 -2670.07096973 694.07539209 0.444920 7.4474 0.290244 0.178349 0.025736
430300 -2679.30893364 667.10697976 0.427633 7.4474 0.290244 0.178349 0.033241
430400 -2695.15384496 669.82688327 0.429376 7.4474 0.290244 0.178349 0.014566
430500 -2689.72377857 679.82480673 0.435785 7.5000 0.297510 0.188301 0.014459
430600 -2713.37169653 708.30763233 0.454043 7.5000 0.297510 0.188301 0.023948
430700 -2683.22794548 684.33805920 0.438678 7.5000 0.297510 0.188301 0.033217
430800 -2719.55941370 706.50536606 0.452888 7.5000 0.297510 0.188301 -0.053824
430900 -2728.14437400 697.48350397 0.447105 7.5000 0.297510 0.188301 -0.066953
431000 -2722.92939828 671.47685868 0.430434 7.6154 0.290192 0.180346 0.026353
431100 -2727.28874483 658.50001755 0.422115 7.6154 0.290192 0.180346 -0.054710
431200 -2739.41937085 680.68668769 0.436338 7.6154 0.290192 0.180346 -0.048955
431300 -2709.86198950 683.78755147 0.438325 7.6154 0.290192 0.180346 0.007675
431400 -2722.21474374 676.61805410 0.433730 7.6154 0.290192 0.180346 -0.009464
431500 -2736.72757848 669.61134658 0.429238 7.6026 0.291875 0.183846 -0.013289
431600 -2761.49769776 692.04521410 0.443619 7.6026 0.291875 0.183846 0.012479
431700 -2758.63315017 669.01743107 0.428857 7.6026 0.291875 0.183846 0.046019
431800 -2763.75220292 693.43673900 0.444511 7.6026 0.291875 0.183846 0.014991
431900 -2748.53768506 686.56200814 0.440104 7.6026 0.291875 0.183846 -0.027703
432000 -2760.19167423 689.44297813 0.441951 7.6603 0.290899 0.179637 -0.018349
432100 -2752.85550292 697.18236734 0.446912 7.6603 0.290899 0.179637 0.003218
432200 -2754.23287048 682.52804732 0.437518 7.6603 0.290899 0.179637 0.006881
432300 -2744.98672219 706.89594106 0.453138 7.6603 0.290899 0.179637 0.063369
432400 -2754.16678517 699.33172158 0.448290 7.6603 0.290899 0.179637 -0.029395
432500 -2741.65217197 705.51478693 0.452253 7.6667 0.293731 0.176080 0.048998
432600 -2765.85885509 714.28375582 0.457874 7.6667 0.293731 0.176080 -0.109854
432700 -2744.83360976 663.09928931 0.425064 7.6667 0.293731 0.176080 -0.038303
432800 -2759.22812931 687.86439382 0.440939 7.6667 0.293731 0.176080 -0.011894
432900 -2741.76961314 701.52055776 0.449693 7.6667 0.293731 0.176080 -0.004411
433000 -2744.22710628 709.59458197 0.454868 7.6423 0.294009 0.184780 0.052379
433100 -2739.91950817 682.33439092 0.437394 7.6423 0.294009 0.184780 -0.014388
433200 -2753.78448829 720.05843570 0.461576 7.6423 0.294009 0.184780 0.016634
433300 -2770.15920386 673.08595964 0.431465 7.6423 0.294009 0.184780 0.012674
433400 -2757.02448795 696.80472464 0.446670 7.6423 0.294009 0.184780 0.039066
433500 -2741.41606826 660.61615383 0.423472 7.6321 0.288595 0.176270 0.020774
433600 -2753.14427749 690.56557823 0.442670 7.6321 0.288595 0.176270 -0.037246
433700 -2727.44081126 696.02955915 0.446173 7.6321 0.288595 0.176270 0.046549
433800 -2701.39453282 685.37246123 0.439341 7.6321 0.288595 0.176270 0.081236
433900 -2724.62642640 684.18582734 0.438581 7.6321 0.288595 0.176270 -0.066677
434000 -2703.83810370 685.27962113 0.439282 7.6513 0.288257 0.182097 0.083086
434100 -2713.40871311 661.98745713 0.424351 7.6513 0.288257 0.182097 0.040101
434200 -2734.27961781 679.80917425 0.435775 7.6513 0.288257 0.182097 0.032905
434300 -2738.92345545 680.60556338 0.436286 7.6513 0.288257 0.182097 -0.032694
434400 -2749.15809408 692.96320002 0.444207 7.6513 0.288257 0.182097 -0.024326
434500 -2738.88709444 685.63030774 0.439507 7.6115 0.290298 0.177654 -0.075968
434600 -2715.18368704 702.74111965 0.450475 7.6115 0.290298 0.177654 0.053667
434700 -2728.56806996 735.90591159 0.471735 7.6115 0.290298 0.177654 0.037064
434800 -2730.52805327 705.23482491 0.452074 7.6115 0.290298 0.177654 0.055392
434900 -2734.25055724 682.03716745 0.437203 7.6115 0.290298 0.177654 0.030421
435000 -2747.17287722 682.09302973 0.437239 7.6538 0.287959 0.174765 -0.036122
435100 -2726.32308884 683.26904224 0.437993 7.6538 0.287959 0.174765 0.042413
435200 -2745.83932256 685.24390506 0.439259 7.6538 0.287959 0.174765 0.030393
435300 -2730.38508089 700.83777118 0.449255 7.6538 0.287959 0.174765 0.022474
435400 -2707.07413317 676.35217106 0.433559 7.6538 0.287959 0.174765 0.007268
435500 -2709.51652648 685.83646888 0.439639 7.5128 0.291839 0.180093 -0.043824
435600 -2682.69446217 668.68751673 0.428646 7.5128 0.291839 0.180093 -0.021883
435700 -2699.83620387 688.89284562 0.441598 7.5128 0.291839 0.180093 0.034138
435800 -2700.58599140 695.50223113 0.445835 7.5128 0.291839 0.180093 0.025755
435900 -2700.46828225 683.33170298 0.438033 7.5128 0.291839 0.180093 -0.001159
436000 -2707.56335568 685.09457530 0.439163 7.6321 0.282557 0.180823 0.035325
436100 -2713.33593311 671.01117146 0.430135 7.6321 0.282557 0.180823 0.012198
436200 -2714.60044207 669.33336328 0.429060 7.6321 0.282557 0.180823 0.011538
436300 -2738.04996287 709.87487981 0.455048 7.6321 0.282557 0.180823 -0.058146
436400 -2732.64059739 697.03240602 0.446816 7.6321 0.282557 0.180823 -0.018477
436500 -2717.51547073 673.82094117 0.431937 7.6346 0.286931 0.182859 -0.000524
436600 -2724.88297633 709.58230464 0.454860 7.6346 0.286931 0.182859 -0.027995
436700 -2721.72050516 711.54742476 0.456120 7.6346 0.286931 0.182859 -0.042594
436800 -2716.79641896 722.78521719 0.463324 7.6346 0.286931 0.182859 0.047886
436900 -2725.26696728 710.39783192 0.455383 7.6346 0.286931 0.182859 0.030597
437000 -2744.55010093 707.98658044 0.453838 7.6372 0.291364 0.182583 -0.077843
437100 -2729.34644071 678.69791350 0.435063 7.6372 0.291364 0.182583 -0.072199
437200 -2709.39896011 665.99744796 0.426921 7.6372 0.291364 0.182583 -0.036058
437300 -2731.42994754 687.16663152 0.440491 7.6372 0.291364 0.182583 0.034890
437400 -2740.30804116 683.27154060 0.437995 7.6372 0.291364 0.182583 0.030127
437500 -2757.41699519 710.21449144 0.455266 7.7013 0.287086 0.181970 -0.012025
437600 -2720.63199702 652.00084788 0.417949 7.7013 0.287086 0.181970 0.024892
437700 -2731.29281775 673.92709068 0.432005 7.7013 0.287086 0.181970 0.008983
437800 -2709.74324725 698.60673883 0.447825 7.7013 0.287086 0.181970 -0.008855
437900 -2716.73291541 704.92817436 0.451877 7.7013 0.287086 0.181970 0.037665
438000 -2696.89530479 694.66262914 0.445297 7.6026 0.296452 0.180722 0.034338
438100 -2687.74383733 687.81575216 0.440908 7.6026 0.296452 0.180722 0.012325
438200 -2706.48435127 692.27937529 0.443769 7.6026 0.296452 0.180722 -0.133641
438300 -2681.66693370 670.22353973 0.429630 7.6026 0.296452 0.180722 -0.061092
438400 -2704.89520248 679.46820622 0.435557 7.6026 0.296452 0.180722 -0.061210
438500 -2709.94775098 694.48391428 0.445182 7.5821 0.289534 0.183312 -0.021805
438600 -2714.15372955 690.33860462 0.442525 7.5821 0.289534 0.183312 -0.004024
438700 -2707.01844839 683.03808075 0.437845 7.5821 0.289534 0.183312 0.023832
438800 -2694.59865963 688.40806140 0.441287 7.5821 0.289534 0.183312 -0.000092
438900 -2722.58981411 672.51161576 0.431097 7.5821 0.289534 0.183312 0.014758
439000 -2718.97797218 665.08317562 0.426335 7.6962 0.274946 0.176232 0.072838
439100 -2720.51907853 677.72302494 0.434438 7.6962 0.274946 0.176232 -0.003268
439200 -2716.57777734 672.72327463 0.431233 7.6962 0.274946 0.176232 -0.042722
439300 -2735.26155011 666.01540712 0.426933 7.6962 0.274946 0.176232 0.000761
439400 -2721.34451053 654.38640731 0.419478 7.6962 0.274946 0.176232 0.036906
439500 -2704.24430466 669.60395170 0.429233 7.5821 0.281621 0.185505 0.047559
439600 -2706.84995975 686.60160305 0.440129 7.5821 0.281621 0.185505 0.048356
439700 -2719.41227042 699.06566239 0.448119 7.5821 0.281621 0.185505 0.071202
439800 -2716.50964045 679.33503118 0.435471 7.5821 0.281621 0.185505 0.068404
439900 -2751.82384570 725.34577536 0.464965 7.5821 0.281621 0.185505 0.035843
440000 -2746.93864110 687.13793126 0.440473 7.7231 0.285649 0.177046 0.001585
440100 -2738.75301117 692.90417767 0.444169 7.7231 0.285649 0.177046 0.006845
440200 -2749.24920246 671.27817917 0.430307 7.7231 0.285649 0.177046 -0.024724
440300 -2740.92363179 668.42739820 0.428479 7.7231 0.285649 0.177046 0.023596
440400 -2743.32252603 659.49485705 0.422753 7.7231 0.285649 0.177046 -0.047790
440500 -2740.62990476 659.97938102 0.423064 7.6295 0.287170 0.177559 -0.068419
440600 -2726.77750756 674.02839131 0.432069 7.6295 0.287170 0.177559 -0.035182
440700 -2743.00786908 684.04320568 0.438489 7.6295 0.287170 0.177559 0.000645
440800 -2752.78703319 697.13465260 0.446881 7.6295 0.287170 0.177559 -0.009405
440900 -2752.28234504 691.37651202 0.443190 7.6295 0.287170 0.177559 0.037541
441000 -2730.48652475 675.50134381 0.433014 7.7782 0.287453 0.175756 0.062040
441100 -2730.66114956 680.78417248 0.436400 7.7782 0.287453 0.175756 -0.020652
441200 -2722.27892317 688.59626037 0.441408 7.7782 0.287453 0.175756 -0.010383
441300 -2721.44020999 662.02691907 0.424376 7.7782 0.287453 0.175756 -0.036998
441400 -2730.13521797 684.86076583 0.439013 7.7782 0.287453 0.175756 -0.000910
441500 -2721.87544879 712.66726124 0.456838 7.7423 0.285174 0.182283 0.095288
441600 -2729.77942991 695.13051744 0.445596 7.7423 0.285174 0.182283 -0.010130
441700 -2716.63058400 682.26317982 0.437348 7.7423 0.285174 0.182283 -0.050578
441800 -2725.25369015 662.52190536 0.424694 7.7423 0.285174 0.182283 -0.074908
441900 -2721.47005542 685.90074202 0.439680 7.7423 0.285174 0.182283 0.002568
442000 -2703.72603163 653.29978507 0.418782 7.5782 0.297313 0.180095 -0.060200
442100 -2707.74617681 679.36689108 0.435492 7.5782 0.297313 0.180095 -0.013280
442200 -2723.72051697 682.71877858 0.437640 7.5782 0.297313 0.180095 0.004800
442300 -2730.11458878 680.69978181 0.436346 7.5782 0.297313 0.180095 -0.031699
442400 -2715.23595633 694.44787992 0.445159 7.5782 0.297313 0.180095 -0.012142
442500 -2736.38177116 676.34683009 0.433556 7.6359 0.288395 0.180551 0.008401
442600 -2747.46559817 681.88163683 0.437104 7.6359 0.288395 0.180551 -0.015837
442700 -2733.95259239 666.97800227 0.427550 7.6359 0.288395 0.180551 0.012576
442800 -2751.94186110 663.13449286 0.425086 7.6359 0.288395 0.180551 -0.007775
442900 -2741.02896956 640.25785266 0.410422 7.6359 0.288395 0.180551 -0.015245
443000 -2772.61500634 689.43211055 0.441944 7.7846 0.278741 0.180709 0.015491
443100 -2775.48572783 660.79383914 0.423586 7.7846 0.278741 0.180709 -0.018129
443200 -2765.70515653 670.48243164 0.429796 7.7846 0.278741 0.180709 0.017621
443300 -2774.05507802 671.14497480 0.430221 7.7846 0.278741 0.180709 -0.013514
443400 -2747.04670695 659.28423118 0.422618 7.7846 0.278741 0.180709 0.056254
443500 -2773.74263232 715.92231536 0.458925 7.6910 0.287285 0.184466 0.000770
443600 -2741.24780801 674.81901852 0.432576 7.6910 0.287285 0.184466 0.012972
443700 -2750.62726019 708.19850800 0.453973 7.6910 0.287285 0.184466 -0.015325
443800 -2768.89281568 681.56303148 0.436899 7.6910 0.287285 0.184466 -0.048371
443900 -2754.43588990 680.75658911 0.436382 7.6910 0.287285 0.184466 0.002195
444000 -2743.12727978 672.42041333 0.431039 7.6590 0.286078 0.174484 0.000228
444100 -2733.72738180 664.15730922 0.425742 7.6590 0.286078 0.174484 -0.045908
444200 -2722.08397648 683.03639516 0.437844 7.6590 0.286078 0.174484 0.022395
444300 -2699.76282907 651.75968013 0.417795 7.6590 0.286078 0.174484 0.024068
444400 -2719.44230762 689.85570981 0.442215 7.6590 0.286078 0.174484 -0.024233
444500 -2719.57167707 696.88326538 0.446720 7.6859 0.281857 0.182947 -0.009363
444600 -2718.24747290 714.82214221 0.458219 7.6859 0.281857 0.182947 -0.058567
444700 -2694.34803148 677.74422540 0.434451 7.6859 0.281857 0.182947 0.075637
444800 -2699.63626786 692.62406976 0.443990 7.6859 0.281857 0.182947 -0.003847
444900 -2724.23040126 737.55110893 0.472789 7.6859 0.281857 0.182947 -0.000831
445000 -2729.27025968 723.64130184 0.463873 7.6667 0.289922 0.177988 -0.052131
445100 -2720.38630342 710.06354210 0.455169 7.6667 0.289922 0.177988 -0.002031
445200 -2730.90532901 729.71038794 0.467763 7.6667 0.289922 0.177988 0.021076
445300 -2717.72867128 698.82776838 0.447967 7.6667 0.289922 0.177988 0.056964
445400 -2745.83097151 716.41650709 0.459241 7.6667 0.289922 0.177988 -0.017208
445500 -2712.10693871 663.15910451 0.425102 7.7090 0.286273 0.188659 0.048739
445600 -2737.61924547 700.21142769 0.448853 7.7090 0.286273 0.188659 -0.014286
445700 -2731.46320237 687.69201009 0.440828 7.7090 0.286273 0.188659 -0.004150
445800 -2729.25960858 686.59469171 0.440125 7.7090 0.286273 0.188659 -0.075026
445900 -2705.51930113 720.66634039 0.461966 7.7090 0.286273 0.188659 0.035241
446000 -2691.79682673 694.63687427 0.445280 7.6949 0.286873 0.181183 0.014747
446100 -2725.65344507 711.16424286 0.455875 7.6949 0.286873 0.181183 -0.006839
446200 -2711.69006465 690.12997005 0.442391 7.6949 0.286873 0.181183 -0.027518
446300 -2706.83081038 682.65354590 0.437598 7.6949 0.286873 0.181183 -0.030127
446400 -2716.98662317 690.26062191 0.442475 7.6949 0.286873 0.181183 -0.067087
446500 -2706.30403572 674.54630391 0.432401 7.7090 0.287627 0.192297 0.034852
446600 -2715.82923190 694.71178496 0.445328 7.7090 0.287627 0.192297 0.049046
446700 -2722.71188944 677.56544139 0.434337 7.7090 0.287627 0.192297 0.010195
446800 -2717.54484940 657.72840050 0.421621 7.7090 0.287627 0.192297 0.098619
446900 -2760.53188142 677.98987785 0.434609 7.7090 0.287627 0.192297 -0.030762
447000 -2767.29024325 692.91949762 0.444179 7.7769 0.278804 0.179168 0.025265
447100 -2773.04489806 701.93587386 0.449959 7.7769 0.278804 0.179168 -0.039113
447200 -2772.80028027 667.17412228 0.427676 7.7769 0.278804 0.179168 0.002038
447300 -2806.78581661 664.83291733 0.426175 7.7769 0.278804 0.179168 0.024685
447400 -2817.04440027 683.14784351 0.437915 7.7769 0.278804 0.179168 0.013094
447500 -2773.41788939 665.41403121 0.426547 7.9192 0.287768 0.175914 0.051633
447600 -2788.62545222 670.90174048 0.430065 7.9192 0.287768 0.175914 -0.005079
447700 -2762.51469576 684.80217429 0.438976 7.9192 0.287768 0.175914 0.046489
447800 -2760.46551985 657.87169256 0.421713 7.9192 0.287768 0.175914 0.044072
447900 -2789.97744339 678.39547320 0.434869 7.9192 0.287768 0.175914 0.020161
448000 -2770.96292640 671.98153797 0.430757 7.8603 0.289295 0.177161 -0.007176
448100 -2773.74823783 707.48237970 0.453514 7.8603 0.289295 0.177161 0.008767
448200 -2739.14859020 708.40603434 0.454106 7.8603 0.289295 0.177161 0.056061
448300 -2739.27862447 678.80667048 0.435132 7.8603 0.289295 0.177161 -0.044134
448400 -2762.08893217 671.69150881 0.430571 7.8603 0.289295 0.177161 -0.001036
448500 -2757.20582414 665.17601392 0.426395 7.8064 0.282609 0.168720 -0.024405
448600 -2759.69154247 712.41134611 0.456674 7.8064 0.282609 0.168720 0.096559
448700 -2782.35273313 685.39809392 0.439358 7.8064 0.282609 0.168720 -0.038557
448800 -2784.02903670 673.13537073 0.431497 7.8064 0.282609 0.168720 -0.027836
448900 -2800.53353866 698.13071338 0.447520 7.8064 0.282609 0.168720 -0.038423
449000 -2787.75369759 686.88808434 0.440313 7.8654 0.275791 0.170227 0.016059
449100 -2774.93487373 699.64627886 0.448491 7.8654 0.275791 0.170227 0.058630
449200 -2786.67556161 701.66964024 0.449788 7.8654 0.275791 0.170227 0.097401
449300 -2788.41974141 682.46567614 0.437478 7.8654 0.275791 0.170227 -0.038424
449400 -2788.09872185 680.64364713 0.436310 7.8654 0.275791 0.170227 -0.019808
449500 -2796.70514558 690.01042655 0.442314 7.8962 0.275047 0.174643 0.013419
449600 -2782.00838961 674.21397149 0.432188 7.8962 0.275047 0.174643 -0.001505
449700 -2774.09793895 657.34818324 0.421377 7.8962 0.275047 0.174643 -0.070648
449800 -2774.62292117 683.23871687 0.437974 7.8962 0.275047 0.174643 -0.048206
449900 -2767.89781834 683.32349296 0.438028 7.8962 0.275047 0.174643 -0.031525
450000 -2774.96192090 685.04469950 0.439131 7.9397 0.273687 0.170720 0.045660
450100 -2770.78197617 654.52324808 0.419566 7.9397 0.273687 0.170720 0.068816
450200 -2773.52335724 677.82976770 0.434506 7.9397 0.273687 0.170720 0.038948
450300 -2781.47368680 694.43263420 0.445149 7.9397 0.273687 0.170720 -0.040093
450400 -2779.76305934 708.56260345 0.454207 7.9397 0.273687 0.170720 -0.014460
450500 -2770.24365359 670.08165935 0.429540 7.8808 0.284253 0.174261 -0.025055
450600 -2777.01689181 682.86679551 0.437735 7.8808 0.284253 0.174261 -0.074205
450700 -2783.03164730 688.38949435 0.441275 7.8808 0.284253 0.174261 0.028441
450800 -2779.88871489 668.18948298 0.428327 7.8808 0.284253 0.174261 -0.030352
450900 -2785.57304010 671.81837917 0.430653 7.8808 0.284253 0.174261 0.009430
451000 -2773.30176866 665.19920337 0.426410 7.9192 0.274353 0.173564 0.015173
451100 -2781.05668220 680.58840089 0.436275 7.9192 0.274353 0.173564 0.008019
451200 -2800.09549452 672.52370039 0.431105 7.9192 0.274353 0.173564 0.053176
451300 -2811.17796431 688.74098170 0.441501 7.9192 0.274353 0.173564 0.033614
451400 -2815.91024519 701.72494753 0.449824 7.9192 0.274353 0.173564 0.037912
451500 -2791.09488647 686.56452518 0.440105 7.8949 0.277977 0.174715 -0.013987
451600 -2785.35947508 710.85137674 0.455674 7.8949 0.277977 0.174715 0.001841
451700 -2771.51915374 695.82293410 0.446040 7.8949 0.277977 0.174715 0.063100
451800 -2760.40539059 697.17726649 0.446909 7.8949 0.277977 0.174715 0.011977
451900 -2773.48467003 680.25029224 0.436058 7.8949 0.277977 0.174715 -0.046006
452000 -2778.91628732 672.86428045 0.431323 7.9654 0.272017 0.170673 0.047549
452100 -2801.86682700 692.09613194 0.443651 7.9654 0.272017 0.170673 0.064453
452200 -2786.37731877 679.50169486 0.435578 7.9654 0.272017 0.170673 0.031654
452300 -2806.96183959 743.32559297 0.476491 7.9654 0.272017 0.170673 0.038072
452400 -2787.84303255 700.82237522 0.449245 7.9654 0.272017 0.170673 0.064623
452500 -2805.40727593 687.56671089 0.440748 8.0282 0.274763 0.173511 -0.013617
452600 -2803.66551439 686.35510932 0.439971 8.0282 0.274763 0.173511 0.016936
452700 -2801.19101441 647.69350667 0.415188 8.0282 0.274763 0.173511 -0.027266
452800 -2789.62121628 670.46304612 0.429784 8.0282 0.274763 0.173511 0.035610
452900 -2799.15770853 692.63894808 0.443999 8.0282 0.274763 0.173511 0.014956
453000 -2798.78941849 685.14254692 0.439194 8.0038 0.274213 0.174066 -0.008952
453100 -2782.84268138 665.32983567 0.426493 8.0038 0.274213 0.174066 0.066959
453200 -2783.13098882 681.20387072 0.436669 8.0038 0.274213 0.174066 0.004400
453300 -2785.17790774 705.12964387 0.452006 8.0038 0.274213 0.174066 0.122952
453400 -2780.10178676 706.24879269 0.452724 8.0038 0.274213 0.174066 0.120953
453500 -2781.08599206 692.47564751 0.443895 8.0910 0.271547 0.168621 0.032481
453600 -2790.28085314 687.73907570 0.440858 8.0910 0.271547 0.168621 -0.028890
453700 -2823.11413367 693.11195089 0.444303 8.0910 0.271547 0.168621 -0.042041
453800 -2792.89799691 680.47183628 0.436200 8.0910 0.271547 0.168621 0.010253
453900 -2804.50522935 696.10559296 0.446222 8.0910 0.271547 0.168621 -0.006864
454000 -2801.06456200 700.34311244 0.448938 8.0231 0.272714 0.166167 0.017450
454100 -2780.39445626 697.07615489 0.446844 8.0231 0.272714 0.166167 0.040773
454200 -2793.32676245 735.29592116 0.471344 8.0231 0.272714 0.166167 0.000198
454300 -2766.99834875 691.97397063 0.443573 8.0231 0.272714 0.166167 0.058719
454400 -2742.98926149 690.17901095 0.442422 8.0231 0.272714 0.166167 0.052890
454500 -2752.34376148 662.93227778 0.424957 7.9692 0.279234 0.174063 -0.062560
454600 -2779.38581019 709.59688769 0.454870 7.9692 0.279234 0.174063 -0.037091
454700 -2770.75608540 710.52131927 0.455462 7.9692 0.279234 0.174063 -0.035399
454800 -2740.37852434 702.47227553 0.450303 7.9692 0.279234 0.174063 0.052914
454900 -2730.78717035 661.77052220 0.424212 7.9692 0.279234 0.174063 0.021694
455000 -2758.05662684 687.13215927 0.440469 8.0385 0.267321 0.172050 -0.038004
455100 -2782.95744917 674.25233909 0.432213 8.0385 0.267321 0.172050 -0.051468
455200 -2802.58093637 697.13370669 0.446881 8.0385 0.267321 0.172050 -0.025159
455300 -2796.61842189 680.82844580 0.436428 8.0385 0.267321 0.172050 -0.001952
455400 -2762.20923426 678.46785124 0.434915 8.0385 0.267321 0.172050 0.040849
455500 -2768.79614043 700.98983303 0.449352 8.0654 0.268198 0.167884 0.030767
455600 -2761.58130249 698.04952727 0.447468 8.0654 0.268198 0.167884 0.007271
455700 -2730.78463431 661.22895473 0.423865 8.0654 0.268198 0.167884 0.026008
455800 -2736.07268516 703.81083503 0.451161 8.0654 0.268198 0.167884 0.027250
455900 -2752.32046138 682.01649507 0.437190 8.0654 0.268198 0.167884 0.011106
456000 -2755.39120810 677.13588317 0.434061 7.9603 0.271259 0.175592 -0.051719
456100 -2759.40901749 704.43370996 0.451560 7.9603 0.271259 0.175592 0.064547
456200 -2761.89240227 693.96385021 0.444849 7.9603 0.271259 0.175592 0.050786
456300 -2781.19056762 693.32699424 0.444440 7.9603 0.271259 0.175592 -0.029635
456400 -2782.92215527 657.12718850 0.421235 7.9603 0.271259 0.175592 0.008981
456500 -2768.46047274 656.49704697 0.420831 7.9628 0.273426 0.177492 0.026939
456600 -2763.81458493 659.78907522 0.422942 7.9628 0.273426 0.177492 -0.055640
456700 -2741.63089205 636.11698583 0.407767 7.9628 0.273426 0.177492 -0.021328
456800 -2753.81877294 635.68229298 0.407489 7.9628 0.273426 0.177492 0.020666
456900 -2761.24190463 667.72755218 0.428030 7.9628 0.273426 0.177492 0.038946
457000 -2779.70009269 691.73276072 0.443418 8.0397 0.268998 0.175064 -0.021142
457100 -2795.60808648 717.06384173 0.459656 8.0397 0.268998 0.175064 0.002256
457200 -2773.03088490 685.30369430 0.439297 8.0397 0.268998 0.175064 0.018629
457300 -2761.17775331 662.91660151 0.424947 8.0397 0.268998 0.175064 -0.004616
457400 -2732.29273110 666.27675141 0.427100 8.0397 0.268998 0.175064 -0.035231
457500 -2731.73259579 688.53223823 0.441367 7.9385 0.274656 0.174305 0.027337
457600 -2754.14724775 668.32421124 0.428413 7.9385 0.274656 0.174305 -0.014280
457700 -2758.85083897 673.77130908 0.431905 7.9385 0.274656 0.174305 -0.055020
457800 -2744.91951423 672.48331550 0.431079 7.9385 0.274656 0.174305 -0.043982
457900 -2752.24975752 696.37228280 0.446392 7.9385 0.274656 0.174305 0.040344
458000 -2747.89842663 669.41910641 0.429115 7.9974 0.276946 0.172342 0.027029
458100 -2737.07052776 658.61353549 0.422188 7.9974 0.276946 0.172342 0.015015
458200 -2749.11245306 698.19382540 0.447560 7.9974 0.276946 0.172342 -0.023226
458300 -2741.20822526 695.91053165 0.446096 7.9974 0.276946 0.172342 0.089324
458400 -2736.00979762 701.49156486 0.449674 7.9974 0.276946 0.172342 0.015065
458500 -2746.66878313 707.88365612 0.453772 8.0013 0.273511 0.175516 0.072748
458600 -2767.61100632 729.63970615 0.467718 8.0013 0.273511 0.175516 0.044712
458700 -2760.97614289 682.40741512 0.437441 8.0013 0.273511 0.175516 0.062088
458800 -2753.96721417 684.63503610 0.438869 8.0013 0.273511 0.175516 0.028153
458900 -2751.38398649 688.90732741 0.441607 8.0013 0.273511 0.175516 0.054233
459000 -2758.25858404 664.02390718 0.425656 7.9923 0.270728 0.173747 0.026740
459100 -2766.51946065 699.53742690 0.448421 7.9923 0.270728 0.173747 0.012254
459200 -2774.91557535 689.61594910 0.442062 7.9923 0.270728 0.173747 -0.019675
459300 -2768.23651088 692.14710657 0.443684 7.9923 0.270728 0.173747 -0.012872
459400 -2759.75658021 674.96301096 0.432669 7.9923 0.270728 0.173747 0.002695
459500 -2745.28057298 646.62356342 0.414502 7.9846 0.274102 0.177213 0.012950
459600 -2769.71875222 679.57301067 0.435624 7.9846 0.274102 0.177213 -0.034742
459700 -2765.05113975 676.72779721 0.433800 7.9846 0.274102 0.177213 0.031363
459800 -2782.56423573 669.87955535 0.429410 7.9846 0.274102 0.177213 -0.016371
459900 -2775.76420388 687.46575026 0.440683 7.9846 0.274102 0.177213 -0.052466
460000 -2739.86545849 683.60675547 0.438209 7.9603 0.267900 0.175822 0.076107
460100 -2742.62856820 674.77947226 0.432551 7.9603 0.267900 0.175822 -0.051432
460200 -2765.52478718 707.50179375 0.453527 7.9603 0.267900 0.175822 -0.020550
460300 -2746.07542330 684.01827931 0.438473 7.9603 0.267900 0.175822 0.037259
460400 -2757.45813437 678.27462085 0.434791 7.9603 0.267900 0.175822 -0.025934
460500 -2750.97725770 660.54209602 0.423424 7.9769 0.273530 0.181795 -0.006494
460600 -2734.02496041 649.17910629 0.416140 7.9769 0.273530 0.181795 0.023789
460700 -2726.34401304 664.85777772 0.426191 7.9769 0.273530 0.181795 0.058380
460800 -2745.79930963 686.05213500 0.439777 7.9769 0.273530 0.181795 0.013398
460900 -2752.34435103 708.19284931 0.453970 7.9769 0.273530 0.181795 0.022027
461000 -2767.55179790 709.27277292 0.454662 8.0808 0.271358 0.175232 0.003535
461100 -2759.30655669 657.71872177 0.421615 8.0808 0.271358 0.175232 -0.005972
461200 -2770.89677098 628.56161226 0.402924 8.0808 0.271358 0.175232 -0.085513
461300 -2779.93597155 658.67362239 0.422227 8.0808 0.271358 0.175232 -0.034831
461400 -2767.66002875 684.86633793 0.439017 8.0808 0.271358 0.175232 0.084830
461500 -2782.98005298 654.64396427 0.419644 8.1179 0.267931 0.174565 0.049500
461600 -2804.71454642 698.10455015 0.447503 8.1179 0.267931 0.174565 -0.030042
461700 -2783.09586536 700.62735466 0.449120 8.1179 0.267931 0.174565 -0.003388
461800 -2779.46748061 707.26536153 0.453375 8.1179 0.267931 0.174565 0.027013
461900 -2752.80287451 690.13733763 0.442396 8.1179 0.267931 0.174565 0.076680
462000 -2763.37963422 675.10123716 0.432757 7.9513 0.281860 0.174002 -0.050948
462100 -2771.17714397 668.50091835 0.428526 7.9513 0.281860 0.174002 -0.008180
462200 -2751.43142384 659.08762549 0.422492 7.9513 0.281860 0.174002 0.049531
462300 -2771.81759217 715.03549647 0.458356 7.9513 0.281860 0.174002 0.024549
462400 -2774.72823794 667.59929314 0.427948 7.9513 0.281860 0.174002 -0.036013
462500 -2784.89912732 658.54340199 0.422143 8.0167 0.275195 0.180472 -0.013427
462600 -2762.41178678 672.31981677 0.430974 8.0167 0.275195 0.180472 0.089190
462700 -2801.52475631 690.21629486 0.442446 8.0167 0.275195 0.180472 -0.000384
462800 -2782.76165578 687.02322191 0.440400 8.0167 0.275195 0.180472 0.049851
462900 -2773.92125630 669.87288481 0.429406 8.0167 0.275195 0.180472 0.037838
463000 -2798.98483921 666.74714909 0.427402 8.0795 0.276167 0.174666 0.024932
463100 -2788.80600172 678.05496829 0.434651 8.0795 0.276167 0.174666 0.051831
463200 -2789.97405918 708.40832507 0.454108 8.0795 0.276167 0.174666 -0.072307
463300 -2799.13676513 680.14882993 0.435993 8.0795 0.276167 0.174666 -0.044277
463400 -2792.59039756 676.00023095 0.433333 8.0795 0.276167 0.174666 -0.008468
463500 -2776.04155165 661.39990492 0.423974 7.9974 0.269337 0.177054 -0.046602
463600 -2780.40762304 685.95745478 0.439716 7.9974 0.269337 0.177054 0.043545
463700 -2768.06743898 656.79055330 0.421020 7.9974 0.269337 0.177054 0.004940
463800 -2755.76357315 668.98418586 0.428836 7.9974 0.269337 0.177054 0.041171
463900 -2776.94102338 699.47045365 0.448378 7.9974 0.269337 0.177054 0.004963
464000 -2725.54181465 671.09424700 0.430189 7.9513 0.273700 0.174899 0.031233
464100 -2719.62128379 669.95939876 0.429461 7.9513 0.273700 0.174899 -0.005043
464200 -2715.55293594 675.94749381 0.433300 7.9513 0.273700 0.174899 0.088671
464300 -2748.31015776 684.55431556 0.438817 7.9513 0.273700 0.174899 -0.031712
464400 -2716.86271809 674.48049391 0.432359 7.9513 0.273700 0.174899 0.052812
464500 -2756.20740750 704.87620565 0.451844 7.9872 0.271757 0.176739 0.011900
464600 -2741.77883769 700.71618444 0.449177 7.9872 0.271757 0.176739 0.029521
464700 -2740.39879258 697.56898418 0.447160 7.9872 0.271757 0.176739 0.051421
464800 -2749.15321111 702.98776734 0.450633 7.9872 0.271757 0.176739 0.021715
464900 -2768.06229749 699.34324929 0.448297 7.9872 0.271757 0.176739 -0.041422
465000 -2755.29729373 689.57592859 0.442036 8.0372 0.275044 0.179640 0.048053
465100 -2759.37738600 680.30329541 0.436092 8.0372 0.275044 0.179640 -0.035575
465200 -2742.77473889 648.91777520 0.415973 8.0372 0.275044 0.179640 0.005791
465300 -2748.09005786 686.40396140 0.440003 8.0372 0.275044 0.179640 0.007852
465400 -2756.83391319 679.61292255 0.435649 8.0372 0.275044 0.179640 -0.042969
465500 -2768.09895877 682.58710590 0.437556 8.0756 0.259648 0.173334 0.053496
465600 -2780.26066335 685.93043791 0.439699 8.0756 0.259648 0.173334 0.025949
465700 -2774.76458424 687.11199727 0.440456 8.0756 0.259648 0.173334 0.049824
465800 -2788.84924142 700.16606007 0.448824 8.0756 0.259648 0.173334 -0.009594
465900 -2760.06045342 662.00086194 0.424360 8.0756 0.259648 0.173334 0.055211
466000 -2776.62352609 673.08577101 0.431465 8.0372 0.267320 0.174707 -0.064251
466100 -2783.81006712 679.31838872 0.435461 8.0372 0.267320 0.174707 0.010494
466200 -2798.44124158 681.08274746 0.436592 8.0372 0.267320 0.174707 -0.000358
466300 -2799.83534030 683.21282796 0.437957 8.0372 0.267320 0.174707 0.057573
466400 -2782.73005491 678.77081630 0.435109 8.0372 0.267320 0.174707 -0.005642
466500 -2781.59853412 666.93431905 0.427522 8.0936 0.261397 0.174013 -0.031454
466600 -2769.38715846 669.24889696 0.429006 8.0936 0.261397 0.174013 -0.038238
466700 -2735.12258441 679.23947848 0.435410 8.0936 0.261397 0.174013 0.031291
466800 -2745.45178570 675.08316787 0.432746 8.0936 0.261397 0.174013 -0.016389
466900 -2764.36034472 655.34652182 0.420094 8.0936 0.261397 0.174013 0.000444
467000 -2785.28080419 683.32257920 0.438027 8.1077 0.274693 0.176091 0.004424
467100 -2787.04692437 699.20054337 0.448205 8.1077 0.274693 0.176091 -0.053191
467200 -2780.70553689 689.51604465 0.441997 8.1077 0.274693 0.176091 0.043602
467300 -2756.56914730 646.57711941 0.414473 8.1077 0.274693 0.176091 0.034779
467400 -2775.94896113 671.21472276 0.430266 8.1077 0.274693 0.176091 0.004509
467500 -2767.88711705 689.63813816 0.442076 8.0885 0.268780 0.178370 0.043177
467600 -2764.28384691 674.17720943 0.432165 8.0885 0.268780 0.178370 0.035888
467700 -2771.66655091 693.21411899 0.444368 8.0885 0.268780 0.178370 0.041330
467800 -2782.02275277 703.69047693 0.451084 8.0885 0.268780 0.178370 0.058243
467900 -2775.68048749 693.17773565 0.444345 8.0885 0.268780 0.178370 0.001970
468000 -2766.21309794 705.44925510 0.452211 8.1090 0.266309 0.173389 0.002142
468100 -2735.88380791 670.43598644 0.429767 8.1090 0.266309 0.173389 0.062654
468200 -2749.34415587 666.73008631 0.427391 8.1090 0.266309 0.173389 -0.059097
468300 -2757.94047205 698.47925696 0.447743 8.1090 0.266309 0.173389 -0.003550
468400 -2763.71867434 694.42380858 0.445143 8.1090 0.266309 0.173389 0.021596
468500 -2762.15462178 686.62818643 0.440146 8.0923 0.274902 0.178584 0.003917
468600 -2764.56296663 681.98588047 0.437170 8.0923 0.274902 0.178584 0.032825
468700 -2770.86092685 677.73373335 0.434445 8.0923 0.274902 0.178584 0.005413
468800 -2757.68222699 666.00124225 0.426924 8.0923 0.274902 0.178584 0.031512
468900 -2788.91633067 669.17663062 0.428959 8.0923 0.274902 0.178584 -0.048703
469000 -2755.52200001 672.17962974 0.430884 8.1513 0.264874 0.177252 -0.019349
469100 -2767.92640703 706.04394076 0.452592 8.1513 0.264874 0.177252 0.015925
469200 -2743.53013870 656.01161195 0.420520 8.1513 0.264874 0.177252 0.049078
469300 -2760.04757726 709.74123797 0.454962 8.1513 0.264874 0.177252 -0.011325
469400 -2742.43133537 705.12834713 0.452005 8.1513 0.264874 0.177252 0.056430
469500 -2738.49771303 706.23707713 0.452716 8.1410 0.272999 0.173556 -0.009475
469600 -2732.79116621 668.06218647 0.428245 8.1410 0.272999 0.173556 0.048079
469700 -2756.20013501 673.13902034 0.431499 8.1410 0.272999 0.173556 -0.035642
469800 -2759.50840361 683.79285124 0.438329 8.1410 0.272999 0.173556 0.049803
469900 -2777.32865405 666.97642402 0.427549 8.1410 0.272999 0.173556 0.003282
470000 -2806.44054166 678.11105643 0.434687 8.1590 0.256662 0.173361 -0.075932
470100 -2789.23709328 684.59186779 0.438841 8.1590 0.256662 0.173361 -0.001263
470200 -2767.71699488 706.38168187 0.452809 8.1590 0.256662 0.173361 0.057823
470300 -2766.46243669 688.70466071 0.441477 8.1590 0.256662 0.173361 0.057497
470400 -2779.46569871 708.20044063 0.453975 8.1590 0.256662 0.173361 0.037461
470500 -2748.31134549 672.01229099 0.430777 8.0718 0.271849 0.172593 -0.052388
470600 -2742.61108469 670.12299887 0.429566 8.0718 0.271849 0.172593 -0.031895
470700 -2741.17239734 677.05845081 0.434012 8.0718 0.271849 0.172593 0.011017
470800 -2752.66324237 681.76094360 0.437026 8.0718 0.271849 0.172593 0.006908
470900 -2765.28809340 675.36979227 0.432929 8.0718 0.271849 0.172593 -0.027037
471000 -2752.76065031 678.26479504 0.434785 8.1051 0.271987 0.181192 0.051406
471100 -2749.34078365 654.06323055 0.419271 8.1051 0.271987 0.181192 -0.020222
471200 -2751.85981583 685.07870127 0.439153 8.1051 0.271987 0.181192 -0.003669
471300 -2716.63456442 689.42962822 0.441942 8.1051 0.271987 0.181192 0.049457
471400 -2729.90009067 705.15335756 0.452021 8.1051 0.271987 0.181192 0.029696
471500 -2720.20561219 701.09987700 0.449423 8.0423 0.271069 0.182502 0.065551
471600 -2767.81815765 703.98802713 0.451274 8.0423 0.271069 0.182502 0.043306
471700 -2741.24760180 710.51286040 0.455457 8.0423 0.271069 0.182502 -0.049866
471800 -2732.10744883 698.25572248 0.447600 8.0423 0.271069 0.182502 -0.011526
471900 -2717.41274607 683.45460442 0.438112 8.0423 0.271069 0.182502 0.022083
472000 -2745.99374690 690.52497895 0.442644 8.0513 0.268331 0.180443 -0.060720
472100 -2728.38579531 693.79723665 0.444742 8.0513 0.268331 0.180443 -0.017166
472200 -2729.22161084 670.53337834 0.429829 8.0513 0.268331 0.180443 0.004391
472300 -2735.77572917 681.84991384 0.437083 8.0513 0.268331 0.180443 0.001618
472400 -2729.79672742 689.43440798 0.441945 8.0513 0.268331 0.180443 0.001244
472500 -2716.92122765 696.19138078 0.446277 8.0372 0.275230 0.172884 0.024158
472600 -2718.40428948 688.75007987 0.441506 8.0372 0.275230 0.172884 -0.033513
472700 -2717.67359204 700.10508661 0.448785 8.0372 0.275230 0.172884 0.033735
472800 -2723.78526424 696.83025337 0.446686 8.0372 0.275230 0.172884 0.060147
472900 -2734.32188689 708.64042766 0.454257 8.0372 0.275230 0.172884 0.001739
473000 -2720.01915377 695.60916500 0.445903 8.0808 0.276222 0.176547 0.029361
473100 -2742.46594726 701.73316137 0.449829 8.0808 0.276222 0.176547 -0.028271
473200 -2705.95292163 682.82082805 0.437706 8.0808 0.276222 0.176547 0.045677
473300 -2711.13431631 691.67710786 0.443383 8.0808 0.276222 0.176547 -0.008113
473400 -2696.04447547 690.01561115 0.442318 8.0808 0.276222 0.176547 0.057455
473500 -2704.75017887 657.02458070 0.421170 7.9769 0.272201 0.178101 0.005956
473600 -2721.29531957 665.28992159 0.426468 7.9769 0.272201 0.178101 0.020588
473700 -2733.77327951 700.85017677 0.449263 7.9769 0.272201 0.178101 0.028533
473800 -2706.70040973 709.27913654 0.454666 7.9769 0.272201 0.178101 0.069589
473900 -2732.41533935 707.38304759 0.453451 7.9769 0.272201 0.178101 0.061872
474000 -2709.50928814 705.79162752 0.452431 8.0974 0.266648 0.179464 0.077717
474100 -2730.12925758 716.13927386 0.459064 8.0974 0.266648 0.179464 0.018169
474200 -2701.43542029 691.95165332 0.443559 8.0974 0.266648 0.179464 -0.021227
474300 -2706.50343315 692.94608196 0.444196 8.0974 0.266648 0.179464 -0.026022
474400 -2724.04720663 728.38073429 0.466911 8.0974 0.266648 0.179464 0.003599
474500 -2704.52937782 716.76191600 0.459463 8.0603 0.266245 0.174422 0.039822
474600 -2703.86592414 706.66785327 0.452992 8.0603 0.266245 0.174422 0.009129
474700 -2705.54667782 703.77783892 0.451140 8.0603 0.266245 0.174422 -0.006286
474800 -2715.69084241 706.81729274 0.453088 8.0603 0.266245 0.174422 0.001711
474900 -2730.07990765 707.86978674 0.453763 8.0603 0.266245 0.174422 0.056858
475000 -2742.10010815 693.68507179 0.444670 8.1026 0.271685 0.179687 -0.046777
475100 -2754.03070266 715.77780183 0.458832 8.1026 0.271685 0.179687 0.000945
475200 -2739.41224323 673.48360218 0.431720 8.1026 0.271685 0.179687 0.061744
475300 -2757.34671899 704.53288438 0.451624 8.1026 0.271685 0.179687 -0.028565
475400 -2743.82939314 706.10017685 0.452628 8.1026 0.271685 0.179687 0.040215
475500 -2743.24101084 701.34615990 0.449581 8.1782 0.268310 0.178616 0.008903
475600 -2735.39552579 711.20644902 0.455902 8.1782 0.268310 0.178616 0.016417
475700 -2743.22637642 715.73650501 0.458805 8.1782 0.268310 0.178616 0.034803
475800 -2754.47822067 709.74718067 0.454966 8.1782 0.268310 0.178616 0.074614
475900 -2728.48436486 675.89787960 0.433268 8.1782 0.268310 0.178616 0.088560
476000 -2744.31114232 686.52508665 0.440080 8.2308 0.264102 0.178051 0.039729
476100 -2766.39732345 682.35081874 0.437404 8.2308 0.264102 0.178051 0.010430
476200 -2762.26112953 673.72086265 0.431872 8.2308 0.264102 0.178051 0.060727
476300 -2758.89477624 672.83013962 0.431301 8.2308 0.264102 0.178051 -0.011502
476400 -2743.14118064 625.29777710 0.400832 8.2308 0.264102 0.178051 -0.047520
476500 -2748.51165227 665.63895924 0.426692 8.0769 0.271629 0.176142 -0.072459
476600 -2742.28365327 669.18065520 0.428962 8.0769 0.271629 0.176142 0.028512
476700 -2735.57179127 678.62731518 0.435018 8.0769 0.271629 0.176142 0.053992
476800 -2724.04797902 686.46193295 0.440040 8.0769 0.271629 0.176142 -0.000835
476900 -2742.05167858 669.73335145 0.429316 8.0769 0.271629 0.176142 -0.040505
477000 -2749.47565167 627.85687772 0.402472 8.1077 0.270520 0.179686 0.028862
477100 -2751.76684471 634.45150049 0.406700 8.1077 0.270520 0.179686 -0.053552
477200 -2758.56849123 653.95124671 0.419200 8.1077 0.270520 0.179686 -0.011453
477300 -2735.70444469 646.13318739 0.414188 8.1077 0.270520 0.179686 0.084085
477400 -2734.92615937 684.55248770 0.438816 8.1077 0.270520 0.179686 0.086741
477500 -2741.71013126 698.65304989 0.447855 8.1423 0.273469 0.185007 -0.004110
477600 -2729.77778476 703.34606693 0.450863 8.1423 0.273469 0.185007 -0.020510
477700 -2723.38685877 660.43574603 0.423356 8.1423 0.273469 0.185007 0.055329
477800 -2722.22385340 669.48216929 0.429155 8.1423 0.273469 0.185007 0.057798
477900 -2730.91419796 698.53659127 0.447780 8.1423 0.273469 0.185007 0.066521
478000 -2723.39609171 687.32651131 0.440594 8.1667 0.262757 0.179943 0.047004
478100 -2712.90198849 688.88562933 0.441593 8.1667 0.262757 0.179943 0.024626
478200 -2719.26411025 676.65719684 0.433755 8.1667 0.262757 0.179943 0.041363
478300 -2733.13250084 693.32106201 0.444437 8.1667 0.262757 0.179943 0.012800
478400 -2723.14818061 679.03230633 0.435277 8.1667 0.262757 0.179943 -0.048483
478500 -2728.26480311 689.40142190 0.441924 8.1064 0.266588 0.181301 -0.010140
478600 -2727.56973803 654.34978061 0.419455 8.1064 0.266588 0.181301 0.004524
478700 -2745.19412485 672.95111994 0.431379 8.1064 0.266588 0.181301 -0.009271
478800 -2721.68218099 669.02470475 0.428862 8.1064 0.266588 0.181301 -0.024717
478900 -2730.43281395 687.98849569 0.441018 8.1064 0.266588 0.181301 -0.048346
479000 -2718.76074686 692.28502163 0.443772 8.1231 0.274772 0.182351 0.028318
479100 -2724.92542917 689.82248729 0.442194 8.1231 0.274772 0.182351 -0.015212
479200 -2715.23437117 704.03513886 0.451305 8.1231 0.274772 0.182351 0.052152
479300 -2718.93363705 690.40742798 0.442569 8.1231 0.274772 0.182351 -0.046430
479400 -2714.86550488 690.85927165 0.442859 8.1231 0.274772 0.182351 0.073499
479500 -2708.48067241 662.10111143 0.424424 8.1436 0.271396 0.182473 0.070413
479600 -2710.48468878 638.98887072 0.409608 8.1436 0.271396 0.182473 -0.041900
479700 -2706.61246075 630.53377485 0.404188 8.1436 0.271396 0.182473 0.030807
479800 -2717.67787031 664.73426205 0.426112 8.1436 0.271396 0.182473 0.004727
479900 -2720.76523634 680.18823371 0.436018 8.1436 0.271396 0.182473 -0.016043
480000 -2703.85479010 691.02291694 0.442963 8.1949 0.278427 0.184597 0.049152
480100 -2716.22902694 670.85578011 0.430036 8.1949 0.278427 0.184597 0.036614
480200 -2720.16045376 695.41785676 0.445781 8.1949 0.278427 0.184597 0.019919
480300 -2733.85771308 670.79030696 0.429994 8.1949 0.278427 0.184597 -0.032824
480400 -2725.11724607 678.63821661 0.435024 8.1949 0.278427 0.184597 -0.001367
480500 -2751.49878627 664.08384389 0.425695 8.1526 0.274935 0.181599 -0.019042
480600 -2734.91765719 683.05086957 0.437853 8.1526 0.274935 0.181599 0.070385
480700 -2727.38334653 661.34003667 0.423936 8.1526 0.274935 0.181599 0.076839
480800 -2751.49403638 685.73017171 0.439571 8.1526 0.274935 0.181599 0.032252
480900 -2753.85780420 685.39473252 0.439356 8.1526 0.274935 0.181599 0.019527
481000 -2748.88996827 664.33974543 0.425859 8.1923 0.274537 0.181252 0.007496
481100 -2765.30655276 677.60541857 0.434362 8.1923 0.274537 0.181252 0.029082
481200 -2755.14720541 686.71738290 0.440203 8.1923 0.274537 0.181252 -0.015979
481300 -2770.59601776 716.34485079 0.459195 8.1923 0.274537 0.181252 0.024501
481400 -2756.99953144 665.80961556 0.426801 8.1923 0.274537 0.181252 0.034347
481500 -2747.59225666 683.45301273 0.438111 8.3090 0.273222 0.178767 0.042055
481600 -2753.28302490 676.30156625 0.433527 8.3090 0.273222 0.178767 -0.053068
481700 -2743.80807806 663.47564501 0.425305 8.3090 0.273222 0.178767 0.003293
481800 -2750.74957870 667.57200782 0.427931 8.3090 0.273222 0.178767 0.034026
481900 -2755.44404635 646.68301810 0.414540 8.3090 0.273222 0.178767 0.016980
482000 -2746.83402400 650.01191026 0.416674 8.2910 0.264892 0.183134 0.033147
482100 -2759.53656436 671.76516063 0.430619 8.2910 0.264892 0.183134 0.031264
482200 -2767.59600708 699.05784176 0.448114 8.2910 0.264892 0.183134 0.009759
482300 -2763.92267062 675.80281701 0.433207 8.2910 0.264892 0.183134 0.019630
482400 -2783.25533748 705.34256368 0.452143 8.2910 0.264892 0.183134 -0.020821
482500 -2784.25020594 685.11749972 0.439178 8.3923 0.256863 0.169788 0.047194
482600 -2805.09757256 673.29225256 0.431598 8.3923 0.256863 0.169788 0.007140
482700 -2781.40680357 701.72953375 0.449827 8.3923 0.256863 0.169788 0.039712
482800 -2774.88678780 704.51597746 0.451613 8.3923 0.256863 0.169788 0.021149
482900 -2766.14253332 696.97635659 0.446780 8.3923 0.256863 0.169788 0.008440
483000 -2739.24413867 662.57308695 0.424726 8.2769 0.261628 0.174701 0.019982
483100 -2727.22422146 681.04739464 0.436569 8.2769 0.261628 0.174701 0.051927
483200 -2721.63739615 663.53465026 0.425343 8.2769 0.261628 0.174701 0.062754
483300 -2726.98142804 679.56837100 0.435621 8.2769 0.261628 0.174701 -0.047824
483400 -2731.80071618 695.44176289 0.445796 8.2769 0.261628 0.174701 0.016556
483500 -2736.24741784 703.86484277 0.451195 8.2077 0.263871 0.179154 0.050583
483600 -2730.81611107 702.42470794 0.450272 8.2077 0.263871 0.179154 -0.029551
483700 -2724.90208834 708.23595894 0.453997 8.2077 0.263871 0.179154 0.002336
483800 -2722.96669078 681.91788112 0.437127 8.2077 0.263871 0.179154 0.069681
483900 -2700.54421727 656.68594447 0.420953 8.2077 0.263871 0.179154 0.026906
484000 -2711.64870175 685.36488095 0.439336 8.2013 0.262413 0.183855 0.058512
484100 -2741.18379665 675.27440366 0.432868 8.2013 0.262413 0.183855 -0.044848
484200 -2715.85777591 653.80483490 0.419106 8.2013 0.262413 0.183855 0.003790
484300 -2712.81734838 675.72288502 0.433156 8.2013 0.262413 0.183855 0.040580
484400 -2711.51177441 677.77337044 0.434470 8.2013 0.262413 0.183855 0.065535
484500 -2738.50146776 689.00988668 0.441673 8.2782 0.261283 0.170761 0.009967
484600 -2718.33783951 678.85852375 0.435166 8.2782 0.261283 0.170761 0.004548
484700 -2728.18765332 693.73478083 0.444702 8.2782 0.261283 0.170761 -0.014849
484800 -2711.41354923 696.18316921 0.446271 8.2782 0.261283 0.170761 -0.030860
484900 -2699.99576941 700.45237590 0.449008 8.2782 0.261283 0.170761 0.081641
485000 -2705.49062304 708.88414975 0.454413 8.2910 0.266693 0.179003 0.048743
485100 -2732.97052476 690.64877952 0.442724 8.2910 0.266693 0.179003 0.017755
485200 -2721.13547240 687.55649674 0.440741 8.2910 0.266693 0.179003 0.029714
485300 -2704.76045122 696.95410288 0.446765 8.2910 0.266693 0.179003 0.062801
485400 -2703.92159225 682.49736189 0.437498 8.2910 0.266693 0.179003 0.035130
485500 -2718.82200979 690.98507728 0.442939 8.2231 0.261708 0.178781 0.011084
485600 -2708.79363995 692.12990378 0.443673 8.2231 0.261708 0.178781 0.011549
485700 -2728.86148746 717.74344977 0.460092 8.2231 0.261708 0.178781 0.027670
485800 -2689.68854039 665.25591789 0.426446 8.2231 0.261708 0.178781 0.065285
485900 -2696.97020734 706.16377433 0.452669 8.2231 0.261708 0.178781 0.092655
486000 -2721.90992890 709.75946376 0.454974 8.3154 0.257603 0.175547 0.048633
486100 -2721.10429107 685.14021251 0.439192 8.3154 0.257603 0.175547 -0.006862
486200 -2703.18292309 674.45041892 0.432340 8.3154 0.257603 0.175547 0.050121
486300 -2742.94262462 695.75396016 0.445996 8.3154 0.257603 0.175547 -0.014977
486400 -2755.61593383 675.54339556 0.433041 8.3154 0.257603 0.175547 -0.060343
486500 -2720.93352487 669.58848505 0.429223 8.3077 0.266074 0.179903 -0.011508
486600 -2735.56141857 693.53011375 0.444571 8.3077 0.266074 0.179903 0.068877
486700 -2748.08491523 701.18487001 0.449477 8.3077 0.266074 0.179903 -0.061296
486800 -2734.46708462 699.42466611 0.448349 8.3077 0.266074 0.179903 0.008249
486900 -2718.13404018 689.79960369 0.442179 8.3077 0.266074 0.179903 0.026854
487000 -2725.56133062 698.06233764 0.447476 8.2833 0.259379 0.177689 -0.010285
487100 -2712.74010161 705.48124830 0.452232 8.2833 0.259379 0.177689 -0.032552
487200 -2692.93406368 691.04331105 0.442976 8.2833 0.259379 0.177689 0.013841
487300 -2685.02868597 716.36201779 0.459206 8.2833 0.259379 0.177689 -0.024826
487400 -2680.37615662 686.48191265 0.440053 8.2833 0.259379 0.177689 0.058993
487500 -2696.20239252 699.80294816 0.448592 8.2590 0.265311 0.185013 0.032590
487600 -2708.58610847 691.30120444 0.443142 8.2590 0.265311 0.185013 -0.025665
487700 -2708.96795164 689.87601920 0.442228 8.2590 0.265311 0.185013 0.013932
487800 -2716.03564142 682.67626137 0.437613 8.2590 0.265311 0.185013 0.039509
487900 -2732.76520278 692.45837700 0.443884 8.2590 0.265311 0.185013 -0.029097
488000 -2737.69684946 664.29749389 0.425832 8.3128 0.260950 0.177893 -0.010617
488100 -2776.99530454 685.48839418 0.439416 8.3128 0.260950 0.177893 -0.024377
488200 -2768.78441790 689.05964849 0.441705 8.3128 0.260950 0.177893 0.052045
488300 -2750.33967310 674.12955828 0.432134 8.3128 0.260950 0.177893 0.021047
488400 -2744.74587006 681.92050612 0.437129 8.3128 0.260950 0.177893 0.023472
488500 -2748.69482597 698.60071342 0.447821 8.3872 0.263438 0.173475 0.063190
488600 -2766.65264520 724.65894359 0.464525 8.3872 0.263438 0.173475 -0.011120
488700 -2750.72973025 690.75156460 0.442789 8.3872 0.263438 0.173475 -0.043896
488800 -2726.74796010 712.36335154 0.456643 8.3872 0.263438 0.173475 0.001446
488900 -2705.34172434 687.83632655 0.440921 8.3872 0.263438 0.173475 0.082549
489000 -2711.75791733 689.92389655 0.442259 8.2641 0.273248 0.177232 -0.052109
489100 -2695.53592817 661.28707470 0.423902 8.2641 0.273248 0.177232 0.017335
489200 -2717.76604828 671.92148420 0.430719 8.2641 0.273248 0.177232 -0.007687
489300 -2705.95285620 674.46058126 0.432347 8.2641 0.273248 0.177232 0.054182
489400 -2730.96945232 720.54021134 0.461885 8.2641 0.273248 0.177232 -0.011743
489500 -2719.91717261 686.51859082 0.440076 8.3859 0.258432 0.175172 0.048130
489600 -2728.09430710 677.86319984 0.434528 8.3859 0.258432 0.175172 0.006237
489700 -2726.07363249 668.19144431 0.428328 8.3859 0.258432 0.175172 -0.016112
489800 -2729.56769968 667.43798066 0.427845 8.3859 0.258432 0.175172 -0.026957
489900 -2723.52046327 697.13354860 0.446880 8.3859 0.258432 0.175172 0.109332
490000 -2745.79936012 676.34667341 0.433556 8.3782 0.261194 0.179377 0.008869
490100 -2757.99956488 669.31112983 0.429046 8.3782 0.261194 0.179377 0.028029
490200 -2755.27279085 675.05928157 0.432730 8.3782 0.261194 0.179377 -0.048607
490300 -2754.88465274 685.76442873 0.439593 8.3782 0.261194 0.179377 -0.002335
490400 -2755.43145085 670.32224519 0.429694 8.3782 0.261194 0.179377 0.024433
490500 -2777.09824656 655.07908316 0.419922 8.4077 0.258403 0.177139 -0.027685
490600 -2777.01022989 693.30600089 0.444427 8.4077 0.258403 0.177139 -0.083976
490700 -2752.76881560 671.25085797 0.430289 8.4077 0.258403 0.177139 -0.023281
490800 -2749.63020800 676.56685214 0.433697 8.4077 0.258403 0.177139 0.084746
490900 -2743.31660320 680.03362706 0.435919 8.4077 0.258403 0.177139 0.020444
491000 -2748.13606062 666.59077937 0.427302 8.4436 0.266426 0.177827 0.029763
491100 -2749.71400537 667.07764541 0.427614 8.4436 0.266426 0.177827 0.039612
491200 -2740.54180157 679.67103173 0.435687 8.4436 0.266426 0.177827 0.017829
491300 -2762.84405692 690.21392263 0.442445 8.4436 0.266426 0.177827 -0.003005
491400 -2777.71800517 711.51829112 0.456101 8.4436 0.266426 0.177827 0.028059
491500 -2769.83593535 663.79577028 0.425510 8.4718 0.256352 0.175983 0.050605
491600 -2804.55786085 703.52424348 0.450977 8.4718 0.256352 0.175983 0.016203
491700 -2792.91261392 686.42820667 0.440018 8.4718 0.256352 0.175983 0.029859
491800 -2787.67775849 701.25641972 0.449523 8.4718 0.256352 0.175983 0.033638
491900 -2774.94925487 673.80248599 0.431925 8.4718 0.256352 0.175983 -0.019013
492000 -2743.80530557 680.93067209 0.436494 8.4731 0.262621 0.177835 -0.002972
492100 -2751.53739964 681.91566176 0.437125 8.4731 0.262621 0.177835 0.001796
492200 -2752.29945711 666.84263227 0.427463 8.4731 0.262621 0.177835 -0.033191
492300 -2747.16816698 656.78984469 0.421019 8.4731 0.262621 0.177835 0.045000
492400 -2755.10253288 660.63621880 0.423485 8.4731 0.262621 0.177835 0.048549
492500 -2758.17294853 667.92425370 0.428157 8.4500 0.255538 0.177027 0.011802
492600 -2758.04589608 683.68626807 0.438260 8.4500 0.255538 0.177027 0.020928
492700 -2753.19442621 668.26688595 0.428376 8.4500 0.255538 0.177027 -0.111746
492800 -2719.04294429 662.76260414 0.424848 8.4500 0.255538 0.177027 -0.018531
492900 -2719.67668467 664.31481954 0.425843 8.4500 0.255538 0.177027 0.023144
493000 -2741.64098605 689.42919230 0.441942 8.4282 0.261445 0.186152 0.008821
493100 -2751.22896813 706.06229020 0.452604 8.4282 0.261445 0.186152 0.045564
493200 -2767.53044518 699.40022380 0.448333 8.4282 0.261445 0.186152 -0.011628
493300 -2772.13903264 695.29390390 0.445701 8.4282 0.261445 0.186152 -0.042805
493400 -2756.67078717 685.22347186 0.439246 8.4282 0.261445 0.186152 0.036592
493500 -2743.75521500 657.24539315 0.421311 8.4897 0.259030 0.180688 0.031685
493600 -2745.44827253 664.27619091 0.425818 8.4897 0.259030 0.180688 -0.002855
493700 -2749.55763313 676.40753893 0.433595 8.4897 0.259030 0.180688 0.029773
493800 -2756.26733290 697.09935901 0.446859 8.4897 0.259030 0.180688 -0.052084
493900 -2751.01255695 690.59988266 0.442692 8.4897 0.259030 0.180688 0.023372
494000 -2760.32479716 712.58250235 0.456784 8.5603 0.259305 0.180175 0.029450
494100 -2749.16884176 697.95253184 0.447405 8.5603 0.259305 0.180175 0.003864
494200 -2752.39677384 690.15409364 0.442406 8.5603 0.259305 0.180175 -0.053532
494300 -2745.08732098 672.45085306 0.431058 8.5603 0.259305 0.180175 -0.010623
494400 -2731.01448011 668.44049697 0.428487 8.5603 0.259305 0.180175 0.073267
494500 -2730.93551050 669.89679456 0.429421 8.4949 0.269038 0.180821 0.064850
494600 -2757.67619636 684.37809262 0.438704 8.4949 0.269038 0.180821 0.018448
494700 -2766.35366534 725.39283182 0.464995 8.4949 0.269038 0.180821 0.017908
494800 -2768.99493928 686.66827269 0.440172 8.4949 0.269038 0.180821 0.002951
494900 -2770.48795346 691.43467803 0.443227 8.4949 0.269038 0.180821 -0.022552
495000 -2751.82940833 646.92272542 0.414694 8.4897 0.267567 0.179414 -0.005803
495100 -2735.28565927 638.10652979 0.409043 8.4897 0.267567 0.179414 0.051448
495200 -2726.91744177 681.72346139 0.437002 8.4897 0.267567 0.179414 0.017903
495300 -2713.10604430 700.30846310 0.448916 8.4897 0.267567 0.179414 0.035015
495400 -2706.38374886 692.94915701 0.444198 8.4897 0.267567 0.179414 0.008368
495500 -2692.26660880 706.55326446 0.452919 8.3449 0.263714 0.180798 0.054289
495600 -2692.84129153 665.89620580 0.426857 8.3449 0.263714 0.180798 0.045928
495700 -2709.49473158 681.09732864 0.436601 8.3449 0.263714 0.180798 -0.002245
495800 -2719.79490456 674.95301617 0.432662 8.3449 0.263714 0.180798 -0.017439
495900 -2717.14598542 683.82817386 0.438351 8.3449 0.263714 0.180798 0.015766
496000 -2687.33639200 678.70055283 0.435064 8.3987 0.266154 0.185376 0.034418
496100 -2695.34263710 663.08544710 0.425055 8.3987 0.266154 0.185376 0.056538
496200 -2721.62787554 698.01030615 0.447443 8.3987 0.266154 0.185376 -0.007536
496300 -2731.90165053 669.56519398 0.429208 8.3987 0.266154 0.185376 0.011193
496400 -2732.11626679 688.95176670 0.441636 8.3987 0.266154 0.185376 -0.046871
496500 -2707.33837042 703.24472541 0.450798 8.3897 0.264818 0.184606 0.043713
496600 -2714.02313116 682.27269492 0.437354 8.3897 0.264818 0.184606 0.002196
496700 -2715.60866321 706.58972031 0.452942 8.3897 0.264818 0.184606 0.000802
496800 -2701.71958788 687.37512247 0.440625 8.3897 0.264818 0.184606 -0.030171
496900 -2688.59811883 675.55743096 0.433050 8.3897 0.264818 0.184606 -0.034026
497000 -2694.28936152 672.15982858 0.430872 8.3500 0.265248 0.186731 -0.000535
497100 -2721.91505600 710.51498948 0.455458 8.3500 0.265248 0.186731 -0.022398
497200 -2694.74039249 683.83170538 0.438354 8.3500 0.265248 0.186731 -0.004736
497300 -2708.79267273 727.80616952 0.466542 8.3500 0.265248 0.186731 0.020510
497400 -2696.80820496 679.69536594 0.435702 8.3500 0.265248 0.186731 0.080908
497500 -2727.81985782 690.68551648 0.442747 8.4179 0.262480 0.183619 -0.001114
497600 -2712.91262522 682.22248979 0.437322 8.4179 0.262480 0.183619 0.108067
497700 -2747.41693756 660.42422284 0.423349 8.4179 0.262480 0.183619 0.018576
497800 -2739.91147432 659.42362290 0.422707 8.4179 0.262480 0.183619 -0.001383
497900 -2752.04577896 669.39722597 0.429101 8.4179 0.262480 0.183619 0.045052
498000 -2748.20195550 697.76686884 0.447286 8.5449 0.257443 0.175830 0.058421
498100 -2742.81807969 697.61278586 0.447188 8.5449 0.257443 0.175830 0.032730
498200 -2745.44147050 694.42854692 0.445147 8.5449 0.257443 0.175830 0.018361
498300 -2758.24940478 745.92024486 0.478154 8.5449 0.257443 0.175830 0.048429
498400 -2736.64068733 706.12733679 0.452646 8.5449 0.257443 0.175830 -0.004012
498500 -2723.00142794 668.32794058 0.428415 8.4872 0.258143 0.177769 -0.012157
498600 -2726.75908749 668.76485093 0.428695 8.4872 0.258143 0.177769 -0.005598
498700 -2722.60345729 674.15522188 0.432151 8.4872 0.258143 0.177769 0.023106
498800 -2726.43846515 682.87130812 0.437738 8.4872 0.258143 0.177769 0.068139
498900 -2753.44910282 696.41395248 0.446419 8.4872 0.258143 0.177769 0.034363
499000 -2743.95994030 666.17811630 0.427037 8.5577 0.260551 0.180227 0.040595
499100 -2751.61533561 682.16322832 0.437284 8.5577 0.260551 0.180227 0.052020
499200 -2761.43509420 684.73684318 0.438934 8.5577 0.260551 0.180227 0.047746
499300 -2773.50018015 675.55246867 0.433046 8.5577 0.260551 0.180227 0.016280
499400 -2772.06548562 650.88155815 0.417232 8.5577 0.260551 0.180227 0.002467
499500 -2765.21179485 658.66020823 0.422218 8.6936 0.261239 0.177569 0.033574
499600 -2761.72208724 658.23949831 0.421948 8.6936 0.261239 0.177569 0.041460
499700 -2771.35515876 667.83574707 0.428100 8.6936 0.261239 0.177569 -0.029183
499800 -2773.01355222 687.97163995 0.441007 8.6936 0.261239 0.177569 0.004821
499900 -2760.66808058 696.51869370 0.446486 8.6936 0.261239 0.177569 -0.020843
