# MD run at T = 0.360000
# input   = perfect_Sigma39_theta32.2042deg.dat
# seed    = 4000017
# N_atoms = 1560
# barostat= 1  P_target = 0.0000
# columns : step PE KE T_inst coord psi6 psi4 P
0 -4907.10974615 579.17244846 0.371264 6.0000 0.999759 0.003939 0.359879
100 -4526.67903996 390.69848475 0.250448 6.0000 0.999759 0.003939 1.297805
200 -4466.13041105 454.50873223 0.291352 6.0000 0.999759 0.003939 1.015997
300 -4382.37933637 467.72044392 0.299821 6.0000 0.999759 0.003939 0.937501
400 -4369.73468660 509.13839293 0.326371 6.0000 0.999759 0.003939 0.648595
500 -4321.55412770 509.10099699 0.326347 5.9974 0.909223 0.073748 0.595039
600 -4320.72341222 534.91221832 0.342892 5.9974 0.909223 0.073748 0.404396
700 -4279.22448419 533.50625808 0.341991 5.9974 0.909223 0.073748 0.387334
800 -4247.35095346 538.24223628 0.345027 5.9974 0.909223 0.073748 0.397707
900 -4231.92699823 566.79276317 0.363329 5.9974 0.909223 0.073748 0.319643
1000 -4230.24265466 568.46827592 0.364403 5.9962 0.890066 0.083294 0.197456
1100 -4207.91189402 546.67288133 0.350431 5.9962 0.890066 0.083294 0.230321
1200 -4200.30857183 542.39712248 0.347690 5.9962 0.890066 0.083294 0.164092
1300 -4194.08177040 548.59559652 0.351664 5.9962 0.890066 0.083294 0.142791
1400 -4189.30584586 569.50211636 0.365065 5.9962 0.890066 0.083294 0.147003
1500 -4170.36237859 552.29715429 0.354037 5.9962 0.874924 0.088236 0.150622
1600 -4184.27429869 559.37129927 0.358571 5.9962 0.874924 0.088236 0.048482
1700 -4186.87106315 552.30047978 0.354039 5.9962 0.874924 0.088236 0.043011
1800 -4183.86799099 562.33219486 0.360469 5.9962 0.874924 0.088236 0.040015
1900 -4184.22237175 573.94359012 0.367913 5.9962 0.874924 0.088236 -0.003756
2000 -4164.88135003 573.79292143 0.367816 5.9974 0.876948 0.087639 0.073352
2100 -4163.07276283 578.28824282 0.370698 5.9974 0.876948 0.087639 0.054133
2200 -4174.09892412 569.65232999 0.365162 5.9974 0.876948 0.087639 -0.026564
2300 -4166.94662528 568.40661974 0.364363 5.9974 0.876948 0.087639 0.031873
2400 -4183.73939881 558.63009660 0.358096 5.9974 0.876948 0.087639 -0.084400
2500 -4171.65139362 542.17217480 0.347546 5.9936 0.878067 0.087546 0.006876
2600 -4174.28941235 546.71750762 0.350460 5.9936 0.878067 0.087546 -0.005317
2700 -4178.51640283 547.40961279 0.350904 5.9936 0.878067 0.087546 -0.026709
2800 -4185.08804555 549.33298985 0.352137 5.9936 0.878067 0.087546 -0.022958
2900 -4178.68611924 560.01558655 0.358984 5.9936 0.878067 0.087546 0.000774
3000 -4164.82190763 560.64152670 0.359386 5.9949 0.876528 0.090233 0.075382
3100 -4172.51568671 577.02936553 0.369891 5.9949 0.876528 0.090233 0.020916
3200 -4173.26503178 558.79813209 0.358204 5.9949 0.876528 0.090233 -0.018424
3300 -4178.62093550 570.09353839 0.365445 5.9949 0.876528 0.090233 -0.033850
3400 -4138.64162183 550.12824392 0.352646 5.9949 0.876528 0.090233 0.123174
3500 -4165.89072119 570.86115368 0.365937 5.9936 0.873725 0.087722 -0.023083
3600 -4153.01848860 580.38741699 0.372043 5.9936 0.873725 0.087722 0.043504
3700 -4146.51250100 561.21618347 0.359754 5.9936 0.873725 0.087722 0.024555
3800 -4150.03297955 538.62464181 0.345272 5.9936 0.873725 0.087722 -0.002166
3900 -4154.94678197 563.79180575 0.361405 5.9936 0.873725 0.087722 -0.006250
4000 -4156.00753403 564.20758390 0.361672 5.9962 0.876298 0.089855 0.018523
4100 -4154.28851217 567.34072972 0.363680 5.9962 0.876298 0.089855 0.056709
4200 -4149.15788599 552.33920991 0.354064 5.9962 0.876298 0.089855 0.015257
4300 -4137.04179807 529.49798599 0.339422 5.9962 0.876298 0.089855 0.038397
4400 -4166.93684487 533.52889204 0.342006 5.9962 0.876298 0.089855 -0.078967
4500 -4158.90719349 554.39523878 0.355382 5.9936 0.874034 0.089418 -0.004918
4600 -4169.67998924 552.70107662 0.354296 5.9936 0.874034 0.089418 -0.057300
4700 -4174.20724465 560.73371482 0.359445 5.9936 0.874034 0.089418 -0.068447
4800 -4169.34500137 557.82314984 0.357579 5.9936 0.874034 0.089418 -0.024674
4900 -4160.16175375 541.33268144 0.347008 5.9936 0.874034 0.089418 0.035184
5000 -4155.72282205 598.72898580 0.383801 5.9987 0.873502 0.088137 0.035686
5100 -4154.21056621 572.83486884 0.367202 5.9987 0.873502 0.088137 0.022248
5200 -4153.27611455 571.98009070 0.366654 5.9987 0.873502 0.088137 0.002644
5300 -4152.27879796 560.88387176 0.359541 5.9987 0.873502 0.088137 0.018621
5400 -4136.54153723 572.67696636 0.367101 5.9987 0.873502 0.088137 0.073424
5500 -4149.28783999 576.57901128 0.369602 5.9923 0.875980 0.090555 0.021287
5600 -4152.14608833 577.84606816 0.370414 5.9923 0.875980 0.090555 0.000070
5700 -4144.27557018 571.46424145 0.366323 5.9923 0.875980 0.090555 0.022830
5800 -4136.76443612 577.51380023 0.370201 5.9923 0.875980 0.090555 0.058672
5900 -4133.98948072 567.59748249 0.363845 5.9923 0.875980 0.090555 0.008839
6000 -4153.68361725 559.74049837 0.358808 5.9897 0.869938 0.089712 -0.044197
6100 -4151.33195006 558.49560776 0.358010 5.9897 0.869938 0.089712 -0.017850
6200 -4166.43912167 561.06776997 0.359659 5.9897 0.869938 0.089712 -0.098836
6300 -4156.39848798 552.03519146 0.353869 5.9897 0.869938 0.089712 -0.017531
6400 -4154.82669276 560.87728664 0.359537 5.9897 0.869938 0.089712 -0.007287
6500 -4165.06411218 575.12018835 0.368667 5.9987 0.881452 0.086811 -0.027533
6600 -4134.63820564 541.97081027 0.347417 5.9987 0.881452 0.086811 0.108159
6700 -4137.49596851 584.74364749 0.374836 5.9987 0.881452 0.086811 0.042049
6800 -4148.05542410 571.78280859 0.366527 5.9987 0.881452 0.086811 -0.036923
6900 -4156.17035207 571.86353581 0.366579 5.9987 0.881452 0.086811 -0.047382
7000 -4174.06014429 569.42941132 0.365019 5.9897 0.874755 0.088862 -0.091010
7100 -4168.90773086 557.53911217 0.357397 5.9897 0.874755 0.088862 -0.060579
7200 -4158.59064500 554.92555485 0.355722 5.9897 0.874755 0.088862 0.008996
7300 -4140.34498864 572.02843549 0.366685 5.9897 0.874755 0.088862 0.061562
7400 -4145.53015971 553.67671524 0.354921 5.9897 0.874755 0.088862 0.039190
7500 -4142.11099297 567.38386957 0.363708 5.9885 0.867351 0.091683 0.029539
7600 -4133.74861920 567.81336580 0.363983 5.9885 0.867351 0.091683 0.052060
7700 -4122.85986815 567.06889269 0.363506 5.9885 0.867351 0.091683 0.090780
7800 -4130.89826550 588.05443286 0.376958 5.9885 0.867351 0.091683 0.061454
7900 -4122.02011783 576.31005181 0.369430 5.9885 0.867351 0.091683 0.071425
8000 -4131.12548872 561.43457201 0.359894 5.9885 0.868575 0.090782 0.010967
8100 -4132.02222701 554.01514931 0.355138 5.9885 0.868575 0.090782 0.017357
8200 -4158.08107565 572.74940410 0.367147 5.9885 0.868575 0.090782 -0.109252
8300 -4142.27946287 561.19884103 0.359743 5.9885 0.868575 0.090782 -0.006537
8400 -4174.74746738 540.91712880 0.346742 5.9885 0.868575 0.090782 -0.143602
8500 -4183.77422590 563.12547975 0.360978 5.9949 0.877523 0.088175 -0.118362
8600 -4169.90138925 546.70865863 0.350454 5.9949 0.877523 0.088175 -0.041740
8700 -4164.06342850 557.04588914 0.357081 5.9949 0.877523 0.088175 -0.007779
8800 -4165.97126698 547.33810834 0.350858 5.9949 0.877523 0.088175 -0.020828
8900 -4174.89818797 560.15050752 0.359071 5.9949 0.877523 0.088175 -0.028331
9000 -4194.85100856 548.08005502 0.351333 5.9949 0.878720 0.086144 -0.119942
9100 -4180.60426452 556.70639280 0.356863 5.9949 0.878720 0.086144 -0.027566
9200 -4164.94514129 554.58138240 0.355501 5.9949 0.878720 0.086144 0.041158
9300 -4198.46974756 568.50423427 0.364426 5.9949 0.878720 0.086144 -0.129142
9400 -4186.14403235 563.13326319 0.360983 5.9949 0.878720 0.086144 -0.063352
9500 -4167.28802761 537.83944594 0.344769 5.9974 0.872157 0.088744 0.005904
9600 -4163.32611663 554.78432264 0.355631 5.9974 0.872157 0.088744 0.025598
9700 -4181.36668646 570.22605560 0.365530 5.9974 0.872157 0.088744 -0.025187
9800 -4167.44731726 565.22088595 0.362321 5.9974 0.872157 0.088744 0.029836
9900 -4152.21540671 554.13545859 0.355215 5.9974 0.872157 0.088744 0.084598
10000 -4172.54148446 553.18445899 0.354605 5.9910 0.874383 0.091156 -0.020871
10100 -4158.09687512 525.09652908 0.336600 5.9910 0.874383 0.091156 0.041808
10200 -4175.99006732 536.17180440 0.343700 5.9910 0.874383 0.091156 -0.057088
10300 -4184.47984848 559.01668212 0.358344 5.9910 0.874383 0.091156 -0.051355
10400 -4184.55451319 547.59616570 0.351023 5.9910 0.874383 0.091156 -0.045456
10500 -4184.12463141 549.33464960 0.352138 5.9974 0.878238 0.087052 -0.033795
10600 -4182.95932077 540.44161365 0.346437 5.9974 0.878238 0.087052 -0.016518
10700 -4172.82605446 547.63448556 0.351048 5.9974 0.878238 0.087052 0.045592
10800 -4159.67661529 537.39123210 0.344482 5.9974 0.878238 0.087052 0.077508
10900 -4191.09815635 566.15998431 0.362923 5.9974 0.878238 0.087052 -0.051841
11000 -4184.54961454 556.57897707 0.356781 5.9923 0.875893 0.086861 -0.028317
11100 -4178.97541537 556.50053865 0.356731 5.9923 0.875893 0.086861 0.010283
11200 -4170.72301792 566.69035557 0.363263 5.9923 0.875893 0.086861 0.028988
11300 -4147.54493128 572.39012154 0.366917 5.9923 0.875893 0.086861 0.121702
11400 -4170.40718112 552.71917605 0.354307 5.9923 0.875893 0.086861 -0.046605
11500 -4182.20668583 560.06296367 0.359015 5.9987 0.877378 0.088258 -0.079449
11600 -4183.65183259 560.17393646 0.359086 5.9987 0.877378 0.088258 -0.073569
11700 -4164.32867341 546.58499064 0.350375 5.9987 0.877378 0.088258 0.033276
11800 -4185.44860408 564.27115118 0.361712 5.9987 0.877378 0.088258 -0.068830
11900 -4169.73978986 565.22231795 0.362322 5.9987 0.877378 0.088258 -0.008556
12000 -4164.24130660 549.39582007 0.352177 5.9949 0.878399 0.088791 0.028073
12100 -4168.13389260 578.60241965 0.370899 5.9949 0.878399 0.088791 0.010562
12200 -4137.65526779 556.27771174 0.356588 5.9949 0.878399 0.088791 0.075344
12300 -4167.33453653 571.40511933 0.366285 5.9949 0.878399 0.088791 -0.058211
12400 -4149.57173887 597.53336673 0.383034 5.9949 0.878399 0.088791 0.020941
12500 -4132.95216573 579.15874958 0.371256 5.9910 0.867538 0.091403 0.075698
12600 -4132.20150508 561.11298553 0.359688 5.9910 0.867538 0.091403 0.051093
12700 -4135.43052604 562.89320021 0.360829 5.9910 0.867538 0.091403 0.028800
12800 -4169.69515303 580.21400007 0.371932 5.9910 0.867538 0.091403 -0.120795
12900 -4155.10910819 588.18919281 0.377044 5.9910 0.867538 0.091403 -0.030221
13000 -4154.46516973 554.49926619 0.355448 5.9936 0.873981 0.090677 -0.032548
13100 -4152.44911016 560.05313690 0.359008 5.9936 0.873981 0.090677 -0.019081
13200 -4162.28239929 567.16038424 0.363564 5.9936 0.873981 0.090677 -0.022273
13300 -4164.73349294 562.69550039 0.360702 5.9936 0.873981 0.090677 -0.038080
13400 -4151.96957057 578.55075975 0.370866 5.9936 0.873981 0.090677 0.001877
13500 -4135.35602846 576.93661851 0.369831 5.9923 0.865945 0.091257 0.070910
13600 -4135.44272696 568.81362666 0.364624 5.9923 0.865945 0.091257 0.042935
13700 -4142.87945143 554.90150975 0.355706 5.9923 0.865945 0.091257 -0.011218
13800 -4148.80693546 566.22857744 0.362967 5.9923 0.865945 0.091257 -0.026321
13900 -4135.23668686 562.77101250 0.360751 5.9923 0.865945 0.091257 0.028009
14000 -4133.69262701 560.15312498 0.359073 5.9936 0.869475 0.093017 0.050433
14100 -4155.85271992 579.83085063 0.371686 5.9936 0.869475 0.093017 -0.082400
14200 -4137.90084722 563.82799273 0.361428 5.9936 0.869475 0.093017 0.021312
14300 -4139.08466435 569.87226559 0.365303 5.9936 0.869475 0.093017 0.007803
14400 -4150.91529359 551.35443907 0.353432 5.9936 0.869475 0.093017 -0.013725
14500 -4154.58806219 560.12883326 0.359057 5.9962 0.876339 0.089533 -0.009215
14600 -4165.77009261 568.34387402 0.364323 5.9962 0.876339 0.089533 -0.076985
14700 -4172.07987566 576.04530875 0.369260 5.9962 0.876339 0.089533 -0.081550
14800 -4167.05556119 559.93057363 0.358930 5.9962 0.876339 0.089533 -0.056841
14900 -4149.82698497 525.67027920 0.336968 5.9962 0.876339 0.089533 0.026678
15000 -4165.43366755 535.77290602 0.343444 5.9846 0.870210 0.092189 -0.002908
15100 -4154.29632443 541.03112381 0.346815 5.9846 0.870210 0.092189 0.022855
15200 -4177.17540761 555.76778792 0.356261 5.9846 0.870210 0.092189 -0.043080
15300 -4169.45398625 536.26893607 0.343762 5.9846 0.870210 0.092189 -0.014253
15400 -4181.15757952 530.47020638 0.340045 5.9846 0.870210 0.092189 -0.058727
15500 -4151.24053013 541.87325269 0.347355 5.9923 0.869287 0.090313 0.128754
15600 -4157.93879203 557.13831248 0.357140 5.9923 0.869287 0.090313 0.078579
15700 -4171.18963848 582.82442169 0.373605 5.9923 0.869287 0.090313 -0.007507
15800 -4159.60493519 568.72051054 0.364564 5.9923 0.869287 0.090313 0.054067
15900 -4158.90683692 578.17556881 0.370625 5.9923 0.869287 0.090313 0.017350
16000 -4141.04353172 564.12987630 0.361622 5.9897 0.867418 0.092704 0.093612
16100 -4139.90339939 577.30647199 0.370068 5.9897 0.867418 0.092704 0.109015
16200 -4141.07597259 557.04764655 0.357082 5.9897 0.867418 0.092704 0.044472
16300 -4124.60079756 549.98444539 0.352554 5.9897 0.867418 0.092704 0.131905
16400 -4168.15487772 582.52622123 0.373414 5.9897 0.867418 0.092704 -0.115722
16500 -4161.94109336 537.16916636 0.344339 5.9962 0.875503 0.091982 -0.032994
16600 -4153.48973512 557.24070054 0.357206 5.9962 0.875503 0.091982 0.001082
16700 -4141.55107317 540.94322931 0.346758 5.9962 0.875503 0.091982 0.076128
16800 -4166.82677882 558.24824383 0.357851 5.9962 0.875503 0.091982 -0.021688
16900 -4164.22707036 600.91464017 0.385202 5.9962 0.875503 0.091982 -0.004832
17000 -4122.91856993 555.54018131 0.356116 5.9923 0.867271 0.091442 0.178142
17100 -4162.82482793 586.26867773 0.375813 5.9923 0.867271 0.091442 -0.069026
17200 -4143.59930250 563.29290888 0.361085 5.9923 0.867271 0.091442 0.037971
17300 -4126.50863777 547.33210208 0.350854 5.9923 0.867271 0.091442 0.100269
17400 -4148.53609990 563.93091215 0.361494 5.9923 0.867271 0.091442 -0.001749
17500 -4167.67921251 572.30390755 0.366861 5.9962 0.877493 0.089602 -0.071183
17600 -4134.93525631 564.30205774 0.361732 5.9962 0.877493 0.089602 0.086277
17700 -4169.13913839 576.36956954 0.369468 5.9962 0.877493 0.089602 -0.092714
17800 -4183.83938278 542.13852832 0.347525 5.9962 0.877493 0.089602 -0.164073
17900 -4162.43437282 559.03032390 0.358353 5.9962 0.877493 0.089602 -0.018912
18000 -4167.46270791 569.07261434 0.364790 5.9949 0.870455 0.091119 -0.062918
18100 -4123.10194016 551.41597730 0.353472 5.9949 0.870455 0.091119 0.132694
18200 -4160.35949497 571.53051284 0.366366 5.9949 0.870455 0.091119 -0.025549
18300 -4142.52754762 560.54405961 0.359323 5.9949 0.870455 0.091119 0.060950
18400 -4156.53529340 549.09631058 0.351985 5.9949 0.870455 0.091119 -0.038475
18500 -4149.39833338 558.98451158 0.358323 5.9923 0.867951 0.090469 0.039750
18600 -4161.05912533 540.12169038 0.346232 5.9923 0.867951 0.090469 -0.016051
18700 -4166.56404870 547.62003678 0.351038 5.9923 0.867951 0.090469 -0.027662
18800 -4159.46583399 558.11368307 0.357765 5.9923 0.867951 0.090469 0.026849
18900 -4161.81548177 537.23271534 0.344380 5.9923 0.867951 0.090469 0.003574
19000 -4190.01573352 557.13416335 0.357137 5.9987 0.881903 0.086205 -0.126478
19100 -4200.54470845 553.89091993 0.355058 5.9987 0.881903 0.086205 -0.120945
19200 -4175.02061106 545.47685900 0.349665 5.9987 0.881903 0.086205 0.018916
19300 -4167.84213758 548.57702934 0.351652 5.9987 0.881903 0.086205 0.050159
19400 -4146.36077028 543.58061852 0.348449 5.9987 0.881903 0.086205 0.131934
19500 -4171.53076167 567.15298616 0.363560 5.9923 0.872998 0.088065 -0.007245
19600 -4158.61390800 553.36968686 0.354724 5.9923 0.872998 0.088065 0.047382
19700 -4175.03614604 568.94324658 0.364707 5.9923 0.872998 0.088065 -0.029125
19800 -4172.12074577 571.83623146 0.366562 5.9923 0.872998 0.088065 -0.041299
19900 -4137.06526760 565.31863698 0.362384 5.9923 0.872998 0.088065 0.139366
20000 -4140.20126208 576.06218778 0.369271 5.9936 0.871165 0.090018 0.090863
20100 -4158.18415663 558.66643150 0.358120 5.9936 0.871165 0.090018 -0.014735
20200 -4148.45211826 560.46096613 0.359270 5.9936 0.871165 0.090018 0.027248
20300 -4163.19476045 559.38137992 0.358578 5.9936 0.871165 0.090018 -0.019679
20400 -4163.50492296 559.91422149 0.358919 5.9936 0.871165 0.090018 -0.030999
20500 -4156.69140266 560.24070517 0.359129 5.9910 0.875687 0.091064 0.013564
20600 -4155.93016844 571.02552159 0.366042 5.9910 0.875687 0.091064 0.000752
20700 -4170.90178647 558.26848316 0.357864 5.9910 0.875687 0.091064 -0.081934
20800 -4162.56060255 564.48367512 0.361849 5.9910 0.875687 0.091064 -0.032939
20900 -4174.50702795 570.29595633 0.365574 5.9910 0.875687 0.091064 -0.092436
21000 -4163.49839603 566.43731855 0.363101 5.9974 0.877431 0.086186 -0.015279
21100 -4139.45342024 554.42941418 0.355403 5.9974 0.877431 0.086186 0.090371
21200 -4171.11637453 558.70891659 0.358147 5.9974 0.877431 0.086186 -0.080359
21300 -4155.97539214 549.95259764 0.352534 5.9974 0.877431 0.086186 0.022954
21400 -4183.81823651 571.79905825 0.366538 5.9974 0.877431 0.086186 -0.087119
21500 -4163.95412645 553.88603910 0.355055 5.9949 0.876548 0.089971 0.008747
21600 -4169.94884453 540.24977569 0.346314 5.9949 0.876548 0.089971 -0.015460
21700 -4170.39252973 560.25269721 0.359136 5.9949 0.876548 0.089971 0.003630
21800 -4186.48877969 565.82532416 0.362709 5.9949 0.876548 0.089971 -0.098467
21900 -4138.86483450 549.28447009 0.352105 5.9949 0.876548 0.089971 0.147172
22000 -4166.93215444 583.69642275 0.374164 5.9962 0.873542 0.089570 -0.016683
22100 -4142.12696955 571.68760841 0.366466 5.9962 0.873542 0.089570 0.083095
22200 -4153.79575846 537.45557694 0.344523 5.9962 0.873542 0.089570 -0.000971
22300 -4153.66155448 560.60064049 0.359359 5.9962 0.873542 0.089570 0.012832
22400 -4151.76138612 553.80604244 0.355004 5.9962 0.873542 0.089570 0.029997
22500 -4181.46726467 562.72965309 0.360724 5.9949 0.878416 0.086932 -0.100302
22600 -4174.65068572 553.17611019 0.354600 5.9949 0.878416 0.086932 -0.046489
22700 -4159.05490766 558.36000008 0.357923 5.9949 0.878416 0.086932 0.040237
22800 -4162.33889782 564.04192244 0.361565 5.9949 0.878416 0.086932 -0.008936
22900 -4155.19366472 558.06369092 0.357733 5.9949 0.878416 0.086932 0.020470
23000 -4153.25296425 581.15079671 0.372533 5.9910 0.871308 0.089169 0.023581
23100 -4156.08913757 562.50297478 0.360579 5.9910 0.871308 0.089169 -0.014473
23200 -4153.13795388 568.96870638 0.364724 5.9910 0.871308 0.089169 0.002282
23300 -4168.80066667 549.25762757 0.352088 5.9910 0.871308 0.089169 -0.068480
23400 -4153.83494495 546.06990951 0.350045 5.9910 0.871308 0.089169 0.031172
23500 -4162.41256470 555.40381045 0.356028 5.9962 0.877065 0.088757 -0.023956
23600 -4149.70363756 565.96832302 0.362800 5.9962 0.877065 0.088757 0.046915
23700 -4167.62528690 580.35749039 0.372024 5.9962 0.877065 0.088757 -0.027065
23800 -4152.86520719 556.40377075 0.356669 5.9962 0.877065 0.088757 0.044608
23900 -4153.06771119 576.99031906 0.369866 5.9962 0.877065 0.088757 0.020193
24000 -4136.60902836 564.24670876 0.361697 5.9885 0.867112 0.089354 0.103219
24100 -4135.12931354 567.20513985 0.363593 5.9885 0.867112 0.089354 0.082330
24200 -4157.81361732 566.34088100 0.363039 5.9885 0.867112 0.089354 -0.043566
24300 -4143.95357724 563.72223549 0.361360 5.9885 0.867112 0.089354 0.036154
24400 -4151.34678555 560.87461026 0.359535 5.9885 0.867112 0.089354 -0.012502
24500 -4154.82916015 544.22879337 0.348865 6.0000 0.875936 0.088554 -0.037861
24600 -4155.50692579 543.09715727 0.348139 6.0000 0.875936 0.088554 0.006978
24700 -4167.63588807 546.19024473 0.350122 6.0000 0.875936 0.088554 -0.032348
24800 -4171.60683609 544.25640125 0.348882 6.0000 0.875936 0.088554 -0.036425
24900 -4181.34996678 569.58358811 0.365118 6.0000 0.875936 0.088554 -0.074829
25000 -4162.75446316 535.01737264 0.342960 5.9962 0.873945 0.087494 -0.002501
25100 -4186.33249405 571.47874090 0.366333 5.9962 0.873945 0.087494 -0.086274
25200 -4167.42633662 548.28578221 0.351465 5.9962 0.873945 0.087494 0.022997
25300 -4159.88677576 555.66238953 0.356194 5.9962 0.873945 0.087494 0.065459
25400 -4158.61342718 552.62173626 0.354245 5.9962 0.873945 0.087494 0.021429
25500 -4174.53478321 564.70478850 0.361990 5.9974 0.874898 0.089557 -0.000544
25600 -4156.75924706 565.25959183 0.362346 5.9974 0.874898 0.089557 0.040687
25700 -4163.79382646 575.63446676 0.368996 5.9974 0.874898 0.089557 -0.021507
25800 -4181.04289100 567.65355582 0.363880 5.9974 0.874898 0.089557 -0.093544
25900 -4156.94276368 556.17618379 0.356523 5.9974 0.874898 0.089557 0.029671
26000 -4164.94260353 557.18711716 0.357171 5.9897 0.878098 0.088158 -0.026417
26100 -4183.52989895 553.10297944 0.354553 5.9897 0.878098 0.088158 -0.110901
26200 -4164.85604358 579.85511378 0.371702 5.9897 0.878098 0.088158 0.001242
26300 -4135.31125182 560.01749795 0.358986 5.9897 0.878098 0.088158 0.106773
26400 -4173.72568199 547.12770224 0.350723 5.9897 0.878098 0.088158 -0.076351
26500 -4179.55459948 560.59538991 0.359356 5.9974 0.879774 0.086526 -0.085387
26600 -4167.26753888 549.32332616 0.352130 5.9974 0.879774 0.086526 -0.007536
26700 -4173.06877836 557.84501096 0.357593 5.9974 0.879774 0.086526 -0.031090
26800 -4174.28874182 547.99213770 0.351277 5.9974 0.879774 0.086526 -0.036987
26900 -4181.99852320 561.63137801 0.360020 5.9974 0.879774 0.086526 -0.076933
27000 -4165.66480673 549.75461590 0.352407 5.9987 0.874025 0.089443 0.021101
27100 -4165.04865978 546.61641810 0.350395 5.9987 0.874025 0.089443 0.003759
27200 -4156.15844911 542.79193372 0.347944 5.9987 0.874025 0.089443 0.037671
27300 -4153.25183179 548.09978114 0.351346 5.9987 0.874025 0.089443 0.054663
27400 -4168.80428725 561.44673297 0.359902 5.9987 0.874025 0.089443 -0.028583
27500 -4172.37385733 573.25987097 0.367474 5.9949 0.871189 0.089120 -0.006054
27600 -4135.75039472 569.12890344 0.364826 5.9949 0.871189 0.089120 0.120004
27700 -4141.42325531 586.25490354 0.375804 5.9949 0.871189 0.089120 0.077955
27800 -4129.11926895 578.89703208 0.371088 5.9949 0.871189 0.089120 0.078001
27900 -4132.93492390 573.76746551 0.367800 5.9949 0.871189 0.089120 0.050979
28000 -4132.13624709 565.41945714 0.362448 5.9897 0.866003 0.093148 0.037767
28100 -4156.16520134 553.40273585 0.354745 5.9897 0.866003 0.093148 -0.064162
28200 -4169.83094056 565.64814963 0.362595 5.9897 0.866003 0.093148 -0.120660
28300 -4148.04367973 555.89776247 0.356345 5.9897 0.866003 0.093148 -0.016107
28400 -4140.56036235 545.28026047 0.349539 5.9897 0.866003 0.093148 0.025853
28500 -4166.12411683 553.06006889 0.354526 5.9962 0.877052 0.088028 -0.070247
28600 -4174.16282441 534.25556369 0.342472 5.9962 0.877052 0.088028 -0.070356
28700 -4174.72858233 541.76518390 0.347285 5.9962 0.877052 0.088028 -0.051848
28800 -4174.63499379 556.30331406 0.356605 5.9962 0.877052 0.088028 -0.040738
28900 -4175.46703325 547.15697513 0.350742 5.9962 0.877052 0.088028 -0.048593
29000 -4169.05199662 571.02375677 0.366041 6.0000 0.873655 0.087087 0.005017
29100 -4145.24352731 588.21692240 0.377062 6.0000 0.873655 0.087087 0.096689
29200 -4151.56951025 578.41927466 0.370782 6.0000 0.873655 0.087087 0.035841
29300 -4159.80049856 572.80428218 0.367182 6.0000 0.873655 0.087087 -0.005795
29400 -4163.33367664 569.37952162 0.364987 6.0000 0.873655 0.087087 -0.024391
29500 -4148.02267750 541.29944853 0.346987 5.9885 0.868052 0.093138 0.025776
29600 -4169.00246002 578.28277814 0.370694 5.9885 0.868052 0.093138 -0.067084
29700 -4161.48319406 546.96334991 0.350618 5.9885 0.868052 0.093138 -0.000201
29800 -4155.35812068 545.23492466 0.349510 5.9885 0.868052 0.093138 0.023803
29900 -4167.68782326 552.69641268 0.354293 5.9885 0.868052 0.093138 -0.023726
30000 -4142.51155467 543.55892662 0.348435 5.9923 0.867343 0.091219 0.050462
30100 -4157.77144576 560.24086268 0.359129 5.9923 0.867343 0.091219 -0.014083
30200 -4153.10729391 553.91671153 0.355075 5.9923 0.867343 0.091219 0.042759
30300 -4154.26519221 552.89637396 0.354421 5.9923 0.867343 0.091219 0.011319
30400 -4170.75214339 568.32291290 0.364310 5.9923 0.867343 0.091219 -0.082880
30500 -4166.75166292 559.11250121 0.358405 5.9974 0.876289 0.089756 -0.077476
30600 -4163.64026662 559.64943056 0.358750 5.9974 0.876289 0.089756 -0.005898
30700 -4158.21715543 563.07633154 0.360946 5.9974 0.876289 0.089756 -0.002307
30800 -4130.38290441 554.38854505 0.355377 5.9974 0.876289 0.089756 0.110538
30900 -4152.14764482 576.58301435 0.369604 5.9974 0.876289 0.089756 0.010414
31000 -4129.66681014 580.05861741 0.371832 5.9962 0.872114 0.089738 0.106859
31100 -4137.55458324 579.84474103 0.371695 5.9962 0.872114 0.089738 0.018385
31200 -4145.71274455 575.58291623 0.368963 5.9962 0.872114 0.089738 0.007397
31300 -4146.50912755 572.20520736 0.366798 5.9962 0.872114 0.089738 -0.004732
31400 -4159.08412755 567.72201222 0.363924 5.9962 0.872114 0.089738 -0.063283
31500 -4153.72212298 557.01174344 0.357059 5.9974 0.869841 0.090525 -0.026120
31600 -4187.51036170 537.29551236 0.344420 5.9974 0.869841 0.090525 -0.190688
31700 -4164.79017269 529.59436138 0.339484 5.9974 0.869841 0.090525 -0.021496
31800 -4157.30016035 554.00851927 0.355134 5.9974 0.869841 0.090525 0.062273
31900 -4156.25104771 548.44445030 0.351567 5.9974 0.869841 0.090525 0.048614
32000 -4160.20282079 551.87391745 0.353765 5.9936 0.877284 0.088078 0.012975
32100 -4164.03800287 569.14502312 0.364837 5.9936 0.877284 0.088078 0.016010
32200 -4158.17896465 567.01498427 0.363471 5.9936 0.877284 0.088078 0.006474
32300 -4155.81951254 551.00625272 0.353209 5.9936 0.877284 0.088078 0.031338
32400 -4148.41660436 547.41895655 0.350910 5.9936 0.877284 0.088078 0.028430
32500 -4172.32872037 551.88004942 0.353769 5.9949 0.874275 0.088819 -0.083804
32600 -4179.77013412 575.75156211 0.369072 5.9949 0.874275 0.088819 -0.078613
32700 -4153.67609631 567.27108936 0.363635 5.9949 0.874275 0.088819 0.050557
32800 -4150.82265783 551.73980361 0.353679 5.9949 0.874275 0.088819 0.022124
32900 -4156.73340472 571.02293200 0.366040 5.9949 0.874275 0.088819 0.017647
33000 -4158.51486931 585.56639864 0.375363 5.9936 0.874112 0.090138 0.005296
33100 -4153.48486886 565.55495259 0.362535 5.9936 0.874112 0.090138 -0.000837
33200 -4149.73870011 571.33885596 0.366243 5.9936 0.874112 0.090138 0.039366
33300 -4140.95396815 557.97182237 0.357674 5.9936 0.874112 0.090138 0.070141
33400 -4152.86187655 570.35104797 0.365610 5.9936 0.874112 0.090138 -0.008105
33500 -4166.37174880 568.53981956 0.364449 5.9962 0.877664 0.088937 -0.073259
33600 -4154.50713282 552.18839425 0.353967 5.9962 0.877664 0.088937 -0.020207
33700 -4156.94930710 562.28122989 0.360437 5.9962 0.877664 0.088937 -0.017533
33800 -4147.26751562 546.45350625 0.350291 5.9962 0.877664 0.088937 0.049360
33900 -4161.85640131 561.71119475 0.360071 5.9962 0.877664 0.088937 -0.022028
34000 -4152.82901868 552.16091182 0.353949 5.9936 0.870549 0.090803 0.049255
34100 -4143.35255658 578.83679532 0.371049 5.9936 0.870549 0.090803 0.083071
34200 -4147.33157688 572.72892100 0.367134 5.9936 0.870549 0.090803 0.030220
34300 -4151.60063367 549.89511876 0.352497 5.9936 0.870549 0.090803 -0.014896
34400 -4148.17893823 570.96401030 0.366003 5.9936 0.870549 0.090803 -0.000833
34500 -4153.21590375 594.87487420 0.381330 5.9987 0.878829 0.087913 -0.018011
34600 -4151.30914119 574.78819520 0.368454 5.9987 0.878829 0.087913 -0.010155
34700 -4148.43496422 553.44852826 0.354775 5.9987 0.878829 0.087913 -0.031408
34800 -4181.82008221 562.30834503 0.360454 5.9987 0.878829 0.087913 -0.136738
34900 -4155.69194686 553.54497853 0.354837 5.9987 0.878829 0.087913 0.021295
35000 -4155.39127842 565.83576314 0.362715 5.9910 0.871114 0.091981 0.028906
35100 -4129.14935132 545.66991385 0.349788 5.9910 0.871114 0.091981 0.091274
35200 -4160.04236314 578.39753964 0.370768 5.9910 0.871114 0.091981 -0.055237
35300 -4166.20403954 566.76727927 0.363312 5.9910 0.871114 0.091981 -0.079887
35400 -4154.07509897 551.69829947 0.353653 5.9910 0.871114 0.091981 0.013676
35500 -4160.13655912 550.96962553 0.353186 5.9936 0.874545 0.090138 -0.003481
35600 -4160.31934241 525.45091710 0.336828 5.9936 0.874545 0.090138 -0.001615
35700 -4159.43167469 548.63207282 0.351687 5.9936 0.874545 0.090138 0.026462
35800 -4160.71268808 554.02549270 0.355145 5.9936 0.874545 0.090138 0.006536
35900 -4129.90072113 550.47194073 0.352867 5.9936 0.874545 0.090138 0.154580
36000 -4154.52968851 570.13882560 0.365474 5.9974 0.869811 0.088186 0.023569
36100 -4154.62524059 569.48570583 0.365055 5.9974 0.869811 0.088186 0.016072
36200 -4156.69992842 566.89020058 0.363391 5.9974 0.869811 0.088186 -0.002225
36300 -4145.08310458 568.09104900 0.364161 5.9974 0.869811 0.088186 0.067173
36400 -4145.64104391 562.36866395 0.360493 5.9974 0.869811 0.088186 0.032898
36500 -4151.23901337 585.82831557 0.375531 5.9936 0.875107 0.090187 0.006833
36600 -4129.71928548 559.47267709 0.358636 5.9936 0.875107 0.090187 0.069109
36700 -4156.05670822 573.74993203 0.367788 5.9936 0.875107 0.090187 -0.018808
36800 -4152.96762544 567.70830916 0.363916 5.9936 0.875107 0.090187 -0.042404
36900 -4135.99632040 560.58523524 0.359350 5.9936 0.875107 0.090187 0.033132
37000 -4134.17910620 548.36722284 0.351517 5.9923 0.870997 0.091749 0.044638
37100 -4152.53097138 557.48882434 0.357365 5.9923 0.870997 0.091749 -0.028263
37200 -4152.39272079 562.26730420 0.360428 5.9923 0.870997 0.091749 -0.007257
37300 -4147.84803781 565.86680076 0.362735 5.9923 0.870997 0.091749 0.016267
37400 -4141.93970517 551.35157054 0.353430 5.9923 0.870997 0.091749 0.033458
37500 -4153.35553908 542.49686126 0.347754 5.9897 0.873292 0.090456 -0.016815
37600 -4164.09579534 549.61214246 0.352315 5.9897 0.873292 0.090456 -0.069678
37700 -4139.79399365 537.36147241 0.344462 5.9897 0.873292 0.090456 0.036437
37800 -4160.58682860 545.30852680 0.349557 5.9897 0.873292 0.090456 -0.031873
37900 -4154.38535442 554.98666083 0.355761 5.9897 0.873292 0.090456 -0.005844
38000 -4144.17725555 575.06501363 0.368631 5.9962 0.873017 0.090260 0.039694
38100 -4150.71499951 559.40277324 0.358592 5.9962 0.873017 0.090260 0.036725
38200 -4163.48788457 560.04135508 0.359001 5.9962 0.873017 0.090260 -0.018877
38300 -4168.58848700 556.46317500 0.356707 5.9962 0.873017 0.090260 -0.064109
38400 -4165.27507621 550.74672023 0.353043 5.9962 0.873017 0.090260 -0.021891
38500 -4171.23693918 560.17018507 0.359083 5.9949 0.875683 0.087740 -0.031473
38600 -4161.11048595 578.45913576 0.370807 5.9949 0.875683 0.087740 0.013543
38700 -4176.49348640 584.47523767 0.374664 5.9949 0.875683 0.087740 -0.085450
38800 -4137.98264477 573.23948601 0.367461 5.9949 0.875683 0.087740 0.095892
38900 -4167.09117882 588.03299318 0.376944 5.9949 0.875683 0.087740 -0.044575
39000 -4147.14999161 588.25759108 0.377088 5.9897 0.865556 0.096223 0.039269
39100 -4138.80330913 568.67699460 0.364537 5.9897 0.865556 0.096223 0.027316
39200 -4136.35863282 570.28945534 0.365570 5.9897 0.865556 0.096223 0.024657
39300 -4134.74921772 554.33687140 0.355344 5.9897 0.865556 0.096223 0.054587
39400 -4128.19019593 552.70376987 0.354297 5.9897 0.865556 0.096223 0.037482
39500 -4157.74309228 557.56924454 0.357416 5.9949 0.873069 0.091382 -0.078674
39600 -4140.10507954 565.30450912 0.362375 5.9949 0.873069 0.091382 0.020092
39700 -4156.28159374 562.93024291 0.360853 5.9949 0.873069 0.091382 -0.047054
39800 -4141.93600069 558.44344284 0.357977 5.9949 0.873069 0.091382 0.030090
39900 -4137.89050643 553.07211580 0.354533 5.9949 0.873069 0.091382 0.056866
40000 -4151.72911343 554.88329370 0.355694 5.9923 0.869088 0.090706 -0.024650
40100 -4159.21604262 568.83964364 0.364641 5.9923 0.869088 0.090706 -0.012814
40200 -4141.98137367 585.10380934 0.375067 5.9923 0.869088 0.090706 0.029781
40300 -4145.81438253 568.67731000 0.364537 5.9923 0.869088 0.090706 -0.008836
40400 -4151.33714914 566.74867704 0.363300 5.9923 0.869088 0.090706 -0.018546
40500 -4153.78166549 571.51390627 0.366355 5.9910 0.869897 0.090259 -0.031230
40600 -4140.45774110 557.48938176 0.357365 5.9910 0.869897 0.090259 0.016295
40700 -4136.14651283 570.36451408 0.365618 5.9910 0.869897 0.090259 0.044377
40800 -4123.99504908 571.63864498 0.366435 5.9910 0.869897 0.090259 0.090560
40900 -4119.02202629 571.64585630 0.366440 5.9910 0.869897 0.090259 0.110811
41000 -4120.38104696 569.62990983 0.365147 5.9872 0.862648 0.095912 0.070482
41100 -4137.46852125 565.07417244 0.362227 5.9872 0.862648 0.095912 -0.032452
41200 -4128.59849645 577.85120540 0.370417 5.9872 0.862648 0.095912 0.043767
41300 -4120.25722680 580.66480152 0.372221 5.9872 0.862648 0.095912 0.066390
41400 -4133.92598591 554.21341448 0.355265 5.9872 0.862648 0.095912 -0.025058
41500 -4138.50481938 565.15963719 0.362282 5.9910 0.873410 0.090029 -0.007811
41600 -4138.98174189 543.24625047 0.348235 5.9910 0.873410 0.090029 -0.016573
41700 -4154.73449265 553.62416365 0.354887 5.9910 0.873410 0.090029 -0.037511
41800 -4167.11296232 561.57176628 0.359982 5.9910 0.873410 0.090029 -0.101001
41900 -4157.80229706 562.64947617 0.360673 5.9910 0.873410 0.090029 -0.061728
42000 -4135.38855599 544.53254904 0.349059 5.9962 0.870020 0.089673 0.059595
42100 -4147.68478245 568.43121496 0.364379 5.9962 0.870020 0.089673 0.022097
42200 -4145.76957478 579.44711304 0.371440 5.9962 0.870020 0.089673 0.044963
42300 -4123.57216688 574.68265342 0.368386 5.9962 0.870020 0.089673 0.116510
42400 -4155.87317284 557.32716541 0.357261 5.9962 0.870020 0.089673 -0.076510
42500 -4140.52078880 535.89821031 0.343524 6.0000 0.872716 0.090058 0.010205
42600 -4154.41458327 551.03150592 0.353225 6.0000 0.872716 0.090058 -0.034166
42700 -4152.46743387 557.61182477 0.357443 6.0000 0.872716 0.090058 -0.013204
42800 -4147.86384355 561.54443728 0.359964 6.0000 0.872716 0.090058 -0.010005
42900 -4159.67843127 589.38955880 0.377814 6.0000 0.872716 0.090058 -0.074828
43000 -4164.75961934 574.90985588 0.368532 5.9949 0.877172 0.088967 -0.086877
43100 -4181.46385557 557.43000168 0.357327 5.9949 0.877172 0.088967 -0.146230
43200 -4175.35194085 561.29020072 0.359801 5.9949 0.877172 0.088967 -0.078737
43300 -4138.67436508 560.13734778 0.359062 5.9949 0.877172 0.088967 0.105198
43400 -4133.08168707 549.90169031 0.352501 5.9949 0.877172 0.088967 0.109219
43500 -4153.49547886 580.84413611 0.372336 5.9923 0.870378 0.090283 0.014749
43600 -4138.29228955 565.46050273 0.362475 5.9923 0.870378 0.090283 0.065930
43700 -4154.98860627 587.44800442 0.376569 5.9923 0.870378 0.090283 -0.023292
43800 -4160.22919310 575.73822086 0.369063 5.9923 0.870378 0.090283 -0.071496
43900 -4138.97553063 574.10951899 0.368019 5.9923 0.870378 0.090283 0.036597
44000 -4147.12260111 554.05480292 0.355163 5.9936 0.870486 0.092456 -0.008156
44100 -4157.99950971 548.22582796 0.351427 5.9936 0.870486 0.092456 -0.044635
44200 -4174.74491373 594.38510260 0.381016 5.9936 0.870486 0.092456 -0.101329
44300 -4152.19234233 566.46473663 0.363118 5.9936 0.870486 0.092456 -0.001605
44400 -4153.30540761 569.16728723 0.364851 5.9936 0.870486 0.092456 0.007535
44500 -4138.50250648 558.07673171 0.357741 5.9923 0.857432 0.093509 0.033678
44600 -4170.76591856 555.45980530 0.356064 5.9923 0.857432 0.093509 -0.106514
44700 -4146.23342944 537.09435830 0.344291 5.9923 0.857432 0.093509 0.019749
44800 -4150.50982282 571.66536671 0.366452 5.9923 0.857432 0.093509 0.027253
44900 -4152.85657840 558.37308274 0.357931 5.9923 0.857432 0.093509 -0.007697
45000 -4160.37003839 561.19140787 0.359738 5.9936 0.878392 0.087338 -0.027036
45100 -4178.43247240 576.67836534 0.369666 5.9936 0.878392 0.087338 -0.093606
45200 -4147.09194954 557.22312837 0.357194 5.9936 0.878392 0.087338 0.051612
45300 -4158.23665826 563.31749820 0.361101 5.9936 0.878392 0.087338 -0.023636
45400 -4165.94919056 563.12654219 0.360979 5.9936 0.878392 0.087338 -0.045761
45500 -4163.66971303 555.66493596 0.356195 5.9974 0.878288 0.086544 -0.042890
45600 -4161.62509008 563.64528167 0.361311 5.9974 0.878288 0.086544 -0.015238
45700 -4176.59647986 574.80880281 0.368467 5.9974 0.878288 0.086544 -0.065702
45800 -4136.55330690 567.18201934 0.363578 5.9974 0.878288 0.086544 0.106062
45900 -4144.65399136 556.46172108 0.356706 5.9974 0.878288 0.086544 0.060526
46000 -4147.82450216 560.28860564 0.359159 5.9936 0.869954 0.089677 0.038439
46100 -4142.46693456 545.41685137 0.349626 5.9936 0.869954 0.089677 0.046444
46200 -4157.14670233 562.53325878 0.360598 5.9936 0.869954 0.089677 -0.034097
46300 -4142.60038592 545.20043112 0.349487 5.9936 0.869954 0.089677 0.041422
46400 -4152.17729733 558.88946965 0.358262 5.9936 0.869954 0.089677 -0.005132
46500 -4172.84708628 569.10295348 0.364810 5.9897 0.877546 0.089768 -0.058583
46600 -4152.75554630 557.18302785 0.357169 5.9897 0.877546 0.089768 0.035107
46700 -4147.23433165 557.88292928 0.357617 5.9897 0.877546 0.089768 0.031224
46800 -4148.98544139 576.68171226 0.369668 5.9897 0.877546 0.089768 0.037980
46900 -4165.30703069 566.04674574 0.362850 5.9897 0.877546 0.089768 -0.037312
47000 -4170.35757661 559.76737428 0.358825 5.9910 0.871385 0.090558 -0.050253
47100 -4159.99498630 559.44701576 0.358620 5.9910 0.871385 0.090558 -0.018785
47200 -4155.96219730 539.92271906 0.346104 5.9910 0.871385 0.090558 -0.006069
47300 -4156.94609268 527.25404671 0.337983 5.9910 0.871385 0.090558 0.011329
47400 -4174.59404939 534.34964651 0.342532 5.9910 0.871385 0.090558 -0.043295
47500 -4209.15536362 547.95842336 0.351255 5.9923 0.887946 0.086170 -0.170384
47600 -4180.56577546 541.07148019 0.346841 5.9923 0.887946 0.086170 -0.013581
47700 -4187.68841353 558.20976507 0.357827 5.9923 0.887946 0.086170 -0.046871
47800 -4194.75215661 578.73169586 0.370982 5.9923 0.887946 0.086170 -0.086379
47900 -4185.54098826 574.05285704 0.367983 5.9923 0.887946 0.086170 -0.009871
48000 -4182.50487399 554.24995563 0.355288 5.9962 0.881135 0.087626 0.006908
48100 -4166.93839919 560.77617084 0.359472 5.9962 0.881135 0.087626 0.058411
48200 -4164.74383884 536.67812291 0.344024 5.9962 0.881135 0.087626 0.049004
48300 -4163.02814738 542.33596286 0.347651 5.9962 0.881135 0.087626 0.041766
48400 -4158.07529326 549.78701604 0.352428 5.9962 0.881135 0.087626 0.083036
48500 -4134.30244439 563.77641398 0.361395 5.9962 0.869695 0.092633 0.170285
48600 -4141.20594566 557.07204552 0.357097 5.9962 0.869695 0.092633 0.090850
48700 -4142.39906881 567.64399350 0.363874 5.9962 0.869695 0.092633 0.060152
48800 -4151.06705806 555.41360292 0.356034 5.9962 0.869695 0.092633 -0.022913
48900 -4160.21238633 557.92034602 0.357641 5.9962 0.869695 0.092633 -0.039887
49000 -4153.08436810 562.48894559 0.360570 5.9962 0.874990 0.088817 -0.003137
49100 -4144.44585751 540.97423283 0.346778 5.9962 0.874990 0.088817 0.057169
49200 -4169.46153787 561.77052480 0.360109 5.9962 0.874990 0.088817 -0.071786
49300 -4159.96178966 556.87015850 0.356968 5.9962 0.874990 0.088817 -0.018961
49400 -4148.59863791 546.37492916 0.350240 5.9962 0.874990 0.088817 0.045640
49500 -4187.70644707 555.64922599 0.356185 6.0000 0.881329 0.087508 -0.150916
49600 -4135.25883725 547.47461031 0.350945 6.0000 0.881329 0.087508 0.156014
49700 -4158.06000183 556.84696216 0.356953 6.0000 0.881329 0.087508 -0.011685
49800 -4161.04010741 570.95196133 0.365995 6.0000 0.881329 0.087508 0.013270
49900 -4172.51103013 576.90385198 0.369810 6.0000 0.881329 0.087508 -0.053907
50000 -4147.30708178 545.70443757 0.349811 5.9962 0.873468 0.090119 0.062819
50100 -4166.35994695 535.17750751 0.343063 5.9962 0.873468 0.090119 -0.030347
50200 -4191.45487378 542.80307534 0.347951 5.9962 0.873468 0.090119 -0.125662
50300 -4168.08236648 553.58185688 0.354860 5.9962 0.873468 0.090119 0.026020
50400 -4163.72094344 561.71073973 0.360071 5.9962 0.873468 0.090119 0.052176
50500 -4185.46359372 571.71142790 0.366482 5.9949 0.881477 0.085706 -0.056368
50600 -4164.30619719 577.70915829 0.370326 5.9949 0.881477 0.085706 0.060312
50700 -4141.01287658 582.08311568 0.373130 5.9949 0.881477 0.085706 0.093891
50800 -4152.68925391 555.12965780 0.355852 5.9949 0.881477 0.085706 0.037807
50900 -4145.02368566 555.06640773 0.355812 5.9949 0.881477 0.085706 0.035522
51000 -4144.31995758 557.08436999 0.357105 5.9910 0.865488 0.090536 0.033454
51100 -4147.40189272 559.60736922 0.358723 5.9910 0.865488 0.090536 0.009218
51200 -4148.11184835 562.36752920 0.360492 5.9910 0.865488 0.090536 0.001396
51300 -4163.82071971 571.79821579 0.366537 5.9910 0.865488 0.090536 -0.049476
51400 -4143.39963558 546.28443837 0.350182 5.9910 0.865488 0.090536 0.033932
51500 -4149.40062518 564.10585768 0.361606 5.9923 0.872802 0.090408 0.018408
51600 -4157.38735951 577.42655055 0.370145 5.9923 0.872802 0.090408 -0.040810
51700 -4138.91833415 569.59018193 0.365122 5.9923 0.872802 0.090408 0.040318
51800 -4158.08092696 565.48523076 0.362491 5.9923 0.872802 0.090408 -0.047113
51900 -4146.73867041 558.58301096 0.358066 5.9923 0.872802 0.090408 -0.005123
52000 -4164.24042598 560.19552279 0.359100 5.9936 0.872247 0.088257 -0.050135
52100 -4173.10150431 563.47094181 0.361199 5.9936 0.872247 0.088257 -0.073109
52200 -4160.71061348 563.97873215 0.361525 5.9936 0.872247 0.088257 0.001808
52300 -4149.72022391 562.52695091 0.360594 5.9936 0.872247 0.088257 0.052371
52400 -4131.15624564 568.68718051 0.364543 5.9936 0.872247 0.088257 0.091104
52500 -4164.20243149 573.15778327 0.367409 5.9974 0.871215 0.088800 -0.076060
52600 -4138.97407872 540.24094038 0.346308 5.9974 0.871215 0.088800 0.042511
52700 -4146.10802869 547.30191332 0.350835 5.9974 0.871215 0.088800 0.026879
52800 -4148.77182938 552.97414537 0.354471 5.9974 0.871215 0.088800 0.014250
52900 -4147.63585865 541.73669044 0.347267 5.9974 0.871215 0.088800 0.020875
53000 -4160.65120374 547.02941862 0.350660 5.9910 0.871233 0.089917 -0.032863
53100 -4177.59182548 581.32044941 0.372641 5.9910 0.871233 0.089917 -0.107209
53200 -4161.77546904 561.68820311 0.360057 5.9910 0.871233 0.089917 -0.018677
53300 -4156.75857183 568.05352257 0.364137 5.9910 0.871233 0.089917 -0.020933
53400 -4158.45993103 553.47864301 0.354794 5.9910 0.871233 0.089917 -0.018262
53500 -4155.49668330 543.00310668 0.348079 5.9949 0.880405 0.088589 0.000903
53600 -4148.44891848 561.49450520 0.359932 5.9949 0.880405 0.088589 0.032649
53700 -4139.80098435 525.39033015 0.336789 5.9949 0.880405 0.088589 0.066691
53800 -4167.44594230 562.62963887 0.360660 5.9949 0.880405 0.088589 -0.044613
53900 -4170.17109497 559.95187440 0.358944 5.9949 0.880405 0.088589 -0.055443
54000 -4141.96739446 551.96586500 0.353824 5.9897 0.870054 0.090892 0.092890
54100 -4164.73684470 553.86552390 0.355042 5.9897 0.870054 0.090892 -0.035832
54200 -4154.24129559 563.03768789 0.360922 5.9897 0.870054 0.090892 0.039723
54300 -4167.15735704 569.39170148 0.364995 5.9897 0.870054 0.090892 -0.029793
54400 -4146.24543151 560.46422631 0.359272 5.9897 0.870054 0.090892 0.050324
54500 -4175.90865270 570.43674248 0.365665 5.9962 0.881802 0.087142 -0.057310
54600 -4157.19244217 555.80351030 0.356284 5.9962 0.881802 0.087142 0.029429
54700 -4169.59205354 560.70056981 0.359423 5.9962 0.881802 0.087142 -0.048558
54800 -4160.30768637 568.32472165 0.364311 5.9962 0.881802 0.087142 -0.011626
54900 -4172.38592853 555.82931510 0.356301 5.9962 0.881802 0.087142 -0.050841
55000 -4184.38267241 549.27366785 0.352099 5.9923 0.879912 0.086787 -0.110779
55100 -4179.69236091 555.16390727 0.355874 5.9923 0.879912 0.086787 -0.058957
55200 -4172.49847272 543.56692124 0.348440 5.9923 0.879912 0.086787 -0.034173
55300 -4183.05019299 543.83809656 0.348614 5.9923 0.879912 0.086787 -0.047809
55400 -4183.74045997 534.09393334 0.342368 5.9923 0.879912 0.086787 -0.037235
55500 -4169.08833428 530.52539639 0.340080 5.9962 0.873780 0.089562 0.044140
55600 -4179.63689761 563.26973638 0.361070 5.9962 0.873780 0.089562 -0.004163
55700 -4173.23788655 566.17248320 0.362931 5.9962 0.873780 0.089562 0.014378
55800 -4176.58651897 585.04686946 0.375030 5.9962 0.873780 0.089562 -0.001813
55900 -4166.48605976 560.51831287 0.359307 5.9962 0.873780 0.089562 0.035587
56000 -4180.31251080 566.79704710 0.363331 5.9987 0.877648 0.087625 -0.045367
56100 -4159.55158319 565.45471304 0.362471 5.9987 0.877648 0.087625 0.049799
56200 -4133.46588046 551.70099524 0.353654 5.9987 0.877648 0.087625 0.176954
56300 -4174.31206838 578.97876078 0.371140 5.9987 0.877648 0.087625 -0.044149
56400 -4149.96452778 533.83148738 0.342200 5.9987 0.877648 0.087625 0.051745
56500 -4161.41590181 560.35202992 0.359200 5.9962 0.873677 0.091273 0.025236
56600 -4170.90966173 561.56613330 0.359978 5.9962 0.873677 0.091273 -0.042036
56700 -4182.09519042 574.94290561 0.368553 5.9962 0.873677 0.091273 -0.070350
56800 -4185.30559682 576.80607295 0.369747 5.9962 0.873677 0.091273 -0.109194
56900 -4176.18822613 574.19870385 0.368076 5.9962 0.873677 0.091273 -0.046601
57000 -4163.94892281 562.79599711 0.360767 5.9987 0.877305 0.088122 -0.028757
57100 -4146.62003045 562.99670924 0.360895 5.9987 0.877305 0.088122 0.099660
57200 -4164.65170548 574.99344452 0.368586 5.9987 0.877305 0.088122 -0.009650
57300 -4139.98055809 549.56359183 0.352284 5.9987 0.877305 0.088122 0.089972
57400 -4161.58325891 559.03822443 0.358358 5.9987 0.877305 0.088122 -0.036718
57500 -4142.35219980 572.76464320 0.367157 5.9936 0.869705 0.091801 0.070910
57600 -4135.84398742 572.75592896 0.367151 5.9936 0.869705 0.091801 0.066009
57700 -4142.04246023 579.12291806 0.371233 5.9936 0.869705 0.091801 0.040183
57800 -4139.13039237 557.34749423 0.357274 5.9936 0.869705 0.091801 0.027642
57900 -4160.10761217 547.89483740 0.351215 5.9936 0.869705 0.091801 -0.070356
58000 -4147.58530150 553.28854390 0.354672 5.9859 0.864740 0.092795 0.024852
58100 -4145.04964889 547.15559175 0.350741 5.9859 0.864740 0.092795 0.028697
58200 -4169.58370663 556.93980888 0.357013 5.9859 0.864740 0.092795 -0.090350
58300 -4156.63373908 563.72035172 0.361359 5.9859 0.864740 0.092795 -0.000527
58400 -4165.72670845 576.53750963 0.369575 5.9859 0.864740 0.092795 -0.023969
58500 -4123.81333541 553.30900130 0.354685 5.9885 0.863484 0.092558 0.146390
58600 -4152.99247234 552.11465041 0.353920 5.9885 0.863484 0.092558 0.016980
58700 -4166.17386677 541.22102825 0.346937 5.9885 0.863484 0.092558 -0.044483
58800 -4164.18185613 563.38784153 0.361146 5.9885 0.863484 0.092558 -0.000730
58900 -4170.23317786 584.26396568 0.374528 5.9885 0.863484 0.092558 -0.019744
59000 -4154.95333336 567.53155174 0.363802 5.9962 0.872202 0.090345 -0.003915
59100 -4163.46539293 563.40304027 0.361156 5.9962 0.872202 0.090345 -0.019011
59200 -4166.47706775 555.15023112 0.355866 5.9962 0.872202 0.090345 -0.017463
59300 -4149.38952977 531.57458104 0.340753 5.9962 0.872202 0.090345 0.047299
59400 -4179.17609415 565.23114022 0.362328 5.9962 0.872202 0.090345 -0.069788
59500 -4172.77692456 580.03913496 0.371820 5.9923 0.875763 0.088039 -0.047678
59600 -4157.95916810 566.14625500 0.362914 5.9923 0.875763 0.088039 0.017778
59700 -4133.15034271 553.42955112 0.354763 5.9923 0.875763 0.088039 0.140091
59800 -4147.77322549 562.17781469 0.360370 5.9923 0.875763 0.088039 0.045531
59900 -4141.74452808 572.61341701 0.367060 5.9923 0.875763 0.088039 0.083906
60000 -4146.14598740 554.90094422 0.355706 5.9962 0.875492 0.087681 0.027303
60100 -4162.85034132 555.47687848 0.356075 5.9962 0.875492 0.087681 -0.026883
60200 -4166.72107611 548.16773898 0.351390 5.9962 0.875492 0.087681 -0.046110
60300 -4156.42590089 574.36199691 0.368181 5.9962 0.875492 0.087681 0.013426
60400 -4176.25340459 598.80275062 0.383848 5.9962 0.875492 0.087681 -0.103638
60500 -4128.30249252 544.65834890 0.349140 5.9974 0.864698 0.093871 0.095581
60600 -4132.96122796 567.15069819 0.363558 5.9974 0.864698 0.093871 0.083808
60700 -4145.20531289 566.43866495 0.363102 5.9974 0.864698 0.093871 -0.038760
60800 -4151.59640897 587.42912195 0.376557 5.9974 0.864698 0.093871 0.001765
60900 -4152.73213978 553.23796032 0.354640 5.9974 0.864698 0.093871 -0.018504
61000 -4143.28397523 562.31740638 0.360460 5.9962 0.873475 0.089460 0.036574
61100 -4170.34304172 575.74067265 0.369065 5.9962 0.873475 0.089460 -0.107014
61200 -4155.21672397 558.46393816 0.357990 5.9962 0.873475 0.089460 -0.011726
61300 -4159.33338555 556.42610646 0.356683 5.9962 0.873475 0.089460 -0.003938
61400 -4140.11906922 539.86628639 0.346068 5.9962 0.873475 0.089460 0.070174
61500 -4150.29688240 529.25663139 0.339267 5.9949 0.869736 0.090655 0.033713
61600 -4166.92644513 560.75430743 0.359458 5.9949 0.869736 0.090655 -0.036745
61700 -4163.59498530 555.02717677 0.355787 5.9949 0.869736 0.090655 0.003326
61800 -4161.41490935 548.44231394 0.351566 5.9949 0.869736 0.090655 0.029399
61900 -4167.81854442 563.46239405 0.361194 5.9949 0.869736 0.090655 -0.016204
62000 -4169.07508409 552.88618447 0.354414 5.9910 0.878864 0.088961 -0.004104
62100 -4169.24261196 531.96283315 0.341002 5.9910 0.878864 0.088961 -0.018538
62200 -4199.89957685 557.15356716 0.357150 5.9910 0.878864 0.088961 -0.127361
62300 -4199.54404844 533.80531293 0.342183 5.9910 0.878864 0.088961 -0.103286
62400 -4197.85600879 544.20655221 0.348850 5.9910 0.878864 0.088961 -0.055284
62500 -4188.74362201 549.21508320 0.352061 5.9910 0.879266 0.088251 0.018756
62600 -4171.97460465 554.22159372 0.355270 5.9910 0.879266 0.088251 0.086571
62700 -4191.88632932 567.10355759 0.363528 5.9910 0.879266 0.088251 -0.045913
62800 -4177.26157482 553.59404048 0.354868 5.9910 0.879266 0.088251 0.014854
62900 -4167.09657027 580.02417062 0.371810 5.9910 0.879266 0.088251 0.051437
63000 -4163.01093953 547.49363312 0.350957 5.9910 0.874638 0.089778 0.034322
63100 -4164.02862098 543.88578289 0.348645 5.9910 0.874638 0.089778 0.042102
63200 -4178.68649811 566.31180722 0.363020 5.9910 0.874638 0.089778 -0.016528
63300 -4168.32287100 533.21442503 0.341804 5.9910 0.874638 0.089778 0.004235
63400 -4181.25363872 567.57672433 0.363831 5.9910 0.874638 0.089778 -0.043848
63500 -4176.16084944 558.07922601 0.357743 5.9962 0.881236 0.086772 -0.021720
63600 -4187.36522089 554.84441871 0.355669 5.9962 0.881236 0.086772 -0.050124
63700 -4188.26016730 562.41599508 0.360523 5.9962 0.881236 0.086772 -0.063749
63800 -4186.68841114 570.14986600 0.365481 5.9962 0.881236 0.086772 -0.039328
63900 -4172.24619291 543.45364002 0.348368 5.9962 0.881236 0.086772 0.025158
64000 -4170.02406581 546.96719297 0.350620 5.9936 0.872803 0.089976 0.017699
64100 -4173.68229969 563.24852135 0.361057 5.9936 0.872803 0.089976 0.009447
64200 -4160.04615174 557.48746500 0.357364 5.9936 0.872803 0.089976 0.041115
64300 -4149.70515517 562.74099208 0.360731 5.9936 0.872803 0.089976 0.111249
64400 -4150.32000553 559.98458302 0.358964 5.9936 0.872803 0.089976 0.059156
64500 -4140.09436309 573.15100907 0.367404 5.9962 0.867404 0.092201 0.090003
64600 -4150.08075577 586.66039814 0.376064 5.9962 0.867404 0.092201 0.015109
64700 -4145.99570762 582.41261467 0.373341 5.9962 0.867404 0.092201 0.013134
64800 -4139.94824656 574.81830269 0.368473 5.9962 0.867404 0.092201 0.036649
64900 -4149.02458607 565.77651499 0.362677 5.9962 0.867404 0.092201 -0.044694
65000 -4145.03508911 564.63768772 0.361947 5.9962 0.873534 0.089504 0.022910
65100 -4159.67924962 564.01428007 0.361548 5.9962 0.873534 0.089504 -0.076080
65200 -4161.10761897 551.50731239 0.353530 5.9962 0.873534 0.089504 -0.078879
65300 -4147.21013632 569.86710099 0.365299 5.9962 0.873534 0.089504 0.021045
65400 -4145.63316767 557.39019223 0.357301 5.9962 0.873534 0.089504 0.047075
65500 -4154.00675388 552.65983666 0.354269 5.9910 0.873509 0.089339 -0.006470
65600 -4162.08946964 564.16891530 0.361647 5.9910 0.873509 0.089339 -0.031630
65700 -4155.81899356 549.32338646 0.352130 5.9910 0.873509 0.089339 -0.008139
65800 -4161.83648382 542.03835668 0.347460 5.9910 0.873509 0.089339 -0.036592
65900 -4165.65026044 555.65661231 0.356190 5.9910 0.873509 0.089339 -0.022526
66000 -4146.60146169 556.46128712 0.356706 5.9872 0.872059 0.092647 0.110946
66100 -4160.79131111 547.42832719 0.350916 5.9872 0.872059 0.092647 -0.021764
66200 -4160.40261491 553.59796657 0.354870 5.9872 0.872059 0.092647 0.014187
66300 -4166.59190593 536.87224732 0.344149 5.9872 0.872059 0.092647 0.010425
66400 -4178.97061059 552.63766766 0.354255 5.9872 0.872059 0.092647 -0.042900
66500 -4164.42450140 581.90321727 0.373015 5.9910 0.877161 0.089271 0.038817
66600 -4146.68013507 573.15980138 0.367410 5.9910 0.877161 0.089271 0.066938
66700 -4157.99368862 578.03019455 0.370532 5.9910 0.877161 0.089271 0.006513
66800 -4154.42241983 552.05358035 0.353881 5.9910 0.877161 0.089271 0.010800
66900 -4161.45747977 533.80130443 0.342180 5.9910 0.877161 0.089271 -0.015439
67000 -4163.85573983 550.30461558 0.352759 5.9974 0.880554 0.087476 -0.027285
67100 -4142.59092955 569.68030140 0.365180 5.9974 0.880554 0.087476 0.083793
67200 -4144.44394577 572.18902101 0.366788 5.9974 0.880554 0.087476 0.065460
67300 -4139.97773718 547.62263601 0.351040 5.9974 0.880554 0.087476 0.054493
67400 -4164.24013897 554.79534478 0.355638 5.9974 0.880554 0.087476 -0.042557
67500 -4150.50786609 558.92279385 0.358284 5.9949 0.878662 0.088180 0.061538
67600 -4134.72780816 556.74977677 0.356891 5.9949 0.878662 0.088180 0.117001
67700 -4136.41223510 571.53022436 0.366366 5.9949 0.878662 0.088180 0.069985
67800 -4157.17468204 544.44080671 0.349001 5.9949 0.878662 0.088180 -0.049521
67900 -4151.64648447 545.05687568 0.349395 5.9949 0.878662 0.088180 -0.008556
68000 -4180.76494922 570.56652234 0.365748 5.9974 0.882211 0.086331 -0.074070
68100 -4175.00963866 563.70503805 0.361349 5.9974 0.882211 0.086331 -0.060386
68200 -4154.47075372 572.04815329 0.366698 5.9974 0.882211 0.086331 0.063247
68300 -4170.45902408 580.52790883 0.372133 5.9974 0.882211 0.086331 -0.039374
68400 -4147.28070734 555.66873745 0.356198 5.9974 0.882211 0.086331 0.059183
68500 -4156.04799632 555.54403767 0.356118 5.9974 0.878288 0.087122 -0.003734
68600 -4166.33892900 563.07480651 0.360945 5.9974 0.878288 0.087122 -0.030137
68700 -4164.17868078 544.64485631 0.349131 5.9974 0.878288 0.087122 -0.007872
68800 -4143.96684554 540.13548584 0.346241 5.9974 0.878288 0.087122 0.105735
68900 -4162.62882799 577.52395711 0.370208 5.9974 0.878288 0.087122 -0.004218
69000 -4148.82461621 553.48054594 0.354795 6.0000 0.873462 0.090435 0.066453
69100 -4164.30405228 567.99342122 0.364098 6.0000 0.873462 0.090435 -0.025257
69200 -4172.05700967 563.66707324 0.361325 6.0000 0.873462 0.090435 -0.060655
69300 -4175.47899340 560.89925962 0.359551 6.0000 0.873462 0.090435 -0.058679
69400 -4163.65381029 553.64147770 0.354898 6.0000 0.873462 0.090435 0.029296
69500 -4158.30251528 582.16889718 0.373185 5.9987 0.879347 0.088644 0.053331
69600 -4139.60017119 574.23767398 0.368101 5.9987 0.879347 0.088644 0.116176
69700 -4153.10124006 559.55495175 0.358689 5.9987 0.879347 0.088644 -0.025513
69800 -4160.03803723 582.62206902 0.373476 5.9987 0.879347 0.088644 -0.016308
69900 -4166.40495566 547.79350351 0.351150 5.9987 0.879347 0.088644 -0.039795
70000 -4181.53986660 545.03747572 0.349383 5.9923 0.871790 0.089485 -0.118645
70100 -4168.30562510 546.36877415 0.350236 5.9923 0.871790 0.089485 -0.025451
70200 -4182.43639276 573.76901205 0.367801 5.9923 0.871790 0.089485 -0.045728
70300 -4166.78224820 566.29117362 0.363007 5.9923 0.871790 0.089485 0.010835
70400 -4149.22223182 564.84395292 0.362079 5.9923 0.871790 0.089485 0.075197
70500 -4145.48839620 547.67831647 0.351076 5.9923 0.865924 0.090838 0.068860
70600 -4164.95045560 554.30516657 0.355324 5.9923 0.865924 0.090838 -0.034720
70700 -4160.57298652 571.82274701 0.366553 5.9923 0.865924 0.090838 -0.002946
70800 -4163.00836831 574.19750077 0.368075 5.9923 0.865924 0.090838 -0.020743
70900 -4138.88629586 551.45631330 0.353498 5.9923 0.865924 0.090838 0.030921
71000 -4166.12913304 563.10003445 0.360962 5.9923 0.873107 0.088014 -0.073963
71100 -4151.15936298 546.28495380 0.350183 5.9923 0.873107 0.088014 0.012526
71200 -4157.49022239 556.66894262 0.356839 5.9923 0.873107 0.088014 -0.001794
71300 -4164.66460213 586.19487905 0.375766 5.9923 0.873107 0.088014 -0.009668
71400 -4150.37420124 546.54996148 0.350353 5.9923 0.873107 0.088014 0.056536
71500 -4160.75623185 560.23669160 0.359126 5.9949 0.872991 0.089768 0.001734
71600 -4158.15869649 558.71854939 0.358153 5.9949 0.872991 0.089768 -0.010722
71700 -4166.52159912 582.49842672 0.373396 5.9949 0.872991 0.089768 -0.029890
71800 -4157.57526894 549.11138584 0.351994 5.9949 0.872991 0.089768 0.011474
71900 -4163.54000269 593.35984630 0.380359 5.9949 0.872991 0.089768 -0.001137
72000 -4153.39449664 551.58649142 0.353581 5.9923 0.872458 0.089617 0.003450
72100 -4174.74287951 561.77266576 0.360111 5.9923 0.872458 0.089617 -0.101179
72200 -4156.59832714 571.65875420 0.366448 5.9923 0.872458 0.089617 0.021238
72300 -4134.01375356 543.50494110 0.348401 5.9923 0.872458 0.089617 0.108403
72400 -4149.36583638 569.93229188 0.365341 5.9923 0.872458 0.089617 0.016435
72500 -4150.61705703 546.25413861 0.350163 5.9962 0.869570 0.090548 0.040422
72600 -4162.93425176 554.35109760 0.355353 5.9962 0.869570 0.090548 -0.022797
72700 -4153.33415186 581.88131279 0.373001 5.9962 0.869570 0.090548 0.005220
72800 -4127.17016973 566.94976719 0.363429 5.9962 0.869570 0.090548 0.102885
72900 -4129.77411219 551.74737887 0.353684 5.9962 0.869570 0.090548 0.073625
73000 -4157.63014223 576.70752532 0.369684 5.9897 0.863230 0.092534 -0.043609
73100 -4149.27281806 565.73895071 0.362653 5.9897 0.863230 0.092534 -0.032234
73200 -4144.69960618 559.83213014 0.358867 5.9897 0.863230 0.092534 -0.022913
73300 -4140.08191393 551.60219399 0.353591 5.9897 0.863230 0.092534 0.034586
73400 -4144.75096355 528.75612715 0.338946 5.9897 0.863230 0.092534 0.026148
73500 -4174.72107889 546.73441883 0.350471 5.9936 0.879117 0.087404 -0.103936
73600 -4160.92248342 546.12452984 0.350080 5.9936 0.879117 0.087404 0.005641
73700 -4174.72167962 552.97646841 0.354472 5.9936 0.879117 0.087404 -0.066766
73800 -4139.80229063 569.66280889 0.365168 5.9936 0.879117 0.087404 0.139569
73900 -4148.99216436 551.71584310 0.353664 5.9936 0.879117 0.087404 0.033538
74000 -4160.19735978 574.59960528 0.368333 5.9936 0.872871 0.090661 0.000576
74100 -4148.16599326 555.84506942 0.356311 5.9936 0.872871 0.090661 0.052083
74200 -4137.86701707 560.65594562 0.359395 5.9936 0.872871 0.090661 0.077401
74300 -4140.91755107 565.33249865 0.362393 5.9936 0.872871 0.090661 0.036735
74400 -4143.20965211 570.62486768 0.365785 5.9936 0.872871 0.090661 0.019341
74500 -4150.68745546 570.10101230 0.365449 5.9897 0.873454 0.092610 -0.030005
74600 -4153.60843285 568.72657208 0.364568 5.9897 0.873454 0.092610 -0.050975
74700 -4144.67090304 561.25797414 0.359781 5.9897 0.873454 0.092610 -0.000991
74800 -4149.68047071 562.76715507 0.360748 5.9897 0.873454 0.092610 -0.013671
74900 -4144.57792689 563.56025289 0.361257 5.9897 0.873454 0.092610 0.022455
75000 -4132.04940994 549.04689262 0.351953 5.9910 0.864107 0.092580 0.107340
75100 -4139.51349353 549.59908816 0.352307 5.9910 0.864107 0.092580 0.070624
75200 -4146.32250781 560.35426733 0.359201 5.9910 0.864107 0.092580 0.025999
75300 -4150.11537213 588.89844728 0.377499 5.9910 0.864107 0.092580 -0.024994
75400 -4139.46502640 579.60282759 0.371540 5.9910 0.864107 0.092580 0.015902
75500 -4150.51392288 576.89732729 0.369806 5.9936 0.875009 0.089411 -0.039754
75600 -4160.48090388 583.24682490 0.373876 5.9936 0.875009 0.089411 -0.065209
75700 -4133.27275507 577.70522561 0.370324 5.9936 0.875009 0.089411 0.068026
75800 -4156.86451459 593.68614031 0.380568 5.9936 0.875009 0.089411 -0.049720
75900 -4137.42833713 581.14341790 0.372528 5.9936 0.875009 0.089411 0.034045
76000 -4117.40531573 568.27391388 0.364278 5.9987 0.862209 0.092724 0.118621
76100 -4136.27782477 565.53481155 0.362522 5.9987 0.862209 0.092724 -0.012400
76200 -4142.29747625 581.54367182 0.372784 5.9987 0.862209 0.092724 -0.010914
76300 -4141.26042007 602.81054265 0.386417 5.9987 0.862209 0.092724 -0.020132
76400 -4110.51630886 578.88070975 0.371077 5.9987 0.862209 0.092724 0.119776
76500 -4127.34044017 583.00602037 0.373722 5.9859 0.870904 0.091669 0.030360
76600 -4147.33326245 535.67747673 0.343383 5.9859 0.870904 0.091669 -0.101744
76700 -4136.51930404 536.29491036 0.343779 5.9859 0.870904 0.091669 0.001406
76800 -4170.88788827 556.61118117 0.356802 5.9859 0.870904 0.091669 -0.122739
76900 -4147.81134744 548.26671649 0.351453 5.9859 0.870904 0.091669 -0.010462
77000 -4155.59935136 549.25175541 0.352084 5.9974 0.876335 0.089144 -0.055938
77100 -4157.86368900 557.68922936 0.357493 5.9974 0.876335 0.089144 -0.039279
77200 -4156.32583136 566.66966003 0.363250 5.9974 0.876335 0.089144 -0.014849
77300 -4158.34649047 546.87730227 0.350562 5.9974 0.876335 0.089144 -0.021223
77400 -4166.56609856 584.14900548 0.374454 5.9974 0.876335 0.089144 -0.036102
77500 -4139.76480379 540.16909450 0.346262 5.9936 0.874116 0.089849 0.067340
77600 -4160.42061693 556.92916203 0.357006 5.9936 0.874116 0.089849 -0.017912
77700 -4137.33164518 550.12218926 0.352642 5.9936 0.874116 0.089849 0.099012
77800 -4145.88605417 565.30865334 0.362377 5.9936 0.874116 0.089849 0.021614
77900 -4154.65536623 569.39775641 0.364999 5.9936 0.874116 0.089849 0.005247
78000 -4149.75802574 560.66176786 0.359399 5.9936 0.864278 0.093483 0.031762
78100 -4138.27926154 567.70913865 0.363916 5.9936 0.864278 0.093483 0.040154
78200 -4138.21200446 570.22740300 0.365530 5.9936 0.864278 0.093483 0.038103
78300 -4142.39095300 580.91706095 0.372383 5.9936 0.864278 0.093483 0.016122
78400 -4133.37187127 555.94620699 0.356376 5.9936 0.864278 0.093483 0.056610
78500 -4146.76300310 552.53829762 0.354191 5.9897 0.872044 0.091142 -0.006079
78600 -4152.94555897 564.23808648 0.361691 5.9897 0.872044 0.091142 -0.056732
78700 -4135.61647449 555.91786189 0.356358 5.9897 0.872044 0.091142 0.060238
78800 -4157.36719308 575.09139906 0.368648 5.9897 0.872044 0.091142 -0.039099
78900 -4165.90182883 555.35375098 0.355996 5.9897 0.872044 0.091142 -0.082255
79000 -4146.40323919 563.51100102 0.361225 5.9962 0.869781 0.091531 0.037044
79100 -4141.65852331 570.44038869 0.365667 5.9962 0.869781 0.091531 0.059097
79200 -4160.89467637 556.77912341 0.356910 5.9962 0.869781 0.091531 -0.034786
79300 -4162.15732337 559.36371411 0.358566 5.9962 0.869781 0.091531 -0.040112
79400 -4172.52806625 569.64943118 0.365160 5.9962 0.869781 0.091531 -0.080330
79500 -4166.11181027 550.98981692 0.353199 5.9974 0.875736 0.087300 -0.031851
79600 -4159.33258028 558.73700034 0.358165 5.9974 0.875736 0.087300 0.027318
79700 -4193.66488998 581.26809740 0.372608 5.9974 0.875736 0.087300 -0.142413
79800 -4181.09807530 557.59029884 0.357430 5.9974 0.875736 0.087300 -0.058089
79900 -4186.70602329 566.00689727 0.362825 5.9974 0.875736 0.087300 -0.075422
80000 -4159.93151701 548.38815886 0.351531 5.9949 0.874133 0.089656 0.027553
80100 -4153.44069938 538.51458165 0.345202 5.9949 0.874133 0.089656 0.091414
80200 -4172.64207331 562.47675048 0.360562 5.9949 0.874133 0.089656 -0.003866
80300 -4158.41612837 546.75738938 0.350486 5.9949 0.874133 0.089656 0.036725
80400 -4169.08051690 567.16764347 0.363569 5.9949 0.874133 0.089656 0.004186
80500 -4159.62685080 541.63124137 0.347200 6.0000 0.876027 0.085486 0.023154
80600 -4153.26556767 544.50758549 0.349043 6.0000 0.876027 0.085486 0.098811
80700 -4161.38522868 559.39357786 0.358586 6.0000 0.876027 0.085486 0.017237
80800 -4179.64388826 562.32135913 0.360462 6.0000 0.876027 0.085486 -0.092978
80900 -4160.37944868 560.42254333 0.359245 6.0000 0.876027 0.085486 0.004817
81000 -4183.66606561 557.93489644 0.357651 5.9974 0.880571 0.086508 -0.111152
81100 -4183.99655847 576.69790421 0.369678 5.9974 0.880571 0.086508 -0.076166
81200 -4161.12380929 555.38588064 0.356017 5.9974 0.880571 0.086508 0.041260
81300 -4175.11482617 584.91630027 0.374946 5.9974 0.880571 0.086508 -0.031357
81400 -4129.63730470 518.77112342 0.332546 5.9974 0.880571 0.086508 0.147139
81500 -4184.46451807 567.76425095 0.363951 5.9936 0.882280 0.087838 -0.086258
81600 -4175.55471990 572.09122324 0.366725 5.9936 0.882280 0.087838 -0.034081
81700 -4169.43409075 558.72056647 0.358154 5.9936 0.882280 0.087838 -0.031734
81800 -4184.85230094 556.97058590 0.357032 5.9936 0.882280 0.087838 -0.098984
81900 -4166.63575776 545.85279896 0.349906 5.9936 0.882280 0.087838 0.017757
82000 -4159.70827271 562.33229246 0.360469 6.0000 0.872579 0.088943 0.050172
82100 -4138.60174891 541.53745560 0.347139 6.0000 0.872579 0.088943 0.122361
82200 -4181.04039110 571.21118663 0.366161 6.0000 0.872579 0.088943 -0.059283
82300 -4159.20732005 557.97212637 0.357674 6.0000 0.872579 0.088943 0.023461
82400 -4161.35621943 562.09528994 0.360317 6.0000 0.872579 0.088943 0.016338
82500 -4172.29635955 544.97469144 0.349343 5.9923 0.873625 0.087160 -0.052195
82600 -4177.21383558 550.01301944 0.352572 5.9923 0.873625 0.087160 -0.033952
82700 -4175.24266706 563.33280380 0.361111 5.9923 0.873625 0.087160 -0.036930
82800 -4173.20559998 567.11773943 0.363537 5.9923 0.873625 0.087160 -0.004714
82900 -4183.55140120 584.51237725 0.374687 5.9923 0.873625 0.087160 -0.088768
83000 -4163.72920665 555.12882541 0.355852 5.9949 0.875437 0.089698 0.043112
83100 -4170.49995710 573.52872528 0.367647 5.9949 0.875437 0.089698 -0.011779
83200 -4132.05610854 556.85543639 0.356959 5.9949 0.875437 0.089698 0.145427
83300 -4147.98523350 576.64934059 0.369647 5.9949 0.875437 0.089698 0.044268
83400 -4155.53293892 562.06942853 0.360301 5.9949 0.875437 0.089698 -0.009077
83500 -4158.63071234 564.41386473 0.361804 5.9897 0.875206 0.091224 -0.028980
83600 -4157.65727416 559.39149506 0.358584 5.9897 0.875206 0.091224 -0.004049
83700 -4142.11693067 579.17487329 0.371266 5.9897 0.875206 0.091224 0.053305
83800 -4139.66044768 583.67181735 0.374149 5.9897 0.875206 0.091224 0.043794
83900 -4161.98826351 561.92371126 0.360208 5.9897 0.875206 0.091224 -0.095368
84000 -4183.81193115 568.19843764 0.364230 5.9949 0.883152 0.088023 -0.146053
84100 -4145.74911273 552.62803573 0.354249 5.9949 0.883152 0.088023 0.016169
84200 -4150.98113935 553.91740608 0.355075 5.9949 0.883152 0.088023 0.009775
84300 -4166.01708370 566.89592378 0.363395 5.9949 0.883152 0.088023 -0.063601
84400 -4154.07476722 566.62795552 0.363223 5.9949 0.883152 0.088023 0.017095
84500 -4162.02515706 563.84246331 0.361437 5.9923 0.875478 0.089259 -0.034492
84600 -4146.91246094 557.86999795 0.357609 5.9923 0.875478 0.089259 0.049907
84700 -4135.62354134 559.81791180 0.358858 5.9923 0.875478 0.089259 0.108430
84800 -4152.99515110 571.78312222 0.366528 5.9923 0.875478 0.089259 -0.007189
84900 -4149.64019593 587.81530617 0.376805 5.9923 0.875478 0.089259 -0.016191
85000 -4145.99518157 570.20640366 0.365517 5.9910 0.871429 0.088568 0.025622
85100 -4143.49929707 544.21285439 0.348854 5.9910 0.871429 0.088568 0.033141
85200 -4148.28813187 581.26872392 0.372608 5.9910 0.871429 0.088568 0.005548
85300 -4128.60763490 565.36705919 0.362415 5.9910 0.871429 0.088568 0.094526
85400 -4152.94312923 589.63768451 0.377973 5.9910 0.871429 0.088568 -0.030269
85500 -4138.35960936 553.04418199 0.354516 5.9923 0.869280 0.089955 0.004209
85600 -4146.13522063 555.47573378 0.356074 5.9923 0.869280 0.089955 -0.000325
85700 -4143.49812320 544.27511462 0.348894 5.9923 0.869280 0.089955 0.011443
85800 -4152.85982504 569.99385791 0.365381 5.9923 0.869280 0.089955 -0.046421
85900 -4146.59080380 566.60044107 0.363205 5.9923 0.869280 0.089955 0.020115
86000 -4164.22861619 574.65642858 0.368370 5.9987 0.875846 0.086472 -0.056980
86100 -4142.84258752 573.42477224 0.367580 5.9987 0.875846 0.086472 0.050807
86200 -4137.05493171 570.08410216 0.365439 5.9987 0.875846 0.086472 0.053648
86300 -4141.79323456 584.01395246 0.374368 5.9987 0.875846 0.086472 0.019262
86400 -4148.51887694 566.97860074 0.363448 5.9987 0.875846 0.086472 -0.016238
86500 -4155.33801715 542.71901460 0.347897 5.9962 0.871543 0.090389 -0.072867
86600 -4162.72008338 563.83506861 0.361433 5.9962 0.871543 0.090389 -0.057519
86700 -4174.87087217 560.75252837 0.359457 5.9962 0.871543 0.090389 -0.094152
86800 -4166.34369935 552.42265127 0.354117 5.9962 0.871543 0.090389 -0.026034
86900 -4191.21939961 577.12899745 0.369954 5.9962 0.871543 0.090389 -0.143028
87000 -4167.00980559 556.77273814 0.356906 5.9859 0.874185 0.090700 -0.024208
87100 -4155.84958816 537.22160121 0.344373 5.9859 0.874185 0.090700 0.051671
87200 -4165.17900795 568.86198954 0.364655 5.9859 0.874185 0.090700 0.003091
87300 -4168.80659384 555.88790336 0.356338 5.9859 0.874185 0.090700 -0.022151
87400 -4146.96933917 555.37964050 0.356013 5.9859 0.874185 0.090700 0.086621
87500 -4149.55987917 580.24244082 0.371950 5.9962 0.875396 0.089794 0.072298
87600 -4150.06062795 554.52050331 0.355462 5.9962 0.875396 0.089794 0.049567
87700 -4159.96646800 542.85947294 0.347987 5.9962 0.875396 0.089794 -0.027082
87800 -4179.96287490 558.29449553 0.357881 5.9962 0.875396 0.089794 -0.083640
87900 -4194.33222233 558.46909196 0.357993 5.9962 0.875396 0.089794 -0.142198
88000 -4176.81214333 552.51888141 0.354179 5.9949 0.880370 0.088649 -0.025337
88100 -4149.95693235 563.49214183 0.361213 5.9949 0.880370 0.088649 0.097653
88200 -4145.45416303 547.61408577 0.351035 5.9949 0.880370 0.088649 0.062594
88300 -4166.90886288 580.70373083 0.372246 5.9949 0.880370 0.088649 -0.054307
88400 -4157.09316618 568.42560700 0.364375 5.9949 0.880370 0.088649 0.009474
88500 -4161.28557743 558.46903238 0.357993 5.9962 0.868655 0.088811 -0.021882
88600 -4169.97491477 572.53195298 0.367008 5.9962 0.868655 0.088811 -0.050611
88700 -4164.86000065 570.77695620 0.365883 5.9962 0.868655 0.088811 -0.023898
88800 -4169.31449023 542.78242655 0.347937 5.9962 0.868655 0.088811 -0.038191
88900 -4175.90444888 547.43682236 0.350921 5.9962 0.868655 0.088811 -0.031995
89000 -4158.36903989 544.24412095 0.348874 5.9949 0.875982 0.090387 0.067091
89100 -4172.41757119 542.59835012 0.347819 5.9949 0.875982 0.090387 -0.028555
89200 -4180.98631153 562.90778348 0.360838 5.9949 0.875982 0.090387 -0.033163
89300 -4173.74231330 564.58760778 0.361915 5.9949 0.875982 0.090387 0.015544
89400 -4169.50486608 579.18250395 0.371271 5.9949 0.875982 0.090387 0.014461
89500 -4164.42935510 585.20860676 0.375134 5.9962 0.875764 0.090179 -0.000685
89600 -4157.68142430 564.59410729 0.361919 5.9962 0.875764 0.090179 -0.000432
89700 -4169.18283118 565.82035157 0.362705 5.9962 0.875764 0.090179 -0.056009
89800 -4139.86222035 572.49114822 0.366982 5.9962 0.875764 0.090179 0.073045
89900 -4128.18137180 579.53360645 0.371496 5.9962 0.875764 0.090179 0.127083
90000 -4132.77723287 557.64140135 0.357462 5.9872 0.861997 0.092051 0.066572
90100 -4153.53793815 564.65087719 0.361956 5.9872 0.861997 0.092051 -0.059090
90200 -4180.57916789 567.84078468 0.364001 5.9872 0.861997 0.092051 -0.150435
90300 -4168.46799754 545.10407868 0.349426 5.9872 0.861997 0.092051 -0.050461
90400 -4171.43036401 567.56758864 0.363825 5.9872 0.861997 0.092051 -0.058722
90500 -4152.77187972 552.35935520 0.354077 5.9962 0.876376 0.090361 0.032671
90600 -4175.84124951 561.52854678 0.359954 5.9962 0.876376 0.090361 -0.068498
90700 -4182.58133722 540.59194755 0.346533 5.9962 0.876376 0.090361 -0.090746
90800 -4183.37107173 525.16201846 0.336642 5.9962 0.876376 0.090361 -0.053407
90900 -4171.10304255 554.39407686 0.355381 5.9962 0.876376 0.090361 0.045669
91000 -4165.36499974 545.50043631 0.349680 5.9897 0.875891 0.089150 0.060646
91100 -4151.44878730 521.36867323 0.334211 5.9897 0.875891 0.089150 0.090062
91200 -4172.40910419 556.83742052 0.356947 5.9897 0.875891 0.089150 0.004658
91300 -4190.28964405 557.35429686 0.357278 5.9897 0.875891 0.089150 -0.091756
91400 -4185.56124789 543.62819886 0.348480 5.9897 0.875891 0.089150 -0.059166
91500 -4183.62551477 558.25478403 0.357856 5.9936 0.882024 0.087813 -0.036152
91600 -4182.45252307 570.53276340 0.365726 5.9936 0.882024 0.087813 -0.025518
91700 -4175.09385032 555.25427290 0.355932 5.9936 0.882024 0.087813 0.004355
91800 -4183.14027672 553.56336605 0.354848 5.9936 0.882024 0.087813 -0.043175
91900 -4167.99478250 544.33159572 0.348931 5.9936 0.882024 0.087813 0.032864
92000 -4134.15679664 531.49604542 0.340703 5.9885 0.857728 0.096082 0.183447
92100 -4151.51766653 562.22368161 0.360400 5.9885 0.857728 0.096082 0.065780
92200 -4166.29125647 586.06958561 0.375686 5.9885 0.857728 0.096082 0.028510
92300 -4150.82022792 554.30402032 0.355323 5.9885 0.857728 0.096082 0.033318
92400 -4163.41722739 563.81248914 0.361418 5.9885 0.857728 0.096082 -0.026359
92500 -4163.88107432 566.72082922 0.363283 5.9923 0.879931 0.088973 -0.020700
92600 -4140.52457839 550.88730726 0.353133 5.9923 0.879931 0.088973 0.067542
92700 -4142.71261243 568.87654417 0.364664 5.9923 0.879931 0.088973 0.049940
92800 -4124.91222923 568.04731740 0.364133 5.9923 0.879931 0.088973 0.113467
92900 -4129.93782461 563.89169525 0.361469 5.9923 0.879931 0.088973 0.080004
93000 -4135.58745514 563.01269044 0.360906 5.9897 0.865054 0.092464 0.019711
93100 -4148.87693113 547.61314474 0.351034 5.9897 0.865054 0.092464 -0.034358
93200 -4172.61664395 579.04762412 0.371184 5.9897 0.865054 0.092464 -0.119513
93300 -4140.43008792 557.22425612 0.357195 5.9897 0.865054 0.092464 0.028958
93400 -4149.78836924 572.64050417 0.367077 5.9897 0.865054 0.092464 -0.020640
93500 -4109.26736485 545.19196471 0.349482 5.9910 0.873584 0.093906 0.172738
93600 -4132.15948238 548.16056740 0.351385 5.9910 0.873584 0.093906 0.033280
93700 -4156.50184532 559.81656386 0.358857 5.9910 0.873584 0.093906 -0.076247
93800 -4166.60753411 538.62764858 0.345274 5.9910 0.873584 0.093906 -0.093306
93900 -4187.35593078 557.26225932 0.357219 5.9910 0.873584 0.093906 -0.146394
94000 -4178.62112678 539.48631011 0.345825 5.9936 0.880465 0.088102 -0.076920
94100 -4180.47967049 561.46701221 0.359915 5.9936 0.880465 0.088102 -0.038174
94200 -4156.11810256 551.13381058 0.353291 5.9936 0.880465 0.088102 0.044693
94300 -4165.64414518 558.89164400 0.358264 5.9936 0.880465 0.088102 -0.002644
94400 -4157.05192324 573.57742945 0.367678 5.9936 0.880465 0.088102 0.062288
94500 -4179.24474962 573.77533882 0.367805 5.9936 0.874418 0.089203 -0.084396
94600 -4174.00473756 569.79669446 0.365254 5.9936 0.874418 0.089203 -0.043753
94700 -4159.77129160 578.40036704 0.370769 5.9936 0.874418 0.089203 0.016522
94800 -4151.45179986 579.38475087 0.371400 5.9936 0.874418 0.089203 0.032768
94900 -4157.12386417 553.34534419 0.354709 5.9936 0.874418 0.089203 -0.004173
95000 -4159.04767443 556.81688855 0.356934 5.9936 0.881962 0.087306 -0.006920
95100 -4176.40900273 574.51688287 0.368280 5.9936 0.881962 0.087306 -0.083046
95200 -4174.90616567 576.29558094 0.369420 5.9936 0.881962 0.087306 -0.066447
95300 -4159.35777472 560.76743338 0.359466 5.9936 0.881962 0.087306 0.017166
95400 -4173.58245387 539.75986301 0.346000 5.9936 0.881962 0.087306 -0.079364
95500 -4174.44858837 545.89861118 0.349935 5.9949 0.880416 0.087540 -0.025245
95600 -4170.43170360 549.86051564 0.352475 5.9949 0.880416 0.087540 0.000992
95700 -4174.32877733 561.04049699 0.359641 5.9949 0.880416 0.087540 -0.014696
95800 -4169.93439138 558.42802567 0.357967 5.9949 0.880416 0.087540 0.004542
95900 -4167.58936630 568.05112733 0.364135 5.9949 0.880416 0.087540 0.006064
96000 -4166.10054104 573.77827244 0.367807 5.9923 0.874906 0.088796 -0.002570
96100 -4182.05049372 555.13044890 0.355853 5.9923 0.874906 0.088796 -0.062751
96200 -4181.74408426 541.65561106 0.347215 5.9923 0.874906 0.088796 -0.043103
96300 -4189.40095993 557.15686422 0.357152 5.9923 0.874906 0.088796 -0.069069
96400 -4159.91393961 542.26985955 0.347609 5.9923 0.874906 0.088796 0.102858
96500 -4159.44497634 568.83562697 0.364638 5.9987 0.874501 0.088546 0.069852
96600 -4167.76444382 567.65765673 0.363883 5.9987 0.874501 0.088546 -0.017909
96700 -4174.68094218 574.11035218 0.368019 5.9987 0.874501 0.088546 -0.029129
96800 -4182.74168720 568.05775886 0.364140 5.9987 0.874501 0.088546 -0.069188
96900 -4175.55232382 551.75135886 0.353687 5.9987 0.874501 0.088546 -0.027798
97000 -4187.40852475 537.66686197 0.344658 5.9936 0.879070 0.085497 -0.070075
97100 -4166.74757196 539.08607597 0.345568 5.9936 0.879070 0.085497 0.022713
97200 -4166.28232579 556.29037582 0.356596 5.9936 0.879070 0.085497 0.040648
97300 -4181.23155374 562.64268592 0.360668 5.9936 0.879070 0.085497 -0.036901
97400 -4200.99802402 541.78149322 0.347296 5.9936 0.879070 0.085497 -0.129059
97500 -4190.41486259 557.48817845 0.357364 5.9949 0.880188 0.087026 -0.040837
97600 -4177.10457968 540.02287392 0.346169 5.9949 0.880188 0.087026 0.005992
97700 -4163.46663183 527.49590079 0.338138 5.9949 0.880188 0.087026 0.047695
97800 -4179.68711667 555.25302077 0.355931 5.9949 0.880188 0.087026 -0.005816
97900 -4184.14798447 559.27441267 0.358509 5.9949 0.880188 0.087026 -0.010989
98000 -4167.30016739 555.84294862 0.356310 5.9910 0.872704 0.090405 0.047018
98100 -4164.13639340 532.45222097 0.341316 5.9910 0.872704 0.090405 0.080173
98200 -4169.64723668 539.27186177 0.345687 5.9910 0.872704 0.090405 0.022466
98300 -4181.82140544 546.31979450 0.350205 5.9910 0.872704 0.090405 -0.020580
98400 -4171.69903630 571.24860272 0.366185 5.9910 0.872704 0.090405 0.022676
98500 -4174.95305006 558.60779563 0.358082 5.9962 0.871137 0.089433 0.001373
98600 -4179.67802805 544.80291956 0.349233 5.9962 0.871137 0.089433 -0.024236
98700 -4174.54229538 548.31759932 0.351486 5.9962 0.871137 0.089433 0.031559
98800 -4162.78326135 549.43769337 0.352204 5.9962 0.871137 0.089433 0.077619
98900 -4174.50945634 556.68129245 0.356847 5.9962 0.871137 0.089433 -0.004341
99000 -4160.53084992 561.70133806 0.360065 5.9923 0.874600 0.091042 0.069928
99100 -4138.14282989 555.53676980 0.356113 5.9923 0.874600 0.091042 0.168012
99200 -4150.80342322 547.86679325 0.351197 5.9923 0.874600 0.091042 0.061447
99300 -4182.28864929 563.71340019 0.361355 5.9923 0.874600 0.091042 -0.105575
99400 -4146.98189170 538.36884524 0.345108 5.9923 0.874600 0.091042 0.076296
99500 -4169.31109867 574.22099580 0.368090 5.9897 0.873302 0.090822 -0.025804
99600 -4179.59020973 565.55200211 0.362533 5.9897 0.873302 0.090822 -0.105109
99700 -4164.94958231 533.42163257 0.341937 5.9897 0.873302 0.090822 -0.011981
99800 -4198.06668382 557.22252401 0.357194 5.9897 0.873302 0.090822 -0.127272
99900 -4180.25437477 557.94488322 0.357657 5.9897 0.873302 0.090822 -0.038843
100000 -4159.47766561 548.85319924 0.351829 5.9974 0.878861 0.086787 0.061804
100100 -4163.60896136 567.69593198 0.363908 5.9974 0.878861 0.086787 0.047934
100200 -4176.84214630 535.52861225 0.343288 5.9974 0.878861 0.086787 -0.040414
100300 -4154.77738105 549.87082419 0.352481 5.9974 0.878861 0.086787 0.072349
100400 -4177.29502661 570.24400140 0.365541 5.9974 0.878861 0.086787 -0.037723
100500 -4149.08029627 550.23471149 0.352715 5.9936 0.870108 0.090719 0.079867
100600 -4171.30919018 566.31286664 0.363021 5.9936 0.870108 0.090719 -0.025269
100700 -4174.49006892 563.23809705 0.361050 5.9936 0.870108 0.090719 -0.049284
100800 -4186.57999639 560.13659431 0.359062 5.9936 0.870108 0.090719 -0.093809
100900 -4159.21227678 537.69676520 0.344677 5.9936 0.870108 0.090719 0.047166
101000 -4151.38633897 571.93298702 0.366624 5.9910 0.868356 0.091136 0.080559
101100 -4141.62300970 553.24858015 0.354647 5.9910 0.868356 0.091136 0.091805
101200 -4154.32532152 543.47618995 0.348382 5.9910 0.868356 0.091136 0.009390
101300 -4137.92200864 528.66746636 0.338889 5.9910 0.868356 0.091136 0.109047
101400 -4148.12269185 542.08281453 0.347489 5.9910 0.868356 0.091136 0.069462
101500 -4150.17498034 554.90915208 0.355711 5.9974 0.876347 0.088012 0.057229
101600 -4167.31510095 577.26389114 0.370041 5.9974 0.876347 0.088012 -0.003928
101700 -4161.35131845 579.82687874 0.371684 5.9974 0.876347 0.088012 0.015678
101800 -4163.38933856 565.17443244 0.362291 5.9974 0.876347 0.088012 0.000477
101900 -4154.13179151 564.15684422 0.361639 5.9974 0.876347 0.088012 0.028126
102000 -4144.72767302 568.70604648 0.364555 5.9949 0.869185 0.090108 0.041792
102100 -4172.65431370 565.74460060 0.362657 5.9949 0.869185 0.090108 -0.095984
102200 -4149.38877184 579.82210637 0.371681 5.9949 0.869185 0.090108 0.006478
102300 -4155.10062794 566.37822549 0.363063 5.9949 0.869185 0.090108 -0.005701
102400 -4158.05696242 558.34313801 0.357912 5.9949 0.869185 0.090108 0.001178
102500 -4161.09952400 568.64488952 0.364516 5.9936 0.866574 0.091071 -0.009779
102600 -4152.67047191 551.37701011 0.353447 5.9936 0.866574 0.091071 0.024419
102700 -4160.27954788 556.40035628 0.356667 5.9936 0.866574 0.091071 -0.005618
102800 -4164.07071062 568.85562760 0.364651 5.9936 0.866574 0.091071 -0.058654
102900 -4145.72978329 561.68351809 0.360054 5.9936 0.866574 0.091071 0.073474
103000 -4157.64268194 578.11724282 0.370588 5.9987 0.879923 0.090126 -0.038005
103100 -4156.32078266 579.81984989 0.371679 5.9987 0.879923 0.090126 -0.012472
103200 -4140.79391980 571.94550893 0.366632 5.9987 0.879923 0.090126 0.040798
103300 -4143.39289036 561.54368220 0.359964 5.9987 0.879923 0.090126 0.020003
103400 -4145.90256844 566.16098011 0.362924 5.9987 0.879923 0.090126 0.010428
103500 -4143.59181203 538.22713671 0.345017 5.9949 0.870950 0.089684 0.008382
103600 -4145.85443900 554.48957130 0.355442 5.9949 0.870950 0.089684 0.044172
103700 -4128.55758455 562.01914042 0.360269 5.9949 0.870950 0.089684 0.118616
103800 -4144.28118662 581.42751044 0.372710 5.9949 0.870950 0.089684 0.021196
103900 -4156.91486579 564.79645072 0.362049 5.9949 0.870950 0.089684 -0.081584
104000 -4149.32968325 571.28380554 0.366208 5.9962 0.869667 0.089173 -0.014894
104100 -4161.18062029 557.74050394 0.357526 5.9962 0.869667 0.089173 -0.070332
104200 -4165.65562905 567.35278954 0.363688 5.9962 0.869667 0.089173 -0.054174
104300 -4154.68431291 551.84739216 0.353748 5.9962 0.869667 0.089173 -0.020709
104400 -4131.37237071 562.83669990 0.360793 5.9962 0.869667 0.089173 0.100802
104500 -4131.09262775 548.30737769 0.351479 5.9923 0.872064 0.091408 0.082273
104600 -4144.42297855 557.57302480 0.357419 5.9923 0.872064 0.091408 0.006278
104700 -4142.25533367 569.43672616 0.365024 5.9923 0.872064 0.091408 0.027049
104800 -4139.47602504 564.14207430 0.361630 5.9923 0.872064 0.091408 0.040513
104900 -4153.62543746 566.84332935 0.363361 5.9923 0.872064 0.091408 -0.066083
105000 -4170.62535395 572.35360772 0.366893 5.9987 0.877169 0.087996 -0.134866
105100 -4177.97763178 554.02537067 0.355144 5.9987 0.877169 0.087996 -0.151789
105200 -4176.65450502 572.75464054 0.367150 5.9987 0.877169 0.087996 -0.055071
105300 -4162.94474125 553.52034122 0.354821 5.9987 0.877169 0.087996 0.004751
105400 -4151.21224876 563.13366091 0.360983 5.9987 0.877169 0.087996 0.074791
105500 -4151.06789074 571.75192663 0.366508 5.9974 0.875267 0.086902 0.036343
105600 -4178.26878483 580.40556892 0.372055 5.9974 0.875267 0.086902 -0.112085
105700 -4168.88498868 553.86858931 0.355044 5.9974 0.875267 0.086902 -0.044978
105800 -4146.76130864 551.37103853 0.353443 5.9974 0.875267 0.086902 0.072684
105900 -4153.12202580 564.39844347 0.361794 5.9974 0.875267 0.086902 0.046427
106000 -4160.45304730 557.44174505 0.357334 5.9974 0.874578 0.089335 -0.024193
106100 -4165.29981750 552.43711086 0.354126 5.9974 0.874578 0.089335 -0.049613
106200 -4160.64812147 557.99858350 0.357691 5.9974 0.874578 0.089335 0.006572
106300 -4168.51945921 571.71132715 0.366482 5.9974 0.874578 0.089335 -0.026437
106400 -4160.84643015 556.52537956 0.356747 5.9974 0.874578 0.089335 0.010253
106500 -4155.89307537 568.73720558 0.364575 5.9936 0.866889 0.091025 0.027686
106600 -4146.56246127 560.81576273 0.359497 5.9936 0.866889 0.091025 0.048792
106700 -4138.52835032 569.81043156 0.365263 5.9936 0.866889 0.091025 0.058914
106800 -4153.69259911 559.55115799 0.358687 5.9936 0.866889 0.091025 -0.004612
106900 -4158.58211035 545.87531796 0.349920 5.9936 0.866889 0.091025 -0.009290
107000 -4168.35219011 562.65334600 0.360675 5.9923 0.872237 0.088573 -0.051307
107100 -4155.98963864 542.73749456 0.347909 5.9923 0.872237 0.088573 0.025391
107200 -4184.78390657 575.84627806 0.369132 5.9923 0.872237 0.088573 -0.097323
107300 -4154.17449678 570.21066588 0.365520 5.9923 0.872237 0.088573 0.066123
107400 -4158.79976389 580.52011998 0.372128 5.9923 0.872237 0.088573 0.010593
107500 -4139.87770514 560.44157111 0.359257 5.9885 0.858434 0.092498 0.086350
107600 -4137.33524010 572.70933981 0.367121 5.9885 0.858434 0.092498 0.067866
107700 -4154.03877025 569.02317688 0.364758 5.9885 0.858434 0.092498 -0.032050
107800 -4145.84765848 569.94216932 0.365348 5.9885 0.858434 0.092498 0.007406
107900 -4145.48878143 552.58788774 0.354223 5.9885 0.858434 0.092498 0.008297
108000 -4136.68360064 578.44911556 0.370801 5.9923 0.866357 0.093917 0.070350
108100 -4149.42145027 573.17925712 0.367423 5.9923 0.866357 0.093917 -0.020477
108200 -4144.09550196 555.17562953 0.355882 5.9923 0.866357 0.093917 -0.007182
108300 -4151.85609847 566.09306820 0.362880 5.9923 0.866357 0.093917 -0.026571
108400 -4155.47382390 566.18458728 0.362939 5.9923 0.866357 0.093917 -0.042502
108500 -4160.94795500 576.31386183 0.369432 5.9936 0.873016 0.088712 -0.056148
108600 -4187.11839148 557.92292418 0.357643 5.9936 0.873016 0.088712 -0.170495
108700 -4175.69909310 559.82894006 0.358865 5.9936 0.873016 0.088712 -0.075998
108800 -4160.59639750 546.21962981 0.350141 5.9936 0.873016 0.088712 0.004441
108900 -4149.51185319 541.39109003 0.347046 5.9936 0.873016 0.088712 0.076058
109000 -4159.57756077 554.10201133 0.355194 5.9910 0.874141 0.088621 0.024704
109100 -4175.34848091 556.90167024 0.356988 5.9910 0.874141 0.088621 -0.051267
109200 -4149.23857863 565.98033122 0.362808 5.9910 0.874141 0.088621 0.080387
109300 -4153.90455264 552.46361855 0.354143 5.9910 0.874141 0.088621 0.019541
109400 -4168.96902863 556.64289166 0.356822 5.9910 0.874141 0.088621 -0.029130
109500 -4173.01369685 547.25180044 0.350802 5.9923 0.880033 0.087056 -0.032190
109600 -4177.79590989 536.67077688 0.344020 5.9923 0.880033 0.087056 -0.058054
109700 -4171.73815057 552.91027274 0.354430 5.9923 0.880033 0.087056 -0.040066
109800 -4184.22046504 545.61882549 0.349756 5.9923 0.880033 0.087056 -0.054170
109900 -4170.46724855 551.72948970 0.353673 5.9923 0.880033 0.087056 0.010512
110000 -4165.82877682 542.78406945 0.347939 6.0000 0.877612 0.086998 0.032276
110100 -4180.64513641 557.62201469 0.357450 6.0000 0.877612 0.086998 -0.014753
110200 -4177.98899418 551.56136200 0.353565 6.0000 0.877612 0.086998 -0.017706
110300 -4160.52746230 554.38854440 0.355377 6.0000 0.877612 0.086998 0.068986
110400 -4172.67465127 542.93936050 0.348038 6.0000 0.877612 0.086998 0.007951
110500 -4188.93555420 546.74095891 0.350475 5.9936 0.878597 0.085647 -0.070907
110600 -4174.53622035 541.25769155 0.346960 5.9936 0.878597 0.085647 0.000010
110700 -4187.80974715 537.64716813 0.344646 5.9936 0.878597 0.085647 -0.055096
110800 -4166.69136387 548.12183180 0.351360 5.9936 0.878597 0.085647 0.073226
110900 -4176.14802406 565.26359095 0.362348 5.9936 0.878597 0.085647 0.017483
111000 -4184.51251995 573.03482365 0.367330 5.9936 0.872888 0.087848 -0.037692
111100 -4170.84886293 554.09190926 0.355187 5.9936 0.872888 0.087848 0.019665
111200 -4187.46261546 547.92767983 0.351236 5.9936 0.872888 0.087848 -0.092056
111300 -4183.90626935 557.38081058 0.357295 5.9936 0.872888 0.087848 -0.036210
111400 -4169.93749508 560.75430726 0.359458 5.9936 0.872888 0.087848 0.056309
111500 -4154.65927344 545.94617694 0.349965 5.9962 0.871323 0.091245 0.061612
111600 -4177.71286813 580.01546094 0.371805 5.9962 0.871323 0.091245 -0.040582
111700 -4176.04628957 552.51461047 0.354176 5.9962 0.871323 0.091245 -0.030520
111800 -4182.76380636 549.09342444 0.351983 5.9962 0.871323 0.091245 -0.061368
111900 -4173.75370689 554.42007770 0.355397 5.9962 0.871323 0.091245 -0.004082
112000 -4170.57368165 549.94117288 0.352526 5.9987 0.878804 0.088670 0.030486
112100 -4179.97591310 564.58263291 0.361912 5.9987 0.878804 0.088670 -0.011416
112200 -4171.14772524 581.11235061 0.372508 5.9987 0.878804 0.088670 0.018744
112300 -4171.38310625 576.62070932 0.369629 5.9987 0.878804 0.088670 -0.026536
112400 -4171.31783453 585.67613140 0.375433 5.9987 0.878804 0.088670 -0.037866
112500 -4185.35737479 573.64727446 0.367723 5.9949 0.882834 0.088476 -0.102237
112600 -4184.50699002 558.06664187 0.357735 5.9949 0.882834 0.088476 -0.097925
112700 -4175.77491437 534.84800101 0.342851 5.9949 0.882834 0.088476 -0.047727
112800 -4170.14443283 569.70906221 0.365198 5.9949 0.882834 0.088476 0.008442
112900 -4159.04518179 568.73771012 0.364575 5.9949 0.882834 0.088476 0.036460
113000 -4157.83391243 564.52908480 0.361878 5.9936 0.879897 0.089116 0.018733
113100 -4164.86037861 552.85767452 0.354396 5.9936 0.879897 0.089116 -0.018698
113200 -4161.99094658 550.63610788 0.352972 5.9936 0.879897 0.089116 -0.004048
113300 -4145.09505372 535.16973590 0.343058 5.9936 0.879897 0.089116 0.085483
113400 -4163.35559963 558.93981623 0.358295 5.9936 0.879897 0.089116 -0.003036
113500 -4172.25775660 554.42350129 0.355400 5.9987 0.878305 0.085965 -0.055271
113600 -4183.64962975 566.48438035 0.363131 5.9987 0.878305 0.085965 -0.073198
113700 -4162.40632285 551.29029239 0.353391 5.9987 0.878305 0.085965 0.032020
113800 -4177.25174575 583.28013594 0.373898 5.9987 0.878305 0.085965 -0.038086
113900 -4160.75781096 553.02983934 0.354506 5.9987 0.878305 0.085965 -0.000062
114000 -4143.72225789 567.37398060 0.363701 5.9910 0.868139 0.091636 0.106271
114100 -4142.99776287 563.61910425 0.361294 5.9910 0.868139 0.091636 0.072452
114200 -4155.40220723 552.80746115 0.354364 5.9910 0.868139 0.091636 0.007630
114300 -4166.00675174 578.56052150 0.370872 5.9910 0.868139 0.091636 -0.026615
114400 -4160.85401057 570.92226012 0.365976 5.9910 0.868139 0.091636 -0.006793
114500 -4151.20000771 568.75058299 0.364584 5.9949 0.863460 0.092512 0.021209
114600 -4136.53238990 559.90657897 0.358914 5.9949 0.863460 0.092512 0.059676
114700 -4155.76395052 552.63796750 0.354255 5.9949 0.863460 0.092512 -0.034212
114800 -4152.47739921 559.00292495 0.358335 5.9949 0.863460 0.092512 0.010795
114900 -4139.05563903 567.00830324 0.363467 5.9949 0.863460 0.092512 0.068027
115000 -4137.48363365 574.62487218 0.368349 5.9897 0.875210 0.090502 0.050981
115100 -4131.59871810 584.32025052 0.374564 5.9897 0.875210 0.090502 0.083755
115200 -4147.93975557 580.77582168 0.372292 5.9897 0.875210 0.090502 -0.032658
115300 -4134.54733151 537.95902676 0.344846 5.9897 0.875210 0.090502 0.039710
115400 -4165.64761258 562.05520113 0.360292 5.9897 0.875210 0.090502 -0.081407
115500 -4162.16307910 561.80226107 0.360130 5.9936 0.876536 0.089443 -0.051157
115600 -4171.72558243 550.41603765 0.352831 5.9936 0.876536 0.089443 -0.106427
115700 -4148.98330897 557.99552833 0.357689 5.9936 0.876536 0.089443 0.024926
115800 -4151.24032882 554.02974204 0.355147 5.9936 0.876536 0.089443 0.020104
115900 -4155.73861450 571.38489453 0.366272 5.9936 0.876536 0.089443 -0.012185
116000 -4148.00318179 567.76311840 0.363951 5.9910 0.875426 0.091107 0.025072
116100 -4165.20034089 559.79917154 0.358846 5.9910 0.875426 0.091107 -0.070336
116200 -4180.94948354 572.90941449 0.367250 5.9910 0.875426 0.091107 -0.113991
116300 -4175.13239017 559.52071031 0.358667 5.9910 0.875426 0.091107 -0.070322
116400 -4177.26559490 574.73340543 0.368419 5.9910 0.875426 0.091107 -0.085479
116500 -4179.02446803 552.30180753 0.354040 5.9974 0.881046 0.085643 -0.080987
116600 -4184.90111625 562.89652526 0.360831 5.9974 0.881046 0.085643 -0.089561
116700 -4167.45730638 547.77957752 0.351141 5.9974 0.881046 0.085643 0.013398
116800 -4160.44159205 546.94236808 0.350604 5.9974 0.881046 0.085643 0.035365
116900 -4162.07108515 543.77693746 0.348575 5.9974 0.881046 0.085643 0.017946
117000 -4175.29353510 546.96695581 0.350620 5.9962 0.876314 0.087397 -0.040389
117100 -4177.35976884 555.03759870 0.355793 5.9962 0.876314 0.087397 -0.031649
117200 -4175.72886275 545.73870109 0.349833 5.9962 0.876314 0.087397 -0.010835
117300 -4178.78821915 549.24086839 0.352077 5.9962 0.876314 0.087397 -0.030209
117400 -4185.25860991 534.03111365 0.342328 5.9962 0.876314 0.087397 -0.041840
117500 -4184.21889562 552.27592574 0.354023 5.9974 0.878823 0.085386 -0.018129
117600 -4181.84573267 526.97209359 0.337803 5.9974 0.878823 0.085386 -0.006939
117700 -4187.13106151 540.65683851 0.346575 5.9974 0.878823 0.085386 0.010040
117800 -4185.00355957 536.74663722 0.344068 5.9974 0.878823 0.085386 0.013632
117900 -4161.99046055 543.48721029 0.348389 5.9974 0.878823 0.085386 0.115671
118000 -4178.79381791 541.77272692 0.347290 5.9974 0.879990 0.088084 0.012901
118100 -4183.74278963 580.97469719 0.372420 5.9974 0.879990 0.088084 -0.021620
118200 -4172.01108378 571.72374049 0.366490 5.9974 0.879990 0.088084 0.004950
118300 -4163.97043229 565.00637880 0.362184 5.9974 0.879990 0.088084 0.022420
118400 -4178.01477526 551.64612107 0.353619 5.9974 0.879990 0.088084 -0.043779
118500 -4166.25600220 530.93267669 0.340341 5.9949 0.879032 0.089542 0.004087
118600 -4170.94913468 571.93759613 0.366627 5.9949 0.879032 0.089542 0.017332
118700 -4173.50231808 576.19789905 0.369358 5.9949 0.879032 0.089542 -0.033635
118800 -4168.69709466 577.30669769 0.370068 5.9949 0.879032 0.089542 -0.012499
118900 -4154.24810047 567.22349507 0.363605 5.9949 0.879032 0.089542 0.044250
119000 -4153.40615090 576.88944529 0.369801 5.9910 0.869838 0.090894 0.015480
119100 -4155.51899448 561.68726272 0.360056 5.9910 0.869838 0.090894 -0.001995
119200 -4152.08903700 555.66244296 0.356194 5.9910 0.869838 0.090894 0.018079
119300 -4163.71840654 569.54998239 0.365096 5.9910 0.869838 0.090894 -0.000045
119400 -4168.24956291 580.02194034 0.371809 5.9910 0.869838 0.090894 -0.046027
119500 -4152.05431037 566.63646877 0.363229 5.9987 0.875737 0.088565 0.015577
119600 -4142.39633448 560.63959514 0.359384 5.9987 0.875737 0.088565 0.043010
119700 -4142.45655957 564.39584694 0.361792 5.9987 0.875737 0.088565 0.034395
119800 -4149.22915481 554.20091578 0.355257 5.9987 0.875737 0.088565 0.025257
119900 -4156.36515629 584.39448754 0.374612 5.9987 0.875737 0.088565 -0.038536
120000 -4136.89838394 556.99303508 0.357047 5.9974 0.869509 0.089742 0.032478
120100 -4163.80662430 566.57552269 0.363189 5.9974 0.869509 0.089742 -0.069827
120200 -4142.06826716 555.92848683 0.356364 5.9974 0.869509 0.089742 0.043197
120300 -4165.27191311 559.28696205 0.358517 5.9974 0.869509 0.089742 -0.077771
120400 -4154.10348996 533.96066415 0.342282 5.9974 0.869509 0.089742 0.039096
120500 -4144.39355152 532.07135292 0.341071 5.9885 0.873625 0.091102 0.069931
120600 -4171.19636431 557.56503326 0.357413 5.9885 0.873625 0.091102 -0.042163
120700 -4144.52038487 542.69557448 0.347882 5.9885 0.873625 0.091102 0.079920
120800 -4175.53085955 547.66857205 0.351070 5.9885 0.873625 0.091102 -0.038569
120900 -4140.30034143 565.81648561 0.362703 5.9885 0.873625 0.091102 0.094566
121000 -4146.67906305 567.36070201 0.363693 5.9949 0.870005 0.089352 0.076252
121100 -4152.64493384 581.53638962 0.372780 5.9949 0.870005 0.089352 0.025807
121200 -4135.82880665 587.59390742 0.376663 5.9949 0.870005 0.089352 0.097984
121300 -4137.58726083 589.12756923 0.377646 5.9949 0.870005 0.089352 0.041001
121400 -4164.03462255 588.30216024 0.377117 5.9949 0.870005 0.089352 -0.114290
121500 -4155.92565027 557.08946329 0.357109 5.9949 0.869888 0.088340 -0.084928
121600 -4169.20419013 558.76226051 0.358181 5.9949 0.869888 0.088340 -0.086136
121700 -4155.38103319 566.46462400 0.363118 5.9949 0.869888 0.088340 -0.022639
121800 -4180.17517080 562.64040530 0.360667 5.9949 0.869888 0.088340 -0.122625
121900 -4174.53600208 571.19404092 0.366150 5.9949 0.869888 0.088340 -0.066245
122000 -4161.12413039 536.89561691 0.344164 5.9923 0.869194 0.089099 -0.001980
122100 -4159.74971358 557.75051520 0.357532 5.9923 0.869194 0.089099 0.019536
122200 -4165.83313689 564.19435908 0.361663 5.9923 0.869194 0.089099 0.019500
122300 -4153.69569438 553.62482940 0.354888 5.9923 0.869194 0.089099 0.053362
122400 -4147.15202541 550.17291684 0.352675 5.9923 0.869194 0.089099 0.053402
122500 -4180.76457968 558.04749794 0.357723 5.9987 0.880371 0.087031 -0.124335
122600 -4170.18181845 543.09510896 0.348138 5.9987 0.880371 0.087031 -0.048173
122700 -4175.32068992 560.68276903 0.359412 5.9987 0.880371 0.087031 -0.029099
122800 -4163.29171647 568.55103263 0.364456 5.9987 0.880371 0.087031 0.044711
122900 -4150.01563594 582.55687869 0.373434 5.9987 0.880371 0.087031 0.100385
123000 -4139.37242118 555.43813212 0.356050 6.0000 0.870311 0.089201 0.087725
123100 -4150.08231541 581.27243242 0.372611 6.0000 0.870311 0.089201 0.033354
123200 -4132.08917853 563.94113571 0.361501 6.0000 0.870311 0.089201 0.103075
123300 -4156.30086108 579.15497778 0.371253 6.0000 0.870311 0.089201 -0.026753
123400 -4148.89664856 566.61194715 0.363213 6.0000 0.870311 0.089201 -0.012533
123500 -4146.60245311 564.98018923 0.362167 5.9974 0.874875 0.088626 0.027534
123600 -4146.51804295 563.28903093 0.361083 5.9974 0.874875 0.088626 0.026485
123700 -4138.99362092 569.02531579 0.364760 5.9974 0.874875 0.088626 0.033826
123800 -4160.63068126 578.01186763 0.370520 5.9974 0.874875 0.088626 -0.074510
123900 -4155.58180648 573.05738677 0.367344 5.9974 0.874875 0.088626 -0.055912
124000 -4148.38954048 542.67398293 0.347868 5.9923 0.872272 0.089912 -0.033627
124100 -4167.64613607 564.66684658 0.361966 5.9923 0.872272 0.089912 -0.080200
124200 -4167.69797979 563.85982486 0.361449 5.9923 0.872272 0.089912 -0.090612
124300 -4148.26477227 548.93972863 0.351884 5.9923 0.872272 0.089912 0.040398
124400 -4168.79646308 570.57473858 0.365753 5.9923 0.872272 0.089912 -0.069798
124500 -4152.86185426 542.26970416 0.347609 5.9936 0.871763 0.090420 0.017879
124600 -4180.66896905 591.22749176 0.378992 5.9936 0.871763 0.090420 -0.093295
124700 -4174.37425708 565.07447931 0.362227 5.9936 0.871763 0.090420 -0.084106
124800 -4168.66059601 572.18982016 0.366788 5.9936 0.871763 0.090420 -0.034646
124900 -4124.93747633 557.67441632 0.357484 5.9936 0.871763 0.090420 0.182488
125000 -4146.61926068 594.78550858 0.381273 5.9936 0.868075 0.089874 0.026813
125100 -4126.81815149 561.35317199 0.359842 5.9936 0.868075 0.089874 0.071286
125200 -4160.72566084 565.64845363 0.362595 5.9936 0.868075 0.089874 -0.106188
125300 -4158.73058222 567.09264704 0.363521 5.9936 0.868075 0.089874 -0.035279
125400 -4147.77094564 573.49458465 0.367625 5.9936 0.868075 0.089874 0.003907
125500 -4154.29046496 559.91819850 0.358922 5.9962 0.875684 0.088818 -0.041262
125600 -4149.88597179 570.85038430 0.365930 5.9962 0.875684 0.088818 0.010003
125700 -4155.42934249 538.14573919 0.344965 5.9962 0.875684 0.088818 -0.035418
125800 -4180.37071767 574.74250156 0.368425 5.9962 0.875684 0.088818 -0.142264
125900 -4172.65150588 576.30938542 0.369429 5.9962 0.875684 0.088818 -0.061340
126000 -4143.59063595 560.65588804 0.359395 5.9910 0.874705 0.088547 0.053428
126100 -4169.43640922 579.88318990 0.371720 5.9910 0.874705 0.088547 -0.066721
126200 -4159.69408300 574.70688967 0.368402 5.9910 0.874705 0.088547 -0.049610
126300 -4143.54792359 587.52871325 0.376621 5.9910 0.874705 0.088547 0.031631
126400 -4134.45231812 558.33302834 0.357906 5.9910 0.874705 0.088547 0.061620
126500 -4141.83457997 569.62570559 0.365145 5.9974 0.870944 0.092163 0.006356
126600 -4139.08055426 542.53622118 0.347780 5.9974 0.870944 0.092163 0.010645
126700 -4148.01331977 563.56882461 0.361262 5.9974 0.870944 0.092163 0.001886
126800 -4144.61831577 560.54189055 0.359322 5.9974 0.870944 0.092163 0.015409
126900 -4162.59368397 580.43204875 0.372072 5.9974 0.870944 0.092163 -0.078786
127000 -4134.10362726 571.27182041 0.366200 5.9936 0.863518 0.089950 0.058023
127100 -4141.44481805 588.11719185 0.376998 5.9936 0.863518 0.089950 0.000521
127200 -4131.88867459 570.62621111 0.365786 5.9936 0.863518 0.089950 0.059491
127300 -4149.06776803 536.90359029 0.344169 5.9936 0.863518 0.089950 -0.042523
127400 -4160.90788044 555.72378041 0.356233 5.9936 0.863518 0.089950 -0.066672
127500 -4129.40363777 547.04807285 0.350672 5.9923 0.871476 0.092014 0.082879
127600 -4126.00582279 547.39659284 0.350895 5.9923 0.871476 0.092014 0.123466
127700 -4154.93894210 567.31014932 0.363660 5.9923 0.871476 0.092014 -0.041584
127800 -4137.33991616 548.69594666 0.351728 5.9923 0.871476 0.092014 0.080300
127900 -4148.13588750 550.94280807 0.353168 5.9923 0.871476 0.092014 0.007227
128000 -4173.31126093 558.15842153 0.357794 5.9923 0.875954 0.089382 -0.082826
128100 -4163.24548840 534.33249847 0.342521 5.9923 0.875954 0.089382 -0.033402
128200 -4155.71809925 564.49005869 0.361853 5.9923 0.875954 0.089382 0.020194
128300 -4156.88879523 546.94952767 0.350609 5.9923 0.875954 0.089382 -0.013131
128400 -4176.21544159 565.03303976 0.362201 5.9923 0.875954 0.089382 -0.054841
128500 -4169.55497487 558.27348435 0.357868 5.9923 0.883128 0.088575 -0.046773
128600 -4156.56100559 562.55374559 0.360611 5.9923 0.883128 0.088575 0.000053
128700 -4177.30020976 568.96210365 0.364719 5.9923 0.883128 0.088575 -0.078788
128800 -4170.01416330 555.69774643 0.356217 5.9923 0.883128 0.088575 -0.030831
128900 -4150.20285299 554.52361397 0.355464 5.9923 0.883128 0.088575 0.059154
129000 -4171.93417108 561.55573666 0.359972 5.9987 0.876602 0.087959 -0.044557
129100 -4180.16541462 554.70200444 0.355578 5.9987 0.876602 0.087959 -0.049655
129200 -4162.99432913 545.05268689 0.349393 5.9987 0.876602 0.087959 0.040800
129300 -4152.79165722 551.70051986 0.353654 5.9987 0.876602 0.087959 0.068925
129400 -4154.61458420 563.16523552 0.361003 5.9987 0.876602 0.087959 0.072654
129500 -4150.57478373 572.85348358 0.367214 5.9949 0.871215 0.091688 0.064811
129600 -4154.65448516 548.06228565 0.351322 5.9949 0.871215 0.091688 0.001992
129700 -4179.04630582 571.50735860 0.366351 5.9949 0.871215 0.091688 -0.105384
129800 -4158.85446080 563.84494494 0.361439 5.9949 0.871215 0.091688 -0.009707
129900 -4161.85738865 544.70349665 0.349169 5.9949 0.871215 0.091688 -0.011605
130000 -4149.16484400 552.32536289 0.354055 5.9974 0.869539 0.093151 0.037616
130100 -4150.09389046 558.58887100 0.358070 5.9974 0.869539 0.093151 0.054412
130200 -4167.95103294 567.19444573 0.363586 5.9974 0.869539 0.093151 -0.030377
130300 -4160.81386472 572.56332874 0.367028 5.9974 0.869539 0.093151 -0.012732
130400 -4158.67085044 565.17154354 0.362289 5.9974 0.869539 0.093151 -0.036217
130500 -4153.38725384 554.17963475 0.355243 5.9949 0.871878 0.089785 -0.012105
130600 -4157.45913517 574.33681577 0.368165 5.9949 0.871878 0.089785 -0.008692
130700 -4163.39887943 562.82694210 0.360787 5.9949 0.871878 0.089785 -0.042203
130800 -4149.13862715 581.29698349 0.372626 5.9949 0.871878 0.089785 0.033076
130900 -4129.10254545 560.48688260 0.359286 5.9949 0.871878 0.089785 0.119249
131000 -4146.28964602 596.01084232 0.382058 5.9949 0.875951 0.088481 -0.003673
131100 -4123.07362808 577.82082850 0.370398 5.9949 0.875951 0.088481 0.088096
131200 -4132.87483593 587.19086863 0.376404 5.9949 0.875951 0.088481 0.016542
131300 -4133.95582657 583.39303012 0.373970 5.9949 0.875951 0.088481 -0.024037
131400 -4125.66815710 562.94037856 0.360859 5.9949 0.875951 0.088481 0.008220
131500 -4136.51380052 586.27323106 0.375816 5.9897 0.865218 0.092945 -0.031100
131600 -4131.45087665 556.49851280 0.356730 5.9897 0.865218 0.092945 -0.011916
131700 -4150.99345905 582.69781177 0.373524 5.9897 0.865218 0.092945 -0.062340
131800 -4123.44768894 558.79608296 0.358203 5.9897 0.865218 0.092945 0.062104
131900 -4130.30208957 556.16427418 0.356516 5.9897 0.865218 0.092945 0.021921
132000 -4151.35336324 558.74866618 0.358172 5.9923 0.868861 0.089476 -0.072091
132100 -4147.31971174 565.96281435 0.362797 5.9923 0.868861 0.089476 0.009591
132200 -4141.29479491 573.49211417 0.367623 5.9923 0.868861 0.089476 0.024075
132300 -4136.70107012 567.27768340 0.363640 5.9923 0.868861 0.089476 0.020581
132400 -4174.73344798 571.10006557 0.366090 5.9923 0.868861 0.089476 -0.141704
132500 -4164.74729367 554.70659674 0.355581 5.9846 0.864007 0.091640 -0.041492
132600 -4155.07289502 571.80656852 0.366543 5.9846 0.864007 0.091640 -0.015442
132700 -4142.08423440 551.49460795 0.353522 5.9846 0.864007 0.091640 0.011074
132800 -4150.98080271 545.17782352 0.349473 5.9846 0.864007 0.091640 -0.009497
132900 -4160.32403404 538.74365174 0.345348 5.9846 0.864007 0.091640 -0.010545
133000 -4173.29331556 545.46574641 0.349658 5.9885 0.873806 0.090605 -0.080740
133100 -4173.20553761 557.33619577 0.357267 5.9885 0.873806 0.090605 -0.063056
133200 -4153.47933510 556.70868667 0.356865 5.9885 0.873806 0.090605 0.018958
133300 -4147.55498902 552.50027446 0.354167 5.9885 0.873806 0.090605 0.069366
133400 -4136.42254299 556.38010416 0.356654 5.9885 0.873806 0.090605 0.102743
133500 -4175.49676244 571.68160542 0.366463 5.9987 0.881389 0.086979 -0.082593
133600 -4165.35543507 559.78416814 0.358836 5.9987 0.881389 0.086979 -0.026386
133700 -4138.27456190 542.37940723 0.347679 5.9987 0.881389 0.086979 0.123688
133800 -4147.34720640 558.32112565 0.357898 5.9987 0.881389 0.086979 0.024026
133900 -4153.93161099 555.76052501 0.356257 5.9987 0.881389 0.086979 0.015040
134000 -4147.75008444 541.99482435 0.347433 5.9936 0.873530 0.089609 0.018155
134100 -4159.52017070 550.40086059 0.352821 5.9936 0.873530 0.089609 -0.003952
134200 -4156.02451392 543.07255970 0.348123 5.9936 0.873530 0.089609 -0.006835
134300 -4129.92129528 544.37680518 0.348959 5.9936 0.873530 0.089609 0.131984
134400 -4155.47816016 564.17949974 0.361654 5.9936 0.873530 0.089609 -0.001924
134500 -4153.41623657 564.33332861 0.361752 5.9923 0.864353 0.091294 -0.003368
134600 -4176.55239786 582.42531661 0.373350 5.9923 0.864353 0.091294 -0.099005
134700 -4143.41515025 560.65971881 0.359397 5.9923 0.864353 0.091294 0.065661
134800 -4171.12633779 571.47254949 0.366329 5.9923 0.864353 0.091294 -0.087663
134900 -4167.38550781 572.27624438 0.366844 5.9923 0.864353 0.091294 -0.045122
135000 -4165.34222734 579.96976962 0.371775 5.9923 0.874145 0.089325 -0.026549
135100 -4165.80305490 570.42412121 0.365656 5.9923 0.874145 0.089325 -0.052069
135200 -4163.43877001 565.62390275 0.362579 5.9923 0.874145 0.089325 -0.043917
135300 -4179.43790413 575.29487447 0.368779 5.9923 0.874145 0.089325 -0.097294
135400 -4139.65250349 565.12639889 0.362261 5.9923 0.874145 0.089325 0.090720
135500 -4160.34962534 577.60531031 0.370260 5.9962 0.877344 0.089478 -0.039437
135600 -4141.04421283 571.30517862 0.366221 5.9962 0.877344 0.089478 0.037731
135700 -4152.44585116 569.69130511 0.365187 5.9962 0.877344 0.089478 -0.006378
135800 -4137.83149065 559.48736340 0.358646 5.9962 0.877344 0.089478 0.053231
135900 -4138.17286750 562.76646811 0.360748 5.9962 0.877344 0.089478 0.036595
136000 -4161.51254059 586.50760364 0.375966 5.9910 0.874987 0.088835 -0.088636
136100 -4162.22972753 565.63095274 0.362584 5.9910 0.874987 0.088835 -0.082452
136200 -4150.37600655 561.18312295 0.359733 5.9910 0.874987 0.088835 -0.009517
136300 -4166.70365678 574.33516505 0.368164 5.9910 0.874987 0.088835 -0.072942
136400 -4154.38814707 564.94228840 0.362142 5.9910 0.874987 0.088835 -0.029533
136500 -4157.64923311 554.58594201 0.355504 5.9936 0.875232 0.088509 -0.006823
136600 -4161.59117903 560.71994663 0.359436 5.9936 0.875232 0.088509 -0.035900
136700 -4152.12319419 566.06608254 0.362863 5.9936 0.875232 0.088509 -0.015282
136800 -4154.19090722 573.74034382 0.367782 5.9936 0.875232 0.088509 0.001866
136900 -4141.60564628 560.68944368 0.359416 5.9936 0.875232 0.088509 0.035703
137000 -4171.40263977 548.86520825 0.351837 5.9910 0.873855 0.088346 -0.093552
137100 -4158.43001940 555.48893079 0.356083 5.9910 0.873855 0.088346 -0.014879
137200 -4160.87618953 554.60718227 0.355517 5.9910 0.873855 0.088346 -0.021156
137300 -4185.88995702 569.76110162 0.365231 5.9910 0.873855 0.088346 -0.098153
137400 -4162.16049834 561.39103164 0.359866 5.9910 0.873855 0.088346 0.002707
137500 -4152.84486870 547.40049588 0.350898 5.9949 0.874804 0.091038 0.034770
137600 -4167.42088866 572.70234881 0.367117 5.9949 0.874804 0.091038 -0.061111
137700 -4158.62347989 559.72416827 0.358798 5.9949 0.874804 0.091038 0.022883
137800 -4168.95558128 564.77240999 0.362034 5.9949 0.874804 0.091038 -0.034738
137900 -4169.94370480 566.63610641 0.363228 5.9949 0.874804 0.091038 -0.013247
138000 -4172.51174778 542.85241089 0.347982 5.9949 0.878103 0.089082 -0.056139
138100 -4162.39207120 542.91251274 0.348021 5.9949 0.878103 0.089082 -0.000616
138200 -4174.27591025 553.55338513 0.354842 5.9949 0.878103 0.089082 -0.012473
138300 -4156.43415278 554.65187877 0.355546 5.9949 0.878103 0.089082 0.059518
138400 -4166.67502773 583.60457693 0.374105 5.9949 0.878103 0.089082 -0.005601
138500 -4137.17197370 567.38673809 0.363709 5.9974 0.875350 0.088904 0.091329
138600 -4145.68015996 579.31421239 0.371355 5.9974 0.875350 0.088904 0.060736
138700 -4148.20021370 567.47720498 0.363767 5.9974 0.875350 0.088904 0.026208
138800 -4163.00094889 595.28064799 0.381590 5.9974 0.875350 0.088904 -0.054413
138900 -4132.26928927 570.71025114 0.365840 5.9974 0.875350 0.088904 0.090347
139000 -4126.23271662 586.06005142 0.375680 5.9936 0.870146 0.090544 0.081263
139100 -4134.73778575 551.41907343 0.353474 5.9936 0.870146 0.090544 0.001533
139200 -4137.03177810 564.99531509 0.362176 5.9936 0.870146 0.090544 0.023260
139300 -4155.78116585 566.43594647 0.363100 5.9936 0.870146 0.090544 -0.046954
139400 -4136.53793503 555.05138102 0.355802 5.9936 0.870146 0.090544 0.025529
139500 -4153.57299714 591.04177023 0.378873 5.9910 0.866932 0.092103 -0.033184
139600 -4140.33649063 569.02131811 0.364757 5.9910 0.866932 0.092103 0.009216
139700 -4155.78265112 575.37624508 0.368831 5.9910 0.866932 0.092103 -0.085197
139800 -4150.60423883 552.26408989 0.354015 5.9910 0.866932 0.092103 -0.042158
139900 -4158.42423071 544.20138689 0.348847 5.9910 0.866932 0.092103 -0.052535
140000 -4160.87302769 560.28533812 0.359157 5.9910 0.870332 0.091911 -0.030671
140100 -4171.08340881 580.80131673 0.372309 5.9910 0.870332 0.091911 -0.074540
140200 -4151.13668540 546.27831227 0.350178 5.9910 0.870332 0.091911 0.005590
140300 -4165.07159153 544.84275254 0.349258 5.9910 0.870332 0.091911 -0.072680
140400 -4155.48183397 552.52911688 0.354185 5.9910 0.870332 0.091911 0.022086
140500 -4168.47772932 587.77834774 0.376781 5.9949 0.877076 0.085892 -0.041718
140600 -4154.10122735 550.38020702 0.352808 5.9949 0.877076 0.085892 0.019149
140700 -4144.19077500 550.38829147 0.352813 5.9949 0.877076 0.085892 0.049056
140800 -4145.69787202 548.40035558 0.351539 5.9949 0.877076 0.085892 0.058190
140900 -4146.84564917 579.57362442 0.371522 5.9949 0.877076 0.085892 0.053986
141000 -4156.65177837 550.92198181 0.353155 6.0013 0.875318 0.087542 -0.040411
141100 -4161.86945923 541.55676141 0.347152 6.0013 0.875318 0.087542 -0.019759
141200 -4166.14374273 560.57881651 0.359345 6.0013 0.875318 0.087542 -0.033436
141300 -4159.32771697 555.98510923 0.356401 6.0013 0.875318 0.087542 0.012242
141400 -4172.39747635 550.32220567 0.352771 6.0013 0.875318 0.087542 -0.055329
141500 -4152.80211996 543.64839280 0.348493 6.0000 0.875836 0.087814 0.031165
141600 -4173.73054772 562.78769055 0.360761 6.0000 0.875836 0.087814 -0.042317
141700 -4165.64924084 578.07223877 0.370559 6.0000 0.875836 0.087814 0.021206
141800 -4158.40954325 548.18243757 0.351399 6.0000 0.875836 0.087814 0.022564
141900 -4179.68814101 570.13549472 0.365471 6.0000 0.875836 0.087814 -0.081864
142000 -4175.03730049 567.95198926 0.364072 5.9962 0.872098 0.089435 -0.062051
142100 -4155.79363812 557.29375389 0.357240 5.9962 0.872098 0.089435 0.026581
142200 -4161.93641250 561.59341169 0.359996 5.9962 0.872098 0.089435 0.010108
142300 -4167.41577019 583.40758812 0.373979 5.9962 0.872098 0.089435 -0.028202
142400 -4161.05252714 543.66085219 0.348501 5.9962 0.872098 0.089435 -0.031980
142500 -4155.91108500 565.27671759 0.362357 5.9949 0.868853 0.088999 0.011813
142600 -4162.30170986 562.98087986 0.360885 5.9949 0.868853 0.088999 -0.021530
142700 -4164.62308385 572.34986010 0.366891 5.9949 0.868853 0.088999 -0.027073
142800 -4168.60226850 533.33645506 0.341882 5.9949 0.868853 0.088999 -0.070777
142900 -4174.37998314 547.58494150 0.351016 5.9949 0.868853 0.088999 -0.053076
143000 -4160.20764265 584.09005136 0.374417 5.9949 0.870087 0.088520 0.018430
143100 -4156.10576186 561.35728714 0.359844 5.9949 0.870087 0.088520 0.053719
143200 -4203.34891192 570.80765254 0.365902 5.9949 0.870087 0.088520 -0.188611
143300 -4177.11017436 540.76032300 0.346641 5.9949 0.870087 0.088520 -0.069702
143400 -4174.09092095 548.32683017 0.351492 5.9949 0.870087 0.088520 -0.021484
143500 -4187.42459618 554.46455377 0.355426 5.9962 0.882192 0.086994 -0.082636
143600 -4179.23336010 541.08125032 0.346847 5.9962 0.882192 0.086994 -0.023443
143700 -4175.45997772 554.06211330 0.355168 5.9962 0.882192 0.086994 0.002969
143800 -4174.83911255 560.75761538 0.359460 5.9962 0.882192 0.086994 -0.009295
143900 -4182.86570473 558.68454003 0.358131 5.9962 0.882192 0.086994 -0.023384
144000 -4167.33892095 571.43759382 0.366306 5.9936 0.879115 0.088053 0.061392
144100 -4170.77302253 573.06586558 0.367350 5.9936 0.879115 0.088053 0.012045
144200 -4181.43200108 567.46352377 0.363759 5.9936 0.879115 0.088053 -0.054583
144300 -4174.34603835 556.72859174 0.356877 5.9936 0.879115 0.088053 -0.005076
144400 -4154.71792399 565.94267757 0.362784 5.9936 0.879115 0.088053 0.064023
144500 -4170.75551113 559.90875874 0.358916 5.9936 0.877210 0.086557 -0.015084
144600 -4161.65418015 551.13344675 0.353291 5.9936 0.877210 0.086557 0.028585
144700 -4172.01834108 542.63043170 0.347840 5.9936 0.877210 0.086557 -0.015632
144800 -4176.91189475 562.36263582 0.360489 5.9936 0.877210 0.086557 -0.026372
144900 -4162.83880515 555.59369995 0.356150 5.9936 0.877210 0.086557 0.029193
145000 -4160.43887738 557.97914697 0.357679 5.9923 0.866220 0.091160 0.017899
145100 -4150.72290943 565.31702405 0.362383 5.9923 0.866220 0.091160 0.080439
145200 -4129.63815475 553.36374639 0.354720 5.9923 0.866220 0.091160 0.118602
145300 -4157.42829991 566.81134865 0.363341 5.9923 0.866220 0.091160 0.006677
145400 -4162.78317700 556.36844509 0.356646 5.9923 0.866220 0.091160 -0.031482
145500 -4169.66287873 588.34624871 0.377145 5.9949 0.871618 0.087723 -0.054660
145600 -4130.15066492 554.27241486 0.355303 5.9949 0.871618 0.087723 0.105663
145700 -4149.52211542 587.08333011 0.376335 5.9949 0.871618 0.087723 0.015847
145800 -4122.51757965 572.97081102 0.367289 5.9949 0.871618 0.087723 0.133349
145900 -4144.95806558 582.70056083 0.373526 5.9949 0.871618 0.087723 0.005540
146000 -4147.51082788 589.08096118 0.377616 5.9949 0.876698 0.088837 -0.041355
146100 -4147.16934772 548.02199497 0.351296 5.9949 0.876698 0.088837 -0.021616
146200 -4138.44863166 567.39242515 0.363713 5.9949 0.876698 0.088837 0.048994
146300 -4143.67667456 563.39975131 0.361154 5.9949 0.876698 0.088837 0.018656
146400 -4166.85826650 570.06058685 0.365423 5.9949 0.876698 0.088837 -0.098931
146500 -4151.17176941 571.99518649 0.366664 5.9987 0.874109 0.087428 -0.022809
146600 -4152.30831033 562.19235722 0.360380 5.9987 0.874109 0.087428 -0.013453
146700 -4123.59068646 564.15927128 0.361641 5.9987 0.874109 0.087428 0.134838
146800 -4143.04464052 568.50742342 0.364428 5.9987 0.874109 0.087428 0.008669
146900 -4153.35469244 536.55968270 0.343949 5.9987 0.874109 0.087428 -0.044317
147000 -4169.76689483 536.01708914 0.343601 5.9974 0.873435 0.088040 -0.099927
147100 -4182.41316544 551.20156186 0.353334 5.9974 0.873435 0.088040 -0.117020
147200 -4168.64369805 569.09590870 0.364805 5.9974 0.873435 0.088040 -0.019715
147300 -4169.13987318 568.45755802 0.364396 5.9974 0.873435 0.088040 -0.035354
147400 -4159.33745207 559.73053002 0.358802 5.9974 0.873435 0.088040 0.049372
147500 -4154.28350381 584.23626990 0.374510 5.9987 0.876134 0.088639 0.022942
147600 -4156.69877379 537.54751766 0.344582 5.9987 0.876134 0.088639 0.009383
147700 -4160.38138313 546.14181777 0.350091 5.9987 0.876134 0.088639 0.008413
147800 -4159.08475031 551.42532709 0.353478 5.9987 0.876134 0.088639 0.014269
147900 -4166.91579856 567.44131455 0.363744 5.9987 0.876134 0.088639 0.016484
148000 -4170.15623834 558.38865887 0.357941 5.9936 0.879059 0.087739 -0.030573
148100 -4152.08388237 565.37933687 0.362423 5.9936 0.879059 0.087739 0.069922
148200 -4161.96456123 549.87008777 0.352481 5.9936 0.879059 0.087739 0.012579
148300 -4180.25192123 565.16715096 0.362287 5.9936 0.879059 0.087739 -0.091299
148400 -4161.51146047 572.04976040 0.366699 5.9936 0.879059 0.087739 0.024305
148500 -4164.32147520 575.06826268 0.368634 5.9962 0.878494 0.086552 0.006128
148600 -4156.54768068 545.32424257 0.349567 5.9962 0.878494 0.086552 0.029959
148700 -4172.01871063 573.57850422 0.367679 5.9962 0.878494 0.086552 -0.020603
148800 -4171.30889444 556.53437294 0.356753 5.9962 0.878494 0.086552 -0.034881
148900 -4159.32199528 543.76360002 0.348566 5.9962 0.878494 0.086552 0.020728
149000 -4156.57037507 566.15349283 0.362919 5.9936 0.874645 0.090914 0.076166
149100 -4176.13922651 560.76789729 0.359467 5.9936 0.874645 0.090914 -0.036701
149200 -4181.63156851 558.85263721 0.358239 5.9936 0.874645 0.090914 -0.072403
149300 -4163.51578169 556.42648594 0.356684 5.9936 0.874645 0.090914 0.039189
149400 -4178.27466454 564.22780263 0.361684 5.9936 0.874645 0.090914 -0.029896
149500 -4172.47589670 570.20377659 0.365515 5.9936 0.878675 0.089280 -0.016686
149600 -4154.42329579 576.18462695 0.369349 5.9936 0.878675 0.089280 0.054196
149700 -4159.89460923 555.08027776 0.355821 5.9936 0.878675 0.089280 0.009325
149800 -4148.21249703 560.04630382 0.359004 5.9936 0.878675 0.089280 0.041960
149900 -4168.84452910 569.94401081 0.365349 5.9936 0.878675 0.089280 -0.055368
150000 -4159.50409961 547.08396515 0.350695 5.9962 0.870461 0.091578 0.002003
150100 -4141.41763661 550.59286344 0.352944 5.9962 0.870461 0.091578 0.066599
150200 -4142.42778320 563.81630902 0.361421 5.9962 0.870461 0.091578 0.054455
150300 -4148.15861317 565.83460704 0.362714 5.9962 0.870461 0.091578 0.030247
150400 -4132.75333983 558.96114915 0.358308 5.9962 0.870461 0.091578 0.100308
150500 -4153.85398313 554.37057372 0.355366 5.9949 0.877472 0.088451 -0.004619
150600 -4161.56368485 565.76216630 0.362668 5.9949 0.877472 0.088451 -0.043388
150700 -4160.09705221 566.87814767 0.363383 5.9949 0.877472 0.088451 -0.030550
150800 -4134.86043247 545.23694294 0.349511 5.9949 0.877472 0.088451 0.097844
150900 -4141.94451952 562.04412342 0.360285 5.9949 0.877472 0.088451 0.090808
151000 -4150.43786001 540.90511224 0.346734 5.9910 0.873128 0.091346 0.026502
151100 -4163.70884394 556.92257640 0.357002 5.9910 0.873128 0.091346 -0.036841
151200 -4170.94292315 569.12918809 0.364826 5.9910 0.873128 0.091346 -0.043158
151300 -4174.81238734 565.96779838 0.362800 5.9910 0.873128 0.091346 -0.097929
151400 -4165.83323571 559.44674951 0.358620 5.9910 0.873128 0.091346 -0.016901
151500 -4147.83070399 562.19854274 0.360384 5.9923 0.875378 0.090450 0.051911
151600 -4151.77156842 553.65175345 0.354905 5.9923 0.875378 0.090450 0.048511
151700 -4159.36289716 557.91697086 0.357639 5.9923 0.875378 0.090450 -0.006215
151800 -4147.06995141 539.26725751 0.345684 5.9923 0.875378 0.090450 0.045280
151900 -4139.07630469 550.28581499 0.352747 5.9923 0.875378 0.090450 0.096836
152000 -4152.12207880 578.74341298 0.370989 5.9936 0.871140 0.088614 0.026473
152100 -4134.26460990 583.58381214 0.374092 5.9936 0.871140 0.088614 0.090032
152200 -4141.50660307 565.92474929 0.362772 5.9936 0.871140 0.088614 0.012480
152300 -4160.71407905 561.55801774 0.359973 5.9936 0.871140 0.088614 -0.061000
152400 -4153.85819562 552.87381843 0.354406 5.9936 0.871140 0.088614 -0.015722
152500 -4167.33726704 558.16125750 0.357796 5.9949 0.879266 0.088326 -0.070106
152600 -4147.19456210 552.57901037 0.354217 5.9949 0.879266 0.088326 0.061126
152700 -4143.00088480 563.08651114 0.360953 5.9949 0.879266 0.088326 0.057126
152800 -4173.17772566 574.22298264 0.368092 5.9949 0.879266 0.088326 -0.094911
152900 -4152.29031698 558.78547342 0.358196 5.9949 0.879266 0.088326 0.019672
153000 -4184.20015541 558.46088403 0.357988 5.9987 0.880546 0.087433 -0.118880
153100 -4174.20374728 572.40820775 0.366928 5.9987 0.880546 0.087433 -0.039948
153200 -4152.01909064 562.31545794 0.360459 5.9987 0.880546 0.087433 0.060686
153300 -4160.18283027 564.75097156 0.362020 5.9987 0.880546 0.087433 0.006411
153400 -4146.38314869 553.63920783 0.354897 5.9987 0.880546 0.087433 0.042479
153500 -4170.45555076 557.52249892 0.357386 5.9949 0.874338 0.088040 -0.055049
153600 -4147.87027963 540.55229912 0.346508 5.9949 0.874338 0.088040 0.045693
153700 -4163.99343971 551.72697614 0.353671 5.9949 0.874338 0.088040 -0.015195
153800 -4181.45240881 568.60239015 0.364489 5.9949 0.874338 0.088040 -0.087086
153900 -4172.30816917 545.94952777 0.349968 5.9949 0.874338 0.088040 -0.033231
154000 -4163.21106028 548.78684138 0.351786 5.9923 0.877807 0.088464 0.048798
154100 -4165.62534762 585.31419649 0.375201 5.9923 0.877807 0.088464 0.021892
154200 -4152.02153752 538.27608380 0.345049 5.9923 0.877807 0.088464 0.041836
154300 -4175.09987587 575.71064571 0.369045 5.9923 0.877807 0.088464 -0.061317
154400 -4171.27690795 558.19784964 0.357819 5.9923 0.877807 0.088464 -0.019506
154500 -4145.05266191 554.70931701 0.355583 5.9923 0.870708 0.091066 0.073147
154600 -4157.25750281 565.11664893 0.362254 5.9923 0.870708 0.091066 0.022027
154700 -4166.37744030 586.70246569 0.376091 5.9923 0.870708 0.091066 -0.033768
154800 -4150.21514943 552.80321318 0.354361 5.9923 0.870708 0.091066 0.031111
154900 -4170.51658578 559.26580507 0.358504 5.9923 0.870708 0.091066 -0.070786
155000 -4165.59723591 558.73005429 0.358160 5.9962 0.874527 0.087983 -0.034734
155100 -4153.18721009 562.91843037 0.360845 5.9962 0.874527 0.087983 0.051184
155200 -4158.93292120 568.05280704 0.364136 5.9962 0.874527 0.087983 -0.001679
155300 -4169.96639071 582.18322940 0.373194 5.9962 0.874527 0.087983 -0.040090
155400 -4158.76431430 564.05922464 0.361576 5.9962 0.874527 0.087983 -0.021106
155500 -4149.48398010 572.32845448 0.366877 5.9962 0.871628 0.091124 0.043781
155600 -4138.18743330 568.25154719 0.364264 5.9962 0.871628 0.091124 0.093219
155700 -4163.42244646 555.62220643 0.356168 5.9962 0.871628 0.091124 -0.070763
155800 -4150.43454572 566.39570354 0.363074 5.9962 0.871628 0.091124 0.025338
155900 -4142.66789948 565.36601045 0.362414 5.9962 0.871628 0.091124 0.063246
156000 -4155.83760716 581.90646623 0.373017 5.9949 0.874616 0.088925 -0.007692
156100 -4159.42933353 581.48161350 0.372745 5.9949 0.874616 0.088925 -0.014428
156200 -4155.78544142 568.70785479 0.364556 5.9949 0.874616 0.088925 -0.020452
156300 -4154.82887570 563.30400186 0.361092 5.9949 0.874616 0.088925 0.014221
156400 -4156.57404742 574.97238570 0.368572 5.9949 0.874616 0.088925 -0.005861
156500 -4154.46258546 578.85759609 0.371063 5.9936 0.875159 0.088663 -0.022726
156600 -4133.02001019 554.58227334 0.355501 5.9936 0.875159 0.088663 0.076316
156700 -4161.90987496 566.02786719 0.362838 5.9936 0.875159 0.088663 -0.091837
156800 -4158.92587384 562.75530955 0.360741 5.9936 0.875159 0.088663 -0.038856
156900 -4160.72198050 554.14408938 0.355221 5.9936 0.875159 0.088663 -0.052526
157000 -4146.44929317 569.48679853 0.365056 5.9910 0.866613 0.090556 0.026929
157100 -4161.64320762 562.86641130 0.360812 5.9910 0.866613 0.090556 -0.045289
157200 -4143.44205534 563.87069915 0.361456 5.9910 0.866613 0.090556 0.051165
157300 -4158.42204629 562.87357547 0.360816 5.9910 0.866613 0.090556 -0.027095
157400 -4150.52511256 567.13075819 0.363545 5.9910 0.866613 0.090556 0.013153
157500 -4156.08411880 550.15757952 0.352665 5.9949 0.874302 0.089032 -0.013465
157600 -4164.56585320 542.98923644 0.348070 5.9949 0.874302 0.089032 -0.048508
157700 -4151.57293359 538.89517711 0.345446 5.9949 0.874302 0.089032 0.059651
157800 -4176.99775576 533.86436288 0.342221 5.9949 0.874302 0.089032 -0.046170
157900 -4163.19488493 521.33714045 0.334190 5.9949 0.874302 0.089032 0.044384
158000 -4195.02856421 565.15641010 0.362280 5.9923 0.889260 0.085765 -0.072244
158100 -4166.43370343 542.26861916 0.347608 5.9923 0.889260 0.085765 0.067862
158200 -4175.24036532 553.47689188 0.354793 5.9923 0.889260 0.085765 0.006935
158300 -4194.75460190 565.66869426 0.362608 5.9923 0.889260 0.085765 -0.101173
158400 -4189.91384319 556.70097974 0.356860 5.9923 0.889260 0.085765 -0.050368
158500 -4179.84988631 546.47950608 0.350307 5.9949 0.881901 0.086246 -0.019204
158600 -4194.06451559 569.11203263 0.364815 5.9949 0.881901 0.086246 -0.058524
158700 -4165.37911302 536.58975976 0.343968 5.9949 0.881901 0.086246 0.071227
158800 -4166.15029264 551.07511740 0.353253 5.9949 0.881901 0.086246 0.060159
158900 -4165.52401150 550.69115970 0.353007 5.9949 0.881901 0.086246 0.057619
159000 -4180.78293108 569.76499091 0.365234 5.9936 0.879283 0.087678 -0.024768
159100 -4173.13677502 581.57133993 0.372802 5.9936 0.879283 0.087678 -0.003220
159200 -4164.09853848 562.10141610 0.360321 5.9936 0.879283 0.087678 0.024387
159300 -4168.04818173 582.18186541 0.373194 5.9936 0.879283 0.087678 -0.004723
159400 -4172.62862703 558.71512028 0.358151 5.9936 0.879283 0.087678 -0.027245
159500 -4179.27422831 568.81971622 0.364628 5.9974 0.878643 0.088975 -0.051462
159600 -4162.62193330 561.68380857 0.360054 5.9974 0.878643 0.088975 0.014279
159700 -4153.47047672 557.03814448 0.357076 5.9974 0.878643 0.088975 0.034193
159800 -4167.09017859 559.72762871 0.358800 5.9974 0.878643 0.088975 -0.032213
159900 -4140.51052606 549.33504990 0.352138 5.9974 0.878643 0.088975 0.110410
160000 -4169.07373614 566.43033075 0.363096 5.9974 0.875200 0.088985 -0.030120
160100 -4143.44561248 557.31684600 0.357254 5.9974 0.875200 0.088985 0.068579
160200 -4164.68108145 580.34705570 0.372017 5.9974 0.875200 0.088985 -0.018319
160300 -4138.75883039 562.57740380 0.360627 5.9974 0.875200 0.088985 0.098481
160400 -4138.49430977 561.64470811 0.360029 5.9974 0.875200 0.088985 0.051537
160500 -4143.34585197 567.95072128 0.364071 5.9949 0.866030 0.089576 0.015204
160600 -4156.08878991 547.01983231 0.350654 5.9949 0.866030 0.089576 -0.014501
160700 -4161.53790011 566.35299431 0.363047 5.9949 0.866030 0.089576 -0.042076
160800 -4161.71664920 572.31621929 0.366869 5.9949 0.866030 0.089576 -0.032876
160900 -4171.50590745 577.78952481 0.370378 5.9949 0.866030 0.089576 -0.090398
161000 -4148.07682776 571.85993265 0.366577 5.9962 0.871484 0.089457 0.030581
161100 -4153.42961173 565.19893772 0.362307 5.9962 0.871484 0.089457 -0.022128
161200 -4158.06410234 560.05933191 0.359012 5.9962 0.871484 0.089457 -0.059173
161300 -4147.34675839 556.23975237 0.356564 5.9962 0.871484 0.089457 0.025653
161400 -4149.36368035 562.11160161 0.360328 5.9962 0.871484 0.089457 0.019118
161500 -4148.74621290 538.75641301 0.345357 5.9936 0.871637 0.091303 0.023831
161600 -4165.94613707 548.17371609 0.351393 5.9936 0.871637 0.091303 -0.052083
161700 -4154.66269469 542.01331578 0.347444 5.9936 0.871637 0.091303 0.008594
161800 -4178.39727658 565.06981961 0.362224 5.9936 0.871637 0.091303 -0.083092
161900 -4185.05017402 545.42507652 0.349631 5.9936 0.871637 0.091303 -0.093656
162000 -4181.75540833 540.42748087 0.346428 5.9962 0.882944 0.084879 -0.049839
162100 -4160.64096621 525.22687739 0.336684 5.9962 0.882944 0.084879 0.055766
162200 -4190.22652051 551.46550476 0.353504 5.9962 0.882944 0.084879 -0.046363
162300 -4163.66858020 541.47805052 0.347101 5.9962 0.882944 0.084879 0.074534
162400 -4169.23778898 558.67962776 0.358128 5.9962 0.882944 0.084879 0.050951
162500 -4183.45117848 551.89422613 0.353778 5.9949 0.878335 0.088884 -0.030489
162600 -4175.66060542 559.39816206 0.358589 5.9949 0.878335 0.088884 0.034912
162700 -4177.88074698 561.99303395 0.360252 5.9949 0.878335 0.088884 -0.014260
162800 -4182.28398303 559.40854959 0.358595 5.9949 0.878335 0.088884 -0.027852
162900 -4194.81546331 562.42505209 0.360529 5.9949 0.878335 0.088884 -0.103712
163000 -4182.97936846 559.36266075 0.358566 5.9936 0.877002 0.087653 -0.002180
163100 -4179.24011955 546.91632915 0.350587 5.9936 0.877002 0.087653 -0.020251
163200 -4184.96035852 548.62830136 0.351685 5.9936 0.877002 0.087653 -0.014189
163300 -4180.14218392 541.16106687 0.346898 5.9936 0.877002 0.087653 -0.001165
163400 -4181.99085858 551.59355659 0.353586 5.9936 0.877002 0.087653 0.009726
163500 -4190.00218251 576.79857414 0.369743 5.9962 0.875260 0.087056 -0.032446
163600 -4170.51547848 558.36354269 0.357925 5.9962 0.875260 0.087056 0.052101
163700 -4175.98072779 564.04395426 0.361567 5.9962 0.875260 0.087056 0.015126
163800 -4181.22638866 550.29439543 0.352753 5.9962 0.875260 0.087056 -0.021685
163900 -4189.14247782 537.49629743 0.344549 5.9962 0.875260 0.087056 -0.039637
164000 -4182.44841348 539.56158119 0.345873 5.9936 0.879250 0.087059 -0.011874
164100 -4200.53403830 549.64906131 0.352339 5.9936 0.879250 0.087059 -0.061427
164200 -4197.92615724 549.96552962 0.352542 5.9936 0.879250 0.087059 -0.045185
164300 -4184.75787763 530.60327448 0.340130 5.9936 0.879250 0.087059 0.021768
164400 -4194.20516975 552.83360965 0.354381 5.9936 0.879250 0.087059 -0.025702
164500 -4170.92920582 537.55809934 0.344589 5.9936 0.879185 0.085755 0.075690
164600 -4177.96493347 551.25533998 0.353369 5.9936 0.879185 0.085755 0.050388
164700 -4178.15590208 535.50735903 0.343274 5.9936 0.879185 0.085755 0.021911
164800 -4200.41683175 541.72552088 0.347260 5.9936 0.879185 0.085755 -0.057609
164900 -4179.45230001 534.90965215 0.342891 5.9936 0.879185 0.085755 0.013184
165000 -4194.53871646 560.70783145 0.359428 5.9974 0.882233 0.085448 -0.062229
165100 -4180.88040898 557.94528356 0.357657 5.9974 0.882233 0.085448 0.010116
165200 -4195.98237986 550.00442862 0.352567 5.9974 0.882233 0.085448 -0.060856
165300 -4177.33910043 554.13440245 0.355214 5.9974 0.882233 0.085448 0.049500
165400 -4173.28696950 546.69905720 0.350448 5.9974 0.882233 0.085448 0.062042
165500 -4178.41702658 538.14039275 0.344962 5.9897 0.868487 0.088900 0.038806
165600 -4189.08176180 535.54150815 0.343296 5.9897 0.868487 0.088900 -0.006993
165700 -4184.45319763 574.28333256 0.368130 5.9897 0.868487 0.088900 0.015602
165800 -4184.16869930 555.50050267 0.356090 5.9897 0.868487 0.088900 0.010006
165900 -4164.04514235 541.34291484 0.347015 5.9897 0.868487 0.088900 0.073300
166000 -4166.45345498 568.19515213 0.364228 5.9962 0.876387 0.089725 0.072258
166100 -4151.12188345 551.61707340 0.353601 5.9962 0.876387 0.089725 0.120503
166200 -4138.26977449 543.11600350 0.348151 5.9962 0.876387 0.089725 0.135390
166300 -4149.57671202 569.53311221 0.365085 5.9962 0.876387 0.089725 0.076469
166400 -4165.56200054 566.63765870 0.363229 5.9962 0.876387 0.089725 -0.018878
166500 -4169.31454217 536.69109003 0.344033 5.9936 0.877425 0.089789 -0.053210
166600 -4146.04396458 547.02626114 0.350658 5.9936 0.877425 0.089789 0.078986
166700 -4163.38929751 578.72860226 0.370980 5.9936 0.877425 0.089789 0.010567
166800 -4151.68847620 556.41735903 0.356678 5.9936 0.877425 0.089789 0.046548
166900 -4145.07809318 547.01171328 0.350649 5.9936 0.877425 0.089789 0.071391
167000 -4172.27466083 571.42910058 0.366301 5.9987 0.876299 0.086473 -0.050016
167100 -4152.11591298 567.11651530 0.363536 5.9987 0.876299 0.086473 0.032625
167200 -4152.18074913 546.89907115 0.350576 5.9987 0.876299 0.086473 0.012821
167300 -4157.71834265 531.29961806 0.340577 5.9987 0.876299 0.086473 0.023467
167400 -4177.77707230 557.60777435 0.357441 5.9987 0.876299 0.086473 -0.072019
167500 -4190.76342588 565.92904465 0.362775 5.9962 0.886255 0.086336 -0.112496
167600 -4149.80695096 556.34145283 0.356629 5.9962 0.886255 0.086336 0.055492
167700 -4150.64162430 546.10478256 0.350067 5.9962 0.886255 0.086336 0.053267
167800 -4159.29551690 550.10803237 0.352633 5.9962 0.886255 0.086336 0.030514
167900 -4170.16373646 570.16297055 0.365489 5.9962 0.886255 0.086336 -0.012166
168000 -4153.82312392 570.71493568 0.365843 5.9974 0.872472 0.088907 0.032751
168100 -4164.66485065 560.89178210 0.359546 5.9974 0.872472 0.088907 -0.012130
168200 -4135.79176130 574.22016111 0.368090 5.9974 0.872472 0.088907 0.138723
168300 -4163.54366990 577.70283051 0.370322 5.9974 0.872472 0.088907 -0.036422
168400 -4125.55455079 545.78679028 0.349863 5.9974 0.872472 0.088907 0.130969
168500 -4140.97738209 546.68510982 0.350439 5.9949 0.870023 0.091758 0.032360
168600 -4154.39848381 568.01735482 0.364114 5.9949 0.870023 0.091758 -0.007724
168700 -4160.88329084 563.28595940 0.361081 5.9949 0.870023 0.091758 -0.051375
168800 -4146.22969414 541.72329832 0.347259 5.9949 0.870023 0.091758 0.032734
168900 -4157.45670235 545.56447645 0.349721 5.9949 0.870023 0.091758 -0.001925
169000 -4180.86115350 567.28109369 0.363642 5.9962 0.882097 0.087911 -0.084244
169100 -4180.44534010 550.28789291 0.352749 5.9962 0.882097 0.087911 -0.082698
169200 -4159.57829524 573.89394552 0.367881 5.9962 0.882097 0.087911 0.031914
169300 -4158.42440023 552.26689854 0.354017 5.9962 0.882097 0.087911 0.007930
169400 -4177.80554237 569.33575567 0.364959 5.9962 0.882097 0.087911 -0.041717
169500 -4165.02096382 578.58232963 0.370886 5.9923 0.874841 0.088194 -0.008264
169600 -4174.87630652 568.80683543 0.364620 5.9923 0.874841 0.088194 -0.067427
169700 -4192.43806896 560.05447627 0.359009 5.9923 0.874841 0.088194 -0.106658
169800 -4168.47661036 562.30217779 0.360450 5.9923 0.874841 0.088194 0.012645
169900 -4157.73566584 574.35908722 0.368179 5.9923 0.874841 0.088194 0.059079
170000 -4175.79621644 567.56299778 0.363822 5.9949 0.879714 0.086897 -0.056431
170100 -4162.00921846 542.45911032 0.347730 5.9949 0.879714 0.086897 0.017724
170200 -4191.66936552 559.28470148 0.358516 5.9949 0.879714 0.086897 -0.106594
170300 -4171.72670742 569.71707768 0.365203 5.9949 0.879714 0.086897 -0.020576
170400 -4145.76372693 562.24361987 0.360413 5.9949 0.879714 0.086897 0.111812
170500 -4168.41632924 572.17114846 0.366776 5.9974 0.878987 0.086356 -0.062590
170600 -4165.58954161 558.89590465 0.358267 5.9974 0.878987 0.086356 0.003335
170700 -4155.46529835 560.01191670 0.358982 5.9974 0.878987 0.086356 0.038720
170800 -4163.88690069 544.27802991 0.348896 5.9974 0.878987 0.086356 -0.020515
170900 -4153.35550831 553.40965040 0.354750 5.9974 0.878987 0.086356 0.053281
171000 -4155.12072258 565.24916514 0.362339 5.9885 0.866287 0.091170 0.038363
171100 -4136.91038413 538.90372746 0.345451 5.9885 0.866287 0.091170 0.103175
171200 -4160.23323663 550.87943119 0.353128 5.9885 0.866287 0.091170 -0.016305
171300 -4185.53094527 562.93688449 0.360857 5.9885 0.866287 0.091170 -0.139162
171400 -4171.62156369 568.48094164 0.364411 5.9885 0.866287 0.091170 -0.044271
171500 -4141.66750354 558.85054149 0.358238 5.9885 0.863055 0.093494 0.083939
171600 -4157.63807660 574.70708826 0.368402 5.9885 0.863055 0.093494 -0.024964
171700 -4159.80819531 563.93617051 0.361498 5.9885 0.863055 0.093494 -0.028475
171800 -4148.39576042 559.17733129 0.358447 5.9885 0.863055 0.093494 0.033933
171900 -4148.51693094 577.33110792 0.370084 5.9885 0.863055 0.093494 0.022679
172000 -4154.44593808 570.37426802 0.365625 5.9949 0.875191 0.089104 -0.001683
172100 -4149.97920417 550.00824990 0.352569 5.9949 0.875191 0.089104 0.014050
172200 -4156.26379388 546.09882303 0.350063 5.9949 0.875191 0.089104 0.018109
172300 -4159.74442822 552.92718938 0.354441 5.9949 0.875191 0.089104 -0.030597
172400 -4158.10408567 551.57785806 0.353576 5.9949 0.875191 0.089104 -0.002374
172500 -4152.08379470 568.75219606 0.364585 5.9872 0.870432 0.090331 0.054824
172600 -4146.02090299 550.02731921 0.352582 5.9872 0.870432 0.090331 0.054721
172700 -4153.24120995 554.68361884 0.355566 5.9872 0.870432 0.090331 0.006805
172800 -4156.45179597 556.58103270 0.356783 5.9872 0.870432 0.090331 -0.016255
172900 -4169.21001854 549.64262558 0.352335 5.9872 0.870432 0.090331 -0.043006
173000 -4168.10175498 557.16669277 0.357158 5.9923 0.873095 0.090813 -0.028147
173100 -4168.01854611 569.26604766 0.364914 5.9923 0.873095 0.090813 -0.021798
173200 -4147.01005839 579.86665823 0.371709 5.9923 0.873095 0.090813 0.046180
173300 -4146.79640355 577.95979591 0.370487 5.9923 0.873095 0.090813 0.020914
173400 -4148.55723214 586.96312743 0.376258 5.9923 0.873095 0.090813 0.013243
173500 -4161.20945632 572.03492763 0.366689 5.9936 0.873184 0.092387 -0.080575
173600 -4142.46369209 570.18017876 0.365500 5.9936 0.873184 0.092387 0.025448
173700 -4139.33118003 560.26901438 0.359147 5.9936 0.873184 0.092387 0.017327
173800 -4147.74966028 549.92961547 0.352519 5.9936 0.873184 0.092387 -0.024995
173900 -4165.16282219 530.35912879 0.339974 5.9936 0.873184 0.092387 -0.101559
174000 -4176.23677016 561.53986555 0.359961 5.9936 0.877549 0.087568 -0.097084
174100 -4155.03897271 560.65662758 0.359395 5.9936 0.877549 0.087568 0.009545
174200 -4155.95338491 581.03482697 0.372458 5.9936 0.877549 0.087568 0.024512
174300 -4172.98142081 566.80703181 0.363338 5.9936 0.877549 0.087568 -0.078002
174400 -4150.34024554 551.31153870 0.353405 5.9936 0.877549 0.087568 0.059524
174500 -4149.63023143 563.94604850 0.361504 5.9936 0.864697 0.092443 0.021981
174600 -4143.22878422 569.04563628 0.364773 5.9936 0.864697 0.092443 0.040319
174700 -4138.70538285 568.78881140 0.364608 5.9936 0.864697 0.092443 0.046915
174800 -4153.54434548 545.93813976 0.349960 5.9936 0.864697 0.092443 -0.032254
174900 -4160.35720632 554.35918547 0.355358 5.9936 0.864697 0.092443 -0.041502
175000 -4162.16747266 581.06581695 0.372478 5.9949 0.882271 0.086531 -0.048258
175100 -4155.98738283 575.70693791 0.369043 5.9949 0.882271 0.086531 -0.023676
175200 -4147.22583518 568.33438220 0.364317 5.9949 0.882271 0.086531 0.025226
175300 -4158.27904289 558.89629608 0.358267 5.9949 0.882271 0.086531 -0.043569
175400 -4164.90698860 560.48360335 0.359284 5.9949 0.882271 0.086531 -0.051789
175500 -4158.34054740 578.92296977 0.371104 5.9936 0.882644 0.086516 0.001344
175600 -4141.38310310 552.59560602 0.354228 5.9936 0.882644 0.086516 0.071209
175700 -4133.20576021 569.02813915 0.364762 5.9936 0.882644 0.086516 0.111326
175800 -4158.53218819 563.82359638 0.361425 5.9936 0.882644 0.086516 -0.009753
175900 -4157.76649019 548.30633555 0.351478 5.9936 0.882644 0.086516 -0.029390
176000 -4148.20761535 571.00137411 0.366027 5.9949 0.869610 0.090254 0.045030
176100 -4125.40391435 559.25034308 0.358494 5.9949 0.869610 0.090254 0.134388
176200 -4140.51387058 572.18426880 0.366785 5.9949 0.869610 0.090254 0.043033
176300 -4140.24424565 560.09938601 0.359038 5.9949 0.869610 0.090254 0.019336
176400 -4155.43506175 559.70922450 0.358788 5.9949 0.869610 0.090254 -0.062706
176500 -4148.98407691 539.03220022 0.345533 5.9923 0.876469 0.090616 -0.015455
176600 -4175.20022214 567.68162917 0.363898 5.9923 0.876469 0.090616 -0.092811
176700 -4151.93193998 561.49071155 0.359930 5.9923 0.876469 0.090616 0.003892
176800 -4145.34778566 573.23584405 0.367459 5.9923 0.876469 0.090616 0.020964
176900 -4137.16884979 567.04377743 0.363490 5.9923 0.876469 0.090616 0.050057
177000 -4137.70344155 579.27553256 0.371330 5.9974 0.858422 0.090586 0.035701
177100 -4136.00556131 562.09410884 0.360317 5.9974 0.858422 0.090586 0.023878
177200 -4138.75508034 565.73947679 0.362654 5.9974 0.858422 0.090586 0.011663
177300 -4126.38237436 555.91725137 0.356357 5.9974 0.858422 0.090586 0.077455
177400 -4127.19034059 546.67619128 0.350433 5.9974 0.858422 0.090586 0.063545
177500 -4128.75542590 547.52501454 0.350978 5.9872 0.864948 0.093506 0.046345
177600 -4161.25115835 551.09837724 0.353268 5.9872 0.864948 0.093506 -0.081563
177700 -4146.51402909 548.52819417 0.351621 5.9872 0.864948 0.093506 -0.007321
177800 -4159.50779182 562.32870654 0.360467 5.9872 0.864948 0.093506 -0.036138
177900 -4148.29210849 575.32900905 0.368801 5.9872 0.864948 0.093506 0.017877
178000 -4163.67899215 579.63372858 0.371560 5.9910 0.874353 0.088999 -0.065323
178100 -4146.53880915 551.62275190 0.353604 5.9910 0.874353 0.088999 0.019677
178200 -4164.91661576 551.90166011 0.353783 5.9910 0.874353 0.088999 -0.050278
178300 -4174.16177746 558.46669576 0.357991 5.9910 0.874353 0.088999 -0.065351
178400 -4161.89127278 555.06748506 0.355812 5.9910 0.874353 0.088999 -0.013533
178500 -4172.84166996 560.70166193 0.359424 5.9910 0.878998 0.088101 -0.051724
178600 -4138.63346524 552.13169444 0.353931 5.9910 0.878998 0.088101 0.111952
178700 -4146.14338750 551.97620310 0.353831 5.9910 0.878998 0.088101 0.091284
178800 -4179.91199306 595.44816688 0.381698 5.9910 0.878998 0.088101 -0.086735
178900 -4147.37022264 566.13827054 0.362909 5.9910 0.878998 0.088101 0.030066
179000 -4145.29351433 567.58496835 0.363837 5.9885 0.866997 0.092306 0.047261
179100 -4145.42184248 562.39134883 0.360507 5.9885 0.866997 0.092306 0.039400
179200 -4151.04794354 574.09478985 0.368009 5.9885 0.866997 0.092306 0.032519
179300 -4152.47432378 589.66705722 0.377992 5.9885 0.866997 0.092306 0.011315
179400 -4146.45780428 579.44710426 0.371440 5.9885 0.866997 0.092306 0.023769
179500 -4132.89776866 560.21304299 0.359111 5.9885 0.863572 0.091337 0.074578
179600 -4124.04557387 570.07879419 0.365435 5.9885 0.863572 0.091337 0.097189
179700 -4145.53095717 595.91919456 0.381999 5.9885 0.863572 0.091337 -0.021692
179800 -4159.56751751 549.67753115 0.352357 5.9885 0.863572 0.091337 -0.126047
179900 -4161.31844607 551.24584206 0.353363 5.9885 0.863572 0.091337 -0.093101
180000 -4152.56809313 551.19787096 0.353332 5.9910 0.870727 0.089039 -0.003923
180100 -4153.77481093 553.82537363 0.355016 5.9910 0.870727 0.089039 0.000648
180200 -4156.32798677 543.97514685 0.348702 5.9910 0.870727 0.089039 -0.013724
180300 -4151.12121230 559.21234481 0.358469 5.9910 0.870727 0.089039 0.037930
180400 -4144.79132696 569.12491928 0.364824 5.9910 0.870727 0.089039 0.042014
180500 -4169.95065296 557.61912762 0.357448 5.9962 0.874074 0.089160 -0.087472
180600 -4144.54866719 539.49865398 0.345832 5.9962 0.874074 0.089160 0.066565
180700 -4159.04640248 565.79580725 0.362690 5.9962 0.874074 0.089160 0.014387
180800 -4153.89643467 543.79949079 0.348589 5.9962 0.874074 0.089160 0.011642
180900 -4161.15173081 551.19961375 0.353333 5.9962 0.874074 0.089160 0.003163
181000 -4168.79285509 547.46416459 0.350939 5.9974 0.879292 0.089964 -0.033463
181100 -4168.27833575 557.28972634 0.357237 5.9974 0.879292 0.089964 -0.025714
181200 -4160.24160699 546.83781231 0.350537 5.9974 0.879292 0.089964 0.024545
181300 -4171.78503729 559.11863092 0.358409 5.9974 0.879292 0.089964 -0.002254
181400 -4154.90668391 553.39282056 0.354739 5.9974 0.879292 0.089964 0.044959
181500 -4154.63875756 542.21622824 0.347575 5.9949 0.871099 0.090265 0.058476
181600 -4146.93274406 550.72927753 0.353032 5.9949 0.871099 0.090265 0.092664
181700 -4137.04522064 538.62953111 0.345275 5.9949 0.871099 0.090265 0.139104
181800 -4167.61799985 583.22869796 0.373865 5.9949 0.871099 0.090265 -0.054334
181900 -4158.02721027 553.31550177 0.354689 5.9949 0.871099 0.090265 0.004620
182000 -4142.31912305 556.41646194 0.356677 5.9846 0.869995 0.090940 0.100820
182100 -4149.23603714 564.34661426 0.361761 5.9846 0.869995 0.090940 0.031979
182200 -4166.96825065 553.52037809 0.354821 5.9846 0.869995 0.090940 -0.061387
182300 -4161.80232766 560.53635264 0.359318 5.9846 0.869995 0.090940 -0.015942
182400 -4154.50535488 545.39018871 0.349609 5.9846 0.869995 0.090940 0.033395
182500 -4163.29459642 556.54559345 0.356760 5.9962 0.872871 0.088406 -0.009768
182600 -4171.96096558 576.52018837 0.369564 5.9962 0.872871 0.088406 -0.043412
182700 -4166.81375534 557.65410901 0.357471 5.9962 0.872871 0.088406 -0.034107
182800 -4155.19345574 550.63573758 0.352972 5.9962 0.872871 0.088406 0.003169
182900 -4172.24206424 547.78816849 0.351146 5.9962 0.872871 0.088406 -0.067841
183000 -4165.33155090 534.65360788 0.342727 5.9949 0.870244 0.088880 0.010844
183100 -4160.81894097 547.35456463 0.350868 5.9949 0.870244 0.088880 0.035958
183200 -4159.69682215 551.85627150 0.353754 5.9949 0.870244 0.088880 0.036264
183300 -4179.90549645 568.62422424 0.364503 5.9949 0.870244 0.088880 -0.052988
183400 -4172.68365448 557.64155933 0.357463 5.9949 0.870244 0.088880 -0.006274
183500 -4157.68925329 534.45463666 0.342599 5.9923 0.866642 0.091787 0.045101
183600 -4174.60713704 562.33067413 0.360468 5.9923 0.866642 0.091787 -0.031496
183700 -4165.09853995 572.32839592 0.366877 5.9923 0.866642 0.091787 0.028606
183800 -4155.91620095 562.29323185 0.360444 5.9923 0.866642 0.091787 0.043670
183900 -4157.56236833 549.13917463 0.352012 5.9923 0.866642 0.091787 -0.001207
184000 -4179.21008642 560.32434045 0.359182 5.9949 0.879913 0.087338 -0.045652
184100 -4164.94371710 567.42173857 0.363732 5.9949 0.879913 0.087338 -0.015756
184200 -4164.23079476 584.89190018 0.374931 5.9949 0.879913 0.087338 -0.008745
184300 -4180.61982265 580.96364138 0.372413 5.9949 0.879913 0.087338 -0.104822
184400 -4172.18611496 572.08867309 0.366724 5.9949 0.879913 0.087338 -0.044089
184500 -4150.96719121 566.42807205 0.363095 5.9910 0.867824 0.091102 0.057440
184600 -4139.08135078 562.35526152 0.360484 5.9910 0.867824 0.091102 0.087030
184700 -4155.59366450 552.94901329 0.354454 5.9910 0.867824 0.091102 -0.009281
184800 -4152.70666928 543.83072080 0.348609 5.9910 0.867824 0.091102 0.025408
184900 -4162.96305697 546.63291898 0.350406 5.9910 0.867824 0.091102 -0.023459
185000 -4145.30107390 539.79829616 0.346025 5.9897 0.869451 0.092354 0.071891
185100 -4153.56800235 549.24978476 0.352083 5.9897 0.869451 0.092354 0.057022
185200 -4167.29122633 567.94005179 0.364064 5.9897 0.869451 0.092354 -0.036542
185300 -4155.02712502 570.11905056 0.365461 5.9897 0.869451 0.092354 0.025491
185400 -4155.31689579 575.74122337 0.369065 5.9897 0.869451 0.092354 0.008278
185500 -4153.27158356 559.92921615 0.358929 5.9897 0.866596 0.090808 0.002479
185600 -4155.74437906 559.42971722 0.358609 5.9897 0.866596 0.090808 -0.020177
185700 -4152.21203548 552.05373940 0.353881 5.9897 0.866596 0.090808 0.002387
185800 -4148.66783667 553.68116172 0.354924 5.9897 0.866596 0.090808 0.039104
185900 -4145.79155251 549.71867821 0.352384 5.9897 0.866596 0.090808 0.022400
186000 -4156.55168998 568.89976369 0.364679 5.9949 0.877365 0.089449 -0.023860
186100 -4159.49971525 565.88265467 0.362745 5.9949 0.877365 0.089449 -0.022276
186200 -4165.98728000 552.21963708 0.353987 5.9949 0.877365 0.089449 -0.072937
186300 -4183.31604506 555.11423698 0.355842 5.9949 0.877365 0.089449 -0.147088
186400 -4153.68798008 549.17143271 0.352033 5.9949 0.877365 0.089449 0.033612
186500 -4173.71913485 563.34751237 0.361120 5.9885 0.877334 0.088479 -0.038557
186600 -4179.98604257 574.57658445 0.368318 5.9885 0.877334 0.088479 -0.068075
186700 -4158.95909461 549.29441226 0.352112 5.9885 0.877334 0.088479 0.002736
186800 -4163.34637913 553.13477071 0.354574 5.9885 0.877334 0.088479 0.015655
186900 -4163.89459873 556.30762218 0.356607 5.9885 0.877334 0.088479 0.004361
187000 -4164.24845868 563.41701160 0.361165 5.9936 0.879145 0.086627 -0.017037
187100 -4159.68814506 569.72179343 0.365206 5.9936 0.879145 0.086627 0.034570
187200 -4172.34774976 570.28048604 0.365564 5.9936 0.879145 0.086627 -0.042913
187300 -4169.27761240 568.59302925 0.364483 5.9936 0.879145 0.086627 -0.026458
187400 -4171.42439039 562.81864217 0.360781 5.9936 0.879145 0.086627 -0.062428
187500 -4176.97792497 552.51243962 0.354175 5.9974 0.880704 0.089603 -0.075043
187600 -4158.74079195 550.82206892 0.353091 5.9974 0.880704 0.089603 0.031852
187700 -4171.14015895 553.84826198 0.355031 5.9974 0.880704 0.089603 -0.020939
187800 -4168.68123682 546.35629014 0.350228 5.9974 0.880704 0.089603 -0.022426
187900 -4163.13164201 551.34701624 0.353428 5.9974 0.880704 0.089603 0.032390
188000 -4167.35338992 535.87979246 0.343513 5.9910 0.874275 0.088003 0.011390
188100 -4156.70007801 559.62661762 0.358735 5.9910 0.874275 0.088003 0.040626
188200 -4159.44235503 561.15517144 0.359715 5.9910 0.874275 0.088003 0.045173
188300 -4156.67762214 567.17083691 0.363571 5.9910 0.874275 0.088003 0.036065
188400 -4154.47536378 543.62848230 0.348480 5.9910 0.874275 0.088003 0.018939
188500 -4135.01069404 564.10774637 0.361608 5.9936 0.867269 0.092068 0.122315
188600 -4146.11987863 566.54901185 0.363172 5.9936 0.867269 0.092068 0.033889
188700 -4164.35051039 581.65829482 0.372858 5.9936 0.867269 0.092068 -0.020126
188800 -4127.57271838 551.22949008 0.353352 5.9936 0.867269 0.092068 0.107538
188900 -4138.14800454 550.60009232 0.352949 5.9936 0.867269 0.092068 0.034787
189000 -4138.62285982 546.04311514 0.350028 5.9949 0.874591 0.088938 0.064858
189100 -4141.42550127 545.15142235 0.349456 5.9949 0.874591 0.088938 0.062871
189200 -4164.90168049 557.01245500 0.357059 5.9949 0.874591 0.088938 -0.040911
189300 -4156.18548310 554.93021968 0.355724 5.9949 0.874591 0.088938 0.020508
189400 -4184.10647232 548.91632543 0.351869 5.9949 0.874591 0.088938 -0.117027
189500 -4185.81587421 560.94271434 0.359579 5.9962 0.882440 0.085822 -0.079467
189600 -4160.36551391 539.67144465 0.345943 5.9962 0.882440 0.085822 0.039390
189700 -4167.85830581 542.95476654 0.348048 5.9962 0.882440 0.085822 0.015433
189800 -4147.27081911 555.49901446 0.356089 5.9962 0.882440 0.085822 0.103993
189900 -4180.78541972 552.47249994 0.354149 5.9962 0.882440 0.085822 -0.053904
190000 -4180.11554279 544.52002867 0.349051 5.9910 0.876761 0.089352 -0.021570
190100 -4189.91324177 564.27466013 0.361715 5.9910 0.876761 0.089352 -0.071931
190200 -4177.88978708 555.35296716 0.355995 5.9910 0.876761 0.089352 -0.005890
190300 -4159.39359819 569.44229287 0.365027 5.9910 0.876761 0.089352 0.045010
190400 -4138.55867092 547.40526301 0.350901 5.9910 0.876761 0.089352 0.134491
190500 -4182.28627542 580.06618111 0.371837 5.9974 0.877973 0.087652 -0.078292
190600 -4165.50745457 577.93326411 0.370470 5.9974 0.877973 0.087652 0.005281
190700 -4161.03200264 570.12677971 0.365466 5.9974 0.877973 0.087652 0.020972
190800 -4154.51982668 570.97345403 0.366009 5.9974 0.877973 0.087652 0.034235
190900 -4141.22512449 570.98193999 0.366014 5.9974 0.877973 0.087652 0.095336
191000 -4159.97442296 580.57650925 0.372164 5.9974 0.870375 0.087247 -0.035041
191100 -4138.95488484 556.24059117 0.356564 5.9974 0.870375 0.087247 0.060642
191200 -4153.96610149 565.27178294 0.362354 5.9974 0.870375 0.087247 0.000678
191300 -4147.93047336 564.78387718 0.362041 5.9974 0.870375 0.087247 0.026325
191400 -4137.09626420 536.35598399 0.343818 5.9974 0.870375 0.087247 0.060007
191500 -4154.63132117 551.78931882 0.353711 5.9962 0.870884 0.089372 0.015655
191600 -4144.51826901 569.98200408 0.365373 5.9962 0.870884 0.089372 0.045562
191700 -4141.43794106 578.71222425 0.370969 5.9962 0.870884 0.089372 0.055239
191800 -4155.80057998 594.33864051 0.380986 5.9962 0.870884 0.089372 -0.039676
191900 -4127.60516847 594.74613401 0.381248 5.9962 0.870884 0.089372 0.069546
192000 -4127.19873941 591.39490222 0.379099 5.9910 0.862653 0.093282 0.082500
192100 -4127.27575905 571.95625491 0.366639 5.9910 0.862653 0.093282 0.009055
192200 -4122.09611538 572.15823661 0.366768 5.9910 0.862653 0.093282 0.041499
192300 -4154.51870996 571.88963787 0.366596 5.9910 0.862653 0.093282 -0.090887
192400 -4142.39174152 578.29699862 0.370703 5.9910 0.862653 0.093282 -0.032564
192500 -4133.11023689 561.07939677 0.359666 5.9910 0.865208 0.092224 0.016397
192600 -4128.38213436 580.56381456 0.372156 5.9910 0.865208 0.092224 0.044921
192700 -4128.59737198 586.64698989 0.376056 5.9910 0.865208 0.092224 0.021835
192800 -4129.94128200 574.88217686 0.368514 5.9910 0.865208 0.092224 -0.004602
192900 -4144.02692318 578.42883076 0.370788 5.9910 0.865208 0.092224 -0.058568
193000 -4153.75192882 604.45611662 0.387472 5.9949 0.870444 0.091042 -0.121947
193100 -4137.45402760 570.91436774 0.365971 5.9949 0.870444 0.091042 -0.034571
193200 -4108.05676029 552.32111014 0.354052 5.9949 0.870444 0.091042 0.100989
193300 -4156.29898599 571.40750479 0.366287 5.9949 0.870444 0.091042 -0.112329
193400 -4137.23069716 564.35969062 0.361769 5.9949 0.870444 0.091042 -0.036404
193500 -4146.20022409 565.76040769 0.362667 5.9872 0.867900 0.092875 -0.020166
193600 -4131.32542346 590.63998816 0.378615 5.9872 0.867900 0.092875 0.024095
193700 -4120.32113849 573.25948651 0.367474 5.9872 0.867900 0.092875 0.081739
193800 -4120.80510269 595.91670422 0.381998 5.9872 0.867900 0.092875 0.049629
193900 -4140.31150875 578.15307409 0.370611 5.9872 0.867900 0.092875 -0.090280
194000 -4130.70190094 560.17420875 0.359086 5.9910 0.867982 0.092202 -0.033530
194100 -4151.03391616 552.75016940 0.354327 5.9910 0.867982 0.092202 -0.105388
194200 -4156.45388885 537.23061823 0.344379 5.9910 0.867982 0.092202 -0.085340
194300 -4146.94191469 533.24110801 0.341821 5.9910 0.867982 0.092202 -0.014798
194400 -4160.60160235 532.34265523 0.341245 5.9910 0.867982 0.092202 -0.024291
194500 -4208.48110121 550.61054729 0.352955 5.9974 0.884144 0.085460 -0.218467
194600 -4196.79358825 549.78264158 0.352425 5.9974 0.884144 0.085460 -0.099845
194700 -4187.72909228 541.38456583 0.347041 5.9974 0.884144 0.085460 -0.048344
194800 -4164.41612973 544.63847637 0.349127 5.9974 0.884144 0.085460 0.048801
194900 -4203.75733680 557.02358888 0.357066 5.9974 0.884144 0.085460 -0.104406
195000 -4185.84915441 570.49213557 0.365700 5.9949 0.878382 0.089056 0.001399
195100 -4181.00019037 565.30302078 0.362374 5.9949 0.878382 0.089056 -0.014815
195200 -4167.71003558 555.59774292 0.356152 5.9949 0.878382 0.089056 0.039407
195300 -4171.03343892 539.30406290 0.345708 5.9949 0.878382 0.089056 -0.008011
195400 -4183.67620409 565.13966911 0.362269 5.9949 0.878382 0.089056 -0.052999
195500 -4180.25262501 561.73235293 0.360085 5.9936 0.877750 0.087392 -0.026809
195600 -4174.29231683 552.62804292 0.354249 5.9936 0.877750 0.087392 -0.012952
195700 -4168.98795692 558.68879489 0.358134 5.9936 0.877750 0.087392 0.028534
195800 -4164.80840802 538.34953925 0.345096 5.9936 0.877750 0.087392 0.025915
195900 -4164.76400677 545.12020194 0.349436 5.9936 0.877750 0.087392 0.032135
196000 -4171.66294916 563.94703402 0.361505 5.9962 0.879280 0.086000 0.011984
196100 -4184.95192748 566.96189911 0.363437 5.9962 0.879280 0.086000 -0.059875
196200 -4166.19248730 551.34565880 0.353427 5.9962 0.879280 0.086000 0.027726
196300 -4147.75880624 563.22632000 0.361043 5.9962 0.879280 0.086000 0.104408
196400 -4138.64354400 565.48107696 0.362488 5.9962 0.879280 0.086000 0.091904
196500 -4144.70834992 557.86812424 0.357608 5.9872 0.866775 0.091353 0.065397
196600 -4161.18026459 570.42905179 0.365660 5.9872 0.866775 0.091353 -0.028567
196700 -4143.29318358 542.04161667 0.347463 5.9872 0.866775 0.091353 0.033546
196800 -4163.61911750 569.39137895 0.364994 5.9872 0.866775 0.091353 -0.033454
196900 -4177.88402002 563.00311540 0.360899 5.9872 0.866775 0.091353 -0.112622
197000 -4182.68300740 590.25227832 0.378367 5.9974 0.879916 0.084875 -0.126385
197100 -4145.18416533 558.22709954 0.357838 5.9974 0.879916 0.084875 0.071704
197200 -4168.10864907 568.59248172 0.364482 5.9974 0.879916 0.084875 -0.065039
197300 -4174.49700676 558.59941061 0.358077 5.9974 0.879916 0.084875 -0.077647
197400 -4165.43562603 592.08376937 0.379541 5.9974 0.879916 0.084875 -0.009525
197500 -4156.59325756 546.93627439 0.350600 5.9987 0.873995 0.089451 -0.032590
197600 -4158.52056819 530.06429582 0.339785 5.9987 0.873995 0.089451 -0.008509
197700 -4171.66636708 535.09381219 0.343009 5.9987 0.873995 0.089451 -0.068600
197800 -4152.49300954 537.86445693 0.344785 5.9987 0.873995 0.089451 0.055571
197900 -4150.56305847 550.12842809 0.352646 5.9987 0.873995 0.089451 0.049834
198000 -4160.21683392 576.53280943 0.369572 5.9923 0.874754 0.088147 0.004955
198100 -4155.05712608 554.94625119 0.355735 5.9923 0.874754 0.088147 0.015424
198200 -4154.90797040 556.88142578 0.356975 5.9923 0.874754 0.088147 0.015573
198300 -4154.05055015 546.02554047 0.350016 5.9923 0.874754 0.088147 0.019865
198400 -4168.70737463 551.73795817 0.353678 5.9923 0.874754 0.088147 -0.048261
198500 -4159.60345430 562.83331544 0.360791 5.9910 0.871767 0.088176 0.013174
198600 -4167.78895895 550.07180423 0.352610 5.9910 0.871767 0.088176 -0.027628
198700 -4154.44715718 548.71363973 0.351740 5.9910 0.871767 0.088176 0.001294
198800 -4174.68412012 565.69407298 0.362624 5.9910 0.871767 0.088176 -0.062589
198900 -4160.51750169 557.13088647 0.357135 5.9910 0.871767 0.088176 0.046131
199000 -4177.48444472 565.43223712 0.362457 5.9949 0.881784 0.087911 -0.049162
199100 -4141.55588628 555.23613836 0.355921 5.9949 0.881784 0.087911 0.105087
199200 -4159.12082639 565.98583244 0.362811 5.9949 0.881784 0.087911 0.001107
199300 -4143.99203953 555.61241462 0.356162 5.9949 0.881784 0.087911 0.067109
199400 -4155.58858423 558.03387194 0.357714 5.9949 0.881784 0.087911 -0.006849
199500 -4158.44820987 569.60233636 0.365130 5.9936 0.868592 0.091642 -0.018628
199600 -4134.05664794 547.28767760 0.350825 5.9936 0.868592 0.091642 0.081781
199700 -4136.81573796 554.97287514 0.355752 5.9936 0.868592 0.091642 0.068729
199800 -4143.84710126 571.18065166 0.366141 5.9936 0.868592 0.091642 0.018420
199900 -4147.68064740 545.49048974 0.349673 5.9936 0.868592 0.091642 0.010733
200000 -4182.29199098 560.47297449 0.359278 5.9974 0.882139 0.087156 -0.150525
200100 -4167.64905470 582.41519737 0.373343 5.9974 0.882139 0.087156 -0.021324
200200 -4162.17699865 565.59294706 0.362560 5.9974 0.882139 0.087156 -0.014067
200300 -4175.39387846 562.32278387 0.360463 5.9974 0.882139 0.087156 -0.104734
200400 -4175.36082858 531.79118633 0.340892 5.9974 0.882139 0.087156 -0.070389
200500 -4183.77222070 570.37455835 0.365625 5.9936 0.884929 0.085172 -0.062039
200600 -4161.15180775 550.06237976 0.352604 5.9936 0.884929 0.085172 0.033476
200700 -4173.67257364 548.49328782 0.351598 5.9936 0.884929 0.085172 -0.027238
200800 -4164.96835261 550.46518678 0.352862 5.9936 0.884929 0.085172 0.013706
200900 -4156.94521406 560.85325390 0.359521 5.9936 0.884929 0.085172 0.056675
201000 -4164.46346558 543.44036494 0.348359 5.9910 0.876602 0.088140 0.011906
201100 -4153.92106090 565.92469353 0.362772 5.9910 0.876602 0.088140 0.018597
201200 -4155.74334244 563.33729686 0.361114 5.9910 0.876602 0.088140 0.002806
201300 -4170.15180067 585.93737482 0.375601 5.9910 0.876602 0.088140 -0.037529
201400 -4148.61661419 562.35877465 0.360486 5.9910 0.876602 0.088140 0.048190
201500 -4134.55624704 579.95863052 0.371768 5.9872 0.870178 0.092249 0.115673
201600 -4156.03095038 576.77026777 0.369725 5.9872 0.870178 0.092249 -0.042561
201700 -4138.58525978 540.49487253 0.346471 5.9872 0.870178 0.092249 0.067786
201800 -4150.27882856 554.18847688 0.355249 5.9872 0.870178 0.092249 0.004079
201900 -4167.95381897 557.06210128 0.357091 5.9872 0.870178 0.092249 -0.059706
202000 -4141.56600253 553.44382774 0.354772 5.9949 0.866997 0.092080 0.071048
202100 -4169.18837908 577.53942330 0.370218 5.9949 0.866997 0.092080 -0.067936
202200 -4153.40426145 571.20367380 0.366156 5.9949 0.866997 0.092080 0.003801
202300 -4161.13744070 557.27687162 0.357229 5.9949 0.866997 0.092080 -0.038352
202400 -4170.11664924 550.71292684 0.353021 5.9949 0.866997 0.092080 -0.076595
202500 -4179.27398484 564.92402195 0.362131 5.9949 0.880741 0.086520 -0.098592
202600 -4180.66921728 587.39897938 0.376538 5.9949 0.880741 0.086520 -0.076857
202700 -4164.72189326 554.83361450 0.355663 5.9949 0.880741 0.086520 -0.019503
202800 -4170.09695547 561.65606593 0.360036 5.9949 0.880741 0.086520 -0.052885
202900 -4172.71323393 570.55807214 0.365742 5.9949 0.880741 0.086520 -0.022198
203000 -4160.44797653 570.66286535 0.365810 5.9974 0.876806 0.089255 0.004818
203100 -4152.84531879 547.49679863 0.350959 5.9974 0.876806 0.089255 0.049642
203200 -4165.74573313 532.85070180 0.341571 5.9974 0.876806 0.089255 -0.047098
203300 -4172.24646938 549.83662132 0.352459 5.9974 0.876806 0.089255 -0.036156
203400 -4177.29593115 564.39842819 0.361794 5.9974 0.876806 0.089255 -0.027566
203500 -4173.07793750 565.50474835 0.362503 5.9987 0.878409 0.087547 -0.034750
203600 -4177.26311669 557.61855391 0.357448 5.9987 0.878409 0.087547 -0.035702
203700 -4162.83392844 530.12032888 0.339821 5.9987 0.878409 0.087547 0.035278
203800 -4168.12147717 555.95835578 0.356384 5.9987 0.878409 0.087547 -0.008256
203900 -4174.49944059 570.79458616 0.365894 5.9987 0.878409 0.087547 -0.027319
204000 -4137.32442921 550.52074503 0.352898 5.9949 0.870554 0.092817 0.131151
204100 -4160.39931876 554.00839857 0.355134 5.9949 0.870554 0.092817 0.010374
204200 -4166.40026015 551.21298189 0.353342 5.9949 0.870554 0.092817 -0.030043
204300 -4166.00234448 557.42219313 0.357322 5.9949 0.870554 0.092817 -0.003627
204400 -4181.59558155 564.22037462 0.361680 5.9949 0.870554 0.092817 -0.089375
204500 -4168.00674687 543.94356034 0.348682 5.9949 0.871575 0.087984 -0.032383
204600 -4170.87973515 557.33079617 0.357263 5.9949 0.871575 0.087984 0.000860
204700 -4168.26264727 559.89061018 0.358904 5.9949 0.871575 0.087984 0.022452
204800 -4159.23624295 563.55277706 0.361252 5.9949 0.871575 0.087984 0.045803
204900 -4146.40213833 569.79576839 0.365254 5.9949 0.871575 0.087984 0.099192
205000 -4165.06787816 563.27944864 0.361077 5.9962 0.880703 0.087351 -0.021327
205100 -4145.95513006 547.31829292 0.350845 5.9962 0.880703 0.087351 0.048764
205200 -4171.74770932 561.61235558 0.360008 5.9962 0.880703 0.087351 -0.083836
205300 -4153.86243570 541.79894428 0.347307 5.9962 0.880703 0.087351 0.027643
205400 -4163.19370293 551.68733449 0.353646 5.9962 0.880703 0.087351 -0.027238
205500 -4175.42447860 557.46491095 0.357349 6.0000 0.881045 0.087269 -0.049094
205600 -4158.56665262 556.96957928 0.357032 6.0000 0.881045 0.087269 0.026679
205700 -4167.66232358 558.41417625 0.357958 6.0000 0.881045 0.087269 -0.023777
205800 -4139.58693555 550.81801900 0.353088 6.0000 0.881045 0.087269 0.109095
205900 -4157.48441650 555.78688805 0.356274 6.0000 0.881045 0.087269 0.018001
206000 -4167.62705727 555.53443733 0.356112 5.9949 0.876342 0.087082 -0.006822
206100 -4165.08655405 546.13004957 0.350083 5.9949 0.876342 0.087082 0.021279
206200 -4169.69550791 546.79010568 0.350506 5.9949 0.876342 0.087082 0.011333
206300 -4152.96409468 562.37819071 0.360499 5.9949 0.876342 0.087082 0.095401
206400 -4149.06256051 550.25308297 0.352726 5.9949 0.876342 0.087082 0.081785
206500 -4155.89933224 561.65112456 0.360033 5.9949 0.872566 0.089763 0.006162
206600 -4154.62231302 562.25799878 0.360422 5.9949 0.872566 0.089763 0.059431
206700 -4143.22936360 561.70478374 0.360067 5.9949 0.872566 0.089763 0.053611
206800 -4141.96427612 576.27113562 0.369405 5.9949 0.872566 0.089763 0.035716
206900 -4148.42867727 584.43375377 0.374637 5.9949 0.872566 0.089763 -0.005413
207000 -4142.00324646 569.61404102 0.365137 5.9910 0.865741 0.091241 0.035674
207100 -4160.42241411 564.29318626 0.361726 5.9910 0.865741 0.091241 -0.061701
207200 -4155.43390233 551.70477683 0.353657 5.9910 0.865741 0.091241 -0.028667
207300 -4150.32820470 567.70366940 0.363913 5.9910 0.865741 0.091241 0.016524
207400 -4161.81254469 575.80748904 0.369107 5.9910 0.865741 0.091241 -0.054521
207500 -4149.57957915 563.78693306 0.361402 5.9910 0.867513 0.091545 0.012414
207600 -4152.62291886 563.11349182 0.360970 5.9910 0.867513 0.091545 0.011076
207700 -4148.91406803 547.77371218 0.351137 5.9910 0.867513 0.091545 0.015940
207800 -4172.39211772 568.61705080 0.364498 5.9910 0.867513 0.091545 -0.075256
207900 -4175.22524495 554.42783845 0.355402 5.9910 0.867513 0.091545 -0.073681
208000 -4173.80381237 570.26468380 0.365554 5.9949 0.876222 0.087095 -0.009503
208100 -4174.24179912 564.91916661 0.362128 5.9949 0.876222 0.087095 -0.040288
208200 -4172.79772518 563.60616743 0.361286 5.9949 0.876222 0.087095 -0.019488
208300 -4164.63349176 569.27394206 0.364919 5.9949 0.876222 0.087095 0.004686
208400 -4155.08081968 553.58482193 0.354862 5.9949 0.876222 0.087095 0.049564
208500 -4170.78180519 581.73170153 0.372905 5.9936 0.873255 0.088070 -0.022470
208600 -4146.24707030 590.74610976 0.378683 5.9936 0.873255 0.088070 0.067076
208700 -4169.36861507 583.46412027 0.374015 5.9936 0.873255 0.088070 -0.098734
208800 -4149.98879625 552.73358386 0.354316 5.9936 0.873255 0.088070 0.014084
208900 -4142.29771010 533.54095735 0.342013 5.9936 0.873255 0.088070 0.064004
209000 -4157.36839963 555.81849466 0.356294 5.9949 0.869720 0.091447 0.002983
209100 -4144.36717934 563.82560461 0.361427 5.9949 0.869720 0.091447 0.051651
209200 -4147.63104032 568.86370032 0.364656 5.9949 0.869720 0.091447 0.055238
209300 -4137.64724530 528.78222285 0.338963 5.9949 0.869720 0.091447 0.054358
209400 -4163.29765584 544.30144015 0.348911 5.9949 0.869720 0.091447 -0.048165
209500 -4166.31222000 557.49246554 0.357367 5.9974 0.884576 0.085764 -0.041244
209600 -4179.07975827 557.23551301 0.357202 5.9974 0.884576 0.085764 -0.065748
209700 -4167.86477920 561.17114264 0.359725 5.9974 0.884576 0.085764 -0.015888
209800 -4174.30061102 551.06051273 0.353244 5.9974 0.884576 0.085764 -0.034726
209900 -4188.92492385 548.84901564 0.351826 5.9974 0.884576 0.085764 -0.107446
210000 -4170.39215077 555.59000974 0.356147 5.9974 0.880012 0.087839 0.007419
210100 -4175.63050892 557.70891956 0.357506 5.9974 0.880012 0.087839 0.006016
210200 -4150.62560647 556.32112833 0.356616 5.9974 0.880012 0.087839 0.129713
210300 -4147.75940529 567.23485760 0.363612 5.9974 0.880012 0.087839 0.071140
210400 -4149.05164233 573.23607291 0.367459 5.9974 0.880012 0.087839 0.061897
210500 -4168.04560111 568.36011858 0.364333 5.9936 0.876450 0.089937 -0.042641
210600 -4166.20227623 560.17641243 0.359087 5.9936 0.876450 0.089937 -0.038856
210700 -4155.81973722 544.94827451 0.349326 5.9936 0.876450 0.089937 0.014786
210800 -4149.77668855 568.68432262 0.364541 5.9936 0.876450 0.089937 0.036210
210900 -4160.48175456 574.77620063 0.368446 5.9936 0.876450 0.089937 -0.041411
211000 -4172.40151710 551.98287447 0.353835 5.9949 0.883982 0.087058 -0.071971
211100 -4178.94624360 563.81634541 0.361421 5.9949 0.883982 0.087058 -0.051602
211200 -4157.93787410 574.72162418 0.368411 5.9949 0.883982 0.087058 0.042783
211300 -4164.61927965 581.92986868 0.373032 5.9949 0.883982 0.087058 -0.005535
211400 -4165.86725680 570.30850748 0.365582 5.9949 0.883982 0.087058 -0.004620
211500 -4166.84351195 559.63230391 0.358739 5.9949 0.875551 0.089226 -0.030551
211600 -4154.18549711 575.99152248 0.369225 5.9949 0.875551 0.089226 0.031242
211700 -4150.22549134 551.17341020 0.353316 5.9949 0.875551 0.089226 0.022202
211800 -4144.89386816 560.23377316 0.359124 5.9949 0.875551 0.089226 0.054684
211900 -4162.28789401 565.47972393 0.362487 5.9949 0.875551 0.089226 -0.018865
212000 -4172.87107715 548.04612121 0.351312 5.9974 0.877089 0.087850 -0.080781
212100 -4160.97681195 561.34793550 0.359838 5.9974 0.877089 0.087850 0.030601
212200 -4164.49731844 540.87271983 0.346713 5.9974 0.877089 0.087850 -0.015854
212300 -4191.13213431 556.11777708 0.356486 5.9974 0.877089 0.087850 -0.121376
212400 -4178.30798706 545.26849303 0.349531 5.9974 0.877089 0.087850 -0.039858
212500 -4170.92125622 547.16316432 0.350746 5.9936 0.879133 0.087820 0.040830
212600 -4185.83866919 546.81580729 0.350523 5.9936 0.879133 0.087820 -0.067037
212700 -4174.12663958 552.09191892 0.353905 5.9936 0.879133 0.087820 0.020328
212800 -4152.83533944 552.21280121 0.353983 5.9936 0.879133 0.087820 0.092628
212900 -4136.64614159 549.20040469 0.352052 5.9936 0.879133 0.087820 0.140057
213000 -4151.56859938 569.51391145 0.365073 5.9885 0.864723 0.090988 0.052417
213100 -4169.24485993 581.61294544 0.372829 5.9885 0.864723 0.090988 -0.064236
213200 -4157.60391982 559.78976127 0.358840 5.9885 0.864723 0.090988 -0.006244
213300 -4159.20374001 537.26901590 0.344403 5.9885 0.864723 0.090988 -0.008214
213400 -4168.35930609 540.55017515 0.346507 5.9885 0.864723 0.090988 -0.022280
213500 -4158.85110285 538.98944530 0.345506 5.9949 0.880341 0.089483 0.002781
213600 -4164.59740875 541.71688128 0.347254 5.9949 0.880341 0.089483 0.010440
213700 -4165.12946448 543.40744220 0.348338 5.9949 0.880341 0.089483 -0.004886
213800 -4183.26094537 561.13182997 0.359700 5.9949 0.880341 0.089483 -0.054162
213900 -4148.02571149 558.41316884 0.357957 5.9949 0.880341 0.089483 0.152197
214000 -4137.41969536 572.48629444 0.366978 6.0000 0.871069 0.089865 0.103344
214100 -4159.10605458 565.59466211 0.362561 6.0000 0.871069 0.089865 -0.007675
214200 -4166.24598677 576.06287503 0.369271 6.0000 0.871069 0.089865 -0.046763
214300 -4157.50005490 552.98739935 0.354479 6.0000 0.871069 0.089865 -0.002574
214400 -4147.16575100 570.97828401 0.366012 6.0000 0.871069 0.089865 0.035340
214500 -4159.97290032 560.40201649 0.359232 5.9949 0.871212 0.089750 -0.041008
214600 -4155.25458603 563.93427135 0.361496 5.9949 0.871212 0.089750 -0.025011
214700 -4148.73418186 573.33998833 0.367526 5.9949 0.871212 0.089750 0.013110
214800 -4135.80072278 548.41320395 0.351547 5.9949 0.871212 0.089750 0.046311
214900 -4142.94750256 563.73761379 0.361370 5.9949 0.871212 0.089750 0.014508
215000 -4172.94076007 554.56508734 0.355490 5.9949 0.872765 0.090874 -0.114375
215100 -4169.02001879 559.20546658 0.358465 5.9949 0.872765 0.090874 -0.063606
215200 -4151.54227626 554.85182837 0.355674 5.9949 0.872765 0.090874 -0.000811
215300 -4164.68213620 546.65050019 0.350417 5.9949 0.872765 0.090874 -0.017490
215400 -4172.02292837 543.92716519 0.348671 5.9949 0.872765 0.090874 -0.012190
215500 -4176.45166812 541.25898019 0.346961 5.9974 0.881872 0.085999 -0.042684
215600 -4169.59709126 572.13521657 0.366753 5.9974 0.881872 0.085999 0.012742
215700 -4168.13476657 570.16288468 0.365489 5.9974 0.881872 0.085999 0.006199
215800 -4150.54573351 565.45620102 0.362472 5.9974 0.881872 0.085999 0.083084
215900 -4169.21819347 566.45416129 0.363112 5.9974 0.881872 0.085999 -0.015745
216000 -4136.61616692 572.88155585 0.367232 5.9923 0.870013 0.091830 0.113453
216100 -4143.28626925 549.77748335 0.352421 5.9923 0.870013 0.091830 0.077414
216200 -4167.03915252 542.89855206 0.348012 5.9923 0.870013 0.091830 -0.050322
216300 -4169.76865264 569.18111585 0.364860 5.9923 0.870013 0.091830 -0.027015
216400 -4154.00269517 564.19996383 0.361667 5.9923 0.870013 0.091830 0.051167
216500 -4162.13997765 571.94836106 0.366634 5.9936 0.875385 0.090045 -0.006973
216600 -4158.00617430 553.50500539 0.354811 5.9936 0.875385 0.090045 0.017370
216700 -4160.78731649 577.68663515 0.370312 5.9936 0.875385 0.090045 -0.007112
216800 -4153.26835387 543.74884390 0.348557 5.9936 0.875385 0.090045 0.024921
216900 -4174.40617281 567.99068440 0.364097 5.9936 0.875385 0.090045 -0.076903
217000 -4160.87104638 545.01117683 0.349366 5.9949 0.872055 0.089580 -0.029043
217100 -4164.65233440 557.90947569 0.357634 5.9949 0.872055 0.089580 -0.013728
217200 -4177.09429310 549.08625013 0.351978 5.9949 0.872055 0.089580 -0.058396
217300 -4185.71604381 565.31467118 0.362381 5.9949 0.872055 0.089580 -0.045996
217400 -4180.55749690 559.04545585 0.358362 5.9949 0.872055 0.089580 -0.045090
217500 -4174.25693583 567.10177479 0.363527 5.9987 0.876339 0.086404 -0.014130
217600 -4171.40224562 576.72860638 0.369698 5.9987 0.876339 0.086404 -0.011450
217700 -4178.46472812 579.12960263 0.371237 5.9987 0.876339 0.086404 -0.037899
217800 -4162.19444269 564.57784144 0.361909 5.9987 0.876339 0.086404 0.024929
217900 -4194.83173692 582.76657436 0.373568 5.9987 0.876339 0.086404 -0.143992
218000 -4156.26692686 560.91056045 0.359558 5.9949 0.870577 0.090456 0.050400
218100 -4151.22469493 549.56901923 0.352288 5.9949 0.870577 0.090456 0.028737
218200 -4164.07931474 550.51714005 0.352896 5.9949 0.870577 0.090456 0.006145
218300 -4159.51765615 570.46974225 0.365686 5.9949 0.870577 0.090456 0.005039
218400 -4166.05793011 572.33908445 0.366884 5.9949 0.870577 0.090456 -0.031097
218500 -4140.05006054 567.64565499 0.363875 5.9936 0.870162 0.090696 0.114395
218600 -4124.20115690 559.20693427 0.358466 5.9936 0.870162 0.090696 0.144099
218700 -4141.67428408 557.26414609 0.357221 5.9936 0.870162 0.090696 0.017130
218800 -4143.46554745 573.19098373 0.367430 5.9936 0.870162 0.090696 0.014478
218900 -4148.49770435 565.88826420 0.362749 5.9936 0.870162 0.090696 -0.004561
219000 -4153.03863412 572.63432800 0.367073 5.9987 0.877837 0.087724 -0.008352
219100 -4142.46004152 588.96736507 0.377543 5.9987 0.877837 0.087724 0.034987
219200 -4143.05327843 571.59055049 0.366404 5.9987 0.877837 0.087724 0.022769
219300 -4151.31321447 576.57195692 0.369597 5.9987 0.877837 0.087724 -0.028447
219400 -4123.36018482 562.05229870 0.360290 5.9987 0.877837 0.087724 0.083517
219500 -4137.47920358 566.94382433 0.363426 5.9936 0.867588 0.092864 0.006606
219600 -4137.02941856 567.63018257 0.363866 5.9936 0.867588 0.092864 0.035984
219700 -4141.73716283 582.54819130 0.373428 5.9936 0.867588 0.092864 0.008209
219800 -4138.81651145 589.73433226 0.378035 5.9936 0.867588 0.092864 -0.013085
219900 -4122.38345723 570.29083835 0.365571 5.9936 0.867588 0.092864 0.059664
220000 -4126.78587024 568.21695744 0.364242 5.9846 0.863880 0.092890 0.050488
220100 -4118.27476532 559.16677841 0.358440 5.9846 0.863880 0.092890 0.069046
220200 -4122.99146168 583.74173958 0.374193 5.9846 0.863880 0.092890 0.049125
220300 -4116.25994622 564.31437137 0.361740 5.9846 0.863880 0.092890 0.099304
220400 -4124.20853534 571.25537537 0.366189 5.9846 0.863880 0.092890 0.023699
220500 -4133.29436576 545.41752705 0.349627 5.9987 0.865952 0.090335 -0.026179
220600 -4131.60213413 542.86152130 0.347988 5.9987 0.865952 0.090335 0.021406
220700 -4156.87932493 571.56301643 0.366387 5.9987 0.865952 0.090335 -0.092846
220800 -4148.39960766 539.65739194 0.345934 5.9987 0.865952 0.090335 -0.044619
220900 -4166.21438243 568.75290876 0.364585 5.9987 0.865952 0.090335 -0.075422
221000 -4151.56520292 547.17304849 0.350752 5.9936 0.866154 0.088378 -0.006117
221100 -4170.87048775 557.82040924 0.357577 5.9936 0.866154 0.088378 -0.081593
221200 -4162.00696784 571.90358588 0.366605 5.9936 0.866154 0.088378 -0.031337
221300 -4127.32831598 554.21767682 0.355268 5.9936 0.866154 0.088378 0.125681
221400 -4140.73269258 559.75868501 0.358820 5.9936 0.866154 0.088378 0.038104
221500 -4152.06442560 553.29980459 0.354679 5.9910 0.868172 0.090239 -0.008280
221600 -4164.88084943 571.21239123 0.366162 5.9910 0.868172 0.090239 -0.060311
221700 -4173.48858366 566.03552454 0.362843 5.9910 0.868172 0.090239 -0.118671
221800 -4171.06728570 560.07623278 0.359023 5.9910 0.868172 0.090239 -0.070376
221900 -4166.36493322 566.20907473 0.362955 5.9910 0.868172 0.090239 -0.042669
222000 -4138.39212264 565.04974162 0.362211 5.9897 0.869790 0.091097 0.092652
222100 -4142.46531621 571.64474893 0.366439 5.9897 0.869790 0.091097 0.069158
222200 -4149.75901400 564.97521364 0.362164 5.9897 0.869790 0.091097 0.002406
222300 -4167.71507693 575.16143806 0.368693 5.9897 0.869790 0.091097 -0.114896
222400 -4167.65442937 553.91049588 0.355071 5.9897 0.869790 0.091097 -0.066277
222500 -4176.78996772 556.87307977 0.356970 5.9936 0.879107 0.086730 -0.087555
222600 -4170.00225026 559.84396337 0.358874 5.9936 0.879107 0.086730 -0.026456
222700 -4153.99023625 560.23776074 0.359127 5.9936 0.879107 0.086730 0.044387
222800 -4145.52369145 572.68439588 0.367105 5.9936 0.879107 0.086730 0.054177
222900 -4165.46022045 579.57532948 0.371523 5.9936 0.879107 0.086730 -0.034251
223000 -4164.01783201 560.24073483 0.359129 5.9910 0.872792 0.089817 -0.033470
223100 -4146.49554036 550.10272535 0.352630 5.9910 0.872792 0.089817 0.033879
223200 -4160.05994125 552.16516859 0.353952 5.9910 0.872792 0.089817 -0.013396
223300 -4140.71171497 561.09319556 0.359675 5.9910 0.872792 0.089817 0.074047
223400 -4133.34793178 561.66400854 0.360041 5.9910 0.872792 0.089817 0.072328
223500 -4142.18182467 558.36249419 0.357925 5.9936 0.870068 0.092475 0.028116
223600 -4161.31706095 542.85464834 0.347984 5.9936 0.870068 0.092475 -0.058289
223700 -4147.87333722 556.49136761 0.356725 5.9936 0.870068 0.092475 0.036478
223800 -4145.42506998 557.11727818 0.357126 5.9936 0.870068 0.092475 0.057978
223900 -4158.62631275 580.49000227 0.372109 5.9936 0.870068 0.092475 -0.000427
224000 -4167.15558025 567.25246219 0.363623 5.9936 0.874915 0.087747 -0.049968
224100 -4151.69213646 572.53637790 0.367010 5.9936 0.874915 0.087747 0.044396
224200 -4151.92526955 592.96152391 0.380104 5.9936 0.874915 0.087747 0.026287
224300 -4161.67662717 566.26061716 0.362988 5.9936 0.874915 0.087747 -0.047743
224400 -4154.46069638 542.68732272 0.347876 5.9936 0.874915 0.087747 -0.020538
224500 -4155.24527319 557.59332865 0.357432 5.9962 0.867007 0.091029 -0.023133
224600 -4162.37734213 551.03783892 0.353229 5.9962 0.867007 0.091029 -0.027575
224700 -4146.91272917 549.85325335 0.352470 5.9962 0.867007 0.091029 0.032851
224800 -4159.98838282 574.89732460 0.368524 5.9962 0.867007 0.091029 -0.015592
224900 -4152.10759169 574.93461734 0.368548 5.9962 0.867007 0.091029 -0.001674
225000 -4161.87421855 562.78866534 0.360762 5.9897 0.876433 0.090173 -0.035849
225100 -4150.38793486 537.75079575 0.344712 5.9897 0.876433 0.090173 -0.011789
225200 -4150.84674043 546.06773688 0.350043 5.9897 0.876433 0.090173 -0.004766
225300 -4140.88233988 560.16494051 0.359080 5.9897 0.876433 0.090173 0.083882
225400 -4163.18589778 565.42443932 0.362452 5.9897 0.876433 0.090173 -0.034691
225500 -4149.98755299 569.90152134 0.365321 5.9923 0.872148 0.091667 0.057676
225600 -4154.56705901 562.22196769 0.360399 5.9923 0.872148 0.091667 0.015998
225700 -4159.50171191 559.72133944 0.358796 5.9923 0.872148 0.091667 -0.051800
225800 -4176.70582851 542.49843785 0.347755 5.9923 0.872148 0.091667 -0.104430
225900 -4180.61844200 578.44965790 0.370801 5.9923 0.872148 0.091667 -0.075332
226000 -4154.10050000 577.38429914 0.370118 5.9962 0.870311 0.088669 0.055383
226100 -4164.43494306 547.70291175 0.351092 5.9962 0.870311 0.088669 -0.002297
226200 -4165.19298006 555.53359338 0.356111 5.9962 0.870311 0.088669 0.001170
226300 -4171.82508422 556.25718429 0.356575 5.9962 0.870311 0.088669 -0.025482
226400 -4155.21554262 554.81464178 0.355650 5.9962 0.870311 0.088669 0.032049
226500 -4152.99727282 583.11983493 0.373795 5.9962 0.874032 0.089991 0.052693
226600 -4127.86908706 566.06479968 0.362862 5.9962 0.874032 0.089991 0.159569
226700 -4147.82552018 578.65181228 0.370931 5.9962 0.874032 0.089991 0.015150
226800 -4170.44452725 584.16021827 0.374462 5.9962 0.874032 0.089991 -0.095931
226900 -4164.31548974 563.81174714 0.361418 5.9962 0.874032 0.089991 -0.080645
227000 -4176.40387105 540.97939953 0.346782 5.9962 0.878401 0.086851 -0.111236
227100 -4175.35773751 531.58336207 0.340759 5.9962 0.878401 0.086851 -0.047084
227200 -4167.44402392 543.28457042 0.348259 5.9962 0.878401 0.086851 -0.007163
227300 -4174.09071734 532.10935957 0.341096 5.9962 0.878401 0.086851 -0.029290
227400 -4184.56075191 539.45765459 0.345806 5.9962 0.878401 0.086851 -0.045518
227500 -4174.98311278 535.16173912 0.343052 5.9987 0.878927 0.088733 0.017759
227600 -4176.07836899 550.22025480 0.352705 5.9987 0.878927 0.088733 -0.000506
227700 -4172.47424092 567.22767058 0.363607 5.9987 0.878927 0.088733 -0.000111
227800 -4174.28736607 541.67842041 0.347230 5.9987 0.878927 0.088733 -0.000081
227900 -4179.53592662 560.28922425 0.359160 5.9987 0.878927 0.088733 -0.014261
228000 -4176.32103144 565.65669328 0.362600 5.9974 0.879893 0.087731 -0.017732
228100 -4164.70520336 584.14252765 0.374450 5.9974 0.879893 0.087731 0.058960
228200 -4156.00515106 554.54301923 0.355476 5.9974 0.879893 0.087731 0.059833
228300 -4167.78728010 557.26051093 0.357218 5.9974 0.879893 0.087731 -0.010627
228400 -4170.08478066 557.31402720 0.357253 5.9974 0.879893 0.087731 -0.017802
228500 -4184.62293702 527.22412832 0.337964 5.9962 0.880459 0.086714 -0.064987
228600 -4186.76852440 548.92721866 0.351876 5.9962 0.880459 0.086714 -0.056402
228700 -4176.05274526 546.61428110 0.350394 5.9962 0.880459 0.086714 -0.006413
228800 -4179.86485902 545.52411547 0.349695 5.9962 0.880459 0.086714 0.010377
228900 -4167.41373732 549.75598014 0.352408 5.9962 0.880459 0.086714 0.053524
229000 -4173.48660863 546.82861457 0.350531 5.9910 0.886011 0.087123 0.006116
229100 -4162.38581515 576.03325913 0.369252 5.9910 0.886011 0.087123 0.081344
229200 -4163.92139335 572.69403075 0.367112 5.9910 0.886011 0.087123 0.034237
229300 -4158.52076610 574.85648506 0.368498 5.9910 0.886011 0.087123 0.053312
229400 -4148.66167425 566.07831038 0.362871 5.9910 0.886011 0.087123 0.044040
229500 -4174.49312076 557.75402541 0.357535 5.9897 0.875609 0.088541 -0.079262
229600 -4181.72023537 562.06277589 0.360297 5.9897 0.875609 0.088541 -0.097974
229700 -4151.61681703 549.96009784 0.352539 5.9897 0.875609 0.088541 0.048309
229800 -4165.00815621 586.98703811 0.376274 5.9897 0.875609 0.088541 -0.003509
229900 -4136.31008564 567.79364611 0.363970 5.9897 0.875609 0.088541 0.115382
230000 -4133.79227787 573.59603277 0.367690 5.9910 0.867716 0.091418 0.064561
230100 -4135.21501290 558.71359064 0.358150 5.9910 0.867716 0.091418 0.029940
230200 -4148.47124043 579.34097409 0.371372 5.9910 0.867716 0.091418 0.005679
230300 -4143.37618627 579.23611441 0.371305 5.9910 0.867716 0.091418 0.007272
230400 -4146.56880941 561.89619899 0.360190 5.9910 0.867716 0.091418 -0.038553
230500 -4129.04281057 548.93536049 0.351882 5.9936 0.863449 0.093400 0.068895
230600 -4112.75919492 550.93998867 0.353167 5.9936 0.863449 0.093400 0.114514
230700 -4136.50078276 571.64949014 0.366442 5.9936 0.863449 0.093400 0.019566
230800 -4132.88311207 575.00032820 0.368590 5.9936 0.863449 0.093400 0.021446
230900 -4138.98528439 583.74613102 0.374196 5.9936 0.863449 0.093400 -0.017983
231000 -4138.79451352 554.23316452 0.355278 5.9962 0.868241 0.090153 -0.031327
231100 -4136.52995349 556.77154862 0.356905 5.9962 0.868241 0.090153 0.025755
231200 -4140.21660140 577.54545688 0.370221 5.9962 0.868241 0.090153 -0.007039
231300 -4122.76718627 566.51135985 0.363148 5.9962 0.868241 0.090153 0.102225
231400 -4136.36240976 582.66098931 0.373501 5.9962 0.868241 0.090153 0.000363
231500 -4142.08743157 584.43040366 0.374635 5.9910 0.878752 0.089210 -0.059663
231600 -4165.59632029 585.60151553 0.375386 5.9910 0.878752 0.089210 -0.158204
231700 -4130.97258341 560.00679467 0.358979 5.9910 0.878752 0.089210 0.020144
231800 -4127.64132440 589.98580778 0.378196 5.9910 0.878752 0.089210 0.014966
231900 -4128.91961742 553.93572198 0.355087 5.9910 0.878752 0.089210 0.000598
232000 -4160.95544147 572.42255604 0.366938 6.0000 0.882910 0.086738 -0.106211
232100 -4143.45504055 551.18369015 0.353323 6.0000 0.882910 0.086738 -0.014246
232200 -4149.86724643 561.21734621 0.359755 6.0000 0.882910 0.086738 -0.009356
232300 -4147.87552839 552.45947004 0.354141 6.0000 0.882910 0.086738 0.003446
232400 -4152.60758934 535.53516199 0.343292 6.0000 0.882910 0.086738 -0.012226
232500 -4159.56886406 554.62207765 0.355527 5.9974 0.873036 0.089319 -0.016938
232600 -4173.43892429 565.65109812 0.362597 5.9974 0.873036 0.089319 -0.076683
232700 -4164.46620470 568.73052317 0.364571 5.9974 0.873036 0.089319 -0.011467
232800 -4141.85240843 536.65751804 0.344011 5.9974 0.873036 0.089319 0.113436
232900 -4167.26715902 555.25671910 0.355934 5.9974 0.873036 0.089319 -0.025517
233000 -4167.78247309 560.78321830 0.359476 5.9949 0.878557 0.087020 -0.009888
233100 -4187.91059825 572.31170695 0.366866 5.9949 0.878557 0.087020 -0.104961
233200 -4164.02440771 540.75782444 0.346640 5.9949 0.878557 0.087020 0.010485
233300 -4171.34181665 559.95964763 0.358948 5.9949 0.878557 0.087020 0.009992
233400 -4168.42456015 544.81560740 0.349241 5.9949 0.878557 0.087020 -0.002969
233500 -4158.20993358 551.08603717 0.353260 5.9962 0.873237 0.089123 0.053088
233600 -4171.56983950 555.56639352 0.356132 5.9962 0.873237 0.089123 -0.013082
233700 -4171.97523184 578.17352036 0.370624 5.9962 0.873237 0.089123 -0.019104
233800 -4143.58812772 547.89302275 0.351213 5.9962 0.873237 0.089123 0.100995
233900 -4161.78567144 555.82802786 0.356300 5.9962 0.873237 0.089123 0.008660
234000 -4179.59405828 563.81220963 0.361418 5.9974 0.879994 0.086403 -0.076426
234100 -4163.05316847 566.29710399 0.363011 5.9974 0.879994 0.086403 -0.002137
234200 -4160.20550767 553.06101903 0.354526 5.9974 0.879994 0.086403 -0.033360
234300 -4154.63912467 544.68673377 0.349158 5.9974 0.879994 0.086403 0.012811
234400 -4143.13107585 552.14483355 0.353939 5.9974 0.879994 0.086403 0.093802
234500 -4167.65527378 575.15784066 0.368691 5.9974 0.875323 0.091461 -0.061928
234600 -4154.25617613 558.08234974 0.357745 5.9974 0.875323 0.091461 0.012339
234700 -4155.19364489 560.20982881 0.359109 5.9974 0.875323 0.091461 0.009772
234800 -4159.39635978 561.82648604 0.360145 5.9974 0.875323 0.091461 -0.034190
234900 -4155.78423812 538.43066283 0.345148 5.9974 0.875323 0.091461 -0.031245
235000 -4171.16226343 570.80129936 0.365898 5.9949 0.871402 0.088759 -0.058276
235100 -4188.20502652 562.63448892 0.360663 5.9949 0.871402 0.088759 -0.134381
235200 -4182.51741653 540.93133865 0.346751 5.9949 0.871402 0.088759 -0.115838
235300 -4160.45562111 567.10964601 0.363532 5.9949 0.871402 0.088759 0.067777
235400 -4141.47021898 554.36319502 0.355361 5.9949 0.871402 0.088759 0.099928
235500 -4168.64729404 571.41334496 0.366291 5.9987 0.874603 0.088599 -0.032910
235600 -4172.66904920 579.00768180 0.371159 5.9987 0.874603 0.088599 -0.032614
235700 -4148.11151127 541.96468406 0.347413 5.9987 0.874603 0.088599 0.077048
235800 -4182.04257368 560.98739643 0.359607 5.9987 0.874603 0.088599 -0.086402
235900 -4157.40158760 536.81852295 0.344114 5.9987 0.874603 0.088599 0.033276
236000 -4174.43401805 551.84393916 0.353746 6.0000 0.875740 0.087916 -0.042242
236100 -4202.23679302 561.11696669 0.359690 6.0000 0.875740 0.087916 -0.154148
236200 -4200.25534194 544.67597943 0.349151 6.0000 0.875740 0.087916 -0.120973
236300 -4190.19737337 539.40688618 0.345774 6.0000 0.875740 0.087916 -0.026519
236400 -4195.79904611 555.71673311 0.356229 6.0000 0.875740 0.087916 -0.048269
236500 -4156.88847629 564.56217908 0.361899 5.9897 0.874656 0.089965 0.111658
236600 -4158.31256313 565.01465484 0.362189 5.9897 0.874656 0.089965 0.067235
236700 -4155.37127797 578.53066949 0.370853 5.9897 0.874656 0.089965 0.057791
236800 -4137.04217979 583.16319560 0.373823 5.9897 0.874656 0.089965 0.109007
236900 -4148.14099689 575.40653941 0.368850 5.9897 0.874656 0.089965 0.008322
237000 -4149.35109027 562.26416941 0.360426 5.9974 0.873464 0.089145 0.001821
237100 -4150.94865336 556.94676443 0.357017 5.9974 0.873464 0.089145 0.006488
237200 -4150.19285030 555.91552812 0.356356 5.9974 0.873464 0.089145 -0.011575
237300 -4159.10601377 566.99327727 0.363457 5.9974 0.873464 0.089145 -0.039381
237400 -4155.53102926 563.18104962 0.361013 5.9974 0.873464 0.089145 -0.006481
237500 -4151.87366868 568.78289060 0.364604 5.9923 0.864490 0.090375 0.016483
237600 -4155.13799881 571.13979131 0.366115 5.9923 0.864490 0.090375 -0.025752
237700 -4123.45211132 541.83765538 0.347332 5.9923 0.864490 0.090375 0.120974
237800 -4130.86730213 532.97020059 0.341648 5.9923 0.864490 0.090375 0.081196
237900 -4165.71655790 558.48261719 0.358002 5.9923 0.864490 0.090375 -0.073613
238000 -4157.82756888 545.87561417 0.349920 5.9949 0.877872 0.089466 -0.020106
238100 -4165.10665013 567.50570731 0.363786 5.9949 0.877872 0.089466 -0.036535
238200 -4159.88723974 553.74967787 0.354968 5.9949 0.877872 0.089466 0.010953
238300 -4152.52049041 553.69328213 0.354932 5.9949 0.877872 0.089466 0.036676
238400 -4168.40621195 556.44908704 0.356698 5.9949 0.877872 0.089466 -0.057756
238500 -4166.23212374 547.55634893 0.350998 5.9987 0.872660 0.087231 -0.039736
238600 -4173.31973807 546.09955315 0.350064 5.9987 0.872660 0.087231 -0.031024
238700 -4190.09560087 564.24076342 0.361693 5.9987 0.872660 0.087231 -0.071116
238800 -4159.53084068 542.37362358 0.347675 5.9987 0.872660 0.087231 0.060054
238900 -4156.20394904 559.67991618 0.358769 5.9987 0.872660 0.087231 0.074811
239000 -4148.75901340 540.16192365 0.346258 5.9936 0.876700 0.090488 0.058509
239100 -4150.62247096 566.74143344 0.363296 5.9936 0.876700 0.090488 0.072893
239200 -4151.16222369 566.80348588 0.363336 5.9936 0.876700 0.090488 0.083185
239300 -4165.34749119 572.56040924 0.367026 5.9936 0.876700 0.090488 -0.033027
239400 -4156.63526180 549.68351163 0.352361 5.9936 0.876700 0.090488 0.001352
239500 -4185.25570254 563.66051130 0.361321 5.9974 0.880837 0.087568 -0.126565
239600 -4160.48071211 566.32742904 0.363030 5.9974 0.880837 0.087568 0.012927
239700 -4156.67677834 579.36563078 0.371388 5.9974 0.880837 0.087568 0.036905
239800 -4125.95697153 548.49875981 0.351602 5.9974 0.880837 0.087568 0.169690
239900 -4162.79952149 567.06725240 0.363505 5.9974 0.880837 0.087568 -0.044184
240000 -4180.22503318 567.90508327 0.364042 5.9923 0.872775 0.086910 -0.119018
240100 -4168.26606997 580.25370352 0.371958 5.9923 0.872775 0.086910 -0.031166
240200 -4168.02368570 577.61332197 0.370265 5.9923 0.872775 0.086910 -0.064330
240300 -4148.79657919 554.87788794 0.355691 5.9923 0.872775 0.086910 0.028143
240400 -4146.18479676 558.29425196 0.357881 5.9923 0.872775 0.086910 0.044556
240500 -4166.21883117 585.44899192 0.375288 5.9962 0.874671 0.087576 -0.053639
240600 -4120.83375600 559.06211985 0.358373 5.9962 0.874671 0.087576 0.111477
240700 -4150.31830024 570.88127231 0.365950 5.9962 0.874671 0.087576 -0.028259
240800 -4139.78815406 563.70456579 0.361349 5.9962 0.874671 0.087576 0.033446
240900 -4148.43186183 562.17756636 0.360370 5.9962 0.874671 0.087576 -0.002720
241000 -4176.12364091 577.55434354 0.370227 5.9962 0.877558 0.088832 -0.121480
241100 -4170.96203949 562.32246522 0.360463 5.9962 0.877558 0.088832 -0.063952
241200 -4145.95430055 548.42627417 0.351555 5.9962 0.877558 0.088832 0.064674
241300 -4155.95438695 547.82300649 0.351169 5.9962 0.877558 0.088832 0.003704
241400 -4175.51993668 570.72959633 0.365852 5.9962 0.877558 0.088832 -0.061884
241500 -4153.88393228 558.75399284 0.358176 5.9897 0.871164 0.091750 0.033228
241600 -4151.88959042 556.45234625 0.356700 5.9897 0.871164 0.091750 0.059161
241700 -4164.06089359 565.71927774 0.362641 5.9897 0.871164 0.091750 -0.012096
241800 -4158.93202865 570.34681802 0.365607 5.9897 0.871164 0.091750 -0.014723
241900 -4163.53096216 565.28171738 0.362360 5.9897 0.871164 0.091750 -0.019795
242000 -4168.60897907 557.37440340 0.357291 5.9949 0.880312 0.087537 -0.048108
242100 -4157.91213256 553.68314475 0.354925 5.9949 0.880312 0.087537 0.007960
242200 -4166.47832951 555.94287022 0.356374 5.9949 0.880312 0.087537 -0.029751
242300 -4167.77263290 567.71006335 0.363917 5.9949 0.880312 0.087537 -0.018638
242400 -4148.83500258 553.08965990 0.354545 5.9949 0.880312 0.087537 0.065041
242500 -4147.10529912 570.26532856 0.365555 5.9974 0.870206 0.089973 0.055684
242600 -4134.14106368 572.45297227 0.366957 5.9974 0.870206 0.089973 0.105565
242700 -4127.06926932 566.78466632 0.363324 5.9974 0.870206 0.089973 0.142985
242800 -4132.45759517 572.21804424 0.366806 5.9974 0.870206 0.089973 0.085854
242900 -4165.79459572 576.44539477 0.369516 5.9974 0.870206 0.089973 -0.099400
243000 -4147.46716979 588.62127236 0.377321 5.9936 0.868085 0.090580 0.032893
243100 -4135.16149770 598.63731374 0.383742 5.9936 0.868085 0.090580 0.023728
243200 -4142.47975280 554.70041068 0.355577 5.9936 0.868085 0.090580 -0.033681
243300 -4142.41285783 562.77344650 0.360752 5.9936 0.868085 0.090580 0.011908
243400 -4164.86639395 546.65542725 0.350420 5.9936 0.868085 0.090580 -0.085674
243500 -4168.50542369 540.29652264 0.346344 5.9833 0.870649 0.090631 -0.065106
243600 -4185.24139615 556.04505404 0.356439 5.9833 0.870649 0.090631 -0.126432
243700 -4171.52871688 571.90114680 0.366603 5.9833 0.870649 0.090631 -0.024025
243800 -4159.76452707 585.88891309 0.375570 5.9833 0.870649 0.090631 0.007534
243900 -4134.34050805 554.27395466 0.355304 5.9833 0.870649 0.090631 0.107774
244000 -4133.54841164 534.38398881 0.342554 5.9987 0.867569 0.089650 0.078593
244100 -4156.55282297 562.25845823 0.360422 5.9987 0.867569 0.089650 -0.012694
244200 -4159.27216181 557.28820471 0.357236 5.9987 0.867569 0.089650 0.003984
244300 -4159.86669259 554.95428043 0.355740 5.9987 0.867569 0.089650 -0.005702
244400 -4147.51953574 567.46486639 0.363760 5.9987 0.867569 0.089650 0.047682
244500 -4144.90085533 557.49825441 0.357371 5.9962 0.873134 0.090109 0.038933
244600 -4148.42440034 564.19234121 0.361662 5.9962 0.873134 0.090109 0.044428
244700 -4134.19937034 546.50393739 0.350323 5.9962 0.873134 0.090109 0.069792
244800 -4131.69963704 564.83467946 0.362074 5.9962 0.873134 0.090109 0.094406
244900 -4137.27379663 563.49642187 0.361216 5.9962 0.873134 0.090109 0.050219
245000 -4139.00783486 577.40208422 0.370130 5.9974 0.873183 0.089191 0.003168
245100 -4163.91302097 569.95132783 0.365353 5.9974 0.873183 0.089191 -0.105728
245200 -4139.26875971 548.12107558 0.351360 5.9974 0.873183 0.089191 0.044701
245300 -4152.40469113 572.30548477 0.366862 5.9974 0.873183 0.089191 -0.019993
245400 -4130.88400232 561.50937375 0.359942 5.9974 0.873183 0.089191 0.087772
245500 -4127.70527536 552.92788224 0.354441 5.9833 0.863758 0.093035 0.072718
245600 -4134.37312172 555.79880441 0.356281 5.9833 0.863758 0.093035 0.035991
245700 -4122.47017244 562.07292534 0.360303 5.9833 0.863758 0.093035 0.066230
245800 -4131.39756399 554.84545414 0.355670 5.9833 0.863758 0.093035 0.052017
245900 -4148.60264226 559.31501940 0.358535 5.9833 0.863758 0.093035 -0.029253
246000 -4153.99217125 575.68193160 0.369027 5.9923 0.872821 0.091014 -0.037966
246100 -4154.49774969 553.84146217 0.355027 5.9923 0.872821 0.091014 -0.068464
246200 -4140.50344470 558.95902704 0.358307 5.9923 0.872821 0.091014 0.010825
246300 -4178.88382461 566.63305764 0.363226 5.9923 0.872821 0.091014 -0.134828
246400 -4157.65917611 581.06155006 0.372475 5.9923 0.872821 0.091014 -0.005049
246500 -4152.63454844 562.91746910 0.360845 5.9962 0.874404 0.087464 -0.005686
246600 -4156.34678180 549.99830675 0.352563 5.9962 0.874404 0.087464 -0.017479
246700 -4172.48104711 530.13126363 0.339828 5.9962 0.874404 0.087464 -0.092564
246800 -4168.90367979 519.24101699 0.332847 5.9962 0.874404 0.087464 -0.026903
246900 -4157.30740091 542.69087353 0.347879 5.9962 0.874404 0.087464 0.039998
247000 -4186.37463627 554.98390715 0.355759 5.9936 0.881342 0.086421 -0.061238
247100 -4175.16582713 563.16220209 0.361001 5.9936 0.881342 0.086421 -0.023663
247200 -4174.99553451 569.09288243 0.364803 5.9936 0.881342 0.086421 -0.012189
247300 -4146.83909617 538.97729874 0.345498 5.9936 0.881342 0.086421 0.072323
247400 -4174.78911358 563.41845075 0.361166 5.9936 0.881342 0.086421 -0.049382
247500 -4153.88037140 547.91535249 0.351228 5.9962 0.870668 0.089971 0.064502
247600 -4172.30825941 577.05305799 0.369906 5.9962 0.870668 0.089971 0.006668
247700 -4167.68033996 541.51003209 0.347122 5.9962 0.870668 0.089971 -0.010985
247800 -4176.07091785 570.81473520 0.365907 5.9962 0.870668 0.089971 -0.006738
247900 -4153.73628883 536.43936366 0.343871 5.9962 0.870668 0.089971 0.061522
248000 -4163.45571658 572.83545283 0.367202 5.9949 0.876343 0.089456 0.007055
248100 -4160.25911174 572.53084467 0.367007 5.9949 0.876343 0.089456 0.014542
248200 -4117.53298052 564.26692226 0.361710 5.9949 0.876343 0.089456 0.191531
248300 -4130.34406452 581.36722485 0.372671 5.9949 0.876343 0.089456 0.100105
248400 -4144.26279391 569.51974384 0.365077 5.9949 0.876343 0.089456 0.011247
248500 -4123.47097056 557.70782089 0.357505 5.9974 0.866255 0.092642 0.105336
248600 -4138.66750155 587.36258543 0.376514 5.9974 0.866255 0.092642 0.032300
248700 -4131.64934938 566.10919367 0.362891 5.9974 0.866255 0.092642 0.002479
248800 -4126.44201879 545.86198503 0.349912 5.9974 0.866255 0.092642 0.046948
248900 -4148.64578047 558.15830104 0.357794 5.9974 0.866255 0.092642 -0.053468
249000 -4160.91498312 561.36076198 0.359847 5.9897 0.873115 0.089124 -0.056028
249100 -4157.93741095 553.75045293 0.354968 5.9897 0.873115 0.089124 -0.048691
249200 -4157.91576409 564.14705462 0.361633 5.9897 0.873115 0.089124 -0.035264
249300 -4155.20513897 551.93628961 0.353805 5.9897 0.873115 0.089124 -0.023648
249400 -4156.61817732 571.75068455 0.366507 5.9897 0.873115 0.089124 0.028926
249500 -4154.64718690 557.13163893 0.357136 5.9923 0.869470 0.090335 0.001506
249600 -4168.22109052 569.10321361 0.364810 5.9923 0.869470 0.090335 -0.092297
249700 -4174.47220953 576.88989310 0.369801 5.9923 0.869470 0.090335 -0.109387
249800 -4158.26525520 579.11748669 0.371229 5.9923 0.869470 0.090335 -0.007370
249900 -4155.03977177 583.99307281 0.374355 5.9923 0.869470 0.090335 -0.011158
250000 -4147.78289313 570.58546551 0.365760 5.9936 0.868481 0.091143 0.006554
250100 -4152.93984995 556.53880042 0.356756 5.9936 0.868481 0.091143 -0.042759
250200 -4144.01291856 549.01482450 0.351933 5.9936 0.868481 0.091143 0.024362
250300 -4162.48992528 562.97651773 0.360882 5.9936 0.868481 0.091143 -0.035475
250400 -4149.62907258 550.19275631 0.352688 5.9936 0.868481 0.091143 0.008763
250500 -4148.63012024 558.88296389 0.358258 5.9962 0.871443 0.088582 0.007895
250600 -4162.78269849 576.76484873 0.369721 5.9962 0.871443 0.088582 -0.047649
250700 -4155.07997409 565.21270640 0.362316 5.9962 0.871443 0.088582 -0.009223
250800 -4146.88898761 538.10153893 0.344937 5.9962 0.871443 0.088582 0.021672
250900 -4173.89164932 563.34416830 0.361118 5.9962 0.871443 0.088582 -0.057932
251000 -4181.48471216 567.45754284 0.363755 5.9910 0.880751 0.087406 -0.101094
251100 -4170.34402252 547.43361668 0.350919 5.9910 0.880751 0.087406 -0.028142
251200 -4137.09762045 545.85371748 0.349906 5.9910 0.880751 0.087406 0.135017
251300 -4149.86772681 537.78656835 0.344735 5.9910 0.880751 0.087406 0.065405
251400 -4200.00499660 558.91698300 0.358280 5.9910 0.880751 0.087406 -0.171254
251500 -4185.20732425 549.49919873 0.352243 5.9910 0.876243 0.087309 -0.054219
251600 -4175.93802164 552.82030054 0.354372 5.9910 0.876243 0.087309 0.010122
251700 -4177.39994772 569.57160164 0.365110 5.9910 0.876243 0.087309 -0.011363
251800 -4168.63758169 567.45549342 0.363754 5.9910 0.876243 0.087309 0.027594
251900 -4165.39659641 559.30228119 0.358527 5.9910 0.876243 0.087309 0.035438
252000 -4167.29246252 556.64241493 0.356822 5.9987 0.877318 0.086671 -0.011961
252100 -4157.41742418 557.66800552 0.357479 5.9987 0.877318 0.086671 0.065177
252200 -4163.15068659 555.62795178 0.356172 5.9987 0.877318 0.086671 0.015216
252300 -4167.39281801 538.30550293 0.345068 5.9987 0.877318 0.086671 -0.015861
252400 -4161.66681721 543.72000144 0.348538 5.9987 0.877318 0.086671 0.020607
252500 -4160.34013385 550.45946712 0.352859 5.9923 0.873526 0.090546 0.056777
252600 -4158.40330979 556.72019520 0.356872 5.9923 0.873526 0.090546 0.049707
252700 -4157.59004766 569.39077553 0.364994 5.9923 0.873526 0.090546 0.067308
252800 -4151.49760346 560.72930736 0.359442 5.9923 0.873526 0.090546 0.072697
252900 -4168.97611454 564.56144498 0.361898 5.9923 0.873526 0.090546 -0.036782
253000 -4178.88071789 586.02329547 0.375656 6.0000 0.878566 0.086500 -0.078041
253100 -4157.88403596 547.97890289 0.351269 6.0000 0.878566 0.086500 0.016519
253200 -4179.71975834 569.15055617 0.364840 6.0000 0.878566 0.086500 -0.104803
253300 -4157.46530013 572.36886463 0.366903 6.0000 0.878566 0.086500 0.016102
253400 -4168.19259857 568.11182097 0.364174 6.0000 0.878566 0.086500 -0.035100
253500 -4151.26916647 569.50479568 0.365067 5.9949 0.875098 0.089975 0.054901
253600 -4161.63519609 565.76486307 0.362670 5.9949 0.875098 0.089975 -0.031957
253700 -4153.04301221 548.72985688 0.351750 5.9949 0.875098 0.089975 0.009339
253800 -4164.37466957 542.59934180 0.347820 5.9949 0.875098 0.089975 -0.025723
253900 -4149.70943299 563.41288512 0.361162 5.9949 0.875098 0.089975 0.083755
254000 -4157.50203133 569.62204277 0.365142 5.9962 0.876216 0.089835 0.005995
254100 -4162.79468613 577.79772982 0.370383 5.9962 0.876216 0.089835 0.000692
254200 -4143.60362821 580.40740203 0.372056 5.9962 0.876216 0.089835 0.048421
254300 -4135.46170582 577.55778637 0.370229 5.9962 0.876216 0.089835 0.073280
254400 -4144.30528864 562.30200135 0.360450 5.9962 0.876216 0.089835 0.015170
254500 -4139.74561786 559.05632275 0.358369 5.9987 0.877138 0.090331 0.008019
254600 -4122.19966180 550.61097368 0.352956 5.9987 0.877138 0.090331 0.105261
254700 -4126.82858829 571.19932852 0.366153 5.9987 0.877138 0.090331 0.068710
254800 -4143.57542633 582.26815095 0.373249 5.9987 0.877138 0.090331 0.016151
254900 -4129.16343302 563.17201168 0.361008 5.9987 0.877138 0.090331 0.047475
255000 -4126.27889009 554.89055028 0.355699 5.9846 0.856394 0.092916 0.065118
255100 -4140.24529460 542.10540797 0.347503 5.9846 0.856394 0.092916 -0.019879
255200 -4145.64712584 563.51699062 0.361229 5.9846 0.856394 0.092916 -0.004662
255300 -4156.45791520 560.47242539 0.359277 5.9846 0.856394 0.092916 -0.078633
255400 -4169.36151475 550.53690950 0.352908 5.9846 0.856394 0.092916 -0.109299
255500 -4160.45119618 555.94723339 0.356376 5.9885 0.877057 0.088024 -0.035659
255600 -4174.30972338 543.86120033 0.348629 5.9885 0.877057 0.088024 -0.066821
255700 -4170.33879515 554.03838363 0.355153 5.9885 0.877057 0.088024 -0.026675
255800 -4170.96466280 535.50622097 0.343273 5.9885 0.877057 0.088024 -0.028488
255900 -4168.32271772 565.34035130 0.362398 5.9885 0.877057 0.088024 -0.003612
256000 -4169.66877689 586.30239112 0.375835 5.9897 0.877944 0.089501 0.010043
256100 -4156.80828093 552.26667154 0.354017 5.9897 0.877944 0.089501 0.043529
256200 -4151.83162643 553.73646916 0.354959 5.9897 0.877944 0.089501 0.058232
256300 -4158.30335839 565.26225748 0.362348 5.9897 0.877944 0.089501 0.019215
256400 -4164.00275142 571.47820598 0.366332 5.9897 0.877944 0.089501 -0.017890
256500 -4142.07216842 564.86980906 0.362096 5.9949 0.871414 0.089515 0.093085
256600 -4152.20023526 572.48374189 0.366977 5.9949 0.871414 0.089515 0.006020
256700 -4179.62096170 572.92982524 0.367263 5.9949 0.871414 0.089515 -0.129519
256800 -4173.37902951 551.10350418 0.353271 5.9949 0.871414 0.089515 -0.064869
256900 -4169.84952448 533.44899105 0.341954 5.9949 0.871414 0.089515 -0.026810
257000 -4159.48427350 554.42367313 0.355400 5.9949 0.881142 0.089425 0.020415
257100 -4174.34525420 541.56575361 0.347158 5.9949 0.881142 0.089425 -0.052880
257200 -4160.50416459 538.36693845 0.345107 5.9949 0.881142 0.089425 0.023037
257300 -4182.13285194 563.32590923 0.361106 5.9949 0.881142 0.089425 -0.050463
257400 -4166.29336417 546.81925595 0.350525 5.9949 0.881142 0.089425 0.029947
257500 -4168.54267672 541.44511543 0.347080 5.9962 0.880194 0.085930 0.029518
257600 -4182.13862987 545.90588040 0.349940 5.9962 0.880194 0.085930 -0.043775
257700 -4185.64769792 553.76099376 0.354975 5.9962 0.880194 0.085930 -0.037690
257800 -4192.18808405 544.91885075 0.349307 5.9962 0.880194 0.085930 -0.059632
257900 -4190.88069125 550.44418571 0.352849 5.9962 0.880194 0.085930 -0.032083
258000 -4183.52256954 535.67001834 0.343378 5.9962 0.882653 0.086082 0.000179
258100 -4191.80238999 561.60342004 0.360002 5.9962 0.882653 0.086082 -0.013521
258200 -4180.35361583 555.22359491 0.355913 5.9962 0.882653 0.086082 0.001026
258300 -4164.76511932 545.41857011 0.349627 5.9962 0.882653 0.086082 0.047077
258400 -4176.47201224 537.91289843 0.344816 5.9962 0.882653 0.086082 0.012613
258500 -4196.43930714 569.58036627 0.365116 5.9962 0.880139 0.086908 -0.070889
258600 -4158.79198196 546.52567922 0.350337 5.9962 0.880139 0.086908 0.087020
258700 -4180.61515462 577.26094623 0.370039 5.9962 0.880139 0.086908 -0.031371
258800 -4139.34934034 567.50701711 0.363787 5.9962 0.880139 0.086908 0.175587
258900 -4167.41000770 559.26018510 0.358500 5.9962 0.880139 0.086908 -0.012888
259000 -4161.95350636 553.15078760 0.354584 5.9936 0.873910 0.089402 0.007181
259100 -4163.19516611 540.42877477 0.346429 5.9936 0.873910 0.089402 0.003780
259200 -4164.82627339 537.82907116 0.344762 5.9936 0.873910 0.089402 0.004340
259300 -4163.87799535 551.41652114 0.353472 5.9936 0.873910 0.089402 0.014182
259400 -4174.02934135 550.50939023 0.352891 5.9936 0.873910 0.089402 -0.045673
259500 -4166.53276065 560.40214458 0.359232 5.9987 0.878417 0.088704 0.022209
259600 -4146.40270434 560.91845530 0.359563 5.9987 0.878417 0.088704 0.102556
259700 -4170.36847255 554.44115199 0.355411 5.9987 0.878417 0.088704 -0.030472
259800 -4183.75980026 540.62595148 0.346555 5.9987 0.878417 0.088704 -0.090961
259900 -4193.87502170 555.30575425 0.355965 5.9987 0.878417 0.088704 -0.102305
260000 -4171.19488546 539.61408354 0.345906 5.9910 0.882276 0.088250 0.003872
260100 -4167.48188520 570.06562472 0.365427 5.9910 0.882276 0.088250 0.004462
260200 -4166.98450068 558.03199670 0.357713 5.9910 0.882276 0.088250 0.017714
260300 -4150.73531508 586.88449387 0.376208 5.9910 0.882276 0.088250 0.086461
260400 -4152.57554164 596.35328631 0.382278 5.9910 0.882276 0.088250 0.026659
260500 -4154.08016593 560.63692186 0.359383 5.9923 0.877240 0.091107 -0.008020
260600 -4141.75568452 546.36955161 0.350237 5.9923 0.877240 0.091107 0.049816
260700 -4157.45133532 578.76683251 0.371004 5.9923 0.877240 0.091107 -0.050142
260800 -4141.36778994 557.78994726 0.357558 5.9923 0.877240 0.091107 0.046792
260900 -4156.49759419 563.62511969 0.361298 5.9923 0.877240 0.091107 -0.019948
261000 -4151.09766028 548.98237182 0.351912 5.9859 0.857528 0.093953 0.012531
261100 -4142.58556327 548.85189635 0.351828 5.9859 0.857528 0.093953 0.032044
261200 -4151.62998475 545.40321868 0.349617 5.9859 0.857528 0.093953 -0.003548
261300 -4160.66448139 547.21761003 0.350781 5.9859 0.857528 0.093953 -0.024883
261400 -4180.12619109 577.67241099 0.370303 5.9859 0.857528 0.093953 -0.130258
261500 -4163.39628460 562.74267907 0.360732 5.9885 0.872003 0.090900 -0.014025
261600 -4169.56040065 577.20710227 0.370005 5.9885 0.872003 0.090900 -0.039097
261700 -4156.11151972 574.29966076 0.368141 5.9885 0.872003 0.090900 0.031607
261800 -4137.06353885 569.50756068 0.365069 5.9885 0.872003 0.090900 0.064509
261900 -4153.48509224 556.80186237 0.356924 5.9885 0.872003 0.090900 -0.001782
262000 -4158.59085264 578.43729210 0.370793 5.9974 0.871500 0.088229 -0.029014
262100 -4159.59126674 580.97747390 0.372421 5.9974 0.871500 0.088229 -0.038248
262200 -4153.88148886 552.20321210 0.353976 5.9974 0.871500 0.088229 0.006692
262300 -4175.47097463 548.25245133 0.351444 5.9974 0.871500 0.088229 -0.115201
262400 -4172.98220072 534.55272058 0.342662 5.9974 0.871500 0.088229 -0.089993
262500 -4190.82619960 545.39396444 0.349612 5.9974 0.875672 0.087622 -0.145110
262600 -4199.67694505 568.63048707 0.364507 5.9974 0.875672 0.087622 -0.144790
262700 -4152.26309066 553.82731119 0.355018 5.9974 0.875672 0.087622 0.082861
262800 -4167.62629509 570.52783465 0.365723 5.9974 0.875672 0.087622 -0.005096
262900 -4167.01838743 572.84488534 0.367208 5.9974 0.875672 0.087622 -0.009200
263000 -4159.75458082 560.83965354 0.359513 5.9910 0.872818 0.089866 0.028003
263100 -4169.04599565 576.13724634 0.369319 5.9910 0.872818 0.089866 -0.020905
263200 -4142.26625386 556.95978900 0.357026 5.9910 0.872818 0.089866 0.078991
263300 -4157.07645075 571.24448038 0.366182 5.9910 0.872818 0.089866 0.003416
263400 -4135.20165059 568.97204909 0.364726 5.9910 0.872818 0.089866 0.110466
263500 -4151.23063354 583.31736413 0.373921 5.9910 0.870161 0.090957 -0.001060
263600 -4161.42093033 560.18318226 0.359092 5.9910 0.870161 0.090957 -0.049977
263700 -4169.00337194 548.55189253 0.351636 5.9910 0.870161 0.090957 -0.058271
263800 -4150.93967190 531.28357133 0.340566 5.9910 0.870161 0.090957 0.036823
263900 -4192.18542772 575.27507777 0.368766 5.9910 0.870161 0.090957 -0.114568
264000 -4184.32006949 548.30038534 0.351475 5.9974 0.881860 0.085750 -0.065280
264100 -4177.27529319 549.12759624 0.352005 5.9974 0.881860 0.085750 0.006841
264200 -4185.39492082 543.08406372 0.348131 5.9974 0.881860 0.085750 -0.050945
264300 -4178.95474418 549.05030610 0.351955 5.9974 0.881860 0.085750 0.006012
264400 -4181.11147658 581.50531635 0.372760 5.9974 0.881860 0.085750 0.013969
264500 -4170.45891754 581.16223294 0.372540 5.9910 0.873746 0.089284 0.036495
264600 -4189.12370404 577.89599633 0.370446 5.9910 0.873746 0.089284 -0.087227
264700 -4176.35960376 570.46651909 0.365684 5.9910 0.873746 0.089284 -0.049600
264800 -4162.33598969 576.26645793 0.369402 5.9910 0.873746 0.089284 0.039648
264900 -4151.94841891 546.77687020 0.350498 5.9910 0.873746 0.089284 0.030003
265000 -4165.62198111 583.69732403 0.374165 5.9923 0.879902 0.086784 0.002527
265100 -4153.19507702 568.38022583 0.364346 5.9923 0.879902 0.086784 0.040879
265200 -4164.03258451 565.20760645 0.362313 5.9923 0.879902 0.086784 -0.026382
265300 -4171.09979600 550.19927217 0.352692 5.9923 0.879902 0.086784 -0.032532
265400 -4156.93828903 556.78914117 0.356916 5.9923 0.879902 0.086784 0.030534
265500 -4158.35670774 553.99713504 0.355126 5.9974 0.874988 0.088109 0.023820
265600 -4187.16156952 564.17323749 0.361650 5.9974 0.874988 0.088109 -0.113436
265700 -4163.83159216 535.97070469 0.343571 5.9974 0.874988 0.088109 0.018066
265800 -4192.78512178 550.49670789 0.352883 5.9974 0.874988 0.088109 -0.104935
265900 -4168.29490431 550.76045207 0.353052 5.9974 0.874988 0.088109 0.040325
266000 -4199.67938738 560.17171414 0.359084 5.9974 0.881064 0.086082 -0.096821
266100 -4194.35423576 566.72277978 0.363284 5.9974 0.881064 0.086082 -0.082125
266200 -4166.61830501 552.11281831 0.353918 5.9974 0.881064 0.086082 0.033053
266300 -4156.42485693 537.39122845 0.344482 5.9974 0.881064 0.086082 0.082075
266400 -4177.94408813 558.89639151 0.358267 5.9974 0.881064 0.086082 -0.002426
266500 -4175.17393213 539.51129594 0.345841 5.9910 0.876242 0.087959 0.009942
266600 -4177.52785517 577.31304960 0.370072 5.9910 0.876242 0.087959 0.003321
266700 -4158.55413596 585.37258528 0.375239 5.9910 0.876242 0.087959 0.083764
266800 -4157.44121861 569.54375405 0.365092 5.9910 0.876242 0.087959 0.033424
266900 -4154.27469417 564.66099744 0.361962 5.9910 0.876242 0.087959 0.057180
267000 -4167.93409476 573.96149812 0.367924 5.9910 0.874550 0.089265 -0.031834
267100 -4131.24210802 563.60490772 0.361285 5.9910 0.874550 0.089265 0.158672
267200 -4151.18039957 568.28040289 0.364282 5.9910 0.874550 0.089265 0.026669
267300 -4141.81380334 554.58477112 0.355503 5.9910 0.874550 0.089265 0.037822
267400 -4160.00087049 553.97294466 0.355111 5.9910 0.874550 0.089265 -0.034652
267500 -4153.77069380 558.16164832 0.357796 5.9949 0.873604 0.090928 -0.022504
267600 -4146.83699261 549.44040362 0.352205 5.9949 0.873604 0.090928 0.001018
267700 -4157.99855315 578.62501374 0.370913 5.9949 0.873604 0.090928 -0.012664
267800 -4165.46558249 581.33739288 0.372652 5.9949 0.873604 0.090928 -0.054602
267900 -4158.26621459 561.60931897 0.360006 5.9949 0.873604 0.090928 -0.014286
268000 -4144.26523708 551.46981176 0.353506 5.9974 0.868701 0.090059 0.048765
268100 -4162.81096356 574.05261510 0.367982 5.9974 0.868701 0.090059 -0.011822
268200 -4138.52615191 564.31145187 0.361738 5.9974 0.868701 0.090059 0.086315
268300 -4135.28572375 550.80751771 0.353082 5.9974 0.868701 0.090059 0.080611
268400 -4153.20279427 557.28753482 0.357236 5.9974 0.868701 0.090059 0.004896
268500 -4151.31785471 539.48578401 0.345824 5.9910 0.867812 0.092293 -0.010381
268600 -4161.37685971 556.35351769 0.356637 5.9910 0.867812 0.092293 -0.024511
268700 -4145.80415877 547.34528120 0.350862 5.9910 0.867812 0.092293 0.034361
268800 -4161.79797969 547.58986766 0.351019 5.9910 0.867812 0.092293 -0.034258
268900 -4161.88557018 550.39073338 0.352815 5.9910 0.867812 0.092293 -0.006861
269000 -4144.95476633 552.77067474 0.354340 5.9962 0.875754 0.088257 0.072550
269100 -4167.52434581 560.13922853 0.359064 5.9962 0.875754 0.088257 -0.018899
269200 -4173.41191185 563.06924632 0.360942 5.9962 0.875754 0.088257 -0.062834
269300 -4166.89397316 558.55282601 0.358047 5.9962 0.875754 0.088257 -0.027746
269400 -4144.37015852 550.82743915 0.353095 5.9962 0.875754 0.088257 0.062306
269500 -4165.81971960 570.30982427 0.365583 5.9949 0.872526 0.088678 -0.009003
269600 -4167.11143585 554.99243567 0.355764 5.9949 0.872526 0.088678 -0.020642
269700 -4180.31464009 529.82261737 0.339630 5.9949 0.872526 0.088678 -0.107124
269800 -4189.47056993 529.84937831 0.339647 5.9949 0.872526 0.088678 -0.099696
269900 -4213.18160167 541.75782365 0.347281 5.9949 0.872526 0.088678 -0.158516
270000 -4198.29483829 543.76302366 0.348566 5.9974 0.883132 0.084687 -0.073869
270100 -4176.42694557 544.74102530 0.349193 5.9974 0.883132 0.084687 0.034211
270200 -4178.71894390 569.47496954 0.365048 5.9974 0.883132 0.084687 0.052681
270300 -4174.72720398 562.69085461 0.360699 5.9974 0.883132 0.084687 0.036535
270400 -4175.72882867 552.57958488 0.354218 5.9974 0.883132 0.084687 0.000939
270500 -4169.00092771 562.15873859 0.360358 5.9923 0.872296 0.089618 0.023441
270600 -4179.29799705 571.79945193 0.366538 5.9923 0.872296 0.089618 -0.027216
270700 -4169.49084568 560.84565356 0.359516 5.9923 0.872296 0.089618 0.003292
270800 -4159.43768074 549.21908955 0.352064 5.9923 0.872296 0.089618 0.035056
270900 -4176.52779768 574.34923982 0.368173 5.9923 0.872296 0.089618 -0.055670
271000 -4155.45137490 554.14143823 0.355219 5.9962 0.875331 0.088315 0.044275
271100 -4149.98015530 541.73950247 0.347269 5.9962 0.875331 0.088315 0.082015
271200 -4151.71764062 573.19427207 0.367432 5.9962 0.875331 0.088315 0.088270
271300 -4163.98480326 566.20069610 0.362949 5.9962 0.875331 0.088315 0.005010
271400 -4173.80322209 556.58478572 0.356785 5.9962 0.875331 0.088315 -0.065436
271500 -4152.77086550 545.12332398 0.349438 5.9949 0.870566 0.088447 0.037297
271600 -4162.90614853 554.22165020 0.355270 5.9949 0.870566 0.088447 0.004291
271700 -4157.82738687 569.81003172 0.365263 5.9949 0.870566 0.088447 0.025758
271800 -4149.78119320 565.79420073 0.362689 5.9949 0.870566 0.088447 0.056498
271900 -4155.70114587 566.39625538 0.363075 5.9949 0.870566 0.088447 0.026135
272000 -4143.57507057 557.66847549 0.357480 5.9923 0.876015 0.089543 0.070494
272100 -4166.32404632 560.60443025 0.359362 5.9923 0.876015 0.089543 -0.076217
272200 -4156.59278867 564.87354170 0.362098 5.9923 0.876015 0.089543 0.000053
272300 -4143.88687290 556.35924603 0.356641 5.9923 0.876015 0.089543 0.062711
272400 -4169.11702596 568.22051645 0.364244 5.9923 0.876015 0.089543 -0.074279
272500 -4163.40966138 530.82165859 0.340270 5.9974 0.876465 0.088536 -0.017645
272600 -4168.91550838 553.47924512 0.354794 5.9974 0.876465 0.088536 -0.012640
272700 -4189.64744357 545.55706675 0.349716 5.9974 0.876465 0.088536 -0.111730
272800 -4166.30398973 543.44833179 0.348364 5.9974 0.876465 0.088536 0.029319
272900 -4179.68650374 551.77044646 0.353699 5.9974 0.876465 0.088536 -0.022001
273000 -4181.80401159 565.90577997 0.362760 5.9962 0.874877 0.088573 -0.023528
273100 -4187.85278485 555.87112609 0.356328 5.9962 0.874877 0.088573 -0.073220
273200 -4178.34752317 542.96100234 0.348052 5.9962 0.874877 0.088573 -0.012290
273300 -4180.97729172 537.63440071 0.344637 5.9962 0.874877 0.088573 -0.003204
273400 -4188.95712238 555.72185777 0.356232 5.9962 0.874877 0.088573 -0.037583
273500 -4159.21740118 564.29197586 0.361726 5.9974 0.878873 0.089084 0.071619
273600 -4172.96183341 567.55219315 0.363816 5.9974 0.878873 0.089084 -0.004829
273700 -4176.12200409 550.70872431 0.353018 5.9974 0.878873 0.089084 -0.025418
273800 -4169.60375609 557.62595478 0.357453 5.9974 0.878873 0.089084 0.025550
273900 -4162.76307435 557.14224623 0.357142 5.9974 0.878873 0.089084 0.040198
274000 -4170.00228782 563.36707989 0.361133 5.9936 0.878726 0.086743 0.021847
274100 -4151.31032026 550.35266761 0.352790 5.9936 0.878726 0.086743 0.068010
274200 -4169.14908965 572.50438395 0.366990 5.9936 0.878726 0.086743 -0.002982
274300 -4168.83381402 560.04856409 0.359005 5.9936 0.878726 0.086743 -0.045904
274400 -4182.94760415 574.88722861 0.368517 5.9936 0.878726 0.086743 -0.058444
274500 -4169.26670474 568.27567945 0.364279 5.9910 0.874836 0.089301 0.010548
274600 -4162.58162991 567.99035143 0.364096 5.9910 0.874836 0.089301 0.009534
274700 -4150.90024839 556.33069956 0.356622 5.9910 0.874836 0.089301 0.067837
274800 -4165.23398881 556.34825655 0.356633 5.9910 0.874836 0.089301 -0.019530
274900 -4142.84592341 554.55983485 0.355487 5.9910 0.874836 0.089301 0.085860
275000 -4163.11778960 557.99707812 0.357690 5.9872 0.871395 0.090577 -0.005464
275100 -4164.97016759 565.22200697 0.362322 5.9872 0.871395 0.090577 -0.017254
275200 -4159.60964563 572.13865279 0.366756 5.9872 0.871395 0.090577 0.004479
275300 -4167.91490509 571.86444979 0.366580 5.9872 0.871395 0.090577 -0.049833
275400 -4144.26546074 564.40673162 0.361799 5.9872 0.871395 0.090577 0.053384
275500 -4155.84580829 555.21221085 0.355905 5.9962 0.870119 0.088981 -0.008839
275600 -4161.74857218 560.94206712 0.359578 5.9962 0.870119 0.088981 -0.032664
275700 -4163.00322602 552.74683147 0.354325 5.9962 0.870119 0.088981 -0.016604
275800 -4153.42200551 561.86087523 0.360167 5.9962 0.870119 0.088981 0.043516
275900 -4175.91790723 589.39783625 0.377819 5.9962 0.870119 0.088981 -0.065496
276000 -4149.65428661 553.93358295 0.355086 5.9962 0.877952 0.089862 0.030656
276100 -4172.01292651 546.23501554 0.350151 5.9962 0.877952 0.089862 -0.067131
276200 -4163.81425144 554.39436614 0.355381 5.9962 0.877952 0.089862 -0.023447
276300 -4169.93469116 571.61127988 0.366417 5.9962 0.877952 0.089862 -0.034677
276400 -4155.18134394 564.60082142 0.361924 5.9962 0.877952 0.089862 0.027824
276500 -4135.02338284 540.80055125 0.346667 5.9936 0.866100 0.091412 0.102463
276600 -4153.54691389 577.54599060 0.370222 5.9936 0.866100 0.091412 0.024804
276700 -4147.56715544 561.24796147 0.359774 5.9936 0.866100 0.091412 0.070636
276800 -4167.69780397 560.30569452 0.359170 5.9936 0.866100 0.091412 -0.046510
276900 -4161.71143010 560.65840853 0.359396 5.9936 0.866100 0.091412 -0.020714
277000 -4156.84132778 565.65403472 0.362599 5.9897 0.874835 0.090829 0.001017
277100 -4162.14231353 564.69312809 0.361983 5.9897 0.874835 0.090829 -0.039176
277200 -4169.41742433 561.27553524 0.359792 5.9897 0.874835 0.090829 -0.043930
277300 -4167.36417355 546.74112081 0.350475 5.9897 0.874835 0.090829 -0.043275
277400 -4156.84812219 544.87345317 0.349278 5.9897 0.874835 0.090829 0.038328
277500 -4151.80810147 543.44034437 0.348359 5.9987 0.873519 0.090615 0.056242
277600 -4161.78646673 578.46413984 0.370810 5.9987 0.873519 0.090615 0.025117
277700 -4141.71554682 561.69996061 0.360064 5.9987 0.873519 0.090615 0.081488
277800 -4145.63366254 538.83777954 0.345409 5.9987 0.873519 0.090615 0.039711
277900 -4149.25676979 538.52756079 0.345210 5.9987 0.873519 0.090615 0.033095
278000 -4179.64474253 554.63010958 0.355532 5.9897 0.876298 0.088428 -0.090214
278100 -4165.52828035 562.40316034 0.360515 5.9897 0.876298 0.088428 0.007349
278200 -4168.80333096 574.30128867 0.368142 5.9897 0.876298 0.088428 -0.016331
278300 -4158.26043727 553.73669463 0.354959 5.9897 0.876298 0.088428 0.017529
278400 -4173.45247129 583.68431871 0.374157 5.9897 0.876298 0.088428 -0.043991
278500 -4163.17650358 558.17479121 0.357804 5.9974 0.873880 0.088056 -0.008213
278600 -4181.37562827 579.20768094 0.371287 5.9974 0.873880 0.088056 -0.084859
278700 -4156.19321936 554.51595017 0.355459 5.9974 0.873880 0.088056 0.038783
278800 -4160.71938519 540.65571335 0.346574 5.9974 0.873880 0.088056 0.038374
278900 -4172.12286719 560.30691975 0.359171 5.9974 0.873880 0.088056 -0.013033
279000 -4191.03160091 560.34312154 0.359194 5.9910 0.881198 0.087667 -0.094543
279100 -4167.60972560 564.08124439 0.361591 5.9910 0.881198 0.087667 0.040282
279200 -4156.52223728 577.48530224 0.370183 5.9910 0.881198 0.087667 0.047964
279300 -4180.93476245 568.35885489 0.364333 5.9910 0.881198 0.087667 -0.057194
279400 -4153.25460239 592.80765249 0.380005 5.9910 0.881198 0.087667 0.082204
279500 -4155.63281931 570.13275113 0.365470 5.9974 0.871489 0.088142 0.007685
279600 -4134.77070114 549.67978391 0.352359 5.9974 0.871489 0.088142 0.105790
279700 -4153.60542330 566.15257578 0.362918 5.9974 0.871489 0.088142 0.034687
279800 -4155.94074035 565.40421772 0.362439 5.9974 0.871489 0.088142 0.011609
279900 -4161.22311028 574.50535867 0.368273 5.9974 0.871489 0.088142 0.003349
280000 -4144.29742091 581.35269091 0.372662 5.9949 0.871417 0.089989 0.040268
280100 -4140.95422800 566.63193399 0.363226 5.9949 0.871417 0.089989 0.048468
280200 -4135.18547056 548.22371767 0.351425 5.9949 0.871417 0.089989 0.050122
280300 -4151.26022356 566.82126816 0.363347 5.9949 0.871417 0.089989 -0.007655
280400 -4165.09048726 553.51067669 0.354815 5.9949 0.871417 0.089989 -0.082556
280500 -4177.70479643 568.66409881 0.364528 5.9949 0.878372 0.088398 -0.098195
280600 -4148.92515890 568.14111238 0.364193 5.9949 0.878372 0.088398 0.034258
280700 -4167.19988380 552.44910980 0.354134 5.9949 0.878372 0.088398 -0.088706
280800 -4158.54002406 564.37220703 0.361777 5.9949 0.878372 0.088398 0.005799
280900 -4149.19345915 556.52622181 0.356748 5.9949 0.878372 0.088398 0.065626
281000 -4158.73886942 563.34560777 0.361119 5.9859 0.872784 0.092336 -0.010150
281100 -4148.86563686 551.30911620 0.353403 5.9859 0.872784 0.092336 0.031507
281200 -4155.05522235 562.88936907 0.360827 5.9859 0.872784 0.092336 0.012558
281300 -4135.02509387 551.94367013 0.353810 5.9859 0.872784 0.092336 0.125714
281400 -4169.02722021 555.83138188 0.356302 5.9859 0.872784 0.092336 -0.064619
281500 -4170.22145526 564.68787087 0.361979 5.9910 0.874092 0.090291 -0.079576
281600 -4146.50195996 518.04494395 0.332080 5.9910 0.874092 0.090291 0.052083
281700 -4156.09780506 551.87834410 0.353768 5.9910 0.874092 0.090291 0.022494
281800 -4171.98193072 554.60841093 0.355518 5.9910 0.874092 0.090291 -0.024495
281900 -4166.15217397 563.52138301 0.361232 5.9910 0.874092 0.090291 -0.005417
282000 -4182.34211813 569.76001037 0.365231 5.9923 0.874515 0.088476 -0.068348
282100 -4185.32920107 573.96042004 0.367923 5.9923 0.874515 0.088476 -0.071724
282200 -4162.39475511 557.33567075 0.357266 5.9923 0.874515 0.088476 0.028868
282300 -4151.08331545 560.10449378 0.359041 5.9923 0.874515 0.088476 0.047072
282400 -4149.08042682 545.29076596 0.349545 5.9923 0.874515 0.088476 0.036989
282500 -4170.77105930 566.37944924 0.363064 5.9987 0.880875 0.089137 -0.037860
282600 -4145.90131004 563.06617376 0.360940 5.9987 0.880875 0.089137 0.066794
282700 -4144.69897044 583.42503227 0.373990 5.9987 0.880875 0.089137 0.057380
282800 -4142.78067761 579.00688204 0.371158 5.9987 0.880875 0.089137 0.020517
282900 -4145.43662403 572.26545350 0.366837 5.9987 0.880875 0.089137 -0.021683
283000 -4159.48140097 547.52731261 0.350979 5.9962 0.878656 0.088691 -0.095783
283100 -4145.54578474 558.47872554 0.357999 5.9962 0.878656 0.088691 0.024376
283200 -4167.23633227 545.34160848 0.349578 5.9962 0.878656 0.088691 -0.081936
283300 -4157.28150376 542.23406864 0.347586 5.9962 0.878656 0.088691 -0.024101
283400 -4148.38221075 542.73149025 0.347905 5.9962 0.878656 0.088691 0.047648
283500 -4182.09990009 556.69784022 0.356858 5.9962 0.882852 0.086793 -0.120386
283600 -4153.31854591 568.67802092 0.364537 5.9962 0.882852 0.086793 0.051737
283700 -4164.92716820 562.91395804 0.360842 5.9962 0.882852 0.086793 -0.014364
283800 -4159.77475233 575.83574914 0.369125 5.9962 0.882852 0.086793 0.007648
283900 -4126.84889612 525.01121495 0.336546 5.9962 0.882852 0.086793 0.136583
284000 -4161.10399034 553.78085016 0.354988 5.9936 0.877223 0.089629 -0.008558
284100 -4166.84626430 552.25742417 0.354011 5.9936 0.877223 0.089629 -0.046001
284200 -4175.10645402 567.56273451 0.363822 5.9936 0.877223 0.089629 -0.075589
284300 -4171.31471993 557.23130151 0.357200 5.9936 0.877223 0.089629 -0.023499
284400 -4168.26551672 554.03590383 0.355151 5.9936 0.877223 0.089629 -0.001927
284500 -4156.58201309 552.30410326 0.354041 5.9936 0.868852 0.092019 0.034710
284600 -4167.61647588 570.69831638 0.365832 5.9936 0.868852 0.092019 -0.002307
284700 -4166.65423080 549.60334951 0.352310 5.9936 0.868852 0.092019 -0.009965
284800 -4175.91927417 553.26606356 0.354658 5.9936 0.868852 0.092019 -0.092466
284900 -4156.45015504 553.94577599 0.355093 5.9936 0.868852 0.092019 0.039097
285000 -4159.34072797 556.90739097 0.356992 5.9949 0.868503 0.093497 0.048964
285100 -4148.96066908 570.06512542 0.365426 5.9949 0.868503 0.093497 0.065592
285200 -4143.75435168 560.92325064 0.359566 5.9949 0.868503 0.093497 0.051379
285300 -4163.70597463 557.49535929 0.357369 5.9949 0.868503 0.093497 -0.052586
285400 -4160.77219575 544.46862934 0.349018 5.9949 0.868503 0.093497 -0.017459
285500 -4160.91260396 555.54973220 0.356122 5.9936 0.876244 0.088471 -0.025033
285600 -4168.66720675 577.14950129 0.369968 5.9936 0.876244 0.088471 -0.031659
285700 -4155.65870340 549.65326805 0.352342 5.9936 0.876244 0.088471 -0.006432
285800 -4148.23384773 537.31994447 0.344436 5.9936 0.876244 0.088471 0.043381
285900 -4160.75245218 542.17211582 0.347546 5.9936 0.876244 0.088471 0.001558
286000 -4158.19011785 546.04364204 0.350028 5.9923 0.865029 0.090769 0.008714
286100 -4160.66092346 556.36182352 0.356642 5.9923 0.865029 0.090769 0.011301
286200 -4169.70506415 557.08062028 0.357103 5.9923 0.865029 0.090769 -0.063833
286300 -4190.90942906 539.87035889 0.346071 5.9923 0.865029 0.090769 -0.147349
286400 -4173.82453923 544.85416773 0.349265 5.9923 0.865029 0.090769 -0.014759
286500 -4183.45435329 557.29934792 0.357243 5.9949 0.879220 0.085545 -0.045637
286600 -4169.57466993 559.21051323 0.358468 5.9949 0.879220 0.085545 0.012510
286700 -4197.03603238 588.74282539 0.377399 5.9949 0.879220 0.085545 -0.103322
286800 -4162.32193248 546.72084410 0.350462 5.9949 0.879220 0.085545 0.067599
286900 -4160.42066612 541.81127739 0.347315 5.9949 0.879220 0.085545 0.054709
287000 -4169.84534553 578.29674227 0.370703 5.9923 0.876577 0.087714 0.014601
287100 -4142.12537332 540.94700734 0.346761 5.9923 0.876577 0.087714 0.099422
287200 -4157.80610642 570.28208042 0.365565 5.9923 0.876577 0.087714 0.045840
287300 -4154.12559988 575.17533409 0.368702 5.9923 0.876577 0.087714 0.047559
287400 -4171.82525474 591.32393835 0.379054 5.9923 0.876577 0.087714 -0.070926
287500 -4161.78453185 563.35010644 0.361122 5.9949 0.873704 0.088767 -0.045611
287600 -4143.19797299 518.17939554 0.332166 5.9949 0.873704 0.088767 0.071468
287700 -4188.47261807 543.89810921 0.348653 5.9949 0.873704 0.088767 -0.100339
287800 -4189.14082258 540.30923662 0.346352 5.9949 0.873704 0.088767 -0.081509
287900 -4167.03392103 554.05401869 0.355163 5.9949 0.873704 0.088767 0.081172
288000 -4157.86378160 561.33376661 0.359829 5.9974 0.875840 0.088698 0.063210
288100 -4147.18306197 557.18116574 0.357167 5.9974 0.875840 0.088698 0.078009
288200 -4168.58009124 549.08133159 0.351975 5.9974 0.875840 0.088698 -0.024410
288300 -4163.85152139 564.32392630 0.361746 5.9974 0.875840 0.088698 -0.000702
288400 -4153.59582062 543.83437518 0.348612 5.9974 0.875840 0.088698 0.048021
288500 -4155.65374006 553.80731648 0.355005 5.9936 0.871417 0.089855 0.030401
288600 -4171.09282658 551.93388033 0.353804 5.9936 0.871417 0.089855 -0.048365
288700 -4166.92987553 548.53828483 0.351627 5.9936 0.871417 0.089855 0.002728
288800 -4168.50209681 553.35997899 0.354718 5.9936 0.871417 0.089855 -0.005037
288900 -4160.69280628 578.92378626 0.371105 5.9936 0.871417 0.089855 0.049922
289000 -4142.23697761 545.39223092 0.349610 5.9910 0.866457 0.091090 0.071187
289100 -4166.00818134 554.28121833 0.355308 5.9910 0.866457 0.091090 -0.030033
289200 -4158.50865487 545.90559808 0.349939 5.9910 0.866457 0.091090 -0.008870
289300 -4163.00941463 561.35588577 0.359844 5.9910 0.866457 0.091090 0.005062
289400 -4156.31343247 545.00028530 0.349359 5.9910 0.866457 0.091090 0.036839
289500 -4170.27029330 546.75478487 0.350484 5.9987 0.875027 0.088474 -0.016391
289600 -4177.51905895 573.06862502 0.367352 5.9987 0.875027 0.088474 -0.052459
289700 -4178.10092898 537.94680026 0.344838 5.9987 0.875027 0.088474 -0.040596
289800 -4186.80147588 543.43449922 0.348355 5.9987 0.875027 0.088474 -0.090350
289900 -4181.57268647 528.06712102 0.338505 5.9987 0.875027 0.088474 -0.026752
290000 -4182.30071793 540.45918820 0.346448 5.9974 0.881455 0.088272 -0.010235
290100 -4183.12482227 577.09967831 0.369936 5.9974 0.881455 0.088272 -0.005442
290200 -4158.45445294 551.90383561 0.353785 5.9974 0.881455 0.088272 0.063293
290300 -4157.06209152 574.91826121 0.368537 5.9974 0.881455 0.088272 0.083379
290400 -4150.39746161 558.57144767 0.358059 5.9974 0.881455 0.088272 0.054472
290500 -4172.27604115 545.21475949 0.349497 5.9910 0.878003 0.087889 -0.040657
290600 -4181.80162075 544.44178815 0.349001 5.9910 0.878003 0.087889 -0.072586
290700 -4164.72083605 543.69811467 0.348524 5.9910 0.878003 0.087889 0.012170
290800 -4176.21054710 540.98280114 0.346784 5.9910 0.878003 0.087889 -0.034182
290900 -4179.83673067 527.81849475 0.338345 5.9910 0.878003 0.087889 -0.017303
291000 -4190.44112346 560.13677699 0.359062 5.9974 0.882933 0.087171 -0.041436
291100 -4183.15470124 546.56205746 0.350360 5.9974 0.882933 0.087171 -0.023418
291200 -4164.28024574 530.94692004 0.340351 5.9974 0.882933 0.087171 0.084624
291300 -4195.46213678 550.42602762 0.352837 5.9974 0.882933 0.087171 -0.066568
291400 -4168.47143844 569.49713090 0.365062 5.9974 0.882933 0.087171 0.075467
291500 -4185.73287415 557.98496034 0.357683 5.9923 0.879015 0.086773 -0.022918
291600 -4165.98926358 540.28874937 0.346339 5.9923 0.879015 0.086773 0.052109
291700 -4177.32665574 542.09767033 0.347499 5.9923 0.879015 0.086773 -0.000921
291800 -4164.67588074 551.22747573 0.353351 5.9923 0.879015 0.086773 0.049307
291900 -4136.52865565 534.52817531 0.342646 5.9923 0.879015 0.086773 0.179483
292000 -4152.16596418 545.54597472 0.349709 5.9910 0.870224 0.090439 0.060543
292100 -4181.51917261 582.74169512 0.373552 5.9910 0.870224 0.090439 -0.046337
292200 -4159.48141440 555.74214520 0.356245 5.9910 0.870224 0.090439 -0.004728
292300 -4154.90790107 565.95368530 0.362791 5.9910 0.870224 0.090439 0.029206
292400 -4187.18696035 584.55073387 0.374712 5.9910 0.870224 0.090439 -0.123815
292500 -4171.76898384 560.33115805 0.359187 5.9962 0.875314 0.089750 -0.080111
292600 -4180.01639690 554.80619260 0.355645 5.9962 0.875314 0.089750 -0.098638
292700 -4169.02418038 541.13819748 0.346883 5.9962 0.875314 0.089750 -0.032864
292800 -4167.49171795 554.91406611 0.355714 5.9962 0.875314 0.089750 -0.010207
292900 -4170.03394112 557.19977731 0.357179 5.9962 0.875314 0.089750 0.000839
293000 -4173.07910897 559.91803334 0.358922 5.9962 0.879698 0.086500 -0.025254
293100 -4161.76605635 554.22411390 0.355272 5.9962 0.879698 0.086500 0.011920
293200 -4159.52242968 534.16927322 0.342416 5.9962 0.879698 0.086500 0.057249
293300 -4185.76997889 556.70923322 0.356865 5.9962 0.879698 0.086500 -0.050037
293400 -4195.79280005 549.58292617 0.352297 5.9962 0.879698 0.086500 -0.076847
293500 -4181.45994524 554.57742898 0.355498 5.9974 0.885129 0.085045 -0.012619
293600 -4193.29308397 562.19664759 0.360382 5.9974 0.885129 0.085045 -0.064709
293700 -4163.84117773 543.72423626 0.348541 5.9974 0.885129 0.085045 0.077912
293800 -4167.70814336 569.11116061 0.364815 5.9974 0.885129 0.085045 0.040043
293900 -4176.69023980 561.67539289 0.360048 5.9974 0.885129 0.085045 -0.004579
294000 -4164.63004496 573.32879940 0.367518 5.9910 0.871938 0.088494 0.035328
294100 -4166.14258960 556.89290884 0.356983 5.9910 0.871938 0.088494 0.009828
294200 -4172.11021403 575.24392446 0.368746 5.9910 0.871938 0.088494 -0.020392
294300 -4168.89819699 560.49474946 0.359292 5.9910 0.871938 0.088494 -0.013798
294400 -4182.53791524 562.77974478 0.360756 5.9910 0.871938 0.088494 -0.097180
294500 -4165.49339846 549.58113071 0.352296 5.9910 0.876072 0.091382 0.011581
294600 -4155.23824116 564.31580802 0.361741 5.9910 0.876072 0.091382 0.055429
294700 -4151.14591557 550.43274715 0.352842 5.9910 0.876072 0.091382 0.051901
294800 -4144.64377934 537.04584122 0.344260 5.9910 0.876072 0.091382 0.068822
294900 -4163.75516554 568.14161616 0.364193 5.9910 0.876072 0.091382 -0.018869
295000 -4147.02668948 531.90852363 0.340967 5.9936 0.875826 0.091444 0.079594
295100 -4156.11204241 530.52099712 0.340078 5.9936 0.875826 0.091444 0.017617
295200 -4184.03994449 555.95554127 0.356382 5.9936 0.875826 0.091444 -0.071480
295300 -4170.23153375 549.06468627 0.351965 5.9936 0.875826 0.091444 0.000885
295400 -4156.38401501 517.74227457 0.331886 5.9936 0.875826 0.091444 0.056060
295500 -4180.01905289 555.03615248 0.355792 6.0000 0.878162 0.085826 -0.015634
295600 -4178.49910795 537.74454689 0.344708 6.0000 0.878162 0.085826 0.011130
295700 -4186.50646627 566.02457615 0.362836 6.0000 0.878162 0.085826 -0.034803
295800 -4186.66814177 555.23490162 0.355920 6.0000 0.878162 0.085826 -0.045479
295900 -4180.47538967 560.87703813 0.359537 6.0000 0.878162 0.085826 -0.024790
296000 -4162.71755497 549.13801405 0.352012 5.9962 0.877162 0.088084 0.029729
296100 -4184.18910267 563.40142521 0.361155 5.9962 0.877162 0.088084 -0.054801
296200 -4167.56252263 564.02943807 0.361557 5.9962 0.877162 0.088084 0.050481
296300 -4143.86361680 556.77522726 0.356907 5.9962 0.877162 0.088084 0.118789
296400 -4144.70730085 557.99324156 0.357688 5.9962 0.877162 0.088084 0.101762
296500 -4148.86922089 554.77408308 0.355624 5.9936 0.874770 0.089140 0.059882
296600 -4151.07177374 563.57674051 0.361267 5.9936 0.874770 0.089140 0.038759
296700 -4163.07702948 568.52910725 0.364442 5.9936 0.874770 0.089140 -0.004571
296800 -4151.40950365 562.62643517 0.360658 5.9936 0.874770 0.089140 0.037476
296900 -4158.86390025 568.06032164 0.364141 5.9936 0.874770 0.089140 -0.003548
297000 -4133.34341978 556.97148651 0.357033 5.9974 0.862180 0.093458 0.097427
297100 -4168.83034305 584.15800761 0.374460 5.9974 0.862180 0.093458 -0.077294
297200 -4151.92694362 571.91540744 0.366612 5.9974 0.862180 0.093458 -0.010768
297300 -4145.79890414 572.54798325 0.367018 5.9974 0.862180 0.093458 0.027394
297400 -4136.88736919 579.91243421 0.371739 5.9974 0.862180 0.093458 0.048538
297500 -4150.62893242 559.27700546 0.358511 5.9910 0.874849 0.090176 -0.037975
297600 -4153.06593055 554.95429266 0.355740 5.9910 0.874849 0.090176 -0.041022
297700 -4155.64051360 560.74680768 0.359453 5.9910 0.874849 0.090176 -0.020788
297800 -4144.36669212 568.10468607 0.364170 5.9910 0.874849 0.090176 0.016682
297900 -4156.65671812 558.16772606 0.357800 5.9910 0.874849 0.090176 -0.039602
298000 -4171.34774420 584.75867742 0.374845 5.9974 0.872143 0.087219 -0.094784
298100 -4151.62526661 572.33125239 0.366879 5.9974 0.872143 0.087219 0.000074
298200 -4150.62254226 590.29553342 0.378395 5.9974 0.872143 0.087219 0.033882
298300 -4137.01681755 570.43376181 0.365663 5.9974 0.872143 0.087219 0.044270
298400 -4137.79252489 557.49046333 0.357366 5.9974 0.872143 0.087219 0.040478
298500 -4152.86655347 568.69530458 0.364548 5.9949 0.863033 0.090962 -0.022486
298600 -4171.92210639 549.86784252 0.352479 5.9949 0.863033 0.090962 -0.117028
298700 -4167.42231610 560.46820170 0.359274 5.9949 0.863033 0.090962 -0.072844
298800 -4146.54663191 551.82246204 0.353732 5.9949 0.863033 0.090962 0.057580
298900 -4144.68650009 560.31338209 0.359175 5.9949 0.863033 0.090962 0.061975
299000 -4139.42671684 570.68475761 0.365824 5.9910 0.866465 0.090949 0.055557
299100 -4149.36063858 590.88636051 0.378773 5.9910 0.866465 0.090949 -0.012735
299200 -4147.05498315 552.89741257 0.354421 5.9910 0.866465 0.090949 -0.030114
299300 -4133.46488435 536.11315715 0.343662 5.9910 0.866465 0.090949 0.062249
299400 -4176.37615530 541.28101626 0.346975 5.9910 0.866465 0.090949 -0.122235
299500 -4174.78695069 546.49628322 0.350318 5.9987 0.873683 0.088408 -0.091825
299600 -4164.39443574 560.70735189 0.359428 5.9987 0.873683 0.088408 -0.009477
299700 -4161.08748623 558.50092333 0.358013 5.9987 0.873683 0.088408 0.011965
299800 -4162.22073604 574.96466266 0.368567 5.9987 0.873683 0.088408 0.006478
299900 -4178.13290055 580.29689742 0.371985 5.9987 0.873683 0.088408 -0.090171
300000 -4171.88377144 568.05453542 0.364138 5.9923 0.876494 0.088971 -0.047464
300100 -4155.71632032 571.96685654 0.366645 5.9923 0.876494 0.088971 0.008905
300200 -4159.42465401 557.12235832 0.357130 5.9923 0.876494 0.088971 -0.032701
300300 -4161.28328270 539.84003625 0.346051 5.9923 0.876494 0.088971 -0.006062
300400 -4177.72897648 567.45168588 0.363751 5.9923 0.876494 0.088971 -0.056728
300500 -4152.48991499 550.72401248 0.353028 5.9936 0.868670 0.089696 0.055659
300600 -4148.57100870 566.60663446 0.363209 5.9936 0.868670 0.089696 0.047128
300700 -4170.37020332 551.49862136 0.353525 5.9936 0.868670 0.089696 -0.051874
300800 -4166.14700943 568.12151444 0.364180 5.9936 0.868670 0.089696 -0.019311
300900 -4185.78115856 563.67201080 0.361328 5.9936 0.868670 0.089696 -0.110606
301000 -4171.86342630 557.37685064 0.357293 5.9949 0.880656 0.088291 -0.026859
301100 -4153.55490479 553.84785222 0.355031 5.9949 0.880656 0.088291 0.073938
301200 -4174.23592604 548.33940106 0.351500 5.9949 0.880656 0.088291 -0.040394
301300 -4169.48833046 537.29930831 0.344423 5.9949 0.880656 0.088291 0.015919
301400 -4169.73593549 555.74458662 0.356247 5.9949 0.880656 0.088291 -0.006055
301500 -4175.09074258 565.59784308 0.362563 5.9987 0.873021 0.088114 -0.000434
301600 -4172.61042927 568.73935365 0.364577 5.9987 0.873021 0.088114 -0.041091
301700 -4172.99596180 556.43748482 0.356691 5.9987 0.873021 0.088114 -0.027621
301800 -4181.70998267 557.40377169 0.357310 5.9987 0.873021 0.088114 -0.065916
301900 -4159.14723875 536.92210708 0.344181 5.9987 0.873021 0.088114 0.034090
302000 -4173.86347121 552.32423816 0.354054 5.9936 0.880128 0.088144 -0.003167
302100 -4194.93898863 563.17112023 0.361007 5.9936 0.880128 0.088144 -0.085787
302200 -4162.97993764 537.04869977 0.344262 5.9936 0.880128 0.088144 0.060394
302300 -4194.07654736 590.25244812 0.378367 5.9936 0.880128 0.088144 -0.065687
302400 -4182.62322649 543.55636027 0.348434 5.9936 0.880128 0.088144 -0.056929
302500 -4183.54739331 549.53318826 0.352265 5.9962 0.879649 0.086024 -0.013806
302600 -4171.09121858 561.15601637 0.359715 5.9962 0.879649 0.086024 0.027251
302700 -4183.84682263 529.11302399 0.339175 5.9962 0.879649 0.086024 -0.047483
302800 -4190.97937547 552.15703690 0.353947 5.9962 0.879649 0.086024 -0.012070
302900 -4179.00573235 531.26277406 0.340553 5.9962 0.879649 0.086024 0.016964
303000 -4180.58708068 556.41271986 0.356675 5.9872 0.871292 0.088726 0.029378
303100 -4173.25169036 531.88789274 0.340954 5.9872 0.871292 0.088726 0.042294
303200 -4176.57615757 565.74889780 0.362660 5.9872 0.871292 0.088726 0.062866
303300 -4158.97736241 571.66874825 0.366454 5.9872 0.871292 0.088726 0.089224
303400 -4169.35442157 557.51841936 0.357384 5.9872 0.871292 0.088726 0.007285
303500 -4171.12801573 539.67790269 0.345947 5.9923 0.878932 0.087576 0.013806
303600 -4151.25628808 553.76003683 0.354974 5.9923 0.878932 0.087576 0.092610
303700 -4169.77784438 546.66438458 0.350426 5.9923 0.878932 0.087576 0.003397
303800 -4182.83601622 567.87827604 0.364025 5.9923 0.878932 0.087576 -0.046173
303900 -4167.83902727 548.71121941 0.351738 5.9923 0.878932 0.087576 0.006519
304000 -4184.24569358 559.58474437 0.358708 5.9974 0.879387 0.085988 -0.055587
304100 -4154.01534521 524.79887480 0.336410 5.9974 0.879387 0.085988 0.088264
304200 -4174.71146532 540.75583089 0.346638 5.9974 0.879387 0.085988 0.008494
304300 -4167.66387081 557.63849638 0.357461 5.9974 0.879387 0.085988 0.065569
304400 -4176.64234349 553.66147270 0.354911 5.9974 0.879387 0.085988 -0.013158
304500 -4178.91708167 526.45573221 0.337472 5.9949 0.880603 0.087696 -0.016607
304600 -4182.13867966 544.00098225 0.348719 5.9949 0.880603 0.087696 -0.001866
304700 -4159.16623175 529.56688656 0.339466 5.9949 0.880603 0.087696 0.091955
304800 -4150.70196370 555.29758063 0.355960 5.9949 0.880603 0.087696 0.142530
304900 -4170.11376879 567.09997469 0.363526 5.9949 0.880603 0.087696 0.012795
305000 -4168.18260879 560.51843002 0.359307 5.9949 0.875539 0.088910 0.015854
305100 -4151.97309638 556.81558580 0.356933 5.9949 0.875539 0.088910 0.082252
305200 -4138.31443480 555.59505707 0.356151 5.9949 0.875539 0.088910 0.138109
305300 -4163.48428516 555.16408632 0.355874 5.9949 0.875539 0.088910 -0.017662
305400 -4163.63058380 572.78639685 0.367171 5.9949 0.875539 0.088910 -0.007292
305500 -4162.73481870 554.92851996 0.355723 5.9897 0.874258 0.090176 -0.033297
305600 -4139.18427707 534.09152747 0.342366 5.9897 0.874258 0.090176 0.073476
305700 -4165.08576297 558.15421816 0.357791 5.9897 0.874258 0.090176 -0.025979
305800 -4161.06743671 560.69620284 0.359421 5.9897 0.874258 0.090176 0.025907
305900 -4147.77869844 551.26457176 0.353375 5.9897 0.874258 0.090176 0.069281
306000 -4134.51286614 538.74480873 0.345349 5.9910 0.862191 0.095173 0.108160
306100 -4160.89406323 572.87416710 0.367227 5.9910 0.862191 0.095173 -0.045146
306200 -4132.39429327 561.34604387 0.359837 5.9910 0.862191 0.095173 0.100404
306300 -4147.86865234 557.33900506 0.357269 5.9910 0.862191 0.095173 -0.000459
306400 -4130.03525284 566.71123439 0.363276 5.9910 0.862191 0.095173 0.079507
306500 -4140.44119345 579.49891682 0.371474 5.9949 0.865991 0.091298 0.019810
306600 -4132.32736022 579.94467206 0.371759 5.9949 0.865991 0.091298 0.039932
306700 -4125.23553631 542.19293978 0.347560 5.9949 0.865991 0.091298 0.070136
306800 -4137.56129178 572.75232956 0.367149 5.9949 0.865991 0.091298 0.006157
306900 -4126.78272433 559.12689532 0.358415 5.9949 0.865991 0.091298 0.056432
307000 -4158.91099568 570.03597137 0.365408 5.9949 0.875207 0.089175 -0.092660
307100 -4159.84466550 535.32031624 0.343154 5.9949 0.875207 0.089175 -0.094635
307200 -4160.22149864 551.53137933 0.353546 5.9949 0.875207 0.089175 -0.054142
307300 -4159.89481952 570.52584141 0.365722 5.9949 0.875207 0.089175 0.005367
307400 -4153.12058452 565.05044086 0.362212 5.9949 0.875207 0.089175 -0.001395
307500 -4143.53618838 546.29917215 0.350192 5.9962 0.869674 0.092093 0.031144
307600 -4154.59828268 561.31545787 0.359818 5.9962 0.869674 0.092093 -0.001525
307700 -4132.38210118 556.02505579 0.356426 5.9962 0.869674 0.092093 0.096678
307800 -4139.24090790 542.19593119 0.347561 5.9962 0.869674 0.092093 0.032840
307900 -4155.86008922 568.00586946 0.364106 5.9962 0.869674 0.092093 -0.024933
308000 -4149.34812760 547.17611139 0.350754 5.9962 0.871408 0.089717 0.010879
308100 -4158.85986947 551.91878050 0.353794 5.9962 0.871408 0.089717 -0.029946
308200 -4150.58321829 561.23332673 0.359765 5.9962 0.871408 0.089717 0.031116
308300 -4135.97078460 574.33584280 0.368164 5.9962 0.871408 0.089717 0.061432
308400 -4159.33710617 580.24512085 0.371952 5.9962 0.871408 0.089717 -0.082115
308500 -4155.27633698 555.77409044 0.356265 5.9962 0.868190 0.089423 -0.031301
308600 -4151.05154461 551.80233919 0.353719 5.9962 0.868190 0.089423 0.017911
308700 -4148.63462396 554.44711758 0.355415 5.9962 0.868190 0.089423 0.014344
308800 -4169.50603690 565.24928004 0.362339 5.9962 0.868190 0.089423 -0.063992
308900 -4169.14151664 555.90654173 0.356350 5.9962 0.868190 0.089423 -0.059711
309000 -4166.78746220 585.84725719 0.375543 5.9936 0.873983 0.089719 -0.052349
309100 -4143.60866172 553.34661774 0.354709 5.9936 0.873983 0.089719 0.068606
309200 -4161.69531671 600.40331712 0.384874 5.9936 0.873983 0.089719 -0.009383
309300 -4166.63201515 591.27144650 0.379020 5.9936 0.873983 0.089719 -0.087460
309400 -4153.05758199 559.15493419 0.358433 5.9936 0.873983 0.089719 -0.010305
309500 -4130.68615352 554.28342291 0.355310 5.9949 0.868199 0.090873 0.105213
309600 -4151.23383400 572.00986973 0.366673 5.9949 0.868199 0.090873 0.005415
309700 -4140.88767214 574.41463520 0.368215 5.9949 0.868199 0.090873 0.045574
309800 -4135.13016696 577.35189469 0.370097 5.9949 0.868199 0.090873 0.052289
309900 -4132.36547115 579.78663040 0.371658 5.9949 0.868199 0.090873 0.030336
310000 -4116.48931018 562.26531086 0.360426 5.9962 0.865252 0.091142 0.091749
310100 -4149.95872507 560.91655561 0.359562 5.9962 0.865252 0.091142 -0.045634
310200 -4131.48059835 556.31688020 0.356613 5.9962 0.865252 0.091142 0.042646
310300 -4147.07289591 589.45666954 0.377857 5.9962 0.865252 0.091142 -0.026146
310400 -4133.33584757 576.47275899 0.369534 5.9962 0.865252 0.091142 0.039968
310500 -4138.17741395 562.33063715 0.360468 5.9974 0.873710 0.090469 -0.005289
310600 -4171.36959152 582.01414829 0.373086 5.9974 0.873710 0.090469 -0.132551
310700 -4145.98383894 554.02053045 0.355141 5.9974 0.873710 0.090469 0.001820
310800 -4140.60253633 559.88956419 0.358904 5.9974 0.873710 0.090469 0.041875
310900 -4136.61176784 554.14506216 0.355221 5.9974 0.873710 0.090469 0.060117
311000 -4143.86778211 563.59892768 0.361281 5.9962 0.870255 0.090304 -0.009188
311100 -4130.33227186 558.61445441 0.358086 5.9962 0.870255 0.090304 0.081813
311200 -4160.04919359 581.16804503 0.372544 5.9962 0.870255 0.090304 -0.049286
311300 -4153.38768844 557.55742010 0.357409 5.9962 0.870255 0.090304 -0.030653
311400 -4152.51723130 571.57075074 0.366392 5.9962 0.870255 0.090304 0.001262
311500 -4146.02421598 587.48420752 0.376592 5.9923 0.874882 0.090205 0.026206
311600 -4143.00795658 563.26544300 0.361068 5.9923 0.874882 0.090205 0.029806
311700 -4154.33797701 571.54898331 0.366378 5.9923 0.874882 0.090205 -0.046226
311800 -4141.22587731 583.85421663 0.374266 5.9923 0.874882 0.090205 0.023956
311900 -4129.22633668 579.30732482 0.371351 5.9923 0.874882 0.090205 0.063127
312000 -4132.95346802 568.18353611 0.364220 5.9962 0.868358 0.091295 0.027276
312100 -4145.95573291 586.43293935 0.375919 5.9962 0.868358 0.091295 -0.045537
312200 -4127.29847927 564.70196706 0.361988 5.9962 0.868358 0.091295 0.023769
312300 -4122.01100190 568.09402198 0.364163 5.9962 0.868358 0.091295 0.047685
312400 -4137.33198721 560.95141926 0.359584 5.9962 0.868358 0.091295 -0.027355
312500 -4131.92822776 552.82329552 0.354374 5.9949 0.866128 0.091024 -0.011424
312600 -4147.84338075 559.51186556 0.358661 5.9949 0.866128 0.091024 -0.040785
312700 -4153.44416219 565.45764763 0.362473 5.9949 0.866128 0.091024 -0.060756
312800 -4148.64149942 551.97244489 0.353828 5.9949 0.866128 0.091024 -0.019892
312900 -4140.19713986 547.42891010 0.350916 5.9949 0.866128 0.091024 0.046492
313000 -4146.14875245 567.38991284 0.363711 5.9987 0.871535 0.088888 0.022795
313100 -4150.55182607 553.23835246 0.354640 5.9987 0.871535 0.088888 -0.003514
313200 -4180.05991078 574.23858562 0.368102 5.9987 0.871535 0.088888 -0.106799
313300 -4182.99063717 566.27434312 0.362996 5.9987 0.871535 0.088888 -0.122978
313400 -4174.96702894 558.61281313 0.358085 5.9987 0.871535 0.088888 -0.081356
313500 -4175.30584037 550.14040200 0.352654 5.9949 0.879101 0.087710 -0.062037
313600 -4171.05703843 561.11190500 0.359687 5.9949 0.879101 0.087710 -0.010916
313700 -4166.19212477 559.76720668 0.358825 5.9949 0.879101 0.087710 0.026683
313800 -4143.83109718 562.43402889 0.360535 5.9949 0.879101 0.087710 0.130262
313900 -4159.37780690 546.90023630 0.350577 5.9949 0.879101 0.087710 0.004914
314000 -4177.10325589 569.77111464 0.365238 6.0000 0.876666 0.087543 -0.066361
314100 -4164.84765656 566.10353367 0.362887 6.0000 0.876666 0.087543 -0.016067
314200 -4152.58143126 559.80370168 0.358849 6.0000 0.876666 0.087543 0.049489
314300 -4153.01605322 554.99511967 0.355766 6.0000 0.876666 0.087543 0.032824
314400 -4154.55998675 545.04004141 0.349385 6.0000 0.876666 0.087543 0.001072
314500 -4168.01094932 551.50855845 0.353531 5.9936 0.874110 0.088901 -0.056086
314600 -4168.62391368 569.38333431 0.364989 5.9936 0.874110 0.088901 -0.041933
314700 -4164.94852933 569.48960300 0.365057 5.9936 0.874110 0.088901 -0.011837
314800 -4146.25690697 565.84955683 0.362724 5.9936 0.874110 0.088901 0.038273
314900 -4148.47196704 575.11447211 0.368663 5.9936 0.874110 0.088901 0.016589
315000 -4139.34243645 557.61913834 0.357448 5.9897 0.868801 0.091205 0.059920
315100 -4149.54279811 553.00088654 0.354488 5.9897 0.868801 0.091205 -0.004085
315200 -4177.45152041 590.18071170 0.378321 5.9897 0.868801 0.091205 -0.139019
315300 -4156.42856238 551.30280366 0.353399 5.9897 0.868801 0.091205 -0.008962
315400 -4168.45577578 565.13655370 0.362267 5.9897 0.868801 0.091205 -0.061414
315500 -4157.73896522 558.27772699 0.357870 5.9987 0.873542 0.089703 0.014732
315600 -4157.23313506 542.46214014 0.347732 5.9987 0.873542 0.089703 0.019904
315700 -4171.81434451 573.33883065 0.367525 5.9987 0.873542 0.089703 -0.041693
315800 -4149.35666104 548.38336523 0.351528 5.9987 0.873542 0.089703 0.073051
315900 -4147.17083490 571.70017502 0.366474 5.9987 0.873542 0.089703 0.075724
316000 -4153.95389865 558.38197596 0.357937 5.9949 0.876407 0.088316 -0.000504
316100 -4158.77964577 567.77652930 0.363959 5.9949 0.876407 0.088316 0.014683
316200 -4177.14585652 560.66900118 0.359403 5.9949 0.876407 0.088316 -0.083837
316300 -4173.18711155 558.57794187 0.358063 5.9949 0.876407 0.088316 -0.047344
316400 -4174.11300433 565.87140426 0.362738 5.9949 0.876407 0.088316 -0.049178
316500 -4173.91197029 580.53595839 0.372138 5.9962 0.878259 0.088004 -0.064645
316600 -4172.91706305 591.30251926 0.379040 5.9962 0.878259 0.088004 -0.051008
316700 -4131.12782004 568.30301516 0.364297 5.9962 0.878259 0.088004 0.112241
316800 -4145.43300336 564.27189620 0.361713 5.9962 0.878259 0.088004 0.016416
316900 -4139.72710654 544.80084040 0.349231 5.9962 0.878259 0.088004 0.020046
317000 -4140.24003573 553.99129609 0.355123 5.9897 0.868998 0.091588 0.032517
317100 -4171.61954665 575.78974327 0.369096 5.9897 0.868998 0.091588 -0.116356
317200 -4143.82515820 569.68785614 0.365185 5.9897 0.868998 0.091588 0.029779
317300 -4129.24236835 563.06398145 0.360938 5.9897 0.868998 0.091588 0.064384
317400 -4129.48379349 556.54566661 0.356760 5.9897 0.868998 0.091588 0.062191
317500 -4145.74126661 565.60143965 0.362565 6.0000 0.877567 0.087939 -0.022899
317600 -4173.94074183 587.93817492 0.376883 6.0000 0.877567 0.087939 -0.117314
317700 -4143.58910169 555.15530442 0.355869 6.0000 0.877567 0.087939 0.023090
317800 -4149.96907758 547.52294314 0.350976 6.0000 0.877567 0.087939 -0.006233
317900 -4145.70001255 558.17037579 0.357802 6.0000 0.877567 0.087939 0.022155
318000 -4159.53522205 577.54008253 0.370218 5.9974 0.875895 0.087914 -0.050961
318100 -4149.87858252 584.96538672 0.374978 5.9974 0.875895 0.087914 0.009162
318200 -4146.73457915 590.82332148 0.378733 5.9974 0.875895 0.087914 -0.008587
318300 -4140.23366778 559.66427525 0.358759 5.9974 0.875895 0.087914 0.003330
318400 -4153.23751580 576.44164138 0.369514 5.9974 0.875895 0.087914 -0.053566
318500 -4147.23270595 576.32537663 0.369439 5.9923 0.877053 0.087898 0.003095
318600 -4163.74919402 575.10094629 0.368654 5.9923 0.877053 0.087898 -0.086199
318700 -4159.46113464 558.43496052 0.357971 5.9923 0.877053 0.087898 -0.050487
318800 -4140.49683397 553.74114955 0.354962 5.9923 0.877053 0.087898 0.048207
318900 -4165.99073745 553.73220395 0.354957 5.9923 0.877053 0.087898 -0.090081
319000 -4167.23654019 529.46154107 0.339398 5.9923 0.873155 0.090079 -0.043780
319100 -4159.32215503 556.29536272 0.356600 5.9923 0.873155 0.090079 0.011915
319200 -4147.41321930 547.87808983 0.351204 5.9923 0.873155 0.090079 0.053553
319300 -4169.03764763 555.57206001 0.356136 5.9923 0.873155 0.090079 -0.047370
319400 -4179.90870949 552.52434572 0.354182 5.9923 0.873155 0.090079 -0.088431
319500 -4171.80965057 566.91059731 0.363404 5.9910 0.878195 0.086926 -0.029667
319600 -4175.22835104 561.70800876 0.360069 5.9910 0.878195 0.086926 -0.037994
319700 -4150.41796792 571.74010522 0.366500 5.9910 0.878195 0.086926 0.075295
319800 -4148.79373078 562.82034645 0.360782 5.9910 0.878195 0.086926 0.047820
319900 -4148.98221855 548.61097276 0.351674 5.9910 0.878195 0.086926 0.018053
320000 -4136.96795401 566.10995618 0.362891 5.9962 0.870216 0.092073 0.092467
320100 -4130.98937577 579.28665920 0.371338 5.9962 0.870216 0.092073 0.087405
320200 -4133.71372043 551.28611841 0.353389 5.9962 0.870216 0.092073 0.064583
320300 -4141.50138738 541.93095340 0.347392 5.9962 0.870216 0.092073 0.017849
320400 -4141.87795078 564.09002891 0.361596 5.9962 0.870216 0.092073 0.030469
320500 -4159.52094807 561.03526668 0.359638 5.9974 0.878189 0.087937 -0.048066
320600 -4130.25080883 567.81533605 0.363984 5.9974 0.878189 0.087937 0.098211
320700 -4141.70185578 591.00043026 0.378846 5.9974 0.878189 0.087937 0.041537
320800 -4132.85174354 554.47528796 0.355433 5.9974 0.878189 0.087937 0.077268
320900 -4144.85806586 558.74892538 0.358172 5.9974 0.878189 0.087937 0.009997
321000 -4167.56676142 559.06579411 0.358376 5.9974 0.877168 0.088363 -0.109429
321100 -4169.34780364 569.84401460 0.365285 5.9974 0.877168 0.088363 -0.096522
321200 -4156.72951683 556.00360954 0.356413 5.9974 0.877168 0.088363 -0.017676
321300 -4165.78720135 557.84983636 0.357596 5.9974 0.877168 0.088363 -0.060954
321400 -4160.71675680 538.71281058 0.345329 5.9974 0.877168 0.088363 -0.012075
321500 -4160.05579969 539.71886425 0.345974 5.9936 0.878392 0.089606 0.018959
321600 -4166.82839037 553.25250950 0.354649 5.9936 0.878392 0.089606 -0.004476
321700 -4174.36520122 556.41412068 0.356676 5.9936 0.878392 0.089606 -0.028712
321800 -4157.69577979 535.05593298 0.342985 5.9936 0.878392 0.089606 0.035336
321900 -4163.89026697 559.15115209 0.358430 5.9936 0.878392 0.089606 0.019697
322000 -4152.65384169 557.96080410 0.357667 5.9923 0.869944 0.090980 0.073728
322100 -4148.24965427 562.31886151 0.360461 5.9923 0.869944 0.090980 0.072583
322200 -4151.17619189 578.59417894 0.370894 5.9923 0.869944 0.090980 0.043797
322300 -4161.58798775 572.11055041 0.366738 5.9923 0.869944 0.090980 -0.044696
322400 -4158.57787936 559.15552847 0.358433 5.9923 0.869944 0.090980 -0.053618
322500 -4172.14083372 576.86435422 0.369785 5.9974 0.876260 0.088829 -0.062607
322600 -4173.39473651 551.17241205 0.353316 5.9974 0.876260 0.088829 -0.076662
322700 -4161.44557644 549.02659011 0.351940 5.9974 0.876260 0.088829 0.009793
322800 -4157.21344090 559.78684693 0.358838 5.9974 0.876260 0.088829 -0.000169
322900 -4149.71412095 574.12724837 0.368030 5.9974 0.876260 0.088829 0.019780
323000 -4137.20254623 571.38470892 0.366272 5.9923 0.871934 0.091639 0.074432
323100 -4137.81607264 583.79306552 0.374226 5.9923 0.871934 0.091639 0.062817
323200 -4144.08688373 583.91027422 0.374301 5.9923 0.871934 0.091639 -0.000571
323300 -4161.85104160 589.82155829 0.378091 5.9923 0.871934 0.091639 -0.097021
323400 -4153.58577616 558.32932736 0.357903 5.9923 0.871934 0.091639 -0.059266
323500 -4153.34206225 579.25988899 0.371320 5.9923 0.873078 0.089008 -0.016892
323600 -4155.43585924 564.12746357 0.361620 5.9923 0.873078 0.089008 -0.050560
323700 -4139.05724818 563.49831181 0.361217 5.9923 0.873078 0.089008 0.022541
323800 -4157.13629940 575.40880430 0.368852 5.9923 0.873078 0.089008 -0.053541
323900 -4154.04545342 567.21615147 0.363600 5.9923 0.873078 0.089008 -0.026539
324000 -4173.30822571 564.92085783 0.362129 5.9974 0.879629 0.089484 -0.136736
324100 -4166.35734598 552.10692439 0.353915 5.9974 0.879629 0.089484 -0.071461
324200 -4158.06150282 561.76479515 0.360106 5.9974 0.879629 0.089484 -0.020741
324300 -4164.21513868 571.83202465 0.366559 5.9974 0.879629 0.089484 -0.013797
324400 -4148.69680721 551.50625814 0.353530 5.9974 0.879629 0.089484 0.051559
324500 -4188.25477782 571.67589854 0.366459 6.0000 0.883483 0.085298 -0.148182
324600 -4155.13046029 541.20708146 0.346928 6.0000 0.883483 0.085298 0.003306
324700 -4188.01311097 566.71732150 0.363280 6.0000 0.883483 0.085298 -0.124740
324800 -4186.62774988 558.40770822 0.357954 6.0000 0.883483 0.085298 -0.081343
324900 -4172.20184039 562.49710043 0.360575 6.0000 0.883483 0.085298 -0.019060
325000 -4168.30521616 570.55939413 0.365743 5.9949 0.872743 0.089619 0.026652
325100 -4166.64930368 563.39935998 0.361153 5.9949 0.872743 0.089619 0.011068
325200 -4167.19560257 559.79979737 0.358846 5.9949 0.872743 0.089619 0.012815
325300 -4155.08959150 557.63268613 0.357457 5.9949 0.872743 0.089619 0.077360
325400 -4155.16166674 564.74151784 0.362014 5.9949 0.872743 0.089619 0.011234
325500 -4151.21449637 592.50635779 0.379812 5.9949 0.870513 0.090911 0.045009
325600 -4154.29916926 563.41997250 0.361167 5.9949 0.870513 0.090911 0.004037
325700 -4161.04989881 564.09525402 0.361600 5.9949 0.870513 0.090911 -0.058072
325800 -4151.67143159 562.18966229 0.360378 5.9949 0.870513 0.090911 0.016581
325900 -4150.50032575 575.37397724 0.368829 5.9949 0.870513 0.090911 0.013705
326000 -4125.53126932 571.08984534 0.366083 5.9885 0.859834 0.093159 0.110012
326100 -4154.39153005 572.15025296 0.366763 5.9885 0.859834 0.093159 -0.062907
326200 -4158.37428564 580.63771151 0.372204 5.9885 0.859834 0.093159 -0.040495
326300 -4156.55195835 575.97818971 0.369217 5.9885 0.859834 0.093159 -0.045215
326400 -4142.90468797 573.60544599 0.367696 5.9885 0.859834 0.093159 0.031134
326500 -4145.85791707 560.40240505 0.359232 5.9962 0.875801 0.090577 0.011604
326600 -4170.39560402 573.18004251 0.367423 5.9962 0.875801 0.090577 -0.100955
326700 -4178.05856557 548.55081838 0.351635 5.9962 0.875801 0.090577 -0.143032
326800 -4170.29643120 548.53211941 0.351623 5.9962 0.875801 0.090577 -0.058492
326900 -4186.54576817 563.25784656 0.361063 5.9962 0.875801 0.090577 -0.111799
327000 -4169.14062307 550.87162980 0.353123 5.9987 0.874514 0.087020 -0.009453
327100 -4167.65694469 581.34089024 0.372654 5.9987 0.874514 0.087020 0.006862
327200 -4165.72350536 575.46580794 0.368888 5.9987 0.874514 0.087020 0.010105
327300 -4157.89109482 574.92016081 0.368539 5.9987 0.874514 0.087020 0.012925
327400 -4163.17403963 570.86225372 0.365937 5.9987 0.874514 0.087020 -0.011226
327500 -4157.14440339 573.41253249 0.367572 5.9987 0.874753 0.087945 0.010734
327600 -4148.10000360 566.78745594 0.363325 5.9987 0.874753 0.087945 0.031819
327700 -4138.65857035 576.96029199 0.369846 5.9987 0.874753 0.087945 0.066096
327800 -4138.83904610 571.61904274 0.366422 5.9987 0.874753 0.087945 0.055804
327900 -4134.25111477 550.03998526 0.352590 5.9987 0.874753 0.087945 0.040743
328000 -4138.15207261 574.81628316 0.368472 5.9923 0.863097 0.091424 0.022954
328100 -4151.14013179 560.94828234 0.359582 5.9923 0.863097 0.091424 -0.027174
328200 -4134.45230502 548.89438636 0.351855 5.9923 0.863097 0.091424 0.040838
328300 -4144.52216400 571.96135221 0.366642 5.9923 0.863097 0.091424 -0.003566
328400 -4134.64859136 553.46444145 0.354785 5.9923 0.863097 0.091424 0.010073
328500 -4151.44126149 563.50291164 0.361220 5.9949 0.875632 0.088727 -0.026931
328600 -4156.36857611 566.69238351 0.363264 5.9949 0.875632 0.088727 -0.039257
328700 -4137.26902207 551.08935182 0.353262 5.9949 0.875632 0.088727 0.068824
328800 -4146.86281118 545.90937461 0.349942 5.9949 0.875632 0.088727 -0.005187
328900 -4173.25421233 554.91054972 0.355712 5.9949 0.875632 0.088727 -0.098243
329000 -4146.96278857 529.93315675 0.339701 5.9923 0.874041 0.090684 0.055286
329100 -4175.00618796 560.45320993 0.359265 5.9923 0.874041 0.090684 -0.063710
329200 -4192.50203787 549.37873301 0.352166 5.9923 0.874041 0.090684 -0.136688
329300 -4187.40271458 570.71086658 0.365840 5.9923 0.874041 0.090684 -0.113911
329400 -4165.38119254 557.30603919 0.357247 5.9923 0.874041 0.090684 0.008309
329500 -4151.04558620 559.35939455 0.358564 5.9910 0.872768 0.090342 0.051230
329600 -4173.32239465 586.70718746 0.376094 5.9910 0.872768 0.090342 -0.064177
329700 -4158.74088739 568.51131907 0.364430 5.9910 0.872768 0.090342 0.012806
329800 -4158.54562787 571.52457220 0.366362 5.9910 0.872768 0.090342 0.000686
329900 -4147.10349350 547.96686053 0.351261 5.9910 0.872768 0.090342 0.020042
330000 -4154.36747457 565.02815869 0.362198 5.9923 0.874750 0.089045 -0.011005
330100 -4162.66325528 581.95223658 0.373046 5.9923 0.874750 0.089045 -0.050958
330200 -4160.25294992 553.41747256 0.354755 5.9923 0.874750 0.089045 -0.034799
330300 -4153.24145078 553.87983060 0.355051 5.9923 0.874750 0.089045 0.002892
330400 -4157.71618484 560.62267285 0.359374 5.9923 0.874750 0.089045 -0.017275
330500 -4161.65808475 573.54183298 0.367655 5.9910 0.875296 0.088030 -0.018482
330600 -4149.18165049 561.80953433 0.360134 5.9910 0.875296 0.088030 0.040392
330700 -4153.22125602 545.79351702 0.349868 5.9910 0.875296 0.088030 0.010635
330800 -4165.02163186 562.27229941 0.360431 5.9910 0.875296 0.088030 -0.029690
330900 -4162.39411202 552.51258285 0.354175 5.9910 0.875296 0.088030 -0.018368
331000 -4167.16352580 557.19104933 0.357174 5.9962 0.873599 0.089687 -0.033171
331100 -4154.06804305 577.62240319 0.370271 5.9962 0.873599 0.089687 0.040342
331200 -4168.94731334 569.31667821 0.364947 5.9962 0.873599 0.089687 -0.053906
331300 -4167.24088201 561.03986133 0.359641 5.9962 0.873599 0.089687 -0.040022
331400 -4147.87347924 552.98580528 0.354478 5.9962 0.873599 0.089687 0.069269
331500 -4153.70237584 555.32146491 0.355975 5.9936 0.873869 0.090475 0.013580
331600 -4133.38344735 562.24199874 0.360412 5.9936 0.873869 0.090475 0.126412
331700 -4154.43584152 558.69799270 0.358140 5.9936 0.873869 0.090475 0.005923
331800 -4170.31808728 562.87430191 0.360817 5.9936 0.873869 0.090475 -0.073935
331900 -4183.42059138 572.04250923 0.366694 5.9936 0.873869 0.090475 -0.110732
332000 -4174.46217170 555.13976469 0.355859 5.9962 0.880574 0.086847 -0.055351
332100 -4148.66852654 531.88695613 0.340953 5.9962 0.880574 0.086847 0.088214
332200 -4173.76528262 551.31037380 0.353404 5.9962 0.880574 0.086847 -0.018511
332300 -4175.15621117 540.37245786 0.346393 5.9962 0.880574 0.086847 -0.043302
332400 -4160.29053023 538.61497219 0.345266 5.9962 0.880574 0.086847 0.057312
332500 -4157.36385358 544.75397880 0.349201 5.9949 0.865666 0.089223 0.060676
332600 -4190.37314344 557.75893842 0.357538 5.9949 0.865666 0.089223 -0.084501
332700 -4166.71114953 549.29455385 0.352112 5.9949 0.865666 0.089223 0.021864
332800 -4170.37798273 567.22289340 0.363604 5.9949 0.865666 0.089223 -0.010008
332900 -4141.66891338 568.21093373 0.364238 5.9949 0.865666 0.089223 0.100570
333000 -4143.51147270 569.66100345 0.365167 5.9962 0.868749 0.089314 0.078809
333100 -4132.61350425 564.27703138 0.361716 5.9962 0.868749 0.089314 0.100565
333200 -4177.60513804 575.42092228 0.368860 5.9962 0.868749 0.089314 -0.119456
333300 -4145.01209624 547.04571515 0.350670 5.9962 0.868749 0.089314 0.012873
333400 -4154.15875902 580.65081825 0.372212 5.9962 0.868749 0.089314 -0.006574
333500 -4145.04255650 562.78464961 0.360759 5.9962 0.870579 0.089636 0.003214
333600 -4153.38364646 568.93330300 0.364701 5.9962 0.870579 0.089636 -0.023242
333700 -4146.93862198 547.54069851 0.350988 5.9962 0.870579 0.089636 -0.003504
333800 -4157.31522931 576.66020029 0.369654 5.9962 0.870579 0.089636 -0.043009
333900 -4144.00168261 551.64958034 0.353622 5.9962 0.870579 0.089636 0.036840
334000 -4156.51659991 561.93516777 0.360215 5.9910 0.874320 0.089153 0.011273
334100 -4164.41172144 557.27087827 0.357225 5.9910 0.874320 0.089153 -0.053994
334200 -4169.45182001 544.07788853 0.348768 5.9910 0.874320 0.089153 -0.041934
334300 -4147.70921542 544.28437686 0.348900 5.9910 0.874320 0.089153 0.084231
334400 -4170.55616441 578.89012831 0.371083 5.9910 0.874320 0.089153 -0.032643
334500 -4148.66407949 563.44339871 0.361182 5.9923 0.873678 0.089174 0.074468
334600 -4151.64008243 569.13669115 0.364831 5.9923 0.873678 0.089174 0.017978
334700 -4160.60106811 579.12009071 0.371231 5.9923 0.873678 0.089174 -0.044174
334800 -4165.59890655 569.04422155 0.364772 5.9923 0.873678 0.089174 -0.050078
334900 -4143.86589528 545.68785162 0.349800 5.9923 0.873678 0.089174 0.043279
335000 -4159.02092090 544.28457187 0.348900 5.9936 0.873517 0.089870 -0.042258
335100 -4159.98839232 546.45182847 0.350290 5.9936 0.873517 0.089870 -0.020489
335200 -4188.20662065 577.55905781 0.370230 5.9936 0.873517 0.089870 -0.132235
335300 -4148.14180788 557.63053063 0.357455 5.9936 0.873517 0.089870 0.061414
335400 -4165.59687835 569.43253286 0.365021 5.9936 0.873517 0.089870 -0.039731
335500 -4145.64577226 573.07113087 0.367353 5.9962 0.865991 0.090498 0.039798
335600 -4158.01742254 561.01770122 0.359627 5.9962 0.865991 0.090498 -0.010748
335700 -4141.84223512 561.74034682 0.360090 5.9962 0.865991 0.090498 0.082756
335800 -4138.02399879 561.52265327 0.359950 5.9962 0.865991 0.090498 0.091235
335900 -4149.69369241 570.01890123 0.365397 5.9962 0.865991 0.090498 -0.005812
336000 -4149.80503232 548.96351313 0.351900 5.9987 0.873265 0.090610 -0.014982
336100 -4166.34438458 548.01635914 0.351293 5.9987 0.873265 0.090610 -0.082072
336200 -4177.20552048 553.93768285 0.355088 5.9987 0.873265 0.090610 -0.080794
336300 -4165.84500767 544.72557184 0.349183 5.9987 0.873265 0.090610 -0.005990
336400 -4166.28237604 573.29079614 0.367494 5.9987 0.873265 0.090610 0.003137
336500 -4158.65193841 553.72035368 0.354949 5.9949 0.877258 0.090097 0.023478
336600 -4169.74486213 569.62098632 0.365142 5.9949 0.877258 0.090097 -0.049123
336700 -4158.14080473 558.55859989 0.358050 5.9949 0.877258 0.090097 -0.003925
336800 -4159.91481351 557.02866166 0.357070 5.9949 0.877258 0.090097 0.027931
336900 -4162.56198483 568.24859492 0.364262 5.9949 0.877258 0.090097 -0.009956
337000 -4161.76118209 566.46946597 0.363121 6.0000 0.873302 0.088991 0.000733
337100 -4163.63746691 576.94765919 0.369838 6.0000 0.873302 0.088991 0.007472
337200 -4146.32801212 579.50344136 0.371477 6.0000 0.873302 0.088991 0.070337
337300 -4131.29479236 560.44775078 0.359261 6.0000 0.873302 0.088991 0.112250
337400 -4161.29049738 586.41662511 0.375908 6.0000 0.873302 0.088991 -0.071934
337500 -4147.75764679 560.98874996 0.359608 5.9897 0.871900 0.089242 -0.013286
337600 -4156.91232329 560.12929483 0.359057 5.9897 0.871900 0.089242 -0.044352
337700 -4161.53634166 547.63962642 0.351051 5.9897 0.871900 0.089242 -0.042939
337800 -4149.30166957 571.00974766 0.366032 5.9897 0.871900 0.089242 0.056878
337900 -4161.39214593 542.01401480 0.347445 5.9897 0.871900 0.089242 -0.040196
338000 -4167.71527280 553.47136248 0.354789 5.9962 0.877338 0.089553 -0.005016
338100 -4168.15719631 549.09731211 0.351985 5.9962 0.877338 0.089553 -0.052378
338200 -4155.88579578 572.95934098 0.367282 5.9962 0.877338 0.089553 0.023274
338300 -4160.43748486 576.48812651 0.369544 5.9962 0.877338 0.089553 -0.001988
338400 -4164.59037878 569.48782945 0.365056 5.9962 0.877338 0.089553 -0.018019
338500 -4151.60840373 562.06727713 0.360300 5.9949 0.867024 0.090565 0.021221
338600 -4164.18547390 548.11652547 0.351357 5.9949 0.867024 0.090565 -0.033640
338700 -4174.76665991 552.61161424 0.354238 5.9949 0.867024 0.090565 -0.066584
338800 -4154.79421833 569.67928203 0.365179 5.9949 0.867024 0.090565 0.023526
338900 -4141.85672154 575.53384153 0.368932 5.9949 0.867024 0.090565 0.084272
339000 -4170.10785527 579.58317595 0.371528 5.9974 0.880782 0.087359 -0.070584
339100 -4165.05348324 563.96624861 0.361517 5.9974 0.880782 0.087359 -0.037350
339200 -4147.30186820 563.12933389 0.360980 5.9974 0.880782 0.087359 0.064363
339300 -4160.45533581 561.67973147 0.360051 5.9974 0.880782 0.087359 -0.033424
339400 -4157.47859717 552.86034276 0.354398 5.9974 0.880782 0.087359 0.007293
339500 -4168.50665261 548.68835729 0.351723 5.9962 0.877506 0.086971 -0.043552
339600 -4176.05074820 556.36368276 0.356643 5.9962 0.877506 0.086971 -0.061108
339700 -4154.90457379 544.61512189 0.349112 5.9962 0.877506 0.086971 0.049372
339800 -4166.59530318 567.34475886 0.363683 5.9962 0.877506 0.086971 -0.005814
339900 -4150.65976466 562.59219765 0.360636 5.9962 0.877506 0.086971 0.075167
340000 -4155.16406577 577.48363006 0.370182 5.9923 0.874118 0.090434 0.030612
340100 -4136.64988227 563.75370368 0.361381 5.9923 0.874118 0.090434 0.102115
340200 -4174.16982809 574.03123684 0.367969 5.9923 0.874118 0.090434 -0.088779
340300 -4153.33508940 556.74985434 0.356891 5.9923 0.874118 0.090434 0.014950
340400 -4156.13894003 543.26430736 0.348246 5.9923 0.874118 0.090434 -0.010095
340500 -4161.98104302 550.11491540 0.352638 5.9923 0.870121 0.089936 -0.030727
340600 -4157.05701031 563.29905045 0.361089 5.9923 0.870121 0.089936 0.002637
340700 -4153.36575603 560.46903881 0.359275 5.9923 0.870121 0.089936 0.011930
340800 -4151.09423664 558.20938801 0.357827 5.9923 0.870121 0.089936 0.035052
340900 -4156.47899445 575.95237549 0.369200 5.9923 0.870121 0.089936 -0.026760
341000 -4154.81948471 561.06444173 0.359657 5.9949 0.866058 0.090324 0.002674
341100 -4156.42090394 546.76977433 0.350493 5.9949 0.866058 0.090324 -0.005456
341200 -4166.21448835 563.41268483 0.361162 5.9949 0.866058 0.090324 -0.033041
341300 -4163.19651453 567.87873513 0.364025 5.9949 0.866058 0.090324 0.005078
341400 -4145.18440150 575.10307722 0.368656 5.9949 0.866058 0.090324 0.069216
341500 -4143.04674300 575.32709347 0.368799 5.9974 0.871624 0.090334 0.030251
341600 -4159.82918707 558.32485392 0.357901 5.9974 0.871624 0.090334 -0.034096
341700 -4174.32704210 560.59729014 0.359357 5.9974 0.871624 0.090334 -0.125320
341800 -4145.63667150 543.35216447 0.348303 5.9974 0.871624 0.090334 0.032054
341900 -4156.70286287 564.94411865 0.362144 5.9974 0.871624 0.090334 0.022830
342000 -4159.24536728 582.33590791 0.373292 5.9962 0.870809 0.090582 -0.029664
342100 -4146.59802834 565.17610874 0.362292 5.9962 0.870809 0.090582 0.035657
342200 -4151.44108212 552.86018189 0.354398 5.9962 0.870809 0.090582 -0.014341
342300 -4170.61535603 573.53163764 0.367648 5.9962 0.870809 0.090582 -0.050275
342400 -4130.96989836 559.87639150 0.358895 5.9962 0.870809 0.090582 0.119094
342500 -4164.58194929 560.84093402 0.359513 5.9897 0.868847 0.089097 -0.044475
342600 -4138.60026473 575.97594375 0.369215 5.9897 0.868847 0.089097 0.051772
342700 -4142.87325605 548.26956278 0.351455 5.9897 0.868847 0.089097 0.026830
342800 -4132.65057021 541.17256541 0.346905 5.9897 0.868847 0.089097 0.092337
342900 -4174.54063033 562.58393692 0.360631 5.9897 0.868847 0.089097 -0.119919
343000 -4170.55374987 550.32388557 0.352772 5.9974 0.871511 0.089608 -0.075483
343100 -4162.27777005 574.85271657 0.368495 5.9974 0.871511 0.089608 -0.014442
343200 -4174.24750827 555.89632267 0.356344 5.9974 0.871511 0.089608 -0.071211
343300 -4168.04203928 542.79340264 0.347944 5.9974 0.871511 0.089608 -0.036453
343400 -4164.02972742 548.57867495 0.351653 5.9974 0.871511 0.089608 0.016238
343500 -4159.74183706 557.63309004 0.357457 5.9923 0.869574 0.091203 0.017970
343600 -4173.63780082 559.36722615 0.358569 5.9923 0.869574 0.091203 -0.055186
343700 -4151.05331280 552.56918435 0.354211 5.9923 0.869574 0.091203 0.060620
343800 -4150.56813670 552.48943373 0.354160 5.9923 0.869574 0.091203 0.034114
343900 -4159.93491023 552.60818813 0.354236 5.9923 0.869574 0.091203 0.012509
344000 -4164.23753050 573.95956361 0.367923 5.9936 0.873861 0.088392 -0.005123
344100 -4171.38967062 548.90073564 0.351859 5.9936 0.873861 0.088392 -0.037496
344200 -4179.09905805 540.37818206 0.346396 5.9936 0.873861 0.088392 -0.065911
344300 -4168.19347473 545.66344666 0.349784 5.9936 0.873861 0.088392 -0.006589
344400 -4187.73259174 552.38412101 0.354092 5.9936 0.873861 0.088392 -0.083348
344500 -4160.37849256 555.14329110 0.355861 5.9949 0.875762 0.088058 0.050071
344600 -4157.59187720 542.53755388 0.347780 5.9949 0.875762 0.088058 0.066818
344700 -4179.05471113 577.01632519 0.369882 5.9949 0.875762 0.088058 -0.033303
344800 -4175.32690368 583.32288737 0.373925 5.9949 0.875762 0.088058 0.008054
344900 -4137.60152970 576.54131899 0.369578 5.9949 0.875762 0.088058 0.154187
345000 -4128.68799488 566.81321641 0.363342 5.9910 0.869207 0.092655 0.130253
345100 -4147.28326285 568.41598588 0.364369 5.9910 0.869207 0.092655 0.013648
345200 -4149.53215795 565.29580440 0.362369 5.9910 0.869207 0.092655 -0.013324
345300 -4143.67399345 559.54588513 0.358683 5.9910 0.869207 0.092655 0.038310
345400 -4151.43733754 558.67890248 0.358128 5.9910 0.869207 0.092655 -0.019527
345500 -4148.74964517 558.14385494 0.357785 5.9936 0.874362 0.091270 0.003051
345600 -4166.43556408 550.79699929 0.353075 5.9936 0.874362 0.091270 -0.080182
345700 -4149.26695384 537.31478409 0.344433 5.9936 0.874362 0.091270 0.039686
345800 -4157.63072759 563.40557861 0.361157 5.9936 0.874362 0.091270 0.000178
345900 -4184.28411996 564.23344495 0.361688 5.9936 0.874362 0.091270 -0.102307
346000 -4177.61779604 577.00869986 0.369877 5.9987 0.877338 0.088362 -0.082106
346100 -4145.78562151 545.29691511 0.349549 5.9987 0.877338 0.088362 0.092003
346200 -4138.22648554 564.95863164 0.362153 5.9987 0.877338 0.088362 0.100146
346300 -4141.22771819 579.99727893 0.371793 5.9987 0.877338 0.088362 0.065142
346400 -4127.32073611 578.05784287 0.370550 5.9987 0.877338 0.088362 0.102784
346500 -4149.13732108 570.04997855 0.365417 5.9923 0.869440 0.090172 -0.017728
346600 -4144.39532738 585.45316590 0.375290 5.9923 0.869440 0.090172 -0.008710
346700 -4129.48268069 566.44192518 0.363104 5.9923 0.869440 0.090172 0.074484
346800 -4154.45755938 598.00459162 0.383336 5.9923 0.869440 0.090172 -0.065252
346900 -4130.92970589 560.34697370 0.359197 5.9923 0.869440 0.090172 0.053491
347000 -4130.68019515 572.17680021 0.366780 5.9859 0.865011 0.093383 0.033079
347100 -4123.34495167 584.77877447 0.374858 5.9859 0.865011 0.093383 0.068895
347200 -4120.13441991 555.02992634 0.355788 5.9859 0.865011 0.093383 0.040016
347300 -4136.35802924 558.76804622 0.358185 5.9859 0.865011 0.093383 -0.019125
347400 -4153.22199659 573.80151182 0.367821 5.9859 0.865011 0.093383 -0.093540
347500 -4146.08636108 560.88128618 0.359539 5.9910 0.877498 0.090119 -0.028031
347600 -4148.79411408 546.22116051 0.350142 5.9910 0.877498 0.090119 -0.049442
347700 -4140.82715788 577.67549337 0.370305 5.9910 0.877498 0.090119 -0.006982
347800 -4134.44918708 555.38698460 0.356017 5.9910 0.877498 0.090119 0.035522
347900 -4161.46014875 564.19874130 0.361666 5.9910 0.877498 0.090119 -0.094900
348000 -4146.56485229 582.75003749 0.373558 5.9974 0.875483 0.089623 -0.028138
348100 -4130.22170862 575.23312502 0.368739 5.9974 0.875483 0.089623 0.054587
348200 -4132.72698626 582.70596809 0.373529 5.9974 0.875483 0.089623 0.025742
348300 -4141.56483056 565.47664235 0.362485 5.9974 0.875483 0.089623 -0.045632
348400 -4128.70653197 568.24442817 0.364259 5.9974 0.875483 0.089623 0.047358
348500 -4146.70421769 571.03251249 0.366046 5.9949 0.873366 0.091899 -0.049050
348600 -4140.59021160 595.94418893 0.382016 5.9949 0.873366 0.091899 -0.003237
348700 -4120.70898426 606.88922115 0.389032 5.9949 0.873366 0.091899 0.078369
348800 -4110.92359695 607.93650773 0.389703 5.9949 0.873366 0.091899 0.078453
348900 -4114.99710142 588.48419047 0.377233 5.9949 0.873366 0.091899 0.024847
349000 -4127.21420388 569.69927742 0.365192 5.9949 0.881834 0.089579 -0.052959
349100 -4141.52375987 554.79783375 0.355640 5.9949 0.881834 0.089579 -0.081797
349200 -4137.48663215 554.93375913 0.355727 5.9949 0.881834 0.089579 -0.020974
349300 -4158.43583228 575.69345451 0.369034 5.9949 0.881834 0.089579 -0.112660
349400 -4130.48428371 538.49150517 0.345187 5.9949 0.881834 0.089579 0.018187
349500 -4184.69051373 570.96352332 0.366002 5.9974 0.878330 0.086957 -0.216840
349600 -4168.16831688 528.54000017 0.338808 5.9974 0.878330 0.086957 -0.076162
349700 -4166.19955064 542.20421005 0.347567 5.9974 0.878330 0.086957 -0.047259
349800 -4149.26974759 535.11279256 0.343021 5.9974 0.878330 0.086957 0.057288
349900 -4183.81107429 562.81298180 0.360778 5.9974 0.878330 0.086957 -0.108518
350000 -4168.82350102 565.08174246 0.362232 5.9974 0.880404 0.085934 -0.036998
350100 -4170.12678012 574.74744341 0.368428 5.9974 0.880404 0.085934 -0.016800
350200 -4151.73699444 560.08699672 0.359030 5.9974 0.880404 0.085934 0.051149
350300 -4152.41777073 559.79598665 0.358844 5.9974 0.880404 0.085934 0.047239
350400 -4157.35608113 566.86133332 0.363373 5.9974 0.880404 0.085934 0.004518
350500 -4156.92587148 561.33921920 0.359833 5.9987 0.876070 0.086366 0.009820
350600 -4159.50779922 565.23127516 0.362328 5.9987 0.876070 0.086366 0.003436
350700 -4166.54433845 584.77340033 0.374855 5.9987 0.876070 0.086366 -0.028833
350800 -4146.34417442 545.93806643 0.349960 5.9987 0.876070 0.086366 0.050028
350900 -4157.50297869 558.19591371 0.357818 5.9987 0.876070 0.086366 -0.031578
351000 -4172.65765668 551.44786065 0.353492 5.9910 0.876758 0.089111 -0.080408
351100 -4162.90529194 546.33083224 0.350212 5.9910 0.876758 0.089111 0.005439
351200 -4155.48768171 580.82358157 0.372323 5.9910 0.876758 0.089111 0.019969
351300 -4163.13949542 590.46829670 0.378505 5.9910 0.876758 0.089111 -0.012773
351400 -4121.19552704 574.97040415 0.368571 5.9910 0.876758 0.089111 0.169965
351500 -4131.25368831 597.70881720 0.383147 5.9885 0.863731 0.093191 0.100048
351600 -4125.45445428 571.43829035 0.366307 5.9885 0.863731 0.093191 0.063171
351700 -4124.86775480 562.21334955 0.360393 5.9885 0.863731 0.093191 0.083421
351800 -4136.02242419 555.97927490 0.356397 5.9885 0.863731 0.093191 0.013133
351900 -4153.12096333 570.92977349 0.365981 5.9885 0.863731 0.093191 -0.089833
352000 -4142.77446430 555.66563753 0.356196 5.9923 0.871210 0.090591 -0.006279
352100 -4167.26109770 566.41396626 0.363086 5.9923 0.871210 0.090591 -0.104935
352200 -4147.47076036 554.01091610 0.355135 5.9923 0.871210 0.090591 0.012996
352300 -4177.41930055 556.92546487 0.357004 5.9923 0.871210 0.090591 -0.117838
352400 -4173.91192173 539.43658380 0.345793 5.9923 0.871210 0.090591 -0.074088
352500 -4165.45808416 535.87215288 0.343508 5.9936 0.879041 0.089542 -0.000699
352600 -4164.87701577 544.22142029 0.348860 5.9936 0.879041 0.089542 0.013139
352700 -4173.87324929 570.08157104 0.365437 5.9936 0.879041 0.089542 -0.027005
352800 -4177.07683899 564.21354200 0.361675 5.9936 0.879041 0.089542 -0.030699
352900 -4178.94220687 561.42022174 0.359885 5.9936 0.879041 0.089542 -0.026518
353000 -4160.01182489 551.71733793 0.353665 6.0000 0.870851 0.090769 0.050839
353100 -4186.23835568 582.86431667 0.373631 6.0000 0.870851 0.090769 -0.057043
353200 -4168.82544673 562.71517819 0.360715 6.0000 0.870851 0.090769 0.013275
353300 -4184.46945420 569.40950103 0.365006 6.0000 0.870851 0.090769 -0.059151
353400 -4167.53905443 565.34592429 0.362401 6.0000 0.870851 0.090769 0.008386
353500 -4158.72762347 573.02905184 0.367326 5.9897 0.873712 0.088976 0.082563
353600 -4162.18839885 570.37612949 0.365626 5.9897 0.873712 0.088976 0.024553
353700 -4163.19877093 549.68023933 0.352359 5.9897 0.873712 0.088976 0.011885
353800 -4144.60592673 561.70061449 0.360064 5.9897 0.873712 0.088976 0.109449
353900 -4161.91174032 573.18297084 0.367425 5.9897 0.873712 0.088976 -0.015990
354000 -4159.19307602 562.30395006 0.360451 5.9949 0.873005 0.090532 0.006236
354100 -4157.11492321 557.00206091 0.357053 5.9949 0.873005 0.090532 -0.013412
354200 -4164.12665095 559.20357261 0.358464 5.9949 0.873005 0.090532 -0.052046
354300 -4173.54680782 551.17380752 0.353317 5.9949 0.873005 0.090532 -0.060959
354400 -4180.97789533 560.99231553 0.359610 5.9949 0.873005 0.090532 -0.089852
354500 -4157.23221185 541.67994337 0.347231 5.9949 0.867458 0.089550 0.041204
354600 -4148.37589915 569.88336436 0.365310 5.9949 0.867458 0.089550 0.061878
354700 -4152.23442464 560.50949608 0.359301 5.9949 0.867458 0.089550 0.054067
354800 -4151.70011187 544.36329959 0.348951 5.9949 0.867458 0.089550 0.040111
354900 -4178.18436910 570.93040503 0.365981 5.9949 0.867458 0.089550 -0.107319
355000 -4170.01694945 532.94504848 0.341631 5.9962 0.882092 0.085902 -0.049746
355100 -4169.67559412 535.95407312 0.343560 5.9962 0.882092 0.085902 -0.009444
355200 -4181.51590431 537.82478629 0.344759 5.9962 0.882092 0.085902 -0.044781
355300 -4178.55140176 534.06046751 0.342346 5.9962 0.882092 0.085902 -0.002074
355400 -4175.81213418 533.16343022 0.341771 5.9962 0.882092 0.085902 0.002801
355500 -4164.33207604 544.01347866 0.348727 5.9949 0.879251 0.089068 0.093278
355600 -4185.75879651 561.01015183 0.359622 5.9949 0.879251 0.089068 -0.020173
355700 -4186.10243282 566.10263245 0.362886 5.9949 0.879251 0.089068 -0.040187
355800 -4175.68900445 558.79384844 0.358201 5.9949 0.879251 0.089068 -0.008330
355900 -4189.75738884 582.50148009 0.373398 5.9949 0.879251 0.089068 -0.045371
356000 -4176.58183237 564.95460979 0.362150 5.9974 0.884941 0.085854 0.008702
356100 -4174.43206495 554.19403268 0.355253 5.9974 0.884941 0.085854 -0.012443
356200 -4161.80611690 550.67812750 0.352999 5.9974 0.884941 0.085854 0.053827
356300 -4174.53326393 571.08031654 0.366077 5.9974 0.884941 0.085854 0.000749
356400 -4171.20342453 573.84780604 0.367851 5.9974 0.884941 0.085854 0.004162
356500 -4163.57291219 567.42213027 0.363732 5.9923 0.872787 0.089740 0.028592
356600 -4177.98973436 558.46376272 0.357990 5.9923 0.872787 0.089740 -0.073845
356700 -4164.71077718 552.14655820 0.353940 5.9923 0.872787 0.089740 0.023116
356800 -4171.80238574 568.18842740 0.364223 5.9923 0.872787 0.089740 -0.025489
356900 -4155.61023861 577.24981712 0.370032 5.9923 0.872787 0.089740 0.040609
357000 -4140.96376953 568.91825278 0.364691 5.9987 0.868671 0.090393 0.085611
357100 -4146.38188835 580.39608949 0.372049 5.9987 0.868671 0.090393 0.039617
357200 -4139.27812647 558.20527727 0.357824 5.9987 0.868671 0.090393 0.070359
357300 -4149.57948624 560.50864718 0.359300 5.9987 0.868671 0.090393 0.010022
357400 -4163.49544277 568.89123448 0.364674 5.9987 0.868671 0.090393 -0.047538
357500 -4163.56863714 546.49279487 0.350316 5.9949 0.875661 0.089243 -0.057115
357600 -4162.72843465 542.04336031 0.347464 5.9949 0.875661 0.089243 -0.041183
357700 -4160.18774667 563.83533054 0.361433 5.9949 0.875661 0.089243 0.026101
357800 -4173.21884365 572.11122840 0.366738 5.9949 0.875661 0.089243 -0.043116
357900 -4157.44197659 549.15437665 0.352022 5.9949 0.875661 0.089243 0.041369
358000 -4156.67965943 567.30697409 0.363658 5.9949 0.872906 0.089543 0.023324
358100 -4174.79457601 567.87949164 0.364025 5.9949 0.872906 0.089543 -0.039442
358200 -4167.03187012 556.67798134 0.356845 5.9949 0.872906 0.089543 -0.017184
358300 -4170.45720658 577.94730858 0.370479 5.9949 0.872906 0.089543 -0.026789
358400 -4154.45347130 550.56400139 0.352926 5.9949 0.872906 0.089543 0.017493
358500 -4149.54919175 544.24113649 0.348873 5.9949 0.874302 0.088569 0.046768
358600 -4174.49195342 574.45121832 0.368238 5.9949 0.874302 0.088569 -0.068038
358700 -4165.38466236 557.97852094 0.357679 5.9949 0.874302 0.088569 0.002848
358800 -4182.58367728 541.79555255 0.347305 5.9949 0.874302 0.088569 -0.101981
358900 -4180.78249234 544.91001663 0.349301 5.9949 0.874302 0.088569 -0.056469
359000 -4159.58485216 549.64135675 0.352334 5.9974 0.871425 0.089143 0.051825
359100 -4173.65604184 568.23845541 0.364255 5.9974 0.871425 0.089143 -0.026799
359200 -4171.68785895 572.75294527 0.367149 5.9974 0.871425 0.089143 0.004562
359300 -4181.24631472 577.45715110 0.370165 5.9974 0.871425 0.089143 -0.062281
359400 -4138.32536040 555.80622886 0.356286 5.9974 0.871425 0.089143 0.115110
359500 -4164.08487001 575.84034437 0.369128 5.9949 0.872831 0.088049 -0.007620
359600 -4153.10890012 563.44534757 0.361183 5.9949 0.872831 0.088049 0.013429
359700 -4144.67318386 583.00235777 0.373719 5.9949 0.872831 0.088049 0.048624
359800 -4161.34229993 556.51485732 0.356740 5.9949 0.872831 0.088049 -0.033468
359900 -4169.23353006 554.69083396 0.355571 5.9949 0.872831 0.088049 -0.072429
360000 -4177.87826223 565.72581671 0.362645 5.9872 0.871127 0.091482 -0.087487
360100 -4145.61408999 551.08381917 0.353259 5.9872 0.871127 0.091482 0.055229
360200 -4168.28135984 552.62722697 0.354248 5.9872 0.871127 0.091482 -0.036800
360300 -4170.83528544 557.26197398 0.357219 5.9872 0.871127 0.091482 -0.030000
360400 -4153.92110492 558.01220639 0.357700 5.9872 0.871127 0.091482 0.037383
360500 -4150.78047887 566.79183076 0.363328 5.9949 0.869442 0.089472 0.020277
360600 -4149.08640680 560.27609388 0.359151 5.9949 0.869442 0.089472 0.014425
360700 -4144.95969387 554.49163559 0.355443 5.9949 0.869442 0.089472 0.021154
360800 -4166.04415057 592.73542076 0.379959 5.9949 0.869442 0.089472 -0.053663
360900 -4143.85938825 579.33625857 0.371369 5.9949 0.869442 0.089472 0.049648
361000 -4138.28192623 549.55152359 0.352277 5.9949 0.862544 0.093211 0.054553
361100 -4149.75091420 565.35628524 0.362408 5.9949 0.862544 0.093211 0.036354
361200 -4148.38912464 559.87751213 0.358896 5.9949 0.862544 0.093211 0.015605
361300 -4140.73023514 570.04117957 0.365411 5.9949 0.862544 0.093211 0.054498
361400 -4159.82017880 562.76643490 0.360748 5.9949 0.862544 0.093211 -0.047073
361500 -4150.35982845 566.19709954 0.362947 5.9974 0.866474 0.090500 -0.011341
361600 -4174.17038134 587.24862075 0.376441 5.9974 0.866474 0.090500 -0.113840
361700 -4119.46937046 545.01225902 0.349367 5.9974 0.866474 0.090500 0.129274
361800 -4121.71237771 569.48390777 0.365054 5.9974 0.866474 0.090500 0.097429
361900 -4149.98554893 589.27916582 0.377743 5.9974 0.866474 0.090500 -0.040597
362000 -4113.93320079 568.06644300 0.364145 5.9859 0.864281 0.093941 0.111209
362100 -4112.33808831 559.04229202 0.358360 5.9859 0.864281 0.093941 0.083911
362200 -4128.47262313 575.90197054 0.369168 5.9859 0.864281 0.093941 -0.001974
362300 -4142.20843932 561.04790250 0.359646 5.9859 0.864281 0.093941 -0.050429
362400 -4162.53710207 571.58769849 0.366402 5.9859 0.864281 0.093941 -0.115825
362500 -4159.97702078 546.51861444 0.350332 5.9949 0.871866 0.089926 -0.089585
362600 -4146.98709283 580.36085623 0.372026 5.9949 0.871866 0.089926 0.014503
362700 -4145.96413711 562.94863700 0.360865 5.9949 0.871866 0.089926 -0.008781
362800 -4153.77316909 564.57532294 0.361907 5.9949 0.871866 0.089926 -0.029037
362900 -4153.58803448 560.91963591 0.359564 5.9949 0.871866 0.089926 -0.001847
363000 -4168.89738895 577.66575233 0.370299 5.9949 0.873927 0.089871 -0.081497
363100 -4159.51083212 574.21171023 0.368084 5.9949 0.873927 0.089871 -0.047617
363200 -4141.74625718 540.37587211 0.346395 5.9949 0.873927 0.089871 0.033480
363300 -4158.08897904 562.02443765 0.360272 5.9949 0.873927 0.089871 -0.021202
363400 -4123.71036884 548.78759780 0.351787 5.9949 0.873927 0.089871 0.126701
363500 -4159.26499726 558.59762380 0.358075 5.9910 0.869412 0.091072 -0.043833
363600 -4162.76336918 566.11229571 0.362892 5.9910 0.869412 0.091072 -0.055729
363700 -4158.77012215 554.83413515 0.355663 5.9910 0.869412 0.091072 -0.017643
363800 -4176.58251918 565.94764015 0.362787 5.9910 0.869412 0.091072 -0.091543
363900 -4186.63332591 583.73968928 0.374192 5.9910 0.869412 0.091072 -0.119215
364000 -4170.02912990 565.63719664 0.362588 5.9974 0.874323 0.087099 -0.027404
364100 -4130.46802636 569.44504650 0.365029 5.9974 0.874323 0.087099 0.152083
364200 -4171.73109308 580.10106773 0.371860 5.9974 0.874323 0.087099 -0.103013
364300 -4167.95634195 580.62648076 0.372196 5.9974 0.874323 0.087099 -0.054191
364400 -4159.27760293 552.58023293 0.354218 5.9974 0.874323 0.087099 -0.001158
364500 -4169.48384461 574.21276820 0.368085 5.9974 0.873673 0.088673 -0.036602
364600 -4149.68000940 553.87306367 0.355047 5.9974 0.873673 0.088673 0.028729
364700 -4167.69203517 562.32782598 0.360467 5.9974 0.873673 0.088673 -0.037078
364800 -4149.70867843 555.78664085 0.356273 5.9974 0.873673 0.088673 0.043407
364900 -4170.45315898 568.23449709 0.364253 5.9974 0.873673 0.088673 -0.027068
365000 -4157.72283757 552.37959931 0.354089 5.9872 0.880529 0.090623 0.012983
365100 -4150.75434172 565.50574787 0.362504 5.9872 0.880529 0.090623 0.039554
365200 -4143.62606671 573.91267709 0.367893 5.9872 0.880529 0.090623 0.030995
365300 -4142.60544806 574.14210348 0.368040 5.9872 0.880529 0.090623 0.036592
365400 -4137.94638137 580.92211821 0.372386 5.9872 0.880529 0.090623 0.067349
365500 -4155.53763237 572.77532392 0.367164 5.9936 0.871652 0.090702 -0.033341
365600 -4148.34756626 541.19377632 0.346919 5.9936 0.871652 0.090702 -0.022437
365700 -4141.51283195 543.22119479 0.348219 5.9936 0.871652 0.090702 0.045620
365800 -4157.25454983 585.29162750 0.375187 5.9936 0.871652 0.090702 -0.030534
365900 -4153.99373625 568.42494555 0.364375 5.9936 0.871652 0.090702 0.004431
366000 -4135.99293490 569.64083371 0.365154 5.9923 0.869134 0.091517 0.084304
366100 -4140.35760297 592.06259248 0.379527 5.9923 0.869134 0.091517 0.048680
366200 -4134.44763138 575.15559812 0.368689 5.9923 0.869134 0.091517 0.046707
366300 -4138.48020801 569.21964092 0.364884 5.9923 0.869134 0.091517 0.011936
366400 -4146.96733835 552.61175619 0.354238 5.9923 0.869134 0.091517 -0.029144
366500 -4148.73612407 549.67463609 0.352356 5.9962 0.871302 0.089281 -0.032334
366600 -4167.92019891 575.71718205 0.369049 5.9962 0.871302 0.089281 -0.088520
366700 -4183.31435858 559.31386229 0.358535 5.9962 0.871302 0.089281 -0.166353
366800 -4159.78677107 544.67348699 0.349150 5.9962 0.871302 0.089281 -0.002876
366900 -4149.42014895 527.14823243 0.337916 5.9962 0.871302 0.089281 0.044248
367000 -4169.43240394 570.53137071 0.365725 5.9923 0.880102 0.087984 -0.024405
367100 -4169.15253832 568.26098770 0.364270 5.9923 0.880102 0.087984 -0.037707
367200 -4168.56839638 559.34380306 0.358554 5.9923 0.880102 0.087984 -0.017369
367300 -4154.73990119 558.82269636 0.358220 5.9923 0.880102 0.087984 0.039914
367400 -4160.04883030 556.83018363 0.356942 5.9923 0.880102 0.087984 0.012275
367500 -4166.69344587 558.12456026 0.357772 5.9936 0.879443 0.087861 -0.013524
367600 -4175.79666430 554.12631474 0.355209 5.9936 0.879443 0.087861 -0.068179
367700 -4159.73931203 559.85818559 0.358883 5.9936 0.879443 0.087861 0.039254
367800 -4133.18436046 588.74594439 0.377401 5.9936 0.879443 0.087861 0.131720
367900 -4152.02248099 579.48677197 0.371466 5.9936 0.879443 0.087861 0.011116
368000 -4132.20718586 570.66087794 0.365808 5.9897 0.861602 0.093608 0.091122
368100 -4156.26845202 586.50573572 0.375965 5.9897 0.861602 0.093608 -0.064670
368200 -4145.61695087 573.89438821 0.367881 5.9897 0.861602 0.093608 -0.017310
368300 -4155.41418970 567.56978332 0.363827 5.9897 0.861602 0.093608 -0.070118
368400 -4176.70450534 584.41400079 0.374624 5.9897 0.861602 0.093608 -0.149248
368500 -4169.67426869 579.55354049 0.371509 5.9962 0.876784 0.088998 -0.073805
368600 -4150.18190638 577.09026269 0.369930 5.9962 0.876784 0.088998 -0.008497
368700 -4139.86928095 566.54425048 0.363169 5.9962 0.876784 0.088998 0.038038
368800 -4147.37547626 557.60125489 0.357437 5.9962 0.876784 0.088998 0.018434
368900 -4145.47319156 559.15273938 0.358431 5.9962 0.876784 0.088998 -0.012170
369000 -4144.61779747 571.21182160 0.366161 5.9885 0.868866 0.091555 0.017290
369100 -4160.67233366 556.91184584 0.356995 5.9885 0.868866 0.091555 -0.058403
369200 -4164.49874204 581.48749247 0.372748 5.9885 0.868866 0.091555 -0.052199
369300 -4150.93159537 561.18237174 0.359732 5.9885 0.868866 0.091555 0.009119
369400 -4162.65998591 556.01290447 0.356419 5.9885 0.868866 0.091555 -0.066562
369500 -4155.50396887 541.19508717 0.346920 5.9885 0.868181 0.091819 -0.008556
369600 -4177.77447730 543.32136122 0.348283 5.9885 0.868181 0.091819 -0.091001
369700 -4180.34525446 552.70366131 0.354297 5.9885 0.868181 0.091819 -0.063779
369800 -4185.78409800 541.05008292 0.346827 5.9885 0.868181 0.091819 -0.060629
369900 -4180.13902195 556.09802074 0.356473 5.9885 0.868181 0.091819 -0.012644
370000 -4169.65927605 565.62896233 0.362583 5.9923 0.874719 0.087587 0.013968
370100 -4159.29668815 536.53107929 0.343930 5.9923 0.874719 0.087587 0.054250
370200 -4179.85504091 561.41425308 0.359881 5.9923 0.874719 0.087587 -0.042187
370300 -4160.45078245 571.48481368 0.366336 5.9923 0.874719 0.087587 0.064646
370400 -4160.96034099 557.40317146 0.357310 5.9923 0.874719 0.087587 0.017266
370500 -4161.21135079 588.42476288 0.377195 5.9949 0.871963 0.091880 0.022594
370600 -4132.11649556 559.74640445 0.358812 5.9949 0.871963 0.091880 0.112202
370700 -4150.08657929 556.60206425 0.356796 5.9949 0.871963 0.091880 0.008465
370800 -4161.01421116 552.33535357 0.354061 5.9949 0.871963 0.091880 -0.027988
370900 -4154.85588023 550.73550044 0.353036 5.9949 0.871963 0.091880 -0.012327
371000 -4159.94710157 555.19463743 0.355894 5.9936 0.864089 0.090373 -0.023923
371100 -4136.86558210 554.88061058 0.355693 5.9936 0.864089 0.090373 0.079091
371200 -4169.78492002 570.98897479 0.366019 5.9936 0.864089 0.090373 -0.082701
371300 -4159.67092804 544.97538719 0.349343 5.9936 0.864089 0.090373 -0.003666
371400 -4184.43511764 566.01102366 0.362828 5.9936 0.864089 0.090373 -0.114631
371500 -4147.47317153 551.99414803 0.353842 5.9987 0.873021 0.090321 0.062642
371600 -4175.74924732 573.75573352 0.367792 5.9987 0.873021 0.090321 -0.059021
371700 -4148.00223956 550.29002499 0.352750 5.9987 0.873021 0.090321 0.083060
371800 -4175.14393413 550.46767832 0.352864 5.9987 0.873021 0.090321 -0.077733
371900 -4184.18036684 553.40151493 0.354745 5.9987 0.873021 0.090321 -0.074568
372000 -4170.90366748 565.07005367 0.362224 5.9962 0.881132 0.087096 -0.007060
372100 -4153.43530588 538.31442216 0.345073 5.9962 0.881132 0.087096 0.059354
372200 -4146.83904330 536.38163480 0.343834 5.9962 0.881132 0.087096 0.101325
372300 -4148.25875354 556.77837308 0.356909 5.9962 0.881132 0.087096 0.091833
372400 -4153.73939648 571.77896767 0.366525 5.9962 0.881132 0.087096 0.051594
372500 -4172.41204351 558.39258653 0.357944 5.9949 0.873996 0.088934 -0.059709
372600 -4146.22398568 553.80698925 0.355004 5.9949 0.873996 0.088934 0.083110
372700 -4162.62586281 552.92915661 0.354442 5.9949 0.873996 0.088934 -0.027049
372800 -4164.36918526 577.73929051 0.370346 5.9949 0.873996 0.088934 -0.016537
372900 -4168.65743962 553.09346067 0.354547 5.9949 0.873996 0.088934 -0.020706
373000 -4163.31757453 541.94402657 0.347400 5.9872 0.873355 0.090084 -0.012042
373100 -4155.72856386 572.61077024 0.367058 5.9872 0.873355 0.090084 0.034331
373200 -4138.46390898 566.38272257 0.363066 5.9872 0.873355 0.090084 0.101957
373300 -4169.78596482 597.20171896 0.382822 5.9872 0.873355 0.090084 -0.060035
373400 -4142.19290667 596.31539122 0.382253 5.9872 0.873355 0.090084 0.040773
373500 -4138.13945846 567.13154281 0.363546 5.9808 0.864032 0.091856 0.027789
373600 -4136.41143443 564.61668385 0.361934 5.9808 0.864032 0.091856 0.024532
373700 -4147.73539237 564.31092162 0.361738 5.9808 0.864032 0.091856 -0.009627
373800 -4134.38238067 553.23259061 0.354636 5.9808 0.864032 0.091856 0.020641
373900 -4146.81394440 586.37814637 0.375883 5.9808 0.864032 0.091856 -0.021092
374000 -4146.51818439 569.00159501 0.364745 5.9910 0.870572 0.089630 -0.008581
374100 -4160.45382609 578.99362748 0.371150 5.9910 0.870572 0.089630 -0.068094
374200 -4151.15078239 557.93392897 0.357650 5.9910 0.870572 0.089630 -0.024388
374300 -4158.59197307 554.78744282 0.355633 5.9910 0.870572 0.089630 -0.034976
374400 -4158.67806863 576.39558695 0.369484 5.9910 0.870572 0.089630 -0.043247
374500 -4154.79316082 571.39950192 0.366282 5.9936 0.872668 0.088370 0.003730
374600 -4150.53649574 538.92817802 0.345467 5.9936 0.872668 0.088370 0.021963
374700 -4152.95043297 576.38136253 0.369475 5.9936 0.872668 0.088370 -0.019378
374800 -4124.93396074 553.21130169 0.354623 5.9936 0.872668 0.088370 0.125193
374900 -4152.26900375 557.40145804 0.357309 5.9936 0.872668 0.088370 -0.043735
375000 -4191.24831567 564.34767626 0.361761 5.9936 0.885515 0.085276 -0.184152
375100 -4144.45729631 549.82644510 0.352453 5.9936 0.885515 0.085276 0.087172
375200 -4164.84772703 550.63854240 0.352973 5.9936 0.885515 0.085276 -0.025141
375300 -4172.73198943 562.67181829 0.360687 5.9936 0.885515 0.085276 -0.067178
375400 -4155.00157471 550.27832328 0.352743 5.9936 0.885515 0.085276 0.014111
375500 -4152.27253046 550.85977766 0.353115 5.9936 0.872308 0.089795 0.049315
375600 -4170.09486609 547.43590176 0.350920 5.9936 0.872308 0.089795 -0.017372
375700 -4170.43428572 544.38272455 0.348963 5.9936 0.872308 0.089795 -0.022920
375800 -4196.82838178 555.74804534 0.356249 5.9936 0.872308 0.089795 -0.122054
375900 -4171.66323787 543.19242724 0.348200 5.9936 0.872308 0.089795 -0.010432
376000 -4160.33897093 558.55970352 0.358051 5.9923 0.874716 0.090213 0.043017
376100 -4171.42333745 574.27347539 0.368124 5.9923 0.874716 0.090213 -0.009492
376200 -4164.65746192 569.37619081 0.364985 5.9923 0.874716 0.090213 0.021119
376300 -4163.48972813 569.87928142 0.365307 5.9923 0.874716 0.090213 0.011526
376400 -4180.80025445 549.92367765 0.352515 5.9923 0.874716 0.090213 -0.072091
376500 -4161.09603187 536.70314664 0.344040 5.9885 0.869886 0.090588 0.028371
376600 -4152.08887558 564.31602228 0.361741 5.9885 0.869886 0.090588 0.064021
376700 -4173.66532709 566.56463436 0.363182 5.9885 0.869886 0.090588 -0.031435
376800 -4176.64458954 548.28608070 0.351465 5.9885 0.869886 0.090588 -0.040444
376900 -4188.82456957 557.67126008 0.357482 5.9885 0.869886 0.090588 -0.066427
377000 -4171.15041253 524.87392303 0.336458 5.9949 0.874860 0.088848 0.000845
377100 -4170.06855806 555.03443959 0.355791 5.9949 0.874860 0.088848 0.047210
377200 -4174.84083969 548.82246657 0.351809 5.9949 0.874860 0.088848 0.007707
377300 -4177.64268650 548.83736259 0.351819 5.9949 0.874860 0.088848 -0.000821
377400 -4189.25421593 567.87047369 0.364020 5.9949 0.874860 0.088848 -0.069107
377500 -4175.26958099 570.53179002 0.365726 5.9936 0.870951 0.090238 -0.002023
377600 -4171.81362577 574.23599734 0.368100 5.9936 0.870951 0.090238 0.005887
377700 -4165.82038753 556.87821249 0.356973 5.9936 0.870951 0.090238 0.002746
377800 -4185.07447725 576.09075031 0.369289 5.9936 0.870951 0.090238 -0.102881
377900 -4156.70225290 552.91395679 0.354432 5.9936 0.870951 0.090238 0.033459
378000 -4159.71619434 558.25554250 0.357856 5.9962 0.873555 0.088986 0.021321
378100 -4148.73819889 533.58810040 0.342044 5.9962 0.873555 0.088986 0.058799
378200 -4181.40104918 568.69699554 0.364549 5.9962 0.873555 0.088986 -0.083370
378300 -4163.34062841 560.92369788 0.359566 5.9962 0.873555 0.088986 0.039237
378400 -4158.32869948 558.41918753 0.357961 5.9962 0.873555 0.088986 0.030013
378500 -4163.62037043 575.80375045 0.369105 5.9923 0.870254 0.090168 -0.021050
378600 -4174.91057356 584.93669168 0.374959 5.9923 0.870254 0.090168 -0.053148
378700 -4180.29180832 568.22215329 0.364245 5.9923 0.870254 0.090168 -0.105194
378800 -4174.08193721 563.54712869 0.361248 5.9923 0.870254 0.090168 -0.062504
378900 -4164.26646506 558.69722970 0.358139 5.9923 0.870254 0.090168 0.009146
379000 -4170.59425968 571.52325794 0.366361 5.9936 0.878571 0.087295 -0.027423
379100 -4157.10410702 550.50782500 0.352890 5.9936 0.878571 0.087295 0.049425
379200 -4156.74521340 545.11390778 0.349432 5.9936 0.878571 0.087295 0.004946
379300 -4164.90322542 570.39856304 0.365640 5.9936 0.878571 0.087295 -0.019292
379400 -4163.06367386 582.61185320 0.373469 5.9936 0.878571 0.087295 0.004331
379500 -4131.35925039 564.80448050 0.362054 5.9910 0.866160 0.091715 0.118906
379600 -4143.45571417 579.19100442 0.371276 5.9910 0.866160 0.091715 0.026957
379700 -4134.94824075 543.77524831 0.348574 5.9910 0.866160 0.091715 0.038575
379800 -4162.94568017 551.68451293 0.353644 5.9910 0.866160 0.091715 -0.072368
379900 -4149.45327244 564.56892241 0.361903 5.9910 0.866160 0.091715 0.005485
380000 -4138.82263245 557.80739523 0.357569 5.9962 0.870133 0.089408 0.086219
380100 -4137.62892034 564.25102669 0.361699 5.9962 0.870133 0.089408 0.056499
380200 -4127.16337296 578.11070149 0.370584 5.9962 0.870133 0.089408 0.110281
380300 -4137.28163560 559.79807135 0.358845 5.9962 0.870133 0.089408 0.018632
380400 -4128.46939749 568.25688469 0.364267 5.9962 0.870133 0.089408 0.046634
380500 -4139.70703884 553.82018883 0.355013 5.9833 0.869884 0.094082 0.015750
380600 -4147.52420660 560.50689776 0.359299 5.9833 0.869884 0.094082 -0.060803
380700 -4149.61744545 567.99235058 0.364098 5.9833 0.869884 0.094082 -0.023985
380800 -4161.85102237 579.06467445 0.371195 5.9833 0.869884 0.094082 -0.082639
380900 -4136.48868848 578.62155503 0.370911 5.9833 0.869884 0.094082 0.021275
381000 -4141.17110528 558.43406388 0.357971 5.9949 0.870365 0.090716 -0.006767
381100 -4151.84279418 583.34858475 0.373941 5.9949 0.870365 0.090716 -0.040321
381200 -4136.69286185 554.37475974 0.355368 5.9949 0.870365 0.090716 0.016651
381300 -4168.74715088 549.90556310 0.352504 5.9949 0.870365 0.090716 -0.115401
381400 -4147.79515864 537.43686521 0.344511 5.9949 0.870365 0.090716 0.008076
381500 -4167.64037490 556.21526820 0.356548 5.9936 0.878701 0.085825 -0.067470
381600 -4180.79563948 550.51491789 0.352894 5.9936 0.878701 0.085825 -0.099203
381700 -4176.99126196 582.13532143 0.373164 5.9936 0.878701 0.085825 -0.042839
381800 -4152.26630140 566.14838578 0.362916 5.9936 0.878701 0.085825 0.030136
381900 -4161.22331763 553.94222767 0.355091 5.9936 0.878701 0.085825 -0.027309
382000 -4188.55006881 543.30991400 0.348276 5.9962 0.879162 0.087894 -0.123659
382100 -4179.50331642 555.64173838 0.356181 5.9962 0.879162 0.087894 -0.070043
382200 -4162.70079221 560.88049657 0.359539 5.9962 0.879162 0.087894 0.028464
382300 -4167.92021217 560.64038541 0.359385 5.9962 0.879162 0.087894 -0.014133
382400 -4163.07057826 552.11654335 0.353921 5.9962 0.879162 0.087894 0.000680
382500 -4183.95350209 559.19957361 0.358461 5.9949 0.883186 0.087552 -0.094760
382600 -4161.54975107 550.86814650 0.353121 5.9949 0.883186 0.087552 0.029109
382700 -4183.27164246 567.21505280 0.363599 5.9949 0.883186 0.087552 -0.052413
382800 -4189.68696991 553.29417969 0.354676 5.9949 0.883186 0.087552 -0.086716
382900 -4172.15091177 552.17369381 0.353957 5.9949 0.883186 0.087552 0.009411
383000 -4174.01561842 542.11966535 0.347513 5.9949 0.874336 0.089035 0.006341
383100 -4180.11703675 565.52915457 0.362519 5.9949 0.874336 0.089035 -0.015729
383200 -4172.16917421 557.58344387 0.357425 5.9949 0.874336 0.089035 0.006174
383300 -4163.58584333 558.34408928 0.357913 5.9949 0.874336 0.089035 0.037302
383400 -4171.07339374 553.56078096 0.354847 5.9949 0.874336 0.089035 0.013990
383500 -4170.43750202 569.32681998 0.364953 5.9949 0.880082 0.087541 0.002078
383600 -4157.32101635 551.75418397 0.353689 5.9949 0.880082 0.087541 0.056518
383700 -4165.39481445 553.27174621 0.354661 5.9949 0.880082 0.087541 0.010589
383800 -4184.85593814 545.38695785 0.349607 5.9949 0.880082 0.087541 -0.091105
383900 -4170.31816785 570.81222079 0.365905 5.9949 0.880082 0.087541 0.024432
384000 -4149.68862336 557.82973920 0.357583 5.9936 0.870193 0.091439 0.087591
384100 -4153.66062908 564.65411318 0.361958 5.9936 0.870193 0.091439 0.043758
384200 -4145.77846217 554.75753914 0.355614 5.9936 0.870193 0.091439 0.071176
384300 -4189.72123815 579.64510143 0.371567 5.9936 0.870193 0.091439 -0.158560
384400 -4162.72239954 565.02843846 0.362198 5.9936 0.870193 0.091439 -0.018422
384500 -4176.57314229 569.05334687 0.364778 5.9923 0.879815 0.087003 -0.074197
384600 -4159.80185261 557.48072984 0.357359 5.9923 0.879815 0.087003 0.009231
384700 -4148.37258080 548.67332942 0.351714 5.9923 0.879815 0.087003 0.055588
384800 -4182.54196561 565.58212634 0.362553 5.9923 0.879815 0.087003 -0.093977
384900 -4152.50540199 548.50586602 0.351606 5.9923 0.879815 0.087003 0.022580
385000 -4172.48742197 550.99065299 0.353199 5.9974 0.878107 0.087311 -0.072176
385100 -4153.82829151 563.45172982 0.361187 5.9974 0.878107 0.087311 0.026949
385200 -4156.75547468 580.20764916 0.371928 5.9974 0.878107 0.087311 0.012661
385300 -4155.63659438 571.23067948 0.366174 5.9974 0.878107 0.087311 0.021625
385400 -4153.48486855 561.88285164 0.360181 5.9974 0.878107 0.087311 -0.019545
385500 -4157.13857659 545.23457729 0.349509 5.9949 0.883405 0.086349 -0.031852
385600 -4161.97167224 559.30582330 0.358529 5.9949 0.883405 0.086349 -0.013036
385700 -4178.96437665 560.92089346 0.359565 5.9949 0.883405 0.086349 -0.088335
385800 -4171.79772082 543.29552687 0.348266 5.9949 0.883405 0.086349 -0.049118
385900 -4191.53398884 538.59647242 0.345254 5.9949 0.883405 0.086349 -0.111112
386000 -4174.46426096 537.10042366 0.344295 5.9949 0.881128 0.087738 -0.001764
386100 -4135.48035998 547.13572181 0.350728 5.9949 0.881128 0.087738 0.202711
386200 -4165.43059222 560.96436031 0.359593 5.9949 0.881128 0.087738 0.038425
386300 -4179.16263135 568.95388452 0.364714 5.9949 0.881128 0.087738 -0.045279
386400 -4154.40962067 582.38347535 0.373323 5.9949 0.881128 0.087738 0.075622
386500 -4139.74460923 563.21202962 0.361033 5.9949 0.870616 0.092978 0.082790
386600 -4139.47829173 562.26903823 0.360429 5.9949 0.870616 0.092978 0.064153
386700 -4162.49459934 552.20014185 0.353974 5.9949 0.870616 0.092978 -0.050722
386800 -4163.46501781 571.24602101 0.366183 5.9949 0.870616 0.092978 -0.045580
386900 -4158.15214232 555.68670689 0.356209 5.9949 0.870616 0.092978 -0.011149
387000 -4154.47858626 545.69210787 0.349803 5.9910 0.871360 0.090645 0.016559
387100 -4157.52076034 559.65372910 0.358752 5.9910 0.871360 0.090645 0.000897
387200 -4164.98252971 567.83288393 0.363995 5.9910 0.871360 0.090645 -0.031086
387300 -4142.04972702 567.83399153 0.363996 5.9910 0.871360 0.090645 0.077045
387400 -4142.55924954 565.90098383 0.362757 5.9910 0.871360 0.090645 0.055212
387500 -4161.97048622 589.36148391 0.377796 5.9910 0.876919 0.088177 -0.055906
387600 -4143.06345382 561.53540214 0.359959 5.9910 0.876919 0.088177 0.041612
387700 -4159.27215369 560.39285969 0.359226 5.9910 0.876919 0.088177 -0.033494
387800 -4134.91981413 549.02061109 0.351936 5.9910 0.876919 0.088177 0.073888
387900 -4151.28472288 569.44081615 0.365026 5.9910 0.876919 0.088177 -0.026735
388000 -4150.51414546 553.22091055 0.354629 5.9974 0.880160 0.088231 -0.006597
388100 -4152.27222130 563.99343323 0.361534 5.9974 0.880160 0.088231 0.007219
388200 -4155.35524958 561.15910826 0.359717 5.9974 0.880160 0.088231 -0.016011
388300 -4146.66338675 548.58468767 0.351657 5.9974 0.880160 0.088231 0.035768
388400 -4172.67980909 570.38908048 0.365634 5.9974 0.880160 0.088231 -0.076592
388500 -4154.80505924 546.88651426 0.350568 5.9949 0.870942 0.089757 0.006397
388600 -4150.88403297 562.12221666 0.360335 5.9949 0.870942 0.089757 0.049219
388700 -4166.97327755 559.93412487 0.358932 5.9949 0.870942 0.089757 -0.036711
388800 -4179.50491950 556.32764166 0.356620 5.9949 0.870942 0.089757 -0.105462
388900 -4158.04175509 543.25334449 0.348239 5.9949 0.870942 0.089757 -0.004223
389000 -4149.35751305 547.95060540 0.351250 5.9949 0.877121 0.088397 0.040321
389100 -4139.25514437 560.74001778 0.359449 5.9949 0.877121 0.088397 0.081452
389200 -4156.25534203 555.13830787 0.355858 5.9949 0.877121 0.088397 0.007594
389300 -4135.63429187 557.13636303 0.357139 5.9949 0.877121 0.088397 0.077856
389400 -4153.65135318 599.42220497 0.384245 5.9949 0.877121 0.088397 -0.011845
389500 -4159.09108711 587.84836064 0.376826 5.9923 0.878733 0.089237 -0.036188
389600 -4142.32572553 554.58656779 0.355504 5.9923 0.878733 0.089237 0.037731
389700 -4155.70350316 563.62524683 0.361298 5.9923 0.878733 0.089237 -0.033817
389800 -4160.84496125 583.81347394 0.374239 5.9923 0.878733 0.089237 -0.050230
389900 -4151.40129733 564.40249679 0.361796 5.9923 0.878733 0.089237 -0.023026
390000 -4127.95160864 580.44502570 0.372080 5.9923 0.861723 0.090080 0.091255
390100 -4142.67320449 575.60954137 0.368980 5.9923 0.861723 0.090080 -0.002621
390200 -4144.96431697 537.72762023 0.344697 5.9923 0.861723 0.090080 -0.019528
390300 -4159.04718349 553.66584429 0.354914 5.9923 0.861723 0.090080 -0.044647
390400 -4146.94417114 559.61178021 0.358726 5.9923 0.861723 0.090080 0.048574
390500 -4143.38320755 565.09554478 0.362241 5.9872 0.870163 0.092024 0.069531
390600 -4141.29061805 557.84492598 0.357593 5.9872 0.870163 0.092024 0.051200
390700 -4152.56864142 572.16289311 0.366771 5.9872 0.870163 0.092024 -0.015700
390800 -4155.64777346 574.47563915 0.368254 5.9872 0.870163 0.092024 -0.001441
390900 -4139.68551890 583.82289813 0.374245 5.9872 0.870163 0.092024 0.053631
391000 -4122.93908670 570.39651385 0.365639 5.9885 0.866591 0.092116 0.100756
391100 -4134.35925295 590.51259880 0.378534 5.9885 0.866591 0.092116 0.035382
391200 -4123.00934153 587.34634134 0.376504 5.9885 0.866591 0.092116 0.033660
391300 -4111.75299654 554.05983004 0.355167 5.9885 0.866591 0.092116 0.034127
391400 -4150.07400917 565.74294485 0.362656 5.9885 0.866591 0.092116 -0.114141
391500 -4138.38156258 533.35672565 0.341895 5.9936 0.870922 0.090164 -0.022161
391600 -4160.41923353 556.20255763 0.356540 5.9936 0.870922 0.090164 -0.063396
391700 -4134.05204212 564.56598541 0.361901 5.9936 0.870922 0.090164 0.058438
391800 -4125.82570083 580.60708648 0.372184 5.9936 0.870922 0.090164 0.074564
391900 -4136.93668109 565.93883690 0.362781 5.9936 0.870922 0.090164 0.007735
392000 -4143.89493048 552.68555401 0.354286 5.9962 0.869683 0.090911 -0.036857
392100 -4157.01415101 545.61163423 0.349751 5.9962 0.869683 0.090911 -0.072488
392200 -4163.05866428 553.83397961 0.355022 5.9962 0.869683 0.090911 -0.061479
392300 -4149.24452580 557.02245632 0.357066 5.9962 0.869683 0.090911 -0.007105
392400 -4119.70374639 564.09680321 0.361601 5.9962 0.869683 0.090911 0.160715
392500 -4132.68915156 564.44344536 0.361823 5.9897 0.866425 0.091200 0.074363
392600 -4141.97449053 575.59674455 0.368972 5.9897 0.866425 0.091200 0.037368
392700 -4147.64147982 568.67306074 0.364534 5.9897 0.866425 0.091200 0.009550
392800 -4157.80181005 574.71901657 0.368410 5.9897 0.866425 0.091200 -0.061639
392900 -4134.31760020 569.11710117 0.364819 5.9897 0.866425 0.091200 0.049215
393000 -4133.02357336 557.69594579 0.357497 5.9923 0.867236 0.093358 0.065797
393100 -4145.12649918 560.44082751 0.359257 5.9923 0.867236 0.093358 -0.011857
393200 -4167.53909812 573.77489671 0.367804 5.9923 0.867236 0.093358 -0.122360
393300 -4153.50854039 569.39240151 0.364995 5.9923 0.867236 0.093358 -0.014154
393400 -4132.16878565 563.53884101 0.361243 5.9923 0.867236 0.093358 0.065889
393500 -4169.16673756 590.81805649 0.378730 6.0000 0.878613 0.086963 -0.125106
393600 -4144.49819065 549.76648201 0.352414 6.0000 0.878613 0.086963 0.007953
393700 -4137.58172479 556.41273538 0.356675 6.0000 0.878613 0.086963 0.029708
393800 -4162.06683734 579.54546004 0.371504 6.0000 0.878613 0.086963 -0.075616
393900 -4157.39787938 573.61664733 0.367703 6.0000 0.878613 0.086963 -0.052887
394000 -4162.07994438 582.85711938 0.373626 5.9936 0.880325 0.087474 -0.046232
394100 -4141.27694269 540.90830241 0.346736 5.9936 0.880325 0.087474 0.031872
394200 -4188.64276036 560.21802850 0.359114 5.9936 0.880325 0.087474 -0.179387
394300 -4167.51907569 532.63595351 0.341433 5.9936 0.880325 0.087474 -0.042520
394400 -4183.59628995 541.12141757 0.346873 5.9936 0.880325 0.087474 -0.087618
394500 -4186.69289223 546.35602897 0.350228 5.9936 0.880660 0.088023 -0.040756
394600 -4157.87911336 539.14919056 0.345608 5.9936 0.880660 0.088023 0.100985
394700 -4181.26240571 556.98057061 0.357039 5.9936 0.880660 0.088023 -0.023743
394800 -4184.19329360 577.05300666 0.369906 5.9936 0.880660 0.088023 -0.018561
394900 -4197.72842721 547.14412614 0.350733 5.9936 0.880660 0.088023 -0.090243
395000 -4178.58406573 558.07394848 0.357740 5.9962 0.874958 0.086729 0.017847
395100 -4177.95912718 567.75779124 0.363947 5.9962 0.874958 0.086729 -0.008115
395200 -4162.20182513 554.92389291 0.355720 5.9962 0.874958 0.086729 0.053976
395300 -4166.48402826 575.68057147 0.369026 5.9962 0.874958 0.086729 0.017453
395400 -4163.13018400 545.73188311 0.349828 5.9962 0.874958 0.086729 0.008107
395500 -4169.99205060 567.82130160 0.363988 5.9936 0.876667 0.089548 0.010660
395600 -4167.56379525 558.77021045 0.358186 5.9936 0.876667 0.089548 0.025147
395700 -4160.89420420 540.87176409 0.346713 5.9936 0.876667 0.089548 -0.007913
395800 -4167.37852021 541.50612539 0.347119 5.9936 0.876667 0.089548 -0.002424
395900 -4155.69012760 551.83751823 0.353742 5.9936 0.876667 0.089548 0.053306
396000 -4146.53897301 544.70275764 0.349168 5.9885 0.870855 0.091468 0.067159
396100 -4163.27657719 563.14202257 0.360988 5.9885 0.870855 0.091468 -0.022755
396200 -4162.64549415 579.06514245 0.371196 5.9885 0.870855 0.091468 0.006717
396300 -4166.30008679 563.48200432 0.361206 5.9885 0.870855 0.091468 -0.013641
396400 -4173.21918764 574.15357558 0.368047 5.9885 0.870855 0.091468 -0.073168
396500 -4158.42956374 553.45987000 0.354782 5.9923 0.875966 0.089167 0.022735
396600 -4148.84347116 553.13991132 0.354577 5.9923 0.875966 0.089167 0.056633
396700 -4176.61879156 558.21808185 0.357832 5.9923 0.875966 0.089167 -0.080936
396800 -4172.82192347 558.18469016 0.357811 5.9923 0.875966 0.089167 -0.042002
396900 -4157.50660960 571.53979063 0.366372 5.9923 0.875966 0.089167 0.028151
397000 -4157.73888425 570.56498685 0.365747 5.9949 0.875957 0.091038 0.027036
397100 -4179.78401608 603.11136180 0.386610 5.9949 0.875957 0.091038 -0.080413
397200 -4152.62487123 550.56502295 0.352926 5.9949 0.875957 0.091038 0.036063
397300 -4184.52258036 546.00180446 0.350001 5.9949 0.875957 0.091038 -0.112335
397400 -4180.95320425 524.18315192 0.336015 5.9949 0.875957 0.091038 -0.085008
397500 -4187.67711506 550.82230266 0.353091 5.9949 0.893153 0.086777 -0.080672
397600 -4169.71111076 581.73398442 0.372906 5.9949 0.893153 0.086777 0.030364
397700 -4175.83085982 572.21689028 0.366806 5.9949 0.893153 0.086777 -0.027210
397800 -4161.53881088 571.52464782 0.366362 5.9949 0.893153 0.086777 0.034363
397900 -4170.06979756 571.86466779 0.366580 5.9949 0.893153 0.086777 -0.041784
398000 -4147.39276927 546.93601419 0.350600 5.9962 0.871452 0.089922 0.069834
398100 -4163.81889785 557.68105946 0.357488 5.9962 0.871452 0.089922 0.015314
398200 -4156.98100999 542.38786963 0.347685 5.9962 0.871452 0.089922 0.014489
398300 -4154.36589233 560.50295688 0.359297 5.9962 0.871452 0.089922 0.046760
398400 -4176.94005975 566.74180576 0.363296 5.9962 0.871452 0.089922 -0.067161
398500 -4176.65928625 553.27831490 0.354666 5.9923 0.881572 0.087358 -0.075169
398600 -4160.05718876 549.75794768 0.352409 5.9923 0.881572 0.087358 0.044347
398700 -4159.38741050 561.99715261 0.360255 5.9923 0.881572 0.087358 0.049057
398800 -4142.13472587 548.02017351 0.351295 5.9923 0.881572 0.087358 0.126871
398900 -4165.69299114 543.68911245 0.348519 5.9923 0.881572 0.087358 -0.005611
399000 -4171.01629603 518.67657649 0.332485 5.9962 0.871987 0.090748 -0.013652
399100 -4178.38354054 559.87635834 0.358895 5.9962 0.871987 0.090748 0.009238
399200 -4175.16507069 568.48037281 0.364410 5.9962 0.871987 0.090748 0.021993
399300 -4193.89244650 578.37108193 0.370751 5.9962 0.871987 0.090748 -0.089866
399400 -4156.13688143 573.16111887 0.367411 5.9962 0.871987 0.090748 0.055781
399500 -4153.10307229 580.33364322 0.372009 5.9923 0.873089 0.090018 0.053839
399600 -4136.31620818 570.83654708 0.365921 5.9923 0.873089 0.090018 0.115754
399700 -4149.22293298 570.73696360 0.365857 5.9923 0.873089 0.090018 0.011826
399800 -4152.89755726 559.35567411 0.358561 5.9923 0.873089 0.090018 -0.018672
399900 -4161.36466846 541.38797601 0.347044 5.9923 0.873089 0.090018 -0.048473
400000 -4156.60106332 562.34318579 0.360476 5.9897 0.872507 0.089997 0.008615
400100 -4141.40978770 579.07639390 0.371203 5.9897 0.872507 0.089997 0.075274
400200 -4142.15345589 549.76718973 0.352415 5.9897 0.872507 0.089997 0.028602
400300 -4143.04474105 571.70036674 0.366475 5.9897 0.872507 0.089997 0.023245
400400 -4146.04293838 579.10193836 0.371219 5.9897 0.872507 0.089997 -0.005141
400500 -4144.76645476 558.43919292 0.357974 5.9910 0.866206 0.093218 -0.022549
400600 -4165.42366147 571.07184322 0.366072 5.9910 0.866206 0.093218 -0.107558
400700 -4171.34460167 575.06421102 0.368631 5.9910 0.866206 0.093218 -0.098111
400800 -4167.59423802 556.95293889 0.357021 5.9910 0.866206 0.093218 -0.076873
400900 -4170.96260875 552.42997867 0.354122 5.9910 0.866206 0.093218 -0.086727
401000 -4161.52540028 538.93341047 0.345470 5.9987 0.879488 0.086762 -0.028846
401100 -4158.45322332 546.34747360 0.350223 5.9987 0.879488 0.086762 0.026952
401200 -4149.64342399 552.13186227 0.353931 5.9987 0.879488 0.086762 0.055086
401300 -4151.22147872 552.71038327 0.354302 5.9987 0.879488 0.086762 0.051402
401400 -4141.93432737 568.59360202 0.364483 5.9987 0.879488 0.086762 0.071988
401500 -4142.41966963 577.96896881 0.370493 5.9910 0.876565 0.088651 0.078934
401600 -4158.58432912 564.18519946 0.361657 5.9910 0.876565 0.088651 -0.030166
401700 -4154.85671501 563.71713752 0.361357 5.9910 0.876565 0.088651 -0.015723
401800 -4155.24924604 561.26511603 0.359785 5.9910 0.876565 0.088651 -0.029285
401900 -4147.91411668 555.87441485 0.356330 5.9910 0.876565 0.088651 0.017924
402000 -4149.45486528 559.18875842 0.358454 5.9936 0.867275 0.092421 0.020057
402100 -4145.56818375 544.00497624 0.348721 5.9936 0.867275 0.092421 0.013523
402200 -4133.85634725 537.64152963 0.344642 5.9936 0.867275 0.092421 0.086770
402300 -4179.88448777 560.83161637 0.359507 5.9936 0.867275 0.092421 -0.111081
402400 -4168.78202376 553.74953359 0.354968 5.9936 0.867275 0.092421 -0.035804
402500 -4182.15302007 560.32490651 0.359183 5.9962 0.874782 0.087055 -0.089903
402600 -4148.75807983 535.94445605 0.343554 5.9962 0.874782 0.087055 0.061715
402700 -4149.42642840 535.73646684 0.343421 5.9962 0.874782 0.087055 0.051791
402800 -4175.45534590 556.18845476 0.356531 5.9962 0.874782 0.087055 -0.038916
402900 -4164.94002166 546.81157091 0.350520 5.9962 0.874782 0.087055 0.009175
403000 -4174.89329869 556.43815141 0.356691 5.9949 0.876211 0.085164 -0.015518
403100 -4155.73065648 542.66930333 0.347865 5.9949 0.876211 0.085164 0.064234
403200 -4177.64673143 548.70347857 0.351733 5.9949 0.876211 0.085164 -0.013581
403300 -4187.02734016 568.68019502 0.364539 5.9949 0.876211 0.085164 -0.046616
403400 -4179.02405215 542.21863907 0.347576 5.9949 0.876211 0.085164 -0.044726
403500 -4197.41853077 552.89734896 0.354421 5.9974 0.886693 0.085237 -0.095218
403600 -4162.84240013 550.92126271 0.353155 5.9974 0.886693 0.085237 0.071222
403700 -4168.04127574 553.50368807 0.354810 5.9974 0.886693 0.085237 0.037604
403800 -4165.01985083 564.41079964 0.361802 5.9974 0.886693 0.085237 0.054487
403900 -4161.57964380 574.30050156 0.368141 5.9974 0.886693 0.085237 0.057334
404000 -4141.12877107 591.95576506 0.379459 5.9910 0.867919 0.090600 0.137856
404100 -4136.86253742 592.95029331 0.380096 5.9910 0.867919 0.090600 0.074945
404200 -4143.53342717 566.10335550 0.362887 5.9910 0.867919 0.090600 0.027321
404300 -4141.54983044 570.80756930 0.365902 5.9910 0.867919 0.090600 0.027432
404400 -4151.24984543 547.76544260 0.351132 5.9910 0.867919 0.090600 -0.048510
404500 -4137.90683436 551.91162171 0.353790 5.9974 0.866917 0.092514 0.016629
404600 -4151.01531230 573.70658175 0.367761 5.9974 0.866917 0.092514 -0.037645
404700 -4144.30377322 581.30581984 0.372632 5.9974 0.866917 0.092514 0.010492
404800 -4165.42208564 559.03126760 0.358353 5.9974 0.866917 0.092514 -0.107780
404900 -4159.68060021 562.86877694 0.360813 5.9974 0.866917 0.092514 -0.051338
405000 -4157.41562013 573.68057458 0.367744 5.9936 0.873239 0.088731 -0.026211
405100 -4158.24309225 563.85204106 0.361444 5.9936 0.873239 0.088731 -0.033176
405200 -4146.67633127 579.30422097 0.371349 5.9936 0.873239 0.088731 0.032301
405300 -4152.27749524 577.97385121 0.370496 5.9936 0.873239 0.088731 -0.009080
405400 -4144.03644620 553.95371051 0.355099 5.9936 0.873239 0.088731 0.051790
405500 -4149.04122752 549.35534465 0.352151 5.9962 0.869768 0.088316 -0.004575
405600 -4149.54339091 568.23717613 0.364255 5.9962 0.869768 0.088316 0.005778
405700 -4143.45317061 570.47731349 0.365691 5.9962 0.869768 0.088316 0.035206
405800 -4152.29889446 569.75390531 0.365227 5.9962 0.869768 0.088316 -0.006438
405900 -4170.88395433 562.14544601 0.360350 5.9962 0.869768 0.088316 -0.090700
406000 -4150.54998428 545.65321619 0.349778 5.9949 0.874460 0.089827 0.005071
406100 -4169.75037171 567.96128344 0.364078 5.9949 0.874460 0.089827 -0.063290
406200 -4166.27374215 561.21693366 0.359754 5.9949 0.874460 0.089827 -0.011025
406300 -4165.09709678 574.84724261 0.368492 5.9949 0.874460 0.089827 0.005379
406400 -4147.18465635 581.13180394 0.372520 5.9949 0.874460 0.089827 0.049516
406500 -4128.93127078 572.77895991 0.367166 5.9974 0.867506 0.091990 0.089724
406600 -4132.72349597 551.02849268 0.353223 5.9974 0.867506 0.091990 0.072825
406700 -4133.00172221 539.97103404 0.346135 5.9974 0.867506 0.091990 0.039853
406800 -4145.68566522 558.75607402 0.358177 5.9974 0.867506 0.091990 0.001902
406900 -4161.59976429 547.23045405 0.350789 5.9974 0.867506 0.091990 -0.073721
407000 -4163.87716166 566.01792873 0.362832 5.9910 0.874838 0.089255 -0.041228
407100 -4163.24332105 563.50991900 0.361224 5.9910 0.874838 0.089255 -0.066136
407200 -4144.59389740 553.36060411 0.354718 5.9910 0.874838 0.089255 0.029359
407300 -4155.30851868 574.53881601 0.368294 5.9910 0.874838 0.089255 0.004710
407400 -4136.72539778 562.74385588 0.360733 5.9910 0.874838 0.089255 0.066741
407500 -4172.43337818 555.84862942 0.356313 5.9962 0.880713 0.086347 -0.079614
407600 -4173.22953841 564.76981616 0.362032 5.9962 0.880713 0.086347 -0.059141
407700 -4166.43774585 540.18246215 0.346271 5.9962 0.880713 0.086347 -0.022453
407800 -4165.86697783 555.82604588 0.356299 5.9962 0.880713 0.086347 -0.021746
407900 -4161.76038637 569.60223828 0.365130 5.9962 0.880713 0.086347 0.022422
408000 -4152.32726556 560.79538691 0.359484 5.9936 0.876294 0.089712 0.053665
408100 -4136.86842771 549.18590814 0.352042 5.9936 0.876294 0.089712 0.094460
408200 -4160.50275553 562.15771155 0.360358 5.9936 0.876294 0.089712 -0.036843
408300 -4186.37982725 561.61329200 0.360009 5.9936 0.876294 0.089712 -0.127479
408400 -4154.54396094 555.79355059 0.356278 5.9936 0.876294 0.089712 0.039921
408500 -4166.76721894 553.19949783 0.354615 5.9962 0.878696 0.088947 -0.030844
408600 -4159.63290154 580.88298358 0.372361 5.9962 0.878696 0.088947 0.030255
408700 -4151.67594972 573.04149937 0.367334 5.9962 0.878696 0.088947 0.047085
408800 -4143.05000203 567.49488374 0.363779 5.9962 0.878696 0.088947 0.054939
408900 -4160.77839115 562.20096199 0.360385 5.9962 0.878696 0.088947 -0.038724
409000 -4158.76749091 556.07522022 0.356458 5.9962 0.876802 0.089978 -0.021273
409100 -4160.47687683 544.62394342 0.349118 5.9962 0.876802 0.089978 -0.026953
409200 -4150.36045347 567.94862711 0.364070 5.9962 0.876802 0.089978 0.037410
409300 -4167.80789683 568.29368694 0.364291 5.9962 0.876802 0.089978 -0.026000
409400 -4163.88126569 568.50139388 0.364424 5.9962 0.876802 0.089978 -0.007046
409500 -4148.33960215 559.42638827 0.358607 5.9923 0.872815 0.089809 0.042777
409600 -4162.06797322 562.59581578 0.360638 5.9923 0.872815 0.089809 -0.033566
409700 -4133.22152403 566.01181346 0.362828 5.9923 0.872815 0.089809 0.101711
409800 -4133.26461863 571.69438848 0.366471 5.9923 0.872815 0.089809 0.094288
409900 -4122.52672739 580.21076196 0.371930 5.9923 0.872815 0.089809 0.113761
410000 -4136.21789483 577.46083986 0.370167 5.9897 0.871038 0.091471 0.025441
410100 -4159.49964303 555.72592250 0.356235 5.9897 0.871038 0.091471 -0.088630
410200 -4140.29583507 546.53619645 0.350344 5.9897 0.871038 0.091471 0.016538
410300 -4161.10145935 556.05447422 0.356445 5.9897 0.871038 0.091471 -0.044614
410400 -4147.01132275 557.63422371 0.357458 5.9897 0.871038 0.091471 0.038804
410500 -4162.15144561 557.57308900 0.357419 5.9987 0.876616 0.088754 -0.055993
410600 -4148.64186098 548.96748660 0.351902 5.9987 0.876616 0.088754 0.023495
410700 -4177.51488162 539.52622590 0.345850 5.9987 0.876616 0.088754 -0.102238
410800 -4198.42297227 562.63397878 0.360663 5.9987 0.876616 0.088754 -0.134103
410900 -4171.78910280 557.60692708 0.357440 5.9987 0.876616 0.088754 -0.021239
411000 -4171.09829667 546.02833354 0.350018 5.9885 0.876533 0.088475 0.006638
411100 -4164.83488206 549.80679337 0.352440 5.9885 0.876533 0.088475 0.047131
411200 -4152.08151174 548.32560155 0.351491 5.9885 0.876533 0.088475 0.084925
411300 -4167.28943000 549.53046267 0.352263 5.9885 0.876533 0.088475 -0.016652
411400 -4154.93964866 548.57522904 0.351651 5.9885 0.876533 0.088475 0.061543
411500 -4154.91789439 579.44526750 0.371439 5.9962 0.871067 0.089261 0.045555
411600 -4167.30675633 558.38825559 0.357941 5.9962 0.871067 0.089261 -0.014801
411700 -4169.47848445 572.54365069 0.367015 5.9962 0.871067 0.089261 -0.045900
411800 -4152.91629671 544.22626918 0.348863 5.9962 0.871067 0.089261 0.041124
411900 -4155.34291672 547.89489316 0.351215 5.9962 0.871067 0.089261 0.023560
412000 -4181.12360451 555.79002967 0.356276 5.9936 0.879431 0.085490 -0.115168
412100 -4181.86569715 550.07068416 0.352609 5.9936 0.879431 0.085490 -0.075771
412200 -4169.68484905 542.77590521 0.347933 5.9936 0.879431 0.085490 0.001736
412300 -4195.16000483 549.98697554 0.352556 5.9936 0.879431 0.085490 -0.103421
412400 -4192.19795007 558.75330605 0.358175 5.9936 0.879431 0.085490 -0.068355
412500 -4193.48776842 545.86695186 0.349915 5.9936 0.881902 0.087204 -0.064746
412600 -4171.90536410 562.88377056 0.360823 5.9936 0.881902 0.087204 0.030162
412700 -4190.93648325 555.32603981 0.355978 5.9936 0.881902 0.087204 -0.060998
412800 -4182.66727149 561.47493679 0.359920 5.9936 0.881902 0.087204 -0.021663
412900 -4189.55351975 564.92696005 0.362133 5.9936 0.881902 0.087204 -0.052996
413000 -4192.28099911 549.23525582 0.352074 5.9962 0.881143 0.084934 -0.058713
413100 -4177.82880328 547.82832692 0.351172 5.9962 0.881143 0.084934 0.020302
413200 -4165.33517557 559.47013860 0.358635 5.9962 0.881143 0.084934 0.054565
413300 -4165.97401079 554.05841628 0.355166 5.9962 0.881143 0.084934 0.063352
413400 -4167.07917352 570.65547107 0.365805 5.9962 0.881143 0.084934 0.038044
413500 -4151.39496015 567.71217069 0.363918 5.9936 0.879640 0.086460 0.105947
413600 -4161.80641489 572.30372495 0.366861 5.9936 0.879640 0.086460 0.033934
413700 -4133.98960854 561.06866577 0.359659 5.9936 0.879640 0.086460 0.140822
413800 -4131.70883744 562.78771030 0.360761 5.9936 0.879640 0.086460 0.118350
413900 -4139.77458518 549.61983683 0.352320 5.9936 0.879640 0.086460 0.082111
414000 -4150.31090921 569.98057049 0.365372 5.9923 0.864885 0.089962 0.014290
414100 -4162.47993831 552.60771617 0.354236 5.9923 0.864885 0.089962 -0.044935
414200 -4158.34825491 553.73042168 0.354955 5.9923 0.864885 0.089962 -0.008272
414300 -4162.00696336 563.82071935 0.361424 5.9923 0.864885 0.089962 -0.014208
414400 -4153.75211302 569.36014224 0.364974 5.9923 0.864885 0.089962 0.031480
414500 -4154.53687166 573.99120806 0.367943 5.9962 0.868461 0.088723 -0.003694
414600 -4142.87528904 572.32222094 0.366873 5.9962 0.868461 0.088723 0.079776
414700 -4157.92609842 570.25197659 0.365546 5.9962 0.868461 0.088723 -0.020414
414800 -4156.44734834 569.32980639 0.364955 5.9962 0.868461 0.088723 -0.026110
414900 -4139.95921982 557.70239540 0.357502 5.9962 0.868461 0.088723 0.055657
415000 -4157.14420303 584.14582385 0.374452 5.9962 0.871477 0.091477 -0.025666
415100 -4149.21536308 553.98970506 0.355122 5.9962 0.871477 0.091477 0.003257
415200 -4152.31997393 579.98907696 0.371788 5.9962 0.871477 0.091477 0.007933
415300 -4151.25799226 556.39709312 0.356665 5.9962 0.871477 0.091477 -0.017025
415400 -4150.78584522 561.26742427 0.359787 5.9962 0.871477 0.091477 0.013555
415500 -4135.90850414 550.76130470 0.353052 5.9974 0.868640 0.091192 0.100697
415600 -4152.59489213 573.92961542 0.367904 5.9974 0.868640 0.091192 0.002237
415700 -4167.65625917 554.98336685 0.355759 5.9974 0.868640 0.091192 -0.056109
415800 -4164.93637623 563.16421283 0.361003 5.9974 0.868640 0.091192 0.002269
415900 -4143.36455158 569.40186648 0.365001 5.9974 0.868640 0.091192 0.065515
416000 -4165.74681309 565.22081455 0.362321 5.9897 0.871650 0.089022 -0.031451
416100 -4159.59621504 560.78086136 0.359475 5.9897 0.871650 0.089022 -0.017607
416200 -4160.20339346 555.83054317 0.356302 5.9897 0.871650 0.089022 -0.013852
416300 -4169.18931178 542.52181714 0.347770 5.9897 0.871650 0.089022 -0.080875
416400 -4151.09032928 550.09106959 0.352622 5.9897 0.871650 0.089022 0.071650
416500 -4172.36450516 573.79534245 0.367818 5.9923 0.872833 0.090341 -0.036487
416600 -4175.15491929 554.15070561 0.355225 5.9923 0.872833 0.090341 -0.028501
416700 -4168.75461931 565.44462816 0.362465 5.9923 0.872833 0.090341 0.013641
416800 -4150.69608874 557.91424697 0.357637 5.9923 0.872833 0.090341 0.089474
416900 -4165.28155017 571.61128339 0.366417 5.9923 0.872833 0.090341 -0.011684
417000 -4185.68507007 564.09266876 0.361598 5.9949 0.885787 0.086023 -0.133297
417100 -4147.85835907 558.91855807 0.358281 5.9949 0.885787 0.086023 0.043324
417200 -4138.86182985 576.65579206 0.369651 5.9949 0.885787 0.086023 0.102960
417300 -4137.61154036 562.45546095 0.360548 5.9949 0.885787 0.086023 0.085245
417400 -4148.97990010 558.85629263 0.358241 5.9949 0.885787 0.086023 0.002213
417500 -4157.31485167 557.50578778 0.357376 5.9936 0.867645 0.092099 -0.047160
417600 -4161.44414388 557.47472738 0.357356 5.9936 0.867645 0.092099 -0.058553
417700 -4151.57934893 551.12228711 0.353284 5.9936 0.867645 0.092099 0.000235
417800 -4146.65847987 555.32197422 0.355976 5.9936 0.867645 0.092099 -0.008486
417900 -4150.20708420 562.09509009 0.360317 5.9936 0.867645 0.092099 -0.030835
418000 -4144.35183257 559.10649663 0.358402 5.9923 0.873942 0.090315 0.016602
418100 -4133.61048094 563.69036366 0.361340 5.9923 0.873942 0.090315 0.057511
418200 -4143.60558075 544.15428178 0.348817 5.9923 0.873942 0.090315 -0.010689
418300 -4142.28040887 568.60894678 0.364493 5.9923 0.873942 0.090315 0.016701
418400 -4158.58853458 540.67408740 0.346586 5.9923 0.873942 0.090315 -0.066374
418500 -4149.77542631 546.44530839 0.350285 5.9962 0.871543 0.089736 0.033919
418600 -4145.14817890 543.82351061 0.348605 5.9962 0.871543 0.089736 0.064583
418700 -4158.25908936 570.76368468 0.365874 5.9962 0.871543 0.089736 -0.004509
418800 -4157.96978452 550.64778195 0.352979 5.9962 0.871543 0.089736 -0.002001
418900 -4156.17191906 566.53282407 0.363162 5.9962 0.871543 0.089736 0.004700
419000 -4160.45445624 561.02764642 0.359633 6.0000 0.878381 0.087394 -0.022119
419100 -4131.19625652 558.03633972 0.357716 6.0000 0.878381 0.087394 0.126040
419200 -4145.85084334 558.94128470 0.358296 6.0000 0.878381 0.087394 0.032988
419300 -4166.74378773 568.19506834 0.364228 6.0000 0.878381 0.087394 -0.062552
419400 -4133.43908343 564.58442543 0.361913 6.0000 0.878381 0.087394 0.122707
419500 -4156.18856151 577.44407791 0.370156 5.9936 0.874815 0.088576 -0.005390
419600 -4135.51166867 545.46634861 0.349658 5.9936 0.874815 0.088576 0.072949
419700 -4142.35398489 555.30578468 0.355965 5.9936 0.874815 0.088576 0.000079
419800 -4158.16544862 585.04619438 0.375030 5.9936 0.874815 0.088576 -0.038157
419900 -4156.30249306 571.60141213 0.366411 5.9936 0.874815 0.088576 -0.035461
420000 -4142.35108940 556.88769197 0.356979 5.9885 0.869159 0.093153 0.046204
420100 -4175.06453419 575.71874214 0.369050 5.9885 0.869159 0.093153 -0.135866
420200 -4158.46810346 556.77057458 0.356904 5.9885 0.869159 0.093153 -0.026907
420300 -4164.02088333 601.71428845 0.385714 5.9885 0.869159 0.093153 -0.025961
420400 -4150.87490917 567.31760061 0.363665 5.9885 0.869159 0.093153 -0.016582
420500 -4128.96950176 552.53109205 0.354187 5.9897 0.862215 0.093177 0.092049
420600 -4169.21290621 570.28734590 0.365569 5.9897 0.862215 0.093177 -0.104752
420700 -4128.69941793 539.17225226 0.345623 5.9897 0.862215 0.093177 0.085820
420800 -4158.48028544 564.57616401 0.361908 5.9897 0.862215 0.093177 -0.057093
420900 -4173.72818714 567.92240155 0.364053 5.9897 0.862215 0.093177 -0.084076
421000 -4143.17380761 538.91656541 0.345459 5.9936 0.874164 0.089995 0.040197
421100 -4156.42333427 554.98509721 0.355760 5.9936 0.874164 0.089995 0.012669
421200 -4169.20183915 565.10307304 0.362246 5.9936 0.874164 0.089995 -0.042500
421300 -4174.53869406 582.33315676 0.373290 5.9936 0.874164 0.089995 -0.065419
421400 -4149.44975832 558.80019349 0.358205 5.9936 0.874164 0.089995 0.026414
421500 -4140.96979370 561.07724094 0.359665 5.9987 0.866525 0.092958 0.061713
421600 -4145.78939011 556.11317662 0.356483 5.9987 0.866525 0.092958 0.035090
421700 -4146.13524270 565.47497734 0.362484 5.9987 0.866525 0.092958 0.034210
421800 -4144.44014979 560.54682828 0.359325 5.9987 0.866525 0.092958 0.043457
421900 -4162.06301873 582.73073497 0.373545 5.9987 0.866525 0.092958 -0.072156
422000 -4145.71140587 547.70998552 0.351096 5.9910 0.868525 0.090678 0.025026
422100 -4143.45969456 571.95000884 0.366635 5.9910 0.868525 0.090678 0.020661
422200 -4142.14212927 568.31452644 0.364304 5.9910 0.868525 0.090678 0.008376
422300 -4161.24342016 562.86989973 0.360814 5.9910 0.868525 0.090678 -0.073338
422400 -4153.96123331 536.97642534 0.344216 5.9910 0.868525 0.090678 -0.028839
422500 -4149.59109438 566.05810422 0.362858 5.9910 0.867708 0.091618 0.019170
422600 -4169.48404760 574.99646244 0.368587 5.9910 0.867708 0.091618 -0.098418
422700 -4144.20890517 533.49861726 0.341986 5.9910 0.867708 0.091618 0.016286
422800 -4173.86912510 555.79090959 0.356276 5.9910 0.867708 0.091618 -0.091785
422900 -4163.10298594 546.20379225 0.350131 5.9910 0.867708 0.091618 -0.012840
423000 -4166.79835319 571.06096243 0.366065 5.9936 0.877153 0.087567 -0.024526
423100 -4161.91954920 577.91300068 0.370457 5.9936 0.877153 0.087567 0.008439
423200 -4117.01201155 558.43270217 0.357970 5.9936 0.877153 0.087567 0.187360
423300 -4146.02216437 579.32809806 0.371364 5.9936 0.877153 0.087567 0.044146
423400 -4133.54054167 562.99688304 0.360895 5.9936 0.877153 0.087567 0.064243
423500 -4132.33473449 562.93199316 0.360854 5.9910 0.869869 0.092343 0.062714
423600 -4144.70992173 564.85931700 0.362089 5.9910 0.869869 0.092343 -0.036418
423700 -4141.37003332 557.44952713 0.357339 5.9910 0.869869 0.092343 0.007495
423800 -4135.44632858 553.41441312 0.354753 5.9910 0.869869 0.092343 0.032024
423900 -4168.90448143 556.34529025 0.356632 5.9910 0.869869 0.092343 -0.108560
424000 -4170.81111463 570.91823745 0.365973 5.9923 0.876679 0.088959 -0.072969
424100 -4176.02710633 549.44058982 0.352206 5.9923 0.876679 0.088959 -0.094444
424200 -4161.22717441 542.25142712 0.347597 5.9923 0.876679 0.088959 -0.005841
424300 -4167.40803370 566.89942496 0.363397 5.9923 0.876679 0.088959 -0.055738
424400 -4153.52571469 571.05958718 0.366064 5.9923 0.876679 0.088959 0.042316
424500 -4154.18504979 571.87591408 0.366587 5.9949 0.877855 0.089102 0.026128
424600 -4177.58835437 575.27832318 0.368768 5.9949 0.877855 0.089102 -0.085439
424700 -4150.51992832 563.35585885 0.361126 5.9949 0.877855 0.089102 0.040383
424800 -4147.76684342 560.06544547 0.359016 5.9949 0.877855 0.089102 0.027148
424900 -4170.81963467 590.46694362 0.378504 5.9949 0.877855 0.089102 -0.063335
425000 -4147.22844672 561.81074916 0.360135 5.9885 0.873220 0.088934 0.033328
425100 -4157.48200752 569.35751783 0.364973 5.9885 0.873220 0.088934 -0.038579
425200 -4133.98532562 550.19001787 0.352686 5.9885 0.873220 0.088934 0.076459
425300 -4151.47871125 585.15372095 0.375099 5.9885 0.873220 0.088934 -0.013143
425400 -4149.22853737 580.83584996 0.372331 5.9885 0.873220 0.088934 -0.008527
425500 -4151.48547898 576.36505939 0.369465 5.9949 0.869478 0.089308 -0.008199
425600 -4147.64981588 569.07705230 0.364793 5.9949 0.869478 0.089308 -0.016284
425700 -4158.20323763 543.13721312 0.348165 5.9949 0.869478 0.089308 -0.047774
425800 -4148.31026487 547.74657232 0.351120 5.9949 0.869478 0.089308 0.020374
425900 -4184.52624121 564.74014316 0.362013 5.9949 0.869478 0.089308 -0.151367
426000 -4188.10254517 573.69145928 0.367751 5.9910 0.877882 0.088490 -0.120665
426100 -4175.78459181 560.41130489 0.359238 5.9910 0.877882 0.088490 -0.049156
426200 -4165.35343691 571.05570189 0.366061 5.9910 0.877882 0.088490 -0.005373
426300 -4138.44552531 542.97726034 0.348062 5.9910 0.877882 0.088490 0.084966
426400 -4151.62130091 532.55415813 0.341381 5.9910 0.877882 0.088490 0.025907
426500 -4155.47084459 547.36635508 0.350876 5.9936 0.869694 0.091046 0.028633
426600 -4160.32227252 547.74339397 0.351118 5.9936 0.869694 0.091046 -0.013028
426700 -4161.06114044 574.13804736 0.368037 5.9936 0.869694 0.091046 0.014572
426800 -4137.27184611 574.45090095 0.368238 5.9936 0.869694 0.091046 0.118486
426900 -4151.61002681 565.84636784 0.362722 5.9936 0.869694 0.091046 0.009938
427000 -4154.55046687 543.47375651 0.348381 5.9949 0.874413 0.090259 -0.023955
427100 -4188.70819566 572.63439940 0.367073 5.9949 0.874413 0.090259 -0.142542
427200 -4161.18779966 552.61557829 0.354241 5.9949 0.874413 0.090259 0.014525
427300 -4160.42613607 555.49879991 0.356089 5.9949 0.874413 0.090259 0.006859
427400 -4158.65994224 560.30532614 0.359170 5.9949 0.874413 0.090259 0.036504
427500 -4150.08735739 562.71104633 0.360712 5.9897 0.869574 0.092520 0.056997
427600 -4174.47296136 573.62994465 0.367712 5.9897 0.869574 0.092520 -0.063854
427700 -4146.51157259 569.90380801 0.365323 5.9897 0.869574 0.092520 0.071465
427800 -4157.87671425 565.57460018 0.362548 5.9897 0.869574 0.092520 -0.021595
427900 -4140.36654226 545.09476707 0.349420 5.9897 0.869574 0.092520 0.067396
428000 -4150.72615603 556.09322534 0.356470 5.9962 0.875011 0.090685 0.029860
428100 -4157.50358329 566.45723257 0.363114 5.9962 0.875011 0.090685 0.009942
428200 -4164.83546608 568.58727595 0.364479 5.9962 0.875011 0.090685 -0.046702
428300 -4151.24173824 551.91053352 0.353789 5.9962 0.875011 0.090685 0.025413
428400 -4166.44201258 566.59003180 0.363199 5.9962 0.875011 0.090685 -0.047133
428500 -4175.77405225 573.75190964 0.367790 5.9974 0.875802 0.087276 -0.074370
428600 -4160.06308212 554.45198042 0.355418 5.9974 0.875802 0.087276 -0.017146
428700 -4159.86017473 546.81446747 0.350522 5.9974 0.875802 0.087276 0.014239
428800 -4194.42688441 541.41576023 0.347061 5.9974 0.875802 0.087276 -0.124913
428900 -4175.99832059 554.52945519 0.355468 5.9974 0.875802 0.087276 -0.012112
429000 -4177.65460406 528.76321623 0.338951 5.9987 0.878296 0.087451 -0.034504
429100 -4187.86770421 554.56146282 0.355488 5.9987 0.878296 0.087451 -0.060100
429200 -4175.44591120 549.73238136 0.352393 5.9987 0.878296 0.087451 0.013049
429300 -4180.82190978 548.15046356 0.351379 5.9987 0.878296 0.087451 0.014149
429400 -4184.54639442 564.14709708 0.361633 5.9987 0.878296 0.087451 -0.021865
429500 -4170.81496603 556.65727135 0.356832 5.9962 0.876199 0.088664 0.027033
429600 -4164.40804534 555.52522449 0.356106 5.9962 0.876199 0.088664 0.052252
429700 -4179.87688362 550.10167401 0.352629 5.9962 0.876199 0.088664 -0.053711
429800 -4174.15010632 544.49697772 0.349037 5.9962 0.876199 0.088664 0.009268
429900 -4175.28735721 562.40857184 0.360518 5.9962 0.876199 0.088664 0.001512
430000 -4150.68685898 554.07990348 0.355179 5.9987 0.878330 0.086696 0.107094
430100 -4149.94854219 541.95156505 0.347405 5.9987 0.878330 0.086696 0.117341
430200 -4174.20082459 566.17397518 0.362932 5.9987 0.878330 0.086696 -0.013528
430300 -4181.81050594 575.92457452 0.369182 5.9987 0.878330 0.086696 -0.062739
430400 -4167.85742562 585.13631211 0.375087 5.9987 0.878330 0.086696 0.009460
430500 -4156.79651903 557.68042341 0.357487 5.9923 0.874209 0.090417 0.019217
430600 -4162.84216112 540.40904093 0.346416 5.9923 0.874209 0.090417 -0.012732
430700 -4150.83517815 560.03272161 0.358995 5.9923 0.874209 0.090417 0.066664
430800 -4174.26530853 568.89636875 0.364677 5.9923 0.874209 0.090417 -0.059125
430900 -4157.76929616 578.18102918 0.370629 5.9923 0.874209 0.090417 0.021478
431000 -4145.17395926 567.66251349 0.363886 5.9949 0.873773 0.088928 0.042181
431100 -4155.66646131 561.69013554 0.360058 5.9949 0.873773 0.088928 0.011437
431200 -4152.42473865 556.86632149 0.356966 5.9949 0.873773 0.088928 0.002184
431300 -4164.38035235 563.44326872 0.361182 5.9949 0.873773 0.088928 -0.048076
431400 -4169.80636450 571.98045991 0.366654 5.9949 0.873773 0.088928 -0.052764
431500 -4159.66143687 564.03296043 0.361560 5.9910 0.871969 0.087640 0.023748
431600 -4174.75047514 560.21869690 0.359115 5.9910 0.871969 0.087640 -0.072135
431700 -4149.89331836 547.92697672 0.351235 5.9910 0.871969 0.087640 0.040480
431800 -4141.93381023 569.28391662 0.364926 5.9910 0.871969 0.087640 0.093479
431900 -4150.64622381 562.84218567 0.360796 5.9910 0.871969 0.087640 0.028583
432000 -4154.80497363 556.52387022 0.356746 5.9974 0.873172 0.089632 -0.011238
432100 -4153.19739284 564.42738603 0.361812 5.9974 0.873172 0.089632 -0.005125
432200 -4166.21163224 584.81307380 0.374880 5.9974 0.873172 0.089632 -0.042233
432300 -4167.32295968 601.93228444 0.385854 5.9974 0.873172 0.089632 -0.024230
432400 -4156.33572684 616.06023746 0.394910 5.9974 0.873172 0.089632 -0.014619
432500 -4130.88328503 576.41812894 0.369499 5.9949 0.870770 0.090012 0.095163
432600 -4147.39012719 572.50740050 0.366992 5.9949 0.870770 0.090012 -0.004979
432700 -4137.16805974 567.61244926 0.363854 5.9949 0.870770 0.090012 0.026080
432800 -4148.58186268 572.32331150 0.366874 5.9949 0.870770 0.090012 -0.035773
432900 -4140.43894629 572.44717635 0.366953 5.9949 0.870770 0.090012 -0.008155
433000 -4143.74342615 536.48609963 0.343901 5.9936 0.871360 0.090685 -0.026603
433100 -4146.08753392 551.49749863 0.353524 5.9936 0.871360 0.090685 -0.000742
433200 -4139.70972640 579.33083940 0.371366 5.9936 0.871360 0.090685 0.046060
433300 -4155.62162825 588.68493797 0.377362 5.9936 0.871360 0.090685 -0.068917
433400 -4141.84442366 571.53691827 0.366370 5.9936 0.871360 0.090685 0.018268
433500 -4148.19590990 567.11963469 0.363538 5.9910 0.870763 0.091771 -0.033510
433600 -4151.28421814 569.33117862 0.364956 5.9910 0.870763 0.091771 -0.035887
433700 -4129.59317819 556.70064055 0.356859 5.9910 0.870763 0.091771 0.063977
433800 -4146.69338648 560.91508319 0.359561 5.9910 0.870763 0.091771 -0.034494
433900 -4157.87959450 561.17869808 0.359730 5.9910 0.870763 0.091771 -0.060023
434000 -4162.05555295 550.66014554 0.352987 5.9936 0.878150 0.089839 -0.079458
434100 -4187.34998253 550.06167149 0.352604 5.9936 0.878150 0.089839 -0.165496
434200 -4148.20043304 524.56284020 0.336258 5.9936 0.878150 0.089839 0.071172
434300 -4158.29389951 567.05900928 0.363499 5.9936 0.878150 0.089839 0.031943
434400 -4149.90765231 546.12594827 0.350081 5.9936 0.878150 0.089839 0.068531
434500 -4185.28453753 556.18195245 0.356527 5.9949 0.881557 0.086361 -0.087733
434600 -4187.85329801 557.45951520 0.357346 5.9949 0.881557 0.086361 -0.086281
434700 -4167.92289269 556.70658589 0.356863 5.9949 0.881557 0.086361 0.030706
434800 -4178.15426679 561.17342971 0.359727 5.9949 0.881557 0.086361 -0.024702
434900 -4164.41931072 539.69531345 0.345959 5.9949 0.881557 0.086361 0.030178
435000 -4178.93197302 542.11481216 0.347509 5.9949 0.882777 0.087830 -0.027053
435100 -4194.10022670 559.72162678 0.358796 5.9949 0.882777 0.087830 -0.082149
435200 -4158.53874607 544.77873064 0.349217 5.9949 0.882777 0.087830 0.075754
435300 -4147.85506454 549.68861021 0.352364 5.9949 0.882777 0.087830 0.115483
435400 -4188.57335986 563.14301397 0.360989 5.9949 0.882777 0.087830 -0.083413
435500 -4168.05545367 555.70015038 0.356218 5.9949 0.872487 0.088341 0.040601
435600 -4162.23382321 553.32828901 0.354698 5.9949 0.872487 0.088341 0.067444
435700 -4166.96037548 559.87292264 0.358893 5.9949 0.872487 0.088341 0.028967
435800 -4165.07121581 566.57651070 0.363190 5.9949 0.872487 0.088341 0.028264
435900 -4160.18564866 548.49833436 0.351601 5.9949 0.872487 0.088341 0.021978
436000 -4145.82837414 549.07326802 0.351970 5.9910 0.867173 0.091042 0.096326
436100 -4150.19023880 578.68638443 0.370953 5.9910 0.867173 0.091042 0.063930
436200 -4161.93517772 568.23518358 0.364253 5.9910 0.867173 0.091042 -0.010075
436300 -4139.98436328 560.26345758 0.359143 5.9910 0.867173 0.091042 0.068896
436400 -4144.42548151 537.99076461 0.344866 5.9910 0.867173 0.091042 0.058165
436500 -4162.36080828 566.90890296 0.363403 5.9936 0.880488 0.087447 -0.051704
436600 -4156.63680452 563.51050932 0.361225 5.9936 0.880488 0.087447 -0.012229
436700 -4176.30232502 563.42205185 0.361168 5.9936 0.880488 0.087447 -0.076337
436800 -4194.18304605 557.51722219 0.357383 5.9936 0.880488 0.087447 -0.142525
436900 -4177.70684760 554.78245369 0.355630 5.9936 0.880488 0.087447 -0.031981
437000 -4160.33235290 550.15818611 0.352666 5.9936 0.864576 0.090753 0.049101
437100 -4149.60027647 549.94269560 0.352527 5.9936 0.864576 0.090753 0.090131
437200 -4156.70747827 569.68161800 0.365181 5.9936 0.864576 0.090753 0.041420
437300 -4156.70753227 546.82148150 0.350527 5.9936 0.864576 0.090753 0.026102
437400 -4154.95735399 558.46589837 0.357991 5.9936 0.864576 0.090753 0.033101
437500 -4160.09653692 558.45175620 0.357982 5.9974 0.876928 0.091371 -0.010367
437600 -4189.60453440 560.23403243 0.359124 5.9974 0.876928 0.091371 -0.122844
437700 -4162.43806204 563.61802044 0.361294 5.9974 0.876928 0.091371 0.022918
437800 -4156.13022906 554.43199239 0.355405 5.9974 0.876928 0.091371 0.017102
437900 -4153.54144950 561.12686389 0.359697 5.9974 0.876928 0.091371 0.041836
438000 -4174.74357227 574.14274346 0.368040 5.9974 0.877425 0.087820 -0.057706
438100 -4164.72050804 561.56324863 0.359976 5.9974 0.877425 0.087820 -0.034503
438200 -4153.12313050 549.58569708 0.352299 5.9974 0.877425 0.087820 0.081677
438300 -4157.90560017 552.61389672 0.354240 5.9974 0.877425 0.087820 0.037607
438400 -4159.81969779 548.58572939 0.351658 5.9974 0.877425 0.087820 0.013914
438500 -4160.66595354 560.76419097 0.359464 5.9974 0.881319 0.089236 0.012030
438600 -4151.75153541 576.41613316 0.369498 5.9974 0.881319 0.089236 0.059709
438700 -4155.68420121 552.27992440 0.354026 5.9974 0.881319 0.089236 0.001359
438800 -4166.03584085 554.32530705 0.355337 5.9974 0.881319 0.089236 -0.022736
438900 -4156.26360684 561.79648109 0.360126 5.9974 0.881319 0.089236 0.024216
439000 -4167.09704087 575.80526741 0.369106 5.9936 0.870030 0.088577 -0.024600
439100 -4154.59057248 573.05969946 0.367346 5.9936 0.870030 0.088577 0.010638
439200 -4164.11815598 563.30831395 0.361095 5.9936 0.870030 0.088577 -0.025284
439300 -4168.12183383 556.15555275 0.356510 5.9936 0.870030 0.088577 -0.044765
439400 -4183.52950253 560.95417223 0.359586 5.9936 0.870030 0.088577 -0.098307
439500 -4149.57486291 549.36070638 0.352154 5.9974 0.875371 0.088960 0.057950
439600 -4183.99486928 552.50373933 0.354169 5.9974 0.875371 0.088960 -0.089623
439700 -4191.93242244 553.56862885 0.354852 5.9974 0.875371 0.088960 -0.117496
439800 -4173.28143816 548.02171308 0.351296 5.9974 0.875371 0.088960 -0.004949
439900 -4168.39235181 539.57594061 0.345882 5.9974 0.875371 0.088960 0.035117
440000 -4190.80545226 535.04987480 0.342981 5.9974 0.882307 0.087160 -0.073499
440100 -4191.49645829 535.96525688 0.343567 5.9974 0.882307 0.087160 -0.056425
440200 -4176.24217125 537.98054651 0.344859 5.9974 0.882307 0.087160 0.025410
440300 -4189.69089909 559.59953182 0.358718 5.9974 0.882307 0.087160 -0.051784
440400 -4185.17950508 560.75542252 0.359459 5.9974 0.882307 0.087160 0.012547
440500 -4188.93251895 559.11693968 0.358408 5.9949 0.881590 0.086595 -0.028857
440600 -4187.45094876 573.09675576 0.367370 5.9949 0.881590 0.086595 -0.004639
440700 -4185.32658822 568.44893580 0.364390 5.9949 0.881590 0.086595 -0.005221
440800 -4162.85828641 531.83335398 0.340919 5.9949 0.881590 0.086595 0.047937
440900 -4161.50860289 554.64321642 0.355541 5.9949 0.881590 0.086595 0.064438
441000 -4173.64272343 561.21043066 0.359750 5.9936 0.878143 0.086856 -0.007213
441100 -4177.11743009 563.58767734 0.361274 5.9936 0.878143 0.086856 -0.028920
441200 -4186.25210211 546.32154018 0.350206 5.9936 0.878143 0.086856 -0.070087
441300 -4187.88750006 528.76831220 0.338954 5.9936 0.878143 0.086856 -0.037898
441400 -4206.61447717 554.43021191 0.355404 5.9936 0.878143 0.086856 -0.092583
441500 -4192.12191466 539.85676242 0.346062 5.9923 0.884222 0.085311 -0.017732
441600 -4183.95881876 549.37339139 0.352162 5.9923 0.884222 0.085311 0.010114
441700 -4193.02580696 563.00357098 0.360900 5.9923 0.884222 0.085311 -0.037340
441800 -4169.88088949 570.73101751 0.365853 5.9923 0.884222 0.085311 0.054034
441900 -4167.54276895 551.30327852 0.353400 5.9923 0.884222 0.085311 0.055301
442000 -4159.86565038 532.56176419 0.341386 5.9923 0.877907 0.087942 0.068371
442100 -4187.83951492 540.26825116 0.346326 5.9923 0.877907 0.087942 -0.069501
442200 -4196.82562192 557.71480152 0.357509 5.9923 0.877907 0.087942 -0.100198
442300 -4180.08693038 571.32458736 0.366234 5.9923 0.877907 0.087942 0.010428
442400 -4151.31342244 554.60235016 0.355514 5.9923 0.877907 0.087942 0.137150
442500 -4156.44367505 554.05082638 0.355161 5.9910 0.870768 0.090795 0.069688
442600 -4159.42056298 546.97724330 0.350626 5.9910 0.870768 0.090795 0.044357
442700 -4174.12078040 576.53715561 0.369575 5.9910 0.870768 0.090795 -0.055365
442800 -4158.52748643 551.63591935 0.353613 5.9910 0.870768 0.090795 0.023924
442900 -4148.18117827 548.20189094 0.351411 5.9910 0.870768 0.090795 0.103474
443000 -4187.17467894 570.69228879 0.365828 5.9962 0.881348 0.088043 -0.097075
443100 -4157.64090806 551.93504269 0.353805 5.9962 0.881348 0.088043 0.033709
443200 -4182.08947623 559.29614961 0.358523 5.9962 0.881348 0.088043 -0.093341
443300 -4175.62715827 555.46304529 0.356066 5.9962 0.881348 0.088043 -0.066341
443400 -4166.47111179 569.67614085 0.365177 5.9962 0.881348 0.088043 0.010275
443500 -4151.78440571 534.48234198 0.342617 5.9962 0.875020 0.089686 0.055759
443600 -4173.56107025 571.03543452 0.366048 5.9962 0.875020 0.089686 -0.035275
443700 -4156.68212777 555.91871303 0.356358 5.9962 0.875020 0.089686 0.059766
443800 -4151.15718668 581.71190544 0.372892 5.9962 0.875020 0.089686 0.055978
443900 -4148.20349142 560.52582239 0.359311 5.9962 0.875020 0.089686 0.044521
444000 -4159.15720473 539.33207923 0.345726 5.9923 0.879110 0.090510 -0.012012
444100 -4166.22940466 544.07199264 0.348764 5.9923 0.879110 0.090510 -0.060560
444200 -4148.02889269 528.24560362 0.338619 5.9923 0.879110 0.090510 0.072177
444300 -4143.17291670 526.97398483 0.337804 5.9923 0.879110 0.090510 0.096345
444400 -4181.37039655 548.51585408 0.351613 5.9923 0.879110 0.090510 -0.066636
444500 -4163.85090922 546.98923414 0.350634 5.9974 0.875139 0.087148 0.011185
444600 -4164.17624523 556.34341168 0.356630 5.9974 0.875139 0.087148 0.010504
444700 -4167.79352419 572.51235365 0.366995 5.9974 0.875139 0.087148 0.028121
444800 -4170.40580056 550.44251722 0.352848 5.9974 0.875139 0.087148 -0.029260
444900 -4200.83260764 554.38164963 0.355373 5.9974 0.875139 0.087148 -0.126590
445000 -4161.27671730 552.73647572 0.354318 5.9923 0.875375 0.089806 0.058058
445100 -4171.56921474 554.09193913 0.355187 5.9923 0.875375 0.089806 0.007093
445200 -4183.40567306 569.56661510 0.365107 5.9923 0.875375 0.089806 -0.067917
445300 -4156.38985670 569.50772327 0.365069 5.9923 0.875375 0.089806 0.068326
445400 -4164.24484196 561.40523631 0.359875 5.9923 0.875375 0.089806 0.011955
445500 -4161.80984242 560.10768282 0.359043 5.9949 0.875444 0.089028 -0.005717
445600 -4152.72422970 567.93903693 0.364063 5.9949 0.875444 0.089028 0.050450
445700 -4165.09426384 562.82947031 0.360788 5.9949 0.875444 0.089028 -0.029004
445800 -4154.57564374 537.61776548 0.344627 5.9949 0.875444 0.089028 0.037232
445900 -4148.33662831 553.95169808 0.355097 5.9949 0.875444 0.089028 0.061314
446000 -4166.65152467 567.92440709 0.364054 5.9936 0.877826 0.089086 -0.029784
446100 -4159.48715094 554.14139766 0.355219 5.9936 0.877826 0.089086 0.024976
446200 -4148.83851535 559.68690856 0.358774 5.9936 0.877826 0.089086 0.050361
446300 -4164.69567014 567.59234029 0.363841 5.9936 0.877826 0.089086 -0.040111
446400 -4171.67413150 579.73928863 0.371628 5.9936 0.877826 0.089086 -0.049324
446500 -4155.60955124 571.71183216 0.366482 5.9987 0.878848 0.087938 0.018546
446600 -4166.24181318 538.27017224 0.345045 5.9987 0.878848 0.087938 -0.063085
446700 -4170.53254272 561.76920007 0.360108 5.9987 0.878848 0.087938 -0.029245
446800 -4181.36345437 568.60142537 0.364488 5.9987 0.878848 0.087938 -0.085323
446900 -4176.57951884 572.52560146 0.367004 5.9987 0.878848 0.087938 -0.040325
447000 -4158.49049211 578.74691366 0.370992 5.9936 0.869625 0.090095 0.030493
447100 -4148.26921146 571.13668510 0.366113 5.9936 0.869625 0.090095 0.068945
447200 -4135.77109951 580.78786088 0.372300 5.9936 0.869625 0.090095 0.109473
447300 -4157.47847344 578.78529963 0.371016 5.9936 0.869625 0.090095 -0.031569
447400 -4138.88232795 561.04665106 0.359645 5.9936 0.869625 0.090095 0.066355
447500 -4144.17920097 582.30787188 0.373274 6.0000 0.869797 0.088216 0.020699
447600 -4140.86913696 572.37581447 0.366908 6.0000 0.869797 0.088216 -0.002636
447700 -4144.37761235 557.87795191 0.357614 6.0000 0.869797 0.088216 0.019733
447800 -4152.54402104 561.81846292 0.360140 6.0000 0.869797 0.088216 -0.019760
447900 -4119.08267012 552.64007067 0.354256 6.0000 0.869797 0.088216 0.104087
448000 -4116.88525297 569.24179759 0.364899 5.9910 0.869518 0.091377 0.143701
448100 -4136.04693141 575.49083350 0.368904 5.9910 0.869518 0.091377 0.035404
448200 -4149.31980000 531.63173956 0.340790 5.9910 0.869518 0.091377 -0.034285
448300 -4158.80079475 553.79176461 0.354995 5.9910 0.869518 0.091377 -0.073330
448400 -4152.63994519 549.77819911 0.352422 5.9910 0.869518 0.091377 -0.013021
448500 -4157.42801408 554.13642450 0.355216 5.9910 0.870110 0.091871 -0.013338
448600 -4140.60167334 547.89241790 0.351213 5.9910 0.870110 0.091871 0.039494
448700 -4177.69003974 568.84605081 0.364645 5.9910 0.870110 0.091871 -0.092244
448800 -4187.40359002 559.22208121 0.358476 5.9910 0.870110 0.091871 -0.145809
448900 -4170.43436043 558.14478746 0.357785 5.9910 0.870110 0.091871 -0.032289
449000 -4161.06856174 563.34242720 0.361117 5.9949 0.872225 0.089202 -0.014779
449100 -4143.97538274 557.83906734 0.357589 5.9949 0.872225 0.089202 0.070444
449200 -4155.22283056 564.03977054 0.361564 5.9949 0.872225 0.089202 0.025775
449300 -4164.96668751 567.96957509 0.364083 5.9949 0.872225 0.089202 -0.034994
449400 -4174.81591223 557.81847045 0.357576 5.9949 0.872225 0.089202 -0.060346
449500 -4167.70761518 570.47367357 0.365688 5.9910 0.879575 0.089798 -0.027262
449600 -4157.75507955 573.73710682 0.367780 5.9910 0.879575 0.089798 0.026584
449700 -4159.99620106 562.72965605 0.360724 5.9910 0.879575 0.089798 -0.018017
449800 -4161.21999828 559.31279838 0.358534 5.9910 0.879575 0.089798 0.006484
449900 -4173.70268888 566.84742563 0.363364 5.9910 0.879575 0.089798 -0.056060
450000 -4162.29980598 561.46636061 0.359914 5.9936 0.870860 0.088938 -0.004599
450100 -4151.89850024 575.44283861 0.368874 5.9936 0.870860 0.088938 0.045440
450200 -4163.27865965 588.71487359 0.377381 5.9936 0.870860 0.088938 -0.007793
450300 -4154.64118808 556.22302310 0.356553 5.9936 0.870860 0.088938 0.004524
450400 -4161.03456021 553.95054843 0.355097 5.9936 0.870860 0.088938 -0.058080
450500 -4179.08410099 575.35682179 0.368818 5.9962 0.885137 0.086419 -0.107391
450600 -4157.44944153 543.88460251 0.348644 5.9962 0.885137 0.086419 -0.012884
450700 -4150.23869650 563.40577232 0.361158 5.9962 0.885137 0.086419 0.048931
450800 -4162.60999375 572.31002459 0.366865 5.9962 0.885137 0.086419 -0.016879
450900 -4163.71032395 576.78985374 0.369737 5.9962 0.885137 0.086419 -0.014241
451000 -4169.06304119 549.16066580 0.352026 5.9949 0.872215 0.089332 -0.050108
451100 -4178.57466815 549.41654429 0.352190 5.9949 0.872215 0.089332 -0.083501
451200 -4167.53301356 543.73228730 0.348546 5.9949 0.872215 0.089332 -0.010124
451300 -4162.84734369 555.83807343 0.356306 5.9949 0.872215 0.089332 0.001648
451400 -4170.35225109 568.18244484 0.364220 5.9949 0.872215 0.089332 -0.014656
451500 -4152.47175236 568.93800143 0.364704 5.9949 0.873354 0.088233 0.069297
451600 -4163.42270979 566.41531979 0.363087 5.9949 0.873354 0.088233 0.027551
451700 -4163.52485277 566.18074680 0.362936 5.9949 0.873354 0.088233 0.005000
451800 -4167.49648314 579.15379221 0.371252 5.9949 0.873354 0.088233 -0.011379
451900 -4162.03564564 552.48489848 0.354157 5.9949 0.873354 0.088233 -0.003662
452000 -4150.45373782 537.20763715 0.344364 5.9923 0.875802 0.090372 0.079000
452100 -4176.63819491 559.58907098 0.358711 5.9923 0.875802 0.090372 -0.035240
452200 -4143.46217896 544.72420829 0.349182 5.9923 0.875802 0.090372 0.088664
452300 -4164.18993606 560.96116321 0.359590 5.9923 0.875802 0.090372 0.018525
452400 -4172.44212306 555.62942574 0.356173 5.9923 0.875802 0.090372 -0.022376
452500 -4168.94878198 569.96281245 0.365361 5.9987 0.878382 0.087709 -0.005384
452600 -4171.78663797 587.88056314 0.376847 5.9987 0.878382 0.087709 -0.020996
452700 -4157.80397171 570.97879873 0.366012 5.9987 0.878382 0.087709 0.022855
452800 -4157.36805529 563.00662697 0.360902 5.9987 0.878382 0.087709 0.001289
452900 -4158.43379001 556.17837090 0.356525 5.9987 0.878382 0.087709 -0.010083
453000 -4180.78571840 548.49616331 0.351600 5.9936 0.878585 0.089436 -0.085923
453100 -4172.69282065 543.69543194 0.348523 5.9936 0.878585 0.089436 -0.034963
453200 -4185.28777586 560.00189579 0.358976 5.9936 0.878585 0.089436 -0.046029
453300 -4180.41506827 521.40500164 0.334234 5.9936 0.878585 0.089436 -0.037087
453400 -4197.49019841 554.50512466 0.355452 5.9936 0.878585 0.089436 -0.065452
453500 -4174.12087519 580.62735294 0.372197 5.9949 0.882585 0.086008 0.036794
453600 -4161.26653083 567.89343431 0.364034 5.9949 0.882585 0.086008 0.064085
453700 -4161.71166755 546.73446744 0.350471 5.9949 0.882585 0.086008 0.045052
453800 -4190.83529953 546.89184219 0.350572 5.9949 0.882585 0.086008 -0.107551
453900 -4173.78167391 546.81389377 0.350522 5.9949 0.882585 0.086008 -0.010026
454000 -4170.84622895 534.22477609 0.342452 5.9936 0.875615 0.085467 -0.008137
454100 -4176.74515383 563.98094669 0.361526 5.9936 0.875615 0.085467 -0.007777
454200 -4175.36061896 572.94378622 0.367272 5.9936 0.875615 0.085467 -0.016627
454300 -4155.83437131 540.45771023 0.346447 5.9936 0.875615 0.085467 0.062387
454400 -4201.12764504 568.55002716 0.364455 5.9936 0.875615 0.085467 -0.129202
454500 -4184.34881207 544.61700388 0.349113 5.9923 0.876596 0.088063 -0.007528
454600 -4168.35728557 538.32393525 0.345079 5.9923 0.876596 0.088063 0.037071
454700 -4166.13991234 558.25806393 0.357858 5.9923 0.876596 0.088063 0.040002
454800 -4169.41608533 560.51878268 0.359307 5.9923 0.876596 0.088063 0.015693
454900 -4171.95342161 572.33640042 0.366882 5.9923 0.876596 0.088063 0.006974
455000 -4166.09992443 559.87698172 0.358896 5.9962 0.878383 0.088565 0.032149
455100 -4148.79265728 559.69063801 0.358776 5.9962 0.878383 0.088565 0.080386
455200 -4153.29089272 538.29507181 0.345061 5.9962 0.878383 0.088565 0.047878
455300 -4162.94285461 558.24532308 0.357850 5.9962 0.878383 0.088565 0.031247
455400 -4158.77852684 565.56479103 0.362542 5.9962 0.878383 0.088565 0.045695
455500 -4144.05283143 562.31411039 0.360458 5.9949 0.866450 0.090829 0.089940
455600 -4141.51227814 551.89455846 0.353779 5.9949 0.866450 0.090829 0.086623
455700 -4160.08371194 552.15279508 0.353944 5.9949 0.866450 0.090829 0.004440
455800 -4144.94863119 561.95430507 0.360227 5.9949 0.866450 0.090829 0.041274
455900 -4148.12238996 560.24179740 0.359129 5.9949 0.866450 0.090829 0.016297
456000 -4156.50385431 560.54860551 0.359326 5.9987 0.873885 0.087999 -0.030022
456100 -4165.59153173 542.54484905 0.347785 5.9987 0.873885 0.087999 -0.035894
456200 -4172.17935620 557.49042561 0.357366 5.9987 0.873885 0.087999 -0.059680
456300 -4162.60033455 564.68463714 0.361977 5.9987 0.873885 0.087999 -0.017751
456400 -4168.42678335 574.69098886 0.368392 5.9987 0.873885 0.087999 -0.038067
456500 -4150.54091362 580.36242781 0.372027 5.9923 0.864937 0.092491 0.053109
456600 -4124.35230913 574.08791489 0.368005 5.9923 0.864937 0.092491 0.114978
456700 -4132.62067865 582.98713657 0.373710 5.9923 0.864937 0.092491 0.078278
456800 -4137.04564799 553.97888844 0.355115 5.9923 0.864937 0.092491 0.001540
456900 -4134.82122529 567.39089834 0.363712 5.9923 0.864937 0.092491 0.038750
457000 -4137.81666537 568.30295331 0.364297 5.9936 0.875627 0.089782 -0.019748
457100 -4146.24671709 569.95773694 0.365358 5.9936 0.875627 0.089782 -0.048961
457200 -4148.33675058 554.57836072 0.355499 5.9936 0.875627 0.089782 -0.017180
457300 -4123.38179418 550.95397407 0.353176 5.9936 0.875627 0.089782 0.104396
457400 -4154.13112177 588.69091954 0.377366 5.9936 0.875627 0.089782 -0.060733
457500 -4146.94033751 559.59620804 0.358716 5.9949 0.869072 0.090308 -0.041944
457600 -4140.77651646 553.32887051 0.354698 5.9949 0.869072 0.090308 0.019689
457700 -4138.29017830 548.57120675 0.351648 5.9949 0.869072 0.090308 0.042399
457800 -4168.03642323 555.12162595 0.355847 5.9949 0.869072 0.090308 -0.110187
457900 -4169.40696783 557.35528894 0.357279 5.9949 0.869072 0.090308 -0.101564
458000 -4161.78859014 539.33683043 0.345729 5.9987 0.878364 0.087725 -0.032482
458100 -4158.74748751 555.88867260 0.356339 5.9987 0.878364 0.087725 0.007114
458200 -4158.22297335 554.40070934 0.355385 5.9987 0.878364 0.087725 0.011754
458300 -4183.14629192 550.61834326 0.352960 5.9987 0.878364 0.087725 -0.114880
458400 -4196.58094740 547.04730201 0.350671 5.9987 0.878364 0.087725 -0.124866
458500 -4176.89992347 538.81198244 0.345392 5.9987 0.876898 0.087404 -0.015643
458600 -4151.43681867 551.03681543 0.353229 5.9987 0.876898 0.087404 0.134883
458700 -4177.12238874 542.55189213 0.347790 5.9987 0.876898 0.087404 -0.021793
458800 -4185.74818009 557.25152546 0.357213 5.9987 0.876898 0.087404 -0.058634
458900 -4184.97685032 540.10069553 0.346218 5.9987 0.876898 0.087404 -0.061758
459000 -4192.80211471 565.13267290 0.362265 5.9910 0.879576 0.086799 -0.052690
459100 -4176.29547910 548.68752319 0.351723 5.9910 0.879576 0.086799 0.014175
459200 -4170.90560106 545.24258685 0.349514 5.9910 0.879576 0.086799 0.041633
459300 -4172.48204263 546.25261842 0.350162 5.9910 0.879576 0.086799 0.016668
459400 -4186.69830854 573.09120436 0.367366 5.9910 0.879576 0.086799 -0.023144
459500 -4173.33205943 566.87566905 0.363382 5.9949 0.876366 0.088418 0.002012
459600 -4153.12703706 570.55972335 0.365743 5.9949 0.876366 0.088418 0.088604
459700 -4138.42005759 567.36863135 0.363698 5.9949 0.876366 0.088418 0.125126
459800 -4150.25864493 566.82728276 0.363351 5.9949 0.876366 0.088418 0.028706
459900 -4171.51918249 553.08941246 0.354544 5.9949 0.876366 0.088418 -0.056502
460000 -4168.97243814 557.00622288 0.357055 5.9949 0.881621 0.087043 -0.006038
460100 -4171.91430600 538.85756924 0.345422 5.9949 0.881621 0.087043 -0.020456
460200 -4161.81750182 540.19134804 0.346277 5.9949 0.881621 0.087043 0.025348
460300 -4173.14194895 543.06901620 0.348121 5.9949 0.881621 0.087043 -0.024538
460400 -4183.39285803 562.40116291 0.360514 5.9949 0.881621 0.087043 -0.057074
460500 -4178.99832533 552.71691238 0.354306 5.9962 0.876583 0.087916 -0.018740
460600 -4164.13422203 533.26614120 0.341837 5.9962 0.876583 0.087916 0.022944
460700 -4158.12583245 538.68404609 0.345310 5.9962 0.876583 0.087916 0.062884
460800 -4169.20149896 563.17604110 0.361010 5.9962 0.876583 0.087916 0.016527
460900 -4185.08830872 573.08571796 0.367363 5.9962 0.876583 0.087916 -0.056526
461000 -4158.76568971 557.23614049 0.357203 5.9987 0.870909 0.087462 0.041725
461100 -4158.68719311 572.13679889 0.366754 5.9987 0.870909 0.087462 0.046490
461200 -4167.38293989 571.65609368 0.366446 5.9987 0.870909 0.087462 -0.032851
461300 -4168.77142516 563.44931831 0.361185 5.9987 0.870909 0.087462 -0.023659
461400 -4164.52629862 560.25189244 0.359136 5.9987 0.870909 0.087462 -0.027565
461500 -4129.78781659 540.28865643 0.346339 5.9885 0.859586 0.092180 0.153776
461600 -4139.41418193 547.85262324 0.351188 5.9885 0.859586 0.092180 0.069754
461700 -4159.39035650 557.53058356 0.357391 5.9885 0.859586 0.092180 -0.018973
461800 -4162.00326325 551.24550133 0.353363 5.9885 0.859586 0.092180 -0.003090
461900 -4139.64491911 553.18949911 0.354609 5.9885 0.859586 0.092180 0.100638
462000 -4163.30558006 582.95488308 0.373689 5.9962 0.880963 0.088404 -0.022237
462100 -4139.36972376 554.05459724 0.355163 5.9962 0.880963 0.088404 0.052191
462200 -4159.40350525 549.95640875 0.352536 5.9962 0.880963 0.088404 -0.039143
462300 -4167.56686459 561.61965631 0.360013 5.9962 0.880963 0.088404 -0.053138
462400 -4183.93331659 578.54131905 0.370860 5.9962 0.880963 0.088404 -0.128474
462500 -4173.35695000 537.85055157 0.344776 5.9987 0.879670 0.088251 -0.060564
462600 -4156.76626516 550.33378221 0.352778 5.9987 0.879670 0.088251 0.038556
462700 -4149.79003585 569.29853326 0.364935 5.9987 0.879670 0.088251 0.071152
462800 -4136.26484349 551.30685148 0.353402 5.9987 0.879670 0.088251 0.116113
462900 -4154.93285398 568.19802302 0.364230 5.9987 0.879670 0.088251 0.003432
463000 -4166.91506280 560.46547529 0.359273 5.9923 0.867222 0.091423 -0.032340
463100 -4167.52303970 557.89781242 0.357627 5.9923 0.867222 0.091423 -0.042309
463200 -4156.77539885 557.67242968 0.357482 5.9923 0.867222 0.091423 0.006324
463300 -4163.24522036 552.09427433 0.353907 5.9923 0.867222 0.091423 -0.013665
463400 -4170.88878978 546.00822541 0.350005 5.9923 0.867222 0.091423 -0.049948
463500 -4166.05280969 556.66463608 0.356836 5.9949 0.879833 0.088534 0.001984
463600 -4157.89790222 549.48949051 0.352237 5.9949 0.879833 0.088534 0.029195
463700 -4167.19778526 542.14412926 0.347528 5.9949 0.879833 0.088534 -0.010217
463800 -4181.19033850 552.84147673 0.354386 5.9949 0.879833 0.088534 -0.071063
463900 -4151.80677766 554.23154775 0.355277 5.9949 0.879833 0.088534 0.064120
464000 -4153.13847981 558.33907960 0.357910 5.9885 0.873586 0.088765 0.061982
464100 -4183.56116741 566.20217673 0.362950 5.9885 0.873586 0.088765 -0.107779
464200 -4163.11806009 555.23474383 0.355920 5.9885 0.873586 0.088765 0.010736
464300 -4176.38136203 556.45741421 0.356703 5.9885 0.873586 0.088765 -0.062931
464400 -4170.26002412 547.12752384 0.350723 5.9885 0.873586 0.088765 -0.033920
464500 -4187.50235533 561.56609331 0.359978 5.9949 0.883151 0.087068 -0.083835
464600 -4184.52047282 566.23449915 0.362971 5.9949 0.883151 0.087068 -0.055519
464700 -4159.75464429 528.59666475 0.338844 5.9949 0.883151 0.087068 0.044929
464800 -4172.58143553 536.47967233 0.343897 5.9949 0.883151 0.087068 -0.009534
464900 -4200.70657250 561.62710738 0.360017 5.9949 0.883151 0.087068 -0.112874
465000 -4171.40046055 545.32532229 0.349568 5.9962 0.873863 0.088942 0.027513
465100 -4150.72890979 564.82230499 0.362066 5.9962 0.873863 0.088942 0.151438
465200 -4147.52990300 557.00909943 0.357057 5.9962 0.873863 0.088942 0.107607
465300 -4144.69887110 564.46254176 0.361835 5.9962 0.873863 0.088942 0.122456
465400 -4170.13360990 565.83867268 0.362717 5.9962 0.873863 0.088942 -0.026798
465500 -4165.69560478 577.99901335 0.370512 5.9910 0.876077 0.089571 -0.006061
465600 -4173.89423051 566.04890477 0.362852 5.9910 0.876077 0.089571 -0.048171
465700 -4146.56828185 571.92468709 0.366618 5.9910 0.876077 0.089571 0.040955
465800 -4152.08302677 567.74980326 0.363942 5.9910 0.876077 0.089571 0.003224
465900 -4155.84767225 566.67726952 0.363255 5.9910 0.876077 0.089571 -0.016743
466000 -4138.01285879 546.43610772 0.350280 5.9910 0.868760 0.089584 0.055421
466100 -4164.64693241 581.98436437 0.373067 5.9910 0.868760 0.089584 -0.044472
466200 -4168.18174743 542.45265910 0.347726 5.9910 0.868760 0.089584 -0.077061
466300 -4193.31054839 565.96013320 0.362795 5.9910 0.868760 0.089584 -0.149600
466400 -4177.20723564 560.77488074 0.359471 5.9910 0.868760 0.089584 -0.068620
466500 -4176.20814368 567.70925886 0.363916 5.9910 0.879455 0.089475 -0.028678
466600 -4169.60328999 556.25205134 0.356572 5.9910 0.879455 0.089475 -0.019528
466700 -4164.91860666 564.30133116 0.361732 5.9910 0.879455 0.089475 0.022053
466800 -4156.22488337 569.69251070 0.365188 5.9910 0.879455 0.089475 0.042076
466900 -4149.38843315 585.08925688 0.375057 5.9910 0.879455 0.089475 0.074179
467000 -4177.53872913 574.15050499 0.368045 5.9962 0.880024 0.086432 -0.096005
467100 -4167.77829140 572.64511913 0.367080 5.9962 0.880024 0.086432 -0.044445
467200 -4156.72864330 572.14286546 0.366758 5.9962 0.880024 0.086432 0.035305
467300 -4156.57130958 561.92473680 0.360208 5.9962 0.880024 0.086432 0.005999
467400 -4141.79502921 545.79275934 0.349867 5.9962 0.880024 0.086432 0.041483
467500 -4157.38441844 558.66835294 0.358121 5.9974 0.873451 0.089589 0.011596
467600 -4160.72843043 547.36377144 0.350874 5.9974 0.873451 0.089589 -0.002024
467700 -4163.61174491 556.81097695 0.356930 5.9974 0.873451 0.089589 -0.010047
467800 -4168.83004221 560.41423489 0.359240 5.9974 0.873451 0.089589 -0.011015
467900 -4189.06993774 557.90278701 0.357630 5.9974 0.873451 0.089589 -0.102913
468000 -4183.73690549 565.56005276 0.362538 5.9987 0.877820 0.086894 -0.086141
468100 -4160.23179909 557.34935384 0.357275 5.9987 0.877820 0.086894 0.030667
468200 -4170.26774051 558.44492274 0.357978 5.9987 0.877820 0.086894 -0.017116
468300 -4165.51645440 572.55523986 0.367023 5.9987 0.877820 0.086894 0.022221
468400 -4175.42867608 535.37618714 0.343190 5.9987 0.877820 0.086894 -0.025258
468500 -4187.13065293 576.14750494 0.369325 5.9923 0.881102 0.087689 -0.071602
468600 -4140.16513233 569.53104850 0.365084 5.9923 0.881102 0.087689 0.133437
468700 -4171.22210275 591.88558890 0.379414 5.9923 0.881102 0.087689 -0.017833
468800 -4154.73672339 589.89194046 0.378136 5.9923 0.881102 0.087689 0.046094
468900 -4157.42209248 568.23160899 0.364251 5.9923 0.881102 0.087689 -0.003128
469000 -4147.50749504 556.39567046 0.356664 5.9923 0.869307 0.091645 0.031268
469100 -4166.10076753 559.38051834 0.358577 5.9923 0.869307 0.091645 -0.066516
469200 -4152.55999202 551.77255760 0.353700 5.9923 0.869307 0.091645 0.016223
469300 -4146.04329952 591.25091818 0.379007 5.9923 0.869307 0.091645 0.023060
469400 -4129.12143392 575.95920267 0.369205 5.9923 0.869307 0.091645 0.084309
469500 -4156.59423254 581.79150965 0.372943 5.9897 0.870209 0.090768 -0.042636
469600 -4132.08331014 561.95535032 0.360228 5.9897 0.870209 0.090768 0.043228
469700 -4142.62321742 574.37001747 0.368186 5.9897 0.870209 0.090768 -0.019865
469800 -4127.04856985 540.26591906 0.346324 5.9897 0.870209 0.090768 0.070240
469900 -4152.65509016 552.40753439 0.354107 5.9897 0.870209 0.090768 -0.051627
470000 -4148.52798122 564.40055172 0.361795 5.9949 0.871077 0.089592 -0.010633
470100 -4135.57496524 553.36298624 0.354720 5.9949 0.871077 0.089592 0.048235
470200 -4147.06321142 566.53458024 0.363163 5.9949 0.871077 0.089592 0.009000
470300 -4151.29383888 543.81545156 0.348600 5.9949 0.871077 0.089592 -0.019874
470400 -4155.81026444 557.32963217 0.357263 5.9949 0.871077 0.089592 -0.027661
470500 -4130.23496667 554.33556831 0.355343 5.9923 0.863904 0.091913 0.104502
470600 -4149.76925305 575.10193372 0.368655 5.9923 0.863904 0.091913 -0.002260
470700 -4134.32633894 580.24835794 0.371954 5.9923 0.863904 0.091913 0.084543
470800 -4150.73888246 558.07266211 0.357739 5.9923 0.863904 0.091913 -0.024702
470900 -4126.37304852 554.00842624 0.355134 5.9923 0.863904 0.091913 0.089154
471000 -4153.07895063 561.43457774 0.359894 5.9936 0.871483 0.089477 -0.034931
471100 -4162.63402161 559.72285160 0.358797 5.9936 0.871483 0.089477 -0.058710
471200 -4130.63976143 544.14883315 0.348813 5.9936 0.871483 0.089477 0.100735
471300 -4136.71543628 568.33922354 0.364320 5.9936 0.871483 0.089477 0.042719
471400 -4144.08040802 541.67605269 0.347228 5.9936 0.871483 0.089477 0.013485
471500 -4158.96367976 552.71714975 0.354306 5.9923 0.873400 0.091656 -0.011497
471600 -4143.99477366 548.63858497 0.351691 5.9923 0.873400 0.091656 0.027037
471700 -4152.36306248 570.02183728 0.365399 5.9923 0.873400 0.091656 0.012071
471800 -4160.28662947 571.69665320 0.366472 5.9923 0.873400 0.091656 -0.032725
471900 -4143.77970852 557.91389963 0.357637 5.9923 0.873400 0.091656 0.034343
472000 -4162.58723401 558.30761245 0.357889 5.9923 0.874716 0.093489 -0.030135
472100 -4151.07080928 545.51754449 0.349691 5.9923 0.874716 0.093489 0.010675
472200 -4175.48276669 566.23395519 0.362970 5.9923 0.874716 0.093489 -0.122595
472300 -4138.68538228 561.94749328 0.360223 5.9923 0.874716 0.093489 0.076918
472400 -4174.85839693 595.60722505 0.381800 5.9923 0.874716 0.093489 -0.057186
472500 -4158.72546673 550.95033254 0.353173 5.9872 0.873797 0.091489 -0.023771
472600 -4156.02865291 538.04156162 0.344898 5.9872 0.873797 0.091489 -0.010168
472700 -4148.74228509 549.89807158 0.352499 5.9872 0.873797 0.091489 0.057489
472800 -4150.61805513 552.04399322 0.353874 5.9872 0.873797 0.091489 0.023229
472900 -4158.02811453 568.17474773 0.364215 5.9872 0.873797 0.091489 0.006646
473000 -4154.49398123 580.39653690 0.372049 5.9962 0.871118 0.087551 0.020868
473100 -4153.96769095 581.36935821 0.372673 5.9962 0.871118 0.087551 0.014443
473200 -4152.03065909 558.64270868 0.358104 5.9962 0.871118 0.087551 0.012899
473300 -4161.46403492 567.26438753 0.363631 5.9962 0.871118 0.087551 -0.018086
473400 -4167.02196410 571.51974477 0.366359 5.9962 0.871118 0.087551 -0.050433
473500 -4155.36715361 541.52710887 0.347133 5.9936 0.869135 0.090530 -0.004287
473600 -4165.72766317 564.02129303 0.361552 5.9936 0.869135 0.090530 -0.051954
473700 -4166.76736654 567.19960421 0.363589 5.9936 0.869135 0.090530 -0.020645
473800 -4145.79103240 533.83001261 0.342199 5.9936 0.869135 0.090530 0.059003
473900 -4163.90926547 569.39270463 0.364995 5.9936 0.869135 0.090530 -0.016535
474000 -4145.49770774 575.18280853 0.368707 5.9897 0.867244 0.093254 0.068485
474100 -4144.58570985 562.18917777 0.360378 5.9897 0.867244 0.093254 0.040440
474200 -4164.51176523 568.53579144 0.364446 5.9897 0.867244 0.093254 -0.051566
474300 -4163.44223494 573.73364557 0.367778 5.9897 0.867244 0.093254 -0.036057
474400 -4154.20122397 568.01680095 0.364113 5.9897 0.867244 0.093254 -0.009576
474500 -4162.28737752 566.98960023 0.363455 5.9936 0.874939 0.087913 -0.031815
474600 -4176.15191818 575.13640864 0.368677 5.9936 0.874939 0.087913 -0.100993
474700 -4144.07803217 567.17232249 0.363572 5.9936 0.874939 0.087913 0.064799
474800 -4153.90839909 575.10560636 0.368657 5.9936 0.874939 0.087913 -0.003793
474900 -4136.58128873 556.08227143 0.356463 5.9936 0.874939 0.087913 0.067634
475000 -4130.30424815 566.53365420 0.363163 5.9936 0.867091 0.091858 0.082860
475100 -4125.30302819 567.87567288 0.364023 5.9936 0.867091 0.091858 0.116721
475200 -4148.24259908 574.32471900 0.368157 5.9936 0.867091 0.091858 -0.026706
475300 -4149.75135798 549.96666101 0.352543 5.9936 0.867091 0.091858 -0.047466
475400 -4152.99144296 556.60618063 0.356799 5.9936 0.867091 0.091858 -0.028627
475500 -4140.15318248 572.15412695 0.366765 5.9923 0.870349 0.090757 0.057968
475600 -4152.09615686 581.47102157 0.372738 5.9923 0.870349 0.090757 -0.011472
475700 -4105.77332508 549.66288024 0.352348 5.9923 0.870349 0.090757 0.185854
475800 -4148.31093150 587.91455285 0.376868 5.9923 0.870349 0.090757 -0.016658
475900 -4146.24513241 561.08083410 0.359667 5.9923 0.870349 0.090757 -0.045434
476000 -4156.47088493 541.07680941 0.346844 5.9923 0.867447 0.090238 -0.081554
476100 -4164.41883421 521.16647913 0.334081 5.9923 0.867447 0.090238 -0.090670
476200 -4169.60319022 555.95762126 0.356383 5.9923 0.867447 0.090238 -0.059762
476300 -4148.14440060 554.80710971 0.355646 5.9923 0.867447 0.090238 0.073743
476400 -4154.75920050 564.12862857 0.361621 5.9923 0.867447 0.090238 0.010942
476500 -4149.89550309 556.25461507 0.356573 5.9897 0.871825 0.090796 0.024141
476600 -4157.76203128 559.12160957 0.358411 5.9897 0.871825 0.090796 -0.013875
476700 -4157.68285360 552.23858692 0.353999 5.9897 0.871825 0.090796 -0.007233
476800 -4144.51956881 556.23612327 0.356562 5.9897 0.871825 0.090796 0.056648
476900 -4148.16500509 557.82644092 0.357581 5.9897 0.871825 0.090796 0.022126
477000 -4148.06133430 558.13925905 0.357782 5.9936 0.865038 0.091263 0.031668
477100 -4153.39951161 568.32369678 0.364310 5.9936 0.865038 0.091263 0.004431
477200 -4130.74931798 540.95872432 0.346768 5.9936 0.865038 0.091263 0.114540
477300 -4149.48266197 580.93132427 0.372392 5.9936 0.865038 0.091263 0.002107
477400 -4126.43030400 561.93712866 0.360216 5.9936 0.865038 0.091263 0.104940
477500 -4154.77916059 596.96491135 0.382670 5.9910 0.875914 0.089459 -0.047861
477600 -4147.09749215 553.82694936 0.355017 5.9910 0.875914 0.089459 -0.022806
477700 -4162.73761445 579.63098596 0.371558 5.9910 0.875914 0.089459 -0.059508
477800 -4142.11313965 534.19052942 0.342430 5.9910 0.875914 0.089459 0.021057
477900 -4150.17141743 551.89844444 0.353781 5.9910 0.875914 0.089459 0.002702
478000 -4168.97779657 567.76737964 0.363953 5.9949 0.879566 0.086577 -0.099541
478100 -4149.84990176 574.78803721 0.368454 5.9949 0.879566 0.086577 0.014519
478200 -4139.47626739 552.58547484 0.354221 5.9949 0.879566 0.086577 0.050636
478300 -4156.39697348 576.84552276 0.369773 5.9949 0.879566 0.086577 -0.034734
478400 -4125.01938559 581.05185233 0.372469 5.9949 0.879566 0.086577 0.109251
478500 -4149.03195166 575.58536056 0.368965 5.9936 0.870039 0.090692 -0.035494
478600 -4144.15008039 581.86387218 0.372990 5.9936 0.870039 0.090692 -0.019667
478700 -4141.76833448 579.08230776 0.371207 5.9936 0.870039 0.090692 -0.003299
478800 -4156.12277610 589.22849005 0.377711 5.9936 0.870039 0.090692 -0.062147
478900 -4147.91141192 571.54086836 0.366372 5.9936 0.870039 0.090692 -0.032540
479000 -4134.81746430 578.66139185 0.370937 6.0000 0.865878 0.091960 0.018961
479100 -4137.87265761 583.36757231 0.373954 6.0000 0.865878 0.091960 0.004793
479200 -4131.66991634 579.39472105 0.371407 6.0000 0.865878 0.091960 0.034403
479300 -4108.33134831 550.84323539 0.353105 6.0000 0.865878 0.091960 0.120545
479400 -4136.43676529 574.22148427 0.368091 6.0000 0.865878 0.091960 -0.017400
479500 -4160.80423015 565.06073813 0.362218 5.9936 0.875680 0.086499 -0.166772
479600 -4144.44511658 575.97595376 0.369215 5.9936 0.875680 0.086499 -0.008780
479700 -4140.74761241 559.65969360 0.358756 5.9936 0.875680 0.086499 -0.015464
479800 -4130.56907630 566.33707501 0.363037 5.9936 0.875680 0.086499 0.017130
479900 -4133.07763573 562.42739285 0.360530 5.9936 0.875680 0.086499 0.027943
480000 -4125.78231577 567.50371657 0.363784 5.9910 0.867723 0.092197 0.051260
480100 -4128.64853893 558.43204875 0.357969 5.9910 0.867723 0.092197 0.040027
480200 -4146.06166644 585.74616788 0.375478 5.9910 0.867723 0.092197 -0.061853
480300 -4142.35158289 566.21097182 0.362956 5.9910 0.867723 0.092197 -0.035283
480400 -4128.83653289 550.23889387 0.352717 5.9910 0.867723 0.092197 0.039833
480500 -4136.41616301 568.28392876 0.364285 5.9897 0.860581 0.093130 0.025062
480600 -4135.08500890 569.49377111 0.365060 5.9897 0.860581 0.093130 0.019027
480700 -4126.98109907 523.73042161 0.335725 5.9897 0.860581 0.093130 0.038951
480800 -4170.29811315 551.09564548 0.353266 5.9897 0.860581 0.093130 -0.156985
480900 -4149.65156597 563.62121206 0.361296 5.9897 0.860581 0.093130 0.013530
481000 -4162.33591134 566.94019074 0.363423 5.9949 0.872264 0.088976 -0.063362
481100 -4139.16750246 548.64938751 0.351698 5.9949 0.872264 0.088976 0.041847
481200 -4144.41068112 568.43994523 0.364385 5.9949 0.872264 0.088976 0.026724
481300 -4131.71158845 560.36292736 0.359207 5.9949 0.872264 0.088976 0.080425
481400 -4140.68068101 569.86463105 0.365298 5.9949 0.872264 0.088976 0.041877
481500 -4165.47610234 565.90319214 0.362758 5.9949 0.869545 0.088971 -0.087273
481600 -4164.19432547 549.91716559 0.352511 5.9949 0.869545 0.088971 -0.066655
481700 -4172.45166696 564.69559322 0.361984 5.9949 0.869545 0.088971 -0.066153
481800 -4153.13928383 540.40019081 0.346410 5.9949 0.869545 0.088971 0.030951
481900 -4153.35882555 556.59740776 0.356793 5.9949 0.869545 0.088971 0.022447
482000 -4155.54014257 576.38359206 0.369477 6.0026 0.866366 0.091366 0.004142
482100 -4158.79072271 583.44003159 0.374000 6.0026 0.866366 0.091366 -0.009955
482200 -4146.40273124 584.34275608 0.374579 6.0026 0.866366 0.091366 0.048486
482300 -4160.11090782 560.45787250 0.359268 6.0026 0.866366 0.091366 -0.035806
482400 -4129.13932527 531.20593955 0.340517 6.0026 0.866366 0.091366 0.103320
482500 -4158.32781040 541.91749982 0.347383 5.9987 0.869739 0.089232 -0.020513
482600 -4165.79071879 560.75579391 0.359459 5.9987 0.869739 0.089232 -0.039546
482700 -4151.93173988 581.59774163 0.372819 5.9987 0.869739 0.089232 0.036261
482800 -4141.50721590 559.91091941 0.358917 5.9987 0.869739 0.089232 0.056025
482900 -4145.04119385 560.49717519 0.359293 5.9987 0.869739 0.089232 0.020589
483000 -4193.22647620 566.46448307 0.363118 5.9987 0.885119 0.086521 -0.200270
483100 -4155.82129752 558.47443228 0.357996 5.9987 0.885119 0.086521 -0.007852
483200 -4162.80173301 556.57140528 0.356777 5.9987 0.885119 0.086521 -0.024824
483300 -4151.88907804 559.44481853 0.358618 5.9987 0.885119 0.086521 0.025722
483400 -4139.17486329 536.98692212 0.344222 5.9987 0.885119 0.086521 0.065006
483500 -4136.96667210 564.42660481 0.361812 5.9897 0.873398 0.088802 0.109574
483600 -4138.13277651 568.59877233 0.364486 5.9897 0.873398 0.088802 0.072788
483700 -4150.93580931 554.58233516 0.355501 5.9897 0.873398 0.088802 0.003469
483800 -4158.62796610 557.54037088 0.357398 5.9897 0.873398 0.088802 -0.013398
483900 -4141.43864612 569.76888623 0.365236 5.9897 0.873398 0.088802 0.046706
484000 -4145.70634708 557.68813799 0.357492 5.9897 0.872895 0.091132 0.013571
484100 -4155.60846670 567.31741243 0.363665 5.9897 0.872895 0.091132 -0.023495
484200 -4150.33124809 564.89331365 0.362111 5.9897 0.872895 0.091132 -0.019090
484300 -4156.73672974 576.56124656 0.369591 5.9897 0.872895 0.091132 -0.043052
484400 -4176.34220663 569.07713633 0.364793 5.9897 0.872895 0.091132 -0.117071
484500 -4162.10995915 565.84108535 0.362719 5.9974 0.875064 0.088545 -0.026804
484600 -4154.36807126 553.15502241 0.354587 5.9974 0.875064 0.088545 0.016321
484700 -4156.23778739 534.34702427 0.342530 5.9974 0.875064 0.088545 0.015218
484800 -4152.68782537 548.77584544 0.351779 5.9974 0.875064 0.088545 0.027036
484900 -4156.80182834 562.38132961 0.360501 5.9974 0.875064 0.088545 -0.001815
485000 -4156.82151517 565.54371530 0.362528 5.9936 0.869285 0.090286 0.016984
485100 -4147.61661028 549.94159635 0.352527 5.9936 0.869285 0.090286 0.036748
485200 -4171.95132502 572.66873381 0.367095 5.9936 0.869285 0.090286 -0.081608
485300 -4153.14010255 565.47453633 0.362484 5.9936 0.869285 0.090286 0.034820
485400 -4170.80591755 549.07639561 0.351972 5.9936 0.869285 0.090286 -0.038463
485500 -4167.11149448 550.90980053 0.353147 6.0000 0.877094 0.087700 -0.008280
485600 -4174.00874933 559.14043543 0.358423 6.0000 0.877094 0.087700 -0.027563
485700 -4175.98887814 560.60000789 0.359359 6.0000 0.877094 0.087700 -0.035769
485800 -4191.62342997 572.75038314 0.367148 6.0000 0.877094 0.087700 -0.107073
485900 -4165.00172069 558.36896088 0.357929 6.0000 0.877094 0.087700 0.054128
486000 -4165.95915226 572.56773837 0.367031 5.9949 0.874373 0.089512 0.015761
486100 -4168.92200108 582.94543415 0.373683 5.9949 0.874373 0.089512 -0.002271
486200 -4147.94849171 582.59472022 0.373458 5.9949 0.874373 0.089512 0.085521
486300 -4163.97219536 560.72647137 0.359440 5.9949 0.874373 0.089512 -0.055645
486400 -4152.13279680 550.64536871 0.352978 5.9949 0.874373 0.089512 0.032306
486500 -4164.68257924 575.82471605 0.369118 5.9936 0.871093 0.089771 -0.008706
486600 -4144.90757013 571.38543739 0.366273 5.9936 0.871093 0.089771 0.073009
486700 -4147.10304618 562.05433780 0.360291 5.9936 0.871093 0.089771 0.045466
486800 -4170.52842260 552.54210316 0.354194 5.9936 0.871093 0.089771 -0.083957
486900 -4165.33123143 541.14775458 0.346890 5.9936 0.871093 0.089771 -0.050008
487000 -4157.61659303 577.69611249 0.370318 5.9846 0.871716 0.092479 0.031109
487100 -4151.33456506 573.41938028 0.367577 5.9846 0.871716 0.092479 0.009636
487200 -4132.51676256 547.33968348 0.350859 5.9846 0.871716 0.092479 0.060334
487300 -4168.18027468 577.12531493 0.369952 5.9846 0.871716 0.092479 -0.077045
487400 -4154.66220228 571.89029627 0.366596 5.9846 0.871716 0.092479 0.011618
487500 -4152.83789254 575.51437497 0.368919 5.9910 0.873902 0.088048 -0.004578
487600 -4148.81172949 558.32572806 0.357901 5.9910 0.873902 0.088048 0.016392
487700 -4143.69992096 556.52384568 0.356746 5.9910 0.873902 0.088048 0.018465
487800 -4137.44011997 575.18943198 0.368711 5.9910 0.873902 0.088048 0.043526
487900 -4138.46826144 568.84094108 0.364642 5.9910 0.873902 0.088048 0.035627
488000 -4133.23903636 547.31611035 0.350844 5.9936 0.860883 0.091044 0.036015
488100 -4162.72201470 565.90420457 0.362759 5.9936 0.860883 0.091044 -0.073473
488200 -4160.24192972 565.80937265 0.362698 5.9936 0.860883 0.091044 -0.055318
488300 -4155.12796646 555.70783339 0.356223 5.9936 0.860883 0.091044 -0.014038
488400 -4153.83803542 578.12445865 0.370593 5.9936 0.860883 0.091044 0.000689
488500 -4157.89536008 589.50190517 0.377886 5.9962 0.872210 0.089722 -0.024696
488600 -4137.43339743 567.09427722 0.363522 5.9962 0.872210 0.089722 0.065316
488700 -4140.85516220 543.64785758 0.348492 5.9962 0.872210 0.089722 -0.012591
488800 -4155.05260416 554.90797132 0.355710 5.9962 0.872210 0.089722 -0.032640
488900 -4154.28238666 550.00388690 0.352567 5.9962 0.872210 0.089722 -0.039775
489000 -4169.49342915 563.20569520 0.361029 5.9974 0.876205 0.086894 -0.079594
489100 -4167.65406871 563.38844660 0.361146 5.9974 0.876205 0.086894 -0.046777
489200 -4170.19428119 555.83896148 0.356307 5.9974 0.876205 0.086894 -0.040322
489300 -4182.65142823 555.78895280 0.356275 5.9974 0.876205 0.086894 -0.099336
489400 -4166.44884338 556.60981593 0.356801 5.9974 0.876205 0.086894 0.007426
489500 -4179.15657116 556.06091662 0.356449 5.9949 0.875855 0.088298 -0.089063
489600 -4163.24201474 544.98567553 0.349350 5.9949 0.875855 0.088298 0.019183
489700 -4189.18034127 575.14608701 0.368683 5.9949 0.875855 0.088298 -0.091564
489800 -4167.74028528 565.29210405 0.362367 5.9949 0.875855 0.088298 0.008852
489900 -4143.47039745 535.15377224 0.343047 5.9949 0.875855 0.088298 0.097500
490000 -4196.12624557 567.84442835 0.364003 5.9974 0.885678 0.084819 -0.159849
490100 -4176.45598932 551.48814056 0.353518 5.9974 0.885678 0.084819 -0.037349
490200 -4176.69581738 551.68583346 0.353645 5.9974 0.885678 0.084819 -0.039161
490300 -4151.79552125 543.16910675 0.348185 5.9974 0.885678 0.084819 0.082076
490400 -4152.72413769 530.21431855 0.339881 5.9974 0.885678 0.084819 0.062241
490500 -4181.52887150 538.19415525 0.344996 5.9949 0.876610 0.087270 -0.054019
490600 -4189.84459376 563.47684221 0.361203 5.9949 0.876610 0.087270 -0.073176
490700 -4166.15471600 547.88972741 0.351211 5.9949 0.876610 0.087270 0.018054
490800 -4199.11317161 557.26226900 0.357219 5.9949 0.876610 0.087270 -0.116027
490900 -4189.64168773 529.83638273 0.339639 5.9949 0.876610 0.087270 -0.067196
491000 -4188.14416919 558.03580443 0.357715 5.9949 0.880148 0.086740 -0.000873
491100 -4172.39946869 558.43738529 0.357973 5.9949 0.880148 0.086740 0.057346
491200 -4161.48372269 558.11846434 0.357768 5.9949 0.880148 0.086740 0.100989
491300 -4160.99512891 558.00410004 0.357695 5.9949 0.880148 0.086740 0.080554
491400 -4191.37511295 583.45046074 0.374007 5.9949 0.880148 0.086740 -0.094044
491500 -4158.93955107 548.92245570 0.351873 5.9962 0.872455 0.088202 0.058206
491600 -4168.15440503 582.46255256 0.373373 5.9962 0.872455 0.088202 -0.020117
491700 -4152.21144078 562.22770632 0.360402 5.9962 0.872455 0.088202 0.072931
491800 -4150.11568505 579.61444838 0.371548 5.9962 0.872455 0.088202 0.069910
491900 -4136.35905617 578.24552788 0.370670 5.9962 0.872455 0.088202 0.096516
492000 -4147.97318842 560.54685200 0.359325 5.9987 0.877553 0.088139 -0.010929
492100 -4145.03721000 574.53620976 0.368292 5.9987 0.877553 0.088139 0.035704
492200 -4158.93337439 570.31173040 0.365584 5.9987 0.877553 0.088139 -0.038477
492300 -4162.83560278 561.38039999 0.359859 5.9987 0.877553 0.088139 -0.029166
492400 -4152.93454663 570.03515899 0.365407 5.9987 0.877553 0.088139 0.018109
492500 -4152.20219854 563.65009163 0.361314 5.9885 0.873315 0.089290 0.006589
492600 -4182.82305359 567.33553374 0.363677 5.9885 0.873315 0.089290 -0.121387
492700 -4178.23550317 541.30842993 0.346993 5.9885 0.873315 0.089290 -0.093864
492800 -4159.38828288 558.25689983 0.357857 5.9885 0.873315 0.089290 0.018834
492900 -4182.75461320 566.17766295 0.362934 5.9885 0.873315 0.089290 -0.063678
493000 -4171.22972594 565.55528349 0.362535 5.9949 0.876224 0.087647 -0.027616
493100 -4160.20476424 553.85001457 0.355032 5.9949 0.876224 0.087647 0.036230
493200 -4166.52344666 568.45051065 0.364391 5.9949 0.876224 0.087647 0.006642
493300 -4160.90534080 572.86632938 0.367222 5.9949 0.876224 0.087647 0.035277
493400 -4162.16733870 560.29604470 0.359164 5.9949 0.876224 0.087647 -0.010245
493500 -4141.87833714 566.60659902 0.363209 5.9923 0.867877 0.091937 0.074477
493600 -4145.53695739 569.35728247 0.364973 5.9923 0.867877 0.091937 0.036198
493700 -4132.93983097 578.59508839 0.370894 5.9923 0.867877 0.091937 0.107065
493800 -4133.54673663 570.45594429 0.365677 5.9923 0.867877 0.091937 0.061412
493900 -4153.83309539 570.31727434 0.365588 5.9923 0.867877 0.091937 -0.040765
494000 -4140.46159908 559.26469882 0.358503 5.9936 0.867867 0.090569 0.033629
494100 -4157.56449383 561.95962560 0.360231 5.9936 0.867867 0.090569 -0.063710
494200 -4151.64522063 562.38944500 0.360506 5.9936 0.867867 0.090569 -0.042678
494300 -4148.32635927 548.23441011 0.351432 5.9936 0.867867 0.090569 -0.035739
494400 -4154.83078721 546.24394063 0.350156 5.9936 0.867867 0.090569 -0.029057
494500 -4147.58133393 537.42946386 0.344506 5.9974 0.872226 0.090149 0.017027
494600 -4170.27459480 569.27238673 0.364918 5.9974 0.872226 0.090149 -0.076860
494700 -4152.77743439 574.40104076 0.368206 5.9974 0.872226 0.090149 0.040727
494800 -4165.24210830 573.93299144 0.367906 5.9974 0.872226 0.090149 -0.053223
494900 -4146.86530596 562.45901217 0.360551 5.9974 0.872226 0.090149 0.041910
495000 -4123.66871396 567.37751713 0.363704 5.9936 0.864910 0.091572 0.137766
495100 -4129.72315946 609.10524408 0.390452 5.9936 0.864910 0.091572 0.114748
495200 -4131.89927511 562.82196689 0.360783 5.9936 0.864910 0.091572 0.014484
495300 -4148.17756764 573.83236251 0.367841 5.9936 0.864910 0.091572 -0.059551
495400 -4122.10059633 550.01607439 0.352574 5.9936 0.864910 0.091572 0.075563
495500 -4133.15743656 551.82575570 0.353734 5.9949 0.868707 0.090523 0.005792
495600 -4158.80808808 577.16554785 0.369978 5.9949 0.868707 0.090523 -0.101937
495700 -4151.28347357 567.68025559 0.363898 5.9949 0.868707 0.090523 -0.039994
495800 -4144.24441984 569.35745008 0.364973 5.9949 0.868707 0.090523 0.026309
495900 -4125.53584031 518.44476663 0.332336 5.9949 0.868707 0.090523 0.083205
496000 -4158.52278568 566.35492607 0.363048 5.9936 0.877841 0.089051 -0.044117
496100 -4148.43422518 571.65787540 0.366447 5.9936 0.877841 0.089051 0.021448
496200 -4137.22301992 579.48156974 0.371463 5.9936 0.877841 0.089051 0.049322
496300 -4123.86057983 554.88681810 0.355697 5.9936 0.877841 0.089051 0.089102
496400 -4143.36264086 565.50871820 0.362506 5.9936 0.877841 0.089051 -0.000241
496500 -4137.65382149 579.49462087 0.371471 5.9923 0.869284 0.089429 0.058909
496600 -4145.25802687 566.11105115 0.362892 5.9923 0.869284 0.089429 0.009763
496700 -4146.55167375 558.01169742 0.357700 5.9923 0.869284 0.089429 0.008668
496800 -4150.72959861 561.00880375 0.359621 5.9923 0.869284 0.089429 -0.032915
496900 -4150.36107288 570.51673834 0.365716 5.9923 0.869284 0.089429 -0.025205
497000 -4137.35598525 564.91404320 0.362124 5.9949 0.871530 0.090632 0.053440
497100 -4119.49095584 562.29968408 0.360449 5.9949 0.871530 0.090632 0.118969
497200 -4145.76449804 580.06661478 0.371838 5.9949 0.871530 0.090632 -0.020772
497300 -4133.18862097 549.25359382 0.352086 5.9949 0.871530 0.090632 0.037250
497400 -4146.00002674 580.38984529 0.372045 5.9949 0.871530 0.090632 -0.002459
497500 -4148.01824393 576.23190003 0.369379 5.9885 0.871427 0.090254 0.005014
497600 -4177.86491901 553.92975474 0.355083 5.9885 0.871427 0.090254 -0.195002
497700 -4163.11527143 544.93570347 0.349318 5.9885 0.871427 0.090254 -0.067867
497800 -4156.96504190 541.56361070 0.347156 5.9885 0.871427 0.090254 0.001658
497900 -4171.22838506 554.92665526 0.355722 5.9885 0.871427 0.090254 -0.034074
498000 -4178.21318249 588.51411472 0.377253 5.9936 0.877001 0.088709 -0.055185
498100 -4135.42386554 547.62278459 0.351040 5.9936 0.877001 0.088709 0.128804
498200 -4127.89980701 544.78493986 0.349221 5.9936 0.877001 0.088709 0.132958
498300 -4158.09711000 567.29134421 0.363648 5.9936 0.877001 0.088709 -0.017844
498400 -4133.18710458 571.96410349 0.366644 5.9936 0.877001 0.088709 0.069554
498500 -4154.36832601 601.71853815 0.385717 5.9910 0.871488 0.090671 -0.016389
498600 -4124.67257760 575.91235926 0.369175 5.9910 0.871488 0.090671 0.090332
498700 -4136.63322585 564.57649151 0.361908 5.9910 0.871488 0.090671 -0.008615
498800 -4143.47835290 549.62222450 0.352322 5.9910 0.871488 0.090671 -0.022830
498900 -4147.94899475 583.86229192 0.374271 5.9910 0.871488 0.090671 -0.025238
499000 -4143.23373139 573.86272441 0.367861 5.9949 0.862471 0.091736 0.002811
499100 -4140.90843876 563.26282708 0.361066 5.9949 0.862471 0.091736 0.014891
499200 -4136.09634676 543.99568647 0.348715 5.9949 0.862471 0.091736 0.000316
499300 -4132.51776665 570.40634953 0.365645 5.9949 0.862471 0.091736 0.032868
499400 -4135.21072211 581.11312082 0.372508 5.9949 0.862471 0.091736 0.011025
499500 -4134.47751999 560.71864020 0.359435 5.9987 0.874699 0.090187 0.026071
499600 -4149.92258898 571.22885180 0.366172 5.9987 0.874699 0.090187 -0.053974
499700 -4170.57124523 558.02285322 0.357707 5.9987 0.874699 0.090187 -0.154059
499800 -4149.39166219 549.07804051 0.351973 5.9987 0.874699 0.090187 -0.001834
499900 -4157.01622785 558.80599173 0.358209 5.9987 0.874699 0.090187 -0.007767
