# MD run at T = 0.400000
# input   = perfect_Sigma91_theta10.4174deg.dat
# seed    = 6000023
# N_atoms = 3640
# barostat= 1  P_target = 0.0000
# columns : step PE KE T_inst coord psi6 psi4 P
0 -11449.29480226 1447.28302889 0.397605 6.0000 0.999740 0.004103 0.385825
100 -10536.62362666 972.94654066 0.267293 6.0000 0.999740 0.004103 1.324390
200 -10299.66443658 1120.58546328 0.307853 6.0000 0.999740 0.004103 1.191326
300 -10223.79335162 1226.66061311 0.336995 6.0000 0.999740 0.004103 0.860425
400 -10105.51806312 1298.84328374 0.356825 6.0000 0.999740 0.004103 0.717948
500 -9995.02701177 1290.77277946 0.354608 5.9978 0.903290 0.079606 0.632092
600 -9922.23165777 1317.22234601 0.361874 5.9978 0.903290 0.079606 0.521908
700 -9850.28663980 1347.58166553 0.370215 5.9978 0.903290 0.079606 0.457186
800 -9829.59902783 1403.57976271 0.385599 5.9978 0.903290 0.079606 0.333992
900 -9759.28575938 1335.30939164 0.366843 5.9978 0.903290 0.079606 0.312876
1000 -9746.72957750 1375.91709633 0.377999 5.9973 0.875357 0.087770 0.242990
1100 -9682.23991591 1366.53127711 0.375421 5.9973 0.875357 0.087770 0.265441
1200 -9619.98308634 1409.97845689 0.387357 5.9973 0.875357 0.087770 0.296995
1300 -9651.34528419 1451.39340360 0.398734 5.9973 0.875357 0.087770 0.157215
1400 -9591.75075174 1426.23790419 0.391824 5.9973 0.875357 0.087770 0.190892
1500 -9597.30031099 1457.24645224 0.400342 5.9923 0.864152 0.093952 0.096148
1600 -9527.74664860 1454.73915883 0.399654 5.9923 0.864152 0.093952 0.191505
1700 -9508.79893418 1438.63044091 0.395228 5.9923 0.864152 0.093952 0.141928
1800 -9543.99042133 1453.17840369 0.399225 5.9923 0.864152 0.093952 0.054766
1900 -9505.35510499 1430.99734829 0.393131 5.9923 0.864152 0.093952 0.081157
2000 -9485.66751922 1454.13491414 0.399488 5.9857 0.854255 0.097979 0.112868
2100 -9469.56381805 1454.26883986 0.399524 5.9857 0.854255 0.097979 0.081430
2200 -9457.22481190 1443.16215160 0.396473 5.9857 0.854255 0.097979 0.092598
2300 -9453.20470078 1449.43077165 0.398195 5.9857 0.854255 0.097979 0.060712
2400 -9459.01893598 1450.17819961 0.398401 5.9857 0.854255 0.097979 0.020894
2500 -9455.19684625 1490.75355802 0.409548 5.9786 0.841765 0.100754 0.021543
2600 -9437.58618017 1437.22914897 0.394843 5.9786 0.841765 0.100754 0.022537
2700 -9458.01838035 1456.10245861 0.400028 5.9786 0.841765 0.100754 -0.024132
2800 -9424.71119785 1432.30239160 0.393490 5.9786 0.841765 0.100754 0.021623
2900 -9426.34074682 1449.45071478 0.398201 5.9786 0.841765 0.100754 0.015941
3000 -9409.20258843 1491.37197352 0.409718 5.9830 0.844351 0.101557 0.028031
3100 -9426.18886736 1450.83043852 0.398580 5.9830 0.844351 0.101557 -0.013733
3200 -9420.71461122 1451.52569099 0.398771 5.9830 0.844351 0.101557 -0.011080
3300 -9432.39274266 1426.25381848 0.391828 5.9830 0.844351 0.101557 -0.053159
3400 -9414.97121588 1388.43804602 0.381439 5.9830 0.844351 0.101557 -0.003566
3500 -9475.14920304 1441.47016353 0.396008 5.9824 0.845611 0.101321 -0.111719
3600 -9410.04034267 1420.30217284 0.390193 5.9824 0.845611 0.101321 0.041310
3700 -9427.57583875 1437.89586003 0.395026 5.9824 0.845611 0.101321 -0.003918
3800 -9434.18893449 1439.48146337 0.395462 5.9824 0.845611 0.101321 -0.016232
3900 -9412.38594625 1413.46751370 0.388315 5.9824 0.845611 0.101321 0.035646
4000 -9400.92395155 1440.18109441 0.395654 5.9742 0.838626 0.101626 0.038639
4100 -9400.27005410 1461.12945807 0.401409 5.9742 0.838626 0.101626 0.045704
4200 -9394.21591123 1447.29710148 0.397609 5.9742 0.838626 0.101626 0.020390
4300 -9386.53673354 1439.34739958 0.395425 5.9742 0.838626 0.101626 0.020835
4400 -9392.12757962 1433.20548210 0.393738 5.9742 0.838626 0.101626 0.012010
4500 -9374.62652758 1424.03861515 0.391219 5.9786 0.836278 0.103199 0.060453
4600 -9400.07956052 1464.21827569 0.402258 5.9786 0.836278 0.103199 0.009618
4700 -9401.14396723 1434.76723887 0.394167 5.9786 0.836278 0.103199 -0.006080
4800 -9385.48878146 1444.68388309 0.396891 5.9786 0.836278 0.103199 0.027795
4900 -9403.60751613 1450.71520731 0.398548 5.9786 0.836278 0.103199 -0.017205
5000 -9359.63742528 1470.99498117 0.404120 5.9802 0.833185 0.104083 0.054403
5100 -9373.82361663 1470.56097330 0.404000 5.9802 0.833185 0.104083 0.009306
5200 -9367.41725207 1472.06408790 0.404413 5.9802 0.833185 0.104083 -0.008792
5300 -9359.89276754 1451.37393620 0.398729 5.9802 0.833185 0.104083 0.009233
5400 -9339.07386458 1434.02451767 0.393963 5.9802 0.833185 0.104083 0.058371
5500 -9353.89948284 1472.22050829 0.404456 5.9786 0.829635 0.102560 0.006180
5600 -9336.83568361 1458.05484670 0.400565 5.9786 0.829635 0.102560 0.056919
5700 -9360.19600454 1432.30281500 0.393490 5.9786 0.829635 0.102560 -0.014004
5800 -9329.30735600 1422.78836162 0.390876 5.9786 0.829635 0.102560 0.027273
5900 -9354.25888714 1458.88410054 0.400792 5.9786 0.829635 0.102560 -0.012150
6000 -9348.61955385 1383.99235009 0.380218 5.9731 0.832730 0.104432 0.009478
6100 -9382.92163171 1422.12680451 0.390694 5.9731 0.832730 0.104432 -0.022837
6200 -9346.90905824 1399.66420592 0.384523 5.9731 0.832730 0.104432 0.061937
6300 -9378.73586798 1440.94450067 0.395864 5.9731 0.832730 0.104432 0.008969
6400 -9375.54204867 1422.27924746 0.390736 5.9731 0.832730 0.104432 0.022578
6500 -9385.56663654 1466.55001762 0.402898 5.9753 0.833048 0.104146 -0.024353
6600 -9395.46458586 1468.14846067 0.403337 5.9753 0.833048 0.104146 -0.042731
6700 -9389.18601237 1466.12751654 0.402782 5.9753 0.833048 0.104146 -0.036572
6800 -9364.42670614 1423.20340417 0.390990 5.9753 0.833048 0.104146 0.022315
6900 -9375.02709553 1425.82966124 0.391711 5.9753 0.833048 0.104146 -0.000420
7000 -9380.12502068 1476.37891865 0.405599 5.9791 0.834404 0.103493 -0.001352
7100 -9359.03284667 1476.56483862 0.405650 5.9791 0.834404 0.103493 0.034482
7200 -9379.76319980 1477.85258918 0.406003 5.9791 0.834404 0.103493 -0.040421
7300 -9363.90386254 1445.27942010 0.397055 5.9791 0.834404 0.103493 -0.000886
7400 -9401.02604162 1438.52224410 0.395198 5.9791 0.834404 0.103493 -0.072984
7500 -9385.09370775 1461.41133850 0.401487 5.9698 0.832787 0.103698 -0.027015
7600 -9391.87997342 1468.03106134 0.403305 5.9698 0.832787 0.103698 -0.026280
7700 -9346.13927817 1439.37620633 0.395433 5.9698 0.832787 0.103698 0.051196
7800 -9322.10180284 1426.61601084 0.391927 5.9698 0.832787 0.103698 0.074909
7900 -9365.19732073 1430.68358277 0.393045 5.9698 0.832787 0.103698 -0.024290
8000 -9363.03952243 1452.80820239 0.399123 5.9758 0.833264 0.105018 -0.002836
8100 -9368.25359370 1493.25358085 0.410235 5.9758 0.833264 0.105018 -0.015574
8200 -9380.33446573 1456.07111606 0.400020 5.9758 0.833264 0.105018 -0.041334
8300 -9356.43571684 1441.43583875 0.395999 5.9758 0.833264 0.105018 0.011879
8400 -9342.18150106 1463.08912491 0.401948 5.9758 0.833264 0.105018 0.033746
8500 -9360.34146096 1469.87141826 0.403811 5.9769 0.828511 0.103082 -0.037323
8600 -9334.39772746 1443.07001553 0.396448 5.9769 0.828511 0.103082 0.032942
8700 -9368.49243198 1443.43481418 0.396548 5.9769 0.828511 0.103082 -0.054711
8800 -9386.14727541 1458.22877434 0.400612 5.9769 0.828511 0.103082 -0.065342
8900 -9367.37653754 1432.12443408 0.393441 5.9769 0.828511 0.103082 -0.003675
9000 -9384.65869961 1475.92735241 0.405475 5.9731 0.831710 0.104585 -0.011099
9100 -9333.94497341 1435.23199009 0.394295 5.9731 0.831710 0.104585 0.066610
9200 -9381.48200999 1447.67042047 0.397712 5.9731 0.831710 0.104585 -0.045898
9300 -9359.35240369 1482.02641589 0.407150 5.9731 0.831710 0.104585 0.029609
9400 -9369.86961737 1451.72814340 0.398826 5.9731 0.831710 0.104585 -0.028197
9500 -9364.22884029 1456.24818427 0.400068 5.9824 0.831408 0.103917 -0.003268
9600 -9348.96402041 1482.13687465 0.407180 5.9824 0.831408 0.103917 0.026391
9700 -9361.78004822 1430.82940639 0.393085 5.9824 0.831408 0.103917 0.000044
9800 -9387.03628245 1470.01360415 0.403850 5.9824 0.831408 0.103917 -0.058916
9900 -9383.20111049 1415.24982101 0.388805 5.9824 0.831408 0.103917 -0.042181
10000 -9397.75379963 1405.12167539 0.386022 5.9764 0.837831 0.102301 -0.042364
10100 -9379.14422517 1423.80187633 0.391154 5.9764 0.837831 0.102301 0.007515
10200 -9363.54873928 1437.97820877 0.395049 5.9764 0.837831 0.102301 0.031175
10300 -9371.26897228 1468.90055803 0.403544 5.9764 0.837831 0.102301 0.014921
10400 -9349.63233916 1444.33339815 0.396795 5.9764 0.837831 0.102301 0.042809
10500 -9364.29007110 1456.54910711 0.400151 5.9775 0.835489 0.103095 0.021150
10600 -9381.50610869 1449.97837083 0.398346 5.9775 0.835489 0.103095 -0.008355
10700 -9404.45113664 1448.69495819 0.397993 5.9775 0.835489 0.103095 -0.054028
10800 -9400.07891490 1447.80015202 0.397747 5.9775 0.835489 0.103095 -0.048010
10900 -9393.84954195 1449.11752347 0.398109 5.9775 0.835489 0.103095 -0.021163
11000 -9396.52212337 1466.51827236 0.402890 5.9841 0.837961 0.102746 -0.029897
11100 -9369.10702571 1442.66376507 0.396336 5.9841 0.837961 0.102746 0.040393
11200 -9369.34050618 1461.81710703 0.401598 5.9841 0.837961 0.102746 0.005016
11300 -9363.52701225 1487.02685520 0.408524 5.9841 0.837961 0.102746 0.016890
11400 -9370.36135694 1447.06876692 0.397546 5.9841 0.837961 0.102746 -0.015861
11500 -9383.88267807 1488.31338590 0.408877 5.9764 0.835586 0.102637 -0.010793
11600 -9368.52756532 1456.04252363 0.400012 5.9764 0.835586 0.102637 0.012692
11700 -9337.87806959 1472.74411900 0.404600 5.9764 0.835586 0.102637 0.054635
11800 -9343.19227804 1463.20843298 0.401980 5.9764 0.835586 0.102637 0.034976
11900 -9357.39881219 1490.13389715 0.409377 5.9764 0.835586 0.102637 0.008047
12000 -9337.77576485 1411.05775548 0.387653 5.9747 0.827754 0.106117 0.029516
12100 -9354.12428727 1417.98386662 0.389556 5.9747 0.827754 0.106117 -0.029079
12200 -9372.19808580 1426.75112733 0.391965 5.9747 0.827754 0.106117 -0.051534
12300 -9400.49771127 1468.74620640 0.403502 5.9747 0.827754 0.106117 -0.075838
12400 -9362.56870558 1428.13972863 0.392346 5.9747 0.827754 0.106117 -0.008110
12500 -9337.15947015 1435.60935300 0.394398 5.9731 0.830016 0.104583 0.055194
12600 -9310.81046441 1440.54201206 0.395753 5.9731 0.830016 0.104583 0.120242
12700 -9322.29921428 1439.10517257 0.395359 5.9731 0.830016 0.104583 0.071790
12800 -9360.75062555 1455.57733889 0.399884 5.9731 0.830016 0.104583 -0.013380
12900 -9351.20938030 1480.00898993 0.406596 5.9731 0.830016 0.104583 0.001453
13000 -9341.34181706 1454.35780649 0.399549 5.9775 0.829683 0.105442 0.007894
13100 -9342.59854111 1460.37803261 0.401203 5.9775 0.829683 0.105442 0.006162
13200 -9362.59664750 1460.21001086 0.401157 5.9775 0.829683 0.105442 -0.046780
13300 -9354.79236310 1455.79439962 0.399944 5.9775 0.829683 0.105442 -0.011549
13400 -9347.28693625 1459.69408204 0.401015 5.9775 0.829683 0.105442 -0.005472
13500 -9313.09963248 1464.10636467 0.402227 5.9863 0.826804 0.105780 0.041780
13600 -9329.70342972 1464.45383840 0.402322 5.9863 0.826804 0.105780 0.000794
13700 -9308.29572370 1480.54737638 0.406744 5.9863 0.826804 0.105780 0.048538
13800 -9331.17621044 1459.79612651 0.401043 5.9863 0.826804 0.105780 0.006206
13900 -9322.05800935 1474.36798346 0.405046 5.9863 0.826804 0.105780 0.018709
14000 -9316.17114142 1453.88414518 0.399419 5.9654 0.826042 0.106456 0.036599
14100 -9340.70648049 1456.33389926 0.400092 5.9654 0.826042 0.106456 -0.031220
14200 -9346.73801290 1430.09865205 0.392884 5.9654 0.826042 0.106456 -0.035383
14300 -9372.57402320 1450.08585208 0.398375 5.9654 0.826042 0.106456 -0.063833
14400 -9369.38597558 1455.53114920 0.399871 5.9654 0.826042 0.106456 -0.055373
14500 -9347.83538274 1488.08972386 0.408816 5.9786 0.833497 0.104361 0.015105
14600 -9326.01924478 1463.70604012 0.402117 5.9786 0.833497 0.104361 0.029079
14700 -9331.22267977 1471.22549200 0.404183 5.9786 0.833497 0.104361 -0.003729
14800 -9313.05934764 1470.45814436 0.403972 5.9786 0.833497 0.104361 0.044443
14900 -9314.60286557 1466.24122251 0.402814 5.9786 0.833497 0.104361 0.042603
15000 -9302.27669531 1475.94220132 0.405479 5.9747 0.824206 0.106213 0.062265
15100 -9326.89936998 1465.62618648 0.402645 5.9747 0.824206 0.106213 -0.018044
15200 -9323.75752837 1449.52395061 0.398221 5.9747 0.824206 0.106213 0.002547
15300 -9333.73202274 1466.01538415 0.402751 5.9747 0.824206 0.106213 0.000670
15400 -9340.58668579 1460.04780299 0.401112 5.9747 0.824206 0.106213 -0.022982
15500 -9340.61301067 1447.65115310 0.397706 5.9725 0.823425 0.105501 -0.009560
15600 -9349.51641386 1428.31423928 0.392394 5.9725 0.823425 0.105501 -0.051864
15700 -9375.00784566 1458.95140266 0.400811 5.9725 0.823425 0.105501 -0.077670
15800 -9347.27600485 1466.90279985 0.402995 5.9725 0.823425 0.105501 -0.011248
15900 -9332.34035563 1452.07641224 0.398922 5.9725 0.823425 0.105501 0.031843
16000 -9359.20788965 1447.16257347 0.397572 5.9780 0.834620 0.103499 -0.015562
16100 -9331.89589349 1458.57681528 0.400708 5.9780 0.834620 0.103499 0.050371
16200 -9354.78871328 1470.16768365 0.403892 5.9780 0.834620 0.103499 -0.023335
16300 -9343.89192124 1443.74973243 0.396635 5.9780 0.834620 0.103499 -0.016165
16400 -9382.62900040 1502.45113883 0.412761 5.9780 0.834620 0.103499 -0.086835
16500 -9335.30685022 1442.39277252 0.396262 5.9819 0.833000 0.103601 0.008828
16600 -9360.48086507 1443.63285779 0.396602 5.9819 0.833000 0.103601 -0.023825
16700 -9340.13269874 1436.68646790 0.394694 5.9819 0.833000 0.103601 0.039286
16800 -9394.09017265 1465.96651751 0.402738 5.9819 0.833000 0.103601 -0.081151
16900 -9383.50036699 1458.97932220 0.400818 5.9819 0.833000 0.103601 -0.063557
17000 -9388.34749412 1457.46056157 0.400401 5.9769 0.835608 0.103534 -0.048802
17100 -9388.89682512 1446.40622474 0.397364 5.9769 0.835608 0.103534 -0.032515
17200 -9371.10333542 1429.10180083 0.392610 5.9769 0.835608 0.103534 -0.002074
17300 -9357.84118103 1457.77542536 0.400488 5.9769 0.835608 0.103534 0.009846
17400 -9358.17301687 1471.91882083 0.404373 5.9769 0.835608 0.103534 0.025083
17500 -9341.53131177 1488.96699661 0.409057 5.9797 0.826679 0.104651 0.051963
17600 -9331.12601297 1446.31119579 0.397338 5.9797 0.826679 0.104651 0.039994
17700 -9394.55624638 1475.27783980 0.405296 5.9797 0.826679 0.104651 -0.087090
17800 -9394.82853893 1460.51144280 0.401239 5.9797 0.826679 0.104651 -0.047741
17900 -9363.76439565 1420.37984772 0.390214 5.9797 0.826679 0.104651 -0.009486
18000 -9379.01923648 1409.56532168 0.387243 5.9846 0.839420 0.102315 -0.041800
18100 -9391.62068998 1412.83958268 0.388143 5.9846 0.839420 0.102315 -0.024710
18200 -9415.64651076 1423.70580285 0.391128 5.9846 0.839420 0.102315 -0.050470
18300 -9438.73519426 1457.33057213 0.400366 5.9846 0.839420 0.102315 -0.076444
18400 -9427.25658908 1408.66174987 0.386995 5.9846 0.839420 0.102315 -0.040671
18500 -9424.40448315 1461.45310347 0.401498 5.9863 0.841365 0.100607 -0.023915
18600 -9376.80254338 1435.35247899 0.394328 5.9863 0.841365 0.100607 0.055233
18700 -9403.52897538 1437.06674256 0.394799 5.9863 0.841365 0.100607 -0.001182
18800 -9397.81238269 1474.01899761 0.404950 5.9863 0.841365 0.100607 0.021275
18900 -9416.19255441 1451.65812504 0.398807 5.9863 0.841365 0.100607 -0.026287
19000 -9425.33088810 1420.04020984 0.390121 5.9890 0.841422 0.100456 -0.056420
19100 -9420.05176183 1421.53419133 0.390531 5.9890 0.841422 0.100456 -0.013394
19200 -9446.29312826 1440.74028611 0.395808 5.9890 0.841422 0.100456 -0.075279
19300 -9433.21245637 1483.28835509 0.407497 5.9890 0.841422 0.100456 -0.033279
19400 -9408.75999234 1447.39397162 0.397636 5.9890 0.841422 0.100456 0.001868
19500 -9407.87873701 1426.44805565 0.391881 5.9813 0.839385 0.100830 0.026824
19600 -9390.63674979 1430.26997012 0.392931 5.9813 0.839385 0.100830 0.039784
19700 -9380.19516717 1438.26294094 0.395127 5.9813 0.839385 0.100830 0.043457
19800 -9398.45764910 1414.93290697 0.388718 5.9813 0.839385 0.100830 0.010996
19900 -9401.15081310 1473.65008509 0.404849 5.9813 0.839385 0.100830 0.013712
20000 -9400.39733116 1464.50016919 0.402335 5.9857 0.840017 0.101569 0.001436
20100 -9408.34464754 1430.55995040 0.393011 5.9857 0.840017 0.101569 -0.036073
20200 -9406.44830108 1415.38034863 0.388841 5.9857 0.840017 0.101569 -0.018553
20300 -9389.83318476 1443.12919332 0.396464 5.9857 0.840017 0.101569 0.034616
20400 -9389.78669109 1445.47198703 0.397108 5.9857 0.840017 0.101569 0.035096
20500 -9417.45762340 1434.43856823 0.394077 5.9835 0.846496 0.098984 -0.060853
20600 -9413.12987000 1428.68287452 0.392495 5.9835 0.846496 0.098984 -0.026571
20700 -9399.52657527 1464.87187521 0.402437 5.9835 0.846496 0.098984 0.007763
20800 -9384.44134502 1442.99905214 0.396428 5.9835 0.846496 0.098984 0.022802
20900 -9386.18087959 1454.47966323 0.399582 5.9835 0.846496 0.098984 0.029340
21000 -9352.40967505 1467.26004651 0.403093 5.9791 0.834259 0.104181 0.075121
21100 -9391.61399492 1495.74148915 0.410918 5.9791 0.834259 0.104181 -0.020685
21200 -9362.53305285 1450.21229841 0.398410 5.9791 0.834259 0.104181 0.039105
21300 -9399.99180614 1503.98492190 0.413183 5.9791 0.834259 0.104181 -0.050087
21400 -9361.22905739 1484.75139633 0.407899 5.9791 0.834259 0.104181 0.029982
21500 -9348.92875694 1422.53796651 0.390807 5.9676 0.830747 0.105853 0.049532
21600 -9382.03320202 1445.93926387 0.397236 5.9676 0.830747 0.105853 -0.026245
21700 -9368.99873471 1428.51106681 0.392448 5.9676 0.830747 0.105853 -0.019322
21800 -9364.50640757 1482.00369476 0.407144 5.9676 0.830747 0.105853 0.013865
21900 -9362.49995234 1449.63535502 0.398251 5.9676 0.830747 0.105853 0.010631
22000 -9325.25664614 1413.18089513 0.388237 5.9742 0.827627 0.105101 0.096048
22100 -9330.07737319 1478.03032097 0.406052 5.9742 0.827627 0.105101 0.061355
22200 -9367.63193338 1483.53275199 0.407564 5.9742 0.827627 0.105101 -0.009009
22300 -9364.41464378 1462.63408814 0.401823 5.9742 0.827627 0.105101 -0.012288
22400 -9328.09123715 1429.59196909 0.392745 5.9742 0.827627 0.105101 0.042757
22500 -9334.74830856 1405.67632528 0.386175 5.9769 0.834182 0.104121 0.039173
22600 -9371.07964457 1448.54682064 0.397952 5.9769 0.834182 0.104121 -0.017339
22700 -9367.07996820 1474.79199698 0.405163 5.9769 0.834182 0.104121 -0.013762
22800 -9408.46216119 1484.83397101 0.407921 5.9769 0.834182 0.104121 -0.095313
22900 -9361.90194167 1444.24053105 0.396769 5.9769 0.834182 0.104121 -0.002043
23000 -9347.92853311 1451.74771636 0.398832 5.9819 0.831669 0.103321 0.052536
23100 -9341.99486889 1443.49675810 0.396565 5.9819 0.831669 0.103321 0.047716
23200 -9389.40929278 1461.14318179 0.401413 5.9819 0.831669 0.103321 -0.049312
23300 -9381.22093873 1469.67834370 0.403758 5.9819 0.831669 0.103321 -0.016101
23400 -9366.15702076 1421.56964890 0.390541 5.9819 0.831669 0.103321 0.004973
23500 -9411.74559685 1456.30691692 0.400084 5.9791 0.843576 0.102863 -0.088701
23600 -9377.44308452 1429.22861544 0.392645 5.9791 0.843576 0.102863 -0.001930
23700 -9347.03004152 1409.38541876 0.387194 5.9791 0.843576 0.102863 0.052747
23800 -9406.01637692 1439.52162940 0.395473 5.9791 0.843576 0.102863 -0.061610
23900 -9389.96487220 1484.33009787 0.407783 5.9791 0.843576 0.102863 -0.029278
24000 -9353.56865202 1417.62406773 0.389457 5.9780 0.832371 0.103101 0.051180
24100 -9382.69133058 1461.99053442 0.401646 5.9780 0.832371 0.103101 -0.017079
24200 -9399.35267459 1462.15163230 0.401690 5.9780 0.832371 0.103101 -0.025541
24300 -9400.38271866 1484.78677986 0.407908 5.9780 0.832371 0.103101 -0.040949
24400 -9398.40638352 1445.65273020 0.397157 5.9780 0.832371 0.103101 -0.033758
24500 -9394.10993619 1409.94052317 0.387346 5.9846 0.841093 0.103174 -0.029791
24600 -9351.46829969 1424.18254801 0.391259 5.9846 0.841093 0.103174 0.074857
24700 -9379.00376387 1449.43098859 0.398195 5.9846 0.841093 0.103174 -0.000829
24800 -9383.26978084 1444.87522765 0.396944 5.9846 0.841093 0.103174 -0.000798
24900 -9424.42118796 1504.00863324 0.413189 5.9846 0.841093 0.103174 -0.087232
25000 -9358.28058599 1450.61632217 0.398521 5.9736 0.830729 0.104818 0.055025
25100 -9371.84458248 1451.80557645 0.398848 5.9736 0.830729 0.104818 0.012561
25200 -9388.68655423 1451.79035256 0.398844 5.9736 0.830729 0.104818 -0.045020
25300 -9380.66626577 1436.64390656 0.394682 5.9736 0.830729 0.104818 -0.012860
25400 -9366.58490349 1454.14413626 0.399490 5.9736 0.830729 0.104818 0.025737
25500 -9356.41340075 1402.12284371 0.385199 5.9863 0.836117 0.102479 0.028965
25600 -9401.21456544 1455.29591024 0.399807 5.9863 0.836117 0.102479 -0.027507
25700 -9412.84717070 1465.72031284 0.402670 5.9863 0.836117 0.102479 -0.033392
25800 -9385.62133582 1471.14554750 0.404161 5.9863 0.836117 0.102479 0.012927
25900 -9363.08929249 1454.06715680 0.399469 5.9863 0.836117 0.102479 0.021946
26000 -9381.53397386 1474.90488370 0.405194 5.9797 0.836338 0.102067 -0.009951
26100 -9363.55540056 1460.54644327 0.401249 5.9797 0.836338 0.102067 0.034779
26200 -9379.89095877 1495.94564682 0.410974 5.9797 0.836338 0.102067 -0.021635
26300 -9345.39853283 1479.17611205 0.406367 5.9797 0.836338 0.102067 0.055603
26400 -9362.60868904 1485.39399561 0.408075 5.9797 0.836338 0.102067 0.017684
26500 -9360.05683220 1457.90774766 0.400524 5.9780 0.837957 0.104141 -0.019368
26600 -9363.73001859 1469.21806633 0.403631 5.9780 0.837957 0.104141 -0.011015
26700 -9367.59257718 1473.62816599 0.404843 5.9780 0.837957 0.104141 -0.021762
26800 -9384.27036854 1425.54665948 0.391634 5.9780 0.837957 0.104141 -0.058181
26900 -9402.78411249 1481.11682997 0.406900 5.9780 0.837957 0.104141 -0.063444
27000 -9408.96878571 1489.20187000 0.409121 5.9830 0.832825 0.101282 -0.061866
27100 -9375.36739236 1443.93099314 0.396684 5.9830 0.832825 0.101282 0.018137
27200 -9393.55112323 1461.79476103 0.401592 5.9830 0.832825 0.101282 -0.035763
27300 -9403.69336561 1460.35944299 0.401198 5.9830 0.832825 0.101282 -0.044191
27400 -9391.40576844 1427.27433329 0.392108 5.9830 0.832825 0.101282 -0.026910
27500 -9371.93082822 1434.03958301 0.393967 5.9769 0.832969 0.102926 0.027736
27600 -9374.75384201 1435.08826789 0.394255 5.9769 0.832969 0.102926 0.032327
27700 -9360.85340966 1466.86557371 0.402985 5.9769 0.832969 0.102926 0.028683
27800 -9364.32855276 1475.42955745 0.405338 5.9769 0.832969 0.102926 0.031360
27900 -9352.22455474 1477.34650762 0.405864 5.9769 0.832969 0.102926 0.008896
28000 -9356.03143624 1459.16415616 0.400869 5.9819 0.830664 0.103005 0.011955
28100 -9379.63074678 1493.21721879 0.410225 5.9819 0.830664 0.103005 -0.040833
28200 -9385.00338042 1469.68949972 0.403761 5.9819 0.830664 0.103005 -0.027991
28300 -9352.63333529 1418.67719935 0.389746 5.9819 0.830664 0.103005 0.023384
28400 -9387.36396709 1439.81411745 0.395553 5.9819 0.830664 0.103005 -0.042923
28500 -9378.38253994 1448.79748323 0.398021 5.9852 0.838987 0.101748 -0.012676
28600 -9355.60211162 1476.31610587 0.405581 5.9852 0.838987 0.101748 0.021193
28700 -9353.11897087 1459.16626555 0.400870 5.9852 0.838987 0.101748 0.026171
28800 -9374.98829957 1482.62042151 0.407313 5.9852 0.838987 0.101748 -0.009928
28900 -9366.65706714 1450.14926189 0.398393 5.9852 0.838987 0.101748 -0.009593
29000 -9366.46609205 1479.62385770 0.406490 5.9819 0.835935 0.103314 -0.003297
29100 -9391.05389489 1460.88308547 0.401342 5.9819 0.835935 0.103314 -0.056336
29200 -9330.64093541 1412.03195180 0.387921 5.9819 0.835935 0.103314 0.062346
29300 -9380.22536545 1419.08133085 0.389858 5.9819 0.835935 0.103314 0.008793
29400 -9373.39329823 1455.76859797 0.399936 5.9819 0.835935 0.103314 -0.004447
29500 -9342.76582768 1458.87278048 0.400789 5.9797 0.829579 0.105246 0.069718
29600 -9354.08157559 1478.67581288 0.406230 5.9797 0.829579 0.105246 0.019671
29700 -9373.10231142 1440.23254746 0.395668 5.9797 0.829579 0.105246 -0.043437
29800 -9368.83195888 1442.64064480 0.396330 5.9797 0.829579 0.105246 -0.021570
29900 -9378.61650075 1474.57276707 0.405102 5.9797 0.829579 0.105246 -0.025896
30000 -9360.05886361 1464.54535541 0.402348 5.9802 0.835442 0.102301 0.030226
30100 -9353.39579315 1450.84368514 0.398583 5.9802 0.835442 0.102301 0.016422
30200 -9376.72361724 1468.24363766 0.403364 5.9802 0.835442 0.102301 -0.026401
30300 -9372.64434210 1444.02160970 0.396709 5.9802 0.835442 0.102301 -0.006891
30400 -9392.42715340 1463.18814521 0.401975 5.9802 0.835442 0.102301 -0.060042
30500 -9369.19480335 1440.25480259 0.395674 5.9819 0.840084 0.101936 0.005627
30600 -9392.60213971 1458.41915533 0.400665 5.9819 0.840084 0.101936 -0.035260
30700 -9391.49017369 1421.80789081 0.390607 5.9819 0.840084 0.101936 -0.027158
30800 -9406.61689194 1426.56312097 0.391913 5.9819 0.840084 0.101936 -0.046103
30900 -9400.69240852 1458.98929724 0.400821 5.9819 0.840084 0.101936 -0.011100
31000 -9380.20662975 1459.56316283 0.400979 5.9775 0.838577 0.103161 0.015543
31100 -9374.33193997 1458.45273790 0.400674 5.9775 0.838577 0.103161 0.012700
31200 -9369.56512936 1457.58950900 0.400437 5.9775 0.838577 0.103161 0.029998
31300 -9388.62656886 1432.09411184 0.393432 5.9775 0.838577 0.103161 -0.016442
31400 -9360.06976097 1413.97506469 0.388455 5.9775 0.838577 0.103161 0.019244
31500 -9436.31763999 1443.23571106 0.396493 5.9813 0.840419 0.102294 -0.101183
31600 -9411.47064826 1392.26957795 0.382492 5.9813 0.840419 0.102294 -0.049665
31700 -9408.97210416 1451.98461115 0.398897 5.9813 0.840419 0.102294 -0.001325
31800 -9386.28805917 1473.91165952 0.404921 5.9813 0.840419 0.102294 0.031329
31900 -9402.12990430 1449.44353486 0.398199 5.9813 0.840419 0.102294 -0.017033
32000 -9429.10323397 1445.05401355 0.396993 5.9786 0.839078 0.101636 -0.078979
32100 -9441.47090569 1440.70641816 0.395798 5.9786 0.839078 0.101636 -0.092534
32200 -9429.57094092 1433.76537352 0.393892 5.9786 0.839078 0.101636 -0.049207
32300 -9431.92822819 1470.21274863 0.403905 5.9786 0.839078 0.101636 -0.036980
32400 -9413.51003165 1435.69772760 0.394422 5.9786 0.839078 0.101636 0.011437
32500 -9425.93727620 1431.41592509 0.393246 5.9885 0.846233 0.099071 -0.005449
32600 -9430.45187523 1459.69444982 0.401015 5.9885 0.846233 0.099071 -0.025846
32700 -9429.42905661 1441.33555545 0.395971 5.9885 0.846233 0.099071 -0.041666
32800 -9441.03542014 1459.21057854 0.400882 5.9885 0.846233 0.099071 -0.034023
32900 -9428.25463649 1416.65621556 0.389191 5.9885 0.846233 0.099071 -0.009158
33000 -9436.34939170 1481.46893613 0.406997 5.9830 0.841161 0.099300 -0.039695
33100 -9360.20207421 1448.21496605 0.397861 5.9830 0.841161 0.099300 0.105290
33200 -9395.73457933 1463.83831123 0.402153 5.9830 0.841161 0.099300 0.009684
33300 -9402.65024016 1458.52004630 0.400692 5.9830 0.841161 0.099300 -0.004414
33400 -9382.47693452 1472.96748886 0.404661 5.9830 0.841161 0.099300 0.033330
33500 -9360.97279718 1493.23642712 0.410230 5.9830 0.832475 0.103233 0.075483
33600 -9352.70645503 1478.83757891 0.406274 5.9830 0.832475 0.103233 0.044048
33700 -9318.68536901 1460.28581422 0.401177 5.9830 0.832475 0.103233 0.092809
33800 -9324.10244529 1467.45891835 0.403148 5.9830 0.832475 0.103233 0.059101
33900 -9374.51351410 1473.82107472 0.404896 5.9830 0.832475 0.103233 -0.050404
34000 -9375.52754139 1454.95130533 0.399712 5.9731 0.835807 0.103384 -0.047668
34100 -9409.83622900 1462.45558811 0.401774 5.9731 0.835807 0.103384 -0.113733
34200 -9380.00102024 1420.98021212 0.390379 5.9731 0.835807 0.103384 -0.035385
34300 -9391.84975910 1448.97555000 0.398070 5.9731 0.835807 0.103384 -0.052958
34400 -9387.39043060 1471.71022404 0.404316 5.9731 0.835807 0.103384 -0.010593
34500 -9405.76092754 1431.65274036 0.393311 5.9874 0.840241 0.100295 -0.053382
34600 -9390.84451306 1451.03554563 0.398636 5.9874 0.840241 0.100295 -0.003233
34700 -9361.96753907 1461.84611825 0.401606 5.9874 0.840241 0.100295 0.035212
34800 -9408.74657122 1458.37468224 0.400652 5.9874 0.840241 0.100295 -0.052957
34900 -9408.57348590 1410.04208064 0.387374 5.9874 0.840241 0.100295 -0.035833
35000 -9386.60418487 1411.98273190 0.387907 5.9747 0.836044 0.102147 -0.004444
35100 -9383.91058349 1414.68496101 0.388650 5.9747 0.836044 0.102147 0.017859
35200 -9394.54169975 1455.05199570 0.399740 5.9747 0.836044 0.102147 0.001283
35300 -9414.27600876 1486.33904696 0.408335 5.9747 0.836044 0.102147 -0.036175
35400 -9382.12759811 1437.29773292 0.394862 5.9747 0.836044 0.102147 0.028961
35500 -9404.86171275 1445.00098008 0.396978 5.9764 0.841739 0.101263 -0.018000
35600 -9383.47741315 1387.37453313 0.381147 5.9764 0.841739 0.101263 0.014527
35700 -9440.23029414 1452.14878925 0.398942 5.9764 0.841739 0.101263 -0.076939
35800 -9404.64309955 1434.50090791 0.394094 5.9764 0.841739 0.101263 -0.002915
35900 -9430.01436700 1470.52548712 0.403991 5.9764 0.841739 0.101263 -0.032698
36000 -9398.88682541 1445.64157075 0.397154 5.9824 0.835316 0.104015 0.014473
36100 -9377.15063166 1467.62654387 0.403194 5.9824 0.835316 0.104015 0.048101
36200 -9388.54961811 1449.08536362 0.398100 5.9824 0.835316 0.104015 0.003853
36300 -9360.63214944 1452.94408117 0.399160 5.9824 0.835316 0.104015 0.065578
36400 -9335.76392853 1446.81234730 0.397476 5.9824 0.835316 0.104015 0.099322
36500 -9386.15304785 1481.57829434 0.407027 5.9802 0.837321 0.102145 -0.010285
36600 -9350.43357793 1478.03523806 0.406054 5.9802 0.837321 0.102145 0.054234
36700 -9326.67825823 1454.71805052 0.399648 5.9802 0.837321 0.102145 0.076694
36800 -9338.87662804 1463.63627725 0.402098 5.9802 0.837321 0.102145 0.020679
36900 -9327.85880234 1454.88869178 0.399695 5.9802 0.837321 0.102145 0.036397
37000 -9335.29455194 1480.94875343 0.406854 5.9791 0.830700 0.105458 0.028443
37100 -9329.36205246 1480.81216207 0.406817 5.9791 0.830700 0.105458 0.022414
37200 -9342.76623940 1487.70543847 0.408710 5.9791 0.830700 0.105458 0.001815
37300 -9337.16316906 1480.31168675 0.406679 5.9791 0.830700 0.105458 0.036625
37400 -9364.80285201 1494.53734508 0.410587 5.9791 0.830700 0.105458 -0.039877
37500 -9328.94185733 1451.02107701 0.398632 5.9775 0.835214 0.104001 0.057558
37600 -9360.16730207 1464.99134042 0.402470 5.9775 0.835214 0.104001 -0.041979
37700 -9387.18772088 1449.53133288 0.398223 5.9775 0.835214 0.104001 -0.059236
37800 -9359.21154627 1417.71642082 0.389483 5.9775 0.835214 0.104001 -0.007680
37900 -9362.61194761 1454.21735945 0.399510 5.9775 0.835214 0.104001 0.004588
38000 -9357.96042746 1440.72411146 0.395803 5.9786 0.827636 0.105831 0.012685
38100 -9396.14054821 1440.25024764 0.395673 5.9786 0.827636 0.105831 -0.068125
38200 -9378.08446289 1435.27504782 0.394306 5.9786 0.827636 0.105831 -0.029476
38300 -9392.06940703 1458.15479735 0.400592 5.9786 0.827636 0.105831 -0.036816
38400 -9375.94545090 1440.31440460 0.395691 5.9786 0.827636 0.105831 -0.000813
38500 -9356.46471293 1417.14247122 0.389325 5.9835 0.839972 0.102950 0.034267
38600 -9347.77195665 1467.02013231 0.403028 5.9835 0.839972 0.102950 0.057718
38700 -9368.56225267 1470.77096584 0.404058 5.9835 0.839972 0.102950 0.012191
38800 -9367.94065431 1459.56306013 0.400979 5.9835 0.839972 0.102950 0.003823
38900 -9373.21318164 1443.12357054 0.396463 5.9835 0.839972 0.102950 0.000656
39000 -9355.90678856 1423.13506521 0.390971 5.9791 0.830368 0.104525 0.027007
39100 -9386.59239464 1471.39924280 0.404231 5.9791 0.830368 0.104525 -0.009723
39200 -9373.48005260 1449.06546964 0.398095 5.9791 0.830368 0.104525 0.002342
39300 -9349.62631675 1458.46135070 0.400676 5.9791 0.830368 0.104525 0.023175
39400 -9357.16645958 1443.65986376 0.396610 5.9791 0.830368 0.104525 0.027650
39500 -9385.74170399 1464.88788094 0.402442 5.9813 0.834743 0.102287 -0.040358
39600 -9359.93479652 1459.41193842 0.400937 5.9813 0.834743 0.102287 0.009106
39700 -9344.59940087 1461.50920175 0.401514 5.9813 0.834743 0.102287 0.027844
39800 -9344.94816434 1441.85820675 0.396115 5.9813 0.834743 0.102287 0.028278
39900 -9378.53996214 1473.93840038 0.404928 5.9813 0.834743 0.102287 -0.042141
40000 -9351.05393498 1444.09842255 0.396730 5.9852 0.839304 0.102295 0.031649
40100 -9336.49458837 1448.84164538 0.398033 5.9852 0.839304 0.102295 0.080418
40200 -9324.70725545 1453.37373402 0.399278 5.9852 0.839304 0.102295 0.092613
40300 -9377.54828998 1489.63353450 0.409240 5.9852 0.839304 0.102295 -0.012663
40400 -9368.60166565 1443.58179695 0.396588 5.9852 0.839304 0.102295 -0.006880
40500 -9380.37538127 1479.16995856 0.406365 5.9868 0.835728 0.102830 -0.032370
40600 -9362.20363922 1463.65605452 0.402103 5.9868 0.835728 0.102830 0.013433
40700 -9368.65967882 1458.71798851 0.400747 5.9868 0.835728 0.102830 -0.022088
40800 -9364.92626338 1483.18490675 0.407468 5.9868 0.835728 0.102830 -0.003782
40900 -9347.92497359 1473.36810096 0.404771 5.9868 0.835728 0.102830 0.020934
41000 -9371.16424364 1461.57194669 0.401531 5.9868 0.838784 0.102412 -0.035025
41100 -9367.74498288 1425.97215581 0.391751 5.9868 0.838784 0.102412 -0.009878
41200 -9376.87011789 1443.08087245 0.396451 5.9868 0.838784 0.102412 -0.004158
41300 -9383.59873893 1457.08543737 0.400298 5.9868 0.838784 0.102412 -0.011470
41400 -9366.04293489 1449.83023936 0.398305 5.9868 0.838784 0.102412 0.022088
41500 -9361.54470948 1469.84600313 0.403804 5.9786 0.834842 0.104016 0.014864
41600 -9371.44120242 1452.04793456 0.398914 5.9786 0.834842 0.104016 0.012278
41700 -9367.80816294 1463.02483713 0.401930 5.9786 0.834842 0.104016 0.016320
41800 -9364.89835327 1465.89434149 0.402718 5.9786 0.834842 0.104016 0.010860
41900 -9349.04347425 1484.31766321 0.407780 5.9786 0.834842 0.104016 0.040502
42000 -9382.85286004 1449.97831162 0.398346 5.9786 0.837419 0.102390 -0.062261
42100 -9389.54980776 1448.49374504 0.397938 5.9786 0.837419 0.102390 -0.068428
42200 -9373.95374691 1400.46718696 0.384744 5.9786 0.837419 0.102390 -0.015381
42300 -9396.89112432 1481.14806708 0.406909 5.9786 0.837419 0.102390 -0.035680
42400 -9390.15789834 1468.70428093 0.403490 5.9786 0.837419 0.102390 -0.016642
42500 -9383.06237482 1430.19632957 0.392911 5.9835 0.832724 0.103633 0.003382
42600 -9401.09410684 1449.13316055 0.398114 5.9835 0.832724 0.103633 -0.063036
42700 -9375.66922944 1431.71006720 0.393327 5.9835 0.832724 0.103633 0.018989
42800 -9363.74158293 1460.35647237 0.401197 5.9835 0.832724 0.103633 0.044495
42900 -9384.49075558 1432.61094365 0.393574 5.9835 0.832724 0.103633 0.013693
43000 -9407.58808809 1427.43047246 0.392151 5.9846 0.837722 0.100802 -0.043865
43100 -9385.54072264 1450.97685987 0.398620 5.9846 0.837722 0.100802 0.025468
43200 -9400.94183461 1461.34996446 0.401470 5.9846 0.837722 0.100802 -0.016170
43300 -9346.54967681 1448.57221105 0.397959 5.9846 0.837722 0.100802 0.090046
43400 -9319.53073684 1435.95125042 0.394492 5.9846 0.837722 0.100802 0.107294
43500 -9344.60949483 1437.58719677 0.394942 5.9775 0.828165 0.105060 0.031662
43600 -9376.42079483 1497.83481373 0.411493 5.9775 0.828165 0.105060 -0.000957
43700 -9367.89763996 1479.39832374 0.406428 5.9775 0.828165 0.105060 -0.001913
43800 -9358.28948099 1436.48471687 0.394639 5.9775 0.828165 0.105060 0.002092
43900 -9371.05782144 1442.39040262 0.396261 5.9775 0.828165 0.105060 -0.019667
44000 -9372.25792665 1439.07429305 0.395350 5.9780 0.838522 0.102869 -0.015980
44100 -9368.15823250 1461.70339922 0.401567 5.9780 0.838522 0.102869 0.006269
44200 -9370.09551866 1441.91473496 0.396130 5.9780 0.838522 0.102869 -0.007139
44300 -9364.92410395 1391.73746176 0.382345 5.9780 0.838522 0.102869 0.002795
44400 -9358.09602243 1471.14404707 0.404160 5.9780 0.838522 0.102869 0.028523
44500 -9346.16240489 1459.34967710 0.400920 5.9764 0.835192 0.105691 0.040783
44600 -9382.24626824 1443.24679598 0.396496 5.9764 0.835192 0.105691 -0.043693
44700 -9352.82025911 1399.01231968 0.384344 5.9764 0.835192 0.105691 -0.002994
44800 -9401.82921424 1441.78982986 0.396096 5.9764 0.835192 0.105691 -0.054973
44900 -9373.30154375 1404.70213704 0.385907 5.9764 0.835192 0.105691 -0.001533
45000 -9369.19727105 1404.19818747 0.385769 5.9808 0.836065 0.103068 0.009580
45100 -9438.79995590 1510.02418605 0.414842 5.9808 0.836065 0.103068 -0.096459
45200 -9380.35418715 1392.10202128 0.382446 5.9808 0.836065 0.103068 0.004692
45300 -9402.59901286 1432.01662333 0.393411 5.9808 0.836065 0.103068 -0.022720
45400 -9380.61658652 1414.99920028 0.388736 5.9808 0.836065 0.103068 0.030306
45500 -9367.54799196 1451.28773439 0.398705 5.9780 0.834072 0.103005 0.063733
45600 -9361.61412016 1474.98064803 0.405214 5.9780 0.834072 0.103005 0.062578
45700 -9426.65945850 1424.21477414 0.391268 5.9780 0.834072 0.103005 -0.093807
45800 -9396.29003341 1434.18790999 0.394008 5.9780 0.834072 0.103005 -0.009085
45900 -9341.56949389 1481.05362604 0.406883 5.9780 0.834072 0.103005 0.107174
46000 -9378.36288611 1483.88669066 0.407661 5.9802 0.832399 0.104507 0.005863
46100 -9366.45602566 1477.63579561 0.405944 5.9802 0.832399 0.104507 0.022096
46200 -9335.97386064 1434.31842372 0.394044 5.9802 0.832399 0.104507 0.067736
46300 -9359.46488423 1459.17089728 0.400871 5.9802 0.832399 0.104507 0.011501
46400 -9394.53032903 1439.79798334 0.395549 5.9802 0.832399 0.104507 -0.050677
46500 -9357.11536087 1455.81185272 0.399948 5.9819 0.832360 0.102686 0.030273
46600 -9374.43095524 1471.42697768 0.404238 5.9819 0.832360 0.102686 -0.020639
46700 -9380.64760013 1451.22858006 0.398689 5.9819 0.832360 0.102686 -0.016446
46800 -9351.99019190 1468.90304134 0.403545 5.9819 0.832360 0.102686 0.034413
46900 -9396.13508275 1452.22210064 0.398962 5.9819 0.832360 0.102686 -0.067169
47000 -9403.32157328 1426.58107160 0.391918 5.9808 0.837680 0.101031 -0.047220
47100 -9355.65146753 1417.62761037 0.389458 5.9808 0.837680 0.101031 0.053715
47200 -9369.83764994 1503.77282288 0.413124 5.9808 0.837680 0.101031 0.028229
47300 -9339.14675998 1469.88645184 0.403815 5.9808 0.837680 0.101031 0.053835
47400 -9317.37860508 1446.05863683 0.397269 5.9808 0.837680 0.101031 0.095950
47500 -9345.44345801 1460.91286317 0.401350 5.9780 0.836152 0.103483 0.029048
47600 -9335.44009553 1457.22557489 0.400337 5.9780 0.836152 0.103483 0.053607
47700 -9330.47109321 1489.87598790 0.409307 5.9780 0.836152 0.103483 0.037057
47800 -9331.27360385 1475.08510007 0.405243 5.9780 0.836152 0.103483 0.021177
47900 -9376.66980022 1467.54290427 0.403171 5.9780 0.836152 0.103483 -0.047893
48000 -9345.02737296 1475.56791942 0.405376 5.9786 0.825682 0.105594 0.007212
48100 -9305.17298851 1448.74325644 0.398006 5.9786 0.825682 0.105594 0.063991
48200 -9338.83231099 1426.69796647 0.391950 5.9786 0.825682 0.105594 -0.006285
48300 -9331.08995531 1427.75187450 0.392240 5.9786 0.825682 0.105594 0.019488
48400 -9367.47346596 1494.78457593 0.410655 5.9786 0.825682 0.105594 -0.046215
48500 -9332.03700413 1457.26851793 0.400348 5.9775 0.832703 0.104223 0.028120
48600 -9390.35662618 1450.03209329 0.398360 5.9775 0.832703 0.104223 -0.085062
48700 -9355.79270401 1412.58068880 0.388072 5.9775 0.832703 0.104223 0.004231
48800 -9343.21556726 1445.77116866 0.397190 5.9775 0.832703 0.104223 0.032481
48900 -9360.66193740 1459.99635109 0.401098 5.9775 0.832703 0.104223 0.002432
49000 -9351.56726127 1454.08493804 0.399474 5.9731 0.835479 0.103743 0.032757
49100 -9336.29119531 1440.72217075 0.395803 5.9731 0.835479 0.103743 0.058316
49200 -9345.39112421 1480.02153044 0.406599 5.9731 0.835479 0.103743 0.029388
49300 -9358.26155810 1453.21479240 0.399235 5.9731 0.835479 0.103743 -0.017103
49400 -9348.38599728 1435.37612493 0.394334 5.9731 0.835479 0.103743 0.017245
49500 -9368.61521671 1485.54457872 0.408117 5.9841 0.832462 0.103757 -0.038929
49600 -9383.57963525 1457.93814530 0.400532 5.9841 0.832462 0.103757 -0.074064
49700 -9365.89407863 1413.60589722 0.388353 5.9841 0.832462 0.103757 -0.020111
49800 -9401.66691305 1440.50724550 0.395744 5.9841 0.832462 0.103757 -0.039625
49900 -9363.10831409 1446.90372948 0.397501 5.9841 0.832462 0.103757 0.037467
50000 -9366.18543043 1438.71157336 0.395250 5.9769 0.835202 0.102650 -0.004895
50100 -9347.78371001 1439.41754926 0.395444 5.9769 0.835202 0.102650 0.042113
50200 -9394.49144768 1524.20553237 0.418738 5.9769 0.835202 0.102650 -0.040597
50300 -9337.57007941 1431.70530656 0.393326 5.9769 0.835202 0.102650 0.063298
50400 -9337.20022769 1441.79042637 0.396096 5.9769 0.835202 0.102650 0.035243
50500 -9364.83325527 1466.48670505 0.402881 5.9852 0.841533 0.102341 -0.021049
50600 -9377.28406062 1462.88447597 0.401891 5.9852 0.841533 0.102341 -0.023393
50700 -9339.71522625 1468.64075805 0.403473 5.9852 0.841533 0.102341 0.053702
50800 -9399.03783601 1472.27753225 0.404472 5.9852 0.841533 0.102341 -0.087815
50900 -9370.51867311 1473.42795729 0.404788 5.9852 0.841533 0.102341 -0.000718
51000 -9339.09352483 1425.40665896 0.391595 5.9824 0.832831 0.103035 0.054714
51100 -9387.25069643 1482.09923528 0.407170 5.9824 0.832831 0.103035 -0.036337
51200 -9342.04037700 1467.22748432 0.403084 5.9824 0.832831 0.103035 0.043079
51300 -9331.62566039 1463.31904732 0.402011 5.9824 0.832831 0.103035 0.065730
51400 -9341.88466110 1473.25975411 0.404742 5.9824 0.832831 0.103035 0.017504
51500 -9367.71341067 1432.13770530 0.393444 5.9769 0.835702 0.104455 -0.029709
51600 -9338.75405703 1469.54059758 0.403720 5.9769 0.835702 0.104455 0.030364
51700 -9328.60384455 1462.39805002 0.401758 5.9769 0.835702 0.104455 0.048554
51800 -9334.20715262 1463.60098207 0.402088 5.9769 0.835702 0.104455 0.019431
51900 -9320.58725543 1461.40614211 0.401485 5.9769 0.835702 0.104455 0.043116
52000 -9384.00591130 1440.16853437 0.395651 5.9813 0.835323 0.101500 -0.098945
52100 -9334.97979600 1448.45655814 0.397928 5.9813 0.835323 0.101500 0.017710
52200 -9377.32800826 1463.02921089 0.401931 5.9813 0.835323 0.101500 -0.043822
52300 -9373.81647662 1435.86513488 0.394468 5.9813 0.835323 0.101500 -0.040142
52400 -9401.04576341 1449.44341782 0.398199 5.9813 0.835323 0.101500 -0.082852
52500 -9335.68367804 1429.03767665 0.392593 5.9791 0.830374 0.104141 0.071555
52600 -9371.65562115 1461.54770575 0.401524 5.9791 0.830374 0.104141 -0.006291
52700 -9320.25334601 1438.39876485 0.395164 5.9791 0.830374 0.104141 0.089644
52800 -9350.75164500 1468.33773528 0.403389 5.9791 0.830374 0.104141 0.008203
52900 -9335.48667276 1432.56492095 0.393562 5.9791 0.830374 0.104141 0.037817
53000 -9359.91977835 1509.47973187 0.414692 5.9769 0.827923 0.105086 -0.010546
53100 -9322.62455740 1479.35330203 0.406416 5.9769 0.827923 0.105086 0.034613
53200 -9313.46166237 1491.21424658 0.409674 5.9769 0.827923 0.105086 0.058516
53300 -9317.09362555 1463.30603747 0.402007 5.9769 0.827923 0.105086 0.028810
53400 -9334.55420091 1473.61834404 0.404840 5.9769 0.827923 0.105086 0.010743
53500 -9311.40908379 1435.98383720 0.394501 5.9813 0.829653 0.104490 0.034824
53600 -9365.91603277 1497.55931797 0.411417 5.9813 0.829653 0.104490 -0.055283
53700 -9329.42884139 1456.84838591 0.400233 5.9813 0.829653 0.104490 0.008444
53800 -9353.57421347 1529.03019611 0.420063 5.9813 0.829653 0.104490 -0.056038
53900 -9321.20004773 1456.53283028 0.400146 5.9813 0.829653 0.104490 0.005588
54000 -9323.14895488 1449.45103094 0.398201 5.9736 0.827814 0.106869 0.006439
54100 -9353.34310562 1441.93248994 0.396135 5.9736 0.827814 0.106869 -0.062333
54200 -9372.02232529 1457.51476364 0.400416 5.9736 0.827814 0.106869 -0.062909
54300 -9384.72867891 1462.15251533 0.401690 5.9736 0.827814 0.106869 -0.102852
54400 -9334.39378279 1433.36844482 0.393783 5.9736 0.827814 0.106869 0.030135
54500 -9366.19734855 1453.26868574 0.399250 5.9797 0.834658 0.102724 -0.043984
54600 -9381.55600584 1469.45951918 0.403698 5.9797 0.834658 0.102724 -0.045779
54700 -9354.53002911 1454.32795182 0.399541 5.9797 0.834658 0.102724 0.012555
54800 -9346.86629775 1468.93628282 0.403554 5.9797 0.834658 0.102724 0.000590
54900 -9351.08063680 1463.05086846 0.401937 5.9797 0.834658 0.102724 0.006240
55000 -9353.77336045 1490.39605432 0.409449 5.9813 0.833707 0.102698 0.011357
55100 -9345.11667609 1450.57447086 0.398509 5.9813 0.833707 0.102698 0.023079
55200 -9379.21019104 1478.57738527 0.406203 5.9813 0.833707 0.102698 -0.056420
55300 -9375.18329142 1461.25604704 0.401444 5.9813 0.833707 0.102698 -0.029987
55400 -9357.30651899 1452.57079810 0.399058 5.9813 0.833707 0.102698 0.002970
55500 -9365.91652747 1431.90482900 0.393380 5.9819 0.838542 0.101134 -0.020375
55600 -9358.33194805 1422.59858366 0.390824 5.9819 0.838542 0.101134 0.028246
55700 -9359.89264106 1453.39878511 0.399285 5.9819 0.838542 0.101134 0.018337
55800 -9339.95834140 1462.56750622 0.401804 5.9819 0.838542 0.101134 0.061607
55900 -9364.05447963 1468.49339124 0.403432 5.9819 0.838542 0.101134 0.002550
56000 -9339.55567437 1426.49493501 0.391894 5.9698 0.830017 0.105795 0.043079
56100 -9377.33483997 1447.94750944 0.397788 5.9698 0.830017 0.105795 -0.017095
56200 -9376.99701034 1437.23625362 0.394845 5.9698 0.830017 0.105795 -0.038739
56300 -9394.15297481 1433.45093051 0.393805 5.9698 0.830017 0.105795 -0.046024
56400 -9377.96484857 1402.26613549 0.385238 5.9698 0.830017 0.105795 -0.011966
56500 -9391.40352611 1480.82701611 0.406821 5.9852 0.838389 0.101601 -0.030531
56600 -9398.88888993 1460.64176788 0.401275 5.9852 0.838389 0.101601 -0.041252
56700 -9412.05543327 1454.20953193 0.399508 5.9852 0.838389 0.101601 -0.059572
56800 -9350.91417696 1431.60623983 0.393298 5.9852 0.838389 0.101601 0.073456
56900 -9368.39069823 1453.33105863 0.399267 5.9852 0.838389 0.101601 0.017962
57000 -9378.01139347 1447.23197635 0.397591 5.9830 0.834754 0.104429 -0.016324
57100 -9349.71747162 1446.31158946 0.397338 5.9830 0.834754 0.104429 0.058465
57200 -9329.37915199 1489.71670306 0.409263 5.9830 0.834754 0.104429 0.086338
57300 -9366.75854949 1487.92737785 0.408771 5.9830 0.834754 0.104429 0.005240
57400 -9345.67143189 1449.68214553 0.398264 5.9830 0.834754 0.104429 0.026191
57500 -9360.93257111 1462.16250349 0.401693 5.9835 0.836760 0.103103 -0.007986
57600 -9348.72683983 1507.83131209 0.414239 5.9835 0.836760 0.103103 0.009160
57700 -9323.79642348 1461.50651856 0.401513 5.9835 0.836760 0.103103 0.037919
57800 -9330.72351533 1465.88386233 0.402715 5.9835 0.836760 0.103103 0.022620
57900 -9333.40710472 1458.00323612 0.400550 5.9835 0.836760 0.103103 0.010631
58000 -9334.97902429 1490.15486858 0.409383 5.9791 0.831531 0.105264 0.015277
58100 -9321.87057760 1465.54142848 0.402621 5.9791 0.831531 0.105264 0.030837
58200 -9323.51778104 1485.79489612 0.408185 5.9791 0.831531 0.105264 0.010426
58300 -9317.60180213 1517.02072149 0.416764 5.9791 0.831531 0.105264 0.021402
58400 -9320.06946001 1459.25011816 0.400893 5.9791 0.831531 0.105264 -0.033739
58500 -9327.63240707 1474.52791550 0.405090 5.9780 0.827933 0.105783 -0.028038
58600 -9300.83083446 1463.92521546 0.402177 5.9780 0.827933 0.105783 0.008118
58700 -9304.51663682 1460.71673066 0.401296 5.9780 0.827933 0.105783 0.007979
58800 -9327.18269905 1440.56815259 0.395760 5.9780 0.827933 0.105783 -0.028128
58900 -9387.20220063 1489.15208009 0.409108 5.9780 0.827933 0.105783 -0.131802
59000 -9306.25860503 1437.35585703 0.394878 5.9841 0.826362 0.104200 0.031846
59100 -9368.48259378 1448.92107567 0.398055 5.9841 0.826362 0.104200 -0.075700
59200 -9364.86734048 1440.97179697 0.395871 5.9841 0.826362 0.104200 -0.038300
59300 -9349.14617091 1437.09951336 0.394808 5.9841 0.826362 0.104200 0.012591
59400 -9339.18821112 1459.74351230 0.401028 5.9841 0.826362 0.104200 0.041877
59500 -9357.87359524 1434.28220100 0.394034 5.9819 0.832174 0.104428 0.004059
59600 -9369.07028348 1450.32259945 0.398440 5.9819 0.832174 0.104428 -0.025908
59700 -9375.28155028 1476.71935199 0.405692 5.9819 0.832174 0.104428 -0.044276
59800 -9395.58879342 1438.63086073 0.395228 5.9819 0.832174 0.104428 -0.070598
59900 -9348.69247227 1434.20249691 0.394012 5.9819 0.832174 0.104428 0.052601
60000 -9359.44788246 1439.06089565 0.395346 5.9764 0.829015 0.104284 0.039688
60100 -9376.03311167 1467.71346392 0.403218 5.9764 0.829015 0.104284 -0.012833
60200 -9365.78877006 1460.35568952 0.401197 5.9764 0.829015 0.104284 0.005685
60300 -9353.29068517 1452.40223514 0.399012 5.9764 0.829015 0.104284 0.040958
60400 -9372.78012590 1457.59397994 0.400438 5.9764 0.829015 0.104284 -0.013073
60500 -9360.40197166 1432.32821470 0.393497 5.9857 0.835672 0.102274 -0.036552
60600 -9350.33090897 1474.58096913 0.405105 5.9857 0.835672 0.102274 0.031655
60700 -9375.94849593 1466.60070556 0.402912 5.9857 0.835672 0.102274 -0.036807
60800 -9366.97733499 1473.90759124 0.404920 5.9857 0.835672 0.102274 -0.013130
60900 -9368.35510314 1434.10664347 0.393985 5.9857 0.835672 0.102274 0.004457
61000 -9383.55900249 1427.08272115 0.392056 5.9769 0.833655 0.103349 -0.031793
61100 -9381.42640629 1443.79284198 0.396646 5.9769 0.833655 0.103349 -0.007518
61200 -9324.39879618 1446.85878588 0.397489 5.9769 0.833655 0.103349 0.096927
61300 -9355.57546886 1462.35413800 0.401746 5.9769 0.833655 0.103349 0.010095
61400 -9375.74371783 1480.77462606 0.406806 5.9769 0.833655 0.103349 -0.033947
61500 -9372.31952214 1470.33373016 0.403938 5.9813 0.832828 0.102629 -0.025946
61600 -9348.97259285 1467.83781858 0.403252 5.9813 0.832828 0.102629 0.019289
61700 -9348.12603637 1428.48052918 0.392440 5.9813 0.832828 0.102629 0.001093
61800 -9394.29718324 1430.13830580 0.392895 5.9813 0.832828 0.102629 -0.081247
61900 -9412.25822931 1456.49402481 0.400136 5.9813 0.832828 0.102629 -0.085451
62000 -9380.26636357 1439.69232240 0.395520 5.9797 0.837839 0.102827 0.015909
62100 -9408.83349801 1475.26217944 0.405292 5.9797 0.837839 0.102827 -0.030554
62200 -9389.73546410 1432.72757295 0.393606 5.9797 0.837839 0.102827 -0.012390
62300 -9438.81196722 1478.82805027 0.406271 5.9797 0.837839 0.102827 -0.092710
62400 -9350.02743928 1468.37835082 0.403401 5.9797 0.837839 0.102827 0.063009
62500 -9370.91373390 1451.79498028 0.398845 5.9874 0.838214 0.101781 0.021926
62600 -9367.81244190 1440.67259561 0.395789 5.9874 0.838214 0.101781 -0.002315
62700 -9367.57294426 1424.14655299 0.391249 5.9874 0.838214 0.101781 0.000331
62800 -9420.30441741 1449.37635656 0.398180 5.9874 0.838214 0.101781 -0.076833
62900 -9431.21780696 1427.00896407 0.392035 5.9874 0.838214 0.101781 -0.078581
63000 -9406.78069716 1414.61777800 0.388631 5.9874 0.841218 0.099427 -0.007435
63100 -9418.94560150 1433.46288635 0.393808 5.9874 0.841218 0.099427 -0.000653
63200 -9365.50299754 1426.17922270 0.391807 5.9874 0.841218 0.099427 0.099941
63300 -9396.31361136 1436.89870879 0.394752 5.9874 0.841218 0.099427 0.026343
63400 -9392.04568239 1443.92062517 0.396681 5.9874 0.841218 0.099427 0.011155
63500 -9404.42642050 1441.97167563 0.396146 5.9802 0.839932 0.101947 0.001594
63600 -9361.46394967 1439.26700210 0.395403 5.9802 0.839932 0.101947 0.106180
63700 -9398.91782205 1475.12660878 0.405255 5.9802 0.839932 0.101947 -0.031048
63800 -9360.82165757 1458.39570060 0.400658 5.9802 0.839932 0.101947 0.067320
63900 -9378.10407358 1441.08007269 0.395901 5.9802 0.839932 0.101947 0.012214
64000 -9352.62582383 1440.89829751 0.395851 5.9808 0.839016 0.102790 0.034649
64100 -9344.46411274 1423.24844707 0.391002 5.9808 0.839016 0.102790 0.061689
64200 -9356.82820365 1456.50909978 0.400140 5.9808 0.839016 0.102790 0.037593
64300 -9408.01909009 1436.40169771 0.394616 5.9808 0.839016 0.102790 -0.087051
64400 -9378.26143083 1440.81965150 0.395830 5.9808 0.839016 0.102790 -0.009193
64500 -9366.45918096 1487.01035459 0.408519 5.9830 0.839345 0.102209 0.004682
64600 -9380.86643113 1441.36377003 0.395979 5.9830 0.839345 0.102209 -0.009187
64700 -9369.88927533 1434.26319318 0.394028 5.9830 0.839345 0.102209 0.010832
64800 -9351.63392742 1435.14960996 0.394272 5.9830 0.839345 0.102209 0.070100
64900 -9390.91784974 1444.93618629 0.396960 5.9830 0.839345 0.102209 -0.035336
65000 -9388.12051197 1412.42871345 0.388030 5.9687 0.835337 0.103191 0.003113
65100 -9407.25247261 1414.17634749 0.388510 5.9687 0.835337 0.103191 -0.041271
65200 -9412.86086656 1428.99126279 0.392580 5.9687 0.835337 0.103191 -0.042753
65300 -9356.66387840 1407.15648699 0.386581 5.9687 0.835337 0.103191 0.062840
65400 -9373.04104760 1474.47838112 0.405076 5.9687 0.835337 0.103191 0.064653
65500 -9399.39108589 1523.31197562 0.418492 5.9835 0.842112 0.102542 -0.006070
65600 -9383.20208336 1446.44487744 0.397375 5.9835 0.842112 0.102542 -0.007513
65700 -9399.69708591 1422.23112118 0.390723 5.9835 0.842112 0.102542 -0.028621
65800 -9386.44408420 1438.18346135 0.395105 5.9835 0.842112 0.102542 -0.006597
65900 -9383.34641088 1455.74852399 0.399931 5.9835 0.842112 0.102542 0.020851
66000 -9433.00406764 1465.14383876 0.402512 5.9824 0.848050 0.098505 -0.086728
66100 -9403.58188539 1437.13342519 0.394817 5.9824 0.848050 0.098505 -0.010753
66200 -9395.26231784 1465.46787989 0.402601 5.9824 0.848050 0.098505 0.016985
66300 -9409.27167503 1439.00564809 0.395331 5.9824 0.848050 0.098505 -0.046356
66400 -9382.27807032 1444.35838668 0.396802 5.9824 0.848050 0.098505 0.057390
66500 -9372.58765025 1476.35584318 0.405592 5.9819 0.834972 0.101514 0.038310
66600 -9353.04519594 1430.55130391 0.393009 5.9819 0.834972 0.101514 0.059899
66700 -9366.16014047 1470.66554433 0.404029 5.9819 0.834972 0.101514 0.015825
66800 -9362.67207049 1461.90340873 0.401622 5.9819 0.834972 0.101514 0.037012
66900 -9361.47394022 1488.62635243 0.408963 5.9819 0.834972 0.101514 0.002819
67000 -9362.07479002 1448.42302112 0.397918 5.9813 0.830218 0.102648 0.002559
67100 -9347.70862736 1439.96470206 0.395595 5.9813 0.830218 0.102648 0.016015
67200 -9379.68626943 1430.15013207 0.392898 5.9813 0.830218 0.102648 -0.020692
67300 -9366.54402007 1425.96946360 0.391750 5.9813 0.830218 0.102648 0.017620
67400 -9390.13440088 1449.54163984 0.398226 5.9813 0.830218 0.102648 -0.022124
67500 -9392.27808334 1444.90577676 0.396952 5.9802 0.835574 0.102014 -0.022226
67600 -9419.53580951 1461.38951573 0.401481 5.9802 0.835574 0.102014 -0.065655
67700 -9391.34677243 1441.66791754 0.396063 5.9802 0.835574 0.102014 -0.011114
67800 -9394.93225150 1461.68636412 0.401562 5.9802 0.835574 0.102014 -0.010994
67900 -9381.19784021 1469.33708194 0.403664 5.9802 0.835574 0.102014 0.007107
68000 -9365.33337182 1410.23349466 0.387427 5.9780 0.833604 0.102461 0.051768
68100 -9346.72835319 1439.95893915 0.395593 5.9780 0.833604 0.102461 0.092029
68200 -9396.58535472 1457.67495795 0.400460 5.9780 0.833604 0.102461 0.000067
68300 -9342.24337089 1427.23069839 0.392096 5.9780 0.833604 0.102461 0.074077
68400 -9326.64430569 1460.98019028 0.401368 5.9780 0.833604 0.102461 0.088349
68500 -9376.88608160 1465.12628206 0.402507 5.9841 0.827848 0.104241 -0.013666
68600 -9385.50877507 1445.39301431 0.397086 5.9841 0.827848 0.104241 -0.032538
68700 -9387.47557313 1456.92842587 0.400255 5.9841 0.827848 0.104241 -0.002664
68800 -9326.64854350 1427.89489208 0.392279 5.9841 0.827848 0.104241 0.100763
68900 -9370.18407207 1478.38325591 0.406149 5.9841 0.827848 0.104241 0.023588
69000 -9378.14370594 1526.82892471 0.419458 5.9830 0.839168 0.100727 -0.021835
69100 -9325.97182899 1477.79365147 0.405987 5.9830 0.839168 0.100727 0.087284
69200 -9377.73020739 1471.91869378 0.404373 5.9830 0.839168 0.100727 -0.028775
69300 -9393.91251978 1433.48795874 0.393815 5.9830 0.839168 0.100727 -0.058429
69400 -9386.80500342 1408.26371399 0.386886 5.9830 0.839168 0.100727 -0.021564
69500 -9421.85852871 1442.25866209 0.396225 5.9797 0.840545 0.100777 -0.106465
69600 -9416.75806550 1476.10728866 0.405524 5.9797 0.840545 0.100777 -0.070542
69700 -9410.56255849 1416.21093993 0.389069 5.9797 0.840545 0.100777 -0.046714
69800 -9405.86539007 1435.22340399 0.394292 5.9797 0.840545 0.100777 -0.025118
69900 -9398.98184405 1448.42848084 0.397920 5.9797 0.840545 0.100777 0.005452
70000 -9368.40166112 1438.79314045 0.395273 5.9786 0.834629 0.104051 0.059180
70100 -9407.23461550 1434.70448017 0.394150 5.9786 0.834629 0.104051 -0.030935
70200 -9435.43049046 1435.42844471 0.394348 5.9786 0.834629 0.104051 -0.070318
70300 -9388.90402529 1427.41448159 0.392147 5.9786 0.834629 0.104051 0.017538
70400 -9419.84200775 1469.70538392 0.403765 5.9786 0.834629 0.104051 -0.020008
70500 -9399.23492437 1454.19937688 0.399505 5.9808 0.840544 0.101126 0.023448
70600 -9377.60857478 1431.10708677 0.393161 5.9808 0.840544 0.101126 0.056015
70700 -9399.40002612 1491.31401135 0.409702 5.9808 0.840544 0.101126 0.008536
70800 -9374.36735333 1511.99342882 0.415383 5.9808 0.840544 0.101126 0.043068
70900 -9340.98417268 1470.23532681 0.403911 5.9808 0.840544 0.101126 0.072360
71000 -9357.25938291 1442.58832693 0.396315 5.9775 0.835907 0.103725 0.011011
71100 -9392.41527031 1484.35656269 0.407790 5.9775 0.835907 0.103725 -0.061596
71200 -9367.73347545 1470.93045369 0.404102 5.9775 0.835907 0.103725 -0.007107
71300 -9352.99295047 1473.69073165 0.404860 5.9775 0.835907 0.103725 0.005739
71400 -9341.75621656 1460.20615844 0.401156 5.9775 0.835907 0.103725 0.041587
71500 -9367.24266044 1474.20953217 0.405003 5.9852 0.836635 0.102348 -0.035678
71600 -9363.20731030 1442.07532659 0.396175 5.9852 0.836635 0.102348 -0.013036
71700 -9373.45629736 1440.56973529 0.395761 5.9852 0.836635 0.102348 -0.025822
71800 -9343.06250994 1419.51205795 0.389976 5.9852 0.836635 0.102348 0.030683
71900 -9380.53568458 1425.47474530 0.391614 5.9852 0.836635 0.102348 -0.035109
72000 -9374.92626144 1418.67676428 0.389746 5.9720 0.830067 0.105312 -0.013077
72100 -9390.97354081 1432.88281211 0.393649 5.9720 0.830067 0.105312 -0.036414
72200 -9417.81662307 1469.69980207 0.403764 5.9720 0.830067 0.105312 -0.066245
72300 -9361.53007953 1433.62393884 0.393853 5.9720 0.830067 0.105312 0.032489
72400 -9396.10209450 1512.67448691 0.415570 5.9720 0.830067 0.105312 -0.036785
72500 -9341.20339234 1455.83006650 0.399953 5.9786 0.831269 0.104326 0.078499
72600 -9324.90608482 1472.03966829 0.404407 5.9786 0.831269 0.104326 0.075781
72700 -9339.84600477 1491.50177033 0.409753 5.9786 0.831269 0.104326 0.026011
72800 -9343.89929341 1446.73200933 0.397454 5.9786 0.831269 0.104326 0.016128
72900 -9377.62578605 1461.29510194 0.401455 5.9786 0.831269 0.104326 -0.063147
73000 -9386.68176887 1477.52539107 0.405914 5.9769 0.839188 0.102070 -0.053359
73100 -9356.27457092 1454.11037500 0.399481 5.9769 0.839188 0.102070 0.004081
73200 -9362.53977112 1458.52013775 0.400692 5.9769 0.839188 0.102070 -0.009232
73300 -9353.59464184 1411.49475369 0.387773 5.9769 0.839188 0.102070 0.019569
73400 -9397.17599597 1432.42760527 0.393524 5.9769 0.839188 0.102070 -0.081674
73500 -9376.53584398 1420.92370153 0.390364 5.9835 0.841486 0.101956 -0.009988
73600 -9408.66257912 1472.07929942 0.404417 5.9835 0.841486 0.101956 -0.061334
73700 -9392.70709107 1482.08303612 0.407166 5.9835 0.841486 0.101956 -0.030465
73800 -9356.75813341 1466.89355668 0.402993 5.9835 0.841486 0.101956 0.073291
73900 -9396.01703889 1446.84769869 0.397486 5.9835 0.841486 0.101956 -0.052396
74000 -9345.79391305 1442.92337833 0.396408 5.9879 0.831145 0.102951 0.064281
74100 -9376.75154871 1434.65600496 0.394136 5.9879 0.831145 0.102951 -0.013466
74200 -9356.44956903 1442.99104623 0.396426 5.9879 0.831145 0.102951 0.027069
74300 -9361.33815045 1437.88657030 0.395024 5.9879 0.831145 0.102951 0.032714
74400 -9356.37775070 1447.66784732 0.397711 5.9879 0.831145 0.102951 0.037418
74500 -9313.80654748 1455.22394964 0.399787 5.9813 0.826181 0.104430 0.116995
74600 -9339.92057636 1436.51175853 0.394646 5.9813 0.826181 0.104430 0.031312
74700 -9405.24636861 1453.16479929 0.399221 5.9813 0.826181 0.104430 -0.077112
74800 -9377.75291006 1434.76469161 0.394166 5.9813 0.826181 0.104430 -0.020888
74900 -9383.92311244 1472.97937062 0.404665 5.9813 0.826181 0.104430 -0.011644
75000 -9390.15255306 1497.74404641 0.411468 5.9791 0.837452 0.103985 -0.034851
75100 -9372.53720790 1495.63667298 0.410889 5.9791 0.837452 0.103985 0.013262
75200 -9347.78962008 1467.38494067 0.403128 5.9791 0.837452 0.103985 0.019016
75300 -9331.67545384 1467.22891711 0.403085 5.9791 0.837452 0.103985 0.051892
75400 -9329.66921496 1458.14016856 0.400588 5.9791 0.837452 0.103985 0.060123
75500 -9338.97254531 1442.74943302 0.396360 5.9780 0.829084 0.104166 0.006289
75600 -9355.19643362 1448.86793162 0.398041 5.9780 0.829084 0.104166 -0.013630
75700 -9364.32703148 1408.77470854 0.387026 5.9780 0.829084 0.104166 0.004701
75800 -9343.52688420 1447.59788387 0.397692 5.9780 0.829084 0.104166 0.029663
75900 -9344.52103152 1442.85398212 0.396388 5.9780 0.829084 0.104166 0.021590
76000 -9370.52702859 1458.45548799 0.400675 5.9846 0.840460 0.101000 -0.037018
76100 -9354.76124047 1451.86697375 0.398865 5.9846 0.840460 0.101000 0.011119
76200 -9374.58201514 1428.44293564 0.392429 5.9846 0.840460 0.101000 -0.024007
76300 -9397.80401611 1459.39683723 0.400933 5.9846 0.840460 0.101000 -0.068599
76400 -9355.96093595 1502.44171386 0.412759 5.9846 0.840460 0.101000 0.054150
76500 -9402.09165919 1499.53210056 0.411959 5.9835 0.838113 0.100113 -0.074998
76600 -9393.53070796 1429.53754144 0.392730 5.9835 0.838113 0.100113 -0.062942
76700 -9382.35055544 1440.55519153 0.395757 5.9835 0.838113 0.100113 -0.001272
76800 -9332.28622186 1418.26278168 0.389633 5.9835 0.838113 0.100113 0.090246
76900 -9393.62615378 1462.50196178 0.401786 5.9835 0.838113 0.100113 -0.033733
77000 -9381.55246720 1421.03375451 0.390394 5.9852 0.840358 0.101386 -0.022037
77100 -9414.60842195 1440.30791844 0.395689 5.9852 0.840358 0.101386 -0.054009
77200 -9420.67285227 1448.49568554 0.397938 5.9852 0.840358 0.101386 -0.044179
77300 -9391.01618359 1413.87789582 0.388428 5.9852 0.840358 0.101386 0.026706
77400 -9412.78994077 1453.26529154 0.399249 5.9852 0.840358 0.101386 -0.006592
77500 -9407.87826494 1435.26248320 0.394303 5.9841 0.841040 0.102205 -0.031496
77600 -9399.59711061 1464.47891666 0.402329 5.9841 0.841040 0.102205 0.019300
77700 -9364.19353002 1475.94255444 0.405479 5.9841 0.841040 0.102205 0.080406
77800 -9390.82397036 1446.40881008 0.397365 5.9841 0.841040 0.102205 -0.003882
77900 -9397.62175513 1417.92614645 0.389540 5.9841 0.841040 0.102205 -0.015894
78000 -9398.74319168 1413.27096855 0.388261 5.9775 0.834030 0.104589 -0.023671
78100 -9389.15314285 1449.01442651 0.398081 5.9775 0.834030 0.104589 0.022112
78200 -9380.45267318 1465.73677636 0.402675 5.9775 0.834030 0.104589 0.035363
78300 -9353.86802911 1413.27837378 0.388263 5.9775 0.834030 0.104589 0.043535
78400 -9387.69288759 1450.42369994 0.398468 5.9775 0.834030 0.104589 -0.008469
78500 -9392.88133505 1469.68128468 0.403759 5.9797 0.835821 0.103330 -0.022307
78600 -9376.87129985 1473.35267907 0.404767 5.9797 0.835821 0.103330 0.025850
78700 -9346.35465438 1429.50349273 0.392721 5.9797 0.835821 0.103330 0.063422
78800 -9315.53983612 1478.90344854 0.406292 5.9797 0.835821 0.103330 0.103334
78900 -9308.79154989 1464.38417063 0.402303 5.9797 0.835821 0.103330 0.095179
79000 -9352.71947684 1503.29124407 0.412992 5.9786 0.831196 0.103191 0.012927
79100 -9340.52835082 1480.61211633 0.406762 5.9786 0.831196 0.103191 0.015667
79200 -9325.02351706 1434.08102903 0.393978 5.9786 0.831196 0.103191 0.036885
79300 -9324.07895532 1458.47812179 0.400681 5.9786 0.831196 0.103191 0.027642
79400 -9326.53806258 1461.39812569 0.401483 5.9786 0.831196 0.103191 0.022313
79500 -9326.60973394 1445.68897907 0.397167 5.9747 0.831533 0.104491 0.023254
79600 -9322.95463790 1458.12998218 0.400585 5.9747 0.831533 0.104491 0.021212
79700 -9338.56692149 1464.53744209 0.402345 5.9747 0.831533 0.104491 -0.003722
79800 -9336.59466668 1474.65161775 0.405124 5.9747 0.831533 0.104491 -0.003355
79900 -9336.82037984 1457.14841505 0.400315 5.9747 0.831533 0.104491 0.008079
80000 -9349.12575113 1452.42132718 0.399017 5.9764 0.838338 0.103455 -0.027506
80100 -9342.64684130 1478.59886242 0.406208 5.9764 0.838338 0.103455 0.000984
80200 -9307.83202464 1465.28163414 0.402550 5.9764 0.838338 0.103455 0.046579
80300 -9328.34218338 1491.16942475 0.409662 5.9764 0.838338 0.103455 0.003481
80400 -9323.47502099 1473.03388347 0.404680 5.9764 0.838338 0.103455 0.005180
80500 -9330.05426347 1468.37531866 0.403400 5.9753 0.833466 0.104762 0.018717
80600 -9330.79378098 1470.87099189 0.404085 5.9753 0.833466 0.104762 0.003539
80700 -9330.86447002 1478.46472787 0.406172 5.9753 0.833466 0.104762 0.006927
80800 -9290.89668440 1457.35896806 0.400373 5.9753 0.833466 0.104762 0.071794
80900 -9328.32276640 1440.64874703 0.395783 5.9753 0.833466 0.104762 -0.027667
81000 -9356.43906301 1455.86428245 0.399963 5.9786 0.836621 0.104476 -0.044348
81100 -9349.21888688 1425.59597771 0.391647 5.9786 0.836621 0.104476 -0.040142
81200 -9348.35999284 1459.26029628 0.400896 5.9786 0.836621 0.104476 0.000343
81300 -9345.42700223 1458.32127613 0.400638 5.9786 0.836621 0.104476 0.009919
81400 -9368.06653063 1450.03104400 0.398360 5.9786 0.836621 0.104476 -0.053780
81500 -9340.34454483 1415.56831928 0.388892 5.9813 0.833503 0.104370 0.004764
81600 -9381.62617699 1447.87951834 0.397769 5.9813 0.833503 0.104370 -0.051898
81700 -9385.64831806 1425.47409631 0.391614 5.9813 0.833503 0.104370 -0.040303
81800 -9380.54927307 1458.74452302 0.400754 5.9813 0.833503 0.104370 -0.026585
81900 -9362.62416890 1469.37538591 0.403675 5.9813 0.833503 0.104370 0.000856
82000 -9381.51246366 1447.42985543 0.397646 5.9786 0.840792 0.101861 -0.025713
82100 -9371.61107908 1434.94041561 0.394214 5.9786 0.840792 0.101861 -0.002167
82200 -9368.96170262 1461.36858785 0.401475 5.9786 0.840792 0.101861 0.008892
82300 -9379.15883836 1457.16757905 0.400321 5.9786 0.840792 0.101861 -0.016205
82400 -9353.64117611 1463.86167160 0.402160 5.9786 0.840792 0.101861 0.035728
82500 -9339.47427755 1457.16616736 0.400320 5.9676 0.829479 0.104820 0.075326
82600 -9360.95539143 1489.80013711 0.409286 5.9676 0.829479 0.104820 0.025122
82700 -9378.07212762 1460.05964460 0.401115 5.9676 0.829479 0.104820 -0.029816
82800 -9354.55286659 1476.29562099 0.405576 5.9676 0.829479 0.104820 0.014403
82900 -9336.86352199 1443.51623910 0.396570 5.9676 0.829479 0.104820 0.018380
83000 -9361.32289221 1427.46684818 0.392161 5.9747 0.828235 0.104192 -0.008517
83100 -9352.35629409 1460.42165607 0.401215 5.9747 0.828235 0.104192 0.002033
83200 -9324.90670114 1446.11144365 0.397283 5.9747 0.828235 0.104192 0.042401
83300 -9354.15398172 1451.20339591 0.398682 5.9747 0.828235 0.104192 -0.017754
83400 -9348.72448131 1452.94382189 0.399160 5.9747 0.828235 0.104192 0.000064
83500 -9321.07072293 1449.02500484 0.398084 5.9786 0.828724 0.105713 0.067212
83600 -9348.34386602 1453.63098590 0.399349 5.9786 0.828724 0.105713 0.004968
83700 -9340.41799120 1449.01744385 0.398082 5.9786 0.828724 0.105713 0.032314
83800 -9338.13210407 1446.64877656 0.397431 5.9786 0.828724 0.105713 0.026008
83900 -9358.85885818 1495.27218516 0.410789 5.9786 0.828724 0.105713 -0.015593
84000 -9364.37245246 1412.71498076 0.388109 5.9769 0.830696 0.104087 -0.055575
84100 -9363.07903933 1445.50831838 0.397118 5.9769 0.830696 0.104087 -0.017641
84200 -9380.42958513 1458.37904910 0.400654 5.9769 0.830696 0.104087 -0.051080
84300 -9372.43166652 1443.82727826 0.396656 5.9769 0.830696 0.104087 -0.033859
84400 -9337.17144587 1407.30220571 0.386621 5.9769 0.830696 0.104087 0.054355
84500 -9376.19389810 1510.74205648 0.415039 5.9846 0.833410 0.101458 -0.001439
84600 -9345.76210606 1420.10163484 0.390138 5.9846 0.833410 0.101458 0.022058
84700 -9350.69434331 1451.42276536 0.398743 5.9846 0.833410 0.101458 0.038136
84800 -9334.97922765 1482.08152408 0.407165 5.9846 0.833410 0.101458 0.029541
84900 -9373.73113321 1470.73947909 0.404049 5.9846 0.833410 0.101458 -0.052416
85000 -9372.85615629 1421.85598566 0.390620 5.9731 0.836312 0.103135 -0.026552
85100 -9370.43507663 1471.14669844 0.404161 5.9731 0.836312 0.103135 -0.030934
85200 -9351.02493116 1458.57751360 0.400708 5.9731 0.836312 0.103135 0.008008
85300 -9356.08111353 1452.35147742 0.398998 5.9731 0.836312 0.103135 0.001525
85400 -9343.41989418 1456.51158943 0.400141 5.9731 0.836312 0.103135 0.026780
85500 -9327.66008794 1460.32276078 0.401188 5.9775 0.834911 0.105170 0.048817
85600 -9348.50296244 1466.44049831 0.402868 5.9775 0.834911 0.105170 0.002271
85700 -9346.32209320 1455.95449682 0.399987 5.9775 0.834911 0.105170 -0.012035
85800 -9389.61722038 1470.72387246 0.404045 5.9775 0.834911 0.105170 -0.058401
85900 -9328.23825017 1463.08385078 0.401946 5.9775 0.834911 0.105170 0.047808
86000 -9368.93499682 1474.35986415 0.405044 5.9791 0.831416 0.103796 -0.015441
86100 -9321.89870276 1465.89317862 0.402718 5.9791 0.831416 0.103796 0.082243
86200 -9381.19112112 1516.78357062 0.416699 5.9791 0.831416 0.103796 -0.062051
86300 -9339.93527545 1487.93402127 0.408773 5.9791 0.831416 0.103796 0.033113
86400 -9370.02527573 1485.01768662 0.407972 5.9791 0.831416 0.103796 -0.062480
86500 -9339.50048362 1480.85128384 0.406827 5.9846 0.832988 0.100892 -0.004629
86600 -9286.62083828 1451.05312320 0.398641 5.9846 0.832988 0.100892 0.097395
86700 -9336.91039489 1457.53568129 0.400422 5.9846 0.832988 0.100892 -0.020385
86800 -9345.32190714 1458.69704085 0.400741 5.9846 0.832988 0.100892 -0.016162
86900 -9353.26889253 1470.94746469 0.404106 5.9846 0.832988 0.100892 -0.007582
87000 -9337.03999769 1460.42125904 0.401215 5.9676 0.829525 0.105001 0.016579
87100 -9305.12857590 1467.26300302 0.403094 5.9676 0.829525 0.105001 0.074639
87200 -9320.00623471 1476.95866294 0.405758 5.9676 0.829525 0.105001 -0.008112
87300 -9334.55951975 1450.79374321 0.398570 5.9676 0.829525 0.105001 -0.022653
87400 -9364.16677091 1480.07163428 0.406613 5.9676 0.829525 0.105001 -0.065416
87500 -9333.83387848 1421.07213781 0.390404 5.9714 0.823052 0.106814 -0.008118
87600 -9343.33750020 1444.15305788 0.396745 5.9714 0.823052 0.106814 -0.035570
87700 -9354.48832143 1477.03762213 0.405780 5.9714 0.823052 0.106814 -0.018847
87800 -9331.05862351 1442.94898364 0.396415 5.9714 0.823052 0.106814 0.003220
87900 -9332.18051879 1447.93894241 0.397785 5.9714 0.823052 0.106814 0.019957
88000 -9341.55222019 1450.52701483 0.398496 5.9769 0.827990 0.105262 -0.004398
88100 -9332.59863857 1470.72183650 0.404044 5.9769 0.827990 0.105262 0.008120
88200 -9331.82883731 1474.22913323 0.405008 5.9769 0.827990 0.105262 0.009151
88300 -9331.52093616 1471.15691866 0.404164 5.9769 0.827990 0.105262 0.017968
88400 -9354.83084441 1438.20392955 0.395111 5.9769 0.827990 0.105262 -0.041781
88500 -9382.28278105 1490.08714098 0.409365 5.9775 0.825450 0.104084 -0.078842
88600 -9344.39080801 1465.32246952 0.402561 5.9775 0.825450 0.104084 -0.000603
88700 -9371.11122907 1473.39535789 0.404779 5.9775 0.825450 0.104084 -0.058613
88800 -9344.99160371 1455.42679579 0.399843 5.9775 0.825450 0.104084 0.002923
88900 -9328.99274220 1496.93745175 0.411247 5.9775 0.825450 0.104084 0.048607
89000 -9330.94557677 1453.54467048 0.399325 5.9747 0.823251 0.105160 0.007684
89100 -9341.09688013 1437.01954840 0.394786 5.9747 0.823251 0.105160 -0.008510
89200 -9340.46252376 1443.96471380 0.396694 5.9747 0.823251 0.105160 -0.004878
89300 -9348.98819253 1450.52420136 0.398496 5.9747 0.823251 0.105160 0.004624
89400 -9322.74202626 1472.03878026 0.404406 5.9747 0.823251 0.105160 0.048888
89500 -9335.09078753 1459.42869140 0.400942 5.9819 0.829067 0.104687 -0.008322
89600 -9322.75286376 1448.56693956 0.397958 5.9819 0.829067 0.104687 0.025724
89700 -9367.66508441 1455.72439127 0.399924 5.9819 0.829067 0.104687 -0.060750
89800 -9357.79321975 1411.63456542 0.387812 5.9819 0.829067 0.104687 -0.024223
89900 -9369.29299797 1420.38357753 0.390215 5.9819 0.829067 0.104687 -0.024478
90000 -9367.26280182 1408.64566060 0.386991 5.9841 0.832137 0.104620 -0.023244
90100 -9372.67672495 1412.41184049 0.388025 5.9841 0.832137 0.104620 0.003735
90200 -9380.53456226 1463.40502972 0.402034 5.9841 0.832137 0.104620 -0.015941
90300 -9421.88641020 1385.81962972 0.380720 5.9841 0.832137 0.104620 -0.102218
90400 -9411.35918882 1402.89634651 0.385411 5.9841 0.832137 0.104620 -0.038157
90500 -9419.76444809 1452.42358369 0.399017 5.9819 0.842722 0.099444 -0.023745
90600 -9398.39729238 1434.96916680 0.394222 5.9819 0.842722 0.099444 0.027953
90700 -9400.75511081 1449.71228001 0.398273 5.9819 0.842722 0.099444 0.004865
90800 -9387.56013932 1426.60715852 0.391925 5.9819 0.842722 0.099444 0.008874
90900 -9396.89871167 1448.65130241 0.397981 5.9819 0.842722 0.099444 0.007344
91000 -9373.17159577 1449.61760068 0.398247 5.9747 0.838404 0.104352 0.039330
91100 -9403.38110602 1439.65412126 0.395509 5.9747 0.838404 0.104352 -0.023681
91200 -9388.47007195 1470.27723069 0.403922 5.9747 0.838404 0.104352 -0.019917
91300 -9355.70414567 1468.63933832 0.403472 5.9747 0.838404 0.104352 0.059309
91400 -9374.26572412 1450.37162629 0.398454 5.9747 0.838404 0.104352 0.010874
91500 -9341.20052218 1449.54188526 0.398226 5.9813 0.828208 0.104687 0.038026
91600 -9334.25190762 1412.36122539 0.388011 5.9813 0.828208 0.104687 0.047757
91700 -9370.12579414 1440.67879448 0.395791 5.9813 0.828208 0.104687 -0.018651
91800 -9360.47963956 1428.56084553 0.392462 5.9813 0.828208 0.104687 -0.001614
91900 -9342.92563892 1465.34299113 0.402567 5.9813 0.828208 0.104687 0.054903
92000 -9360.28098152 1478.99223660 0.406317 5.9769 0.836717 0.103051 0.014086
92100 -9335.92488977 1494.92496034 0.410694 5.9769 0.836717 0.103051 0.052682
92200 -9370.80333916 1453.57815780 0.399335 5.9769 0.836717 0.103051 -0.049230
92300 -9384.10626156 1445.76038596 0.397187 5.9769 0.836717 0.103051 -0.062214
92400 -9360.44154901 1453.24071628 0.399242 5.9769 0.836717 0.103051 0.021485
92500 -9342.88204827 1422.51970692 0.390802 5.9764 0.830212 0.104436 0.038794
92600 -9371.25875005 1454.92464639 0.399705 5.9764 0.830212 0.104436 -0.027143
92700 -9369.07328050 1414.39462948 0.388570 5.9764 0.830212 0.104436 -0.021001
92800 -9376.68128391 1435.06781570 0.394249 5.9764 0.830212 0.104436 -0.025787
92900 -9386.43053955 1451.98299073 0.398896 5.9764 0.830212 0.104436 -0.038789
93000 -9385.89526790 1436.66047237 0.394687 5.9819 0.833782 0.103959 -0.018248
93100 -9347.68801432 1482.79610063 0.407362 5.9819 0.833782 0.103959 0.059278
93200 -9358.92632877 1437.30661135 0.394864 5.9819 0.833782 0.103959 0.024011
93300 -9329.96939711 1445.19840447 0.397033 5.9819 0.833782 0.103959 0.070980
93400 -9375.88613339 1462.73817287 0.401851 5.9819 0.833782 0.103959 -0.012206
93500 -9378.00689630 1457.25859357 0.400346 5.9824 0.840447 0.100639 -0.027892
93600 -9350.07872334 1389.03600600 0.381603 5.9824 0.840447 0.100639 0.047206
93700 -9408.92130366 1427.98997847 0.392305 5.9824 0.840447 0.100639 -0.057830
93800 -9382.06440237 1446.01164467 0.397256 5.9824 0.840447 0.100639 0.014523
93900 -9352.73197801 1476.99660959 0.405768 5.9824 0.840447 0.100639 0.061694
94000 -9315.10579453 1450.31533258 0.398438 5.9753 0.829582 0.105186 0.120501
94100 -9336.12256361 1506.30143343 0.413819 5.9753 0.829582 0.105186 0.069973
94200 -9354.33939404 1473.37066318 0.404772 5.9753 0.829582 0.105186 -0.004545
94300 -9337.92884926 1472.65881069 0.404577 5.9753 0.829582 0.105186 0.017312
94400 -9310.74436312 1428.37576715 0.392411 5.9753 0.829582 0.105186 0.059063
94500 -9321.14728036 1477.65738862 0.405950 5.9753 0.824257 0.105559 0.038925
94600 -9345.31211907 1459.96704506 0.401090 5.9753 0.824257 0.105559 -0.011068
94700 -9324.86778873 1474.64492455 0.405122 5.9753 0.824257 0.105559 0.005533
94800 -9324.61107417 1448.82524664 0.398029 5.9753 0.824257 0.105559 0.029873
94900 -9360.41146377 1473.29319068 0.404751 5.9753 0.824257 0.105559 -0.047859
95000 -9368.02872313 1436.36003530 0.394604 5.9797 0.848351 0.100478 -0.059148
95100 -9344.41195445 1402.68909076 0.385354 5.9797 0.848351 0.100478 0.019433
95200 -9412.56203491 1481.59573207 0.407032 5.9797 0.848351 0.100478 -0.105880
95300 -9362.03555544 1434.63063866 0.394129 5.9797 0.848351 0.100478 0.007153
95400 -9367.69954390 1457.70115069 0.400467 5.9797 0.848351 0.100478 -0.002555
95500 -9368.76784721 1487.53024928 0.408662 5.9813 0.839054 0.103389 0.001352
95600 -9382.90163780 1457.65129927 0.400454 5.9813 0.839054 0.103389 -0.023753
95700 -9373.69768179 1399.90384687 0.384589 5.9813 0.839054 0.103389 -0.016306
95800 -9413.24509132 1468.81786778 0.403521 5.9813 0.839054 0.103389 -0.042484
95900 -9380.81796157 1463.79763220 0.402142 5.9813 0.839054 0.103389 0.028888
96000 -9373.90444144 1452.04965352 0.398915 5.9775 0.840203 0.102849 0.026305
96100 -9409.60124124 1443.95390261 0.396691 5.9775 0.840203 0.102849 -0.064367
96200 -9381.10511993 1440.99390672 0.395877 5.9775 0.840203 0.102849 0.015545
96300 -9380.77153896 1417.57109608 0.389443 5.9775 0.840203 0.102849 -0.000533
96400 -9402.86781349 1415.14186805 0.388775 5.9775 0.840203 0.102849 -0.009348
96500 -9420.94353911 1439.35739881 0.395428 5.9841 0.841090 0.102332 -0.034829
96600 -9396.00417843 1427.20544632 0.392089 5.9841 0.841090 0.102332 0.015157
96700 -9410.67306891 1463.79135794 0.402140 5.9841 0.841090 0.102332 0.012484
96800 -9404.58415689 1451.48727309 0.398760 5.9841 0.841090 0.102332 -0.009524
96900 -9384.28408677 1448.95950068 0.398066 5.9841 0.841090 0.102332 0.037836
97000 -9413.66952425 1427.64503265 0.392210 5.9813 0.840874 0.101449 -0.040105
97100 -9392.19062270 1417.60655436 0.389452 5.9813 0.840874 0.101449 0.027767
97200 -9402.08084621 1430.97460683 0.393125 5.9813 0.840874 0.101449 0.015305
97300 -9369.73424062 1442.37475394 0.396257 5.9813 0.840874 0.101449 0.043718
97400 -9392.01082664 1452.25733422 0.398972 5.9813 0.840874 0.101449 -0.010926
97500 -9368.12788800 1422.90678790 0.390908 5.9835 0.837991 0.101284 0.035351
97600 -9403.31640653 1467.12489243 0.403056 5.9835 0.837991 0.101284 -0.022429
97700 -9413.55791276 1472.07694984 0.404417 5.9835 0.837991 0.101284 -0.039575
97800 -9390.07974346 1466.13031215 0.402783 5.9835 0.837991 0.101284 -0.007810
97900 -9342.81147371 1441.29134142 0.395959 5.9835 0.837991 0.101284 0.101239
98000 -9369.80847234 1466.67257203 0.402932 5.9813 0.838254 0.102854 0.016279
98100 -9339.31077413 1443.39239888 0.396536 5.9813 0.838254 0.102854 0.063914
98200 -9365.28701834 1496.96403824 0.411254 5.9813 0.838254 0.102854 0.027324
98300 -9342.50570878 1459.14908946 0.400865 5.9813 0.838254 0.102854 0.051703
98400 -9361.46350782 1462.79256346 0.401866 5.9813 0.838254 0.102854 0.010120
98500 -9387.94672200 1447.50461638 0.397666 5.9742 0.834090 0.104099 -0.040219
98600 -9401.20930860 1452.00037530 0.398901 5.9742 0.834090 0.104099 -0.056425
98700 -9410.11599045 1464.21494854 0.402257 5.9742 0.834090 0.104099 -0.069072
98800 -9389.42795047 1433.88778980 0.393925 5.9742 0.834090 0.104099 -0.014428
98900 -9420.84543619 1472.76712605 0.404606 5.9742 0.834090 0.104099 -0.042811
99000 -9344.27077128 1433.24979824 0.393750 5.9791 0.830748 0.105045 0.077789
99100 -9344.54396550 1449.26896378 0.398151 5.9791 0.830748 0.105045 0.071146
99200 -9355.75477582 1493.32190677 0.410253 5.9791 0.830748 0.105045 0.050967
99300 -9341.33514880 1467.10041287 0.403050 5.9791 0.830748 0.105045 0.052697
99400 -9345.11125709 1466.67343949 0.402932 5.9791 0.830748 0.105045 0.031947
99500 -9371.97935823 1460.12797260 0.401134 5.9769 0.830572 0.104852 -0.027621
99600 -9395.41348094 1464.25249308 0.402267 5.9769 0.830572 0.104852 -0.064153
99700 -9404.91465574 1443.56351479 0.396583 5.9769 0.830572 0.104852 -0.076524
99800 -9396.78999005 1446.30861018 0.397338 5.9769 0.830572 0.104852 -0.046653
99900 -9394.47158540 1418.23334758 0.389625 5.9769 0.830572 0.104852 -0.026654
100000 -9402.12277924 1430.81211733 0.393080 5.9786 0.840412 0.102572 -0.010226
100100 -9369.42928379 1422.59080968 0.390822 5.9786 0.840412 0.102572 0.059284
100200 -9378.05341230 1407.64047691 0.386714 5.9786 0.840412 0.102572 0.040859
100300 -9393.90435680 1414.87516526 0.388702 5.9786 0.840412 0.102572 0.009726
100400 -9374.40128958 1415.39247919 0.388844 5.9786 0.840412 0.102572 0.065198
100500 -9380.05309818 1453.00227906 0.399176 5.9868 0.836460 0.101781 0.026479
100600 -9367.94145497 1447.48045625 0.397659 5.9868 0.836460 0.101781 0.048111
100700 -9375.88788601 1464.16269866 0.402242 5.9868 0.836460 0.101781 0.037583
100800 -9383.72115797 1446.48957347 0.397387 5.9868 0.836460 0.101781 0.005325
100900 -9363.32315728 1457.74658671 0.400480 5.9868 0.836460 0.101781 0.040497
101000 -9364.04012271 1470.35898851 0.403945 5.9797 0.836312 0.102850 0.028175
101100 -9409.93624929 1456.64806463 0.400178 5.9797 0.836312 0.102850 -0.069861
101200 -9427.55393368 1469.49943786 0.403709 5.9797 0.836312 0.102850 -0.086904
101300 -9410.32021121 1473.05035305 0.404684 5.9797 0.836312 0.102850 -0.037634
101400 -9380.80056666 1451.23865780 0.398692 5.9797 0.836312 0.102850 0.013008
101500 -9389.30551184 1451.33958087 0.398720 5.9791 0.835218 0.103150 -0.022370
101600 -9378.56740048 1463.75293111 0.402130 5.9791 0.835218 0.103150 -0.003044
101700 -9354.56513663 1432.44498291 0.393529 5.9791 0.835218 0.103150 0.046632
101800 -9399.67272496 1470.99771520 0.404120 5.9791 0.835218 0.103150 -0.041100
101900 -9346.53388122 1438.80439785 0.395276 5.9791 0.835218 0.103150 0.065373
102000 -9341.87180956 1480.43167717 0.406712 5.9775 0.830834 0.103421 0.073348
102100 -9382.02624670 1485.85079882 0.408201 5.9775 0.830834 0.103421 -0.017183
102200 -9338.51481514 1418.02814021 0.389568 5.9775 0.830834 0.103421 0.064005
102300 -9356.89902001 1477.66506909 0.405952 5.9775 0.830834 0.103421 0.038458
102400 -9360.41431253 1468.24547906 0.403364 5.9775 0.830834 0.103421 -0.004968
102500 -9328.49788679 1452.17113697 0.398948 5.9874 0.831927 0.101453 0.043508
102600 -9374.98420173 1465.99551883 0.402746 5.9874 0.831927 0.101453 -0.034598
102700 -9336.10663082 1423.17849074 0.390983 5.9874 0.831927 0.101453 0.052616
102800 -9358.04249181 1443.62455570 0.396600 5.9874 0.831927 0.101453 0.014937
102900 -9361.88444712 1419.18091009 0.389885 5.9874 0.831927 0.101453 -0.005657
103000 -9378.59809818 1456.06300212 0.400017 5.9786 0.835884 0.103200 -0.033921
103100 -9397.21270610 1461.01509852 0.401378 5.9786 0.835884 0.103200 -0.080628
103200 -9393.39427360 1445.46898003 0.397107 5.9786 0.835884 0.103200 -0.035240
103300 -9362.87413348 1470.38783292 0.403953 5.9786 0.835884 0.103200 0.020378
103400 -9373.31889648 1472.58456448 0.404556 5.9786 0.835884 0.103200 -0.016867
103500 -9358.94494866 1446.52595167 0.397397 5.9769 0.831197 0.104392 0.016038
103600 -9341.21740825 1417.30121382 0.389368 5.9769 0.831197 0.104392 0.034849
103700 -9365.73559650 1432.77773194 0.393620 5.9769 0.831197 0.104392 -0.006882
103800 -9362.17109054 1496.50982904 0.411129 5.9769 0.831197 0.104392 -0.003786
103900 -9368.08264573 1458.96855945 0.400816 5.9769 0.831197 0.104392 -0.026275
104000 -9342.55501034 1431.68600770 0.393320 5.9835 0.827492 0.103548 0.034391
104100 -9394.75450785 1447.70693063 0.397722 5.9835 0.827492 0.103548 -0.083689
104200 -9380.82749626 1439.96055268 0.395594 5.9835 0.827492 0.103548 -0.006833
104300 -9402.67699787 1445.22711688 0.397040 5.9835 0.827492 0.103548 -0.060739
104400 -9383.12714899 1417.79305927 0.389504 5.9835 0.827492 0.103548 -0.014779
104500 -9384.31732944 1429.17620726 0.392631 5.9780 0.833871 0.103927 -0.000074
104600 -9404.80115218 1428.99927619 0.392582 5.9780 0.833871 0.103927 -0.043430
104700 -9374.38779692 1437.90704932 0.395029 5.9780 0.833871 0.103927 0.019548
104800 -9366.95964512 1449.53619620 0.398224 5.9780 0.833871 0.103927 0.040869
104900 -9381.81899536 1418.64521231 0.389738 5.9780 0.833871 0.103927 0.004289
105000 -9390.77588564 1427.98332961 0.392303 5.9852 0.840301 0.102344 -0.014196
105100 -9378.54531367 1448.14748847 0.397843 5.9852 0.840301 0.102344 0.035167
105200 -9395.73707680 1448.67473412 0.397988 5.9852 0.840301 0.102344 -0.002937
105300 -9388.16491137 1440.48388139 0.395737 5.9852 0.840301 0.102344 -0.008531
105400 -9361.95360324 1417.49248833 0.389421 5.9852 0.840301 0.102344 0.059990
105500 -9362.99881007 1468.78336077 0.403512 5.9791 0.835128 0.103090 0.053707
105600 -9378.32962176 1477.61790293 0.405939 5.9791 0.835128 0.103090 0.010777
105700 -9361.24863593 1463.93628192 0.402180 5.9791 0.835128 0.103090 0.004333
105800 -9400.94290752 1472.43634395 0.404515 5.9791 0.835128 0.103090 -0.056339
105900 -9348.80057219 1458.33941516 0.400643 5.9791 0.835128 0.103090 0.057655
106000 -9349.26186426 1475.10029720 0.405247 5.9742 0.835660 0.105095 0.050020
106100 -9354.29230642 1444.02518618 0.396710 5.9742 0.835660 0.105095 0.025732
106200 -9362.26594132 1435.88750426 0.394475 5.9742 0.835660 0.105095 -0.002804
106300 -9380.48812626 1457.39079472 0.400382 5.9742 0.835660 0.105095 -0.022974
106400 -9340.50723119 1437.38603954 0.394886 5.9742 0.835660 0.105095 0.051008
106500 -9367.48292930 1498.97608658 0.411807 5.9797 0.837356 0.102629 0.013363
106600 -9370.39766790 1436.85770367 0.394741 5.9797 0.837356 0.102629 -0.022104
106700 -9359.01590451 1426.68016544 0.391945 5.9797 0.837356 0.102629 0.021676
106800 -9365.18745757 1447.56987221 0.397684 5.9797 0.837356 0.102629 0.012714
106900 -9332.46713107 1441.84375968 0.396111 5.9797 0.837356 0.102629 0.042439
107000 -9387.51531998 1479.20578472 0.406375 5.9841 0.838737 0.102898 -0.063327
107100 -9356.85709589 1450.13216933 0.398388 5.9841 0.838737 0.102898 0.020002
107200 -9340.59420403 1405.25217805 0.386058 5.9841 0.838737 0.102898 0.043811
107300 -9334.92635161 1457.67016264 0.400459 5.9841 0.838737 0.102898 0.039194
107400 -9370.38431024 1471.83981609 0.404352 5.9841 0.838737 0.102898 -0.032809
107500 -9390.79661525 1447.88046495 0.397769 5.9808 0.838634 0.101466 -0.067555
107600 -9371.75107689 1450.03690530 0.398362 5.9808 0.838634 0.101466 -0.005548
107700 -9375.69605820 1488.96051322 0.409055 5.9808 0.838634 0.101466 0.016802
107800 -9325.77044200 1450.25570927 0.398422 5.9808 0.838634 0.101466 0.116160
107900 -9361.08350112 1492.95198475 0.410152 5.9808 0.838634 0.101466 -0.001437
108000 -9332.91930682 1427.28711364 0.392112 5.9753 0.828202 0.105695 0.033748
108100 -9353.24579943 1470.87521075 0.404087 5.9753 0.828202 0.105695 0.006468
108200 -9317.75021558 1450.22836098 0.398414 5.9753 0.828202 0.105695 0.038280
108300 -9356.97170249 1500.05055803 0.412102 5.9753 0.828202 0.105695 -0.022313
108400 -9313.77544357 1471.12415741 0.404155 5.9753 0.828202 0.105695 0.048305
108500 -9357.01779040 1465.07857680 0.402494 5.9819 0.833371 0.104409 -0.040296
108600 -9337.81145799 1486.86021615 0.408478 5.9819 0.833371 0.104409 -0.009144
108700 -9353.33757914 1472.17262881 0.404443 5.9819 0.833371 0.104409 -0.029045
108800 -9361.88167336 1477.20104872 0.405824 5.9819 0.833371 0.104409 -0.043092
108900 -9357.26498990 1465.70681772 0.402667 5.9819 0.833371 0.104409 -0.009439
109000 -9372.27038579 1439.56867472 0.395486 5.9769 0.833939 0.104161 -0.041641
109100 -9350.73260849 1457.12075201 0.400308 5.9769 0.833939 0.104161 0.027793
109200 -9344.99154209 1505.22527738 0.413523 5.9769 0.833939 0.104161 0.017580
109300 -9305.35755153 1432.25107484 0.393476 5.9769 0.833939 0.104161 0.089410
109400 -9330.01792025 1460.63050549 0.401272 5.9769 0.833939 0.104161 0.039220
109500 -9329.32363868 1451.54208366 0.398775 5.9747 0.828409 0.105678 0.008915
109600 -9347.85633761 1414.47927022 0.388593 5.9747 0.828409 0.105678 -0.016575
109700 -9350.88888323 1451.22941645 0.398689 5.9747 0.828409 0.105678 0.007366
109800 -9330.12949002 1424.19270831 0.391262 5.9747 0.828409 0.105678 0.036528
109900 -9344.25578149 1448.78572274 0.398018 5.9747 0.828409 0.105678 0.018942
110000 -9352.06542566 1474.29120315 0.405025 5.9736 0.825909 0.105438 0.026275
110100 -9354.19255392 1464.14634645 0.402238 5.9736 0.825909 0.105438 0.003609
110200 -9356.66907268 1463.19792859 0.401977 5.9736 0.825909 0.105438 -0.007208
110300 -9334.18918346 1440.10563884 0.395633 5.9736 0.825909 0.105438 0.015870
110400 -9374.55323377 1458.17243601 0.400597 5.9736 0.825909 0.105438 -0.063051
110500 -9369.94861140 1428.14793174 0.392348 5.9846 0.834176 0.102948 -0.018334
110600 -9394.08271029 1436.37051129 0.394607 5.9846 0.834176 0.102948 -0.054641
110700 -9392.76760918 1430.15580265 0.392900 5.9846 0.834176 0.102948 -0.021125
110800 -9373.51005088 1432.41763066 0.393521 5.9846 0.834176 0.102948 0.007228
110900 -9365.41307864 1449.16185237 0.398121 5.9846 0.834176 0.102948 0.022749
111000 -9370.88803355 1459.70423891 0.401018 5.9918 0.834496 0.101543 -0.021071
111100 -9390.26324967 1459.51670214 0.400966 5.9918 0.834496 0.101543 -0.026097
111200 -9368.45574356 1441.52862286 0.396024 5.9918 0.834496 0.101543 0.024921
111300 -9388.40949384 1453.85177894 0.399410 5.9918 0.834496 0.101543 -0.024555
111400 -9367.58298867 1450.18839199 0.398403 5.9918 0.834496 0.101543 0.026854
111500 -9377.27755595 1461.07674197 0.401395 5.9819 0.832205 0.104224 -0.003837
111600 -9356.70262991 1450.12621187 0.398386 5.9819 0.832205 0.104224 0.020319
111700 -9351.09352896 1434.48665051 0.394090 5.9819 0.832205 0.104224 0.037071
111800 -9369.33285677 1449.01920825 0.398082 5.9819 0.832205 0.104224 0.001992
111900 -9398.28968875 1470.58618083 0.404007 5.9819 0.832205 0.104224 -0.063661
112000 -9405.25487660 1505.50194500 0.413599 5.9852 0.841572 0.101925 -0.034074
112100 -9373.39780981 1444.07294168 0.396723 5.9852 0.841572 0.101925 -0.003882
112200 -9364.78727961 1425.68338874 0.391671 5.9852 0.841572 0.101925 0.001448
112300 -9366.75009338 1435.27919122 0.394307 5.9852 0.841572 0.101925 0.008463
112400 -9371.72567928 1445.18556396 0.397029 5.9852 0.841572 0.101925 0.023285
112500 -9380.42520099 1437.19856854 0.394835 5.9813 0.840111 0.102733 0.016998
112600 -9376.36715539 1444.58755907 0.396865 5.9813 0.840111 0.102733 0.028780
112700 -9386.38483003 1442.99468929 0.396427 5.9813 0.840111 0.102733 0.003192
112800 -9379.81285122 1426.05527296 0.391773 5.9813 0.840111 0.102733 0.013035
112900 -9348.55619896 1431.01875465 0.393137 5.9813 0.840111 0.102733 0.069850
113000 -9404.07903298 1416.56336369 0.389166 5.9709 0.840873 0.101527 -0.045895
113100 -9361.63125672 1408.84432029 0.387045 5.9709 0.840873 0.101527 0.055955
113200 -9376.60574236 1452.69455758 0.399092 5.9709 0.840873 0.101527 0.011594
113300 -9353.21080202 1457.17224755 0.400322 5.9709 0.840873 0.101527 0.056065
113400 -9345.70711073 1471.91204958 0.404371 5.9709 0.840873 0.101527 0.060931
113500 -9322.84785991 1430.29988421 0.392940 5.9703 0.825473 0.107150 0.083238
113600 -9340.47448098 1445.56854922 0.397134 5.9703 0.825473 0.107150 0.044678
113700 -9349.60236446 1483.64289469 0.407594 5.9703 0.825473 0.107150 0.027922
113800 -9345.55875295 1451.70274322 0.398819 5.9703 0.825473 0.107150 -0.013893
113900 -9334.59166581 1445.66839299 0.397162 5.9703 0.825473 0.107150 0.017331
114000 -9347.17022283 1456.55184892 0.400152 5.9819 0.838007 0.101429 -0.008758
114100 -9346.07424499 1419.35172012 0.389932 5.9819 0.838007 0.101429 -0.006689
114200 -9365.02349929 1470.92926940 0.404101 5.9819 0.838007 0.101429 -0.030462
114300 -9350.20205563 1445.56368130 0.397133 5.9819 0.838007 0.101429 0.020376
114400 -9348.98535978 1471.72186087 0.404319 5.9819 0.838007 0.101429 0.018458
114500 -9369.05225459 1499.64243238 0.411990 5.9703 0.828064 0.104147 -0.018848
114600 -9365.61873474 1470.20478375 0.403902 5.9703 0.828064 0.104147 -0.018201
114700 -9310.59163512 1428.69361382 0.392498 5.9703 0.828064 0.104147 0.085168
114800 -9341.24973771 1487.64676029 0.408694 5.9703 0.828064 0.104147 0.011945
114900 -9353.96443172 1438.98390685 0.395325 5.9703 0.828064 0.104147 -0.038681
115000 -9397.06744801 1435.70698575 0.394425 5.9857 0.844304 0.100391 -0.106657
115100 -9373.04892809 1447.66613565 0.397710 5.9857 0.844304 0.100391 -0.031131
115200 -9382.64938562 1455.49930895 0.399862 5.9857 0.844304 0.100391 -0.039814
115300 -9378.48753495 1435.40727347 0.394343 5.9857 0.844304 0.100391 -0.034271
115400 -9355.17272660 1468.13270554 0.403333 5.9857 0.844304 0.100391 0.043448
115500 -9355.32010877 1450.26872207 0.398425 5.9835 0.836119 0.103514 0.023480
115600 -9362.25919017 1445.22369211 0.397039 5.9835 0.836119 0.103514 0.040329
115700 -9402.72369785 1473.52931950 0.404816 5.9835 0.836119 0.103514 -0.063715
115800 -9395.49391413 1475.66680392 0.405403 5.9835 0.836119 0.103514 -0.051773
115900 -9371.01466309 1432.29733260 0.393488 5.9835 0.836119 0.103514 0.007110
116000 -9387.36556124 1469.39829097 0.403681 5.9813 0.835840 0.101385 -0.043285
116100 -9374.16406046 1426.93591549 0.392015 5.9813 0.835840 0.101385 -0.012022
116200 -9393.32969908 1441.25893817 0.395950 5.9813 0.835840 0.101385 -0.050639
116300 -9399.68664436 1465.15570571 0.402515 5.9813 0.835840 0.101385 -0.055587
116400 -9380.46002677 1462.97963280 0.401917 5.9813 0.835840 0.101385 -0.011537
116500 -9394.38057966 1473.72424856 0.404869 5.9824 0.841814 0.102275 -0.033516
116600 -9337.17619812 1424.66812858 0.391392 5.9824 0.841814 0.102275 0.089339
116700 -9430.11849413 1424.53750996 0.391356 5.9824 0.841814 0.102275 -0.091306
116800 -9434.53277389 1437.12658885 0.394815 5.9824 0.841814 0.102275 -0.080328
116900 -9401.55945615 1440.72532973 0.395804 5.9824 0.841814 0.102275 0.007263
117000 -9425.74585541 1449.52502799 0.398221 5.9863 0.844558 0.099617 -0.055514
117100 -9411.79250837 1459.75227505 0.401031 5.9863 0.844558 0.099617 -0.005676
117200 -9420.05523230 1487.23188162 0.408580 5.9863 0.844558 0.099617 -0.023958
117300 -9425.51595766 1455.53893326 0.399873 5.9863 0.844558 0.099617 -0.042885
117400 -9418.57686404 1421.63889073 0.390560 5.9863 0.844558 0.099617 -0.012636
117500 -9414.34724373 1437.71913081 0.394978 5.9731 0.833064 0.103885 0.010313
117600 -9432.52930331 1474.92781335 0.405200 5.9731 0.833064 0.103885 -0.058714
117700 -9409.97094111 1466.63766114 0.402922 5.9731 0.833064 0.103885 -0.007172
117800 -9376.27585846 1456.89891875 0.400247 5.9731 0.833064 0.103885 0.064164
117900 -9402.95905743 1469.19581560 0.403625 5.9731 0.833064 0.103885 -0.019323
118000 -9417.82805201 1457.31163502 0.400360 5.9830 0.839063 0.101218 -0.046075
118100 -9391.96325304 1445.79126343 0.397195 5.9830 0.839063 0.101218 0.011536
118200 -9372.12591107 1436.10772408 0.394535 5.9830 0.839063 0.101218 0.055015
118300 -9375.14164350 1481.14827384 0.406909 5.9830 0.839063 0.101218 0.053792
118400 -9394.53508343 1506.96229647 0.414001 5.9830 0.839063 0.101218 -0.006860
118500 -9390.27823564 1452.48449834 0.399034 5.9775 0.837134 0.104615 -0.020879
118600 -9374.61777584 1440.00557736 0.395606 5.9775 0.837134 0.104615 0.014880
118700 -9399.03602108 1437.70300009 0.394973 5.9775 0.837134 0.104615 -0.034104
118800 -9400.11684880 1451.13976588 0.398665 5.9775 0.837134 0.104615 -0.028490
118900 -9365.56535176 1400.74088800 0.384819 5.9775 0.837134 0.104615 0.037677
119000 -9363.10524880 1429.85975535 0.392819 5.9791 0.836953 0.103481 0.035382
119100 -9373.59627145 1417.43492527 0.389405 5.9791 0.836953 0.103481 0.013357
119200 -9417.41584711 1465.02922662 0.402481 5.9791 0.836953 0.103481 -0.061376
119300 -9410.98905351 1435.82502454 0.394457 5.9791 0.836953 0.103481 -0.018078
119400 -9427.27570497 1449.42631619 0.398194 5.9791 0.836953 0.103481 -0.032201
119500 -9371.87673758 1481.53061131 0.407014 5.9824 0.838020 0.101662 0.075519
119600 -9356.20792232 1474.15943621 0.404989 5.9824 0.838020 0.101662 0.067838
119700 -9375.75625569 1476.15437035 0.405537 5.9824 0.838020 0.101662 0.016032
119800 -9340.56496470 1457.25230091 0.400344 5.9824 0.838020 0.101662 0.067495
119900 -9356.07494413 1473.65760373 0.404851 5.9824 0.838020 0.101662 0.046197
120000 -9352.20698710 1463.43842664 0.402044 5.9780 0.836851 0.104582 0.007940
120100 -9339.63180371 1442.18703211 0.396205 5.9780 0.836851 0.104582 0.031956
120200 -9356.30539229 1492.70383269 0.410083 5.9780 0.836851 0.104582 0.004365
120300 -9357.80680087 1456.92139521 0.400253 5.9780 0.836851 0.104582 -0.016261
120400 -9324.65659417 1444.44318125 0.396825 5.9780 0.836851 0.104582 0.051851
120500 -9312.94952191 1435.61372323 0.394399 5.9830 0.823912 0.105261 0.066841
120600 -9349.81591849 1476.27467380 0.405570 5.9830 0.823912 0.105261 -0.002904
120700 -9326.17003693 1466.18901936 0.402799 5.9830 0.823912 0.105261 0.036231
120800 -9307.27832125 1470.46155026 0.403973 5.9830 0.823912 0.105261 0.079896
120900 -9334.19284395 1473.03774461 0.404681 5.9830 0.823912 0.105261 0.007330
121000 -9355.29919403 1486.51211403 0.408382 5.9780 0.832420 0.102840 -0.035005
121100 -9338.62969045 1465.17620244 0.402521 5.9780 0.832420 0.102840 -0.004819
121200 -9348.03929376 1444.45894774 0.396829 5.9780 0.832420 0.102840 -0.006431
121300 -9346.41681336 1436.86526127 0.394743 5.9780 0.832420 0.102840 -0.027499
121400 -9362.80549449 1464.17092272 0.402245 5.9780 0.832420 0.102840 -0.046679
121500 -9356.68054535 1429.37209575 0.392685 5.9780 0.835402 0.105309 -0.040093
121600 -9369.31036858 1443.75817500 0.396637 5.9780 0.835402 0.105309 -0.028333
121700 -9387.82518155 1465.40966124 0.402585 5.9780 0.835402 0.105309 -0.068789
121800 -9401.22592219 1435.53476395 0.394378 5.9780 0.835402 0.105309 -0.082679
121900 -9392.80775119 1470.70438031 0.404040 5.9780 0.835402 0.105309 -0.048426
122000 -9389.32383316 1473.62338460 0.404842 5.9824 0.836313 0.102566 -0.046711
122100 -9364.60784172 1472.62664061 0.404568 5.9824 0.836313 0.102566 0.017061
122200 -9362.72698997 1413.85493680 0.388422 5.9824 0.836313 0.102566 0.017215
122300 -9391.55642483 1427.07128626 0.392053 5.9824 0.836313 0.102566 -0.024981
122400 -9364.89209951 1425.52856224 0.391629 5.9824 0.836313 0.102566 0.064496
122500 -9383.42355170 1471.82108509 0.404346 5.9824 0.836936 0.100539 0.017847
122600 -9364.71481446 1438.51739638 0.395197 5.9824 0.836936 0.100539 0.027128
122700 -9388.97817766 1449.30530236 0.398161 5.9824 0.836936 0.100539 -0.020674
122800 -9386.03267170 1466.97222455 0.403014 5.9824 0.836936 0.100539 -0.024850
122900 -9358.31750555 1416.06790447 0.389030 5.9824 0.836936 0.100539 0.048544
123000 -9374.24273413 1433.79733787 0.393900 5.9846 0.837366 0.101130 0.012002
123100 -9379.93447403 1446.79052644 0.397470 5.9846 0.837366 0.101130 0.017080
123200 -9390.10318777 1461.58987342 0.401536 5.9846 0.837366 0.101130 -0.008041
123300 -9367.25446520 1472.51058898 0.404536 5.9846 0.837366 0.101130 0.048357
123400 -9390.77841802 1482.76555629 0.407353 5.9846 0.837366 0.101130 0.005406
123500 -9380.02298234 1448.92464556 0.398056 5.9819 0.837422 0.101476 -0.008639
123600 -9372.09836788 1470.79432557 0.404064 5.9819 0.837422 0.101476 0.027988
123700 -9346.96062475 1461.39100200 0.401481 5.9819 0.837422 0.101476 0.047718
123800 -9377.95351222 1495.98745422 0.410986 5.9819 0.837422 0.101476 -0.015277
123900 -9346.67707653 1462.77434181 0.401861 5.9819 0.837422 0.101476 0.035083
124000 -9354.87132470 1435.19684826 0.394285 5.9852 0.838846 0.103377 0.007382
124100 -9382.04641693 1440.60615563 0.395771 5.9852 0.838846 0.103377 -0.033052
124200 -9380.87263658 1453.94601460 0.399436 5.9852 0.838846 0.103377 -0.031557
124300 -9357.05102271 1475.40753587 0.405332 5.9852 0.838846 0.103377 0.021974
124400 -9388.16549372 1447.75072794 0.397734 5.9852 0.838846 0.103377 -0.029440
124500 -9393.25326646 1452.78927819 0.399118 5.9819 0.836640 0.100860 -0.017732
124600 -9362.72954691 1485.70719082 0.408161 5.9819 0.836640 0.100860 0.041183
124700 -9395.27986376 1452.14994137 0.398942 5.9819 0.836640 0.100860 -0.043446
124800 -9391.92683044 1472.84995033 0.404629 5.9819 0.836640 0.100860 -0.012080
124900 -9368.45127397 1422.71792238 0.390857 5.9819 0.836640 0.100860 0.005892
125000 -9364.56980424 1417.06044685 0.389302 5.9830 0.841393 0.103339 0.013810
125100 -9417.06597078 1447.28972193 0.397607 5.9830 0.841393 0.103339 -0.083358
125200 -9388.04317610 1428.94984583 0.392569 5.9830 0.841393 0.103339 -0.005289
125300 -9417.01719927 1458.91152803 0.400800 5.9830 0.841393 0.103339 -0.051779
125400 -9355.61281543 1460.96596206 0.401364 5.9830 0.841393 0.103339 0.085252
125500 -9370.99568683 1455.25164858 0.399794 5.9780 0.839223 0.102598 0.027265
125600 -9366.11559163 1456.07512405 0.400021 5.9780 0.839223 0.102598 0.032810
125700 -9357.82551607 1457.35005464 0.400371 5.9780 0.839223 0.102598 0.049902
125800 -9397.43582484 1475.38357749 0.405325 5.9780 0.839223 0.102598 -0.034763
125900 -9370.22357492 1440.34666647 0.395700 5.9780 0.839223 0.102598 0.013976
126000 -9360.48867973 1440.72973770 0.395805 5.9802 0.833712 0.103903 0.030363
126100 -9377.42530705 1484.26971461 0.407766 5.9802 0.833712 0.103903 0.003449
126200 -9382.61020178 1485.52340904 0.408111 5.9802 0.833712 0.103903 -0.015476
126300 -9379.13519234 1483.31196648 0.407503 5.9802 0.833712 0.103903 -0.006834
126400 -9312.56533719 1424.79302923 0.391427 5.9802 0.833712 0.103903 0.096551
126500 -9344.52780260 1509.27810421 0.414637 5.9775 0.827141 0.105044 0.018535
126600 -9331.63183384 1445.76924330 0.397189 5.9775 0.827141 0.105044 0.042548
126700 -9335.67106500 1496.91101650 0.411239 5.9775 0.827141 0.105044 0.030594
126800 -9339.54053370 1457.66335275 0.400457 5.9775 0.827141 0.105044 0.017113
126900 -9333.13219675 1424.35214938 0.391306 5.9775 0.827141 0.105044 0.026463
127000 -9341.02160074 1460.53241110 0.401245 5.9786 0.829379 0.104028 0.000563
127100 -9337.48450253 1408.18593636 0.386864 5.9786 0.829379 0.104028 0.006704
127200 -9357.67779050 1436.74685744 0.394711 5.9786 0.829379 0.104028 -0.016325
127300 -9362.92336292 1430.50539921 0.392996 5.9786 0.829379 0.104028 -0.026293
127400 -9368.33523814 1463.06884965 0.401942 5.9786 0.829379 0.104028 -0.030773
127500 -9356.25798264 1430.76530784 0.393067 5.9725 0.838036 0.104558 0.026692
127600 -9348.65790315 1434.89956757 0.394203 5.9725 0.838036 0.104558 0.037819
127700 -9357.10466658 1460.55919785 0.401253 5.9725 0.838036 0.104558 0.009522
127800 -9338.16490082 1472.87828660 0.404637 5.9725 0.838036 0.104558 0.044831
127900 -9350.13275267 1481.01479302 0.406872 5.9725 0.838036 0.104558 -0.011350
128000 -9309.72615093 1487.26675902 0.408590 5.9692 0.825274 0.107352 0.093545
128100 -9300.91440977 1485.21883091 0.408027 5.9692 0.825274 0.107352 0.053139
128200 -9309.14997919 1457.80587082 0.400496 5.9692 0.825274 0.107352 0.034891
128300 -9278.37333981 1429.54020907 0.392731 5.9692 0.825274 0.107352 0.093124
128400 -9305.77976149 1423.82684532 0.391161 5.9692 0.825274 0.107352 0.003546
128500 -9349.63856304 1469.19480758 0.403625 5.9725 0.830902 0.105875 -0.063661
128600 -9334.40477022 1419.85837601 0.390071 5.9725 0.830902 0.105875 -0.024942
128700 -9352.14277716 1413.29499152 0.388268 5.9725 0.830902 0.105875 -0.053083
128800 -9356.97564142 1424.01654039 0.391213 5.9725 0.830902 0.105875 -0.023153
128900 -9350.32301456 1440.73882847 0.395807 5.9725 0.830902 0.105875 0.011707
129000 -9343.61476088 1472.92758114 0.404650 5.9824 0.835364 0.102303 -0.001810
129100 -9334.49406156 1432.62408918 0.393578 5.9824 0.835364 0.102303 0.011282
129200 -9337.50318137 1463.72205635 0.402121 5.9824 0.835364 0.102303 0.032027
129300 -9336.19610784 1485.50459796 0.408106 5.9824 0.835364 0.102303 0.024103
129400 -9337.22083931 1483.98728768 0.407689 5.9824 0.835364 0.102303 -0.002170
129500 -9353.54258227 1482.49208789 0.407278 5.9709 0.831223 0.106526 -0.031960
129600 -9337.78345957 1454.60100846 0.399616 5.9709 0.831223 0.106526 -0.028371
129700 -9340.78537309 1505.30867028 0.413546 5.9709 0.831223 0.106526 -0.027686
129800 -9307.94966185 1501.72060267 0.412561 5.9709 0.831223 0.106526 0.055573
129900 -9318.43252526 1472.26641255 0.404469 5.9709 0.831223 0.106526 -0.004884
130000 -9333.98030461 1466.55594396 0.402900 5.9731 0.826348 0.105695 -0.007585
130100 -9312.12170042 1462.19031279 0.401701 5.9731 0.826348 0.105695 0.024247
130200 -9334.32694838 1410.96695924 0.387628 5.9731 0.826348 0.105695 -0.012765
130300 -9359.66459864 1443.56550613 0.396584 5.9731 0.826348 0.105695 -0.047013
130400 -9401.27068225 1451.10639721 0.398656 5.9731 0.826348 0.105695 -0.130901
130500 -9394.82685490 1431.15748811 0.393175 5.9808 0.837976 0.102424 -0.072405
130600 -9360.30462572 1420.58126247 0.390270 5.9808 0.837976 0.102424 0.006913
130700 -9408.00225182 1449.45327822 0.398201 5.9808 0.837976 0.102424 -0.082764
130800 -9378.00445987 1453.63931516 0.399351 5.9808 0.837976 0.102424 -0.005676
130900 -9383.05740586 1492.07468903 0.409911 5.9808 0.837976 0.102424 0.007500
131000 -9347.24249272 1463.89166008 0.402168 5.9786 0.834805 0.105366 0.031679
131100 -9354.76117973 1444.30441688 0.396787 5.9786 0.834805 0.105366 0.003487
131200 -9339.93355510 1406.98592563 0.386535 5.9786 0.834805 0.105366 0.060837
131300 -9356.67138068 1459.00738021 0.400826 5.9786 0.834805 0.105366 0.019859
131400 -9362.40347975 1451.97596866 0.398894 5.9786 0.834805 0.105366 0.007044
131500 -9347.57839466 1420.97221191 0.390377 5.9769 0.829524 0.103627 0.012471
131600 -9394.15792343 1459.99945799 0.401099 5.9769 0.829524 0.103627 -0.050351
131700 -9382.44588072 1452.39980637 0.399011 5.9769 0.829524 0.103627 -0.020248
131800 -9375.39023940 1432.54129731 0.393555 5.9769 0.829524 0.103627 -0.025797
131900 -9368.42187563 1463.73459390 0.402125 5.9769 0.829524 0.103627 0.029170
132000 -9367.09726147 1458.74371580 0.400754 5.9780 0.831545 0.105866 0.002586
132100 -9325.68216416 1440.06699910 0.395623 5.9780 0.831545 0.105866 0.079198
132200 -9359.66485097 1451.00639084 0.398628 5.9780 0.831545 0.105866 -0.009366
132300 -9372.70743046 1430.84354587 0.393089 5.9780 0.831545 0.105866 -0.017132
132400 -9422.20241854 1432.62953990 0.393580 5.9780 0.831545 0.105866 -0.113899
132500 -9411.88982126 1398.07560649 0.384087 5.9841 0.838405 0.103173 -0.086780
132600 -9414.88027160 1427.61769592 0.392203 5.9841 0.838405 0.103173 -0.054320
132700 -9402.88256917 1421.77088446 0.390596 5.9841 0.838405 0.103173 -0.029601
132800 -9393.27715294 1417.05541687 0.389301 5.9841 0.838405 0.103173 0.018198
132900 -9390.59138831 1434.94923282 0.394217 5.9841 0.838405 0.103173 0.019029
133000 -9398.14641190 1465.69671789 0.402664 5.9896 0.841348 0.099387 -0.005986
133100 -9405.43204714 1447.63749839 0.397703 5.9896 0.841348 0.099387 -0.002891
133200 -9417.22695871 1434.93907713 0.394214 5.9896 0.841348 0.099387 -0.028079
133300 -9411.86181906 1470.01912251 0.403851 5.9896 0.841348 0.099387 -0.016535
133400 -9399.69819977 1463.31382729 0.402009 5.9896 0.841348 0.099387 -0.000198
133500 -9396.32675638 1446.95790401 0.397516 5.9819 0.838670 0.103216 -0.006110
133600 -9367.26271589 1425.30287614 0.391567 5.9819 0.838670 0.103216 0.054629
133700 -9371.77757382 1464.75077753 0.402404 5.9819 0.838670 0.103216 0.038976
133800 -9381.46146027 1479.38386936 0.406424 5.9819 0.838670 0.103216 0.014965
133900 -9375.45675056 1448.93892804 0.398060 5.9819 0.838670 0.103216 0.007288
134000 -9396.26260907 1467.61878741 0.403192 5.9857 0.840864 0.102670 -0.060900
134100 -9372.16666191 1444.33186468 0.396794 5.9857 0.840864 0.102670 0.003484
134200 -9384.48566398 1429.85335791 0.392817 5.9857 0.840864 0.102670 -0.020735
134300 -9352.58664905 1444.48907685 0.396838 5.9857 0.840864 0.102670 0.051101
134400 -9357.90354465 1458.99491920 0.400823 5.9857 0.840864 0.102670 0.042546
134500 -9371.82235553 1457.42097008 0.400390 5.9830 0.838256 0.102612 -0.007312
134600 -9376.54829152 1496.46260134 0.411116 5.9830 0.838256 0.102612 -0.003959
134700 -9312.01820463 1440.05923565 0.395621 5.9830 0.838256 0.102612 0.099645
134800 -9363.78799667 1465.41970802 0.402588 5.9830 0.838256 0.102612 -0.014825
134900 -9342.88838302 1487.91010134 0.408767 5.9830 0.838256 0.102612 0.032769
135000 -9359.68438464 1444.99843135 0.396978 5.9808 0.837418 0.103521 -0.021108
135100 -9375.28754860 1509.28045802 0.414637 5.9808 0.837418 0.103521 -0.036968
135200 -9332.94251634 1497.54359605 0.411413 5.9808 0.837418 0.103521 0.039253
135300 -9350.99653426 1484.14188597 0.407731 5.9808 0.837418 0.103521 0.003739
135400 -9353.33459430 1474.10856425 0.404975 5.9808 0.837418 0.103521 -0.013216
135500 -9316.56056925 1457.41868926 0.400390 5.9802 0.828198 0.104611 0.048096
135600 -9317.20224586 1424.51319141 0.391350 5.9802 0.828198 0.104611 0.048804
135700 -9315.60117683 1435.85931486 0.394467 5.9802 0.828198 0.104611 0.052339
135800 -9371.05881796 1477.33302730 0.405861 5.9802 0.828198 0.104611 -0.078997
135900 -9339.67992200 1446.51322927 0.397394 5.9802 0.828198 0.104611 -0.012091
136000 -9346.50516119 1460.82043052 0.401324 5.9808 0.833508 0.104318 -0.013091
136100 -9345.78719576 1432.29473933 0.393488 5.9808 0.833508 0.104318 -0.009684
136200 -9362.01591798 1456.54129318 0.400149 5.9808 0.833508 0.104318 -0.041872
136300 -9372.86666660 1450.87702381 0.398593 5.9808 0.833508 0.104318 -0.051577
136400 -9379.77114440 1449.75582266 0.398285 5.9808 0.833508 0.104318 -0.057309
136500 -9389.45401401 1455.88833405 0.399969 5.9791 0.839536 0.101879 -0.040427
136600 -9342.67036517 1458.82998174 0.400777 5.9791 0.839536 0.101879 0.062547
136700 -9336.49916880 1448.84969746 0.398036 5.9791 0.839536 0.101879 0.017981
136800 -9336.72445588 1480.79788735 0.406813 5.9791 0.839536 0.101879 0.039004
136900 -9334.95896192 1439.87894688 0.395571 5.9791 0.839536 0.101879 0.026001
137000 -9370.06301808 1450.34601004 0.398447 5.9813 0.832221 0.102030 -0.067322
137100 -9343.55585235 1465.80120854 0.402693 5.9813 0.832221 0.102030 0.041451
137200 -9349.20853476 1396.21600935 0.383576 5.9813 0.832221 0.102030 -0.004323
137300 -9358.06547855 1436.48243842 0.394638 5.9813 0.832221 0.102030 0.019491
137400 -9360.40035480 1450.32114765 0.398440 5.9813 0.832221 0.102030 -0.010037
137500 -9372.56299725 1427.31306478 0.392119 5.9802 0.834351 0.103275 -0.009505
137600 -9383.07462899 1441.21267118 0.395938 5.9802 0.834351 0.103275 -0.034994
137700 -9398.50989519 1447.69851679 0.397719 5.9802 0.834351 0.103275 -0.031279
137800 -9387.93254086 1468.58951706 0.403459 5.9802 0.834351 0.103275 0.000882
137900 -9383.75233925 1461.28754642 0.401453 5.9802 0.834351 0.103275 -0.003572
138000 -9393.29032808 1453.57449406 0.399334 5.9802 0.837915 0.101446 -0.018643
138100 -9415.42096746 1469.60747784 0.403738 5.9802 0.837915 0.101446 -0.055962
138200 -9412.43541458 1461.24150387 0.401440 5.9802 0.837915 0.101446 -0.037314
138300 -9406.88832920 1459.91557930 0.401076 5.9802 0.837915 0.101446 -0.041325
138400 -9411.37345186 1442.56675861 0.396310 5.9802 0.837915 0.101446 -0.004228
138500 -9376.95822176 1435.07881251 0.394252 5.9819 0.831568 0.102111 0.049699
138600 -9384.49984452 1409.09131851 0.387113 5.9819 0.831568 0.102111 0.017050
138700 -9360.52881729 1440.59665727 0.395768 5.9819 0.831568 0.102111 0.060312
138800 -9367.43271944 1481.71949288 0.407066 5.9819 0.831568 0.102111 0.053776
138900 -9333.89171162 1431.31039159 0.393217 5.9819 0.831568 0.102111 0.090984
139000 -9337.37334094 1510.76688622 0.415046 5.9819 0.837377 0.103607 0.058521
139100 -9326.07778815 1503.37868507 0.413016 5.9819 0.837377 0.103607 0.067708
139200 -9311.85258624 1470.08179202 0.403869 5.9819 0.837377 0.103607 0.064823
139300 -9331.95946137 1462.65102333 0.401827 5.9819 0.837377 0.103607 0.025633
139400 -9339.19898216 1457.07424730 0.400295 5.9819 0.837377 0.103607 -0.007372
139500 -9364.16239097 1484.06835161 0.407711 5.9830 0.833900 0.103757 -0.069132
139600 -9381.50578174 1466.91505557 0.402999 5.9830 0.833900 0.103757 -0.062687
139700 -9353.85618274 1470.43075582 0.403964 5.9830 0.833900 0.103757 0.008521
139800 -9352.65125660 1476.32061146 0.405583 5.9830 0.833900 0.103757 -0.016240
139900 -9367.54777155 1480.13033379 0.406629 5.9830 0.833900 0.103757 -0.038583
140000 -9327.92405884 1502.95857050 0.412901 5.9808 0.827003 0.105771 0.045320
140100 -9344.28666874 1502.57257165 0.412795 5.9808 0.827003 0.105771 -0.004989
140200 -9318.07808592 1468.20350102 0.403353 5.9808 0.827003 0.105771 0.045519
140300 -9325.01218060 1450.32763612 0.398442 5.9808 0.827003 0.105771 0.012182
140400 -9334.52984225 1438.22660611 0.395117 5.9808 0.827003 0.105771 -0.004330
140500 -9314.09592962 1428.67477684 0.392493 5.9736 0.825232 0.105057 0.051026
140600 -9320.23160411 1426.58733943 0.391920 5.9736 0.825232 0.105057 0.047212
140700 -9324.53271253 1442.38552508 0.396260 5.9736 0.825232 0.105057 0.026610
140800 -9336.70448515 1459.52307752 0.400968 5.9736 0.825232 0.105057 0.011161
140900 -9337.94478038 1424.01021193 0.391212 5.9736 0.825232 0.105057 -0.012337
141000 -9333.38875349 1459.63468433 0.400999 5.9742 0.827642 0.104714 0.013461
141100 -9351.87452764 1482.19696444 0.407197 5.9742 0.827642 0.104714 -0.023669
141200 -9338.60198302 1455.60031022 0.399890 5.9742 0.827642 0.104714 -0.003651
141300 -9305.85905842 1406.53493266 0.386411 5.9742 0.827642 0.104714 0.057919
141400 -9351.41671311 1469.75256132 0.403778 5.9742 0.827642 0.104714 -0.028274
141500 -9330.66489030 1436.25505474 0.394576 5.9725 0.827249 0.105334 0.014081
141600 -9315.49708239 1431.83837902 0.393362 5.9725 0.827249 0.105334 0.026320
141700 -9331.83036262 1499.51218661 0.411954 5.9725 0.827249 0.105334 0.017449
141800 -9344.43376427 1494.32645831 0.410529 5.9725 0.827249 0.105334 -0.037862
141900 -9338.84749527 1479.69106316 0.406509 5.9725 0.827249 0.105334 -0.012013
142000 -9357.26259182 1447.72016690 0.397725 5.9747 0.834300 0.103760 -0.044401
142100 -9345.98939234 1446.28381785 0.397331 5.9747 0.834300 0.103760 -0.008706
142200 -9308.59794326 1412.83790709 0.388142 5.9747 0.834300 0.103760 0.061155
142300 -9318.85101297 1496.10198825 0.411017 5.9747 0.834300 0.103760 0.039526
142400 -9354.28348135 1500.71449535 0.412284 5.9747 0.834300 0.103760 -0.050122
142500 -9352.67199422 1460.20713180 0.401156 5.9731 0.831822 0.103569 -0.022544
142600 -9353.79327398 1469.38660511 0.403678 5.9731 0.831822 0.103569 -0.020020
142700 -9358.29500719 1476.64667051 0.405672 5.9731 0.831822 0.103569 -0.015982
142800 -9306.01700512 1434.09030135 0.393981 5.9731 0.831822 0.103569 0.057442
142900 -9346.73692850 1470.02553413 0.403853 5.9731 0.831822 0.103569 -0.029818
143000 -9384.65551462 1506.54717939 0.413887 5.9824 0.843826 0.100650 -0.080087
143100 -9351.50625653 1409.31956337 0.387176 5.9824 0.843826 0.100650 -0.005727
143200 -9356.45696349 1459.60965202 0.400992 5.9824 0.843826 0.100650 0.029844
143300 -9355.68143444 1464.71484455 0.402394 5.9824 0.843826 0.100650 0.020024
143400 -9337.99911145 1490.00950982 0.409343 5.9824 0.843826 0.100650 0.042414
143500 -9328.50693659 1459.98597368 0.401095 5.9769 0.831121 0.103875 0.052142
143600 -9345.24897052 1445.81689066 0.397202 5.9769 0.831121 0.103875 0.023652
143700 -9386.60364525 1446.06294075 0.397270 5.9769 0.831121 0.103875 -0.061179
143800 -9386.24132898 1452.84331732 0.399133 5.9769 0.831121 0.103875 -0.042608
143900 -9351.39899956 1416.62825038 0.389184 5.9769 0.831121 0.103875 0.038181
144000 -9390.31498357 1434.14412770 0.393996 5.9758 0.834626 0.102836 -0.028671
144100 -9389.91629744 1436.58817158 0.394667 5.9758 0.834626 0.102836 -0.021297
144200 -9377.39933281 1394.10195533 0.382995 5.9758 0.834626 0.102836 0.022735
144300 -9367.68414662 1423.11006422 0.390964 5.9758 0.834626 0.102836 0.048092
144400 -9376.92711721 1404.64508600 0.385892 5.9758 0.834626 0.102836 0.021743
144500 -9406.52171589 1459.63602110 0.400999 5.9846 0.841262 0.100940 -0.047684
144600 -9390.62626115 1468.90126866 0.403544 5.9846 0.841262 0.100940 -0.001574
144700 -9369.96536799 1496.78629321 0.411205 5.9846 0.841262 0.100940 0.024324
144800 -9360.72585798 1480.20263914 0.406649 5.9846 0.841262 0.100940 0.007229
144900 -9374.71264324 1497.58171203 0.411424 5.9846 0.841262 0.100940 -0.011635
145000 -9327.16087953 1441.40926049 0.395992 5.9841 0.833297 0.103367 0.067651
145100 -9375.05740373 1451.04315265 0.398638 5.9841 0.833297 0.103367 -0.004853
145200 -9400.40858127 1448.81466086 0.398026 5.9841 0.833297 0.103367 -0.071255
145300 -9377.36239789 1436.90057712 0.394753 5.9841 0.833297 0.103367 -0.009190
145400 -9388.35657998 1437.32852457 0.394870 5.9841 0.833297 0.103367 -0.031705
145500 -9413.77238719 1447.41088845 0.397640 5.9852 0.837913 0.099490 -0.087593
145600 -9394.64729361 1429.46456838 0.392710 5.9852 0.837913 0.099490 -0.006399
145700 -9402.14574857 1457.42992529 0.400393 5.9852 0.837913 0.099490 -0.022037
145800 -9361.63583688 1498.24616624 0.411606 5.9852 0.837913 0.099490 0.049377
145900 -9395.76532802 1470.00877152 0.403849 5.9852 0.837913 0.099490 -0.017367
146000 -9334.51209073 1433.54793513 0.393832 5.9841 0.828387 0.104276 0.105165
146100 -9357.27643851 1462.02141806 0.401654 5.9841 0.828387 0.104276 0.039183
146200 -9344.41881639 1440.79111273 0.395822 5.9841 0.828387 0.104276 0.039952
146300 -9342.98157689 1439.09013022 0.395354 5.9841 0.828387 0.104276 0.070321
146400 -9363.91929062 1439.67595393 0.395515 5.9841 0.828387 0.104276 -0.015634
146500 -9393.73705447 1457.15273455 0.400317 5.9769 0.839506 0.103938 -0.015440
146600 -9352.61611939 1455.07152205 0.399745 5.9769 0.839506 0.103938 0.034108
146700 -9318.12492363 1452.70702058 0.399095 5.9769 0.839506 0.103938 0.088020
146800 -9364.35330577 1463.45450066 0.402048 5.9769 0.839506 0.103938 -0.005176
146900 -9383.77462730 1460.85803215 0.401335 5.9769 0.839506 0.103938 -0.063188
147000 -9363.76481487 1463.30844846 0.402008 5.9813 0.840275 0.102024 0.002707
147100 -9384.47433318 1475.69719079 0.405411 5.9813 0.840275 0.102024 -0.027207
147200 -9381.17753310 1482.23409350 0.407207 5.9813 0.840275 0.102024 -0.026201
147300 -9385.15543416 1464.72534909 0.402397 5.9813 0.840275 0.102024 -0.030108
147400 -9351.97754573 1418.18486302 0.389611 5.9813 0.840275 0.102024 0.036323
147500 -9356.30513851 1423.72567551 0.391133 5.9841 0.837743 0.102259 0.025439
147600 -9359.10486544 1450.30609244 0.398436 5.9841 0.837743 0.102259 0.020569
147700 -9374.20051061 1450.51849636 0.398494 5.9841 0.837743 0.102259 0.000362
147800 -9379.95467860 1446.20138016 0.397308 5.9841 0.837743 0.102259 -0.008861
147900 -9368.82688962 1437.42581778 0.394897 5.9841 0.837743 0.102259 -0.002334
148000 -9354.90767279 1472.62503790 0.404567 5.9879 0.837512 0.102259 0.043216
148100 -9351.12476621 1465.01118735 0.402476 5.9879 0.837512 0.102259 0.028924
148200 -9367.70589772 1392.99585301 0.382691 5.9879 0.837512 0.102259 -0.029357
148300 -9390.10635117 1439.94936351 0.395590 5.9879 0.837512 0.102259 -0.021868
148400 -9376.76193531 1446.66439423 0.397435 5.9879 0.837512 0.102259 -0.000215
148500 -9382.71861126 1427.62269322 0.392204 5.9874 0.836752 0.102405 -0.029752
148600 -9386.02447524 1407.30998818 0.386624 5.9874 0.836752 0.102405 0.005501
148700 -9360.26566779 1440.29290706 0.395685 5.9874 0.836752 0.102405 0.074553
148800 -9398.04661532 1437.36819676 0.394881 5.9874 0.836752 0.102405 -0.018091
148900 -9396.00077143 1436.21630978 0.394565 5.9874 0.836752 0.102405 0.012562
149000 -9392.40293621 1425.03003267 0.391492 5.9797 0.833343 0.101627 -0.018500
149100 -9349.97460686 1418.27216445 0.389635 5.9797 0.833343 0.101627 0.088618
149200 -9392.04729697 1438.52577976 0.395199 5.9797 0.833343 0.101627 -0.009794
149300 -9396.90676446 1441.39574298 0.395988 5.9797 0.833343 0.101627 -0.033309
149400 -9406.13054669 1455.90765751 0.399975 5.9797 0.833343 0.101627 -0.031304
149500 -9392.85311807 1439.24688064 0.395397 5.9780 0.834862 0.103274 0.016669
149600 -9373.01333272 1439.68039860 0.395517 5.9780 0.834862 0.103274 0.033628
149700 -9397.33223366 1463.36634672 0.402024 5.9780 0.834862 0.103274 -0.011538
149800 -9390.78250789 1464.05625016 0.402213 5.9780 0.834862 0.103274 -0.010049
149900 -9381.01474270 1439.53686771 0.395477 5.9780 0.834862 0.103274 0.008032
150000 -9400.73565164 1469.34763373 0.403667 5.9863 0.844977 0.100702 -0.030077
150100 -9394.37892985 1494.91893732 0.410692 5.9863 0.844977 0.100702 -0.023812
150200 -9387.17688029 1443.05323468 0.396443 5.9863 0.844977 0.100702 -0.018471
150300 -9377.28989376 1453.57957779 0.399335 5.9863 0.844977 0.100702 0.035329
150400 -9357.03465520 1426.52800776 0.391903 5.9863 0.844977 0.100702 0.059948
150500 -9362.64731261 1463.54579715 0.402073 5.9857 0.834918 0.103433 0.023459
150600 -9369.13987494 1479.60885930 0.406486 5.9857 0.834918 0.103433 -0.000806
150700 -9343.94449564 1430.51319917 0.392998 5.9857 0.834918 0.103433 0.038026
150800 -9324.31923588 1453.49491696 0.399312 5.9857 0.834918 0.103433 0.089784
150900 -9348.50052465 1460.77400949 0.401312 5.9857 0.834918 0.103433 0.025006
151000 -9357.06095683 1437.07862466 0.394802 5.9769 0.834887 0.104137 -0.010012
151100 -9370.76970008 1453.74969014 0.399382 5.9769 0.834887 0.104137 -0.021248
151200 -9372.63023310 1484.90674528 0.407941 5.9769 0.834887 0.104137 -0.012088
151300 -9331.66323312 1438.87824270 0.395296 5.9769 0.834887 0.104137 0.076319
151400 -9322.04955528 1450.53299290 0.398498 5.9769 0.834887 0.104137 0.071322
151500 -9361.32866650 1461.30924353 0.401459 5.9780 0.834234 0.103801 -0.014833
151600 -9337.36489949 1445.86179377 0.397215 5.9780 0.834234 0.103801 0.026676
151700 -9358.67557860 1457.62414098 0.400446 5.9780 0.834234 0.103801 -0.018544
151800 -9368.84846198 1469.14111918 0.403610 5.9780 0.834234 0.103801 -0.033287
151900 -9335.99456223 1445.17240067 0.397025 5.9780 0.834234 0.103801 0.019125
152000 -9345.25398393 1437.46805020 0.394909 5.9731 0.831916 0.103273 -0.002403
152100 -9333.06040284 1450.01625301 0.398356 5.9731 0.831916 0.103273 0.027296
152200 -9338.60763345 1435.10251700 0.394259 5.9731 0.831916 0.103273 0.018122
152300 -9370.25040785 1465.61538455 0.402642 5.9731 0.831916 0.103273 -0.058086
152400 -9368.54376179 1421.84702933 0.390617 5.9731 0.831916 0.103273 -0.051583
152500 -9345.97973845 1423.81558048 0.391158 5.9709 0.827335 0.104985 -0.006825
152600 -9356.06388819 1436.92083957 0.394758 5.9709 0.827335 0.104985 -0.000254
152700 -9352.48361397 1454.93301250 0.399707 5.9709 0.827335 0.104985 0.022472
152800 -9321.31697468 1467.16146069 0.403066 5.9709 0.827335 0.104985 0.081553
152900 -9340.61454236 1474.31090056 0.405030 5.9709 0.827335 0.104985 0.026093
153000 -9332.41218273 1482.72469249 0.407342 5.9681 0.828170 0.105679 0.036931
153100 -9330.80928465 1471.35793211 0.404219 5.9681 0.828170 0.105679 0.009785
153200 -9297.58879666 1461.52291330 0.401517 5.9681 0.828170 0.105679 0.028449
153300 -9364.83031326 1466.08360353 0.402770 5.9681 0.828170 0.105679 -0.074158
153400 -9301.47964138 1460.34207878 0.401193 5.9681 0.828170 0.105679 0.050901
153500 -9324.82236326 1488.41668672 0.408906 5.9758 0.827992 0.105164 0.011191
153600 -9328.01991263 1426.70034268 0.391951 5.9758 0.827992 0.105164 -0.019441
153700 -9367.95543939 1457.45378815 0.400399 5.9758 0.827992 0.105164 -0.078443
153800 -9336.98340772 1468.48460188 0.403430 5.9758 0.827992 0.105164 0.007381
153900 -9323.55982855 1447.58786630 0.397689 5.9758 0.827992 0.105164 0.022364
154000 -9322.22417253 1457.94087039 0.400533 5.9648 0.825190 0.106279 0.039374
154100 -9322.12695946 1460.55291101 0.401251 5.9648 0.825190 0.106279 0.038337
154200 -9344.54990587 1459.09268192 0.400850 5.9648 0.825190 0.106279 -0.004922
154300 -9368.42338770 1437.44283597 0.394902 5.9648 0.825190 0.106279 -0.053722
154400 -9332.43123929 1398.13118917 0.384102 5.9648 0.825190 0.106279 0.003582
154500 -9350.29595336 1401.95647835 0.385153 5.9747 0.829747 0.106377 -0.014618
154600 -9368.79449280 1477.90347456 0.406017 5.9747 0.829747 0.106377 -0.038268
154700 -9371.73950706 1481.02185269 0.406874 5.9747 0.829747 0.106377 -0.044436
154800 -9380.29010266 1467.98781118 0.403293 5.9747 0.829747 0.106377 -0.032719
154900 -9346.70882360 1419.10403065 0.389864 5.9747 0.829747 0.106377 0.017022
155000 -9383.93479520 1444.77561204 0.396916 5.9681 0.834671 0.103966 -0.022075
155100 -9391.03274606 1407.80169249 0.386759 5.9681 0.834671 0.103966 -0.061575
155200 -9404.83454775 1408.94212740 0.387072 5.9681 0.834671 0.103966 -0.062124
155300 -9395.25245127 1458.45644605 0.400675 5.9681 0.834671 0.103966 -0.030624
155400 -9394.69342639 1456.98547259 0.400271 5.9681 0.834671 0.103966 -0.037822
155500 -9391.04282179 1480.65678611 0.406774 5.9802 0.835973 0.101581 -0.017685
155600 -9368.73927480 1442.81422376 0.396378 5.9802 0.835973 0.101581 0.033328
155700 -9399.43007326 1450.40866591 0.398464 5.9802 0.835973 0.101581 -0.031104
155800 -9371.52174261 1443.91692371 0.396680 5.9802 0.835973 0.101581 0.003910
155900 -9382.19406038 1455.36042464 0.399824 5.9802 0.835973 0.101581 -0.010392
156000 -9378.04082950 1440.32639270 0.395694 5.9830 0.837348 0.103331 0.004510
156100 -9374.22967432 1470.03785565 0.403857 5.9830 0.837348 0.103331 0.015617
156200 -9345.61461449 1436.29954318 0.394588 5.9830 0.837348 0.103331 0.060054
156300 -9365.87242093 1446.20743311 0.397310 5.9830 0.837348 0.103331 0.025307
156400 -9374.33702048 1456.03233246 0.400009 5.9830 0.837348 0.103331 0.018638
156500 -9378.23234519 1461.42029713 0.401489 5.9841 0.839152 0.101390 -0.038673
156600 -9381.37234717 1464.42690602 0.402315 5.9841 0.839152 0.101390 -0.014678
156700 -9386.57733579 1499.85776405 0.412049 5.9841 0.839152 0.101390 -0.039665
156800 -9386.63925156 1482.90287929 0.407391 5.9841 0.839152 0.101390 -0.012825
156900 -9364.05569207 1465.38755632 0.402579 5.9841 0.839152 0.101390 0.022997
157000 -9364.85118089 1469.23739391 0.403637 5.9797 0.829333 0.103760 -0.002164
157100 -9356.99199831 1479.26178718 0.406391 5.9797 0.829333 0.103760 0.020546
157200 -9346.89098777 1446.17423300 0.397301 5.9797 0.829333 0.103760 0.017887
157300 -9385.55852434 1482.56908867 0.407299 5.9797 0.829333 0.103760 -0.045980
157400 -9373.19739091 1453.66624427 0.399359 5.9797 0.829333 0.103760 -0.015930
157500 -9406.09795540 1461.22127873 0.401434 5.9879 0.838949 0.101056 -0.073380
157600 -9380.43665942 1426.61287404 0.391927 5.9879 0.838949 0.101056 -0.020611
157700 -9379.92172200 1442.67422259 0.396339 5.9879 0.838949 0.101056 -0.007590
157800 -9400.07571773 1504.90055106 0.413434 5.9879 0.838949 0.101056 -0.030442
157900 -9360.13380885 1453.31782563 0.399263 5.9879 0.838949 0.101056 0.039121
158000 -9379.65418104 1471.06755597 0.404139 5.9819 0.837918 0.103916 -0.024979
158100 -9396.45713711 1466.56766409 0.402903 5.9819 0.837918 0.103916 -0.027676
158200 -9376.80462781 1441.13995595 0.395918 5.9819 0.837918 0.103916 -0.003700
158300 -9350.47653061 1429.07916311 0.392604 5.9819 0.837918 0.103916 0.053362
158400 -9357.14966663 1476.21018561 0.405552 5.9819 0.837918 0.103916 0.038776
158500 -9362.40205088 1473.33919883 0.404764 5.9791 0.836569 0.103794 0.017363
158600 -9383.31688737 1454.24838837 0.399519 5.9791 0.836569 0.103794 -0.032811
158700 -9416.68858337 1433.24152712 0.393748 5.9791 0.836569 0.103794 -0.077832
158800 -9432.68723564 1429.64713623 0.392760 5.9791 0.836569 0.103794 -0.110596
158900 -9448.28008684 1442.19474282 0.396207 5.9791 0.836569 0.103794 -0.106982
159000 -9428.51141888 1423.16697423 0.390980 5.9802 0.843706 0.100068 -0.035010
159100 -9445.08212900 1460.02610440 0.401106 5.9802 0.843706 0.100068 -0.035602
159200 -9446.09747664 1506.81630540 0.413961 5.9802 0.843706 0.100068 -0.050570
159300 -9400.73872049 1473.70325181 0.404864 5.9802 0.843706 0.100068 0.014997
159400 -9396.71492669 1442.54040835 0.396302 5.9802 0.843706 0.100068 0.009031
159500 -9414.37099399 1435.52054439 0.394374 5.9808 0.842882 0.100661 -0.030844
159600 -9368.88574678 1401.53958619 0.385038 5.9808 0.842882 0.100661 0.055450
159700 -9419.27579050 1457.43735423 0.400395 5.9808 0.842882 0.100661 -0.029081
159800 -9412.92157481 1426.12951993 0.391794 5.9808 0.842882 0.100661 -0.019076
159900 -9398.68258220 1427.60004249 0.392198 5.9808 0.842882 0.100661 0.009978
160000 -9404.39849916 1455.88865178 0.399969 5.9808 0.835264 0.101174 0.010437
160100 -9391.92181833 1454.30138851 0.399533 5.9808 0.835264 0.101174 0.029248
160200 -9382.41888341 1431.12038226 0.393165 5.9808 0.835264 0.101174 0.044444
160300 -9414.96154656 1480.63012755 0.406767 5.9808 0.835264 0.101174 -0.022522
160400 -9408.19734067 1451.21385425 0.398685 5.9808 0.835264 0.101174 -0.030920
160500 -9386.01574723 1430.62962404 0.393030 5.9797 0.838337 0.102066 0.016586
160600 -9370.61354341 1450.85545244 0.398587 5.9797 0.838337 0.102066 0.048401
160700 -9369.04358331 1462.92184692 0.401902 5.9797 0.838337 0.102066 0.031426
160800 -9382.32698599 1469.53103073 0.403717 5.9797 0.838337 0.102066 -0.010726
160900 -9375.67713624 1463.73084047 0.402124 5.9797 0.838337 0.102066 -0.002113
161000 -9358.15562252 1455.87928975 0.399967 5.9813 0.832767 0.102812 0.044154
161100 -9348.83550866 1473.29152421 0.404750 5.9813 0.832767 0.102812 0.050443
161200 -9387.52781168 1469.35690026 0.403669 5.9813 0.832767 0.102812 -0.039187
161300 -9371.14844959 1445.77685428 0.397191 5.9813 0.832767 0.102812 0.025286
161400 -9379.57464192 1443.86645656 0.396667 5.9813 0.832767 0.102812 -0.021081
161500 -9407.47329860 1440.52936337 0.395750 5.9797 0.839079 0.101103 -0.067160
161600 -9383.86011300 1476.31600511 0.405581 5.9797 0.839079 0.101103 0.002925
161700 -9407.15125540 1465.70225518 0.402665 5.9797 0.839079 0.101103 -0.038770
161800 -9370.51299029 1450.85500529 0.398587 5.9797 0.839079 0.101103 0.040345
161900 -9377.71139301 1463.64882217 0.402101 5.9797 0.839079 0.101103 -0.000904
162000 -9346.04917097 1449.39553949 0.398186 5.9692 0.829529 0.104874 0.049285
162100 -9400.91098410 1441.36734844 0.395980 5.9692 0.829529 0.104874 -0.071034
162200 -9346.97422614 1441.81793515 0.396104 5.9692 0.829529 0.104874 0.057084
162300 -9363.08506968 1444.10988707 0.396733 5.9692 0.829529 0.104874 0.008755
162400 -9357.26460557 1463.30968178 0.402008 5.9692 0.829529 0.104874 0.005880
162500 -9384.43381621 1425.69199403 0.391674 5.9852 0.844176 0.101521 -0.047172
162600 -9395.71679791 1418.74991529 0.389766 5.9852 0.844176 0.101521 -0.040490
162700 -9418.99324140 1450.92136903 0.398605 5.9852 0.844176 0.101521 -0.082859
162800 -9385.01611721 1457.08953998 0.400299 5.9852 0.844176 0.101521 0.005079
162900 -9334.59943843 1424.93544596 0.391466 5.9852 0.844176 0.101521 0.075682
163000 -9349.77777211 1429.51273573 0.392723 5.9830 0.830676 0.105114 0.045204
163100 -9397.62352581 1492.40279153 0.410001 5.9830 0.830676 0.105114 -0.038864
163200 -9341.64503339 1466.13742029 0.402785 5.9830 0.830676 0.105114 0.042481
163300 -9328.58218324 1425.07079244 0.391503 5.9830 0.830676 0.105114 0.060122
163400 -9351.06040659 1455.96638955 0.399991 5.9830 0.830676 0.105114 0.016069
163500 -9349.94194008 1482.74421452 0.407347 5.9824 0.832900 0.103214 0.013826
163600 -9359.46176019 1443.78076829 0.396643 5.9824 0.832900 0.103214 -0.005864
163700 -9384.20356890 1485.20034977 0.408022 5.9824 0.832900 0.103214 -0.051780
163800 -9335.38500241 1451.28540882 0.398705 5.9824 0.832900 0.103214 0.049237
163900 -9356.14960954 1499.00014680 0.411813 5.9824 0.832900 0.103214 -0.014624
164000 -9343.43047734 1435.80750864 0.394453 5.9808 0.837839 0.102072 0.007934
164100 -9394.53460851 1447.48044955 0.397659 5.9808 0.837839 0.102072 -0.063451
164200 -9367.65501680 1450.14574859 0.398392 5.9808 0.837839 0.102072 -0.005986
164300 -9358.90280927 1422.76463455 0.390869 5.9808 0.837839 0.102072 -0.001481
164400 -9338.04128560 1461.98456634 0.401644 5.9808 0.837839 0.102072 0.039377
164500 -9347.82885224 1461.16637701 0.401419 5.9808 0.831989 0.102954 0.016452
164600 -9368.97390657 1459.93342097 0.401081 5.9808 0.831989 0.102954 -0.012533
164700 -9335.14904621 1436.73008832 0.394706 5.9808 0.831989 0.102954 0.048406
164800 -9362.39190218 1415.12272010 0.388770 5.9808 0.831989 0.102954 -0.016319
164900 -9428.86730568 1459.77174772 0.401036 5.9808 0.831989 0.102954 -0.123924
165000 -9405.11654361 1457.75367913 0.400482 5.9813 0.838734 0.102206 -0.058074
165100 -9384.07414446 1454.79181187 0.399668 5.9813 0.838734 0.102206 -0.003126
165200 -9378.39081748 1431.78921152 0.393349 5.9813 0.838734 0.102206 0.000721
165300 -9371.46474810 1429.49100078 0.392717 5.9813 0.838734 0.102206 0.031365
165400 -9377.18024718 1484.54071259 0.407841 5.9813 0.838734 0.102206 0.015744
165500 -9372.76518520 1438.47123748 0.395184 5.9775 0.836830 0.102433 0.004892
165600 -9383.08806556 1441.32673287 0.395969 5.9775 0.836830 0.102433 -0.014332
165700 -9380.98716518 1413.39897489 0.388296 5.9775 0.836830 0.102433 0.004419
165800 -9391.10003968 1428.33999285 0.392401 5.9775 0.836830 0.102433 -0.004939
165900 -9400.74043775 1455.81935487 0.399950 5.9775 0.836830 0.102433 -0.004796
166000 -9408.69827295 1444.79127852 0.396921 5.9863 0.837119 0.100537 -0.039547
166100 -9432.59275710 1508.26667658 0.414359 5.9863 0.837119 0.100537 -0.077535
166200 -9385.62605161 1405.28882707 0.386068 5.9863 0.837119 0.100537 0.014390
166300 -9396.73987202 1468.64544525 0.403474 5.9863 0.837119 0.100537 0.020515
166400 -9388.21005112 1414.25801046 0.388532 5.9863 0.837119 0.100537 0.016267
166500 -9396.20214617 1430.11789671 0.392890 5.9824 0.838683 0.102574 -0.004831
166600 -9399.96507199 1466.10262696 0.402775 5.9824 0.838683 0.102574 0.028796
166700 -9392.12036855 1475.07828633 0.405241 5.9824 0.838683 0.102574 0.031508
166800 -9361.24373272 1460.29967022 0.401181 5.9824 0.838683 0.102574 0.060872
166900 -9356.44495620 1494.26885118 0.410513 5.9824 0.838683 0.102574 0.033564
167000 -9351.97101879 1495.38263006 0.410819 5.9720 0.833499 0.104606 0.053257
167100 -9359.08740391 1501.84844068 0.412596 5.9720 0.833499 0.104606 0.001431
167200 -9379.90583318 1504.24196250 0.413253 5.9720 0.833499 0.104606 -0.038037
167300 -9379.82770364 1438.90324843 0.395303 5.9720 0.833499 0.104606 -0.057670
167400 -9377.85837627 1459.80655192 0.401046 5.9720 0.833499 0.104606 -0.039943
167500 -9352.77328734 1438.40953978 0.395167 5.9835 0.834496 0.102317 0.015737
167600 -9383.75081042 1480.18560779 0.406644 5.9835 0.834496 0.102317 -0.020689
167700 -9362.53140261 1443.95553584 0.396691 5.9835 0.834496 0.102317 0.010034
167800 -9375.85997308 1471.54268194 0.404270 5.9835 0.834496 0.102317 -0.015406
167900 -9385.08723298 1431.49039251 0.393267 5.9835 0.834496 0.102317 -0.049945
168000 -9372.17895207 1417.00416878 0.389287 5.9824 0.836114 0.103483 -0.001036
168100 -9408.41795951 1424.37436636 0.391312 5.9824 0.836114 0.103483 -0.069254
168200 -9395.42717468 1444.24112665 0.396770 5.9824 0.836114 0.103483 -0.019542
168300 -9388.99671982 1485.72670131 0.408167 5.9824 0.836114 0.103483 0.003727
168400 -9385.73353429 1436.67261027 0.394690 5.9824 0.836114 0.103483 -0.028037
168500 -9381.11000030 1461.47584120 0.401504 5.9874 0.839372 0.101693 0.005818
168600 -9373.13989999 1456.77943290 0.400214 5.9874 0.839372 0.101693 0.028764
168700 -9332.53554690 1462.22199605 0.401709 5.9874 0.839372 0.101693 0.090538
168800 -9346.86528835 1443.64831480 0.396607 5.9874 0.839372 0.101693 0.053528
168900 -9363.33498556 1427.69895022 0.392225 5.9874 0.839372 0.101693 -0.004650
169000 -9386.71170579 1457.29778005 0.400357 5.9819 0.836370 0.102085 -0.034771
169100 -9391.84576917 1481.98551024 0.407139 5.9819 0.836370 0.102085 -0.028964
169200 -9377.90583112 1429.49778274 0.392719 5.9819 0.836370 0.102085 -0.028056
169300 -9406.60307031 1455.75907930 0.399934 5.9819 0.836370 0.102085 -0.075060
169400 -9369.48390377 1441.83799271 0.396109 5.9819 0.836370 0.102085 0.032626
169500 -9362.87845078 1480.25329443 0.406663 5.9731 0.828966 0.105390 0.014990
169600 -9323.33883107 1492.80309439 0.410111 5.9731 0.828966 0.105390 0.076444
169700 -9318.24713544 1419.31737972 0.389922 5.9731 0.828966 0.105390 0.057996
169800 -9342.86859607 1449.80295088 0.398298 5.9731 0.828966 0.105390 0.029716
169900 -9361.35451859 1458.12469993 0.400584 5.9731 0.828966 0.105390 -0.027958
170000 -9416.40588907 1471.41534735 0.404235 5.9753 0.836625 0.103337 -0.122939
170100 -9410.28040066 1461.72920020 0.401574 5.9753 0.836625 0.103337 -0.090606
170200 -9371.47710335 1449.70633767 0.398271 5.9753 0.836625 0.103337 -0.022799
170300 -9373.39603155 1415.42498361 0.388853 5.9753 0.836625 0.103337 0.000608
170400 -9400.96822212 1467.35261627 0.403119 5.9753 0.836625 0.103337 -0.030872
170500 -9398.11471272 1436.23231657 0.394569 5.9857 0.835948 0.102207 -0.038952
170600 -9403.47515496 1454.45912958 0.399577 5.9857 0.835948 0.102207 -0.032703
170700 -9358.83423621 1434.64787589 0.394134 5.9857 0.835948 0.102207 0.038786
170800 -9380.95636889 1461.11925543 0.401406 5.9857 0.835948 0.102207 0.026443
170900 -9387.47598554 1462.09525611 0.401675 5.9857 0.835948 0.102207 0.001746
171000 -9354.68813645 1448.61339051 0.397971 5.9786 0.836242 0.103439 0.051921
171100 -9365.18601661 1449.98454821 0.398347 5.9786 0.836242 0.103439 0.026669
171200 -9371.84894817 1452.45148391 0.399025 5.9786 0.836242 0.103439 0.012496
171300 -9386.57840840 1432.07172318 0.393426 5.9786 0.836242 0.103439 -0.020620
171400 -9363.73831655 1450.20639589 0.398408 5.9786 0.836242 0.103439 0.040467
171500 -9372.38045198 1497.07467144 0.411284 5.9791 0.836508 0.102259 0.015161
171600 -9343.96816437 1448.29498257 0.397883 5.9791 0.836508 0.102259 0.054000
171700 -9359.53286731 1463.81565296 0.402147 5.9791 0.836508 0.102259 -0.000768
171800 -9370.50346277 1472.72369350 0.404594 5.9791 0.836508 0.102259 -0.011184
171900 -9351.77305875 1440.17464546 0.395652 5.9791 0.836508 0.102259 0.016010
172000 -9375.59420134 1457.15044407 0.400316 5.9753 0.838633 0.101609 -0.046642
172100 -9363.14630946 1443.66491786 0.396611 5.9753 0.838633 0.101609 -0.008024
172200 -9370.60032613 1448.57982644 0.397961 5.9753 0.838633 0.101609 -0.020469
172300 -9375.66395557 1503.74579059 0.413117 5.9753 0.838633 0.101609 -0.024793
172400 -9354.42939445 1478.56360334 0.406199 5.9753 0.838633 0.101609 0.001643
172500 -9335.05788923 1488.32754044 0.408881 5.9852 0.836204 0.102941 0.038715
172600 -9310.63465795 1441.57861677 0.396038 5.9852 0.836204 0.102941 0.090557
172700 -9327.96164230 1449.38216146 0.398182 5.9852 0.836204 0.102941 -0.002603
172800 -9338.60738222 1459.35109613 0.400921 5.9852 0.836204 0.102941 0.001155
172900 -9331.52340912 1413.60590275 0.388353 5.9852 0.836204 0.102941 0.020235
173000 -9354.56863810 1450.64128875 0.398528 5.9747 0.831120 0.105058 -0.024296
173100 -9362.45661485 1488.73666306 0.408994 5.9747 0.831120 0.105058 -0.039822
173200 -9345.18389258 1466.56656883 0.402903 5.9747 0.831120 0.105058 0.031615
173300 -9370.19412204 1465.11601298 0.402504 5.9747 0.831120 0.105058 -0.047390
173400 -9308.25098784 1445.91605686 0.397230 5.9747 0.831120 0.105058 0.072437
173500 -9335.70365517 1471.51201609 0.404262 5.9808 0.831868 0.106080 0.015435
173600 -9364.25443705 1453.86594150 0.399414 5.9808 0.831868 0.106080 -0.043688
173700 -9323.28850133 1476.05870330 0.405511 5.9808 0.831868 0.106080 0.059929
173800 -9346.19065193 1427.88962000 0.392277 5.9808 0.831868 0.106080 -0.013423
173900 -9342.89206269 1434.46815953 0.394085 5.9808 0.831868 0.106080 -0.012432
174000 -9324.28860161 1423.80035188 0.391154 5.9687 0.826165 0.106924 0.050334
174100 -9335.68621782 1484.85476228 0.407927 5.9687 0.826165 0.106924 0.026657
174200 -9330.45522888 1452.03981424 0.398912 5.9687 0.826165 0.106924 0.012860
174300 -9343.92070817 1459.47739229 0.400955 5.9687 0.826165 0.106924 -0.020770
174400 -9341.52217858 1471.13854168 0.404159 5.9687 0.826165 0.106924 0.000044
174500 -9338.37952654 1469.25695882 0.403642 5.9813 0.834238 0.104813 -0.001210
174600 -9330.11572546 1454.26597250 0.399524 5.9813 0.834238 0.104813 0.008554
174700 -9338.77321926 1474.03775977 0.404955 5.9813 0.834238 0.104813 -0.004216
174800 -9360.42322694 1479.94112778 0.406577 5.9813 0.834238 0.104813 -0.066562
174900 -9349.33728490 1456.86791346 0.400238 5.9813 0.834238 0.104813 -0.008598
175000 -9361.32167044 1457.53829506 0.400423 5.9736 0.831250 0.104245 -0.048422
175100 -9342.12235198 1439.89590595 0.395576 5.9736 0.831250 0.104245 -0.008172
175200 -9363.01337322 1475.84632139 0.405452 5.9736 0.831250 0.104245 -0.049701
175300 -9367.19760809 1471.53036716 0.404267 5.9736 0.831250 0.104245 -0.044993
175400 -9311.94804992 1449.48466971 0.398210 5.9736 0.831250 0.104245 0.067480
175500 -9341.02192698 1449.35715220 0.398175 5.9720 0.832178 0.104727 0.022778
175600 -9379.91561717 1470.93436234 0.404103 5.9720 0.832178 0.104727 -0.064212
175700 -9377.92844002 1458.95083002 0.400811 5.9720 0.832178 0.104727 -0.066524
175800 -9314.46355343 1430.79141559 0.393075 5.9720 0.832178 0.104727 0.073679
175900 -9339.73337909 1497.88175173 0.411506 5.9720 0.832178 0.104727 0.013200
176000 -9371.06122699 1500.65566742 0.412268 5.9791 0.840145 0.104091 -0.051022
176100 -9304.69687506 1430.20291247 0.392913 5.9791 0.840145 0.104091 0.092148
176200 -9319.21997193 1465.96808754 0.402738 5.9791 0.840145 0.104091 0.058969
176300 -9358.02439941 1449.86798661 0.398315 5.9791 0.840145 0.104091 -0.042894
176400 -9380.59106172 1486.34437984 0.408336 5.9791 0.840145 0.104091 -0.077582
176500 -9378.31358128 1469.23376179 0.403636 5.9725 0.830927 0.105272 -0.068507
176600 -9366.05058456 1444.26674316 0.396777 5.9725 0.830927 0.105272 -0.018533
176700 -9361.29854975 1447.29069876 0.397607 5.9725 0.830927 0.105272 -0.011223
176800 -9309.96070001 1432.31569898 0.393493 5.9725 0.830927 0.105272 0.113922
176900 -9336.52062399 1477.22075175 0.405830 5.9725 0.830927 0.105272 0.038274
177000 -9372.83340611 1478.43378512 0.406163 5.9841 0.839164 0.101651 -0.042552
177100 -9341.25259953 1468.00227327 0.403297 5.9841 0.839164 0.101651 0.016283
177200 -9373.65581621 1489.49723294 0.409203 5.9841 0.839164 0.101651 -0.029198
177300 -9349.12428013 1407.41783133 0.386653 5.9841 0.839164 0.101651 -0.010523
177400 -9375.08043193 1467.19934029 0.403077 5.9841 0.839164 0.101651 -0.029793
177500 -9366.97953330 1396.20933243 0.383574 5.9808 0.830916 0.103517 -0.008935
177600 -9371.76261039 1432.60448811 0.393573 5.9808 0.830916 0.103517 -0.015800
177700 -9422.18403480 1466.59229981 0.402910 5.9808 0.830916 0.103517 -0.084825
177800 -9392.14118551 1435.49643293 0.394367 5.9808 0.830916 0.103517 -0.003424
177900 -9410.59011613 1468.63263196 0.403471 5.9808 0.830916 0.103517 -0.023307
178000 -9359.63079494 1443.17300468 0.396476 5.9830 0.838278 0.102644 0.044321
178100 -9418.24307355 1447.02206040 0.397534 5.9830 0.838278 0.102644 -0.076784
178200 -9391.45707683 1456.02306514 0.400006 5.9830 0.838278 0.102644 -0.004646
178300 -9367.29088883 1496.23571883 0.411054 5.9830 0.838278 0.102644 0.063135
178400 -9350.34065792 1452.89622681 0.399147 5.9830 0.838278 0.102644 0.045829
178500 -9331.58523553 1435.03881333 0.394241 5.9758 0.827992 0.105031 0.063270
178600 -9341.86584564 1446.14722750 0.397293 5.9758 0.827992 0.105031 0.043052
178700 -9346.19814295 1473.76022782 0.404879 5.9758 0.827992 0.105031 0.054807
178800 -9392.43045009 1483.61310338 0.407586 5.9758 0.827992 0.105031 -0.047172
178900 -9347.35244697 1438.95629731 0.395318 5.9758 0.827992 0.105031 0.046424
179000 -9355.43436527 1480.94249394 0.406852 5.9802 0.836634 0.103233 0.012432
179100 -9341.17298643 1488.80070414 0.409011 5.9802 0.836634 0.103233 0.021854
179200 -9339.99436651 1429.18360020 0.392633 5.9802 0.836634 0.103233 0.009694
179300 -9367.84580548 1449.68320275 0.398265 5.9802 0.836634 0.103233 -0.015004
179400 -9358.24646005 1436.63870993 0.394681 5.9802 0.836634 0.103233 -0.010898
179500 -9378.44177874 1467.13460233 0.403059 5.9802 0.838347 0.103205 -0.038481
179600 -9400.80483237 1474.13927622 0.404983 5.9802 0.838347 0.103205 -0.095904
179700 -9356.83231489 1458.42379516 0.400666 5.9802 0.838347 0.103205 0.019219
179800 -9378.42636941 1441.82013999 0.396104 5.9802 0.838347 0.103205 -0.027034
179900 -9395.84204019 1428.10006039 0.392335 5.9802 0.838347 0.103205 -0.084428
180000 -9375.41508331 1439.63172308 0.395503 5.9802 0.837391 0.102273 0.003160
180100 -9383.36063029 1456.31038218 0.400085 5.9802 0.837391 0.102273 -0.016068
180200 -9392.45351366 1448.08254175 0.397825 5.9802 0.837391 0.102273 -0.038651
180300 -9361.78428370 1440.55972710 0.395758 5.9802 0.837391 0.102273 0.025507
180400 -9349.18736316 1451.58508264 0.398787 5.9802 0.837391 0.102273 0.068895
180500 -9378.45043590 1447.96968242 0.397794 5.9841 0.835599 0.103268 -0.004703
180600 -9358.51097655 1466.97730206 0.403016 5.9841 0.835599 0.103268 0.020439
180700 -9410.26298309 1484.96556078 0.407958 5.9841 0.835599 0.103268 -0.070410
180800 -9348.75344371 1425.03128329 0.391492 5.9841 0.835599 0.103268 0.035896
180900 -9365.59380201 1449.70087443 0.398269 5.9841 0.835599 0.103268 0.020440
181000 -9379.32345613 1434.37016496 0.394058 5.9824 0.837738 0.103068 -0.000610
181100 -9369.94378407 1427.79752299 0.392252 5.9824 0.837738 0.103068 0.011361
181200 -9350.70102055 1413.95119754 0.388448 5.9824 0.837738 0.103068 0.040199
181300 -9376.70467526 1446.01674384 0.397257 5.9824 0.837738 0.103068 -0.006333
181400 -9370.31867225 1426.22333429 0.391820 5.9824 0.837738 0.103068 -0.017350
181500 -9379.33008314 1438.94050275 0.395313 5.9830 0.831724 0.101681 -0.024877
181600 -9348.56191154 1433.65301152 0.393861 5.9830 0.831724 0.101681 0.045772
181700 -9390.68137466 1422.41546165 0.390773 5.9830 0.831724 0.101681 -0.036462
181800 -9378.08096162 1443.61356341 0.396597 5.9830 0.831724 0.101681 -0.010562
181900 -9384.50305947 1473.98280024 0.404940 5.9830 0.831724 0.101681 -0.003700
182000 -9337.50874819 1480.14106776 0.406632 5.9824 0.832704 0.105080 0.068044
182100 -9368.97244584 1524.35254064 0.418778 5.9824 0.832704 0.105080 -0.018809
182200 -9332.87460699 1459.37327294 0.400927 5.9824 0.832704 0.105080 0.033079
182300 -9372.35463009 1471.92575556 0.404375 5.9824 0.832704 0.105080 -0.063830
182400 -9364.39828050 1445.06602134 0.396996 5.9824 0.832704 0.105080 0.007118
182500 -9352.26399146 1405.82134841 0.386215 5.9747 0.830531 0.105717 0.007537
182600 -9375.42434816 1448.80752363 0.398024 5.9747 0.830531 0.105717 -0.019592
182700 -9357.80957737 1448.77030769 0.398014 5.9747 0.830531 0.105717 0.004097
182800 -9369.51233920 1470.42651915 0.403963 5.9747 0.830531 0.105717 -0.007261
182900 -9364.40068828 1472.44546550 0.404518 5.9747 0.830531 0.105717 -0.008798
183000 -9352.88914462 1493.22068862 0.410225 5.9824 0.832403 0.103782 0.031960
183100 -9320.87695574 1450.68730493 0.398540 5.9824 0.832403 0.103782 0.077637
183200 -9331.87584166 1508.45816693 0.414412 5.9824 0.832403 0.103782 0.045826
183300 -9330.47064801 1496.60348245 0.411155 5.9824 0.832403 0.103782 0.033937
183400 -9318.26590034 1469.02077641 0.403577 5.9824 0.832403 0.103782 0.026571
183500 -9322.43948350 1489.46111738 0.409193 5.9802 0.829494 0.104710 0.027469
183600 -9333.51976235 1484.03949702 0.407703 5.9802 0.829494 0.104710 0.002505
183700 -9337.24365727 1463.90205510 0.402171 5.9802 0.829494 0.104710 -0.027741
183800 -9330.56197268 1470.64388771 0.404023 5.9802 0.829494 0.104710 0.005252
183900 -9307.35125602 1482.84645356 0.407375 5.9802 0.829494 0.104710 0.045307
184000 -9342.22911129 1466.20429927 0.402803 5.9742 0.831597 0.103972 -0.040976
184100 -9302.51591789 1428.51559740 0.392449 5.9742 0.831597 0.103972 0.051922
184200 -9321.40230809 1487.92920221 0.408772 5.9742 0.831597 0.103972 0.021271
184300 -9344.70159277 1449.90084864 0.398324 5.9742 0.831597 0.103972 -0.035155
184400 -9297.47016563 1421.89765502 0.390631 5.9742 0.831597 0.103972 0.053968
184500 -9331.21546466 1451.77742635 0.398840 5.9786 0.830404 0.106088 -0.005316
184600 -9342.02260401 1436.04997498 0.394519 5.9786 0.830404 0.106088 -0.040558
184700 -9330.86623288 1443.98175750 0.396698 5.9786 0.830404 0.106088 0.023688
184800 -9372.49349527 1497.55969906 0.411417 5.9786 0.830404 0.106088 -0.041235
184900 -9359.82030045 1427.49804779 0.392170 5.9786 0.830404 0.106088 -0.031945
185000 -9375.85884036 1441.20363417 0.395935 5.9764 0.834564 0.104441 -0.031776
185100 -9347.10554636 1431.01966766 0.393137 5.9764 0.834564 0.104441 0.018792
185200 -9388.97479067 1472.71045577 0.404591 5.9764 0.834564 0.104441 -0.046714
185300 -9361.65130579 1474.94991982 0.405206 5.9764 0.834564 0.104441 0.016155
185400 -9363.92335395 1459.33508637 0.400916 5.9764 0.834564 0.104441 0.021924
185500 -9370.28194417 1441.99540052 0.396153 5.9786 0.829483 0.103797 -0.011938
185600 -9365.14199874 1439.71836192 0.395527 5.9786 0.829483 0.103797 0.016909
185700 -9392.91396492 1460.80346034 0.401320 5.9786 0.829483 0.103797 -0.036471
185800 -9354.53185755 1426.19634944 0.391812 5.9786 0.829483 0.103797 0.047578
185900 -9365.54254674 1466.79754624 0.402966 5.9786 0.829483 0.103797 0.009412
186000 -9344.96590909 1413.53784090 0.388335 5.9764 0.833570 0.104415 0.057828
186100 -9376.04371576 1415.86586799 0.388974 5.9764 0.833570 0.104415 -0.007273
186200 -9391.31828224 1481.45485768 0.406993 5.9764 0.833570 0.104415 -0.031098
186300 -9350.71542660 1450.68324244 0.398539 5.9764 0.833570 0.104415 0.055535
186400 -9373.80777985 1445.03405004 0.396987 5.9764 0.833570 0.104415 -0.001532
186500 -9373.16448828 1479.54805488 0.406469 5.9714 0.830176 0.104316 0.004436
186600 -9380.54760622 1441.19649551 0.395933 5.9714 0.830176 0.104316 -0.039742
186700 -9358.38705961 1472.30716958 0.404480 5.9714 0.830176 0.104316 0.002667
186800 -9393.10384629 1462.71059848 0.401844 5.9714 0.830176 0.104316 -0.058978
186900 -9360.01385374 1442.96301272 0.396418 5.9714 0.830176 0.104316 0.015573
187000 -9370.80301216 1484.02645876 0.407700 5.9764 0.831710 0.105073 -0.015650
187100 -9356.00311568 1468.03887763 0.403307 5.9764 0.831710 0.105073 0.028057
187200 -9332.00446153 1482.50222732 0.407281 5.9764 0.831710 0.105073 0.035799
187300 -9351.20142997 1465.00146273 0.402473 5.9764 0.831710 0.105073 -0.028749
187400 -9366.47665606 1476.03927638 0.405505 5.9764 0.831710 0.105073 -0.050508
187500 -9359.98971970 1417.18843986 0.389337 5.9714 0.826322 0.105938 -0.033900
187600 -9356.71779878 1439.88983907 0.395574 5.9714 0.826322 0.105938 -0.008522
187700 -9343.81382508 1444.54195461 0.396852 5.9714 0.826322 0.105938 0.006293
187800 -9325.38910803 1458.54674210 0.400700 5.9714 0.826322 0.105938 0.039687
187900 -9350.28715923 1431.10731563 0.393161 5.9714 0.826322 0.105938 -0.034939
188000 -9343.13984134 1456.12448632 0.400034 5.9676 0.831321 0.106193 0.005863
188100 -9329.25686164 1463.76177167 0.402132 5.9676 0.831321 0.106193 0.032934
188200 -9333.04092482 1463.55640704 0.402076 5.9676 0.831321 0.106193 0.014786
188300 -9317.92819610 1479.68575948 0.406507 5.9676 0.831321 0.106193 0.062419
188400 -9362.77016918 1458.54149805 0.400698 5.9676 0.831321 0.106193 -0.077669
188500 -9389.96190234 1445.84462823 0.397210 5.9720 0.835340 0.104038 -0.107061
188600 -9366.22916172 1438.40005452 0.395165 5.9720 0.835340 0.104038 -0.039499
188700 -9354.08437480 1467.29806052 0.403104 5.9720 0.835340 0.104038 0.008971
188800 -9335.93437583 1445.46070695 0.397105 5.9720 0.835340 0.104038 0.032277
188900 -9372.36030393 1443.33365852 0.396520 5.9720 0.835340 0.104038 -0.050771
189000 -9330.36336791 1424.69372964 0.391399 5.9637 0.829988 0.108095 0.043074
189100 -9356.35598040 1451.68960778 0.398816 5.9637 0.829988 0.108095 -0.012306
189200 -9350.91871968 1460.36669786 0.401200 5.9637 0.829988 0.108095 0.010620
189300 -9355.52879756 1483.60010098 0.407582 5.9637 0.829988 0.108095 -0.015388
189400 -9330.79505306 1435.80439187 0.394452 5.9637 0.829988 0.108095 0.033293
189500 -9376.35536163 1426.44109845 0.391879 5.9758 0.835193 0.103054 -0.089927
189600 -9384.74119835 1423.02045012 0.390940 5.9758 0.835193 0.103054 -0.088436
189700 -9362.26259843 1433.94323681 0.393940 5.9758 0.835193 0.103054 -0.023745
189800 -9385.85399745 1411.74143797 0.387841 5.9758 0.835193 0.103054 -0.057558
189900 -9372.96175704 1406.60718626 0.386431 5.9758 0.835193 0.103054 -0.021064
190000 -9366.16286370 1424.72285014 0.391407 5.9764 0.836720 0.103854 0.016536
190100 -9372.19614441 1442.95685470 0.396417 5.9764 0.836720 0.103854 0.004293
190200 -9382.90165087 1431.08769716 0.393156 5.9764 0.836720 0.103854 -0.005433
190300 -9389.16522087 1432.64013990 0.393582 5.9764 0.836720 0.103854 -0.033912
190400 -9390.84747925 1441.12949105 0.395915 5.9764 0.836720 0.103854 -0.001892
190500 -9363.56021068 1429.54002214 0.392731 5.9780 0.833808 0.104650 0.043686
190600 -9399.32176092 1455.02599529 0.399732 5.9780 0.833808 0.104650 -0.037551
190700 -9384.13917442 1464.01228112 0.402201 5.9780 0.833808 0.104650 0.008861
190800 -9380.44685209 1423.91256684 0.391185 5.9780 0.833808 0.104650 0.013621
190900 -9376.24031099 1438.39361338 0.395163 5.9780 0.833808 0.104650 0.009922
191000 -9338.21047176 1439.13763683 0.395367 5.9769 0.825935 0.104570 0.079665
191100 -9391.20706922 1455.15149062 0.399767 5.9769 0.825935 0.104570 -0.043670
191200 -9359.23317589 1474.83468773 0.405174 5.9769 0.825935 0.104570 0.038940
191300 -9335.84284359 1434.70236736 0.394149 5.9769 0.825935 0.104570 0.067140
191400 -9353.77296303 1425.88874240 0.391728 5.9769 0.825935 0.104570 -0.001491
191500 -9371.45038184 1465.12305820 0.402506 5.9797 0.835864 0.102353 -0.009654
191600 -9364.20400019 1418.54555027 0.389710 5.9797 0.835864 0.102353 -0.004399
191700 -9384.92841664 1438.75455734 0.395262 5.9797 0.835864 0.102353 -0.043123
191800 -9356.58914659 1447.63087815 0.397701 5.9797 0.835864 0.102353 0.031341
191900 -9367.72301106 1473.49684872 0.404807 5.9797 0.835864 0.102353 -0.007848
192000 -9346.27306003 1449.68201123 0.398264 5.9769 0.822087 0.106268 0.022272
192100 -9365.85318103 1475.76322402 0.405429 5.9769 0.822087 0.106268 -0.022250
192200 -9326.60938048 1452.78613614 0.399117 5.9769 0.822087 0.106268 0.063494
192300 -9339.76817045 1468.35402913 0.403394 5.9769 0.822087 0.106268 0.019614
192400 -9339.64748014 1445.48737167 0.397112 5.9769 0.822087 0.106268 0.005450
192500 -9331.66767095 1455.16691944 0.399771 5.9764 0.830086 0.104884 0.011107
192600 -9393.53972788 1466.15799236 0.402791 5.9764 0.830086 0.104884 -0.102862
192700 -9365.08517982 1438.65255893 0.395234 5.9764 0.830086 0.104884 -0.010939
192800 -9328.71843786 1437.06894824 0.394799 5.9764 0.830086 0.104884 0.038971
192900 -9342.68863203 1436.57598756 0.394664 5.9764 0.830086 0.104884 0.027298
193000 -9362.95319218 1444.14390564 0.396743 5.9747 0.831751 0.105387 -0.041089
193100 -9379.82113744 1442.32340218 0.396243 5.9747 0.831751 0.105387 -0.044759
193200 -9332.29917115 1423.07692848 0.390955 5.9747 0.831751 0.105387 0.057294
193300 -9360.34761166 1474.99340517 0.405218 5.9747 0.831751 0.105387 -0.011761
193400 -9377.99019603 1454.10278192 0.399479 5.9747 0.831751 0.105387 -0.045885
193500 -9347.17286626 1432.65183874 0.393586 5.9819 0.833715 0.103707 0.012714
193600 -9353.95792588 1456.18816420 0.400052 5.9819 0.833715 0.103707 0.017572
193700 -9367.67841104 1475.99545137 0.405493 5.9819 0.833715 0.103707 -0.011996
193800 -9324.13329646 1445.92854208 0.397233 5.9819 0.833715 0.103707 0.050971
193900 -9344.31732323 1448.20431537 0.397858 5.9819 0.833715 0.103707 0.006730
194000 -9368.69084806 1447.97568237 0.397796 5.9714 0.830079 0.104183 -0.037576
194100 -9355.22226715 1421.93965981 0.390643 5.9714 0.830079 0.104183 -0.024585
194200 -9359.57541164 1422.10229930 0.390687 5.9714 0.830079 0.104183 -0.009415
194300 -9366.69095103 1433.22910967 0.393744 5.9714 0.830079 0.104183 -0.033486
194400 -9367.35416507 1433.23559922 0.393746 5.9714 0.830079 0.104183 -0.024477
194500 -9382.98179858 1454.52461103 0.399595 5.9786 0.837437 0.101041 -0.058124
194600 -9361.00493418 1480.48066997 0.406725 5.9786 0.837437 0.101041 0.028788
194700 -9346.82747899 1470.01236780 0.403850 5.9786 0.837437 0.101041 0.036429
194800 -9398.50138193 1439.60900194 0.395497 5.9786 0.837437 0.101041 -0.085261
194900 -9347.21644899 1477.32453354 0.405858 5.9786 0.837437 0.101041 0.062375
195000 -9320.48949210 1485.35560671 0.408065 5.9637 0.830155 0.106643 0.086796
195100 -9342.98480907 1462.17620335 0.401697 5.9637 0.830155 0.106643 -0.017494
195200 -9317.37108980 1459.30905733 0.400909 5.9637 0.830155 0.106643 0.063822
195300 -9290.94174427 1480.84862077 0.406827 5.9637 0.830155 0.106643 0.090396
195400 -9306.57241576 1490.03725806 0.409351 5.9637 0.830155 0.106643 0.036876
195500 -9280.60628594 1426.45300936 0.391883 5.9692 0.820949 0.107323 0.057341
195600 -9304.84640089 1448.53260439 0.397949 5.9692 0.820949 0.107323 0.008316
195700 -9332.02108890 1460.14730641 0.401139 5.9692 0.820949 0.107323 -0.025659
195800 -9311.47880512 1469.14682507 0.403612 5.9692 0.820949 0.107323 -0.026126
195900 -9308.19381356 1416.34296149 0.389105 5.9692 0.820949 0.107323 -0.015190
196000 -9358.73492892 1438.85358604 0.395289 5.9841 0.836898 0.101521 -0.078351
196100 -9347.40110281 1451.67593082 0.398812 5.9841 0.836898 0.101521 -0.027590
196200 -9330.90530975 1448.95022061 0.398063 5.9841 0.836898 0.101521 0.022057
196300 -9362.36500989 1419.85801089 0.390071 5.9841 0.836898 0.101521 -0.037745
196400 -9376.87732367 1443.29262430 0.396509 5.9841 0.836898 0.101521 -0.042232
196500 -9365.66987705 1481.90505679 0.407117 5.9791 0.837188 0.103672 -0.012217
196600 -9355.70275065 1461.62144265 0.401544 5.9791 0.837188 0.103672 0.016292
196700 -9378.38222994 1450.44685076 0.398474 5.9791 0.837188 0.103672 -0.029227
196800 -9343.03375777 1423.86227207 0.391171 5.9791 0.837188 0.103672 0.042602
196900 -9362.39933119 1428.16593052 0.392353 5.9791 0.837188 0.103672 0.018879
197000 -9368.33978664 1464.21531737 0.402257 5.9835 0.839901 0.101280 0.014070
197100 -9382.67939033 1486.36081153 0.408341 5.9835 0.839901 0.101280 -0.019902
197200 -9352.29651588 1451.98362654 0.398897 5.9835 0.839901 0.101280 0.035090
197300 -9370.95176704 1452.26359860 0.398974 5.9835 0.839901 0.101280 -0.004282
197400 -9332.54227641 1449.74733659 0.398282 5.9835 0.839901 0.101280 0.054833
197500 -9336.98429193 1473.75966387 0.404879 5.9758 0.829511 0.106116 0.067167
197600 -9326.96014397 1444.94627465 0.396963 5.9758 0.829511 0.106116 0.047584
197700 -9368.57804972 1456.36067822 0.400099 5.9758 0.829511 0.106116 -0.036663
197800 -9386.78454210 1460.56578246 0.401254 5.9758 0.829511 0.106116 -0.064055
197900 -9371.61913931 1423.34928221 0.391030 5.9758 0.829511 0.106116 -0.020890
198000 -9355.38707805 1485.10183020 0.407995 5.9802 0.829594 0.104138 0.030656
198100 -9348.31162697 1479.52988973 0.406464 5.9802 0.829594 0.104138 0.009141
198200 -9326.85462471 1472.27817849 0.404472 5.9802 0.829594 0.104138 0.048245
198300 -9325.99940840 1437.57039756 0.394937 5.9802 0.829594 0.104138 0.022204
198400 -9304.56275220 1485.86972463 0.408206 5.9802 0.829594 0.104138 0.076098
198500 -9337.61386546 1508.16657466 0.414331 5.9797 0.834616 0.103716 0.013160
198600 -9336.94675732 1482.54026737 0.407291 5.9797 0.834616 0.103716 -0.017047
198700 -9338.75466330 1511.33588276 0.415202 5.9797 0.834616 0.103716 -0.026945
198800 -9322.90801715 1479.36119269 0.406418 5.9797 0.834616 0.103716 0.021883
198900 -9300.45526109 1439.98426249 0.395600 5.9797 0.834616 0.103716 0.065855
199000 -9307.79094592 1464.85560271 0.402433 5.9731 0.824614 0.107075 0.061512
199100 -9333.31213467 1480.69395002 0.406784 5.9731 0.824614 0.107075 0.000212
199200 -9312.72963037 1437.59649052 0.394944 5.9731 0.824614 0.107075 0.014741
199300 -9326.55689603 1469.44206183 0.403693 5.9731 0.824614 0.107075 -0.012799
199400 -9322.78839825 1429.56616722 0.392738 5.9731 0.824614 0.107075 -0.007522
199500 -9378.79861333 1476.45458692 0.405619 5.9852 0.840272 0.103135 -0.101850
199600 -9319.67923429 1473.68433951 0.404858 5.9852 0.840272 0.103135 0.023171
199700 -9329.18890383 1462.93610909 0.401906 5.9852 0.840272 0.103135 0.020551
199800 -9382.44489410 1438.48357000 0.395188 5.9852 0.840272 0.103135 -0.096589
199900 -9335.11910020 1454.92016300 0.399703 5.9852 0.840272 0.103135 0.003970
200000 -9388.29555449 1506.46340393 0.413864 5.9764 0.839970 0.102638 -0.075770
200100 -9372.34911258 1459.96618171 0.401090 5.9764 0.839970 0.102638 -0.062497
200200 -9365.59066712 1484.45640429 0.407818 5.9764 0.839970 0.102638 -0.020587
200300 -9320.32823162 1449.82876092 0.398305 5.9764 0.839970 0.102638 0.062156
200400 -9356.33135659 1483.79786657 0.407637 5.9764 0.839970 0.102638 -0.012725
200500 -9314.94693183 1436.37606695 0.394609 5.9692 0.822552 0.107110 0.061496
200600 -9342.11787076 1439.36810297 0.395431 5.9692 0.822552 0.107110 0.009357
200700 -9342.59081061 1404.71072820 0.385910 5.9692 0.822552 0.107110 0.009256
200800 -9380.02324028 1429.78865769 0.392799 5.9692 0.822552 0.107110 -0.052644
200900 -9374.42258807 1439.11301447 0.395361 5.9692 0.822552 0.107110 0.004372
201000 -9356.40775057 1446.71845138 0.397450 5.9857 0.837620 0.102007 0.021200
201100 -9386.88839456 1474.63017753 0.405118 5.9857 0.837620 0.102007 -0.039147
201200 -9407.08483480 1436.14688187 0.394546 5.9857 0.837620 0.102007 -0.079909
201300 -9373.26159521 1406.74395878 0.386468 5.9857 0.837620 0.102007 0.025649
201400 -9379.55898869 1410.66465588 0.387545 5.9857 0.837620 0.102007 0.027025
201500 -9402.02065941 1428.88061126 0.392550 5.9791 0.835113 0.103224 0.008673
201600 -9425.02580793 1434.50884229 0.394096 5.9791 0.835113 0.103224 -0.055504
201700 -9382.88401662 1444.19415002 0.396757 5.9791 0.835113 0.103224 0.029348
201800 -9421.00002857 1435.58508811 0.394392 5.9791 0.835113 0.103224 -0.046852
201900 -9397.52445802 1455.22188163 0.399786 5.9791 0.835113 0.103224 0.001533
202000 -9374.36399305 1451.08107520 0.398649 5.9764 0.832632 0.105308 0.066115
202100 -9380.65869505 1466.87086561 0.402987 5.9764 0.832632 0.105308 0.022409
202200 -9381.38303311 1482.56906474 0.407299 5.9764 0.832632 0.105308 0.035082
202300 -9344.03578656 1458.62615959 0.400721 5.9764 0.832632 0.105308 0.056771
202400 -9381.03639683 1489.36842256 0.409167 5.9764 0.832632 0.105308 -0.020466
202500 -9376.28742593 1469.35652193 0.403669 5.9769 0.831403 0.103896 -0.022038
202600 -9347.14465724 1423.97100939 0.391201 5.9769 0.831403 0.103896 0.042691
202700 -9382.04223149 1437.23577691 0.394845 5.9769 0.831403 0.103896 -0.042580
202800 -9388.73856495 1438.29080369 0.395135 5.9769 0.831403 0.103896 -0.043285
202900 -9397.96079741 1459.50637982 0.400963 5.9769 0.831403 0.103896 -0.053841
203000 -9380.90355863 1467.61326175 0.403190 5.9753 0.833676 0.102677 0.004384
203100 -9376.45057385 1416.53598098 0.389158 5.9753 0.833676 0.102677 -0.002736
203200 -9378.41015210 1450.84308200 0.398583 5.9753 0.833676 0.102677 0.002607
203300 -9371.99244400 1461.73641000 0.401576 5.9753 0.833676 0.102677 0.019812
203400 -9361.04072588 1463.02557040 0.401930 5.9753 0.833676 0.102677 0.042465
203500 -9383.62273409 1489.24866114 0.409134 5.9775 0.834114 0.103487 -0.013741
203600 -9357.96992701 1430.80940210 0.393080 5.9775 0.834114 0.103487 0.005769
203700 -9390.32646674 1444.65669434 0.396884 5.9775 0.834114 0.103487 -0.041290
203800 -9374.46545062 1443.73848814 0.396631 5.9775 0.834114 0.103487 -0.004605
203900 -9377.14486825 1455.34167317 0.399819 5.9775 0.834114 0.103487 -0.017357
204000 -9388.41073028 1483.56998890 0.407574 5.9665 0.836017 0.104699 -0.023875
204100 -9366.90340430 1475.89891178 0.405467 5.9665 0.836017 0.104699 -0.003918
204200 -9367.61742500 1501.70644195 0.412557 5.9665 0.836017 0.104699 -0.022994
204300 -9363.45054891 1444.78864073 0.396920 5.9665 0.836017 0.104699 -0.023332
204400 -9348.54692035 1423.81294316 0.391157 5.9665 0.836017 0.104699 0.024709
204500 -9380.62972777 1457.76683335 0.400485 5.9786 0.832910 0.103043 -0.030397
204600 -9370.04723339 1454.76155360 0.399660 5.9786 0.832910 0.103043 -0.005192
204700 -9374.91952054 1431.48375759 0.393265 5.9786 0.832910 0.103043 -0.033789
204800 -9358.44255758 1429.53705114 0.392730 5.9786 0.832910 0.103043 0.010527
204900 -9384.81318723 1455.16999333 0.399772 5.9786 0.832910 0.103043 -0.031379
205000 -9362.98919353 1410.70249412 0.387556 5.9808 0.830487 0.103494 0.013745
205100 -9362.38929575 1429.92290164 0.392836 5.9808 0.830487 0.103494 0.021118
205200 -9377.32689795 1472.99803567 0.404670 5.9808 0.830487 0.103494 -0.018834
205300 -9399.59304415 1488.49672418 0.408928 5.9808 0.830487 0.103494 -0.054547
205400 -9343.24441410 1439.01255798 0.395333 5.9808 0.830487 0.103494 0.073495
205500 -9350.82089544 1427.41280809 0.392146 5.9692 0.827660 0.105930 0.036459
205600 -9347.90797022 1453.91577505 0.399427 5.9692 0.827660 0.105930 0.034756
205700 -9337.52540264 1470.57016010 0.404003 5.9692 0.827660 0.105930 0.056332
205800 -9339.94414492 1424.97383963 0.391476 5.9692 0.827660 0.105930 0.024901
205900 -9347.60089112 1451.57425001 0.398784 5.9692 0.827660 0.105930 0.013777
206000 -9340.18070510 1476.62861471 0.405667 5.9758 0.834635 0.104692 0.014380
206100 -9356.72108105 1461.96339649 0.401638 5.9758 0.834635 0.104692 -0.031575
206200 -9345.57385438 1470.05782883 0.403862 5.9758 0.834635 0.104692 -0.003372
206300 -9387.29180986 1441.49156125 0.396014 5.9758 0.834635 0.104692 -0.078374
206400 -9359.93847223 1418.00172299 0.389561 5.9758 0.834635 0.104692 0.000492
206500 -9391.06631654 1465.87703972 0.402713 5.9780 0.839474 0.101711 -0.052230
206600 -9369.45776483 1456.20545065 0.400056 5.9780 0.839474 0.101711 -0.033771
206700 -9358.65294112 1459.27159298 0.400899 5.9780 0.839474 0.101711 0.002424
206800 -9371.66441757 1473.86569859 0.404908 5.9780 0.839474 0.101711 -0.037243
206900 -9372.84957770 1483.40317133 0.407528 5.9780 0.839474 0.101711 -0.031928
207000 -9369.28512007 1461.73159120 0.401575 5.9802 0.835166 0.102365 -0.013194
207100 -9354.79936056 1480.41926019 0.406709 5.9802 0.835166 0.102365 0.015473
207200 -9377.56675514 1422.15832735 0.390703 5.9802 0.835166 0.102365 -0.044203
207300 -9394.07362250 1412.69997508 0.388104 5.9802 0.835166 0.102365 -0.063370
207400 -9388.38973878 1411.82535415 0.387864 5.9802 0.835166 0.102365 -0.023926
207500 -9377.91797199 1451.40279254 0.398737 5.9780 0.839877 0.102244 0.013308
207600 -9389.74053388 1404.18483478 0.385765 5.9780 0.839877 0.102244 -0.011177
207700 -9373.58276239 1417.89747047 0.389532 5.9780 0.839877 0.102244 0.032577
207800 -9378.56029530 1403.66172092 0.385621 5.9780 0.839877 0.102244 0.026289
207900 -9399.77959857 1458.54083358 0.400698 5.9780 0.839877 0.102244 0.013475
208000 -9389.15956090 1433.40421601 0.393792 5.9813 0.836037 0.102131 0.016385
208100 -9406.08467114 1438.21804378 0.395115 5.9813 0.836037 0.102131 -0.003481
208200 -9398.08702018 1442.24921581 0.396222 5.9813 0.836037 0.102131 0.010429
208300 -9430.90965330 1427.68479639 0.392221 5.9813 0.836037 0.102131 -0.061497
208400 -9401.88888336 1413.84312092 0.388418 5.9813 0.836037 0.102131 0.010018
208500 -9398.61717197 1445.87494909 0.397218 5.9808 0.834268 0.103615 0.020832
208600 -9369.09425366 1433.63403604 0.393856 5.9808 0.834268 0.103615 0.053248
208700 -9411.01551730 1456.85041651 0.400234 5.9808 0.834268 0.103615 -0.033268
208800 -9404.77139109 1452.24529138 0.398968 5.9808 0.834268 0.103615 0.004254
208900 -9375.50153009 1462.90976029 0.401898 5.9808 0.834268 0.103615 0.073977
209000 -9374.66700867 1483.48951567 0.407552 5.9797 0.836941 0.103633 0.054292
209100 -9380.12092436 1419.66277158 0.390017 5.9797 0.836941 0.103633 0.015043
209200 -9385.84247427 1429.43319344 0.392701 5.9797 0.836941 0.103633 -0.000561
209300 -9366.03550265 1410.52679479 0.387507 5.9797 0.836941 0.103633 0.038086
209400 -9376.20124990 1428.51747099 0.392450 5.9797 0.836941 0.103633 0.017330
209500 -9401.51998495 1473.03258539 0.404679 5.9813 0.836429 0.102578 -0.016124
209600 -9347.66039596 1408.50049512 0.386951 5.9813 0.836429 0.102578 0.095642
209700 -9401.85083839 1485.03506962 0.407977 5.9813 0.836429 0.102578 -0.039536
209800 -9407.89934352 1455.93623232 0.399982 5.9813 0.836429 0.102578 -0.031938
209900 -9397.91431909 1441.49091251 0.396014 5.9813 0.836429 0.102578 -0.019159
210000 -9420.31615021 1479.37191191 0.406421 5.9846 0.846888 0.100650 -0.067485
210100 -9407.14572801 1428.75674175 0.392516 5.9846 0.846888 0.100650 -0.042253
210200 -9391.81137537 1454.83388521 0.399680 5.9846 0.846888 0.100650 0.002597
210300 -9379.89277746 1488.03264959 0.408800 5.9846 0.846888 0.100650 0.014432
210400 -9360.59926902 1452.55798475 0.399054 5.9846 0.846888 0.100650 0.057711
210500 -9364.76818983 1421.94792798 0.390645 5.9830 0.838823 0.103696 0.024137
210600 -9350.00535264 1470.65347826 0.404026 5.9830 0.838823 0.103696 0.055845
210700 -9358.50797179 1446.46111752 0.397379 5.9830 0.838823 0.103696 0.030310
210800 -9358.18712736 1466.82486200 0.402974 5.9830 0.838823 0.103696 0.013437
210900 -9368.68314089 1415.82613321 0.388963 5.9830 0.838823 0.103696 0.006556
211000 -9378.67241000 1414.95268395 0.388723 5.9863 0.836739 0.101310 -0.020418
211100 -9363.13076222 1472.02106831 0.404401 5.9863 0.836739 0.101310 0.046703
211200 -9370.48533868 1445.81283160 0.397201 5.9863 0.836739 0.101310 0.012195
211300 -9364.16089708 1467.26373909 0.403094 5.9863 0.836739 0.101310 0.010498
211400 -9354.22188549 1473.53498870 0.404817 5.9863 0.836739 0.101310 0.036727
211500 -9358.07658144 1474.45562934 0.405070 5.9830 0.835583 0.102973 0.016881
211600 -9346.06383345 1429.66798469 0.392766 5.9830 0.835583 0.102973 0.016423
211700 -9398.63033281 1425.17426447 0.391531 5.9830 0.835583 0.102973 -0.058934
211800 -9379.04373486 1445.16454603 0.397023 5.9830 0.835583 0.102973 -0.015642
211900 -9394.93499594 1448.26135612 0.397874 5.9830 0.835583 0.102973 -0.052316
212000 -9346.21940096 1432.98344956 0.393677 5.9736 0.830970 0.105481 0.068939
212100 -9363.15161338 1440.26062138 0.395676 5.9736 0.830970 0.105481 0.025233
212200 -9387.24840659 1457.52875550 0.400420 5.9736 0.830970 0.105481 -0.026320
212300 -9372.82062915 1459.23995908 0.400890 5.9736 0.830970 0.105481 -0.004622
212400 -9359.43095077 1450.95469701 0.398614 5.9736 0.830970 0.105481 0.042800
212500 -9402.91677858 1469.62004076 0.403742 5.9830 0.835796 0.104213 -0.074799
212600 -9335.41638379 1410.47127419 0.387492 5.9830 0.835796 0.104213 0.070991
212700 -9398.99496389 1443.56286815 0.396583 5.9830 0.835796 0.104213 -0.060438
212800 -9409.73897685 1418.95828283 0.389824 5.9830 0.835796 0.104213 -0.053949
212900 -9381.24080240 1467.58517226 0.403183 5.9830 0.835796 0.104213 0.004050
213000 -9380.79294895 1456.22112996 0.400061 5.9780 0.832983 0.103701 -0.010017
213100 -9418.22827219 1455.17140707 0.399772 5.9780 0.832983 0.103701 -0.099984
213200 -9393.46811233 1428.90306701 0.392556 5.9780 0.832983 0.103701 -0.017509
213300 -9348.80766692 1445.81917203 0.397203 5.9780 0.832983 0.103701 0.086576
213400 -9376.51053065 1445.80502423 0.397199 5.9780 0.832983 0.103701 0.026231
213500 -9352.67477221 1445.16714806 0.397024 5.9709 0.831756 0.104081 0.053230
213600 -9326.98656433 1470.62509512 0.404018 5.9709 0.831756 0.104081 0.095417
213700 -9362.40482512 1473.66902142 0.404854 5.9709 0.831756 0.104081 0.003078
213800 -9331.03862532 1444.65413190 0.396883 5.9709 0.831756 0.104081 0.038193
213900 -9359.86606330 1416.91861426 0.389263 5.9709 0.831756 0.104081 -0.002735
214000 -9355.44909119 1418.98922951 0.389832 5.9813 0.833949 0.103060 -0.011351
214100 -9350.37232783 1432.42712447 0.393524 5.9813 0.833949 0.103060 -0.002592
214200 -9378.47284062 1463.26680163 0.401996 5.9813 0.833949 0.103060 -0.019965
214300 -9385.28713869 1458.59178017 0.400712 5.9813 0.833949 0.103060 -0.044967
214400 -9361.16714575 1444.94467053 0.396963 5.9813 0.833949 0.103060 0.024033
214500 -9363.77503106 1433.59024564 0.393843 5.9775 0.832651 0.104131 0.015249
214600 -9362.32200276 1507.80765208 0.414233 5.9775 0.832651 0.104131 0.022008
214700 -9331.33004482 1452.13331976 0.398938 5.9775 0.832651 0.104131 0.051992
214800 -9366.98653595 1496.90518853 0.411238 5.9775 0.832651 0.104131 -0.007723
214900 -9359.27933022 1466.24732608 0.402815 5.9775 0.832651 0.104131 0.000524
215000 -9316.47032704 1451.51355343 0.398767 5.9775 0.830768 0.106040 0.071378
215100 -9378.96314513 1459.58544574 0.400985 5.9775 0.830768 0.106040 -0.075677
215200 -9355.44982773 1482.86329278 0.407380 5.9775 0.830768 0.106040 0.018117
215300 -9346.70899797 1467.37999404 0.403126 5.9775 0.830768 0.106040 0.005040
215400 -9385.81509910 1520.67398805 0.417768 5.9775 0.830768 0.106040 -0.079221
215500 -9344.71705309 1469.68480017 0.403760 5.9714 0.831003 0.104658 0.006651
215600 -9337.07781658 1465.33026337 0.402563 5.9714 0.831003 0.104658 -0.007122
215700 -9322.69784247 1472.93770623 0.404653 5.9714 0.831003 0.104658 0.029831
215800 -9363.49565029 1502.71935371 0.412835 5.9714 0.831003 0.104658 -0.021314
215900 -9339.78199067 1453.98258341 0.399446 5.9714 0.831003 0.104658 -0.002686
216000 -9349.73454032 1461.71469891 0.401570 5.9736 0.828825 0.105480 -0.017443
216100 -9386.00181091 1472.72663988 0.404595 5.9736 0.828825 0.105480 -0.095837
216200 -9343.14875860 1417.29083899 0.389366 5.9736 0.828825 0.105480 -0.004383
216300 -9366.36679694 1443.07579856 0.396449 5.9736 0.828825 0.105480 -0.025178
216400 -9338.42338194 1428.26621779 0.392381 5.9736 0.828825 0.105480 0.042287
216500 -9381.75572592 1460.43111893 0.401217 5.9835 0.833839 0.102501 -0.052816
216600 -9402.59046917 1450.44037561 0.398473 5.9835 0.833839 0.102501 -0.084426
216700 -9381.70419372 1438.03448762 0.395064 5.9835 0.833839 0.102501 -0.010336
216800 -9371.43393156 1450.28388900 0.398430 5.9835 0.833839 0.102501 0.011248
216900 -9337.60582223 1415.61331820 0.388905 5.9835 0.833839 0.102501 0.079554
217000 -9401.40833753 1438.88124439 0.395297 5.9775 0.837977 0.101921 -0.043463
217100 -9397.62091124 1441.20602641 0.395936 5.9775 0.837977 0.101921 -0.026120
217200 -9406.07296630 1473.84842046 0.404903 5.9775 0.837977 0.101921 -0.050930
217300 -9389.70674769 1423.89476105 0.391180 5.9775 0.837977 0.101921 -0.019852
217400 -9429.86423145 1455.21764334 0.399785 5.9775 0.837977 0.101921 -0.084221
217500 -9395.70525397 1471.40318406 0.404232 5.9802 0.834950 0.103648 0.000208
217600 -9363.48585872 1480.48062091 0.406725 5.9802 0.834950 0.103648 0.026027
217700 -9396.81300757 1501.01612456 0.412367 5.9802 0.834950 0.103648 -0.043366
217800 -9371.64578600 1459.29448865 0.400905 5.9802 0.834950 0.103648 0.014061
217900 -9391.92134705 1449.96121203 0.398341 5.9802 0.834950 0.103648 -0.033724
218000 -9369.36851592 1437.25049707 0.394849 5.9819 0.831090 0.102799 0.016173
218100 -9401.09722546 1447.60112725 0.397693 5.9819 0.831090 0.102799 -0.024591
218200 -9399.05498342 1449.89114644 0.398322 5.9819 0.831090 0.102799 -0.040966
218300 -9391.90139284 1457.42062366 0.400390 5.9819 0.831090 0.102799 -0.020959
218400 -9372.45041292 1466.16900245 0.402794 5.9819 0.831090 0.102799 -0.003214
218500 -9385.95111490 1480.52017302 0.406736 5.9835 0.841623 0.101498 -0.026682
218600 -9358.77753060 1419.36159487 0.389935 5.9835 0.841623 0.101498 0.035161
218700 -9385.78592288 1426.85191738 0.391992 5.9835 0.841623 0.101498 -0.020934
218800 -9387.29721730 1431.49441197 0.393268 5.9835 0.841623 0.101498 -0.005139
218900 -9377.65684766 1449.86757585 0.398315 5.9835 0.841623 0.101498 0.020173
219000 -9345.89079042 1463.17075074 0.401970 5.9753 0.826072 0.104710 0.076745
219100 -9355.13197041 1481.33247548 0.406959 5.9753 0.826072 0.104710 0.047000
219200 -9355.32068341 1450.35823720 0.398450 5.9753 0.826072 0.104710 0.027847
219300 -9337.27437131 1442.36122447 0.396253 5.9753 0.826072 0.104710 0.052556
219400 -9311.93065837 1447.91036285 0.397778 5.9753 0.826072 0.104710 0.085745
219500 -9347.70850496 1416.23512820 0.389076 5.9813 0.830621 0.104208 -0.011197
219600 -9394.62895393 1449.90121821 0.398325 5.9813 0.830621 0.104208 -0.089683
219700 -9374.59378563 1469.20864649 0.403629 5.9813 0.830621 0.104208 -0.002195
219800 -9380.93781677 1435.93948886 0.394489 5.9813 0.830621 0.104208 -0.017063
219900 -9389.79432038 1424.43553866 0.391328 5.9813 0.830621 0.104208 -0.040535
220000 -9366.98652718 1392.33537562 0.382510 5.9786 0.831851 0.103956 0.023676
220100 -9408.40020015 1481.77705258 0.407082 5.9786 0.831851 0.103956 -0.039223
220200 -9388.26278638 1504.47852852 0.413318 5.9786 0.831851 0.103956 -0.006857
220300 -9367.57498667 1447.51635351 0.397669 5.9786 0.831851 0.103956 0.034992
220400 -9400.17631035 1453.86509450 0.399413 5.9786 0.831851 0.103956 -0.050270
220500 -9378.01549885 1459.99020581 0.401096 5.9802 0.834630 0.102832 0.004591
220600 -9344.42537748 1435.61417518 0.394399 5.9802 0.834630 0.102832 0.052441
220700 -9351.16423830 1417.39780237 0.389395 5.9802 0.834630 0.102832 0.024036
220800 -9379.33051645 1484.67372458 0.407877 5.9802 0.834630 0.102832 -0.037729
220900 -9382.61327921 1477.01859712 0.405774 5.9802 0.834630 0.102832 -0.034153
221000 -9377.23703010 1417.75795096 0.389494 5.9868 0.838934 0.101247 -0.024505
221100 -9405.17909296 1465.64895507 0.402651 5.9868 0.838934 0.101247 -0.062039
221200 -9400.94521305 1438.90700709 0.395304 5.9868 0.838934 0.101247 -0.061371
221300 -9386.38433245 1429.52198478 0.392726 5.9868 0.838934 0.101247 -0.005566
221400 -9405.02839329 1430.01053781 0.392860 5.9868 0.838934 0.101247 -0.011783
221500 -9447.45240861 1441.11318413 0.395910 5.9819 0.840070 0.101296 -0.095336
221600 -9388.31332455 1411.51466344 0.387779 5.9819 0.840070 0.101296 0.022983
221700 -9382.49652713 1442.73960873 0.396357 5.9819 0.840070 0.101296 0.049010
221800 -9387.26320562 1432.70378402 0.393600 5.9819 0.840070 0.101296 0.042394
221900 -9391.98387618 1433.26497349 0.393754 5.9819 0.840070 0.101296 0.012756
222000 -9370.99650148 1442.04762035 0.396167 5.9747 0.834752 0.102619 0.041926
222100 -9378.08280548 1475.79687982 0.405439 5.9747 0.834752 0.102619 0.016602
222200 -9360.53943884 1419.78814347 0.390052 5.9747 0.834752 0.102619 0.042853
222300 -9398.27912872 1466.00013405 0.402747 5.9747 0.834752 0.102619 -0.029387
222400 -9336.29445530 1431.57154493 0.393289 5.9747 0.834752 0.102619 0.081933
222500 -9370.12976956 1493.90240848 0.410413 5.9687 0.836453 0.104407 -0.006552
222600 -9347.64019034 1420.52572561 0.390254 5.9687 0.836453 0.104407 0.021732
222700 -9347.47951471 1465.93176746 0.402729 5.9687 0.836453 0.104407 0.005553
222800 -9356.53684957 1459.24825048 0.400892 5.9687 0.836453 0.104407 0.000630
222900 -9296.66618859 1422.60654892 0.390826 5.9687 0.836453 0.104407 0.100065
223000 -9346.72391168 1460.22404006 0.401160 5.9813 0.837278 0.102424 -0.005898
223100 -9332.48560855 1449.05814897 0.398093 5.9813 0.837278 0.102424 0.039030
223200 -9327.98905751 1446.09778482 0.397280 5.9813 0.837278 0.102424 0.036056
223300 -9377.79002496 1443.25577685 0.396499 5.9813 0.837278 0.102424 -0.032172
223400 -9370.63072144 1445.56559473 0.397133 5.9813 0.837278 0.102424 0.000850
223500 -9355.56510236 1444.83253688 0.396932 5.9808 0.830323 0.102449 0.032302
223600 -9389.30579493 1497.13489749 0.411301 5.9808 0.830323 0.102449 -0.034476
223700 -9356.10872675 1471.27686424 0.404197 5.9808 0.830323 0.102449 0.010643
223800 -9366.17162390 1497.07855908 0.411285 5.9808 0.830323 0.102449 -0.009030
223900 -9303.30945682 1418.02333587 0.389567 5.9808 0.830323 0.102449 0.086447
224000 -9372.44378404 1467.92899823 0.403277 5.9813 0.836605 0.101969 -0.018381
224100 -9369.98890020 1451.96120739 0.398890 5.9813 0.836605 0.101969 -0.022586
224200 -9337.81311626 1422.49351214 0.390795 5.9813 0.836605 0.101969 0.023439
224300 -9400.50630465 1498.39938907 0.411648 5.9813 0.836605 0.101969 -0.081837
224400 -9360.45947570 1463.64677498 0.402101 5.9813 0.836605 0.101969 0.000045
224500 -9343.26422989 1457.40359150 0.400386 5.9769 0.833729 0.103681 0.030755
224600 -9315.01332916 1469.60465263 0.403738 5.9769 0.833729 0.103681 0.072524
224700 -9336.13564981 1496.58442497 0.411150 5.9769 0.833729 0.103681 0.019537
224800 -9331.67376611 1486.93535304 0.408499 5.9769 0.833729 0.103681 0.026627
224900 -9292.55243094 1495.86216806 0.410951 5.9769 0.833729 0.103681 0.072342
225000 -9329.99487925 1479.90050775 0.406566 5.9775 0.830125 0.103550 -0.009861
225100 -9322.46860378 1455.44934324 0.399849 5.9775 0.830125 0.103550 0.013102
225200 -9331.46232830 1465.32714033 0.402562 5.9775 0.830125 0.103550 0.009473
225300 -9353.47709164 1439.71768537 0.395527 5.9775 0.830125 0.103550 -0.050083
225400 -9338.66593194 1481.06450357 0.406886 5.9775 0.830125 0.103550 -0.009157
225500 -9362.31816748 1482.87117915 0.407382 5.9791 0.828745 0.105212 -0.050415
225600 -9364.96945025 1492.59723274 0.410054 5.9791 0.828745 0.105212 -0.045986
225700 -9307.42018676 1470.71364046 0.404042 5.9791 0.828745 0.105212 0.058107
225800 -9355.46604555 1473.23225867 0.404734 5.9791 0.828745 0.105212 -0.048173
225900 -9332.38656421 1475.43792930 0.405340 5.9791 0.828745 0.105212 0.004051
226000 -9357.82896506 1461.36872295 0.401475 5.9791 0.835523 0.102124 -0.044680
226100 -9344.39567222 1445.15699931 0.397021 5.9791 0.835523 0.102124 0.013941
226200 -9382.00392785 1449.50267834 0.398215 5.9791 0.835523 0.102124 -0.054370
226300 -9377.69863798 1483.69689481 0.407609 5.9791 0.835523 0.102124 -0.031817
226400 -9380.55500173 1468.40341246 0.403408 5.9791 0.835523 0.102124 -0.035785
226500 -9353.98888570 1463.98944123 0.402195 5.9764 0.834147 0.103869 0.000400
226600 -9364.07637752 1441.41756309 0.395994 5.9764 0.834147 0.103869 -0.023547
226700 -9391.67929757 1431.57481176 0.393290 5.9764 0.834147 0.103869 -0.040879
226800 -9357.84447376 1384.78741486 0.380436 5.9764 0.834147 0.103869 0.008486
226900 -9400.76061427 1438.32498470 0.395144 5.9764 0.834147 0.103869 -0.064622
227000 -9401.79243176 1447.67708817 0.397713 5.9852 0.838098 0.103284 -0.040880
227100 -9388.46927493 1450.18867093 0.398403 5.9852 0.838098 0.103284 0.012120
227200 -9356.06953996 1458.25222648 0.400619 5.9852 0.838098 0.103284 0.061951
227300 -9391.44738941 1464.01303045 0.402201 5.9852 0.838098 0.103284 -0.002333
227400 -9346.49791904 1456.05262681 0.400014 5.9852 0.838098 0.103284 0.062911
227500 -9361.28302990 1461.55595040 0.401526 5.9863 0.835802 0.101161 0.004286
227600 -9370.25729534 1425.61938535 0.391654 5.9863 0.835802 0.101161 -0.004440
227700 -9412.03819431 1466.32101115 0.402835 5.9863 0.835802 0.101161 -0.079057
227800 -9361.30220432 1454.65351744 0.399630 5.9863 0.835802 0.101161 0.028337
227900 -9330.55893995 1439.76247531 0.395539 5.9863 0.835802 0.101161 0.076534
228000 -9349.41257591 1466.43768361 0.402867 5.9753 0.826456 0.104400 0.026213
228100 -9342.18226879 1463.57724772 0.402082 5.9753 0.826456 0.104400 0.049949
228200 -9333.28672459 1443.31207284 0.396514 5.9753 0.826456 0.104400 0.039148
228300 -9308.81927137 1427.69393538 0.392224 5.9753 0.826456 0.104400 0.070209
228400 -9353.85405859 1465.65950741 0.402654 5.9753 0.826456 0.104400 -0.023415
228500 -9329.06762668 1435.29382491 0.394311 5.9830 0.830912 0.102911 0.024548
228600 -9390.42509241 1468.07924518 0.403318 5.9830 0.830912 0.102911 -0.101485
228700 -9364.87781590 1439.28219629 0.395407 5.9830 0.830912 0.102911 -0.010380
228800 -9381.62598839 1461.55706216 0.401527 5.9830 0.830912 0.102911 -0.021409
228900 -9366.28404396 1449.52637277 0.398222 5.9830 0.830912 0.102911 -0.013783
229000 -9378.69608259 1446.96530905 0.397518 5.9797 0.830895 0.104395 -0.021082
229100 -9368.47849320 1441.58110362 0.396039 5.9797 0.830895 0.104395 -0.005781
229200 -9354.87462456 1483.64304703 0.407594 5.9797 0.830895 0.104395 0.030796
229300 -9338.60306558 1502.57792092 0.412796 5.9797 0.830895 0.104395 0.054399
229400 -9300.70138419 1475.03994273 0.405231 5.9797 0.830895 0.104395 0.099344
229500 -9334.06554256 1478.64082235 0.406220 5.9786 0.828874 0.104358 0.002985
229600 -9365.86229538 1477.62093975 0.405940 5.9786 0.828874 0.104358 -0.054023
229700 -9318.40650882 1465.68619122 0.402661 5.9786 0.828874 0.104358 0.061561
229800 -9322.06910163 1475.41617478 0.405334 5.9786 0.828874 0.104358 0.020814
229900 -9350.76454696 1484.56647839 0.407848 5.9786 0.828874 0.104358 -0.039796
230000 -9325.17180064 1470.64032755 0.404022 5.9769 0.828890 0.105649 0.029168
230100 -9325.42712824 1437.65753652 0.394961 5.9769 0.828890 0.105649 0.007462
230200 -9359.60379708 1431.90828329 0.393381 5.9769 0.828890 0.105649 -0.052094
230300 -9372.28967380 1516.83711549 0.416713 5.9769 0.828890 0.105649 -0.037748
230400 -9302.36424509 1478.13365803 0.406081 5.9769 0.828890 0.105649 0.085985
230500 -9363.34300579 1477.03406238 0.405779 5.9824 0.829722 0.103881 -0.070021
230600 -9344.05277231 1488.39308738 0.408899 5.9824 0.829722 0.103881 0.000443
230700 -9326.76957852 1457.47231375 0.400404 5.9824 0.829722 0.103881 0.037597
230800 -9308.85854283 1478.03728043 0.406054 5.9824 0.829722 0.103881 0.064680
230900 -9289.97665027 1497.21187868 0.411322 5.9824 0.829722 0.103881 0.088194
231000 -9283.29961646 1496.57087383 0.411146 5.9703 0.823976 0.107356 0.069027
231100 -9301.11219922 1467.83903195 0.403252 5.9703 0.823976 0.107356 0.016340
231200 -9359.39193692 1482.06950435 0.407162 5.9703 0.823976 0.107356 -0.108337
231300 -9360.58294408 1496.34598341 0.411084 5.9703 0.823976 0.107356 -0.064977
231400 -9352.33204748 1440.33908425 0.395698 5.9703 0.823976 0.107356 -0.052536
231500 -9368.22755517 1443.77822745 0.396642 5.9736 0.834597 0.101880 -0.067161
231600 -9354.51305791 1481.35597906 0.406966 5.9736 0.834597 0.101880 -0.028104
231700 -9345.67373274 1465.53467606 0.402619 5.9736 0.834597 0.101880 -0.005641
231800 -9330.84199937 1458.39000837 0.400657 5.9736 0.834597 0.101880 0.023756
231900 -9341.94323486 1464.78721590 0.402414 5.9736 0.834597 0.101880 -0.008410
232000 -9361.64034509 1500.19060302 0.412140 5.9819 0.834343 0.102736 -0.047375
232100 -9345.28151955 1446.21962507 0.397313 5.9819 0.834343 0.102736 -0.034878
232200 -9367.15749378 1456.38174301 0.400105 5.9819 0.834343 0.102736 -0.058318
232300 -9364.73658547 1420.37285397 0.390212 5.9819 0.834343 0.102736 -0.020985
232400 -9371.27182090 1442.50437646 0.396292 5.9819 0.834343 0.102736 -0.053174
232500 -9375.59761497 1466.73798581 0.402950 5.9791 0.838366 0.101796 -0.021679
232600 -9355.13433808 1445.15654522 0.397021 5.9791 0.838366 0.101796 0.032272
232700 -9378.31447656 1438.88968835 0.395299 5.9791 0.838366 0.101796 -0.018010
232800 -9355.58562360 1429.58106101 0.392742 5.9791 0.838366 0.101796 0.032068
232900 -9380.98978376 1402.99957212 0.385439 5.9791 0.838366 0.101796 -0.011552
233000 -9390.83550825 1438.50589522 0.395194 5.9786 0.835065 0.102530 -0.011773
233100 -9400.50208299 1459.89655993 0.401070 5.9786 0.835065 0.102530 -0.036367
233200 -9414.76167804 1460.19673555 0.401153 5.9786 0.835065 0.102530 -0.058843
233300 -9391.78820750 1461.88138351 0.401616 5.9786 0.835065 0.102530 -0.030054
233400 -9392.69994330 1465.57926313 0.402632 5.9786 0.835065 0.102530 -0.019517
233500 -9371.77458011 1438.50353323 0.395193 5.9791 0.839286 0.102015 0.017458
233600 -9377.78733563 1452.20441671 0.398957 5.9791 0.839286 0.102015 0.006279
233700 -9387.08443783 1470.97786779 0.404115 5.9791 0.839286 0.102015 -0.009297
233800 -9337.58984245 1506.10305981 0.413765 5.9791 0.839286 0.102015 0.083779
233900 -9369.60767428 1493.97829364 0.410434 5.9791 0.839286 0.102015 -0.020067
234000 -9345.50385285 1481.43547473 0.406988 5.9808 0.830190 0.104849 0.005223
234100 -9373.17303650 1486.02209403 0.408248 5.9808 0.830190 0.104849 -0.029094
234200 -9370.70068246 1439.80821870 0.395552 5.9808 0.830190 0.104849 -0.052037
234300 -9351.95991728 1437.67100677 0.394965 5.9808 0.830190 0.104849 0.021771
234400 -9360.64807085 1453.43308927 0.399295 5.9808 0.830190 0.104849 -0.005054
234500 -9359.84435826 1453.15218743 0.399218 5.9780 0.834697 0.102962 -0.003209
234600 -9360.01248229 1474.15067387 0.404986 5.9780 0.834697 0.102962 -0.005908
234700 -9358.00467413 1440.32308659 0.395693 5.9780 0.834697 0.102962 -0.010013
234800 -9362.30856556 1445.35912881 0.397077 5.9780 0.834697 0.102962 -0.008120
234900 -9353.74735425 1450.04871246 0.398365 5.9780 0.834697 0.102962 -0.000035
235000 -9369.40400354 1454.71867657 0.399648 5.9786 0.835104 0.102863 -0.026754
235100 -9358.75360569 1464.27214930 0.402273 5.9786 0.835104 0.102863 0.006210
235200 -9345.75059980 1450.86645992 0.398590 5.9786 0.835104 0.102863 0.010902
235300 -9418.49237649 1467.77650574 0.403235 5.9786 0.835104 0.102863 -0.115894
235400 -9394.28580834 1416.70893981 0.389206 5.9786 0.835104 0.102863 -0.061104
235500 -9387.31491501 1477.71719426 0.405966 5.9813 0.837398 0.101754 -0.005005
235600 -9402.99050169 1477.87906118 0.406011 5.9813 0.837398 0.101754 -0.053322
235700 -9332.03106621 1450.43009652 0.398470 5.9813 0.837398 0.101754 0.092354
235800 -9389.60172864 1484.29554558 0.407774 5.9813 0.837398 0.101754 -0.044631
235900 -9341.19181495 1516.20827104 0.416541 5.9813 0.837398 0.101754 0.060538
236000 -9339.77511695 1498.84492894 0.411771 5.9709 0.830168 0.104004 0.040297
236100 -9336.86916052 1468.53897073 0.403445 5.9709 0.830168 0.104004 0.008015
236200 -9355.81227177 1514.42793864 0.416052 5.9709 0.830168 0.104004 -0.035238
236300 -9330.90763439 1457.52620170 0.400419 5.9709 0.830168 0.104004 -0.006555
236400 -9340.90864925 1479.89506895 0.406565 5.9709 0.830168 0.104004 -0.031508
236500 -9343.36040460 1484.52846643 0.407837 5.9813 0.828743 0.105008 -0.040865
236600 -9321.05431763 1469.42902934 0.403689 5.9813 0.828743 0.105008 0.026836
236700 -9332.37544500 1487.53028297 0.408662 5.9813 0.828743 0.105008 -0.011100
236800 -9329.11145285 1447.47783644 0.397659 5.9813 0.828743 0.105008 -0.009290
236900 -9338.65550415 1455.06279506 0.399743 5.9813 0.828743 0.105008 -0.033551
237000 -9327.32774349 1449.02570874 0.398084 5.9797 0.833651 0.104638 0.014671
237100 -9326.95161407 1461.22892363 0.401437 5.9797 0.833651 0.104638 0.019276
237200 -9350.29387356 1444.18656863 0.396755 5.9797 0.833651 0.104638 -0.043580
237300 -9352.16717339 1469.20493318 0.403628 5.9797 0.833651 0.104638 0.003728
237400 -9335.16906244 1445.76817488 0.397189 5.9797 0.833651 0.104638 0.008742
237500 -9308.21151710 1441.60958576 0.396047 5.9747 0.823935 0.106380 0.060619
237600 -9351.71687156 1468.81884591 0.403522 5.9747 0.823935 0.106380 -0.034971
237700 -9338.19794326 1457.48195739 0.400407 5.9747 0.823935 0.106380 0.007573
237800 -9314.12653892 1468.29512287 0.403378 5.9747 0.823935 0.106380 0.057686
237900 -9351.59164940 1462.38082784 0.401753 5.9747 0.823935 0.106380 -0.023411
238000 -9340.81053931 1440.62672448 0.395777 5.9703 0.826919 0.106545 0.008232
238100 -9329.84576279 1464.58977520 0.402360 5.9703 0.826919 0.106545 0.025166
238200 -9346.14139661 1469.21235238 0.403630 5.9703 0.826919 0.106545 -0.011746
238300 -9364.89491515 1465.10185053 0.402501 5.9703 0.826919 0.106545 -0.053650
238400 -9351.79231183 1443.98418128 0.396699 5.9703 0.826919 0.106545 0.004808
238500 -9378.43987018 1454.03363828 0.399460 5.9698 0.830991 0.104416 -0.041448
238600 -9338.90261419 1425.32507245 0.391573 5.9698 0.830991 0.104416 0.039285
238700 -9372.78023263 1443.95882726 0.396692 5.9698 0.830991 0.104416 -0.038246
238800 -9388.39405417 1467.02800064 0.403030 5.9698 0.830991 0.104416 -0.053703
238900 -9355.76949520 1500.00313204 0.412089 5.9698 0.830991 0.104416 0.003950
239000 -9333.98205715 1465.66472592 0.402655 5.9846 0.824103 0.104325 0.029870
239100 -9337.05283749 1457.14714558 0.400315 5.9846 0.824103 0.104325 0.015785
239200 -9346.59963224 1485.18939805 0.408019 5.9846 0.824103 0.104325 0.007893
239300 -9352.71168209 1460.05618190 0.401114 5.9846 0.824103 0.104325 -0.018377
239400 -9355.72462850 1426.12784131 0.391793 5.9846 0.824103 0.104325 -0.029692
239500 -9367.59248913 1423.31466761 0.391021 5.9786 0.835084 0.103341 -0.036074
239600 -9389.26119033 1430.95427701 0.393119 5.9786 0.835084 0.103341 -0.030161
239700 -9409.37570101 1475.16330065 0.405265 5.9786 0.835084 0.103341 -0.073921
239800 -9390.82240995 1435.34881334 0.394327 5.9786 0.835084 0.103341 -0.030469
239900 -9387.23588592 1445.24239194 0.397045 5.9786 0.835084 0.103341 -0.025679
240000 -9399.75777440 1455.13734622 0.399763 5.9890 0.840708 0.099651 -0.040084
240100 -9358.14616976 1431.74572465 0.393337 5.9890 0.840708 0.099651 0.048456
240200 -9385.09648260 1464.71428575 0.402394 5.9890 0.840708 0.099651 0.006545
240300 -9358.04957615 1466.18596240 0.402798 5.9890 0.840708 0.099651 0.054598
240400 -9326.85708838 1453.28604826 0.399254 5.9890 0.840708 0.099651 0.096233
240500 -9339.08179470 1503.45203923 0.413036 5.9775 0.833967 0.104285 0.062254
240600 -9329.84150295 1494.36656681 0.410540 5.9775 0.833967 0.104285 0.053477
240700 -9346.78355439 1489.23758396 0.409131 5.9775 0.833967 0.104285 0.007302
240800 -9355.69428954 1444.24508336 0.396771 5.9775 0.833967 0.104285 -0.029607
240900 -9340.41760633 1511.14999088 0.415151 5.9775 0.833967 0.104285 0.010536
241000 -9343.70939388 1437.33415434 0.394872 5.9742 0.824350 0.105755 -0.000142
241100 -9346.81481002 1486.65099479 0.408421 5.9742 0.824350 0.105755 -0.024053
241200 -9331.65146324 1470.37010079 0.403948 5.9742 0.824350 0.105755 0.016221
241300 -9366.85797817 1445.19747419 0.397032 5.9742 0.824350 0.105755 -0.048088
241400 -9371.53827258 1409.59095059 0.387250 5.9742 0.824350 0.105755 -0.023340
241500 -9361.07817982 1408.96424543 0.387078 5.9736 0.833825 0.103797 0.006019
241600 -9349.87845534 1454.72049959 0.399648 5.9736 0.833825 0.103797 0.010965
241700 -9368.67798873 1429.47521179 0.392713 5.9736 0.833825 0.103797 -0.030579
241800 -9367.13483332 1446.43580730 0.397372 5.9736 0.833825 0.103797 -0.022469
241900 -9368.00534725 1421.00189173 0.390385 5.9736 0.833825 0.103797 -0.005772
242000 -9377.66517292 1443.03577666 0.396438 5.9747 0.833560 0.104628 -0.023262
242100 -9329.48550614 1464.88586538 0.402441 5.9747 0.833560 0.104628 0.075390
242200 -9340.31736973 1469.43403428 0.403691 5.9747 0.833560 0.104628 0.024186
242300 -9351.84113627 1476.07046639 0.405514 5.9747 0.833560 0.104628 -0.003463
242400 -9332.56979917 1417.19499322 0.389339 5.9747 0.833560 0.104628 0.030800
242500 -9370.85466598 1456.72902326 0.400200 5.9819 0.836468 0.102347 -0.051260
242600 -9375.36590660 1468.65646621 0.403477 5.9819 0.836468 0.102347 -0.047728
242700 -9372.98021816 1413.86259092 0.388424 5.9819 0.836468 0.102347 -0.033609
242800 -9377.72518501 1406.60596430 0.386430 5.9819 0.836468 0.102347 -0.016610
242900 -9392.99327827 1434.65372165 0.394136 5.9819 0.836468 0.102347 -0.027861
243000 -9376.09863236 1462.30944233 0.401733 5.9857 0.839618 0.101812 0.006581
243100 -9361.45956306 1477.36050616 0.405868 5.9857 0.839618 0.101812 0.034131
243200 -9378.03920311 1459.38400223 0.400930 5.9857 0.839618 0.101812 -0.007654
243300 -9397.53277328 1462.81979182 0.401874 5.9857 0.839618 0.101812 -0.053284
243400 -9390.42346361 1445.14969379 0.397019 5.9857 0.839618 0.101812 -0.009741
243500 -9391.22192369 1433.96146285 0.393945 5.9769 0.835819 0.104526 0.000808
243600 -9397.20236061 1466.30964768 0.402832 5.9769 0.835819 0.104526 -0.013684
243700 -9374.03031307 1447.28562801 0.397606 5.9769 0.835819 0.104526 0.019276
243800 -9407.59924079 1450.16552323 0.398397 5.9769 0.835819 0.104526 -0.040508
243900 -9349.32120591 1421.62005238 0.390555 5.9769 0.835819 0.104526 0.078451
244000 -9385.53037745 1466.57518843 0.402905 5.9753 0.838800 0.102858 0.004418
244100 -9315.63806001 1439.46943987 0.395459 5.9753 0.838800 0.102858 0.106689
244200 -9406.19183401 1470.94801797 0.404107 5.9753 0.838800 0.102858 -0.066429
244300 -9402.08761135 1423.04002698 0.390945 5.9753 0.838800 0.102858 -0.049286
244400 -9383.79882652 1427.81698400 0.392257 5.9753 0.838800 0.102858 0.020505
244500 -9388.26188494 1420.82401068 0.390336 5.9720 0.834128 0.103256 -0.003477
244600 -9406.00376796 1425.87452541 0.391724 5.9720 0.834128 0.103256 -0.050748
244700 -9438.90369437 1462.35415547 0.401746 5.9720 0.834128 0.103256 -0.073044
244800 -9386.40935860 1432.39599816 0.393515 5.9720 0.834128 0.103256 0.035619
244900 -9432.68344091 1446.85086333 0.397487 5.9720 0.834128 0.103256 -0.064664
245000 -9404.93595678 1434.09980168 0.393983 5.9857 0.838282 0.102325 -0.003171
245100 -9404.71044865 1426.83684831 0.391988 5.9857 0.838282 0.102325 0.005662
245200 -9392.88540719 1466.20196802 0.402803 5.9857 0.838282 0.102325 0.029136
245300 -9392.42669561 1460.53025674 0.401245 5.9857 0.838282 0.102325 0.019538
245400 -9400.97052120 1481.27777703 0.406944 5.9857 0.838282 0.102325 -0.004313
245500 -9386.55415305 1540.41297308 0.423190 5.9863 0.831824 0.102988 0.013981
245600 -9362.87162231 1474.41124019 0.405058 5.9863 0.831824 0.102988 0.054204
245700 -9374.56128689 1470.39139691 0.403954 5.9863 0.831824 0.102988 -0.007823
245800 -9361.25942105 1462.60801564 0.401815 5.9863 0.831824 0.102988 0.017341
245900 -9372.12076888 1417.74541879 0.389490 5.9863 0.831824 0.102988 -0.011547
246000 -9416.03252346 1455.71469107 0.399922 5.9775 0.840865 0.101990 -0.089666
246100 -9390.24123379 1398.43778995 0.384186 5.9775 0.840865 0.101990 -0.036915
246200 -9363.27058678 1420.92550648 0.390364 5.9775 0.840865 0.101990 0.034051
246300 -9395.42216689 1470.18414838 0.403897 5.9775 0.840865 0.101990 -0.019915
246400 -9365.15658048 1443.07713605 0.396450 5.9775 0.840865 0.101990 0.026877
246500 -9392.82381492 1468.37852399 0.403401 5.9808 0.837817 0.102015 -0.046056
246600 -9368.05477138 1444.00652445 0.396705 5.9808 0.837817 0.102015 0.018777
246700 -9334.34713784 1402.93894732 0.385423 5.9808 0.837817 0.102015 0.077880
246800 -9403.77137034 1444.16387220 0.396748 5.9808 0.837817 0.102015 -0.077590
246900 -9351.79124772 1448.42494760 0.397919 5.9808 0.837817 0.102015 0.055805
247000 -9396.26640430 1434.48948293 0.394091 5.9791 0.838645 0.102912 -0.023059
247100 -9370.27372418 1417.40267690 0.389396 5.9791 0.838645 0.102912 0.015231
247200 -9390.57228367 1460.64379654 0.401276 5.9791 0.838645 0.102912 -0.011727
247300 -9393.76920043 1418.99062471 0.389833 5.9791 0.838645 0.102912 -0.046486
247400 -9413.27361391 1462.66918417 0.401832 5.9791 0.838645 0.102912 -0.049840
247500 -9399.04064832 1477.61099224 0.405937 5.9868 0.838056 0.099713 -0.021588
247600 -9372.97901759 1443.48604236 0.396562 5.9868 0.838056 0.099713 0.058929
247700 -9367.54273629 1455.75744502 0.399933 5.9868 0.838056 0.099713 0.043139
247800 -9391.96154324 1429.14503751 0.392622 5.9868 0.838056 0.099713 -0.049685
247900 -9409.25373163 1460.42247191 0.401215 5.9868 0.838056 0.099713 -0.049184
248000 -9384.77338957 1408.20509030 0.386870 5.9830 0.840123 0.102846 0.013983
248100 -9409.45829983 1454.72509395 0.399650 5.9830 0.840123 0.102846 -0.034441
248200 -9423.64707556 1459.93673089 0.401082 5.9830 0.840123 0.102846 -0.058695
248300 -9434.49293124 1474.45261547 0.405069 5.9830 0.840123 0.102846 -0.060593
248400 -9400.78648413 1449.24170955 0.398143 5.9830 0.840123 0.102846 0.035740
248500 -9359.21600710 1444.39905206 0.396813 5.9791 0.830008 0.105262 0.083433
248600 -9373.64406589 1485.18293085 0.408017 5.9791 0.830008 0.105262 0.045510
248700 -9356.77154559 1492.15757538 0.409933 5.9791 0.830008 0.105262 0.071406
248800 -9321.90514369 1455.86385744 0.399963 5.9791 0.830008 0.105262 0.078618
248900 -9312.63801775 1491.65031985 0.409794 5.9791 0.830008 0.105262 0.084226
249000 -9342.42533167 1482.41470271 0.407257 5.9780 0.832264 0.104352 0.008732
249100 -9344.28444778 1499.43625337 0.411933 5.9780 0.832264 0.104352 -0.026147
249200 -9317.90055676 1473.48729266 0.404804 5.9780 0.832264 0.104352 0.054160
249300 -9329.81883774 1469.12217178 0.403605 5.9780 0.832264 0.104352 0.027605
249400 -9330.28382936 1453.76811865 0.399387 5.9780 0.832264 0.104352 -0.003206
249500 -9345.56460700 1452.13518456 0.398938 5.9819 0.836147 0.101975 -0.006641
249600 -9352.10926359 1419.82227234 0.390061 5.9819 0.836147 0.101975 -0.016143
249700 -9362.30434260 1456.77724839 0.400214 5.9819 0.836147 0.101975 -0.016601
249800 -9353.59041494 1468.31082210 0.403382 5.9819 0.836147 0.101975 -0.009478
249900 -9343.01346775 1463.50298619 0.402061 5.9819 0.836147 0.101975 0.019351
250000 -9315.10913020 1476.90029987 0.405742 5.9714 0.828810 0.105215 0.078444
250100 -9307.48511672 1469.53348175 0.403718 5.9714 0.828810 0.105215 0.085406
250200 -9381.73816558 1524.49844297 0.418818 5.9714 0.828810 0.105215 -0.098800
250300 -9321.76129390 1488.36022487 0.408890 5.9714 0.828810 0.105215 0.046769
250400 -9347.32278495 1505.71431963 0.413658 5.9714 0.828810 0.105215 -0.031804
250500 -9310.79316919 1460.69907969 0.401291 5.9780 0.824976 0.105424 0.039719
250600 -9338.23042219 1460.88680511 0.401343 5.9780 0.824976 0.105424 -0.026060
250700 -9314.66969629 1429.42909730 0.392700 5.9780 0.824976 0.105424 0.034938
250800 -9343.13247114 1479.00777285 0.406321 5.9780 0.824976 0.105424 0.001817
250900 -9353.38563205 1453.99670354 0.399450 5.9780 0.824976 0.105424 -0.022766
251000 -9340.33650101 1440.98900049 0.395876 5.9775 0.822230 0.106472 0.001545
251100 -9350.15460488 1460.74558524 0.401304 5.9775 0.822230 0.106472 -0.039745
251200 -9361.95816102 1452.19812439 0.398956 5.9775 0.822230 0.106472 -0.030540
251300 -9348.55474620 1440.55217460 0.395756 5.9775 0.822230 0.106472 0.002438
251400 -9355.82870444 1458.05654775 0.400565 5.9775 0.822230 0.106472 0.001427
251500 -9358.46964935 1447.72167589 0.397726 5.9758 0.832962 0.104113 -0.011555
251600 -9336.92606846 1436.81911167 0.394731 5.9758 0.832962 0.104113 0.032309
251700 -9360.88959515 1454.21066741 0.399508 5.9758 0.832962 0.104113 -0.004283
251800 -9352.46604740 1472.90262964 0.404644 5.9758 0.832962 0.104113 0.011764
251900 -9358.71968847 1515.15008829 0.416250 5.9758 0.832962 0.104113 0.009391
252000 -9334.28936927 1493.15038979 0.410206 5.9824 0.826877 0.104246 0.020185
252100 -9347.79318018 1511.06875735 0.415129 5.9824 0.826877 0.104246 0.002796
252200 -9392.82345279 1526.12597479 0.419265 5.9824 0.826877 0.104246 -0.099149
252300 -9362.34348627 1476.76427240 0.405704 5.9824 0.826877 0.104246 -0.024364
252400 -9326.76876376 1446.04677737 0.397266 5.9824 0.826877 0.104246 0.044322
252500 -9336.75084789 1473.70069849 0.404863 5.9780 0.830501 0.105081 0.014792
252600 -9325.05508439 1431.34955284 0.393228 5.9780 0.830501 0.105081 0.021557
252700 -9366.13164456 1462.93581182 0.401905 5.9780 0.830501 0.105081 -0.055987
252800 -9366.93255795 1451.73392831 0.398828 5.9780 0.830501 0.105081 -0.054778
252900 -9369.32239489 1450.95858445 0.398615 5.9780 0.830501 0.105081 -0.040537
253000 -9376.21915801 1455.45468576 0.399850 5.9786 0.835157 0.104078 -0.021466
253100 -9390.37341604 1483.50517611 0.407556 5.9786 0.835157 0.104078 -0.042077
253200 -9367.59009569 1454.80502571 0.399672 5.9786 0.835157 0.104078 0.009763
253300 -9372.26741062 1459.38928157 0.400931 5.9786 0.835157 0.104078 -0.007058
253400 -9382.19845613 1454.65512397 0.399631 5.9786 0.835157 0.104078 -0.049359
253500 -9377.12202418 1453.66787188 0.399359 5.9841 0.837731 0.102653 -0.006979
253600 -9401.72876680 1479.79764619 0.406538 5.9841 0.837731 0.102653 -0.035462
253700 -9330.33651316 1455.84415744 0.399957 5.9841 0.837731 0.102653 0.106123
253800 -9339.98930548 1472.78532207 0.404611 5.9841 0.837731 0.102653 0.059892
253900 -9392.40161685 1496.86312894 0.411226 5.9841 0.837731 0.102653 -0.073968
254000 -9354.61010615 1477.89134502 0.406014 5.9802 0.838343 0.104032 0.019461
254100 -9366.22440115 1408.26241509 0.386885 5.9802 0.838343 0.104032 -0.026178
254200 -9352.94442787 1442.57314453 0.396311 5.9802 0.838343 0.104032 0.007071
254300 -9386.93109267 1467.24582079 0.403090 5.9802 0.838343 0.104032 -0.069829
254400 -9359.16385895 1444.13775944 0.396741 5.9802 0.838343 0.104032 0.017934
254500 -9359.69316078 1434.64596370 0.394134 5.9791 0.834648 0.103613 0.013156
254600 -9385.86421995 1476.28018809 0.405571 5.9791 0.834648 0.103613 -0.030133
254700 -9375.08070802 1441.66758339 0.396063 5.9791 0.834648 0.103613 -0.010364
254800 -9356.53392441 1445.56392491 0.397133 5.9791 0.834648 0.103613 0.026729
254900 -9369.63553968 1477.98304526 0.406039 5.9791 0.834648 0.103613 0.003305
255000 -9382.68581299 1481.47482216 0.406999 5.9786 0.838250 0.101701 -0.044801
255100 -9358.94020036 1447.22804749 0.397590 5.9786 0.838250 0.101701 -0.009375
255200 -9409.56730849 1480.62070300 0.406764 5.9786 0.838250 0.101701 -0.094094
255300 -9409.20912850 1457.46491275 0.400402 5.9786 0.838250 0.101701 -0.072083
255400 -9346.90298149 1446.25414034 0.397323 5.9786 0.838250 0.101701 0.073602
255500 -9392.49863673 1479.69423147 0.406509 5.9791 0.834271 0.103163 -0.051485
255600 -9382.84735846 1439.77168827 0.395542 5.9791 0.834271 0.103163 -0.020396
255700 -9394.05856031 1483.16391444 0.407463 5.9791 0.834271 0.103163 -0.040922
255800 -9361.54412780 1463.91943499 0.402176 5.9791 0.834271 0.103163 0.023765
255900 -9387.36358619 1504.40557739 0.413298 5.9791 0.834271 0.103163 -0.040114
256000 -9388.29232815 1439.54145479 0.395478 5.9857 0.839820 0.101228 -0.057409
256100 -9368.71912127 1475.80416873 0.405441 5.9857 0.839820 0.101228 0.002058
256200 -9365.06346768 1495.36213694 0.410814 5.9857 0.839820 0.101228 -0.002671
256300 -9350.27274486 1510.08867211 0.414860 5.9857 0.839820 0.101228 0.023003
256400 -9332.30668536 1475.48739844 0.405354 5.9857 0.839820 0.101228 0.031851
256500 -9324.95677117 1468.96991044 0.403563 5.9857 0.831272 0.105372 0.039118
256600 -9336.18380299 1460.28325571 0.401177 5.9857 0.831272 0.105372 0.036598
256700 -9347.76233777 1465.79139224 0.402690 5.9857 0.831272 0.105372 -0.011502
256800 -9335.16684063 1482.27038926 0.407217 5.9857 0.831272 0.105372 0.000367
256900 -9305.59173235 1473.73335267 0.404872 5.9857 0.831272 0.105372 0.056436
257000 -9316.50764969 1459.58188387 0.400984 5.9835 0.831742 0.103274 0.025430
257100 -9295.56925808 1475.59633105 0.405384 5.9835 0.831742 0.103274 0.057369
257200 -9319.48456190 1467.22883022 0.403085 5.9835 0.831742 0.103274 0.000569
257300 -9313.97451856 1445.43590582 0.397098 5.9835 0.831742 0.103274 -0.002884
257400 -9362.07156771 1456.17005323 0.400047 5.9835 0.831742 0.103274 -0.078420
257500 -9360.40930168 1451.82630299 0.398853 5.9808 0.830750 0.103563 -0.068771
257600 -9359.45251787 1436.46239424 0.394633 5.9808 0.830750 0.103563 -0.039489
257700 -9394.27637438 1454.50145781 0.399588 5.9808 0.830750 0.103563 -0.086144
257800 -9380.13204795 1441.95497098 0.396141 5.9808 0.830750 0.103563 -0.056153
257900 -9361.14027323 1422.08836667 0.390684 5.9808 0.830750 0.103563 0.015321
258000 -9387.70608363 1417.88299161 0.389528 5.9846 0.838714 0.101985 -0.050687
258100 -9389.38399828 1481.67308432 0.407053 5.9846 0.838714 0.101985 -0.019566
258200 -9391.19515384 1452.39235477 0.399009 5.9846 0.838714 0.101985 -0.036366
258300 -9372.48211637 1478.94650289 0.406304 5.9846 0.838714 0.101985 0.012104
258400 -9344.97706760 1443.39735388 0.396538 5.9846 0.838714 0.101985 0.059937
258500 -9341.81627986 1487.06430863 0.408534 5.9753 0.835338 0.104522 0.079066
258600 -9357.72747109 1455.13364462 0.399762 5.9753 0.835338 0.104522 0.022708
258700 -9356.30584494 1438.02458793 0.395062 5.9753 0.835338 0.104522 0.028530
258800 -9398.48089173 1435.87019177 0.394470 5.9753 0.835338 0.104522 -0.056427
258900 -9405.67255772 1460.92740341 0.401354 5.9753 0.835338 0.104522 -0.080872
259000 -9364.98669645 1445.56352755 0.397133 5.9709 0.834166 0.103794 0.048734
259100 -9359.97779295 1509.98673765 0.414832 5.9709 0.834166 0.103794 0.049292
259200 -9355.36421729 1454.98088796 0.399720 5.9709 0.834166 0.103794 0.034195
259300 -9374.07316615 1440.89531250 0.395850 5.9709 0.834166 0.103794 -0.012647
259400 -9372.86537567 1407.37647251 0.386642 5.9709 0.834166 0.103794 -0.029032
259500 -9362.25608386 1465.94915769 0.402733 5.9797 0.835740 0.102760 0.017682
259600 -9366.90822874 1471.04574879 0.404133 5.9797 0.835740 0.102760 0.013215
259700 -9336.86706991 1457.57385460 0.400432 5.9797 0.835740 0.102760 0.071860
259800 -9337.91149586 1502.29809092 0.412719 5.9797 0.835740 0.102760 0.048119
259900 -9334.18239377 1454.00993421 0.399453 5.9797 0.835740 0.102760 0.041866
260000 -9372.60513945 1449.52775459 0.398222 5.9846 0.838543 0.102325 -0.046468
260100 -9369.77742524 1461.27636426 0.401450 5.9846 0.838543 0.102325 -0.016052
260200 -9358.08451068 1449.67504311 0.398262 5.9846 0.838543 0.102325 0.005225
260300 -9338.34965031 1452.40698110 0.399013 5.9846 0.838543 0.102325 0.043581
260400 -9348.14295765 1474.19529088 0.404999 5.9846 0.838543 0.102325 0.013726
260500 -9354.70346210 1448.55707430 0.397955 5.9703 0.829968 0.106280 -0.009691
260600 -9343.86294562 1478.01314643 0.406048 5.9703 0.829968 0.106280 -0.006805
260700 -9325.08140856 1435.11453886 0.394262 5.9703 0.829968 0.106280 0.031253
260800 -9324.33472277 1431.44887251 0.393255 5.9703 0.829968 0.106280 0.044743
260900 -9322.62003212 1450.24701990 0.398420 5.9703 0.829968 0.106280 0.022733
261000 -9299.64229368 1462.66237723 0.401830 5.9747 0.827874 0.105427 0.074826
261100 -9348.87346284 1455.09739325 0.399752 5.9747 0.827874 0.105427 -0.041904
261200 -9348.05668019 1430.85108582 0.393091 5.9747 0.827874 0.105427 -0.024619
261300 -9349.74281975 1477.53261272 0.405916 5.9747 0.827874 0.105427 -0.005310
261400 -9353.88680245 1464.44655591 0.402320 5.9747 0.827874 0.105427 -0.005795
261500 -9363.62703135 1465.91646072 0.402724 5.9764 0.831296 0.104021 -0.021329
261600 -9359.46264626 1452.38959531 0.399008 5.9764 0.831296 0.104021 -0.019281
261700 -9321.56170114 1446.38824591 0.397359 5.9764 0.831296 0.104021 0.084642
261800 -9360.84027190 1503.83024037 0.413140 5.9764 0.831296 0.104021 -0.017899
261900 -9328.59504752 1481.53082388 0.407014 5.9764 0.831296 0.104021 0.046639
262000 -9350.92834949 1448.96131841 0.398066 5.9736 0.833097 0.104541 -0.012315
262100 -9377.13660083 1457.02098844 0.400280 5.9736 0.833097 0.104541 -0.070884
262200 -9398.09742363 1453.44035803 0.399297 5.9736 0.833097 0.104541 -0.093961
262300 -9356.49582421 1419.68059077 0.390022 5.9736 0.833097 0.104541 0.014801
262400 -9356.02616117 1416.34788742 0.389107 5.9736 0.833097 0.104541 0.012081
262500 -9358.67276763 1444.53811813 0.396851 5.9830 0.835892 0.102895 0.003014
262600 -9361.99577045 1460.20026998 0.401154 5.9830 0.835892 0.102895 -0.001704
262700 -9392.81456391 1464.31980163 0.402286 5.9830 0.835892 0.102895 -0.058002
262800 -9416.14192641 1484.86619397 0.407930 5.9830 0.835892 0.102895 -0.074934
262900 -9370.23412770 1460.02295176 0.401105 5.9830 0.835892 0.102895 0.006938
263000 -9369.73300434 1442.47671238 0.396285 5.9824 0.832070 0.104601 0.008360
263100 -9383.01973857 1424.77352990 0.391421 5.9824 0.832070 0.104601 -0.036171
263200 -9369.92657148 1446.97466284 0.397521 5.9824 0.832070 0.104601 0.018530
263300 -9378.28063978 1457.67923429 0.400461 5.9824 0.832070 0.104601 0.026749
263400 -9388.85110714 1471.22765863 0.404183 5.9824 0.832070 0.104601 -0.062304
263500 -9385.50233703 1433.52807001 0.393826 5.9863 0.839741 0.101009 -0.027175
263600 -9368.27725534 1396.63140213 0.383690 5.9863 0.839741 0.101009 0.000336
263700 -9395.44652583 1424.56596444 0.391364 5.9863 0.839741 0.101009 -0.042223
263800 -9407.50455384 1434.96938133 0.394222 5.9863 0.839741 0.101009 -0.021573
263900 -9394.86243191 1487.77476389 0.408729 5.9863 0.839741 0.101009 0.004598
264000 -9376.11767895 1445.03019898 0.396986 5.9775 0.830003 0.103964 0.025609
264100 -9379.20124664 1422.58603505 0.390820 5.9775 0.830003 0.103964 0.006378
264200 -9387.30725672 1488.11358035 0.408822 5.9775 0.830003 0.103964 -0.001873
264300 -9379.24493715 1482.93999678 0.407401 5.9775 0.830003 0.103964 -0.007185
264400 -9366.39787837 1424.35783408 0.391307 5.9775 0.830003 0.103964 0.007864
264500 -9432.00503652 1446.25817512 0.397324 5.9802 0.841112 0.102288 -0.107524
264600 -9380.61543146 1429.80856256 0.392805 5.9802 0.841112 0.102288 0.000533
264700 -9412.75171211 1410.31195108 0.387448 5.9802 0.841112 0.102288 -0.061822
264800 -9368.00102807 1394.44174468 0.383088 5.9802 0.841112 0.102288 0.053988
264900 -9358.05948404 1457.93095463 0.400530 5.9802 0.841112 0.102288 0.081457
265000 -9396.07851071 1434.49767899 0.394093 5.9841 0.841638 0.101616 -0.005093
265100 -9394.03150380 1433.94672544 0.393941 5.9841 0.841638 0.101616 0.006994
265200 -9402.17162185 1470.70338538 0.404039 5.9841 0.841638 0.101616 0.001372
265300 -9396.61463452 1452.41629788 0.399015 5.9841 0.841638 0.101616 -0.011289
265400 -9419.96289773 1456.70495332 0.400194 5.9841 0.841638 0.101616 -0.036218
265500 -9389.86947947 1479.32765592 0.406409 5.9819 0.839779 0.103122 0.000855
265600 -9379.39061100 1419.01539798 0.389839 5.9819 0.839779 0.103122 0.024851
265700 -9390.50663244 1456.34807406 0.400096 5.9819 0.839779 0.103122 -0.001347
265800 -9400.00475562 1486.28542851 0.408320 5.9819 0.839779 0.103122 -0.003073
265900 -9401.77460596 1446.84424478 0.397485 5.9819 0.839779 0.103122 -0.028911
266000 -9402.62471707 1437.66675525 0.394963 5.9846 0.840118 0.100761 -0.008562
266100 -9394.67600468 1411.88939663 0.387882 5.9846 0.840118 0.100761 0.028557
266200 -9407.16240837 1446.34651366 0.397348 5.9846 0.840118 0.100761 -0.023809
266300 -9401.96680779 1463.84269592 0.402155 5.9846 0.840118 0.100761 0.017790
266400 -9387.48415499 1440.33534065 0.395697 5.9846 0.840118 0.100761 0.024478
266500 -9413.82412113 1428.40164830 0.392418 5.9857 0.842834 0.101645 -0.028292
266600 -9378.98401408 1451.07474913 0.398647 5.9857 0.842834 0.101645 0.057234
266700 -9349.49144903 1436.39791717 0.394615 5.9857 0.842834 0.101645 0.080930
266800 -9391.99995506 1466.67051841 0.402931 5.9857 0.842834 0.101645 -0.012794
266900 -9387.20855430 1438.57588784 0.395213 5.9857 0.842834 0.101645 0.009751
267000 -9389.59724138 1439.68432510 0.395518 5.9824 0.836948 0.103308 -0.001939
267100 -9376.07463374 1455.95997960 0.399989 5.9824 0.836948 0.103308 0.036878
267200 -9389.54746518 1450.62664224 0.398524 5.9824 0.836948 0.103308 -0.003337
267300 -9368.69785569 1443.17896430 0.396478 5.9824 0.836948 0.103308 0.031928
267400 -9341.02487357 1474.13513001 0.404982 5.9824 0.836948 0.103308 0.091568
267500 -9358.09166321 1428.07436993 0.392328 5.9868 0.827130 0.102734 0.025341
267600 -9351.93189978 1445.56976270 0.397135 5.9868 0.827130 0.102734 0.038604
267700 -9377.81239771 1477.88178023 0.406011 5.9868 0.827130 0.102734 -0.004601
267800 -9348.13935397 1464.45577775 0.402323 5.9868 0.827130 0.102734 0.051206
267900 -9377.60494946 1489.09783612 0.409093 5.9868 0.827130 0.102734 -0.016337
268000 -9341.28192920 1446.94059932 0.397511 5.9720 0.831633 0.104219 0.032596
268100 -9372.03058947 1438.01571546 0.395059 5.9720 0.831633 0.104219 -0.033637
268200 -9380.72045752 1488.59440267 0.408955 5.9720 0.831633 0.104219 -0.032385
268300 -9368.80685709 1456.01307470 0.400004 5.9720 0.831633 0.104219 -0.026977
268400 -9379.89351630 1450.29248950 0.398432 5.9720 0.831633 0.104219 -0.043243
268500 -9353.40773709 1444.42660084 0.396820 5.9802 0.829210 0.104539 0.043182
268600 -9393.24921719 1458.27141941 0.400624 5.9802 0.829210 0.104539 -0.052644
268700 -9363.31732641 1428.22320168 0.392369 5.9802 0.829210 0.104539 0.010776
268800 -9359.92347778 1431.07120127 0.393151 5.9802 0.829210 0.104539 0.012261
268900 -9392.36480419 1458.69012494 0.400739 5.9802 0.829210 0.104539 -0.029467
269000 -9410.70956801 1484.78851525 0.407909 5.9802 0.841249 0.102848 -0.063161
269100 -9371.67032479 1430.14169041 0.392896 5.9802 0.841249 0.102848 -0.016139
269200 -9389.08675238 1458.88441190 0.400792 5.9802 0.841249 0.102848 -0.042937
269300 -9359.87820129 1445.21411715 0.397037 5.9802 0.841249 0.102848 0.042969
269400 -9361.99640401 1458.79360088 0.400767 5.9802 0.841249 0.102848 0.036678
269500 -9419.57494536 1462.93310509 0.401905 5.9863 0.838681 0.100877 -0.064094
269600 -9361.24875176 1429.09256534 0.392608 5.9863 0.838681 0.100877 0.036972
269700 -9383.99631375 1447.51427780 0.397669 5.9863 0.838681 0.100877 -0.010531
269800 -9390.93895652 1416.75348229 0.389218 5.9863 0.838681 0.100877 -0.027851
269900 -9361.04925476 1411.37079784 0.387739 5.9863 0.838681 0.100877 0.037919
270000 -9406.94786288 1442.77457408 0.396367 5.9753 0.837454 0.103170 -0.030354
270100 -9381.51820057 1435.29512820 0.394312 5.9753 0.837454 0.103170 -0.007886
270200 -9382.42360227 1449.80219919 0.398297 5.9753 0.837454 0.103170 0.011080
270300 -9363.41927578 1479.17234116 0.406366 5.9753 0.837454 0.103170 0.042346
270400 -9309.71931091 1415.72138105 0.388934 5.9753 0.837454 0.103170 0.138478
270500 -9357.10911865 1444.19227271 0.396756 5.9764 0.834620 0.106130 0.011909
270600 -9359.64196844 1438.39842444 0.395164 5.9764 0.834620 0.106130 -0.008483
270700 -9351.95482857 1477.14156861 0.405808 5.9764 0.834620 0.106130 0.013660
270800 -9360.88083294 1448.01123588 0.397805 5.9764 0.834620 0.106130 -0.017088
270900 -9363.77342097 1462.10024702 0.401676 5.9764 0.834620 0.106130 -0.017434
271000 -9314.52639862 1431.25730471 0.393203 5.9824 0.822665 0.106309 0.059920
271100 -9305.21400364 1457.20821743 0.400332 5.9824 0.822665 0.106309 0.077196
271200 -9328.87217120 1460.47485725 0.401229 5.9824 0.822665 0.106309 0.029186
271300 -9326.72719877 1484.89383026 0.407938 5.9824 0.822665 0.106309 0.039551
271400 -9289.37084847 1470.73438864 0.404048 5.9824 0.822665 0.106309 0.108393
271500 -9325.93605656 1457.40707370 0.400387 5.9703 0.827329 0.105685 0.007440
271600 -9341.16026918 1488.85995216 0.409027 5.9703 0.827329 0.105685 -0.011360
271700 -9338.56024707 1456.97042700 0.400267 5.9703 0.827329 0.105685 -0.029768
271800 -9366.69093361 1475.09857178 0.405247 5.9703 0.827329 0.105685 -0.068287
271900 -9341.93738894 1441.09934234 0.395906 5.9703 0.827329 0.105685 -0.012278
272000 -9357.31240579 1467.03787243 0.403032 5.9758 0.835326 0.104977 -0.049309
272100 -9347.22939398 1449.65527729 0.398257 5.9758 0.835326 0.104977 -0.017047
272200 -9347.17895206 1481.96603903 0.407134 5.9758 0.835326 0.104977 0.005066
272300 -9361.00022399 1488.42479126 0.408908 5.9758 0.835326 0.104977 -0.026258
272400 -9326.09426195 1486.10597670 0.408271 5.9758 0.835326 0.104977 0.039491
272500 -9349.56425003 1444.07520997 0.396724 5.9747 0.832110 0.104455 -0.036112
272600 -9337.11718895 1469.40872817 0.403684 5.9747 0.832110 0.104455 0.010514
272700 -9339.18723726 1450.93472670 0.398608 5.9747 0.832110 0.104455 -0.015288
272800 -9352.23391354 1478.63142758 0.406217 5.9747 0.832110 0.104455 -0.008436
272900 -9343.61552658 1466.14456631 0.402787 5.9747 0.832110 0.104455 0.022444
273000 -9303.42131696 1464.38353504 0.402303 5.9621 0.821720 0.105978 0.070462
273100 -9331.02578436 1520.61479924 0.417751 5.9621 0.821720 0.105978 0.016648
273200 -9313.64999661 1495.11320902 0.410745 5.9621 0.821720 0.105978 0.022258
273300 -9354.43729678 1440.96919422 0.395871 5.9621 0.821720 0.105978 -0.071864
273400 -9313.72950899 1424.96201270 0.391473 5.9621 0.821720 0.105978 0.012339
273500 -9332.03178125 1503.13076656 0.412948 5.9791 0.833173 0.103848 -0.004857
273600 -9329.56371267 1462.62400173 0.401820 5.9791 0.833173 0.103848 -0.024699
273700 -9332.21363865 1448.92755819 0.398057 5.9791 0.833173 0.103848 -0.006665
273800 -9335.66381860 1397.72416043 0.383990 5.9791 0.833173 0.103848 -0.019694
273900 -9392.63719266 1455.62265195 0.399896 5.9791 0.833173 0.103848 -0.111271
274000 -9401.88010733 1478.08149388 0.406066 5.9835 0.843721 0.100355 -0.106957
274100 -9393.15065801 1426.81692340 0.391983 5.9835 0.843721 0.100355 -0.056840
274200 -9388.06975709 1454.64050927 0.399627 5.9835 0.843721 0.100355 -0.030950
274300 -9370.83393306 1449.87641184 0.398318 5.9835 0.843721 0.100355 -0.013361
274400 -9354.19168430 1453.67192228 0.399360 5.9835 0.843721 0.100355 0.028015
274500 -9351.54755110 1446.18004831 0.397302 5.9819 0.831478 0.102945 0.008233
274600 -9383.09967469 1485.89027520 0.408212 5.9819 0.831478 0.102945 -0.038084
274700 -9367.08030852 1476.40464524 0.405606 5.9819 0.831478 0.102945 -0.024980
274800 -9369.97187321 1471.76568167 0.404331 5.9819 0.831478 0.102945 -0.023765
274900 -9335.38203601 1440.47016584 0.395734 5.9819 0.831478 0.102945 0.050561
275000 -9370.89647043 1469.92202326 0.403825 5.9819 0.836018 0.102450 -0.045069
275100 -9351.33129443 1450.21071068 0.398410 5.9819 0.836018 0.102450 0.029455
275200 -9309.60901879 1460.96173320 0.401363 5.9819 0.836018 0.102450 0.102442
275300 -9317.25100498 1467.91268244 0.403273 5.9819 0.836018 0.102450 0.068623
275400 -9320.76002222 1453.12091923 0.399209 5.9819 0.836018 0.102450 0.028840
275500 -9319.99588768 1448.42567506 0.397919 5.9731 0.826630 0.107500 0.007685
275600 -9297.49711178 1423.82179521 0.391160 5.9731 0.826630 0.107500 0.048033
275700 -9351.86746614 1461.25511711 0.401444 5.9731 0.826630 0.107500 -0.047982
275800 -9330.99200798 1472.46844867 0.404524 5.9731 0.826630 0.107500 0.001643
275900 -9392.57300102 1453.77768881 0.399389 5.9731 0.826630 0.107500 -0.120805
276000 -9373.36250736 1428.43743547 0.392428 5.9824 0.835353 0.103870 -0.055526
276100 -9350.18398363 1431.48107265 0.393264 5.9824 0.835353 0.103870 0.013450
276200 -9347.67275759 1483.98417933 0.407688 5.9824 0.835353 0.103870 0.006222
276300 -9349.37997699 1428.71548816 0.392504 5.9824 0.835353 0.103870 -0.001593
276400 -9391.04336860 1460.86141386 0.401336 5.9824 0.835353 0.103870 -0.069247
276500 -9371.69200342 1500.30599567 0.412172 5.9676 0.834045 0.105665 -0.004832
276600 -9324.80790496 1468.51484149 0.403438 5.9676 0.834045 0.105665 0.057011
276700 -9363.38584242 1486.93753512 0.408499 5.9676 0.834045 0.105665 -0.057560
276800 -9368.46137349 1506.82334552 0.413962 5.9676 0.834045 0.105665 -0.037922
276900 -9351.81994821 1426.69041942 0.391948 5.9676 0.834045 0.105665 -0.009526
277000 -9369.96828408 1464.91889935 0.402450 5.9808 0.839508 0.103020 -0.053578
277100 -9369.75079886 1476.46275306 0.405622 5.9808 0.839508 0.103020 -0.030472
277200 -9290.54699408 1446.91094879 0.397503 5.9808 0.839508 0.103020 0.125475
277300 -9322.00895398 1459.16300641 0.400869 5.9808 0.839508 0.103020 0.028269
277400 -9341.72759056 1452.29968049 0.398983 5.9808 0.839508 0.103020 -0.017573
277500 -9344.42553373 1450.53248315 0.398498 5.9703 0.826580 0.103918 -0.020109
277600 -9342.52747157 1454.07741979 0.399472 5.9703 0.826580 0.103918 -0.004983
277700 -9349.81157742 1428.33310092 0.392399 5.9703 0.826580 0.103918 -0.016635
277800 -9356.62182176 1438.53661561 0.395202 5.9703 0.826580 0.103918 -0.024415
277900 -9349.86190045 1428.55947825 0.392461 5.9703 0.826580 0.103918 -0.011790
278000 -9379.95388789 1466.94549828 0.403007 5.9819 0.834616 0.104008 -0.060783
278100 -9374.19315041 1460.79709076 0.401318 5.9819 0.834616 0.104008 -0.041783
278200 -9342.63043972 1425.32391890 0.391573 5.9819 0.834616 0.104008 0.039406
278300 -9373.34693070 1460.77745384 0.401312 5.9819 0.834616 0.104008 -0.028424
278400 -9351.42844615 1463.74157229 0.402127 5.9819 0.834616 0.104008 0.026590
278500 -9357.90846801 1489.00880129 0.409068 5.9753 0.832474 0.104166 0.012422
278600 -9361.86856308 1458.15097148 0.400591 5.9753 0.832474 0.104166 0.004949
278700 -9366.71223924 1461.54463707 0.401523 5.9753 0.832474 0.104166 -0.006480
278800 -9349.70191731 1475.14101942 0.405259 5.9753 0.832474 0.104166 0.023926
278900 -9343.13858164 1471.55350030 0.404273 5.9753 0.832474 0.104166 0.052450
279000 -9333.76125258 1468.06020801 0.403313 5.9813 0.830134 0.105738 0.027590
279100 -9341.78050628 1474.18197792 0.404995 5.9813 0.830134 0.105738 -0.001819
279200 -9364.87349572 1449.06536380 0.398095 5.9813 0.830134 0.105738 -0.043491
279300 -9363.99314451 1436.39847336 0.394615 5.9813 0.830134 0.105738 -0.043883
279400 -9375.48897834 1428.09438760 0.392334 5.9813 0.830134 0.105738 -0.047595
279500 -9355.34593304 1416.63138027 0.389184 5.9753 0.833486 0.105362 -0.008743
279600 -9359.87995847 1445.38994159 0.397085 5.9753 0.833486 0.105362 -0.003324
279700 -9326.42338823 1455.55464610 0.399878 5.9753 0.833486 0.105362 0.084081
279800 -9345.64499945 1490.33752575 0.409433 5.9753 0.833486 0.105362 -0.005321
279900 -9326.25090758 1432.92330465 0.393660 5.9753 0.833486 0.105362 0.059537
280000 -9294.63725496 1442.59956900 0.396319 5.9670 0.820746 0.107979 0.090431
280100 -9375.42665060 1442.61108284 0.396322 5.9670 0.820746 0.107979 -0.103578
280200 -9365.05391879 1432.45703953 0.393532 5.9670 0.820746 0.107979 -0.054148
280300 -9390.05629925 1462.99130132 0.401921 5.9670 0.820746 0.107979 -0.096487
280400 -9365.58262049 1407.62560298 0.386710 5.9670 0.820746 0.107979 -0.007652
280500 -9382.60762055 1475.61386513 0.405388 5.9736 0.834248 0.103906 -0.023040
280600 -9300.33727221 1408.65073011 0.386992 5.9736 0.834248 0.103906 0.124866
280700 -9355.43022651 1457.80173837 0.400495 5.9736 0.834248 0.103906 0.005225
280800 -9336.89448313 1448.67492798 0.397988 5.9736 0.834248 0.103906 0.030121
280900 -9352.42112381 1445.46330251 0.397105 5.9736 0.834248 0.103906 -0.010398
281000 -9313.39095296 1400.73221343 0.384817 5.9720 0.824144 0.107440 0.059629
281100 -9362.92870704 1431.33970961 0.393225 5.9720 0.824144 0.107440 -0.034894
281200 -9394.41296633 1432.62914775 0.393579 5.9720 0.824144 0.107440 -0.097610
281300 -9371.63330615 1458.56259413 0.400704 5.9720 0.824144 0.107440 -0.024758
281400 -9366.81484961 1490.65934915 0.409522 5.9720 0.824144 0.107440 -0.018673
281500 -9349.03462568 1428.64545647 0.392485 5.9698 0.829538 0.106427 0.012543
281600 -9326.48230237 1480.97863625 0.406862 5.9698 0.829538 0.106427 0.060314
281700 -9325.15616722 1465.63647211 0.402647 5.9698 0.829538 0.106427 0.026437
281800 -9292.83683738 1468.54888162 0.403447 5.9698 0.829538 0.106427 0.081913
281900 -9320.17644444 1467.74324938 0.403226 5.9698 0.829538 0.106427 0.026530
282000 -9314.17799617 1435.29350494 0.394311 5.9780 0.831172 0.103103 0.015175
282100 -9324.83835155 1468.20793738 0.403354 5.9780 0.831172 0.103103 0.012792
282200 -9324.03868911 1420.69854283 0.390302 5.9780 0.831172 0.103103 0.003766
282300 -9330.78917427 1471.20876458 0.404178 5.9780 0.831172 0.103103 0.020165
282400 -9350.55014556 1473.55278809 0.404822 5.9780 0.831172 0.103103 -0.022280
282500 -9357.88840316 1431.59016963 0.393294 5.9720 0.837376 0.103156 -0.069914
282600 -9351.89658163 1445.12801988 0.397013 5.9720 0.837376 0.103156 -0.016968
282700 -9333.38213681 1440.85300991 0.395839 5.9720 0.837376 0.103156 0.013245
282800 -9350.90798791 1497.16871178 0.411310 5.9720 0.837376 0.103156 -0.021755
282900 -9339.00401959 1453.43040823 0.399294 5.9720 0.837376 0.103156 -0.014125
283000 -9359.38569410 1451.53390463 0.398773 5.9780 0.835343 0.103845 -0.028942
283100 -9312.00455044 1427.42594121 0.392150 5.9780 0.835343 0.103845 0.076286
283200 -9326.30817673 1450.62284890 0.398523 5.9780 0.835343 0.103845 0.017173
283300 -9321.04201598 1465.85719405 0.402708 5.9780 0.835343 0.103845 0.027126
283400 -9372.81791002 1506.52566128 0.413881 5.9780 0.835343 0.103845 -0.076563
283500 -9340.64715581 1460.50165230 0.401237 5.9698 0.828819 0.105608 -0.019277
283600 -9290.25098941 1474.00294091 0.404946 5.9698 0.828819 0.105608 0.069260
283700 -9314.98022738 1490.49894052 0.409478 5.9698 0.828819 0.105608 -0.003195
283800 -9300.85187652 1458.60471969 0.400716 5.9698 0.828819 0.105608 0.021748
283900 -9316.48228898 1434.32887572 0.394046 5.9698 0.828819 0.105608 -0.015530
284000 -9334.15112632 1440.81301779 0.395828 5.9714 0.827216 0.106173 -0.041961
284100 -9310.16811497 1427.34009104 0.392126 5.9714 0.827216 0.106173 0.028555
284200 -9326.49725485 1471.00296795 0.404122 5.9714 0.827216 0.106173 -0.015481
284300 -9342.81651597 1457.58851196 0.400436 5.9714 0.827216 0.106173 -0.052052
284400 -9360.32500266 1468.17635594 0.403345 5.9714 0.827216 0.106173 -0.063896
284500 -9346.78420697 1461.59852429 0.401538 5.9786 0.837288 0.103223 -0.033312
284600 -9375.42503285 1463.00304670 0.401924 5.9786 0.837288 0.103223 -0.075071
284700 -9363.50269959 1422.00121511 0.390660 5.9786 0.837288 0.103223 -0.045121
284800 -9371.84934120 1412.58748166 0.388073 5.9786 0.837288 0.103223 -0.056534
284900 -9361.31978855 1431.79294584 0.393350 5.9786 0.837288 0.103223 -0.011446
285000 -9353.35051220 1444.70736715 0.396898 5.9852 0.829436 0.103933 0.018026
285100 -9367.01142031 1447.94741565 0.397788 5.9852 0.829436 0.103933 -0.018700
285200 -9388.66262762 1470.01104202 0.403849 5.9852 0.829436 0.103933 -0.053207
285300 -9368.29279110 1449.92095835 0.398330 5.9852 0.829436 0.103933 -0.001325
285400 -9335.83239784 1444.14434729 0.396743 5.9852 0.829436 0.103933 0.068462
285500 -9395.32364748 1462.26847066 0.401722 5.9802 0.836958 0.101468 -0.039879
285600 -9382.91062790 1436.80326133 0.394726 5.9802 0.836958 0.101468 -0.025264
285700 -9364.22758199 1428.89279130 0.392553 5.9802 0.836958 0.101468 0.030462
285800 -9404.15818650 1464.82003556 0.402423 5.9802 0.836958 0.101468 -0.049965
285900 -9365.10491916 1411.04377862 0.387649 5.9802 0.836958 0.101468 0.032989
286000 -9392.34070012 1472.33325782 0.404487 5.9780 0.834492 0.102236 -0.031419
286100 -9374.44333389 1452.89786045 0.399148 5.9780 0.834492 0.102236 0.005875
286200 -9371.88092434 1449.67408212 0.398262 5.9780 0.834492 0.102236 0.029503
286300 -9354.02363134 1451.62243099 0.398797 5.9780 0.834492 0.102236 0.047414
286400 -9356.62984326 1466.66573761 0.402930 5.9780 0.834492 0.102236 0.036422
286500 -9362.13292096 1467.31718484 0.403109 5.9775 0.834848 0.103289 0.023013
286600 -9366.49320952 1489.93245860 0.409322 5.9775 0.834848 0.103289 0.006483
286700 -9358.75483796 1432.36938433 0.393508 5.9775 0.834848 0.103289 0.016725
286800 -9392.08274159 1450.02408219 0.398358 5.9775 0.834848 0.103289 -0.047427
286900 -9398.62154611 1449.15566149 0.398120 5.9775 0.834848 0.103289 -0.037934
287000 -9400.10352465 1442.93930639 0.396412 5.9813 0.839902 0.101947 -0.038141
287100 -9372.64086871 1496.47758779 0.411120 5.9813 0.839902 0.101947 0.044595
287200 -9366.00654857 1462.62631884 0.401820 5.9813 0.839902 0.101947 0.024499
287300 -9362.16305788 1488.55581300 0.408944 5.9813 0.839902 0.101947 0.008178
287400 -9338.55839829 1476.59225442 0.405657 5.9813 0.839902 0.101947 0.057883
287500 -9351.03796262 1479.18011177 0.406368 5.9791 0.834973 0.102473 0.027493
287600 -9337.67686654 1436.65194055 0.394685 5.9791 0.834973 0.102473 0.045514
287700 -9381.03889591 1453.77863343 0.399390 5.9791 0.834973 0.102473 -0.027830
287800 -9355.43386006 1445.50864817 0.397118 5.9791 0.834973 0.102473 0.027576
287900 -9337.92076102 1466.77073564 0.402959 5.9791 0.834973 0.102473 0.019123
288000 -9322.26403688 1464.90484579 0.402446 5.9802 0.831578 0.106496 0.054097
288100 -9338.13225062 1493.22504499 0.410227 5.9802 0.831578 0.106496 0.001532
288200 -9327.71378892 1454.65261919 0.399630 5.9802 0.831578 0.106496 0.010112
288300 -9356.80552910 1495.33832870 0.410807 5.9802 0.831578 0.106496 -0.062760
288400 -9302.61913863 1455.79942303 0.399945 5.9802 0.831578 0.106496 0.050452
288500 -9274.39586274 1477.15428646 0.405812 5.9786 0.821329 0.107851 0.093118
288600 -9342.83375264 1489.78634407 0.409282 5.9786 0.821329 0.107851 -0.054922
288700 -9294.14087640 1461.76691283 0.401584 5.9786 0.821329 0.107851 0.047873
288800 -9315.29174647 1431.95208313 0.393393 5.9786 0.821329 0.107851 -0.003323
288900 -9362.63395183 1442.65442035 0.396334 5.9786 0.821329 0.107851 -0.078299
289000 -9377.88292696 1451.64159905 0.398803 5.9797 0.835802 0.102951 -0.077050
289100 -9358.99075141 1423.95833592 0.391197 5.9797 0.835802 0.102951 -0.044729
289200 -9345.89712311 1459.95499054 0.401087 5.9797 0.835802 0.102951 0.003827
289300 -9334.71584201 1469.88130022 0.403814 5.9797 0.835802 0.102951 0.019589
289400 -9363.82164450 1482.31346628 0.407229 5.9797 0.835802 0.102951 -0.033804
289500 -9332.04309843 1436.46924312 0.394634 5.9824 0.834317 0.102627 0.012419
289600 -9358.11462913 1475.49136183 0.405355 5.9824 0.834317 0.102627 -0.015511
289700 -9371.94902157 1447.88110280 0.397770 5.9824 0.834317 0.102627 -0.005250
289800 -9379.95533401 1490.63609361 0.409515 5.9824 0.834317 0.102627 -0.024594
289900 -9339.40652125 1425.48830424 0.391618 5.9824 0.834317 0.102627 0.042607
290000 -9392.84218895 1488.34641708 0.408886 5.9791 0.835603 0.104206 -0.058390
290100 -9320.97363496 1473.18410544 0.404721 5.9791 0.835603 0.104206 0.071941
290200 -9342.65610122 1460.73240579 0.401300 5.9791 0.835603 0.104206 0.033881
290300 -9345.30905956 1509.25344755 0.414630 5.9791 0.835603 0.104206 0.011452
290400 -9326.84124797 1444.51184667 0.396844 5.9791 0.835603 0.104206 0.023786
290500 -9340.06621659 1429.72584075 0.392782 5.9797 0.829370 0.104859 0.012312
290600 -9320.05913981 1462.59225217 0.401811 5.9797 0.829370 0.104859 0.045424
290700 -9336.84938892 1484.61950080 0.407863 5.9797 0.829370 0.104859 -0.010164
290800 -9357.22964718 1487.94393740 0.408776 5.9797 0.829370 0.104859 -0.018355
290900 -9366.69593882 1464.00572963 0.402199 5.9797 0.829370 0.104859 -0.052644
291000 -9327.28440615 1448.59259140 0.397965 5.9736 0.834056 0.104641 0.026084
291100 -9315.01053448 1450.22928231 0.398415 5.9736 0.834056 0.104641 0.053423
291200 -9356.94901724 1444.28861231 0.396783 5.9736 0.834056 0.104641 -0.039539
291300 -9321.79688386 1429.58352666 0.392743 5.9736 0.834056 0.104641 0.040210
291400 -9355.91916361 1447.86883462 0.397766 5.9736 0.834056 0.104641 -0.021261
291500 -9367.17731490 1467.23819954 0.403087 5.9720 0.835128 0.104564 -0.025409
291600 -9363.20277911 1438.95786791 0.395318 5.9720 0.835128 0.104564 -0.037932
291700 -9338.60715738 1456.35172365 0.400097 5.9720 0.835128 0.104564 0.040224
291800 -9346.32577904 1457.27007943 0.400349 5.9720 0.835128 0.104564 0.010905
291900 -9342.65453729 1464.41061305 0.402311 5.9720 0.835128 0.104564 0.026212
292000 -9349.54919018 1464.04685254 0.402211 5.9676 0.827390 0.107017 0.010765
292100 -9356.59360637 1427.09757402 0.392060 5.9676 0.827390 0.107017 -0.027496
292200 -9355.69863913 1457.55968284 0.400428 5.9676 0.827390 0.107017 -0.015431
292300 -9334.51020757 1448.18869816 0.397854 5.9676 0.827390 0.107017 0.036021
292400 -9369.40449240 1443.61696479 0.396598 5.9676 0.827390 0.107017 -0.041625
292500 -9358.49965671 1442.79662821 0.396373 5.9797 0.835414 0.101936 -0.021409
292600 -9360.86563431 1478.51923997 0.406187 5.9797 0.835414 0.101936 -0.003800
292700 -9351.38943048 1456.41697889 0.400115 5.9797 0.835414 0.101936 0.024343
292800 -9355.35938658 1439.91814215 0.395582 5.9797 0.835414 0.101936 0.017197
292900 -9372.81325496 1450.75043359 0.398558 5.9797 0.835414 0.101936 -0.030676
293000 -9357.66569529 1418.87405358 0.389801 5.9835 0.831915 0.102831 0.001762
293100 -9349.42383393 1430.80012922 0.393077 5.9835 0.831915 0.102831 0.058230
293200 -9352.55460278 1434.48132862 0.394088 5.9835 0.831915 0.102831 0.018479
293300 -9378.50515250 1482.62625984 0.407315 5.9835 0.831915 0.102831 -0.031495
293400 -9381.00094605 1420.47481684 0.390240 5.9835 0.831915 0.102831 -0.029880
293500 -9346.00021497 1428.15291482 0.392350 5.9835 0.833939 0.103327 0.041499
293600 -9339.84218162 1424.98932622 0.391481 5.9835 0.833939 0.103327 0.065820
293700 -9402.27505162 1424.36329427 0.391309 5.9835 0.833939 0.103327 -0.073744
293800 -9366.52248266 1429.11404634 0.392614 5.9835 0.833939 0.103327 0.018246
293900 -9375.21864598 1393.42334822 0.382809 5.9835 0.833939 0.103327 -0.016841
294000 -9422.67876770 1442.83409850 0.396383 5.9775 0.843373 0.101170 -0.105588
294100 -9363.45784397 1463.07816425 0.401945 5.9775 0.843373 0.101170 0.021927
294200 -9304.08639880 1460.62915877 0.401272 5.9775 0.843373 0.101170 0.121690
294300 -9336.31046073 1484.03753411 0.407703 5.9775 0.843373 0.101170 0.044049
294400 -9338.16418839 1435.58644159 0.394392 5.9775 0.843373 0.101170 0.019177
294500 -9351.69718282 1423.54532566 0.391084 5.9681 0.835393 0.104157 -0.006196
294600 -9352.09192712 1459.62951370 0.400997 5.9681 0.835393 0.104157 -0.012159
294700 -9378.42175578 1484.18498323 0.407743 5.9681 0.835393 0.104157 -0.041077
294800 -9333.32052373 1378.99058758 0.378844 5.9681 0.835393 0.104157 0.035401
294900 -9353.26206144 1407.65932419 0.386720 5.9681 0.835393 0.104157 0.006258
295000 -9365.14736670 1455.18069064 0.399775 5.9703 0.831263 0.105291 -0.005574
295100 -9363.55906559 1428.75560526 0.392515 5.9703 0.831263 0.105291 -0.015773
295200 -9378.57548858 1462.41496914 0.401762 5.9703 0.831263 0.105291 -0.048176
295300 -9381.34230365 1443.46968427 0.396558 5.9703 0.831263 0.105291 -0.025202
295400 -9382.12192593 1472.31079706 0.404481 5.9703 0.831263 0.105291 -0.021991
295500 -9404.15487300 1486.31741804 0.408329 5.9747 0.842784 0.103154 -0.052703
295600 -9367.77995194 1445.64601812 0.397155 5.9747 0.842784 0.103154 0.001844
295700 -9337.55986687 1433.32781472 0.393771 5.9747 0.842784 0.103154 0.059564
295800 -9354.61157483 1470.23194052 0.403910 5.9747 0.842784 0.103154 0.030263
295900 -9361.55620815 1536.85963010 0.422214 5.9747 0.842784 0.103154 -0.009219
296000 -9317.79029909 1454.14378715 0.399490 5.9714 0.823049 0.104657 0.040869
296100 -9321.03816706 1469.69449985 0.403762 5.9714 0.823049 0.104657 0.050718
296200 -9348.42966370 1537.77665785 0.422466 5.9714 0.823049 0.104657 -0.037232
296300 -9329.19133220 1485.51991101 0.408110 5.9714 0.823049 0.104657 -0.013206
296400 -9324.99630782 1470.78417657 0.404062 5.9714 0.823049 0.104657 -0.003471
296500 -9330.99699459 1446.11900300 0.397285 5.9769 0.828575 0.105999 -0.029704
296600 -9288.61415489 1475.10555655 0.405249 5.9769 0.828575 0.105999 0.057973
296700 -9323.96774934 1458.12361930 0.400583 5.9769 0.828575 0.105999 -0.016644
296800 -9310.07200573 1418.31381529 0.389647 5.9769 0.828575 0.105999 0.048061
296900 -9333.61821764 1435.32283677 0.394319 5.9769 0.828575 0.105999 -0.021360
297000 -9335.11824740 1430.76918495 0.393068 5.9687 0.830877 0.105750 0.007869
297100 -9352.37967228 1435.09722860 0.394257 5.9687 0.830877 0.105750 -0.036931
297200 -9277.70097795 1427.33865250 0.392126 5.9687 0.830877 0.105750 0.108924
297300 -9320.15889707 1470.03764382 0.403856 5.9687 0.830877 0.105750 0.022984
297400 -9322.64505724 1472.29765387 0.404477 5.9687 0.830877 0.105750 0.003427
297500 -9330.83177776 1441.47464543 0.396010 5.9714 0.827775 0.105379 -0.011007
297600 -9347.22445821 1477.29270776 0.405850 5.9714 0.827775 0.105379 -0.018457
297700 -9316.00487232 1431.97608592 0.393400 5.9714 0.827775 0.105379 0.028738
297800 -9358.19906973 1442.52537359 0.396298 5.9714 0.827775 0.105379 -0.045753
297900 -9342.88641749 1450.62881779 0.398524 5.9714 0.827775 0.105379 0.007436
298000 -9342.15493734 1437.57810323 0.394939 5.9769 0.829580 0.106248 0.000576
298100 -9309.97243384 1431.64313654 0.393309 5.9769 0.829580 0.106248 0.050140
298200 -9348.63627560 1483.35039516 0.407514 5.9769 0.829580 0.106248 -0.024570
298300 -9322.75712488 1452.95764691 0.399164 5.9769 0.829580 0.106248 0.049521
298400 -9340.38539658 1467.97163842 0.403289 5.9769 0.829580 0.106248 0.007573
298500 -9347.80872857 1438.35682663 0.395153 5.9775 0.836225 0.104265 -0.014017
298600 -9359.57169510 1482.68793837 0.407332 5.9775 0.836225 0.104265 -0.020986
298700 -9348.36043466 1472.20461310 0.404452 5.9775 0.836225 0.104265 0.005858
298800 -9330.78910717 1446.20489253 0.397309 5.9775 0.836225 0.104265 0.002276
298900 -9375.49503867 1460.16973570 0.401146 5.9775 0.836225 0.104265 -0.061638
299000 -9369.91905184 1423.01683938 0.390939 5.9764 0.835276 0.103219 -0.043986
299100 -9339.63049795 1427.75110627 0.392239 5.9764 0.835276 0.103219 0.025945
299200 -9381.83102391 1450.18825881 0.398403 5.9764 0.835276 0.103219 -0.053532
299300 -9397.52354736 1470.58955813 0.404008 5.9764 0.835276 0.103219 -0.064530
299400 -9391.52776407 1474.05575419 0.404960 5.9764 0.835276 0.103219 -0.025371
299500 -9380.91679924 1465.99693305 0.402746 5.9725 0.835438 0.104776 -0.024231
299600 -9375.06201591 1437.24696122 0.394848 5.9725 0.835438 0.104776 0.000362
299700 -9368.60115094 1419.81345666 0.390059 5.9725 0.835438 0.104776 0.000957
299800 -9398.11040140 1458.61788858 0.400719 5.9725 0.835438 0.104776 -0.035908
299900 -9342.58349294 1467.17724169 0.403071 5.9725 0.835438 0.104776 0.058396
300000 -9334.27043586 1456.38630350 0.400106 5.9846 0.836297 0.103214 0.066767
300100 -9344.22485578 1466.32646427 0.402837 5.9846 0.836297 0.103214 0.020195
300200 -9362.12897772 1472.94321979 0.404655 5.9846 0.836297 0.103214 -0.002176
300300 -9340.62634636 1459.77419973 0.401037 5.9846 0.836297 0.103214 0.028085
300400 -9358.28644861 1446.35731784 0.397351 5.9846 0.836297 0.103214 -0.003303
300500 -9335.83330726 1459.42755309 0.400942 5.9780 0.830051 0.104634 0.040448
300600 -9400.09093132 1463.67645931 0.402109 5.9780 0.830051 0.104634 -0.107795
300700 -9353.45790551 1416.76816162 0.389222 5.9780 0.830051 0.104634 0.018565
300800 -9354.72555064 1434.13812956 0.393994 5.9780 0.830051 0.104634 0.010061
300900 -9367.78910681 1465.19645042 0.402526 5.9780 0.830051 0.104634 0.005426
301000 -9370.65383909 1459.22075742 0.400885 5.9791 0.826381 0.104212 -0.019565
301100 -9400.80306934 1481.24010524 0.406934 5.9791 0.826381 0.104212 -0.068794
301200 -9346.43431217 1466.63208111 0.402921 5.9791 0.826381 0.104212 0.021142
301300 -9379.36444434 1460.03945128 0.401110 5.9791 0.826381 0.104212 -0.026670
301400 -9371.18874810 1440.38345101 0.395710 5.9791 0.826381 0.104212 -0.015879
301500 -9369.52945364 1402.92632910 0.385419 5.9830 0.833308 0.102771 -0.016774
301600 -9395.54810533 1446.36093911 0.397352 5.9830 0.833308 0.102771 -0.062083
301700 -9399.05013414 1480.32971216 0.406684 5.9830 0.833308 0.102771 -0.042008
301800 -9375.63515485 1451.30171640 0.398709 5.9830 0.833308 0.102771 0.012738
301900 -9364.84642638 1446.99311464 0.397526 5.9830 0.833308 0.102771 0.048405
302000 -9369.23326904 1443.04829598 0.396442 5.9819 0.836227 0.103606 0.009895
302100 -9359.72766525 1442.36727285 0.396255 5.9819 0.836227 0.103606 0.021490
302200 -9373.64414267 1426.16854988 0.391805 5.9819 0.836227 0.103606 0.008833
302300 -9362.10710808 1416.35059708 0.389107 5.9819 0.836227 0.103606 0.025325
302400 -9387.92198249 1462.99668462 0.401922 5.9819 0.836227 0.103606 -0.016268
302500 -9362.94745631 1426.48106585 0.391890 5.9747 0.831020 0.105162 0.023662
302600 -9346.17841519 1449.66474287 0.398260 5.9747 0.831020 0.105162 0.069482
302700 -9333.97679015 1489.35692208 0.409164 5.9747 0.831020 0.105162 0.054381
302800 -9353.75891844 1440.13954078 0.395643 5.9747 0.831020 0.105162 -0.012275
302900 -9374.57904483 1426.56263786 0.391913 5.9747 0.831020 0.105162 -0.019811
303000 -9357.92537491 1421.66156265 0.390566 5.9857 0.831629 0.102311 0.017503
303100 -9367.20213422 1490.86392911 0.409578 5.9857 0.831629 0.102311 0.007372
303200 -9370.70435791 1489.55744670 0.409219 5.9857 0.831629 0.102311 -0.017844
303300 -9334.75815127 1464.66068517 0.402379 5.9857 0.831629 0.102311 0.031526
303400 -9352.10571143 1422.51821982 0.390802 5.9857 0.831629 0.102311 -0.002664
303500 -9347.25239438 1463.75932652 0.402132 5.9725 0.832047 0.106372 0.024992
303600 -9323.04892946 1503.86010729 0.413148 5.9725 0.832047 0.106372 0.059085
303700 -9308.98238661 1497.33679126 0.411356 5.9725 0.832047 0.106372 0.057892
303800 -9326.93915618 1507.43945654 0.414132 5.9725 0.832047 0.106372 0.019398
303900 -9293.82836252 1474.11245396 0.404976 5.9725 0.832047 0.106372 0.065257
304000 -9332.47680484 1488.87704454 0.409032 5.9670 0.835903 0.106363 -0.014848
304100 -9298.79549630 1474.68854848 0.405134 5.9670 0.835903 0.106363 0.052803
304200 -9319.07122771 1419.99113665 0.390107 5.9670 0.835903 0.106363 -0.004924
304300 -9325.88259106 1418.70141330 0.389753 5.9670 0.835903 0.106363 -0.004451
304400 -9324.96429545 1460.48824671 0.401233 5.9670 0.835903 0.106363 0.004182
304500 -9344.61647438 1485.69537060 0.408158 5.9764 0.834635 0.104823 -0.013646
304600 -9324.14288695 1468.27486706 0.403372 5.9764 0.834635 0.104823 0.017420
304700 -9324.74312242 1456.71999169 0.400198 5.9764 0.834635 0.104823 0.006544
304800 -9356.29857768 1444.56581621 0.396859 5.9764 0.834635 0.104823 -0.048213
304900 -9349.96274326 1442.92255519 0.396407 5.9764 0.834635 0.104823 -0.029169
305000 -9337.78103072 1456.88575160 0.400243 5.9659 0.824347 0.106296 0.031920
305100 -9319.88671284 1439.21940371 0.395390 5.9659 0.824347 0.106296 0.049267
305200 -9306.51097821 1437.25463419 0.394850 5.9659 0.824347 0.106296 0.056684
305300 -9312.76210371 1455.02105813 0.399731 5.9659 0.824347 0.106296 0.042082
305400 -9341.43333922 1468.32606844 0.403386 5.9659 0.824347 0.106296 -0.045687
305500 -9311.27854754 1433.55269120 0.393833 5.9764 0.828289 0.106541 0.025721
305600 -9317.54489833 1467.77354658 0.403234 5.9764 0.828289 0.106541 0.023482
305700 -9343.94899301 1507.87757327 0.414252 5.9764 0.828289 0.106541 -0.036628
305800 -9300.21165585 1483.57472978 0.407575 5.9764 0.828289 0.106541 0.037849
305900 -9278.87086508 1451.17310554 0.398674 5.9764 0.828289 0.106541 0.078019
306000 -9295.61856403 1497.97405417 0.411531 5.9665 0.825011 0.108174 0.033473
306100 -9282.51929605 1440.22177608 0.395665 5.9665 0.825011 0.108174 0.014882
306200 -9299.00622845 1481.91801833 0.407120 5.9665 0.825011 0.108174 -0.006951
306300 -9295.46236425 1486.42925160 0.408360 5.9665 0.825011 0.108174 -0.005641
306400 -9276.64731892 1447.28095919 0.397605 5.9665 0.825011 0.108174 -0.008636
306500 -9326.86784274 1505.37428484 0.413564 5.9676 0.829546 0.107021 -0.071292
306600 -9309.85177990 1480.62473292 0.406765 5.9676 0.829546 0.107021 -0.055425
306700 -9330.48747377 1476.38526333 0.405600 5.9676 0.829546 0.107021 -0.077118
306800 -9297.50620375 1484.77998366 0.407907 5.9676 0.829546 0.107021 0.009431
306900 -9280.47637670 1465.53505324 0.402620 5.9676 0.829546 0.107021 0.036832
307000 -9313.58746196 1458.46401849 0.400677 5.9747 0.827960 0.104887 -0.029774
307100 -9348.40380219 1446.23636895 0.397318 5.9747 0.827960 0.104887 -0.076946
307200 -9327.01136680 1465.83934919 0.402703 5.9747 0.827960 0.104887 -0.002222
307300 -9310.17814741 1435.60384348 0.394397 5.9747 0.827960 0.104887 0.031077
307400 -9318.18683283 1470.79547625 0.404065 5.9747 0.827960 0.104887 0.013344
307500 -9360.26522206 1462.88329408 0.401891 5.9758 0.833771 0.103827 -0.052646
307600 -9337.41327801 1463.65855140 0.402104 5.9758 0.833771 0.103827 0.006579
307700 -9334.71628713 1507.66025120 0.414192 5.9758 0.833771 0.103827 0.012908
307800 -9296.15767715 1499.22790477 0.411876 5.9758 0.833771 0.103827 0.069144
307900 -9337.68084706 1519.80718357 0.417529 5.9758 0.833771 0.103827 -0.037942
308000 -9308.96804640 1466.29039716 0.402827 5.9747 0.827924 0.105803 0.006587
308100 -9312.35413298 1461.72725344 0.401573 5.9747 0.827924 0.105803 -0.001659
308200 -9302.37692444 1472.48674544 0.404529 5.9747 0.827924 0.105803 0.026282
308300 -9301.30588018 1443.26282798 0.396501 5.9747 0.827924 0.105803 0.024619
308400 -9293.01237386 1454.85110253 0.399684 5.9747 0.827924 0.105803 0.030536
308500 -9267.76045437 1452.54076164 0.399050 5.9720 0.822803 0.107457 0.086703
308600 -9269.33435196 1460.76418039 0.401309 5.9720 0.822803 0.107457 0.067854
308700 -9306.63632052 1511.51378632 0.415251 5.9720 0.822803 0.107457 0.001727
308800 -9284.24739169 1501.29790313 0.412444 5.9720 0.822803 0.107457 0.018951
308900 -9323.15857815 1459.77818985 0.401038 5.9720 0.822803 0.107457 -0.052620
309000 -9306.77899877 1455.85387991 0.399960 5.9670 0.830394 0.107260 0.004136
309100 -9328.73328700 1496.72244637 0.411187 5.9670 0.830394 0.107260 -0.033615
309200 -9279.84046409 1458.79220248 0.400767 5.9670 0.830394 0.107260 0.057635
309300 -9296.93933401 1496.30677811 0.411073 5.9670 0.830394 0.107260 0.045195
309400 -9287.55485528 1412.56882838 0.388068 5.9670 0.830394 0.107260 0.004464
309500 -9316.45486274 1427.65757260 0.392214 5.9725 0.831890 0.105581 -0.030264
309600 -9319.03580144 1448.57821386 0.397961 5.9725 0.831890 0.105581 -0.003379
309700 -9334.68288594 1477.14549187 0.405809 5.9725 0.831890 0.105581 -0.049668
309800 -9311.92071320 1415.89252904 0.388981 5.9725 0.831890 0.105581 0.016003
309900 -9323.80202353 1440.70992854 0.395799 5.9725 0.831890 0.105581 0.021686
310000 -9336.65675003 1449.29663959 0.398158 5.9742 0.829154 0.106100 -0.030404
310100 -9346.29858139 1461.71641688 0.401570 5.9742 0.829154 0.106100 -0.018672
310200 -9336.35186956 1442.53193261 0.396300 5.9742 0.829154 0.106100 -0.019993
310300 -9347.14615356 1444.90878919 0.396953 5.9742 0.829154 0.106100 -0.026973
310400 -9375.00905544 1420.61656087 0.390279 5.9742 0.829154 0.106100 -0.067831
310500 -9367.73985619 1432.04810080 0.393420 5.9813 0.834443 0.104164 -0.031029
310600 -9349.05556965 1468.58204532 0.403457 5.9813 0.834443 0.104164 0.027621
310700 -9371.83380769 1452.57729918 0.399060 5.9813 0.834443 0.104164 -0.043583
310800 -9358.93360673 1471.49558259 0.404257 5.9813 0.834443 0.104164 0.015684
310900 -9343.34567300 1437.41508884 0.394894 5.9813 0.834443 0.104164 0.005554
311000 -9361.10417428 1450.10892347 0.398382 5.9775 0.827469 0.104753 -0.016380
311100 -9351.65128378 1450.48935461 0.398486 5.9775 0.827469 0.104753 -0.025365
311200 -9317.88816588 1450.39895165 0.398461 5.9775 0.827469 0.104753 0.057515
311300 -9333.90190217 1477.95160199 0.406031 5.9775 0.827469 0.104753 0.001387
311400 -9343.48651583 1444.96358714 0.396968 5.9775 0.827469 0.104753 0.007718
311500 -9351.16448296 1439.39044778 0.395437 5.9775 0.834480 0.104633 0.000452
311600 -9376.37118437 1453.13854202 0.399214 5.9775 0.834480 0.104633 -0.042005
311700 -9360.70297163 1428.67996961 0.392494 5.9775 0.834480 0.104633 -0.020887
311800 -9315.98508952 1465.77650099 0.402686 5.9775 0.834480 0.104633 0.078009
311900 -9317.55916316 1482.78139595 0.407358 5.9775 0.834480 0.104633 0.083361
312000 -9295.18757794 1483.00467421 0.407419 5.9637 0.820802 0.108519 0.066076
312100 -9285.52293862 1435.47296050 0.394361 5.9637 0.820802 0.108519 0.053412
312200 -9290.63400898 1481.22390384 0.406930 5.9637 0.820802 0.108519 0.060210
312300 -9305.58575760 1466.26016205 0.402819 5.9637 0.820802 0.108519 0.019406
312400 -9301.77081497 1450.77147827 0.398564 5.9637 0.820802 0.108519 0.008457
312500 -9273.66006021 1426.14688934 0.391799 5.9626 0.819657 0.107219 0.048659
312600 -9299.83837130 1451.40582273 0.398738 5.9626 0.819657 0.107219 0.002662
312700 -9308.33154683 1478.62578447 0.406216 5.9626 0.819657 0.107219 -0.004707
312800 -9269.15855180 1417.85602376 0.389521 5.9626 0.819657 0.107219 0.035950
312900 -9293.43080887 1454.46969461 0.399580 5.9626 0.819657 0.107219 0.005480
313000 -9287.37610959 1424.94943134 0.391470 5.9593 0.823690 0.108035 0.021653
313100 -9290.86901263 1448.84571285 0.398035 5.9593 0.823690 0.108035 0.019588
313200 -9258.62221461 1458.10642631 0.400579 5.9593 0.823690 0.108035 0.087250
313300 -9239.83440711 1480.06430593 0.406611 5.9593 0.823690 0.108035 0.105299
313400 -9284.76712018 1491.99160994 0.409888 5.9593 0.823690 0.108035 -0.021400
313500 -9295.13654613 1461.27662962 0.401450 5.9621 0.823753 0.108361 -0.024957
313600 -9284.13502632 1487.25554134 0.408587 5.9621 0.823753 0.108361 -0.001928
313700 -9229.89842870 1483.68609846 0.407606 5.9621 0.823753 0.108361 0.066910
313800 -9236.30415796 1474.90394167 0.405193 5.9621 0.823753 0.108361 0.047362
313900 -9204.27415798 1463.55911452 0.402077 5.9621 0.823753 0.108361 0.082323
314000 -9285.97773872 1504.62482667 0.413358 5.9654 0.817865 0.108706 -0.077127
314100 -9286.54460259 1453.74394130 0.399380 5.9654 0.817865 0.108706 -0.071922
314200 -9269.07469167 1483.30047149 0.407500 5.9654 0.817865 0.108706 -0.003627
314300 -9283.36385806 1500.93113732 0.412344 5.9654 0.817865 0.108706 -0.057767
314400 -9297.57503509 1503.03820187 0.412923 5.9654 0.817865 0.108706 -0.075805
314500 -9272.42272663 1460.34915433 0.401195 5.9637 0.822112 0.108043 -0.015136
314600 -9264.27816497 1455.50221399 0.399863 5.9637 0.822112 0.108043 0.018220
314700 -9311.94849063 1463.93744037 0.402181 5.9637 0.822112 0.108043 -0.070051
314800 -9283.17782628 1413.11221626 0.388218 5.9637 0.822112 0.108043 -0.020094
314900 -9278.04185996 1429.04259921 0.392594 5.9637 0.822112 0.108043 0.042238
315000 -9305.14984485 1435.98127602 0.394500 5.9582 0.824636 0.108219 -0.019667
315100 -9294.84217529 1459.61370534 0.400993 5.9582 0.824636 0.108219 -0.007758
315200 -9313.22378005 1485.87312606 0.408207 5.9582 0.824636 0.108219 -0.046604
315300 -9285.20041032 1467.56720929 0.403178 5.9582 0.824636 0.108219 0.029039
315400 -9252.05361489 1482.96955213 0.407409 5.9582 0.824636 0.108219 0.042920
315500 -9238.59001032 1438.67155765 0.395239 5.9588 0.815317 0.112127 0.047724
315600 -9265.66112161 1471.38250663 0.404226 5.9588 0.815317 0.112127 0.018159
315700 -9277.32889384 1456.06837941 0.400019 5.9588 0.815317 0.112127 -0.016580
315800 -9274.07959556 1414.04529539 0.388474 5.9588 0.815317 0.112127 -0.006495
315900 -9290.78835302 1454.27953344 0.399527 5.9588 0.815317 0.112127 -0.046165
316000 -9318.93447536 1458.59900818 0.400714 5.9736 0.825836 0.106248 -0.082509
316100 -9317.85207997 1474.28853982 0.405024 5.9736 0.825836 0.106248 -0.061938
316200 -9354.17882462 1470.35780256 0.403944 5.9736 0.825836 0.106248 -0.124254
316300 -9330.90769511 1441.20649712 0.395936 5.9736 0.825836 0.106248 -0.063996
316400 -9317.88916721 1432.90489465 0.393655 5.9736 0.825836 0.106248 -0.049400
316500 -9303.90017164 1394.66979330 0.383151 5.9676 0.825625 0.106022 0.012886
316600 -9346.71137442 1479.49423555 0.406454 5.9676 0.825625 0.106022 -0.063958
316700 -9320.03594171 1433.61105457 0.393849 5.9676 0.825625 0.106022 0.002170
316800 -9326.25679405 1472.34254658 0.404490 5.9676 0.825625 0.106022 0.004576
316900 -9321.96177541 1419.55708809 0.389988 5.9676 0.825625 0.106022 -0.020147
317000 -9342.28855157 1449.82395743 0.398303 5.9791 0.829372 0.103332 -0.026571
317100 -9347.25788857 1474.81970946 0.405170 5.9791 0.829372 0.103332 -0.037133
317200 -9312.43488983 1471.86065339 0.404357 5.9791 0.829372 0.103332 0.050586
317300 -9339.65872840 1478.65854112 0.406225 5.9791 0.829372 0.103332 -0.020263
317400 -9352.54207785 1482.41846685 0.407258 5.9791 0.829372 0.103332 -0.039654
317500 -9345.46815801 1515.93941826 0.416467 5.9736 0.832729 0.105004 -0.028031
317600 -9288.62128084 1485.95994561 0.408231 5.9736 0.832729 0.105004 0.073127
317700 -9316.09681302 1472.88900689 0.404640 5.9736 0.832729 0.105004 -0.008486
317800 -9306.74555461 1468.19913806 0.403351 5.9736 0.832729 0.105004 0.010284
317900 -9352.76688836 1480.22389410 0.406655 5.9736 0.832729 0.105004 -0.080626
318000 -9277.65910006 1438.60681092 0.395222 5.9714 0.820736 0.108257 0.106200
318100 -9329.27869133 1482.29890979 0.407225 5.9714 0.820736 0.108257 -0.041194
318200 -9338.25935895 1471.07835872 0.404142 5.9714 0.820736 0.108257 -0.056940
318300 -9337.26303931 1491.99222655 0.409888 5.9714 0.820736 0.108257 -0.036966
318400 -9359.38477612 1482.93552231 0.407400 5.9714 0.820736 0.108257 -0.096750
318500 -9300.74858291 1443.86959828 0.396667 5.9747 0.832457 0.105908 0.049166
318600 -9290.54176280 1453.42514797 0.399293 5.9747 0.832457 0.105908 0.059618
318700 -9280.20032095 1418.38938313 0.389667 5.9747 0.832457 0.105908 0.071785
318800 -9334.22127137 1485.48302818 0.408100 5.9747 0.832457 0.105908 -0.019825
318900 -9348.37692507 1457.71435270 0.400471 5.9747 0.832457 0.105908 -0.068802
319000 -9333.48089209 1458.48742706 0.400683 5.9753 0.825504 0.105926 -0.031633
319100 -9317.98138075 1465.72060740 0.402670 5.9753 0.825504 0.105926 -0.010267
319200 -9320.00010759 1440.79861398 0.395824 5.9753 0.825504 0.105926 0.006038
319300 -9300.11515095 1419.15166815 0.389877 5.9753 0.825504 0.105926 0.060566
319400 -9357.41578252 1427.99416826 0.392306 5.9753 0.825504 0.105926 -0.054802
319500 -9353.02868065 1453.81224369 0.399399 5.9775 0.836726 0.102237 -0.028201
319600 -9374.40700326 1407.17423831 0.386586 5.9775 0.836726 0.102237 -0.070245
319700 -9408.60329061 1439.22726175 0.395392 5.9775 0.836726 0.102237 -0.099724
319800 -9352.31624405 1441.55800975 0.396032 5.9775 0.836726 0.102237 0.041822
319900 -9363.99203690 1446.29887500 0.397335 5.9775 0.836726 0.102237 -0.010330
320000 -9386.05140509 1463.83966222 0.402154 5.9692 0.836309 0.103440 -0.018214
320100 -9384.04078440 1426.30990894 0.391843 5.9692 0.836309 0.103440 -0.042268
320200 -9377.42897777 1436.74318576 0.394710 5.9692 0.836309 0.103440 -0.011851
320300 -9385.40287216 1433.82907170 0.393909 5.9692 0.836309 0.103440 -0.000281
320400 -9379.00620324 1424.15066889 0.391250 5.9692 0.836309 0.103440 0.002264
320500 -9374.18134109 1421.77144943 0.390597 5.9731 0.833622 0.103633 0.008112
320600 -9361.44878675 1441.56298863 0.396034 5.9731 0.833622 0.103633 0.046786
320700 -9380.36216212 1482.52846394 0.407288 5.9731 0.833622 0.103633 -0.003343
320800 -9418.96474493 1452.26740338 0.398975 5.9731 0.833622 0.103633 -0.078579
320900 -9395.12140814 1436.00312603 0.394506 5.9731 0.833622 0.103633 -0.026947
321000 -9382.31352964 1419.11689062 0.389867 5.9703 0.838071 0.102619 0.011513
321100 -9358.38699824 1440.86212374 0.395841 5.9703 0.838071 0.102619 0.078824
321200 -9361.75551555 1430.80672091 0.393079 5.9703 0.838071 0.102619 0.060268
321300 -9357.88794294 1431.85404854 0.393366 5.9703 0.838071 0.102619 0.052635
321400 -9381.38352931 1445.41216084 0.397091 5.9703 0.838071 0.102619 0.000952
321500 -9400.32088722 1460.25143805 0.401168 5.9802 0.844916 0.101197 -0.040741
321600 -9363.75072864 1447.31260754 0.397613 5.9802 0.844916 0.101197 0.053054
321700 -9371.51203033 1457.67530522 0.400460 5.9802 0.844916 0.101197 0.005719
321800 -9359.62174496 1429.79177051 0.392800 5.9802 0.844916 0.101197 0.052901
321900 -9390.85667656 1490.72987002 0.409541 5.9802 0.844916 0.101197 -0.020247
322000 -9330.44041457 1474.39559302 0.405054 5.9714 0.825770 0.106055 0.097456
322100 -9323.75006273 1504.73691793 0.413389 5.9714 0.825770 0.106055 0.065814
322200 -9335.44850725 1463.87066720 0.402162 5.9714 0.825770 0.106055 0.032877
322300 -9373.43084761 1474.58298228 0.405105 5.9714 0.825770 0.106055 -0.055038
322400 -9345.96793647 1463.12994757 0.401959 5.9714 0.825770 0.106055 -0.001584
322500 -9354.50378726 1443.48266213 0.396561 5.9670 0.831717 0.104856 -0.015091
322600 -9331.09038177 1436.95209073 0.394767 5.9670 0.831717 0.104856 0.012794
322700 -9331.60070165 1419.13647024 0.389873 5.9670 0.831717 0.104856 0.043177
322800 -9339.73799615 1431.97316245 0.393399 5.9670 0.831717 0.104856 -0.014312
322900 -9348.77208471 1508.18138545 0.414336 5.9670 0.831717 0.104856 -0.007005
323000 -9326.76109689 1437.33435587 0.394872 5.9720 0.827498 0.107049 0.008481
323100 -9360.81055775 1478.88310282 0.406287 5.9720 0.827498 0.107049 -0.068891
323200 -9359.38455171 1443.24813346 0.396497 5.9720 0.827498 0.107049 -0.033288
323300 -9325.22884926 1436.63005353 0.394679 5.9720 0.827498 0.107049 0.032339
323400 -9357.24785201 1465.65174372 0.402652 5.9720 0.827498 0.107049 -0.038272
323500 -9326.40993225 1455.31852252 0.399813 5.9791 0.832320 0.104749 0.037138
323600 -9338.24794387 1449.88535469 0.398320 5.9791 0.832320 0.104749 0.026572
323700 -9321.66649836 1433.17309006 0.393729 5.9791 0.832320 0.104749 0.032348
323800 -9366.99442075 1443.63634911 0.396603 5.9791 0.832320 0.104749 -0.046944
323900 -9341.92612348 1402.92442497 0.385419 5.9791 0.832320 0.104749 0.010578
324000 -9339.64121688 1459.45705516 0.400950 5.9725 0.830582 0.105288 0.030647
324100 -9356.01374826 1433.34646554 0.393777 5.9725 0.830582 0.105288 0.000069
324200 -9323.39530355 1428.60228310 0.392473 5.9725 0.830582 0.105288 0.040077
324300 -9331.10099013 1471.47534173 0.404251 5.9725 0.830582 0.105288 0.022166
324400 -9361.30998108 1436.10147761 0.394533 5.9725 0.830582 0.105288 -0.036825
324500 -9376.56709795 1426.29081138 0.391838 5.9742 0.838808 0.101313 -0.060267
324600 -9398.21821080 1443.76552667 0.396639 5.9742 0.838808 0.101313 -0.083175
324700 -9387.75242249 1424.79694036 0.391428 5.9742 0.838808 0.101313 -0.029773
324800 -9349.68794573 1426.78341623 0.391973 5.9742 0.838808 0.101313 0.015887
324900 -9351.59122762 1406.85039721 0.386497 5.9742 0.838808 0.101313 0.036558
325000 -9377.02060408 1398.28539722 0.384144 5.9775 0.838431 0.102479 -0.007835
325100 -9410.20757271 1450.38675736 0.398458 5.9775 0.838431 0.102479 -0.056135
325200 -9372.01010259 1449.20849940 0.398134 5.9775 0.838431 0.102479 0.019166
325300 -9368.01292125 1453.86987894 0.399415 5.9775 0.838431 0.102479 0.030908
325400 -9374.79545963 1439.44998051 0.395453 5.9775 0.838431 0.102479 0.008596
325500 -9373.52949616 1414.66673348 0.388645 5.9786 0.839336 0.101275 0.014568
325600 -9391.64878707 1425.11043371 0.391514 5.9786 0.839336 0.101275 -0.009943
325700 -9409.61054569 1441.23920124 0.395945 5.9786 0.839336 0.101275 -0.057300
325800 -9393.44793322 1435.76802626 0.394442 5.9786 0.839336 0.101275 -0.022768
325900 -9370.30511408 1466.81741349 0.402972 5.9786 0.839336 0.101275 0.046034
326000 -9390.99045414 1457.61457629 0.400444 5.9819 0.840820 0.102260 -0.015755
326100 -9356.18424594 1459.67195090 0.401009 5.9819 0.840820 0.102260 0.061847
326200 -9391.97744396 1485.73371795 0.408169 5.9819 0.840820 0.102260 -0.018425
326300 -9348.85910827 1448.39885968 0.397912 5.9819 0.840820 0.102260 0.062144
326400 -9392.37713050 1466.35211246 0.402844 5.9819 0.840820 0.102260 -0.060339
326500 -9376.98712243 1453.41064714 0.399289 5.9813 0.831474 0.103624 -0.032880
326600 -9340.36077407 1447.43047495 0.397646 5.9813 0.831474 0.103624 0.068671
326700 -9363.65042503 1401.48860604 0.385024 5.9813 0.831474 0.103624 -0.003661
326800 -9373.05933001 1442.37093014 0.396256 5.9813 0.831474 0.103624 -0.010164
326900 -9347.54738680 1428.76159353 0.392517 5.9813 0.831474 0.103624 0.047217
327000 -9345.18835938 1440.06143416 0.395621 5.9797 0.829329 0.104368 0.033636
327100 -9373.55950614 1427.45396375 0.392158 5.9797 0.829329 0.104368 -0.035551
327200 -9368.86147818 1456.61400274 0.400169 5.9797 0.829329 0.104368 0.001857
327300 -9370.07721193 1436.47422209 0.394636 5.9797 0.829329 0.104368 -0.012302
327400 -9373.55857528 1437.79848710 0.395000 5.9797 0.829329 0.104368 -0.012754
327500 -9371.68294864 1444.68679200 0.396892 5.9769 0.833440 0.102579 0.014907
327600 -9363.51487043 1459.16102566 0.400868 5.9769 0.833440 0.102579 0.021315
327700 -9373.38069849 1454.02020734 0.399456 5.9769 0.833440 0.102579 0.008307
327800 -9398.31280189 1450.26280745 0.398424 5.9769 0.833440 0.102579 -0.063529
327900 -9350.15186150 1433.24335613 0.393748 5.9769 0.833440 0.102579 0.058500
328000 -9354.28845976 1429.57134247 0.392739 5.9775 0.836158 0.102475 0.016330
328100 -9363.72149966 1444.23593453 0.396768 5.9775 0.836158 0.102475 0.041267
328200 -9344.68862078 1455.89386923 0.399971 5.9775 0.836158 0.102475 0.052353
328300 -9352.33582667 1445.52623885 0.397123 5.9775 0.836158 0.102475 0.020097
328400 -9376.40439338 1446.22818483 0.397315 5.9775 0.836158 0.102475 -0.036306
328500 -9368.65846717 1460.93288052 0.401355 5.9769 0.837069 0.102898 -0.028370
328600 -9359.01915894 1419.90675069 0.390084 5.9769 0.837069 0.102898 0.015681
328700 -9355.76666309 1476.88774423 0.405738 5.9769 0.837069 0.102898 0.005128
328800 -9354.81542146 1436.56024383 0.394659 5.9769 0.837069 0.102898 -0.006878
328900 -9339.23376031 1453.20184433 0.399231 5.9769 0.837069 0.102898 0.015070
329000 -9376.01130280 1472.75850496 0.404604 5.9852 0.843898 0.099871 -0.034414
329100 -9321.76490767 1440.77608207 0.395818 5.9852 0.843898 0.099871 0.068738
329200 -9372.22216534 1440.87960090 0.395846 5.9852 0.843898 0.099871 -0.024991
329300 -9377.34064498 1447.78392412 0.397743 5.9852 0.843898 0.099871 -0.019764
329400 -9359.43346635 1455.19592248 0.399779 5.9852 0.843898 0.099871 0.001294
329500 -9370.79219502 1400.08246516 0.384638 5.9775 0.835185 0.102757 -0.012776
329600 -9375.04377709 1424.72879620 0.391409 5.9775 0.835185 0.102757 0.007794
329700 -9404.67018593 1468.86180114 0.403533 5.9775 0.835185 0.102757 -0.054291
329800 -9424.60103011 1464.53485528 0.402345 5.9775 0.835185 0.102757 -0.094390
329900 -9419.02210607 1460.86187668 0.401336 5.9775 0.835185 0.102757 -0.028372
330000 -9401.69994220 1448.28428775 0.397880 5.9775 0.837375 0.102268 -0.005370
330100 -9377.09832830 1454.17815348 0.399499 5.9775 0.837375 0.102268 0.030758
330200 -9379.05310035 1461.52509722 0.401518 5.9775 0.837375 0.102268 0.037266
330300 -9380.21615518 1436.31847722 0.394593 5.9775 0.837375 0.102268 0.010961
330400 -9356.30088011 1417.29756759 0.389367 5.9775 0.837375 0.102268 0.046902
330500 -9386.61541071 1472.74347860 0.404600 5.9780 0.833427 0.102982 -0.019393
330600 -9349.06552105 1432.08394977 0.393430 5.9780 0.833427 0.102982 0.072624
330700 -9367.94855365 1433.75949074 0.393890 5.9780 0.833427 0.102982 0.020692
330800 -9395.63410483 1459.62410064 0.400996 5.9780 0.833427 0.102982 -0.033848
330900 -9380.14076178 1428.63468976 0.392482 5.9780 0.833427 0.102982 -0.000048
331000 -9433.02358289 1461.66503435 0.401556 5.9808 0.845725 0.101017 -0.098269
331100 -9408.29708936 1453.67179069 0.399360 5.9808 0.845725 0.101017 -0.039919
331200 -9360.78530761 1426.29362256 0.391839 5.9808 0.845725 0.101017 0.078942
331300 -9377.31024119 1437.00100979 0.394780 5.9808 0.845725 0.101017 0.016034
331400 -9338.48273160 1445.39998541 0.397088 5.9808 0.845725 0.101017 0.085383
331500 -9375.50541247 1463.46401849 0.402051 5.9808 0.836780 0.102142 0.022114
331600 -9365.78052425 1472.55546963 0.404548 5.9808 0.836780 0.102142 0.045300
331700 -9381.38896044 1448.99340870 0.398075 5.9808 0.836780 0.102142 -0.007879
331800 -9353.99062820 1449.05569676 0.398092 5.9808 0.836780 0.102142 0.038788
331900 -9357.13270414 1457.64680888 0.400452 5.9808 0.836780 0.102142 0.039224
332000 -9361.22842591 1437.26623588 0.394853 5.9731 0.832182 0.104311 0.001421
332100 -9386.37460284 1462.38327826 0.401754 5.9731 0.832182 0.104311 -0.059656
332200 -9380.45431504 1442.68972106 0.396343 5.9731 0.832182 0.104311 -0.053459
332300 -9335.34725453 1444.41894070 0.396818 5.9731 0.832182 0.104311 0.064320
332400 -9396.15966421 1457.33042222 0.400366 5.9731 0.832182 0.104311 -0.070541
332500 -9361.97150248 1428.47794735 0.392439 5.9769 0.832607 0.103731 -0.000558
332600 -9368.10694593 1434.66630064 0.394139 5.9769 0.832607 0.103731 0.002444
332700 -9378.41497941 1437.34399256 0.394875 5.9769 0.832607 0.103731 -0.014695
332800 -9393.30354677 1459.77186359 0.401036 5.9769 0.832607 0.103731 -0.037107
332900 -9363.96999595 1476.90303008 0.405743 5.9769 0.832607 0.103731 0.018176
333000 -9325.96952807 1484.93291569 0.407949 5.9797 0.828241 0.106004 0.066014
333100 -9391.27511378 1492.56416310 0.410045 5.9797 0.828241 0.106004 -0.074766
333200 -9341.87686527 1430.59681548 0.393021 5.9797 0.828241 0.106004 0.013002
333300 -9383.22161661 1499.26314731 0.411885 5.9797 0.828241 0.106004 -0.055225
333400 -9365.65811190 1481.68744344 0.407057 5.9797 0.828241 0.106004 -0.021309
333500 -9377.18521691 1448.69178394 0.397992 5.9720 0.834387 0.103954 -0.042394
333600 -9375.17919897 1449.13571525 0.398114 5.9720 0.834387 0.103954 -0.038556
333700 -9354.38756721 1444.29261282 0.396784 5.9720 0.834387 0.103954 0.016467
333800 -9371.89299850 1409.34634403 0.387183 5.9720 0.834387 0.103954 -0.021069
333900 -9395.60612494 1437.63881680 0.394956 5.9720 0.834387 0.103954 -0.067949
334000 -9368.28246832 1439.75906259 0.395538 5.9769 0.834918 0.103835 0.003123
334100 -9359.42571629 1435.75173168 0.394437 5.9769 0.834918 0.103835 0.033703
334200 -9360.67172762 1482.78660908 0.407359 5.9769 0.834918 0.103835 0.039011
334300 -9314.91591644 1454.45925815 0.399577 5.9769 0.834918 0.103835 0.089793
334400 -9346.48045862 1439.29584510 0.395411 5.9769 0.834918 0.103835 0.019916
334500 -9368.38965250 1457.40200629 0.400385 5.9753 0.831641 0.104629 -0.032632
334600 -9307.78241733 1441.58119119 0.396039 5.9753 0.831641 0.104629 0.080362
334700 -9333.28201432 1483.42623429 0.407535 5.9753 0.831641 0.104629 0.003539
334800 -9336.05698133 1469.99247482 0.403844 5.9753 0.831641 0.104629 0.013331
334900 -9323.55393701 1438.43888678 0.395176 5.9753 0.831641 0.104629 0.021067
335000 -9349.95267019 1446.35177210 0.397349 5.9725 0.831917 0.105725 -0.029857
335100 -9319.06252751 1420.57408473 0.390268 5.9725 0.831917 0.105725 0.039687
335200 -9314.33643419 1471.97021234 0.404387 5.9725 0.831917 0.105725 0.049018
335300 -9275.30930328 1480.41305310 0.406707 5.9725 0.831917 0.105725 0.103534
335400 -9283.87351897 1486.04608182 0.408254 5.9725 0.831917 0.105725 0.053228
335500 -9312.66532616 1467.81378752 0.403246 5.9714 0.827667 0.106357 -0.013688
335600 -9319.08094197 1477.46965509 0.405898 5.9714 0.827667 0.106357 -0.045512
335700 -9321.82415560 1485.90498180 0.408216 5.9714 0.827667 0.106357 -0.026737
335800 -9313.72320228 1466.95527032 0.403010 5.9714 0.827667 0.106357 -0.037230
335900 -9320.66672009 1435.16967441 0.394277 5.9714 0.827667 0.106357 -0.048451
336000 -9318.56364113 1456.44258412 0.400122 5.9698 0.828552 0.106095 -0.008132
336100 -9319.51923444 1459.84553459 0.401056 5.9698 0.828552 0.106095 -0.021633
336200 -9310.26902899 1452.86032436 0.399137 5.9698 0.828552 0.106095 0.021305
336300 -9315.83497073 1433.95836817 0.393945 5.9698 0.828552 0.106095 -0.027395
336400 -9341.32171549 1499.24859152 0.411881 5.9698 0.828552 0.106095 -0.063989
336500 -9295.16150215 1438.16343361 0.395100 5.9676 0.827401 0.108353 0.049581
336600 -9324.16536265 1432.34418818 0.393501 5.9676 0.827401 0.108353 -0.016487
336700 -9326.22918789 1404.04710817 0.385727 5.9676 0.827401 0.108353 -0.016844
336800 -9368.62423749 1462.69269162 0.401839 5.9676 0.827401 0.108353 -0.079369
336900 -9357.23644706 1430.08946715 0.392882 5.9676 0.827401 0.108353 -0.033890
337000 -9346.52473213 1466.79455206 0.402966 5.9775 0.830162 0.105362 -0.012647
337100 -9311.85433984 1438.95042875 0.395316 5.9775 0.830162 0.105362 0.034567
337200 -9350.69024252 1441.57345435 0.396037 5.9775 0.830162 0.105362 -0.043205
337300 -9339.49566327 1476.27146804 0.405569 5.9775 0.830162 0.105362 -0.013405
337400 -9297.97055353 1473.45681922 0.404796 5.9775 0.830162 0.105362 0.100648
337500 -9324.70082318 1482.02379660 0.407149 5.9720 0.828923 0.106138 0.035473
337600 -9339.91781176 1440.81999543 0.395830 5.9720 0.828923 0.106138 -0.036003
337700 -9356.32696980 1456.39860914 0.400110 5.9720 0.828923 0.106138 -0.033947
337800 -9334.16984775 1461.20652810 0.401430 5.9720 0.828923 0.106138 -0.021422
337900 -9311.44330750 1477.31853583 0.405857 5.9720 0.828923 0.106138 0.041915
338000 -9294.36949352 1465.19089572 0.402525 5.9764 0.825382 0.105994 0.051115
338100 -9309.84267797 1476.76047334 0.405703 5.9764 0.825382 0.105994 0.006998
338200 -9290.19470847 1458.97481203 0.400817 5.9764 0.825382 0.105994 0.026914
338300 -9277.37187165 1490.95967260 0.409604 5.9764 0.825382 0.105994 0.058680
338400 -9294.07203913 1481.95336848 0.407130 5.9764 0.825382 0.105994 0.020117
338500 -9321.25284252 1477.08319949 0.405792 5.9769 0.832145 0.104046 -0.023129
338600 -9322.96128086 1448.97231765 0.398069 5.9769 0.832145 0.104046 0.002635
338700 -9329.27077253 1449.60479036 0.398243 5.9769 0.832145 0.104046 -0.035888
338800 -9341.76995881 1461.65888264 0.401555 5.9769 0.832145 0.104046 -0.045276
338900 -9350.99263377 1447.77747185 0.397741 5.9769 0.832145 0.104046 -0.030798
339000 -9332.22732890 1469.48044429 0.403703 5.9599 0.831041 0.106672 0.004345
339100 -9316.40819625 1431.93786984 0.393390 5.9599 0.831041 0.106672 0.006972
339200 -9339.51973458 1466.95609649 0.403010 5.9599 0.831041 0.106672 -0.023767
339300 -9318.52889320 1492.27343052 0.409965 5.9599 0.831041 0.106672 0.005337
339400 -9318.91268982 1463.01680047 0.401928 5.9599 0.831041 0.106672 0.011297
339500 -9365.43925815 1486.37901431 0.408346 5.9802 0.837213 0.105219 -0.109386
339600 -9334.50274930 1450.26150386 0.398423 5.9802 0.837213 0.105219 -0.019310
339700 -9319.50141691 1449.51599681 0.398219 5.9802 0.837213 0.105219 0.008512
339800 -9345.99164781 1503.88075701 0.413154 5.9802 0.837213 0.105219 -0.044038
339900 -9308.75440726 1447.84357787 0.397759 5.9802 0.837213 0.105219 0.036581
340000 -9327.18745216 1443.43343474 0.396548 5.9742 0.827976 0.107352 -0.011852
340100 -9337.31120471 1467.10224032 0.403050 5.9742 0.827976 0.107352 -0.006999
340200 -9342.34845444 1466.46776499 0.402876 5.9742 0.827976 0.107352 -0.022875
340300 -9322.27721314 1457.71429186 0.400471 5.9742 0.827976 0.107352 0.016229
340400 -9340.44274122 1449.32360638 0.398166 5.9742 0.827976 0.107352 -0.048098
340500 -9335.35121165 1398.77237483 0.384278 5.9780 0.831496 0.104166 -0.034726
340600 -9375.32173549 1431.42888940 0.393250 5.9780 0.831496 0.104166 -0.051883
340700 -9328.06944761 1469.76412593 0.403781 5.9780 0.831496 0.104166 0.045543
340800 -9324.05196054 1457.67214097 0.400459 5.9780 0.831496 0.104166 0.035678
340900 -9351.21578073 1435.37761431 0.394335 5.9780 0.831496 0.104166 0.000718
341000 -9344.72541397 1413.08169588 0.388209 5.9764 0.837762 0.102781 0.015776
341100 -9382.66119005 1419.93136874 0.390091 5.9764 0.837762 0.102781 -0.027756
341200 -9395.87157418 1449.93806091 0.398335 5.9764 0.837762 0.102781 -0.055896
341300 -9365.44870416 1461.26832852 0.401447 5.9764 0.837762 0.102781 0.024841
341400 -9357.24920380 1455.30731234 0.399810 5.9764 0.837762 0.102781 0.015365
341500 -9416.07191188 1473.73642147 0.404873 5.9747 0.842431 0.102619 -0.090623
341600 -9386.45496928 1438.75600492 0.395263 5.9747 0.842431 0.102619 -0.032679
341700 -9384.03313374 1418.95487273 0.389823 5.9747 0.842431 0.102619 -0.040890
341800 -9372.41263098 1439.54465998 0.395479 5.9747 0.842431 0.102619 0.026084
341900 -9398.11184656 1436.91516251 0.394757 5.9747 0.842431 0.102619 -0.038092
342000 -9390.64859575 1438.42675357 0.395172 5.9753 0.837206 0.101509 0.002278
342100 -9409.38981543 1468.34362766 0.403391 5.9753 0.837206 0.101509 -0.037422
342200 -9390.57327088 1469.28182209 0.403649 5.9753 0.837206 0.101509 0.017738
342300 -9373.14703571 1459.54150963 0.400973 5.9753 0.837206 0.101509 0.027889
342400 -9339.06254160 1437.94617077 0.395040 5.9753 0.837206 0.101509 0.085769
342500 -9389.87042882 1451.80844530 0.398848 5.9725 0.839930 0.102367 -0.020610
342600 -9379.80462914 1470.36628031 0.403947 5.9725 0.839930 0.102367 -0.028163
342700 -9348.42279308 1459.06285473 0.400841 5.9725 0.839930 0.102367 0.046024
342800 -9333.04734297 1455.70133460 0.399918 5.9725 0.839930 0.102367 0.063867
342900 -9348.30145364 1477.33980128 0.405863 5.9725 0.839930 0.102367 0.017925
343000 -9320.33394817 1488.95866839 0.409055 5.9764 0.827157 0.104272 0.077107
343100 -9300.74283700 1455.65670363 0.399906 5.9764 0.827157 0.104272 0.096376
343200 -9309.02421459 1437.11977844 0.394813 5.9764 0.827157 0.104272 0.059720
343300 -9326.51660744 1437.19258780 0.394833 5.9764 0.827157 0.104272 0.020890
343400 -9333.60424808 1407.67816031 0.386725 5.9764 0.827157 0.104272 0.006050
343500 -9323.12391241 1401.33574614 0.384982 5.9703 0.826048 0.106548 0.051170
343600 -9360.54291048 1415.03186795 0.388745 5.9703 0.826048 0.106548 -0.013199
343700 -9363.74264095 1436.99660482 0.394779 5.9703 0.826048 0.106548 -0.040536
343800 -9368.46898381 1477.70554708 0.405963 5.9703 0.826048 0.106548 -0.023039
343900 -9322.12079741 1480.82086050 0.406819 5.9703 0.826048 0.106548 0.060621
344000 -9322.11853133 1474.08496677 0.404968 5.9698 0.830809 0.106390 0.031657
344100 -9349.84416186 1479.26752296 0.406392 5.9698 0.830809 0.106390 -0.020363
344200 -9300.62756603 1425.00000865 0.391484 5.9698 0.830809 0.106390 0.074188
344300 -9314.36090599 1453.93840550 0.399434 5.9698 0.830809 0.106390 0.014613
344400 -9320.54965973 1442.56499390 0.396309 5.9698 0.830809 0.106390 0.018700
344500 -9345.05121998 1469.11405479 0.403603 5.9670 0.832442 0.105113 -0.024480
344600 -9325.95647199 1454.07542675 0.399471 5.9670 0.832442 0.105113 0.015452
344700 -9315.68373241 1426.87055549 0.391997 5.9670 0.832442 0.105113 0.038032
344800 -9332.19333730 1479.18491186 0.406369 5.9670 0.832442 0.105113 -0.001439
344900 -9298.80522026 1438.14047269 0.395094 5.9670 0.832442 0.105113 0.056401
345000 -9312.92918112 1480.54904032 0.406744 5.9714 0.827794 0.106348 0.048178
345100 -9330.56094740 1496.20341592 0.411045 5.9714 0.827794 0.106348 -0.029636
345200 -9309.01961875 1489.25770223 0.409137 5.9714 0.827794 0.106348 0.009860
345300 -9296.92770837 1447.71944075 0.397725 5.9714 0.827794 0.106348 0.025271
345400 -9274.27291304 1474.22859900 0.405008 5.9714 0.827794 0.106348 0.063528
345500 -9341.97081318 1474.44242630 0.405067 5.9725 0.831303 0.104704 -0.064302
345600 -9324.63572791 1463.37711740 0.402027 5.9725 0.831303 0.104704 -0.020221
345700 -9290.60071126 1446.32474585 0.397342 5.9725 0.831303 0.104704 0.041817
345800 -9271.80786876 1428.66387605 0.392490 5.9725 0.831303 0.104704 0.068291
345900 -9293.03235810 1462.18865340 0.401700 5.9725 0.831303 0.104704 0.038397
346000 -9278.68813965 1473.28947990 0.404750 5.9698 0.825286 0.107011 0.056644
346100 -9307.23449824 1474.11308274 0.404976 5.9698 0.825286 0.107011 -0.009370
346200 -9298.32228872 1449.40896965 0.398189 5.9698 0.825286 0.107011 0.016261
346300 -9291.66823983 1474.14091967 0.404984 5.9698 0.825286 0.107011 0.031479
346400 -9330.35116961 1479.90596758 0.406568 5.9698 0.825286 0.107011 -0.054924
346500 -9343.28724167 1460.25556358 0.401169 5.9654 0.826807 0.108902 -0.068209
346600 -9354.63557300 1455.01764374 0.399730 5.9654 0.826807 0.108902 -0.094301
346700 -9346.93793802 1396.25119824 0.383585 5.9654 0.826807 0.108902 -0.039846
346800 -9385.02520593 1449.26851656 0.398151 5.9654 0.826807 0.108902 -0.087057
346900 -9323.62259052 1429.95208330 0.392844 5.9654 0.826807 0.108902 0.014240
347000 -9312.51203839 1440.97927256 0.395873 5.9736 0.834083 0.106609 0.049782
347100 -9334.01632339 1438.92735420 0.395310 5.9736 0.834083 0.106609 -0.003792
347200 -9335.40290043 1454.43923566 0.399571 5.9736 0.834083 0.106609 -0.003427
347300 -9344.07827611 1433.08010831 0.393703 5.9736 0.834083 0.106609 -0.021545
347400 -9359.95919958 1463.26702220 0.401996 5.9736 0.834083 0.106609 -0.046521
347500 -9338.12081868 1421.62433690 0.390556 5.9753 0.833066 0.105022 -0.008774
347600 -9335.35623524 1476.46064898 0.405621 5.9753 0.833066 0.105022 0.025551
347700 -9319.61061706 1489.13781060 0.409104 5.9753 0.833066 0.105022 0.026444
347800 -9283.60645446 1434.07736237 0.393977 5.9753 0.833066 0.105022 0.075708
347900 -9328.57513128 1463.46813814 0.402052 5.9753 0.833066 0.105022 0.003764
348000 -9340.22770566 1481.02147901 0.406874 5.9775 0.826969 0.105832 -0.038131
348100 -9343.07625354 1446.23345276 0.397317 5.9775 0.826969 0.105832 -0.024608
348200 -9339.10152359 1478.74091305 0.406248 5.9775 0.826969 0.105832 -0.012684
348300 -9348.77010756 1471.89932000 0.404368 5.9775 0.826969 0.105832 -0.023506
348400 -9332.34698886 1478.70716362 0.406238 5.9775 0.826969 0.105832 -0.018739
348500 -9349.94473787 1425.35929313 0.391582 5.9720 0.830911 0.106520 -0.056088
348600 -9331.83005305 1455.99121108 0.399998 5.9720 0.830911 0.106520 0.002262
348700 -9371.03345352 1474.92007545 0.405198 5.9720 0.830911 0.106520 -0.068713
348800 -9366.91202343 1482.57156831 0.407300 5.9720 0.830911 0.106520 -0.064272
348900 -9347.69293266 1440.72222853 0.395803 5.9720 0.830911 0.106520 -0.015679
349000 -9356.18078924 1461.18816492 0.401425 5.9769 0.834282 0.104779 -0.021323
349100 -9343.39684752 1424.24270434 0.391275 5.9769 0.834282 0.104779 0.024921
349200 -9353.79780743 1442.90249423 0.396402 5.9769 0.834282 0.104779 0.004768
349300 -9388.72985172 1452.61428776 0.399070 5.9769 0.834282 0.104779 -0.075587
349400 -9354.31932963 1431.36413923 0.393232 5.9769 0.834282 0.104779 0.011073
349500 -9376.77766192 1486.13688504 0.408279 5.9742 0.835979 0.102749 -0.005269
349600 -9371.58336782 1462.00034611 0.401648 5.9742 0.835979 0.102749 -0.023724
349700 -9360.44999877 1494.16491360 0.410485 5.9742 0.835979 0.102749 0.014524
349800 -9357.18916068 1475.07836876 0.405241 5.9742 0.835979 0.102749 -0.002910
349900 -9291.50295456 1455.14932471 0.399766 5.9742 0.835979 0.102749 0.118025
350000 -9317.71807953 1487.18846074 0.408568 5.9769 0.829799 0.104495 0.054331
350100 -9321.50080409 1434.10002191 0.393984 5.9769 0.829799 0.104495 0.029035
350200 -9314.21564728 1444.90967390 0.396953 5.9769 0.829799 0.104495 0.061124
350300 -9349.28386381 1430.20964825 0.392915 5.9769 0.829799 0.104495 -0.035208
350400 -9333.04427851 1444.96585631 0.396969 5.9769 0.829799 0.104495 0.011441
350500 -9342.66961342 1459.17236473 0.400872 5.9747 0.834860 0.104066 -0.021909
350600 -9356.56990784 1468.78067086 0.403511 5.9747 0.834860 0.104066 -0.015216
350700 -9366.20512893 1486.24875870 0.408310 5.9747 0.834860 0.104066 -0.055236
350800 -9317.75667628 1449.27117646 0.398151 5.9747 0.834860 0.104066 0.041020
350900 -9295.00771041 1474.16401890 0.404990 5.9747 0.834860 0.104066 0.078044
351000 -9301.63935474 1436.99282861 0.394778 5.9615 0.823581 0.108848 0.054285
351100 -9274.78886111 1429.18100514 0.392632 5.9615 0.823581 0.108848 0.081430
351200 -9340.76104080 1470.38203279 0.403951 5.9615 0.823581 0.108848 0.003398
351300 -9324.07479242 1452.91194659 0.399152 5.9615 0.823581 0.108848 -0.016272
351400 -9316.11457050 1475.52485397 0.405364 5.9615 0.823581 0.108848 -0.003256
351500 -9289.29988310 1470.24367326 0.403913 5.9753 0.821714 0.107074 0.047082
351600 -9324.76863596 1465.03958282 0.402483 5.9753 0.821714 0.107074 -0.038098
351700 -9314.07433377 1478.17534976 0.406092 5.9753 0.821714 0.107074 0.003764
351800 -9270.72460109 1446.15748843 0.397296 5.9753 0.821714 0.107074 0.085754
351900 -9311.88573009 1492.00896761 0.409893 5.9753 0.821714 0.107074 -0.002906
352000 -9317.03490870 1449.54575050 0.398227 5.9648 0.826489 0.106849 -0.030435
352100 -9328.53215336 1458.87036392 0.400789 5.9648 0.826489 0.106849 -0.039515
352200 -9287.64186007 1473.24252963 0.404737 5.9648 0.826489 0.106849 0.043858
352300 -9301.99138260 1440.88707616 0.395848 5.9648 0.826489 0.106849 0.019276
352400 -9332.00187578 1489.31388309 0.409152 5.9648 0.826489 0.106849 -0.050673
352500 -9312.71984226 1486.44692102 0.408365 5.9769 0.825877 0.105858 -0.000620
352600 -9324.82236396 1477.33927817 0.405862 5.9769 0.825877 0.105858 -0.032103
352700 -9293.46949375 1472.98375474 0.404666 5.9769 0.825877 0.105858 0.032259
352800 -9337.62720890 1479.81919279 0.406544 5.9769 0.825877 0.105858 -0.061715
352900 -9337.98165862 1429.69926412 0.392775 5.9769 0.825877 0.105858 -0.040160
353000 -9327.09171836 1417.19079434 0.389338 5.9786 0.832599 0.104602 -0.027606
353100 -9341.57965157 1440.30903298 0.395689 5.9786 0.832599 0.104602 -0.020351
353200 -9375.96645716 1481.38168641 0.406973 5.9786 0.832599 0.104602 -0.073716
353300 -9343.33912026 1460.03026437 0.401107 5.9786 0.832599 0.104602 0.001621
353400 -9341.16799513 1495.02120338 0.410720 5.9786 0.832599 0.104602 0.006875
353500 -9369.35983341 1462.12621565 0.401683 5.9681 0.832647 0.106339 -0.074973
353600 -9321.05694132 1436.34071615 0.394599 5.9681 0.832647 0.106339 0.030545
353700 -9347.87548203 1430.71703579 0.393054 5.9681 0.832647 0.106339 -0.006972
353800 -9306.31031749 1464.70730206 0.402392 5.9681 0.832647 0.106339 0.071994
353900 -9332.57795632 1487.29652632 0.408598 5.9681 0.832647 0.106339 -0.011754
354000 -9338.72853438 1477.22992559 0.405832 5.9786 0.830556 0.105803 -0.031784
354100 -9334.77737237 1432.67155261 0.393591 5.9786 0.830556 0.105803 -0.032874
354200 -9356.96687486 1463.61187101 0.402091 5.9786 0.830556 0.105803 -0.048112
354300 -9332.51212958 1413.13835541 0.388225 5.9786 0.830556 0.105803 -0.003006
354400 -9361.33048422 1437.49050183 0.394915 5.9786 0.830556 0.105803 -0.055052
354500 -9369.30330962 1437.33041608 0.394871 5.9753 0.831424 0.104355 -0.059604
354600 -9332.63037440 1445.23963621 0.397044 5.9753 0.831424 0.104355 0.040496
354700 -9328.59900101 1435.08576065 0.394254 5.9753 0.831424 0.104355 0.042861
354800 -9337.49229950 1432.46058381 0.393533 5.9753 0.831424 0.104355 0.039744
354900 -9333.70052255 1455.14896787 0.399766 5.9753 0.831424 0.104355 0.041412
355000 -9356.54689641 1481.35915399 0.406967 5.9747 0.832025 0.104782 -0.023267
355100 -9361.98566558 1472.23321153 0.404460 5.9747 0.832025 0.104782 -0.054206
355200 -9371.29274476 1471.52285006 0.404265 5.9747 0.832025 0.104782 -0.036467
355300 -9340.24544685 1487.15168010 0.408558 5.9747 0.832025 0.104782 0.016346
355400 -9322.19960944 1450.54382688 0.398501 5.9747 0.832025 0.104782 0.032182
355500 -9346.82102644 1455.39292389 0.399833 5.9676 0.832938 0.105092 0.011166
355600 -9332.95777214 1435.06964752 0.394250 5.9676 0.832938 0.105092 0.025495
355700 -9313.73967653 1471.46690118 0.404249 5.9676 0.832938 0.105092 0.072639
355800 -9325.60167335 1467.32266622 0.403111 5.9676 0.832938 0.105092 0.022631
355900 -9336.32335210 1426.37589038 0.391862 5.9676 0.832938 0.105092 -0.014895
356000 -9334.88270507 1443.57747428 0.396587 5.9692 0.828362 0.106403 0.000743
356100 -9363.66338622 1447.81926039 0.397753 5.9692 0.828362 0.106403 -0.054193
356200 -9379.21876564 1465.98039150 0.402742 5.9692 0.828362 0.106403 -0.067358
356300 -9351.77650571 1466.08617250 0.402771 5.9692 0.828362 0.106403 -0.009055
356400 -9323.87258907 1433.15289553 0.393723 5.9692 0.828362 0.106403 0.038856
356500 -9370.62890869 1453.72221564 0.399374 5.9819 0.829260 0.105913 -0.082258
356600 -9358.99550345 1428.45978876 0.392434 5.9819 0.829260 0.105913 -0.029916
356700 -9363.59991296 1473.06900937 0.404689 5.9819 0.829260 0.105913 -0.035136
356800 -9315.14842512 1431.85292412 0.393366 5.9819 0.829260 0.105913 0.047827
356900 -9360.22823982 1491.56848349 0.409772 5.9819 0.829260 0.105913 -0.019464
357000 -9338.77050981 1457.49673034 0.400411 5.9841 0.834915 0.103203 0.012972
357100 -9331.75532497 1466.00362086 0.402748 5.9841 0.834915 0.103203 0.027545
357200 -9318.22226806 1482.14686625 0.407183 5.9841 0.834915 0.103203 0.044955
357300 -9324.68508576 1450.33469142 0.398444 5.9841 0.834915 0.103203 0.019485
357400 -9329.65027721 1440.72822019 0.395804 5.9841 0.834915 0.103203 0.002222
357500 -9327.16095164 1442.33154973 0.396245 5.9676 0.833552 0.106212 0.026381
357600 -9379.08377938 1457.75297982 0.400482 5.9676 0.833552 0.106212 -0.101123
357700 -9342.10794235 1442.58888960 0.396316 5.9676 0.833552 0.106212 0.007003
357800 -9355.44570855 1454.46941147 0.399580 5.9676 0.833552 0.106212 -0.032068
357900 -9329.86503540 1443.06135889 0.396445 5.9676 0.833552 0.106212 0.018877
358000 -9324.07856436 1489.11013630 0.409096 5.9654 0.827947 0.105952 0.016642
358100 -9345.81433597 1445.28052505 0.397055 5.9654 0.827947 0.105952 -0.032408
358200 -9333.14038848 1449.22389331 0.398138 5.9654 0.827947 0.105952 -0.005041
358300 -9334.69137445 1473.87429670 0.404911 5.9654 0.827947 0.105952 -0.003634
358400 -9353.57558842 1454.12764864 0.399486 5.9654 0.827947 0.105952 -0.033690
358500 -9340.70985460 1455.38896686 0.399832 5.9753 0.823225 0.105765 -0.007815
358600 -9337.68377684 1477.88153833 0.406011 5.9753 0.823225 0.105765 0.012554
358700 -9341.79892940 1468.57217401 0.403454 5.9753 0.823225 0.105765 -0.025240
358800 -9347.47272682 1431.13979508 0.393170 5.9753 0.823225 0.105765 -0.000957
358900 -9375.93073898 1468.65429048 0.403476 5.9753 0.823225 0.105765 -0.053154
359000 -9349.79545747 1454.29254961 0.399531 5.9725 0.832918 0.104408 0.005526
359100 -9316.97122487 1436.33414826 0.394597 5.9725 0.832918 0.104408 0.065267
359200 -9369.64253799 1437.42991962 0.394898 5.9725 0.832918 0.104408 -0.049036
359300 -9383.02984677 1428.82134257 0.392533 5.9725 0.832918 0.104408 -0.053370
359400 -9364.84895769 1411.03552350 0.387647 5.9725 0.832918 0.104408 0.010122
359500 -9361.47476608 1426.09913392 0.391785 5.9758 0.831814 0.104529 0.010942
359600 -9362.62360642 1405.46148951 0.386116 5.9758 0.831814 0.104529 0.028936
359700 -9352.57913911 1431.59109327 0.393294 5.9758 0.831814 0.104529 0.036189
359800 -9389.77580095 1436.34013347 0.394599 5.9758 0.831814 0.104529 -0.024475
359900 -9343.94669497 1451.62696910 0.398799 5.9758 0.831814 0.104529 0.059079
360000 -9368.03109929 1502.20599663 0.412694 5.9769 0.834054 0.103967 0.005622
360100 -9327.44922905 1483.65349721 0.407597 5.9769 0.834054 0.103967 0.071490
360200 -9378.33727710 1485.70360576 0.408160 5.9769 0.834054 0.103967 -0.049042
360300 -9301.34611151 1468.12323059 0.403331 5.9769 0.834054 0.103967 0.088421
360400 -9285.67639826 1463.86470798 0.402161 5.9769 0.834054 0.103967 0.112207
360500 -9299.46202564 1483.42706618 0.407535 5.9687 0.824987 0.105709 0.085332
360600 -9296.19486091 1464.71230029 0.402393 5.9687 0.824987 0.105709 0.062625
360700 -9284.43282616 1456.01724134 0.400005 5.9687 0.824987 0.105709 0.097511
360800 -9323.65028733 1460.06932925 0.401118 5.9687 0.824987 0.105709 -0.026896
360900 -9288.42394867 1475.25241098 0.405289 5.9687 0.824987 0.105709 0.025519
361000 -9289.08629203 1470.66952880 0.404030 5.9670 0.824390 0.107006 0.019844
361100 -9326.83922348 1463.92418431 0.402177 5.9670 0.824390 0.107006 -0.066776
361200 -9296.00710167 1443.06745876 0.396447 5.9670 0.824390 0.107006 0.021685
361300 -9337.14345842 1474.83852309 0.405175 5.9670 0.824390 0.107006 -0.078558
361400 -9306.57325735 1458.20822719 0.400607 5.9670 0.824390 0.107006 0.017569
361500 -9303.77299437 1481.66212078 0.407050 5.9846 0.825714 0.104796 0.002784
361600 -9287.81790744 1472.20952269 0.404453 5.9846 0.825714 0.104796 0.055483
361700 -9284.27525971 1464.46137908 0.402325 5.9846 0.825714 0.104796 0.044007
361800 -9295.61561892 1427.42005385 0.392148 5.9846 0.825714 0.104796 0.012148
361900 -9237.98533687 1406.26280564 0.386336 5.9846 0.825714 0.104796 0.104792
362000 -9296.99129613 1472.76760058 0.404606 5.9665 0.819436 0.107822 -0.005840
362100 -9314.20182099 1477.19282485 0.405822 5.9665 0.819436 0.107822 -0.040816
362200 -9342.18424481 1482.26138325 0.407215 5.9665 0.819436 0.107822 -0.087041
362300 -9308.71677220 1428.48070807 0.392440 5.9665 0.819436 0.107822 -0.012936
362400 -9282.09973381 1473.52203086 0.404814 5.9665 0.819436 0.107822 0.049721
362500 -9310.30143630 1504.15952014 0.413231 5.9676 0.823404 0.106750 -0.020903
362600 -9306.09863932 1492.25267715 0.409960 5.9676 0.823404 0.106750 -0.005205
362700 -9286.50738482 1468.91823771 0.403549 5.9676 0.823404 0.106750 0.027185
362800 -9315.15231719 1457.45420249 0.400400 5.9676 0.823404 0.106750 -0.051240
362900 -9320.48804110 1462.74011120 0.401852 5.9676 0.823404 0.106750 -0.017357
363000 -9337.92625282 1476.51219208 0.405635 5.9764 0.832909 0.104417 -0.065538
363100 -9314.53358115 1433.86013216 0.393918 5.9764 0.832909 0.104417 0.006827
363200 -9324.02166047 1459.74081087 0.401028 5.9764 0.832909 0.104417 -0.020226
363300 -9315.46060836 1452.59735721 0.399065 5.9764 0.832909 0.104417 0.011500
363400 -9306.20446528 1487.18970705 0.408569 5.9764 0.832909 0.104417 0.014045
363500 -9323.82927036 1441.46068883 0.396006 5.9714 0.831970 0.106136 -0.012561
363600 -9339.07801422 1422.02811949 0.390667 5.9714 0.831970 0.106136 -0.048252
363700 -9353.56430065 1430.01380043 0.392861 5.9714 0.831970 0.106136 -0.062275
363800 -9354.43663909 1431.69682803 0.393323 5.9714 0.831970 0.106136 -0.023102
363900 -9323.46468562 1434.61651339 0.394125 5.9714 0.831970 0.106136 0.035168
364000 -9365.12574718 1479.91975722 0.406571 5.9775 0.827952 0.104679 -0.041081
364100 -9347.69892783 1472.49598027 0.404532 5.9775 0.827952 0.104679 -0.003958
364200 -9338.59620407 1438.48737956 0.395189 5.9775 0.827952 0.104679 0.014819
364300 -9331.40913725 1446.53690745 0.397400 5.9775 0.827952 0.104679 0.021949
364400 -9372.14472260 1481.74794237 0.407074 5.9775 0.827952 0.104679 -0.050515
364500 -9349.74606592 1402.84356780 0.385397 5.9769 0.830986 0.105322 -0.009049
364600 -9370.16787789 1437.74065426 0.394984 5.9769 0.830986 0.105322 -0.019446
364700 -9349.33992575 1483.87065178 0.407657 5.9769 0.830986 0.105322 0.033310
364800 -9320.76349829 1473.47281297 0.404800 5.9769 0.830986 0.105322 0.039994
364900 -9295.98785273 1448.38681942 0.397908 5.9769 0.830986 0.105322 0.074329
365000 -9326.01903244 1443.29055820 0.396508 5.9764 0.829568 0.106428 0.006503
365100 -9363.82757375 1439.00510225 0.395331 5.9764 0.829568 0.106428 -0.041856
365200 -9352.06276952 1446.47892468 0.397384 5.9764 0.829568 0.106428 -0.011694
365300 -9327.68413356 1456.95994057 0.400264 5.9764 0.829568 0.106428 0.034518
365400 -9310.50538547 1469.15510092 0.403614 5.9764 0.829568 0.106428 0.057723
365500 -9336.37363055 1458.36849090 0.400651 5.9769 0.832216 0.104990 -0.007601
365600 -9326.15982912 1457.77593402 0.400488 5.9769 0.832216 0.104990 0.023982
365700 -9314.59670227 1449.75765039 0.398285 5.9769 0.832216 0.104990 0.035332
365800 -9323.23646902 1459.73929179 0.401027 5.9769 0.832216 0.104990 0.013943
365900 -9352.26285889 1481.12536720 0.406903 5.9769 0.832216 0.104990 -0.034820
366000 -9324.05103196 1452.70994142 0.399096 5.9758 0.829891 0.106422 0.027093
366100 -9349.82611426 1499.27980524 0.411890 5.9758 0.829891 0.106422 -0.034620
366200 -9347.59219532 1477.67817725 0.405956 5.9758 0.829891 0.106422 -0.029944
366300 -9353.61400789 1474.32024253 0.405033 5.9758 0.829891 0.106422 -0.041516
366400 -9321.30588508 1484.67543224 0.407878 5.9758 0.829891 0.106422 0.029709
366500 -9312.47955530 1489.60407796 0.409232 5.9742 0.822483 0.105800 0.023633
366600 -9299.20241561 1457.60606585 0.400441 5.9742 0.822483 0.105800 0.051134
366700 -9343.15977777 1454.04718341 0.399464 5.9742 0.822483 0.105800 -0.035824
366800 -9311.48412396 1456.77270091 0.400212 5.9742 0.822483 0.105800 0.030730
366900 -9307.39529373 1479.11939872 0.406351 5.9742 0.822483 0.105800 0.021075
367000 -9306.92091069 1427.35697772 0.392131 5.9758 0.831150 0.105823 0.043325
367100 -9357.69425593 1418.64020431 0.389736 5.9758 0.831150 0.105823 -0.050284
367200 -9358.45776007 1451.12058448 0.398660 5.9758 0.831150 0.105823 -0.030808
367300 -9301.68467900 1457.12259340 0.400308 5.9758 0.831150 0.105823 0.088040
367400 -9357.65491949 1473.82706175 0.404898 5.9758 0.831150 0.105823 -0.031680
367500 -9354.82046627 1411.59864266 0.387802 5.9665 0.831782 0.105659 -0.028020
367600 -9343.64948479 1417.76867171 0.389497 5.9665 0.831782 0.105659 0.008380
367700 -9350.67782496 1456.90503355 0.400249 5.9665 0.831782 0.105659 -0.014487
367800 -9297.43296342 1402.24051424 0.385231 5.9665 0.831782 0.105659 0.073175
367900 -9370.76679837 1451.25883152 0.398697 5.9665 0.831782 0.105659 -0.069078
368000 -9341.48015313 1441.80842283 0.396101 5.9791 0.834897 0.103779 0.020240
368100 -9369.08772831 1463.73873338 0.402126 5.9791 0.834897 0.103779 -0.041628
368200 -9345.12907258 1459.17711536 0.400873 5.9791 0.834897 0.103779 0.020168
368300 -9366.98445978 1461.27216061 0.401448 5.9791 0.834897 0.103779 -0.027051
368400 -9343.47875866 1473.57083285 0.404827 5.9791 0.834897 0.103779 0.009345
368500 -9354.09198852 1483.68983411 0.407607 5.9813 0.835138 0.102275 0.001181
368600 -9346.00724422 1476.90372987 0.405743 5.9813 0.835138 0.102275 0.002901
368700 -9346.63878425 1466.16550932 0.402793 5.9813 0.835138 0.102275 -0.009250
368800 -9375.66243795 1468.07270455 0.403317 5.9813 0.835138 0.102275 -0.085688
368900 -9323.61094181 1467.87282151 0.403262 5.9813 0.835138 0.102275 0.074686
369000 -9324.84789456 1460.02050858 0.401105 5.9775 0.833875 0.104302 0.056185
369100 -9299.33395864 1450.27071017 0.398426 5.9775 0.833875 0.104302 0.071385
369200 -9305.69937749 1473.33020448 0.404761 5.9775 0.833875 0.104302 0.027818
369300 -9367.07934843 1459.48928209 0.400959 5.9775 0.833875 0.104302 -0.079213
369400 -9313.70287044 1449.91483991 0.398328 5.9775 0.833875 0.104302 0.054665
369500 -9349.73446127 1447.57073626 0.397684 5.9786 0.828478 0.103751 -0.034608
369600 -9358.06196909 1456.12783575 0.400035 5.9786 0.828478 0.103751 -0.036686
369700 -9357.29247167 1477.16670104 0.405815 5.9786 0.828478 0.103751 -0.020435
369800 -9366.94168588 1411.21675957 0.387697 5.9786 0.828478 0.103751 -0.036848
369900 -9352.38167739 1469.86273098 0.403808 5.9786 0.828478 0.103751 0.024165
370000 -9353.54711010 1422.99256617 0.390932 5.9791 0.835971 0.103953 -0.001519
370100 -9366.30127991 1450.12569727 0.398386 5.9791 0.835971 0.103953 -0.018731
370200 -9371.53935818 1434.36469512 0.394056 5.9791 0.835971 0.103953 -0.018009
370300 -9372.26992103 1462.16484108 0.401694 5.9791 0.835971 0.103953 -0.027171
370400 -9374.48228832 1460.31902137 0.401187 5.9791 0.835971 0.103953 -0.040556
370500 -9342.83867173 1467.66345663 0.403204 5.9681 0.828436 0.105659 0.022139
370600 -9343.85591689 1446.91890408 0.397505 5.9681 0.828436 0.105659 0.018384
370700 -9363.57629212 1451.52718561 0.398771 5.9681 0.828436 0.105659 -0.037081
370800 -9358.59479919 1470.79215920 0.404064 5.9681 0.828436 0.105659 -0.032046
370900 -9357.97787175 1464.72233532 0.402396 5.9681 0.828436 0.105659 -0.010888
371000 -9361.67575126 1436.80798771 0.394727 5.9813 0.833827 0.105336 -0.026148
371100 -9352.72964523 1453.22635020 0.399238 5.9813 0.833827 0.105336 -0.006292
371200 -9326.61053248 1448.33512677 0.397894 5.9813 0.833827 0.105336 0.043613
371300 -9346.73755902 1457.75783724 0.400483 5.9813 0.833827 0.105336 0.013489
371400 -9326.57142606 1463.39862397 0.402033 5.9813 0.833827 0.105336 0.033831
371500 -9342.02480440 1455.92908514 0.399981 5.9703 0.829317 0.105790 0.012173
371600 -9357.22878117 1469.69364015 0.403762 5.9703 0.829317 0.105790 -0.028306
371700 -9373.02597718 1449.09901507 0.398104 5.9703 0.829317 0.105790 -0.069821
371800 -9391.61975831 1465.58457945 0.402633 5.9703 0.829317 0.105790 -0.108065
371900 -9378.71452948 1423.43623290 0.391054 5.9703 0.829317 0.105790 -0.063589
372000 -9384.00774226 1442.28213019 0.396231 5.9802 0.834094 0.103196 -0.035227
372100 -9328.84146635 1437.74635932 0.394985 5.9802 0.834094 0.103196 0.083512
372200 -9368.29190667 1484.23247283 0.407756 5.9802 0.834094 0.103196 0.003127
372300 -9340.83268143 1470.51992898 0.403989 5.9802 0.834094 0.103196 0.039439
372400 -9347.85150396 1439.35599539 0.395427 5.9802 0.834094 0.103196 0.007837
372500 -9366.03029521 1453.92783614 0.399431 5.9797 0.835995 0.102036 -0.033062
372600 -9356.13124411 1485.03505635 0.407977 5.9797 0.835995 0.102036 -0.004364
372700 -9362.16199978 1459.17946550 0.400873 5.9797 0.835995 0.102036 -0.009246
372800 -9380.95450960 1469.34037021 0.403665 5.9797 0.835995 0.102036 -0.053566
372900 -9335.50239640 1402.33540450 0.385257 5.9797 0.835995 0.102036 0.033092
373000 -9329.73652838 1458.98035842 0.400819 5.9692 0.832864 0.103643 0.043246
373100 -9316.66236698 1467.18753043 0.403073 5.9692 0.832864 0.103643 0.063673
373200 -9321.06631485 1506.48179005 0.413869 5.9692 0.832864 0.103643 0.045834
373300 -9322.02547022 1495.39100681 0.410822 5.9692 0.832864 0.103643 0.013438
373400 -9308.38689943 1437.36902334 0.394882 5.9692 0.832864 0.103643 0.035049
373500 -9346.44906329 1491.50634412 0.409754 5.9692 0.832165 0.105096 -0.038099
373600 -9319.95018506 1462.28853220 0.401728 5.9692 0.832165 0.105096 0.041763
373700 -9338.12376596 1483.92522920 0.407672 5.9692 0.832165 0.105096 -0.035865
373800 -9324.41014896 1413.08893380 0.388211 5.9692 0.832165 0.105096 0.001811
373900 -9334.54666711 1442.13834170 0.396192 5.9692 0.832165 0.105096 -0.012886
374000 -9324.70361001 1435.41674059 0.394345 5.9725 0.824926 0.104127 -0.001379
374100 -9318.13491479 1408.18167601 0.386863 5.9725 0.824926 0.104127 0.030111
374200 -9297.77309841 1461.77059964 0.401585 5.9725 0.824926 0.104127 0.065867
374300 -9301.98590422 1483.16581836 0.407463 5.9725 0.824926 0.104127 0.069453
374400 -9295.74428214 1455.31996696 0.399813 5.9725 0.824926 0.104127 0.039539
374500 -9333.22480960 1458.17665453 0.400598 5.9725 0.826557 0.106383 -0.040364
374600 -9364.07072230 1439.49976539 0.395467 5.9725 0.826557 0.106383 -0.099150
374700 -9333.35819988 1430.00355997 0.392858 5.9725 0.826557 0.106383 0.011337
374800 -9330.13482792 1431.21970437 0.393192 5.9725 0.826557 0.106383 0.019261
374900 -9354.74045292 1496.02766603 0.410997 5.9725 0.826557 0.106383 -0.020200
375000 -9343.67706155 1436.95763629 0.394769 5.9659 0.829876 0.105700 -0.019858
375100 -9329.62729718 1413.78962026 0.388404 5.9659 0.829876 0.105700 -0.006203
375200 -9329.78187848 1435.31304612 0.394317 5.9659 0.829876 0.105700 0.017763
375300 -9346.27454316 1498.82784816 0.411766 5.9659 0.829876 0.105700 -0.017320
375400 -9279.88012524 1456.86629956 0.400238 5.9659 0.829876 0.105700 0.106097
375500 -9321.44820310 1489.01780489 0.409071 5.9736 0.830830 0.104323 -0.026627
375600 -9329.42273578 1445.63348676 0.397152 5.9736 0.830830 0.104323 -0.018797
375700 -9323.60803280 1432.51849747 0.393549 5.9736 0.830830 0.104323 0.004743
375800 -9358.58329677 1480.90967719 0.406843 5.9736 0.830830 0.104323 -0.059618
375900 -9310.63252896 1468.81470015 0.403521 5.9736 0.830830 0.104323 0.021346
376000 -9316.42561610 1427.00696971 0.392035 5.9698 0.827981 0.106144 0.024271
376100 -9348.62273485 1442.16760745 0.396200 5.9698 0.827981 0.106144 -0.024704
376200 -9326.67454055 1422.81177149 0.390882 5.9698 0.827981 0.106144 0.019073
376300 -9348.57953912 1452.85672230 0.399136 5.9698 0.827981 0.106144 -0.028360
376400 -9334.03654136 1430.17038997 0.392904 5.9698 0.827981 0.106144 0.027451
376500 -9325.59006693 1415.76459265 0.388946 5.9764 0.824112 0.105542 0.010358
376600 -9342.36127954 1415.01917425 0.388742 5.9764 0.824112 0.105542 0.000172
376700 -9376.56435846 1485.27670527 0.408043 5.9764 0.824112 0.105542 -0.055533
376800 -9326.09444445 1466.77267389 0.402960 5.9764 0.824112 0.105542 0.037773
376900 -9340.62496749 1462.25364502 0.401718 5.9764 0.824112 0.105542 0.004239
377000 -9349.18000781 1458.48555818 0.400683 5.9670 0.828564 0.105677 -0.019323
377100 -9339.24205713 1426.99980622 0.392033 5.9670 0.828564 0.105677 0.001608
377200 -9362.22634499 1445.43057572 0.397096 5.9670 0.828564 0.105677 -0.062427
377300 -9337.62825889 1433.56469468 0.393836 5.9670 0.828564 0.105677 0.018946
377400 -9323.79006562 1467.40526917 0.403133 5.9670 0.828564 0.105677 0.056132
377500 -9333.15861316 1462.35352859 0.401745 5.9709 0.832629 0.106318 0.014508
377600 -9340.81273852 1440.62505228 0.395776 5.9709 0.832629 0.106318 -0.017289
377700 -9323.35940596 1439.23598516 0.395395 5.9709 0.832629 0.106318 0.033416
377800 -9325.95850561 1499.10849151 0.411843 5.9709 0.832629 0.106318 0.030449
377900 -9315.44062081 1471.09979662 0.404148 5.9709 0.832629 0.106318 0.022048
378000 -9306.98156322 1461.92345300 0.401627 5.9725 0.822259 0.107617 0.019138
378100 -9315.34946753 1443.62526067 0.396600 5.9725 0.822259 0.107617 -0.004738
378200 -9349.58480782 1477.08788358 0.405793 5.9725 0.822259 0.107617 -0.070495
378300 -9345.64090833 1439.15158484 0.395371 5.9725 0.822259 0.107617 -0.044834
378400 -9330.38143924 1448.42327786 0.397918 5.9725 0.822259 0.107617 -0.008489
378500 -9337.71613890 1460.97625597 0.401367 5.9736 0.824959 0.106330 -0.036703
378600 -9300.09134145 1466.47557073 0.402878 5.9736 0.824959 0.106330 0.057226
378700 -9347.07797557 1481.81107977 0.407091 5.9736 0.824959 0.106330 -0.060641
378800 -9323.57224729 1439.23689889 0.395395 5.9736 0.824959 0.106330 0.009615
378900 -9336.37672124 1468.19337256 0.403350 5.9736 0.824959 0.106330 -0.017392
379000 -9345.28182602 1491.01767378 0.409620 5.9676 0.829621 0.106468 -0.034203
379100 -9297.00186178 1459.61696652 0.400994 5.9676 0.829621 0.106468 0.023865
379200 -9296.77604850 1456.66536050 0.400183 5.9676 0.829621 0.106468 0.058003
379300 -9317.84943642 1449.26476537 0.398150 5.9676 0.829621 0.106468 0.005188
379400 -9330.33768911 1485.51688649 0.408109 5.9676 0.829621 0.106468 -0.037317
379500 -9359.83985954 1487.12260033 0.408550 5.9725 0.834869 0.105358 -0.104295
379600 -9315.60102984 1444.29976751 0.396786 5.9725 0.834869 0.105358 -0.008531
379700 -9323.94830138 1460.95750852 0.401362 5.9725 0.834869 0.105358 0.009728
379800 -9301.62464781 1429.68121032 0.392770 5.9725 0.834869 0.105358 0.041191
379900 -9315.41814382 1441.43169920 0.395998 5.9725 0.834869 0.105358 -0.013009
380000 -9319.74501985 1442.51025399 0.396294 5.9681 0.824857 0.107015 -0.019472
380100 -9294.92789490 1462.99448490 0.401922 5.9681 0.824857 0.107015 0.044922
380200 -9318.48187724 1482.88977866 0.407387 5.9681 0.824857 0.107015 -0.038923
380300 -9322.07436149 1479.28136150 0.406396 5.9681 0.824857 0.107015 -0.026981
380400 -9296.18585304 1466.56103122 0.402901 5.9681 0.824857 0.107015 0.020578
380500 -9312.50565211 1480.56433632 0.406748 5.9692 0.826114 0.107187 -0.008012
380600 -9301.00798672 1464.17538404 0.402246 5.9692 0.826114 0.107187 -0.021530
380700 -9300.39709124 1476.84981138 0.405728 5.9692 0.826114 0.107187 0.014902
380800 -9298.64966644 1440.37450797 0.395707 5.9692 0.826114 0.107187 -0.014101
380900 -9323.63156695 1460.75291780 0.401306 5.9692 0.826114 0.107187 -0.035018
381000 -9323.46240099 1483.58818856 0.407579 5.9753 0.827772 0.106725 -0.032344
381100 -9324.53628674 1462.71886566 0.401846 5.9753 0.827772 0.106725 -0.021339
381200 -9313.16187842 1424.26168064 0.391281 5.9753 0.827772 0.106725 0.010595
381300 -9325.77482374 1438.24361027 0.395122 5.9753 0.827772 0.106725 -0.016999
381400 -9332.07554945 1444.95452141 0.396966 5.9753 0.827772 0.106725 -0.013643
381500 -9351.91336437 1436.06479330 0.394523 5.9753 0.833066 0.104635 -0.045917
381600 -9361.32378294 1429.10785982 0.392612 5.9753 0.833066 0.104635 -0.059757
381700 -9351.16968275 1416.36555258 0.389111 5.9753 0.833066 0.104635 -0.022804
381800 -9386.39529979 1461.45693454 0.401499 5.9753 0.833066 0.104635 -0.077758
381900 -9375.15471675 1425.80709471 0.391705 5.9753 0.833066 0.104635 -0.046481
382000 -9341.98289369 1403.27523942 0.385515 5.9753 0.834213 0.104966 0.009934
382100 -9361.50411823 1442.13066612 0.396190 5.9753 0.834213 0.104966 -0.005226
382200 -9355.16926861 1441.60697899 0.396046 5.9753 0.834213 0.104966 -0.005245
382300 -9373.50805323 1452.56576731 0.399057 5.9753 0.834213 0.104966 -0.026480
382400 -9363.62406697 1469.33436615 0.403663 5.9753 0.834213 0.104966 -0.005888
382500 -9339.37071893 1442.20648162 0.396211 5.9780 0.829297 0.104515 0.029049
382600 -9369.42924823 1442.63679140 0.396329 5.9780 0.829297 0.104515 -0.030370
382700 -9338.74134568 1430.58929987 0.393019 5.9780 0.829297 0.104515 0.045236
382800 -9355.99938388 1463.24836789 0.401991 5.9780 0.829297 0.104515 0.013134
382900 -9369.82017632 1428.43598274 0.392427 5.9780 0.829297 0.104515 -0.023820
383000 -9362.97119734 1452.33059845 0.398992 5.9665 0.834456 0.106049 -0.023782
383100 -9363.75501415 1430.03926327 0.392868 5.9665 0.834456 0.106049 -0.020667
383200 -9358.44729042 1430.76988332 0.393069 5.9665 0.834456 0.106049 0.004065
383300 -9364.51860661 1418.75185662 0.389767 5.9665 0.834456 0.106049 -0.003383
383400 -9365.22727149 1470.44009629 0.403967 5.9665 0.834456 0.106049 0.004951
383500 -9324.36639134 1448.72740463 0.398002 5.9626 0.829702 0.106522 0.073516
383600 -9320.40951458 1450.86183084 0.398588 5.9626 0.829702 0.106522 0.046195
383700 -9351.18122631 1454.57998430 0.399610 5.9626 0.829702 0.106522 -0.012660
383800 -9342.54392719 1440.05554046 0.395620 5.9626 0.829702 0.106522 0.020838
383900 -9333.27139742 1462.60303231 0.401814 5.9626 0.829702 0.106522 0.006302
384000 -9322.54916880 1420.82879397 0.390338 5.9659 0.829270 0.105976 0.040046
384100 -9327.30236889 1456.03915645 0.400011 5.9659 0.829270 0.105976 -0.009734
384200 -9316.66908381 1396.31282882 0.383602 5.9659 0.829270 0.105976 0.053050
384300 -9363.99007291 1453.74943743 0.399382 5.9659 0.829270 0.105976 -0.027173
384400 -9316.85224779 1440.76379681 0.395814 5.9659 0.829270 0.105976 0.045597
384500 -9359.74640001 1476.02520527 0.405501 5.9676 0.832371 0.104508 -0.023521
384600 -9323.09944096 1447.08022979 0.397550 5.9676 0.832371 0.104508 0.011486
384700 -9325.45322634 1406.64432750 0.386441 5.9676 0.832371 0.104508 0.008231
384800 -9379.99573347 1472.79861042 0.404615 5.9676 0.832371 0.104508 -0.074290
384900 -9370.05062931 1457.61611399 0.400444 5.9676 0.832371 0.104508 -0.038405
385000 -9313.13627161 1448.12397053 0.397836 5.9615 0.824355 0.108235 0.051758
385100 -9327.45188497 1459.33463733 0.400916 5.9615 0.824355 0.108235 0.015014
385200 -9365.71423644 1449.68590148 0.398265 5.9615 0.824355 0.108235 -0.064264
385300 -9349.85558128 1420.69060795 0.390300 5.9615 0.824355 0.108235 -0.031578
385400 -9327.01411490 1423.79594978 0.391153 5.9615 0.824355 0.108235 0.027027
385500 -9362.70897093 1473.46042786 0.404797 5.9775 0.832297 0.104582 -0.050089
385600 -9322.63660116 1484.43433109 0.407812 5.9775 0.832297 0.104582 0.058223
385700 -9304.13836395 1477.48283753 0.405902 5.9775 0.832297 0.104582 0.063059
385800 -9332.68013807 1438.27937845 0.395132 5.9775 0.832297 0.104582 0.005669
385900 -9334.99090785 1479.88799577 0.406563 5.9775 0.832297 0.104582 0.000522
386000 -9290.06691417 1501.21421524 0.412421 5.9643 0.818718 0.108652 0.072884
386100 -9307.55990359 1490.80291353 0.409561 5.9643 0.818718 0.108652 0.016241
386200 -9282.39572585 1470.23157388 0.403910 5.9643 0.818718 0.108652 0.031337
386300 -9319.18723227 1498.50411172 0.411677 5.9643 0.818718 0.108652 -0.054269
386400 -9290.86879653 1456.86155750 0.400237 5.9643 0.818718 0.108652 0.017931
386500 -9329.37705711 1477.66314469 0.405951 5.9687 0.825215 0.106687 -0.071676
386600 -9309.19965470 1446.92957081 0.397508 5.9687 0.825215 0.106687 -0.037226
386700 -9318.01635359 1449.48567511 0.398210 5.9687 0.825215 0.106687 -0.036944
386800 -9312.67178104 1442.46019227 0.396280 5.9687 0.825215 0.106687 -0.035856
386900 -9300.03849805 1443.42362903 0.396545 5.9687 0.825215 0.106687 0.009744
387000 -9315.33124597 1463.67166413 0.402108 5.9703 0.830131 0.105739 -0.018249
387100 -9319.40570319 1459.48350326 0.400957 5.9703 0.830131 0.105739 -0.039898
387200 -9295.35668314 1428.60906286 0.392475 5.9703 0.830131 0.105739 0.039831
387300 -9292.98437595 1454.28744864 0.399530 5.9703 0.830131 0.105739 0.049681
387400 -9297.98934150 1462.39144836 0.401756 5.9703 0.830131 0.105739 0.035573
387500 -9302.03042353 1437.79763726 0.394999 5.9692 0.822350 0.108196 0.002217
387600 -9284.43328486 1435.19369219 0.394284 5.9692 0.822350 0.108196 0.051536
387700 -9302.70478368 1448.38372735 0.397908 5.9692 0.822350 0.108196 0.028839
387800 -9309.68404702 1446.02937465 0.397261 5.9692 0.822350 0.108196 -0.015496
387900 -9324.11939735 1471.10712229 0.404150 5.9692 0.822350 0.108196 -0.035637
388000 -9314.12693172 1443.03657081 0.396439 5.9599 0.823270 0.108596 -0.001996
388100 -9318.88606302 1446.29324639 0.397333 5.9599 0.823270 0.108596 -0.018779
388200 -9307.80596495 1412.71021106 0.388107 5.9599 0.823270 0.108596 0.011764
388300 -9337.68626110 1471.13475344 0.404158 5.9599 0.823270 0.108596 -0.047488
388400 -9285.57663760 1403.62295511 0.385611 5.9599 0.823270 0.108596 0.044352
388500 -9354.97805617 1430.82406170 0.393084 5.9665 0.834115 0.104871 -0.090032
388600 -9333.27799496 1441.96254709 0.396144 5.9665 0.834115 0.104871 -0.012437
388700 -9354.86558172 1453.19056041 0.399228 5.9665 0.834115 0.104871 -0.046217
388800 -9363.46276881 1441.50894094 0.396019 5.9665 0.834115 0.104871 -0.061829
388900 -9326.32143617 1452.36714074 0.399002 5.9665 0.834115 0.104871 0.023380
389000 -9294.34442072 1497.25123224 0.411333 5.9676 0.817014 0.108566 0.092931
389100 -9292.06747691 1500.97598705 0.412356 5.9676 0.817014 0.108566 0.055396
389200 -9286.81084086 1502.42700750 0.412755 5.9676 0.817014 0.108566 0.042600
389300 -9303.40582252 1483.81140766 0.407640 5.9676 0.817014 0.108566 -0.038143
389400 -9312.05271935 1428.11386073 0.392339 5.9676 0.817014 0.108566 -0.032425
389500 -9282.54705070 1428.50909776 0.392448 5.9648 0.819999 0.107840 0.034988
389600 -9338.24584512 1420.63819816 0.390285 5.9648 0.819999 0.107840 -0.061010
389700 -9352.59481132 1425.66954527 0.391667 5.9648 0.819999 0.107840 -0.053767
389800 -9317.06596634 1407.30512233 0.386622 5.9648 0.819999 0.107840 0.013156
389900 -9337.98618925 1463.72249924 0.402122 5.9648 0.819999 0.107840 -0.026509
390000 -9328.39982597 1452.66158492 0.399083 5.9676 0.829424 0.105241 -0.023304
390100 -9349.52811334 1473.65048954 0.404849 5.9676 0.829424 0.105241 -0.045579
390200 -9288.46418211 1440.36109118 0.395704 5.9676 0.829424 0.105241 0.060838
390300 -9295.09783778 1440.52436093 0.395748 5.9676 0.829424 0.105241 0.042505
390400 -9336.35211732 1442.64625253 0.396331 5.9676 0.829424 0.105241 -0.053063
390500 -9326.71264001 1423.11971773 0.390967 5.9643 0.825821 0.107647 -0.017561
390600 -9301.08782488 1465.51428621 0.402614 5.9643 0.825821 0.107647 0.036827
390700 -9340.20426906 1453.93790739 0.399433 5.9643 0.825821 0.107647 -0.060463
390800 -9279.58641235 1429.56723598 0.392738 5.9643 0.825821 0.107647 0.086173
390900 -9327.57844001 1452.47703755 0.399032 5.9643 0.825821 0.107647 -0.021701
391000 -9331.98561502 1417.10392353 0.389314 5.9665 0.826020 0.105089 -0.026322
391100 -9335.26105462 1430.92201515 0.393110 5.9665 0.826020 0.105089 -0.026254
391200 -9321.71725089 1459.62158097 0.400995 5.9665 0.826020 0.105089 0.002954
391300 -9289.18274677 1428.51386513 0.392449 5.9665 0.826020 0.105089 0.069117
391400 -9307.85638513 1460.85160657 0.401333 5.9665 0.826020 0.105089 0.007417
391500 -9318.42781744 1448.79531686 0.398021 5.9714 0.833606 0.105746 0.009554
391600 -9335.82372076 1445.21871395 0.397038 5.9714 0.833606 0.105746 -0.048877
391700 -9310.45415114 1421.51947323 0.390527 5.9714 0.833606 0.105746 0.019063
391800 -9305.54125047 1433.14876584 0.393722 5.9714 0.833606 0.105746 0.045209
391900 -9324.75528363 1467.85323110 0.403256 5.9714 0.833606 0.105746 -0.018608
392000 -9317.62931294 1466.28317214 0.402825 5.9621 0.827407 0.107105 0.014166
392100 -9312.77346968 1477.31610686 0.405856 5.9621 0.827407 0.107105 0.039138
392200 -9280.06937220 1448.08062285 0.397824 5.9621 0.827407 0.107105 0.091374
392300 -9297.33975253 1446.75193240 0.397459 5.9621 0.827407 0.107105 0.016776
392400 -9325.13525001 1432.57529824 0.393565 5.9621 0.827407 0.107105 -0.026170
392500 -9313.79802205 1450.58087422 0.398511 5.9648 0.821455 0.108095 0.035030
392600 -9308.97924446 1439.59434148 0.395493 5.9648 0.821455 0.108095 0.020127
392700 -9338.08188188 1439.40293257 0.395440 5.9648 0.821455 0.108095 -0.046895
392800 -9331.56536563 1478.79213351 0.406262 5.9648 0.821455 0.108095 -0.005379
392900 -9282.06922030 1457.27448645 0.400350 5.9648 0.821455 0.108095 0.097057
393000 -9287.62055112 1466.96198309 0.403012 5.9648 0.823554 0.106640 0.036596
393100 -9282.89169422 1450.66202910 0.398534 5.9648 0.823554 0.106640 0.056580
393200 -9282.18653052 1433.25336034 0.393751 5.9648 0.823554 0.106640 0.019093
393300 -9315.37788298 1446.34990114 0.397349 5.9648 0.823554 0.106640 -0.031178
393400 -9331.45322290 1483.38740147 0.407524 5.9648 0.823554 0.106640 -0.053562
393500 -9334.08579311 1463.39781179 0.402032 5.9747 0.820443 0.106056 -0.042828
393600 -9291.95114310 1469.34505275 0.403666 5.9747 0.820443 0.106056 0.023575
393700 -9281.75227300 1430.10013062 0.392885 5.9747 0.820443 0.106056 0.048652
393800 -9308.11548181 1450.13829348 0.398390 5.9747 0.820443 0.106056 0.001198
393900 -9324.23988177 1468.58388525 0.403457 5.9747 0.820443 0.106056 -0.033050
394000 -9318.58196389 1459.86364225 0.401061 5.9709 0.829989 0.106030 -0.005195
394100 -9348.73749200 1459.24642871 0.400892 5.9709 0.829989 0.106030 -0.046501
394200 -9320.91164125 1473.47631599 0.404801 5.9709 0.829989 0.106030 0.036639
394300 -9319.10402000 1482.91782395 0.407395 5.9709 0.829989 0.106030 -0.004991
394400 -9321.96994007 1437.14236384 0.394819 5.9709 0.829989 0.106030 0.001089
394500 -9307.00311400 1434.72172965 0.394154 5.9698 0.827537 0.106786 0.033597
394600 -9361.05123820 1467.03737176 0.403032 5.9698 0.827537 0.106786 -0.054716
394700 -9321.27311739 1424.49159116 0.391344 5.9698 0.827537 0.106786 0.027988
394800 -9285.63910712 1438.65558849 0.395235 5.9698 0.827537 0.106786 0.051700
394900 -9314.29355308 1460.99319131 0.401372 5.9698 0.827537 0.106786 0.043282
395000 -9346.74287555 1444.50259837 0.396841 5.9753 0.835268 0.103432 -0.058090
395100 -9381.97481660 1420.60422998 0.390276 5.9753 0.835268 0.103432 -0.099670
395200 -9347.76306885 1427.44902677 0.392156 5.9753 0.835268 0.103432 -0.015303
395300 -9332.94095402 1431.83109387 0.393360 5.9753 0.835268 0.103432 0.014754
395400 -9378.37466911 1426.91779390 0.392010 5.9753 0.835268 0.103432 -0.071475
395500 -9337.45776540 1429.79100670 0.392800 5.9802 0.827261 0.105039 0.027887
395600 -9353.36615176 1468.52938822 0.403442 5.9802 0.827261 0.105039 -0.010666
395700 -9350.69161449 1435.16535298 0.394276 5.9802 0.827261 0.105039 0.014678
395800 -9352.98637636 1411.70512270 0.387831 5.9802 0.827261 0.105039 -0.007418
395900 -9361.28108994 1445.43136937 0.397097 5.9802 0.827261 0.105039 -0.004507
396000 -9365.59810330 1427.31279746 0.392119 5.9714 0.832111 0.104976 -0.024680
396100 -9354.05628801 1434.08896775 0.393980 5.9714 0.832111 0.104976 0.004940
396200 -9312.90815157 1440.94478436 0.395864 5.9714 0.832111 0.104976 0.090877
396300 -9349.78569807 1446.28628816 0.397331 5.9714 0.832111 0.104976 0.003330
396400 -9364.77048048 1457.49692144 0.400411 5.9714 0.832111 0.104976 -0.042330
396500 -9331.10059823 1420.44555786 0.390232 5.9758 0.831303 0.104330 0.045967
396600 -9379.53202056 1476.44173859 0.405616 5.9758 0.831303 0.104330 -0.055392
396700 -9325.27096668 1443.76061931 0.396638 5.9758 0.831303 0.104330 0.070651
396800 -9389.25729263 1461.93999845 0.401632 5.9758 0.831303 0.104330 -0.078393
396900 -9334.09751838 1417.02228302 0.389292 5.9758 0.831303 0.104330 0.051431
397000 -9357.30941023 1489.95205443 0.409327 5.9736 0.827271 0.104214 -0.000468
397100 -9345.69037589 1439.70220931 0.395523 5.9736 0.827271 0.104214 -0.005386
397200 -9292.05269803 1431.68879557 0.393321 5.9736 0.827271 0.104214 0.132975
397300 -9343.78391653 1484.52465613 0.407836 5.9736 0.827271 0.104214 0.013899
397400 -9323.63866803 1444.72715192 0.396903 5.9736 0.827271 0.104214 0.020176
397500 -9294.98148420 1462.89025217 0.401893 5.9698 0.824763 0.106082 0.058559
397600 -9301.78162464 1486.10710042 0.408271 5.9698 0.824763 0.106082 0.034630
397700 -9315.09464790 1454.10860777 0.399480 5.9698 0.824763 0.106082 -0.003384
397800 -9289.87461085 1447.04137312 0.397539 5.9698 0.824763 0.106082 0.056883
397900 -9335.75559083 1452.75393197 0.399108 5.9698 0.824763 0.106082 -0.043974
398000 -9327.17801529 1436.71974053 0.394703 5.9665 0.831708 0.107480 -0.006503
398100 -9330.65008075 1462.04408181 0.401660 5.9665 0.831708 0.107480 -0.014113
398200 -9349.88547823 1485.68193117 0.408154 5.9665 0.831708 0.107480 -0.029793
398300 -9316.43166604 1458.82700572 0.400777 5.9665 0.831708 0.107480 0.001064
398400 -9348.49744151 1476.02121698 0.405500 5.9665 0.831708 0.107480 -0.085980
398500 -9291.44819675 1453.93860427 0.399434 5.9626 0.823218 0.106379 0.033719
398600 -9317.32549541 1474.90512806 0.405194 5.9626 0.823218 0.106379 -0.001710
398700 -9304.43246002 1466.57744702 0.402906 5.9626 0.823218 0.106379 0.039097
398800 -9292.26460207 1431.32205231 0.393220 5.9626 0.823218 0.106379 0.052379
398900 -9287.06541382 1477.61181847 0.405937 5.9626 0.823218 0.106379 0.038857
399000 -9268.53379017 1418.91251663 0.389811 5.9533 0.820904 0.109912 0.068546
399100 -9301.43464772 1438.01369466 0.395059 5.9533 0.820904 0.109912 0.000490
399200 -9316.37416986 1454.55044482 0.399602 5.9533 0.820904 0.109912 -0.000671
399300 -9307.71659716 1451.27176214 0.398701 5.9533 0.820904 0.109912 0.019673
399400 -9317.56872564 1409.86932094 0.387327 5.9533 0.820904 0.109912 -0.012038
399500 -9326.57123905 1423.15240649 0.390976 5.9489 0.826272 0.108246 -0.012080
399600 -9315.43409926 1428.18974366 0.392360 5.9489 0.826272 0.108246 0.004078
399700 -9295.25686219 1420.61322587 0.390278 5.9489 0.826272 0.108246 0.056869
399800 -9277.18619437 1463.26828285 0.401997 5.9489 0.826272 0.108246 0.058222
399900 -9303.20860966 1448.25795398 0.397873 5.9489 0.826272 0.108246 -0.004396
400000 -9300.56546368 1470.19670248 0.403900 5.9659 0.820530 0.107690 -0.002855
400100 -9302.12447825 1490.65410366 0.409520 5.9659 0.820530 0.107690 0.005773
400200 -9247.29753996 1449.54442488 0.398226 5.9659 0.820530 0.107690 0.112771
400300 -9263.92195414 1443.30099172 0.396511 5.9659 0.820530 0.107690 0.027118
400400 -9295.17271752 1463.66299552 0.402105 5.9659 0.820530 0.107690 -0.020000
400500 -9267.13482193 1450.97770351 0.398620 5.9511 0.822182 0.108456 0.054494
400600 -9286.05402545 1491.58021917 0.409775 5.9511 0.822182 0.108456 -0.013396
400700 -9299.72848927 1478.21418900 0.406103 5.9511 0.822182 0.108456 -0.022806
400800 -9269.96102056 1481.21838595 0.406928 5.9511 0.822182 0.108456 0.026992
400900 -9231.93303399 1446.67656539 0.397439 5.9511 0.822182 0.108456 0.078746
401000 -9261.41680585 1466.35757675 0.402845 5.9593 0.815970 0.111078 0.036742
401100 -9250.01268360 1445.32360721 0.397067 5.9593 0.815970 0.111078 0.021234
401200 -9292.26495931 1496.30388080 0.411072 5.9593 0.815970 0.111078 -0.053838
401300 -9258.84462237 1390.75111803 0.382074 5.9593 0.815970 0.111078 0.002728
401400 -9266.51074519 1446.43791503 0.397373 5.9593 0.815970 0.111078 0.007749
401500 -9276.72630565 1456.35602929 0.400098 5.9632 0.822668 0.108623 -0.008626
401600 -9299.76317240 1468.00664284 0.403299 5.9632 0.822668 0.108623 -0.032114
401700 -9272.89410867 1447.73052993 0.397728 5.9632 0.822668 0.108623 0.022739
401800 -9304.40182893 1453.26772179 0.399249 5.9632 0.822668 0.108623 -0.030708
401900 -9294.13715265 1461.68131925 0.401561 5.9632 0.822668 0.108623 -0.013786
402000 -9312.03792888 1454.33654991 0.399543 5.9632 0.827126 0.107217 -0.049752
402100 -9290.75053569 1457.91351639 0.400526 5.9632 0.827126 0.107217 0.010748
402200 -9290.15536366 1467.64167760 0.403198 5.9632 0.827126 0.107217 0.011068
402300 -9300.04574890 1428.22747781 0.392370 5.9632 0.827126 0.107217 -0.022959
402400 -9335.28629794 1462.00052101 0.401648 5.9632 0.827126 0.107217 -0.063614
402500 -9321.36077471 1447.46048744 0.397654 5.9549 0.827402 0.109349 -0.035951
402600 -9286.70469627 1438.58046101 0.395214 5.9549 0.827402 0.109349 0.039815
402700 -9282.64805220 1467.04982425 0.403036 5.9549 0.827402 0.109349 0.046083
402800 -9298.05127658 1477.27745454 0.405845 5.9549 0.827402 0.109349 -0.038754
402900 -9265.09770518 1440.08264233 0.395627 5.9549 0.827402 0.109349 0.051606
403000 -9285.18459690 1438.30922411 0.395140 5.9516 0.819118 0.109882 0.026782
403100 -9290.65817116 1458.60614810 0.400716 5.9516 0.819118 0.109882 0.019116
403200 -9268.90695644 1467.48089264 0.403154 5.9516 0.819118 0.109882 0.056588
403300 -9278.03574893 1511.83851439 0.415340 5.9516 0.819118 0.109882 0.013307
403400 -9248.04969126 1464.37057089 0.402300 5.9516 0.819118 0.109882 0.068036
403500 -9267.36820866 1452.22548141 0.398963 5.9615 0.814963 0.109785 0.001668
403600 -9285.22456281 1443.90250504 0.396677 5.9615 0.814963 0.109785 -0.031662
403700 -9268.27058721 1458.82483065 0.400776 5.9615 0.814963 0.109785 -0.000564
403800 -9216.92337783 1444.79042410 0.396920 5.9615 0.814963 0.109785 0.097877
403900 -9251.08202916 1489.63698676 0.409241 5.9615 0.814963 0.109785 0.036387
404000 -9245.02006331 1402.24981321 0.385233 5.9527 0.823444 0.107555 0.007790
404100 -9238.03730814 1431.75358711 0.393339 5.9527 0.823444 0.107555 0.032998
404200 -9272.71573127 1498.75035675 0.411745 5.9527 0.823444 0.107555 -0.036608
404300 -9282.92465889 1445.06385909 0.396996 5.9527 0.823444 0.107555 -0.031406
404400 -9243.28228588 1466.89531048 0.402993 5.9527 0.823444 0.107555 0.030315
404500 -9257.06529133 1494.28839598 0.410519 5.9489 0.817381 0.112531 0.009322
404600 -9255.76724332 1466.01728721 0.402752 5.9489 0.817381 0.112531 -0.020718
404700 -9244.48865545 1427.27204048 0.392108 5.9489 0.817381 0.112531 -0.001218
404800 -9253.53810942 1429.98319745 0.392853 5.9489 0.817381 0.112531 0.012548
404900 -9264.23036863 1420.73719074 0.390312 5.9489 0.817381 0.112531 0.002494
405000 -9225.95110201 1402.05824562 0.385181 5.9434 0.818990 0.111623 0.089368
405100 -9256.27900868 1459.23810066 0.400890 5.9434 0.818990 0.111623 0.016221
405200 -9280.85097435 1426.53860677 0.391906 5.9434 0.818990 0.111623 -0.033004
405300 -9294.90315037 1431.83180739 0.393360 5.9434 0.818990 0.111623 -0.049805
405400 -9295.44853880 1463.34180892 0.402017 5.9434 0.818990 0.111623 -0.000685
405500 -9321.26762591 1475.97674347 0.405488 5.9571 0.823202 0.108985 -0.072371
405600 -9308.47237552 1427.37608358 0.392136 5.9571 0.823202 0.108985 -0.040097
405700 -9265.88059537 1435.21618709 0.394290 5.9571 0.823202 0.108985 0.039983
405800 -9290.16737240 1489.99261610 0.409339 5.9571 0.823202 0.108985 -0.004916
405900 -9300.29717798 1468.36886397 0.403398 5.9571 0.823202 0.108985 -0.024123
406000 -9281.95301033 1431.22706660 0.393194 5.9555 0.822504 0.111596 0.040828
406100 -9296.61136770 1457.74418054 0.400479 5.9555 0.822504 0.111596 -0.016653
406200 -9297.12514380 1450.01263408 0.398355 5.9555 0.822504 0.111596 -0.003948
406300 -9262.72962830 1448.80141653 0.398022 5.9555 0.822504 0.111596 0.062960
406400 -9279.40509205 1490.07031979 0.409360 5.9555 0.822504 0.111596 0.006896
406500 -9298.57864193 1509.44493683 0.414683 5.9560 0.824068 0.109325 -0.045494
406600 -9274.72390219 1460.18671580 0.401150 5.9560 0.824068 0.109325 -0.017814
406700 -9265.32349320 1468.51750246 0.403439 5.9560 0.824068 0.109325 -0.007563
406800 -9249.02833447 1466.53206397 0.402893 5.9560 0.824068 0.109325 0.051111
406900 -9309.79549780 1455.33741723 0.399818 5.9560 0.824068 0.109325 -0.060045
407000 -9275.44137526 1466.11138773 0.402778 5.9533 0.826692 0.110512 0.011580
407100 -9262.81650347 1432.28200511 0.393484 5.9533 0.826692 0.110512 0.037911
407200 -9297.52067264 1476.11657703 0.405527 5.9533 0.826692 0.110512 -0.037003
407300 -9285.54892726 1467.76428427 0.403232 5.9533 0.826692 0.110512 0.003444
407400 -9285.36394592 1474.57791203 0.405104 5.9533 0.826692 0.110512 -0.014010
407500 -9276.43033263 1438.28613043 0.395134 5.9505 0.827580 0.108742 0.001133
407600 -9254.79717134 1468.69489086 0.403488 5.9505 0.827580 0.108742 0.027904
407700 -9277.00597748 1442.85598374 0.396389 5.9505 0.827580 0.108742 -0.048722
407800 -9255.06356170 1474.08216609 0.404968 5.9505 0.827580 0.108742 0.013974
407900 -9276.74443426 1471.65485524 0.404301 5.9505 0.827580 0.108742 -0.018809
408000 -9244.63395285 1455.01838548 0.399730 5.9451 0.817745 0.113638 0.041127
408100 -9239.94815755 1472.78764543 0.404612 5.9451 0.817745 0.113638 0.048452
408200 -9237.21508977 1481.30681083 0.406952 5.9451 0.817745 0.113638 0.022246
408300 -9220.41746406 1454.97173724 0.399718 5.9451 0.817745 0.113638 0.049160
408400 -9217.40859086 1474.07162910 0.404965 5.9451 0.817745 0.113638 0.010925
408500 -9230.60760768 1477.74591304 0.405974 5.9462 0.815087 0.114272 0.038419
408600 -9231.62878857 1469.87655436 0.403812 5.9462 0.815087 0.114272 -0.005639
408700 -9218.59834864 1445.07221859 0.396998 5.9462 0.815087 0.114272 0.007039
408800 -9214.43916635 1420.30748414 0.390194 5.9462 0.815087 0.114272 0.026153
408900 -9262.15599433 1435.61319297 0.394399 5.9462 0.815087 0.114272 -0.042775
409000 -9254.71994870 1430.07953188 0.392879 5.9429 0.819881 0.111678 -0.004368
409100 -9237.65282211 1500.17944154 0.412137 5.9429 0.819881 0.111678 0.053561
409200 -9217.31140140 1457.60438846 0.400441 5.9429 0.819881 0.111678 0.069974
409300 -9236.79500598 1476.22280460 0.405556 5.9429 0.819881 0.111678 0.010318
409400 -9225.15121514 1435.72197254 0.394429 5.9429 0.819881 0.111678 0.017729
409500 -9236.63322871 1438.74206810 0.395259 5.9418 0.813647 0.114096 0.007264
409600 -9239.11194559 1465.97426553 0.402740 5.9418 0.813647 0.114096 -0.000077
409700 -9214.33454179 1427.49711913 0.392170 5.9418 0.813647 0.114096 0.036036
409800 -9254.85539216 1484.30616059 0.407776 5.9418 0.813647 0.114096 -0.005540
409900 -9197.23481591 1459.55735181 0.400977 5.9418 0.813647 0.114096 0.109593
410000 -9231.26352813 1452.16664349 0.398947 5.9253 0.809831 0.115178 -0.011896
410100 -9212.71137955 1461.78718270 0.401590 5.9253 0.809831 0.115178 0.016014
410200 -9208.53072901 1437.09388887 0.394806 5.9253 0.809831 0.115178 0.035708
410300 -9232.57308240 1474.04158045 0.404956 5.9253 0.809831 0.115178 -0.040085
410400 -9224.43529256 1455.38170623 0.399830 5.9253 0.809831 0.115178 -0.036664
410500 -9202.09419920 1453.31202323 0.399262 5.9390 0.814691 0.113344 0.025197
410600 -9238.94016820 1460.03332935 0.401108 5.9390 0.814691 0.113344 -0.036380
410700 -9204.34063933 1459.94472309 0.401084 5.9390 0.814691 0.113344 0.043177
410800 -9173.32334335 1423.56282750 0.391089 5.9390 0.814691 0.113344 0.082076
410900 -9187.72602980 1466.85181065 0.402981 5.9390 0.814691 0.113344 0.064489
411000 -9185.68188935 1471.44814621 0.404244 5.9379 0.802520 0.116389 0.058149
411100 -9169.88444680 1508.05821069 0.414302 5.9379 0.802520 0.116389 0.071315
411200 -9134.46293427 1470.09024197 0.403871 5.9379 0.802520 0.116389 0.095072
411300 -9154.90286417 1490.19719761 0.409395 5.9379 0.802520 0.116389 0.079721
411400 -9212.58576683 1487.72657158 0.408716 5.9379 0.802520 0.116389 -0.048279
411500 -9203.13030208 1431.30225488 0.393215 5.9412 0.811780 0.113432 -0.041582
411600 -9243.42527060 1443.96788337 0.396694 5.9412 0.811780 0.113432 -0.112871
411700 -9217.31021654 1434.57066710 0.394113 5.9412 0.811780 0.113432 -0.033550
411800 -9224.71619894 1458.16457316 0.400595 5.9412 0.811780 0.113432 0.003105
411900 -9245.72012424 1467.19021977 0.403074 5.9412 0.811780 0.113432 -0.040848
412000 -9201.67149301 1447.76392291 0.397737 5.9473 0.809898 0.113819 0.032086
412100 -9251.67871127 1468.56353323 0.403452 5.9473 0.809898 0.113819 -0.059377
412200 -9247.12845865 1433.11203922 0.393712 5.9473 0.809898 0.113819 -0.019209
412300 -9209.69844571 1447.83757547 0.397758 5.9473 0.809898 0.113819 0.058135
412400 -9234.22373658 1469.82377304 0.403798 5.9473 0.809898 0.113819 0.005754
412500 -9232.94892503 1477.13057552 0.405805 5.9379 0.825099 0.111251 -0.000810
412600 -9221.00924843 1436.76237812 0.394715 5.9379 0.825099 0.111251 0.008941
412700 -9221.43042700 1421.33265199 0.390476 5.9379 0.825099 0.111251 0.020920
412800 -9204.06946951 1437.43181074 0.394899 5.9379 0.825099 0.111251 0.063438
412900 -9194.61681221 1441.61073620 0.396047 5.9379 0.825099 0.111251 0.031523
413000 -9212.20254457 1416.81653477 0.389235 5.9385 0.814804 0.112899 0.008967
413100 -9227.83353811 1436.27313213 0.394581 5.9385 0.814804 0.112899 -0.013293
413200 -9213.01417611 1422.89605339 0.390906 5.9385 0.814804 0.112899 -0.003015
413300 -9212.29497073 1423.03701276 0.390944 5.9385 0.814804 0.112899 0.002651
413400 -9220.46880552 1459.80671657 0.401046 5.9385 0.814804 0.112899 -0.018049
413500 -9245.86924277 1453.32974951 0.399266 5.9456 0.821118 0.110614 -0.065534
413600 -9226.21656385 1437.73989908 0.394983 5.9456 0.821118 0.110614 0.024849
413700 -9222.65037306 1442.46687900 0.396282 5.9456 0.821118 0.110614 0.030241
413800 -9246.04883027 1473.77842532 0.404884 5.9456 0.821118 0.110614 -0.003454
413900 -9247.04160841 1477.73608505 0.405971 5.9456 0.821118 0.110614 -0.030081
414000 -9256.75563315 1474.10732008 0.404975 5.9484 0.825236 0.110573 -0.058205
414100 -9233.37256067 1462.37494396 0.401751 5.9484 0.825236 0.110573 0.012750
414200 -9223.22298879 1425.01669296 0.391488 5.9484 0.825236 0.110573 0.029097
414300 -9251.89974705 1449.28501984 0.398155 5.9484 0.825236 0.110573 -0.045555
414400 -9225.66463630 1460.81701701 0.401323 5.9484 0.825236 0.110573 0.027941
414500 -9213.08568465 1448.92441369 0.398056 5.9396 0.818741 0.112829 0.044421
414600 -9217.81286048 1448.36022704 0.397901 5.9396 0.818741 0.112829 0.030993
414700 -9247.81596000 1480.39391602 0.406702 5.9396 0.818741 0.112829 -0.022408
414800 -9239.47280613 1466.06114488 0.402764 5.9396 0.818741 0.112829 -0.049650
414900 -9258.26126312 1422.92154326 0.390913 5.9396 0.818741 0.112829 -0.080233
415000 -9252.98576887 1430.10573439 0.392886 5.9500 0.820988 0.110111 -0.068527
415100 -9237.24352751 1463.75374638 0.402130 5.9500 0.820988 0.110111 0.003951
415200 -9239.91791188 1466.86966187 0.402986 5.9500 0.820988 0.110111 0.002529
415300 -9226.08909344 1433.99514495 0.393955 5.9500 0.820988 0.110111 0.037997
415400 -9208.07394665 1463.80905470 0.402145 5.9500 0.820988 0.110111 0.082574
415500 -9201.29482370 1477.92196611 0.406023 5.9434 0.810731 0.113993 0.057862
415600 -9261.86469893 1498.46272056 0.411666 5.9434 0.810731 0.113993 -0.058586
415700 -9232.56418684 1459.48652802 0.400958 5.9434 0.810731 0.113993 0.006745
415800 -9231.85063210 1434.41601823 0.394070 5.9434 0.810731 0.113993 -0.000152
415900 -9247.93253724 1440.93062450 0.395860 5.9434 0.810731 0.113993 -0.007489
416000 -9225.98844146 1492.79684370 0.410109 5.9440 0.813916 0.112303 0.043676
416100 -9226.99269209 1471.84783339 0.404354 5.9440 0.813916 0.112303 -0.001314
416200 -9230.98620375 1460.63741844 0.401274 5.9440 0.813916 0.112303 -0.020555
416300 -9238.23036221 1444.88926467 0.396948 5.9440 0.813916 0.112303 0.003964
416400 -9272.76114864 1459.76759010 0.401035 5.9440 0.813916 0.112303 -0.062693
416500 -9223.21073882 1457.95672903 0.400538 5.9423 0.812839 0.113988 0.044947
416600 -9230.94599098 1470.66561198 0.404029 5.9423 0.812839 0.113988 0.009620
416700 -9254.07562627 1447.59347078 0.397691 5.9423 0.812839 0.113988 -0.034749
416800 -9258.80480918 1462.52196476 0.401792 5.9423 0.812839 0.113988 -0.019123
416900 -9233.70133448 1415.83020699 0.388964 5.9423 0.812839 0.113988 0.020960
417000 -9225.07903308 1423.80375358 0.391155 5.9352 0.811988 0.114212 0.022693
417100 -9250.27792853 1426.24183127 0.391825 5.9352 0.811988 0.114212 -0.028306
417200 -9215.10286555 1432.94358974 0.393666 5.9352 0.811988 0.114212 0.044130
417300 -9227.97582992 1435.81935855 0.394456 5.9352 0.811988 0.114212 0.019213
417400 -9193.42964483 1441.73869603 0.396082 5.9352 0.811988 0.114212 0.077527
417500 -9228.33465663 1462.04352850 0.401660 5.9500 0.820935 0.110503 -0.024249
417600 -9211.41953885 1503.82331967 0.413138 5.9500 0.820935 0.110503 0.010512
417700 -9221.65502149 1461.69089639 0.401563 5.9500 0.820935 0.110503 0.005040
417800 -9183.53212060 1419.42839247 0.389953 5.9500 0.820935 0.110503 0.051734
417900 -9241.24310671 1453.88864059 0.399420 5.9500 0.820935 0.110503 -0.069547
418000 -9204.50128921 1463.71554797 0.402120 5.9407 0.810613 0.114573 0.024434
418100 -9180.18450887 1440.23106203 0.395668 5.9407 0.810613 0.114573 0.057944
418200 -9206.60597459 1445.83309574 0.397207 5.9407 0.810613 0.114573 0.015420
418300 -9202.45099782 1443.31514880 0.396515 5.9407 0.810613 0.114573 0.017297
418400 -9199.11828383 1445.10806541 0.397008 5.9407 0.810613 0.114573 0.011813
418500 -9186.76794451 1407.43552730 0.386658 5.9346 0.806300 0.116556 0.030509
418600 -9227.22913733 1467.06629547 0.403040 5.9346 0.806300 0.116556 -0.037624
418700 -9213.80114374 1457.47430462 0.400405 5.9346 0.806300 0.116556 -0.018513
418800 -9192.01337803 1429.97205739 0.392849 5.9346 0.806300 0.116556 -0.001666
418900 -9195.73203224 1457.79103574 0.400492 5.9346 0.806300 0.116556 0.007015
419000 -9156.87118552 1430.15488024 0.392900 5.9352 0.807222 0.116656 0.093403
419100 -9158.73592331 1457.56676482 0.400430 5.9352 0.807222 0.116656 0.073159
419200 -9165.27192682 1460.46966001 0.401228 5.9352 0.807222 0.116656 0.032997
419300 -9151.29838390 1442.13290912 0.396190 5.9352 0.807222 0.116656 0.068494
419400 -9164.62492372 1445.98376620 0.397248 5.9352 0.807222 0.116656 0.041228
419500 -9170.76555287 1441.93653372 0.396136 5.9286 0.802259 0.117190 0.029599
419600 -9181.92582718 1414.60499064 0.388628 5.9286 0.802259 0.117190 -0.019037
419700 -9193.49345520 1452.76303471 0.399111 5.9286 0.802259 0.117190 -0.002409
419800 -9146.02689971 1424.30011641 0.391291 5.9286 0.802259 0.117190 0.071931
419900 -9162.77798383 1432.17517644 0.393455 5.9286 0.802259 0.117190 0.017671
420000 -9223.36600440 1467.34205906 0.403116 5.9335 0.815960 0.114838 -0.068660
420100 -9161.00507201 1416.96798524 0.389277 5.9335 0.815960 0.114838 0.039900
420200 -9190.83304863 1452.59324192 0.399064 5.9335 0.815960 0.114838 -0.004451
420300 -9151.30887127 1446.54912540 0.397404 5.9335 0.815960 0.114838 0.087105
420400 -9197.45919924 1468.44263880 0.403418 5.9335 0.815960 0.114838 -0.032233
420500 -9160.01936502 1444.58155953 0.396863 5.9253 0.806091 0.116918 0.071035
420600 -9176.96567626 1431.61492522 0.393301 5.9253 0.806091 0.116918 -0.013413
420700 -9203.61879799 1459.83956421 0.401055 5.9253 0.806091 0.116918 -0.029011
420800 -9160.43215485 1431.72912027 0.393332 5.9253 0.806091 0.116918 0.051669
420900 -9148.99268552 1451.84339811 0.398858 5.9253 0.806091 0.116918 0.049447
421000 -9179.38562589 1491.63281358 0.409789 5.9313 0.808364 0.115148 -0.013153
421100 -9190.44288214 1424.06213906 0.391226 5.9313 0.808364 0.115148 -0.040051
421200 -9186.49660214 1435.30272740 0.394314 5.9313 0.808364 0.115148 0.002700
421300 -9193.55357886 1457.82817287 0.400502 5.9313 0.808364 0.115148 -0.015289
421400 -9182.08847123 1446.67425857 0.397438 5.9313 0.808364 0.115148 0.012398
421500 -9167.69448742 1451.05357063 0.398641 5.9187 0.799153 0.118199 0.036394
421600 -9210.19754364 1414.38803373 0.388568 5.9187 0.799153 0.118199 -0.035514
421700 -9201.28471944 1432.69857644 0.393599 5.9187 0.799153 0.118199 -0.003577
421800 -9190.99994472 1442.38811077 0.396260 5.9187 0.799153 0.118199 -0.027899
421900 -9190.10626611 1419.18375687 0.389886 5.9187 0.799153 0.118199 -0.012190
422000 -9183.91278920 1419.05287914 0.389850 5.9176 0.802351 0.118823 0.018142
422100 -9136.28439000 1445.18904753 0.397030 5.9176 0.802351 0.118823 0.113169
422200 -9186.90108312 1456.60007226 0.400165 5.9176 0.802351 0.118823 0.000357
422300 -9187.08123965 1445.98079144 0.397247 5.9176 0.802351 0.118823 -0.016009
422400 -9172.88537838 1498.87412684 0.411779 5.9176 0.802351 0.118823 0.023694
422500 -9139.49153545 1501.08542271 0.412386 5.9269 0.806145 0.117868 0.078515
422600 -9164.70406006 1496.32006395 0.411077 5.9269 0.806145 0.117868 0.015599
422700 -9159.67282422 1430.43842993 0.392978 5.9269 0.806145 0.117868 0.006312
422800 -9147.42825391 1437.20264675 0.394836 5.9269 0.806145 0.117868 -0.017097
422900 -9158.18592725 1434.25638016 0.394026 5.9269 0.806145 0.117868 -0.011240
423000 -9184.82361231 1457.02408642 0.400281 5.9280 0.815486 0.116269 -0.050068
423100 -9192.59257213 1435.69108959 0.394421 5.9280 0.815486 0.116269 -0.042262
423200 -9207.92653440 1415.68019630 0.388923 5.9280 0.815486 0.116269 -0.076373
423300 -9201.23418006 1438.53069254 0.395201 5.9280 0.815486 0.116269 -0.047822
423400 -9206.92184447 1455.48404667 0.399858 5.9280 0.815486 0.116269 0.006814
423500 -9215.46903407 1473.54631131 0.404820 5.9286 0.808395 0.115800 -0.023880
423600 -9193.80748820 1440.11279490 0.395635 5.9286 0.808395 0.115800 0.009226
423700 -9174.33771879 1410.98049401 0.387632 5.9286 0.808395 0.115800 0.064217
423800 -9209.62865776 1439.81887909 0.395555 5.9286 0.808395 0.115800 -0.020231
423900 -9191.22310621 1481.56692835 0.407024 5.9286 0.808395 0.115800 0.020719
424000 -9182.13554980 1494.50339059 0.410578 5.9225 0.812642 0.115230 0.027021
424100 -9192.31525281 1474.95368727 0.405207 5.9225 0.812642 0.115230 -0.004873
424200 -9179.72580767 1470.56470891 0.404001 5.9225 0.812642 0.115230 0.011271
424300 -9169.08977314 1457.37806967 0.400379 5.9225 0.812642 0.115230 0.008487
424400 -9172.30308726 1498.37119540 0.411640 5.9225 0.812642 0.115230 0.005961
424500 -9163.41273247 1464.28875513 0.402277 5.9176 0.807008 0.116890 0.013274
424600 -9156.78905655 1485.27944777 0.408044 5.9176 0.807008 0.116890 0.007280
424700 -9176.17536926 1473.48874920 0.404805 5.9176 0.807008 0.116890 -0.062698
424800 -9143.22807120 1462.05006642 0.401662 5.9176 0.807008 0.116890 -0.004932
424900 -9142.46215465 1472.26843194 0.404469 5.9176 0.807008 0.116890 0.004680
425000 -9141.03172223 1464.96573062 0.402463 5.9220 0.803679 0.116924 0.009087
425100 -9153.59108605 1452.27860800 0.398978 5.9220 0.803679 0.116924 0.005555
425200 -9132.23271774 1450.12380263 0.398386 5.9220 0.803679 0.116924 0.045726
425300 -9148.58642599 1510.55915664 0.414989 5.9220 0.803679 0.116924 0.023886
425400 -9158.20044542 1455.37009020 0.399827 5.9220 0.803679 0.116924 -0.015563
425500 -9174.55662564 1416.53217820 0.389157 5.9137 0.807035 0.117759 -0.074212
425600 -9158.83270076 1430.50744430 0.392997 5.9137 0.807035 0.117759 -0.016576
425700 -9185.00546958 1450.17429777 0.398400 5.9137 0.807035 0.117759 -0.036853
425800 -9150.08235048 1426.69145568 0.391948 5.9137 0.807035 0.117759 0.018878
425900 -9131.89577239 1422.77816578 0.390873 5.9137 0.807035 0.117759 0.056408
426000 -9177.45105771 1438.46303324 0.395182 5.9192 0.806799 0.118317 -0.062301
426100 -9158.48762852 1414.14137427 0.388500 5.9192 0.806799 0.118317 0.018773
426200 -9159.56438742 1412.74170607 0.388116 5.9192 0.806799 0.118317 0.033181
426300 -9145.98232280 1408.72176670 0.387011 5.9192 0.806799 0.118317 -0.004378
426400 -9160.60195095 1436.17095230 0.394552 5.9192 0.806799 0.118317 -0.026297
426500 -9148.86195019 1447.58148783 0.397687 5.9198 0.804010 0.118841 -0.036932
426600 -9141.39902327 1470.32577137 0.403936 5.9198 0.804010 0.118841 0.001627
426700 -9108.47863687 1458.05044879 0.400563 5.9198 0.804010 0.118841 0.045687
426800 -9088.55256988 1444.87966473 0.396945 5.9198 0.804010 0.118841 0.060505
426900 -9102.94495451 1444.41485098 0.396817 5.9198 0.804010 0.118841 0.037649
427000 -9141.50607258 1462.24111848 0.401715 5.9159 0.803655 0.118962 -0.046109
427100 -9149.35421031 1496.73614111 0.411191 5.9159 0.803655 0.118962 -0.017609
427200 -9097.51584201 1473.75528952 0.404878 5.9159 0.803655 0.118962 0.066925
427300 -9089.87126943 1500.15377271 0.412130 5.9159 0.803655 0.118962 0.060290
427400 -9081.25671681 1481.49544712 0.407004 5.9159 0.803655 0.118962 0.045278
427500 -9101.83970812 1472.52803400 0.404541 5.8984 0.789471 0.123044 -0.007941
427600 -9146.00019040 1492.34720604 0.409985 5.8984 0.789471 0.123044 -0.086312
427700 -9089.61660092 1446.55541311 0.397405 5.8984 0.789471 0.123044 0.019507
427800 -9113.44295407 1456.75947705 0.400209 5.8984 0.789471 0.123044 -0.015508
427900 -9117.81935556 1474.17278548 0.404993 5.8984 0.789471 0.123044 -0.033383
428000 -9109.27041085 1444.21287897 0.396762 5.9011 0.801778 0.122052 -0.007514
428100 -9156.13707617 1431.40286739 0.393243 5.9011 0.801778 0.122052 -0.064384
428200 -9143.87643812 1445.00313838 0.396979 5.9011 0.801778 0.122052 -0.019465
428300 -9141.71576810 1426.94677376 0.392018 5.9011 0.801778 0.122052 -0.026086
428400 -9124.89877511 1431.96618266 0.393397 5.9011 0.801778 0.122052 0.014254
428500 -9115.20189687 1430.78965712 0.393074 5.9011 0.798427 0.121046 0.029779
428600 -9132.13579426 1442.31239042 0.396240 5.9011 0.798427 0.121046 0.007185
428700 -9146.74554993 1448.51530801 0.397944 5.9011 0.798427 0.121046 -0.024536
428800 -9122.75540846 1424.60542587 0.391375 5.9011 0.798427 0.121046 -0.005040
428900 -9148.94813716 1431.63971725 0.393308 5.9011 0.798427 0.121046 -0.025654
429000 -9173.42622832 1419.83551116 0.390065 5.8967 0.809577 0.119406 -0.068775
429100 -9195.62424839 1430.33579013 0.392949 5.8967 0.809577 0.119406 -0.101765
429200 -9188.74548032 1422.08678118 0.390683 5.8967 0.809577 0.119406 -0.071389
429300 -9180.25495051 1437.63671608 0.394955 5.8967 0.809577 0.119406 -0.049123
429400 -9159.26943346 1449.62929704 0.398250 5.8967 0.809577 0.119406 0.003532
429500 -9131.17586398 1460.24840527 0.401167 5.8890 0.801633 0.123711 0.053830
429600 -9101.41510284 1469.80399080 0.403792 5.8890 0.801633 0.123711 0.083835
429700 -9128.02333321 1479.03023331 0.406327 5.8890 0.801633 0.123711 -0.003812
429800 -9115.49370507 1449.02966928 0.398085 5.8890 0.801633 0.123711 0.016237
429900 -9100.67428594 1445.23495099 0.397043 5.8890 0.801633 0.123711 0.027465
430000 -9085.10969880 1458.34223913 0.400643 5.8934 0.796758 0.123836 0.072379
430100 -9104.27120452 1483.78955400 0.407634 5.8934 0.796758 0.123836 0.034995
430200 -9094.90678367 1475.09596959 0.405246 5.8934 0.796758 0.123836 0.038029
430300 -9112.29675204 1426.11726277 0.391790 5.8934 0.796758 0.123836 0.020741
430400 -9096.57892809 1417.39322421 0.389394 5.8934 0.796758 0.123836 0.029203
430500 -9088.22269914 1439.87534847 0.395570 5.8956 0.797603 0.120954 0.054861
430600 -9086.40408223 1436.95710497 0.394768 5.8956 0.797603 0.120954 0.030347
430700 -9115.60011444 1470.55504558 0.403999 5.8956 0.797603 0.120954 -0.013896
430800 -9155.00286438 1463.69761843 0.402115 5.8956 0.797603 0.120954 -0.096092
430900 -9119.83230483 1468.37961599 0.403401 5.8956 0.797603 0.120954 -0.039588
431000 -9079.46001119 1434.80398292 0.394177 5.8967 0.797101 0.122289 0.047782
431100 -9075.32950276 1456.08700767 0.400024 5.8967 0.797101 0.122289 0.025132
431200 -9098.47650186 1455.86451615 0.399963 5.8967 0.797101 0.122289 -0.028306
431300 -9103.34282211 1473.80379264 0.404891 5.8967 0.797101 0.122289 -0.018194
431400 -9084.74588807 1473.88504660 0.404913 5.8967 0.797101 0.122289 -0.026008
431500 -9094.83183186 1452.60621179 0.399068 5.8962 0.796540 0.122093 0.005015
431600 -9070.26610364 1446.44773348 0.397376 5.8962 0.796540 0.122093 0.029462
431700 -9073.32650459 1480.56265943 0.406748 5.8962 0.796540 0.122093 -0.006504
431800 -9068.39157912 1443.74641799 0.396634 5.8962 0.796540 0.122093 0.012332
431900 -9104.14308942 1487.46283907 0.408644 5.8962 0.796540 0.122093 -0.050254
432000 -9089.54074628 1494.37342113 0.410542 5.9055 0.797803 0.122340 0.000416
432100 -9061.87803656 1419.23751581 0.389900 5.9055 0.797803 0.122340 0.039943
432200 -9086.96672380 1474.09192701 0.404970 5.9055 0.797803 0.122340 -0.008924
432300 -9051.71685268 1462.74679836 0.401854 5.9055 0.797803 0.122340 0.032479
432400 -9051.08789272 1423.09284837 0.390960 5.9055 0.797803 0.122340 0.034635
432500 -9090.69672191 1441.08249113 0.395902 5.9038 0.792740 0.123086 -0.089682
432600 -9105.37862544 1419.90994804 0.390085 5.9038 0.792740 0.123086 -0.056922
432700 -9091.89893680 1427.99393651 0.392306 5.9038 0.792740 0.123086 -0.022589
432800 -9111.08865896 1454.62692493 0.399623 5.9038 0.792740 0.123086 -0.045613
432900 -9087.42714279 1424.66729324 0.391392 5.9038 0.792740 0.123086 0.017007
433000 -9123.33928073 1435.79029373 0.394448 5.8962 0.804020 0.120908 -0.049246
433100 -9113.36964524 1435.28756773 0.394310 5.8962 0.804020 0.120908 -0.000149
433200 -9097.98840677 1443.06822215 0.396447 5.8962 0.804020 0.120908 0.000194
433300 -9080.32080335 1398.81181048 0.384289 5.8962 0.804020 0.120908 0.036146
433400 -9090.97830226 1419.92343292 0.390089 5.8962 0.804020 0.120908 -0.018307
433500 -9079.70552409 1427.60594473 0.392199 5.9000 0.796457 0.123035 0.022534
433600 -9107.43142935 1456.41226819 0.400113 5.9000 0.796457 0.123035 0.002609
433700 -9059.35091478 1490.76809485 0.409552 5.9000 0.796457 0.123035 0.080953
433800 -9052.32955911 1474.09406887 0.404971 5.9000 0.796457 0.123035 0.060495
433900 -9067.25892226 1458.95819454 0.400813 5.9000 0.796457 0.123035 -0.020712
434000 -9065.76374023 1456.00823494 0.400002 5.9099 0.786760 0.123874 0.006632
434100 -9013.14365097 1464.06485749 0.402216 5.9099 0.786760 0.123874 0.088979
434200 -9069.21715972 1478.20354806 0.406100 5.9099 0.786760 0.123874 -0.004799
434300 -9068.65434749 1442.34245481 0.396248 5.9099 0.786760 0.123874 -0.014640
434400 -9035.22747805 1418.64422130 0.389737 5.9099 0.786760 0.123874 0.025209
434500 -9064.77385353 1437.43524516 0.394900 5.9000 0.788563 0.121345 0.031013
434600 -9053.89736255 1417.20387165 0.389342 5.9000 0.788563 0.121345 0.020271
434700 -9073.87183647 1483.68277175 0.407605 5.9000 0.788563 0.121345 0.011071
434800 -9045.53141635 1454.55245943 0.399602 5.9000 0.788563 0.121345 0.058917
434900 -9041.48692531 1447.92852460 0.397783 5.9000 0.788563 0.121345 0.036709
435000 -9072.05923813 1492.34411388 0.409985 5.8868 0.791243 0.123883 -0.035926
435100 -9013.50810780 1448.01180200 0.397805 5.8868 0.791243 0.123883 0.059196
435200 -9050.90599111 1500.05123558 0.412102 5.8868 0.791243 0.123883 -0.017697
435300 -9009.01946539 1450.71455208 0.398548 5.8868 0.791243 0.123883 0.042256
435400 -9036.11983293 1463.81065424 0.402146 5.8868 0.791243 0.123883 0.028892
435500 -9035.67735035 1461.21893205 0.401434 5.8967 0.785853 0.127274 -0.014290
435600 -8989.44667083 1494.29712144 0.410521 5.8967 0.785853 0.127274 0.104470
435700 -9021.06511593 1529.22273476 0.420116 5.8967 0.785853 0.127274 -0.020140
435800 -8981.00850029 1456.53005177 0.400146 5.8967 0.785853 0.127274 0.061826
435900 -8970.42161303 1445.53434254 0.397125 5.8967 0.785853 0.127274 0.053666
436000 -9009.81432792 1466.46309226 0.402874 5.8819 0.782735 0.126642 -0.023469
436100 -9001.70577131 1428.92695137 0.392562 5.8819 0.782735 0.126642 -0.004579
436200 -9034.73511532 1407.24964587 0.386607 5.8819 0.782735 0.126642 -0.074868
436300 -9045.42739181 1439.78623328 0.395546 5.8819 0.782735 0.126642 -0.071250
436400 -9018.62981795 1452.29631187 0.398983 5.8819 0.782735 0.126642 -0.002094
436500 -9019.08840656 1454.88254608 0.399693 5.8868 0.782613 0.127207 -0.001911
436600 -9001.73148137 1461.77359780 0.401586 5.8868 0.782613 0.127207 0.036552
436700 -8965.43324410 1440.74046628 0.395808 5.8868 0.782613 0.127207 0.088452
436800 -9019.06718995 1439.94023627 0.395588 5.8868 0.782613 0.127207 -0.002331
436900 -9000.52593855 1425.74523982 0.391688 5.8868 0.782613 0.127207 -0.013164
437000 -8998.61281406 1428.96858693 0.392574 5.8852 0.785070 0.127520 0.016770
437100 -8989.81604614 1462.69323932 0.401839 5.8852 0.785070 0.127520 0.057838
437200 -9036.36405325 1465.36068476 0.402572 5.8852 0.785070 0.127520 -0.064629
437300 -9006.97109860 1443.72177716 0.396627 5.8852 0.785070 0.127520 0.003980
437400 -9017.12562500 1448.48027517 0.397934 5.8852 0.785070 0.127520 0.002668
437500 -9022.69248452 1446.15545030 0.397295 5.8989 0.779895 0.125484 -0.041947
437600 -8991.04648885 1500.61896396 0.412258 5.8989 0.779895 0.125484 0.032615
437700 -8977.94725028 1452.51418562 0.399042 5.8989 0.779895 0.125484 0.052132
437800 -8992.62988868 1454.88385127 0.399693 5.8989 0.779895 0.125484 0.021121
437900 -9003.02251252 1513.72091051 0.415857 5.8989 0.779895 0.125484 -0.039830
438000 -8954.69837489 1490.95339806 0.409603 5.8907 0.779319 0.129635 0.072917
438100 -8956.91505199 1438.25144637 0.395124 5.8907 0.779319 0.129635 0.100597
438200 -9012.44960807 1438.11885690 0.395088 5.8907 0.779319 0.129635 -0.041467
438300 -8987.79679585 1423.01721015 0.390939 5.8907 0.779319 0.129635 0.030307
438400 -8994.05442222 1456.57078805 0.400157 5.8907 0.779319 0.129635 0.018476
438500 -9002.89039419 1468.94925637 0.403557 5.8890 0.783649 0.129134 -0.050741
438600 -9013.15550899 1450.59964107 0.398516 5.8890 0.783649 0.129134 -0.045224
438700 -9010.38677669 1421.42734758 0.390502 5.8890 0.783649 0.129134 -0.085577
438800 -9020.04045870 1500.67676258 0.412274 5.8890 0.783649 0.129134 -0.031023
438900 -8985.57042530 1471.66750398 0.404304 5.8890 0.783649 0.129134 0.008288
439000 -9012.19272559 1485.39972396 0.408077 5.8731 0.787100 0.127390 -0.010663
439100 -8968.84494610 1441.26091329 0.395951 5.8731 0.787100 0.127390 0.043056
439200 -8978.49197577 1457.90473834 0.400523 5.8731 0.787100 0.127390 0.036102
439300 -9024.63004357 1474.15664113 0.404988 5.8731 0.787100 0.127390 -0.061294
439400 -8996.35030091 1482.75386298 0.407350 5.8731 0.787100 0.127390 0.002765
439500 -8975.70977806 1457.63260211 0.400449 5.8824 0.782381 0.128040 0.039438
439600 -8982.00654899 1462.56244378 0.401803 5.8824 0.782381 0.128040 0.034522
439700 -8981.10139066 1452.92288345 0.399155 5.8824 0.782381 0.128040 0.003319
439800 -9022.03089660 1478.29054170 0.406124 5.8824 0.782381 0.128040 -0.078114
439900 -8970.28616753 1430.40937990 0.392970 5.8824 0.782381 0.128040 0.062180
440000 -9007.61041285 1448.32702861 0.397892 5.8907 0.791529 0.124977 -0.037005
440100 -9012.52770297 1444.45752291 0.396829 5.8907 0.791529 0.124977 -0.013857
440200 -9015.39164473 1455.45598881 0.399851 5.8907 0.791529 0.124977 -0.025774
440300 -9028.62020730 1448.34736895 0.397898 5.8907 0.791529 0.124977 -0.038784
440400 -9029.67726391 1432.57380095 0.393564 5.8907 0.791529 0.124977 -0.005755
440500 -9017.23903861 1469.39808811 0.403681 5.8846 0.787422 0.125273 0.053198
440600 -8995.10276587 1413.34794162 0.388282 5.8846 0.787422 0.125273 0.103011
440700 -8993.28194020 1445.41240444 0.397091 5.8846 0.787422 0.125273 0.067390
440800 -9008.37941363 1469.62242285 0.403742 5.8846 0.787422 0.125273 0.019306
440900 -9022.36354267 1507.66397828 0.414193 5.8846 0.787422 0.125273 -0.047100
441000 -8945.41831493 1429.53877113 0.392730 5.8830 0.770269 0.130132 0.075637
441100 -9015.00642349 1462.77410750 0.401861 5.8830 0.770269 0.130132 -0.054193
441200 -8975.36336700 1420.90104948 0.390357 5.8830 0.770269 0.130132 0.002405
441300 -8999.29876212 1455.25731533 0.399796 5.8830 0.770269 0.130132 -0.024629
441400 -9000.42488339 1443.55976480 0.396582 5.8830 0.770269 0.130132 0.004555
441500 -8994.46215089 1449.96073456 0.398341 5.8764 0.781911 0.127335 0.029893
441600 -9011.64434055 1450.07555308 0.398372 5.8764 0.781911 0.127335 -0.000851
441700 -9018.93455235 1449.94489404 0.398337 5.8764 0.781911 0.127335 -0.024701
441800 -9029.05382896 1451.31142190 0.398712 5.8764 0.781911 0.127335 -0.042219
441900 -9003.96744145 1421.50919897 0.390525 5.8764 0.781911 0.127335 0.062856
442000 -9010.74807211 1413.32962441 0.388277 5.8797 0.777586 0.129155 -0.019830
442100 -9029.72973897 1385.78862166 0.380711 5.8797 0.777586 0.129155 -0.017502
442200 -9014.07667154 1431.14932983 0.393173 5.8797 0.777586 0.129155 0.026547
442300 -9033.14206572 1480.23182320 0.406657 5.8797 0.777586 0.129155 0.000677
442400 -9016.19943113 1451.84179734 0.398858 5.8797 0.777586 0.129155 0.015447
442500 -9007.20937889 1452.72663737 0.399101 5.8764 0.784864 0.127332 0.033520
442600 -9015.69763968 1466.39453830 0.402856 5.8764 0.784864 0.127332 0.024390
442700 -9032.68535455 1473.79951542 0.404890 5.8764 0.784864 0.127332 -0.000455
442800 -9021.60740977 1449.30899225 0.398162 5.8764 0.784864 0.127332 0.040393
442900 -9014.22298539 1440.77712376 0.395818 5.8764 0.784864 0.127332 0.010128
443000 -8998.42178772 1481.73489667 0.407070 5.8698 0.775309 0.128025 0.064337
443100 -8986.74025944 1456.23854129 0.400066 5.8698 0.775309 0.128025 0.023411
443200 -8959.20496399 1445.06623913 0.396996 5.8698 0.775309 0.128025 0.045693
443300 -8954.12012105 1494.34412897 0.410534 5.8698 0.775309 0.128025 0.076599
443400 -8970.81702715 1444.67189766 0.396888 5.8698 0.775309 0.128025 0.003161
443500 -8997.25072713 1454.97749019 0.399719 5.8830 0.783177 0.127226 -0.041762
443600 -8980.68316670 1476.07166786 0.405514 5.8830 0.783177 0.127226 0.040940
443700 -8962.06963478 1439.92748170 0.395584 5.8830 0.783177 0.127226 0.056251
443800 -8978.47346243 1467.93886481 0.403280 5.8830 0.783177 0.127226 0.014408
443900 -8998.69703188 1465.52513656 0.402617 5.8830 0.783177 0.127226 -0.038403
444000 -8974.65560104 1449.89087324 0.398322 5.8731 0.781059 0.129293 0.027355
444100 -8960.30529967 1445.17879726 0.397027 5.8731 0.781059 0.129293 0.021861
444200 -8981.04379840 1459.61906379 0.400994 5.8731 0.781059 0.129293 0.011571
444300 -8983.40807773 1471.50501160 0.404260 5.8731 0.781059 0.129293 -0.008334
444400 -8975.73161155 1434.99751874 0.394230 5.8731 0.781059 0.129293 -0.004569
444500 -8987.89980930 1456.72994844 0.400201 5.8610 0.777177 0.129850 -0.019035
444600 -8953.61624342 1436.14550181 0.394545 5.8610 0.777177 0.129850 0.035914
444700 -8991.06366268 1481.13151535 0.406904 5.8610 0.777177 0.129850 0.010921
444800 -8958.30552336 1466.18865533 0.402799 5.8610 0.777177 0.129850 0.026868
444900 -8929.74369617 1425.67205506 0.391668 5.8610 0.777177 0.129850 0.053048
445000 -9004.10333168 1462.68745518 0.401837 5.8610 0.784599 0.127492 -0.060552
445100 -8965.47024845 1415.36495177 0.388837 5.8610 0.784599 0.127492 0.031429
445200 -8989.40817769 1447.53997919 0.397676 5.8610 0.784599 0.127492 -0.008298
445300 -8952.57395079 1431.66330300 0.393314 5.8610 0.784599 0.127492 0.071976
445400 -8936.69043234 1410.74541465 0.387567 5.8610 0.784599 0.127492 0.083612
445500 -8967.81154318 1460.68621320 0.401287 5.8390 0.779233 0.132402 0.023298
445600 -8965.20088398 1462.61997273 0.401819 5.8390 0.779233 0.132402 -0.034473
445700 -8936.38703409 1457.62620819 0.400447 5.8390 0.779233 0.132402 0.018181
445800 -8927.87147664 1466.52552554 0.402892 5.8390 0.779233 0.132402 0.007344
445900 -8943.48968919 1432.11859173 0.393439 5.8390 0.779233 0.132402 -0.005137
446000 -8926.65660674 1423.68545413 0.391122 5.8451 0.770040 0.132353 0.053574
446100 -8916.36583029 1461.13887309 0.401412 5.8451 0.770040 0.132353 0.066356
446200 -8947.10645512 1458.54231128 0.400698 5.8451 0.770040 0.132353 0.000517
446300 -8920.22698579 1479.62992649 0.406492 5.8451 0.770040 0.132353 0.024996
446400 -8884.88605664 1490.17540169 0.409389 5.8451 0.770040 0.132353 0.090987
446500 -8875.93753831 1441.10255851 0.395907 5.8302 0.759450 0.137158 0.068569
446600 -8855.09133190 1459.54719741 0.400975 5.8302 0.759450 0.137158 0.089604
446700 -8847.35742277 1448.43600158 0.397922 5.8302 0.759450 0.137158 0.066103
446800 -8864.33292910 1514.69306460 0.416124 5.8302 0.759450 0.137158 0.028321
446900 -8866.99185326 1456.18297700 0.400050 5.8302 0.759450 0.137158 -0.005869
447000 -8862.51078615 1437.76188928 0.394990 5.8390 0.761258 0.137151 0.012603
447100 -8905.10943586 1435.02402443 0.394237 5.8390 0.761258 0.137151 -0.044897
447200 -8898.64600308 1437.96735310 0.395046 5.8390 0.761258 0.137151 -0.059409
447300 -8886.27508396 1488.95709567 0.409054 5.8390 0.761258 0.137151 -0.005573
447400 -8886.00058009 1474.19460851 0.404999 5.8390 0.761258 0.137151 0.020397
447500 -8897.53065460 1461.15526484 0.401416 5.8374 0.764364 0.135660 -0.010038
447600 -8896.28561757 1442.03584783 0.396164 5.8374 0.764364 0.135660 -0.029823
447700 -8876.75570162 1417.88947502 0.389530 5.8374 0.764364 0.135660 0.005701
447800 -8899.20547074 1444.22479342 0.396765 5.8374 0.764364 0.135660 -0.074845
447900 -8894.69132609 1455.84333300 0.399957 5.8374 0.764364 0.135660 -0.019297
448000 -8877.67804753 1424.96224018 0.391473 5.8324 0.764613 0.136120 -0.013237
448100 -8886.94724405 1423.45608226 0.391059 5.8324 0.764613 0.136120 0.000754
448200 -8886.18166928 1427.40203019 0.392143 5.8324 0.764613 0.136120 0.016053
448300 -8904.00796745 1419.08581695 0.389859 5.8324 0.764613 0.136120 -0.039604
448400 -8886.94799245 1455.17235570 0.399773 5.8324 0.764613 0.136120 -0.022578
448500 -8881.04183695 1435.52915353 0.394376 5.8429 0.759820 0.137946 -0.010102
448600 -8881.65085314 1444.64181404 0.396880 5.8429 0.759820 0.137946 -0.007255
448700 -8862.69892118 1429.99351705 0.392855 5.8429 0.759820 0.137946 0.037754
448800 -8869.71013206 1446.60090559 0.397418 5.8429 0.759820 0.137946 -0.023738
448900 -8843.20776554 1440.23878940 0.395670 5.8429 0.759820 0.137946 0.074846
449000 -8855.19375315 1426.01191415 0.391762 5.8247 0.758121 0.140998 0.019684
449100 -8856.68348901 1441.39288996 0.395987 5.8247 0.758121 0.140998 0.027201
449200 -8866.99554155 1440.00540456 0.395606 5.8247 0.758121 0.140998 0.003231
449300 -8861.74529879 1462.91781553 0.401900 5.8247 0.758121 0.140998 0.049733
449400 -8835.88608815 1430.10264437 0.392885 5.8247 0.758121 0.140998 0.044005
449500 -8843.33416457 1433.64360389 0.393858 5.8319 0.762011 0.138510 0.017114
449600 -8861.11202800 1463.18146035 0.401973 5.8319 0.762011 0.138510 0.017918
449700 -8828.69947182 1439.31837080 0.395417 5.8319 0.762011 0.138510 0.048455
449800 -8815.03662886 1463.34347731 0.402017 5.8319 0.762011 0.138510 0.031354
449900 -8801.96446519 1436.38122898 0.394610 5.8319 0.762011 0.138510 0.037420
450000 -8793.65408661 1493.18908866 0.410217 5.8225 0.750455 0.141363 0.056984
450100 -8827.35522426 1448.28505444 0.397881 5.8225 0.750455 0.141363 -0.036006
450200 -8793.54600056 1451.05593370 0.398642 5.8225 0.750455 0.141363 0.082063
450300 -8836.05121378 1446.69940188 0.397445 5.8225 0.750455 0.141363 -0.022823
450400 -8824.65028205 1432.01416107 0.393410 5.8225 0.750455 0.141363 -0.004719
450500 -8836.91121565 1437.25589875 0.394851 5.8335 0.758904 0.136881 -0.036289
450600 -8801.13473191 1486.29909942 0.408324 5.8335 0.758904 0.136881 0.044304
450700 -8792.96376465 1426.45632784 0.391884 5.8335 0.758904 0.136881 0.040422
450800 -8861.88938072 1450.82086717 0.398577 5.8335 0.758904 0.136881 -0.097145
450900 -8821.60903308 1447.22668841 0.397590 5.8335 0.758904 0.136881 0.043742
451000 -8790.15077215 1459.34942332 0.400920 5.8225 0.745279 0.142753 0.038452
451100 -8806.28147460 1457.99386024 0.400548 5.8225 0.745279 0.142753 0.021703
451200 -8785.63641476 1451.85862008 0.398862 5.8225 0.745279 0.142753 0.039957
451300 -8823.11232486 1464.91534492 0.402449 5.8225 0.745279 0.142753 -0.029782
451400 -8809.75644682 1439.94381798 0.395589 5.8225 0.745279 0.142753 -0.007273
451500 -8774.60883079 1434.78178419 0.394171 5.8203 0.736207 0.144552 0.041646
451600 -8759.78026760 1457.39853067 0.400384 5.8203 0.736207 0.144552 0.064455
451700 -8782.67940672 1482.20801500 0.407200 5.8203 0.736207 0.144552 -0.000093
451800 -8788.60383854 1444.71564345 0.396900 5.8203 0.736207 0.144552 -0.022037
451900 -8777.98305223 1467.61053575 0.403190 5.8203 0.736207 0.144552 0.002185
452000 -8782.59117032 1441.42254759 0.395995 5.7945 0.748736 0.146289 0.000928
452100 -8787.75139731 1496.61823005 0.411159 5.7945 0.748736 0.146289 -0.042918
452200 -8745.82977233 1435.10081155 0.394258 5.7945 0.748736 0.146289 0.016438
452300 -8751.66763178 1437.11142133 0.394811 5.7945 0.748736 0.146289 0.030954
452400 -8761.19581123 1436.46067923 0.394632 5.7945 0.748736 0.146289 -0.004075
452500 -8756.03459651 1456.22157117 0.400061 5.7907 0.739036 0.146030 0.026858
452600 -8738.16643363 1445.65924164 0.397159 5.7907 0.739036 0.146030 0.050719
452700 -8746.32989719 1446.02794678 0.397260 5.7907 0.739036 0.146030 0.035607
452800 -8713.51833529 1410.81095882 0.387585 5.7907 0.739036 0.146030 0.067422
452900 -8715.46672329 1426.95953438 0.392022 5.7907 0.739036 0.146030 0.046142
453000 -8721.24472038 1452.87659141 0.399142 5.8143 0.732284 0.143994 0.018523
453100 -8721.50448711 1462.03340764 0.401658 5.8143 0.732284 0.143994 -0.023108
453200 -8721.38811677 1475.76588870 0.405430 5.8143 0.732284 0.143994 0.017225
453300 -8696.72106489 1449.48954809 0.398211 5.8143 0.732284 0.143994 0.032037
453400 -8706.90954494 1466.62791314 0.402920 5.8143 0.732284 0.143994 0.014906
453500 -8695.68204977 1461.12527899 0.401408 5.7989 0.727700 0.149777 0.038640
453600 -8717.08653347 1435.74907092 0.394437 5.7989 0.727700 0.149777 -0.005254
453700 -8715.67446709 1459.78474722 0.401040 5.7989 0.727700 0.149777 0.006333
453800 -8686.73572125 1472.66665249 0.404579 5.7989 0.727700 0.149777 0.063998
453900 -8702.84701836 1482.26500882 0.407216 5.7989 0.727700 0.149777 0.004832
454000 -8702.11039362 1462.05058173 0.401662 5.7923 0.731035 0.148994 -0.020491
454100 -8663.09266651 1463.78736716 0.402139 5.7923 0.731035 0.148994 0.076295
454200 -8665.75414639 1480.30845405 0.406678 5.7923 0.731035 0.148994 0.058371
454300 -8629.32374988 1475.76266866 0.405429 5.7923 0.731035 0.148994 0.124390
454400 -8630.16827356 1468.89562415 0.403543 5.7923 0.731035 0.148994 0.102698
454500 -8632.91610772 1492.35654362 0.409988 5.7747 0.716337 0.152231 0.088392
454600 -8675.87003512 1476.56015522 0.405648 5.7747 0.716337 0.152231 -0.049618
454700 -8639.55691673 1422.29084416 0.390739 5.7747 0.716337 0.152231 0.006465
454800 -8627.61636918 1440.69836179 0.395796 5.7747 0.716337 0.152231 0.071483
454900 -8618.84144470 1457.76062317 0.400484 5.7747 0.716337 0.152231 0.086107
455000 -8609.35610797 1414.82946757 0.388689 5.7753 0.717658 0.152728 0.072680
455100 -8636.37658764 1450.87241388 0.398591 5.7753 0.717658 0.152728 0.011064
455200 -8658.45355821 1461.58748932 0.401535 5.7753 0.717658 0.152728 -0.035785
455300 -8643.43032854 1461.33044162 0.401464 5.7753 0.717658 0.152728 0.022266
455400 -8607.70201170 1426.32354024 0.391847 5.7753 0.717658 0.152728 0.044590
455500 -8600.67750711 1452.09103612 0.398926 5.7714 0.723521 0.152496 0.085890
455600 -8606.81246868 1459.58745963 0.400986 5.7714 0.723521 0.152496 0.043839
455700 -8634.90058106 1500.35309584 0.412185 5.7714 0.723521 0.152496 0.019126
455800 -8610.84140486 1514.12606279 0.415969 5.7714 0.723521 0.152496 0.049379
455900 -8610.20291912 1458.23487240 0.400614 5.7714 0.723521 0.152496 -0.009732
456000 -8586.46421870 1505.10597664 0.413491 5.7808 0.714517 0.152008 0.032008
456100 -8600.61291611 1452.42160418 0.399017 5.7808 0.714517 0.152008 0.029159
456200 -8603.52708522 1415.85521063 0.388971 5.7808 0.714517 0.152008 -0.027214
456300 -8618.21036258 1468.87047486 0.403536 5.7808 0.714517 0.152008 -0.032619
456400 -8586.38767838 1479.65974821 0.406500 5.7808 0.714517 0.152008 0.009913
456500 -8602.42490890 1461.29998921 0.401456 5.7846 0.709601 0.150512 0.024206
456600 -8597.75798660 1474.74258024 0.405149 5.7846 0.709601 0.150512 0.054570
456700 -8605.37224498 1490.60097804 0.409506 5.7846 0.709601 0.150512 0.019832
456800 -8576.44608736 1474.38091697 0.405050 5.7846 0.709601 0.150512 0.042066
456900 -8576.63368553 1470.43806452 0.403967 5.7846 0.709601 0.150512 0.060113
457000 -8558.66051217 1419.53514580 0.389982 5.7659 0.716027 0.152920 0.068376
457100 -8588.53903252 1475.38304122 0.405325 5.7659 0.716027 0.152920 0.007474
457200 -8556.12683549 1476.67755388 0.405681 5.7659 0.716027 0.152920 0.084001
457300 -8538.73674296 1491.95293182 0.409877 5.7659 0.716027 0.152920 0.068727
457400 -8541.85329390 1468.72870152 0.403497 5.7659 0.716027 0.152920 0.015929
457500 -8528.94586778 1501.80844459 0.412585 5.7621 0.708596 0.156616 0.016813
457600 -8496.05468999 1460.72989353 0.401299 5.7621 0.708596 0.156616 0.106266
457700 -8555.08338390 1480.28491971 0.406672 5.7621 0.708596 0.156616 -0.079600
457800 -8476.24154908 1469.72977512 0.403772 5.7621 0.708596 0.156616 0.055441
457900 -8499.67490286 1472.58502565 0.404556 5.7621 0.708596 0.156616 0.013476
458000 -8509.91323086 1450.00355562 0.398353 5.7709 0.697980 0.155719 0.020651
458100 -8489.76650098 1452.72034907 0.399099 5.7709 0.697980 0.155719 0.055816
458200 -8447.82828314 1454.89567830 0.399697 5.7709 0.697980 0.155719 0.084576
458300 -8497.70555580 1465.58260095 0.402633 5.7709 0.697980 0.155719 0.011898
458400 -8517.07858450 1440.75377125 0.395811 5.7709 0.697980 0.155719 -0.042193
458500 -8526.45393691 1478.19005007 0.406096 5.7505 0.712929 0.153975 -0.024063
458600 -8519.59700063 1465.26992504 0.402547 5.7505 0.712929 0.153975 -0.033714
458700 -8483.46237035 1443.58051123 0.396588 5.7505 0.712929 0.153975 -0.006777
458800 -8474.70309282 1419.27608211 0.389911 5.7505 0.712929 0.153975 0.022784
458900 -8474.30092905 1423.70214815 0.391127 5.7505 0.712929 0.153975 0.017998
459000 -8518.45013377 1450.32669318 0.398441 5.7456 0.708295 0.157298 -0.086358
459100 -8481.91561181 1449.33720946 0.398170 5.7456 0.708295 0.157298 -0.032343
459200 -8479.39404291 1431.01848494 0.393137 5.7456 0.708295 0.157298 -0.023747
459300 -8467.63884544 1434.21315171 0.394015 5.7456 0.708295 0.157298 0.044579
459400 -8471.85993394 1441.08294024 0.395902 5.7456 0.708295 0.157298 -0.002972
459500 -8499.76407250 1448.21127803 0.397860 5.7500 0.698022 0.158086 -0.013941
459600 -8475.77069210 1463.18731426 0.401975 5.7500 0.698022 0.158086 0.027592
459700 -8473.45060323 1482.20617661 0.407199 5.7500 0.698022 0.158086 0.054574
459800 -8432.26209811 1445.94171126 0.397237 5.7500 0.698022 0.158086 0.111074
459900 -8476.23215929 1468.96489664 0.403562 5.7500 0.698022 0.158086 -0.019681
460000 -8485.68613940 1485.84903709 0.408200 5.7709 0.703736 0.156713 -0.034378
460100 -8429.13586751 1454.28877088 0.399530 5.7709 0.703736 0.156713 0.041998
460200 -8459.32192045 1456.95643351 0.400263 5.7709 0.703736 0.156713 -0.013959
460300 -8454.51138249 1376.26733350 0.378095 5.7709 0.703736 0.156713 -0.018663
460400 -8462.64598991 1486.25181483 0.408311 5.7709 0.703736 0.156713 -0.019941
460500 -8461.60840900 1462.81767237 0.401873 5.7780 0.690104 0.158591 -0.068040
460600 -8476.83405729 1464.16815988 0.402244 5.7780 0.690104 0.158591 -0.053922
460700 -8444.88542629 1437.41086358 0.394893 5.7780 0.690104 0.158591 0.058090
460800 -8462.30678921 1457.15586321 0.400318 5.7780 0.690104 0.158591 0.049756
460900 -8439.10558295 1484.76648429 0.407903 5.7780 0.690104 0.158591 0.074023
461000 -8450.29536605 1463.64843029 0.402101 5.7665 0.689948 0.160809 0.018701
461100 -8452.32779856 1470.93215928 0.404102 5.7665 0.689948 0.160809 0.056503
461200 -8442.11134812 1453.22336860 0.399237 5.7665 0.689948 0.160809 0.033336
461300 -8471.41760232 1455.47677954 0.399856 5.7665 0.689948 0.160809 -0.047656
461400 -8433.27235553 1479.66622192 0.406502 5.7665 0.689948 0.160809 0.056651
461500 -8452.62442442 1477.87888149 0.406011 5.7352 0.694504 0.160031 0.004776
461600 -8417.63249259 1466.73817676 0.402950 5.7352 0.694504 0.160031 0.023800
461700 -8464.50931236 1453.58014707 0.399335 5.7352 0.694504 0.160031 -0.051643
461800 -8450.79952127 1436.77765435 0.394719 5.7352 0.694504 0.160031 -0.006300
461900 -8456.23587225 1436.38499516 0.394611 5.7352 0.694504 0.160031 0.011920
462000 -8444.40965818 1436.52809628 0.394651 5.7390 0.699983 0.159303 0.049477
462100 -8442.83268332 1432.20413006 0.393463 5.7390 0.699983 0.159303 0.062000
462200 -8464.56155898 1444.28359446 0.396781 5.7390 0.699983 0.159303 -0.002840
462300 -8487.64436947 1446.21502618 0.397312 5.7390 0.699983 0.159303 -0.126018
462400 -8450.96835302 1411.54062969 0.387786 5.7390 0.699983 0.159303 -0.022897
462500 -8431.16525401 1431.90298891 0.393380 5.7280 0.701698 0.162522 0.040308
462600 -8467.67678226 1446.34668070 0.397348 5.7280 0.701698 0.162522 -0.039798
462700 -8489.35714257 1476.52829655 0.405640 5.7280 0.701698 0.162522 -0.022898
462800 -8471.00427440 1422.01044018 0.390662 5.7280 0.701698 0.162522 -0.007166
462900 -8481.94112262 1417.13715581 0.389323 5.7280 0.701698 0.162522 0.011707
463000 -8481.95638626 1457.17956885 0.400324 5.7374 0.709584 0.159402 0.012839
463100 -8483.86755914 1460.22885484 0.401162 5.7374 0.709584 0.159402 -0.020411
463200 -8491.89244852 1458.85308092 0.400784 5.7374 0.709584 0.159402 -0.040116
463300 -8461.97708375 1462.18101194 0.401698 5.7374 0.709584 0.159402 0.009337
463400 -8480.06202913 1438.30942170 0.395140 5.7374 0.709584 0.159402 -0.020988
463500 -8429.10622089 1469.62876263 0.403744 5.7341 0.700491 0.162011 0.090928
463600 -8470.73642824 1437.56336694 0.394935 5.7341 0.700491 0.162011 -0.037483
463700 -8466.56893553 1443.32113080 0.396517 5.7341 0.700491 0.162011 -0.023847
463800 -8462.26936757 1448.87409633 0.398042 5.7341 0.700491 0.162011 -0.023275
463900 -8471.93108477 1432.49953987 0.393544 5.7341 0.700491 0.162011 -0.045349
464000 -8423.99936019 1489.40880755 0.409178 5.7538 0.683641 0.161549 0.070555
464100 -8383.92434590 1442.64571247 0.396331 5.7538 0.683641 0.161549 0.077302
464200 -8382.80834627 1444.29398690 0.396784 5.7538 0.683641 0.161549 0.050728
464300 -8393.61887737 1467.95986648 0.403286 5.7538 0.683641 0.161549 0.039833
464400 -8397.93118911 1436.99453523 0.394779 5.7538 0.683641 0.161549 -0.020772
464500 -8373.80223621 1487.91687036 0.408768 5.7352 0.679567 0.166666 0.068617
464600 -8375.22860221 1480.79797271 0.406813 5.7352 0.679567 0.166666 0.046495
464700 -8398.68018259 1501.95060530 0.412624 5.7352 0.679567 0.166666 -0.041187
464800 -8350.45046229 1457.22747890 0.400337 5.7352 0.679567 0.166666 0.007890
464900 -8347.39221404 1484.17953329 0.407742 5.7352 0.679567 0.166666 0.067944
465000 -8372.05942481 1415.59742654 0.388900 5.7390 0.675965 0.166600 0.025205
465100 -8389.31730074 1433.48705329 0.393815 5.7390 0.675965 0.166600 -0.054176
465200 -8387.20798827 1453.51295154 0.399317 5.7390 0.675965 0.166600 -0.005367
465300 -8361.29656178 1431.09607598 0.393158 5.7390 0.675965 0.166600 0.031854
465400 -8367.26630515 1457.75899656 0.400483 5.7390 0.675965 0.166600 -0.017295
465500 -8392.98941693 1496.75517221 0.411196 5.7412 0.685074 0.163931 -0.061974
465600 -8374.19367373 1456.85766483 0.400236 5.7412 0.685074 0.163931 0.008903
465700 -8383.02071512 1472.16890981 0.404442 5.7412 0.685074 0.163931 -0.010419
465800 -8389.71592164 1439.38198719 0.395435 5.7412 0.685074 0.163931 -0.013871
465900 -8395.84420348 1419.90039152 0.390083 5.7412 0.685074 0.163931 -0.000816
466000 -8421.62991654 1468.48384155 0.403430 5.7297 0.693956 0.165798 -0.011923
466100 -8398.43623968 1470.52405232 0.403990 5.7297 0.693956 0.165798 0.012115
466200 -8383.31512059 1483.55190730 0.407569 5.7297 0.693956 0.165798 -0.014562
466300 -8398.16949883 1455.21159394 0.399783 5.7297 0.693956 0.165798 -0.007358
466400 -8361.16146368 1433.70157123 0.393874 5.7297 0.693956 0.165798 0.023266
466500 -8382.90588794 1447.15080792 0.397569 5.7374 0.681876 0.166826 -0.012272
466600 -8362.95024487 1438.68622898 0.395243 5.7374 0.681876 0.166826 0.020524
466700 -8330.60819958 1439.79556112 0.395548 5.7374 0.681876 0.166826 0.097156
466800 -8338.12171139 1447.84802671 0.397760 5.7374 0.681876 0.166826 0.058792
466900 -8312.26368222 1419.29236905 0.389915 5.7374 0.681876 0.166826 0.061327
467000 -8343.79409048 1396.59388338 0.383680 5.7308 0.672422 0.167525 0.003569
467100 -8316.99830134 1442.07230503 0.396174 5.7308 0.672422 0.167525 0.026238
467200 -8314.58826210 1477.28475719 0.405847 5.7308 0.672422 0.167525 0.010209
467300 -8316.75781378 1432.06158489 0.393424 5.7308 0.672422 0.167525 0.039182
467400 -8370.27887206 1435.11275102 0.394262 5.7308 0.672422 0.167525 -0.059717
467500 -8360.50321974 1455.18595029 0.399776 5.7346 0.675272 0.167309 -0.029076
467600 -8303.02338726 1408.69471246 0.387004 5.7346 0.675272 0.167309 0.082914
467700 -8353.39815051 1434.21557727 0.394015 5.7346 0.675272 0.167309 -0.041988
467800 -8339.02182389 1439.75539893 0.395537 5.7346 0.675272 0.167309 -0.012300
467900 -8309.74765741 1405.69207173 0.386179 5.7346 0.675272 0.167309 0.013977
468000 -8372.22401420 1456.82842157 0.400228 5.7434 0.677910 0.164612 -0.071771
468100 -8347.76487526 1431.76429167 0.393342 5.7434 0.677910 0.164612 -0.021564
468200 -8343.28276014 1465.79979432 0.402692 5.7434 0.677910 0.164612 0.052063
468300 -8322.72129420 1441.28264009 0.395957 5.7434 0.677910 0.164612 0.059747
468400 -8325.43559252 1429.60061108 0.392747 5.7434 0.677910 0.164612 0.073217
468500 -8338.03528439 1447.34493465 0.397622 5.7225 0.677739 0.169296 0.005867
468600 -8377.71033096 1452.17078913 0.398948 5.7225 0.677739 0.169296 -0.038281
468700 -8325.86104548 1431.23436783 0.393196 5.7225 0.677739 0.169296 0.063419
468800 -8329.78337783 1516.48559289 0.416617 5.7225 0.677739 0.169296 0.042696
468900 -8312.28055083 1460.77209903 0.401311 5.7225 0.677739 0.169296 0.048799
469000 -8332.08446523 1450.27178348 0.398426 5.7258 0.681767 0.167711 0.004857
469100 -8308.43994109 1445.27506703 0.397054 5.7258 0.681767 0.167711 0.012592
469200 -8300.74556631 1447.91281586 0.397778 5.7258 0.681767 0.167711 0.044040
469300 -8291.40591772 1462.00178210 0.401649 5.7258 0.681767 0.167711 0.027795
469400 -8321.45580002 1453.21497613 0.399235 5.7258 0.681767 0.167711 0.012234
469500 -8272.03124413 1418.18568177 0.389611 5.7231 0.667274 0.169994 0.059186
469600 -8261.82847758 1445.14691786 0.397018 5.7231 0.667274 0.169994 0.050990
469700 -8282.13998434 1451.71647122 0.398823 5.7231 0.667274 0.169994 0.037730
469800 -8271.66364675 1407.56601967 0.386694 5.7231 0.667274 0.169994 0.079509
469900 -8253.92840813 1446.44915569 0.397376 5.7231 0.667274 0.169994 0.128700
470000 -8274.87493362 1471.33349129 0.404212 5.7264 0.669147 0.169512 0.021505
470100 -8290.27806220 1441.45681160 0.396005 5.7264 0.669147 0.169512 -0.006124
470200 -8304.26330117 1454.79057526 0.399668 5.7264 0.669147 0.169512 -0.013231
470300 -8320.75603600 1457.46430964 0.400402 5.7264 0.669147 0.169512 -0.045910
470400 -8269.27391435 1434.89663751 0.394202 5.7264 0.669147 0.169512 0.041643
470500 -8281.93194106 1450.65722252 0.398532 5.7412 0.675218 0.165805 0.025170
470600 -8321.47019261 1493.88392266 0.410408 5.7412 0.675218 0.165805 -0.028654
470700 -8329.40703594 1496.95577739 0.411252 5.7412 0.675218 0.165805 0.031194
470800 -8301.50049837 1465.54428751 0.402622 5.7412 0.675218 0.165805 0.032928
470900 -8290.83366949 1465.90761068 0.402722 5.7412 0.675218 0.165805 0.058620
471000 -8306.05620904 1416.86466337 0.389249 5.7071 0.670614 0.168443 -0.024754
471100 -8280.36899865 1453.83127913 0.399404 5.7071 0.670614 0.168443 -0.000876
471200 -8295.68613407 1431.54136138 0.393281 5.7071 0.670614 0.168443 0.011650
471300 -8330.54369110 1450.50170485 0.398489 5.7071 0.670614 0.168443 -0.077311
471400 -8272.55696096 1438.12535655 0.395089 5.7071 0.670614 0.168443 0.037265
471500 -8300.64474248 1452.21909200 0.398961 5.7335 0.664818 0.170330 -0.029817
471600 -8321.49541632 1468.42504150 0.403413 5.7335 0.664818 0.170330 -0.053519
471700 -8295.29111690 1470.02418562 0.403853 5.7335 0.664818 0.170330 -0.018171
471800 -8276.04683233 1458.54150357 0.400698 5.7335 0.664818 0.170330 0.004276
471900 -8279.84254859 1508.20167696 0.414341 5.7335 0.664818 0.170330 0.040322
472000 -8227.63415521 1455.85443058 0.399960 5.7203 0.663020 0.172394 0.111243
472100 -8219.29587710 1472.83823709 0.404626 5.7203 0.663020 0.172394 0.106494
472200 -8260.70273203 1425.45296484 0.391608 5.7203 0.663020 0.172394 0.019312
472300 -8289.86121834 1446.44052693 0.397374 5.7203 0.663020 0.172394 -0.004407
472400 -8286.97972665 1427.49150942 0.392168 5.7203 0.663020 0.172394 -0.023655
472500 -8295.98752293 1477.21733172 0.405829 5.7044 0.678447 0.169869 0.002788
472600 -8263.91996076 1466.17292423 0.402795 5.7044 0.678447 0.169869 0.027773
472700 -8246.07355779 1470.73751529 0.404049 5.7044 0.678447 0.169869 0.043692
472800 -8272.48403289 1463.87681211 0.402164 5.7044 0.678447 0.169869 -0.019364
472900 -8271.53872553 1443.78196853 0.396643 5.7044 0.678447 0.169869 0.035132
473000 -8290.79833285 1438.64794087 0.395233 5.7121 0.666555 0.167050 -0.008107
473100 -8289.37426613 1409.94797265 0.387348 5.7121 0.666555 0.167050 -0.035705
473200 -8289.17093801 1436.69046915 0.394695 5.7121 0.666555 0.167050 0.016373
473300 -8260.70739042 1455.63949588 0.399901 5.7121 0.666555 0.167050 0.061316
473400 -8289.11060032 1481.09624189 0.406895 5.7121 0.666555 0.167050 0.026212
473500 -8235.03605109 1461.08560768 0.401397 5.7330 0.667642 0.170324 0.061967
473600 -8245.63138276 1484.20771218 0.407749 5.7330 0.667642 0.170324 0.049699
473700 -8232.25488673 1453.18828441 0.399228 5.7330 0.667642 0.170324 0.067441
473800 -8248.37009331 1443.12826300 0.396464 5.7330 0.667642 0.170324 -0.002534
473900 -8286.44291367 1430.04834228 0.392870 5.7330 0.667642 0.170324 -0.060822
474000 -8267.52054024 1470.08450123 0.403869 5.7126 0.660803 0.172147 -0.012166
474100 -8234.78710257 1453.87011157 0.399415 5.7126 0.660803 0.172147 0.046180
474200 -8219.57742401 1391.48480913 0.382276 5.7126 0.660803 0.172147 0.085868
474300 -8238.38277536 1416.26866769 0.389085 5.7126 0.660803 0.172147 0.011268
474400 -8243.20547434 1424.44287440 0.391330 5.7126 0.660803 0.172147 0.021579
474500 -8239.10940606 1441.97927821 0.396148 5.7027 0.669598 0.171858 0.077991
474600 -8261.56540630 1428.09917311 0.392335 5.7027 0.669598 0.171858 0.034818
474700 -8278.20861315 1476.40254510 0.405605 5.7027 0.669598 0.171858 -0.032105
474800 -8231.19015440 1470.11230309 0.403877 5.7027 0.669598 0.171858 0.069289
474900 -8246.75941837 1466.88290988 0.402990 5.7027 0.669598 0.171858 0.021796
475000 -8210.31575083 1450.63995934 0.398527 5.6885 0.675897 0.172796 0.109720
475100 -8240.36422264 1440.44170769 0.395726 5.6885 0.675897 0.172796 -0.034603
475200 -8241.31104210 1454.30067928 0.399533 5.6885 0.675897 0.172796 0.012425
475300 -8217.28572922 1457.26740513 0.400348 5.6885 0.675897 0.172796 0.008106
475400 -8197.61111550 1460.81530693 0.401323 5.6885 0.675897 0.172796 0.037608
475500 -8219.14220917 1477.74275037 0.405973 5.7005 0.655237 0.175577 -0.007793
475600 -8202.07307973 1454.30552887 0.399534 5.7005 0.655237 0.175577 0.038570
475700 -8186.72778807 1479.84092443 0.406550 5.7005 0.655237 0.175577 0.062100
475800 -8224.69859209 1445.21380174 0.397037 5.7005 0.655237 0.175577 -0.025907
475900 -8214.39567924 1462.70792593 0.401843 5.7005 0.655237 0.175577 0.008021
476000 -8210.72205863 1463.77985015 0.402137 5.7066 0.661259 0.171811 0.025087
476100 -8176.78014410 1459.64415209 0.401001 5.7066 0.661259 0.171811 0.020662
476200 -8175.92434906 1452.48753556 0.399035 5.7066 0.661259 0.171811 0.051126
476300 -8161.74008525 1475.82105215 0.405445 5.7066 0.661259 0.171811 0.067106
476400 -8192.81716061 1442.88145397 0.396396 5.7066 0.661259 0.171811 0.011052
476500 -8184.55538866 1417.88334852 0.389528 5.7000 0.656494 0.173482 0.052116
476600 -8198.78385516 1470.80269008 0.404067 5.7000 0.656494 0.173482 0.000097
476700 -8183.36528120 1472.54435628 0.404545 5.7000 0.656494 0.173482 -0.002082
476800 -8163.61648373 1429.39911204 0.392692 5.7000 0.656494 0.173482 0.022504
476900 -8143.91289967 1434.49217546 0.394091 5.7000 0.656494 0.173482 0.076354
477000 -8143.18860572 1469.36917226 0.403673 5.6819 0.655508 0.175651 0.088301
477100 -8179.97302958 1462.11922293 0.401681 5.6819 0.655508 0.175651 0.010490
477200 -8143.47099392 1402.93234089 0.385421 5.6819 0.655508 0.175651 0.000858
477300 -8156.07361589 1451.14337262 0.398666 5.6819 0.655508 0.175651 -0.027731
477400 -8139.45024937 1434.24279070 0.394023 5.6819 0.655508 0.175651 -0.011667
477500 -8099.78608278 1415.19691527 0.388790 5.6769 0.644660 0.181178 0.098425
477600 -8072.36636299 1455.39089699 0.399833 5.6769 0.644660 0.181178 0.088792
477700 -8107.54062493 1430.80874310 0.393079 5.6769 0.644660 0.181178 0.040577
477800 -8100.54569169 1456.99942054 0.400275 5.6769 0.644660 0.181178 0.034655
477900 -8077.97740027 1472.17409814 0.404443 5.6769 0.644660 0.181178 0.101791
478000 -8086.83427946 1448.04434145 0.397814 5.6912 0.641981 0.179649 0.017812
478100 -8068.67822420 1461.72149517 0.401572 5.6912 0.641981 0.179649 0.067682
478200 -8034.89663562 1402.66736564 0.385348 5.6912 0.641981 0.179649 0.032707
478300 -8076.68743141 1428.23963440 0.392374 5.6912 0.641981 0.179649 -0.011587
478400 -8073.73262413 1449.32880635 0.398167 5.6912 0.641981 0.179649 0.038596
478500 -8094.88663956 1441.99001277 0.396151 5.6967 0.639175 0.176587 -0.031959
478600 -8072.77933344 1433.45308549 0.393806 5.6967 0.639175 0.176587 0.001165
478700 -8091.53838700 1466.32761904 0.402837 5.6967 0.639175 0.176587 -0.007269
478800 -8061.01340871 1453.27215047 0.399251 5.6967 0.639175 0.176587 0.096578
478900 -8116.20672918 1533.36444048 0.421254 5.6967 0.639175 0.176587 -0.000240
479000 -8083.25197130 1492.50795037 0.410030 5.6786 0.649130 0.178435 0.046439
479100 -8106.94291177 1428.69024268 0.392497 5.6786 0.649130 0.178435 0.018228
479200 -8105.16640694 1482.13067263 0.407179 5.6786 0.649130 0.178435 0.019145
479300 -8055.05107997 1461.19833502 0.401428 5.6786 0.649130 0.178435 0.067999
479400 -8090.85485251 1472.69633335 0.404587 5.6786 0.649130 0.178435 0.002030
479500 -8033.00650848 1416.53216600 0.389157 5.6786 0.638297 0.177836 0.071061
479600 -8071.59825382 1464.70873523 0.402393 5.6786 0.638297 0.177836 0.047964
479700 -8072.27545248 1495.69437524 0.410905 5.6786 0.638297 0.177836 0.004778
479800 -8064.51029459 1459.76786751 0.401035 5.6786 0.638297 0.177836 -0.065379
479900 -8046.51738688 1426.10143852 0.391786 5.6786 0.638297 0.177836 -0.030775
480000 -8080.66092690 1443.16457097 0.396474 5.6835 0.646819 0.174164 -0.036156
480100 -8092.56351873 1408.61802915 0.386983 5.6835 0.646819 0.174164 -0.055029
480200 -8099.45134166 1391.82486527 0.382369 5.6835 0.646819 0.174164 -0.051654
480300 -8093.39596302 1407.71490060 0.386735 5.6835 0.646819 0.174164 0.004669
480400 -8122.99526032 1467.08531285 0.403045 5.6835 0.646819 0.174164 -0.025310
480500 -8092.87141687 1429.09635077 0.392609 5.6736 0.648429 0.176952 0.013517
480600 -8094.15439997 1411.58545309 0.387798 5.6736 0.648429 0.176952 0.001493
480700 -8098.05680172 1459.03414988 0.400834 5.6736 0.648429 0.176952 0.031002
480800 -8106.56289516 1432.16792901 0.393453 5.6736 0.648429 0.176952 -0.008660
480900 -8091.71444544 1441.32271332 0.395968 5.6736 0.648429 0.176952 0.006120
481000 -8056.87230892 1453.81752274 0.399400 5.6929 0.642733 0.177618 0.041835
481100 -8057.64045279 1460.76092274 0.401308 5.6929 0.642733 0.177618 0.034366
481200 -8042.51316353 1431.81252831 0.393355 5.6929 0.642733 0.177618 0.041272
481300 -8043.63678253 1462.05291268 0.401663 5.6929 0.642733 0.177618 0.033548
481400 -8075.36726004 1435.88644102 0.394474 5.6929 0.642733 0.177618 -0.025780
481500 -8114.60081756 1430.72188861 0.393055 5.6901 0.646721 0.172647 -0.028687
481600 -8109.50699842 1424.58834559 0.391370 5.6901 0.646721 0.172647 0.003115
481700 -8089.58196867 1447.48990792 0.397662 5.6901 0.646721 0.172647 0.007339
481800 -8104.29796867 1448.12589374 0.397837 5.6901 0.646721 0.172647 -0.027551
481900 -8096.35552848 1451.00232312 0.398627 5.6901 0.646721 0.172647 0.011846
482000 -8039.89030452 1473.91686904 0.404922 5.7049 0.634399 0.177675 0.079225
482100 -8015.97142417 1460.06618350 0.401117 5.7049 0.634399 0.177675 0.065326
482200 -8065.23352616 1456.80745519 0.400222 5.7049 0.634399 0.177675 -0.064894
482300 -8027.18762196 1406.28479788 0.386342 5.7049 0.634399 0.177675 0.012139
482400 -8031.93009536 1453.67251605 0.399361 5.7049 0.634399 0.177675 -0.000558
482500 -8007.79361807 1468.20956128 0.403354 5.6846 0.636718 0.181063 0.068754
482600 -8038.17591559 1507.95051389 0.414272 5.6846 0.636718 0.181063 0.028963
482700 -8001.91927837 1470.14770450 0.403887 5.6846 0.636718 0.181063 0.068126
482800 -8048.55949780 1497.17346828 0.411311 5.6846 0.636718 0.181063 0.018983
482900 -8023.81864196 1459.86179986 0.401061 5.6846 0.636718 0.181063 -0.004737
483000 -8025.26028596 1443.61525959 0.396598 5.6995 0.624654 0.182483 -0.029467
483100 -8018.57893005 1440.00417374 0.395606 5.6995 0.624654 0.182483 -0.032402
483200 -8003.99400898 1438.89677268 0.395301 5.6995 0.624654 0.182483 0.079031
483300 -8047.24820226 1484.95607265 0.407955 5.6995 0.624654 0.182483 -0.025256
483400 -8064.73909884 1475.11594595 0.405252 5.6995 0.624654 0.182483 -0.013756
483500 -8058.59620113 1462.40543689 0.401760 5.6764 0.643306 0.177393 -0.007093
483600 -8076.01085323 1473.95438765 0.404933 5.6764 0.643306 0.177393 0.042195
483700 -8081.55320981 1439.97446548 0.395597 5.6764 0.643306 0.177393 -0.005518
483800 -8066.51453558 1464.69006107 0.402387 5.6764 0.643306 0.177393 0.053738
483900 -8084.45481878 1449.20788151 0.398134 5.6764 0.643306 0.177393 0.000923
484000 -8085.15958157 1423.66605718 0.391117 5.6956 0.639778 0.175029 -0.018581
484100 -8090.58922115 1444.43780939 0.396824 5.6956 0.639778 0.175029 -0.030105
484200 -8100.00389412 1452.84951740 0.399134 5.6956 0.639778 0.175029 -0.032046
484300 -8042.30224132 1404.66477817 0.385897 5.6956 0.639778 0.175029 0.042373
484400 -8052.42745642 1462.45132487 0.401772 5.6956 0.639778 0.175029 0.010216
484500 -8081.66910451 1457.26440283 0.400347 5.6857 0.646183 0.175039 -0.038618
484600 -8067.99379876 1481.30765414 0.406953 5.6857 0.646183 0.175039 0.013760
484700 -8021.76274166 1485.05151570 0.407981 5.6857 0.646183 0.175039 0.089592
484800 -8038.67264743 1503.70807132 0.413107 5.6857 0.646183 0.175039 0.044442
484900 -8033.50050528 1461.67172748 0.401558 5.6857 0.646183 0.175039 0.028338
485000 -8023.90460489 1426.61509263 0.391927 5.7022 0.629950 0.177895 0.016241
485100 -8061.48353836 1439.27448335 0.395405 5.7022 0.629950 0.177895 -0.057748
485200 -8064.64630541 1462.18790416 0.401700 5.7022 0.629950 0.177895 -0.004117
485300 -8038.35883453 1447.82758324 0.397755 5.7022 0.629950 0.177895 0.015148
485400 -8052.73306120 1493.65485310 0.410345 5.7022 0.629950 0.177895 0.028536
485500 -8028.17212599 1423.43316423 0.391053 5.6967 0.636238 0.177831 0.044944
485600 -8028.95681199 1441.30840097 0.395964 5.6967 0.636238 0.177831 0.039961
485700 -8051.76002895 1458.70157273 0.400742 5.6967 0.636238 0.177831 -0.032245
485800 -8054.69895931 1451.95908108 0.398890 5.6967 0.636238 0.177831 -0.020975
485900 -8086.33065774 1462.81324653 0.401872 5.6967 0.636238 0.177831 -0.041162
486000 -8087.14155745 1459.61854397 0.400994 5.6863 0.640910 0.172610 0.036774
486100 -8083.68882554 1496.01609497 0.410993 5.6863 0.640910 0.172610 -0.061950
486200 -8068.55273110 1456.86706601 0.400238 5.6863 0.640910 0.172610 -0.014657
486300 -8057.63266520 1450.09555694 0.398378 5.6863 0.640910 0.172610 -0.024370
486400 -8030.67538789 1470.45559210 0.403971 5.6863 0.640910 0.172610 0.025978
486500 -8080.50003769 1498.10069758 0.411566 5.6846 0.641417 0.175837 -0.038990
486600 -8060.90205518 1518.01726011 0.417038 5.6846 0.641417 0.175837 0.002146
486700 -8032.85963661 1443.87965447 0.396670 5.6846 0.641417 0.175837 0.009322
486800 -8035.44930212 1423.04399320 0.390946 5.6846 0.641417 0.175837 -0.068054
486900 -8044.46086510 1469.62262942 0.403742 5.6846 0.641417 0.175837 -0.048291
487000 -8039.25988668 1443.14490078 0.396468 5.6995 0.634648 0.176262 -0.017445
487100 -8069.25268244 1487.92565615 0.408771 5.6995 0.634648 0.176262 -0.086671
487200 -8034.05415377 1448.40986780 0.397915 5.6995 0.634648 0.176262 -0.026968
487300 -8026.26115370 1441.73827770 0.396082 5.6995 0.634648 0.176262 0.024767
487400 -8052.26519503 1458.15081269 0.400591 5.6995 0.634648 0.176262 -0.013226
487500 -8048.58748470 1432.13441138 0.393444 5.6830 0.640288 0.176982 -0.028061
487600 -8031.70373576 1439.14159089 0.395369 5.6830 0.640288 0.176982 0.006149
487700 -8059.89756027 1444.23031677 0.396767 5.6830 0.640288 0.176982 -0.023620
487800 -8049.51555563 1452.03669730 0.398911 5.6830 0.640288 0.176982 -0.046125
487900 -8055.31636203 1493.39010357 0.410272 5.6830 0.640288 0.176982 -0.014985
488000 -8048.28670954 1492.23948696 0.409956 5.6758 0.642433 0.179727 0.006943
488100 -8052.92956682 1494.32527690 0.410529 5.6758 0.642433 0.179727 -0.027708
488200 -8038.48856503 1468.18694165 0.403348 5.6758 0.642433 0.179727 0.015670
488300 -8029.91818694 1454.80417959 0.399671 5.6758 0.642433 0.179727 0.020729
488400 -8053.42058798 1458.25349621 0.400619 5.6758 0.642433 0.179727 0.003300
488500 -8055.57240067 1429.58225566 0.392742 5.6588 0.649849 0.179111 0.021953
488600 -8043.84082739 1433.73656251 0.393884 5.6588 0.649849 0.179111 0.090130
488700 -8001.88461195 1438.27171750 0.395130 5.6588 0.649849 0.179111 0.051904
488800 -8036.67492369 1491.73241741 0.409817 5.6588 0.649849 0.179111 0.053474
488900 -8014.58392480 1465.56716737 0.402628 5.6588 0.649849 0.179111 0.045414
489000 -8040.82615432 1492.73958821 0.410093 5.6857 0.642794 0.179899 0.012126
489100 -8017.08902537 1465.36573831 0.402573 5.6857 0.642794 0.179899 0.011663
489200 -8010.04329642 1442.46109891 0.396281 5.6857 0.642794 0.179899 -0.022248
489300 -8056.55668461 1445.09872971 0.397005 5.6857 0.642794 0.179899 -0.097309
489400 -8036.19888327 1441.47672989 0.396010 5.6857 0.642794 0.179899 -0.005348
489500 -8069.90372917 1451.74919934 0.398832 5.6967 0.640145 0.173420 -0.044351
489600 -8034.92917881 1406.13344291 0.386300 5.6967 0.640145 0.173420 0.036591
489700 -8061.22155766 1446.76231794 0.397462 5.6967 0.640145 0.173420 -0.017493
489800 -8072.15231037 1463.34798469 0.402019 5.6967 0.640145 0.173420 -0.043848
489900 -8040.04735658 1392.36721344 0.382518 5.6967 0.640145 0.173420 0.049252
490000 -8092.17124422 1435.53324197 0.394377 5.6599 0.644928 0.178156 -0.010401
490100 -8053.09977243 1455.89724485 0.399972 5.6599 0.644928 0.178156 -0.041283
490200 -8028.42616894 1415.78288987 0.388951 5.6599 0.644928 0.178156 0.017395
490300 -8061.30794253 1417.12015148 0.389319 5.6599 0.644928 0.178156 -0.001273
490400 -8075.00655204 1442.80499490 0.396375 5.6599 0.644928 0.178156 -0.006979
490500 -8082.36765403 1449.58076415 0.398236 5.7060 0.630114 0.177595 -0.020272
490600 -8087.02914473 1439.33671615 0.395422 5.7060 0.630114 0.177595 -0.038350
490700 -8049.21500699 1479.47641067 0.406450 5.7060 0.630114 0.177595 0.073948
490800 -8068.90762596 1480.37811055 0.406697 5.7060 0.630114 0.177595 -0.000878
490900 -8039.50611445 1463.30605734 0.402007 5.7060 0.630114 0.177595 0.014664
491000 -8033.93776118 1461.64816207 0.401552 5.6885 0.625057 0.177841 0.047524
491100 -8000.91767645 1431.55337842 0.393284 5.6885 0.625057 0.177841 0.086226
491200 -8009.50978368 1475.27118594 0.405294 5.6885 0.625057 0.177841 0.022590
491300 -8029.05497507 1472.04120393 0.404407 5.6885 0.625057 0.177841 -0.055587
491400 -8009.08442235 1435.66050491 0.394412 5.6885 0.625057 0.177841 0.008456
491500 -7969.95641322 1426.22948043 0.391821 5.7022 0.619719 0.181552 0.053740
491600 -8006.43709994 1429.57357159 0.392740 5.7022 0.619719 0.181552 -0.026821
491700 -8005.72223538 1408.42196007 0.386929 5.7022 0.619719 0.181552 -0.079120
491800 -8039.35685954 1459.40016341 0.400934 5.7022 0.619719 0.181552 -0.029699
491900 -8044.24633608 1464.16797889 0.402244 5.7022 0.619719 0.181552 -0.036188
492000 -8018.28301208 1400.48407095 0.384748 5.6731 0.633118 0.179958 0.000766
492100 -8057.09498221 1422.82307695 0.390885 5.6731 0.633118 0.179958 -0.084361
492200 -8054.00548705 1483.36122062 0.407517 5.6731 0.633118 0.179958 -0.098382
492300 -8030.82667471 1453.75365357 0.399383 5.6731 0.633118 0.179958 -0.024357
492400 -8009.73992063 1449.21467681 0.398136 5.6731 0.633118 0.179958 -0.010606
492500 -8022.04419876 1438.15521799 0.395098 5.6901 0.640765 0.177252 -0.010400
492600 -8043.55027366 1467.87010279 0.403261 5.6901 0.640765 0.177252 -0.057351
492700 -7999.28925138 1464.86117963 0.402434 5.6901 0.640765 0.177252 0.051171
492800 -8015.17973032 1449.57494378 0.398235 5.6901 0.640765 0.177252 -0.018312
492900 -8004.61230296 1463.47012384 0.402052 5.6901 0.640765 0.177252 0.028035
493000 -8007.07967308 1463.32809710 0.402013 5.6940 0.626873 0.179304 -0.048420
493100 -7988.13648943 1470.61812656 0.404016 5.6940 0.626873 0.179304 0.024030
493200 -7970.12490651 1484.14347269 0.407732 5.6940 0.626873 0.179304 0.028739
493300 -7983.42759414 1476.83802584 0.405725 5.6940 0.626873 0.179304 0.027152
493400 -7971.79251050 1428.75388336 0.392515 5.6940 0.626873 0.179304 0.064571
493500 -8015.25270998 1436.43795997 0.394626 5.6714 0.629750 0.183571 -0.021036
493600 -7996.17074246 1413.25386562 0.388257 5.6714 0.629750 0.183571 0.028829
493700 -8010.89831184 1419.93214110 0.390091 5.6714 0.629750 0.183571 -0.016967
493800 -8050.23278789 1423.40208642 0.391045 5.6714 0.629750 0.183571 -0.086321
493900 -8025.78343924 1449.33314535 0.398168 5.6714 0.629750 0.183571 0.001478
494000 -8030.70906545 1452.21240361 0.398959 5.6945 0.633962 0.178581 -0.043693
494100 -8030.61977208 1459.32021481 0.400912 5.6945 0.633962 0.178581 -0.005007
494200 -8002.63347951 1484.38985945 0.407799 5.6945 0.633962 0.178581 0.074539
494300 -8017.83471096 1433.95898496 0.393945 5.6945 0.633962 0.178581 0.047041
494400 -8021.84384345 1460.06500042 0.401117 5.6945 0.633962 0.178581 0.031917
494500 -8007.44814707 1462.70339558 0.401842 5.7066 0.626331 0.178492 0.010233
494600 -8039.67680604 1439.39350207 0.395438 5.7066 0.626331 0.178492 -0.014666
494700 -8032.84097944 1441.20777367 0.395936 5.7066 0.626331 0.178492 0.021026
494800 -8043.33492716 1492.85643984 0.410125 5.7066 0.626331 0.178492 0.012505
494900 -8019.58153643 1446.47207425 0.397382 5.7066 0.626331 0.178492 0.061740
495000 -8028.44807273 1447.52553763 0.397672 5.6846 0.640156 0.181389 0.014497
495100 -8074.22558660 1470.70798890 0.404041 5.6846 0.640156 0.181389 -0.009585
495200 -8039.06067871 1437.11087760 0.394811 5.6846 0.640156 0.181389 0.025482
495300 -8026.21351708 1465.27890885 0.402549 5.6846 0.640156 0.181389 0.044024
495400 -8026.88031477 1459.12850835 0.400859 5.6846 0.640156 0.181389 0.075342
495500 -8039.15480717 1500.01534376 0.412092 5.6934 0.637744 0.179723 0.030138
495600 -8054.43688222 1447.18004401 0.397577 5.6934 0.637744 0.179723 -0.049444
495700 -7999.23841986 1438.91877046 0.395307 5.6934 0.637744 0.179723 0.008420
495800 -8031.75324181 1459.78818446 0.401041 5.6934 0.637744 0.179723 -0.063853
495900 -8016.02332589 1430.72630457 0.393057 5.6934 0.637744 0.179723 -0.055447
496000 -8032.71063453 1492.34690713 0.409985 5.6940 0.632235 0.180269 -0.035172
496100 -8005.89881209 1469.41037398 0.403684 5.6940 0.632235 0.180269 0.035683
496200 -8027.42472887 1498.68775819 0.411727 5.6940 0.632235 0.180269 0.030423
496300 -8010.21252492 1476.44348025 0.405616 5.6940 0.632235 0.180269 0.030473
496400 -7976.65552431 1476.71702015 0.405691 5.6940 0.632235 0.180269 0.075196
496500 -7956.33920759 1467.07127601 0.403042 5.6791 0.626350 0.179520 0.088652
496600 -7992.95631741 1483.40763923 0.407530 5.6791 0.626350 0.179520 -0.014024
496700 -8027.51657545 1468.95299041 0.403559 5.6791 0.626350 0.179520 -0.047890
496800 -8013.45298390 1450.32427722 0.398441 5.6791 0.626350 0.179520 0.058095
496900 -7984.84387192 1450.31818637 0.398439 5.6791 0.626350 0.179520 0.022857
497000 -7965.84181616 1430.55507280 0.393010 5.6742 0.638446 0.182274 0.016857
497100 -7998.21957290 1457.39156816 0.400382 5.6742 0.638446 0.182274 0.000740
497200 -8023.91795287 1493.34271248 0.410259 5.6742 0.638446 0.182274 -0.047742
497300 -7964.84110015 1436.58017896 0.394665 5.6742 0.638446 0.182274 0.071045
497400 -7959.09744859 1446.35205949 0.397349 5.6742 0.638446 0.182274 0.053681
497500 -7957.73652794 1477.88209114 0.406012 5.6852 0.624891 0.181786 0.053608
497600 -7957.60569658 1476.67007898 0.405679 5.6852 0.624891 0.181786 0.027638
497700 -7981.06685967 1498.30745776 0.411623 5.6852 0.624891 0.181786 -0.014375
497800 -7970.46134326 1480.68538065 0.406782 5.6852 0.624891 0.181786 0.033159
497900 -7990.72278550 1455.64450063 0.399902 5.6852 0.624891 0.181786 -0.031425
498000 -7968.22846399 1462.39663493 0.401757 5.6659 0.622981 0.184744 0.037353
498100 -7980.80578666 1434.50963993 0.394096 5.6659 0.622981 0.184744 0.020011
498200 -7982.05371484 1408.11912291 0.386846 5.6659 0.622981 0.184744 -0.025932
498300 -7977.03009414 1395.57937582 0.383401 5.6659 0.622981 0.184744 0.004796
498400 -8021.78449911 1461.95741611 0.401637 5.6659 0.622981 0.184744 -0.076070
498500 -8000.58447821 1434.20452732 0.394012 5.6868 0.630688 0.177715 -0.086920
498600 -7987.62749188 1440.95507091 0.395867 5.6868 0.630688 0.177715 -0.005790
498700 -7985.95611776 1431.37483027 0.393235 5.6868 0.630688 0.177715 -0.021071
498800 -7961.55271340 1446.60929089 0.397420 5.6868 0.630688 0.177715 0.044072
498900 -7954.08008581 1435.12176591 0.394264 5.6868 0.630688 0.177715 0.047152
499000 -7950.35617383 1429.82147701 0.392808 5.6709 0.631457 0.183613 0.012695
499100 -7965.71676942 1424.23832500 0.391274 5.6709 0.631457 0.183613 0.001335
499200 -7984.52805972 1474.38312142 0.405050 5.6709 0.631457 0.183613 0.004980
499300 -7968.81491564 1473.17806343 0.404719 5.6709 0.631457 0.183613 -0.016977
499400 -7969.72687888 1479.09923702 0.406346 5.6709 0.631457 0.183613 0.002598
499500 -7976.02292381 1482.27185915 0.407218 5.6797 0.629969 0.179994 -0.030281
499600 -7978.23163675 1428.26528561 0.392381 5.6797 0.629969 0.179994 0.016183
499700 -8010.18374748 1432.00523247 0.393408 5.6797 0.629969 0.179994 -0.021628
499800 -8000.62072604 1472.70100328 0.404588 5.6797 0.629969 0.179994 -0.020122
499900 -8003.77559086 1406.52119969 0.386407 5.6797 0.629969 0.179994 -0.018955
