# MD run at T = 0.400000
# input   = perfect_Sigma421_theta4.8381deg.dat
# seed    = 6000023
# N_atoms = 16840
# barostat= 1  P_target = 0.0000
# columns : step PE KE T_inst coord psi6 psi4 P
0 -52968.86168602 6667.93192039 0.395958 6.0000 0.999735 0.004087 0.384203
100 -48647.80433861 4540.34727896 0.269617 6.0000 0.999735 0.004087 1.366107
200 -47822.20661650 5286.17459845 0.313906 6.0000 0.999735 0.004087 1.117246
300 -47109.09512978 5653.96971285 0.335746 6.0000 0.999735 0.004087 0.936197
400 -46577.04930672 6006.85086397 0.356701 6.0000 0.999735 0.004087 0.771612
500 -46178.57900006 6222.31804529 0.369496 5.9989 0.902110 0.079037 0.626241
600 -45825.24250645 6221.00665946 0.369418 5.9989 0.902110 0.079037 0.517005
700 -45494.22068446 6392.05760811 0.379576 5.9989 0.902110 0.079037 0.455278
800 -45212.32978586 6437.71420896 0.382287 5.9989 0.902110 0.079037 0.397396
900 -44981.89758911 6449.11868814 0.382964 5.9989 0.902110 0.079037 0.343908
1000 -44874.15289289 6636.07280334 0.394066 5.9942 0.874812 0.089511 0.265343
1100 -44637.48686286 6552.45329921 0.389101 5.9942 0.874812 0.089511 0.244982
1200 -44509.50124201 6535.92978515 0.388119 5.9942 0.874812 0.089511 0.207682
1300 -44361.64196306 6504.04728085 0.386226 5.9942 0.874812 0.089511 0.196352
1400 -44307.44946276 6547.54629724 0.388809 5.9942 0.874812 0.089511 0.143302
1500 -44141.24478995 6625.19802471 0.393420 5.9878 0.854118 0.096483 0.161289
1600 -44075.98352457 6693.69691060 0.397488 5.9878 0.854118 0.096483 0.136591
1700 -43980.18397485 6650.43663741 0.394919 5.9878 0.854118 0.096483 0.123588
1800 -43969.97416295 6616.74732148 0.392918 5.9878 0.854118 0.096483 0.088228
1900 -43860.75372029 6695.64405416 0.397604 5.9878 0.854118 0.096483 0.106932
2000 -43808.72738205 6748.59898873 0.400748 5.9862 0.848505 0.098966 0.088306
2100 -43750.97770901 6692.48390789 0.397416 5.9862 0.848505 0.098966 0.081189
2200 -43699.70310812 6675.76797010 0.396423 5.9862 0.848505 0.098966 0.073880
2300 -43688.55751381 6716.50919114 0.398843 5.9862 0.848505 0.098966 0.049525
2400 -43618.16270547 6759.59051472 0.401401 5.9862 0.848505 0.098966 0.062422
2500 -43567.11535259 6694.32899077 0.397525 5.9852 0.842544 0.100376 0.053476
2600 -43586.51702732 6668.46573442 0.395990 5.9852 0.842544 0.100376 0.040829
2700 -43533.23242464 6708.90002774 0.398391 5.9852 0.842544 0.100376 0.050793
2800 -43515.75958320 6776.27580139 0.402392 5.9852 0.842544 0.100376 0.049497
2900 -43454.36791153 6687.54755038 0.397123 5.9852 0.842544 0.100376 0.040172
3000 -43514.08953780 6768.87361266 0.401952 5.9824 0.838518 0.102175 0.012821
3100 -43422.47242406 6655.49715769 0.395220 5.9824 0.838518 0.102175 0.033106
3200 -43518.37790135 6673.98181071 0.396317 5.9824 0.838518 0.102175 -0.003097
3300 -43443.91730683 6614.06470917 0.392759 5.9824 0.838518 0.102175 0.023640
3400 -43480.19750601 6738.15658478 0.400128 5.9824 0.838518 0.102175 0.004170
3500 -43471.52066016 6640.42630328 0.394325 5.9797 0.836599 0.102067 0.008403
3600 -43460.60602587 6705.07421535 0.398164 5.9797 0.836599 0.102067 0.007805
3700 -43371.82692401 6683.07124877 0.396857 5.9797 0.836599 0.102067 0.041452
3800 -43393.29113631 6733.09492122 0.399827 5.9797 0.836599 0.102067 0.021493
3900 -43305.98279945 6747.39404040 0.400677 5.9797 0.836599 0.102067 0.037750
4000 -43396.39746754 6734.01521392 0.399882 5.9793 0.838476 0.102167 -0.003194
4100 -43360.14563487 6733.53421276 0.399854 5.9793 0.838476 0.102167 0.017131
4200 -43327.50557166 6709.61422689 0.398433 5.9793 0.838476 0.102167 0.013465
4300 -43390.71792631 6748.44232952 0.400739 5.9793 0.838476 0.102167 -0.002662
4400 -43410.30465732 6696.15003738 0.397634 5.9793 0.838476 0.102167 -0.011884
4500 -43343.96993775 6687.89685522 0.397144 5.9804 0.835015 0.102882 0.021090
4600 -43361.72123167 6808.66297760 0.404315 5.9804 0.835015 0.102882 0.009666
4700 -43310.16535250 6768.45833744 0.401927 5.9804 0.835015 0.102882 0.024213
4800 -43315.48552398 6752.51380968 0.400981 5.9804 0.835015 0.102882 0.006023
4900 -43280.84990102 6752.05417245 0.400953 5.9804 0.835015 0.102882 0.020540
5000 -43307.75245869 6729.81898330 0.399633 5.9821 0.833921 0.104017 0.000325
5100 -43311.78262863 6805.45257710 0.404124 5.9821 0.833921 0.104017 0.000052
5200 -43337.22576024 6749.62839409 0.400809 5.9821 0.833921 0.104017 -0.019311
5300 -43296.33329114 6702.16947011 0.397991 5.9821 0.833921 0.104017 0.000802
5400 -43303.48247900 6736.66081744 0.400039 5.9821 0.833921 0.104017 0.000955
5500 -43281.58201947 6725.83001993 0.399396 5.9819 0.835240 0.103398 0.020546
5600 -43288.72161755 6741.40986122 0.400321 5.9819 0.835240 0.103398 0.019031
5700 -43258.17492961 6697.84984503 0.397735 5.9819 0.835240 0.103398 0.024887
5800 -43295.36128583 6716.48996874 0.398841 5.9819 0.835240 0.103398 0.006940
5900 -43309.69961792 6666.40241126 0.395867 5.9819 0.835240 0.103398 0.000393
6000 -43283.85647458 6723.26432956 0.399244 5.9800 0.833289 0.104262 0.012779
6100 -43297.60104828 6759.39248997 0.401389 5.9800 0.833289 0.104262 0.000504
6200 -43312.75599475 6683.15837895 0.396862 5.9800 0.833289 0.104262 0.002250
6300 -43310.53586815 6727.38751838 0.399489 5.9800 0.833289 0.104262 -0.002000
6400 -43339.47034857 6788.90766781 0.403142 5.9800 0.833289 0.104262 -0.005435
6500 -43336.57327139 6745.59092772 0.400570 5.9795 0.833902 0.103354 0.002104
6600 -43268.39012988 6733.33663202 0.399842 5.9795 0.833902 0.103354 0.028156
6700 -43266.63298095 6823.95673007 0.405223 5.9795 0.833902 0.103354 0.020358
6800 -43190.83728921 6784.75194014 0.402895 5.9795 0.833902 0.103354 0.045879
6900 -43206.57278922 6778.45544761 0.402521 5.9795 0.833902 0.103354 0.029626
7000 -43194.01624457 6672.31067545 0.396218 5.9777 0.829037 0.104866 0.028406
7100 -43326.03299164 6792.16601951 0.403335 5.9777 0.829037 0.104866 -0.019475
7200 -43278.72604339 6732.47719219 0.399791 5.9777 0.829037 0.104866 -0.009126
7300 -43304.77813362 6822.75522170 0.405152 5.9777 0.829037 0.104866 -0.025571
7400 -43287.52654669 6811.68855757 0.404495 5.9777 0.829037 0.104866 -0.023363
7500 -43355.90909059 6783.48755892 0.402820 5.9786 0.833873 0.103185 -0.027887
7600 -43321.84683781 6784.45015887 0.402877 5.9786 0.833873 0.103185 -0.020310
7700 -43306.58870877 6740.26230360 0.400253 5.9786 0.833873 0.103185 -0.005183
7800 -43311.24911389 6685.86844226 0.397023 5.9786 0.833873 0.103185 -0.009712
7900 -43338.15444553 6694.83043487 0.397555 5.9786 0.833873 0.103185 -0.009540
8000 -43283.55413577 6660.93248108 0.395542 5.9803 0.835199 0.102917 0.011674
8100 -43340.17753103 6741.07858597 0.400302 5.9803 0.835199 0.102917 -0.003658
8200 -43388.53584162 6753.72075075 0.401052 5.9803 0.835199 0.102917 -0.025399
8300 -43417.21778018 6740.90577827 0.400291 5.9803 0.835199 0.102917 -0.034670
8400 -43369.58568879 6665.15527334 0.395793 5.9803 0.835199 0.102917 -0.017334
8500 -43371.85613584 6601.65660154 0.392022 5.9822 0.834640 0.102799 -0.008236
8600 -43393.68272619 6716.19606333 0.398824 5.9822 0.834640 0.102799 -0.006704
8700 -43499.88511766 6766.96367494 0.401839 5.9822 0.834640 0.102799 -0.042441
8800 -43467.57823960 6682.71078959 0.396836 5.9822 0.834640 0.102799 -0.034486
8900 -43421.25615634 6661.41629775 0.395571 5.9822 0.834640 0.102799 0.009389
9000 -43372.57949209 6634.97733477 0.394001 5.9818 0.836415 0.102744 0.017900
9100 -43404.96712000 6679.92526917 0.396670 5.9818 0.836415 0.102744 0.003843
9200 -43457.50833620 6729.34122223 0.399605 5.9818 0.836415 0.102744 -0.007359
9300 -43427.15067499 6646.52527898 0.394687 5.9818 0.836415 0.102744 -0.007665
9400 -43448.57569592 6760.05863236 0.401429 5.9818 0.836415 0.102744 0.004268
9500 -43362.56491473 6670.78558387 0.396127 5.9803 0.834523 0.102374 0.028228
9600 -43352.19340472 6705.49695504 0.398189 5.9803 0.834523 0.102374 0.031929
9700 -43432.56165368 6742.63069027 0.400394 5.9803 0.834523 0.102374 -0.008970
9800 -43401.26116994 6731.20960046 0.399716 5.9803 0.834523 0.102374 0.003852
9900 -43346.86006095 6651.02448248 0.394954 5.9803 0.834523 0.102374 0.027882
10000 -43331.38931186 6731.05769411 0.399707 5.9767 0.834158 0.103590 0.033006
10100 -43365.79077967 6703.11044573 0.398047 5.9767 0.834158 0.103590 0.017280
10200 -43374.06763213 6673.20624584 0.396271 5.9767 0.834158 0.103590 0.004492
10300 -43362.82870394 6700.01404991 0.397863 5.9767 0.834158 0.103590 0.013146
10400 -43388.42613728 6788.00780306 0.403088 5.9767 0.834158 0.103590 -0.001633
10500 -43388.66492184 6694.20421748 0.397518 5.9797 0.834490 0.102733 -0.004604
10600 -43391.28447038 6713.73483028 0.398678 5.9797 0.834490 0.102733 0.003680
10700 -43381.61121891 6673.91346986 0.396313 5.9797 0.834490 0.102733 0.002162
10800 -43374.08937958 6718.10149951 0.398937 5.9797 0.834490 0.102733 0.010989
10900 -43436.60522405 6753.53849442 0.401041 5.9797 0.834490 0.102733 -0.024530
11000 -43418.99816164 6682.04444601 0.396796 5.9810 0.837316 0.103337 -0.018906
11100 -43451.12239362 6665.67374921 0.395824 5.9810 0.837316 0.103337 -0.022995
11200 -43451.46117964 6631.42342704 0.393790 5.9810 0.837316 0.103337 -0.023936
11300 -43385.50959532 6638.47618897 0.394209 5.9810 0.837316 0.103337 0.019628
11400 -43361.24077789 6752.79271894 0.400997 5.9810 0.837316 0.103337 0.023263
11500 -43347.59641217 6794.66568055 0.403484 5.9824 0.836767 0.102516 0.016180
11600 -43374.70065100 6711.55129257 0.398548 5.9824 0.836767 0.102516 -0.002420
11700 -43419.89976602 6760.70414973 0.401467 5.9824 0.836767 0.102516 -0.015177
11800 -43403.18808464 6742.68048707 0.400397 5.9824 0.836767 0.102516 -0.009383
11900 -43368.32120327 6701.32622234 0.397941 5.9824 0.836767 0.102516 0.005237
12000 -43365.79909883 6687.01977297 0.397091 5.9834 0.836795 0.102898 0.006008
12100 -43300.99686095 6711.35654019 0.398537 5.9834 0.836795 0.102898 0.040245
12200 -43360.54352547 6718.21201499 0.398944 5.9834 0.836795 0.102898 -0.003779
12300 -43366.04550460 6664.58552904 0.395759 5.9834 0.836795 0.102898 -0.003395
12400 -43457.18036189 6700.83226890 0.397912 5.9834 0.836795 0.102898 -0.037981
12500 -43374.61783102 6588.98600473 0.391270 5.9786 0.835314 0.103341 0.002966
12600 -43384.11511377 6658.44551843 0.395395 5.9786 0.835314 0.103341 -0.001302
12700 -43317.04088902 6618.02131514 0.392994 5.9786 0.835314 0.103341 0.030846
12800 -43342.78423908 6787.19081211 0.403040 5.9786 0.835314 0.103341 0.024374
12900 -43326.59901674 6817.57950234 0.404844 5.9786 0.835314 0.103341 0.024423
13000 -43356.28823452 6762.90388939 0.401598 5.9805 0.834335 0.102296 0.006348
13100 -43352.56068238 6737.62933680 0.400097 5.9805 0.834335 0.102296 -0.005642
13200 -43258.27757356 6614.82324494 0.392804 5.9805 0.834335 0.102296 0.038074
13300 -43451.22776930 6776.99866254 0.402435 5.9805 0.834335 0.102296 -0.031422
13400 -43363.99674326 6726.56982175 0.399440 5.9805 0.834335 0.102296 -0.003564
13500 -43353.13503967 6677.79575418 0.396544 5.9805 0.832886 0.104055 0.004724
13600 -43366.61801101 6724.16852444 0.399297 5.9805 0.832886 0.104055 0.003450
13700 -43383.18916456 6729.01144947 0.399585 5.9805 0.832886 0.104055 0.005136
13800 -43344.61558492 6738.24382764 0.400133 5.9805 0.832886 0.104055 0.003069
13900 -43341.82537734 6771.07463793 0.402083 5.9805 0.832886 0.104055 0.000122
14000 -43299.83080142 6748.50468214 0.400743 5.9789 0.832861 0.103829 0.007803
14100 -43314.99109053 6627.24375997 0.393542 5.9789 0.832861 0.103829 0.002286
14200 -43390.64997007 6710.56621748 0.398490 5.9789 0.832861 0.103829 -0.012171
14300 -43348.36729058 6794.82550242 0.403493 5.9789 0.832861 0.103829 0.000203
14400 -43322.80729123 6669.89112703 0.396074 5.9789 0.832861 0.103829 0.001777
14500 -43309.90625603 6774.40294612 0.402280 5.9805 0.836183 0.103135 0.007782
14600 -43384.87357184 6773.43346466 0.402223 5.9805 0.836183 0.103135 -0.027520
14700 -43349.71211426 6682.50278904 0.396823 5.9805 0.836183 0.103135 0.000139
14800 -43287.03117096 6786.96599649 0.403026 5.9805 0.836183 0.103135 0.024676
14900 -43325.82186958 6708.55243989 0.398370 5.9805 0.836183 0.103135 -0.006633
15000 -43336.94594351 6714.04081297 0.398696 5.9809 0.836830 0.102826 -0.018184
15100 -43292.86109687 6665.21432162 0.395797 5.9809 0.836830 0.102826 0.014056
15200 -43370.21477743 6651.10023239 0.394958 5.9809 0.836830 0.102826 -0.016573
15300 -43331.31384143 6700.54505897 0.397895 5.9809 0.836830 0.102826 0.007222
15400 -43354.96048081 6719.62299928 0.399027 5.9809 0.836830 0.102826 -0.010888
15500 -43335.61620240 6807.59262733 0.404251 5.9786 0.834246 0.103656 0.009102
15600 -43291.74090473 6811.04667420 0.404456 5.9786 0.834246 0.103656 0.016471
15700 -43207.10922150 6811.39614577 0.404477 5.9786 0.834246 0.103656 0.045480
15800 -43200.03178682 6717.72429042 0.398915 5.9786 0.834246 0.103656 0.038965
15900 -43167.91285873 6709.41405410 0.398421 5.9786 0.834246 0.103656 0.043288
16000 -43245.29228037 6717.11136670 0.398878 5.9730 0.830334 0.105207 0.006862
16100 -43304.15979728 6731.68886938 0.399744 5.9730 0.830334 0.105207 -0.030714
16200 -43283.48093069 6658.85196842 0.395419 5.9730 0.830334 0.105207 -0.020433
16300 -43362.75611228 6650.38335155 0.394916 5.9730 0.830334 0.105207 -0.034497
16400 -43314.22913730 6652.46807215 0.395040 5.9730 0.830334 0.105207 -0.010282
16500 -43318.15913953 6629.07895825 0.393651 5.9786 0.834621 0.103030 -0.006834
16600 -43316.89198549 6638.52677788 0.394212 5.9786 0.834621 0.103030 0.007537
16700 -43289.60344791 6586.98099276 0.391151 5.9786 0.834621 0.103030 0.012566
16800 -43317.59379392 6602.08010889 0.392048 5.9786 0.834621 0.103030 0.015132
16900 -43381.92404641 6674.72307775 0.396361 5.9786 0.834621 0.103030 -0.021479
17000 -43374.97909625 6708.63117305 0.398375 5.9835 0.835880 0.102489 -0.009264
17100 -43391.76115066 6669.41145667 0.396046 5.9835 0.835880 0.102489 -0.007323
17200 -43369.74974965 6694.89042448 0.397559 5.9835 0.835880 0.102489 -0.006751
17300 -43380.89277968 6681.90970287 0.396788 5.9835 0.835880 0.102489 -0.000698
17400 -43398.02505150 6711.40506857 0.398539 5.9835 0.835880 0.102489 -0.005626
17500 -43360.76811103 6615.37946602 0.392837 5.9778 0.835575 0.102860 0.007427
17600 -43405.18178842 6658.90513786 0.395422 5.9778 0.835575 0.102860 -0.013960
17700 -43371.62254936 6650.84846335 0.394943 5.9778 0.835575 0.102860 0.012097
17800 -43315.92934812 6679.37923423 0.396638 5.9778 0.835575 0.102860 0.036117
17900 -43357.90563236 6836.50475011 0.405968 5.9778 0.835575 0.102860 0.009056
18000 -43335.01018085 6786.43431263 0.402995 5.9787 0.834420 0.103348 0.026899
18100 -43332.88069883 6715.19605782 0.398765 5.9787 0.834420 0.103348 0.003516
18200 -43348.16629393 6736.59993195 0.400036 5.9787 0.834420 0.103348 0.005384
18300 -43372.41837587 6738.45489885 0.400146 5.9787 0.834420 0.103348 -0.011748
18400 -43300.49787079 6745.59926334 0.400570 5.9787 0.834420 0.103348 0.015548
18500 -43347.50370584 6753.65054184 0.401048 5.9795 0.837924 0.103002 -0.000658
18600 -43365.75040149 6749.16606518 0.400782 5.9795 0.837924 0.103002 -0.017534
18700 -43313.61757997 6734.34930098 0.399902 5.9795 0.837924 0.103002 0.007031
18800 -43296.99418303 6831.29833226 0.405659 5.9795 0.837924 0.103002 0.012806
18900 -43243.67395684 6785.10021936 0.402916 5.9795 0.837924 0.103002 0.027739
19000 -43254.23395459 6745.04468761 0.400537 5.9785 0.831541 0.103982 0.009594
19100 -43341.86207921 6744.23607154 0.400489 5.9785 0.831541 0.103982 -0.017994
19200 -43257.14364817 6717.78432674 0.398918 5.9785 0.831541 0.103982 0.018206
19300 -43284.50874006 6820.50034099 0.405018 5.9785 0.831541 0.103982 -0.002316
19400 -43248.66775184 6808.84144051 0.404326 5.9785 0.831541 0.103982 0.013229
19500 -43218.17388869 6738.05599627 0.400122 5.9781 0.831089 0.104674 0.015798
19600 -43223.87425665 6756.30912019 0.401206 5.9781 0.831089 0.104674 0.020113
19700 -43228.58187064 6694.67363433 0.397546 5.9781 0.831089 0.104674 0.001686
19800 -43386.10307175 6769.68790860 0.402000 5.9781 0.831089 0.104674 -0.060183
19900 -43251.65847125 6801.49304868 0.403889 5.9781 0.831089 0.104674 0.009158
20000 -43328.61663246 6756.97990399 0.401246 5.9773 0.835994 0.103232 -0.030502
20100 -43255.95692991 6727.70962529 0.399508 5.9773 0.835994 0.103232 0.004096
20200 -43329.08651644 6705.47786894 0.398188 5.9773 0.835994 0.103232 -0.020429
20300 -43272.33787149 6712.71925813 0.398618 5.9773 0.835994 0.103232 0.005914
20400 -43226.37687585 6668.10669240 0.395968 5.9773 0.835994 0.103232 0.023356
20500 -43222.80472358 6756.83161674 0.401237 5.9743 0.829092 0.105961 0.024311
20600 -43210.14786497 6864.43818776 0.407627 5.9743 0.829092 0.105961 0.020165
20700 -43114.29529356 6768.04125523 0.401903 5.9743 0.829092 0.105961 0.049135
20800 -43232.68763245 6679.86564719 0.396667 5.9743 0.829092 0.105961 -0.013270
20900 -43262.63364538 6715.89181510 0.398806 5.9743 0.829092 0.105961 -0.013628
21000 -43236.94842948 6747.46395994 0.400681 5.9757 0.832538 0.104737 -0.021046
21100 -43286.49871832 6633.90785181 0.393938 5.9757 0.832538 0.104737 -0.035795
21200 -43296.45985277 6676.88533842 0.396490 5.9757 0.832538 0.104737 -0.032957
21300 -43353.92181172 6763.61683906 0.401640 5.9757 0.832538 0.104737 -0.043255
21400 -43308.45500540 6753.15465175 0.401019 5.9757 0.832538 0.104737 -0.007369
21500 -43390.55046188 6791.56572051 0.403300 5.9800 0.838130 0.102581 -0.046351
21600 -43336.69391793 6693.49923651 0.397476 5.9800 0.838130 0.102581 -0.012751
21700 -43269.13190949 6764.49802545 0.401692 5.9800 0.838130 0.102581 0.014838
21800 -43236.02669165 6789.27519021 0.403164 5.9800 0.838130 0.102581 0.025448
21900 -43286.10011430 6731.72596406 0.399746 5.9800 0.838130 0.102581 0.008338
22000 -43323.14441977 6751.06399210 0.400895 5.9791 0.833349 0.103281 -0.015937
22100 -43307.11684905 6698.32254086 0.397763 5.9791 0.833349 0.103281 -0.001482
22200 -43291.47582476 6730.21059941 0.399656 5.9791 0.833349 0.103281 0.014486
22300 -43261.65840709 6739.75564355 0.400223 5.9791 0.833349 0.103281 0.021564
22400 -43266.71793044 6705.40641741 0.398183 5.9791 0.833349 0.103281 0.009451
22500 -43265.55005792 6803.93794515 0.404034 5.9790 0.833491 0.103834 0.000860
22600 -43286.75166560 6752.90734573 0.401004 5.9790 0.833491 0.103834 -0.007739
22700 -43256.23206923 6762.69448445 0.401585 5.9790 0.833491 0.103834 -0.003580
22800 -43284.27702742 6733.99238556 0.399881 5.9790 0.833491 0.103834 -0.009122
22900 -43311.21916354 6742.04795721 0.400359 5.9790 0.833491 0.103834 -0.019858
23000 -43283.44434989 6681.32195472 0.396753 5.9792 0.833953 0.104415 -0.005353
23100 -43312.81831943 6728.37117991 0.399547 5.9792 0.833953 0.104415 -0.017890
23200 -43371.95285412 6699.06898672 0.397807 5.9792 0.833953 0.104415 -0.038230
23300 -43382.41388657 6678.89818585 0.396609 5.9792 0.833953 0.104415 -0.036798
23400 -43367.22117476 6696.75984553 0.397670 5.9792 0.833953 0.104415 -0.015818
23500 -43398.25513915 6709.06698200 0.398401 5.9795 0.840569 0.102087 -0.026295
23600 -43303.58275302 6684.89932157 0.396966 5.9795 0.840569 0.102087 0.022633
23700 -43264.68577076 6763.64455961 0.401642 5.9795 0.840569 0.102087 0.034050
23800 -43342.31029882 6772.41963168 0.402163 5.9795 0.840569 0.102087 -0.010960
23900 -43284.14700063 6725.38257021 0.399370 5.9795 0.840569 0.102087 0.022399
24000 -43276.83673818 6741.81121160 0.400345 5.9761 0.833302 0.103689 0.012535
24100 -43261.50147393 6787.86375649 0.403080 5.9761 0.833302 0.103689 0.011992
24200 -43294.23961138 6873.24954766 0.408150 5.9761 0.833302 0.103689 -0.001441
24300 -43256.08361343 6720.64024999 0.399088 5.9761 0.833302 0.103689 0.001056
24400 -43243.98281069 6816.46156922 0.404778 5.9761 0.833302 0.103689 0.003601
24500 -43238.80985234 6793.65160478 0.403423 5.9758 0.831325 0.104977 0.001592
24600 -43282.22784542 6702.84980743 0.398031 5.9758 0.831325 0.104977 -0.011208
24700 -43292.10329957 6757.38819437 0.401270 5.9758 0.831325 0.104977 -0.017770
24800 -43258.51047863 6708.07695973 0.398342 5.9758 0.831325 0.104977 -0.007228
24900 -43237.66681021 6683.26781749 0.396869 5.9758 0.831325 0.104977 -0.002909
25000 -43312.97344712 6787.88445501 0.403081 5.9787 0.833814 0.103227 -0.023298
25100 -43233.98204316 6697.41378340 0.397709 5.9787 0.833814 0.103227 0.019055
25200 -43273.07436578 6700.62468126 0.397899 5.9787 0.833814 0.103227 -0.004271
25300 -43298.32047092 6735.44504175 0.399967 5.9787 0.833814 0.103227 -0.020398
25400 -43272.32737696 6750.18945431 0.400843 5.9787 0.833814 0.103227 -0.001126
25500 -43287.85820508 6710.02661209 0.398458 5.9793 0.835109 0.103767 -0.008823
25600 -43303.55645641 6772.76572170 0.402183 5.9793 0.835109 0.103767 -0.011138
25700 -43255.71884896 6656.41330707 0.395274 5.9793 0.835109 0.103767 0.005233
25800 -43321.64088773 6732.91512941 0.399817 5.9793 0.835109 0.103767 -0.014627
25900 -43315.89204476 6747.17264487 0.400663 5.9793 0.835109 0.103767 -0.000968
26000 -43297.81765920 6742.46261077 0.400384 5.9780 0.834593 0.103745 0.009343
26100 -43335.43483025 6784.31740628 0.402869 5.9780 0.834593 0.103745 -0.014243
26200 -43362.10816582 6769.59525778 0.401995 5.9780 0.834593 0.103745 -0.020079
26300 -43346.98165407 6752.36843816 0.400972 5.9780 0.834593 0.103745 -0.012012
26400 -43325.36405172 6774.03649277 0.402259 5.9780 0.834593 0.103745 -0.002891
26500 -43293.81179521 6660.62629190 0.395524 5.9779 0.833445 0.103248 0.009755
26600 -43368.33314500 6718.61442011 0.398968 5.9779 0.833445 0.103248 -0.023482
26700 -43321.41887897 6720.45556006 0.399077 5.9779 0.833445 0.103248 -0.006951
26800 -43339.67327664 6719.57725591 0.399025 5.9779 0.833445 0.103248 -0.000758
26900 -43317.74822169 6735.12023947 0.399948 5.9779 0.833445 0.103248 -0.001142
27000 -43389.55528484 6735.94828792 0.399997 5.9796 0.834203 0.103688 -0.020948
27100 -43381.69242544 6706.83515484 0.398268 5.9796 0.834203 0.103688 -0.027052
27200 -43389.18932256 6791.07524858 0.403271 5.9796 0.834203 0.103688 -0.012532
27300 -43341.45716879 6739.93752534 0.400234 5.9796 0.834203 0.103688 0.002558
27400 -43311.08968504 6762.64078949 0.401582 5.9796 0.834203 0.103688 0.009739
27500 -43344.02406924 6772.86229112 0.402189 5.9795 0.837495 0.102507 -0.008518
27600 -43305.92466981 6703.00852741 0.398041 5.9795 0.837495 0.102507 0.009359
27700 -43351.45497779 6683.69119449 0.396894 5.9795 0.837495 0.102507 -0.012366
27800 -43382.93322032 6704.78492587 0.398146 5.9795 0.837495 0.102507 -0.021544
27900 -43337.79483762 6691.40585398 0.397352 5.9795 0.837495 0.102507 0.001130
28000 -43337.93585621 6692.49486763 0.397417 5.9799 0.835458 0.102239 0.002385
28100 -43355.46025919 6692.98177947 0.397445 5.9799 0.835458 0.102239 -0.006810
28200 -43301.29930504 6715.38427328 0.398776 5.9799 0.835458 0.102239 0.016736
28300 -43331.64791698 6730.86724399 0.399695 5.9799 0.835458 0.102239 0.005910
28400 -43407.76175753 6705.39753013 0.398183 5.9799 0.835458 0.102239 -0.035380
28500 -43418.33916920 6686.47471150 0.397059 5.9798 0.836017 0.102243 -0.022990
28600 -43438.40218510 6763.21456343 0.401616 5.9798 0.836017 0.102243 -0.024897
28700 -43419.86730204 6745.70958338 0.400577 5.9798 0.836017 0.102243 -0.017335
28800 -43302.13928965 6719.16377154 0.399000 5.9798 0.836017 0.102243 0.037615
28900 -43310.81815868 6692.15442278 0.397396 5.9798 0.836017 0.102243 0.031066
29000 -43347.29716980 6733.58006101 0.399856 5.9799 0.833378 0.103601 0.001693
29100 -43355.74242959 6737.36459772 0.400081 5.9799 0.833378 0.103601 -0.003625
29200 -43339.55469725 6667.98140970 0.395961 5.9799 0.833378 0.103601 0.006130
29300 -43413.80627961 6697.25523458 0.397699 5.9799 0.833378 0.103601 -0.020613
29400 -43388.93180345 6713.18995711 0.398645 5.9799 0.833378 0.103601 -0.011566
29500 -43432.47990145 6764.59703746 0.401698 5.9827 0.836042 0.102063 -0.030858
29600 -43386.61767305 6746.51234846 0.400624 5.9827 0.836042 0.102063 -0.009454
29700 -43347.07487787 6791.26746080 0.403282 5.9827 0.836042 0.102063 0.000830
29800 -43309.42081586 6834.71974543 0.405862 5.9827 0.836042 0.102063 0.019725
29900 -43385.42747385 6767.46937007 0.401869 5.9827 0.836042 0.102063 -0.028608
30000 -43332.76022041 6807.66623090 0.404256 5.9812 0.832898 0.102979 0.007678
30100 -43292.17153909 6806.98954343 0.404216 5.9812 0.832898 0.102979 0.016999
30200 -43250.24231707 6778.95690888 0.402551 5.9812 0.832898 0.102979 0.034642
30300 -43315.38965420 6720.77778248 0.399096 5.9812 0.832898 0.102979 -0.014641
30400 -43365.62224102 6737.58700233 0.400094 5.9812 0.832898 0.102979 -0.025909
30500 -43300.26827860 6683.05157622 0.396856 5.9789 0.835864 0.103735 0.004273
30600 -43319.43825908 6741.92613239 0.400352 5.9789 0.835864 0.103735 0.008358
30700 -43268.71703634 6729.36048140 0.399606 5.9789 0.835864 0.103735 0.029515
30800 -43298.56735027 6722.59482596 0.399204 5.9789 0.835864 0.103735 0.010136
30900 -43317.94006043 6744.29951574 0.400493 5.9789 0.835864 0.103735 0.006566
31000 -43311.30315113 6697.51424642 0.397715 5.9783 0.834164 0.103749 -0.002717
31100 -43324.04343993 6683.43186021 0.396878 5.9783 0.834164 0.103749 -0.008570
31200 -43286.55482676 6673.20312610 0.396271 5.9783 0.834164 0.103749 0.011471
31300 -43273.40492592 6766.78129718 0.401828 5.9783 0.834164 0.103749 0.021159
31400 -43303.96538274 6721.17781615 0.399120 5.9783 0.834164 0.103749 0.006558
31500 -43232.22205215 6666.41669470 0.395868 5.9771 0.831589 0.104018 0.024445
31600 -43226.07753161 6660.15975195 0.395496 5.9771 0.831589 0.104018 0.025503
31700 -43306.74651076 6764.74187963 0.401707 5.9771 0.831589 0.104018 -0.001448
31800 -43335.07760108 6744.19127601 0.400486 5.9771 0.831589 0.104018 -0.019847
31900 -43300.57847360 6650.64024673 0.394931 5.9771 0.831589 0.104018 -0.004614
32000 -43349.45639992 6696.76411147 0.397670 5.9793 0.835466 0.103055 -0.026275
32100 -43371.21407304 6759.20515644 0.401378 5.9793 0.835466 0.103055 -0.025448
32200 -43321.93934968 6716.37374403 0.398835 5.9793 0.835466 0.103055 0.000405
32300 -43271.44829648 6854.77943173 0.407053 5.9793 0.835466 0.103055 0.028724
32400 -43277.12171852 6785.47991983 0.402938 5.9793 0.835466 0.103055 0.009289
32500 -43255.67909477 6663.07613947 0.395670 5.9802 0.834919 0.103248 0.002460
32600 -43333.28259550 6678.28336427 0.396573 5.9802 0.834919 0.103248 -0.014238
32700 -43320.51645912 6764.30417128 0.401681 5.9802 0.834919 0.103248 -0.004234
32800 -43327.74424916 6720.88090842 0.399102 5.9802 0.834919 0.103248 -0.015198
32900 -43348.84067761 6707.41709355 0.398303 5.9802 0.834919 0.103248 -0.015165
33000 -43272.54007250 6798.87054626 0.403733 5.9796 0.834770 0.103396 0.027673
33100 -43265.09422409 6820.45422789 0.405015 5.9796 0.834770 0.103396 0.016793
33200 -43260.54406842 6837.93113894 0.406053 5.9796 0.834770 0.103396 0.006118
33300 -43224.03914805 6785.31926134 0.402929 5.9796 0.834770 0.103396 0.012607
33400 -43268.60286247 6684.53558773 0.396944 5.9796 0.834770 0.103396 -0.007923
33500 -43255.83182651 6736.28389316 0.400017 5.9773 0.831701 0.104863 -0.000338
33600 -43227.50319632 6711.69198651 0.398557 5.9773 0.831701 0.104863 0.008142
33700 -43289.53397685 6796.69432509 0.403604 5.9773 0.831701 0.104863 -0.010917
33800 -43265.08292668 6828.41379378 0.405488 5.9773 0.831701 0.104863 -0.010737
33900 -43282.26144925 6797.34923249 0.403643 5.9773 0.831701 0.104863 -0.020268
34000 -43289.89596115 6740.77983314 0.400284 5.9777 0.832360 0.104270 -0.024690
34100 -43296.09229991 6771.72368798 0.402121 5.9777 0.832360 0.104270 -0.001843
34200 -43289.69348014 6829.06833187 0.405527 5.9777 0.832360 0.104270 -0.007438
34300 -43228.73251113 6715.66760109 0.398793 5.9777 0.832360 0.104270 0.015427
34400 -43310.28936431 6770.58941332 0.402054 5.9777 0.832360 0.104270 -0.013516
34500 -43313.51431201 6739.25050023 0.400193 5.9787 0.834498 0.103421 -0.017248
34600 -43326.77111351 6715.86586737 0.398804 5.9787 0.834498 0.103421 -0.012924
34700 -43345.08687865 6721.19754325 0.399121 5.9787 0.834498 0.103421 -0.021687
34800 -43387.71540132 6736.31223455 0.400019 5.9787 0.834498 0.103421 -0.032542
34900 -43350.16635813 6686.51247667 0.397061 5.9787 0.834498 0.103421 -0.018403
35000 -43354.83434241 6648.60893117 0.394811 5.9787 0.834057 0.103013 -0.018762
35100 -43344.52150797 6676.18525993 0.396448 5.9787 0.834057 0.103013 0.002741
35200 -43380.74323513 6793.33053175 0.403404 5.9787 0.834057 0.103013 -0.013138
35300 -43366.62206092 6786.11674583 0.402976 5.9787 0.834057 0.103013 -0.005077
35400 -43365.23666780 6765.52290322 0.401753 5.9787 0.834057 0.103013 -0.012092
35500 -43349.24653467 6783.31300016 0.402810 5.9818 0.834337 0.103327 -0.006001
35600 -43237.08898928 6777.68323453 0.402475 5.9818 0.834337 0.103327 0.035953
35700 -43288.19997115 6896.39413826 0.409525 5.9818 0.834337 0.103327 0.008127
35800 -43245.49205272 6835.57835825 0.405913 5.9818 0.834337 0.103327 0.026676
35900 -43359.97100137 6756.38924713 0.401211 5.9818 0.834337 0.103327 -0.029408
36000 -43351.71179953 6637.78388185 0.394168 5.9804 0.835652 0.103562 -0.022930
36100 -43416.82130045 6825.47441932 0.405313 5.9804 0.835652 0.103562 -0.043580
36200 -43385.12852103 6773.70623274 0.402239 5.9804 0.835652 0.103562 -0.031070
36300 -43346.99428278 6621.08546679 0.393176 5.9804 0.835652 0.103562 -0.009545
36400 -43384.59805244 6694.29591350 0.397524 5.9804 0.835652 0.103562 -0.014535
36500 -43307.18610264 6708.98164728 0.398396 5.9829 0.832727 0.103454 0.024583
36600 -43320.15314872 6732.58059617 0.399797 5.9829 0.832727 0.103454 0.004173
36700 -43313.48511589 6719.01298662 0.398991 5.9829 0.832727 0.103454 0.015271
36800 -43325.16233598 6717.50549726 0.398902 5.9829 0.832727 0.103454 0.017247
36900 -43332.29676198 6729.75811325 0.399629 5.9829 0.832727 0.103454 0.006608
37000 -43325.51284181 6663.19598547 0.395677 5.9810 0.834234 0.102363 -0.000855
37100 -43350.97984513 6704.39266987 0.398123 5.9810 0.834234 0.102363 -0.000849
37200 -43365.41391009 6719.46414884 0.399018 5.9810 0.834234 0.102363 -0.007976
37300 -43441.06040434 6699.51533394 0.397833 5.9810 0.834234 0.102363 -0.036918
37400 -43384.48761734 6699.62530623 0.397840 5.9810 0.834234 0.102363 -0.000853
37500 -43404.54394333 6675.44041831 0.396404 5.9802 0.835640 0.102583 -0.010200
37600 -43421.61502058 6699.49660241 0.397832 5.9802 0.835640 0.102583 -0.020769
37700 -43340.33123448 6748.99796501 0.400772 5.9802 0.835640 0.102583 0.021565
37800 -43303.29383894 6763.43937339 0.401629 5.9802 0.835640 0.102583 0.033471
37900 -43372.55054321 6800.70626174 0.403842 5.9802 0.835640 0.102583 -0.005621
38000 -43283.17203474 6657.37234194 0.395331 5.9766 0.831686 0.104566 0.020473
38100 -43320.48453410 6685.93982186 0.397027 5.9766 0.831686 0.104566 0.014688
38200 -43381.02500764 6766.53524311 0.401813 5.9766 0.831686 0.104566 -0.026291
38300 -43318.51375782 6721.23016317 0.399123 5.9766 0.831686 0.104566 0.006450
38400 -43336.47718671 6773.98483881 0.402256 5.9766 0.831686 0.104566 0.006569
38500 -43264.59308869 6771.31291590 0.402097 5.9746 0.829926 0.105133 0.034389
38600 -43258.15456655 6762.23592889 0.401558 5.9746 0.829926 0.105133 0.016840
38700 -43265.47119081 6749.78245918 0.400818 5.9746 0.829926 0.105133 0.011421
38800 -43251.62308894 6737.16484760 0.400069 5.9746 0.829926 0.105133 0.014163
38900 -43274.12998638 6749.75000786 0.400817 5.9746 0.829926 0.105133 -0.004678
39000 -43264.64911419 6657.08339820 0.395314 5.9766 0.833966 0.103581 0.001402
39100 -43315.29914492 6672.16147657 0.396209 5.9766 0.833966 0.103581 -0.016030
39200 -43318.97158486 6785.77057913 0.402955 5.9766 0.833966 0.103581 -0.007439
39300 -43296.70283183 6674.88559816 0.396371 5.9766 0.833966 0.103581 -0.005717
39400 -43324.74573142 6777.91538160 0.402489 5.9766 0.833966 0.103581 -0.014973
39500 -43269.18139922 6720.33717298 0.399070 5.9746 0.831766 0.104786 0.004178
39600 -43331.99813301 6703.34795049 0.398061 5.9746 0.831766 0.104786 -0.026610
39700 -43296.75903887 6732.10632499 0.399769 5.9746 0.831766 0.104786 -0.000225
39800 -43187.31419440 6717.57081198 0.398906 5.9746 0.831766 0.104786 0.040283
39900 -43315.44503907 6837.44206717 0.406024 5.9746 0.831766 0.104786 -0.014368
40000 -43230.30115957 6746.21714878 0.400607 5.9778 0.830300 0.104263 0.010260
40100 -43256.51323424 6728.29954237 0.399543 5.9778 0.830300 0.104263 0.000752
40200 -43286.10363244 6723.33512301 0.399248 5.9778 0.830300 0.104263 -0.010151
40300 -43190.23913597 6692.27913520 0.397404 5.9778 0.830300 0.104263 0.020478
40400 -43230.12806145 6685.56847091 0.397005 5.9778 0.830300 0.104263 -0.004244
40500 -43253.73158715 6668.47211208 0.395990 5.9796 0.832155 0.103516 -0.002950
40600 -43280.21472899 6671.91694598 0.396195 5.9796 0.832155 0.103516 -0.005892
40700 -43260.91845613 6823.61028503 0.405203 5.9796 0.832155 0.103516 0.007521
40800 -43239.33400516 6768.17504680 0.401911 5.9796 0.832155 0.103516 0.007476
40900 -43297.58539125 6718.39865105 0.398955 5.9796 0.832155 0.103516 -0.016109
41000 -43271.62389877 6784.93527155 0.402906 5.9802 0.833521 0.103700 -0.002496
41100 -43340.63549292 6760.11952730 0.401432 5.9802 0.833521 0.103700 -0.033079
41200 -43283.02685345 6675.68107893 0.396418 5.9802 0.833521 0.103700 -0.000195
41300 -43274.53035199 6696.11203244 0.397631 5.9802 0.833521 0.103700 0.013534
41400 -43288.29707915 6689.02005765 0.397210 5.9802 0.833521 0.103700 -0.005548
41500 -43243.78840977 6698.65059991 0.397782 5.9767 0.829610 0.104470 0.029117
41600 -43304.59537184 6755.95093564 0.401185 5.9767 0.829610 0.104470 -0.014980
41700 -43262.22936692 6761.62402144 0.401522 5.9767 0.829610 0.104470 0.020785
41800 -43261.90288551 6695.29891551 0.397583 5.9767 0.829610 0.104470 0.001144
41900 -43303.80164413 6720.20295434 0.399062 5.9767 0.829610 0.104470 -0.006925
42000 -43276.64520561 6779.83868262 0.402603 5.9748 0.831764 0.104862 0.004195
42100 -43214.27509029 6702.97002214 0.398039 5.9748 0.831764 0.104862 0.028921
42200 -43217.54007872 6736.92788107 0.400055 5.9748 0.831764 0.104862 0.019649
42300 -43293.24887233 6776.43528907 0.402401 5.9748 0.831764 0.104862 -0.017438
42400 -43313.22409885 6720.01654473 0.399051 5.9748 0.831764 0.104862 -0.024409
42500 -43235.23825702 6711.63508820 0.398553 5.9792 0.833484 0.103751 0.003385
42600 -43296.07200082 6713.51619311 0.398665 5.9792 0.833484 0.103751 -0.017350
42700 -43366.87758354 6669.23761018 0.396035 5.9792 0.833484 0.103751 -0.032725
42800 -43300.10104150 6575.01969551 0.390441 5.9792 0.833484 0.103751 -0.002621
42900 -43317.54923152 6717.58235133 0.398906 5.9792 0.833484 0.103751 0.008540
43000 -43317.50154171 6749.57532281 0.400806 5.9764 0.833731 0.103806 0.002927
43100 -43387.07250519 6763.23516597 0.401617 5.9764 0.833731 0.103806 -0.025195
43200 -43327.81582444 6679.85105822 0.396666 5.9764 0.833731 0.103806 -0.001052
43300 -43335.62588852 6729.96101467 0.399641 5.9764 0.833731 0.103806 -0.001195
43400 -43268.64047759 6728.17162021 0.399535 5.9764 0.833731 0.103806 0.019718
43500 -43231.11886313 6770.33550370 0.402039 5.9781 0.831052 0.104666 0.026726
43600 -43247.46183071 6718.16267738 0.398941 5.9781 0.831052 0.104666 0.011675
43700 -43302.65540698 6712.61761709 0.398611 5.9781 0.831052 0.104666 -0.007214
43800 -43299.02745651 6780.95996598 0.402670 5.9781 0.831052 0.104666 0.000054
43900 -43148.28843047 6667.86692390 0.395954 5.9781 0.831052 0.104666 0.061999
44000 -43242.78429315 6746.38764157 0.400617 5.9736 0.831975 0.105202 0.014810
44100 -43227.54872669 6719.32128504 0.399010 5.9736 0.831975 0.105202 0.003667
44200 -43258.24120150 6689.21320686 0.397222 5.9736 0.831975 0.105202 -0.008956
44300 -43296.67250132 6744.16912614 0.400485 5.9736 0.831975 0.105202 -0.018269
44400 -43203.12009321 6758.35648627 0.401328 5.9736 0.831975 0.105202 0.016495
44500 -43253.81361375 6753.27173882 0.401026 5.9778 0.831912 0.104117 0.000321
44600 -43257.06147778 6699.97726302 0.397861 5.9778 0.831912 0.104117 -0.005144
44700 -43223.85118382 6700.18224586 0.397873 5.9778 0.831912 0.104117 0.014518
44800 -43307.30771103 6764.62871700 0.401700 5.9778 0.831912 0.104117 -0.034720
44900 -43223.62681941 6640.83954292 0.394349 5.9778 0.831912 0.104117 0.004601
45000 -43264.89698580 6740.38872518 0.400261 5.9729 0.831728 0.104365 0.009805
45100 -43318.31461003 6757.59006286 0.401282 5.9729 0.831728 0.104365 -0.020288
45200 -43260.63875334 6665.18230306 0.395795 5.9729 0.831728 0.104365 -0.005076
45300 -43235.33863085 6742.96866664 0.400414 5.9729 0.831728 0.104365 0.011298
45400 -43291.53435251 6749.97248886 0.400830 5.9729 0.831728 0.104365 -0.025314
45500 -43220.10376311 6678.95426203 0.396612 5.9751 0.830809 0.104752 0.015065
45600 -43307.34375337 6784.87342200 0.402902 5.9751 0.830809 0.104752 -0.021671
45700 -43182.55174811 6752.08090146 0.400955 5.9751 0.830809 0.104752 0.029750
45800 -43206.45695955 6786.02871211 0.402971 5.9751 0.830809 0.104752 0.019451
45900 -43179.44306170 6742.39171677 0.400380 5.9751 0.830809 0.104752 0.023266
46000 -43226.52036683 6751.14786957 0.400900 5.9760 0.828175 0.104474 -0.005247
46100 -43208.97555184 6690.14800345 0.397277 5.9760 0.828175 0.104474 0.008603
46200 -43215.10269520 6703.87555624 0.398092 5.9760 0.828175 0.104474 0.012107
46300 -43244.29301487 6817.82473214 0.404859 5.9760 0.828175 0.104474 -0.000438
46400 -43228.11435146 6776.67108006 0.402415 5.9760 0.828175 0.104474 0.001522
46500 -43208.41500030 6856.29627482 0.407143 5.9742 0.832394 0.105127 0.011663
46600 -43148.67848174 6822.76261997 0.405152 5.9742 0.832394 0.105127 0.022038
46700 -43274.10892273 6742.98838973 0.400415 5.9742 0.832394 0.105127 -0.033778
46800 -43212.97991554 6735.64595531 0.399979 5.9742 0.832394 0.105127 0.004842
46900 -43249.65668301 6769.92770679 0.402015 5.9742 0.832394 0.105127 -0.017651
47000 -43137.10568543 6638.16463944 0.394190 5.9761 0.828547 0.105803 0.026503
47100 -43287.62285732 6631.80458126 0.393813 5.9761 0.828547 0.105803 -0.028106
47200 -43275.01117255 6694.13848782 0.397514 5.9761 0.828547 0.105803 -0.012034
47300 -43301.87578695 6708.33673711 0.398357 5.9761 0.828547 0.105803 -0.020013
47400 -43254.99438879 6772.90893462 0.402192 5.9761 0.828547 0.105803 0.000563
47500 -43317.50211669 6712.69061176 0.398616 5.9781 0.832051 0.103461 -0.021190
47600 -43328.22151536 6761.50307694 0.401514 5.9781 0.832051 0.103461 -0.025823
47700 -43299.19904823 6610.50903488 0.392548 5.9781 0.832051 0.103461 -0.010254
47800 -43322.91318276 6713.74519366 0.398678 5.9781 0.832051 0.103461 -0.001552
47900 -43213.13179577 6605.65143191 0.392260 5.9781 0.832051 0.103461 0.047201
48000 -43296.12509233 6683.95137550 0.396909 5.9779 0.834445 0.103772 0.006777
48100 -43287.26497698 6802.93442841 0.403975 5.9779 0.834445 0.103772 0.011812
48200 -43268.99202140 6713.43007450 0.398660 5.9779 0.834445 0.103772 0.023539
48300 -43257.79698395 6687.44979790 0.397117 5.9779 0.834445 0.103772 0.017988
48400 -43305.71760820 6748.55791046 0.400746 5.9779 0.834445 0.103772 -0.004054
48500 -43214.17930703 6701.01204741 0.397922 5.9777 0.830539 0.104638 0.021465
48600 -43172.59774367 6717.84071214 0.398922 5.9777 0.830539 0.104638 0.039406
48700 -43199.41348736 6803.32104098 0.403998 5.9777 0.830539 0.104638 0.024529
48800 -43203.23500144 6798.44069703 0.403708 5.9777 0.830539 0.104638 0.020963
48900 -43198.60165013 6754.86329641 0.401120 5.9777 0.830539 0.104638 0.013118
49000 -43276.93330745 6744.28597259 0.400492 5.9761 0.831826 0.104252 -0.019391
49100 -43240.46636396 6645.09401063 0.394602 5.9761 0.831826 0.104252 -0.001039
49200 -43238.51702829 6746.13229664 0.400602 5.9761 0.831826 0.104252 0.000695
49300 -43310.22360615 6804.80993413 0.404086 5.9761 0.831826 0.104252 -0.030589
49400 -43244.23452088 6828.98744352 0.405522 5.9761 0.831826 0.104252 0.000683
49500 -43280.34727844 6837.51177803 0.406028 5.9732 0.831931 0.104131 -0.013677
49600 -43186.49539197 6717.21292120 0.398884 5.9732 0.831931 0.104131 0.002997
49700 -43234.93863015 6726.64908690 0.399445 5.9732 0.831931 0.104131 -0.002987
49800 -43234.32713054 6807.56027398 0.404249 5.9732 0.831931 0.104131 -0.006931
49900 -43204.19041940 6828.27122511 0.405479 5.9732 0.831931 0.104131 0.007924
50000 -43210.31423779 6849.63609091 0.406748 5.9770 0.829995 0.104633 0.001257
50100 -43186.70643794 6823.87437664 0.405218 5.9770 0.829995 0.104633 0.006527
50200 -43154.84718837 6760.24830335 0.401440 5.9770 0.829995 0.104633 0.013925
50300 -43174.15328399 6731.48904182 0.399732 5.9770 0.829995 0.104633 -0.002166
50400 -43213.80407041 6733.79322119 0.399869 5.9770 0.829995 0.104633 -0.020154
50500 -43124.25005161 6768.24310664 0.401915 5.9768 0.830206 0.105790 0.021588
50600 -43204.96288542 6759.65503958 0.401405 5.9768 0.830206 0.105790 -0.009984
50700 -43185.45351375 6706.82531678 0.398268 5.9768 0.830206 0.105790 -0.001109
50800 -43186.76709567 6713.18347459 0.398645 5.9768 0.830206 0.105790 -0.004098
50900 -43271.30010482 6735.38873561 0.399964 5.9768 0.830206 0.105790 -0.031692
51000 -43181.74349696 6633.84308315 0.393934 5.9760 0.829662 0.105090 0.006193
51100 -43213.92082184 6714.77115622 0.398739 5.9760 0.829662 0.105090 0.005468
51200 -43169.92953733 6713.40550780 0.398658 5.9760 0.829662 0.105090 0.016222
51300 -43218.29054764 6689.53672641 0.397241 5.9760 0.829662 0.105090 -0.004162
51400 -43189.68410586 6702.14369578 0.397990 5.9760 0.829662 0.105090 0.001623
51500 -43201.43977239 6730.23267570 0.399658 5.9761 0.830872 0.104813 -0.000601
51600 -43170.50944410 6771.77268903 0.402124 5.9761 0.830872 0.104813 0.017475
51700 -43201.72316400 6721.57469339 0.399143 5.9761 0.830872 0.104813 -0.004710
51800 -43229.78168805 6705.45932421 0.398186 5.9761 0.830872 0.104813 -0.023087
51900 -43172.20904595 6689.69568180 0.397250 5.9761 0.830872 0.104813 0.013414
52000 -43237.46663279 6723.86105526 0.399279 5.9751 0.829845 0.105206 -0.007695
52100 -43161.31469733 6722.53645916 0.399201 5.9751 0.829845 0.105206 0.026688
52200 -43237.34052028 6794.51963136 0.403475 5.9751 0.829845 0.105206 -0.009000
52300 -43240.69891684 6730.61653802 0.399680 5.9751 0.829845 0.105206 -0.022574
52400 -43204.99943871 6761.29543263 0.401502 5.9751 0.829845 0.105206 0.009811
52500 -43123.32220142 6712.81458720 0.398623 5.9768 0.828351 0.105038 0.044474
52600 -43254.46364984 6803.76172954 0.404024 5.9768 0.828351 0.105038 -0.020234
52700 -43199.44936317 6755.18869792 0.401139 5.9768 0.828351 0.105038 0.004895
52800 -43284.05477269 6723.76444839 0.399273 5.9768 0.828351 0.105038 -0.025261
52900 -43308.51200298 6649.19182662 0.394845 5.9768 0.828351 0.105038 -0.022241
53000 -43331.43533269 6803.56186295 0.404012 5.9772 0.832457 0.103738 -0.031469
53100 -43344.34393211 6665.59049849 0.395819 5.9772 0.832457 0.103738 -0.042583
53200 -43295.91062752 6688.45854796 0.397177 5.9772 0.832457 0.103738 -0.015422
53300 -43240.49315781 6705.17717164 0.398170 5.9772 0.832457 0.103738 0.017243
53400 -43269.06383033 6760.28792833 0.401442 5.9772 0.832457 0.103738 0.015018
53500 -43278.57671450 6813.74350702 0.404617 5.9803 0.835405 0.102987 -0.005138
53600 -43234.51565193 6730.79828533 0.399691 5.9803 0.835405 0.102987 0.012601
53700 -43292.06045074 6787.98080522 0.403087 5.9803 0.835405 0.102987 -0.015194
53800 -43224.62300432 6669.14743042 0.396030 5.9803 0.835405 0.102987 0.014879
53900 -43233.92455049 6700.71330325 0.397905 5.9803 0.835405 0.102987 0.017670
54000 -43313.68616276 6797.17013877 0.403632 5.9768 0.829714 0.104672 -0.012257
54100 -43274.24535276 6718.28126992 0.398948 5.9768 0.829714 0.104672 -0.002454
54200 -43264.30726391 6792.64937596 0.403364 5.9768 0.829714 0.104672 0.003703
54300 -43227.89038290 6750.26463596 0.400847 5.9768 0.829714 0.104672 0.007482
54400 -43250.00704693 6743.95473176 0.400472 5.9768 0.829714 0.104672 -0.004265
54500 -43253.54644123 6801.33809684 0.403880 5.9777 0.833543 0.104564 -0.001863
54600 -43197.56800982 6642.57436356 0.394452 5.9777 0.833543 0.104564 0.011124
54700 -43278.99321402 6704.76371988 0.398145 5.9777 0.833543 0.104564 -0.015362
54800 -43257.06344081 6664.16936072 0.395735 5.9777 0.833543 0.104564 0.002569
54900 -43302.62504084 6822.15369805 0.405116 5.9777 0.833543 0.104564 -0.013572
55000 -43268.04368492 6751.11827251 0.400898 5.9768 0.833325 0.103655 0.009438
55100 -43308.48351176 6760.29914686 0.401443 5.9768 0.833325 0.103655 -0.011176
55200 -43249.87208749 6673.29093228 0.396276 5.9768 0.833325 0.103655 0.016229
55300 -43296.43968776 6688.44126497 0.397176 5.9768 0.833325 0.103655 -0.010448
55400 -43330.33845704 6668.71874746 0.396005 5.9768 0.833325 0.103655 -0.013492
55500 -43253.18578112 6754.92074492 0.401124 5.9792 0.833304 0.103980 0.021957
55600 -43360.67193647 6831.77279039 0.405687 5.9792 0.833304 0.103980 -0.020660
55700 -43316.51461028 6664.73122721 0.395768 5.9792 0.833304 0.103980 -0.015772
55800 -43235.63248565 6733.99227354 0.399881 5.9792 0.833304 0.103980 0.031096
55900 -43335.46928674 6744.60627079 0.400511 5.9792 0.833304 0.103980 -0.022494
56000 -43243.60933804 6705.06112136 0.398163 5.9765 0.830433 0.104414 0.021353
56100 -43300.21775940 6715.17634364 0.398763 5.9765 0.830433 0.104414 -0.007639
56200 -43226.86319394 6693.69481363 0.397488 5.9765 0.830433 0.104414 0.026393
56300 -43222.31795211 6664.09012847 0.395730 5.9765 0.830433 0.104414 0.027185
56400 -43283.59662636 6741.78850791 0.400344 5.9765 0.830433 0.104414 0.001766
56500 -43264.09694870 6753.59420642 0.401045 5.9759 0.831201 0.104972 0.012813
56600 -43192.21883108 6613.75069941 0.392741 5.9759 0.831201 0.104972 0.030706
56700 -43238.43794644 6632.34553660 0.393845 5.9759 0.831201 0.104972 0.019286
56800 -43300.95779569 6694.74168350 0.397550 5.9759 0.831201 0.104972 -0.014045
56900 -43316.54566998 6742.29488715 0.400374 5.9759 0.831201 0.104972 -0.001241
57000 -43289.56138237 6716.81334047 0.398861 5.9781 0.833828 0.103902 0.009341
57100 -43216.31284481 6737.93795448 0.400115 5.9781 0.833828 0.103902 0.044079
57200 -43262.72789179 6763.04336121 0.401606 5.9781 0.833828 0.103902 0.008744
57300 -43201.77071068 6741.78589822 0.400344 5.9781 0.833828 0.103902 0.035095
57400 -43227.89736200 6715.68789767 0.398794 5.9781 0.833828 0.103902 0.007647
57500 -43291.41069831 6811.54669104 0.404486 5.9796 0.835047 0.103804 -0.010115
57600 -43274.77886046 6731.87862929 0.399755 5.9796 0.835047 0.103804 -0.008008
57700 -43312.42768702 6749.70752730 0.400814 5.9796 0.835047 0.103804 -0.010119
57800 -43204.75705468 6794.62450690 0.403481 5.9796 0.835047 0.103804 0.030224
57900 -43204.54872544 6785.94593007 0.402966 5.9796 0.835047 0.103804 0.033618
58000 -43260.89415024 6688.01504605 0.397151 5.9780 0.833407 0.104166 -0.008185
58100 -43215.38816568 6673.19660036 0.396271 5.9780 0.833407 0.104166 0.014421
58200 -43313.17772963 6774.71854897 0.402299 5.9780 0.833407 0.104166 -0.016886
58300 -43283.99945605 6736.91373403 0.400054 5.9780 0.833407 0.104166 -0.002102
58400 -43244.79102356 6702.73773487 0.398025 5.9780 0.833407 0.104166 0.009736
58500 -43308.28557142 6797.51559584 0.403653 5.9793 0.833577 0.103467 -0.019524
58600 -43280.90015164 6748.68387486 0.400753 5.9793 0.833577 0.103467 -0.012013
58700 -43261.50369060 6750.78683910 0.400878 5.9793 0.833577 0.103467 0.002485
58800 -43256.35792557 6830.79281259 0.405629 5.9793 0.833577 0.103467 0.002719
58900 -43293.39499258 6803.73514667 0.404022 5.9793 0.833577 0.103467 -0.015547
59000 -43194.32274101 6765.59356873 0.401757 5.9785 0.830943 0.105679 0.013613
59100 -43149.51347117 6706.92916755 0.398274 5.9785 0.830943 0.105679 0.033897
59200 -43180.35772632 6751.54561443 0.400923 5.9785 0.830943 0.105679 0.014149
59300 -43172.89875802 6708.25389017 0.398352 5.9785 0.830943 0.105679 0.020495
59400 -43177.46560804 6775.56837484 0.402350 5.9785 0.830943 0.105679 0.020338
59500 -43208.52278492 6840.00377904 0.406176 5.9772 0.831062 0.104608 -0.011172
59600 -43097.98339799 6778.42328996 0.402519 5.9772 0.831062 0.104608 0.036643
59700 -43198.15835843 6815.57110358 0.404725 5.9772 0.831062 0.104608 -0.015189
59800 -43124.98600279 6836.71489243 0.405981 5.9772 0.831062 0.104608 0.020520
59900 -43155.27099322 6746.76580356 0.400639 5.9772 0.831062 0.104608 -0.005973
60000 -43190.01696419 6782.78527429 0.402778 5.9780 0.829365 0.104827 -0.020758
60100 -43176.97755198 6767.78791824 0.401888 5.9780 0.829365 0.104827 -0.009820
60200 -43268.70600798 6771.66575550 0.402118 5.9780 0.829365 0.104827 -0.043503
60300 -43248.39140112 6826.77246056 0.405390 5.9780 0.829365 0.104827 -0.020979
60400 -43136.97533530 6752.91653626 0.401005 5.9780 0.829365 0.104827 0.025825
60500 -43195.25164282 6810.99166520 0.404453 5.9786 0.830309 0.103953 -0.000221
60600 -43184.55651493 6697.68144761 0.397725 5.9786 0.830309 0.103953 -0.004839
60700 -43197.42151316 6797.77461216 0.403668 5.9786 0.830309 0.103953 -0.002643
60800 -43232.63944624 6755.48084172 0.401157 5.9786 0.830309 0.103953 -0.022103
60900 -43255.63474492 6727.85898062 0.399517 5.9786 0.830309 0.103953 -0.024339
61000 -43260.42528322 6732.30424362 0.399781 5.9827 0.833667 0.103453 -0.025594
61100 -43216.12411540 6736.54383901 0.400032 5.9827 0.833667 0.103453 0.003472
61200 -43300.74471063 6806.10685257 0.404163 5.9827 0.833667 0.103453 -0.033514
61300 -43317.42464046 6719.60205098 0.399026 5.9827 0.833667 0.103453 -0.035409
61400 -43274.96566936 6732.33235516 0.399782 5.9827 0.833667 0.103453 -0.004899
61500 -43283.00952937 6767.81524798 0.401889 5.9786 0.834290 0.103289 -0.007072
61600 -43220.34277224 6707.30466537 0.398296 5.9786 0.834290 0.103289 0.023234
61700 -43286.57784713 6674.36472688 0.396340 5.9786 0.834290 0.103289 -0.005234
61800 -43288.63289714 6720.54467685 0.399082 5.9786 0.834290 0.103289 -0.002914
61900 -43293.65049436 6732.43044024 0.399788 5.9786 0.834290 0.103289 0.003614
62000 -43336.10017812 6812.71540336 0.404556 5.9787 0.834638 0.103386 -0.019352
62100 -43286.18438373 6805.03657145 0.404100 5.9787 0.834638 0.103386 0.002238
62200 -43268.54344909 6735.23469244 0.399955 5.9787 0.834638 0.103386 0.002944
62300 -43224.86080149 6768.58548135 0.401935 5.9787 0.834638 0.103386 0.023049
62400 -43345.69656813 6799.16500579 0.403751 5.9787 0.834638 0.103386 -0.042806
62500 -43323.93618571 6685.75551244 0.397016 5.9811 0.833916 0.103242 -0.021580
62600 -43382.83748209 6668.50276939 0.395992 5.9811 0.833916 0.103242 -0.045126
62700 -43426.06601008 6643.71461456 0.394520 5.9811 0.833916 0.103242 -0.056729
62800 -43450.87246706 6662.55977557 0.395639 5.9811 0.833916 0.103242 -0.032839
62900 -43389.73589064 6700.47794811 0.397891 5.9811 0.833916 0.103242 -0.004969
63000 -43335.62896208 6734.24584277 0.399896 5.9802 0.833850 0.103865 0.015385
63100 -43329.23523137 6686.56214040 0.397064 5.9802 0.833850 0.103865 0.018364
63200 -43327.04946302 6746.26508895 0.400610 5.9802 0.833850 0.103865 0.026666
63300 -43388.13408697 6660.55474182 0.395520 5.9802 0.833850 0.103865 -0.015556
63400 -43420.78211817 6737.48640015 0.400088 5.9802 0.833850 0.103865 -0.023125
63500 -43290.80625026 6630.14606311 0.393714 5.9790 0.833830 0.103655 0.032555
63600 -43355.82715731 6696.82480501 0.397674 5.9790 0.833830 0.103655 0.004487
63700 -43417.53726683 6716.05631528 0.398816 5.9790 0.833830 0.103655 -0.015681
63800 -43463.36448595 6687.24430570 0.397105 5.9790 0.833830 0.103655 -0.036746
63900 -43449.27671665 6696.98743218 0.397683 5.9790 0.833830 0.103655 -0.021561
64000 -43445.20328363 6698.76973533 0.397789 5.9780 0.836777 0.102943 -0.025887
64100 -43422.62730237 6615.36294663 0.392836 5.9780 0.836777 0.102943 -0.003691
64200 -43463.41412317 6671.80858781 0.396188 5.9780 0.836777 0.102943 -0.018867
64300 -43424.42906812 6700.10442016 0.397868 5.9780 0.836777 0.102943 0.001550
64400 -43414.25442861 6680.64404640 0.396713 5.9780 0.836777 0.102943 0.007936
64500 -43428.88664547 6645.29686050 0.394614 5.9791 0.836745 0.102002 0.001612
64600 -43378.31956973 6699.07097472 0.397807 5.9791 0.836745 0.102002 0.022462
64700 -43369.62873575 6588.93689823 0.391267 5.9791 0.836745 0.102002 0.013059
64800 -43395.54739074 6678.39791012 0.396579 5.9791 0.836745 0.102002 0.015224
64900 -43401.89269822 6685.78921118 0.397018 5.9791 0.836745 0.102002 -0.000414
65000 -43467.50775599 6648.29520213 0.394792 5.9776 0.835129 0.102904 -0.018240
65100 -43426.68426807 6707.18463809 0.398289 5.9776 0.835129 0.102904 0.004304
65200 -43383.31330470 6705.52497719 0.398190 5.9776 0.835129 0.102904 0.021218
65300 -43385.95941803 6732.33819629 0.399783 5.9776 0.835129 0.102904 0.007072
65400 -43345.37772259 6808.37281570 0.404298 5.9776 0.835129 0.102904 0.022162
65500 -43266.56554530 6756.30987861 0.401206 5.9774 0.831614 0.103948 0.038579
65600 -43313.01513993 6821.89338962 0.405101 5.9774 0.831614 0.103948 0.013359
65700 -43333.84860384 6727.27985750 0.399482 5.9774 0.831614 0.103948 -0.004989
65800 -43318.77269335 6848.70196212 0.406693 5.9774 0.831614 0.103948 0.002070
65900 -43240.13850706 6823.27670793 0.405183 5.9774 0.831614 0.103948 0.024819
66000 -43244.00908875 6823.22463967 0.405180 5.9766 0.831467 0.104119 0.027966
66100 -43221.60167914 6782.02130402 0.402733 5.9766 0.831467 0.104119 0.014323
66200 -43227.55032195 6702.89967586 0.398034 5.9766 0.831467 0.104119 0.007324
66300 -43219.88756449 6653.51442833 0.395102 5.9766 0.831467 0.104119 0.022875
66400 -43292.52845396 6767.43673616 0.401867 5.9766 0.831467 0.104119 -0.016372
66500 -43250.56617463 6766.97347649 0.401839 5.9761 0.829900 0.104840 0.008372
66600 -43175.76170946 6780.71540320 0.402655 5.9761 0.829900 0.104840 0.037379
66700 -43229.95301161 6838.97537827 0.406115 5.9761 0.829900 0.104840 0.006038
66800 -43210.33426598 6772.36084156 0.402159 5.9761 0.829900 0.104840 0.002643
66900 -43282.80917439 6727.87521322 0.399518 5.9761 0.829900 0.104840 -0.026712
67000 -43275.59388758 6655.95671208 0.395247 5.9768 0.830508 0.104716 -0.026171
67100 -43213.54558491 6727.81828103 0.399514 5.9768 0.830508 0.104716 0.019409
67200 -43186.41822456 6688.11056971 0.397156 5.9768 0.830508 0.104716 0.020153
67300 -43254.60104200 6741.28966672 0.400314 5.9768 0.830508 0.104716 -0.007108
67400 -43329.17726028 6802.10390343 0.403925 5.9768 0.830508 0.104716 -0.040788
67500 -43240.28932635 6669.33228761 0.396041 5.9759 0.830752 0.104838 0.003734
67600 -43275.28252683 6704.36141019 0.398121 5.9759 0.830752 0.104838 0.003750
67700 -43256.50037674 6739.13669729 0.400186 5.9759 0.830752 0.104838 -0.002420
67800 -43278.28141313 6695.27726932 0.397582 5.9759 0.830752 0.104838 -0.006435
67900 -43267.31629397 6656.29810384 0.395267 5.9759 0.830752 0.104838 -0.001399
68000 -43205.29158586 6721.32446832 0.399129 5.9759 0.831060 0.104670 0.018491
68100 -43235.56717381 6745.93121780 0.400590 5.9759 0.831060 0.104670 0.013000
68200 -43297.80745404 6755.88733825 0.401181 5.9759 0.831060 0.104670 -0.026429
68300 -43341.90808025 6719.07390666 0.398995 5.9759 0.831060 0.104670 -0.033049
68400 -43334.98988183 6794.91424679 0.403498 5.9759 0.831060 0.104670 -0.031904
68500 -43314.12302325 6752.15141429 0.400959 5.9787 0.835388 0.103659 -0.013432
68600 -43343.64223611 6698.24022228 0.397758 5.9787 0.835388 0.103659 -0.022047
68700 -43331.94823793 6627.67429051 0.393567 5.9787 0.835388 0.103659 -0.015833
68800 -43331.60814442 6742.53943131 0.400388 5.9787 0.835388 0.103659 -0.000309
68900 -43287.64058128 6710.19566027 0.398468 5.9787 0.835388 0.103659 0.016881
69000 -43338.46573581 6732.63935902 0.399800 5.9765 0.833887 0.104648 -0.009910
69100 -43330.97998826 6673.33646410 0.396279 5.9765 0.833887 0.104648 -0.016260
69200 -43304.17338987 6704.95062567 0.398156 5.9765 0.833887 0.104648 0.012184
69300 -43298.88662368 6771.58009864 0.402113 5.9765 0.833887 0.104648 0.001830
69400 -43235.17992694 6782.72730723 0.402775 5.9765 0.833887 0.104648 0.034918
69500 -43313.90281523 6737.92878492 0.400115 5.9818 0.834240 0.102623 -0.008636
69600 -43339.61930755 6729.94759833 0.399641 5.9818 0.834240 0.102623 -0.020838
69700 -43289.27355998 6696.37032713 0.397647 5.9818 0.834240 0.102623 0.005106
69800 -43204.11548467 6700.16788746 0.397872 5.9818 0.834240 0.102623 0.039395
69900 -43223.38602923 6787.55934846 0.403062 5.9818 0.834240 0.102623 0.028442
70000 -43223.39890957 6835.04725229 0.405882 5.9789 0.831421 0.104523 0.015912
70100 -43237.31978553 6785.00492071 0.402910 5.9789 0.831421 0.104523 -0.004535
70200 -43263.33818025 6825.45264943 0.405312 5.9789 0.831421 0.104523 -0.001930
70300 -43223.09846499 6758.87632617 0.401358 5.9789 0.831421 0.104523 0.001683
70400 -43254.12282641 6662.02339397 0.395607 5.9789 0.831421 0.104523 -0.014690
70500 -43261.37198208 6752.36490471 0.400972 5.9791 0.833378 0.104203 -0.013871
70600 -43277.67104502 6662.39938715 0.395629 5.9791 0.833378 0.104203 -0.013348
70700 -43320.59956411 6690.71718891 0.397311 5.9791 0.833378 0.104203 -0.024908
70800 -43329.12172390 6618.28946594 0.393010 5.9791 0.833378 0.104203 -0.021789
70900 -43358.88564449 6688.28803074 0.397167 5.9791 0.833378 0.104203 -0.022851
71000 -43341.58587083 6684.99563558 0.396971 5.9780 0.833465 0.103193 0.001137
71100 -43378.66186230 6725.81048179 0.399395 5.9780 0.833465 0.103193 -0.012571
71200 -43354.17831295 6696.09087851 0.397630 5.9780 0.833465 0.103193 -0.004427
71300 -43365.41422552 6658.01498459 0.395369 5.9780 0.833465 0.103193 -0.001791
71400 -43328.06710435 6706.10176559 0.398225 5.9780 0.833465 0.103193 0.013057
71500 -43256.11025942 6706.56427521 0.398252 5.9774 0.831228 0.104409 0.041148
71600 -43263.09366327 6698.21545070 0.397756 5.9774 0.831228 0.104409 0.025614
71700 -43192.07903828 6730.63666455 0.399682 5.9774 0.831228 0.104409 0.043978
71800 -43216.91864259 6656.61657153 0.395286 5.9774 0.831228 0.104409 0.029674
71900 -43311.59553378 6686.30018028 0.397049 5.9774 0.831228 0.104409 -0.015588
72000 -43301.53917649 6719.58256781 0.399025 5.9785 0.833307 0.104015 0.001592
72100 -43353.93647448 6708.47890823 0.398366 5.9785 0.833307 0.104015 -0.022947
72200 -43325.01045151 6771.47899260 0.402107 5.9785 0.833307 0.104015 -0.005337
72300 -43292.82771770 6712.78784108 0.398622 5.9785 0.833307 0.104015 0.014628
72400 -43320.98775975 6721.67664430 0.399149 5.9785 0.833307 0.104015 0.011862
72500 -43184.84779291 6645.99577682 0.394655 5.9772 0.830646 0.104186 0.050835
72600 -43270.22007604 6721.31147373 0.399128 5.9772 0.830646 0.104186 0.011523
72700 -43312.04477844 6732.62096031 0.399799 5.9772 0.830646 0.104186 -0.007050
72800 -43294.72297347 6685.87556102 0.397023 5.9772 0.830646 0.104186 0.001797
72900 -43316.81614977 6740.43093897 0.400263 5.9772 0.830646 0.104186 -0.000559
73000 -43308.14121681 6713.34490806 0.398655 5.9786 0.831709 0.104288 -0.001222
73100 -43228.82153987 6632.35281974 0.393845 5.9786 0.831709 0.104288 0.030582
73200 -43274.70738618 6711.14491538 0.398524 5.9786 0.831709 0.104288 0.015328
73300 -43247.73411325 6749.69970667 0.400814 5.9786 0.831709 0.104288 0.024250
73400 -43225.40944981 6778.17457796 0.402504 5.9786 0.831709 0.104288 0.023679
73500 -43191.78383473 6729.84365236 0.399634 5.9758 0.827098 0.105883 0.028020
73600 -43244.52016461 6743.41073575 0.400440 5.9758 0.827098 0.105883 0.004270
73700 -43221.65948359 6768.33793330 0.401920 5.9758 0.827098 0.105883 0.001461
73800 -43262.92794509 6657.14826559 0.395318 5.9758 0.827098 0.105883 -0.004568
73900 -43254.46774028 6748.00412130 0.400713 5.9758 0.827098 0.105883 -0.008548
74000 -43218.15204330 6679.83458052 0.396665 5.9787 0.834170 0.103658 0.016020
74100 -43280.40511989 6725.79630827 0.399394 5.9787 0.834170 0.103658 -0.006777
74200 -43283.27644713 6678.74460924 0.396600 5.9787 0.834170 0.103658 -0.010152
74300 -43253.62419140 6657.47454244 0.395337 5.9787 0.834170 0.103658 0.004664
74400 -43241.45632679 6716.81654862 0.398861 5.9787 0.834170 0.103658 0.009566
74500 -43317.88399073 6753.98545546 0.401068 5.9755 0.832156 0.104992 -0.021895
74600 -43208.21584842 6690.22591130 0.397282 5.9755 0.832156 0.104992 0.023773
74700 -43232.31898573 6790.39904543 0.403230 5.9755 0.832156 0.104992 0.007024
74800 -43199.72934799 6725.51727766 0.399378 5.9755 0.832156 0.104992 0.013568
74900 -43216.38661577 6690.22815846 0.397282 5.9755 0.832156 0.104992 -0.003168
75000 -43285.05865106 6757.82398219 0.401296 5.9806 0.833605 0.103459 -0.018268
75100 -43256.79725052 6711.58547021 0.398550 5.9806 0.833605 0.103459 -0.003338
75200 -43245.37285640 6704.15249406 0.398109 5.9806 0.833605 0.103459 -0.001497
75300 -43276.44731123 6732.93430454 0.399818 5.9806 0.833605 0.103459 -0.007975
75400 -43255.15156523 6732.23206202 0.399776 5.9806 0.833605 0.103459 0.002529
75500 -43238.52136108 6709.97624837 0.398455 5.9746 0.831416 0.104409 0.021599
75600 -43268.34760380 6701.98616948 0.397980 5.9746 0.831416 0.104409 -0.007533
75700 -43272.75259570 6702.23993642 0.397995 5.9746 0.831416 0.104409 -0.008265
75800 -43280.41402318 6647.89119410 0.394768 5.9746 0.831416 0.104409 0.000300
75900 -43317.78250681 6660.84259625 0.395537 5.9746 0.831416 0.104409 -0.023319
76000 -43408.13300268 6668.90558930 0.396016 5.9771 0.836427 0.103067 -0.034286
76100 -43341.02669820 6667.37799277 0.395925 5.9771 0.836427 0.103067 -0.007507
76200 -43318.30144689 6726.37148056 0.399428 5.9771 0.836427 0.103067 0.009039
76300 -43311.85693862 6709.58689972 0.398432 5.9771 0.836427 0.103067 0.018097
76400 -43400.51037137 6704.35087151 0.398121 5.9771 0.836427 0.103067 -0.016380
76500 -43336.65912838 6697.15336461 0.397693 5.9808 0.835610 0.103397 0.010280
76600 -43384.63079959 6709.28338299 0.398414 5.9808 0.835610 0.103397 -0.005898
76700 -43397.84548474 6737.12603183 0.400067 5.9808 0.835610 0.103397 -0.003594
76800 -43398.26932595 6704.20939270 0.398112 5.9808 0.835610 0.103397 -0.012957
76900 -43380.88734809 6632.36745342 0.393846 5.9808 0.835610 0.103397 0.001922
77000 -43431.45812404 6687.34520430 0.397111 5.9762 0.835503 0.102823 -0.005750
77100 -43376.59298680 6591.56169268 0.391423 5.9762 0.835503 0.102823 0.007469
77200 -43406.25165651 6743.39517512 0.400439 5.9762 0.835503 0.102823 0.003182
77300 -43444.13883555 6655.35253797 0.395211 5.9762 0.835503 0.102823 -0.024944
77400 -43409.62801527 6635.01286553 0.394003 5.9762 0.835503 0.102823 -0.005879
77500 -43370.64134921 6697.48913459 0.397713 5.9784 0.835604 0.102623 0.014777
77600 -43326.33151660 6709.06573679 0.398401 5.9784 0.835604 0.102623 0.029307
77700 -43329.88968468 6737.22998826 0.400073 5.9784 0.835604 0.102623 0.025705
77800 -43311.98023877 6699.27862489 0.397819 5.9784 0.835604 0.102623 0.030166
77900 -43316.78526061 6710.11156506 0.398463 5.9784 0.835604 0.102623 0.013230
78000 -43395.76448237 6694.74458995 0.397550 5.9761 0.834585 0.103500 -0.011974
78100 -43270.90708419 6697.30496466 0.397702 5.9761 0.834585 0.103500 0.036891
78200 -43322.11632185 6711.83971037 0.398565 5.9761 0.834585 0.103500 0.007376
78300 -43360.32655099 6755.44020971 0.401154 5.9761 0.834585 0.103500 -0.020864
78400 -43338.64958866 6666.75790711 0.395888 5.9761 0.834585 0.103500 -0.002258
78500 -43353.68794898 6825.54364580 0.405317 5.9759 0.832677 0.104109 -0.003699
78600 -43282.83177960 6713.87390972 0.398686 5.9759 0.832677 0.104109 0.018578
78700 -43297.23385839 6742.20110321 0.400368 5.9759 0.832677 0.104109 0.002634
78800 -43324.31038753 6767.71156155 0.401883 5.9759 0.832677 0.104109 0.000511
78900 -43343.17104500 6776.27034561 0.402391 5.9759 0.832677 0.104109 -0.015731
79000 -43261.57066926 6708.97636946 0.398395 5.9753 0.830798 0.103937 0.025041
79100 -43350.78603142 6748.35855094 0.400734 5.9753 0.830798 0.103937 -0.016336
79200 -43244.35363750 6687.60630993 0.397126 5.9753 0.830798 0.103937 0.019040
79300 -43252.70761585 6632.76679797 0.393870 5.9753 0.830798 0.103937 0.024339
79400 -43375.07645982 6715.64422350 0.398791 5.9753 0.830798 0.103937 -0.023509
79500 -43334.42530036 6664.30292651 0.395742 5.9772 0.834538 0.103869 -0.001157
79600 -43310.68020797 6721.85408293 0.399160 5.9772 0.834538 0.103869 0.010777
79700 -43299.76318373 6658.55523880 0.395401 5.9772 0.834538 0.103869 0.010220
79800 -43370.74378641 6645.74491901 0.394640 5.9772 0.834538 0.103869 -0.018270
79900 -43221.15132999 6624.67318105 0.393389 5.9772 0.834538 0.103869 0.046762
80000 -43250.74481498 6698.54060514 0.397776 5.9748 0.833105 0.104566 0.020774
80100 -43345.48261002 6744.15759519 0.400484 5.9748 0.833105 0.104566 -0.018455
80200 -43331.65461418 6809.81813051 0.404383 5.9748 0.833105 0.104566 -0.006563
80300 -43332.33683523 6751.28680760 0.400908 5.9748 0.833105 0.104566 -0.018127
80400 -43321.38943137 6749.69572235 0.400813 5.9748 0.833105 0.104566 -0.010856
80500 -43279.02204180 6727.14007885 0.399474 5.9773 0.833184 0.103886 0.019071
80600 -43303.38204442 6735.17010569 0.399951 5.9773 0.833184 0.103886 -0.005863
80700 -43325.56679031 6720.56747806 0.399084 5.9773 0.833184 0.103886 -0.020099
80800 -43363.94981417 6679.70206294 0.396657 5.9773 0.833184 0.103886 -0.032347
80900 -43342.99986784 6786.73840292 0.403013 5.9773 0.833184 0.103886 -0.010248
81000 -43257.13426034 6677.96168659 0.396554 5.9777 0.831243 0.104691 0.020641
81100 -43317.80424607 6685.25393259 0.396987 5.9777 0.831243 0.104691 -0.010313
81200 -43306.46539714 6740.03657891 0.400240 5.9777 0.831243 0.104691 0.006267
81300 -43228.30976674 6705.79505211 0.398206 5.9777 0.831243 0.104691 0.027724
81400 -43319.19662987 6699.81220385 0.397851 5.9777 0.831243 0.104691 -0.022109
81500 -43347.84561100 6790.58669180 0.403241 5.9778 0.832749 0.103633 -0.018213
81600 -43372.17246009 6735.25222091 0.399956 5.9778 0.832749 0.103633 -0.029917
81700 -43231.83126432 6675.66452085 0.396417 5.9778 0.832749 0.103633 0.031173
81800 -43274.35267291 6774.12284187 0.402264 5.9778 0.832749 0.103633 0.003710
81900 -43251.90610848 6690.26844839 0.397284 5.9778 0.832749 0.103633 0.009438
82000 -43250.22366917 6820.08658952 0.404993 5.9743 0.828879 0.104823 0.014761
82100 -43182.70616809 6745.70829470 0.400577 5.9743 0.828879 0.104823 0.027689
82200 -43193.87937408 6782.61990331 0.402768 5.9743 0.828879 0.104823 0.018639
82300 -43209.04482904 6763.67221444 0.401643 5.9743 0.828879 0.104823 0.006993
82400 -43136.75316640 6739.50215870 0.400208 5.9743 0.828879 0.104823 0.024417
82500 -43186.39142723 6681.85187960 0.396785 5.9716 0.829261 0.106340 0.001480
82600 -43224.90007610 6731.40830676 0.399727 5.9716 0.829261 0.106340 -0.024070
82700 -43236.71491481 6780.32138696 0.402632 5.9716 0.829261 0.106340 -0.017386
82800 -43208.69428654 6718.04484740 0.398934 5.9716 0.829261 0.106340 -0.007106
82900 -43223.10808117 6732.08399174 0.399767 5.9716 0.829261 0.106340 0.003170
83000 -43182.85653326 6645.77681059 0.394642 5.9730 0.830849 0.105524 0.009628
83100 -43185.35942745 6716.86213284 0.398864 5.9730 0.830849 0.105524 0.015507
83200 -43180.25436204 6769.19189397 0.401971 5.9730 0.830849 0.105524 0.023220
83300 -43204.95741799 6658.49080186 0.395397 5.9730 0.830849 0.105524 -0.005186
83400 -43157.90060938 6638.16554893 0.394190 5.9730 0.830849 0.105524 0.027128
83500 -43199.99472415 6753.89494601 0.401063 5.9736 0.831758 0.105238 0.003032
83600 -43222.02008933 6750.78191697 0.400878 5.9736 0.831758 0.105238 0.001655
83700 -43186.25223727 6673.64528560 0.396297 5.9736 0.831758 0.105238 0.006434
83800 -43226.36052277 6662.97734199 0.395664 5.9736 0.831758 0.105238 -0.013294
83900 -43131.60494555 6643.23586185 0.394491 5.9736 0.831758 0.105238 0.039703
84000 -43243.10287194 6703.72661896 0.398084 5.9740 0.831451 0.104732 -0.035757
84100 -43176.51117713 6605.09878056 0.392227 5.9740 0.831451 0.104732 0.009726
84200 -43163.73395059 6676.28397840 0.396454 5.9740 0.831451 0.104732 0.035326
84300 -43152.46333564 6690.70201662 0.397310 5.9740 0.831451 0.104732 0.032749
84400 -43284.10902432 6726.39372251 0.399430 5.9740 0.831451 0.104732 -0.031562
84500 -43168.18428580 6723.17388099 0.399238 5.9720 0.829580 0.105380 0.026800
84600 -43183.66222966 6790.93628295 0.403262 5.9720 0.829580 0.105380 0.015059
84700 -43213.49074797 6797.11291147 0.403629 5.9720 0.829580 0.105380 -0.009486
84800 -43099.80021426 6715.90432764 0.398807 5.9720 0.829580 0.105380 0.023275
84900 -43212.94720956 6871.16538244 0.408026 5.9720 0.829580 0.105380 -0.019556
85000 -43134.28690137 6751.80553466 0.400939 5.9721 0.829710 0.105792 0.009065
85100 -43192.05170156 6765.25573171 0.401737 5.9721 0.829710 0.105792 -0.025307
85200 -43184.19668404 6846.21451237 0.406545 5.9721 0.829710 0.105792 -0.020866
85300 -43140.67173358 6716.27250602 0.398829 5.9721 0.829710 0.105792 -0.002924
85400 -43174.69644336 6752.64768668 0.400989 5.9721 0.829710 0.105792 -0.010052
85500 -43122.35348971 6754.19427080 0.401080 5.9754 0.827257 0.105589 0.022169
85600 -43143.65336910 6752.66272824 0.400989 5.9754 0.827257 0.105589 0.010496
85700 -43086.20905086 6818.75720024 0.404914 5.9754 0.827257 0.105589 0.035421
85800 -43125.94794795 6740.39843324 0.400261 5.9754 0.827257 0.105589 0.002973
85900 -43148.71239298 6787.18580456 0.403040 5.9754 0.827257 0.105589 -0.005602
86000 -43208.84821912 6676.89381672 0.396490 5.9749 0.830126 0.104951 -0.037136
86100 -43172.18245025 6601.52737267 0.392015 5.9749 0.830126 0.104951 -0.008265
86200 -43191.79968116 6746.96814575 0.400651 5.9749 0.830126 0.104951 0.000320
86300 -43163.03576587 6714.50609200 0.398724 5.9749 0.830126 0.104951 0.008629
86400 -43202.65762288 6634.37856638 0.393965 5.9749 0.830126 0.104951 -0.000301
86500 -43161.94702567 6646.29563577 0.394673 5.9770 0.829367 0.104867 0.016555
86600 -43190.49187630 6666.70653733 0.395885 5.9770 0.829367 0.104867 0.007446
86700 -43264.64065999 6756.56474534 0.401221 5.9770 0.829367 0.104867 -0.010708
86800 -43183.81458011 6786.35266462 0.402990 5.9770 0.829367 0.104867 0.022608
86900 -43206.84813620 6847.90997433 0.406645 5.9770 0.829367 0.104867 0.000689
87000 -43158.96327050 6835.82917599 0.405928 5.9747 0.826307 0.105188 0.015725
87100 -43174.09623593 6735.81181484 0.399989 5.9747 0.826307 0.105188 0.005221
87200 -43179.19082857 6732.39122621 0.399786 5.9747 0.826307 0.105188 -0.000580
87300 -43191.43272949 6694.50480517 0.397536 5.9747 0.826307 0.105188 -0.004756
87400 -43212.92448687 6713.33471517 0.398654 5.9747 0.826307 0.105188 -0.006321
87500 -43233.63946177 6719.04881702 0.398993 5.9758 0.831228 0.104634 -0.012946
87600 -43224.15575619 6667.37908465 0.395925 5.9758 0.831228 0.104634 -0.006916
87700 -43179.37844719 6655.83393961 0.395240 5.9758 0.831228 0.104634 0.020149
87800 -43294.13431594 6779.11100976 0.402560 5.9758 0.831228 0.104634 -0.033695
87900 -43263.00141188 6741.36570827 0.400319 5.9758 0.831228 0.104634 -0.006762
88000 -43307.29788686 6800.72568564 0.403844 5.9742 0.833440 0.104311 -0.031444
88100 -43195.46878950 6676.60787770 0.396473 5.9742 0.833440 0.104311 0.021904
88200 -43193.31020896 6766.46504016 0.401809 5.9742 0.833440 0.104311 0.021547
88300 -43230.55661164 6724.41041799 0.399312 5.9742 0.833440 0.104311 -0.006303
88400 -43298.71281295 6624.63973922 0.393387 5.9742 0.833440 0.104311 -0.035492
88500 -43289.61471484 6672.05877915 0.396203 5.9771 0.832751 0.104096 -0.023416
88600 -43325.53067985 6713.91274067 0.398688 5.9771 0.832751 0.104096 -0.034838
88700 -43210.85873200 6681.41930566 0.396759 5.9771 0.832751 0.104096 0.035746
88800 -43287.36919916 6723.36040586 0.399249 5.9771 0.832751 0.104096 -0.000343
88900 -43268.26403420 6719.95839905 0.399047 5.9771 0.832751 0.104096 0.001053
89000 -43244.69398493 6643.93190263 0.394533 5.9765 0.831246 0.104189 0.014814
89100 -43331.14565343 6697.93049792 0.397739 5.9765 0.831246 0.104189 -0.019682
89200 -43338.30521101 6694.16302402 0.397516 5.9765 0.831246 0.104189 -0.014747
89300 -43320.27468377 6799.13713620 0.403749 5.9765 0.831246 0.104189 0.003268
89400 -43223.23405224 6678.43457341 0.396582 5.9765 0.831246 0.104189 0.034718
89500 -43335.76735025 6710.06792052 0.398460 5.9808 0.832629 0.103312 -0.025272
89600 -43237.96138740 6738.03142009 0.400121 5.9808 0.832629 0.103312 0.031304
89700 -43232.76510995 6750.58802489 0.400866 5.9808 0.832629 0.103312 0.021353
89800 -43199.84903203 6751.25906854 0.400906 5.9808 0.832629 0.103312 0.036767
89900 -43234.32370713 6787.64361037 0.403067 5.9808 0.832629 0.103312 0.012232
90000 -43217.97240799 6692.22681141 0.397401 5.9772 0.830887 0.104897 0.009401
90100 -43252.30510774 6732.91779592 0.399817 5.9772 0.830887 0.104897 -0.004415
90200 -43250.04511342 6774.70930407 0.402299 5.9772 0.830887 0.104897 0.002414
90300 -43245.17053040 6729.73983915 0.399628 5.9772 0.830887 0.104897 0.000981
90400 -43185.88138120 6775.10572532 0.402322 5.9772 0.830887 0.104897 0.023302
90500 -43170.03788401 6707.98422989 0.398336 5.9746 0.831097 0.105078 0.020825
90600 -43237.77570092 6722.88607902 0.399221 5.9746 0.831097 0.105078 -0.007146
90700 -43192.21948770 6680.07507135 0.396679 5.9746 0.831097 0.105078 0.017559
90800 -43174.68929653 6693.16707967 0.397456 5.9746 0.831097 0.105078 0.021248
90900 -43293.51011505 6755.63205071 0.401166 5.9746 0.831097 0.105078 -0.019831
91000 -43226.90926645 6862.11522825 0.407489 5.9730 0.832260 0.104969 0.005660
91100 -43148.45384954 6770.80131081 0.402067 5.9730 0.832260 0.104969 0.033125
91200 -43212.37158495 6698.61152426 0.397780 5.9730 0.832260 0.104969 -0.005239
91300 -43265.49930481 6734.16855287 0.399891 5.9730 0.832260 0.104969 -0.031164
91400 -43211.70320952 6736.69950867 0.400042 5.9730 0.832260 0.104969 -0.000519
91500 -43137.93972313 6701.78776936 0.397968 5.9735 0.829131 0.105951 0.019512
91600 -43184.20233460 6746.08239621 0.400599 5.9735 0.829131 0.105951 0.006623
91700 -43134.79251363 6799.23124105 0.403755 5.9735 0.829131 0.105951 0.027390
91800 -43185.07491544 6797.42767000 0.403648 5.9735 0.829131 0.105951 -0.001011
91900 -43039.84605802 6702.49302346 0.398010 5.9735 0.829131 0.105951 0.050737
92000 -43098.92059504 6835.41188506 0.405903 5.9695 0.829161 0.107031 0.024965
92100 -43068.55257755 6720.63811102 0.399088 5.9695 0.829161 0.107031 0.022012
92200 -43133.72114542 6721.84198957 0.399159 5.9695 0.829161 0.107031 -0.016406
92300 -43128.64157345 6744.05114819 0.400478 5.9695 0.829161 0.107031 0.002137
92400 -43104.04115473 6776.19307370 0.402387 5.9695 0.829161 0.107031 0.018858
92500 -43141.02786601 6818.47390420 0.404898 5.9708 0.828642 0.105578 -0.003581
92600 -43114.40495268 6724.99746258 0.399347 5.9708 0.828642 0.105578 0.004990
92700 -43138.40699155 6753.08150917 0.401014 5.9708 0.828642 0.105578 0.002222
92800 -43132.77345874 6743.25913628 0.400431 5.9708 0.828642 0.105578 -0.003029
92900 -43181.02526494 6703.22041354 0.398053 5.9708 0.828642 0.105578 -0.023856
93000 -43272.66791024 6719.98391606 0.399049 5.9736 0.835581 0.104401 -0.047422
93100 -43197.55174406 6754.53246139 0.401101 5.9736 0.835581 0.104401 -0.007701
93200 -43195.31621689 6751.71665231 0.400933 5.9736 0.835581 0.104401 -0.005567
93300 -43197.78659784 6752.29042778 0.400967 5.9736 0.835581 0.104401 -0.009212
93400 -43170.06729487 6725.99783260 0.399406 5.9736 0.835581 0.104401 0.013210
93500 -43206.89096338 6742.67663594 0.400396 5.9727 0.829916 0.105443 -0.017718
93600 -43242.17961505 6746.45273366 0.400621 5.9727 0.829916 0.105443 -0.020427
93700 -43203.94145162 6663.26663066 0.395681 5.9727 0.829916 0.105443 -0.006896
93800 -43227.53355565 6702.81133013 0.398029 5.9727 0.829916 0.105443 -0.015608
93900 -43249.32661467 6778.27109024 0.402510 5.9727 0.829916 0.105443 -0.018132
94000 -43216.69820660 6679.59543433 0.396651 5.9774 0.833693 0.104100 0.004955
94100 -43238.87393892 6698.59127050 0.397779 5.9774 0.833693 0.104100 0.010413
94200 -43232.14134630 6738.66114635 0.400158 5.9774 0.833693 0.104100 -0.002203
94300 -43204.14173311 6605.20929666 0.392233 5.9774 0.833693 0.104100 0.001292
94400 -43367.13826616 6666.42303306 0.395868 5.9774 0.833693 0.104100 -0.053737
94500 -43318.72391935 6751.38019475 0.400913 5.9759 0.837275 0.104022 -0.015326
94600 -43316.20222714 6779.72688626 0.402597 5.9759 0.837275 0.104022 -0.005857
94700 -43346.06674786 6804.93455063 0.404094 5.9759 0.837275 0.104022 -0.024036
94800 -43276.07077189 6790.21840969 0.403220 5.9759 0.837275 0.104022 0.001323
94900 -43292.03006610 6710.27773686 0.398473 5.9759 0.837275 0.104022 -0.011907
95000 -43236.51915553 6685.63650043 0.397009 5.9757 0.833232 0.104594 0.012038
95100 -43344.39204494 6720.78274092 0.399096 5.9757 0.833232 0.104594 -0.025842
95200 -43231.33315139 6651.65198370 0.394991 5.9757 0.833232 0.104594 0.010957
95300 -43272.67496559 6731.84484115 0.399753 5.9757 0.833232 0.104594 -0.002138
95400 -43255.45632074 6751.53469503 0.400922 5.9757 0.833232 0.104594 -0.000899
95500 -43203.89165481 6741.03733108 0.400299 5.9738 0.825924 0.104948 0.022051
95600 -43205.16901583 6653.48996901 0.395100 5.9738 0.825924 0.104948 0.018874
95700 -43221.67913076 6734.83330887 0.399931 5.9738 0.825924 0.104948 0.026450
95800 -43264.36484837 6679.21338537 0.396628 5.9738 0.825924 0.104948 -0.006550
95900 -43305.71873735 6732.65133988 0.399801 5.9738 0.825924 0.104948 -0.027669
96000 -43299.49130824 6662.46040205 0.395633 5.9768 0.834299 0.103173 -0.017963
96100 -43319.98546971 6686.78575091 0.397078 5.9768 0.834299 0.103173 -0.027357
96200 -43274.32983169 6659.24656059 0.395442 5.9768 0.834299 0.103173 0.004732
96300 -43281.17235355 6702.60992794 0.398017 5.9768 0.834299 0.103173 0.001309
96400 -43264.36450316 6716.61961797 0.398849 5.9768 0.834299 0.103173 0.023330
96500 -43218.29931246 6696.05355082 0.397628 5.9740 0.832787 0.104393 0.020545
96600 -43330.21490352 6731.42346749 0.399728 5.9740 0.832787 0.104393 -0.033825
96700 -43286.69546064 6688.64091895 0.397188 5.9740 0.832787 0.104393 0.000217
96800 -43235.57826207 6777.97946539 0.402493 5.9740 0.832787 0.104393 0.029379
96900 -43211.72750717 6755.22260785 0.401141 5.9740 0.832787 0.104393 0.029578
97000 -43238.20596251 6711.98091652 0.398574 5.9739 0.832872 0.104451 0.006097
97100 -43223.85877760 6759.09583764 0.401371 5.9739 0.832872 0.104451 0.018469
97200 -43261.83787359 6734.77412199 0.399927 5.9739 0.832872 0.104451 -0.008707
97300 -43314.84415378 6719.05303377 0.398994 5.9739 0.832872 0.104451 -0.026386
97400 -43158.55492658 6719.70202031 0.399032 5.9739 0.832872 0.104451 0.035094
97500 -43206.78813866 6725.27430894 0.399363 5.9743 0.830578 0.105164 0.021290
97600 -43266.80331569 6796.59854112 0.403598 5.9743 0.830578 0.105164 -0.014774
97700 -43234.59967489 6704.36198536 0.398121 5.9743 0.830578 0.105164 -0.006085
97800 -43331.75101803 6704.50405458 0.398130 5.9743 0.830578 0.105164 -0.043839
97900 -43176.74039096 6702.88114436 0.398033 5.9743 0.830578 0.105164 0.042392
98000 -43269.53372918 6728.02376746 0.399526 5.9771 0.833103 0.103766 -0.008007
98100 -43266.50540375 6745.86363110 0.400586 5.9771 0.833103 0.103766 -0.007177
98200 -43268.78251687 6718.30779720 0.398949 5.9771 0.833103 0.103766 -0.013726
98300 -43233.66451450 6690.55691094 0.397301 5.9771 0.833103 0.103766 0.014671
98400 -43206.93720931 6741.74832823 0.400341 5.9771 0.833103 0.103766 0.017692
98500 -43218.27428129 6733.20818606 0.399834 5.9740 0.831022 0.105046 0.013975
98600 -43240.16586017 6767.63784440 0.401879 5.9740 0.831022 0.105046 -0.001064
98700 -43249.65706359 6682.77858986 0.396840 5.9740 0.831022 0.105046 -0.023556
98800 -43254.37104422 6735.98189916 0.399999 5.9740 0.831022 0.105046 -0.008856
98900 -43247.24167318 6804.78477856 0.404085 5.9740 0.831022 0.105046 0.001062
99000 -43139.35072518 6771.47161377 0.402106 5.9753 0.830497 0.105349 0.038948
99100 -43215.37594419 6672.88726753 0.396252 5.9753 0.830497 0.105349 -0.002309
99200 -43171.55841100 6680.03591512 0.396677 5.9753 0.830497 0.105349 0.030016
99300 -43235.46937073 6737.47625014 0.400088 5.9753 0.830497 0.105349 -0.009701
99400 -43229.17956831 6651.60439939 0.394988 5.9753 0.830497 0.105349 -0.002786
99500 -43264.72017005 6690.07666561 0.397273 5.9776 0.832198 0.104303 -0.007576
99600 -43250.27964190 6633.17201185 0.393894 5.9776 0.832198 0.104303 0.007021
99700 -43239.90320182 6657.68089187 0.395349 5.9776 0.832198 0.104303 0.006324
99800 -43255.73573837 6692.40533695 0.397411 5.9776 0.832198 0.104303 0.008117
99900 -43251.46427052 6756.03874084 0.401190 5.9776 0.832198 0.104303 0.012293
100000 -43196.29285679 6682.12307221 0.396801 5.9740 0.830988 0.105642 0.029608
100100 -43187.31979175 6680.57712434 0.396709 5.9740 0.830988 0.105642 0.026168
100200 -43236.15093136 6636.93839075 0.394117 5.9740 0.830988 0.105642 0.010324
100300 -43217.13335419 6666.67597258 0.395883 5.9740 0.830988 0.105642 0.009481
100400 -43194.62421834 6770.22971118 0.402033 5.9740 0.830988 0.105642 0.023862
100500 -43185.38295328 6750.16465480 0.400841 5.9758 0.829225 0.104607 0.019055
100600 -43237.97062472 6772.12512694 0.402145 5.9758 0.829225 0.104607 -0.003752
100700 -43236.72877516 6738.45000164 0.400145 5.9758 0.829225 0.104607 -0.013649
100800 -43197.01585259 6741.61468265 0.400333 5.9758 0.829225 0.104607 0.006821
100900 -43186.25514332 6695.52060987 0.397596 5.9758 0.829225 0.104607 0.011366
101000 -43192.51564270 6697.81194163 0.397732 5.9723 0.831542 0.105012 0.010542
101100 -43195.66032618 6783.59635476 0.402826 5.9723 0.831542 0.105012 0.002474
101200 -43154.73427951 6670.72189025 0.396124 5.9723 0.831542 0.105012 0.025163
101300 -43205.97804169 6653.20626006 0.395084 5.9723 0.831542 0.105012 -0.004261
101400 -43203.47971887 6695.72606289 0.397608 5.9723 0.831542 0.105012 0.001969
101500 -43245.35392462 6731.13518407 0.399711 5.9776 0.832200 0.103972 -0.019285
101600 -43208.75985686 6781.03278938 0.402674 5.9776 0.832200 0.103972 0.009170
101700 -43185.52677518 6820.53529127 0.405020 5.9776 0.832200 0.103972 0.023647
101800 -43136.81066571 6720.83216256 0.399099 5.9776 0.832200 0.103972 0.028782
101900 -43175.69952489 6745.70485680 0.400576 5.9776 0.832200 0.103972 0.007952
102000 -43107.54965039 6684.25747644 0.396927 5.9721 0.827036 0.106497 0.032825
102100 -43140.83175584 6690.22722953 0.397282 5.9721 0.827036 0.106497 0.007784
102200 -43129.14915622 6752.41500270 0.400975 5.9721 0.827036 0.106497 0.019141
102300 -43098.51586291 6703.24392949 0.398055 5.9721 0.827036 0.106497 0.036592
102400 -43169.80457873 6759.21295211 0.401378 5.9721 0.827036 0.106497 -0.000780
102500 -43171.62643837 6754.83294255 0.401118 5.9723 0.828862 0.105044 -0.009153
102600 -43137.27348353 6684.41554550 0.396937 5.9723 0.828862 0.105044 0.006213
102700 -43153.16734396 6762.57393691 0.401578 5.9723 0.828862 0.105044 0.008013
102800 -43247.73474101 6797.30526755 0.403640 5.9723 0.828862 0.105044 -0.040750
102900 -43145.32941082 6685.96902780 0.397029 5.9723 0.828862 0.105044 0.006823
103000 -43178.86423539 6777.87296941 0.402487 5.9741 0.830654 0.105461 -0.001290
103100 -43146.10482081 6771.69571099 0.402120 5.9741 0.830654 0.105461 0.013557
103200 -43126.81924274 6720.20008141 0.399062 5.9741 0.830654 0.105461 0.014424
103300 -43196.77476456 6675.73042366 0.396421 5.9741 0.830654 0.105461 -0.011502
103400 -43252.79133784 6707.14389656 0.398286 5.9741 0.830654 0.105461 -0.024342
103500 -43262.14179615 6737.47429139 0.400088 5.9787 0.834805 0.103551 -0.035571
103600 -43237.19400591 6842.85475976 0.406345 5.9787 0.834805 0.103551 0.000841
103700 -43163.38306187 6785.32319397 0.402929 5.9787 0.834805 0.103551 0.015280
103800 -43141.85514754 6742.89466944 0.400409 5.9787 0.834805 0.103551 0.017699
103900 -43154.88616785 6784.40161872 0.402874 5.9787 0.834805 0.103551 0.012916
104000 -43199.19699218 6896.52467292 0.409532 5.9759 0.830428 0.104962 -0.022482
104100 -43095.02108334 6729.60319905 0.399620 5.9759 0.830428 0.104962 0.019569
104200 -43180.27457587 6740.60007980 0.400273 5.9759 0.830428 0.104962 -0.010113
104300 -43167.43805463 6708.55180344 0.398370 5.9759 0.830428 0.104962 -0.019022
104400 -43178.53985782 6742.55872672 0.400389 5.9759 0.830428 0.104962 -0.009790
104500 -43214.08447805 6772.63756857 0.402176 5.9727 0.830350 0.104943 -0.018414
104600 -43174.12653664 6696.38494935 0.397648 5.9727 0.830350 0.104943 -0.000531
104700 -43209.79108727 6702.25322235 0.397996 5.9727 0.830350 0.104943 -0.006335
104800 -43312.73747114 6730.65102247 0.399682 5.9727 0.830350 0.104943 -0.051167
104900 -43285.15719437 6661.95992344 0.395603 5.9727 0.830350 0.104943 -0.031640
105000 -43256.34736183 6691.49259472 0.397357 5.9765 0.830169 0.104715 -0.012272
105100 -43124.64971840 6739.33594318 0.400198 5.9765 0.830169 0.104715 0.047238
105200 -43183.05259102 6774.52995970 0.402288 5.9765 0.830169 0.104715 0.017647
105300 -43205.29994487 6625.40365345 0.393433 5.9765 0.830169 0.104715 -0.001219
105400 -43278.33051377 6690.61559226 0.397305 5.9765 0.830169 0.104715 -0.018369
105500 -43271.45135878 6688.30527908 0.397168 5.9753 0.833630 0.104469 -0.016809
105600 -43331.79649841 6778.69083635 0.402535 5.9753 0.833630 0.104469 -0.033894
105700 -43194.48283687 6693.44063028 0.397473 5.9753 0.833630 0.104469 0.025214
105800 -43279.59724792 6722.62395788 0.399206 5.9753 0.833630 0.104469 -0.003141
105900 -43186.59371654 6731.32432782 0.399722 5.9753 0.833630 0.104469 0.030821
106000 -43172.30272967 6713.49509895 0.398664 5.9742 0.831134 0.105264 0.023743
106100 -43212.21366342 6756.34914081 0.401208 5.9742 0.831134 0.105264 0.006609
106200 -43209.84444740 6781.07473257 0.402677 5.9742 0.831134 0.105264 0.003623
106300 -43207.67124228 6761.32872864 0.401504 5.9742 0.831134 0.105264 -0.002036
106400 -43185.13433287 6756.19203235 0.401199 5.9742 0.831134 0.105264 -0.001367
106500 -43194.06066391 6786.55364918 0.403002 5.9751 0.830876 0.104363 0.005873
106600 -43191.23954320 6792.56271869 0.403359 5.9751 0.830876 0.104363 0.012420
106700 -43190.95709600 6822.18827720 0.405118 5.9751 0.830876 0.104363 0.010237
106800 -43163.05874315 6710.50690284 0.398486 5.9751 0.830876 0.104363 0.006361
106900 -43225.79496222 6744.36610897 0.400497 5.9751 0.830876 0.104363 -0.017492
107000 -43160.84533860 6711.01247290 0.398516 5.9733 0.829806 0.105198 0.004195
107100 -43273.42977021 6776.70268853 0.402417 5.9733 0.829806 0.105198 -0.034067
107200 -43246.69642846 6739.63846816 0.400216 5.9733 0.829806 0.105198 -0.025396
107300 -43216.46433580 6682.88804093 0.396846 5.9733 0.829806 0.105198 -0.007168
107400 -43261.02391379 6730.09963251 0.399650 5.9733 0.829806 0.105198 -0.019372
107500 -43214.27787044 6708.47816201 0.398366 5.9686 0.832044 0.105849 0.005038
107600 -43262.15747190 6737.27039352 0.400075 5.9686 0.832044 0.105849 -0.019326
107700 -43310.22867642 6742.77583089 0.400402 5.9686 0.832044 0.105849 -0.036639
107800 -43179.35973789 6705.45185802 0.398186 5.9686 0.832044 0.105849 0.023314
107900 -43296.94360684 6757.54799140 0.401280 5.9686 0.832044 0.105849 -0.031195
108000 -43216.37616675 6607.80149850 0.392387 5.9713 0.829991 0.106056 -0.002768
108100 -43302.89371277 6745.46403975 0.400562 5.9713 0.829991 0.106056 -0.040567
108200 -43223.29937267 6686.15874670 0.397040 5.9713 0.829991 0.106056 -0.001639
108300 -43206.93138254 6795.26521464 0.403519 5.9713 0.829991 0.106056 -0.001498
108400 -43197.35160780 6784.23294264 0.402864 5.9713 0.829991 0.106056 0.011663
108500 -43219.70358447 6790.34599112 0.403227 5.9727 0.830454 0.104963 -0.008877
108600 -43233.92422477 6712.66286583 0.398614 5.9727 0.830454 0.104963 -0.006584
108700 -43235.24256494 6698.61080370 0.397780 5.9727 0.830454 0.104963 -0.016184
108800 -43193.31028812 6696.74232022 0.397669 5.9727 0.830454 0.104963 0.006492
108900 -43152.46867199 6676.39046767 0.396460 5.9727 0.830454 0.104963 0.015370
109000 -43112.12950786 6739.70908192 0.400220 5.9695 0.824924 0.107202 0.047274
109100 -43125.81466884 6771.18165267 0.402089 5.9695 0.824924 0.107202 0.019590
109200 -43204.47811886 6744.70899301 0.400517 5.9695 0.824924 0.107202 -0.022994
109300 -43151.98965023 6681.23929037 0.396748 5.9695 0.824924 0.107202 0.002613
109400 -43212.80785611 6703.77003044 0.398086 5.9695 0.824924 0.107202 -0.024327
109500 -43140.69526684 6755.40018774 0.401152 5.9747 0.830096 0.105202 0.003498
109600 -43204.65593676 6757.35682372 0.401268 5.9747 0.830096 0.105202 -0.023225
109700 -43252.03834770 6729.58469341 0.399619 5.9747 0.830096 0.105202 -0.037302
109800 -43122.94354837 6689.32553351 0.397228 5.9747 0.830096 0.105202 0.033838
109900 -43248.77786044 6703.82871039 0.398090 5.9747 0.830096 0.105202 -0.032076
110000 -43209.40439654 6655.99515661 0.395249 5.9719 0.828742 0.105607 -0.005752
110100 -43207.11528904 6756.63756276 0.401226 5.9719 0.828742 0.105607 0.007030
110200 -43208.78932389 6658.42693873 0.395394 5.9719 0.828742 0.105607 -0.000592
110300 -43200.40893290 6750.82098322 0.400880 5.9719 0.828742 0.105607 0.000438
110400 -43244.26798004 6702.98983106 0.398040 5.9719 0.828742 0.105607 -0.008779
110500 -43293.07809157 6718.59599780 0.398967 5.9728 0.832138 0.103741 -0.035660
110600 -43242.77062684 6596.49373545 0.391716 5.9728 0.832138 0.103741 -0.001704
110700 -43347.68862757 6654.10265397 0.395137 5.9728 0.832138 0.103741 -0.046400
110800 -43320.01182730 6747.63962975 0.400691 5.9728 0.832138 0.103741 -0.016219
110900 -43210.69143579 6678.15781480 0.396565 5.9728 0.832138 0.103741 0.033456
111000 -43237.19773830 6704.22258323 0.398113 5.9729 0.830848 0.105009 0.005172
111100 -43163.00348486 6653.00690780 0.395072 5.9729 0.830848 0.105009 0.032704
111200 -43147.42215409 6748.11634774 0.400719 5.9729 0.830848 0.105009 0.039176
111300 -43206.58266649 6814.92142890 0.404687 5.9729 0.830848 0.105009 0.008188
111400 -43131.14022314 6737.00335860 0.400060 5.9729 0.830848 0.105009 0.020332
111500 -43202.07573081 6712.10565126 0.398581 5.9735 0.830767 0.105149 -0.004221
111600 -43155.53903079 6706.44997911 0.398245 5.9735 0.830767 0.105149 0.014166
111700 -43195.22697951 6773.24168780 0.402212 5.9735 0.830767 0.105149 -0.011441
111800 -43097.05292043 6714.42178903 0.398719 5.9735 0.830767 0.105149 0.038175
111900 -43165.45302860 6716.97314295 0.398870 5.9735 0.830767 0.105149 0.003230
112000 -43208.23923430 6759.12458319 0.401373 5.9743 0.832905 0.104806 -0.008774
112100 -43206.96331700 6711.36401242 0.398537 5.9743 0.832905 0.104806 -0.009033
112200 -43228.40911288 6724.41092931 0.399312 5.9743 0.832905 0.104806 -0.018996
112300 -43248.26556551 6667.29445037 0.395920 5.9743 0.832905 0.104806 -0.024352
112400 -43208.79843350 6656.70679123 0.395291 5.9743 0.832905 0.104806 -0.004905
112500 -43156.40091166 6681.50532205 0.396764 5.9703 0.831135 0.105318 0.028737
112600 -43200.79453670 6829.60490623 0.405558 5.9703 0.831135 0.105318 0.006893
112700 -43164.46005783 6840.92803693 0.406231 5.9703 0.831135 0.105318 0.007951
112800 -43193.92834967 6870.88614187 0.408010 5.9703 0.831135 0.105318 0.005213
112900 -43120.96716177 6721.68773843 0.399150 5.9703 0.831135 0.105318 0.008759
113000 -43168.13583400 6796.63424182 0.403601 5.9727 0.829666 0.105933 -0.001843
113100 -43173.97543528 6697.28308636 0.397701 5.9727 0.829666 0.105933 -0.010785
113200 -43162.48777837 6688.89560884 0.397203 5.9727 0.829666 0.105933 0.000762
113300 -43274.27018344 6753.04864343 0.401012 5.9727 0.829666 0.105933 -0.040724
113400 -43195.72077257 6687.30085393 0.397108 5.9727 0.829666 0.105933 -0.000685
113500 -43184.53848179 6773.40244132 0.402221 5.9702 0.830466 0.105314 0.006098
113600 -43170.67876069 6726.46795947 0.399434 5.9702 0.830466 0.105314 0.011976
113700 -43183.40117076 6647.66339185 0.394754 5.9702 0.830466 0.105314 0.004024
113800 -43199.92823704 6621.24518030 0.393186 5.9702 0.830466 0.105314 -0.010499
113900 -43241.92114638 6688.08021524 0.397154 5.9702 0.830466 0.105314 -0.013338
114000 -43221.92936498 6709.82400933 0.398446 5.9694 0.832784 0.104989 0.002493
114100 -43317.98486980 6686.09615018 0.397037 5.9694 0.832784 0.104989 -0.040938
114200 -43270.33999935 6713.11289565 0.398641 5.9694 0.832784 0.104989 -0.016296
114300 -43202.27247298 6698.25790084 0.397759 5.9694 0.832784 0.104989 0.030412
114400 -43268.67874850 6798.79593964 0.403729 5.9694 0.832784 0.104989 -0.004360
114500 -43187.40303161 6732.71020762 0.399805 5.9691 0.830017 0.105278 0.022143
114600 -43166.71368006 6707.69679372 0.398319 5.9691 0.830017 0.105278 0.010408
114700 -43232.69933091 6740.07255266 0.400242 5.9691 0.830017 0.105278 -0.015245
114800 -43126.53958274 6651.34153321 0.394973 5.9691 0.830017 0.105278 0.025535
114900 -43262.95424246 6697.73434957 0.397728 5.9691 0.830017 0.105278 -0.027102
115000 -43173.06693342 6706.62784280 0.398256 5.9711 0.828778 0.105890 0.016822
115100 -43248.81235629 6777.17934630 0.402445 5.9711 0.828778 0.105890 -0.018131
115200 -43208.95527936 6749.50934908 0.400802 5.9711 0.828778 0.105890 -0.007104
115300 -43190.82964221 6755.13548790 0.401136 5.9711 0.828778 0.105890 0.003217
115400 -43153.14964400 6776.21552834 0.402388 5.9711 0.828778 0.105890 0.034972
115500 -43262.79335640 6774.24718705 0.402271 5.9711 0.834515 0.104648 -0.032421
115600 -43239.39763509 6750.41536050 0.400856 5.9711 0.834515 0.104648 -0.025943
115700 -43205.58176109 6788.67762698 0.403128 5.9711 0.834515 0.104648 -0.003556
115800 -43211.98053892 6778.54169674 0.402526 5.9711 0.834515 0.104648 -0.003807
115900 -43156.20406884 6771.66670401 0.402118 5.9711 0.834515 0.104648 0.014728
116000 -43060.53331778 6661.14430514 0.395555 5.9743 0.825788 0.106104 0.037161
116100 -43111.34001250 6772.42143872 0.402163 5.9743 0.825788 0.106104 0.024692
116200 -43123.29676670 6812.04806072 0.404516 5.9743 0.825788 0.106104 0.008364
116300 -43084.31749531 6741.17910717 0.400308 5.9743 0.825788 0.106104 0.023073
116400 -43131.34896738 6820.19802264 0.405000 5.9743 0.825788 0.106104 -0.005378
116500 -43154.22215961 6812.84373395 0.404563 5.9764 0.831368 0.104604 -0.025969
116600 -43120.07460288 6732.42019645 0.399787 5.9764 0.831368 0.104604 -0.009925
116700 -43207.23208933 6747.12076456 0.400660 5.9764 0.831368 0.104604 -0.031894
116800 -43155.17039081 6745.23826388 0.400549 5.9764 0.831368 0.104604 0.001542
116900 -43170.34308743 6764.53321605 0.401694 5.9764 0.831368 0.104604 -0.002447
117000 -43177.49544898 6765.22126032 0.401735 5.9743 0.830023 0.105238 -0.007529
117100 -43139.05859439 6782.66139744 0.402771 5.9743 0.830023 0.105238 0.017021
117200 -43093.59487475 6773.00712006 0.402198 5.9743 0.830023 0.105238 0.034405
117300 -43145.42630459 6751.47186532 0.400919 5.9743 0.830023 0.105238 0.000899
117400 -43135.98991783 6725.99042171 0.399406 5.9743 0.830023 0.105238 0.008852
117500 -43203.00348260 6803.14368633 0.403987 5.9720 0.828410 0.105867 -0.024868
117600 -43178.24504598 6753.20692721 0.401022 5.9720 0.828410 0.105867 -0.020510
117700 -43119.50193706 6723.76354294 0.399273 5.9720 0.828410 0.105867 0.013763
117800 -43104.74289622 6700.67626642 0.397902 5.9720 0.828410 0.105867 0.000605
117900 -43081.05125842 6681.99291088 0.396793 5.9720 0.828410 0.105867 0.025015
118000 -43142.29638390 6725.62136088 0.399384 5.9705 0.826294 0.106559 0.002002
118100 -43224.36858874 6803.41384415 0.404003 5.9705 0.826294 0.106559 -0.039632
118200 -43157.62319662 6746.32287914 0.400613 5.9705 0.826294 0.106559 -0.002451
118300 -43151.45730996 6731.29066428 0.399720 5.9705 0.826294 0.106559 0.011378
118400 -43141.24164612 6646.92102455 0.394710 5.9705 0.826294 0.106559 0.007415
118500 -43185.91503066 6709.81928546 0.398445 5.9715 0.829266 0.105369 -0.006842
118600 -43192.42879748 6661.54719859 0.395579 5.9715 0.829266 0.105369 -0.003739
118700 -43257.06186559 6685.27116061 0.396988 5.9715 0.829266 0.105369 -0.026004
118800 -43282.09291893 6669.23574399 0.396035 5.9715 0.829266 0.105369 -0.022989
118900 -43208.07651230 6743.98119368 0.400474 5.9715 0.829266 0.105369 0.010751
119000 -43219.29592931 6722.40862382 0.399193 5.9721 0.831367 0.105354 -0.003172
119100 -43191.57378810 6666.51381378 0.395874 5.9721 0.831367 0.105354 0.013118
119200 -43195.67806464 6705.25426048 0.398174 5.9721 0.831367 0.105354 0.008598
119300 -43155.32568942 6774.67134931 0.402296 5.9721 0.831367 0.105354 0.032479
119400 -43198.73600433 6776.35350591 0.402396 5.9721 0.831367 0.105354 0.018609
119500 -43085.59643715 6687.50999501 0.397121 5.9722 0.825067 0.106156 0.039873
119600 -43243.66321566 6727.67688278 0.399506 5.9722 0.825067 0.106156 -0.026541
119700 -43243.14802563 6669.61762072 0.396058 5.9722 0.825067 0.106156 -0.007814
119800 -43147.16863478 6648.51237004 0.394805 5.9722 0.825067 0.106156 0.027419
119900 -43232.91996326 6793.20448175 0.403397 5.9722 0.825067 0.106156 -0.001068
120000 -43165.00100251 6772.60970848 0.402174 5.9709 0.829286 0.105653 0.022074
120100 -43199.12950748 6725.47429746 0.399375 5.9709 0.829286 0.105653 -0.011223
120200 -43147.49408098 6714.47358769 0.398722 5.9709 0.829286 0.105653 0.020822
120300 -43194.48656478 6755.71001826 0.401170 5.9709 0.829286 0.105653 -0.003324
120400 -43134.15314215 6760.12172480 0.401432 5.9709 0.829286 0.105653 0.020421
120500 -43174.40097374 6855.17579919 0.407077 5.9697 0.829514 0.105758 -0.002587
120600 -43141.37648850 6795.43636051 0.403529 5.9697 0.829514 0.105758 0.005463
120700 -43164.94103442 6716.48207239 0.398841 5.9697 0.829514 0.105758 -0.002625
120800 -43188.77033055 6780.65100097 0.402651 5.9697 0.829514 0.105758 -0.018898
120900 -43186.82187512 6688.00994392 0.397150 5.9697 0.829514 0.105758 -0.016398
121000 -43192.91371075 6722.50814940 0.399199 5.9692 0.831980 0.105265 -0.004154
121100 -43136.01385799 6646.95622337 0.394712 5.9692 0.831980 0.105265 0.021227
121200 -43132.24571051 6724.01895039 0.399289 5.9692 0.831980 0.105265 0.019150
121300 -43103.51237316 6735.82421078 0.399990 5.9692 0.831980 0.105265 0.020327
121400 -43190.68941679 6762.70109302 0.401586 5.9692 0.831980 0.105265 -0.023881
121500 -43123.11091316 6710.76579717 0.398502 5.9650 0.827579 0.107320 0.012001
121600 -43137.75482713 6762.18450756 0.401555 5.9650 0.827579 0.107320 0.005534
121700 -43073.74528525 6721.56036123 0.399143 5.9650 0.827579 0.107320 0.027355
121800 -43156.08855731 6731.57196266 0.399737 5.9650 0.827579 0.107320 -0.008576
121900 -43237.84018663 6785.82120069 0.402959 5.9650 0.827579 0.107320 -0.041466
122000 -43084.21695589 6689.46778081 0.397237 5.9658 0.828366 0.106522 0.011973
122100 -43079.10552861 6732.99479723 0.399822 5.9658 0.828366 0.106522 0.018547
122200 -43099.55448259 6698.90041294 0.397797 5.9658 0.828366 0.106522 0.002907
122300 -43188.83787044 6764.55732339 0.401696 5.9658 0.828366 0.106522 -0.028427
122400 -43077.77474073 6697.93857620 0.397740 5.9658 0.828366 0.106522 0.020213
122500 -43004.21183857 6659.54555188 0.395460 5.9673 0.826781 0.106465 0.050545
122600 -43133.53187898 6787.52150715 0.403059 5.9673 0.826781 0.106465 -0.006023
122700 -43111.47920573 6757.90639270 0.401301 5.9673 0.826781 0.106465 0.000604
122800 -43083.39091811 6768.82052684 0.401949 5.9673 0.826781 0.106465 0.009026
122900 -43138.54085436 6775.35556378 0.402337 5.9673 0.826781 0.106465 -0.021757
123000 -43112.70851555 6707.58521794 0.398313 5.9679 0.830120 0.106162 -0.010213
123100 -43071.56168897 6713.92381407 0.398689 5.9679 0.830120 0.106162 0.014026
123200 -43091.17804848 6873.74428913 0.408180 5.9679 0.830120 0.106162 0.012780
123300 -43088.92789556 6768.74886208 0.401945 5.9679 0.830120 0.106162 -0.011461
123400 -43069.15245425 6781.69047893 0.402713 5.9679 0.830120 0.106162 0.016598
123500 -43111.65931245 6821.82082285 0.405096 5.9683 0.823697 0.107197 -0.023144
123600 -43097.99646922 6821.51249902 0.405078 5.9683 0.823697 0.107197 -0.012902
123700 -43046.43217901 6722.14973937 0.399178 5.9683 0.823697 0.107197 0.002014
123800 -43082.38091604 6680.83944649 0.396724 5.9683 0.823697 0.107197 -0.015212
123900 -43098.65853669 6668.45731938 0.395989 5.9683 0.823697 0.107197 -0.006835
124000 -43115.06068868 6818.22588248 0.404883 5.9596 0.826596 0.107896 -0.013575
124100 -43090.46923174 6761.27551046 0.401501 5.9596 0.826596 0.107896 -0.019315
124200 -43086.74080833 6704.74979588 0.398144 5.9596 0.826596 0.107896 -0.016696
124300 -43157.86287000 6710.48864494 0.398485 5.9596 0.826596 0.107896 -0.036553
124400 -43101.24938716 6644.90896167 0.394591 5.9596 0.826596 0.107896 -0.002828
124500 -43237.64425388 6701.32550502 0.397941 5.9656 0.830126 0.106315 -0.051600
124600 -43120.83226525 6738.04590910 0.400121 5.9656 0.830126 0.106315 0.001693
124700 -43136.98795259 6735.60824388 0.399977 5.9656 0.830126 0.106315 -0.006958
124800 -43102.16673074 6802.99823903 0.403979 5.9656 0.830126 0.106315 0.009052
124900 -43058.57246147 6763.76900466 0.401649 5.9656 0.830126 0.106315 0.027708
125000 -43042.62049280 6738.59133429 0.400154 5.9614 0.826019 0.107505 0.016031
125100 -43083.54199456 6685.12265996 0.396979 5.9614 0.826019 0.107505 -0.006589
125200 -43126.84582959 6707.80767624 0.398326 5.9614 0.826019 0.107505 -0.017603
125300 -43114.85526411 6698.92133752 0.397798 5.9614 0.826019 0.107505 -0.016355
125400 -43103.49961908 6758.94747587 0.401363 5.9614 0.826019 0.107505 -0.003446
125500 -43104.91223511 6694.23153127 0.397520 5.9660 0.829914 0.105906 -0.010281
125600 -43101.76670370 6709.94318638 0.398453 5.9660 0.829914 0.105906 -0.008780
125700 -43065.23699554 6672.58431890 0.396234 5.9660 0.829914 0.105906 0.017693
125800 -43101.94981366 6762.26459477 0.401560 5.9660 0.829914 0.105906 -0.006113
125900 -43178.98926811 6678.71033931 0.396598 5.9660 0.829914 0.105906 -0.026738
126000 -43171.10296558 6669.60162193 0.396057 5.9684 0.835509 0.104764 -0.014834
126100 -43231.27968675 6810.01927184 0.404395 5.9684 0.835509 0.104764 -0.028602
126200 -43099.56008021 6729.25571512 0.399600 5.9684 0.835509 0.104764 0.021163
126300 -43134.08307299 6771.84305401 0.402128 5.9684 0.835509 0.104764 0.001931
126400 -43138.29582207 6691.70695255 0.397370 5.9684 0.835509 0.104764 -0.012853
126500 -43157.97291052 6753.05996764 0.401013 5.9656 0.828874 0.105554 -0.001243
126600 -43131.12901592 6727.44461991 0.399492 5.9656 0.828874 0.105554 -0.003848
126700 -43090.84784168 6756.05223006 0.401191 5.9656 0.828874 0.105554 0.013952
126800 -43032.49444678 6757.37800537 0.401269 5.9656 0.828874 0.105554 0.034029
126900 -43004.89442965 6710.31661928 0.398475 5.9656 0.828874 0.105554 0.045191
127000 -43031.21884721 6689.08574594 0.397214 5.9603 0.823813 0.108656 0.023605
127100 -43098.47538684 6793.77550729 0.403431 5.9603 0.823813 0.108656 -0.022879
127200 -43004.57048711 6796.08217920 0.403568 5.9603 0.823813 0.108656 0.021708
127300 -42933.17004652 6610.64632778 0.392556 5.9603 0.823813 0.108656 0.036623
127400 -43112.15138356 6786.04822061 0.402972 5.9603 0.823813 0.108656 -0.023947
127500 -43069.06399410 6659.71644173 0.395470 5.9638 0.827726 0.107158 -0.006331
127600 -43093.20771714 6736.39173772 0.400023 5.9638 0.827726 0.107158 -0.010829
127700 -43053.87165882 6769.08170063 0.401964 5.9638 0.827726 0.107158 0.002139
127800 -43078.05788563 6774.18782623 0.402268 5.9638 0.827726 0.107158 0.001287
127900 -43100.81182238 6719.09668314 0.398996 5.9638 0.827726 0.107158 -0.018710
128000 -43096.09399932 6601.84774371 0.392034 5.9624 0.827204 0.106894 -0.005762
128100 -43097.59659321 6658.07991899 0.395373 5.9624 0.827204 0.106894 -0.006793
128200 -43092.76933681 6762.49542949 0.401573 5.9624 0.827204 0.106894 0.002663
128300 -43050.61884425 6716.58186499 0.398847 5.9624 0.827204 0.106894 0.010484
128400 -43058.59795704 6739.92024268 0.400233 5.9624 0.827204 0.106894 0.011952
128500 -43114.84823828 6715.67551400 0.398793 5.9652 0.826362 0.106865 -0.021240
128600 -43114.87554136 6704.68861896 0.398141 5.9652 0.826362 0.106865 -0.012494
128700 -43066.20807000 6677.23357487 0.396510 5.9652 0.826362 0.106865 0.008583
128800 -43062.31138947 6743.67298390 0.400456 5.9652 0.826362 0.106865 0.009008
128900 -43087.13788237 6767.89340336 0.401894 5.9652 0.826362 0.106865 -0.005933
129000 -43116.15735833 6791.49681287 0.403296 5.9678 0.827047 0.106112 -0.016562
129100 -43029.02090528 6768.60841328 0.401936 5.9678 0.827047 0.106112 0.017057
129200 -43075.87797362 6764.99727665 0.401722 5.9678 0.827047 0.106112 -0.005091
129300 -43099.24760244 6712.56496638 0.398608 5.9678 0.827047 0.106112 -0.024922
129400 -43180.88738473 6700.79364225 0.397909 5.9678 0.827047 0.106112 -0.056139
129500 -43118.36955301 6673.72363243 0.396302 5.9670 0.828347 0.105999 -0.015282
129600 -43106.90222185 6682.56348229 0.396827 5.9670 0.828347 0.105999 0.005495
129700 -43130.35282826 6774.07472728 0.402261 5.9670 0.828347 0.105999 0.002466
129800 -43078.10837647 6705.06674803 0.398163 5.9670 0.828347 0.105999 0.010937
129900 -43086.80717154 6718.40123389 0.398955 5.9670 0.828347 0.105999 -0.002735
130000 -43086.67930304 6734.21057399 0.399894 5.9672 0.829799 0.106294 0.011296
130100 -43061.44198001 6723.65046856 0.399267 5.9672 0.829799 0.106294 0.022630
130200 -43105.43053633 6692.87559086 0.397439 5.9672 0.829799 0.106294 0.001257
130300 -43103.24350971 6775.91209114 0.402370 5.9672 0.829799 0.106294 -0.001729
130400 -43113.89840592 6765.50023831 0.401752 5.9672 0.829799 0.106294 -0.003800
130500 -43136.44906905 6684.85699236 0.396963 5.9646 0.826772 0.106795 -0.013414
130600 -43125.34699579 6733.23337221 0.399836 5.9646 0.826772 0.106795 -0.004211
130700 -43122.63810500 6639.70657255 0.394282 5.9646 0.826772 0.106795 -0.006776
130800 -43111.33471711 6625.74995169 0.393453 5.9646 0.826772 0.106795 0.008836
130900 -43113.21099711 6665.44020519 0.395810 5.9646 0.826772 0.106795 0.019407
131000 -43115.75068851 6700.09263612 0.397868 5.9631 0.828860 0.107171 0.018525
131100 -43078.81292014 6706.78445869 0.398265 5.9631 0.828860 0.107171 0.023833
131200 -43105.15175438 6754.14464554 0.401077 5.9631 0.828860 0.107171 0.018694
131300 -43003.68673541 6664.91634110 0.395779 5.9631 0.828860 0.107171 0.042626
131400 -43092.26190130 6725.26989755 0.399363 5.9631 0.828860 0.107171 0.002418
131500 -43084.50247483 6714.33633456 0.398714 5.9618 0.826888 0.107078 0.011142
131600 -43098.98517630 6726.96342645 0.399463 5.9618 0.826888 0.107078 -0.002832
131700 -43120.61262510 6749.69921205 0.400813 5.9618 0.826888 0.107078 -0.022146
131800 -43101.29419094 6758.97994886 0.401365 5.9618 0.826888 0.107078 -0.009031
131900 -43109.00464289 6738.16816687 0.400129 5.9618 0.826888 0.107078 0.001598
132000 -43000.86819400 6615.01250985 0.392815 5.9609 0.823405 0.107909 0.040568
132100 -43088.52736752 6731.62411516 0.399740 5.9609 0.823405 0.107909 0.002847
132200 -43078.58370937 6813.04735461 0.404575 5.9609 0.823405 0.107909 -0.009030
132300 -42997.90369953 6725.26115964 0.399362 5.9609 0.823405 0.107909 0.026677
132400 -43107.64818142 6826.02733320 0.405346 5.9609 0.823405 0.107909 -0.028495
132500 -43090.44723764 6749.26994681 0.400788 5.9622 0.826839 0.107409 -0.011746
132600 -43012.08997026 6736.91543688 0.400054 5.9622 0.826839 0.107409 0.021984
132700 -43012.40161956 6725.07539265 0.399351 5.9622 0.826839 0.107409 0.021116
132800 -42971.22696576 6662.81171051 0.395654 5.9622 0.826839 0.107409 0.026874
132900 -43066.96074723 6796.03551125 0.403565 5.9622 0.826839 0.107409 -0.014217
133000 -43045.16842204 6689.56190846 0.397242 5.9597 0.825615 0.107766 0.002282
133100 -43035.29706471 6765.15264621 0.401731 5.9597 0.825615 0.107766 0.015007
133200 -42967.01527919 6706.31358660 0.398237 5.9597 0.825615 0.107766 0.027781
133300 -42938.55580483 6734.92229039 0.399936 5.9597 0.825615 0.107766 0.028433
133400 -42981.72205909 6791.87717621 0.403318 5.9597 0.825615 0.107766 0.016239
133500 -43019.00550714 6695.73212693 0.397609 5.9640 0.824873 0.107706 -0.010139
133600 -43104.04935500 6632.26212611 0.393840 5.9640 0.824873 0.107706 -0.046051
133700 -43013.38021889 6716.36990218 0.398834 5.9640 0.824873 0.107706 0.011124
133800 -43050.60100487 6763.24717729 0.401618 5.9640 0.824873 0.107706 0.001164
133900 -43007.02174663 6759.34639135 0.401386 5.9640 0.824873 0.107706 0.010840
134000 -43033.00679018 6783.89158998 0.402844 5.9619 0.822444 0.108475 -0.003630
134100 -42980.42644721 6727.95598360 0.399522 5.9619 0.822444 0.108475 0.022719
134200 -43027.29157216 6766.51729009 0.401812 5.9619 0.822444 0.108475 -0.021359
134300 -43089.60631735 6809.60849580 0.404371 5.9619 0.822444 0.108475 -0.039527
134400 -42986.76713618 6698.60298166 0.397779 5.9619 0.822444 0.108475 0.000775
134500 -43117.07535713 6702.72407169 0.398024 5.9609 0.829367 0.106686 -0.049129
134600 -43054.18598073 6689.53653933 0.397241 5.9609 0.829367 0.106686 -0.012568
134700 -43081.74730151 6766.19296897 0.401793 5.9609 0.829367 0.106686 -0.024419
134800 -43059.43577764 6669.47837723 0.396050 5.9609 0.829367 0.106686 -0.004977
134900 -43003.69128737 6723.20123271 0.399240 5.9609 0.829367 0.106686 0.015605
135000 -43039.03120009 6715.78882250 0.398800 5.9591 0.827517 0.107615 -0.003873
135100 -43051.02078079 6737.20048178 0.400071 5.9591 0.827517 0.107615 0.003445
135200 -43191.98189191 6801.98866376 0.403919 5.9591 0.827517 0.107615 -0.062508
135300 -43087.33001798 6685.17509552 0.396982 5.9591 0.827517 0.107615 -0.016540
135400 -43061.49058122 6682.68126771 0.396834 5.9591 0.827517 0.107615 0.005390
135500 -43069.41624404 6770.96484413 0.402076 5.9594 0.826387 0.107807 0.003060
135600 -42976.47700221 6784.12746982 0.402858 5.9594 0.826387 0.107807 0.037885
135700 -42987.37420947 6752.42723212 0.400975 5.9594 0.826387 0.107807 0.022705
135800 -42950.71883461 6743.56775501 0.400449 5.9594 0.826387 0.107807 0.042193
135900 -42954.34192005 6735.81165494 0.399989 5.9594 0.826387 0.107807 0.022084
136000 -42978.09544744 6732.11922417 0.399770 5.9599 0.825565 0.108208 0.008272
136100 -43016.20960921 6747.53425545 0.400685 5.9599 0.825565 0.108208 -0.014333
136200 -43000.38565242 6738.49057349 0.400148 5.9599 0.825565 0.108208 0.006369
136300 -43033.10875213 6710.43887502 0.398482 5.9599 0.825565 0.108208 -0.016119
136400 -42971.84128140 6702.08869483 0.397986 5.9599 0.825565 0.108208 0.017858
136500 -42979.25236302 6716.60989987 0.398849 5.9594 0.822673 0.108632 0.008026
136600 -43059.17526139 6723.03238677 0.399230 5.9594 0.822673 0.108632 -0.028672
136700 -43057.17741906 6807.85745163 0.404267 5.9594 0.822673 0.108632 -0.006653
136800 -42895.33322612 6707.35980683 0.398299 5.9594 0.822673 0.108632 0.038031
136900 -42937.34425686 6769.78239536 0.402006 5.9594 0.822673 0.108632 0.023967
137000 -42914.64187696 6823.65307273 0.405205 5.9588 0.822951 0.107763 0.017233
137100 -42900.85367759 6786.49381959 0.402998 5.9588 0.822951 0.107763 0.019988
137200 -42900.34695046 6844.05547994 0.406417 5.9588 0.822951 0.107763 0.020900
137300 -42919.61819984 6811.96133673 0.404511 5.9588 0.822951 0.107763 0.005749
137400 -42958.34057172 6809.11455157 0.404342 5.9588 0.822951 0.107763 -0.010447
137500 -42917.25904505 6713.47176914 0.398662 5.9514 0.821277 0.110020 -0.004261
137600 -42937.58403164 6663.27453529 0.395681 5.9514 0.821277 0.110020 -0.015499
137700 -42944.07380470 6749.66501265 0.400811 5.9514 0.821277 0.110020 -0.015252
137800 -42899.66788960 6707.45575180 0.398305 5.9514 0.821277 0.110020 0.007672
137900 -42946.24505774 6731.76830788 0.399749 5.9514 0.821277 0.110020 -0.007740
138000 -42945.17485944 6745.61077095 0.400571 5.9553 0.821809 0.109013 -0.015230
138100 -42955.18650278 6689.48504238 0.397238 5.9553 0.821809 0.109013 -0.009859
138200 -43033.22657343 6711.70539154 0.398557 5.9553 0.821809 0.109013 -0.034737
138300 -43048.97609531 6702.18610812 0.397992 5.9553 0.821809 0.109013 -0.028739
138400 -43127.28679478 6674.47443182 0.396346 5.9553 0.821809 0.109013 -0.066355
138500 -43055.63911282 6679.32703316 0.396635 5.9591 0.826150 0.107957 -0.011734
138600 -43027.97810479 6717.75888309 0.398917 5.9591 0.826150 0.107957 -0.001442
138700 -43069.78559721 6736.16984299 0.400010 5.9591 0.826150 0.107957 -0.015622
138800 -43085.03235853 6757.43228477 0.401273 5.9591 0.826150 0.107957 -0.017368
138900 -43105.67420572 6711.91365399 0.398570 5.9591 0.826150 0.107957 -0.029797
139000 -43100.73640953 6742.99700228 0.400415 5.9576 0.824078 0.108329 -0.017535
139100 -42976.02657861 6700.25045293 0.397877 5.9576 0.824078 0.108329 0.030043
139200 -43087.08002709 6718.80755794 0.398979 5.9576 0.824078 0.108329 -0.025735
139300 -43027.00173040 6775.36087769 0.402337 5.9576 0.824078 0.108329 0.005051
139400 -43061.42936106 6706.22239752 0.398232 5.9576 0.824078 0.108329 -0.013352
139500 -43062.73733826 6770.82094650 0.402068 5.9572 0.825987 0.108374 -0.004436
139600 -43009.11849423 6762.61507280 0.401580 5.9572 0.825987 0.108374 0.012238
139700 -42977.92507047 6683.73799069 0.396897 5.9572 0.825987 0.108374 0.009054
139800 -43022.58642771 6730.78472797 0.399690 5.9572 0.825987 0.108374 0.007872
139900 -43055.50179878 6709.28859652 0.398414 5.9572 0.825987 0.108374 -0.007281
140000 -43029.15846715 6639.29691703 0.394258 5.9596 0.826214 0.107759 0.012843
140100 -43073.59443021 6697.81715700 0.397733 5.9596 0.826214 0.107759 -0.006062
140200 -43149.95047954 6750.31846041 0.400850 5.9596 0.826214 0.107759 -0.030233
140300 -43014.87248561 6736.93062845 0.400055 5.9596 0.826214 0.107759 0.033206
140400 -43016.76751852 6718.05531590 0.398934 5.9596 0.826214 0.107759 0.022736
140500 -43104.91888479 6785.85880294 0.402961 5.9599 0.828748 0.107217 -0.014841
140600 -43041.19992932 6622.62493528 0.393268 5.9599 0.828748 0.107217 -0.003473
140700 -43056.82237803 6641.85149743 0.394409 5.9599 0.828748 0.107217 0.017808
140800 -43121.18745479 6695.34441641 0.397586 5.9599 0.828748 0.107217 -0.006175
140900 -43113.27757424 6723.49857269 0.399258 5.9599 0.828748 0.107217 -0.007473
141000 -43089.91476677 6694.02321821 0.397507 5.9662 0.827466 0.106447 0.000809
141100 -43092.38835841 6716.01197931 0.398813 5.9662 0.827466 0.106447 -0.000792
141200 -43066.61566231 6785.83245812 0.402959 5.9662 0.827466 0.106447 0.022583
141300 -43048.69561777 6790.27837562 0.403223 5.9662 0.827466 0.106447 0.021045
141400 -43007.27877521 6727.26942308 0.399482 5.9662 0.827466 0.106447 0.017989
141500 -43057.95275220 6720.66858843 0.399090 5.9618 0.826693 0.107591 0.003031
141600 -43023.15337240 6771.17228972 0.402089 5.9618 0.826693 0.107591 0.022909
141700 -43105.15689223 6760.70033020 0.401467 5.9618 0.826693 0.107591 -0.015989
141800 -43072.14136120 6748.29065871 0.400730 5.9618 0.826693 0.107591 0.002943
141900 -42959.69413107 6720.81258513 0.399098 5.9618 0.826693 0.107591 0.047623
142000 -43026.89621272 6798.17843200 0.403692 5.9591 0.826420 0.107975 0.010324
142100 -42987.00724510 6706.61466575 0.398255 5.9591 0.826420 0.107975 0.027645
142200 -42992.16800978 6640.46678207 0.394327 5.9591 0.826420 0.107975 0.000849
142300 -43047.38466222 6647.24476863 0.394729 5.9591 0.826420 0.107975 -0.022015
142400 -43089.13407187 6675.21694149 0.396391 5.9591 0.826420 0.107975 -0.019732
142500 -43149.75737408 6768.10013304 0.401906 5.9640 0.828810 0.106583 -0.045351
142600 -43080.63948489 6779.38740005 0.402576 5.9640 0.828810 0.106583 -0.005785
142700 -43065.58853254 6682.39824365 0.396817 5.9640 0.828810 0.106583 -0.006378
142800 -43019.69687199 6684.22335518 0.396925 5.9640 0.828810 0.106583 0.016979
142900 -43066.03720690 6719.07880188 0.398995 5.9640 0.828810 0.106583 -0.001616
143000 -43071.47123258 6679.89044063 0.396668 5.9588 0.825038 0.108218 -0.001287
143100 -43116.31946306 6705.20122923 0.398171 5.9588 0.825038 0.108218 -0.015168
143200 -43097.69236426 6728.11120383 0.399532 5.9588 0.825038 0.108218 -0.001614
143300 -43094.41251208 6779.88546651 0.402606 5.9588 0.825038 0.108218 -0.015516
143400 -43081.30722945 6814.68320570 0.404672 5.9588 0.825038 0.108218 -0.005713
143500 -43028.36759422 6693.35754923 0.397468 5.9615 0.826821 0.107735 0.008057
143600 -43002.29402758 6730.61828026 0.399680 5.9615 0.826821 0.107735 0.027155
143700 -43000.74346962 6726.84680492 0.399456 5.9615 0.826821 0.107735 0.020999
143800 -42946.41346378 6758.49407043 0.401336 5.9615 0.826821 0.107735 0.037909
143900 -43028.47570970 6880.33968882 0.408571 5.9615 0.826821 0.107735 -0.019850
144000 -42929.34161697 6702.08255406 0.397986 5.9602 0.825801 0.108596 0.032677
144100 -43012.45624253 6766.66041461 0.401821 5.9602 0.825801 0.108596 -0.012106
144200 -42986.83932960 6796.57145375 0.403597 5.9602 0.825801 0.108596 -0.003336
144300 -43042.88274495 6768.39933281 0.401924 5.9602 0.825801 0.108596 -0.024068
144400 -42965.39566201 6813.46646036 0.404600 5.9602 0.825801 0.108596 0.017609
144500 -42983.71838531 6752.78989751 0.400997 5.9544 0.824676 0.109275 0.001380
144600 -43046.36476146 6704.71469343 0.398142 5.9544 0.824676 0.109275 -0.024046
144700 -43077.09174103 6723.35070074 0.399249 5.9544 0.824676 0.109275 -0.034600
144800 -43070.68711938 6772.42570379 0.402163 5.9544 0.824676 0.109275 -0.023237
144900 -43050.89072249 6671.86229770 0.396191 5.9544 0.824676 0.109275 -0.019255
145000 -43080.98256203 6714.07561999 0.398698 5.9613 0.828714 0.106774 -0.016902
145100 -43024.65730515 6737.89298310 0.400112 5.9613 0.828714 0.106774 0.013770
145200 -43052.88984067 6757.01177667 0.401248 5.9613 0.828714 0.106774 0.002704
145300 -43004.51497991 6719.76568629 0.399036 5.9613 0.828714 0.106774 0.021034
145400 -43061.10492822 6696.68182089 0.397665 5.9613 0.828714 0.106774 -0.009529
145500 -43022.11096134 6739.85111738 0.400229 5.9594 0.828652 0.107980 0.006755
145600 -43003.18931602 6700.63817036 0.397900 5.9594 0.828652 0.107980 0.010044
145700 -43086.79526566 6674.28654388 0.396335 5.9594 0.828652 0.107980 -0.038693
145800 -43098.03368114 6695.53432566 0.397597 5.9594 0.828652 0.107980 -0.026060
145900 -43126.70735783 6647.14604169 0.394724 5.9594 0.828652 0.107980 -0.039686
146000 -43117.12547074 6698.69708284 0.397785 5.9650 0.830958 0.106538 -0.024966
146100 -43151.59442134 6698.56309464 0.397777 5.9650 0.830958 0.106538 -0.032669
146200 -43114.59024822 6654.13913829 0.395139 5.9650 0.830958 0.106538 0.012853
146300 -43144.22556304 6677.75126413 0.396541 5.9650 0.830958 0.106538 -0.005934
146400 -43080.22025865 6778.87452339 0.402546 5.9650 0.830958 0.106538 0.036022
146500 -43054.47064389 6805.39947440 0.404121 5.9679 0.829706 0.106384 0.029513
146600 -43104.42487835 6837.51289462 0.406028 5.9679 0.829706 0.106384 -0.006798
146700 -43023.96605167 6745.15684378 0.400544 5.9679 0.829706 0.106384 0.027413
146800 -43089.91396558 6727.72820452 0.399509 5.9679 0.829706 0.106384 -0.011827
146900 -43100.76721310 6714.59274106 0.398729 5.9679 0.829706 0.106384 -0.014217
147000 -43111.84740921 6711.56534783 0.398549 5.9612 0.827956 0.107132 -0.022669
147100 -43094.26248498 6712.83693643 0.398625 5.9612 0.827956 0.107132 -0.013190
147200 -43037.49392535 6632.56790349 0.393858 5.9612 0.827956 0.107132 0.020111
147300 -43068.04618833 6780.33822143 0.402633 5.9612 0.827956 0.107132 0.007941
147400 -43066.36749635 6752.95467490 0.401007 5.9612 0.827956 0.107132 -0.000300
147500 -43099.77902183 6855.61069395 0.407103 5.9637 0.829661 0.106981 -0.009214
147600 -42997.43737620 6708.05724520 0.398341 5.9637 0.829661 0.106981 0.022091
147700 -43075.49755198 6708.03726243 0.398340 5.9637 0.829661 0.106981 -0.004238
147800 -43121.15820694 6762.48809089 0.401573 5.9637 0.829661 0.106981 -0.016631
147900 -43070.00359804 6694.34592985 0.397526 5.9637 0.829661 0.106981 -0.019238
148000 -43074.18513530 6742.50744733 0.400386 5.9618 0.826943 0.107468 -0.003615
148100 -43068.41770236 6724.86932385 0.399339 5.9618 0.826943 0.107468 0.007317
148200 -43006.87120800 6626.40832725 0.393492 5.9618 0.826943 0.107468 0.022556
148300 -43023.82667678 6681.19828823 0.396746 5.9618 0.826943 0.107468 0.019700
148400 -42967.01506240 6770.27443534 0.402035 5.9618 0.826943 0.107468 0.032410
148500 -42974.29021641 6770.77604345 0.402065 5.9586 0.825500 0.108255 0.022576
148600 -43057.93062638 6857.64891971 0.407224 5.9586 0.825500 0.108255 -0.012923
148700 -42983.76061836 6701.43011497 0.397947 5.9586 0.825500 0.108255 -0.002686
148800 -42978.26404038 6708.72512287 0.398380 5.9586 0.825500 0.108255 0.005877
148900 -43005.86819456 6768.21766457 0.401913 5.9586 0.825500 0.108255 -0.007246
149000 -42927.30325547 6740.24883344 0.400252 5.9587 0.824654 0.108079 0.032435
149100 -43003.22231624 6793.03100001 0.403387 5.9587 0.824654 0.108079 -0.009832
149200 -43012.60007083 6812.41327763 0.404538 5.9587 0.824654 0.108079 -0.012478
149300 -42988.88461111 6756.96454749 0.401245 5.9587 0.824654 0.108079 -0.004941
149400 -42991.70033993 6705.96205182 0.398216 5.9587 0.824654 0.108079 -0.005496
149500 -43053.97842210 6783.50951052 0.402821 5.9575 0.825941 0.108742 -0.028051
149600 -42937.23916352 6758.03996635 0.401309 5.9575 0.825941 0.108742 0.028277
149700 -42980.15104869 6746.56293290 0.400627 5.9575 0.825941 0.108742 -0.001543
149800 -43001.64283682 6762.54242631 0.401576 5.9575 0.825941 0.108742 -0.005569
149900 -43022.01130309 6859.71287081 0.407346 5.9575 0.825941 0.108742 -0.004886
150000 -42999.03690254 6789.45333102 0.403174 5.9589 0.825739 0.107466 -0.001639
150100 -43009.27411639 6702.10949558 0.397987 5.9589 0.825739 0.107466 -0.010857
150200 -43020.17610489 6689.13018023 0.397217 5.9589 0.825739 0.107466 -0.009517
150300 -43006.79707173 6735.55129063 0.399973 5.9589 0.825739 0.107466 0.000602
150400 -42946.72444886 6771.40111516 0.402102 5.9589 0.825739 0.107466 0.025264
150500 -42978.38973854 6802.36450959 0.403941 5.9587 0.825461 0.107747 0.004323
150600 -43011.71005421 6780.73631058 0.402657 5.9587 0.825461 0.107747 -0.015664
150700 -43011.03738641 6739.03803389 0.400180 5.9587 0.825461 0.107747 -0.016460
150800 -43013.30996703 6747.14825260 0.400662 5.9587 0.825461 0.107747 -0.004184
150900 -42996.06766767 6785.02009436 0.402911 5.9587 0.825461 0.107747 -0.001717
151000 -42897.89130984 6706.17630911 0.398229 5.9539 0.820901 0.109450 0.034236
151100 -42976.68948396 6812.23319549 0.404527 5.9539 0.820901 0.109450 -0.006867
151200 -42951.95278259 6672.84009506 0.396249 5.9539 0.820901 0.109450 -0.003858
151300 -42987.36211567 6690.15788093 0.397278 5.9539 0.820901 0.109450 -0.004906
151400 -42998.07062770 6762.78030085 0.401590 5.9539 0.820901 0.109450 -0.016962
151500 -42948.64911679 6841.23885104 0.406249 5.9597 0.825668 0.107701 0.015882
151600 -42927.66444169 6743.81682952 0.400464 5.9597 0.825668 0.107701 0.015377
151700 -43015.00295487 6740.37549247 0.400260 5.9597 0.825668 0.107701 -0.023549
151800 -42989.67919226 6680.39857547 0.396698 5.9597 0.825668 0.107701 -0.006468
151900 -43034.08920171 6796.61787486 0.403600 5.9597 0.825668 0.107701 -0.020624
152000 -43016.79581164 6740.92845948 0.400293 5.9572 0.824771 0.108561 -0.016749
152100 -42960.34809592 6803.66190702 0.404018 5.9572 0.824771 0.108561 0.013837
152200 -42958.78186405 6775.76558771 0.402361 5.9572 0.824771 0.108561 0.008228
152300 -43030.37077339 6720.19584623 0.399062 5.9572 0.824771 0.108561 -0.023006
152400 -43003.34845662 6699.48030898 0.397831 5.9572 0.824771 0.108561 -0.005459
152500 -43071.11823250 6760.75065840 0.401470 5.9594 0.826676 0.108116 -0.028896
152600 -43076.39185228 6653.20522771 0.395083 5.9594 0.826676 0.108116 -0.026152
152700 -43045.69090547 6636.66663184 0.394101 5.9594 0.826676 0.108116 -0.023738
152800 -43034.53633201 6625.29171006 0.393426 5.9594 0.826676 0.108116 -0.002174
152900 -43099.24839493 6670.76849759 0.396126 5.9594 0.826676 0.108116 -0.011147
153000 -43099.87593907 6715.57551283 0.398787 5.9567 0.826683 0.107340 -0.002306
153100 -43134.45921268 6639.14729180 0.394249 5.9567 0.826683 0.107340 -0.015492
153200 -43075.13508009 6601.41973423 0.392008 5.9567 0.826683 0.107340 0.014671
153300 -43120.43646868 6665.18587033 0.395795 5.9567 0.826683 0.107340 -0.007235
153400 -43219.03650120 6760.91444061 0.401479 5.9567 0.826683 0.107340 -0.033711
153500 -43050.83267133 6662.13729620 0.395614 5.9530 0.823473 0.109386 0.044474
153600 -43083.31752131 6706.10024301 0.398224 5.9530 0.823473 0.109386 0.012118
153700 -43095.01519635 6692.98919205 0.397446 5.9530 0.823473 0.109386 -0.008656
153800 -43016.09582318 6771.38599210 0.402101 5.9530 0.823473 0.109386 0.031599
153900 -43054.54307795 6820.17659761 0.404999 5.9530 0.823473 0.109386 0.006534
154000 -43086.77598603 6733.55801051 0.399855 5.9553 0.824610 0.108062 -0.015891
154100 -43010.43804260 6706.17958006 0.398229 5.9553 0.824610 0.108062 0.029753
154200 -42971.43990340 6697.35625366 0.397705 5.9553 0.824610 0.108062 0.034476
154300 -42958.63255916 6699.62632818 0.397840 5.9553 0.824610 0.108062 0.029218
154400 -43069.03326676 6752.63124850 0.400988 5.9553 0.824610 0.108062 -0.028464
154500 -43016.04533310 6642.37271521 0.394440 5.9575 0.824062 0.107954 -0.010090
154600 -43050.86219773 6633.21582198 0.393896 5.9575 0.824062 0.107954 -0.013263
154700 -42958.36862367 6651.94033911 0.395008 5.9575 0.824062 0.107954 0.027726
154800 -43022.55984656 6693.40519542 0.397471 5.9575 0.824062 0.107954 -0.000186
154900 -43067.97964433 6749.59086492 0.400807 5.9575 0.824062 0.107954 -0.017568
155000 -42977.03127473 6671.15475826 0.396149 5.9569 0.825650 0.108527 0.008462
155100 -43032.49383490 6689.54405242 0.397241 5.9569 0.825650 0.108527 0.002738
155200 -42989.61982406 6651.21485535 0.394965 5.9569 0.825650 0.108527 0.020403
155300 -43065.97603114 6696.36274264 0.397646 5.9569 0.825650 0.108527 -0.011407
155400 -43022.37889774 6742.80872179 0.400404 5.9569 0.825650 0.108527 0.009908
155500 -43076.34422285 6735.41809633 0.399965 5.9593 0.826169 0.107754 -0.024043
155600 -43021.08125488 6643.89228162 0.394530 5.9593 0.826169 0.107754 0.000075
155700 -43023.70129549 6635.99091945 0.394061 5.9593 0.826169 0.107754 0.005643
155800 -43008.60507599 6727.30407317 0.399484 5.9593 0.826169 0.107754 0.015276
155900 -43006.87632127 6681.53634086 0.396766 5.9593 0.826169 0.107754 0.010755
156000 -42982.47498975 6737.78914898 0.400106 5.9559 0.822756 0.108937 0.022316
156100 -42917.80578178 6716.34318573 0.398833 5.9559 0.822756 0.108937 0.045791
156200 -42989.60540935 6715.05393380 0.398756 5.9559 0.822756 0.108937 -0.006435
156300 -42956.36787578 6765.97515659 0.401780 5.9559 0.822756 0.108937 0.007091
156400 -42986.47893349 6743.35520642 0.400437 5.9559 0.822756 0.108937 -0.004745
156500 -43046.12299524 6732.82694923 0.399812 5.9570 0.826838 0.108208 -0.018226
156600 -43020.52852673 6654.80833094 0.395179 5.9570 0.826838 0.108208 -0.012192
156700 -42979.26504069 6661.81909241 0.395595 5.9570 0.826838 0.108208 0.025887
156800 -43081.30729974 6673.58845836 0.396294 5.9570 0.826838 0.108208 -0.024017
156900 -43053.33849994 6684.05471954 0.396915 5.9570 0.826838 0.108208 -0.006868
157000 -43038.27676521 6700.73562078 0.397906 5.9562 0.825446 0.107957 0.002234
157100 -43016.75144934 6704.32866966 0.398119 5.9562 0.825446 0.107957 0.004419
157200 -43007.30180732 6741.41144085 0.400321 5.9562 0.825446 0.107957 0.009046
157300 -43016.88175168 6748.88477667 0.400765 5.9562 0.825446 0.107957 0.012937
157400 -43060.37647351 6814.79299885 0.404679 5.9562 0.825446 0.107957 -0.003901
157500 -42947.65413571 6690.17974400 0.397279 5.9581 0.826203 0.108329 0.024188
157600 -43012.72829134 6752.95878797 0.401007 5.9581 0.826203 0.108329 0.011805
157700 -42958.61649948 6708.02485949 0.398339 5.9581 0.826203 0.108329 0.018256
157800 -42956.09479660 6657.33164370 0.395328 5.9581 0.826203 0.108329 0.006883
157900 -42983.54437196 6712.17526825 0.398585 5.9581 0.826203 0.108329 -0.000845
158000 -42975.79101127 6774.01009674 0.402257 5.9561 0.825269 0.108367 0.012920
158100 -42975.07791606 6730.15840559 0.399653 5.9561 0.825269 0.108367 0.009460
158200 -42960.88420697 6731.09686044 0.399709 5.9561 0.825269 0.108367 0.005217
158300 -42965.00043126 6725.62113547 0.399384 5.9561 0.825269 0.108367 0.005084
158400 -42998.30694793 6711.98936096 0.398574 5.9561 0.825269 0.108367 -0.014614
158500 -42985.63706759 6726.28787668 0.399423 5.9595 0.823880 0.107666 -0.005277
158600 -42901.91326192 6696.01698729 0.397626 5.9595 0.823880 0.107666 0.057584
158700 -43016.48977505 6706.17816887 0.398229 5.9595 0.823880 0.107666 -0.010000
158800 -42998.82762529 6757.04672697 0.401250 5.9595 0.823880 0.107666 0.010069
158900 -43051.48238850 6796.03166013 0.403565 5.9595 0.823880 0.107666 -0.014218
159000 -42991.32831118 6769.87193086 0.402011 5.9558 0.825668 0.108468 0.004675
159100 -42939.84065791 6687.27283862 0.397106 5.9558 0.825668 0.108468 0.026964
159200 -42974.93974678 6780.80209486 0.402660 5.9558 0.825668 0.108468 -0.000822
159300 -42943.38609689 6761.21780486 0.401497 5.9558 0.825668 0.108468 0.008755
159400 -42927.33599891 6698.32882050 0.397763 5.9558 0.825668 0.108468 0.008290
159500 -42925.45496627 6690.69971249 0.397310 5.9551 0.823790 0.108076 0.004047
159600 -42961.10701257 6679.20136800 0.396627 5.9551 0.823790 0.108076 0.010437
159700 -42953.12753501 6668.93076002 0.396017 5.9551 0.823790 0.108076 -0.003486
159800 -42939.16425852 6735.03760201 0.399943 5.9551 0.823790 0.108076 0.006108
159900 -42941.24421509 6770.57206475 0.402053 5.9551 0.823790 0.108076 0.011471
160000 -42907.85316649 6792.82260229 0.403374 5.9546 0.818903 0.108945 0.028050
160100 -42881.07496182 6732.41734613 0.399787 5.9546 0.818903 0.108945 0.011088
160200 -42955.24841950 6767.46646436 0.401869 5.9546 0.818903 0.108945 -0.022576
160300 -42912.67716037 6715.78040968 0.398799 5.9546 0.818903 0.108945 0.002053
160400 -42931.88818403 6820.18547406 0.404999 5.9546 0.818903 0.108945 0.005213
160500 -42921.31001867 6754.94105054 0.401125 5.9529 0.822061 0.109323 0.004584
160600 -42957.61516296 6716.65063043 0.398851 5.9529 0.822061 0.109323 -0.018843
160700 -42914.01791627 6696.92015092 0.397679 5.9529 0.822061 0.109323 0.012767
160800 -42902.96959229 6655.43530131 0.395216 5.9529 0.822061 0.109323 0.013967
160900 -43031.95383662 6711.94542877 0.398572 5.9529 0.822061 0.109323 -0.045006
161000 -43037.18972681 6707.01456668 0.398279 5.9538 0.825487 0.108719 -0.035454
161100 -43043.14440187 6722.16334258 0.399178 5.9538 0.825487 0.108719 -0.033165
161200 -43055.61286115 6646.13803922 0.394664 5.9538 0.825487 0.108719 -0.031288
161300 -43000.46996232 6683.09033384 0.396858 5.9538 0.825487 0.108719 -0.000251
161400 -43036.06562820 6689.97969694 0.397267 5.9538 0.825487 0.108719 -0.018289
161500 -43073.92303808 6705.13599419 0.398167 5.9530 0.824217 0.108439 -0.024836
161600 -43076.91273825 6752.82199159 0.400999 5.9530 0.824217 0.108439 -0.019185
161700 -43004.94520803 6651.01573834 0.394953 5.9530 0.824217 0.108439 0.016386
161800 -42984.57646448 6699.90855099 0.397857 5.9530 0.824217 0.108439 0.017092
161900 -43024.69288677 6794.31340796 0.403463 5.9530 0.824217 0.108439 0.011062
162000 -42957.64869949 6697.31062356 0.397703 5.9524 0.821910 0.108426 0.020768
162100 -43021.43869250 6742.84513369 0.400406 5.9524 0.821910 0.108426 -0.013575
162200 -42966.59803264 6782.65294214 0.402770 5.9524 0.821910 0.108426 0.012817
162300 -42929.54580526 6688.44475298 0.397176 5.9524 0.821910 0.108426 0.016037
162400 -42963.45499693 6649.27353990 0.394850 5.9524 0.821910 0.108426 0.005144
162500 -42960.88263643 6706.37930235 0.398241 5.9525 0.823982 0.109383 0.009278
162600 -42876.61125940 6669.20298757 0.396033 5.9525 0.823982 0.109383 0.040470
162700 -42956.24247689 6807.43206366 0.404242 5.9525 0.823982 0.109383 0.012292
162800 -42972.82532028 6774.15565190 0.402266 5.9525 0.823982 0.109383 -0.010669
162900 -42959.79670132 6762.60601417 0.401580 5.9525 0.823982 0.109383 0.002617
163000 -42962.84287483 6774.92277479 0.402311 5.9539 0.821017 0.109710 -0.004593
163100 -42941.75168862 6747.93472248 0.400709 5.9539 0.821017 0.109710 0.000957
163200 -42930.87005951 6799.24038602 0.403755 5.9539 0.821017 0.109710 0.008548
163300 -42861.07572241 6793.59314319 0.403420 5.9539 0.821017 0.109710 0.031418
163400 -42877.99791107 6826.07988377 0.405349 5.9539 0.821017 0.109710 0.030009
163500 -42805.22971670 6825.20320042 0.405297 5.9530 0.817682 0.111735 0.024644
163600 -42818.73045793 6679.80443667 0.396663 5.9530 0.817682 0.111735 -0.006746
163700 -42908.23517174 6808.58694497 0.404310 5.9530 0.817682 0.111735 -0.024215
163800 -42853.54747738 6774.34189550 0.402277 5.9530 0.817682 0.111735 0.006304
163900 -42844.39596535 6825.83233217 0.405334 5.9530 0.817682 0.111735 0.003810
164000 -42843.96890302 6745.53641196 0.400566 5.9517 0.820334 0.110358 0.005899
164100 -42853.10706010 6665.59085311 0.395819 5.9517 0.820334 0.110358 -0.006955
164200 -42862.70682245 6728.58430530 0.399560 5.9517 0.820334 0.110358 -0.011145
164300 -42916.99092708 6724.23699299 0.399301 5.9517 0.820334 0.110358 -0.027924
164400 -42924.36265121 6711.45128077 0.398542 5.9517 0.820334 0.110358 -0.011828
164500 -42933.22560981 6678.45666059 0.396583 5.9553 0.822466 0.109078 -0.006783
164600 -42960.70225532 6752.03297183 0.400952 5.9553 0.822466 0.109078 -0.025037
164700 -42890.02649339 6705.80542609 0.398207 5.9553 0.822466 0.109078 0.022805
164800 -43088.60190257 6798.17432203 0.403692 5.9553 0.822466 0.109078 -0.066797
164900 -42971.42645759 6787.35011702 0.403049 5.9553 0.822466 0.109078 -0.012085
165000 -42925.21740803 6773.49822704 0.402227 5.9529 0.821726 0.109441 0.017868
165100 -42915.90608328 6703.90231907 0.398094 5.9529 0.821726 0.109441 0.004999
165200 -42899.26922114 6726.78277963 0.399453 5.9529 0.821726 0.109441 0.012770
165300 -42956.32850127 6769.97250290 0.402017 5.9529 0.821726 0.109441 -0.000749
165400 -42961.82472161 6713.92603372 0.398689 5.9529 0.821726 0.109441 -0.008038
165500 -42912.55620178 6712.81310658 0.398623 5.9538 0.821833 0.109634 0.020123
165600 -42862.67384979 6704.39305320 0.398123 5.9538 0.821833 0.109634 0.031996
165700 -42839.03029512 6682.36794674 0.396815 5.9538 0.821833 0.109634 0.036972
165800 -42890.93428555 6751.79255490 0.400938 5.9538 0.821833 0.109634 0.013717
165900 -42811.52194606 6675.55827210 0.396411 5.9538 0.821833 0.109634 0.043080
166000 -42921.46167514 6733.89826361 0.399875 5.9544 0.821243 0.108918 -0.008463
166100 -42944.28203122 6781.83738982 0.402722 5.9544 0.821243 0.108918 -0.015463
166200 -42892.57781908 6850.13381795 0.406778 5.9544 0.821243 0.108918 0.017043
166300 -42848.80117485 6796.86853756 0.403615 5.9544 0.821243 0.108918 0.019714
166400 -42875.87003195 6834.23070963 0.405833 5.9544 0.821243 0.108918 0.002396
166500 -42893.04950944 6774.49364457 0.402286 5.9563 0.822898 0.109621 -0.021353
166600 -42846.44568842 6733.08995233 0.399827 5.9563 0.822898 0.109621 0.006196
166700 -42870.55528286 6733.89720003 0.399875 5.9563 0.822898 0.109621 -0.015693
166800 -42879.67193564 6802.40648691 0.403943 5.9563 0.822898 0.109621 0.001373
166900 -42852.92395413 6677.54136616 0.396529 5.9563 0.822898 0.109621 -0.004428
167000 -42941.27036515 6723.09825526 0.399234 5.9526 0.823588 0.110247 -0.034727
167100 -42891.38806018 6724.42769416 0.399313 5.9526 0.823588 0.110247 -0.010777
167200 -42870.98537016 6746.30363551 0.400612 5.9526 0.823588 0.110247 0.007992
167300 -42919.37181925 6841.10241296 0.406241 5.9526 0.823588 0.110247 -0.010413
167400 -42900.78520383 6827.61762438 0.405440 5.9526 0.823588 0.110247 -0.003975
167500 -42840.76263883 6750.06343581 0.400835 5.9471 0.815299 0.110630 0.011387
167600 -42888.06218910 6760.89688837 0.401478 5.9471 0.815299 0.110630 -0.017862
167700 -42856.92996461 6777.65159018 0.402473 5.9471 0.815299 0.110630 0.006355
167800 -42864.71054718 6731.08786536 0.399708 5.9471 0.815299 0.110630 0.000360
167900 -42894.73585911 6629.51678214 0.393677 5.9471 0.815299 0.110630 -0.014300
168000 -42978.44500868 6711.18574432 0.398526 5.9542 0.827578 0.108789 -0.051533
168100 -42909.63200127 6721.01924989 0.399110 5.9542 0.827578 0.108789 -0.004323
168200 -42924.74158467 6732.35676041 0.399784 5.9542 0.827578 0.108789 -0.015786
168300 -42847.61484970 6698.12733762 0.397751 5.9542 0.827578 0.108789 0.021892
168400 -42833.35407669 6720.31706637 0.399069 5.9542 0.827578 0.108789 0.027821
168500 -42940.64764408 6776.45897952 0.402403 5.9476 0.823889 0.108586 -0.007042
168600 -42877.09744105 6778.49502356 0.402523 5.9476 0.823889 0.108586 0.016151
168700 -42788.42982591 6787.71208797 0.403071 5.9476 0.823889 0.108586 0.039294
168800 -42799.65196601 6797.02589687 0.403624 5.9476 0.823889 0.108586 0.017008
168900 -42958.07985331 6849.58795813 0.406745 5.9476 0.823889 0.108586 -0.051282
169000 -42829.70147232 6768.73277708 0.401944 5.9507 0.820285 0.109898 -0.003624
169100 -42887.57720688 6739.24338132 0.400193 5.9507 0.820285 0.109898 -0.016091
169200 -42903.37450298 6730.63734765 0.399682 5.9507 0.820285 0.109898 -0.015517
169300 -42871.18235965 6695.61873469 0.397602 5.9507 0.820285 0.109898 -0.015345
169400 -42863.08603526 6624.80000592 0.393397 5.9507 0.820285 0.109898 0.008797
169500 -42931.47503295 6728.28518874 0.399542 5.9488 0.823396 0.109923 -0.020151
169600 -42905.66530604 6703.35983821 0.398062 5.9488 0.823396 0.109923 -0.002385
169700 -42845.24641133 6679.83246464 0.396665 5.9488 0.823396 0.109923 0.015792
169800 -42868.78918384 6731.75283618 0.399748 5.9488 0.823396 0.109923 0.007313
169900 -42855.38732488 6705.37291544 0.398181 5.9488 0.823396 0.109923 0.013420
170000 -42828.42776311 6682.52776775 0.396825 5.9482 0.819826 0.111060 0.027639
170100 -42843.36957856 6738.93312156 0.400174 5.9482 0.819826 0.111060 0.013804
170200 -42884.34014847 6827.48297875 0.405432 5.9482 0.819826 0.111060 -0.005826
170300 -42853.52640709 6788.12557388 0.403095 5.9482 0.819826 0.111060 -0.010609
170400 -42849.98821951 6742.76138728 0.400402 5.9482 0.819826 0.111060 -0.004842
170500 -42778.24100157 6641.13401728 0.394367 5.9527 0.816408 0.111027 0.020312
170600 -42853.15775922 6643.54452335 0.394510 5.9527 0.816408 0.111027 0.004400
170700 -42878.67501796 6695.67045933 0.397605 5.9527 0.816408 0.111027 -0.000766
170800 -42959.00363562 6708.34106949 0.398358 5.9527 0.816408 0.111027 -0.031716
170900 -42943.15889059 6702.72063597 0.398024 5.9527 0.816408 0.111027 -0.025561
171000 -42858.62936060 6726.83916921 0.399456 5.9452 0.822163 0.110588 0.019425
171100 -42914.76807182 6703.85964715 0.398091 5.9452 0.822163 0.110588 0.003940
171200 -42800.97083017 6611.49497078 0.392607 5.9452 0.822163 0.110588 0.039337
171300 -42898.50231141 6659.51918235 0.395458 5.9452 0.822163 0.110588 -0.000869
171400 -42922.34310809 6671.65440994 0.396179 5.9452 0.822163 0.110588 0.000219
171500 -42919.68322135 6645.50771994 0.394626 5.9449 0.820659 0.109952 0.010919
171600 -42924.25130007 6718.36586875 0.398953 5.9449 0.820659 0.109952 -0.005692
171700 -42766.68682784 6673.56550422 0.396292 5.9449 0.820659 0.109952 0.063169
171800 -42804.17702624 6705.48444788 0.398188 5.9449 0.820659 0.109952 0.041034
171900 -42869.94299202 6715.57240143 0.398787 5.9449 0.820659 0.109952 0.003856
172000 -42885.88319883 6746.18738945 0.400605 5.9482 0.822955 0.109789 -0.021546
172100 -42876.59166094 6759.59167400 0.401401 5.9482 0.822955 0.109789 -0.004192
172200 -42797.14699156 6667.04925880 0.395906 5.9482 0.822955 0.109789 0.032959
172300 -42861.60035553 6699.58504937 0.397838 5.9482 0.822955 0.109789 0.016276
172400 -42816.63930318 6653.30791937 0.395090 5.9482 0.822955 0.109789 0.015816
172500 -42930.07561352 6673.78897300 0.396306 5.9461 0.821316 0.110646 -0.028959
172600 -42941.97568988 6683.64758122 0.396891 5.9461 0.821316 0.110646 -0.037587
172700 -42954.76855212 6634.65714475 0.393982 5.9461 0.821316 0.110646 -0.036737
172800 -42867.76094006 6604.74201230 0.392206 5.9461 0.821316 0.110646 0.009086
172900 -42911.05569977 6680.19059090 0.396686 5.9461 0.821316 0.110646 -0.008141
173000 -42960.03796417 6736.84592792 0.400050 5.9514 0.821739 0.109342 -0.020734
173100 -42896.13041108 6733.41435315 0.399846 5.9514 0.821739 0.109342 0.009457
173200 -42922.24998459 6730.86543611 0.399695 5.9514 0.821739 0.109342 -0.010569
173300 -42928.24767898 6702.76758204 0.398027 5.9514 0.821739 0.109342 -0.008207
173400 -42903.90146368 6701.43243545 0.397947 5.9514 0.821739 0.109342 -0.001763
173500 -42925.64997077 6791.62791948 0.403303 5.9515 0.824441 0.109356 -0.002381
173600 -42884.42281758 6754.05632546 0.401072 5.9515 0.824441 0.109356 0.013485
173700 -42912.82467488 6751.79657936 0.400938 5.9515 0.824441 0.109356 -0.004667
173800 -42884.87517326 6740.91177426 0.400292 5.9515 0.824441 0.109356 0.010245
173900 -42892.16699777 6764.71362080 0.401705 5.9515 0.824441 0.109356 0.011947
174000 -42881.05422546 6738.90465712 0.400172 5.9518 0.820884 0.109406 0.010758
174100 -42905.68418210 6782.38528046 0.402754 5.9518 0.820884 0.109406 0.001988
174200 -42824.53699305 6733.37153232 0.399844 5.9518 0.820884 0.109406 0.025195
174300 -42870.23416696 6812.21822445 0.404526 5.9518 0.820884 0.109406 0.008086
174400 -42806.95515231 6755.26799716 0.401144 5.9518 0.820884 0.109406 0.031632
174500 -42904.81965916 6742.14141772 0.400365 5.9589 0.822782 0.108208 -0.017464
174600 -42861.26508536 6701.00684867 0.397922 5.9589 0.822782 0.108208 0.010096
174700 -42862.58117275 6784.49803173 0.402880 5.9589 0.822782 0.108208 0.003333
174800 -42915.55717202 6707.94983033 0.398334 5.9589 0.822782 0.108208 -0.032059
174900 -42869.36463441 6723.81712356 0.399277 5.9589 0.822782 0.108208 -0.011563
175000 -42788.68901190 6697.78725668 0.397731 5.9510 0.818962 0.110574 0.035911
175100 -42889.29299418 6813.35274981 0.404593 5.9510 0.818962 0.110574 -0.002003
175200 -42792.55860073 6756.92275768 0.401242 5.9510 0.818962 0.110574 0.035796
175300 -42935.33373386 6750.85731011 0.400882 5.9510 0.818962 0.110574 -0.025388
175400 -42920.65763186 6704.06369055 0.398104 5.9510 0.818962 0.110574 -0.022834
175500 -42921.36601949 6690.95614683 0.397325 5.9517 0.821459 0.109757 -0.021602
175600 -42871.63541119 6634.77729941 0.393989 5.9517 0.821459 0.109757 0.009931
175700 -42939.38855822 6682.39801905 0.396817 5.9517 0.821459 0.109757 -0.021413
175800 -42913.36917033 6697.08254608 0.397689 5.9517 0.821459 0.109757 0.004173
175900 -43025.02114232 6724.44936250 0.399314 5.9517 0.821459 0.109757 -0.035866
176000 -42933.23285955 6612.11746369 0.392644 5.9479 0.822496 0.109984 -0.003236
176100 -42949.09310773 6642.42949430 0.394444 5.9479 0.822496 0.109984 0.006636
176200 -42973.03585619 6694.24190664 0.397520 5.9479 0.822496 0.109984 -0.010253
176300 -42986.57711621 6738.46068136 0.400146 5.9479 0.822496 0.109984 -0.018675
176400 -42986.59448608 6769.77877370 0.402006 5.9479 0.822496 0.109984 -0.009044
176500 -42963.21853271 6757.04825423 0.401250 5.9521 0.823812 0.108741 -0.004731
176600 -42915.90985144 6633.63756669 0.393921 5.9521 0.823812 0.108741 0.023819
176700 -42976.59224531 6768.66710851 0.401940 5.9521 0.823812 0.108741 0.000056
176800 -42950.10103946 6656.06765924 0.395253 5.9521 0.823812 0.108741 0.003930
176900 -42946.18741875 6760.35992596 0.401447 5.9521 0.823812 0.108741 0.009738
177000 -42905.01732499 6713.09482645 0.398640 5.9550 0.823550 0.109647 0.019913
177100 -42945.45376952 6730.35032958 0.399665 5.9550 0.823550 0.109647 -0.008834
177200 -42861.34755724 6791.71391620 0.403308 5.9550 0.823550 0.109647 0.036720
177300 -42871.10493650 6772.78492232 0.402184 5.9550 0.823550 0.109647 0.021068
177400 -42826.37357875 6728.91893165 0.399580 5.9550 0.823550 0.109647 0.035928
177500 -42882.81216435 6771.77874455 0.402125 5.9504 0.821848 0.108886 0.013199
177600 -42907.65635265 6725.01593997 0.399348 5.9504 0.821848 0.108886 -0.000575
177700 -42895.91269520 6747.71033794 0.400695 5.9504 0.821848 0.108886 -0.002315
177800 -42806.20863085 6818.60151063 0.404905 5.9504 0.821848 0.108886 0.020059
177900 -42786.73837467 6787.42559857 0.403054 5.9504 0.821848 0.108886 0.021161
178000 -42817.80753146 6787.31679973 0.403047 5.9477 0.821381 0.110620 0.005150
178100 -42868.41993617 6847.87467344 0.406643 5.9477 0.821381 0.110620 -0.012610
178200 -42853.06194140 6770.35413846 0.402040 5.9477 0.821381 0.110620 -0.015615
178300 -42911.03800852 6657.44708097 0.395335 5.9477 0.821381 0.110620 -0.040238
178400 -42824.12283279 6711.23299864 0.398529 5.9477 0.821381 0.110620 0.007057
178500 -42889.57212580 6691.90670412 0.397382 5.9483 0.824049 0.109582 -0.017118
178600 -42948.44470129 6749.06069498 0.400776 5.9483 0.824049 0.109582 -0.028382
178700 -42837.53732244 6685.38366770 0.396994 5.9483 0.824049 0.109582 0.023037
178800 -42944.45887297 6716.22551596 0.398826 5.9483 0.824049 0.109582 -0.036206
178900 -42855.56757218 6635.71165301 0.394045 5.9483 0.824049 0.109582 0.016508
179000 -42838.23616060 6687.06291560 0.397094 5.9518 0.819334 0.110478 0.019487
179100 -42838.39711469 6679.88216396 0.396668 5.9518 0.819334 0.110478 0.008990
179200 -42887.82462480 6756.44028043 0.401214 5.9518 0.819334 0.110478 -0.001887
179300 -42927.64211894 6721.78482044 0.399156 5.9518 0.819334 0.110478 -0.016393
179400 -42927.79093073 6769.81535748 0.402008 5.9518 0.819334 0.110478 -0.010447
179500 -42915.72484605 6803.88542201 0.404031 5.9538 0.821946 0.109139 -0.023507
179600 -42937.29839551 6745.26410091 0.400550 5.9538 0.821946 0.109139 -0.018611
179700 -42927.94623088 6689.28362203 0.397226 5.9538 0.821946 0.109139 -0.011191
179800 -42826.31450914 6735.66167163 0.399980 5.9538 0.821946 0.109139 0.036433
179900 -42884.27839319 6726.28490113 0.399423 5.9538 0.821946 0.109139 -0.006811
180000 -42852.42939265 6688.51359393 0.397180 5.9471 0.822458 0.109833 0.004526
180100 -42847.88310691 6674.09879404 0.396324 5.9471 0.822458 0.109833 0.006266
180200 -42909.03579162 6752.79926882 0.400998 5.9471 0.822458 0.109833 -0.007035
180300 -42853.03467091 6695.10405916 0.397571 5.9471 0.822458 0.109833 0.006335
180400 -42922.47840815 6767.52440180 0.401872 5.9471 0.822458 0.109833 -0.020815
180500 -42806.58998377 6761.69049295 0.401526 5.9489 0.819580 0.110656 0.031456
180600 -42819.44226365 6763.70873512 0.401645 5.9489 0.819580 0.110656 0.012667
180700 -42864.97011573 6727.20342476 0.399478 5.9489 0.819580 0.110656 -0.010686
180800 -42858.52292491 6789.17160566 0.403157 5.9489 0.819580 0.110656 -0.001950
180900 -42808.48954905 6751.14055236 0.400899 5.9489 0.819580 0.110656 0.015695
181000 -42823.68783322 6783.85851177 0.402842 5.9507 0.820142 0.109856 -0.000107
181100 -42785.19375816 6760.50425541 0.401455 5.9507 0.820142 0.109856 0.031554
181200 -42847.24740507 6831.68259467 0.405682 5.9507 0.820142 0.109856 -0.003789
181300 -42796.26658703 6741.74380021 0.400341 5.9507 0.820142 0.109856 -0.001683
181400 -42863.86046939 6773.79650725 0.402244 5.9507 0.820142 0.109856 -0.026469
181500 -42826.87868827 6843.75298743 0.406399 5.9525 0.816789 0.111407 -0.020893
181600 -42814.96115792 6695.93934023 0.397621 5.9525 0.816789 0.111407 -0.005029
181700 -42846.94580696 6681.55765299 0.396767 5.9525 0.816789 0.111407 -0.000721
181800 -42845.16171792 6707.44379323 0.398304 5.9525 0.816789 0.111407 -0.003302
181900 -42868.89871536 6780.45712074 0.402640 5.9525 0.816789 0.111407 -0.001808
182000 -42842.06511452 6691.90609389 0.397382 5.9457 0.818275 0.111426 0.003710
182100 -42846.26341392 6698.70111146 0.397785 5.9457 0.818275 0.111426 -0.002745
182200 -42829.05285344 6640.90637459 0.394353 5.9457 0.818275 0.111426 0.014592
182300 -42832.82835340 6669.73014199 0.396065 5.9457 0.818275 0.111426 0.012093
182400 -42857.32612243 6726.94052342 0.399462 5.9457 0.818275 0.111426 -0.003543
182500 -42861.83889392 6691.45771822 0.397355 5.9493 0.820687 0.110416 -0.008346
182600 -42876.53548052 6800.25703411 0.403816 5.9493 0.820687 0.110416 -0.002476
182700 -42818.44271771 6788.79898354 0.403135 5.9493 0.820687 0.110416 0.015067
182800 -42840.52773590 6773.90253776 0.402251 5.9493 0.820687 0.110416 -0.008535
182900 -42885.53583786 6734.82377478 0.399930 5.9493 0.820687 0.110416 -0.016163
183000 -42805.53190430 6788.13816264 0.403096 5.9450 0.817884 0.111624 0.010404
183100 -42804.09011085 6770.82724528 0.402068 5.9450 0.817884 0.111624 0.011108
183200 -42707.98702575 6780.85961688 0.402664 5.9450 0.817884 0.111624 0.048284
183300 -42760.07597704 6684.13090359 0.396920 5.9450 0.817884 0.111624 0.016700
183400 -42767.21604386 6689.52461324 0.397240 5.9450 0.817884 0.111624 0.001950
183500 -42869.57177839 6828.15516176 0.405472 5.9489 0.819958 0.110392 -0.029912
183600 -42852.37236427 6773.06666822 0.402201 5.9489 0.819958 0.110392 -0.031421
183700 -42813.51933255 6766.47979882 0.401810 5.9489 0.819958 0.110392 -0.006983
183800 -42762.98906094 6787.61556525 0.403065 5.9489 0.819958 0.110392 0.023136
183900 -42798.84084443 6848.57167863 0.406685 5.9489 0.819958 0.110392 0.011049
184000 -42808.80887061 6759.38002686 0.401388 5.9490 0.820304 0.111097 -0.008064
184100 -42773.93326643 6729.06791765 0.399588 5.9490 0.820304 0.111097 0.005774
184200 -42777.86715364 6748.84189339 0.400763 5.9490 0.820304 0.111097 0.006560
184300 -42800.67951346 6739.66046890 0.400217 5.9490 0.820304 0.111097 -0.003062
184400 -42747.57035717 6736.66866325 0.400040 5.9490 0.820304 0.111097 0.012822
184500 -42742.64341801 6656.90790588 0.395303 5.9458 0.816363 0.112445 0.014848
184600 -42859.56697653 6658.74238890 0.395412 5.9458 0.816363 0.112445 -0.036893
184700 -42854.36764853 6703.30287173 0.398058 5.9458 0.816363 0.112445 -0.022268
184800 -42802.96528661 6646.84008014 0.394705 5.9458 0.816363 0.112445 -0.011226
184900 -42778.87134897 6654.59671269 0.395166 5.9458 0.816363 0.112445 0.010098
185000 -42807.07812932 6717.53971311 0.398904 5.9475 0.816115 0.112657 0.009071
185100 -42827.48933937 6743.84679322 0.400466 5.9475 0.816115 0.112657 -0.008930
185200 -42800.14226114 6686.33723702 0.397051 5.9475 0.816115 0.112657 0.009796
185300 -42822.97714194 6763.75337073 0.401648 5.9475 0.816115 0.112657 -0.005741
185400 -42855.60985868 6694.93613398 0.397562 5.9475 0.816115 0.112657 -0.034325
185500 -42811.32849009 6752.77800708 0.400996 5.9510 0.818117 0.110907 -0.001886
185600 -42848.21432216 6745.02818576 0.400536 5.9510 0.818117 0.110907 -0.016966
185700 -42863.66919140 6767.52156078 0.401872 5.9510 0.818117 0.110907 -0.019155
185800 -42827.68591836 6809.41257829 0.404359 5.9510 0.818117 0.110907 0.012320
185900 -42852.50333978 6736.78863076 0.400047 5.9510 0.818117 0.110907 -0.016100
186000 -42839.45441878 6705.07586491 0.398164 5.9498 0.822305 0.109747 0.003695
186100 -42793.21217101 6697.31137478 0.397703 5.9498 0.822305 0.109747 0.016225
186200 -42813.76218758 6707.97030634 0.398336 5.9498 0.822305 0.109747 0.005934
186300 -42794.82465891 6767.05652657 0.401844 5.9498 0.822305 0.109747 0.013508
186400 -42811.83990125 6764.64646971 0.401701 5.9498 0.822305 0.109747 0.004140
186500 -42871.47897789 6790.67858294 0.403247 5.9500 0.819964 0.110451 -0.023945
186600 -42803.50627281 6710.37559421 0.398478 5.9500 0.819964 0.110451 0.010215
186700 -42848.07241331 6771.88294311 0.402131 5.9500 0.819964 0.110451 -0.007286
186800 -42804.43761117 6771.16708818 0.402088 5.9500 0.819964 0.110451 0.020732
186900 -42820.35210622 6795.03272192 0.403506 5.9500 0.819964 0.110451 -0.001723
187000 -42769.77414072 6754.38813693 0.401092 5.9496 0.819871 0.110500 0.009998
187100 -42803.39532549 6797.71919129 0.403665 5.9496 0.819871 0.110500 0.007341
187200 -42847.85314162 6858.02785195 0.407246 5.9496 0.819871 0.110500 -0.026626
187300 -42815.97644069 6772.40748602 0.402162 5.9496 0.819871 0.110500 -0.003345
187400 -42857.03549762 6824.15619596 0.405235 5.9496 0.819871 0.110500 -0.025970
187500 -42854.38752113 6710.12836135 0.398464 5.9496 0.820817 0.110254 -0.017442
187600 -42819.11521133 6761.31235074 0.401503 5.9496 0.820817 0.110254 -0.007250
187700 -42869.52880355 6778.93323648 0.402549 5.9496 0.820817 0.110254 -0.025628
187800 -42821.55754994 6686.46861011 0.397059 5.9496 0.820817 0.110254 0.001085
187900 -42866.18962389 6742.54111134 0.400388 5.9496 0.820817 0.110254 -0.002604
188000 -42801.79202030 6703.69304773 0.398082 5.9486 0.820646 0.110197 0.030331
188100 -42866.61569713 6732.88412067 0.399815 5.9486 0.820646 0.110197 -0.007789
188200 -42784.84655870 6798.90941707 0.403736 5.9486 0.820646 0.110197 0.019421
188300 -42815.85850862 6754.39256490 0.401092 5.9486 0.820646 0.110197 0.002075
188400 -42743.11615874 6693.24298152 0.397461 5.9486 0.820646 0.110197 0.029762
188500 -42762.11449969 6708.08099139 0.398342 5.9489 0.816802 0.111402 0.020819
188600 -42897.31699251 6796.85993753 0.403614 5.9489 0.816802 0.111402 -0.044237
188700 -42811.53460886 6742.37369764 0.400378 5.9489 0.816802 0.111402 -0.000261
188800 -42796.86788174 6737.70501777 0.400101 5.9489 0.816802 0.111402 -0.003592
188900 -42762.62910324 6753.10042187 0.401015 5.9489 0.816802 0.111402 0.017027
189000 -42791.27800808 6771.52140410 0.402109 5.9514 0.821878 0.110023 0.006347
189100 -42789.14029827 6748.10834418 0.400719 5.9514 0.821878 0.110023 0.014767
189200 -42866.76059568 6661.57608016 0.395581 5.9514 0.821878 0.110023 -0.029712
189300 -42926.81015111 6714.41655694 0.398718 5.9514 0.821878 0.110023 -0.048512
189400 -42848.96698463 6620.42945090 0.393137 5.9514 0.821878 0.110023 0.005799
189500 -42848.54687809 6641.36556108 0.394380 5.9498 0.819714 0.110576 0.003416
189600 -42864.50607836 6701.18012634 0.397932 5.9498 0.819714 0.110576 0.011783
189700 -42868.27874820 6692.62867377 0.397425 5.9498 0.819714 0.110576 0.007733
189800 -42975.43913071 6678.45721764 0.396583 5.9498 0.819714 0.110576 -0.054339
189900 -42905.97195798 6621.23755594 0.393185 5.9498 0.819714 0.110576 -0.017129
190000 -42898.02026426 6647.86180074 0.394766 5.9495 0.823195 0.110573 0.006001
190100 -42976.12245057 6727.03603654 0.399468 5.9495 0.823195 0.110573 -0.015081
190200 -42917.87456170 6693.11861110 0.397454 5.9495 0.823195 0.110573 0.012853
190300 -42932.55833283 6740.12385652 0.400245 5.9495 0.823195 0.110573 -0.003945
190400 -42835.79147205 6710.09157502 0.398461 5.9495 0.823195 0.110573 0.030072
190500 -42912.03931847 6777.05661735 0.402438 5.9496 0.823192 0.110140 -0.003164
190600 -42887.30312507 6752.04641388 0.400953 5.9496 0.823192 0.110140 -0.003860
190700 -42824.90412115 6729.59125658 0.399619 5.9496 0.823192 0.110140 0.045819
190800 -42895.91435020 6787.18301143 0.403039 5.9496 0.823192 0.110140 -0.009354
190900 -42834.63464377 6722.52050408 0.399200 5.9496 0.823192 0.110140 0.015026
191000 -42855.04063456 6685.22797067 0.396985 5.9455 0.820280 0.110835 -0.000850
191100 -42927.29075141 6708.27747908 0.398354 5.9455 0.820280 0.110835 -0.024314
191200 -42846.06533335 6651.92533961 0.395007 5.9455 0.820280 0.110835 0.017442
191300 -42880.84205389 6722.93987959 0.399224 5.9455 0.820280 0.110835 0.001926
191400 -42791.87754465 6633.91039499 0.393938 5.9455 0.820280 0.110835 0.036687
191500 -42815.96589774 6756.35772770 0.401209 5.9482 0.821062 0.110220 0.022794
191600 -42866.54604208 6720.50707216 0.399080 5.9482 0.821062 0.110220 0.003100
191700 -42921.91132721 6727.35651110 0.399487 5.9482 0.821062 0.110220 -0.021013
191800 -42913.75902170 6686.25528068 0.397046 5.9482 0.821062 0.110220 -0.027701
191900 -42875.43398833 6625.07369721 0.393413 5.9482 0.821062 0.110220 -0.005005
192000 -42950.88432005 6757.89472022 0.401300 5.9506 0.820690 0.109216 -0.029513
192100 -42831.09832035 6746.00704491 0.400594 5.9506 0.820690 0.109216 0.018514
192200 -42829.87599767 6876.80057069 0.408361 5.9506 0.820690 0.109216 0.013448
192300 -42850.63776871 6798.12411692 0.403689 5.9506 0.820690 0.109216 -0.000799
192400 -42847.59401972 6775.57808438 0.402350 5.9506 0.820690 0.109216 -0.002355
192500 -42850.71758415 6777.73706968 0.402478 5.9417 0.819555 0.111836 0.008812
192600 -42846.31110123 6743.50861947 0.400446 5.9417 0.819555 0.111836 -0.018535
192700 -42792.15313413 6760.95738653 0.401482 5.9417 0.819555 0.111836 0.013601
192800 -42775.59510914 6697.41172290 0.397709 5.9417 0.819555 0.111836 0.010036
192900 -42761.74273635 6731.09126502 0.399709 5.9417 0.819555 0.111836 0.021562
193000 -42856.06429620 6776.25478111 0.402390 5.9467 0.818820 0.110731 -0.027385
193100 -42728.86693609 6720.32528022 0.399069 5.9467 0.818820 0.110731 0.040715
193200 -42714.77848696 6689.79196062 0.397256 5.9467 0.818820 0.110731 0.022552
193300 -42798.08793757 6777.55947514 0.402468 5.9467 0.818820 0.110731 -0.008895
193400 -42788.47557754 6735.49055297 0.399970 5.9467 0.818820 0.110731 -0.000398
193500 -42795.73546165 6773.30079940 0.402215 5.9456 0.818067 0.111923 -0.005130
193600 -42829.32483496 6729.26567651 0.399600 5.9456 0.818067 0.111923 -0.016684
193700 -42846.68031661 6798.19236341 0.403693 5.9456 0.818067 0.111923 -0.020487
193800 -42772.97300262 6670.83059770 0.396130 5.9456 0.818067 0.111923 0.010564
193900 -42819.46626579 6806.44148307 0.404183 5.9456 0.818067 0.111923 -0.002585
194000 -42776.63158761 6758.09979681 0.401312 5.9475 0.818148 0.111868 0.005532
194100 -42827.49831904 6841.42093244 0.406260 5.9475 0.818148 0.111868 -0.022770
194200 -42736.70499905 6747.88876280 0.400706 5.9475 0.818148 0.111868 0.003667
194300 -42737.53669808 6743.57606747 0.400450 5.9475 0.818148 0.111868 0.013379
194400 -42774.99844627 6732.77860985 0.399809 5.9475 0.818148 0.111868 -0.002193
194500 -42793.08859599 6810.32660917 0.404414 5.9436 0.818955 0.111064 -0.000465
194600 -42789.66203037 6768.00094639 0.401900 5.9436 0.818955 0.111064 0.001692
194700 -42781.13413500 6721.60526065 0.399145 5.9436 0.818955 0.111064 -0.009580
194800 -42840.92336004 6754.07420293 0.401073 5.9436 0.818955 0.111064 -0.015982
194900 -42808.67965038 6707.08854445 0.398283 5.9436 0.818955 0.111064 -0.014876
195000 -42784.91335967 6776.18670403 0.402386 5.9437 0.817417 0.112529 0.012423
195100 -42651.28483107 6749.57252834 0.400806 5.9437 0.817417 0.112529 0.051513
195200 -42740.98086314 6822.31333885 0.405125 5.9437 0.817417 0.112529 0.002106
195300 -42756.96432670 6813.05827049 0.404576 5.9437 0.817417 0.112529 -0.011819
195400 -42756.47415859 6768.55860873 0.401933 5.9437 0.817417 0.112529 -0.012364
195500 -42724.48939337 6768.05011025 0.401903 5.9420 0.816918 0.112765 0.013716
195600 -42750.73185698 6714.35595537 0.398715 5.9420 0.816918 0.112765 -0.002620
195700 -42761.61884308 6722.04382043 0.399171 5.9420 0.816918 0.112765 -0.009351
195800 -42725.62282317 6692.46859464 0.397415 5.9420 0.816918 0.112765 0.006295
195900 -42759.35209510 6674.74332125 0.396362 5.9420 0.816918 0.112765 -0.002765
196000 -42762.28884547 6653.88554508 0.395124 5.9425 0.817229 0.111857 0.001799
196100 -42801.39886009 6718.34976770 0.398952 5.9425 0.817229 0.111857 -0.021669
196200 -42712.72826969 6683.22277280 0.396866 5.9425 0.817229 0.111857 0.018392
196300 -42768.16627328 6827.60424209 0.405440 5.9425 0.817229 0.111857 -0.007206
196400 -42739.41304295 6744.27030504 0.400491 5.9425 0.817229 0.111857 -0.000872
196500 -42666.63163663 6762.49465408 0.401573 5.9431 0.813829 0.113049 0.038046
196600 -42754.00167680 6799.81952039 0.403790 5.9431 0.813829 0.113049 -0.018625
196700 -42704.24581770 6740.15914944 0.400247 5.9431 0.813829 0.113049 0.013390
196800 -42735.04390386 6763.89763149 0.401657 5.9431 0.813829 0.113049 0.003271
196900 -42687.44834615 6789.48288362 0.403176 5.9431 0.813829 0.113049 0.029762
197000 -42795.04761918 6755.09983355 0.401134 5.9443 0.818439 0.111387 -0.035261
197100 -42680.96099701 6785.64842760 0.402948 5.9443 0.818439 0.111387 0.020362
197200 -42755.48976082 6709.06321992 0.398400 5.9443 0.818439 0.111387 -0.020995
197300 -42725.70059830 6696.68318953 0.397665 5.9443 0.818439 0.111387 -0.006362
197400 -42746.70691233 6679.56268170 0.396649 5.9443 0.818439 0.111387 -0.014835
197500 -42793.34264766 6721.94763733 0.399166 5.9428 0.816462 0.112176 -0.029663
197600 -42720.70363942 6783.82500546 0.402840 5.9428 0.816462 0.112176 0.006396
197700 -42793.57579801 6739.78000221 0.400224 5.9428 0.816462 0.112176 -0.026305
197800 -42785.95641340 6751.57451821 0.400925 5.9428 0.816462 0.112176 -0.023558
197900 -42845.78806251 6743.85097809 0.400466 5.9428 0.816462 0.112176 -0.035968
198000 -42886.72347478 6761.79253657 0.401532 5.9470 0.820955 0.110492 -0.049055
198100 -42826.46096552 6775.63038045 0.402353 5.9470 0.820955 0.110492 -0.017429
198200 -42717.24646429 6706.45380405 0.398245 5.9470 0.820955 0.110492 0.025220
198300 -42762.77199648 6734.80322298 0.399929 5.9470 0.820955 0.110492 -0.010764
198400 -42819.54385956 6732.26791029 0.399778 5.9470 0.820955 0.110492 -0.021701
198500 -42695.92449399 6727.95556295 0.399522 5.9451 0.817079 0.111662 0.037126
198600 -42793.48463361 6774.81023193 0.402305 5.9451 0.817079 0.111662 0.004000
198700 -42716.01194277 6729.21665946 0.399597 5.9451 0.817079 0.111662 0.021593
198800 -42697.72659635 6805.29552286 0.404115 5.9451 0.817079 0.111662 0.026410
198900 -42785.52159017 6697.54448940 0.397716 5.9451 0.817079 0.111662 -0.024385
199000 -42777.27061640 6779.09875326 0.402559 5.9496 0.818512 0.111175 -0.012667
199100 -42727.62231078 6709.05406278 0.398400 5.9496 0.818512 0.111175 0.007910
199200 -42763.52496630 6754.61642741 0.401105 5.9496 0.818512 0.111175 -0.017835
199300 -42697.55204913 6675.50263266 0.396408 5.9496 0.818512 0.111175 0.025808
199400 -42705.77769494 6658.57722381 0.395402 5.9496 0.818512 0.111175 0.018450
199500 -42741.15600912 6682.98031989 0.396852 5.9448 0.816123 0.111415 0.002409
199600 -42810.74073634 6792.04116393 0.403328 5.9448 0.816123 0.111415 -0.028185
199700 -42763.61872428 6675.87765266 0.396430 5.9448 0.816123 0.111415 0.016294
199800 -42783.15147579 6751.79412398 0.400938 5.9448 0.816123 0.111415 -0.006809
199900 -42784.31524996 6722.04539525 0.399171 5.9448 0.816123 0.111415 -0.007018
200000 -42776.31740966 6634.14784753 0.393952 5.9460 0.815180 0.111518 0.000226
200100 -42754.08681272 6681.97805637 0.396792 5.9460 0.815180 0.111518 0.024031
200200 -42816.25182338 6741.47067650 0.400325 5.9460 0.815180 0.111518 -0.000264
200300 -42791.89166320 6728.51201093 0.399555 5.9460 0.815180 0.111518 -0.001759
200400 -42822.39902446 6791.90160159 0.403320 5.9460 0.815180 0.111518 -0.003501
200500 -42729.43001258 6718.20320161 0.398943 5.9414 0.818614 0.112790 0.031420
200600 -42842.42068592 6750.31045947 0.400850 5.9414 0.818614 0.112790 -0.024190
200700 -42838.94401172 6762.88971098 0.401597 5.9414 0.818614 0.112790 -0.017171
200800 -42758.40889146 6754.65225857 0.401108 5.9414 0.818614 0.112790 0.015531
200900 -42722.68678452 6712.27623724 0.398591 5.9414 0.818614 0.112790 0.031237
201000 -42725.87164125 6710.77720601 0.398502 5.9438 0.815483 0.112704 0.018506
201100 -42703.10515234 6657.21725891 0.395322 5.9438 0.815483 0.112704 0.021969
201200 -42775.30676836 6709.75878145 0.398442 5.9438 0.815483 0.112704 -0.015926
201300 -42777.98005058 6764.79938565 0.401710 5.9438 0.815483 0.112704 -0.009013
201400 -42766.52192896 6729.36044456 0.399606 5.9438 0.815483 0.112704 0.003453
201500 -42660.62048526 6738.23741529 0.400133 5.9425 0.815188 0.112077 0.043889
201600 -42690.34133192 6712.52753520 0.398606 5.9425 0.815188 0.112077 0.019300
201700 -42716.24397075 6636.73778059 0.394106 5.9425 0.815188 0.112077 0.005634
201800 -42770.01894619 6731.69132071 0.399744 5.9425 0.815188 0.112077 -0.008056
201900 -42793.16239853 6798.98229550 0.403740 5.9425 0.815188 0.112077 -0.020742
202000 -42744.17768263 6733.33889002 0.399842 5.9424 0.818263 0.112142 -0.008296
202100 -42674.58018721 6711.32151999 0.398535 5.9424 0.818263 0.112142 0.031905
202200 -42711.93381856 6779.66431430 0.402593 5.9424 0.818263 0.112142 0.008193
202300 -42637.93904935 6792.36642576 0.403347 5.9424 0.818263 0.112142 0.035822
202400 -42656.08605987 6804.61840214 0.404075 5.9424 0.818263 0.112142 0.008663
202500 -42621.76420045 6710.68963136 0.398497 5.9411 0.810334 0.114119 0.002798
202600 -42616.38948542 6726.58348324 0.399441 5.9411 0.810334 0.114119 0.016042
202700 -42547.25194983 6715.63688743 0.398791 5.9411 0.810334 0.114119 0.037711
202800 -42638.85335729 6713.73086628 0.398678 5.9411 0.810334 0.114119 -0.003357
202900 -42680.56864551 6715.13113310 0.398761 5.9411 0.810334 0.114119 -0.025387
203000 -42563.53994651 6748.80381754 0.400760 5.9330 0.810961 0.113965 0.039122
203100 -42647.63786679 6716.45770210 0.398840 5.9330 0.810961 0.113965 -0.019902
203200 -42598.72608021 6714.90563772 0.398747 5.9330 0.810961 0.113965 0.000561
203300 -42654.79563492 6688.35106728 0.397170 5.9330 0.810961 0.113965 -0.012344
203400 -42655.16557635 6729.19415671 0.399596 5.9330 0.810961 0.113965 0.003190
203500 -42681.45179755 6727.96666501 0.399523 5.9367 0.812778 0.113481 -0.012019
203600 -42608.15903566 6721.23623606 0.399123 5.9367 0.812778 0.113481 0.010627
203700 -42640.60494031 6735.33225363 0.399960 5.9367 0.812778 0.113481 0.001872
203800 -42597.45403294 6682.38971605 0.396816 5.9367 0.812778 0.113481 0.010501
203900 -42580.04573422 6655.97628284 0.395248 5.9367 0.812778 0.113481 0.018485
204000 -42700.81051002 6809.10816035 0.404341 5.9378 0.817614 0.113269 -0.034206
204100 -42594.16282256 6759.80024454 0.401413 5.9378 0.817614 0.113269 0.008639
204200 -42661.57412895 6763.12292559 0.401611 5.9378 0.817614 0.113269 -0.004505
204300 -42614.63420528 6718.49667824 0.398961 5.9378 0.817614 0.113269 0.005186
204400 -42569.51579591 6671.69687447 0.396182 5.9378 0.817614 0.113269 0.026504
204500 -42584.91622570 6756.12864418 0.401195 5.9369 0.810744 0.114875 0.012154
204600 -42684.51560395 6771.09254303 0.402084 5.9369 0.810744 0.114875 -0.036917
204700 -42658.34659707 6659.13359639 0.395435 5.9369 0.810744 0.114875 -0.015812
204800 -42639.55480740 6640.13522837 0.394307 5.9369 0.810744 0.114875 0.001646
204900 -42712.11065618 6783.66936154 0.402831 5.9369 0.810744 0.114875 -0.034832
205000 -42675.83289822 6652.37754792 0.395034 5.9354 0.814263 0.113610 -0.013569
205100 -42636.99819660 6576.87878718 0.390551 5.9354 0.814263 0.113610 0.001020
205200 -42714.85821954 6701.68025566 0.397962 5.9354 0.814263 0.113610 -0.016839
205300 -42719.33410493 6614.63689971 0.392793 5.9354 0.814263 0.113610 -0.015157
205400 -42729.67705902 6759.57764086 0.401400 5.9354 0.814263 0.113610 -0.005722
205500 -42672.31929770 6790.51217875 0.403237 5.9356 0.814907 0.112891 0.021330
205600 -42622.92151960 6651.03175847 0.394954 5.9356 0.814907 0.112891 0.024433
205700 -42741.34374294 6706.25503436 0.398234 5.9356 0.814907 0.112891 -0.031848
205800 -42786.52377791 6775.00933036 0.402316 5.9356 0.814907 0.112891 -0.046751
205900 -42722.21377064 6752.93242657 0.401005 5.9356 0.814907 0.112891 -0.008219
206000 -42672.24637304 6725.19947264 0.399359 5.9381 0.817216 0.112565 0.030949
206100 -42673.22480400 6706.65500362 0.398257 5.9381 0.817216 0.112565 0.022134
206200 -42653.75610189 6759.32669652 0.401385 5.9381 0.817216 0.112565 0.016203
206300 -42650.79813730 6746.63554900 0.400632 5.9381 0.817216 0.112565 0.003479
206400 -42608.62071475 6755.88593740 0.401181 5.9381 0.817216 0.112565 0.024983
206500 -42642.20783387 6637.96523471 0.394178 5.9381 0.811775 0.112911 0.009977
206600 -42611.26322988 6733.56432414 0.399855 5.9381 0.811775 0.112911 0.015981
206700 -42622.47106603 6722.06466279 0.399172 5.9381 0.811775 0.112911 0.012045
206800 -42631.30919273 6724.34282698 0.399308 5.9381 0.811775 0.112911 0.002220
206900 -42731.36116636 6780.35467133 0.402634 5.9381 0.811775 0.112911 -0.048403
207000 -42652.20091703 6612.39311438 0.392660 5.9404 0.815297 0.112982 -0.016249
207100 -42683.90118042 6743.74854009 0.400460 5.9404 0.815297 0.112982 0.002086
207200 -42693.44632635 6762.93331189 0.401599 5.9404 0.815297 0.112982 -0.007908
207300 -42664.31684606 6771.22240794 0.402092 5.9404 0.815297 0.112982 0.006991
207400 -42665.38242175 6780.70074523 0.402654 5.9404 0.815297 0.112982 0.001587
207500 -42624.33960003 6745.87985359 0.400587 5.9371 0.813261 0.113509 0.018540
207600 -42673.91343946 6771.27288186 0.402095 5.9371 0.813261 0.113509 -0.001167
207700 -42707.06076188 6746.92140391 0.400649 5.9371 0.813261 0.113509 -0.019605
207800 -42712.54381827 6701.57196086 0.397956 5.9371 0.813261 0.113509 -0.028933
207900 -42675.66331456 6708.61319125 0.398374 5.9371 0.813261 0.113509 0.006302
208000 -42663.62597959 6737.94780302 0.400116 5.9319 0.815870 0.113170 0.018109
208100 -42636.69325470 6745.66186194 0.400574 5.9319 0.815870 0.113170 -0.000784
208200 -42635.98825191 6762.56752519 0.401578 5.9319 0.815870 0.113170 0.004898
208300 -42657.49488435 6726.32183303 0.399425 5.9319 0.815870 0.113170 -0.006839
208400 -42680.88851087 6725.74091385 0.399391 5.9319 0.815870 0.113170 -0.002475
208500 -42632.87593124 6751.35194420 0.400912 5.9360 0.813292 0.113128 0.011723
208600 -42648.18788481 6759.75607417 0.401411 5.9360 0.813292 0.113128 -0.004283
208700 -42706.72546993 6791.65731508 0.403305 5.9360 0.813292 0.113128 -0.031186
208800 -42615.46500553 6743.15414864 0.400425 5.9360 0.813292 0.113128 0.004910
208900 -42608.48962494 6756.07394103 0.401192 5.9360 0.813292 0.113128 0.008313
209000 -42549.50641645 6743.68488990 0.400456 5.9327 0.810866 0.115066 0.038647
209100 -42481.26160382 6665.39483607 0.395807 5.9327 0.810866 0.115066 0.056669
209200 -42571.96394352 6713.48151266 0.398663 5.9327 0.810866 0.115066 0.007563
209300 -42552.87444783 6698.26593421 0.397759 5.9327 0.810866 0.115066 0.014094
209400 -42593.14116430 6675.21935543 0.396391 5.9327 0.810866 0.115066 -0.010082
209500 -42636.60440930 6777.74219310 0.402479 5.9324 0.814434 0.113882 -0.017825
209600 -42612.97951824 6739.40498552 0.400202 5.9324 0.814434 0.113882 0.000088
209700 -42547.85669458 6813.89089835 0.404625 5.9324 0.814434 0.113882 0.031723
209800 -42518.91488335 6792.38759744 0.403348 5.9324 0.814434 0.113882 0.016772
209900 -42512.16991545 6743.04729634 0.400418 5.9324 0.814434 0.113882 0.023298
210000 -42515.78463714 6786.84674022 0.403019 5.9371 0.810796 0.114860 0.023635
210100 -42520.61797305 6788.68641841 0.403129 5.9371 0.810796 0.114860 0.008569
210200 -42522.69380219 6696.12301407 0.397632 5.9371 0.810796 0.114860 0.000450
210300 -42582.17434055 6748.44552169 0.400739 5.9371 0.810796 0.114860 -0.018065
210400 -42569.73589960 6644.39654711 0.394560 5.9371 0.810796 0.114860 -0.023701
210500 -42639.09565119 6681.61340630 0.396770 5.9350 0.814166 0.114092 -0.033391
210600 -42672.45749640 6677.73853922 0.396540 5.9350 0.814166 0.114092 -0.043636
210700 -42638.99270968 6750.20990657 0.400844 5.9350 0.814166 0.114092 -0.014277
210800 -42593.21299530 6680.89253659 0.396728 5.9350 0.814166 0.114092 0.010860
210900 -42598.34139004 6669.70603256 0.396063 5.9350 0.814166 0.114092 0.006290
211000 -42593.60718158 6712.80893609 0.398623 5.9336 0.812756 0.114623 0.020211
211100 -42649.31158391 6756.72516624 0.401231 5.9336 0.812756 0.114623 -0.008216
211200 -42626.17719273 6757.90077836 0.401301 5.9336 0.812756 0.114623 -0.004267
211300 -42602.15431856 6738.17564268 0.400129 5.9336 0.812756 0.114623 0.012572
211400 -42587.33098789 6724.20961185 0.399300 5.9336 0.812756 0.114623 0.015606
211500 -42570.61134525 6663.35242715 0.395686 5.9270 0.810419 0.115736 0.022146
211600 -42603.56552868 6720.27516344 0.399066 5.9270 0.810419 0.115736 0.004682
211700 -42612.22849635 6746.39947542 0.400618 5.9270 0.810419 0.115736 -0.009268
211800 -42585.92566074 6765.99568090 0.401781 5.9270 0.810419 0.115736 0.011511
211900 -42498.01377957 6705.03808350 0.398161 5.9270 0.810419 0.115736 0.041653
212000 -42533.66960683 6743.88993795 0.400469 5.9289 0.810543 0.114662 0.013096
212100 -42536.64407611 6732.67842181 0.399803 5.9289 0.810543 0.114662 0.018965
212200 -42499.01988218 6714.55815820 0.398727 5.9289 0.810543 0.114662 0.027671
212300 -42504.49224804 6726.84106863 0.399456 5.9289 0.810543 0.114662 0.013369
212400 -42502.73010552 6776.95787493 0.402432 5.9289 0.810543 0.114662 0.004975
212500 -42457.24185155 6735.66869168 0.399980 5.9270 0.808143 0.116056 0.030826
212600 -42534.44802005 6786.98466374 0.403028 5.9270 0.808143 0.116056 -0.011202
212700 -42489.51691706 6710.62816249 0.398493 5.9270 0.808143 0.116056 -0.000213
212800 -42514.94354516 6649.25469940 0.394849 5.9270 0.808143 0.116056 -0.007285
212900 -42623.99023278 6697.00216029 0.397684 5.9270 0.808143 0.116056 -0.031494
213000 -42575.37655545 6699.66132631 0.397842 5.9291 0.809604 0.114887 -0.013336
213100 -42553.65767540 6660.21646841 0.395500 5.9291 0.809604 0.114887 0.009621
213200 -42539.81817052 6740.89216328 0.400291 5.9291 0.809604 0.114887 0.009264
213300 -42495.81396466 6718.14325648 0.398940 5.9291 0.809604 0.114887 0.037775
213400 -42510.57220419 6701.43342892 0.397947 5.9291 0.809604 0.114887 0.012031
213500 -42502.29289443 6749.92608510 0.400827 5.9272 0.811059 0.115709 0.015353
213600 -42479.70229021 6630.96959863 0.393763 5.9272 0.811059 0.115709 0.018877
213700 -42535.18268257 6751.43726790 0.400917 5.9272 0.811059 0.115709 0.002479
213800 -42544.00581017 6723.77864112 0.399274 5.9272 0.811059 0.115709 -0.006106
213900 -42496.41974081 6773.34200726 0.402217 5.9272 0.811059 0.115709 0.006136
214000 -42407.25197247 6763.93744632 0.401659 5.9220 0.804359 0.116841 0.039811
214100 -42451.63969551 6767.97151367 0.401899 5.9220 0.804359 0.116841 0.009750
214200 -42472.10878384 6712.14253552 0.398583 5.9220 0.804359 0.116841 0.004557
214300 -42482.89013089 6695.64704365 0.397604 5.9220 0.804359 0.116841 -0.003988
214400 -42437.78092297 6751.97157325 0.400948 5.9220 0.804359 0.116841 0.005957
214500 -42407.88287523 6728.96831262 0.399582 5.9219 0.807379 0.116598 0.013936
214600 -42450.51356640 6730.96903604 0.399701 5.9219 0.807379 0.116598 0.004598
214700 -42471.08001242 6668.38866891 0.395985 5.9219 0.807379 0.116598 -0.003827
214800 -42446.51247664 6721.06736513 0.399113 5.9219 0.807379 0.116598 0.004739
214900 -42417.37162956 6763.37072408 0.401625 5.9219 0.807379 0.116598 0.011983
215000 -42458.49828068 6710.62828638 0.398493 5.9214 0.803594 0.116862 -0.011993
215100 -42460.94746436 6676.54578567 0.396469 5.9214 0.803594 0.116862 -0.011607
215200 -42425.81498743 6608.18933604 0.392410 5.9214 0.803594 0.116862 0.005090
215300 -42422.57705017 6708.98475763 0.398396 5.9214 0.803594 0.116862 0.006140
215400 -42425.70833149 6786.92778491 0.403024 5.9214 0.803594 0.116862 0.012086
215500 -42415.93429081 6716.37028459 0.398834 5.9203 0.801128 0.117950 -0.000264
215600 -42482.33707868 6742.87441712 0.400408 5.9203 0.801128 0.117950 -0.019680
215700 -42383.83106238 6685.56205130 0.397005 5.9203 0.801128 0.117950 0.016676
215800 -42398.26764703 6684.98180680 0.396970 5.9203 0.801128 0.117950 0.002942
215900 -42449.48528636 6722.30748418 0.399187 5.9203 0.801128 0.117950 -0.004815
216000 -42395.68617165 6694.13136226 0.397514 5.9188 0.806063 0.117053 0.006929
216100 -42410.55881837 6755.62787134 0.401166 5.9188 0.806063 0.117053 0.007370
216200 -42366.36002451 6717.87395807 0.398924 5.9188 0.806063 0.117053 0.019465
216300 -42424.77968869 6734.31351114 0.399900 5.9188 0.806063 0.117053 -0.009568
216400 -42345.48663624 6626.03059092 0.393470 5.9188 0.806063 0.117053 0.017260
216500 -42438.24213098 6710.36850574 0.398478 5.9191 0.803156 0.117926 -0.008187
216600 -42457.76344741 6726.47402539 0.399434 5.9191 0.803156 0.117926 -0.013011
216700 -42388.87073046 6723.71885389 0.399271 5.9191 0.803156 0.117926 0.020419
216800 -42477.10464078 6771.17566182 0.402089 5.9191 0.803156 0.117926 -0.029233
216900 -42333.92049746 6725.28509894 0.399364 5.9191 0.803156 0.117926 0.025477
217000 -42363.13819189 6781.59062219 0.402707 5.9189 0.802700 0.116964 0.008392
217100 -42391.74521551 6776.76751752 0.402421 5.9189 0.802700 0.116964 -0.007536
217200 -42386.24084604 6787.66989954 0.403068 5.9189 0.802700 0.116964 0.001896
217300 -42294.17911486 6752.32399016 0.400969 5.9189 0.802700 0.116964 0.045173
217400 -42338.22773210 6775.96019934 0.402373 5.9189 0.802700 0.116964 0.014388
217500 -42362.68173277 6689.39301614 0.397232 5.9167 0.804705 0.117192 -0.016738
217600 -42316.56252176 6666.63255319 0.395881 5.9167 0.804705 0.117192 0.024622
217700 -42425.33153764 6694.42907308 0.397531 5.9167 0.804705 0.117192 -0.019410
217800 -42377.86601879 6626.56335806 0.393501 5.9167 0.804705 0.117192 0.006881
217900 -42354.91421153 6722.67719329 0.399209 5.9167 0.804705 0.117192 0.012635
218000 -42350.55973313 6755.02083610 0.401130 5.9157 0.802509 0.118531 0.011735
218100 -42366.13910156 6707.21049472 0.398290 5.9157 0.802509 0.118531 0.002170
218200 -42318.70685333 6672.12525541 0.396207 5.9157 0.802509 0.118531 0.019520
218300 -42360.20191058 6709.78871795 0.398444 5.9157 0.802509 0.118531 -0.000038
218400 -42416.09523303 6773.07777383 0.402202 5.9157 0.802509 0.118531 -0.020134
218500 -42316.35140219 6718.35490259 0.398952 5.9112 0.805120 0.118597 0.031156
218600 -42348.52018414 6752.42147944 0.400975 5.9112 0.805120 0.118597 0.016491
218700 -42329.72555312 6702.90229489 0.398035 5.9112 0.805120 0.118597 0.005302
218800 -42378.18586167 6697.12354048 0.397691 5.9112 0.805120 0.118597 -0.012614
218900 -42328.80605751 6659.94465012 0.395484 5.9112 0.805120 0.118597 0.007354
219000 -42353.16693545 6692.22008336 0.397400 5.9157 0.804884 0.117528 -0.011707
219100 -42273.53605980 6684.82647837 0.396961 5.9157 0.804884 0.117528 0.024906
219200 -42325.42842793 6772.88262712 0.402190 5.9157 0.804884 0.117528 -0.001364
219300 -42293.76163597 6673.23853130 0.396273 5.9157 0.804884 0.117528 0.010028
219400 -42325.19863434 6732.41005791 0.399787 5.9157 0.804884 0.117528 -0.011961
219500 -42350.18257001 6804.12532501 0.404045 5.9179 0.804581 0.117550 -0.012592
219600 -42274.54376562 6763.52549171 0.401635 5.9179 0.804581 0.117550 0.022900
219700 -42286.93560914 6760.39579971 0.401449 5.9179 0.804581 0.117550 0.008486
219800 -42259.37074026 6717.82237012 0.398921 5.9179 0.804581 0.117550 0.025880
219900 -42370.09337217 6829.05040202 0.405526 5.9179 0.804581 0.117550 -0.027750
220000 -42319.56270530 6791.53354078 0.403298 5.9048 0.803745 0.119073 0.006675
220100 -42357.49164185 6798.70872433 0.403724 5.9048 0.803745 0.119073 -0.030029
220200 -42422.80750074 6695.79410965 0.397612 5.9048 0.803745 0.119073 -0.043578
220300 -42386.11072681 6782.88006344 0.402784 5.9048 0.803745 0.119073 0.000593
220400 -42331.96219559 6685.64385652 0.397010 5.9048 0.803745 0.119073 0.002607
220500 -42287.79517419 6688.61979234 0.397186 5.9090 0.804469 0.118302 0.015535
220600 -42328.81330915 6736.14897560 0.400009 5.9090 0.804469 0.118302 0.010042
220700 -42318.80219337 6742.29919939 0.400374 5.9090 0.804469 0.118302 0.004321
220800 -42333.12610967 6740.24225538 0.400252 5.9090 0.804469 0.118302 0.006326
220900 -42290.34190978 6760.20172347 0.401437 5.9090 0.804469 0.118302 0.005727
221000 -42257.84699461 6770.03819118 0.402021 5.9067 0.800619 0.119971 0.009101
221100 -42277.92625339 6748.38252188 0.400735 5.9067 0.800619 0.119971 0.001394
221200 -42272.76071701 6761.74341968 0.401529 5.9067 0.800619 0.119971 0.000290
221300 -42227.18901374 6650.18503477 0.394904 5.9067 0.800619 0.119971 0.012701
221400 -42284.54781663 6693.87801173 0.397499 5.9067 0.800619 0.119971 -0.012871
221500 -42241.90471914 6670.78540933 0.396127 5.9064 0.799783 0.119639 0.011150
221600 -42326.13740001 6722.27805915 0.399185 5.9064 0.799783 0.119639 -0.027315
221700 -42268.42788067 6775.89438588 0.402369 5.9064 0.799783 0.119639 0.023219
221800 -42241.66190248 6717.96617750 0.398929 5.9064 0.799783 0.119639 0.002251
221900 -42169.87987583 6747.73813559 0.400697 5.9064 0.799783 0.119639 0.036354
222000 -42162.65748173 6777.17947314 0.402445 5.9061 0.800700 0.120657 0.022164
222100 -42185.24915610 6728.08617929 0.399530 5.9061 0.800700 0.120657 0.009009
222200 -42188.30849177 6680.64847938 0.396713 5.9061 0.800700 0.120657 0.011916
222300 -42228.51422133 6708.83598838 0.398387 5.9061 0.800700 0.120657 -0.011808
222400 -42163.47393475 6659.72658274 0.395471 5.9061 0.800700 0.120657 0.006959
222500 -42229.51939916 6689.81199069 0.397257 5.9121 0.801312 0.119812 -0.024861
222600 -42239.74358131 6699.99835800 0.397862 5.9121 0.801312 0.119812 -0.019480
222700 -42208.84202164 6689.24605955 0.397224 5.9121 0.801312 0.119812 0.005911
222800 -42264.61291669 6709.68354287 0.398437 5.9121 0.801312 0.119812 -0.018640
222900 -42233.33301238 6664.99077248 0.395783 5.9121 0.801312 0.119812 0.001132
223000 -42233.09517372 6629.57559561 0.393680 5.9010 0.797169 0.121020 0.000897
223100 -42271.42914170 6653.33813116 0.395091 5.9010 0.797169 0.121020 -0.008779
223200 -42165.17028943 6680.75563439 0.396719 5.9010 0.797169 0.121020 0.036821
223300 -42221.15805775 6740.57768973 0.400272 5.9010 0.797169 0.121020 0.013120
223400 -42189.95957481 6693.58196393 0.397481 5.9010 0.797169 0.121020 0.021203
223500 -42320.27311211 6719.71278248 0.399033 5.9105 0.805242 0.118559 -0.025441
223600 -42227.42535878 6712.22631403 0.398588 5.9105 0.805242 0.118559 0.010906
223700 -42149.67172848 6695.85990880 0.397616 5.9105 0.805242 0.118559 0.043009
223800 -42143.78516726 6732.46538506 0.399790 5.9105 0.805242 0.118559 0.023624
223900 -42132.68169625 6747.46665829 0.400681 5.9105 0.805242 0.118559 0.023304
224000 -42107.51269135 6721.00481699 0.399110 5.9037 0.796061 0.121906 0.025410
224100 -42035.90952799 6774.75417280 0.402301 5.9037 0.796061 0.121906 0.051900
224200 -42090.79967621 6698.59078582 0.397779 5.9037 0.796061 0.121906 0.016481
224300 -42105.75273190 6682.17095420 0.396804 5.9037 0.796061 0.121906 0.003142
224400 -42105.99941047 6767.61304158 0.401877 5.9037 0.796061 0.121906 0.004362
224500 -42059.18591861 6697.10896462 0.397691 5.8986 0.795509 0.123179 0.020331
224600 -42074.69691622 6733.55529051 0.399855 5.8986 0.795509 0.123179 0.011892
224700 -42109.64124072 6801.46847570 0.403888 5.8986 0.795509 0.123179 -0.013036
224800 -42073.65259386 6683.81785426 0.396901 5.8986 0.795509 0.123179 0.004271
224900 -42117.36381769 6754.99696511 0.401128 5.8986 0.795509 0.123179 0.008481
225000 -42049.82065406 6619.18392092 0.393063 5.8987 0.793768 0.122134 0.018670
225100 -42130.53489650 6826.94682019 0.405401 5.8987 0.793768 0.122134 -0.020749
225200 -42080.46479909 6726.58652417 0.399441 5.8987 0.793768 0.122134 -0.006789
225300 -42066.23697541 6638.49270744 0.394210 5.8987 0.793768 0.122134 0.013266
225400 -42103.55537794 6702.28810908 0.397998 5.8987 0.793768 0.122134 -0.007475
225500 -42054.88791929 6683.01116716 0.396853 5.8996 0.796548 0.121268 0.013543
225600 -42051.31853306 6646.21271354 0.394668 5.8996 0.796548 0.121268 0.028781
225700 -42043.14865345 6675.54446795 0.396410 5.8996 0.796548 0.121268 0.038543
225800 -42115.35057678 6647.07752880 0.394720 5.8996 0.796548 0.121268 -0.015746
225900 -42100.70739402 6653.57336399 0.395105 5.8996 0.796548 0.121268 0.000081
226000 -42087.03501387 6727.62455482 0.399503 5.8933 0.795247 0.122220 -0.000877
226100 -42036.99999047 6716.52191824 0.398843 5.8933 0.795247 0.122220 0.033257
226200 -42057.67617925 6770.34765096 0.402040 5.8933 0.795247 0.122220 0.018703
226300 -42046.12309096 6689.27002944 0.397225 5.8933 0.795247 0.122220 0.015142
226400 -41975.59260831 6732.62213659 0.399799 5.8933 0.795247 0.122220 0.040118
226500 -42000.03245537 6680.88118606 0.396727 5.8949 0.793091 0.123273 0.017583
226600 -41974.77452469 6667.68474571 0.395943 5.8949 0.793091 0.123273 0.037660
226700 -42033.63791380 6728.83931256 0.399575 5.8949 0.793091 0.123273 0.010898
226800 -42056.88105975 6662.10776894 0.395612 5.8949 0.793091 0.123273 -0.018222
226900 -42052.92518625 6644.29500613 0.394554 5.8949 0.793091 0.123273 -0.004654
227000 -42102.14515612 6798.57748147 0.403716 5.8992 0.798857 0.120885 -0.022267
227100 -42030.36006319 6733.38833847 0.399845 5.8992 0.798857 0.120885 0.038164
227200 -42048.07687278 6770.50820763 0.402049 5.8992 0.798857 0.120885 0.000962
227300 -41997.29998107 6815.50350204 0.404721 5.8992 0.798857 0.120885 0.022371
227400 -42020.60822843 6754.76788137 0.401114 5.8992 0.798857 0.120885 0.010798
227500 -41931.93608576 6684.00392477 0.396912 5.8929 0.792286 0.122319 0.026878
227600 -41893.33596361 6783.67623799 0.402831 5.8929 0.792286 0.122319 0.050190
227700 -41873.82985677 6836.56369081 0.405972 5.8929 0.792286 0.122319 0.044883
227800 -41887.72809144 6766.75461542 0.401826 5.8929 0.792286 0.122319 0.023498
227900 -41936.74280131 6695.53812718 0.397597 5.8929 0.792286 0.122319 0.000631
228000 -41898.95075819 6673.69430683 0.396300 5.8871 0.793620 0.124250 0.020153
228100 -41872.83157836 6650.80943267 0.394941 5.8871 0.793620 0.124250 0.038191
228200 -42004.29093557 6631.56878304 0.393799 5.8871 0.793620 0.124250 -0.027192
228300 -41907.19943946 6694.66969378 0.397546 5.8871 0.793620 0.124250 0.008961
228400 -41965.55607165 6690.40034517 0.397292 5.8871 0.793620 0.124250 -0.011547
228500 -41928.54933210 6739.47658820 0.400206 5.8835 0.792244 0.125036 0.004963
228600 -41902.66852517 6683.68353512 0.396893 5.8835 0.792244 0.125036 0.022914
228700 -41910.58322794 6681.11392423 0.396741 5.8835 0.792244 0.125036 0.003166
228800 -41945.09048270 6720.93783738 0.399106 5.8835 0.792244 0.125036 -0.013788
228900 -41972.99341762 6793.41236850 0.403409 5.8835 0.792244 0.125036 -0.018715
229000 -41916.46340508 6727.11790589 0.399473 5.8907 0.788075 0.123980 0.009758
229100 -41968.34806357 6683.69082298 0.396894 5.8907 0.788075 0.123980 -0.006568
229200 -41955.85106588 6653.35818180 0.395093 5.8907 0.788075 0.123980 -0.021029
229300 -41917.98768177 6653.56352721 0.395105 5.8907 0.788075 0.123980 0.007804
229400 -41896.52205103 6631.40968437 0.393789 5.8907 0.788075 0.123980 0.026894
229500 -41929.91180738 6717.16112571 0.398881 5.8876 0.791270 0.124472 0.003366
229600 -41907.12595079 6623.55850973 0.393323 5.8876 0.791270 0.124472 0.010661
229700 -41876.95243337 6691.97156350 0.397385 5.8876 0.791270 0.124472 0.027893
229800 -41961.88221798 6767.00638143 0.401841 5.8876 0.791270 0.124472 -0.007999
229900 -41950.70781732 6673.30617022 0.396277 5.8876 0.791270 0.124472 -0.010838
230000 -41952.00611228 6691.12635781 0.397335 5.8913 0.791407 0.124647 -0.001998
230100 -41940.59168684 6697.68893837 0.397725 5.8913 0.791407 0.124647 0.016742
230200 -41992.02952229 6783.19844453 0.402803 5.8913 0.791407 0.124647 0.003868
230300 -41916.37803206 6794.04382141 0.403447 5.8913 0.791407 0.124647 0.026050
230400 -41936.66462409 6694.88254756 0.397558 5.8913 0.791407 0.124647 0.007521
230500 -41992.56307594 6716.90792013 0.398866 5.8828 0.793569 0.124213 -0.024091
230600 -41918.35184781 6697.42060086 0.397709 5.8828 0.793569 0.124213 0.013972
230700 -41925.40934877 6708.56624313 0.398371 5.8828 0.793569 0.124213 0.016872
230800 -41913.64333130 6669.50451154 0.396051 5.8828 0.793569 0.124213 0.015139
230900 -41964.97512689 6698.60176941 0.397779 5.8828 0.793569 0.124213 -0.008170
231000 -41938.00712833 6698.41985377 0.397768 5.8824 0.792892 0.124965 0.008915
231100 -41922.19580233 6700.37300415 0.397884 5.8824 0.792892 0.124965 0.020308
231200 -41904.79124991 6669.31703722 0.396040 5.8824 0.792892 0.124965 0.007739
231300 -41935.69176406 6648.42589132 0.394800 5.8824 0.792892 0.124965 0.001626
231400 -41959.93770137 6723.92005090 0.399283 5.8824 0.792892 0.124965 -0.014904
231500 -41825.78505584 6623.26521345 0.393306 5.8773 0.786810 0.126766 0.044498
231600 -41881.15394288 6653.64730906 0.395110 5.8773 0.786810 0.126766 0.016539
231700 -41856.16824832 6703.67650069 0.398081 5.8773 0.786810 0.126766 0.019875
231800 -41836.46005062 6669.60422634 0.396057 5.8773 0.786810 0.126766 0.026632
231900 -41810.16445033 6724.92942473 0.399343 5.8773 0.786810 0.126766 0.034383
232000 -41777.51216837 6750.48460573 0.400860 5.8796 0.786885 0.127151 0.033765
232100 -41805.78625581 6669.28192314 0.396038 5.8796 0.786885 0.127151 0.011270
232200 -41809.69015084 6674.85449622 0.396369 5.8796 0.786885 0.127151 -0.000581
232300 -41767.09050239 6697.27548482 0.397700 5.8796 0.786885 0.127151 0.033789
232400 -41815.38011180 6750.83779534 0.400881 5.8796 0.786885 0.127151 0.013603
232500 -41746.57368898 6658.94901788 0.395425 5.8742 0.789014 0.125141 0.027086
232600 -41772.31999318 6771.17436019 0.402089 5.8742 0.789014 0.125141 0.006277
232700 -41738.62607576 6771.43025632 0.402104 5.8742 0.789014 0.125141 0.019941
232800 -41709.22275005 6809.06936424 0.404339 5.8742 0.789014 0.125141 0.020294
232900 -41622.35254382 6725.33722173 0.399367 5.8742 0.789014 0.125141 0.034414
233000 -41694.28308218 6740.49607199 0.400267 5.8777 0.784488 0.126809 0.002242
233100 -41688.81971434 6666.91301089 0.395897 5.8777 0.784488 0.126809 0.004012
233200 -41712.84238201 6627.48652002 0.393556 5.8777 0.784488 0.126809 -0.000020
233300 -41727.20443086 6709.25536552 0.398412 5.8777 0.784488 0.126809 0.007617
233400 -41630.30889714 6700.19333900 0.397874 5.8777 0.784488 0.126809 0.034297
233500 -41639.25531400 6690.65166834 0.397307 5.8778 0.777940 0.128470 0.021933
233600 -41631.77119628 6724.16809109 0.399297 5.8778 0.777940 0.128470 0.021775
233700 -41626.18615999 6725.12480909 0.399354 5.8778 0.777940 0.128470 0.013186
233800 -41499.76454247 6725.84087446 0.399397 5.8778 0.777940 0.128470 0.071396
233900 -41606.00432085 6779.05952651 0.402557 5.8778 0.777940 0.128470 0.008838
234000 -41551.68189854 6697.34074739 0.397704 5.8694 0.777067 0.129875 0.024180
234100 -41549.96868663 6675.10123260 0.396384 5.8694 0.777067 0.129875 0.026145
234200 -41540.02221215 6711.78871069 0.398562 5.8694 0.777067 0.129875 0.018182
234300 -41624.26046135 6765.49726508 0.401752 5.8694 0.777067 0.129875 -0.033054
234400 -41565.41568591 6698.09544810 0.397749 5.8694 0.777067 0.129875 0.002088
234500 -41544.37883670 6774.12569875 0.402264 5.8651 0.775303 0.130034 0.017171
234600 -41504.83512160 6685.34411167 0.396992 5.8651 0.775303 0.130034 0.036424
234700 -41537.20764201 6746.57714133 0.400628 5.8651 0.775303 0.130034 0.010896
234800 -41469.66518768 6676.50488642 0.396467 5.8651 0.775303 0.130034 0.033285
234900 -41435.52145127 6752.39600082 0.400974 5.8651 0.775303 0.130034 0.028291
235000 -41391.19893371 6784.21928518 0.402863 5.8631 0.776866 0.132252 0.031832
235100 -41422.08891870 6795.14239558 0.403512 5.8631 0.776866 0.132252 0.014701
235200 -41469.62445572 6723.06030282 0.399232 5.8631 0.776866 0.132252 -0.000777
235300 -41533.94854821 6734.02681359 0.399883 5.8631 0.776866 0.132252 -0.033731
235400 -41432.31609027 6755.30893679 0.401147 5.8631 0.776866 0.132252 0.027001
235500 -41487.47721589 6711.30649127 0.398534 5.8618 0.777839 0.129966 -0.004109
235600 -41475.82116112 6699.58615621 0.397838 5.8618 0.777839 0.129966 0.012351
235700 -41426.09749678 6613.44796767 0.392723 5.8618 0.777839 0.129966 0.022434
235800 -41466.68846535 6775.43717922 0.402342 5.8618 0.777839 0.129966 0.001878
235900 -41376.27367762 6740.23016697 0.400251 5.8618 0.777839 0.129966 0.034712
236000 -41337.58819999 6766.34334305 0.401802 5.8582 0.770558 0.132504 0.052237
236100 -41361.25761907 6830.51623259 0.405613 5.8582 0.770558 0.132504 0.033041
236200 -41385.07468133 6686.60083712 0.397067 5.8582 0.770558 0.132504 0.009041
236300 -41392.60425237 6840.73975304 0.406220 5.8582 0.770558 0.132504 0.006203
236400 -41392.46819739 6801.53543170 0.403892 5.8582 0.770558 0.132504 0.000785
236500 -41409.47085596 6811.49880348 0.404483 5.8496 0.778227 0.132838 -0.011791
236600 -41263.24286537 6690.29502429 0.397286 5.8496 0.778227 0.132838 0.045324
236700 -41261.60213413 6773.66647239 0.402237 5.8496 0.778227 0.132838 0.034097
236800 -41234.51345573 6725.24402774 0.399361 5.8496 0.778227 0.132838 0.037573
236900 -41316.88288545 6734.77995643 0.399928 5.8496 0.778227 0.132838 -0.002988
237000 -41277.83668792 6834.18397913 0.405830 5.8500 0.773446 0.132641 0.012879
237100 -41248.07450027 6730.57582846 0.399678 5.8500 0.773446 0.132641 0.018793
237200 -41267.32652296 6763.58159360 0.401638 5.8500 0.773446 0.132641 -0.000589
237300 -41217.44774669 6722.94617342 0.399225 5.8500 0.773446 0.132641 -0.001119
237400 -41204.42136290 6746.01899782 0.400595 5.8500 0.773446 0.132641 0.009387
237500 -41248.31750389 6819.37559278 0.404951 5.8552 0.769281 0.132729 -0.007192
237600 -41206.95693127 6641.73382477 0.394402 5.8552 0.769281 0.132729 0.001861
237700 -41279.62497343 6808.13418174 0.404284 5.8552 0.769281 0.132729 -0.007393
237800 -41175.99095674 6807.43694575 0.404242 5.8552 0.769281 0.132729 0.037686
237900 -41198.39548458 6831.81909289 0.405690 5.8552 0.769281 0.132729 0.008538
238000 -41180.44278391 6840.56684393 0.406209 5.8544 0.766940 0.134294 0.001652
238100 -41160.16338827 6789.51005034 0.403178 5.8544 0.766940 0.134294 0.012617
238200 -41126.90180282 6748.90490513 0.400766 5.8544 0.766940 0.134294 0.026951
238300 -41153.30464032 6805.35564758 0.404119 5.8544 0.766940 0.134294 0.007852
238400 -41125.46895644 6727.50715484 0.399496 5.8544 0.766940 0.134294 0.000676
238500 -41230.06878876 6712.04932214 0.398578 5.8563 0.764612 0.133549 -0.037930
238600 -41126.59163378 6724.49579443 0.399317 5.8563 0.764612 0.133549 0.020697
238700 -41218.17196739 6804.80400987 0.404086 5.8563 0.764612 0.133549 -0.027237
238800 -41161.48925512 6790.73339558 0.403250 5.8563 0.764612 0.133549 -0.005022
238900 -41197.56760026 6816.79747925 0.404798 5.8563 0.764612 0.133549 -0.003888
239000 -41070.48370282 6704.22726601 0.398113 5.8430 0.761442 0.136583 0.032771
239100 -41196.62157738 6805.40308015 0.404121 5.8430 0.761442 0.136583 -0.002615
239200 -41195.70851623 6769.43789050 0.401986 5.8430 0.761442 0.136583 -0.005194
239300 -41138.27457863 6734.91356546 0.399935 5.8430 0.761442 0.136583 0.008254
239400 -41146.28405940 6773.29562004 0.402215 5.8430 0.761442 0.136583 0.015033
239500 -41079.41580278 6718.27015608 0.398947 5.8411 0.763736 0.136392 0.026310
239600 -41124.47412714 6737.03388754 0.400061 5.8411 0.763736 0.136392 -0.000765
239700 -41088.85649146 6740.46271899 0.400265 5.8411 0.763736 0.136392 0.017989
239800 -41143.20145137 6688.36739640 0.397171 5.8411 0.763736 0.136392 -0.010362
239900 -41180.19784662 6779.59409981 0.402589 5.8411 0.763736 0.136392 0.000259
240000 -41152.60234582 6804.90384226 0.404092 5.8423 0.769413 0.135120 0.000555
240100 -41134.05138262 6769.80947962 0.402008 5.8423 0.769413 0.135120 0.016060
240200 -41071.27188659 6722.41847408 0.399193 5.8423 0.769413 0.135120 0.020772
240300 -41069.37456485 6740.07222609 0.400242 5.8423 0.769413 0.135120 0.017551
240400 -41005.62063878 6717.76842521 0.398917 5.8423 0.769413 0.135120 0.045855
240500 -41031.17811909 6757.22493657 0.401260 5.8319 0.766467 0.136107 0.025940
240600 -41035.34985990 6750.50077480 0.400861 5.8319 0.766467 0.136107 0.010439
240700 -41040.84397038 6747.51299824 0.400684 5.8319 0.766467 0.136107 0.003027
240800 -40948.42520446 6668.31047728 0.395980 5.8319 0.766467 0.136107 0.032271
240900 -40973.44347601 6755.52660446 0.401160 5.8319 0.766467 0.136107 0.014165
241000 -40908.82835114 6722.44248114 0.399195 5.8371 0.759496 0.136325 0.046095
241100 -41016.88274204 6675.70255265 0.396419 5.8371 0.759496 0.136325 -0.022556
241200 -41027.26536325 6740.61058857 0.400274 5.8371 0.759496 0.136325 -0.017129
241300 -41013.35505397 6697.16179508 0.397694 5.8371 0.759496 0.136325 -0.014188
241400 -41019.26520631 6661.58157752 0.395581 5.8371 0.759496 0.136325 -0.011681
241500 -41091.41791126 6684.71502417 0.396955 5.8355 0.766995 0.136676 -0.024225
241600 -41069.96932201 6705.71184578 0.398201 5.8355 0.766995 0.136676 0.007119
241700 -41059.41458927 6753.24003022 0.401024 5.8355 0.766995 0.136676 -0.015164
241800 -41026.43743362 6760.42456442 0.401450 5.8355 0.766995 0.136676 0.001867
241900 -40931.49058601 6682.16150081 0.396803 5.8355 0.766995 0.136676 0.042318
242000 -41006.09876229 6683.91727423 0.396907 5.8365 0.764014 0.137428 0.006037
242100 -41011.88485853 6703.32128849 0.398059 5.8365 0.764014 0.137428 -0.003720
242200 -41072.39790031 6716.19802253 0.398824 5.8365 0.764014 0.137428 -0.020399
242300 -41005.79575079 6732.99617656 0.399822 5.8365 0.764014 0.137428 0.010338
242400 -41007.46960499 6713.49821519 0.398664 5.8365 0.764014 0.137428 0.011713
242500 -41004.34531858 6789.39240529 0.403171 5.8386 0.764520 0.135512 0.005455
242600 -40969.19730783 6643.37241302 0.394500 5.8386 0.764520 0.135512 0.013136
242700 -41012.94831240 6730.24261593 0.399658 5.8386 0.764520 0.135512 -0.013695
242800 -40974.54257199 6707.66077366 0.398317 5.8386 0.764520 0.135512 0.008088
242900 -40969.25209274 6777.27297063 0.402451 5.8386 0.764520 0.135512 0.034522
243000 -41032.57319681 6763.28144219 0.401620 5.8317 0.766135 0.136650 0.004894
243100 -41043.87676046 6825.09017158 0.405290 5.8317 0.766135 0.136650 -0.003105
243200 -40901.24495526 6774.26875706 0.402272 5.8317 0.766135 0.136650 0.046402
243300 -40830.46889010 6758.06194704 0.401310 5.8317 0.766135 0.136650 0.044090
243400 -40856.29777089 6765.27312801 0.401738 5.8317 0.766135 0.136650 0.030028
243500 -40920.85106226 6799.73779529 0.403785 5.8352 0.758996 0.137688 -0.016087
243600 -40899.42722263 6678.58459008 0.396591 5.8352 0.758996 0.137688 -0.011603
243700 -40865.02054669 6700.62586164 0.397899 5.8352 0.758996 0.137688 0.022857
243800 -41014.93790958 6770.65369786 0.402058 5.8352 0.758996 0.137688 -0.034699
243900 -40898.45924114 6743.05098071 0.400419 5.8352 0.758996 0.137688 0.020498
244000 -40854.85335757 6708.34601975 0.398358 5.8262 0.759288 0.138330 0.032493
244100 -40897.68245410 6747.75916302 0.400698 5.8262 0.759288 0.138330 0.017888
244200 -40903.11564967 6717.53589870 0.398904 5.8262 0.759288 0.138330 0.000228
244300 -40944.24365419 6838.59180560 0.406092 5.8262 0.759288 0.138330 0.001654
244400 -40808.06953886 6716.17707509 0.398823 5.8262 0.759288 0.138330 0.045104
244500 -40862.11223212 6758.97100498 0.401364 5.8202 0.760318 0.138626 0.027811
244600 -40811.77596872 6745.97891636 0.400593 5.8202 0.760318 0.138626 0.048876
244700 -40791.50476242 6789.25059614 0.403162 5.8202 0.760318 0.138626 0.047070
244800 -40828.45833260 6805.35139650 0.404118 5.8202 0.760318 0.138626 -0.010910
244900 -40765.54533761 6785.35839574 0.402931 5.8202 0.760318 0.138626 0.015160
245000 -40774.08435208 6609.61091519 0.392495 5.8249 0.755605 0.138964 0.001164
245100 -40798.98085327 6688.12472546 0.397157 5.8249 0.755605 0.138964 -0.012767
245200 -40814.85611807 6716.04085862 0.398815 5.8249 0.755605 0.138964 -0.011665
245300 -40810.99073828 6749.17280374 0.400782 5.8249 0.755605 0.138964 -0.005605
245400 -40782.80380748 6767.42174743 0.401866 5.8249 0.755605 0.138964 0.005081
245500 -40742.89155963 6764.14123312 0.401671 5.8230 0.753168 0.140668 0.017281
245600 -40679.23104741 6804.11599995 0.404045 5.8230 0.753168 0.140668 0.023209
245700 -40742.70480489 6776.84120879 0.402425 5.8230 0.753168 0.140668 -0.005295
245800 -40712.64034679 6769.11353139 0.401966 5.8230 0.753168 0.140668 0.013603
245900 -40706.80809045 6778.27415861 0.402510 5.8230 0.753168 0.140668 0.005644
246000 -40704.19865150 6652.48456445 0.395041 5.8167 0.753249 0.141395 -0.007134
246100 -40681.13774119 6699.01838923 0.397804 5.8167 0.753249 0.141395 -0.010565
246200 -40680.81727416 6728.85982943 0.399576 5.8167 0.753249 0.141395 0.025245
246300 -40665.45743039 6742.74337431 0.400400 5.8167 0.753249 0.141395 0.011994
246400 -40595.20676661 6725.61202408 0.399383 5.8167 0.753249 0.141395 0.041086
246500 -40601.87984472 6743.81811472 0.400464 5.8063 0.749653 0.143127 0.027751
246600 -40611.25718804 6723.37235320 0.399250 5.8063 0.749653 0.143127 0.026663
246700 -40576.02997653 6832.28233347 0.405717 5.8063 0.749653 0.143127 0.020130
246800 -40501.99813642 6715.11679352 0.398760 5.8063 0.749653 0.143127 0.037009
246900 -40531.56064795 6687.20751271 0.397103 5.8063 0.749653 0.143127 0.026994
247000 -40510.74759162 6709.50334977 0.398427 5.8065 0.744869 0.143877 0.024001
247100 -40531.79707376 6708.78909981 0.398384 5.8065 0.744869 0.143877 -0.016774
247200 -40444.92621896 6766.99143963 0.401840 5.8065 0.744869 0.143877 0.045945
247300 -40463.65980149 6758.95228490 0.401363 5.8065 0.744869 0.143877 0.042817
247400 -40438.71445547 6689.29011656 0.397226 5.8065 0.744869 0.143877 0.042200
247500 -40421.97247620 6733.91410360 0.399876 5.8063 0.740764 0.144509 0.022005
247600 -40372.84091022 6780.96439500 0.402670 5.8063 0.740764 0.144509 0.033850
247700 -40384.71149523 6641.64792795 0.394397 5.8063 0.740764 0.144509 0.010674
247800 -40380.85660072 6805.20132029 0.404109 5.8063 0.740764 0.144509 0.030355
247900 -40401.13781170 6714.36567756 0.398715 5.8063 0.740764 0.144509 0.002838
248000 -40444.96034756 6719.65835388 0.399030 5.8046 0.739522 0.145336 -0.017515
248100 -40389.97524615 6668.53126777 0.395994 5.8046 0.739522 0.145336 0.009397
248200 -40463.41268927 6715.92133324 0.398808 5.8046 0.739522 0.145336 -0.010227
248300 -40391.63689899 6663.76977575 0.395711 5.8046 0.739522 0.145336 0.021869
248400 -40428.83502946 6645.80773841 0.394644 5.8046 0.739522 0.145336 0.017894
248500 -40451.92879586 6709.54200350 0.398429 5.7948 0.745668 0.144049 0.018384
248600 -40355.24997092 6637.07738995 0.394126 5.7948 0.745668 0.144049 0.034075
248700 -40452.70878282 6764.15559873 0.401672 5.7948 0.745668 0.144049 0.001009
248800 -40391.73738899 6648.23848492 0.394789 5.7948 0.745668 0.144049 0.022444
248900 -40398.15994904 6668.02939127 0.395964 5.7948 0.745668 0.144049 -0.002439
249000 -40416.21284868 6697.61777533 0.397721 5.8011 0.743114 0.145800 -0.015342
249100 -40446.53325979 6678.93777281 0.396612 5.8011 0.743114 0.145800 -0.030244
249200 -40275.72352304 6635.63241645 0.394040 5.8011 0.743114 0.145800 0.049491
249300 -40265.27441657 6686.91204090 0.397085 5.8011 0.743114 0.145800 0.049263
249400 -40287.13273836 6844.76322430 0.406459 5.8011 0.743114 0.145800 0.028060
249500 -40185.74587996 6766.26588328 0.401797 5.7987 0.733512 0.147042 0.057658
249600 -40223.84163998 6762.06848349 0.401548 5.7987 0.733512 0.147042 0.036567
249700 -40194.54591017 6716.78750579 0.398859 5.7987 0.733512 0.147042 0.038018
249800 -40191.55227888 6729.36385429 0.399606 5.7987 0.733512 0.147042 0.037927
249900 -40151.22981226 6737.29987283 0.400077 5.7987 0.733512 0.147042 0.044054
250000 -40097.21372498 6706.24169986 0.398233 5.7952 0.729305 0.148425 0.047262
250100 -40078.56221750 6711.78310334 0.398562 5.7952 0.729305 0.148425 0.066056
250200 -40220.72718211 6741.11573345 0.400304 5.7952 0.729305 0.148425 -0.007271
250300 -40173.04323299 6811.85632832 0.404505 5.7952 0.729305 0.148425 0.011002
250400 -40145.33305205 6773.09355760 0.402203 5.7952 0.729305 0.148425 0.015265
250500 -40105.55979312 6715.33897173 0.398773 5.7872 0.732802 0.148288 0.026887
250600 -40160.20844330 6695.47983716 0.397594 5.7872 0.732802 0.148288 -0.020803
250700 -40149.38107193 6693.61445915 0.397483 5.7872 0.732802 0.148288 0.008040
250800 -40093.12880827 6614.02160251 0.392757 5.7872 0.732802 0.148288 0.040977
250900 -40152.82396508 6634.89271093 0.393996 5.7872 0.732802 0.148288 0.016342
251000 -40119.00580165 6697.99813884 0.397743 5.7827 0.731603 0.149401 0.010739
251100 -40150.69789375 6717.75375233 0.398916 5.7827 0.731603 0.149401 0.001879
251200 -40112.39937722 6747.28186020 0.400670 5.7827 0.731603 0.149401 0.023210
251300 -40068.74208867 6737.27078743 0.400075 5.7827 0.731603 0.149401 0.033621
251400 -40026.62906138 6759.04222101 0.401368 5.7827 0.731603 0.149401 0.026130
251500 -39930.97751241 6738.86524148 0.400170 5.7834 0.725159 0.151875 0.049954
251600 -39884.45191504 6656.99247185 0.395308 5.7834 0.725159 0.151875 0.063344
251700 -40003.46681246 6752.63792699 0.400988 5.7834 0.725159 0.151875 0.002173
251800 -39922.78383845 6780.98892481 0.402672 5.7834 0.725159 0.151875 0.028778
251900 -39935.13673296 6696.86375479 0.397676 5.7834 0.725159 0.151875 0.016145
252000 -39918.73431360 6657.12668039 0.395316 5.7818 0.723630 0.150546 0.029923
252100 -39886.60683815 6677.70073822 0.396538 5.7818 0.723630 0.150546 0.027716
252200 -39960.79354701 6758.39835525 0.401330 5.7818 0.723630 0.150546 -0.007768
252300 -39877.16256318 6639.03768374 0.394242 5.7818 0.723630 0.150546 0.027055
252400 -39911.68137985 6736.17280634 0.400010 5.7818 0.723630 0.150546 0.022643
252500 -39918.19155159 6706.32950963 0.398238 5.7790 0.724754 0.151721 0.010100
252600 -39858.79579851 6725.80868502 0.399395 5.7790 0.724754 0.151721 0.042475
252700 -39886.72953934 6720.22935272 0.399064 5.7790 0.724754 0.151721 0.005801
252800 -39922.90915351 6775.47248977 0.402344 5.7790 0.724754 0.151721 0.014296
252900 -39899.81517617 6726.36201781 0.399428 5.7790 0.724754 0.151721 0.016137
253000 -39879.44985227 6695.18576632 0.397576 5.7669 0.728899 0.150972 0.025697
253100 -39812.27646280 6744.08946719 0.400480 5.7669 0.728899 0.150972 0.045968
253200 -39877.96367520 6798.92899424 0.403737 5.7669 0.728899 0.150972 -0.000010
253300 -39826.80464395 6803.27575609 0.403995 5.7669 0.728899 0.150972 0.014722
253400 -39801.32421011 6725.29707270 0.399364 5.7669 0.728899 0.150972 -0.008811
253500 -39836.61762595 6751.57483612 0.400925 5.7739 0.724601 0.151846 -0.005441
253600 -39847.41520415 6725.50977606 0.399377 5.7739 0.724601 0.151846 0.005944
253700 -39811.42753978 6779.87238208 0.402605 5.7739 0.724601 0.151846 -0.002470
253800 -39792.57989921 6816.21512218 0.404763 5.7739 0.724601 0.151846 0.006933
253900 -39712.55233615 6669.16440763 0.396031 5.7739 0.724601 0.151846 0.035587
254000 -39754.25819818 6723.16152140 0.399238 5.7816 0.716207 0.152718 -0.003348
254100 -39765.78484679 6674.46688572 0.396346 5.7816 0.716207 0.152718 -0.009937
254200 -39715.37638915 6685.41814912 0.396996 5.7816 0.716207 0.152718 0.018584
254300 -39760.05163538 6738.22426909 0.400132 5.7816 0.716207 0.152718 -0.007352
254400 -39719.26377835 6753.86512142 0.401061 5.7816 0.716207 0.152718 0.038198
254500 -39727.49408569 6731.39846807 0.399727 5.7739 0.721008 0.151826 0.018234
254600 -39774.18714831 6694.38970175 0.397529 5.7739 0.721008 0.151826 -0.022202
254700 -39672.44271630 6656.32337650 0.395269 5.7739 0.721008 0.151826 0.031520
254800 -39683.74414229 6698.78164771 0.397790 5.7739 0.721008 0.151826 0.012780
254900 -39621.12886140 6697.99556394 0.397743 5.7739 0.721008 0.151826 0.029682
255000 -39694.16365608 6738.43011628 0.400144 5.7719 0.718103 0.152364 -0.009210
255100 -39603.42325451 6750.77022301 0.400877 5.7719 0.718103 0.152364 0.033182
255200 -39561.10531855 6769.56881014 0.401993 5.7719 0.718103 0.152364 0.050573
255300 -39528.96052839 6769.11616129 0.401967 5.7719 0.718103 0.152364 0.032814
255400 -39526.29986406 6791.84842491 0.403316 5.7719 0.718103 0.152364 0.012793
255500 -39473.59849068 6719.81899789 0.399039 5.7645 0.713032 0.156135 0.029987
255600 -39530.02747046 6773.01543416 0.402198 5.7645 0.713032 0.156135 -0.001017
255700 -39488.53161399 6755.69681527 0.401170 5.7645 0.713032 0.156135 0.022455
255800 -39514.94994836 6754.13640118 0.401077 5.7645 0.713032 0.156135 0.013187
255900 -39504.57989638 6709.32636006 0.398416 5.7645 0.713032 0.156135 0.009389
256000 -39500.04991898 6742.35773444 0.400378 5.7624 0.713090 0.155792 -0.007491
256100 -39467.06593872 6714.72598299 0.398737 5.7624 0.713090 0.155792 0.004995
256200 -39433.66620744 6767.93625077 0.401896 5.7624 0.713090 0.155792 0.019110
256300 -39515.16619575 6739.61664775 0.400215 5.7624 0.713090 0.155792 -0.019706
256400 -39435.00896596 6761.17687356 0.401495 5.7624 0.713090 0.155792 0.016312
256500 -39371.23728185 6880.96315237 0.408608 5.7558 0.707227 0.157560 0.040480
256600 -39378.82313206 6753.47293927 0.401038 5.7558 0.707227 0.157560 0.026000
256700 -39382.89469760 6730.39396485 0.399667 5.7558 0.707227 0.157560 0.028724
256800 -39344.31240473 6712.25457278 0.398590 5.7558 0.707227 0.157560 0.055635
256900 -39364.34437730 6795.52752072 0.403535 5.7558 0.707227 0.157560 0.027033
257000 -39328.07399609 6680.88125372 0.396727 5.7555 0.708293 0.156570 0.041371
257100 -39374.10088794 6759.75454140 0.401411 5.7555 0.708293 0.156570 0.024497
257200 -39356.22291372 6685.70493537 0.397013 5.7555 0.708293 0.156570 0.014840
257300 -39365.02010945 6695.08945830 0.397571 5.7555 0.708293 0.156570 0.003928
257400 -39354.29616269 6758.40691461 0.401331 5.7555 0.708293 0.156570 0.017345
257500 -39282.82318460 6711.08499601 0.398520 5.7483 0.707856 0.157976 0.031590
257600 -39340.91077614 6706.00840569 0.398219 5.7483 0.707856 0.157976 0.028804
257700 -39317.87509701 6690.22153462 0.397282 5.7483 0.707856 0.157976 0.005035
257800 -39246.21791607 6743.88661777 0.400468 5.7483 0.707856 0.157976 0.025582
257900 -39312.68758539 6702.08918851 0.397986 5.7483 0.707856 0.157976 0.010055
258000 -39307.23242190 6734.00806159 0.399882 5.7481 0.707708 0.157863 0.002283
258100 -39224.04767446 6831.11401489 0.405648 5.7481 0.707708 0.157863 0.039870
258200 -39270.76507371 6719.14698138 0.398999 5.7481 0.707708 0.157863 0.019371
258300 -39348.71329415 6744.85853246 0.400526 5.7481 0.707708 0.157863 -0.009376
258400 -39316.62637852 6718.45533802 0.398958 5.7481 0.707708 0.157863 -0.002277
258500 -39298.02583674 6732.16917652 0.399773 5.7430 0.705389 0.158532 0.001958
258600 -39231.03594343 6678.88860573 0.396609 5.7430 0.705389 0.158532 0.021069
258700 -39150.10877466 6724.70204408 0.399329 5.7430 0.705389 0.158532 0.039909
258800 -39147.50812339 6746.17948257 0.400604 5.7430 0.705389 0.158532 0.047796
258900 -39116.01133220 6643.32582660 0.394497 5.7430 0.705389 0.158532 0.048018
259000 -39226.46116145 6675.47939067 0.396406 5.7349 0.704294 0.159828 0.014849
259100 -39251.13273960 6662.32280824 0.395625 5.7349 0.704294 0.159828 -0.006175
259200 -39294.87924951 6667.40652463 0.395927 5.7349 0.704294 0.159828 -0.016054
259300 -39218.28092457 6616.82190759 0.392923 5.7349 0.704294 0.159828 0.024028
259400 -39305.18590741 6720.27017669 0.399066 5.7349 0.704294 0.159828 -0.039906
259500 -39210.86136478 6653.83911508 0.395121 5.7430 0.703383 0.160188 0.017188
259600 -39226.06755392 6846.35283974 0.406553 5.7430 0.703383 0.160188 0.014967
259700 -39208.30013802 6761.82396969 0.401533 5.7430 0.703383 0.160188 0.024761
259800 -39149.00388787 6742.77337499 0.400402 5.7430 0.703383 0.160188 0.020625
259900 -39187.93890717 6752.10105265 0.400956 5.7430 0.703383 0.160188 -0.010125
260000 -39186.36239606 6785.93604995 0.402965 5.7510 0.699744 0.157702 -0.016267
260100 -39081.19878910 6670.00701310 0.396081 5.7510 0.699744 0.157702 0.022693
260200 -39074.34419256 6687.25722801 0.397106 5.7510 0.699744 0.157702 0.019025
260300 -39063.42105703 6732.20055232 0.399774 5.7510 0.699744 0.157702 0.046498
260400 -39028.40228624 6690.59776667 0.397304 5.7510 0.699744 0.157702 0.030715
260500 -39058.69382229 6752.42737962 0.400975 5.7461 0.693921 0.160893 0.017471
260600 -38973.65588543 6695.94296361 0.397621 5.7461 0.693921 0.160893 0.029940
260700 -38979.93850631 6757.20815428 0.401259 5.7461 0.693921 0.160893 0.036122
260800 -38952.33459315 6769.52161790 0.401991 5.7461 0.693921 0.160893 0.033108
260900 -38914.38530536 6715.80612123 0.398801 5.7461 0.693921 0.160893 0.051381
261000 -38934.62467318 6751.43617331 0.400917 5.7398 0.691422 0.162531 0.035156
261100 -38877.67005187 6744.59146449 0.400510 5.7398 0.691422 0.162531 0.028583
261200 -38884.46955850 6710.82671564 0.398505 5.7398 0.691422 0.162531 -0.002897
261300 -38840.26190097 6799.83821174 0.403791 5.7398 0.691422 0.162531 0.027454
261400 -38824.64644054 6760.31306600 0.401444 5.7398 0.691422 0.162531 0.015035
261500 -38855.78019572 6727.86672409 0.399517 5.7362 0.686571 0.161977 0.028760
261600 -38730.01077332 6734.84331051 0.399931 5.7362 0.686571 0.161977 0.064716
261700 -38856.54567114 6844.97161725 0.406471 5.7362 0.686571 0.161977 -0.010229
261800 -38812.66621371 6705.68726025 0.398200 5.7362 0.686571 0.161977 -0.025792
261900 -38782.33357647 6685.46626035 0.396999 5.7362 0.686571 0.161977 0.005830
262000 -38818.52080933 6666.82780557 0.395892 5.7380 0.690413 0.162205 -0.002617
262100 -38755.92384427 6697.99195151 0.397743 5.7380 0.690413 0.162205 0.036658
262200 -38710.14272389 6723.31988666 0.399247 5.7380 0.690413 0.162205 0.050040
262300 -38680.75194685 6791.41154233 0.403290 5.7380 0.690413 0.162205 0.049739
262400 -38670.35000607 6777.83704284 0.402484 5.7380 0.690413 0.162205 0.040080
262500 -38703.07009013 6765.04519718 0.401725 5.7359 0.680116 0.164518 0.011511
262600 -38648.24235583 6759.88712405 0.401418 5.7359 0.680116 0.164518 0.038782
262700 -38611.85339216 6686.04113842 0.397033 5.7359 0.680116 0.164518 0.020566
262800 -38614.49437821 6673.77001322 0.396305 5.7359 0.680116 0.164518 0.010412
262900 -38639.13198216 6619.37120731 0.393074 5.7359 0.680116 0.164518 0.002441
263000 -38667.00030726 6661.52585629 0.395578 5.7274 0.684358 0.165564 0.000155
263100 -38669.74629194 6721.58076979 0.399144 5.7274 0.684358 0.165564 0.015628
263200 -38638.78304018 6704.60376464 0.398136 5.7274 0.684358 0.165564 -0.004004
263300 -38666.08405228 6715.49675669 0.398782 5.7274 0.684358 0.165564 -0.000910
263400 -38661.60412332 6753.40591836 0.401034 5.7274 0.684358 0.165564 0.014039
263500 -38641.08065429 6731.07505834 0.399708 5.7246 0.679711 0.166720 0.029439
263600 -38674.23305562 6785.26202049 0.402925 5.7246 0.679711 0.166720 0.014718
263700 -38605.22866213 6705.05930371 0.398163 5.7246 0.679711 0.166720 0.031881
263800 -38589.78898237 6702.80769111 0.398029 5.7246 0.679711 0.166720 0.025439
263900 -38517.26225416 6670.37075467 0.396103 5.7246 0.679711 0.166720 0.041478
264000 -38513.82472658 6743.20179173 0.400428 5.7264 0.678876 0.166310 0.029269
264100 -38523.64868282 6765.55294762 0.401755 5.7264 0.678876 0.166310 0.007165
264200 -38522.31568997 6736.43847523 0.400026 5.7264 0.678876 0.166310 0.003710
264300 -38487.49639722 6729.38507888 0.399607 5.7264 0.678876 0.166310 0.029139
264400 -38502.57234791 6695.21109426 0.397578 5.7264 0.678876 0.166310 0.003044
264500 -38442.07704171 6741.00100727 0.400297 5.7298 0.677869 0.165388 0.018846
264600 -38511.47288202 6649.96481738 0.394891 5.7298 0.677869 0.165388 0.011984
264700 -38526.70008725 6660.64525836 0.395525 5.7298 0.677869 0.165388 0.002043
264800 -38485.70934201 6672.65574015 0.396238 5.7298 0.677869 0.165388 0.013047
264900 -38506.44359173 6683.26508868 0.396868 5.7298 0.677869 0.165388 0.012508
265000 -38510.05557928 6699.28977409 0.397820 5.7118 0.679948 0.168152 0.017304
265100 -38447.28498155 6684.71425793 0.396955 5.7118 0.679948 0.168152 0.016957
265200 -38430.60135562 6712.81453600 0.398623 5.7118 0.679948 0.168152 0.030584
265300 -38522.21225042 6678.78003575 0.396602 5.7118 0.679948 0.168152 -0.008787
265400 -38504.06712748 6655.08055375 0.395195 5.7118 0.679948 0.168152 -0.009498
265500 -38566.06193767 6687.52696368 0.397122 5.7270 0.679650 0.166073 -0.031446
265600 -38474.02224047 6742.17826641 0.400367 5.7270 0.679650 0.166073 0.018888
265700 -38485.23409369 6775.98475458 0.402374 5.7270 0.679650 0.166073 0.012906
265800 -38446.97023167 6798.64327099 0.403720 5.7270 0.679650 0.166073 0.001869
265900 -38422.21379131 6735.08179656 0.399945 5.7270 0.679650 0.166073 0.004703
266000 -38522.00204675 6783.89869735 0.402844 5.7209 0.675577 0.166357 -0.002834
266100 -38446.15289599 6824.15277192 0.405235 5.7209 0.675577 0.166357 0.016627
266200 -38365.37920079 6680.71311337 0.396717 5.7209 0.675577 0.166357 0.033477
266300 -38379.95109171 6675.86370678 0.396429 5.7209 0.675577 0.166357 0.019308
266400 -38445.18640416 6752.07167654 0.400954 5.7209 0.675577 0.166357 -0.002877
266500 -38426.97868246 6625.68201782 0.393449 5.7272 0.674971 0.167807 0.004310
266600 -38440.84908302 6720.17255829 0.399060 5.7272 0.674971 0.167807 -0.020457
266700 -38402.53548703 6690.81516068 0.397317 5.7272 0.674971 0.167807 0.008100
266800 -38399.00646955 6777.37936639 0.402457 5.7272 0.674971 0.167807 0.018175
266900 -38350.67736703 6755.19712898 0.401140 5.7272 0.674971 0.167807 0.035336
267000 -38340.94506015 6736.53773332 0.400032 5.7222 0.676827 0.168368 0.038823
267100 -38442.43991530 6760.74293636 0.401469 5.7222 0.676827 0.168368 0.016386
267200 -38422.69786533 6735.84199593 0.399991 5.7222 0.676827 0.168368 0.031079
267300 -38424.04180147 6753.68418031 0.401050 5.7222 0.676827 0.168368 0.001460
267400 -38400.22973898 6757.25914465 0.401262 5.7222 0.676827 0.168368 -0.006225
267500 -38294.94345351 6643.06931804 0.394482 5.7210 0.668275 0.169105 0.038000
267600 -38324.37672929 6690.54879730 0.397301 5.7210 0.668275 0.169105 0.025247
267700 -38353.46168175 6636.54720690 0.394094 5.7210 0.668275 0.169105 -0.007502
267800 -38402.24442598 6623.52026074 0.393321 5.7210 0.668275 0.169105 -0.014457
267900 -38416.59428534 6685.83657878 0.397021 5.7210 0.668275 0.169105 -0.012110
268000 -38430.14658662 6732.02467783 0.399764 5.7236 0.673471 0.167608 -0.038931
268100 -38383.54082112 6667.93360874 0.395958 5.7236 0.673471 0.167608 -0.008730
268200 -38427.38294394 6738.20074898 0.400131 5.7236 0.673471 0.167608 -0.009428
268300 -38354.37508472 6696.52895445 0.397656 5.7236 0.673471 0.167608 0.023993
268400 -38340.89320158 6663.63263582 0.395703 5.7236 0.673471 0.167608 0.021834
268500 -38353.39667329 6677.27964031 0.396513 5.7162 0.671902 0.168137 0.001356
268600 -38376.00229326 6678.96870672 0.396613 5.7162 0.671902 0.168137 0.008897
268700 -38333.80490442 6766.74128374 0.401825 5.7162 0.671902 0.168137 0.003995
268800 -38327.99746506 6734.90201284 0.399935 5.7162 0.671902 0.168137 0.015490
268900 -38338.32830728 6716.48378857 0.398841 5.7162 0.671902 0.168137 0.002894
269000 -38239.56059129 6676.42354688 0.396462 5.7106 0.670019 0.168379 0.037944
269100 -38211.35975844 6708.19077067 0.398349 5.7106 0.670019 0.168379 0.063982
269200 -38287.86021522 6747.84833336 0.400704 5.7106 0.670019 0.168379 0.013050
269300 -38195.20341279 6738.03312798 0.400121 5.7106 0.670019 0.168379 0.039263
269400 -38173.29192192 6723.13981204 0.399236 5.7106 0.670019 0.168379 0.038999
269500 -38214.34499227 6755.44057992 0.401154 5.7150 0.667021 0.169325 -0.011085
269600 -38148.55189128 6682.52604670 0.396825 5.7150 0.667021 0.169325 0.019522
269700 -38140.03763536 6691.70744402 0.397370 5.7150 0.667021 0.169325 0.041242
269800 -38092.39385580 6695.92332826 0.397620 5.7150 0.667021 0.169325 0.042067
269900 -38092.07220061 6657.49508637 0.395338 5.7150 0.667021 0.169325 0.044474
270000 -38114.89784629 6701.61743628 0.397958 5.7146 0.660868 0.170863 0.012728
270100 -38015.68591902 6644.42307312 0.394562 5.7146 0.660868 0.170863 0.054194
270200 -38015.48648856 6706.96070280 0.398276 5.7146 0.660868 0.170863 0.044488
270300 -37989.15071952 6724.33195972 0.399307 5.7146 0.660868 0.170863 0.028020
270400 -38005.63316169 6672.02798905 0.396201 5.7146 0.660868 0.170863 0.028847
270500 -38047.17597483 6757.68976511 0.401288 5.7055 0.662760 0.170101 0.029444
270600 -37956.15506477 6769.79024949 0.402007 5.7055 0.662760 0.170101 0.025601
270700 -37966.10975442 6726.11098986 0.399413 5.7055 0.662760 0.170101 0.001077
270800 -38027.11814499 6783.14322670 0.402799 5.7055 0.662760 0.170101 0.014207
270900 -38040.59227669 6702.06347174 0.397985 5.7055 0.662760 0.170101 -0.014982
271000 -37943.00689114 6625.26122432 0.393424 5.7080 0.663858 0.172407 0.040702
271100 -37998.45709690 6724.25621677 0.399303 5.7080 0.663858 0.172407 0.005097
271200 -37951.93638174 6713.53249875 0.398666 5.7080 0.663858 0.172407 0.023414
271300 -37992.57922759 6731.99191440 0.399762 5.7080 0.663858 0.172407 0.019996
271400 -37968.05783474 6755.13188932 0.401136 5.7080 0.663858 0.172407 0.016875
271500 -37952.26958576 6646.56615135 0.394689 5.7106 0.662422 0.170063 0.013918
271600 -38027.59720952 6662.90343447 0.395659 5.7106 0.662422 0.170063 -0.009170
271700 -38029.58246242 6781.81769139 0.402721 5.7106 0.662422 0.170063 -0.018880
271800 -37929.18748890 6691.53166118 0.397359 5.7106 0.662422 0.170063 -0.002717
271900 -37874.15838597 6700.44406528 0.397889 5.7106 0.662422 0.170063 0.016074
272000 -37886.76888448 6750.30491339 0.400849 5.7057 0.660943 0.172652 0.001592
272100 -37973.04062106 6757.00971800 0.401248 5.7057 0.660943 0.172652 -0.040000
272200 -37900.23295131 6727.07666839 0.399470 5.7057 0.660943 0.172652 0.023311
272300 -37976.08549606 6757.90885447 0.401301 5.7057 0.660943 0.172652 0.013248
272400 -37895.86747695 6711.24547578 0.398530 5.7057 0.660943 0.172652 0.027825
272500 -37920.24532251 6777.02034409 0.402436 5.7108 0.661289 0.171285 0.017687
272600 -37880.77058904 6711.76280037 0.398561 5.7108 0.661289 0.171285 0.011071
272700 -37948.55543033 6792.76055174 0.403371 5.7108 0.661289 0.171285 -0.028043
272800 -37885.05356530 6717.03887808 0.398874 5.7108 0.661289 0.171285 0.013170
272900 -37796.93677403 6691.89282175 0.397381 5.7108 0.661289 0.171285 0.038195
273000 -37838.21899160 6710.87115399 0.398508 5.7140 0.659217 0.172187 0.010768
273100 -37839.98109589 6710.96783146 0.398514 5.7140 0.659217 0.172187 0.023852
273200 -37829.18716026 6671.59575781 0.396176 5.7140 0.659217 0.172187 0.029523
273300 -37847.11396152 6704.76336550 0.398145 5.7140 0.659217 0.172187 -0.005292
273400 -37910.35001267 6717.30476608 0.398890 5.7140 0.659217 0.172187 0.003843
273500 -37926.78870368 6761.95529517 0.401541 5.6911 0.664557 0.172630 0.009594
273600 -37891.68988132 6697.84019050 0.397734 5.6911 0.664557 0.172630 0.000363
273700 -37919.48675136 6607.42806925 0.392365 5.6911 0.664557 0.172630 0.003040
273800 -37857.03739014 6715.48127997 0.398782 5.6911 0.664557 0.172630 0.024756
273900 -37892.32614688 6716.41481327 0.398837 5.6911 0.664557 0.172630 0.032865
274000 -37929.20249669 6702.42196806 0.398006 5.7025 0.658133 0.170945 0.010415
274100 -37922.47327290 6670.42001641 0.396106 5.7025 0.658133 0.170945 0.011835
274200 -37862.48646475 6596.95764347 0.391743 5.7025 0.658133 0.170945 0.027483
274300 -37854.89447417 6653.11522788 0.395078 5.7025 0.658133 0.170945 0.028525
274400 -37856.74682011 6743.96605330 0.400473 5.7025 0.658133 0.170945 0.006617
274500 -37770.95400598 6676.25632121 0.396452 5.7055 0.652440 0.173351 0.044345
274600 -37766.53119989 6737.47818059 0.400088 5.7055 0.652440 0.173351 0.032894
274700 -37799.89051510 6721.17153603 0.399119 5.7055 0.652440 0.173351 0.005010
274800 -37807.40002673 6734.57381120 0.399915 5.7055 0.652440 0.173351 -0.008499
274900 -37799.09408193 6701.68968187 0.397963 5.7055 0.652440 0.173351 0.023248
275000 -37824.63669968 6673.34725240 0.396280 5.7000 0.657727 0.173786 -0.011832
275100 -37769.11380166 6713.03731065 0.398636 5.7000 0.657727 0.173786 0.011171
275200 -37722.50936188 6713.92417175 0.398689 5.7000 0.657727 0.173786 0.029758
275300 -37693.01865502 6814.77727812 0.404678 5.7000 0.657727 0.173786 0.032721
275400 -37652.96655294 6748.45442569 0.400740 5.7000 0.657727 0.173786 0.046907
275500 -37658.07924671 6701.48751956 0.397951 5.6989 0.651987 0.175898 0.015336
275600 -37705.42230363 6722.69754101 0.399210 5.6989 0.651987 0.175898 0.006407
275700 -37704.01647807 6685.46286322 0.396999 5.6989 0.651987 0.175898 -0.004299
275800 -37721.52544140 6723.69793407 0.399269 5.6989 0.651987 0.175898 0.014687
275900 -37680.95417180 6701.76441599 0.397967 5.6989 0.651987 0.175898 0.023868
276000 -37599.55553297 6654.94394260 0.395187 5.6952 0.648787 0.176440 0.025589
276100 -37634.39934409 6716.76304604 0.398858 5.6952 0.648787 0.176440 -0.003956
276200 -37612.19112527 6709.66624381 0.398436 5.6952 0.648787 0.176440 0.027070
276300 -37670.05704168 6695.27630635 0.397582 5.6952 0.648787 0.176440 0.009913
276400 -37728.17854868 6720.53498199 0.399082 5.6952 0.648787 0.176440 0.000355
276500 -37635.72717717 6701.59271894 0.397957 5.6922 0.652539 0.174506 0.019164
276600 -37621.94157612 6695.06911280 0.397569 5.6922 0.652539 0.174506 0.023421
276700 -37689.35650880 6775.25229073 0.402331 5.6922 0.652539 0.174506 0.000075
276800 -37583.72142335 6640.83031816 0.394349 5.6922 0.652539 0.174506 0.029354
276900 -37687.15393119 6788.90822527 0.403142 5.6922 0.652539 0.174506 0.010632
277000 -37588.69166080 6785.81903828 0.402958 5.6944 0.654190 0.174249 0.033710
277100 -37600.66090924 6710.74252506 0.398500 5.6944 0.654190 0.174249 0.016314
277200 -37589.72077455 6746.44151709 0.400620 5.6944 0.654190 0.174249 0.012818
277300 -37671.54697306 6859.76517811 0.407349 5.6944 0.654190 0.174249 0.003955
277400 -37596.22123846 6726.52123089 0.399437 5.6944 0.654190 0.174249 0.020166
277500 -37589.58518883 6683.19108074 0.396864 5.6964 0.650608 0.174489 0.036939
277600 -37651.58219291 6774.98962706 0.402315 5.6964 0.650608 0.174489 0.019676
277700 -37624.10657548 6722.88003076 0.399221 5.6964 0.650608 0.174489 0.013763
277800 -37633.97243254 6784.16509644 0.402860 5.6964 0.650608 0.174489 0.000367
277900 -37586.82350839 6715.09496565 0.398759 5.6964 0.650608 0.174489 0.018244
278000 -37574.16213070 6762.10854544 0.401550 5.7007 0.647755 0.175156 0.015865
278100 -37468.01253278 6808.23571508 0.404290 5.7007 0.647755 0.175156 0.032868
278200 -37549.26209479 6790.44167669 0.403233 5.7007 0.647755 0.175156 -0.011427
278300 -37567.80307107 6859.22041530 0.407317 5.7007 0.647755 0.175156 0.000749
278400 -37471.46317650 6726.93782696 0.399462 5.7007 0.647755 0.175156 0.046519
278500 -37491.29323677 6718.05260981 0.398934 5.6823 0.650255 0.176593 0.035355
278600 -37542.28902436 6756.79008343 0.401235 5.6823 0.650255 0.176593 0.032466
278700 -37545.28066109 6699.14293721 0.397811 5.6823 0.650255 0.176593 -0.013787
278800 -37520.02993472 6727.96034323 0.399523 5.6823 0.650255 0.176593 0.003651
278900 -37583.08496919 6842.16965122 0.406305 5.6823 0.650255 0.176593 -0.009594
279000 -37638.60473405 6742.63315220 0.400394 5.6899 0.659873 0.172672 -0.045819
279100 -37495.42406507 6654.24774977 0.395145 5.6899 0.659873 0.172672 0.033194
279200 -37582.84070818 6750.58126069 0.400866 5.6899 0.659873 0.172672 0.006578
279300 -37455.99627325 6600.81449506 0.391972 5.6899 0.659873 0.172672 0.021670
279400 -37511.77390347 6766.56944442 0.401815 5.6899 0.659873 0.172672 0.022928
279500 -37403.20563981 6665.13935045 0.395792 5.6880 0.643962 0.175468 0.033821
279600 -37406.82428881 6767.44969884 0.401868 5.6880 0.643962 0.175468 0.024802
279700 -37343.18810775 6668.11615856 0.395969 5.6880 0.643962 0.175468 0.020591
279800 -37394.55181400 6695.15101907 0.397574 5.6880 0.643962 0.175468 0.002925
279900 -37404.08928902 6711.27780884 0.398532 5.6880 0.643962 0.175468 0.005538
280000 -37408.85635483 6802.28247010 0.403936 5.6892 0.647545 0.176355 0.019058
280100 -37395.24379763 6715.87515970 0.398805 5.6892 0.647545 0.176355 -0.000543
280200 -37338.78354303 6803.65978794 0.404018 5.6892 0.647545 0.176355 0.032898
280300 -37444.74828214 6673.30278482 0.396277 5.6892 0.647545 0.176355 -0.026986
280400 -37425.72971884 6747.84950099 0.400704 5.6892 0.647545 0.176355 -0.013501
280500 -37419.55814122 6707.97829481 0.398336 5.6856 0.648568 0.178142 -0.009899
280600 -37427.99040717 6758.43217948 0.401332 5.6856 0.648568 0.178142 -0.013985
280700 -37427.16477654 6738.75330818 0.400163 5.6856 0.648568 0.178142 -0.000001
280800 -37431.10494745 6743.95714000 0.400473 5.6856 0.648568 0.178142 -0.003122
280900 -37381.45564746 6827.28716689 0.405421 5.6856 0.648568 0.178142 0.004462
281000 -37323.47623256 6830.12396845 0.405589 5.6890 0.643186 0.177367 0.027727
281100 -37355.97428324 6779.55359650 0.402586 5.6890 0.643186 0.177367 0.017991
281200 -37349.11495367 6838.74404989 0.406101 5.6890 0.643186 0.177367 -0.002248
281300 -37328.89600530 6797.49802296 0.403652 5.6890 0.643186 0.177367 0.010078
281400 -37287.09921853 6716.79360559 0.398859 5.6890 0.643186 0.177367 -0.003040
281500 -37333.97859428 6755.62141415 0.401165 5.6950 0.639187 0.177199 -0.027485
281600 -37239.65484645 6647.77671942 0.394761 5.6950 0.639187 0.177199 0.014395
281700 -37324.21220994 6661.06066803 0.395550 5.6950 0.639187 0.177199 -0.000896
281800 -37272.50892977 6694.21754295 0.397519 5.6950 0.639187 0.177199 0.011550
281900 -37275.46987563 6718.39104059 0.398954 5.6950 0.639187 0.177199 0.023866
282000 -37273.50704207 6691.55253757 0.397361 5.6865 0.637653 0.177588 0.030458
282100 -37229.73271409 6685.06327351 0.396975 5.6865 0.637653 0.177588 0.027224
282200 -37200.69131383 6801.65920562 0.403899 5.6865 0.637653 0.177588 0.043344
282300 -37195.65842113 6770.69493896 0.402060 5.6865 0.637653 0.177588 0.047396
282400 -37204.58701022 6813.34308797 0.404593 5.6865 0.637653 0.177588 0.041507
282500 -37219.85423185 6776.43087910 0.402401 5.6830 0.638876 0.177394 0.041860
282600 -37166.53677349 6754.13452171 0.401077 5.6830 0.638876 0.177394 0.029507
282700 -37227.76911659 6820.49126598 0.405017 5.6830 0.638876 0.177394 0.002774
282800 -37240.68899042 6802.91303162 0.403973 5.6830 0.638876 0.177394 -0.025395
282900 -37230.51905175 6766.56401980 0.401815 5.6830 0.638876 0.177394 -0.014881
283000 -37272.20331212 6756.35535673 0.401209 5.6806 0.642123 0.176696 0.005791
283100 -37229.81329283 6636.26375401 0.394077 5.6806 0.642123 0.176696 0.006498
283200 -37271.76293143 6721.97835257 0.399167 5.6806 0.642123 0.176696 -0.026158
283300 -37262.13449158 6773.23863999 0.402211 5.6806 0.642123 0.176696 0.008427
283400 -37236.71612526 6725.59033244 0.399382 5.6806 0.642123 0.176696 0.008241
283500 -37225.63394845 6651.48801426 0.394981 5.6809 0.638438 0.179205 0.017829
283600 -37301.88809916 6743.34499868 0.400436 5.6809 0.638438 0.179205 -0.026236
283700 -37190.52189228 6705.47501442 0.398187 5.6809 0.638438 0.179205 0.017103
283800 -37111.48909281 6650.00655195 0.394894 5.6809 0.638438 0.179205 0.041283
283900 -37184.03527115 6749.51944621 0.400803 5.6809 0.638438 0.179205 0.010107
284000 -37142.21576201 6665.31782505 0.395803 5.6698 0.641080 0.179928 0.005158
284100 -37164.21442731 6782.19051497 0.402743 5.6698 0.641080 0.179928 -0.002148
284200 -37122.80611767 6687.25852649 0.397106 5.6698 0.641080 0.179928 0.014428
284300 -37009.60879966 6788.64077543 0.403126 5.6698 0.641080 0.179928 0.055005
284400 -37094.18972049 6801.13426123 0.403868 5.6698 0.641080 0.179928 0.014246
284500 -37158.63145968 6734.50747694 0.399911 5.6793 0.638070 0.178910 -0.005891
284600 -37196.01729891 6760.55403228 0.401458 5.6793 0.638070 0.178910 -0.018811
284700 -37093.89859565 6760.28391008 0.401442 5.6793 0.638070 0.178910 0.012355
284800 -37167.13383728 6722.93993932 0.399224 5.6793 0.638070 0.178910 -0.030316
284900 -37076.33193557 6768.73210112 0.401944 5.6793 0.638070 0.178910 0.007013
285000 -37075.98143120 6735.87337041 0.399992 5.6776 0.636895 0.180615 0.013460
285100 -37107.70205014 6739.68721795 0.400219 5.6776 0.636895 0.180615 -0.006429
285200 -37079.83122877 6735.36999359 0.399963 5.6776 0.636895 0.180615 0.004066
285300 -37035.08220904 6699.37827002 0.397825 5.6776 0.636895 0.180615 0.030727
285400 -37122.91592352 6746.49601024 0.400623 5.6776 0.636895 0.180615 -0.012744
285500 -37091.59748928 6805.60214748 0.404133 5.6676 0.633985 0.182289 -0.006242
285600 -37043.64737554 6763.39302190 0.401627 5.6676 0.633985 0.182289 0.004273
285700 -37062.24929973 6706.86691125 0.398270 5.6676 0.633985 0.182289 -0.008226
285800 -37045.31364946 6714.70898513 0.398736 5.6676 0.633985 0.182289 0.008795
285900 -36988.13820160 6662.02743053 0.395607 5.6676 0.633985 0.182289 0.011512
286000 -37024.25898754 6724.33527027 0.399307 5.6746 0.635603 0.181148 -0.006965
286100 -37018.77029957 6681.09682458 0.396740 5.6746 0.635603 0.181148 -0.004683
286200 -37058.72556001 6734.75384649 0.399926 5.6746 0.635603 0.181148 -0.009999
286300 -36984.36612310 6723.78027641 0.399274 5.6746 0.635603 0.181148 0.057225
286400 -37017.23343568 6782.07046886 0.402736 5.6746 0.635603 0.181148 0.023068
286500 -37040.48804493 6648.60710404 0.394810 5.6843 0.631762 0.179212 -0.016295
286600 -37059.75915999 6676.46399199 0.396465 5.6843 0.631762 0.179212 -0.012602
286700 -37061.00905352 6652.20914103 0.395024 5.6843 0.631762 0.179212 -0.016019
286800 -37123.95739416 6747.20932721 0.400666 5.6843 0.631762 0.179212 -0.026240
286900 -37050.39325232 6754.51060405 0.401099 5.6843 0.631762 0.179212 0.027840
287000 -37062.33769256 6792.55117832 0.403358 5.6936 0.628591 0.179025 -0.011462
287100 -37103.37337389 6673.12675375 0.396266 5.6936 0.628591 0.179025 -0.030303
287200 -37067.00882905 6679.16961805 0.396625 5.6936 0.628591 0.179025 0.002656
287300 -37002.18370954 6696.21802585 0.397638 5.6936 0.628591 0.179025 0.027280
287400 -37090.18989727 6747.65023575 0.400692 5.6936 0.628591 0.179025 -0.011511
287500 -37053.92012794 6737.39967310 0.400083 5.6912 0.630464 0.179137 0.005859
287600 -37068.36924869 6682.33216472 0.396813 5.6912 0.630464 0.179137 -0.004084
287700 -37058.54279911 6642.38367431 0.394441 5.6912 0.630464 0.179137 -0.012265
287800 -37121.20756940 6705.28429094 0.398176 5.6912 0.630464 0.179137 -0.027804
287900 -37125.82668278 6680.02279388 0.396676 5.6912 0.630464 0.179137 -0.009433
288000 -37121.05248237 6659.81591765 0.395476 5.6802 0.630314 0.179103 0.000306
288100 -37099.08250932 6793.68426844 0.403425 5.6802 0.630314 0.179103 0.003006
288200 -37123.75439303 6763.55643631 0.401636 5.6802 0.630314 0.179103 -0.008540
288300 -37101.68917478 6759.90824251 0.401420 5.6802 0.630314 0.179103 -0.004741
288400 -37158.63662735 6740.14814427 0.400246 5.6802 0.630314 0.179103 -0.022106
288500 -37105.68443999 6688.13180426 0.397157 5.6917 0.634919 0.179574 -0.006276
288600 -37125.30580068 6730.99138513 0.399703 5.6917 0.634919 0.179574 0.004332
288700 -37137.62877151 6680.74236984 0.396719 5.6917 0.634919 0.179574 0.006887
288800 -37103.76079836 6699.01814592 0.397804 5.6917 0.634919 0.179574 0.000585
288900 -36984.55828063 6731.50123490 0.399733 5.6917 0.634919 0.179574 0.029032
289000 -36939.46672038 6737.03986702 0.400062 5.6968 0.625860 0.180824 0.034641
289100 -37043.12647765 6842.35279703 0.406315 5.6968 0.625860 0.180824 0.005151
289200 -37017.12478632 6722.46657691 0.399196 5.6968 0.625860 0.180824 0.004395
289300 -37027.69973693 6795.27152735 0.403520 5.6968 0.625860 0.180824 0.016240
289400 -36990.25760395 6777.00615129 0.402435 5.6968 0.625860 0.180824 0.011002
289500 -36943.93373636 6769.71277181 0.402002 5.6830 0.624576 0.181103 0.037465
289600 -36911.95559136 6763.28118828 0.401620 5.6830 0.624576 0.181103 0.040492
289700 -37014.03855478 6769.57822365 0.401994 5.6830 0.624576 0.181103 -0.022150
289800 -36996.80847201 6645.94798349 0.394652 5.6830 0.624576 0.181103 -0.006121
289900 -37047.06991161 6709.63507097 0.398434 5.6830 0.624576 0.181103 -0.016327
290000 -36955.99265446 6655.66352469 0.395229 5.6830 0.623797 0.180973 0.026111
290100 -36959.51723544 6688.03543400 0.397152 5.6830 0.623797 0.180973 0.021312
290200 -36969.51526903 6759.08361768 0.401371 5.6830 0.623797 0.180973 0.012695
290300 -36972.28479682 6669.01935968 0.396023 5.6830 0.623797 0.180973 0.019939
290400 -36963.02192043 6687.71969192 0.397133 5.6830 0.623797 0.180973 0.023019
290500 -37016.07994037 6743.91952694 0.400470 5.6789 0.632002 0.179170 -0.000919
290600 -36961.03072185 6722.97432815 0.399227 5.6789 0.632002 0.179170 0.018968
290700 -36995.04425682 6711.26844801 0.398531 5.6789 0.632002 0.179170 -0.008435
290800 -37048.59030138 6751.45090195 0.400918 5.6789 0.632002 0.179170 -0.007710
290900 -36983.43724315 6753.14310141 0.401018 5.6789 0.632002 0.179170 -0.010293
291000 -37010.26220922 6776.75865046 0.402420 5.6824 0.632266 0.181603 -0.017806
291100 -36978.06714050 6704.36050377 0.398121 5.6824 0.632266 0.181603 -0.004740
291200 -37008.84115067 6808.74798459 0.404320 5.6824 0.632266 0.181603 -0.011873
291300 -36959.70893065 6688.25871525 0.397165 5.6824 0.632266 0.181603 0.022207
291400 -36967.85330182 6679.35684161 0.396636 5.6824 0.632266 0.181603 -0.006973
291500 -36989.77568723 6745.92856101 0.400590 5.6741 0.633296 0.181043 0.002671
291600 -36978.73501998 6776.50342707 0.402405 5.6741 0.633296 0.181043 -0.011677
291700 -37006.44761127 6682.87081575 0.396845 5.6741 0.633296 0.181043 0.012383
291800 -37061.15429325 6709.67413602 0.398437 5.6741 0.633296 0.181043 -0.013800
291900 -37051.65243318 6650.31263569 0.394912 5.6741 0.633296 0.181043 0.008077
292000 -37047.48403172 6706.76892176 0.398264 5.6849 0.631838 0.179593 -0.003371
292100 -37026.96115521 6587.29207999 0.391169 5.6849 0.631838 0.179593 -0.005808
292200 -37047.88647776 6709.56330028 0.398430 5.6849 0.631838 0.179593 -0.006802
292300 -37011.40460620 6765.26794451 0.401738 5.6849 0.631838 0.179593 0.007826
292400 -37002.73310186 6764.24762685 0.401677 5.6849 0.631838 0.179593 -0.011951
292500 -37033.23838983 6809.86796758 0.404386 5.6765 0.629879 0.179745 -0.024886
292600 -36963.80410476 6784.19593928 0.402862 5.6765 0.629879 0.179745 0.041485
292700 -37016.14813879 6778.64110051 0.402532 5.6765 0.629879 0.179745 0.005819
292800 -37029.00414005 6790.95934007 0.403264 5.6765 0.629879 0.179745 -0.003654
292900 -36947.17791488 6807.24791826 0.404231 5.6765 0.629879 0.179745 0.011328
293000 -36959.53547325 6818.84668520 0.404920 5.6810 0.629298 0.181868 -0.002263
293100 -36914.70573138 6686.80664525 0.397079 5.6810 0.629298 0.181868 -0.000508
293200 -36955.91501846 6809.44800416 0.404362 5.6810 0.629298 0.181868 0.008937
293300 -36987.88798328 6796.62826719 0.403600 5.6810 0.629298 0.181868 -0.006030
293400 -37014.67756613 6712.21538899 0.398588 5.6810 0.629298 0.181868 -0.000175
293500 -37035.27970533 6760.20270526 0.401437 5.6781 0.635189 0.179412 -0.009251
293600 -37029.33558739 6737.15601839 0.400069 5.6781 0.635189 0.179412 0.019698
293700 -36969.80398666 6712.30744115 0.398593 5.6781 0.635189 0.179412 -0.011338
293800 -36977.57813761 6718.45519479 0.398958 5.6781 0.635189 0.179412 -0.001655
293900 -36996.81780500 6769.79365191 0.402007 5.6781 0.635189 0.179412 -0.011550
294000 -36980.36888737 6735.68615206 0.399981 5.6793 0.629638 0.182489 -0.024295
294100 -36929.39356353 6758.31540672 0.401325 5.6793 0.629638 0.182489 0.019510
294200 -36988.24399022 6690.01543151 0.397269 5.6793 0.629638 0.182489 -0.001131
294300 -37072.85164191 6681.39507758 0.396757 5.6793 0.629638 0.182489 -0.047712
294400 -36981.47333464 6653.10686791 0.395078 5.6793 0.629638 0.182489 0.017171
294500 -36958.89486990 6721.73641005 0.399153 5.6860 0.626614 0.180797 -0.006055
294600 -36917.56647214 6699.53620218 0.397835 5.6860 0.626614 0.180797 -0.002892
294700 -36885.35590093 6722.46482912 0.399196 5.6860 0.626614 0.180797 0.000661
294800 -36969.93182922 6799.86271311 0.403792 5.6860 0.626614 0.180797 0.005163
294900 -36929.59854082 6773.50044206 0.402227 5.6860 0.626614 0.180797 0.026515
295000 -36926.64367738 6844.56565648 0.406447 5.6907 0.629513 0.179905 0.011197
295100 -36908.59550547 6767.22990163 0.401855 5.6907 0.629513 0.179905 0.044090
295200 -36883.73597737 6744.90246617 0.400529 5.6907 0.629513 0.179905 0.029655
295300 -36979.56079632 6710.78691674 0.398503 5.6907 0.629513 0.179905 -0.009529
295400 -36997.37979480 6702.88215713 0.398033 5.6907 0.629513 0.179905 -0.011998
295500 -36962.55761833 6706.70481942 0.398260 5.6746 0.630291 0.181782 -0.008904
295600 -36963.93288482 6699.92863754 0.397858 5.6746 0.630291 0.181782 -0.001400
295700 -37000.42323187 6647.27276433 0.394731 5.6746 0.630291 0.181782 -0.018097
295800 -37013.78810870 6691.16462618 0.397338 5.6746 0.630291 0.181782 -0.015739
295900 -37079.02251651 6610.20772223 0.392530 5.6746 0.630291 0.181782 -0.043561
296000 -36979.13439301 6652.56915530 0.395046 5.6886 0.628648 0.179891 0.000649
296100 -37006.28053845 6733.66287173 0.399861 5.6886 0.628648 0.179891 -0.002338
296200 -36986.20997571 6655.25902956 0.395205 5.6886 0.628648 0.179891 -0.013867
296300 -36972.24582124 6647.68756646 0.394756 5.6886 0.628648 0.179891 0.014246
296400 -36954.67342439 6574.86934788 0.390432 5.6886 0.628648 0.179891 0.010794
296500 -37023.86026042 6649.86209742 0.394885 5.6735 0.635288 0.179940 -0.009640
296600 -37002.76294101 6627.12208215 0.393535 5.6735 0.635288 0.179940 -0.009561
296700 -36993.07552244 6737.14144666 0.400068 5.6735 0.635288 0.179940 -0.008798
296800 -36936.79638813 6738.64449706 0.400157 5.6735 0.635288 0.179940 0.028467
296900 -36976.42945221 6730.42701877 0.399669 5.6735 0.635288 0.179940 -0.003502
297000 -37004.93451730 6797.91828265 0.403677 5.6759 0.637477 0.179573 -0.001445
297100 -36978.48756643 6742.40700078 0.400380 5.6759 0.637477 0.179573 -0.013429
297200 -36987.91226086 6686.37068090 0.397053 5.6759 0.637477 0.179573 0.001105
297300 -37063.15728000 6766.43083951 0.401807 5.6759 0.637477 0.179573 -0.035213
297400 -36962.90804291 6656.17810121 0.395260 5.6759 0.637477 0.179573 0.004256
297500 -37010.04252206 6699.83308378 0.397852 5.6803 0.633823 0.180168 -0.008806
297600 -36989.63232616 6727.18678084 0.399477 5.6803 0.633823 0.180168 0.004963
297700 -36994.84648019 6700.12608750 0.397870 5.6803 0.633823 0.180168 -0.009770
297800 -37008.63414803 6655.86938234 0.395242 5.6803 0.633823 0.180168 -0.003447
297900 -36997.14633641 6708.05596538 0.398341 5.6803 0.633823 0.180168 0.016085
298000 -37016.02819650 6700.01493925 0.397863 5.6722 0.631101 0.181032 0.011872
298100 -36966.75349977 6735.02480403 0.399942 5.6722 0.631101 0.181032 0.015579
298200 -36948.69008323 6746.96373968 0.400651 5.6722 0.631101 0.181032 -0.012015
298300 -36973.61139482 6746.87235200 0.400646 5.6722 0.631101 0.181032 0.014226
298400 -36947.88770790 6662.54457592 0.395638 5.6722 0.631101 0.181032 0.029098
298500 -36934.00921948 6659.22061609 0.395441 5.6758 0.632540 0.181755 0.024373
298600 -36993.55802018 6639.14396754 0.394248 5.6758 0.632540 0.181755 -0.014110
298700 -36994.14963668 6616.93355046 0.392930 5.6758 0.632540 0.181755 -0.014187
298800 -37036.21704322 6727.83585515 0.399515 5.6758 0.632540 0.181755 -0.039197
298900 -36971.10861884 6706.42868209 0.398244 5.6758 0.632540 0.181755 -0.004784
299000 -37060.01907766 6763.35130126 0.401624 5.6809 0.633007 0.179811 -0.030616
299100 -36972.62454537 6617.87405332 0.392985 5.6809 0.633007 0.179811 0.009524
299200 -37079.80111053 6750.34684307 0.400852 5.6809 0.633007 0.179811 -0.027216
299300 -37033.24907403 6712.72372662 0.398618 5.6809 0.633007 0.179811 -0.011785
299400 -36953.81216769 6658.77180970 0.395414 5.6809 0.633007 0.179811 0.032043
299500 -37010.99198980 6710.91719514 0.398511 5.6681 0.636013 0.181820 0.017620
299600 -37073.91336939 6816.73051482 0.404794 5.6681 0.636013 0.181820 -0.000446
299700 -37015.17800644 6739.84932717 0.400229 5.6681 0.636013 0.181820 -0.007360
299800 -36970.87380756 6736.21554152 0.400013 5.6681 0.636013 0.181820 -0.003620
299900 -36972.85577411 6693.76560259 0.397492 5.6681 0.636013 0.181820 0.014977
300000 -37006.17945974 6628.20054581 0.393599 5.6774 0.634478 0.181560 0.021210
300100 -37118.76683584 6720.27148166 0.399066 5.6774 0.634478 0.181560 -0.014310
300200 -37092.45638276 6668.22451820 0.395975 5.6774 0.634478 0.181560 -0.030340
300300 -37142.47422238 6754.49860799 0.401098 5.6774 0.634478 0.181560 -0.015717
300400 -37138.12370456 6706.95317422 0.398275 5.6774 0.634478 0.181560 -0.003073
300500 -37144.87664125 6750.15597177 0.400841 5.6806 0.640253 0.178629 -0.016199
300600 -37086.07850585 6709.47778284 0.398425 5.6806 0.640253 0.178629 0.008919
300700 -37163.87559038 6714.85350387 0.398744 5.6806 0.640253 0.178629 -0.007749
300800 -37124.81761685 6689.16369280 0.397219 5.6806 0.640253 0.178629 -0.018757
300900 -37119.12106524 6649.22145010 0.394847 5.6806 0.640253 0.178629 -0.006034
301000 -37080.63240187 6747.94389126 0.400709 5.6840 0.629414 0.180579 0.015486
301100 -37054.84140403 6760.77117126 0.401471 5.6840 0.629414 0.180579 0.004194
301200 -37004.25533810 6692.41891513 0.397412 5.6840 0.629414 0.180579 0.005416
301300 -37028.27311271 6753.70137687 0.401051 5.6840 0.629414 0.180579 0.028183
301400 -37073.03662741 6815.63604221 0.404729 5.6840 0.629414 0.180579 0.011218
301500 -37071.28551783 6721.32682042 0.399129 5.6912 0.634892 0.179397 -0.024690
301600 -36979.37261798 6667.00217386 0.395903 5.6912 0.634892 0.179397 0.001257
301700 -36957.16701130 6772.26179129 0.402153 5.6912 0.634892 0.179397 0.019825
301800 -36983.50614853 6777.73376594 0.402478 5.6912 0.634892 0.179397 -0.001337
301900 -37052.06665369 6730.06910983 0.399648 5.6912 0.634892 0.179397 -0.004223
302000 -37014.70287517 6789.43354792 0.403173 5.6863 0.630132 0.178545 0.008278
302100 -36988.20780523 6747.49747034 0.400683 5.6863 0.630132 0.178545 0.010136
302200 -36992.88483011 6730.66351632 0.399683 5.6863 0.630132 0.178545 0.014062
302300 -36963.39869001 6708.23792121 0.398351 5.6863 0.630132 0.178545 -0.001022
302400 -36945.10322807 6785.82713043 0.402959 5.6863 0.630132 0.178545 0.017076
302500 -36915.31595399 6696.22256255 0.397638 5.6876 0.625024 0.182201 0.010758
302600 -36975.03280613 6727.26067122 0.399481 5.6876 0.625024 0.182201 -0.000630
302700 -36943.72870497 6789.43827846 0.403173 5.6876 0.625024 0.182201 0.003494
302800 -36952.66756374 6773.99499728 0.402256 5.6876 0.625024 0.182201 0.000337
302900 -36892.89691705 6750.21103941 0.400844 5.6876 0.625024 0.182201 0.026607
303000 -36944.04399069 6768.28577768 0.401917 5.6809 0.632209 0.179242 0.003138
303100 -36959.50063495 6655.21449221 0.395203 5.6809 0.632209 0.179242 -0.000575
303200 -37005.38214617 6768.18504896 0.401911 5.6809 0.632209 0.179242 -0.018771
303300 -36999.17701270 6623.13856363 0.393298 5.6809 0.632209 0.179242 -0.008117
303400 -36985.59951708 6589.83630346 0.391320 5.6809 0.632209 0.179242 -0.012239
303500 -36979.11575497 6678.24959106 0.396571 5.6768 0.633696 0.179906 -0.020432
303600 -36998.67974457 6647.56228724 0.394748 5.6768 0.633696 0.179906 -0.032211
303700 -36998.28079430 6730.95485825 0.399700 5.6768 0.633696 0.179906 0.004471
303800 -37034.44600114 6776.14060099 0.402384 5.6768 0.633696 0.179906 -0.020235
303900 -37029.39958580 6693.39417190 0.397470 5.6768 0.633696 0.179906 -0.010288
304000 -37077.01712212 6727.51206863 0.399496 5.6755 0.635412 0.179785 -0.013446
304100 -37079.52515403 6693.12837973 0.397454 5.6755 0.635412 0.179785 0.007864
304200 -37059.37016542 6712.31210033 0.398593 5.6755 0.635412 0.179785 0.011096
304300 -37065.01564726 6745.95182329 0.400591 5.6755 0.635412 0.179785 -0.003276
304400 -37057.55576338 6693.16264327 0.397456 5.6755 0.635412 0.179785 -0.001974
304500 -37023.46545283 6726.46168458 0.399434 5.6798 0.638461 0.178289 0.013317
304600 -37027.23768302 6752.04873498 0.400953 5.6798 0.638461 0.178289 -0.012699
304700 -36999.87154869 6761.46800191 0.401512 5.6798 0.638461 0.178289 0.029137
304800 -37117.05993546 6843.23063299 0.406368 5.6798 0.638461 0.178289 -0.011318
304900 -37004.77547617 6705.89102148 0.398212 5.6798 0.638461 0.178289 0.021446
305000 -37115.30078868 6775.77142628 0.402362 5.6849 0.633203 0.179221 -0.033655
305100 -37020.23948711 6781.07740592 0.402677 5.6849 0.633203 0.179221 0.035611
305200 -36998.12693505 6704.43030898 0.398125 5.6849 0.633203 0.179221 0.025804
305300 -37027.43893448 6787.31993884 0.403048 5.6849 0.633203 0.179221 0.014092
305400 -36953.81596545 6768.52297848 0.401931 5.6849 0.633203 0.179221 0.016278
305500 -36893.54842203 6753.43567777 0.401035 5.6841 0.633583 0.179045 0.031854
305600 -37079.20404395 6734.43629085 0.399907 5.6841 0.633583 0.179045 -0.044990
305700 -37009.70848422 6732.92414061 0.399817 5.6841 0.633583 0.179045 0.006044
305800 -36927.70346702 6698.45363364 0.397770 5.6841 0.633583 0.179045 0.015080
305900 -36949.19864560 6696.99718774 0.397684 5.6841 0.633583 0.179045 0.035538
306000 -36954.51364716 6745.79684550 0.400582 5.6751 0.631072 0.181167 0.029011
306100 -37018.97100098 6774.96049766 0.402314 5.6751 0.631072 0.181167 -0.020124
306200 -36918.20761956 6754.81008568 0.401117 5.6751 0.631072 0.181167 0.010164
306300 -36942.51759944 6719.57859057 0.399025 5.6751 0.631072 0.181167 -0.003956
306400 -36910.56276013 6733.93874560 0.399878 5.6751 0.631072 0.181167 -0.000240
306500 -36992.67912864 6805.17794387 0.404108 5.6849 0.634012 0.178964 -0.029538
306600 -36945.62796707 6796.20452741 0.403575 5.6849 0.634012 0.178964 0.018834
306700 -36950.66235571 6783.81750376 0.402840 5.6849 0.634012 0.178964 0.005206
306800 -36900.74223439 6765.83449601 0.401772 5.6849 0.634012 0.178964 0.017705
306900 -36922.74416815 6690.47602409 0.397297 5.6849 0.634012 0.178964 -0.015185
307000 -36835.01136653 6708.38222465 0.398360 5.6784 0.631168 0.181292 0.005035
307100 -36827.96301055 6719.14524967 0.398999 5.6784 0.631168 0.181292 0.010663
307200 -36850.09782667 6786.84435823 0.403019 5.6784 0.631168 0.181292 -0.005472
307300 -36869.14403418 6800.01866253 0.403802 5.6784 0.631168 0.181292 0.011146
307400 -36851.46497760 6702.37798146 0.398003 5.6784 0.631168 0.181292 0.002505
307500 -36891.17712059 6716.00781272 0.398813 5.6690 0.629776 0.180884 0.004719
307600 -36910.83216183 6712.93694920 0.398630 5.6690 0.629776 0.180884 -0.021705
307700 -36919.94803324 6698.52897430 0.397775 5.6690 0.629776 0.180884 -0.010706
307800 -36919.57527247 6651.21594428 0.394965 5.6690 0.629776 0.180884 -0.002196
307900 -36864.78524064 6777.27666017 0.402451 5.6690 0.629776 0.180884 0.021809
308000 -36888.40038013 6810.51154529 0.404425 5.6772 0.628188 0.181925 0.000984
308100 -36923.21388958 6736.51283768 0.400030 5.6772 0.628188 0.181925 -0.017046
308200 -36925.21177238 6687.36557988 0.397112 5.6772 0.628188 0.181925 -0.023524
308300 -36988.37184946 6705.50385510 0.398189 5.6772 0.628188 0.181925 -0.008910
308400 -36953.07271523 6708.92193719 0.398392 5.6772 0.628188 0.181925 -0.002057
308500 -36919.88844910 6736.91656233 0.400054 5.6768 0.634848 0.179900 0.018222
308600 -36953.98864801 6757.35208237 0.401268 5.6768 0.634848 0.179900 -0.014566
308700 -36951.46824277 6745.38121530 0.400557 5.6768 0.634848 0.179900 0.004559
308800 -36965.68071483 6680.53890096 0.396707 5.6768 0.634848 0.179900 0.007714
308900 -36908.49037153 6710.05228274 0.398459 5.6768 0.634848 0.179900 0.014893
309000 -36937.82591203 6767.14942155 0.401850 5.6790 0.628942 0.181228 -0.013458
309100 -36858.54399318 6767.43198598 0.401867 5.6790 0.628942 0.181228 0.033948
309200 -37014.35128763 6861.99286270 0.407482 5.6790 0.628942 0.181228 -0.009114
309300 -36892.81751297 6806.39229298 0.404180 5.6790 0.628942 0.181228 0.022810
309400 -36901.27370844 6712.26383771 0.398590 5.6790 0.628942 0.181228 0.016762
309500 -36957.06091861 6786.81686426 0.403018 5.6771 0.635850 0.180330 -0.000573
309600 -36915.15927971 6814.86004768 0.404683 5.6771 0.635850 0.180330 0.010565
309700 -36922.02988039 6792.33451369 0.403345 5.6771 0.635850 0.180330 0.024316
309800 -36923.30637912 6803.19021515 0.403990 5.6771 0.635850 0.180330 0.002257
309900 -36924.94110598 6683.08182485 0.396858 5.6771 0.635850 0.180330 0.008582
310000 -36946.16134340 6758.57953147 0.401341 5.6664 0.632481 0.181733 0.004125
310100 -36903.12448134 6738.01497151 0.400120 5.6664 0.632481 0.181733 -0.001640
310200 -36953.03381430 6678.68694614 0.396597 5.6664 0.632481 0.181733 -0.039257
310300 -36958.85907685 6670.55833599 0.396114 5.6664 0.632481 0.181733 -0.043164
310400 -36913.97279061 6746.24802520 0.400609 5.6664 0.632481 0.181733 -0.035915
310500 -36943.39793443 6722.33628903 0.399189 5.6735 0.630279 0.181182 -0.010455
310600 -36906.92519736 6683.82337097 0.396902 5.6735 0.630279 0.181182 -0.006495
310700 -36882.35457392 6759.30823025 0.401384 5.6735 0.630279 0.181182 0.015623
310800 -36928.89465376 6789.29767175 0.403165 5.6735 0.630279 0.181182 -0.006581
310900 -36921.72925036 6712.00866133 0.398575 5.6735 0.630279 0.181182 -0.009825
311000 -36976.11235061 6691.65228819 0.397367 5.6783 0.631286 0.180198 -0.019840
311100 -36934.29692779 6817.73974146 0.404854 5.6783 0.631286 0.180198 -0.026107
311200 -36922.34213170 6781.02846370 0.402674 5.6783 0.631286 0.180198 0.007027
311300 -36875.17081613 6723.28673804 0.399245 5.6783 0.631286 0.180198 -0.000406
311400 -36865.50724667 6691.06808277 0.397332 5.6783 0.631286 0.180198 0.006331
311500 -36892.82597061 6739.85807957 0.400229 5.6732 0.631221 0.181990 0.013680
311600 -36869.82705682 6696.98161608 0.397683 5.6732 0.631221 0.181990 -0.008669
311700 -36918.49408929 6727.15048793 0.399474 5.6732 0.631221 0.181990 -0.009334
311800 -36876.55465453 6756.87592316 0.401240 5.6732 0.631221 0.181990 0.012154
311900 -36918.32919507 6735.12588478 0.399948 5.6732 0.631221 0.181990 -0.012271
312000 -36927.32851147 6718.40003085 0.398955 5.6701 0.628741 0.182657 0.013406
312100 -36908.34527711 6752.30094720 0.400968 5.6701 0.628741 0.182657 0.029965
312200 -36878.26008400 6736.44753244 0.400027 5.6701 0.628741 0.182657 0.040518
312300 -36889.52986727 6813.62301414 0.404609 5.6701 0.628741 0.182657 0.022425
312400 -36824.37610058 6739.72822362 0.400221 5.6701 0.628741 0.182657 0.035236
312500 -36909.99883586 6785.30721152 0.402928 5.6796 0.625483 0.180140 0.002151
312600 -36852.94122412 6725.54677916 0.399379 5.6796 0.625483 0.180140 0.022980
312700 -36855.55478477 6731.87346862 0.399755 5.6796 0.625483 0.180140 0.015521
312800 -36928.77169404 6825.60122873 0.405321 5.6796 0.625483 0.180140 0.003600
312900 -36969.68613573 6729.26474073 0.399600 5.6796 0.625483 0.180140 -0.055675
313000 -36938.32737953 6754.87500587 0.401121 5.6850 0.632593 0.179327 -0.029847
313100 -36917.77366850 6683.08912810 0.396858 5.6850 0.632593 0.179327 -0.026977
313200 -36887.17876271 6747.08057542 0.400658 5.6850 0.632593 0.179327 0.016397
313300 -36909.79254516 6677.21685425 0.396509 5.6850 0.632593 0.179327 0.003538
313400 -37015.68565975 6768.97709093 0.401958 5.6850 0.632593 0.179327 -0.045977
313500 -36940.02058666 6755.46141209 0.401156 5.6849 0.634501 0.180199 0.007655
313600 -36984.22188070 6688.51990162 0.397181 5.6849 0.634501 0.180199 -0.003507
313700 -36985.66003314 6698.83794539 0.397793 5.6849 0.634501 0.180199 0.017488
313800 -37013.08822740 6777.93403855 0.402490 5.6849 0.634501 0.180199 -0.024658
313900 -37024.11210113 6757.99423272 0.401306 5.6849 0.634501 0.180199 -0.027599
314000 -36961.37407888 6687.52972609 0.397122 5.6816 0.631044 0.180758 0.019932
314100 -36989.23226811 6787.21403170 0.403041 5.6816 0.631044 0.180758 -0.004975
314200 -36953.05083863 6773.02019117 0.402198 5.6816 0.631044 0.180758 0.032848
314300 -37071.22022155 6730.15954104 0.399653 5.6816 0.631044 0.180758 -0.010979
314400 -37001.55662454 6733.10752486 0.399828 5.6816 0.631044 0.180758 0.001356
314500 -36961.46539718 6688.09102017 0.397155 5.6740 0.630613 0.182318 -0.011603
314600 -36896.66290931 6697.08460217 0.397689 5.6740 0.630613 0.182318 0.012591
314700 -36880.55333938 6698.98032180 0.397802 5.6740 0.630613 0.182318 0.005897
314800 -36892.35281247 6758.13305874 0.401314 5.6740 0.630613 0.182318 -0.016720
314900 -36883.88671542 6807.45495756 0.404243 5.6740 0.630613 0.182318 -0.006945
315000 -36879.68951704 6813.75233069 0.404617 5.6878 0.623043 0.181383 -0.002417
315100 -36853.18580240 6733.23304192 0.399836 5.6878 0.623043 0.181383 0.017829
315200 -36921.82609888 6774.48348434 0.402285 5.6878 0.623043 0.181383 -0.002071
315300 -36790.30481653 6741.16743434 0.400307 5.6878 0.623043 0.181383 0.033921
315400 -36888.86549596 6728.24903589 0.399540 5.6878 0.623043 0.181383 -0.009614
315500 -36920.16810855 6769.16349120 0.401969 5.6703 0.630999 0.181490 -0.032503
315600 -36888.13678421 6754.62414448 0.401106 5.6703 0.630999 0.181490 -0.026470
315700 -36850.76344842 6740.60233100 0.400273 5.6703 0.630999 0.181490 0.005049
315800 -36860.93105780 6760.39195930 0.401448 5.6703 0.630999 0.181490 0.002815
315900 -36827.48868362 6669.19151041 0.396033 5.6703 0.630999 0.181490 0.023563
316000 -36908.74726964 6729.92044799 0.399639 5.6909 0.627613 0.180771 -0.013929
316100 -36909.66705803 6775.57798181 0.402350 5.6909 0.627613 0.180771 -0.000143
316200 -36923.63612437 6759.95603886 0.401423 5.6909 0.627613 0.180771 0.012141
316300 -36944.42364563 6772.60501299 0.402174 5.6909 0.627613 0.180771 0.004440
316400 -36919.28782880 6702.24718844 0.397996 5.6909 0.627613 0.180771 0.000427
316500 -36908.42603505 6684.90924691 0.396966 5.6789 0.630036 0.179702 -0.008481
316600 -36813.04630841 6669.78334301 0.396068 5.6789 0.630036 0.179702 0.017107
316700 -36842.54573522 6747.36720345 0.400675 5.6789 0.630036 0.179702 0.003048
316800 -36828.49029251 6777.93193466 0.402490 5.6789 0.630036 0.179702 -0.002809
316900 -36863.46749537 6774.96292004 0.402314 5.6789 0.630036 0.179702 -0.021713
317000 -36886.82696144 6786.19760096 0.402981 5.6669 0.633165 0.182360 0.001422
317100 -36882.64909766 6666.25310796 0.395858 5.6669 0.633165 0.182360 -0.014835
317200 -36884.43127830 6711.45801227 0.398543 5.6669 0.633165 0.182360 -0.007119
317300 -36902.15187590 6782.54359194 0.402764 5.6669 0.633165 0.182360 0.027142
317400 -36832.44910163 6724.94869606 0.399344 5.6669 0.633165 0.182360 0.036194
317500 -36900.44331704 6767.94457410 0.401897 5.6759 0.627736 0.180857 -0.008155
317600 -36873.32961612 6870.90999174 0.408011 5.6759 0.627736 0.180857 0.017520
317700 -36839.44914470 6729.08503075 0.399589 5.6759 0.627736 0.180857 0.001512
317800 -36866.68427905 6682.83377764 0.396843 5.6759 0.627736 0.180857 0.011368
317900 -36910.35511736 6647.34147130 0.394735 5.6759 0.627736 0.180857 -0.006271
318000 -36914.86968119 6727.35372206 0.399487 5.6849 0.626296 0.179932 0.001382
318100 -37045.66778633 6801.27311075 0.403876 5.6849 0.626296 0.179932 -0.062673
318200 -37026.43060933 6715.49988479 0.398783 5.6849 0.626296 0.179932 -0.043136
318300 -36951.54013237 6699.33936186 0.397823 5.6849 0.626296 0.179932 0.011446
318400 -36969.60216802 6764.69627274 0.401704 5.6849 0.626296 0.179932 -0.017300
318500 -36979.31878728 6799.96453985 0.403798 5.6846 0.628490 0.180112 -0.006239
318600 -36944.76719907 6831.96188813 0.405698 5.6846 0.628490 0.180112 0.020281
318700 -36824.81155541 6770.45611426 0.402046 5.6846 0.628490 0.180112 0.059429
318800 -36891.95609442 6817.04454153 0.404813 5.6846 0.628490 0.180112 0.035675
318900 -36955.55532028 6801.14598686 0.403869 5.6846 0.628490 0.180112 -0.006956
319000 -36858.45512244 6709.90493988 0.398450 5.6747 0.632189 0.181909 0.023062
319100 -36915.75906157 6785.62666622 0.402947 5.6747 0.632189 0.181909 -0.004152
319200 -36895.10278559 6749.19048703 0.400783 5.6747 0.632189 0.181909 0.026832
319300 -36826.81273153 6712.94292868 0.398631 5.6747 0.632189 0.181909 0.026408
319400 -36841.64635082 6649.29225730 0.394851 5.6747 0.632189 0.181909 0.012070
319500 -36875.17698999 6715.46811721 0.398781 5.6688 0.627151 0.183795 0.016038
319600 -36924.41914175 6686.53810099 0.397063 5.6688 0.627151 0.183795 0.033487
319700 -36949.62056673 6711.98191064 0.398574 5.6688 0.627151 0.183795 -0.010551
319800 -36896.54402180 6668.30549193 0.395980 5.6688 0.627151 0.183795 -0.001678
319900 -36973.28019977 6758.19077262 0.401318 5.6688 0.627151 0.183795 -0.020591
320000 -36922.52597910 6792.09821216 0.403331 5.6787 0.634667 0.179680 0.013941
320100 -36941.11972776 6782.12254439 0.402739 5.6787 0.634667 0.179680 -0.007600
320200 -36899.71141871 6805.77996215 0.404144 5.6787 0.634667 0.179680 0.015732
320300 -36903.29092132 6844.35893940 0.406435 5.6787 0.634667 0.179680 0.011792
320400 -36867.11558265 6756.41296812 0.401212 5.6787 0.634667 0.179680 0.000248
320500 -36862.32370901 6795.01157325 0.403504 5.6847 0.627407 0.181636 -0.006122
320600 -36894.88294797 6757.33694597 0.401267 5.6847 0.627407 0.181636 -0.030267
320700 -36870.55060401 6741.34751899 0.400318 5.6847 0.627407 0.181636 -0.014050
320800 -36775.72747734 6664.70752050 0.395766 5.6847 0.627407 0.181636 0.024890
320900 -36896.80739086 6746.23137039 0.400608 5.6847 0.627407 0.181636 -0.022205
321000 -36840.34586919 6753.80282142 0.401057 5.6616 0.630655 0.183075 0.015901
321100 -36830.55356023 6748.44653785 0.400739 5.6616 0.630655 0.183075 0.018395
321200 -36836.66615577 6711.02823615 0.398517 5.6616 0.630655 0.183075 0.021079
321300 -36843.60173820 6786.55203910 0.403002 5.6616 0.630655 0.183075 0.016034
321400 -36734.36473674 6747.22515344 0.400667 5.6616 0.630655 0.183075 0.038312
321500 -36887.30889138 6830.10849489 0.405588 5.6663 0.631059 0.181934 -0.016229
321600 -36855.74153755 6675.51225466 0.396408 5.6663 0.631059 0.181934 0.019125
321700 -36944.98339367 6707.85606908 0.398329 5.6663 0.631059 0.181934 -0.003144
321800 -36919.20316025 6724.47567615 0.399316 5.6663 0.631059 0.181934 0.002352
321900 -36851.32713655 6783.99361550 0.402850 5.6663 0.631059 0.181934 0.036157
322000 -36902.19907097 6753.04719963 0.401012 5.6739 0.632191 0.181168 0.018491
322100 -36837.87863279 6658.00523895 0.395368 5.6739 0.632191 0.181168 0.042906
322200 -36876.74180852 6781.09285653 0.402678 5.6739 0.632191 0.181168 -0.001047
322300 -36860.74531746 6696.89480869 0.397678 5.6739 0.632191 0.181168 0.008704
322400 -36824.40690368 6700.33045238 0.397882 5.6739 0.632191 0.181168 0.014527
322500 -36908.91492883 6771.38765628 0.402101 5.6753 0.630331 0.180335 -0.018916
322600 -36845.74926416 6667.11200604 0.395909 5.6753 0.630331 0.180335 -0.011212
322700 -36861.83610495 6698.80306944 0.397791 5.6753 0.630331 0.180335 -0.002228
322800 -36847.38017185 6730.88498602 0.399696 5.6753 0.630331 0.180335 -0.000289
322900 -36928.08552926 6842.09332329 0.406300 5.6753 0.630331 0.180335 0.003698
323000 -36900.91332261 6787.06674804 0.403032 5.6714 0.629621 0.180472 0.024332
323100 -36853.43190919 6811.27236650 0.404470 5.6714 0.629621 0.180472 0.014895
323200 -36893.68842176 6807.19412220 0.404228 5.6714 0.629621 0.180472 0.003667
323300 -36810.94526439 6683.38467247 0.396876 5.6714 0.629621 0.180472 0.013034
323400 -36820.41958067 6738.11931286 0.400126 5.6714 0.629621 0.180472 0.008753
323500 -36852.48055502 6668.76424523 0.396007 5.6771 0.626748 0.181876 -0.006942
323600 -36835.01824581 6621.51942116 0.393202 5.6771 0.626748 0.181876 -0.008029
323700 -36875.04129620 6839.14623954 0.406125 5.6771 0.626748 0.181876 -0.026283
323800 -36833.30738598 6721.60595707 0.399145 5.6771 0.626748 0.181876 -0.005099
323900 -36853.18314353 6740.51346260 0.400268 5.6771 0.626748 0.181876 0.000242
324000 -36843.49275294 6675.01465564 0.396379 5.6708 0.629928 0.182296 0.006027
324100 -36866.76521637 6714.02125996 0.398695 5.6708 0.629928 0.182296 0.001585
324200 -36842.12095952 6716.67102865 0.398852 5.6708 0.629928 0.182296 0.004261
324300 -36898.60783639 6679.53792764 0.396647 5.6708 0.629928 0.182296 -0.021209
324400 -36910.34450315 6716.88638599 0.398865 5.6708 0.629928 0.182296 -0.006099
324500 -36912.49527624 6711.64311972 0.398554 5.6697 0.628785 0.181847 -0.017110
324600 -36926.23471737 6724.11761424 0.399294 5.6697 0.628785 0.181847 -0.016347
324700 -36946.29473869 6703.19322891 0.398052 5.6697 0.628785 0.181847 -0.029057
324800 -36836.42658553 6669.26294301 0.396037 5.6697 0.628785 0.181847 0.017632
324900 -36866.55257600 6731.70159930 0.399745 5.6697 0.628785 0.181847 -0.012517
325000 -36848.54569055 6766.55906753 0.401815 5.6733 0.626373 0.182279 0.005238
325100 -36848.21328302 6728.95482482 0.399582 5.6733 0.626373 0.182279 -0.007339
325200 -36884.41144653 6776.01020354 0.402376 5.6733 0.626373 0.182279 -0.019619
325300 -36827.60100175 6647.51040014 0.394745 5.6733 0.626373 0.182279 -0.002121
325400 -36861.11012691 6663.50389215 0.395695 5.6733 0.626373 0.182279 -0.002402
325500 -36860.26327532 6680.07197040 0.396679 5.6843 0.627478 0.180031 0.007566
325600 -36862.06103274 6691.32258162 0.397347 5.6843 0.627478 0.180031 -0.020309
325700 -36790.49166897 6701.94650329 0.397978 5.6843 0.627478 0.180031 0.028508
325800 -36832.76455624 6704.32623504 0.398119 5.6843 0.627478 0.180031 -0.000802
325900 -36875.27101332 6708.01075592 0.398338 5.6843 0.627478 0.180031 -0.024648
326000 -36839.67804280 6719.58736049 0.399025 5.6863 0.628358 0.181984 -0.029938
326100 -36893.66957438 6644.25895682 0.394552 5.6863 0.628358 0.181984 -0.030575
326200 -36815.57024744 6676.81693014 0.396486 5.6863 0.628358 0.181984 0.004984
326300 -36900.97023838 6804.27817689 0.404055 5.6863 0.628358 0.181984 -0.036447
326400 -36864.28076565 6844.10445761 0.406420 5.6863 0.628358 0.181984 0.009971
326500 -36835.45469159 6741.09313680 0.400302 5.6774 0.624766 0.182125 0.007002
326600 -36866.25508857 6732.33924587 0.399783 5.6774 0.624766 0.182125 -0.019977
326700 -36893.15205840 6723.70322390 0.399270 5.6774 0.624766 0.182125 -0.019206
326800 -36918.04456010 6721.09153985 0.399115 5.6774 0.624766 0.182125 -0.027979
326900 -36893.55850321 6663.60837430 0.395701 5.6774 0.624766 0.182125 -0.024435
327000 -36950.88808295 6730.49892464 0.399673 5.6882 0.629670 0.179724 -0.046581
327100 -36902.64730947 6700.59299548 0.397897 5.6882 0.629670 0.179724 -0.020570
327200 -36932.70705881 6799.36904873 0.403763 5.6882 0.629670 0.179724 -0.004908
327300 -36980.86369288 6794.35013303 0.403465 5.6882 0.629670 0.179724 -0.018544
327400 -36902.17296087 6670.85953623 0.396132 5.6882 0.629670 0.179724 0.000721
327500 -36970.39659599 6825.33846580 0.405305 5.6847 0.629167 0.181146 -0.029554
327600 -37012.09051610 6875.54461219 0.408286 5.6847 0.629167 0.181146 -0.014064
327700 -36963.41712289 6731.72097469 0.399746 5.6847 0.629167 0.181146 0.023457
327800 -36996.56931399 6854.80119805 0.407055 5.6847 0.629167 0.181146 0.003301
327900 -36977.22465011 6771.77324274 0.402124 5.6847 0.629167 0.181146 -0.005766
328000 -36983.56318566 6783.19884916 0.402803 5.6831 0.633453 0.180126 0.011207
328100 -36949.06559580 6731.26795640 0.399719 5.6831 0.633453 0.180126 0.030494
328200 -36987.60444126 6759.23282159 0.401380 5.6831 0.633453 0.180126 0.010704
328300 -36935.86501366 6713.19441269 0.398646 5.6831 0.633453 0.180126 0.009709
328400 -36908.40620296 6729.79789935 0.399632 5.6831 0.633453 0.180126 0.020740
328500 -36962.22813329 6762.59122188 0.401579 5.6868 0.627926 0.180573 -0.017265
328600 -36997.02579890 6821.95703037 0.405104 5.6868 0.627926 0.180573 -0.017250
328700 -37005.93022536 6749.00013891 0.400772 5.6868 0.627926 0.180573 -0.017265
328800 -37018.56269411 6749.86057811 0.400823 5.6868 0.627926 0.180573 -0.030781
328900 -37026.62153292 6801.71368493 0.403902 5.6868 0.627926 0.180573 0.013312
329000 -37114.57098205 6741.68734669 0.400338 5.6777 0.633669 0.180069 -0.018543
329100 -37008.85179988 6661.30819309 0.395565 5.6777 0.633669 0.180069 0.031322
329200 -37045.84798166 6710.74216306 0.398500 5.6777 0.633669 0.180069 -0.001599
329300 -37031.99159848 6700.08306435 0.397867 5.6777 0.633669 0.180069 -0.003075
329400 -37032.29305544 6733.09186264 0.399827 5.6777 0.633669 0.180069 0.012231
329500 -37062.30525228 6720.60408283 0.399086 5.6780 0.634461 0.181247 0.015222
329600 -37034.81989949 6726.62022406 0.399443 5.6780 0.634461 0.181247 0.016292
329700 -37045.54930601 6777.52424508 0.402466 5.6780 0.634461 0.181247 -0.008657
329800 -36989.73085885 6788.11976241 0.403095 5.6780 0.634461 0.181247 0.014078
329900 -37003.73392559 6697.62325594 0.397721 5.6780 0.634461 0.181247 0.015950
330000 -37043.83067994 6678.19151705 0.396567 5.6743 0.634656 0.180637 -0.008849
330100 -37084.25903422 6828.73052184 0.405507 5.6743 0.634656 0.180637 -0.004405
330200 -37017.43319067 6708.31996359 0.398356 5.6743 0.634656 0.180637 0.001560
330300 -36998.19219925 6694.13740725 0.397514 5.6743 0.634656 0.180637 0.005425
330400 -37042.13879408 6759.48047714 0.401394 5.6743 0.634656 0.180637 -0.015312
330500 -37005.41460447 6700.79104842 0.397909 5.6865 0.627426 0.180821 -0.013977
330600 -36997.36573343 6643.38230355 0.394500 5.6865 0.627426 0.180821 0.008197
330700 -37053.40484813 6680.79104661 0.396722 5.6865 0.627426 0.180821 -0.031888
330800 -37054.51512033 6802.43322457 0.403945 5.6865 0.627426 0.180821 -0.023662
330900 -36988.47895732 6761.64270974 0.401523 5.6865 0.627426 0.180821 0.012842
331000 -37023.97760582 6820.20160485 0.405000 5.6780 0.629386 0.182215 0.004209
331100 -36894.34512672 6785.74603140 0.402954 5.6780 0.629386 0.182215 0.060064
331200 -36892.89428169 6754.83544132 0.401118 5.6780 0.629386 0.182215 0.039725
331300 -36943.85551543 6768.67816978 0.401941 5.6780 0.629386 0.182215 -0.003370
331400 -36971.43293855 6735.28118940 0.399957 5.6780 0.629386 0.182215 -0.006377
331500 -36939.95203985 6616.20700038 0.392886 5.6976 0.625885 0.179756 -0.016805
331600 -36911.24164655 6705.11091676 0.398166 5.6976 0.625885 0.179756 0.037749
331700 -36980.37671648 6638.17690704 0.394191 5.6976 0.625885 0.179756 -0.006790
331800 -36978.18633672 6645.78078282 0.394643 5.6976 0.625885 0.179756 -0.018097
331900 -37028.10349567 6673.10991661 0.396265 5.6976 0.625885 0.179756 -0.013504
332000 -37032.03994440 6763.62389420 0.401640 5.6797 0.635326 0.180156 0.003873
332100 -36962.54982534 6655.79744689 0.395237 5.6797 0.635326 0.180156 0.015226
332200 -37027.06288680 6662.61239789 0.395642 5.6797 0.635326 0.180156 -0.026558
332300 -37017.32232739 6689.80863554 0.397257 5.6797 0.635326 0.180156 -0.011529
332400 -36935.95463851 6629.23820806 0.393660 5.6797 0.635326 0.180156 0.022648
332500 -37004.92610636 6755.36343151 0.401150 5.6754 0.631697 0.180803 -0.008906
332600 -36917.56069759 6753.86447734 0.401061 5.6754 0.631697 0.180803 0.003052
332700 -36900.80172831 6684.10996832 0.396919 5.6754 0.631697 0.180803 0.003281
332800 -36938.66747814 6753.80480532 0.401057 5.6754 0.631697 0.180803 -0.006601
332900 -36919.59123583 6767.87221772 0.401893 5.6754 0.631697 0.180803 0.004586
333000 -36945.23781599 6762.89323226 0.401597 5.6862 0.627938 0.180070 -0.003475
333100 -36974.99523883 6685.84886066 0.397022 5.6862 0.627938 0.180070 -0.029208
333200 -37014.14886173 6735.71980816 0.399983 5.6862 0.627938 0.180070 -0.027609
333300 -36981.47793261 6628.92361104 0.393642 5.6862 0.627938 0.180070 -0.011742
333400 -36976.86879316 6775.48866710 0.402345 5.6862 0.627938 0.180070 0.003624
333500 -36998.11475647 6758.82727492 0.401356 5.6798 0.631054 0.180384 -0.004642
333600 -36925.15960480 6628.12990192 0.393594 5.6798 0.631054 0.180384 0.016565
333700 -36938.13363486 6768.00272875 0.401900 5.6798 0.631054 0.180384 0.000767
333800 -36944.05186173 6781.46051062 0.402700 5.6798 0.631054 0.180384 -0.016445
333900 -36913.97719115 6801.92330912 0.403915 5.6798 0.631054 0.180384 -0.000441
334000 -36879.15009107 6760.10843127 0.401432 5.6815 0.631406 0.181560 0.015988
334100 -36925.51722129 6721.94047758 0.399165 5.6815 0.631406 0.181560 0.009259
334200 -36922.02572212 6645.25238492 0.394611 5.6815 0.631406 0.181560 0.008984
334300 -36961.56266821 6692.09184788 0.397393 5.6815 0.631406 0.181560 -0.023195
334400 -36951.03822481 6745.19823424 0.400546 5.6815 0.631406 0.181560 0.014000
334500 -36978.61563642 6714.37767555 0.398716 5.6761 0.637437 0.180838 -0.003111
334600 -36965.04338263 6737.23696841 0.400073 5.6761 0.637437 0.180838 0.018768
334700 -37016.47530178 6756.34552087 0.401208 5.6761 0.637437 0.180838 0.003081
334800 -36948.34592819 6732.20301996 0.399775 5.6761 0.637437 0.180838 0.036395
334900 -36975.40334332 6679.45275793 0.396642 5.6761 0.637437 0.180838 -0.018262
335000 -36959.03636575 6698.88255888 0.397796 5.6904 0.626978 0.180910 0.005503
335100 -36989.29741974 6660.08295934 0.395492 5.6904 0.626978 0.180910 -0.010298
335200 -37022.78281848 6693.39714441 0.397470 5.6904 0.626978 0.180910 0.015455
335300 -36999.89684389 6773.16494071 0.402207 5.6904 0.626978 0.180910 0.048397
335400 -36966.63750180 6725.64082975 0.399385 5.6904 0.626978 0.180910 0.024092
335500 -37008.25857628 6777.60267904 0.402470 5.6818 0.631754 0.180585 0.016517
335600 -36938.00034433 6785.62726043 0.402947 5.6818 0.631754 0.180585 0.017064
335700 -36982.21179133 6827.37792289 0.405426 5.6818 0.631754 0.180585 0.021922
335800 -36998.59056104 6803.65408377 0.404017 5.6818 0.631754 0.180585 0.005715
335900 -37036.13038586 6767.37093483 0.401863 5.6818 0.631754 0.180585 -0.011509
336000 -36930.82144639 6744.19783549 0.400487 5.6843 0.624217 0.181438 0.014839
336100 -36991.51069034 6788.98951490 0.403147 5.6843 0.624217 0.181438 -0.024931
336200 -36914.75249183 6727.99933524 0.399525 5.6843 0.624217 0.181438 -0.002815
336300 -36899.05189821 6743.48869398 0.400445 5.6843 0.624217 0.181438 0.013620
336400 -36898.79882942 6766.43137782 0.401807 5.6843 0.624217 0.181438 0.026905
336500 -36970.75817373 6775.33637615 0.402336 5.6866 0.629403 0.178929 -0.004343
336600 -36918.56797488 6752.16329381 0.400960 5.6866 0.629403 0.178929 -0.005631
336700 -36894.33588183 6746.08290134 0.400599 5.6866 0.629403 0.178929 0.003772
336800 -36913.80473377 6781.80128186 0.402720 5.6866 0.629403 0.178929 0.000921
336900 -36929.43734329 6750.20053323 0.400843 5.6866 0.629403 0.178929 -0.017115
337000 -36879.73690528 6801.87656879 0.403912 5.6696 0.629606 0.181530 0.023492
337100 -36833.89897982 6796.50986902 0.403593 5.6696 0.629606 0.181530 0.000747
337200 -36835.36897418 6758.63725899 0.401344 5.6696 0.629606 0.181530 0.020679
337300 -36882.60927036 6860.09617259 0.407369 5.6696 0.629606 0.181530 -0.022879
337400 -36834.20897679 6747.17253303 0.400663 5.6696 0.629606 0.181530 -0.000256
337500 -36872.66442399 6725.11884487 0.399354 5.6753 0.630200 0.182135 -0.013383
337600 -36925.70855133 6758.32722626 0.401326 5.6753 0.630200 0.182135 -0.008615
337700 -36926.61365909 6746.06367460 0.400598 5.6753 0.630200 0.182135 -0.006524
337800 -36824.85446228 6733.46338719 0.399849 5.6753 0.630200 0.182135 0.020019
337900 -36875.83801901 6718.83371516 0.398981 5.6753 0.630200 0.182135 0.007955
338000 -36899.93588083 6729.41785230 0.399609 5.6745 0.628451 0.180186 0.015656
338100 -36870.49114898 6787.08268553 0.403033 5.6745 0.628451 0.180186 0.020129
338200 -36859.09038025 6591.95323028 0.391446 5.6745 0.628451 0.180186 -0.002054
338300 -36861.61993262 6733.73663170 0.399866 5.6745 0.628451 0.180186 0.013635
338400 -36835.58152559 6744.38003440 0.400498 5.6745 0.628451 0.180186 0.021669
338500 -36934.50993013 6780.74140719 0.402657 5.6799 0.628680 0.180914 -0.016751
338600 -36945.21260970 6742.05416052 0.400360 5.6799 0.628680 0.180914 0.005494
338700 -36953.41258100 6684.67460820 0.396952 5.6799 0.628680 0.180914 -0.014193
338800 -36959.54980350 6693.26765770 0.397462 5.6799 0.628680 0.180914 0.008161
338900 -36986.29995828 6729.24936029 0.399599 5.6799 0.628680 0.180914 0.017720
339000 -37041.54655647 6713.73819261 0.398678 5.6746 0.633961 0.180515 -0.022517
339100 -37045.06037190 6706.59436044 0.398254 5.6746 0.633961 0.180515 -0.014267
339200 -37004.37774715 6655.33641705 0.395210 5.6746 0.633961 0.180515 -0.022387
339300 -37010.76610728 6620.39896228 0.393135 5.6746 0.633961 0.180515 -0.022483
339400 -37047.79650314 6690.32921135 0.397288 5.6746 0.633961 0.180515 -0.032566
339500 -37029.97741570 6663.06963437 0.395669 5.6893 0.628844 0.179515 -0.013912
339600 -37070.60011997 6680.84211392 0.396725 5.6893 0.628844 0.179515 -0.009633
339700 -37105.09800687 6666.52111188 0.395874 5.6893 0.628844 0.179515 -0.008856
339800 -37132.20895546 6718.84219172 0.398981 5.6893 0.628844 0.179515 -0.029709
339900 -37106.25023508 6691.49995371 0.397357 5.6893 0.628844 0.179515 0.023714
340000 -37022.09473064 6784.55894631 0.402884 5.6890 0.629691 0.179994 0.029783
340100 -36984.78739763 6763.41323107 0.401628 5.6890 0.629691 0.179994 0.038713
340200 -37172.88640091 6841.97415930 0.406293 5.6890 0.629691 0.179994 -0.011861
340300 -37036.09681068 6754.47695994 0.401097 5.6890 0.629691 0.179994 0.015883
340400 -37022.27025097 6715.04730619 0.398756 5.6890 0.629691 0.179994 0.008931
340500 -37007.25926705 6655.20505982 0.395202 5.6764 0.636426 0.180027 0.023242
340600 -37074.53760777 6777.17169536 0.402445 5.6764 0.636426 0.180027 0.011957
340700 -37034.24950437 6759.86291372 0.401417 5.6764 0.636426 0.180027 0.005534
340800 -37033.57489767 6715.45319925 0.398780 5.6764 0.636426 0.180027 -0.010296
340900 -37044.09798963 6744.77354866 0.400521 5.6764 0.636426 0.180027 -0.011320
341000 -36978.92742242 6654.93261612 0.395186 5.6789 0.629559 0.180401 0.011792
341100 -36972.64545687 6692.21347311 0.397400 5.6789 0.629559 0.180401 -0.001608
341200 -36936.36684349 6621.95552765 0.393228 5.6789 0.629559 0.180401 0.013420
341300 -37037.16945928 6774.56071028 0.402290 5.6789 0.629559 0.180401 -0.024455
341400 -37020.89347155 6825.67437961 0.405325 5.6789 0.629559 0.180401 -0.002128
341500 -36985.31631992 6727.00438117 0.399466 5.6867 0.633197 0.178866 0.012715
341600 -36902.02058753 6731.43722627 0.399729 5.6867 0.633197 0.178866 0.028678
341700 -37053.38544530 6761.10149746 0.401491 5.6867 0.633197 0.178866 -0.017105
341800 -37021.69454934 6795.61306776 0.403540 5.6867 0.633197 0.178866 0.004134
341900 -36968.16513357 6735.48694449 0.399970 5.6867 0.633197 0.178866 0.024948
342000 -37052.45937674 6818.11675193 0.404876 5.6815 0.632046 0.178255 0.008801
342100 -37016.03620979 6800.78192418 0.403847 5.6815 0.632046 0.178255 0.005447
342200 -36945.73844551 6751.15815130 0.400900 5.6815 0.632046 0.178255 0.018079
342300 -36992.85855048 6720.83900234 0.399100 5.6815 0.632046 0.178255 0.008959
342400 -36997.99703407 6761.19554082 0.401496 5.6815 0.632046 0.178255 0.013098
342500 -37019.37819674 6765.21409352 0.401735 5.6780 0.630550 0.180250 -0.016464
342600 -36994.10658359 6690.39988141 0.397292 5.6780 0.630550 0.180250 -0.023115
342700 -36997.87232252 6808.18927892 0.404287 5.6780 0.630550 0.180250 -0.001475
342800 -36972.58621685 6766.87034905 0.401833 5.6780 0.630550 0.180250 0.009381
342900 -36858.18341122 6773.19477847 0.402209 5.6780 0.630550 0.180250 0.028176
343000 -36917.05612016 6749.27571051 0.400788 5.6765 0.629062 0.180466 0.032462
343100 -36898.57678467 6712.58179856 0.398609 5.6765 0.629062 0.180466 0.000623
343200 -36928.93584626 6795.84022054 0.403553 5.6765 0.629062 0.180466 -0.033972
343300 -36821.51557452 6700.95811008 0.397919 5.6765 0.629062 0.180466 0.024462
343400 -36868.89984896 6666.29390329 0.395861 5.6765 0.629062 0.180466 -0.012965
343500 -36877.36645060 6682.78245027 0.396840 5.6804 0.624931 0.181610 -0.006018
343600 -36912.89112302 6709.67591989 0.398437 5.6804 0.624931 0.181610 -0.011112
343700 -36928.77336979 6790.44102882 0.403233 5.6804 0.624931 0.181610 0.013349
343800 -36919.76007936 6760.13455114 0.401433 5.6804 0.624931 0.181610 0.008918
343900 -36876.26695409 6827.38375358 0.405427 5.6804 0.624931 0.181610 0.017857
344000 -36841.16556686 6820.09936057 0.404994 5.6781 0.627870 0.181540 0.000810
344100 -36834.56761707 6838.39263535 0.406080 5.6781 0.627870 0.181540 0.036085
344200 -36851.23245942 6771.01884785 0.402080 5.6781 0.627870 0.181540 0.019139
344300 -36910.40860562 6715.06186903 0.398757 5.6781 0.627870 0.181540 -0.023942
344400 -36876.77407832 6713.27524062 0.398651 5.6781 0.627870 0.181540 0.004947
344500 -36887.91525004 6799.60381771 0.403777 5.6810 0.630546 0.180267 0.007351
344600 -36933.37951274 6750.37779056 0.400854 5.6810 0.630546 0.180267 -0.002587
344700 -36916.48003960 6702.36893663 0.398003 5.6810 0.630546 0.180267 -0.002299
344800 -36988.00049591 6752.14489800 0.400959 5.6810 0.630546 0.180267 -0.020322
344900 -36986.68071643 6725.84959461 0.399397 5.6810 0.630546 0.180267 -0.019093
345000 -36975.19956819 6701.25055710 0.397936 5.6815 0.632410 0.179549 -0.022509
345100 -36944.63719247 6714.29473947 0.398711 5.6815 0.632410 0.179549 -0.002384
345200 -36957.02643312 6731.17336808 0.399713 5.6815 0.632410 0.179549 -0.015426
345300 -36891.37722345 6725.07509040 0.399351 5.6815 0.632410 0.179549 0.023848
345400 -36884.34914606 6784.07731562 0.402855 5.6815 0.632410 0.179549 0.014042
345500 -36910.60006663 6742.63981372 0.400394 5.6795 0.627809 0.182615 -0.008519
345600 -36894.06305060 6713.25578499 0.398649 5.6795 0.627809 0.182615 -0.014455
345700 -36914.77673772 6646.09396806 0.394661 5.6795 0.627809 0.182615 -0.039993
345800 -36934.51865654 6728.69531067 0.399566 5.6795 0.627809 0.182615 -0.020272
345900 -36911.14403464 6702.48632593 0.398010 5.6795 0.627809 0.182615 0.006874
346000 -36911.92728226 6780.68145050 0.402653 5.6833 0.632263 0.179629 0.009136
346100 -36885.50197410 6680.97351246 0.396732 5.6833 0.632263 0.179629 0.031730
346200 -36910.81142795 6714.48097794 0.398722 5.6833 0.632263 0.179629 0.003388
346300 -36976.18313807 6772.71107051 0.402180 5.6833 0.632263 0.179629 -0.000448
346400 -36972.42481949 6701.98855585 0.397980 5.6833 0.632263 0.179629 -0.001903
346500 -37006.34548689 6703.41578863 0.398065 5.6781 0.630994 0.179739 -0.007207
346600 -37001.51868149 6686.49664103 0.397060 5.6781 0.630994 0.179739 -0.017734
346700 -37036.23479209 6700.97460092 0.397920 5.6781 0.630994 0.179739 -0.010433
346800 -36939.22094590 6713.88961001 0.398687 5.6781 0.630994 0.179739 0.039068
346900 -36964.28522660 6688.88054688 0.397202 5.6781 0.630994 0.179739 0.011849
347000 -36987.60427943 6612.14727971 0.392645 5.6753 0.635780 0.179378 -0.001535
347100 -37012.79796997 6685.00924855 0.396972 5.6753 0.635780 0.179378 -0.031943
347200 -37011.77225776 6732.91576772 0.399817 5.6753 0.635780 0.179378 -0.020600
347300 -36950.56434182 6777.61799772 0.402471 5.6753 0.635780 0.179378 -0.001794
347400 -36952.08525422 6783.24604835 0.402806 5.6753 0.635780 0.179378 0.035132
347500 -36934.54256028 6736.32124096 0.400019 5.6739 0.631915 0.180632 0.023321
347600 -36998.83639194 6672.69541961 0.396241 5.6739 0.631915 0.180632 -0.024379
347700 -36942.82637902 6658.02021442 0.395369 5.6739 0.631915 0.180632 0.003329
347800 -36888.99182775 6727.24221822 0.399480 5.6739 0.631915 0.180632 -0.000410
347900 -36864.89952262 6763.35364387 0.401624 5.6739 0.631915 0.180632 0.002981
348000 -36909.04623463 6761.39917970 0.401508 5.6708 0.631519 0.182525 -0.010294
348100 -36850.03329557 6784.99463008 0.402909 5.6708 0.631519 0.182525 -0.004379
348200 -36839.36127978 6720.74389748 0.399094 5.6708 0.631519 0.182525 0.003287
348300 -36855.94642614 6804.48908817 0.404067 5.6708 0.631519 0.182525 -0.003078
348400 -36872.95420063 6666.45730910 0.395870 5.6708 0.631519 0.182525 0.008045
348500 -36829.50416594 6671.55573006 0.396173 5.6948 0.621638 0.182056 0.018194
348600 -36813.01771528 6761.76716503 0.401530 5.6948 0.621638 0.182056 0.026546
348700 -36829.31439022 6791.97907873 0.403324 5.6948 0.621638 0.182056 0.022738
348800 -36807.77544914 6738.07948384 0.400123 5.6948 0.621638 0.182056 0.008602
348900 -36853.47918532 6724.40764966 0.399312 5.6948 0.621638 0.182056 0.016800
349000 -36883.21428764 6718.48681234 0.398960 5.6932 0.624744 0.180458 -0.003313
349100 -36921.97102252 6697.12135836 0.397691 5.6932 0.624744 0.180458 -0.003597
349200 -36910.81201469 6679.07198640 0.396619 5.6932 0.624744 0.180458 0.023882
349300 -36973.62195414 6710.82039275 0.398505 5.6932 0.624744 0.180458 -0.020144
349400 -36928.42882448 6716.12855753 0.398820 5.6932 0.624744 0.180458 -0.007547
349500 -36943.30431199 6713.19021924 0.398645 5.6819 0.630818 0.180441 -0.013683
349600 -36934.50319979 6746.23012592 0.400607 5.6819 0.630818 0.180441 0.024222
349700 -36974.05005614 6726.83178130 0.399456 5.6819 0.630818 0.180441 0.004280
349800 -36949.72909942 6663.74863415 0.395710 5.6819 0.630818 0.180441 0.025321
349900 -36970.35831517 6710.05455498 0.398459 5.6819 0.630818 0.180441 -0.015501
350000 -36925.57318085 6695.69830610 0.397607 5.6770 0.633861 0.179480 0.000626
350100 -37012.33633746 6772.45494836 0.402165 5.6770 0.633861 0.179480 -0.004171
350200 -36941.95653056 6741.68429517 0.400338 5.6770 0.633861 0.179480 0.021785
350300 -36989.07947895 6770.10033687 0.402025 5.6770 0.633861 0.179480 0.013134
350400 -37015.29695699 6725.70439320 0.399389 5.6770 0.633861 0.179480 0.014603
350500 -37000.28455200 6722.57635572 0.399203 5.6779 0.630834 0.179947 0.012625
350600 -36952.99369991 6616.98271395 0.392932 5.6779 0.630834 0.179947 0.009063
350700 -36932.56576888 6623.18975877 0.393301 5.6779 0.630834 0.179947 0.026585
350800 -36885.06754166 6706.53535025 0.398250 5.6779 0.630834 0.179947 0.031528
350900 -36959.93916092 6819.15766274 0.404938 5.6779 0.630834 0.179947 -0.001856
351000 -36931.14561684 6770.69002601 0.402060 5.6917 0.631032 0.179383 -0.002144
351100 -36894.60997043 6632.53389159 0.393856 5.6917 0.631032 0.179383 0.000900
351200 -37044.30952069 6781.62706801 0.402709 5.6917 0.631032 0.179383 -0.041755
351300 -36957.69020641 6746.52737448 0.400625 5.6917 0.631032 0.179383 0.009698
351400 -36946.20892535 6694.84097012 0.397556 5.6917 0.631032 0.179383 0.012564
351500 -36940.03511477 6705.51505528 0.398190 5.6818 0.634482 0.178646 0.020338
351600 -36923.78311528 6771.48138684 0.402107 5.6818 0.634482 0.178646 -0.003580
351700 -36901.38722160 6762.89786153 0.401597 5.6818 0.634482 0.178646 -0.011543
351800 -36918.71747483 6770.87904252 0.402071 5.6818 0.634482 0.178646 0.018189
351900 -36899.18531425 6687.40134561 0.397114 5.6818 0.634482 0.178646 0.003487
352000 -36903.39942610 6656.83921804 0.395299 5.6780 0.630461 0.179465 0.021923
352100 -36979.36967543 6725.15814534 0.399356 5.6780 0.630461 0.179465 -0.028744
352200 -36934.49592419 6720.74187737 0.399094 5.6780 0.630461 0.179465 -0.014308
352300 -36903.32172261 6727.70119678 0.399507 5.6780 0.630461 0.179465 0.013597
352400 -36917.78569916 6756.18953695 0.401199 5.6780 0.630461 0.179465 0.013897
352500 -36890.64126602 6810.98525657 0.404453 5.6757 0.632733 0.180883 0.002110
352600 -36852.62958317 6781.30991700 0.402691 5.6757 0.632733 0.180883 0.026134
352700 -36858.10950533 6721.02640725 0.399111 5.6757 0.632733 0.180883 -0.010228
352800 -36916.06819302 6753.88600039 0.401062 5.6757 0.632733 0.180883 -0.031884
352900 -36914.31623499 6715.41508464 0.398778 5.6757 0.632733 0.180883 -0.014101
353000 -36878.55176653 6778.81175827 0.402542 5.6792 0.631455 0.179875 0.008223
353100 -36899.49370677 6805.34278368 0.404118 5.6792 0.631455 0.179875 -0.008897
353200 -36859.68102988 6743.42516193 0.400441 5.6792 0.631455 0.179875 -0.004409
353300 -36829.52993316 6820.34425154 0.405009 5.6792 0.631455 0.179875 0.014929
353400 -36873.97816194 6820.36971482 0.405010 5.6792 0.631455 0.179875 -0.007467
353500 -36822.96612341 6757.15429413 0.401256 5.6830 0.630546 0.179384 0.010098
353600 -36773.79623374 6677.86160478 0.396548 5.6830 0.630546 0.179384 0.029755
353700 -36818.72486329 6763.35159922 0.401624 5.6830 0.630546 0.179384 0.009853
353800 -36822.32669417 6668.77817986 0.396008 5.6830 0.630546 0.179384 0.007577
353900 -36854.11129105 6687.85823371 0.397141 5.6830 0.630546 0.179384 -0.015776
354000 -36825.57463985 6635.03874496 0.394005 5.6951 0.622384 0.179327 0.012087
354100 -36769.67995186 6653.40689289 0.395095 5.6951 0.622384 0.179327 0.037207
354200 -36804.43973478 6707.96245232 0.398335 5.6951 0.622384 0.179327 0.014124
354300 -36877.87261416 6649.93724252 0.394889 5.6951 0.622384 0.179327 -0.008674
354400 -36878.71490555 6700.74320861 0.397906 5.6951 0.622384 0.179327 -0.005914
354500 -36922.96937756 6761.90253019 0.401538 5.6808 0.631140 0.182142 -0.030215
354600 -36768.64670023 6744.35264784 0.400496 5.6808 0.631140 0.182142 0.022645
354700 -36819.03383478 6723.38359160 0.399251 5.6808 0.631140 0.182142 0.007865
354800 -36815.19727730 6741.50035130 0.400327 5.6808 0.631140 0.182142 -0.003755
354900 -36798.74094274 6709.94370507 0.398453 5.6808 0.631140 0.182142 0.024142
355000 -36851.44701048 6680.21003737 0.396687 5.6857 0.627308 0.179260 -0.019745
355100 -36913.88364026 6779.31259269 0.402572 5.6857 0.627308 0.179260 -0.018002
355200 -36864.09111624 6796.83256431 0.403612 5.6857 0.627308 0.179260 -0.004117
355300 -36890.66439239 6698.39355940 0.397767 5.6857 0.627308 0.179260 -0.016799
355400 -36809.82046456 6734.19186350 0.399893 5.6857 0.627308 0.179260 0.032559
355500 -36830.40385492 6673.23687259 0.396273 5.6818 0.630204 0.180534 0.005006
355600 -36923.65807706 6743.13007464 0.400423 5.6818 0.630204 0.180534 -0.021886
355700 -36887.03605590 6760.80873065 0.401473 5.6818 0.630204 0.180534 0.002046
355800 -36898.93928152 6694.99020390 0.397565 5.6818 0.630204 0.180534 -0.006407
355900 -36836.41068294 6823.10586693 0.405173 5.6818 0.630204 0.180534 0.026688
356000 -36807.77346849 6782.27474749 0.402748 5.6900 0.624897 0.181168 -0.000304
356100 -36755.90600904 6749.55816540 0.400805 5.6900 0.624897 0.181168 0.021772
356200 -36803.64854481 6714.67336860 0.398734 5.6900 0.624897 0.181168 0.032225
356300 -36779.78659898 6743.66936915 0.400455 5.6900 0.624897 0.181168 0.037102
356400 -36820.92970788 6752.84435814 0.401000 5.6900 0.624897 0.181168 -0.002582
356500 -36804.98240295 6690.26064691 0.397284 5.6800 0.628470 0.181155 0.000278
356600 -36856.47246518 6703.50462062 0.398070 5.6800 0.628470 0.181155 -0.012484
356700 -36831.15859429 6608.19223349 0.392410 5.6800 0.628470 0.181155 -0.000971
356800 -36843.88583685 6756.10818723 0.401194 5.6800 0.628470 0.181155 0.011622
356900 -36834.98520986 6691.41338516 0.397352 5.6800 0.628470 0.181155 -0.000064
357000 -36820.20089492 6698.35522754 0.397765 5.6760 0.626488 0.182402 -0.005811
357100 -36825.66203116 6647.15635527 0.394724 5.6760 0.626488 0.182402 0.012139
357200 -36825.73799308 6687.66058476 0.397129 5.6760 0.626488 0.182402 0.032811
357300 -36787.25169131 6659.51689819 0.395458 5.6760 0.626488 0.182402 0.003143
357400 -36887.22159015 6732.51064515 0.399793 5.6760 0.626488 0.182402 -0.046411
357500 -36778.96882725 6690.03524438 0.397271 5.6710 0.626120 0.181248 0.043082
357600 -36821.74430131 6757.19360693 0.401259 5.6710 0.626120 0.181248 0.001035
357700 -36787.04308432 6804.30268574 0.404056 5.6710 0.626120 0.181248 0.012663
357800 -36843.57235836 6790.25793909 0.403222 5.6710 0.626120 0.181248 -0.007872
357900 -36812.56426627 6699.41235215 0.397827 5.6710 0.626120 0.181248 -0.004191
358000 -36783.25816401 6709.10576840 0.398403 5.6812 0.623907 0.181115 0.016638
358100 -36813.60942644 6749.39367548 0.400795 5.6812 0.623907 0.181115 -0.001015
358200 -36789.19406739 6757.00407676 0.401247 5.6812 0.623907 0.181115 -0.019468
358300 -36786.17169830 6658.75149707 0.395413 5.6812 0.623907 0.181115 0.004983
358400 -36763.13469332 6664.22988238 0.395738 5.6812 0.623907 0.181115 0.039274
358500 -36775.39922932 6751.44768826 0.400917 5.6732 0.623537 0.182542 0.020222
358600 -36827.51976505 6824.60363652 0.405261 5.6732 0.623537 0.182542 -0.009402
358700 -36864.14466706 6802.24107266 0.403934 5.6732 0.623537 0.182542 -0.012212
358800 -36820.84185272 6756.19768271 0.401199 5.6732 0.623537 0.182542 0.012044
358900 -36821.05638388 6706.11194621 0.398225 5.6732 0.623537 0.182542 -0.005443
359000 -36790.45417310 6703.09830115 0.398046 5.6862 0.625887 0.180741 0.023185
359100 -36812.77543491 6775.18857168 0.402327 5.6862 0.625887 0.180741 0.010855
359200 -36898.26072909 6754.95614209 0.401126 5.6862 0.625887 0.180741 -0.017186
359300 -36861.34044609 6761.72999837 0.401528 5.6862 0.625887 0.180741 0.008748
359400 -36868.16540247 6761.13378272 0.401493 5.6862 0.625887 0.180741 -0.000787
359500 -36884.52718907 6700.11864863 0.397869 5.6838 0.626462 0.181610 -0.014178
359600 -36838.47352588 6713.00433129 0.398634 5.6838 0.626462 0.181610 -0.002490
359700 -36853.71029553 6714.89513077 0.398747 5.6838 0.626462 0.181610 0.019346
359800 -36864.16051938 6723.83247049 0.399277 5.6838 0.626462 0.181610 0.005475
359900 -36845.35220813 6738.70077818 0.400160 5.6838 0.626462 0.181610 -0.006869
360000 -36738.33441051 6665.69740027 0.395825 5.6742 0.626576 0.182461 0.011569
360100 -36762.38307538 6658.45350468 0.395395 5.6742 0.626576 0.182461 0.006041
360200 -36799.43544955 6658.25898787 0.395384 5.6742 0.626576 0.182461 -0.014674
360300 -36732.33780905 6662.27172253 0.395622 5.6742 0.626576 0.182461 0.009383
360400 -36752.28014034 6697.19848550 0.397696 5.6742 0.626576 0.182461 0.000303
360500 -36810.43191507 6640.79857778 0.394347 5.6790 0.624751 0.181073 -0.033324
360600 -36792.33442564 6618.82470215 0.393042 5.6790 0.624751 0.181073 -0.025118
360700 -36910.03592181 6778.61300691 0.402530 5.6790 0.624751 0.181073 -0.039860
360800 -36840.96834184 6725.86090828 0.399398 5.6790 0.624751 0.181073 -0.013084
360900 -36798.60096833 6762.31998274 0.401563 5.6790 0.624751 0.181073 0.011725
361000 -36747.48102705 6855.61601719 0.407103 5.6766 0.627266 0.182998 0.013163
361100 -36795.99325964 6878.67184086 0.408472 5.6766 0.627266 0.182998 -0.032176
361200 -36679.14846511 6823.15541180 0.405175 5.6766 0.627266 0.182998 0.017926
361300 -36801.93859443 6917.64208726 0.410786 5.6766 0.627266 0.182998 -0.002215
361400 -36690.58654761 6729.08174390 0.399589 5.6766 0.627266 0.182998 0.018910
361500 -36837.94791704 6908.44108471 0.410240 5.6690 0.628923 0.181660 -0.007980
361600 -36791.25499382 6798.31663816 0.403701 5.6690 0.628923 0.181660 0.023316
361700 -36834.37500965 6744.72180560 0.400518 5.6690 0.628923 0.181660 0.000549
361800 -36822.34382608 6746.49298957 0.400623 5.6690 0.628923 0.181660 0.013962
361900 -36818.45278753 6614.04420514 0.392758 5.6690 0.628923 0.181660 -0.033321
362000 -36896.80360855 6637.86366336 0.394172 5.6685 0.631054 0.182106 -0.047131
362100 -36929.80948727 6731.16026434 0.399713 5.6685 0.631054 0.182106 -0.044856
362200 -36876.27401689 6772.02294842 0.402139 5.6685 0.631054 0.182106 -0.006657
362300 -36807.90630536 6750.51598456 0.400862 5.6685 0.631054 0.182106 0.026731
362400 -36832.91534202 6812.59264458 0.404548 5.6685 0.631054 0.182106 -0.012262
362500 -36796.58401035 6789.87445597 0.403199 5.6711 0.628961 0.182290 0.028469
362600 -36779.88902313 6715.01490817 0.398754 5.6711 0.628961 0.182290 0.023137
362700 -36886.51007647 6802.85177492 0.403970 5.6711 0.628961 0.182290 -0.017748
362800 -36852.24399030 6761.65853845 0.401524 5.6711 0.628961 0.182290 -0.034193
362900 -36770.53474558 6773.86347966 0.402248 5.6711 0.628961 0.182290 -0.006861
363000 -36824.95717617 6789.06224598 0.403151 5.6771 0.629540 0.181942 -0.001607
363100 -36833.30378180 6696.98872034 0.397683 5.6771 0.629540 0.181942 -0.007780
363200 -36839.55318070 6666.37800280 0.395866 5.6771 0.629540 0.181942 -0.000631
363300 -36920.79785665 6746.59700895 0.400629 5.6771 0.629540 0.181942 -0.055200
363400 -36845.69532971 6669.33799087 0.396041 5.6771 0.629540 0.181942 0.001545
363500 -36857.68063958 6716.54978061 0.398845 5.6743 0.628348 0.180887 0.000903
363600 -36813.58228257 6768.15018303 0.401909 5.6743 0.628348 0.180887 0.005355
363700 -36756.38134837 6746.68077567 0.400634 5.6743 0.628348 0.180887 -0.018012
363800 -36807.10425570 6732.77232723 0.399808 5.6743 0.628348 0.180887 -0.005999
363900 -36797.20718009 6768.06834529 0.401904 5.6743 0.628348 0.180887 0.032000
364000 -36785.41882018 6719.10153867 0.398997 5.6688 0.625133 0.182785 0.012241
364100 -36881.33314781 6819.02011926 0.404930 5.6688 0.625133 0.182785 -0.022288
364200 -36869.26318838 6754.08688601 0.401074 5.6688 0.625133 0.182785 -0.013209
364300 -36876.71446785 6699.71856664 0.397846 5.6688 0.625133 0.182785 -0.025689
364400 -36845.38252060 6812.28020532 0.404530 5.6688 0.625133 0.182785 0.022605
364500 -36870.89294141 6824.33930715 0.405246 5.6789 0.628371 0.179282 -0.010133
364600 -36856.78695775 6745.49079491 0.400564 5.6789 0.628371 0.179282 -0.006557
364700 -36803.10580391 6743.42349981 0.400441 5.6789 0.628371 0.179282 0.004381
364800 -36857.82792540 6785.49458363 0.402939 5.6789 0.628371 0.179282 0.010573
364900 -36911.90401698 6821.83704075 0.405097 5.6789 0.628371 0.179282 -0.011455
365000 -36801.59873515 6756.94116666 0.401244 5.6833 0.626588 0.180086 0.007542
365100 -36871.48809968 6688.19322208 0.397161 5.6833 0.626588 0.180086 -0.016934
365200 -36874.56838737 6636.43031405 0.394087 5.6833 0.626588 0.180086 -0.008269
365300 -36948.35959520 6630.79846497 0.393753 5.6833 0.626588 0.180086 -0.044310
365400 -36984.40089488 6772.38581740 0.402161 5.6833 0.626588 0.180086 -0.034360
365500 -36902.38326635 6736.52444414 0.400031 5.6796 0.630835 0.180513 0.002295
365600 -36947.36293742 6806.68491490 0.404197 5.6796 0.630835 0.180513 -0.014638
365700 -36892.51752365 6773.14546679 0.402206 5.6796 0.630835 0.180513 -0.005207
365800 -36930.69370928 6734.86114546 0.399932 5.6796 0.630835 0.180513 -0.006570
365900 -36901.37280061 6733.39657352 0.399845 5.6796 0.630835 0.180513 0.015521
366000 -36920.63373868 6696.67272314 0.397665 5.6726 0.632213 0.180007 0.014679
366100 -36939.87985421 6630.68499062 0.393746 5.6726 0.632213 0.180007 -0.000597
366200 -36937.43552437 6731.54542079 0.399735 5.6726 0.632213 0.180007 0.002974
366300 -36888.63721564 6726.74237126 0.399450 5.6726 0.632213 0.180007 0.002067
366400 -36866.50105610 6702.40743964 0.398005 5.6726 0.632213 0.180007 0.008489
366500 -36897.94191501 6767.05154588 0.401844 5.6748 0.629413 0.181369 -0.005898
366600 -36885.90545018 6828.03175288 0.405465 5.6748 0.629413 0.181369 0.001482
366700 -36879.31728746 6810.70322587 0.404436 5.6748 0.629413 0.181369 -0.002087
366800 -36844.69237942 6778.71184562 0.402536 5.6748 0.629413 0.181369 0.005535
366900 -36863.75538804 6643.05812942 0.394481 5.6748 0.629413 0.181369 0.001419
367000 -36893.34009537 6718.52319687 0.398962 5.6778 0.626288 0.181470 -0.018111
367100 -36905.69444358 6681.84758063 0.396784 5.6778 0.626288 0.181470 0.005951
367200 -36885.75697180 6756.62057962 0.401224 5.6778 0.626288 0.181470 0.004005
367300 -36869.44944296 6717.59011086 0.398907 5.6778 0.626288 0.181470 0.023283
367400 -36892.41271776 6668.33698027 0.395982 5.6778 0.626288 0.181470 0.005728
367500 -36941.47752269 6664.96094610 0.395782 5.6833 0.632839 0.179949 -0.018584
367600 -36860.04534135 6696.05171980 0.397628 5.6833 0.632839 0.179949 0.030821
367700 -36849.53531785 6765.99238300 0.401781 5.6833 0.632839 0.179949 0.023472
367800 -36862.01550451 6772.52499372 0.402169 5.6833 0.632839 0.179949 -0.000011
367900 -36865.14195615 6809.62082916 0.404372 5.6833 0.632839 0.179949 -0.004101
368000 -36849.17587831 6787.56994599 0.403062 5.6707 0.634062 0.180344 0.011936
368100 -36857.96155889 6787.54078605 0.403061 5.6707 0.634062 0.180344 -0.010881
368200 -36840.74031425 6790.84120957 0.403257 5.6707 0.634062 0.180344 -0.000251
368300 -36870.11120408 6831.46674020 0.405669 5.6707 0.634062 0.180344 -0.013520
368400 -36841.04898569 6692.34486877 0.397408 5.6707 0.634062 0.180344 -0.030935
368500 -36792.94243893 6669.04158974 0.396024 5.6704 0.626930 0.183800 -0.002093
368600 -36829.65285132 6683.62677519 0.396890 5.6704 0.626930 0.183800 -0.013039
368700 -36960.33108446 6780.92095405 0.402668 5.6704 0.626930 0.183800 -0.034060
368800 -36935.00473318 6753.18987224 0.401021 5.6704 0.626930 0.183800 -0.015065
368900 -36931.20630095 6770.37050486 0.402041 5.6704 0.626930 0.183800 -0.011947
369000 -36919.59931935 6726.90747688 0.399460 5.6743 0.634521 0.180770 -0.015646
369100 -36978.56431959 6763.32696211 0.401623 5.6743 0.634521 0.180770 -0.044915
369200 -36842.97601249 6733.20077311 0.399834 5.6743 0.634521 0.180770 0.033969
369300 -36873.44450688 6768.26474442 0.401916 5.6743 0.634521 0.180770 0.025356
369400 -37013.15065839 6751.07463960 0.400895 5.6743 0.634521 0.180770 -0.026163
369500 -36986.10466559 6712.24023695 0.398589 5.6708 0.630228 0.181850 -0.017441
369600 -37001.54465770 6721.52832169 0.399141 5.6708 0.630228 0.181850 -0.019767
369700 -36971.05144390 6714.61433846 0.398730 5.6708 0.630228 0.181850 0.010028
369800 -36976.65761547 6714.85975707 0.398745 5.6708 0.630228 0.181850 0.016893
369900 -36921.30220175 6640.27093315 0.394315 5.6708 0.630228 0.181850 -0.003678
370000 -36940.02716331 6681.62576806 0.396771 5.6836 0.630733 0.178704 -0.012389
370100 -36991.58233987 6747.37454807 0.400675 5.6836 0.630733 0.178704 0.000770
370200 -37025.66786049 6829.85725189 0.405573 5.6836 0.630733 0.178704 -0.001872
370300 -36963.20793580 6688.99498448 0.397209 5.6836 0.630733 0.178704 0.001179
370400 -36943.94580350 6689.94128479 0.397265 5.6836 0.630733 0.178704 0.010914
370500 -36975.43355325 6712.17875299 0.398585 5.6793 0.633150 0.179437 0.012174
370600 -37040.47894008 6779.33843982 0.402574 5.6793 0.633150 0.179437 -0.023218
370700 -36980.57035452 6673.63619205 0.396297 5.6793 0.633150 0.179437 -0.012486
370800 -36957.51809129 6779.05833296 0.402557 5.6793 0.633150 0.179437 0.009009
370900 -36895.29830452 6724.09930439 0.399293 5.6793 0.633150 0.179437 0.033614
371000 -36933.96577570 6799.46390865 0.403769 5.6835 0.635644 0.180505 -0.003245
371100 -36868.33936872 6725.67668051 0.399387 5.6835 0.635644 0.180505 0.033029
371200 -36841.34726603 6747.88236204 0.400706 5.6835 0.635644 0.180505 0.033101
371300 -36858.52394589 6738.03461350 0.400121 5.6835 0.635644 0.180505 0.003860
371400 -36864.48108668 6677.55857099 0.396530 5.6835 0.635644 0.180505 -0.000025
371500 -36853.28441788 6628.81715262 0.393635 5.6720 0.624714 0.182605 0.013720
371600 -36980.37906043 6812.90445411 0.404567 5.6720 0.624714 0.182605 0.006831
371700 -36871.32866108 6725.26842823 0.399363 5.6720 0.624714 0.182605 0.011735
371800 -36879.83230227 6717.32456807 0.398891 5.6720 0.624714 0.182605 0.013906
371900 -36900.35868669 6729.96777952 0.399642 5.6720 0.624714 0.182605 -0.004384
372000 -36825.86489022 6672.56543124 0.396233 5.6778 0.628860 0.181700 0.005648
372100 -36848.93029841 6663.11417646 0.395672 5.6778 0.628860 0.181700 0.011111
372200 -36910.83274378 6695.16412426 0.397575 5.6778 0.628860 0.181700 -0.010381
372300 -36892.78997595 6753.85838871 0.401060 5.6778 0.628860 0.181700 -0.011314
372400 -36868.53739726 6685.20034952 0.396983 5.6778 0.628860 0.181700 -0.003297
372500 -36867.76705474 6773.42374447 0.402222 5.6748 0.624166 0.183235 -0.008042
372600 -36833.91273167 6737.67651509 0.400100 5.6748 0.624166 0.183235 0.003510
372700 -36835.90403351 6679.87153482 0.396667 5.6748 0.624166 0.183235 0.017957
372800 -36899.50244214 6736.72243771 0.400043 5.6748 0.624166 0.183235 -0.014379
372900 -36843.46365634 6749.07547073 0.400776 5.6748 0.624166 0.183235 -0.015760
373000 -36792.36936530 6719.62136276 0.399027 5.6904 0.623965 0.179765 0.012049
373100 -36815.39441902 6721.16193457 0.399119 5.6904 0.623965 0.179765 -0.001693
373200 -36834.80626364 6687.81945898 0.397139 5.6904 0.623965 0.179765 -0.024497
373300 -36841.31354842 6660.05112896 0.395490 5.6904 0.623965 0.179765 -0.026891
373400 -36895.23388100 6694.14259377 0.397514 5.6904 0.623965 0.179765 -0.030227
373500 -36976.08013665 6754.83619484 0.401119 5.6809 0.631009 0.179583 -0.047133
373600 -36882.67208830 6678.39073746 0.396579 5.6809 0.631009 0.179583 -0.014834
373700 -36902.85800288 6785.11840610 0.402917 5.6809 0.631009 0.179583 -0.015350
373800 -36829.98246948 6736.38058562 0.400023 5.6809 0.631009 0.179583 0.022849
373900 -36836.65609701 6769.45464896 0.401987 5.6809 0.631009 0.179583 0.016481
374000 -36868.81727871 6756.67639397 0.401228 5.6704 0.629430 0.181593 -0.004433
374100 -36869.91333477 6698.46991037 0.397771 5.6704 0.629430 0.181593 -0.005320
374200 -36824.61786395 6747.16260244 0.400663 5.6704 0.629430 0.181593 -0.000838
374300 -36762.66303557 6796.36050222 0.403584 5.6704 0.629430 0.181593 0.010455
374400 -36762.98575693 6674.35452560 0.396339 5.6704 0.629430 0.181593 0.008634
374500 -36757.02062755 6701.77627499 0.397968 5.6893 0.620229 0.181310 0.020119
374600 -36814.39164421 6746.37993999 0.400616 5.6893 0.620229 0.181310 -0.016898
374700 -36684.41111148 6653.94534319 0.395127 5.6893 0.620229 0.181310 0.030560
374800 -36756.12434538 6731.21607194 0.399716 5.6893 0.620229 0.181310 -0.003109
374900 -36839.79208857 6750.35657689 0.400853 5.6893 0.620229 0.181310 -0.020293
375000 -36787.83027028 6701.26487734 0.397937 5.6754 0.623946 0.182474 0.012009
375100 -36824.11086541 6734.67503554 0.399921 5.6754 0.623946 0.182474 -0.012760
375200 -36737.67670472 6630.01467512 0.393706 5.6754 0.623946 0.182474 0.012369
375300 -36784.71646329 6699.19590998 0.397814 5.6754 0.623946 0.182474 0.012208
375400 -36810.45677546 6760.06430485 0.401429 5.6754 0.623946 0.182474 0.008008
375500 -36869.22063368 6727.00878878 0.399466 5.6700 0.629854 0.181501 -0.009786
375600 -36876.93952631 6760.68257966 0.401466 5.6700 0.629854 0.181501 -0.005197
375700 -36899.76590175 6727.51355072 0.399496 5.6700 0.629854 0.181501 -0.010115
375800 -36908.24020062 6769.53104698 0.401991 5.6700 0.629854 0.181501 -0.008957
375900 -36887.03005129 6709.86978989 0.398448 5.6700 0.629854 0.181501 -0.009077
376000 -36900.37466999 6760.18192649 0.401436 5.6993 0.627839 0.178585 -0.032262
376100 -36850.99652535 6684.83685488 0.396962 5.6993 0.627839 0.178585 0.008580
376200 -36873.47503229 6702.27210229 0.397997 5.6993 0.627839 0.178585 -0.000307
376300 -36907.95512047 6652.57349842 0.395046 5.6993 0.627839 0.178585 -0.005888
376400 -36938.59611022 6632.91491143 0.393879 5.6993 0.627839 0.178585 -0.016543
376500 -36910.58148689 6664.33142322 0.395744 5.6835 0.628600 0.180709 0.010027
376600 -36901.27734309 6629.06566767 0.393650 5.6835 0.628600 0.180709 0.009980
376700 -36959.93518966 6633.03165436 0.393885 5.6835 0.628600 0.180709 -0.002126
376800 -36968.96809402 6726.49677425 0.399436 5.6835 0.628600 0.180709 0.008260
376900 -36976.08083211 6798.56529747 0.403715 5.6835 0.628600 0.180709 -0.000961
377000 -36915.26419460 6725.65243407 0.399386 5.6761 0.627266 0.181411 0.020016
377100 -36995.35231586 6655.19930630 0.395202 5.6761 0.627266 0.181411 -0.009079
377200 -36892.70392432 6689.56027080 0.397242 5.6761 0.627266 0.181411 0.008034
377300 -36845.36667570 6707.33982236 0.398298 5.6761 0.627266 0.181411 0.039787
377400 -36910.41408751 6748.70051951 0.400754 5.6761 0.627266 0.181411 0.018304
377500 -36909.60978287 6785.92859182 0.402965 5.6805 0.629012 0.179312 -0.000061
377600 -36892.18722456 6743.78893104 0.400463 5.6805 0.629012 0.179312 -0.000788
377700 -36984.03425091 6669.95268575 0.396078 5.6805 0.629012 0.179312 -0.034007
377800 -36892.13499933 6670.31545881 0.396099 5.6805 0.629012 0.179312 0.011101
377900 -36883.25651120 6663.94638152 0.395721 5.6805 0.629012 0.179312 0.001712
378000 -36885.46524609 6742.09904845 0.400362 5.6761 0.632035 0.181841 -0.009361
378100 -36823.88483438 6745.61613434 0.400571 5.6761 0.632035 0.181841 0.023818
378200 -36931.30493650 6724.86589423 0.399339 5.6761 0.632035 0.181841 -0.030653
378300 -36898.46079924 6674.54329294 0.396351 5.6761 0.632035 0.181841 -0.012222
378400 -36894.78518862 6715.84403408 0.398803 5.6761 0.632035 0.181841 -0.000027
378500 -36937.62453476 6684.11066997 0.396919 5.6912 0.627126 0.180334 0.008791
378600 -36968.13814324 6676.35372745 0.396458 5.6912 0.627126 0.180334 -0.002423
378700 -36983.53811862 6743.09128005 0.400421 5.6912 0.627126 0.180334 -0.008802
378800 -36946.84472105 6769.62233676 0.401997 5.6912 0.627126 0.180334 -0.009313
378900 -36935.64064601 6702.36780636 0.398003 5.6912 0.627126 0.180334 -0.016673
379000 -36848.29749706 6763.20480337 0.401615 5.6783 0.632983 0.181595 0.024754
379100 -36912.77076935 6700.98996196 0.397921 5.6783 0.632983 0.181595 -0.020269
379200 -36925.07059462 6722.70752114 0.399211 5.6783 0.632983 0.181595 -0.008725
379300 -36965.43471926 6722.43178676 0.399194 5.6783 0.632983 0.181595 0.004346
379400 -36964.48485524 6706.21756530 0.398231 5.6783 0.632983 0.181595 -0.005913
379500 -36925.13327382 6734.75569534 0.399926 5.6868 0.631590 0.179647 0.001943
379600 -36910.07604177 6781.00895826 0.402673 5.6868 0.631590 0.179647 0.018697
379700 -36906.23548462 6752.42167639 0.400975 5.6868 0.631590 0.179647 -0.011057
379800 -36922.81293941 6795.07971882 0.403508 5.6868 0.631590 0.179647 0.001290
379900 -36830.96428404 6722.92060911 0.399223 5.6868 0.631590 0.179647 0.025933
380000 -36901.43449978 6770.23253475 0.402033 5.6795 0.629958 0.180725 0.010312
380100 -36919.64475553 6780.19994282 0.402625 5.6795 0.629958 0.180725 0.003432
380200 -36865.67666256 6812.10858074 0.404520 5.6795 0.629958 0.180725 0.010741
380300 -36828.15150133 6767.32668471 0.401860 5.6795 0.629958 0.180725 0.005000
380400 -36858.59355682 6833.68919385 0.405801 5.6795 0.629958 0.180725 0.006227
380500 -36847.62458521 6836.85325217 0.405989 5.6709 0.630318 0.181220 0.023281
380600 -36855.88917110 6742.25229166 0.400371 5.6709 0.630318 0.181220 -0.027336
380700 -36838.26003675 6675.98140260 0.396436 5.6709 0.630318 0.181220 -0.019030
380800 -36837.01718191 6658.12347196 0.395376 5.6709 0.630318 0.181220 -0.000880
380900 -36811.96839429 6710.44537418 0.398483 5.6709 0.630318 0.181220 0.007448
381000 -36780.27992199 6725.41247021 0.399371 5.6873 0.621764 0.181922 0.009294
381100 -36837.92598412 6864.41976476 0.407626 5.6873 0.621764 0.181922 0.005482
381200 -36822.71693306 6677.98369829 0.396555 5.6873 0.621764 0.181922 0.003401
381300 -36873.47339841 6776.13842709 0.402384 5.6873 0.621764 0.181922 -0.010490
381400 -36811.59996931 6781.59678553 0.402708 5.6873 0.621764 0.181922 0.028131
381500 -36843.03025120 6803.10135430 0.403985 5.6867 0.624689 0.181325 -0.002825
381600 -36870.44984939 6717.95630838 0.398929 5.6867 0.624689 0.181325 -0.012716
381700 -36982.30198512 6753.82524409 0.401059 5.6867 0.624689 0.181325 -0.060903
381800 -36893.14537201 6675.40599669 0.396402 5.6867 0.624689 0.181325 -0.017856
381900 -36913.39233340 6730.29562324 0.399661 5.6867 0.624689 0.181325 0.006785
382000 -36895.98787681 6755.18081746 0.401139 5.6762 0.630602 0.179954 0.025813
382100 -36855.14706169 6729.95027786 0.399641 5.6762 0.630602 0.179954 0.003671
382200 -36827.87408109 6678.08916737 0.396561 5.6762 0.630602 0.179954 0.041096
382300 -36866.91813392 6746.98098663 0.400652 5.6762 0.630602 0.179954 0.028685
382400 -36855.31659598 6726.03830386 0.399408 5.6762 0.630602 0.179954 0.006736
382500 -36881.03618145 6653.47176066 0.395099 5.6860 0.629603 0.180075 -0.001140
382600 -36948.80943379 6740.83778330 0.400287 5.6860 0.629603 0.180075 -0.015315
382700 -36920.88629193 6679.19068073 0.396627 5.6860 0.629603 0.180075 0.003601
382800 -36895.00108970 6690.01254001 0.397269 5.6860 0.629603 0.180075 -0.006256
382900 -36861.75595997 6719.39695250 0.399014 5.6860 0.629603 0.180075 0.006509
383000 -36935.44815699 6718.26181964 0.398947 5.6878 0.625871 0.179249 -0.042698
383100 -36919.10936929 6781.01079098 0.402673 5.6878 0.625871 0.179249 -0.013909
383200 -36874.65134207 6717.25910166 0.398887 5.6878 0.625871 0.179249 0.000354
383300 -36871.16046497 6789.85154959 0.403198 5.6878 0.625871 0.179249 0.004045
383400 -36888.07868159 6727.97833430 0.399524 5.6878 0.625871 0.179249 -0.006250
383500 -36815.14072785 6727.95378183 0.399522 5.6729 0.628278 0.181753 0.028042
383600 -36848.30833631 6748.68267381 0.400753 5.6729 0.628278 0.181753 -0.011587
383700 -36872.16685645 6797.11365591 0.403629 5.6729 0.628278 0.181753 -0.001207
383800 -36818.62905363 6760.34836247 0.401446 5.6729 0.628278 0.181753 0.013437
383900 -36788.29665146 6730.06331373 0.399647 5.6729 0.628278 0.181753 0.003438
384000 -36849.07728206 6814.65954888 0.404671 5.6812 0.623755 0.181313 -0.014395
384100 -36818.03129813 6769.67114955 0.401999 5.6812 0.623755 0.181313 -0.018217
384200 -36763.80598096 6704.51958591 0.398131 5.6812 0.623755 0.181313 -0.000560
384300 -36704.25560743 6759.12749724 0.401373 5.6812 0.623755 0.181313 0.015858
384400 -36787.13326438 6714.37527374 0.398716 5.6812 0.623755 0.181313 -0.008807
384500 -36863.74741343 6787.03551934 0.403031 5.6798 0.623001 0.181119 -0.037795
384600 -36789.96997063 6763.02909783 0.401605 5.6798 0.623001 0.181119 0.000684
384700 -36790.49928505 6714.37485712 0.398716 5.6798 0.623001 0.181119 -0.000898
384800 -36785.05380419 6687.40789018 0.397114 5.6798 0.623001 0.181119 -0.003309
384900 -36863.12900850 6768.01693181 0.401901 5.6798 0.623001 0.181119 -0.011051
385000 -36823.27117638 6815.36778325 0.404713 5.6613 0.627638 0.183439 -0.005694
385100 -36782.55921623 6683.90044959 0.396906 5.6613 0.627638 0.183439 -0.002781
385200 -36820.71462397 6721.86844037 0.399161 5.6613 0.627638 0.183439 0.002043
385300 -36815.88383093 6674.37568550 0.396341 5.6613 0.627638 0.183439 -0.012540
385400 -36811.96380964 6750.42630781 0.400857 5.6613 0.627638 0.183439 -0.006598
385500 -36802.02152551 6696.53454359 0.397656 5.6804 0.620998 0.182628 0.008812
385600 -36785.95695561 6756.54697445 0.401220 5.6804 0.620998 0.182628 0.026995
385700 -36850.04566881 6785.76778332 0.402955 5.6804 0.620998 0.182628 0.011303
385800 -36834.69763808 6707.75436980 0.398323 5.6804 0.620998 0.182628 0.009357
385900 -36823.92706495 6737.95549926 0.400116 5.6804 0.620998 0.182628 0.023557
386000 -36879.06674104 6729.52009364 0.399615 5.6849 0.629175 0.180466 -0.018351
386100 -36849.76923829 6739.12796293 0.400186 5.6849 0.629175 0.180466 -0.019356
386200 -36776.11116686 6744.12251862 0.400482 5.6849 0.629175 0.180466 0.003656
386300 -36834.12577495 6791.89119399 0.403319 5.6849 0.629175 0.180466 -0.021974
386400 -36863.15566926 6748.14818155 0.400721 5.6849 0.629175 0.180466 -0.020152
386500 -36848.96937228 6704.27900735 0.398116 5.6786 0.627090 0.181625 -0.024231
386600 -36828.23275646 6683.71534513 0.396895 5.6786 0.627090 0.181625 -0.000130
386700 -36882.54868028 6735.34938465 0.399961 5.6786 0.627090 0.181625 -0.029588
386800 -36911.08598482 6769.92700901 0.402015 5.6786 0.627090 0.181625 -0.023287
386900 -36836.59543573 6692.63387979 0.397425 5.6786 0.627090 0.181625 0.019571
387000 -36898.09631502 6754.33257658 0.401089 5.6719 0.630361 0.180238 -0.006771
387100 -36870.89003784 6680.00879400 0.396675 5.6719 0.630361 0.180238 0.000234
387200 -36903.12350851 6697.94647286 0.397740 5.6719 0.630361 0.180238 0.000846
387300 -36823.30380683 6686.28168060 0.397048 5.6719 0.630361 0.180238 0.023465
387400 -36858.46389979 6621.71005683 0.393213 5.6719 0.630361 0.180238 0.012480
387500 -36926.14890354 6667.96664591 0.395960 5.6792 0.630642 0.179721 0.001799
387600 -37041.33570938 6812.98427077 0.404572 5.6792 0.630642 0.179721 -0.030170
387700 -36888.08777422 6618.35647298 0.393014 5.6792 0.630642 0.179721 0.015079
387800 -36892.18292684 6705.74278155 0.398203 5.6792 0.630642 0.179721 0.008823
387900 -36896.21593823 6637.00388147 0.394121 5.6792 0.630642 0.179721 -0.020148
388000 -36901.21222048 6701.03240528 0.397924 5.6856 0.627498 0.181305 -0.027583
388100 -36913.45037016 6722.77931380 0.399215 5.6856 0.627498 0.181305 -0.005945
388200 -36855.53941378 6685.29322905 0.396989 5.6856 0.627498 0.181305 0.012050
388300 -36872.13652961 6799.51576770 0.403772 5.6856 0.627498 0.181305 0.021491
388400 -36894.39126142 6729.23384547 0.399598 5.6856 0.627498 0.181305 0.002733
388500 -36839.09537648 6674.29088282 0.396336 5.6806 0.621693 0.181856 0.018885
388600 -36833.55064094 6767.79910632 0.401888 5.6806 0.621693 0.181856 0.038413
388700 -36884.67068122 6813.27073404 0.404589 5.6806 0.621693 0.181856 0.011486
388800 -36918.86688514 6670.62596699 0.396118 5.6806 0.621693 0.181856 -0.014216
388900 -36873.44551152 6632.82065380 0.393873 5.6806 0.621693 0.181856 -0.003292
389000 -36864.88759792 6713.05375768 0.398637 5.6784 0.627294 0.180710 -0.013351
389100 -36847.38461903 6619.09473730 0.393058 5.6784 0.627294 0.180710 0.006957
389200 -36892.67645132 6758.28148639 0.401323 5.6784 0.627294 0.180710 -0.012492
389300 -36848.46810405 6728.65250342 0.399564 5.6784 0.627294 0.180710 -0.001732
389400 -36817.66770097 6761.07331003 0.401489 5.6784 0.627294 0.180710 0.017833
389500 -36875.79018472 6875.71687854 0.408297 5.6701 0.628931 0.182333 -0.008488
389600 -36759.14964001 6744.45229062 0.400502 5.6701 0.628931 0.182333 -0.000040
389700 -36837.86185151 6683.68756311 0.396894 5.6701 0.628931 0.182333 -0.021737
389800 -36788.90317860 6726.89187438 0.399459 5.6701 0.628931 0.182333 0.009696
389900 -36750.65139099 6697.46449394 0.397712 5.6701 0.628931 0.182333 0.020785
390000 -36953.91043771 6774.52724933 0.402288 5.6827 0.624100 0.180603 -0.044345
390100 -36899.93224199 6820.69028835 0.405029 5.6827 0.624100 0.180603 -0.004041
390200 -36814.66433364 6709.83979116 0.398447 5.6827 0.624100 0.180603 0.015615
390300 -36932.21298394 6813.26523664 0.404588 5.6827 0.624100 0.180603 -0.031987
390400 -36824.94388156 6743.57033481 0.400450 5.6827 0.624100 0.180603 0.012652
390500 -36883.74054060 6724.67755993 0.399328 5.6852 0.631467 0.180142 -0.017901
390600 -36928.09189153 6815.99292477 0.404750 5.6852 0.631467 0.180142 -0.021182
390700 -36875.50261199 6767.04644236 0.401844 5.6852 0.631467 0.180142 0.012783
390800 -36943.98050842 6707.63367330 0.398316 5.6852 0.631467 0.180142 -0.019327
390900 -36874.65225945 6721.24862129 0.399124 5.6852 0.631467 0.180142 0.026397
391000 -36899.49062642 6721.27786626 0.399126 5.6811 0.628615 0.180770 0.029415
391100 -36997.39949080 6806.00292891 0.404157 5.6811 0.628615 0.180770 -0.021294
391200 -36917.54171549 6712.96213474 0.398632 5.6811 0.628615 0.180770 -0.008873
391300 -36906.46200782 6701.86147484 0.397973 5.6811 0.628615 0.180770 -0.010701
391400 -36886.55163405 6667.50349744 0.395933 5.6811 0.628615 0.180770 -0.004561
391500 -36997.23512045 6728.75522657 0.399570 5.6819 0.631374 0.180404 -0.029922
391600 -36965.23950769 6769.72108259 0.402002 5.6819 0.631374 0.180404 0.002905
391700 -36965.12405007 6702.19122870 0.397992 5.6819 0.631374 0.180404 -0.003008
391800 -36965.09794834 6691.97486495 0.397386 5.6819 0.631374 0.180404 -0.009255
391900 -36945.08416560 6710.71774271 0.398499 5.6819 0.631374 0.180404 -0.004524
392000 -36930.98432951 6673.70780809 0.396301 5.6721 0.630073 0.182059 -0.012929
392100 -36930.01471189 6751.04120861 0.400893 5.6721 0.630073 0.182059 0.009712
392200 -36897.71918012 6687.78995595 0.397137 5.6721 0.630073 0.182059 -0.028005
392300 -36939.07263087 6733.43033138 0.399847 5.6721 0.630073 0.182059 -0.001990
392400 -36895.79486878 6684.91676409 0.396967 5.6721 0.630073 0.182059 -0.003492
392500 -36898.04599783 6798.79139404 0.403729 5.6754 0.629023 0.181663 -0.005371
392600 -36916.80146210 6750.97261037 0.400889 5.6754 0.629023 0.181663 -0.010144
392700 -36888.71069572 6675.76528481 0.396423 5.6754 0.629023 0.181663 0.007911
392800 -36981.19711728 6724.85626631 0.399338 5.6754 0.629023 0.181663 -0.030333
392900 -36934.07327924 6711.26780949 0.398531 5.6754 0.629023 0.181663 0.001133
393000 -36989.44423168 6708.83564236 0.398387 5.6824 0.629843 0.179181 -0.027102
393100 -36977.05613906 6762.11220788 0.401551 5.6824 0.629843 0.179181 -0.023022
393200 -36979.66400720 6650.09217329 0.394899 5.6824 0.629843 0.179181 -0.027627
393300 -36994.97951826 6730.10904843 0.399650 5.6824 0.629843 0.179181 -0.015064
393400 -36941.26624354 6709.60432145 0.398433 5.6824 0.629843 0.179181 -0.000157
393500 -36908.25416466 6759.21747709 0.401379 5.6844 0.630321 0.179392 0.004375
393600 -36888.25334207 6779.76161052 0.402599 5.6844 0.630321 0.179392 0.006864
393700 -36979.21326552 6785.43883782 0.402936 5.6844 0.630321 0.179392 -0.033051
393800 -37007.01391497 6735.85846648 0.399992 5.6844 0.630321 0.179392 -0.036382
393900 -37005.02484609 6745.77432146 0.400580 5.6844 0.630321 0.179392 -0.000056
394000 -37035.08132609 6760.40517576 0.401449 5.6867 0.633239 0.180406 0.015396
394100 -37056.49271118 6678.06429911 0.396560 5.6867 0.633239 0.180406 -0.017605
394200 -37040.17369869 6711.26790839 0.398531 5.6867 0.633239 0.180406 0.006153
394300 -37049.39990254 6697.41455352 0.397709 5.6867 0.633239 0.180406 -0.019398
394400 -37061.43808156 6576.74708846 0.390543 5.6867 0.633239 0.180406 -0.004534
394500 -37113.11443744 6665.71189079 0.395826 5.6819 0.631235 0.180334 -0.021100
394600 -37086.55476358 6642.30251754 0.394436 5.6819 0.631235 0.180334 0.007476
394700 -37033.22129027 6696.36217840 0.397646 5.6819 0.631235 0.180334 0.039484
394800 -37134.79850537 6792.26149934 0.403341 5.6819 0.631235 0.180334 -0.003953
394900 -37168.65335520 6773.62043157 0.402234 5.6819 0.631235 0.180334 -0.020796
395000 -37035.57275036 6687.12277265 0.397098 5.6827 0.635151 0.180048 0.020550
395100 -37059.88127384 6695.01583373 0.397566 5.6827 0.635151 0.180048 -0.007170
395200 -37054.00842338 6765.03793657 0.401724 5.6827 0.635151 0.180048 -0.012262
395300 -36992.76510750 6688.59937574 0.397185 5.6827 0.635151 0.180048 0.018505
395400 -37105.63991545 6782.00138313 0.402732 5.6827 0.635151 0.180048 -0.011974
395500 -37042.82512790 6779.19400346 0.402565 5.6894 0.632666 0.179170 0.007352
395600 -37016.55638791 6809.01903801 0.404336 5.6894 0.632666 0.179170 -0.004505
395700 -37029.86773770 6798.35585159 0.403703 5.6894 0.632666 0.179170 0.003831
395800 -36982.67102051 6807.51495624 0.404247 5.6894 0.632666 0.179170 0.026695
395900 -36964.07986711 6723.10190350 0.399234 5.6894 0.632666 0.179170 0.016314
396000 -37029.84570460 6821.76283024 0.405093 5.6796 0.634335 0.179503 -0.024957
396100 -37025.24432012 6759.60178367 0.401402 5.6796 0.634335 0.179503 -0.000764
396200 -37020.09602935 6673.73995418 0.396303 5.6796 0.634335 0.179503 -0.008323
396300 -37019.57076676 6659.23183727 0.395441 5.6796 0.634335 0.179503 -0.007516
396400 -37017.57735560 6664.10232704 0.395731 5.6796 0.634335 0.179503 -0.021195
396500 -36983.64285781 6670.97374761 0.396139 5.6808 0.632275 0.180947 -0.022897
396600 -36968.92404141 6701.03755543 0.397924 5.6808 0.632275 0.180947 0.016424
396700 -37001.94099312 6754.63767832 0.401107 5.6808 0.632275 0.180947 -0.019726
396800 -37015.37454120 6843.12676846 0.406361 5.6808 0.632275 0.180947 0.011300
396900 -36949.55333336 6785.60176511 0.402945 5.6808 0.632275 0.180947 0.029261
397000 -36901.23850317 6685.64684886 0.397010 5.6853 0.633145 0.181423 0.011675
397100 -37014.07644677 6759.12655773 0.401373 5.6853 0.633145 0.181423 -0.024683
397200 -37008.87770353 6730.10718064 0.399650 5.6853 0.633145 0.181423 -0.000761
397300 -36970.01187820 6647.77999783 0.394761 5.6853 0.633145 0.181423 0.000228
397400 -37037.16813655 6735.17197821 0.399951 5.6853 0.633145 0.181423 -0.004602
397500 -37050.72635159 6715.66754657 0.398793 5.6816 0.632329 0.179159 -0.000282
397600 -37084.98502797 6676.06854895 0.396441 5.6816 0.632329 0.179159 -0.011435
397700 -37128.81119776 6715.04728495 0.398756 5.6816 0.632329 0.179159 -0.019487
397800 -37102.70408109 6727.82330366 0.399514 5.6816 0.632329 0.179159 -0.008534
397900 -37097.94629545 6716.60515612 0.398848 5.6816 0.632329 0.179159 -0.011784
398000 -37082.25255618 6619.02410535 0.393054 5.6857 0.631512 0.179631 -0.024485
398100 -37076.72318722 6741.72547865 0.400340 5.6857 0.631512 0.179631 -0.014426
398200 -37075.38465111 6844.46539442 0.406441 5.6857 0.631512 0.179631 0.004678
398300 -36999.88037424 6806.12957098 0.404164 5.6857 0.631512 0.179631 0.033121
398400 -37016.96736422 6778.78615865 0.402541 5.6857 0.631512 0.179631 -0.007069
398500 -37026.44207646 6796.07608661 0.403567 5.6897 0.630422 0.178281 0.006872
398600 -37002.20372640 6791.40580333 0.403290 5.6897 0.630422 0.178281 0.024987
398700 -36914.31654514 6798.80514768 0.403730 5.6897 0.630422 0.178281 0.044908
398800 -36955.07714803 6756.62373632 0.401225 5.6897 0.630422 0.178281 0.025455
398900 -36891.90678749 6811.67601745 0.404494 5.6897 0.630422 0.178281 0.044346
399000 -36934.37591635 6782.29287557 0.402749 5.6762 0.631420 0.181236 -0.005942
399100 -36966.20331737 6778.65181244 0.402533 5.6762 0.631420 0.181236 -0.036808
399200 -36999.92590903 6770.62996843 0.402056 5.6762 0.631420 0.181236 -0.035687
399300 -36948.34356196 6665.74584865 0.395828 5.6762 0.631420 0.181236 0.011588
399400 -37016.19401347 6695.90999675 0.397619 5.6762 0.631420 0.181236 -0.015042
399500 -36928.34258532 6728.72847886 0.399568 5.6837 0.630350 0.181459 -0.005989
399600 -36963.86303859 6725.36244356 0.399368 5.6837 0.630350 0.181459 -0.014305
399700 -36895.00540643 6650.16799953 0.394903 5.6837 0.630350 0.181459 0.012329
399800 -37002.01446584 6801.91730185 0.403914 5.6837 0.630350 0.181459 0.003946
399900 -36970.07305559 6731.83664208 0.399753 5.6837 0.630350 0.181459 -0.005758
400000 -36950.74034131 6737.18852035 0.400071 5.6779 0.632005 0.179623 0.000387
400100 -36930.25421751 6712.07078715 0.398579 5.6779 0.632005 0.179623 -0.008166
400200 -36942.88240898 6681.56528553 0.396768 5.6779 0.632005 0.179623 0.000381
400300 -36938.33411745 6756.72626707 0.401231 5.6779 0.632005 0.179623 0.001718
400400 -36835.84850976 6654.05678333 0.395134 5.6779 0.632005 0.179623 0.024960
400500 -37004.43650446 6698.96106580 0.397801 5.6865 0.627567 0.179700 -0.051185
400600 -37007.51450579 6697.31965091 0.397703 5.6865 0.627567 0.179700 -0.038176
400700 -37009.43603550 6719.20464626 0.399003 5.6865 0.627567 0.179700 0.001945
400800 -36981.55563803 6741.00025081 0.400297 5.6865 0.627567 0.179700 0.019540
400900 -36949.07269216 6780.45782741 0.402640 5.6865 0.627567 0.179700 0.019836
401000 -36905.40772268 6764.59958091 0.401698 5.6793 0.624970 0.183071 0.029671
401100 -36895.17473253 6717.28324428 0.398889 5.6793 0.624970 0.183071 0.027025
401200 -36935.70027612 6788.53827823 0.403120 5.6793 0.624970 0.183071 0.020206
401300 -36889.98087725 6759.80911421 0.401414 5.6793 0.624970 0.183071 0.036255
401400 -36893.01911009 6719.49441798 0.399020 5.6793 0.624970 0.183071 0.039888
401500 -36804.48197365 6743.93536123 0.400471 5.6912 0.621233 0.181672 0.044726
401600 -36831.76122778 6702.29846295 0.397999 5.6912 0.621233 0.181672 0.025458
401700 -36840.48021852 6704.05467024 0.398103 5.6912 0.621233 0.181672 0.020136
401800 -36859.23359549 6791.42989982 0.403292 5.6912 0.621233 0.181672 0.029708
401900 -36878.99559327 6699.25678687 0.397818 5.6912 0.621233 0.181672 -0.004699
402000 -36960.14969538 6709.76667702 0.398442 5.6861 0.628092 0.179843 -0.036124
402100 -36984.83123851 6830.40276714 0.405606 5.6861 0.628092 0.179843 -0.023405
402200 -36859.40809743 6667.35939967 0.395924 5.6861 0.628092 0.179843 0.007652
402300 -36966.09798993 6727.17743069 0.399476 5.6861 0.628092 0.179843 -0.045460
402400 -36971.02945481 6683.19835535 0.396865 5.6861 0.628092 0.179843 -0.007966
402500 -36931.34664963 6646.24269531 0.394670 5.6818 0.626708 0.182176 -0.009041
402600 -36918.63547864 6709.28884560 0.398414 5.6818 0.626708 0.182176 -0.005439
402700 -36991.71056962 6749.09410457 0.400778 5.6818 0.626708 0.182176 -0.016322
402800 -36979.58381659 6734.69159078 0.399922 5.6818 0.626708 0.182176 -0.007829
402900 -36968.75692539 6725.37786649 0.399369 5.6818 0.626708 0.182176 -0.018075
403000 -36904.29911022 6719.49230147 0.399020 5.6914 0.627067 0.181612 0.008982
403100 -37010.31039830 6780.89306725 0.402666 5.6914 0.627067 0.181612 -0.016004
403200 -37040.07644129 6753.22780741 0.401023 5.6914 0.627067 0.181612 -0.024152
403300 -37036.18563213 6755.39658736 0.401152 5.6914 0.627067 0.181612 -0.009741
403400 -36997.27215388 6735.01163027 0.399941 5.6914 0.627067 0.181612 0.002960
403500 -37007.63323047 6721.00195181 0.399109 5.6837 0.633783 0.178480 -0.013477
403600 -37008.23883566 6712.24529362 0.398589 5.6837 0.633783 0.178480 -0.004673
403700 -37047.12199523 6660.85700009 0.395538 5.6837 0.633783 0.178480 -0.033359
403800 -37038.12540170 6673.74645267 0.396303 5.6837 0.633783 0.178480 -0.025433
403900 -37093.24232915 6765.01765305 0.401723 5.6837 0.633783 0.178480 -0.016187
404000 -37026.34102422 6739.45287747 0.400205 5.6818 0.633558 0.180295 0.003975
404100 -37022.77926550 6747.38003250 0.400676 5.6818 0.633558 0.180295 -0.015063
404200 -37032.28043518 6796.15755700 0.403572 5.6818 0.633558 0.180295 0.037124
404300 -37018.19048089 6665.98532415 0.395842 5.6818 0.633558 0.180295 0.018864
404400 -37024.37581234 6773.03834303 0.402199 5.6818 0.633558 0.180295 0.013927
404500 -36981.65296290 6689.40728934 0.397233 5.6728 0.632689 0.180568 0.010862
404600 -37016.35876752 6691.48353527 0.397357 5.6728 0.632689 0.180568 0.019787
404700 -37061.15378565 6777.50730152 0.402465 5.6728 0.632689 0.180568 -0.015125
404800 -37112.11714296 6864.32438087 0.407620 5.6728 0.632689 0.180568 -0.017969
404900 -37011.09316016 6788.21042393 0.403100 5.6728 0.632689 0.180568 0.017512
405000 -37041.68668951 6835.47213251 0.405907 5.6860 0.635998 0.179428 -0.012402
405100 -37017.36194085 6789.27911407 0.403164 5.6860 0.635998 0.179428 -0.037967
405200 -37003.87936944 6689.58425071 0.397244 5.6860 0.635998 0.179428 -0.024610
405300 -37001.53733351 6671.08326529 0.396145 5.6860 0.635998 0.179428 -0.002197
405400 -36988.30973433 6731.43792272 0.399729 5.6860 0.635998 0.179428 0.014586
405500 -37040.64811684 6681.81604296 0.396782 5.6821 0.634235 0.179860 -0.006291
405600 -37037.80816219 6677.69750398 0.396538 5.6821 0.634235 0.179860 0.009502
405700 -37062.16868167 6709.37034203 0.398419 5.6821 0.634235 0.179860 -0.005042
405800 -37045.59770121 6719.87836001 0.399043 5.6821 0.634235 0.179860 0.023119
405900 -37022.31135974 6773.50460505 0.402227 5.6821 0.634235 0.179860 0.037675
406000 -37012.93088934 6793.00823938 0.403385 5.6836 0.627998 0.180856 0.008277
406100 -36955.08183874 6652.48470947 0.395041 5.6836 0.627998 0.180856 0.015683
406200 -36920.44562770 6702.64406600 0.398019 5.6836 0.627998 0.180856 0.038424
406300 -37010.28213106 6767.31080402 0.401859 5.6836 0.627998 0.180856 -0.001980
406400 -36981.70315383 6700.72763579 0.397905 5.6836 0.627998 0.180856 0.015930
406500 -37046.49782087 6633.61206385 0.393920 5.6721 0.628396 0.180592 -0.021499
406600 -37065.62874416 6681.04792357 0.396737 5.6721 0.628396 0.180592 -0.011002
406700 -37136.05937468 6764.09978408 0.401669 5.6721 0.628396 0.180592 -0.004257
406800 -37009.58465367 6695.39181154 0.397589 5.6721 0.628396 0.180592 0.029045
406900 -37078.32608097 6770.87079036 0.402071 5.6721 0.628396 0.180592 -0.012134
407000 -36963.61119014 6752.76410800 0.400995 5.6879 0.629876 0.180499 0.003508
407100 -37007.46160586 6836.23009356 0.405952 5.6879 0.629876 0.180499 -0.004055
407200 -37004.65912869 6801.60059924 0.403896 5.6879 0.629876 0.180499 -0.011595
407300 -36982.74505520 6756.58246960 0.401222 5.6879 0.629876 0.180499 0.008660
407400 -37041.36587898 6743.67667476 0.400456 5.6879 0.629876 0.180499 0.003839
407500 -36981.76143037 6685.63504896 0.397009 5.6821 0.630367 0.180068 -0.002122
407600 -37025.97085245 6752.61061744 0.400986 5.6821 0.630367 0.180068 -0.017257
407700 -36956.59066728 6673.63248838 0.396296 5.6821 0.630367 0.180068 0.024251
407800 -36992.92441757 6801.21538590 0.403873 5.6821 0.630367 0.180068 0.010010
407900 -36993.91607556 6759.63627012 0.401404 5.6821 0.630367 0.180068 -0.006881
408000 -36985.90468672 6788.25788028 0.403103 5.6855 0.634155 0.180777 -0.015205
408100 -36985.12706918 6731.41958952 0.399728 5.6855 0.634155 0.180777 -0.010859
408200 -36978.74130854 6766.69643692 0.401823 5.6855 0.634155 0.180777 0.013344
408300 -36950.87478802 6773.02637045 0.402199 5.6855 0.634155 0.180777 0.004337
408400 -37012.74541175 6750.93884327 0.400887 5.6855 0.634155 0.180777 -0.009381
408500 -37044.09659347 6755.98694323 0.401187 5.6796 0.633919 0.179900 -0.013977
408600 -36987.21726980 6706.03562134 0.398221 5.6796 0.633919 0.179900 0.001326
408700 -37010.65157832 6737.43478629 0.400085 5.6796 0.633919 0.179900 -0.000866
408800 -36980.54016357 6701.08776687 0.397927 5.6796 0.633919 0.179900 0.022190
408900 -37072.25498150 6710.58226523 0.398491 5.6796 0.633919 0.179900 -0.019804
409000 -37076.63127400 6720.98245460 0.399108 5.6843 0.631982 0.180127 0.013065
409100 -36978.35861569 6731.95375954 0.399760 5.6843 0.631982 0.180127 0.041345
409200 -37002.59827922 6806.93440375 0.404212 5.6843 0.631982 0.180127 0.028824
409300 -37008.11177324 6834.54015822 0.405852 5.6843 0.631982 0.180127 0.011815
409400 -36971.45543574 6745.02813247 0.400536 5.6843 0.631982 0.180127 0.016777
409500 -37051.36001274 6759.85934993 0.401417 5.6797 0.632468 0.178892 -0.011745
409600 -37024.55528226 6700.83927841 0.397912 5.6797 0.632468 0.178892 0.011532
409700 -37028.66705789 6680.05972736 0.396678 5.6797 0.632468 0.178892 -0.010643
409800 -36984.73380406 6749.22208562 0.400785 5.6797 0.632468 0.178892 0.007286
409900 -36917.83358470 6728.46180959 0.399552 5.6797 0.632468 0.178892 0.012702
410000 -37031.80391302 6738.20423073 0.400131 5.6831 0.633862 0.180597 -0.031465
410100 -37039.33794862 6704.48247816 0.398128 5.6831 0.633862 0.180597 -0.051163
410200 -37064.18792911 6732.92802573 0.399818 5.6831 0.633862 0.180597 -0.041168
410300 -36991.13449928 6749.53360610 0.400804 5.6831 0.633862 0.180597 0.013007
410400 -36943.24252927 6761.69584694 0.401526 5.6831 0.633862 0.180597 0.037568
410500 -36995.03059149 6763.32722750 0.401623 5.6786 0.631639 0.180816 -0.019003
410600 -37028.92112358 6708.17941314 0.398348 5.6786 0.631639 0.180816 -0.009121
410700 -36947.06798353 6677.94692263 0.396553 5.6786 0.631639 0.180816 0.008039
410800 -36962.57475810 6687.67947009 0.397131 5.6786 0.631639 0.180816 0.005334
410900 -36957.92950019 6716.36346969 0.398834 5.6786 0.631639 0.180816 0.020279
411000 -36920.56572840 6702.18133183 0.397992 5.6689 0.632280 0.182009 0.036968
411100 -36966.59200512 6720.64482683 0.399088 5.6689 0.632280 0.182009 -0.002650
411200 -36919.56980390 6670.42621667 0.396106 5.6689 0.632280 0.182009 0.032626
411300 -36901.87802809 6722.85669137 0.399220 5.6689 0.632280 0.182009 0.033860
411400 -36956.75361537 6781.62488206 0.402709 5.6689 0.632280 0.182009 -0.006225
411500 -36930.40883565 6806.83117987 0.404206 5.6814 0.629462 0.180837 -0.005230
411600 -36927.57251479 6777.37570670 0.402457 5.6814 0.629462 0.180837 0.004154
411700 -36806.83106172 6709.28324979 0.398413 5.6814 0.629462 0.180837 0.027559
411800 -36873.41006490 6765.27223481 0.401738 5.6814 0.629462 0.180837 0.014184
411900 -36914.82790778 6713.72113326 0.398677 5.6814 0.629462 0.180837 -0.006026
412000 -36815.57034751 6678.99015123 0.396615 5.6884 0.621826 0.181869 0.039856
412100 -36802.85192240 6636.68213842 0.394102 5.6884 0.621826 0.181869 0.032431
412200 -36910.38556783 6667.75500941 0.395947 5.6884 0.621826 0.181869 -0.005906
412300 -36916.90131877 6707.88150379 0.398330 5.6884 0.621826 0.181869 0.001949
412400 -36904.26714310 6761.37349396 0.401507 5.6884 0.621826 0.181869 -0.008938
412500 -36929.70434408 6724.84765024 0.399338 5.6793 0.626990 0.182690 -0.037172
412600 -36968.18020151 6728.17570313 0.399535 5.6793 0.626990 0.182690 -0.007931
412700 -37005.05204254 6765.28513152 0.401739 5.6793 0.626990 0.182690 -0.025467
412800 -36946.98873754 6678.21798197 0.396569 5.6793 0.626990 0.182690 -0.020953
412900 -36861.99154734 6756.12554698 0.401195 5.6793 0.626990 0.182690 -0.004616
413000 -36827.03051814 6794.02559158 0.403446 5.6708 0.629791 0.182406 0.018731
413100 -36936.83596733 6757.61182614 0.401283 5.6708 0.629791 0.182406 -0.009996
413200 -36880.96147496 6694.96043835 0.397563 5.6708 0.629791 0.182406 0.009865
413300 -36906.97000739 6696.15953638 0.397634 5.6708 0.629791 0.182406 0.002306
413400 -36844.03853005 6709.80886316 0.398445 5.6708 0.629791 0.182406 0.039922
413500 -36876.66652478 6714.26015678 0.398709 5.6774 0.628161 0.181140 0.023948
413600 -36874.47523200 6726.15689054 0.399415 5.6774 0.628161 0.181140 0.015222
413700 -36945.89780511 6748.56910914 0.400746 5.6774 0.628161 0.181140 -0.009677
413800 -36845.27587097 6730.58533263 0.399678 5.6774 0.628161 0.181140 0.027930
413900 -36853.53464854 6700.55779254 0.397895 5.6774 0.628161 0.181140 0.022988
414000 -36907.97998745 6642.77579814 0.394464 5.6738 0.627267 0.181296 0.018217
414100 -36949.10979235 6755.84609264 0.401179 5.6738 0.627267 0.181296 0.003294
414200 -36835.64965670 6709.92259086 0.398451 5.6738 0.627267 0.181296 0.034343
414300 -36856.26514307 6761.45736063 0.401512 5.6738 0.627267 0.181296 0.008550
414400 -36930.32138468 6852.85366918 0.406939 5.6738 0.627267 0.181296 -0.032143
414500 -36807.97632738 6697.75512392 0.397729 5.6758 0.624775 0.181328 0.002067
414600 -36791.53482376 6806.90989017 0.404211 5.6758 0.624775 0.181328 -0.002667
414700 -36791.58981921 6775.60654848 0.402352 5.6758 0.624775 0.181328 0.001969
414800 -36782.83746973 6900.81141480 0.409787 5.6758 0.624775 0.181328 0.045845
414900 -36816.13246574 6802.53810573 0.403951 5.6758 0.624775 0.181328 -0.003599
415000 -36749.91709369 6699.40773404 0.397827 5.6781 0.623985 0.182427 0.014081
415100 -36854.72128124 6790.28245877 0.403223 5.6781 0.623985 0.182427 -0.012981
415200 -36826.57441179 6752.37495283 0.400972 5.6781 0.623985 0.182427 0.004921
415300 -36779.35092641 6746.60047054 0.400629 5.6781 0.623985 0.182427 0.020158
415400 -36792.96570853 6725.43902643 0.399373 5.6781 0.623985 0.182427 0.030652
415500 -36834.72640263 6686.69242748 0.397072 5.6760 0.626768 0.181651 0.019517
415600 -36805.58654832 6742.88125896 0.400409 5.6760 0.626768 0.181651 0.021750
415700 -36787.81510265 6771.02789919 0.402080 5.6760 0.626768 0.181651 0.016764
415800 -36839.24773546 6720.34046128 0.399070 5.6760 0.626768 0.181651 -0.009363
415900 -36844.65715674 6748.62429372 0.400750 5.6760 0.626768 0.181651 0.018893
416000 -36972.62999898 6721.64386500 0.399147 5.6735 0.635490 0.178777 -0.021435
416100 -36940.08096244 6720.70873040 0.399092 5.6735 0.635490 0.178777 -0.023485
416200 -36881.35561646 6681.40911214 0.396758 5.6735 0.635490 0.178777 -0.014539
416300 -36911.51965357 6719.13959264 0.398999 5.6735 0.635490 0.178777 -0.017337
416400 -36839.90655271 6686.58112471 0.397065 5.6735 0.635490 0.178777 0.016024
416500 -36830.36222892 6732.78395765 0.399809 5.6724 0.627541 0.180459 0.027237
416600 -36891.16367595 6822.92376365 0.405162 5.6724 0.627541 0.180459 0.000295
416700 -36931.13262227 6759.98938977 0.401425 5.6724 0.627541 0.180459 -0.022824
416800 -36861.52392078 6807.84542525 0.404266 5.6724 0.627541 0.180459 0.013358
416900 -36891.34830262 6799.91071963 0.403795 5.6724 0.627541 0.180459 -0.014359
417000 -36802.00375324 6679.01211412 0.396616 5.6770 0.627729 0.181334 0.000738
417100 -36821.00868397 6687.79236875 0.397137 5.6770 0.627729 0.181334 0.002741
417200 -36875.12431858 6654.23027591 0.395144 5.6770 0.627729 0.181334 0.002179
417300 -36931.44282237 6712.53613754 0.398607 5.6770 0.627729 0.181334 -0.021009
417400 -37007.33165910 6767.08213167 0.401846 5.6770 0.627729 0.181334 -0.031429
417500 -36884.12851106 6683.70622017 0.396895 5.6799 0.632401 0.179934 0.019624
417600 -36820.95988054 6724.59637139 0.399323 5.6799 0.632401 0.179934 0.043477
417700 -36846.73167129 6745.09374162 0.400540 5.6799 0.632401 0.179934 -0.019419
417800 -36829.45616573 6645.56909807 0.394630 5.6799 0.632401 0.179934 0.005142
417900 -36831.11803114 6654.64839943 0.395169 5.6799 0.632401 0.179934 -0.002525
418000 -36911.51204353 6720.32159387 0.399069 5.6881 0.628799 0.180827 -0.018030
418100 -36852.41154332 6710.97148197 0.398514 5.6881 0.628799 0.180827 0.001182
418200 -36923.82404764 6665.41886714 0.395809 5.6881 0.628799 0.180827 0.001262
418300 -36898.02899024 6693.39713101 0.397470 5.6881 0.628799 0.180827 -0.008982
418400 -36906.86060127 6756.22165846 0.401201 5.6881 0.628799 0.180827 -0.024130
418500 -36878.39002407 6694.13622434 0.397514 5.6795 0.628811 0.180868 -0.014781
418600 -36814.54995217 6764.92084539 0.401717 5.6795 0.628811 0.180868 0.016594
418700 -36812.79443275 6719.05967428 0.398994 5.6795 0.628811 0.180868 0.010354
418800 -36819.39604777 6709.78422224 0.398443 5.6795 0.628811 0.180868 0.011918
418900 -36942.20018394 6735.31255450 0.399959 5.6795 0.628811 0.180868 -0.031193
419000 -36919.80275480 6740.52986813 0.400269 5.6742 0.633605 0.180937 0.010654
419100 -36977.54786782 6739.66520166 0.400218 5.6742 0.633605 0.180937 -0.023773
419200 -36849.42139707 6644.32049005 0.394556 5.6742 0.633605 0.180937 0.043877
419300 -36950.44352658 6738.93996739 0.400175 5.6742 0.633605 0.180937 0.014358
419400 -36957.33502252 6742.07634948 0.400361 5.6742 0.633605 0.180937 -0.033856
419500 -36852.49363380 6752.19298027 0.400962 5.6824 0.628677 0.180007 -0.009219
419600 -36813.69985201 6744.10060399 0.400481 5.6824 0.628677 0.180007 0.008754
419700 -36882.74799441 6702.13625934 0.397989 5.6824 0.628677 0.180007 -0.020040
419800 -36901.20471332 6710.41030470 0.398480 5.6824 0.628677 0.180007 -0.019623
419900 -36877.58693223 6715.10607299 0.398759 5.6824 0.628677 0.180007 0.005774
420000 -36840.34437842 6730.61414974 0.399680 5.6850 0.624406 0.180266 0.016541
420100 -36915.92821294 6766.28068720 0.401798 5.6850 0.624406 0.180266 -0.001820
420200 -36934.03588933 6797.95904708 0.403679 5.6850 0.624406 0.180266 -0.032320
420300 -36828.70288016 6643.04789036 0.394480 5.6850 0.624406 0.180266 0.008504
420400 -36909.43173680 6667.48072782 0.395931 5.6850 0.624406 0.180266 -0.040901
420500 -36874.13064539 6665.55359679 0.395817 5.6757 0.629655 0.180296 0.005706
420600 -36840.23878218 6674.50265488 0.396348 5.6757 0.629655 0.180296 0.009930
420700 -36880.72063709 6689.32782695 0.397228 5.6757 0.629655 0.180296 0.007773
420800 -36894.64675388 6658.45948762 0.395395 5.6757 0.629655 0.180296 -0.011164
420900 -36888.39457857 6655.62828305 0.395227 5.6757 0.629655 0.180296 -0.030615
421000 -36936.43989019 6675.05285548 0.396381 5.6766 0.631988 0.181479 -0.019993
421100 -36933.26874893 6732.88840180 0.399815 5.6766 0.631988 0.181479 -0.019607
421200 -36857.84006740 6713.06644353 0.398638 5.6766 0.631988 0.181479 0.029616
421300 -36883.73406706 6649.35701779 0.394855 5.6766 0.631988 0.181479 -0.021449
421400 -36931.93267739 6690.16019984 0.397278 5.6766 0.631988 0.181479 -0.007587
421500 -36919.25441122 6669.53757145 0.396053 5.6827 0.628627 0.181060 -0.010209
421600 -36961.23867544 6728.80408013 0.399573 5.6827 0.628627 0.181060 -0.024723
421700 -36941.53896410 6638.80392586 0.394228 5.6827 0.628627 0.181060 -0.013986
421800 -36973.19397241 6677.61269070 0.396533 5.6827 0.628627 0.181060 -0.011851
421900 -37015.17101683 6724.72341731 0.399330 5.6827 0.628627 0.181060 -0.025363
422000 -36991.81024140 6692.34371571 0.397408 5.6792 0.630441 0.179303 0.000070
422100 -36997.71912995 6711.18599640 0.398526 5.6792 0.630441 0.179303 0.021683
422200 -37010.41179208 6755.93436600 0.401184 5.6792 0.630441 0.179303 0.013656
422300 -37083.46704872 6813.88634642 0.404625 5.6792 0.630441 0.179303 -0.014672
422400 -36961.55095427 6690.23022167 0.397282 5.6792 0.630441 0.179303 0.025409
422500 -36997.04976967 6752.34313727 0.400970 5.6804 0.631352 0.180033 -0.002409
422600 -36960.81226288 6644.94215583 0.394593 5.6804 0.631352 0.180033 0.015393
422700 -36980.38572977 6772.45306618 0.402165 5.6804 0.631352 0.180033 -0.011853
422800 -36926.35533868 6696.86856497 0.397676 5.6804 0.631352 0.180033 0.035061
422900 -36972.99713895 6788.93414288 0.403143 5.6804 0.631352 0.180033 -0.010423
423000 -36919.08598732 6751.95716521 0.400948 5.6935 0.624615 0.179804 0.013032
423100 -36902.90113076 6741.82261439 0.400346 5.6935 0.624615 0.179804 0.024794
423200 -36993.67586241 6752.27718338 0.400967 5.6935 0.624615 0.179804 -0.039303
423300 -36957.24770599 6701.35016359 0.397942 5.6935 0.624615 0.179804 0.003851
423400 -37029.30708716 6791.70990027 0.403308 5.6935 0.624615 0.179804 -0.021138
423500 -36930.10630379 6778.28559757 0.402511 5.6741 0.632730 0.180662 0.026157
423600 -36937.10221940 6785.07566174 0.402914 5.6741 0.632730 0.180662 0.016836
423700 -36910.36498032 6783.05977338 0.402795 5.6741 0.632730 0.180662 0.022701
423800 -36884.44429882 6697.02381660 0.397685 5.6741 0.632730 0.180662 0.000782
423900 -36883.77138755 6729.07940057 0.399589 5.6741 0.632730 0.180662 0.006672
424000 -36946.23424014 6697.77630808 0.397730 5.6827 0.629532 0.181400 -0.024999
424100 -36975.68420729 6718.91719659 0.398986 5.6827 0.629532 0.181400 -0.021849
424200 -36958.74908778 6785.23102907 0.402923 5.6827 0.629532 0.181400 0.003888
424300 -36955.05722869 6705.76559039 0.398205 5.6827 0.629532 0.181400 -0.006212
424400 -36900.97327840 6770.05177076 0.402022 5.6827 0.629532 0.181400 0.012203
424500 -36890.75543146 6849.75598740 0.406755 5.6780 0.624847 0.181001 0.026763
424600 -36871.95980605 6729.90431699 0.399638 5.6780 0.624847 0.181001 0.006367
424700 -36914.96852204 6742.26751684 0.400372 5.6780 0.624847 0.181001 -0.004483
424800 -36829.66782582 6711.69928374 0.398557 5.6780 0.624847 0.181001 -0.003214
424900 -36891.59132958 6786.08608601 0.402974 5.6780 0.624847 0.181001 -0.017688
425000 -36967.41549711 6831.81279836 0.405690 5.6786 0.634626 0.180144 -0.012357
425100 -36873.13918703 6756.99088518 0.401246 5.6786 0.634626 0.180144 0.023920
425200 -36878.97952968 6689.24243723 0.397223 5.6786 0.634626 0.180144 -0.003483
425300 -36942.51638720 6673.45504563 0.396286 5.6786 0.634626 0.180144 -0.018043
425400 -36973.91902228 6768.05824567 0.401904 5.6786 0.634626 0.180144 -0.012266
425500 -36926.00529970 6710.90065808 0.398510 5.6784 0.630166 0.181575 0.022504
425600 -36886.34549557 6717.47145363 0.398900 5.6784 0.630166 0.181575 0.020170
425700 -36921.51342090 6695.82385874 0.397614 5.6784 0.630166 0.181575 0.005300
425800 -36947.56939878 6702.63969355 0.398019 5.6784 0.630166 0.181575 0.007481
425900 -37012.74306672 6744.36203425 0.400497 5.6784 0.630166 0.181575 -0.033367
426000 -36978.60181578 6733.38909928 0.399845 5.6821 0.632159 0.179395 -0.009319
426100 -36963.22864635 6743.49523465 0.400445 5.6821 0.632159 0.179395 -0.010912
426200 -36922.76588032 6731.15897072 0.399713 5.6821 0.632159 0.179395 -0.003392
426300 -36957.17240665 6709.81249750 0.398445 5.6821 0.632159 0.179395 -0.006904
426400 -36951.00043467 6702.92631541 0.398036 5.6821 0.632159 0.179395 0.019631
426500 -36951.75600955 6728.97561661 0.399583 5.6815 0.631481 0.180398 0.011185
426600 -36999.29340876 6689.69870348 0.397251 5.6815 0.631481 0.180398 0.004528
426700 -36978.21238750 6751.78460842 0.400937 5.6815 0.631481 0.180398 0.009746
426800 -36869.47431402 6703.13025362 0.398048 5.6815 0.631481 0.180398 0.047873
426900 -37015.37248086 6734.39992061 0.399905 5.6815 0.631481 0.180398 -0.032850
427000 -36964.13022631 6699.76969815 0.397849 5.6842 0.633720 0.178411 -0.007309
427100 -36970.67603534 6759.53058240 0.401397 5.6842 0.633720 0.178411 -0.003185
427200 -37012.09991449 6730.02496994 0.399645 5.6842 0.633720 0.178411 -0.021062
427300 -37003.58325008 6722.15871847 0.399178 5.6842 0.633720 0.178411 -0.003180
427400 -37023.77646981 6721.67544926 0.399149 5.6842 0.633720 0.178411 0.003419
427500 -37044.63111669 6752.75242448 0.400995 5.6808 0.636963 0.179148 -0.017754
427600 -36998.55289949 6746.95656806 0.400651 5.6808 0.636963 0.179148 -0.009492
427700 -37048.47102871 6895.66874271 0.409482 5.6808 0.636963 0.179148 -0.013285
427800 -36994.41794699 6715.11938400 0.398760 5.6808 0.636963 0.179148 0.022816
427900 -36922.21200540 6690.74853587 0.397313 5.6808 0.636963 0.179148 0.026822
428000 -36960.40705318 6738.62387537 0.400156 5.6995 0.628145 0.178258 -0.013801
428100 -36972.57205678 6764.98548869 0.401721 5.6995 0.628145 0.178258 -0.026603
428200 -36887.04505936 6690.27993920 0.397285 5.6995 0.628145 0.178258 0.017969
428300 -36935.90262307 6813.37786038 0.404595 5.6995 0.628145 0.178258 0.011779
428400 -36913.31145164 6798.33644494 0.403702 5.6995 0.628145 0.178258 0.029600
428500 -36972.21354091 6814.85418300 0.404683 5.6866 0.631627 0.180543 -0.010704
428600 -36962.93487748 6724.55255458 0.399320 5.6866 0.631627 0.180543 0.000252
428700 -36935.61064856 6747.62570431 0.400690 5.6866 0.631627 0.180543 -0.005444
428800 -36945.23846562 6800.78636734 0.403847 5.6866 0.631627 0.180543 -0.008159
428900 -36877.21914625 6752.56342501 0.400984 5.6866 0.631627 0.180543 -0.003043
429000 -36899.89121878 6818.00622970 0.404870 5.6776 0.628827 0.181328 -0.010273
429100 -36950.64989723 6672.89320887 0.396253 5.6776 0.628827 0.181328 -0.016719
429200 -36892.64435146 6682.55295271 0.396826 5.6776 0.628827 0.181328 0.013095
429300 -36983.88244841 6712.41580900 0.398600 5.6776 0.628827 0.181328 -0.018997
429400 -36985.47541904 6706.38951773 0.398242 5.6776 0.628827 0.181328 0.004426
429500 -36965.03900544 6736.84374218 0.400050 5.6784 0.637637 0.179846 0.016333
429600 -36959.73905296 6673.03878692 0.396261 5.6784 0.637637 0.179846 0.027504
429700 -37020.75296735 6673.57672754 0.396293 5.6784 0.637637 0.179846 -0.023436
429800 -37135.72206825 6700.06677575 0.397866 5.6784 0.637637 0.179846 -0.067535
429900 -37108.15052920 6692.59039238 0.397422 5.6784 0.637637 0.179846 -0.019331
430000 -37067.30525480 6695.46909292 0.397593 5.6804 0.641333 0.179932 -0.025326
430100 -37093.86797670 6739.87375506 0.400230 5.6804 0.641333 0.179932 -0.015756
430200 -37119.02290954 6777.07863234 0.402439 5.6804 0.641333 0.179932 -0.009490
430300 -37075.80810919 6716.69296677 0.398854 5.6804 0.641333 0.179932 0.001798
430400 -37030.07891177 6795.14334307 0.403512 5.6804 0.641333 0.179932 0.011234
430500 -37083.38949503 6805.98510147 0.404156 5.6886 0.634285 0.177423 0.001612
430600 -37057.69233701 6762.47577004 0.401572 5.6886 0.634285 0.177423 0.017159
430700 -37026.74709264 6735.05489896 0.399944 5.6886 0.634285 0.177423 0.025858
430800 -37037.90459900 6682.92877715 0.396849 5.6886 0.634285 0.177423 0.008774
430900 -37061.45692206 6697.83706909 0.397734 5.6886 0.634285 0.177423 0.003567
431000 -37003.15056581 6543.79775451 0.388587 5.6868 0.633781 0.179344 0.002108
431100 -37073.96485170 6640.39497137 0.394323 5.6868 0.633781 0.179344 0.003807
431200 -37033.56205024 6652.06151430 0.395016 5.6868 0.633781 0.179344 -0.001707
431300 -37077.25310371 6710.85060252 0.398507 5.6868 0.633781 0.179344 -0.008322
431400 -37050.93400132 6745.30740252 0.400553 5.6868 0.633781 0.179344 0.005544
431500 -37026.05547045 6811.79086284 0.404501 5.6872 0.636577 0.178537 0.002842
431600 -36969.77015317 6783.33887298 0.402811 5.6872 0.636577 0.178537 0.025990
431700 -36983.36526468 6770.11002445 0.402026 5.6872 0.636577 0.178537 0.017482
431800 -36983.82517722 6699.21853192 0.397816 5.6872 0.636577 0.178537 0.021648
431900 -37006.13701467 6700.34722443 0.397883 5.6872 0.636577 0.178537 -0.007140
432000 -37067.13249149 6710.07303112 0.398460 5.6755 0.637704 0.178559 -0.032893
432100 -37000.08303921 6664.19700058 0.395736 5.6755 0.637704 0.178559 -0.020942
432200 -36983.25693215 6670.54332467 0.396113 5.6755 0.637704 0.178559 -0.029432
432300 -36959.92989839 6707.99221054 0.398337 5.6755 0.637704 0.178559 0.013028
432400 -36966.12306471 6685.18393216 0.396982 5.6755 0.637704 0.178559 -0.006638
432500 -36962.62191764 6767.79740639 0.401888 5.6768 0.635152 0.180149 0.021534
432600 -37013.26393633 6783.53076506 0.402822 5.6768 0.635152 0.180149 -0.008789
432700 -36977.12700415 6692.36107922 0.397409 5.6768 0.635152 0.180149 -0.004904
432800 -37001.91281100 6673.78870392 0.396306 5.6768 0.635152 0.180149 -0.030055
432900 -37090.23613599 6701.24449243 0.397936 5.6768 0.635152 0.180149 -0.050621
433000 -37061.61716162 6674.58293130 0.396353 5.6862 0.632426 0.178616 -0.033352
433100 -37006.58891014 6719.99818714 0.399050 5.6862 0.632426 0.178616 0.010657
433200 -37071.89912838 6711.81126196 0.398564 5.6862 0.632426 0.178616 -0.010923
433300 -37027.22912528 6704.50601600 0.398130 5.6862 0.632426 0.178616 -0.011286
433400 -37072.96122591 6749.38492483 0.400795 5.6862 0.632426 0.178616 -0.013107
433500 -36961.96365414 6769.76198286 0.402005 5.6871 0.633137 0.178544 0.015946
433600 -37022.97865391 6675.48694461 0.396407 5.6871 0.633137 0.178544 -0.022115
433700 -37184.44863113 6732.51895653 0.399793 5.6871 0.633137 0.178544 -0.040644
433800 -37135.95688874 6715.45689720 0.398780 5.6871 0.633137 0.178544 -0.011896
433900 -37111.21612023 6704.73647637 0.398143 5.6871 0.633137 0.178544 0.004296
434000 -37144.43596663 6711.86455903 0.398567 5.6895 0.635843 0.176742 0.015679
434100 -37110.97768566 6750.97577655 0.400889 5.6895 0.635843 0.176742 0.002055
434200 -37005.64874516 6700.65593190 0.397901 5.6895 0.635843 0.176742 0.021513
434300 -37073.84205510 6767.89960600 0.401894 5.6895 0.635843 0.176742 -0.002537
434400 -37067.70870882 6750.04765070 0.400834 5.6895 0.635843 0.176742 0.015172
434500 -37086.39709378 6685.13724034 0.396980 5.6853 0.635429 0.179853 -0.015721
434600 -37167.55009227 6703.01735216 0.398041 5.6853 0.635429 0.179853 -0.030262
434700 -37155.30478291 6693.42043691 0.397472 5.6853 0.635429 0.179853 -0.023718
434800 -37128.72321630 6657.75194197 0.395353 5.6853 0.635429 0.179853 -0.008594
434900 -37102.68034049 6615.83191674 0.392864 5.6853 0.635429 0.179853 -0.012629
435000 -37080.09146135 6690.92328946 0.397323 5.6835 0.637190 0.178273 0.032029
435100 -37059.00632811 6703.85417809 0.398091 5.6835 0.637190 0.178273 0.011754
435200 -37086.58373018 6608.60532678 0.392435 5.6835 0.637190 0.178273 0.005159
435300 -37091.54322383 6707.45716378 0.398305 5.6835 0.637190 0.178273 0.014539
435400 -37098.95986856 6766.76329321 0.401827 5.6835 0.637190 0.178273 0.013161
435500 -37087.09930934 6695.10503730 0.397572 5.6828 0.636066 0.178527 0.005887
435600 -37095.98395566 6717.12462354 0.398879 5.6828 0.636066 0.178527 0.040487
435700 -37068.22176798 6734.35237786 0.399902 5.6828 0.636066 0.178527 0.022944
435800 -37088.25493942 6800.96636749 0.403858 5.6828 0.636066 0.178527 0.000379
435900 -37111.61138084 6741.39514473 0.400320 5.6828 0.636066 0.178527 -0.031980
436000 -37063.95490667 6683.84867546 0.396903 5.6720 0.635804 0.182014 -0.019735
436100 -37102.47058735 6651.09650246 0.394958 5.6720 0.635804 0.182014 -0.038371
436200 -37054.51725884 6699.87793778 0.397855 5.6720 0.635804 0.182014 -0.016350
436300 -37016.37879966 6682.35264846 0.396814 5.6720 0.635804 0.182014 0.013953
436400 -37077.15097271 6689.45026378 0.397236 5.6720 0.635804 0.182014 -0.011752
436500 -37019.59823425 6786.38742995 0.402992 5.6862 0.635875 0.179545 0.001372
436600 -37031.44450039 6743.75647028 0.400461 5.6862 0.635875 0.179545 0.013920
436700 -37069.34578176 6789.23321575 0.403161 5.6862 0.635875 0.179545 -0.009872
436800 -37026.68754761 6737.94995358 0.400116 5.6862 0.635875 0.179545 0.000112
436900 -37046.84346629 6650.41663109 0.394918 5.6862 0.635875 0.179545 0.006342
437000 -37005.96162120 6569.73565378 0.390127 5.6868 0.636507 0.179651 0.027248
437100 -37101.04520743 6705.13589429 0.398167 5.6868 0.636507 0.179651 -0.012585
437200 -37087.72438628 6661.83328050 0.395596 5.6868 0.636507 0.179651 -0.003289
437300 -37106.48961188 6762.88281198 0.401596 5.6868 0.636507 0.179651 -0.026315
437400 -37039.76596681 6797.52071624 0.403653 5.6868 0.636507 0.179651 0.000176
437500 -37046.55193681 6793.58810509 0.403420 5.6917 0.634796 0.178094 -0.020129
437600 -36974.91421680 6823.67558704 0.405206 5.6917 0.634796 0.178094 0.010324
437700 -36975.87005364 6786.38362571 0.402992 5.6917 0.634796 0.178094 0.015497
437800 -36998.00093020 6665.83864019 0.395834 5.6917 0.634796 0.178094 0.013506
437900 -36984.37206613 6703.39861298 0.398064 5.6917 0.634796 0.178094 -0.000230
438000 -37019.29967534 6765.07003060 0.401726 5.6768 0.631836 0.180584 -0.019840
438100 -37050.46069572 6729.75683265 0.399629 5.6768 0.631836 0.180584 -0.025299
438200 -37006.61918410 6716.15021687 0.398821 5.6768 0.631836 0.180584 -0.000661
438300 -37002.96332490 6629.47645404 0.393674 5.6768 0.631836 0.180584 0.008925
438400 -37072.82613721 6691.23345436 0.397342 5.6768 0.631836 0.180584 -0.010441
438500 -37116.17067589 6736.43276769 0.400026 5.6804 0.637133 0.179589 -0.018997
438600 -37109.05684955 6673.25057329 0.396274 5.6804 0.637133 0.179589 -0.002128
438700 -37074.48270019 6642.41554830 0.394443 5.6804 0.637133 0.179589 -0.011094
438800 -37069.40064414 6572.56330355 0.390295 5.6804 0.637133 0.179589 0.002326
438900 -37108.36694563 6645.86437396 0.394648 5.6804 0.637133 0.179589 -0.034784
439000 -37059.10730202 6734.93301551 0.399937 5.6819 0.635104 0.179802 -0.018106
439100 -37045.54633857 6659.21593569 0.395440 5.6819 0.635104 0.179802 0.000131
439200 -37091.41989378 6769.41087596 0.401984 5.6819 0.635104 0.179802 -0.017035
439300 -37065.20203955 6711.70883103 0.398558 5.6819 0.635104 0.179802 -0.002740
439400 -37081.94675847 6756.81807322 0.401236 5.6819 0.635104 0.179802 -0.002738
439500 -36979.98478555 6738.67281070 0.400159 5.6842 0.629937 0.180151 0.020061
439600 -36969.59656556 6737.39063141 0.400083 5.6842 0.629937 0.180151 0.012654
439700 -37016.74157795 6748.84948393 0.400763 5.6842 0.629937 0.180151 -0.003385
439800 -37009.53129793 6686.51700654 0.397062 5.6842 0.629937 0.180151 -0.008537
439900 -36950.61446726 6656.54158713 0.395282 5.6842 0.629937 0.180151 0.006969
440000 -37013.05995503 6684.15519059 0.396921 5.6818 0.629333 0.179642 0.014561
440100 -37016.96710104 6667.62433149 0.395940 5.6818 0.629333 0.179642 0.008451
440200 -37025.70322144 6669.88949909 0.396074 5.6818 0.629333 0.179642 0.004855
440300 -37018.68501575 6624.94903045 0.393406 5.6818 0.629333 0.179642 -0.007592
440400 -36937.75398881 6746.25623488 0.400609 5.6818 0.629333 0.179642 0.020153
440500 -36967.46466081 6752.35668450 0.400971 5.6875 0.626621 0.180635 0.007428
440600 -36973.79836952 6720.58407691 0.399085 5.6875 0.626621 0.180635 -0.000521
440700 -36992.45314701 6754.72179040 0.401112 5.6875 0.626621 0.180635 0.000868
440800 -37008.97954558 6805.17318121 0.404108 5.6875 0.626621 0.180635 0.017522
440900 -37063.22378729 6840.37559133 0.406198 5.6875 0.626621 0.180635 0.003169
441000 -37053.07475746 6783.53428375 0.402823 5.6863 0.633409 0.178580 0.006637
441100 -37068.54318043 6733.44640084 0.399848 5.6863 0.633409 0.178580 -0.008154
441200 -37015.71929457 6729.43700388 0.399610 5.6863 0.633409 0.178580 0.015986
441300 -37049.63719555 6759.86676034 0.401417 5.6863 0.633409 0.178580 0.004322
441400 -37008.93612092 6783.70942987 0.402833 5.6863 0.633409 0.178580 0.009395
441500 -36956.87462471 6799.12663695 0.403749 5.6924 0.628711 0.179365 0.023499
441600 -37022.52685295 6711.42053625 0.398540 5.6924 0.628711 0.179365 -0.007432
441700 -36960.81948005 6662.20686388 0.395618 5.6924 0.628711 0.179365 0.003479
441800 -37012.30600184 6761.95055351 0.401541 5.6924 0.628711 0.179365 -0.016293
441900 -36927.73349985 6726.78038092 0.399453 5.6924 0.628711 0.179365 0.000641
442000 -36946.29299876 6775.80771689 0.402364 5.6796 0.628933 0.183314 0.017162
442100 -36921.86904399 6750.61577444 0.400868 5.6796 0.628933 0.183314 0.044440
442200 -36982.71912075 6724.61040573 0.399324 5.6796 0.628933 0.183314 -0.020475
442300 -36927.33282800 6717.85626039 0.398923 5.6796 0.628933 0.183314 0.011164
442400 -36980.45766782 6767.48998746 0.401870 5.6796 0.628933 0.183314 -0.009120
442500 -37005.15147076 6704.23434674 0.398114 5.6930 0.631893 0.179423 -0.027014
442600 -36994.96905638 6692.85187111 0.397438 5.6930 0.631893 0.179423 -0.007050
442700 -37024.07449626 6767.52581755 0.401872 5.6930 0.631893 0.179423 -0.018808
442800 -36906.60746146 6661.49818005 0.395576 5.6930 0.631893 0.179423 0.030880
442900 -36973.51538475 6696.53696941 0.397657 5.6930 0.631893 0.179423 0.008800
443000 -37032.32924891 6816.38608666 0.404774 5.6831 0.633803 0.177952 -0.014155
443100 -36911.84318466 6698.55842614 0.397777 5.6831 0.633803 0.177952 0.033908
443200 -37007.78450918 6701.16871824 0.397932 5.6831 0.633803 0.177952 0.008231
443300 -36934.65563964 6725.20056780 0.399359 5.6831 0.633803 0.177952 0.035173
443400 -36971.85170715 6753.82833751 0.401059 5.6831 0.633803 0.177952 0.022640
443500 -36968.06273266 6805.12941795 0.404105 5.6748 0.629171 0.181546 0.015849
443600 -36865.16144094 6717.05277000 0.398875 5.6748 0.629171 0.181546 0.048787
443700 -36907.50095867 6792.49455022 0.403355 5.6748 0.629171 0.181546 0.018527
443800 -36876.42517262 6750.08024978 0.400836 5.6748 0.629171 0.181546 0.016028
443900 -36860.59547733 6724.33618148 0.399307 5.6748 0.629171 0.181546 0.022828
444000 -36813.50515293 6630.98024325 0.393764 5.6840 0.629569 0.181114 0.014598
444100 -36874.61587909 6702.08202742 0.397986 5.6840 0.629569 0.181114 -0.006678
444200 -36825.47631994 6715.10004366 0.398759 5.6840 0.629569 0.181114 0.020576
444300 -36923.68666093 6778.62950859 0.402531 5.6840 0.629569 0.181114 -0.018873
444400 -36920.44059354 6761.27266533 0.401501 5.6840 0.629569 0.181114 0.014704
444500 -36982.98158142 6744.39496971 0.400499 5.6796 0.630223 0.179493 -0.026098
444600 -36896.91318845 6809.82718324 0.404384 5.6796 0.630223 0.179493 0.006153
444700 -36868.35651730 6758.41654289 0.401331 5.6796 0.630223 0.179493 0.031345
444800 -36900.77435373 6838.01789230 0.406058 5.6796 0.630223 0.179493 0.028166
444900 -36836.56157136 6695.77775035 0.397612 5.6796 0.630223 0.179493 0.028748
445000 -36899.75608294 6772.71103674 0.402180 5.6742 0.630031 0.180855 0.006087
445100 -36872.34847190 6761.31556651 0.401503 5.6742 0.630031 0.180855 0.005713
445200 -36862.71631606 6795.16237414 0.403513 5.6742 0.630031 0.180855 -0.009156
445300 -36851.74199642 6723.77778426 0.399274 5.6742 0.630031 0.180855 0.013812
445400 -36866.50831065 6719.61256739 0.399027 5.6742 0.630031 0.180855 0.000630
445500 -36919.53227469 6728.92275143 0.399580 5.6743 0.632212 0.181464 -0.019928
445600 -36855.15721222 6712.78181131 0.398621 5.6743 0.632212 0.181464 0.013446
445700 -36865.50836487 6738.25582972 0.400134 5.6743 0.632212 0.181464 -0.005948
445800 -36935.08987204 6778.27437635 0.402510 5.6743 0.632212 0.181464 -0.016287
445900 -36872.76902950 6764.67275928 0.401703 5.6743 0.632212 0.181464 0.006246
446000 -36909.74790795 6858.80091846 0.407292 5.6903 0.628637 0.180443 -0.034510
446100 -36840.02729009 6744.53951803 0.400507 5.6903 0.628637 0.180443 0.024601
446200 -36900.69267979 6722.00479815 0.399169 5.6903 0.628637 0.180443 0.000669
446300 -36852.27975128 6715.06450031 0.398757 5.6903 0.628637 0.180443 0.013259
446400 -36946.64032783 6723.98938645 0.399287 5.6903 0.628637 0.180443 -0.015963
446500 -36959.02463798 6750.50852689 0.400862 5.6679 0.636002 0.181345 -0.030781
446600 -36945.73199762 6815.83222178 0.404741 5.6679 0.636002 0.181345 -0.001753
446700 -36940.12668670 6737.76888705 0.400105 5.6679 0.636002 0.181345 -0.007888
446800 -36939.95583640 6818.29693015 0.404887 5.6679 0.636002 0.181345 -0.006972
446900 -36945.12230772 6699.10937726 0.397809 5.6679 0.636002 0.181345 -0.020989
447000 -36936.48634338 6684.51790323 0.396943 5.6772 0.633368 0.180401 0.000578
447100 -36863.87059040 6711.39676130 0.398539 5.6772 0.633368 0.180401 0.018279
447200 -36835.28793724 6684.24226968 0.396927 5.6772 0.633368 0.180401 0.025991
447300 -36884.20626580 6629.85640824 0.393697 5.6772 0.633368 0.180401 0.012203
447400 -36909.96724897 6651.29568503 0.394970 5.6772 0.633368 0.180401 -0.013275
447500 -36982.62255413 6678.95633152 0.396613 5.6838 0.634986 0.176821 -0.000858
447600 -36955.40168821 6655.11909733 0.395197 5.6838 0.634986 0.176821 -0.013015
447700 -36979.87147676 6656.05501589 0.395253 5.6838 0.634986 0.176821 -0.016575
447800 -36930.92789559 6703.92913371 0.398096 5.6838 0.634986 0.176821 0.016046
447900 -36897.64783330 6718.62955872 0.398969 5.6838 0.634986 0.176821 0.019784
448000 -36906.83429996 6796.71873088 0.403606 5.6825 0.632332 0.180190 0.016782
448100 -36996.00340720 6738.46542065 0.400146 5.6825 0.632332 0.180190 -0.032508
448200 -36912.90099020 6712.88030275 0.398627 5.6825 0.632332 0.180190 0.032860
448300 -36893.42196703 6766.19293391 0.401793 5.6825 0.632332 0.180190 0.006371
448400 -36893.63770177 6743.62934729 0.400453 5.6825 0.632332 0.180190 -0.006071
448500 -36924.27355849 6719.54403682 0.399023 5.6690 0.633086 0.181416 0.010438
448600 -36920.21347178 6748.81779015 0.400761 5.6690 0.633086 0.181416 0.003960
448700 -36901.13913993 6830.67760980 0.405622 5.6690 0.633086 0.181416 0.013201
448800 -36843.58798573 6822.22602515 0.405120 5.6690 0.633086 0.181416 0.030237
448900 -36847.15770849 6705.18643700 0.398170 5.6690 0.633086 0.181416 0.001235
449000 -36869.24637888 6643.46745164 0.394505 5.6781 0.629789 0.180649 -0.011626
449100 -36833.12858840 6718.57429826 0.398965 5.6781 0.629789 0.180649 0.013583
449200 -36877.59914732 6702.14464986 0.397990 5.6781 0.629789 0.180649 0.007475
449300 -36916.16915277 6730.32296417 0.399663 5.6781 0.629789 0.180649 -0.007922
449400 -36872.04655763 6642.90631304 0.394472 5.6781 0.629789 0.180649 0.007392
449500 -36944.23013337 6723.86325807 0.399279 5.6930 0.629146 0.178335 -0.040049
449600 -36843.64181638 6799.67035593 0.403781 5.6930 0.629146 0.178335 0.017239
449700 -36928.30887358 6880.85335227 0.408602 5.6930 0.629146 0.178335 -0.016937
449800 -36860.76505028 6743.81245551 0.400464 5.6930 0.629146 0.178335 0.020427
449900 -36832.26978732 6693.68985962 0.397488 5.6930 0.629146 0.178335 0.031551
450000 -36896.06608975 6788.27304342 0.403104 5.6711 0.631712 0.181092 0.011119
450100 -36878.48895773 6694.66629379 0.397546 5.6711 0.631712 0.181092 0.015469
450200 -36865.21518085 6739.24816394 0.400193 5.6711 0.631712 0.181092 0.006367
450300 -36918.35547994 6787.65344760 0.403067 5.6711 0.631712 0.181092 0.003961
450400 -36854.96914803 6807.19084380 0.404227 5.6711 0.631712 0.181092 0.016038
450500 -36833.84281208 6736.23056208 0.400014 5.6776 0.628356 0.181282 0.008316
450600 -36847.57525139 6718.87496945 0.398983 5.6776 0.628356 0.181282 0.000194
450700 -36843.72499521 6660.46275546 0.395514 5.6776 0.628356 0.181282 -0.012013
450800 -36898.58149207 6641.36457925 0.394380 5.6776 0.628356 0.181282 -0.008780
450900 -36890.47121633 6724.57073335 0.399321 5.6776 0.628356 0.181282 -0.007228
451000 -36871.21814026 6682.91265528 0.396848 5.6791 0.628952 0.182674 -0.011043
451100 -36916.77210945 6654.96406358 0.395188 5.6791 0.628952 0.182674 -0.046090
451200 -36851.76972086 6696.10775576 0.397631 5.6791 0.628952 0.182674 0.001028
451300 -36945.96937095 6738.73727759 0.400163 5.6791 0.628952 0.182674 -0.015124
451400 -36955.30978444 6697.94108918 0.397740 5.6791 0.628952 0.182674 -0.009764
451500 -36972.56301146 6757.89384601 0.401300 5.6728 0.635691 0.180095 -0.006230
451600 -36927.01040750 6751.85689045 0.400942 5.6728 0.635691 0.180095 -0.004019
451700 -36910.05750469 6672.42406106 0.396225 5.6728 0.635691 0.180095 0.003053
451800 -37011.88119750 6781.64429846 0.402710 5.6728 0.635691 0.180095 -0.026272
451900 -36975.37719301 6709.23912543 0.398411 5.6728 0.635691 0.180095 -0.010204
452000 -36980.05143612 6698.18829945 0.397755 5.6766 0.627416 0.180808 -0.027529
452100 -36979.90973389 6648.14125507 0.394783 5.6766 0.627416 0.180808 -0.021117
452200 -36971.69502648 6651.26348143 0.394968 5.6766 0.627416 0.180808 -0.021447
452300 -37015.01679182 6753.44193930 0.401036 5.6766 0.627416 0.180808 -0.032421
452400 -36969.35948161 6804.34944987 0.404059 5.6766 0.627416 0.180808 -0.005773
452500 -36920.21683638 6680.17135996 0.396685 5.6913 0.631785 0.178909 -0.009351
452600 -36895.81161950 6665.26372836 0.395800 5.6913 0.631785 0.178909 0.016966
452700 -36971.62523476 6648.31909000 0.394793 5.6913 0.631785 0.178909 -0.013276
452800 -36983.57268021 6644.04190962 0.394539 5.6913 0.631785 0.178909 -0.009809
452900 -36953.17246644 6649.13907655 0.394842 5.6913 0.631785 0.178909 0.014554
453000 -37079.11838072 6653.02303172 0.395073 5.6704 0.631829 0.179154 -0.027531
453100 -36995.13805860 6648.82528155 0.394823 5.6704 0.631829 0.179154 0.012275
453200 -36978.93727674 6628.76400116 0.393632 5.6704 0.631829 0.179154 -0.004091
453300 -36987.08624849 6635.75056277 0.394047 5.6704 0.631829 0.179154 -0.004002
453400 -36994.00733916 6730.10850645 0.399650 5.6704 0.631829 0.179154 0.009691
453500 -36950.82088516 6731.91774251 0.399758 5.6770 0.631358 0.180781 0.001094
453600 -37023.23176871 6691.14289944 0.397336 5.6770 0.631358 0.180781 -0.026615
453700 -37006.64677870 6764.69405585 0.401704 5.6770 0.631358 0.180781 -0.028314
453800 -36929.53670448 6821.37020859 0.405069 5.6770 0.631358 0.180781 0.022324
453900 -36954.08217532 6817.37223733 0.404832 5.6770 0.631358 0.180781 0.001354
454000 -36957.43341523 6733.27491082 0.399838 5.6799 0.629988 0.180919 -0.003528
454100 -36894.89875773 6726.46171426 0.399434 5.6799 0.629988 0.180919 0.023108
454200 -36895.95777552 6671.23988624 0.396154 5.6799 0.629988 0.180919 0.001229
454300 -36905.23795476 6645.00242223 0.394596 5.6799 0.629988 0.180919 -0.005118
454400 -36905.62878220 6723.98634660 0.399287 5.6799 0.629988 0.180919 0.010272
454500 -36991.39981678 6729.69519871 0.399626 5.6904 0.630704 0.179689 -0.055726
454600 -36997.46797278 6671.79286229 0.396187 5.6904 0.630704 0.179689 -0.036686
454700 -37033.63928521 6693.77307499 0.397492 5.6904 0.630704 0.179689 -0.013689
454800 -36979.37174271 6716.53522508 0.398844 5.6904 0.630704 0.179689 0.008296
454900 -36934.36353608 6794.25928454 0.403460 5.6904 0.630704 0.179689 0.011405
455000 -36988.03530402 6700.78875538 0.397909 5.6707 0.635902 0.181489 -0.012445
455100 -36951.67701890 6722.71352964 0.399211 5.6707 0.635902 0.181489 -0.009868
455200 -36937.67327524 6680.86465689 0.396726 5.6707 0.635902 0.181489 0.029864
455300 -36956.71597148 6724.07440876 0.399292 5.6707 0.635902 0.181489 0.027001
455400 -36954.80135953 6748.17262712 0.400723 5.6707 0.635902 0.181489 0.001693
455500 -36898.17481413 6751.70407652 0.400933 5.6745 0.629932 0.181809 0.025442
455600 -36855.91492677 6727.37388917 0.399488 5.6745 0.629932 0.181809 0.017130
455700 -36879.12139429 6832.13306362 0.405709 5.6745 0.629932 0.181809 0.012916
455800 -36837.33187477 6771.08671955 0.402084 5.6745 0.629932 0.181809 0.023609
455900 -36832.42766110 6761.90095064 0.401538 5.6745 0.629932 0.181809 0.043475
456000 -36787.13455652 6697.06569397 0.397688 5.6808 0.623641 0.180410 0.021770
456100 -36952.66215712 6708.06538569 0.398341 5.6808 0.623641 0.180410 -0.044777
456200 -36844.15308520 6726.58873459 0.399441 5.6808 0.623641 0.180410 -0.003695
456300 -36855.64135838 6808.53507926 0.404307 5.6808 0.623641 0.180410 0.000888
456400 -36817.39779724 6733.53950675 0.399854 5.6808 0.623641 0.180410 -0.018962
456500 -36815.48162297 6757.91705464 0.401301 5.6755 0.629364 0.181512 -0.017172
456600 -36811.46168668 6750.62685804 0.400869 5.6755 0.629364 0.181512 -0.014804
456700 -36825.90022460 6735.72137528 0.399983 5.6755 0.629364 0.181512 -0.003289
456800 -36829.99346760 6714.09927478 0.398699 5.6755 0.629364 0.181512 -0.010501
456900 -36842.23904430 6609.67180700 0.392498 5.6755 0.629364 0.181512 -0.019185
457000 -36868.08202499 6661.47775379 0.395575 5.6754 0.627451 0.182039 -0.012564
457100 -36875.93372945 6650.54688334 0.394926 5.6754 0.627451 0.182039 -0.014328
457200 -36849.53169586 6735.13705493 0.399949 5.6754 0.627451 0.182039 0.005382
457300 -36826.87583472 6800.81447703 0.403849 5.6754 0.627451 0.182039 0.023080
457400 -36813.01660512 6789.67989686 0.403188 5.6754 0.627451 0.182039 0.016579
457500 -36917.12675252 6844.74558594 0.406458 5.6748 0.627027 0.180048 -0.019932
457600 -36908.77290040 6665.27836463 0.395800 5.6748 0.627027 0.180048 -0.023966
457700 -36925.28797520 6751.09734675 0.400897 5.6748 0.627027 0.180048 0.009318
457800 -36896.16140197 6650.99664885 0.394952 5.6748 0.627027 0.180048 0.004763
457900 -36939.93857039 6706.77749918 0.398265 5.6748 0.627027 0.180048 0.006799
458000 -36912.70340689 6726.67869581 0.399446 5.6799 0.632893 0.181089 0.011801
458100 -36939.24326638 6764.66819190 0.401702 5.6799 0.632893 0.181089 -0.000913
458200 -36847.72669833 6698.61739660 0.397780 5.6799 0.632893 0.181089 0.017198
458300 -36848.40958927 6696.21029180 0.397637 5.6799 0.632893 0.181089 0.014708
458400 -36854.46436125 6736.84921117 0.400050 5.6799 0.632893 0.181089 0.016008
458500 -36870.42632302 6748.70599282 0.400755 5.6783 0.631232 0.180929 -0.011092
458600 -36898.33454163 6754.13010122 0.401077 5.6783 0.631232 0.180929 -0.018586
458700 -36940.70033527 6774.31300847 0.402275 5.6783 0.631232 0.180929 -0.042175
458800 -36893.05664900 6773.18493766 0.402208 5.6783 0.631232 0.180929 0.008216
458900 -36897.55857739 6709.31693074 0.398415 5.6783 0.631232 0.180929 0.015959
459000 -36861.05229852 6679.72939972 0.396659 5.6784 0.624701 0.180624 0.015543
459100 -36831.18200241 6797.68030197 0.403663 5.6784 0.624701 0.180624 0.026710
459200 -36823.30322364 6662.11953178 0.395613 5.6784 0.624701 0.180624 0.010720
459300 -36895.54147299 6744.21203606 0.400488 5.6784 0.624701 0.180624 -0.019367
459400 -36900.20710606 6689.73251840 0.397253 5.6784 0.624701 0.180624 -0.028055
459500 -36862.54418806 6698.60059720 0.397779 5.6822 0.628422 0.179996 -0.015950
459600 -36876.75707393 6794.63316371 0.403482 5.6822 0.628422 0.179996 0.004181
459700 -36877.34571270 6720.02504044 0.399051 5.6822 0.628422 0.179996 -0.000224
459800 -36848.72256806 6681.17296519 0.396744 5.6822 0.628422 0.179996 0.014517
459900 -36855.53280485 6760.30269247 0.401443 5.6822 0.628422 0.179996 -0.001417
460000 -36802.95979788 6782.98592106 0.402790 5.6760 0.625101 0.181655 0.016767
460100 -36779.06906886 6749.42765591 0.400797 5.6760 0.625101 0.181655 0.010688
460200 -36820.94341459 6782.58076486 0.402766 5.6760 0.625101 0.181655 -0.014725
460300 -36795.09799077 6737.23185884 0.400073 5.6760 0.625101 0.181655 -0.010110
460400 -36877.03404937 6715.05998176 0.398757 5.6760 0.625101 0.181655 -0.022231
460500 -36861.47180605 6668.38274617 0.395985 5.6792 0.630237 0.180132 -0.009404
460600 -36856.93631707 6676.80341372 0.396485 5.6792 0.630237 0.180132 -0.000511
460700 -36858.14585777 6731.42282701 0.399728 5.6792 0.630237 0.180132 -0.007339
460800 -36850.79494033 6826.49157820 0.405374 5.6792 0.630237 0.180132 -0.009829
460900 -36842.95425354 6803.67187813 0.404019 5.6792 0.630237 0.180132 0.004636
461000 -36957.68567486 6823.68236464 0.405207 5.6766 0.630651 0.180026 -0.033633
461100 -36869.64075540 6745.23396152 0.400548 5.6766 0.630651 0.180026 0.025068
461200 -36829.70532743 6758.79837293 0.401354 5.6766 0.630651 0.180026 0.029879
461300 -36814.64524428 6768.16605766 0.401910 5.6766 0.630651 0.180026 0.032067
461400 -36909.96190584 6776.06587566 0.402379 5.6766 0.630651 0.180026 0.001447
461500 -36903.47499763 6766.21134294 0.401794 5.6786 0.632604 0.180359 0.010256
461600 -36950.72010181 6677.78079410 0.396543 5.6786 0.632604 0.180359 -0.019622
461700 -36964.34919457 6674.84875467 0.396369 5.6786 0.632604 0.180359 -0.011897
461800 -36929.04426060 6703.85125720 0.398091 5.6786 0.632604 0.180359 -0.001399
461900 -36889.78292467 6682.60322146 0.396829 5.6786 0.632604 0.180359 0.009585
462000 -36884.30912859 6703.61236397 0.398077 5.6704 0.630914 0.180897 0.026488
462100 -36896.81769894 6801.80972967 0.403908 5.6704 0.630914 0.180897 0.024042
462200 -36915.21433517 6768.67337826 0.401940 5.6704 0.630914 0.180897 0.026087
462300 -36816.77163892 6710.14634269 0.398465 5.6704 0.630914 0.180897 0.012463
462400 -36872.22937189 6711.02341702 0.398517 5.6704 0.630914 0.180897 -0.004558
462500 -36816.81844295 6785.60956826 0.402946 5.6806 0.620015 0.182212 0.016553
462600 -36775.48981143 6707.64744948 0.398316 5.6806 0.620015 0.182212 0.012784
462700 -36768.47724477 6730.22613196 0.399657 5.6806 0.620015 0.182212 0.018694
462800 -36773.18353574 6703.61828597 0.398077 5.6806 0.620015 0.182212 0.019136
462900 -36830.29084407 6789.21717854 0.403160 5.6806 0.620015 0.182212 0.001076
463000 -36850.43198453 6801.50335349 0.403890 5.6805 0.624844 0.182051 -0.001470
463100 -36794.84591342 6761.50303937 0.401514 5.6805 0.624844 0.182051 0.020716
463200 -36851.65740485 6774.92041699 0.402311 5.6805 0.624844 0.182051 -0.003009
463300 -36907.41576042 6765.64633728 0.401760 5.6805 0.624844 0.182051 -0.023994
463400 -36821.85776819 6705.07345033 0.398164 5.6805 0.624844 0.182051 0.020700
463500 -36905.60270435 6660.66427984 0.395526 5.6798 0.628680 0.180176 -0.019125
463600 -36940.39479020 6717.30404322 0.398890 5.6798 0.628680 0.180176 -0.021095
463700 -36881.90093977 6666.79226686 0.395890 5.6798 0.628680 0.180176 -0.006053
463800 -36847.00388729 6787.61624037 0.403065 5.6798 0.628680 0.180176 0.012939
463900 -36860.14580055 6765.54700661 0.401755 5.6798 0.628680 0.180176 0.032369
464000 -36888.64807712 6790.76202706 0.403252 5.6749 0.630133 0.180882 0.028371
464100 -36860.62281542 6720.64465087 0.399088 5.6749 0.630133 0.180882 0.011439
464200 -36869.76322520 6721.31268803 0.399128 5.6749 0.630133 0.180882 0.026048
464300 -36898.16923951 6652.69140692 0.395053 5.6749 0.630133 0.180882 0.008326
464400 -36937.68848931 6689.67068520 0.397249 5.6749 0.630133 0.180882 -0.000649
464500 -36881.91140139 6726.37594255 0.399429 5.6697 0.633380 0.180080 0.041824
464600 -36879.28870732 6672.12388277 0.396207 5.6697 0.633380 0.180080 0.010796
464700 -36885.14108596 6707.20613281 0.398290 5.6697 0.633380 0.180080 0.016459
464800 -36899.22980972 6805.90780619 0.404151 5.6697 0.633380 0.180080 0.028106
464900 -36905.13740727 6717.47532312 0.398900 5.6697 0.633380 0.180080 -0.008198
465000 -36900.44472236 6670.71995148 0.396124 5.6742 0.634070 0.179429 0.014200
465100 -36917.19408268 6658.92991131 0.395423 5.6742 0.634070 0.179429 0.028109
465200 -36923.30250211 6681.72637501 0.396777 5.6742 0.634070 0.179429 0.001085
465300 -36910.06399454 6641.06183254 0.394362 5.6742 0.634070 0.179429 0.007597
465400 -36935.99287679 6670.40056386 0.396105 5.6742 0.634070 0.179429 -0.003419
465500 -36968.71199744 6707.93247019 0.398333 5.6823 0.633807 0.179497 -0.016215
465600 -36939.85361516 6720.20349975 0.399062 5.6823 0.633807 0.179497 -0.009672
465700 -36869.56042661 6738.86383139 0.400170 5.6823 0.633807 0.179497 0.008352
465800 -36904.59354904 6703.10165810 0.398046 5.6823 0.633807 0.179497 -0.026543
465900 -36948.19533933 6724.36763165 0.399309 5.6823 0.633807 0.179497 -0.051694
466000 -36908.97427934 6679.29760505 0.396633 5.6654 0.632488 0.181631 -0.010690
466100 -36903.18416864 6758.32155126 0.401326 5.6654 0.632488 0.181631 0.009881
466200 -36920.83065851 6782.44712938 0.402758 5.6654 0.632488 0.181631 -0.015862
466300 -36940.74195875 6732.40584533 0.399787 5.6654 0.632488 0.181631 -0.026460
466400 -36934.93397582 6760.73314916 0.401469 5.6654 0.632488 0.181631 -0.011301
466500 -36931.81454663 6687.93042717 0.397146 5.6776 0.632103 0.179575 -0.009077
466600 -36969.60682157 6744.62267330 0.400512 5.6776 0.632103 0.179575 -0.016815
466700 -36948.13991458 6687.21554556 0.397103 5.6776 0.632103 0.179575 -0.006466
466800 -36926.64094256 6704.82617311 0.398149 5.6776 0.632103 0.179575 0.002664
466900 -36958.37942814 6719.26766278 0.399006 5.6776 0.632103 0.179575 -0.025258
467000 -36961.59622453 6685.07588778 0.396976 5.6760 0.633147 0.179178 -0.018927
467100 -36957.43393238 6732.30753015 0.399781 5.6760 0.633147 0.179178 -0.022869
467200 -36910.58922277 6598.44449354 0.391832 5.6760 0.633147 0.179178 -0.010021
467300 -36906.27825104 6605.10452350 0.392227 5.6760 0.633147 0.179178 -0.000023
467400 -36928.22686791 6652.29857286 0.395030 5.6760 0.633147 0.179178 -0.010024
467500 -36949.21087415 6605.02151327 0.392222 5.6717 0.633534 0.180901 -0.028817
467600 -36917.69905962 6698.58997035 0.397779 5.6717 0.633534 0.180901 -0.017943
467700 -36896.65339542 6828.39270341 0.405487 5.6717 0.633534 0.180901 -0.004875
467800 -36925.70969593 6751.15661416 0.400900 5.6717 0.633534 0.180901 -0.015495
467900 -36837.43182869 6726.05033271 0.399409 5.6717 0.633534 0.180901 0.018051
468000 -36865.29028603 6721.94894410 0.399166 5.6831 0.625440 0.180261 -0.015455
468100 -36933.49806526 6780.99154871 0.402672 5.6831 0.625440 0.180261 -0.021649
468200 -36917.34445660 6761.54834054 0.401517 5.6831 0.625440 0.180261 0.022969
468300 -36797.13990917 6756.25909844 0.401203 5.6831 0.625440 0.180261 0.052602
468400 -36936.24131119 6710.64869015 0.398495 5.6831 0.625440 0.180261 -0.028196
468500 -36898.07158047 6720.50745649 0.399080 5.6932 0.628534 0.179613 0.023589
468600 -36918.88685843 6765.83096716 0.401771 5.6932 0.628534 0.179613 0.002065
468700 -37003.64289150 6788.98916988 0.403147 5.6932 0.628534 0.179613 0.000073
468800 -36953.20157283 6774.45966754 0.402284 5.6932 0.628534 0.179613 0.006418
468900 -36858.87301229 6704.94452736 0.398156 5.6932 0.628534 0.179613 0.047333
469000 -36913.64612610 6688.75042168 0.397194 5.6804 0.629297 0.180944 0.017020
469100 -36918.01732633 6759.05269266 0.401369 5.6804 0.629297 0.180944 -0.004870
469200 -36875.76338354 6695.16244973 0.397575 5.6804 0.629297 0.180944 0.025305
469300 -36900.66099002 6793.93087443 0.403440 5.6804 0.629297 0.180944 0.001686
469400 -36938.15185722 6825.32844071 0.405305 5.6804 0.629297 0.180944 -0.015351
469500 -36887.57478809 6673.75450938 0.396304 5.6856 0.630329 0.180245 -0.000671
469600 -36973.57317951 6677.76057105 0.396542 5.6856 0.630329 0.180245 -0.025329
469700 -36921.94572460 6705.59185829 0.398194 5.6856 0.630329 0.180245 -0.000113
469800 -36824.40660427 6608.21306309 0.392412 5.6856 0.630329 0.180245 0.015557
469900 -36969.91762340 6854.17735279 0.407018 5.6856 0.630329 0.180245 -0.018994
470000 -36918.70706351 6670.58527236 0.396116 5.6887 0.626913 0.179348 -0.030816
470100 -36897.83901147 6746.97450742 0.400652 5.6887 0.626913 0.179348 -0.013602
470200 -36923.21090013 6858.35031806 0.407265 5.6887 0.626913 0.179348 -0.012738
470300 -36877.94193063 6727.68083705 0.399506 5.6887 0.626913 0.179348 0.025175
470400 -36924.42215322 6785.63183156 0.402947 5.6887 0.626913 0.179348 0.028547
470500 -36951.79645418 6761.81863660 0.401533 5.6673 0.632977 0.180319 -0.003366
470600 -36943.51360706 6702.97090078 0.398039 5.6673 0.632977 0.180319 -0.012798
470700 -36895.52609884 6684.53069915 0.396944 5.6673 0.632977 0.180319 -0.003655
470800 -36902.30134907 6713.74856236 0.398679 5.6673 0.632977 0.180319 -0.011718
470900 -36886.38065941 6689.22707589 0.397223 5.6673 0.632977 0.180319 0.004414
471000 -36918.46636294 6673.58694981 0.396294 5.6825 0.628182 0.180572 -0.018695
471100 -36911.74972454 6723.81634650 0.399277 5.6825 0.628182 0.180572 -0.009799
471200 -36876.26147857 6734.09267598 0.399887 5.6825 0.628182 0.180572 0.013986
471300 -36920.27395134 6753.77028134 0.401055 5.6825 0.628182 0.180572 -0.005321
471400 -36959.21950338 6724.47073509 0.399315 5.6825 0.628182 0.180572 -0.028820
471500 -36940.62307445 6745.51979297 0.400565 5.6973 0.628343 0.178970 -0.004657
471600 -36971.21339077 6720.88584875 0.399102 5.6973 0.628343 0.178970 -0.009863
471700 -37092.00761659 6785.96125899 0.402967 5.6973 0.628343 0.178970 -0.030831
471800 -37007.66255270 6758.84230290 0.401356 5.6973 0.628343 0.178970 0.013482
471900 -36985.58064156 6748.83419560 0.400762 5.6973 0.628343 0.178970 0.012623
472000 -37018.04936092 6746.03703921 0.400596 5.6924 0.628665 0.180163 -0.002866
472100 -36976.92835055 6707.48069843 0.398306 5.6924 0.628665 0.180163 -0.001379
472200 -36935.02498734 6689.11555044 0.397216 5.6924 0.628665 0.180163 0.011192
472300 -36937.38681256 6666.64862656 0.395882 5.6924 0.628665 0.180163 -0.007577
472400 -36887.74983116 6719.67318534 0.399030 5.6924 0.628665 0.180163 0.053205
472500 -37024.12406497 6771.62656793 0.402116 5.6855 0.634174 0.178475 0.005442
472600 -37006.17783729 6661.79647798 0.395594 5.6855 0.634174 0.178475 0.000729
472700 -37007.53810945 6639.72239681 0.394283 5.6855 0.634174 0.178475 0.004877
472800 -36987.25921949 6648.46596173 0.394802 5.6855 0.634174 0.178475 -0.000437
472900 -36921.70039680 6653.32769941 0.395091 5.6855 0.634174 0.178475 0.022855
473000 -36935.96367973 6775.97817831 0.402374 5.6786 0.631521 0.179490 0.008472
473100 -36898.21436677 6732.57588749 0.399797 5.6786 0.631521 0.179490 -0.007652
473200 -36897.16840723 6782.02749889 0.402733 5.6786 0.631521 0.179490 -0.014073
473300 -36921.70480604 6778.95487475 0.402551 5.6786 0.631521 0.179490 -0.027426
473400 -36956.22780955 6730.04364513 0.399646 5.6786 0.631521 0.179490 -0.015879
473500 -36913.25512928 6687.18335246 0.397101 5.6771 0.632671 0.180862 0.008413
473600 -36922.02415100 6675.08829714 0.396383 5.6771 0.632671 0.180862 0.006051
473700 -36960.66953228 6770.41858430 0.402044 5.6771 0.632671 0.180862 -0.015566
473800 -36973.24341306 6719.50032910 0.399020 5.6771 0.632671 0.180862 0.002577
473900 -36985.77472481 6704.47457319 0.398128 5.6771 0.632671 0.180862 -0.017601
474000 -37033.37844019 6783.74577655 0.402835 5.7004 0.628500 0.177620 -0.047061
474100 -36923.90534590 6748.14367984 0.400721 5.7004 0.628500 0.177620 0.024539
474200 -36930.46019349 6870.87065297 0.408009 5.7004 0.628500 0.177620 0.013890
474300 -36949.72479123 6756.60564747 0.401224 5.7004 0.628500 0.177620 -0.005249
474400 -36929.53784802 6802.44399957 0.403946 5.7004 0.628500 0.177620 0.000153
474500 -36940.17597739 6844.46594549 0.406441 5.6749 0.629958 0.182256 -0.006524
474600 -36877.93460888 6738.17488390 0.400129 5.6749 0.629958 0.182256 0.011934
474700 -36893.13758762 6785.93869911 0.402965 5.6749 0.629958 0.182256 0.011493
474800 -36869.80093831 6771.68827322 0.402119 5.6749 0.629958 0.182256 0.025398
474900 -36863.01023233 6734.32440212 0.399900 5.6749 0.629958 0.182256 0.000828
475000 -36853.49332382 6751.05683112 0.400894 5.6783 0.626558 0.180172 -0.009998
475100 -36944.07262039 6776.59729625 0.402411 5.6783 0.626558 0.180172 -0.019896
475200 -36892.03693569 6642.47465058 0.394446 5.6783 0.626558 0.180172 -0.016316
475300 -36847.95666455 6600.29480905 0.391941 5.6783 0.626558 0.180172 0.007288
475400 -36878.36645048 6644.68053282 0.394577 5.6783 0.626558 0.180172 0.011586
475500 -36873.33216859 6716.11754834 0.398819 5.6843 0.627238 0.181375 0.013398
475600 -36923.76773220 6719.98573805 0.399049 5.6843 0.627238 0.181375 0.026148
475700 -36859.93958486 6727.59151205 0.399501 5.6843 0.627238 0.181375 0.028119
475800 -36874.60866652 6726.09376879 0.399412 5.6843 0.627238 0.181375 0.009108
475900 -36867.86114507 6766.93851372 0.401837 5.6843 0.627238 0.181375 0.013012
476000 -36901.35833747 6697.83248916 0.397734 5.6765 0.633619 0.181041 -0.014570
476100 -36805.46317846 6746.29815148 0.400612 5.6765 0.633619 0.181041 0.015806
476200 -36884.74006649 6702.62715421 0.398018 5.6765 0.633619 0.181041 -0.023926
476300 -36863.56357335 6722.02094593 0.399170 5.6765 0.633619 0.181041 -0.003788
476400 -36783.77722877 6696.36282829 0.397646 5.6765 0.633619 0.181041 0.043314
476500 -36819.82965955 6715.36005589 0.398774 5.6762 0.624970 0.182340 0.005066
476600 -36898.48944558 6726.46897999 0.399434 5.6762 0.624970 0.182340 -0.014518
476700 -36880.47553242 6749.33682952 0.400792 5.6762 0.624970 0.182340 0.005173
476800 -36916.85930489 6751.21407705 0.400903 5.6762 0.624970 0.182340 -0.021580
476900 -36886.19904509 6703.94904153 0.398097 5.6762 0.624970 0.182340 0.013006
477000 -36914.29385748 6716.07667833 0.398817 5.6752 0.632305 0.179848 0.008236
477100 -37003.65465346 6672.47876489 0.396228 5.6752 0.632305 0.179848 -0.027121
477200 -37015.06535913 6666.71092070 0.395885 5.6752 0.632305 0.179848 -0.023925
477300 -36906.20113954 6641.56726538 0.394392 5.6752 0.632305 0.179848 0.014339
477400 -36960.08061368 6663.20656495 0.395677 5.6752 0.632305 0.179848 -0.019319
477500 -36979.43902401 6691.44929372 0.397354 5.6795 0.631520 0.180349 -0.028138
477600 -36863.36476078 6642.89121269 0.394471 5.6795 0.631520 0.180349 0.026193
477700 -36935.86211964 6715.19076380 0.398764 5.6795 0.631520 0.180349 -0.016930
477800 -36914.55575077 6739.95160460 0.400235 5.6795 0.631520 0.180349 0.012981
477900 -36889.80331525 6773.65548901 0.402236 5.6795 0.631520 0.180349 0.012709
478000 -36822.03350545 6692.10286138 0.397393 5.6812 0.629715 0.181065 0.041450
478100 -36911.60679334 6743.78263457 0.400462 5.6812 0.629715 0.181065 0.018621
478200 -36963.28327906 6917.33200180 0.410768 5.6812 0.629715 0.181065 -0.021570
478300 -36877.15642429 6747.80402273 0.400701 5.6812 0.629715 0.181065 0.013704
478400 -36963.46133985 6729.98684766 0.399643 5.6812 0.629715 0.181065 -0.024322
478500 -36906.30573611 6676.06782475 0.396441 5.6846 0.630424 0.179917 -0.007599
478600 -36880.99600626 6754.39039514 0.401092 5.6846 0.630424 0.179917 0.019376
478700 -36887.76212064 6688.60687653 0.397186 5.6846 0.630424 0.179917 0.015814
478800 -36970.51359526 6819.69317704 0.404970 5.6846 0.630424 0.179917 -0.008963
478900 -36928.18519793 6652.68269098 0.395052 5.6846 0.630424 0.179917 0.022222
479000 -36886.49831419 6758.26325164 0.401322 5.6724 0.635072 0.180311 0.035751
479100 -36906.29011458 6689.25181533 0.397224 5.6724 0.635072 0.180311 -0.001264
479200 -36880.37339935 6726.12829130 0.399414 5.6724 0.635072 0.180311 0.017708
479300 -36855.44473098 6799.95920166 0.403798 5.6724 0.635072 0.180311 0.017814
479400 -36852.27401326 6731.54088194 0.399735 5.6724 0.635072 0.180311 0.013497
479500 -36790.28462455 6797.52322150 0.403653 5.6793 0.628744 0.181985 0.023455
479600 -36812.36791001 6806.12630976 0.404164 5.6793 0.628744 0.181985 0.005562
479700 -36861.66969796 6768.38341209 0.401923 5.6793 0.628744 0.181985 -0.031217
479800 -36789.49486119 6709.37631454 0.398419 5.6793 0.628744 0.181985 0.003442
479900 -36801.40223495 6817.95021368 0.404866 5.6793 0.628744 0.181985 0.013704
480000 -36637.44316388 6736.80453157 0.400048 5.6792 0.617490 0.183095 0.045465
480100 -36822.72587243 6795.18669085 0.403515 5.6792 0.617490 0.183095 -0.018207
480200 -36793.46258116 6784.87674720 0.402902 5.6792 0.617490 0.183095 -0.004687
480300 -36882.66302879 6894.84444140 0.409433 5.6792 0.617490 0.183095 -0.015897
480400 -36839.65454058 6796.68328081 0.403604 5.6792 0.617490 0.183095 -0.016545
480500 -36814.20802908 6791.55737418 0.403299 5.6817 0.626767 0.180672 -0.003373
480600 -36868.06274462 6716.84647849 0.398863 5.6817 0.626767 0.180672 -0.010770
480700 -36856.19100140 6732.70778033 0.399805 5.6817 0.626767 0.180672 -0.000826
480800 -36875.05175458 6759.53371664 0.401397 5.6817 0.626767 0.180672 0.007149
480900 -36737.39104581 6733.54389775 0.399854 5.6817 0.626767 0.180672 0.027319
481000 -36773.27038565 6736.10630414 0.400006 5.6799 0.627714 0.180860 -0.002741
481100 -36766.02954053 6816.56131231 0.404784 5.6799 0.627714 0.180860 -0.006850
481200 -36792.10260009 6843.58064033 0.406388 5.6799 0.627714 0.180860 0.007077
481300 -36734.93572921 6729.51004369 0.399615 5.6799 0.627714 0.180860 0.022774
481400 -36795.58001993 6820.38125146 0.405011 5.6799 0.627714 0.180860 -0.002228
481500 -36831.36670318 6778.59391327 0.402529 5.6760 0.628074 0.181031 -0.006067
481600 -36817.22823428 6725.72725078 0.399390 5.6760 0.628074 0.181031 -0.010300
481700 -36815.45800310 6665.40207535 0.395808 5.6760 0.628074 0.181031 -0.034626
481800 -36866.37366049 6780.88520016 0.402665 5.6760 0.628074 0.181031 -0.038684
481900 -36885.12055406 6773.77210790 0.402243 5.6760 0.628074 0.181031 -0.029887
482000 -36840.96224454 6696.82349830 0.397674 5.6708 0.626300 0.181546 0.003231
482100 -36847.34378888 6708.34848492 0.398358 5.6708 0.626300 0.181546 0.022601
482200 -36871.60042061 6720.93334466 0.399105 5.6708 0.626300 0.181546 -0.013515
482300 -36867.27068896 6754.61322611 0.401105 5.6708 0.626300 0.181546 -0.010727
482400 -36867.51577798 6673.65619789 0.396298 5.6708 0.626300 0.181546 -0.004674
482500 -36954.02239885 6793.07445508 0.403389 5.6852 0.631381 0.178517 -0.049969
482600 -36905.68797870 6763.78653555 0.401650 5.6852 0.631381 0.178517 -0.029373
482700 -36889.60247810 6766.21782798 0.401794 5.6852 0.631381 0.178517 -0.028707
482800 -36868.39527998 6735.75856685 0.399986 5.6852 0.631381 0.178517 0.000648
482900 -36864.07633474 6732.65083282 0.399801 5.6852 0.631381 0.178517 0.001818
483000 -36805.76603865 6727.21438264 0.399478 5.6790 0.630023 0.182292 0.031161
483100 -36865.22255830 6786.75401314 0.403014 5.6790 0.630023 0.182292 -0.001586
483200 -36887.46702629 6710.83171541 0.398505 5.6790 0.630023 0.182292 -0.003253
483300 -36871.02836418 6724.17410235 0.399298 5.6790 0.630023 0.182292 -0.000657
483400 -36872.68773665 6737.24527046 0.400074 5.6790 0.630023 0.182292 -0.009894
483500 -36916.93805717 6648.42598458 0.394800 5.6873 0.624883 0.179559 -0.034836
483600 -36948.95342311 6701.94026177 0.397977 5.6873 0.624883 0.179559 -0.015765
483700 -36870.39599131 6697.79603706 0.397731 5.6873 0.624883 0.179559 0.027514
483800 -36817.06086470 6708.52190366 0.398368 5.6873 0.624883 0.179559 0.041593
483900 -36913.61228276 6761.63850886 0.401522 5.6873 0.624883 0.179559 -0.029328
484000 -36898.56938212 6671.98652712 0.396199 5.6789 0.631941 0.180358 -0.019520
484100 -36946.89082362 6701.71236673 0.397964 5.6789 0.631941 0.180358 -0.019917
484200 -36901.83624920 6754.60592290 0.401105 5.6789 0.631941 0.180358 -0.019212
484300 -36910.72387185 6797.99686888 0.403682 5.6789 0.631941 0.180358 -0.043384
484400 -36830.92902852 6714.13183923 0.398701 5.6789 0.631941 0.180358 -0.019208
484500 -36872.38983493 6749.29111844 0.400789 5.6814 0.632596 0.180878 -0.017097
484600 -36932.01577901 6796.35210243 0.403584 5.6814 0.632596 0.180878 -0.012372
484700 -36862.55069681 6773.67911605 0.402237 5.6814 0.632596 0.180878 0.013169
484800 -36952.23692015 6748.45998788 0.400740 5.6814 0.632596 0.180878 -0.016034
484900 -36802.33373321 6643.87616158 0.394529 5.6814 0.632596 0.180878 0.027753
485000 -36921.54634357 6850.19731613 0.406781 5.6849 0.629678 0.179921 -0.018866
485100 -36924.06591116 6708.32169702 0.398356 5.6849 0.629678 0.179921 -0.003390
485200 -36931.98908211 6775.42642999 0.402341 5.6849 0.629678 0.179921 -0.022771
485300 -36954.52531836 6748.61983040 0.400749 5.6849 0.629678 0.179921 -0.026456
485400 -36969.66309920 6801.89864865 0.403913 5.6849 0.629678 0.179921 -0.011137
485500 -36957.97084360 6849.44548076 0.406737 5.6853 0.627000 0.179631 -0.012710
485600 -36936.38535646 6741.94816831 0.400353 5.6853 0.627000 0.179631 0.010033
485700 -36981.93721327 6654.64075971 0.395169 5.6853 0.627000 0.179631 -0.007821
485800 -36987.17298532 6729.76173719 0.399630 5.6853 0.627000 0.179631 0.001081
485900 -36982.77432458 6647.05360859 0.394718 5.6853 0.627000 0.179631 -0.015063
486000 -36960.48510706 6697.70849619 0.397726 5.6916 0.629634 0.177645 0.001678
486100 -37005.10346682 6756.65304078 0.401226 5.6916 0.629634 0.177645 -0.005886
486200 -36864.78441285 6751.72763484 0.400934 5.6916 0.629634 0.177645 0.013296
486300 -36879.34201712 6783.21460772 0.402804 5.6916 0.629634 0.177645 0.039970
486400 -36843.49090906 6711.78674977 0.398562 5.6916 0.629634 0.177645 0.038989
486500 -36868.98972798 6717.03118738 0.398874 5.6770 0.630951 0.181362 0.005898
486600 -36874.94336167 6698.26934151 0.397759 5.6770 0.630951 0.181362 -0.011386
486700 -36940.01514538 6734.19887088 0.399893 5.6770 0.630951 0.181362 -0.004357
486800 -36935.15286324 6722.65868139 0.399208 5.6770 0.630951 0.181362 0.005028
486900 -36948.80623496 6732.98932092 0.399821 5.6770 0.630951 0.181362 0.003420
487000 -36846.97902637 6684.32466203 0.396931 5.6723 0.630125 0.182417 0.029700
487100 -36878.77771042 6797.65268735 0.403661 5.6723 0.630125 0.182417 -0.007956
487200 -36931.33421494 6772.91247314 0.402192 5.6723 0.630125 0.182417 -0.000344
487300 -36825.81909536 6678.41462284 0.396580 5.6723 0.630125 0.182417 0.001858
487400 -36818.80674550 6727.75965054 0.399511 5.6723 0.630125 0.182417 0.032072
487500 -36928.29651465 6702.45247094 0.398008 5.6816 0.635234 0.179006 -0.015592
487600 -36965.88287109 6733.58655310 0.399857 5.6816 0.635234 0.179006 -0.024007
487700 -36964.93878150 6815.10299409 0.404697 5.6816 0.635234 0.179006 -0.019021
487800 -36927.85065132 6690.67426657 0.397308 5.6816 0.635234 0.179006 -0.003764
487900 -36948.30792942 6746.62848145 0.400631 5.6816 0.635234 0.179006 -0.003516
488000 -36968.65345880 6753.31279112 0.401028 5.6808 0.634512 0.179729 -0.021452
488100 -36948.99869508 6747.99205062 0.400712 5.6808 0.634512 0.179729 -0.017883
488200 -36878.27116334 6749.77223519 0.400818 5.6808 0.634512 0.179729 0.028981
488300 -36870.57291095 6795.08434804 0.403509 5.6808 0.634512 0.179729 0.028808
488400 -36821.73714658 6757.28058281 0.401264 5.6808 0.634512 0.179729 0.043785
488500 -36833.76201913 6782.69898410 0.402773 5.6768 0.628556 0.181940 0.016761
488600 -36851.11844827 6843.07847762 0.406359 5.6768 0.628556 0.181940 0.007973
488700 -36867.37470833 6814.22765153 0.404645 5.6768 0.628556 0.181940 0.002771
488800 -36809.98333922 6785.36318898 0.402931 5.6768 0.628556 0.181940 0.015503
488900 -36761.47346363 6715.38668970 0.398776 5.6768 0.628556 0.181940 0.012862
489000 -36837.34041972 6729.41168869 0.399609 5.6846 0.625618 0.182860 -0.032708
489100 -36771.69534997 6773.56596821 0.402231 5.6846 0.625618 0.182860 -0.004344
489200 -36786.11763549 6772.99308945 0.402197 5.6846 0.625618 0.182860 -0.007996
489300 -36828.60496575 6736.68107280 0.400040 5.6846 0.625618 0.182860 0.001353
489400 -36883.45662788 6752.47901559 0.400979 5.6846 0.625618 0.182860 -0.022136
489500 -36864.23899525 6777.89982764 0.402488 5.6904 0.627670 0.180139 0.004172
489600 -36923.63384779 6729.01113777 0.399585 5.6904 0.627670 0.180139 -0.002611
489700 -36906.66796794 6671.61282444 0.396177 5.6904 0.627670 0.180139 0.009615
489800 -36864.04737568 6734.49217355 0.399910 5.6904 0.627670 0.180139 0.003381
489900 -36886.19543374 6684.19548024 0.396924 5.6904 0.627670 0.180139 0.002450
490000 -36927.54407307 6714.04070630 0.398696 5.6833 0.635325 0.179157 -0.013238
490100 -36922.96679464 6713.74146254 0.398678 5.6833 0.635325 0.179157 -0.009927
490200 -36964.09149110 6694.39874373 0.397530 5.6833 0.635325 0.179157 -0.018752
490300 -36965.92115669 6610.30597663 0.392536 5.6833 0.635325 0.179157 -0.015638
490400 -36971.89355469 6720.33942964 0.399070 5.6833 0.635325 0.179157 -0.034347
490500 -36989.95881739 6685.09162368 0.396977 5.6716 0.636250 0.180686 -0.020736
490600 -36967.52745074 6727.62926303 0.399503 5.6716 0.636250 0.180686 -0.020454
490700 -36946.32867049 6725.85626330 0.399398 5.6716 0.636250 0.180686 -0.003763
490800 -36944.46910820 6724.14241514 0.399296 5.6716 0.636250 0.180686 -0.007990
490900 -36892.68662715 6775.14114879 0.402324 5.6716 0.636250 0.180686 -0.008192
491000 -36945.16319043 6750.11964088 0.400838 5.6885 0.634566 0.180448 -0.018707
491100 -36951.81534718 6757.45466707 0.401274 5.6885 0.634566 0.180448 -0.033183
491200 -36959.30027709 6676.66952107 0.396477 5.6885 0.634566 0.180448 -0.015864
491300 -36958.91715960 6709.30753749 0.398415 5.6885 0.634566 0.180448 -0.010689
491400 -37034.98801119 6718.54678539 0.398964 5.6885 0.634566 0.180448 -0.036501
491500 -37006.27661460 6656.52905780 0.395281 5.6787 0.631989 0.180057 -0.005115
491600 -37050.08571609 6749.44086310 0.400798 5.6787 0.631989 0.180057 -0.025490
491700 -36996.97315354 6753.72624708 0.401053 5.6787 0.631989 0.180057 0.004734
491800 -37004.80842361 6736.58024398 0.400034 5.6787 0.631989 0.180057 0.015206
491900 -37047.91971283 6741.22057924 0.400310 5.6787 0.631989 0.180057 -0.017307
492000 -37002.85938812 6751.06878903 0.400895 5.6823 0.629859 0.181732 0.001212
492100 -37045.86400771 6729.58232052 0.399619 5.6823 0.629859 0.181732 0.008061
492200 -37074.74015527 6755.21572093 0.401141 5.6823 0.629859 0.181732 -0.006119
492300 -37041.12695572 6709.82250895 0.398446 5.6823 0.629859 0.181732 0.007809
492400 -36988.63838644 6724.70824462 0.399329 5.6823 0.629859 0.181732 0.029452
492500 -37055.62576386 6734.09795322 0.399887 5.6855 0.634640 0.177956 -0.012975
492600 -37049.97634319 6747.87506624 0.400705 5.6855 0.634640 0.177956 -0.025639
492700 -37027.82545920 6706.85697361 0.398269 5.6855 0.634640 0.177956 -0.008378
492800 -37038.71123876 6767.97860434 0.401899 5.6855 0.634640 0.177956 0.004765
492900 -37094.74239283 6764.24579711 0.401677 5.6855 0.634640 0.177956 0.000092
493000 -37065.30932081 6714.16093164 0.398703 5.6869 0.634150 0.177921 -0.019649
493100 -37109.11994265 6773.40760730 0.402221 5.6869 0.634150 0.177921 -0.008243
493200 -37074.27681928 6755.02416241 0.401130 5.6869 0.634150 0.177921 -0.002019
493300 -37060.43661834 6726.60491927 0.399442 5.6869 0.634150 0.177921 -0.010904
493400 -37024.69362825 6710.47884824 0.398484 5.6869 0.634150 0.177921 0.003830
493500 -37045.93427816 6752.58132171 0.400985 5.6748 0.634044 0.179985 0.004445
493600 -36985.04311517 6680.61266443 0.396711 5.6748 0.634044 0.179985 0.020097
493700 -37008.85830286 6613.85575307 0.392747 5.6748 0.634044 0.179985 0.015520
493800 -37073.13098396 6699.44147316 0.397829 5.6748 0.634044 0.179985 -0.020828
493900 -37026.37497362 6640.00609451 0.394300 5.6748 0.634044 0.179985 0.005514
494000 -37006.80199996 6633.09503680 0.393889 5.6802 0.633461 0.181089 0.007165
494100 -37034.90218457 6664.99571887 0.395784 5.6802 0.633461 0.181089 -0.013127
494200 -36993.53162524 6757.50259239 0.401277 5.6802 0.633461 0.181089 0.030200
494300 -37074.39275384 6792.68618082 0.403366 5.6802 0.633461 0.181089 -0.020732
494400 -37073.68036463 6780.77307173 0.402659 5.6802 0.633461 0.181089 -0.012661
494500 -37089.07161413 6706.99877970 0.398278 5.6863 0.631868 0.179637 -0.021568
494600 -37016.83973090 6672.80074234 0.396247 5.6863 0.631868 0.179637 -0.001740
494700 -37037.54989897 6667.50026662 0.395932 5.6863 0.631868 0.179637 -0.019600
494800 -37021.57478570 6713.38316797 0.398657 5.6863 0.631868 0.179637 -0.002436
494900 -36938.03598804 6716.13528803 0.398820 5.6863 0.631868 0.179637 0.034716
495000 -37013.52401191 6695.43687437 0.397591 5.6848 0.631013 0.179879 -0.007921
495100 -36956.84415764 6680.46400766 0.396702 5.6848 0.631013 0.179879 0.004426
495200 -36931.46260892 6663.48389420 0.395694 5.6848 0.631013 0.179879 0.015240
495300 -37007.97457736 6724.54909621 0.399320 5.6848 0.631013 0.179879 -0.020014
495400 -36947.37699855 6740.32960355 0.400257 5.6848 0.631013 0.179879 0.025191
495500 -37008.74658810 6717.99536339 0.398931 5.6878 0.626845 0.179527 -0.006526
495600 -36945.51629200 6705.70857447 0.398201 5.6878 0.626845 0.179527 0.038868
495700 -36958.14808545 6687.28285009 0.397107 5.6878 0.626845 0.179527 0.034514
495800 -36973.84949232 6824.76638376 0.405271 5.6878 0.626845 0.179527 0.024744
495900 -37017.65171010 6736.22541679 0.400013 5.6878 0.626845 0.179527 -0.018173
496000 -36994.34880027 6761.84869285 0.401535 5.6808 0.636108 0.179707 0.003765
496100 -36998.68049814 6745.88433420 0.400587 5.6808 0.636108 0.179707 -0.001766
496200 -37063.49911818 6783.31935294 0.402810 5.6808 0.636108 0.179707 -0.011033
496300 -37075.36836419 6818.26335069 0.404885 5.6808 0.636108 0.179707 -0.023314
496400 -37013.36315297 6735.04466011 0.399943 5.6808 0.636108 0.179707 0.004033
496500 -37024.08145183 6742.39954562 0.400380 5.6901 0.626745 0.180019 -0.000549
496600 -37040.52810231 6683.92270486 0.396908 5.6901 0.626745 0.180019 0.000537
496700 -37057.81563172 6647.02134386 0.394716 5.6901 0.626745 0.180019 -0.020752
496800 -37072.44629614 6740.64333366 0.400276 5.6901 0.626745 0.180019 -0.005547
496900 -36979.50750542 6668.99755795 0.396021 5.6901 0.626745 0.180019 0.010605
497000 -36998.91542768 6751.51794737 0.400921 5.6764 0.632919 0.180990 0.009736
497100 -36919.96215359 6742.97301578 0.400414 5.6764 0.632919 0.180990 0.025445
497200 -36929.74593475 6784.77845362 0.402897 5.6764 0.632919 0.180990 0.020338
497300 -36903.97806867 6751.80638245 0.400939 5.6764 0.632919 0.180990 0.011020
497400 -36903.22032903 6776.92348674 0.402430 5.6764 0.632919 0.180990 0.017270
497500 -36932.90196243 6805.57141910 0.404131 5.6838 0.627762 0.180423 0.013162
497600 -36959.69844011 6792.82387884 0.403374 5.6838 0.627762 0.180423 0.001623
497700 -36905.25040184 6711.45003637 0.398542 5.6838 0.627762 0.180423 0.018126
497800 -36909.91346117 6784.51705669 0.402881 5.6838 0.627762 0.180423 0.012453
497900 -36878.93587775 6813.91180283 0.404627 5.6838 0.627762 0.180423 0.029656
498000 -36818.44616575 6797.13934917 0.403631 5.6747 0.630515 0.182187 0.049146
498100 -36875.15250895 6712.86415652 0.398626 5.6747 0.630515 0.182187 0.040192
498200 -36940.09513905 6778.32688833 0.402513 5.6747 0.630515 0.182187 0.003822
498300 -36867.37799631 6738.40155083 0.400143 5.6747 0.630515 0.182187 0.011321
498400 -36924.01799672 6726.05439731 0.399409 5.6747 0.630515 0.182187 0.001044
498500 -36940.68822653 6669.63468595 0.396059 5.6825 0.631224 0.179901 -0.029957
498600 -36894.54388018 6667.98563009 0.395961 5.6825 0.631224 0.179901 0.003679
498700 -36990.04960085 6692.57706624 0.397421 5.6825 0.631224 0.179901 -0.040794
498800 -36945.33718221 6738.21031954 0.400131 5.6825 0.631224 0.179901 -0.007371
498900 -36897.37301893 6832.59851957 0.405736 5.6825 0.631224 0.179901 0.014348
499000 -36913.21027688 6766.43002479 0.401807 5.6791 0.631787 0.179290 0.004995
499100 -36962.14035614 6778.41551937 0.402519 5.6791 0.631787 0.179290 -0.027959
499200 -36863.37293778 6680.80782536 0.396723 5.6791 0.631787 0.179290 0.011927
499300 -36877.09951362 6687.28210760 0.397107 5.6791 0.631787 0.179290 0.003581
499400 -36907.91230020 6754.42647221 0.401094 5.6791 0.631787 0.179290 0.000814
499500 -36858.22442978 6775.90783831 0.402370 5.6815 0.631590 0.181251 -0.007850
499600 -36835.86184026 6760.04422681 0.401428 5.6815 0.631590 0.181251 0.023777
499700 -36876.56443644 6802.59409330 0.403955 5.6815 0.631590 0.181251 -0.015167
499800 -36851.13256090 6755.28285280 0.401145 5.6815 0.631590 0.181251 -0.006067
499900 -36948.30951007 6781.72988915 0.402716 5.6815 0.631590 0.181251 -0.037934
