# MD run at T = 0.360000
# input   = bicrystal_Sigma421_theta4.8381deg.dat
# seed    = 4000794
# N_atoms = 16828
# barostat= 1  P_target = 0.0000
# columns : step PE KE T_inst coord psi6 psi4 P
0 -52843.28946492 6052.67791635 0.359679 5.9971 0.998534 0.007982 0.360160
100 -48964.54955498 4040.08560581 0.240081 5.9971 0.998534 0.007982 1.230387
200 -48213.29500411 4733.79891002 0.281305 5.9971 0.998534 0.007982 1.004079
300 -47662.94916281 5217.98461423 0.310078 5.9971 0.998534 0.007982 0.805919
400 -47056.49424126 5316.10904845 0.315909 5.9971 0.998534 0.007982 0.704601
500 -46729.68855432 5556.37944747 0.330187 5.9975 0.911132 0.075758 0.560771
600 -46464.64679782 5721.75044739 0.340014 5.9975 0.911132 0.075758 0.447879
700 -46122.64237217 5736.94128113 0.340916 5.9975 0.911132 0.075758 0.405678
800 -45952.02938410 5832.31529245 0.346584 5.9975 0.911132 0.075758 0.317030
900 -45756.52270825 5870.72572109 0.348867 5.9975 0.911132 0.075758 0.273511
1000 -45618.07303565 5892.35523313 0.350152 5.9950 0.890877 0.084121 0.233207
1100 -45535.43940218 5958.83643316 0.354102 5.9950 0.890877 0.084121 0.179477
1200 -45450.91712431 5919.70540779 0.351777 5.9950 0.890877 0.084121 0.136305
1300 -45284.86599252 5933.25622236 0.352582 5.9950 0.890877 0.084121 0.148852
1400 -45231.03969838 5951.59115372 0.353672 5.9950 0.890877 0.084121 0.126510
1500 -45097.63796959 5952.01804101 0.353697 5.9918 0.878697 0.087969 0.131297
1600 -45127.46880637 6046.62369434 0.359319 5.9918 0.878697 0.087969 0.083104
1700 -45003.19428045 5980.75626935 0.355405 5.9918 0.878697 0.087969 0.093757
1800 -44979.09001104 5986.56016094 0.355750 5.9918 0.878697 0.087969 0.071884
1900 -45043.15158621 5985.68033918 0.355698 5.9918 0.878697 0.087969 0.024002
2000 -44971.53057792 5963.45198354 0.354377 5.9913 0.876198 0.089607 0.044334
2100 -45001.63536482 5978.99242984 0.355300 5.9913 0.876198 0.089607 0.018042
2200 -44910.08934403 5939.21289247 0.352936 5.9913 0.876198 0.089607 0.038284
2300 -44869.16964524 5874.87993649 0.349113 5.9913 0.876198 0.089607 0.052777
2400 -44879.60310937 5943.03888339 0.353164 5.9913 0.876198 0.089607 0.039132
2500 -44942.88075943 6042.14387573 0.359053 5.9907 0.874615 0.090169 0.006739
2600 -44876.82036373 6061.93100083 0.360229 5.9907 0.874615 0.090169 0.025169
2700 -44833.96657249 6032.43017357 0.358476 5.9907 0.874615 0.090169 0.026031
2800 -44839.56174594 6041.73421795 0.359029 5.9907 0.874615 0.090169 0.015641
2900 -44817.75423313 6015.08567040 0.357445 5.9907 0.874615 0.090169 0.017861
3000 -44813.76234730 6037.03122594 0.358749 5.9893 0.872925 0.090641 0.004485
3100 -44801.11088690 6086.64909455 0.361698 5.9893 0.872925 0.090641 0.009696
3200 -44744.26036236 6055.24694346 0.359832 5.9893 0.872925 0.090641 0.025836
3300 -44743.53504474 6121.24291473 0.363753 5.9893 0.872925 0.090641 0.024103
3400 -44671.28551375 6076.61929518 0.361102 5.9893 0.872925 0.090641 0.039522
3500 -44716.34040220 6011.02431341 0.357204 5.9881 0.868010 0.091719 0.013187
3600 -44723.01446340 5991.11666848 0.356021 5.9881 0.868010 0.091719 0.002398
3700 -44766.69397550 6030.92553156 0.358386 5.9881 0.868010 0.091719 -0.002905
3800 -44799.30940440 6125.47603267 0.364005 5.9881 0.868010 0.091719 -0.025452
3900 -44737.39029265 6016.38783697 0.357522 5.9881 0.868010 0.091719 0.007735
4000 -44725.37739710 6035.46573338 0.358656 5.9879 0.870672 0.091368 0.012923
4100 -44736.41337492 6020.39372402 0.357761 5.9879 0.870672 0.091368 0.004326
4200 -44698.13840190 5992.95887915 0.356130 5.9879 0.870672 0.091368 0.017790
4300 -44810.30801248 6122.72551441 0.363842 5.9879 0.870672 0.091368 -0.025256
4400 -44686.25307681 6010.23221607 0.357157 5.9879 0.870672 0.091368 0.020834
4500 -44725.94898360 6067.08357712 0.360535 5.9872 0.869332 0.092038 0.000630
4600 -44735.32063647 6040.40267181 0.358950 5.9872 0.869332 0.092038 0.004262
4700 -44769.30203226 6054.67916465 0.359798 5.9872 0.869332 0.092038 -0.017383
4800 -44752.71583380 6071.31927400 0.360787 5.9872 0.869332 0.092038 -0.007503
4900 -44791.00883846 6006.50040812 0.356935 5.9872 0.869332 0.092038 -0.020592
5000 -44728.42379899 5949.81297650 0.353566 5.9868 0.870545 0.091281 0.020600
5100 -44737.90499909 6017.70193657 0.357601 5.9868 0.870545 0.091281 0.020256
5200 -44638.92599710 6045.52068529 0.359254 5.9868 0.870545 0.091281 0.039310
5300 -44665.18690218 6071.51521443 0.360798 5.9868 0.870545 0.091281 0.024639
5400 -44684.94888971 6006.31105935 0.356924 5.9868 0.870545 0.091281 0.012458
5500 -44694.36564326 6067.14342079 0.360539 5.9875 0.868721 0.091895 0.011890
5600 -44744.52266029 6045.01044444 0.359223 5.9875 0.868721 0.091895 -0.016262
5700 -44749.31274578 6037.48680438 0.358776 5.9875 0.868721 0.091895 -0.013216
5800 -44732.25730627 6076.92683891 0.361120 5.9875 0.868721 0.091895 -0.005653
5900 -44764.30091870 6011.66831730 0.357242 5.9875 0.868721 0.091895 -0.013153
6000 -44777.04546592 6024.05614757 0.357978 5.9885 0.871839 0.090647 -0.027119
6100 -44693.93179518 5971.34102744 0.354846 5.9885 0.871839 0.090647 0.019046
6200 -44699.35785473 5987.87966106 0.355828 5.9885 0.871839 0.090647 0.013224
6300 -44742.38145832 6067.96591988 0.360587 5.9885 0.871839 0.090647 -0.006199
6400 -44663.71712984 6049.30227204 0.359478 5.9885 0.871839 0.090647 0.025309
6500 -44720.30358761 6015.47366751 0.357468 5.9873 0.868788 0.092175 0.002840
6600 -44723.27703109 6041.56187399 0.359018 5.9873 0.868788 0.092175 -0.003772
6700 -44755.09592436 6048.33432182 0.359421 5.9873 0.868788 0.092175 -0.012280
6800 -44742.19349304 6143.27563364 0.365063 5.9873 0.868788 0.092175 -0.006996
6900 -44723.77981160 6025.52025101 0.358065 5.9873 0.868788 0.092175 0.001493
7000 -44702.74986176 5995.12409264 0.356259 5.9865 0.870012 0.091778 0.011889
7100 -44751.54432783 6003.82513899 0.356776 5.9865 0.870012 0.091778 -0.012324
7200 -44754.39015870 6038.73042082 0.358850 5.9865 0.870012 0.091778 -0.004402
7300 -44818.95708597 6041.11384706 0.358992 5.9865 0.870012 0.091778 -0.031265
7400 -44780.17871021 5968.51063365 0.354677 5.9865 0.870012 0.091778 -0.011598
7500 -44774.39861513 6014.57074210 0.357414 5.9874 0.870638 0.091370 0.005900
7600 -44857.57943659 6035.65367213 0.358667 5.9874 0.870638 0.091370 -0.040790
7700 -44858.72196507 6019.40500289 0.357702 5.9874 0.870638 0.091370 -0.021376
7800 -44829.55126009 5981.33081928 0.355439 5.9874 0.870638 0.091370 -0.007072
7900 -44804.09033046 5969.29691705 0.354724 5.9874 0.870638 0.091370 0.008407
8000 -44882.72644677 6037.65718388 0.358786 5.9888 0.873744 0.089992 -0.023764
8100 -44836.91793857 5991.59593350 0.356049 5.9888 0.873744 0.089992 -0.003571
8200 -44832.57550088 6021.76448374 0.357842 5.9888 0.873744 0.089992 0.000833
8300 -44746.53973611 5964.07863514 0.354414 5.9888 0.873744 0.089992 0.028405
8400 -44813.35541820 6002.10028506 0.356673 5.9888 0.873744 0.089992 0.003313
8500 -44816.86141458 6002.80006059 0.356715 5.9882 0.875198 0.090160 -0.005192
8600 -44792.00709764 6050.40256009 0.359544 5.9882 0.875198 0.090160 0.013819
8700 -44778.79313183 6058.17954875 0.360006 5.9882 0.875198 0.090160 0.017923
8800 -44729.04347389 6026.13075133 0.358101 5.9882 0.875198 0.090160 0.017568
8900 -44738.73077740 6030.39019187 0.358355 5.9882 0.875198 0.090160 0.014583
9000 -44698.73484099 6069.44727509 0.360675 5.9888 0.869485 0.092308 0.021742
9100 -44740.88390573 6129.82244166 0.364263 5.9888 0.869485 0.092308 0.004971
9200 -44772.04662676 6039.64315136 0.358904 5.9888 0.869485 0.092308 -0.018783
9300 -44782.06599422 5989.68193081 0.355935 5.9888 0.869485 0.092308 -0.018903
9400 -44809.83892755 5996.94244583 0.356367 5.9888 0.869485 0.092308 -0.022147
9500 -44738.79559306 6109.69945885 0.363067 5.9873 0.871102 0.091424 0.012956
9600 -44652.32672286 6117.56155120 0.363535 5.9873 0.871102 0.091424 0.037853
9700 -44776.30007118 6129.99450442 0.364274 5.9873 0.871102 0.091424 -0.030516
9800 -44769.81030401 6089.55504984 0.361870 5.9873 0.871102 0.091424 -0.017061
9900 -44628.64001444 6081.29674184 0.361380 5.9873 0.871102 0.091424 0.042553
10000 -44720.90299933 6122.00850502 0.363799 5.9875 0.867404 0.092031 -0.008795
10100 -44701.22739297 6034.05555851 0.358572 5.9875 0.867404 0.092031 -0.003880
10200 -44661.21617350 6074.33383769 0.360966 5.9875 0.867404 0.092031 0.018789
10300 -44700.54400904 6059.88687562 0.360107 5.9875 0.867404 0.092031 -0.002817
10400 -44706.46187522 5977.72469472 0.355225 5.9875 0.867404 0.092031 -0.012380
10500 -44671.31916814 6040.09132750 0.358931 5.9894 0.867581 0.091695 0.015989
10600 -44680.74269405 6088.73891465 0.361822 5.9894 0.867581 0.091695 0.009584
10700 -44664.62388398 6086.05018783 0.361662 5.9894 0.867581 0.091695 0.011454
10800 -44732.06443423 6103.00821238 0.362670 5.9894 0.867581 0.091695 -0.015542
10900 -44714.73075902 6079.20735775 0.361255 5.9894 0.867581 0.091695 -0.013837
11000 -44700.72256095 6082.61153753 0.361458 5.9861 0.867362 0.092066 -0.002946
11100 -44754.34198764 6129.40186398 0.364238 5.9861 0.867362 0.092066 -0.034799
11200 -44681.07832649 6099.71627217 0.362474 5.9861 0.867362 0.092066 0.004974
11300 -44631.34169071 6038.08666237 0.358812 5.9861 0.867362 0.092066 0.022690
11400 -44708.59452051 6071.79706414 0.360815 5.9861 0.867362 0.092066 -0.011953
11500 -44749.35622746 6003.96903889 0.356784 5.9868 0.872226 0.091094 -0.026509
11600 -44781.75984414 6009.89202836 0.357136 5.9868 0.872226 0.091094 -0.033240
11700 -44759.31644634 6040.36119004 0.358947 5.9868 0.872226 0.091094 -0.012206
11800 -44766.79184883 6109.16229912 0.363036 5.9868 0.872226 0.091094 -0.007704
11900 -44725.53896785 6095.70504031 0.362236 5.9868 0.872226 0.091094 -0.000126
12000 -44646.47010461 6090.03846144 0.361899 5.9867 0.868467 0.091616 0.031918
12100 -44637.59619122 6144.72412354 0.365149 5.9867 0.868467 0.091616 0.027679
12200 -44664.43667115 6001.59863103 0.356644 5.9867 0.868467 0.091616 0.003210
12300 -44762.45689570 6087.61200946 0.361755 5.9867 0.868467 0.091616 -0.029474
12400 -44726.29809534 6004.38390963 0.356809 5.9867 0.868467 0.091616 -0.012483
12500 -44712.14140228 6110.45635645 0.363112 5.9863 0.868725 0.091578 0.004645
12600 -44737.20857285 6037.38987992 0.358770 5.9863 0.868725 0.091578 -0.014182
12700 -44733.87302521 6059.51462028 0.360085 5.9863 0.868725 0.091578 -0.004177
12800 -44776.47827975 6079.94772769 0.361299 5.9863 0.868725 0.091578 -0.023840
12900 -44726.78518102 6045.20584428 0.359235 5.9863 0.868725 0.091578 0.005780
13000 -44726.96417014 6022.94630257 0.357912 5.9879 0.869426 0.091550 0.002619
13100 -44747.83082515 6011.55657030 0.357235 5.9879 0.869426 0.091550 -0.007140
13200 -44717.45384464 6045.14189161 0.359231 5.9879 0.869426 0.091550 0.019605
13300 -44737.85988886 6086.98642635 0.361718 5.9879 0.869426 0.091550 0.008711
13400 -44709.11404935 6026.40388453 0.358118 5.9879 0.869426 0.091550 0.013919
13500 -44649.82482469 6048.79499589 0.359448 5.9857 0.868040 0.092491 0.025830
13600 -44680.48539781 6001.10535525 0.356614 5.9857 0.868040 0.092491 0.010938
13700 -44727.19191952 6101.46422976 0.362578 5.9857 0.868040 0.092491 -0.006824
13800 -44734.98355199 6013.15746668 0.357330 5.9857 0.868040 0.092491 -0.017474
13900 -44713.88314396 6117.38144110 0.363524 5.9857 0.868040 0.092491 -0.002047
14000 -44683.12601221 6108.27197298 0.362983 5.9869 0.866128 0.091447 0.011795
14100 -44726.13457346 6118.53788581 0.363593 5.9869 0.866128 0.091447 -0.015967
14200 -44747.95936524 6064.68978414 0.360393 5.9869 0.866128 0.091447 -0.015490
14300 -44722.53982547 6082.92903149 0.361477 5.9869 0.866128 0.091447 -0.000844
14400 -44763.74110314 6112.78441683 0.363251 5.9869 0.866128 0.091447 -0.028673
14500 -44623.06345628 6027.39890732 0.358177 5.9866 0.866394 0.092375 0.026422
14600 -44648.19336223 6100.06489537 0.362495 5.9866 0.866394 0.092375 0.014557
14700 -44730.15213495 6073.70890721 0.360929 5.9866 0.866394 0.092375 -0.018829
14800 -44708.90626936 6042.92841590 0.359100 5.9866 0.866394 0.092375 -0.008863
14900 -44747.96131682 6032.32048639 0.358469 5.9866 0.866394 0.092375 -0.028099
15000 -44738.68500383 6042.51991433 0.359075 5.9865 0.869075 0.091433 -0.010930
15100 -44696.41452934 5988.20452589 0.355848 5.9865 0.869075 0.091433 0.005886
15200 -44692.50218459 6043.67963591 0.359144 5.9865 0.869075 0.091433 0.018764
15300 -44647.96708364 6085.38139714 0.361622 5.9865 0.869075 0.091433 0.031386
15400 -44672.16855195 6051.17410179 0.359590 5.9865 0.869075 0.091433 0.011501
15500 -44672.21758010 6016.53059578 0.357531 5.9861 0.869401 0.091888 0.007801
15600 -44667.00828742 6092.38112900 0.362038 5.9861 0.869401 0.091888 0.013924
15700 -44618.67854149 6073.88029426 0.360939 5.9861 0.869401 0.091888 0.015281
15800 -44659.42533598 6066.27826281 0.360487 5.9861 0.869401 0.091888 0.001680
15900 -44719.93126568 6040.10211417 0.358932 5.9861 0.869401 0.091888 -0.025937
16000 -44732.39010762 6053.40878789 0.359722 5.9863 0.869634 0.092077 -0.019972
16100 -44766.58642833 6022.75733029 0.357901 5.9863 0.869634 0.092077 -0.019372
16200 -44733.75694768 6002.40289513 0.356691 5.9863 0.869634 0.092077 -0.003175
16300 -44769.67560638 5956.65634428 0.353973 5.9863 0.869634 0.092077 -0.019535
16400 -44746.20036535 5968.76944413 0.354693 5.9863 0.869634 0.092077 -0.001552
16500 -44797.54614464 6096.56247492 0.362287 5.9857 0.870837 0.091513 -0.023909
16600 -44717.15557310 6007.38717196 0.356988 5.9857 0.870837 0.091513 0.007885
16700 -44785.57116492 6042.80603418 0.359092 5.9857 0.870837 0.091513 -0.011862
16800 -44710.49095679 6077.96956709 0.361182 5.9857 0.870837 0.091513 0.007146
16900 -44728.16374742 6095.19026437 0.362205 5.9857 0.870837 0.091513 -0.002580
17000 -44700.56598606 6073.20524423 0.360899 5.9867 0.868907 0.092127 0.009783
17100 -44708.76419505 6096.75935369 0.362299 5.9867 0.868907 0.092127 0.005922
17200 -44686.90327766 6098.93579597 0.362428 5.9867 0.868907 0.092127 0.014270
17300 -44744.84272540 6072.35712637 0.360848 5.9867 0.868907 0.092127 -0.012420
17400 -44684.15352752 6065.78682071 0.360458 5.9867 0.868907 0.092127 0.006712
17500 -44726.01922767 6050.03586472 0.359522 5.9866 0.869393 0.091385 -0.012481
17600 -44727.33149775 6002.20613120 0.356680 5.9866 0.869393 0.091385 -0.027385
17700 -44730.88769648 5986.45220256 0.355744 5.9866 0.869393 0.091385 -0.014107
17800 -44746.00717419 6019.01489424 0.357679 5.9866 0.869393 0.091385 -0.010594
17900 -44766.42139846 6048.53756048 0.359433 5.9866 0.869393 0.091385 -0.018409
18000 -44750.88786320 6014.07150457 0.357385 5.9860 0.871693 0.091379 -0.010896
18100 -44713.39142451 6082.78296375 0.361468 5.9860 0.871693 0.091379 0.016165
18200 -44726.49621635 6133.64027347 0.364490 5.9860 0.871693 0.091379 0.001810
18300 -44677.15910236 6030.93581560 0.358387 5.9860 0.871693 0.091379 0.016786
18400 -44644.96096174 6009.10309543 0.357090 5.9860 0.871693 0.091379 0.028552
18500 -44743.24009917 6109.83495685 0.363076 5.9882 0.868821 0.091722 -0.018403
18600 -44768.84947812 6148.22821358 0.365357 5.9882 0.868821 0.091722 -0.027813
18700 -44672.41463687 6032.62242861 0.358487 5.9882 0.868821 0.091722 0.016723
18800 -44656.33821787 6003.12706525 0.356734 5.9882 0.868821 0.091722 0.026230
18900 -44684.72316362 6053.63056844 0.359736 5.9882 0.868821 0.091722 0.011635
19000 -44672.48490469 6032.38831789 0.358473 5.9855 0.868422 0.092405 0.005863
19100 -44709.59344852 5980.92888975 0.355415 5.9855 0.868422 0.092405 -0.004980
19200 -44738.76667645 5998.54281805 0.356462 5.9855 0.868422 0.092405 -0.009895
19300 -44737.80557257 6026.73517121 0.358137 5.9855 0.868422 0.092405 -0.004380
19400 -44801.47447021 6050.74924074 0.359564 5.9855 0.868422 0.092405 -0.029628
19500 -44728.06281094 6090.87352939 0.361949 5.9872 0.870191 0.091177 0.013484
19600 -44681.01810352 6020.16973136 0.357747 5.9872 0.870191 0.091177 0.020505
19700 -44743.47826705 6063.74877463 0.360337 5.9872 0.870191 0.091177 -0.007519
19800 -44760.52044678 5948.00955358 0.353459 5.9872 0.870191 0.091177 -0.021124
19900 -44754.92806069 5981.69863476 0.355461 5.9872 0.870191 0.091177 -0.006367
20000 -44826.71775891 6022.96643111 0.357913 5.9897 0.872797 0.090541 -0.027020
20100 -44789.16890573 6065.51846141 0.360442 5.9897 0.872797 0.090541 0.000636
20200 -44697.00070488 6075.82945987 0.361055 5.9897 0.872797 0.090541 0.028716
20300 -44754.71451313 6064.63634850 0.360390 5.9897 0.872797 0.090541 -0.008161
20400 -44727.07713795 6088.06251803 0.361782 5.9897 0.872797 0.090541 0.010856
20500 -44741.09938235 6039.75716261 0.358911 5.9870 0.871279 0.090885 -0.014650
20600 -44726.40649233 6067.45554904 0.360557 5.9870 0.871279 0.090885 0.003372
20700 -44678.27358669 6120.06867131 0.363684 5.9870 0.871279 0.090885 0.013473
20800 -44724.61835596 6139.81491783 0.364857 5.9870 0.871279 0.090885 -0.002761
20900 -44713.33678663 6032.97346557 0.358508 5.9870 0.871279 0.090885 -0.004942
21000 -44722.78208689 6052.29672766 0.359656 5.9863 0.870885 0.091595 -0.002922
21100 -44721.94989189 6004.40172430 0.356810 5.9863 0.870885 0.091595 0.000903
21200 -44751.41305125 6077.62682265 0.361162 5.9863 0.870885 0.091595 -0.016536
21300 -44700.37556325 6030.60622964 0.358367 5.9863 0.870885 0.091595 0.010766
21400 -44708.59547408 6093.01546570 0.362076 5.9863 0.870885 0.091595 0.002795
21500 -44695.69945274 6063.15498687 0.360302 5.9879 0.869068 0.091856 0.007983
21600 -44678.20173372 6001.53266327 0.356640 5.9879 0.869068 0.091856 0.002805
21700 -44810.54865865 6073.11453921 0.360893 5.9879 0.869068 0.091856 -0.042237
21800 -44749.91742786 6075.06598803 0.361009 5.9879 0.869068 0.091856 -0.008688
21900 -44710.28433765 6034.35176466 0.358590 5.9879 0.869068 0.091856 0.004658
22000 -44751.93124258 6037.87676041 0.358799 5.9859 0.871880 0.091115 -0.006343
22100 -44776.09873445 5987.24461227 0.355791 5.9859 0.871880 0.091115 -0.020116
22200 -44742.49536411 5984.42247742 0.355623 5.9859 0.871880 0.091115 0.011578
22300 -44767.32764467 6115.94546116 0.363439 5.9859 0.871880 0.091115 0.004865
22400 -44753.53838418 6028.57837091 0.358247 5.9859 0.871880 0.091115 0.001869
22500 -44746.14159239 6006.43476170 0.356931 5.9844 0.868816 0.091487 0.002959
22600 -44751.15865250 6007.23971309 0.356979 5.9844 0.868816 0.091487 -0.007831
22700 -44832.66269445 6115.82384263 0.363431 5.9844 0.868816 0.091487 -0.034066
22800 -44789.78188755 6041.95475396 0.359042 5.9844 0.868816 0.091487 -0.026067
22900 -44714.77067636 5975.05526126 0.355066 5.9844 0.868816 0.091487 0.012298
23000 -44747.42450405 6066.77240090 0.360517 5.9857 0.869920 0.091252 0.005140
23100 -44779.67128971 5991.65251303 0.356053 5.9857 0.869920 0.091252 -0.016265
23200 -44703.18837621 6010.81934566 0.357192 5.9857 0.869920 0.091252 0.019669
23300 -44721.51958249 6030.27761605 0.358348 5.9857 0.869920 0.091252 0.013099
23400 -44723.24460898 6038.82925146 0.358856 5.9857 0.869920 0.091252 0.015127
23500 -44735.17128710 6012.97827809 0.357320 5.9848 0.868379 0.092092 0.000733
23600 -44702.77587850 5931.91948663 0.352503 5.9848 0.868379 0.092092 0.012316
23700 -44709.00358534 5978.57659134 0.355276 5.9848 0.868379 0.092092 0.014760
23800 -44756.54489406 6048.12108221 0.359408 5.9848 0.868379 0.092092 0.001060
23900 -44771.57932995 6049.87551558 0.359512 5.9848 0.868379 0.092092 -0.010642
24000 -44740.89544544 6032.15937381 0.358460 5.9866 0.870833 0.091398 -0.000829
24100 -44756.04787591 6046.28544335 0.359299 5.9866 0.870833 0.091398 0.000291
24200 -44674.14962633 6018.98457004 0.357677 5.9866 0.870833 0.091398 0.028477
24300 -44804.01870105 6051.10835292 0.359586 5.9866 0.870833 0.091398 -0.027315
24400 -44748.74813654 6037.56308079 0.358781 5.9866 0.870833 0.091398 0.002277
24500 -44687.69833177 6007.55106470 0.356997 5.9851 0.868241 0.091863 0.025619
24600 -44717.03404051 6027.99230981 0.358212 5.9851 0.868241 0.091863 0.010221
24700 -44794.93365541 6054.12063406 0.359765 5.9851 0.868241 0.091863 -0.023379
24800 -44691.96791459 6055.43211314 0.359843 5.9851 0.868241 0.091863 0.024084
24900 -44745.53100512 6082.38042459 0.361444 5.9851 0.868241 0.091863 -0.009305
25000 -44709.76137890 6060.42176168 0.360139 5.9866 0.870278 0.091668 0.009559
25100 -44676.27957369 6033.38979376 0.358533 5.9866 0.870278 0.091668 0.022026
25200 -44613.57125456 5992.37121610 0.356095 5.9866 0.870278 0.091668 0.045969
25300 -44729.16273386 6071.43121579 0.360793 5.9866 0.870278 0.091668 -0.018982
25400 -44635.95053356 6013.59086893 0.357356 5.9866 0.870278 0.091668 0.029514
25500 -44692.41861528 6032.28456622 0.358467 5.9866 0.869442 0.091678 0.005268
25600 -44748.36270116 6091.74747892 0.362001 5.9866 0.869442 0.091678 -0.019423
25700 -44703.57900916 6080.87385560 0.361355 5.9866 0.869442 0.091678 0.003804
25800 -44685.18307921 6045.60153587 0.359258 5.9866 0.869442 0.091678 0.012738
25900 -44692.87946204 6003.96931508 0.356784 5.9866 0.869442 0.091678 0.004042
26000 -44706.78499305 6033.78517831 0.358556 5.9872 0.869309 0.091541 0.004015
26100 -44727.29425203 6054.96617558 0.359815 5.9872 0.869309 0.091541 -0.004276
26200 -44735.74021799 6094.41519972 0.362159 5.9872 0.869309 0.091541 0.001704
26300 -44719.42392971 6088.31990873 0.361797 5.9872 0.869309 0.091541 -0.007421
26400 -44753.92947955 6061.32145610 0.360193 5.9872 0.869309 0.091541 -0.018762
26500 -44671.03916522 6065.74950408 0.360456 5.9845 0.867704 0.092581 0.026020
26600 -44740.10262876 6117.21764783 0.363514 5.9845 0.867704 0.092581 -0.012360
26700 -44610.12469369 6037.54816634 0.358780 5.9845 0.867704 0.092581 0.035376
26800 -44722.51865326 6093.84425809 0.362125 5.9845 0.867704 0.092581 -0.012936
26900 -44708.17431307 6020.76448303 0.357783 5.9845 0.867704 0.092581 -0.008980
27000 -44728.55620070 6039.41087127 0.358891 5.9863 0.869536 0.091646 -0.026806
27100 -44657.93128424 6024.61283504 0.358011 5.9863 0.869536 0.091646 0.018549
27200 -44704.75251367 6056.09563232 0.359882 5.9863 0.869536 0.091646 -0.011894
27300 -44695.17230169 6061.85858566 0.360225 5.9863 0.869536 0.091646 -0.006472
27400 -44668.00960871 6006.68548503 0.356946 5.9863 0.869536 0.091646 0.013570
27500 -44638.78785539 5985.59648557 0.355693 5.9855 0.867295 0.092069 0.014696
27600 -44745.27569189 6100.19675230 0.362503 5.9855 0.867295 0.092069 -0.023276
27700 -44649.45177110 6057.98156397 0.359994 5.9855 0.867295 0.092069 0.014066
27800 -44710.34869289 6087.67308125 0.361759 5.9855 0.867295 0.092069 -0.013216
27900 -44658.60391023 5995.80965634 0.356300 5.9855 0.867295 0.092069 0.009694
28000 -44711.82328900 6063.41734582 0.360317 5.9862 0.870783 0.091318 -0.007901
28100 -44740.35182975 6092.15042418 0.362025 5.9862 0.870783 0.091318 -0.018527
28200 -44709.20721020 6027.90950479 0.358207 5.9862 0.870783 0.091318 -0.008979
28300 -44714.07274528 6045.29294466 0.359240 5.9862 0.870783 0.091318 -0.001035
28400 -44769.14773815 6051.27399639 0.359596 5.9862 0.870783 0.091318 -0.018896
28500 -44758.67569174 5990.55092527 0.355987 5.9870 0.870953 0.091194 -0.013180
28600 -44740.26369252 5979.70581906 0.355343 5.9870 0.870953 0.091194 -0.007007
28700 -44760.17289370 6068.19280347 0.360601 5.9870 0.870953 0.091194 -0.007196
28800 -44738.37553023 6023.70766992 0.357957 5.9870 0.870953 0.091194 0.013553
28900 -44720.30459389 6052.36363967 0.359660 5.9870 0.870953 0.091194 0.015029
29000 -44712.26517090 6059.58463205 0.360089 5.9870 0.868797 0.091629 0.010167
29100 -44752.51000749 6074.37720099 0.360968 5.9870 0.868797 0.091629 -0.007458
29200 -44716.90779792 6075.67037880 0.361045 5.9870 0.868797 0.091629 0.008199
29300 -44673.14571194 6102.41060096 0.362634 5.9870 0.868797 0.091629 0.021692
29400 -44613.05649646 5994.75871287 0.356237 5.9870 0.868797 0.091629 0.038076
29500 -44719.88125496 6055.99971148 0.359876 5.9862 0.871934 0.091508 -0.009491
29600 -44716.07978409 6100.12366316 0.362498 5.9862 0.871934 0.091508 -0.016031
29700 -44663.09365329 6008.01774960 0.357025 5.9862 0.871934 0.091508 0.013611
29800 -44694.49447475 6059.07387435 0.360059 5.9862 0.871934 0.091508 -0.006151
29900 -44736.73207920 6068.64172329 0.360628 5.9862 0.871934 0.091508 -0.023762
30000 -44716.98814325 6008.43111191 0.357050 5.9843 0.868172 0.092269 -0.002331
30100 -44701.95396144 6098.23894035 0.362386 5.9843 0.868172 0.092269 0.010341
30200 -44674.16441769 6111.34689115 0.363165 5.9843 0.868172 0.092269 0.008712
30300 -44663.95213260 6044.61185575 0.359200 5.9843 0.868172 0.092269 0.003822
30400 -44661.09895633 5977.07775589 0.355186 5.9843 0.868172 0.092269 0.010049
30500 -44713.31439167 6056.03497459 0.359878 5.9866 0.871139 0.091374 -0.010931
30600 -44709.51122651 6104.85863235 0.362780 5.9866 0.871139 0.091374 -0.006739
30700 -44705.48675388 6062.57274315 0.360267 5.9866 0.871139 0.091374 -0.004431
30800 -44631.41126831 5970.12024633 0.354773 5.9866 0.871139 0.091374 0.028198
30900 -44726.92863294 6111.80992038 0.363193 5.9866 0.871139 0.091374 -0.010240
31000 -44694.88457238 6065.03673674 0.360413 5.9862 0.868584 0.092111 0.001649
31100 -44720.11594892 6033.31207165 0.358528 5.9862 0.868584 0.092111 -0.016169
31200 -44675.66654186 6048.96076258 0.359458 5.9862 0.868584 0.092111 0.013569
31300 -44669.21192331 6016.47148063 0.357527 5.9862 0.868584 0.092111 0.010760
31400 -44657.15750752 6007.68242532 0.357005 5.9862 0.868584 0.092111 0.017816
31500 -44659.24260674 6036.25047198 0.358703 5.9853 0.867029 0.092173 0.013697
31600 -44631.36808010 6063.06483624 0.360296 5.9853 0.867029 0.092173 0.024866
31700 -44697.96681552 6068.08668319 0.360595 5.9853 0.867029 0.092173 -0.002868
31800 -44702.76350435 6009.11412755 0.357090 5.9853 0.867029 0.092173 -0.007103
31900 -44710.94600823 6077.63439311 0.361162 5.9853 0.867029 0.092173 -0.008037
32000 -44666.85509348 5990.72728940 0.355998 5.9847 0.868012 0.092409 0.012539
32100 -44682.08041925 6076.97846189 0.361123 5.9847 0.868012 0.092409 0.007620
32200 -44672.54721335 6053.65074328 0.359737 5.9847 0.868012 0.092409 0.006815
32300 -44694.79096408 6104.18199664 0.362740 5.9847 0.868012 0.092409 -0.000434
32400 -44707.11430281 6074.05746472 0.360949 5.9847 0.868012 0.092409 -0.019349
32500 -44640.39051645 6042.51229302 0.359075 5.9853 0.867428 0.092249 0.023377
32600 -44746.05493458 6137.86810251 0.364741 5.9853 0.867428 0.092249 -0.027350
32700 -44668.86722069 6089.14550850 0.361846 5.9853 0.867428 0.092249 0.005592
32800 -44672.03198208 6028.71861143 0.358255 5.9853 0.867428 0.092249 -0.003791
32900 -44710.26372273 5976.09813189 0.355128 5.9853 0.867428 0.092249 -0.016771
33000 -44653.71421004 5950.29671916 0.353595 5.9878 0.867985 0.091647 0.003268
33100 -44687.95731689 5955.95229647 0.353931 5.9878 0.867985 0.091647 -0.007365
33200 -44757.27044519 6022.36336270 0.357878 5.9878 0.867985 0.091647 -0.024882
33300 -44694.52071700 5907.59735619 0.351058 5.9878 0.867985 0.091647 0.013990
33400 -44769.52830192 5997.84354202 0.356420 5.9878 0.867985 0.091647 -0.012641
33500 -44735.99285227 6059.11855709 0.360062 5.9865 0.870773 0.090435 0.009335
33600 -44719.44621177 6078.41961543 0.361209 5.9865 0.870773 0.090435 0.016508
33700 -44713.62398723 6030.61920763 0.358368 5.9865 0.870773 0.090435 0.011738
33800 -44731.17955455 6057.52493121 0.359967 5.9865 0.870773 0.090435 -0.001068
33900 -44702.54487339 6081.13242074 0.361370 5.9865 0.870773 0.090435 0.008509
34000 -44732.40842106 6033.17829060 0.358520 5.9867 0.870528 0.091843 -0.006418
34100 -44717.78226048 6049.63126378 0.359498 5.9867 0.870528 0.091843 -0.001013
34200 -44679.07990461 6077.78227887 0.361171 5.9867 0.870528 0.091843 0.018757
34300 -44651.11226998 6085.52381694 0.361631 5.9867 0.870528 0.091843 0.020529
34400 -44610.80318338 6030.23766625 0.358345 5.9867 0.870528 0.091843 0.034014
34500 -44596.26412158 6105.07530141 0.362793 5.9840 0.867906 0.092995 0.041258
34600 -44614.88491139 6145.01155456 0.365166 5.9840 0.867906 0.092995 0.014372
34700 -44611.64052947 6039.10260230 0.358872 5.9840 0.867906 0.092995 0.014762
34800 -44656.11624054 6052.61920647 0.359675 5.9840 0.867906 0.092995 -0.004994
34900 -44660.33837595 6017.45211913 0.357586 5.9840 0.867906 0.092995 0.004084
35000 -44690.45815974 5947.26157551 0.353415 5.9857 0.870173 0.092093 -0.008429
35100 -44704.94005800 6003.78901373 0.356774 5.9857 0.870173 0.092093 -0.010911
35200 -44762.00443595 6064.56706705 0.360385 5.9857 0.870173 0.092093 -0.022143
35300 -44726.50114848 6081.99667126 0.361421 5.9857 0.870173 0.092093 -0.009041
35400 -44661.45768809 5966.23117041 0.354542 5.9857 0.870173 0.092093 0.018888
35500 -44715.83481784 6037.34721520 0.358768 5.9867 0.867881 0.091938 -0.003292
35600 -44678.59520480 6046.29839661 0.359300 5.9867 0.867881 0.091938 0.008237
35700 -44699.17682994 6054.27350910 0.359774 5.9867 0.867881 0.091938 0.003987
35800 -44688.93433818 6049.79960961 0.359508 5.9867 0.867881 0.091938 0.009323
35900 -44731.64903487 6079.69211017 0.361284 5.9867 0.867881 0.091938 -0.011753
36000 -44748.11050411 6037.66812858 0.358787 5.9849 0.871456 0.092061 -0.013224
36100 -44733.45804869 6054.22982900 0.359771 5.9849 0.871456 0.092061 -0.002217
36200 -44681.97956723 5969.31575192 0.354725 5.9849 0.871456 0.092061 0.004536
36300 -44696.87868962 6010.33425063 0.357163 5.9849 0.871456 0.092061 -0.000413
36400 -44684.41967540 6053.74621049 0.359742 5.9849 0.871456 0.092061 0.014762
36500 -44678.68795902 5992.91381595 0.356128 5.9859 0.868292 0.092472 0.006439
36600 -44732.27421443 6051.21811201 0.359592 5.9859 0.868292 0.092472 -0.008904
36700 -44676.80889512 6076.18473143 0.361076 5.9859 0.868292 0.092472 0.020605
36800 -44646.85231563 6087.90879699 0.361773 5.9859 0.868292 0.092472 0.018666
36900 -44666.69678626 6052.89306248 0.359692 5.9859 0.868292 0.092472 0.003196
37000 -44694.19515136 6092.69704872 0.362057 5.9865 0.869141 0.092299 -0.013044
37100 -44685.91120799 6055.97190873 0.359875 5.9865 0.869141 0.092299 -0.011322
37200 -44705.80755482 6052.65136998 0.359677 5.9865 0.869141 0.092299 -0.013887
37300 -44726.24729455 6126.80287779 0.364084 5.9865 0.869141 0.092299 -0.020260
37400 -44640.51178902 6037.32978493 0.358767 5.9865 0.869141 0.092299 0.015335
37500 -44726.46179469 6098.16473441 0.362382 5.9847 0.869994 0.091493 -0.010818
37600 -44673.71466419 6063.23162775 0.360306 5.9847 0.869994 0.091493 0.012532
37700 -44741.29240290 6101.70285470 0.362592 5.9847 0.869994 0.091493 -0.024260
37800 -44711.25103924 5993.59302687 0.356168 5.9847 0.869994 0.091493 -0.005736
37900 -44729.81936455 6032.88927501 0.358503 5.9847 0.869994 0.091493 -0.009506
38000 -44707.90182268 5959.87499446 0.354164 5.9837 0.868674 0.093087 -0.003265
38100 -44733.78101648 6052.93309677 0.359694 5.9837 0.868674 0.093087 -0.005132
38200 -44644.55364129 6042.42934244 0.359070 5.9837 0.868674 0.093087 0.025651
38300 -44685.51354083 6091.26788295 0.361972 5.9837 0.868674 0.093087 0.011649
38400 -44610.84456428 5974.69237273 0.355045 5.9837 0.868674 0.093087 0.025659
38500 -44731.14253245 6140.86375138 0.364919 5.9853 0.869417 0.091259 -0.016522
38600 -44708.34808531 6045.76202890 0.359268 5.9853 0.869417 0.091259 -0.007897
38700 -44693.19916780 6028.06674558 0.358216 5.9853 0.869417 0.091259 0.001245
38800 -44755.49413548 6042.41763765 0.359069 5.9853 0.869417 0.091259 -0.016157
38900 -44672.69466039 5968.22221245 0.354660 5.9853 0.869417 0.091259 0.016839
39000 -44761.45655977 6058.44855103 0.360022 5.9879 0.871409 0.090801 -0.023966
39100 -44779.89910610 6018.93104590 0.357674 5.9879 0.871409 0.090801 -0.022673
39200 -44790.98814136 6093.01552064 0.362076 5.9879 0.871409 0.090801 -0.015479
39300 -44684.06130960 6126.42766471 0.364062 5.9879 0.871409 0.090801 0.025511
39400 -44705.25567005 6126.98119121 0.364094 5.9879 0.871409 0.090801 0.006096
39500 -44732.22469288 6001.78874445 0.356655 5.9875 0.868921 0.091064 -0.004674
39600 -44758.90851247 6017.12656184 0.357566 5.9875 0.868921 0.091064 -0.007117
39700 -44694.04157058 5979.23873509 0.355315 5.9875 0.868921 0.091064 0.018992
39800 -44757.40713616 5998.80545384 0.356478 5.9875 0.868921 0.091064 -0.005499
39900 -44726.08677089 6109.93892170 0.363082 5.9875 0.868921 0.091064 0.010507
40000 -44685.11064490 6089.83079548 0.361887 5.9829 0.868066 0.092655 0.020195
40100 -44708.52455258 6085.22140600 0.361613 5.9829 0.868066 0.092655 0.003337
40200 -44681.40362003 6075.65396720 0.361044 5.9829 0.868066 0.092655 0.011909
40300 -44735.75426957 6118.88835626 0.363614 5.9829 0.868066 0.092655 -0.012281
40400 -44668.07756022 6012.63908520 0.357300 5.9829 0.868066 0.092655 0.005723
40500 -44684.16543470 6109.56987884 0.363060 5.9853 0.870180 0.091150 -0.003154
40600 -44611.42171582 6057.13990666 0.359944 5.9853 0.870180 0.091150 0.039546
40700 -44671.52312480 6082.81400807 0.361470 5.9853 0.870180 0.091150 -0.003553
40800 -44638.08514324 6076.70014944 0.361106 5.9853 0.870180 0.091150 0.014914
40900 -44668.25467094 6166.24789762 0.366428 5.9853 0.870180 0.091150 0.003360
41000 -44640.17105168 6124.67721317 0.363958 5.9849 0.867866 0.092537 0.000285
41100 -44579.21097736 6101.15364978 0.362560 5.9849 0.867866 0.092537 0.021225
41200 -44629.57998842 6089.53185424 0.361869 5.9849 0.867866 0.092537 0.004669
41300 -44623.46562887 6093.23492751 0.362089 5.9849 0.867866 0.092537 -0.002112
41400 -44595.19500470 6081.47086868 0.361390 5.9849 0.867866 0.092537 0.013986
41500 -44587.16205326 6037.10272879 0.358753 5.9837 0.869121 0.092499 0.015999
41600 -44641.85121011 6137.61831840 0.364727 5.9837 0.869121 0.092499 -0.014892
41700 -44685.95672571 6060.19520090 0.360126 5.9837 0.869121 0.092499 -0.030396
41800 -44703.54705752 6086.59096915 0.361694 5.9837 0.869121 0.092499 -0.021027
41900 -44699.06987751 6045.81385455 0.359271 5.9837 0.869121 0.092499 -0.021256
42000 -44696.86648949 6102.49390069 0.362639 5.9851 0.868692 0.091874 -0.014991
42100 -44701.81447886 6020.67806684 0.357777 5.9851 0.868692 0.091874 -0.015202
42200 -44749.29178547 6041.94098456 0.359041 5.9851 0.868692 0.091874 -0.029581
42300 -44681.92462255 6065.74782340 0.360456 5.9851 0.868692 0.091874 0.001410
42400 -44688.86766260 6028.16126128 0.358222 5.9851 0.868692 0.091874 -0.003236
42500 -44771.54363500 6006.81928006 0.356954 5.9884 0.870685 0.091173 -0.033953
42600 -44712.54933700 5978.60062234 0.355277 5.9884 0.870685 0.091173 -0.002852
42700 -44756.09004533 6064.16396409 0.360362 5.9884 0.870685 0.091173 -0.012868
42800 -44697.83751278 6008.35253547 0.357045 5.9884 0.870685 0.091173 0.011547
42900 -44708.01389732 6043.10349029 0.359110 5.9884 0.870685 0.091173 0.006740
43000 -44702.26546247 6108.42301527 0.362992 5.9849 0.866726 0.092380 0.004679
43100 -44719.17657953 6023.53212451 0.357947 5.9849 0.866726 0.092380 -0.007167
43200 -44656.29897702 6034.84898662 0.358620 5.9849 0.866726 0.092380 0.021510
43300 -44689.30837412 6089.66006749 0.361877 5.9849 0.866726 0.092380 0.004973
43400 -44696.57494031 6152.49789812 0.365611 5.9849 0.866726 0.092380 0.000915
43500 -44649.81939067 6181.06119235 0.367308 5.9853 0.866531 0.092724 0.012239
43600 -44590.33801723 6055.60409969 0.359853 5.9853 0.866531 0.092724 0.021512
43700 -44660.58509458 6037.33792933 0.358767 5.9853 0.866531 0.092724 -0.004703
43800 -44670.18652765 6075.69768271 0.361047 5.9853 0.866531 0.092724 -0.008682
43900 -44644.52559002 6100.33764624 0.362511 5.9853 0.866531 0.092724 0.011344
44000 -44535.50759137 6077.92948414 0.361180 5.9859 0.866449 0.093209 0.051848
44100 -44680.21613556 6075.78400221 0.361052 5.9859 0.866449 0.093209 -0.018896
44200 -44608.86068341 6002.50326254 0.356697 5.9859 0.866449 0.093209 0.022112
44300 -44735.06982557 6048.16675649 0.359411 5.9859 0.866449 0.093209 -0.038989
44400 -44649.20132971 6050.39862854 0.359544 5.9859 0.866449 0.093209 0.005239
44500 -44631.80125758 6114.01093718 0.363324 5.9855 0.867193 0.092845 0.024567
44600 -44706.59144463 6063.00585067 0.360293 5.9855 0.867193 0.092845 -0.020249
44700 -44658.08168113 6016.47499709 0.357528 5.9855 0.867193 0.092845 0.006553
44800 -44693.90635187 6105.02032104 0.362789 5.9855 0.867193 0.092845 -0.007473
44900 -44668.39343487 6080.24897734 0.361317 5.9855 0.867193 0.092845 -0.001563
45000 -44753.44374296 6135.16279008 0.364581 5.9865 0.871614 0.091535 -0.033286
45100 -44683.40814189 6059.34977614 0.360075 5.9865 0.871614 0.091535 0.000378
45200 -44714.14242173 6089.79824777 0.361885 5.9865 0.871614 0.091535 -0.015400
45300 -44794.26798955 6113.74205053 0.363308 5.9865 0.871614 0.091535 -0.043757
45400 -44738.99696637 6027.47347391 0.358181 5.9865 0.871614 0.091535 -0.016433
45500 -44733.01964985 6050.64324752 0.359558 5.9881 0.869770 0.091653 -0.011039
45600 -44747.37571330 6088.78751741 0.361825 5.9881 0.869770 0.091653 -0.012629
45700 -44800.96718641 6037.50991891 0.358778 5.9881 0.869770 0.091653 -0.033575
45800 -44773.60729243 5958.24079372 0.354067 5.9881 0.869770 0.091653 -0.017726
45900 -44753.10238024 6007.78680511 0.357011 5.9881 0.869770 0.091653 -0.004164
46000 -44750.40943119 6039.39606008 0.358890 5.9845 0.870763 0.092037 -0.002548
46100 -44710.67313260 6045.56212478 0.359256 5.9845 0.870763 0.092037 0.007532
46200 -44713.94758809 5976.81222007 0.355171 5.9845 0.870763 0.092037 0.006270
46300 -44711.96913710 5938.66493983 0.352904 5.9845 0.870763 0.092037 0.013980
46400 -44736.81546730 6064.41742843 0.360377 5.9845 0.870763 0.092037 0.002079
46500 -44765.84612037 6054.15164052 0.359767 5.9869 0.871234 0.091470 -0.010293
46600 -44807.91770454 6018.40466488 0.357642 5.9869 0.871234 0.091470 -0.026755
46700 -44785.41557073 6061.96358953 0.360231 5.9869 0.871234 0.091470 -0.005371
46800 -44699.52216123 5964.70481068 0.354451 5.9869 0.871234 0.091470 0.030256
46900 -44755.29724469 6064.59253623 0.360387 5.9869 0.871234 0.091470 0.006369
47000 -44735.41369127 6032.33166890 0.358470 5.9847 0.871349 0.091205 0.004553
47100 -44710.88636842 6025.00894778 0.358035 5.9847 0.871349 0.091205 0.020787
47200 -44690.15024039 6027.98573148 0.358212 5.9847 0.871349 0.091205 0.026082
47300 -44723.42170345 6037.05500274 0.358751 5.9847 0.871349 0.091205 0.004710
47400 -44818.25884770 5979.40450107 0.355325 5.9847 0.871349 0.091205 -0.044219
47500 -44766.32698448 6017.79834765 0.357606 5.9855 0.872572 0.090879 -0.010334
47600 -44756.21528893 6019.80776911 0.357726 5.9855 0.872572 0.090879 -0.004465
47700 -44747.53549883 6070.47222794 0.360736 5.9855 0.872572 0.090879 0.004883
47800 -44782.75799836 6039.20647595 0.358878 5.9855 0.872572 0.090879 -0.009610
47900 -44758.72992415 5995.74721744 0.356296 5.9855 0.872572 0.090879 -0.005277
48000 -44712.04779665 5944.77995653 0.353267 5.9862 0.869994 0.092110 0.022336
48100 -44706.09981572 6014.74096413 0.357425 5.9862 0.869994 0.092110 0.024417
48200 -44677.17975860 6060.18673768 0.360125 5.9862 0.869994 0.092110 0.032355
48300 -44641.72151646 6071.03620888 0.360770 5.9862 0.869994 0.092110 0.034844
48400 -44692.53015175 6013.89657059 0.357374 5.9862 0.869994 0.092110 0.003894
48500 -44671.27827724 6051.33197148 0.359599 5.9887 0.870070 0.091902 0.020251
48600 -44684.71927139 6052.49010992 0.359668 5.9887 0.870070 0.091902 0.015825
48700 -44697.05469860 6085.78807413 0.361647 5.9887 0.870070 0.091902 0.004021
48800 -44702.72730730 6064.70435610 0.360394 5.9887 0.870070 0.091902 -0.003096
48900 -44653.16170123 6026.16623911 0.358104 5.9887 0.870070 0.091902 0.015202
49000 -44739.77844385 6059.81001415 0.360103 5.9860 0.871159 0.091063 -0.026545
49100 -44729.09801405 6016.45682097 0.357527 5.9860 0.871159 0.091063 -0.008476
49200 -44718.34701855 6053.67667981 0.359738 5.9860 0.871159 0.091063 -0.001038
49300 -44716.93090780 6041.06395922 0.358989 5.9860 0.871159 0.091063 -0.003583
49400 -44699.73695623 6007.90843896 0.357019 5.9860 0.871159 0.091063 -0.002074
49500 -44712.29326751 5979.17963541 0.355311 5.9849 0.869340 0.091915 -0.000716
49600 -44714.59081959 6104.29734460 0.362746 5.9849 0.869340 0.091915 0.003204
49700 -44677.19761665 5988.55618111 0.355869 5.9849 0.869340 0.091915 0.018978
49800 -44753.92646514 6057.31954056 0.359955 5.9849 0.869340 0.091915 -0.018959
49900 -44680.56239889 6085.50044457 0.361629 5.9849 0.869340 0.091915 0.012216
50000 -44734.28481316 6077.66398354 0.361164 5.9872 0.869446 0.091555 -0.015396
50100 -44743.65400393 5999.80734555 0.356537 5.9872 0.869446 0.091555 -0.018993
50200 -44798.12319056 6040.82153885 0.358974 5.9872 0.869446 0.091555 -0.029082
50300 -44714.33847112 6017.77788268 0.357605 5.9872 0.869446 0.091555 0.010141
50400 -44737.24115923 6025.04263389 0.358037 5.9872 0.869446 0.091555 -0.001147
50500 -44694.80780048 6057.60343083 0.359972 5.9866 0.867626 0.092205 0.010184
50600 -44717.51162875 6071.50044797 0.360798 5.9866 0.867626 0.092205 -0.000586
50700 -44795.07272594 6046.66699758 0.359322 5.9866 0.867626 0.092205 -0.032930
50800 -44646.75162110 5973.58711282 0.354979 5.9866 0.867626 0.092205 0.033817
50900 -44801.48624127 6049.29002034 0.359478 5.9866 0.867626 0.092205 -0.039298
51000 -44739.56038194 6037.71826549 0.358790 5.9853 0.867556 0.091982 0.001143
51100 -44698.53345459 6031.02343394 0.358392 5.9853 0.867556 0.091982 0.015520
51200 -44720.50625747 5991.09576243 0.356019 5.9853 0.867556 0.091982 -0.001233
51300 -44720.38967485 6039.49215943 0.358895 5.9853 0.867556 0.091982 0.003384
51400 -44684.76718970 6009.26668472 0.357099 5.9853 0.867556 0.091982 0.011893
51500 -44759.37858126 6025.47790627 0.358063 5.9865 0.871284 0.091599 -0.010234
51600 -44725.49842875 6056.65330543 0.359915 5.9865 0.871284 0.091599 0.000210
51700 -44700.93156321 6061.12375230 0.360181 5.9865 0.871284 0.091599 0.006772
51800 -44685.81814819 6072.19389647 0.360839 5.9865 0.871284 0.091599 0.011173
51900 -44705.16440204 6040.33710400 0.358946 5.9865 0.871284 0.091599 -0.004111
52000 -44697.84784101 5979.90344677 0.355354 5.9836 0.867628 0.092003 -0.001440
52100 -44811.57283024 6002.95750421 0.356724 5.9836 0.867628 0.092003 -0.042883
52200 -44711.92003561 5991.37722548 0.356036 5.9836 0.867628 0.092003 0.012881
52300 -44702.84432618 5959.06295860 0.354116 5.9836 0.867628 0.092003 0.013654
52400 -44697.53296135 6028.15740438 0.358222 5.9836 0.867628 0.092003 0.011646
52500 -44718.70907033 6087.33391546 0.361738 5.9868 0.869616 0.092583 0.007470
52600 -44686.96171433 6046.80085775 0.359330 5.9868 0.869616 0.092583 0.011498
52700 -44736.03893724 6061.51956494 0.360204 5.9868 0.869616 0.092583 -0.009565
52800 -44777.18629185 6003.34429069 0.356747 5.9868 0.869616 0.092583 -0.022943
52900 -44727.18437197 6067.90075824 0.360584 5.9868 0.869616 0.092583 -0.003825
53000 -44694.11268107 6033.18665022 0.358521 5.9862 0.870764 0.092191 0.013455
53100 -44698.99312770 6051.58011435 0.359614 5.9862 0.870764 0.092191 0.015270
53200 -44683.65287703 6067.60689018 0.360566 5.9862 0.870764 0.092191 0.010362
53300 -44684.89736522 6011.07013209 0.357206 5.9862 0.870764 0.092191 0.002205
53400 -44715.93263209 6062.22093445 0.360246 5.9862 0.870764 0.092191 0.000333
53500 -44744.68695493 6090.16760184 0.361907 5.9859 0.871421 0.091682 -0.014625
53600 -44704.95834483 6019.16904051 0.357688 5.9859 0.871421 0.091682 0.005923
53700 -44768.29353083 6034.68958618 0.358610 5.9859 0.871421 0.091682 -0.020069
53800 -44692.12341224 6018.25995344 0.357634 5.9859 0.871421 0.091682 0.008756
53900 -44716.67415320 6052.25861230 0.359654 5.9859 0.871421 0.091682 -0.000981
54000 -44682.10813135 6101.76373003 0.362596 5.9863 0.870415 0.091455 0.009426
54100 -44651.09926516 6078.39952732 0.361207 5.9863 0.870415 0.091455 0.014215
54200 -44576.35299111 6006.15251285 0.356914 5.9863 0.870415 0.091455 0.042566
54300 -44686.46670248 6080.96726905 0.361360 5.9863 0.870415 0.091455 -0.011405
54400 -44717.33555339 6109.77194563 0.363072 5.9863 0.870415 0.091455 -0.020235
54500 -44706.87900051 6146.16483446 0.365234 5.9872 0.868421 0.091801 -0.018570
54600 -44733.66404087 6038.81030462 0.358855 5.9872 0.868421 0.091801 -0.030593
54700 -44715.11937511 6020.03876723 0.357739 5.9872 0.868421 0.091801 -0.014621
54800 -44754.71142082 5994.16557395 0.356202 5.9872 0.868421 0.091801 -0.022580
54900 -44745.77518183 6008.71034533 0.357066 5.9872 0.868421 0.091801 0.000441
55000 -44714.98670253 6047.99386877 0.359401 5.9859 0.869010 0.091739 0.016154
55100 -44652.71431639 6014.84787538 0.357431 5.9859 0.869010 0.091739 0.033560
55200 -44715.87259472 6101.48013106 0.362579 5.9859 0.869010 0.091739 0.009452
55300 -44719.33948209 6045.14444991 0.359231 5.9859 0.869010 0.091739 0.007629
55400 -44663.59556056 6037.97506714 0.358805 5.9859 0.869010 0.091739 0.018651
55500 -44752.31832962 6084.72999336 0.361584 5.9865 0.870054 0.091451 -0.024418
55600 -44738.22755616 5996.33017302 0.356331 5.9865 0.870054 0.091451 -0.014644
55700 -44712.82249437 5978.25314353 0.355256 5.9865 0.870054 0.091451 -0.006141
55800 -44745.02035033 6074.92594735 0.361001 5.9865 0.870054 0.091451 -0.018929
55900 -44725.76912348 5990.86038518 0.356005 5.9865 0.870054 0.091451 -0.007082
56000 -44752.47476130 6029.39158011 0.358295 5.9873 0.870388 0.091318 -0.014165
56100 -44731.67636870 6012.36662943 0.357283 5.9873 0.870388 0.091318 -0.006871
56200 -44691.29405793 5956.52725391 0.353965 5.9873 0.870388 0.091318 0.007760
56300 -44814.97803280 6015.86737606 0.357492 5.9873 0.870388 0.091318 -0.031914
56400 -44763.55519632 6023.33051849 0.357935 5.9873 0.870388 0.091318 -0.008579
56500 -44748.15444267 6025.65546660 0.358073 5.9861 0.868996 0.091857 -0.000452
56600 -44751.46338571 6066.53723671 0.360503 5.9861 0.868996 0.091857 -0.000506
56700 -44756.82681511 6056.85782770 0.359927 5.9861 0.868996 0.091857 -0.010214
56800 -44697.83452144 5965.97182600 0.354526 5.9861 0.868996 0.091857 0.017366
56900 -44742.04583980 6073.71736278 0.360929 5.9861 0.868996 0.091857 -0.002783
57000 -44767.52098566 6080.84033153 0.361353 5.9829 0.870955 0.091540 -0.014133
57100 -44821.48269570 6093.70963789 0.362117 5.9829 0.870955 0.091540 -0.038854
57200 -44675.36396079 6034.97710985 0.358627 5.9829 0.870955 0.091540 0.024805
57300 -44686.13608200 6006.95516602 0.356962 5.9829 0.870955 0.091540 0.009929
57400 -44723.32323072 6063.18871463 0.360304 5.9829 0.870955 0.091540 -0.004727
57500 -44714.28901180 6037.50253594 0.358777 5.9851 0.869284 0.091626 -0.006018
57600 -44667.01242741 6059.91433993 0.360109 5.9851 0.869284 0.091626 0.015812
57700 -44710.49604724 6156.87687278 0.365871 5.9851 0.869284 0.091626 -0.001379
57800 -44660.89057646 6094.39142944 0.362158 5.9851 0.869284 0.091626 0.005595
57900 -44756.00273410 6071.52601994 0.360799 5.9851 0.869284 0.091626 -0.033324
58000 -44724.76776039 6048.83603836 0.359451 5.9876 0.870296 0.091093 -0.020606
58100 -44655.47205281 6010.91664117 0.357197 5.9876 0.870296 0.091093 0.017057
58200 -44738.32586006 6065.81030382 0.360459 5.9876 0.870296 0.091093 -0.013967
58300 -44701.22059847 5998.81461573 0.356478 5.9876 0.870296 0.091093 -0.008455
58400 -44728.78605316 6080.82161918 0.361351 5.9876 0.870296 0.091093 -0.012302
58500 -44671.75741342 6030.57599171 0.358366 5.9868 0.868182 0.092043 0.016175
58600 -44671.28085903 6109.93355996 0.363081 5.9868 0.868182 0.092043 0.012809
58700 -44690.49309992 6056.45166226 0.359903 5.9868 0.868182 0.092043 -0.003508
58800 -44685.84771500 6090.57330814 0.361931 5.9868 0.868182 0.092043 0.004160
58900 -44684.69047686 6018.30536050 0.357636 5.9868 0.868182 0.092043 0.008403
59000 -44711.50254469 6048.97487780 0.359459 5.9855 0.868598 0.091901 -0.002272
59100 -44652.26524132 6044.04919408 0.359166 5.9855 0.868598 0.091901 0.009866
59200 -44715.87340101 5995.77447996 0.356298 5.9855 0.868598 0.091901 -0.010354
59300 -44702.75257011 6076.06836877 0.361069 5.9855 0.868598 0.091901 -0.000899
59400 -44748.47574288 6024.30482892 0.357993 5.9855 0.868598 0.091901 -0.018082
59500 -44644.53263207 5975.51271003 0.355093 5.9843 0.867311 0.092367 0.022569
59600 -44638.37604423 6047.85090636 0.359392 5.9843 0.867311 0.092367 0.028305
59700 -44658.05787715 6107.99294929 0.362966 5.9843 0.867311 0.092367 0.017074
59800 -44690.52829451 6113.84106114 0.363314 5.9843 0.867311 0.092367 -0.005472
59900 -44680.54955471 6071.03827791 0.360770 5.9843 0.867311 0.092367 -0.006794
60000 -44718.08457401 6106.75621817 0.362893 5.9841 0.870556 0.091945 -0.010456
60100 -44712.38548730 5988.28762694 0.355853 5.9841 0.870556 0.091945 -0.012172
60200 -44756.55569918 6021.42437691 0.357822 5.9841 0.870556 0.091945 -0.025531
60300 -44755.69807128 5998.90337020 0.356483 5.9841 0.870556 0.091945 -0.021014
60400 -44759.83915205 6003.61978198 0.356764 5.9841 0.870556 0.091945 -0.014274
60500 -44724.04917002 6020.03726786 0.357739 5.9850 0.869107 0.092047 0.005464
60600 -44708.65892417 6068.94564647 0.360646 5.9850 0.869107 0.092047 0.013996
60700 -44646.01346267 6048.72842157 0.359444 5.9850 0.869107 0.092047 0.037378
60800 -44702.08812111 6066.60221634 0.360506 5.9850 0.869107 0.092047 0.004792
60900 -44720.05564319 6017.79967242 0.357606 5.9850 0.869107 0.092047 -0.017000
61000 -44749.65136379 6033.60893462 0.358546 5.9893 0.872107 0.091181 -0.020213
61100 -44717.11699025 6072.47383269 0.360855 5.9893 0.872107 0.091181 0.003384
61200 -44686.59824796 6100.91547965 0.362545 5.9893 0.872107 0.091181 0.014583
61300 -44629.51496686 6109.91338910 0.363080 5.9893 0.872107 0.091181 0.022358
61400 -44655.97639905 6073.71263720 0.360929 5.9893 0.872107 0.091181 -0.002540
61500 -44651.53225641 6067.59291227 0.360565 5.9853 0.869654 0.092611 0.003164
61600 -44644.34855607 6069.79269219 0.360696 5.9853 0.869654 0.092611 0.001616
61700 -44714.83364916 6039.82664336 0.358915 5.9853 0.869654 0.092611 -0.020984
61800 -44783.95879853 6021.55414814 0.357829 5.9853 0.869654 0.092611 -0.046902
61900 -44774.17654660 6001.48479867 0.356637 5.9853 0.869654 0.092611 -0.033914
62000 -44725.73288118 5968.74342671 0.354691 5.9889 0.870757 0.091455 -0.002518
62100 -44724.66914946 6014.31776406 0.357399 5.9889 0.870757 0.091455 0.004217
62200 -44721.31009128 6058.09815341 0.360001 5.9889 0.870757 0.091455 -0.000964
62300 -44647.86574751 6088.84760860 0.361828 5.9889 0.870757 0.091455 0.037158
62400 -44672.76034114 6063.00619195 0.360293 5.9889 0.870757 0.091455 0.014504
62500 -44626.97441695 6044.58615108 0.359198 5.9842 0.866912 0.093174 0.038445
62600 -44689.20122194 6117.94491416 0.363557 5.9842 0.866912 0.093174 -0.001746
62700 -44604.14639250 6008.51619721 0.357055 5.9842 0.866912 0.093174 0.031445
62800 -44688.57552682 6067.84269094 0.360580 5.9842 0.866912 0.093174 -0.004476
62900 -44647.21180413 6079.05142380 0.361246 5.9842 0.866912 0.093174 0.012937
63000 -44665.87526064 6096.99047294 0.362312 5.9870 0.867207 0.092382 0.003470
63100 -44731.04335977 6020.70400562 0.357779 5.9870 0.867207 0.092382 -0.020008
63200 -44652.52613983 6028.83236857 0.358262 5.9870 0.867207 0.092382 0.012194
63300 -44739.61171041 5972.43516350 0.354911 5.9870 0.867207 0.092382 -0.020204
63400 -44757.20962293 6031.27607557 0.358407 5.9870 0.867207 0.092382 -0.024369
63500 -44710.09744631 6005.87957276 0.356898 5.9836 0.870142 0.091869 0.001679
63600 -44754.27699176 6050.50017170 0.359550 5.9836 0.870142 0.091869 -0.014392
63700 -44750.89407986 6041.09384334 0.358991 5.9836 0.870142 0.091869 -0.008703
63800 -44751.09958373 6043.61807132 0.359141 5.9836 0.870142 0.091869 -0.004749
63900 -44731.20178209 6004.81649800 0.356835 5.9836 0.870142 0.091869 0.003791
64000 -44750.29959920 6081.62813462 0.361399 5.9869 0.869383 0.091055 -0.003515
64100 -44736.60571340 6084.44627057 0.361567 5.9869 0.869383 0.091055 0.002879
64200 -44712.68552700 6039.33155207 0.358886 5.9869 0.869383 0.091055 0.011492
64300 -44758.29150911 6125.59312074 0.364012 5.9869 0.869383 0.091055 -0.014140
64400 -44708.87651106 6082.66124052 0.361461 5.9869 0.869383 0.091055 -0.002230
64500 -44627.23204601 6074.48771056 0.360975 5.9851 0.867184 0.092771 0.028892
64600 -44732.51013183 6062.26073465 0.360248 5.9851 0.867184 0.092771 -0.021588
64700 -44746.51644938 6020.50454441 0.357767 5.9851 0.867184 0.092771 -0.024017
64800 -44733.13561252 6015.33133601 0.357460 5.9851 0.867184 0.092771 -0.018093
64900 -44713.73458019 6048.04799307 0.359404 5.9851 0.867184 0.092771 -0.000874
65000 -44625.17888847 6050.24655282 0.359534 5.9853 0.866812 0.093141 0.038277
65100 -44647.68486827 6116.68803805 0.363483 5.9853 0.866812 0.093141 0.021002
65200 -44655.47203574 6129.25051594 0.364229 5.9853 0.866812 0.093141 0.011636
65300 -44633.53333960 6109.59642292 0.363061 5.9853 0.866812 0.093141 0.005839
65400 -44626.11618358 6144.37543164 0.365128 5.9853 0.866812 0.093141 0.006352
65500 -44575.16695329 6131.10911809 0.364340 5.9840 0.867030 0.093584 0.023957
65600 -44570.53927416 6163.81361490 0.366283 5.9840 0.867030 0.093584 0.014686
65700 -44602.73195343 6129.15330743 0.364224 5.9840 0.867030 0.093584 -0.004339
65800 -44628.98303903 6046.64483657 0.359320 5.9840 0.867030 0.093584 -0.015939
65900 -44631.99672560 6018.97508713 0.357676 5.9840 0.867030 0.093584 -0.016312
66000 -44763.78934786 6055.16094865 0.359827 5.9844 0.871310 0.091838 -0.054278
66100 -44663.91076040 5971.16518607 0.354835 5.9844 0.871310 0.091838 -0.014344
66200 -44746.37103534 6054.33641918 0.359778 5.9844 0.871310 0.091838 -0.033153
66300 -44720.17732604 5989.01053597 0.355896 5.9844 0.871310 0.091838 -0.015050
66400 -44688.10124233 6028.18231369 0.358223 5.9844 0.871310 0.091838 0.010236
66500 -44705.57939072 6093.59183671 0.362110 5.9867 0.870131 0.091811 -0.000619
66600 -44719.69704339 6070.81511574 0.360757 5.9867 0.870131 0.091811 -0.015522
66700 -44645.95305856 6039.40199837 0.358890 5.9867 0.870131 0.091811 0.017669
66800 -44713.96361617 6025.79424094 0.358081 5.9867 0.870131 0.091811 -0.007051
66900 -44678.65371146 6054.61162155 0.359794 5.9867 0.870131 0.091811 0.002024
67000 -44676.97432709 6053.21021140 0.359711 5.9848 0.871360 0.091517 -0.001583
67100 -44699.77409182 6051.36553442 0.359601 5.9848 0.871360 0.091517 -0.018537
67200 -44688.68187521 6107.48024537 0.362936 5.9848 0.871360 0.091517 -0.003336
67300 -44584.26311384 6009.33727117 0.357103 5.9848 0.871360 0.091517 0.036965
67400 -44579.32841517 6030.26464834 0.358347 5.9848 0.871360 0.091517 0.036385
67500 -44606.40467844 6068.25373229 0.360605 5.9853 0.867961 0.092112 0.012398
67600 -44669.32552989 6054.90175748 0.359811 5.9853 0.867961 0.092112 -0.012744
67700 -44664.88147381 6098.43277222 0.362398 5.9853 0.867961 0.092112 0.008299
67800 -44649.29669940 6112.66899111 0.363244 5.9853 0.867961 0.092112 0.000168
67900 -44588.13174305 6044.18024785 0.359174 5.9853 0.867961 0.092112 0.020464
68000 -44638.22920513 6063.89804891 0.360346 5.9843 0.867064 0.092440 -0.004632
68100 -44654.13156286 6002.44580160 0.356694 5.9843 0.867064 0.092440 -0.003551
68200 -44669.50128265 5988.14530152 0.355844 5.9843 0.867064 0.092440 -0.001947
68300 -44704.40657640 6014.29679988 0.357398 5.9843 0.867064 0.092440 -0.011186
68400 -44732.86221589 6032.91402575 0.358505 5.9843 0.867064 0.092440 -0.027944
68500 -44719.28353002 5964.81464431 0.354458 5.9857 0.868199 0.091922 -0.009239
68600 -44723.84178978 6052.10477385 0.359645 5.9857 0.868199 0.091922 0.001769
68700 -44717.70251601 5983.93194973 0.355594 5.9857 0.868199 0.091922 0.001547
68800 -44714.57404269 6008.99221844 0.357083 5.9857 0.868199 0.091922 0.000919
68900 -44696.60736949 6036.74590424 0.358732 5.9857 0.868199 0.091922 0.015287
69000 -44773.95413284 6031.81792579 0.358439 5.9849 0.871087 0.091552 -0.026334
69100 -44793.82219096 6051.59444716 0.359615 5.9849 0.871087 0.091552 -0.029360
69200 -44689.92960455 5972.91941751 0.354939 5.9849 0.871087 0.091552 0.012974
69300 -44702.81708425 6028.02494050 0.358214 5.9849 0.871087 0.091552 0.012050
69400 -44681.90686626 6065.06412422 0.360415 5.9849 0.871087 0.091552 0.027662
69500 -44645.99775783 6052.82063900 0.359687 5.9838 0.866310 0.092582 0.031193
69600 -44588.74951899 5998.37960072 0.356452 5.9838 0.866310 0.092582 0.039050
69700 -44661.94060228 6042.08430353 0.359049 5.9838 0.866310 0.092582 0.012182
69800 -44677.90066747 6006.03005524 0.356907 5.9838 0.866310 0.092582 0.002356
69900 -44676.89951690 6062.26667398 0.360249 5.9838 0.866310 0.092582 0.015673
70000 -44722.77753354 6114.08088765 0.363328 5.9856 0.871464 0.091436 -0.012379
70100 -44682.02758423 6125.78569587 0.364023 5.9856 0.871464 0.091436 -0.001850
70200 -44651.92790102 5984.16074568 0.355607 5.9856 0.871464 0.091436 0.003105
70300 -44637.84636795 6040.12483205 0.358933 5.9856 0.871464 0.091436 0.008522
70400 -44597.70574143 6070.86550264 0.360760 5.9856 0.871464 0.091436 0.024164
70500 -44646.71924257 6008.62657572 0.357061 5.9843 0.870567 0.091936 0.001657
70600 -44645.99254125 6060.01290681 0.360115 5.9843 0.870567 0.091936 0.004078
70700 -44656.35649196 6077.54496068 0.361157 5.9843 0.870567 0.091936 -0.000844
70800 -44633.90482183 6053.21180355 0.359711 5.9843 0.870567 0.091936 0.007806
70900 -44654.48343788 6178.13134291 0.367134 5.9843 0.870567 0.091936 -0.008537
71000 -44629.44587985 6053.51600691 0.359729 5.9847 0.868768 0.092508 -0.001061
71100 -44671.91646272 6081.29686173 0.361380 5.9847 0.868768 0.092508 -0.018110
71200 -44628.30781388 6010.03615917 0.357145 5.9847 0.868768 0.092508 0.005835
71300 -44660.70557179 6050.93983459 0.359576 5.9847 0.868768 0.092508 -0.003727
71400 -44633.27359180 6058.33757271 0.360015 5.9847 0.868768 0.092508 0.001876
71500 -44679.85643024 6071.03743059 0.360770 5.9851 0.868817 0.091931 -0.008257
71600 -44651.97007363 6071.49325097 0.360797 5.9851 0.868817 0.091931 -0.001301
71700 -44689.94928419 6027.31871606 0.358172 5.9851 0.868817 0.091931 -0.021805
71800 -44704.61722006 6012.74269790 0.357306 5.9851 0.868817 0.091931 -0.018700
71900 -44676.33272195 5959.99384799 0.354171 5.9851 0.868817 0.091931 -0.006552
72000 -44680.02058351 5973.21852450 0.354957 5.9831 0.869909 0.092499 0.001764
72100 -44723.73543463 6020.69326728 0.357778 5.9831 0.869909 0.092499 -0.007484
72200 -44748.71182505 6036.39583503 0.358711 5.9831 0.869909 0.092499 -0.014529
72300 -44712.41054988 6017.93083504 0.357614 5.9831 0.869909 0.092499 0.002828
72400 -44705.99239018 5996.90192104 0.356365 5.9831 0.869909 0.092499 0.013205
72500 -44710.58312393 6010.12408446 0.357150 5.9832 0.870417 0.091806 0.005624
72600 -44690.83399538 5996.92405862 0.356366 5.9832 0.870417 0.091806 0.010846
72700 -44709.41724610 6032.35552126 0.358471 5.9832 0.870417 0.091806 0.005150
72800 -44776.74727327 6065.64217601 0.360449 5.9832 0.870417 0.091806 -0.025429
72900 -44699.19002143 6022.42047818 0.357881 5.9832 0.870417 0.091806 0.007066
73000 -44677.37757095 6079.77001370 0.361289 5.9857 0.869051 0.092795 0.020710
73100 -44647.00458795 6027.89684229 0.358206 5.9857 0.869051 0.092795 0.030476
73200 -44619.83804993 6106.60458220 0.362884 5.9857 0.869051 0.092795 0.030359
73300 -44639.51450327 6071.59749453 0.360803 5.9857 0.869051 0.092795 0.009876
73400 -44726.59317077 6076.74095070 0.361109 5.9857 0.869051 0.092795 -0.033794
73500 -44733.92105299 6108.56176983 0.363000 5.9841 0.869234 0.091657 -0.013259
73600 -44639.59039232 6111.65644164 0.363184 5.9841 0.869234 0.091657 0.022723
73700 -44580.29853218 6111.61148677 0.363181 5.9841 0.869234 0.091657 0.039456
73800 -44578.35709371 6011.20501290 0.357214 5.9841 0.869234 0.091657 0.036145
73900 -44627.68013148 6089.94153388 0.361893 5.9841 0.869234 0.091657 0.011769
74000 -44650.66806534 6066.02969459 0.360472 5.9853 0.866526 0.092505 -0.009133
74100 -44612.79567655 6018.95738797 0.357675 5.9853 0.866526 0.092505 0.004584
74200 -44683.31421553 6041.48657351 0.359014 5.9853 0.866526 0.092505 -0.023437
74300 -44713.20432929 6009.36359564 0.357105 5.9853 0.866526 0.092505 -0.036144
74400 -44726.88051383 6009.25079086 0.357098 5.9853 0.866526 0.092505 -0.019068
74500 -44679.37724503 6045.77233301 0.359269 5.9841 0.869134 0.092191 0.007709
74600 -44682.39732757 6070.13333559 0.360716 5.9841 0.869134 0.092191 0.003418
74700 -44631.69969799 6064.08423383 0.360357 5.9841 0.869134 0.092191 0.024874
74800 -44698.41698073 6055.72376928 0.359860 5.9841 0.869134 0.092191 0.000638
74900 -44639.48360778 6000.93309077 0.356604 5.9841 0.869134 0.092191 0.017569
75000 -44632.62042943 6009.91341351 0.357138 5.9861 0.868710 0.092074 0.021515
75100 -44643.25480949 5985.45028171 0.355684 5.9861 0.868710 0.092074 0.010609
75200 -44680.69446475 6058.51708944 0.360026 5.9861 0.868710 0.092074 -0.002782
75300 -44677.59372893 6097.04422841 0.362315 5.9861 0.868710 0.092074 -0.001110
75400 -44652.31724588 6001.98534249 0.356667 5.9861 0.868710 0.092074 0.006237
75500 -44635.73378667 6044.61683797 0.359200 5.9855 0.867863 0.092241 0.009508
75600 -44717.17640065 6114.71044201 0.363365 5.9855 0.867863 0.092241 -0.027179
75700 -44628.92353838 6059.37072447 0.360077 5.9855 0.867863 0.092241 0.019771
75800 -44585.87732853 6158.67578584 0.365978 5.9855 0.867863 0.092241 0.033728
75900 -44559.29693007 6060.85963721 0.360165 5.9855 0.867863 0.092241 0.036251
76000 -44557.36670647 6027.69697045 0.358194 5.9837 0.866695 0.092895 0.026411
76100 -44652.25147014 6065.57625256 0.360445 5.9837 0.866695 0.092895 -0.021031
76200 -44666.62501299 6117.65623476 0.363540 5.9837 0.866695 0.092895 -0.022228
76300 -44625.71422641 6075.20189536 0.361017 5.9837 0.866695 0.092895 -0.009335
76400 -44567.84713100 6014.04721633 0.357383 5.9837 0.866695 0.092895 0.016286
76500 -44585.84537632 6029.87356310 0.358324 5.9835 0.865347 0.093285 0.000120
76600 -44670.82051271 6091.04582011 0.361959 5.9835 0.865347 0.093285 -0.024551
76700 -44628.62626549 6169.31000615 0.366610 5.9835 0.865347 0.093285 0.003900
76800 -44613.24782347 6025.89309667 0.358087 5.9835 0.865347 0.093285 0.000020
76900 -44723.49892843 6050.24538635 0.359534 5.9835 0.865347 0.093285 -0.045050
77000 -44666.33429393 6006.33417490 0.356925 5.9835 0.867002 0.092116 -0.004072
77100 -44663.74240190 5987.98058715 0.355834 5.9835 0.867002 0.092116 -0.006673
77200 -44694.57141891 6051.62854421 0.359617 5.9835 0.867002 0.092116 0.000263
77300 -44744.14792483 6136.57243325 0.364664 5.9835 0.867002 0.092116 -0.021926
77400 -44633.31849114 6069.86409193 0.360700 5.9835 0.867002 0.092116 0.029736
77500 -44682.00236843 6084.59279463 0.361576 5.9836 0.869343 0.092265 -0.002611
77600 -44642.24880339 6089.88809891 0.361890 5.9836 0.869343 0.092265 0.014090
77700 -44699.82324287 6030.94797034 0.358388 5.9836 0.869343 0.092265 -0.018613
77800 -44673.29953047 6074.52372290 0.360977 5.9836 0.869343 0.092265 0.001739
77900 -44703.23420441 6037.86419254 0.358799 5.9836 0.869343 0.092265 -0.015487
78000 -44638.60715521 6012.05741474 0.357265 5.9838 0.867399 0.092065 0.012597
78100 -44721.01283694 6070.67847714 0.360749 5.9838 0.867399 0.092065 -0.019025
78200 -44634.93383781 6048.24802805 0.359416 5.9838 0.867399 0.092065 0.017846
78300 -44642.25700066 6018.20677685 0.357631 5.9838 0.867399 0.092065 0.012446
78400 -44642.65666726 6116.41789462 0.363467 5.9838 0.867399 0.092065 0.016596
78500 -44693.46484723 6052.33387362 0.359659 5.9850 0.869472 0.091486 -0.014202
78600 -44647.93129033 6014.57503825 0.357415 5.9850 0.869472 0.091486 0.009419
78700 -44670.76677222 6002.98137715 0.356726 5.9850 0.869472 0.091486 -0.008859
78800 -44667.51047944 5973.34104723 0.354964 5.9850 0.869472 0.091486 0.002510
78900 -44607.26042406 5972.41647509 0.354909 5.9850 0.869472 0.091486 0.038639
79000 -44726.34930179 6096.55274001 0.362286 5.9860 0.869843 0.091726 -0.011657
79100 -44689.47203571 6076.40585666 0.361089 5.9860 0.869843 0.091726 0.005161
79200 -44681.06559650 6085.90074490 0.361653 5.9860 0.869843 0.091726 0.002094
79300 -44653.28012579 6085.87246594 0.361652 5.9860 0.869843 0.091726 0.014715
79400 -44727.64115870 6048.99282120 0.359460 5.9860 0.869843 0.091726 -0.020157
79500 -44691.15145693 6042.82475262 0.359093 5.9868 0.868442 0.091664 0.001055
79600 -44655.44904621 6029.92722732 0.358327 5.9868 0.868442 0.091664 0.011502
79700 -44661.86727762 6100.37786979 0.362514 5.9868 0.868442 0.091664 0.006354
79800 -44616.38518178 6038.72793348 0.358850 5.9868 0.868442 0.091664 0.041367
79900 -44675.99280304 6009.96835683 0.357141 5.9868 0.868442 0.091664 -0.003293
80000 -44614.95713058 6011.70435463 0.357244 5.9843 0.867235 0.092654 0.023376
80100 -44681.11667055 6049.43938478 0.359487 5.9843 0.867235 0.092654 -0.008525
80200 -44683.93068679 6053.41884899 0.359723 5.9843 0.867235 0.092654 -0.004267
80300 -44621.23602830 6006.16868099 0.356915 5.9843 0.867235 0.092654 0.020691
80400 -44682.05045606 6066.69837781 0.360512 5.9843 0.867235 0.092654 -0.001420
80500 -44712.00550307 6061.51376106 0.360204 5.9849 0.867799 0.092147 -0.020575
80600 -44671.39674055 6009.80986631 0.357132 5.9849 0.867799 0.092147 0.004119
80700 -44672.70863216 5995.55631830 0.356285 5.9849 0.867799 0.092147 0.006182
80800 -44689.44555406 6097.59458521 0.362348 5.9849 0.867799 0.092147 -0.001341
80900 -44644.19110086 6124.44045640 0.363943 5.9849 0.867799 0.092147 0.010345
81000 -44570.66587017 6044.51371211 0.359194 5.9824 0.867502 0.093176 0.040155
81100 -44656.38046107 6080.44742443 0.361329 5.9824 0.867502 0.093176 -0.011763
81200 -44603.19840009 6020.90128445 0.357791 5.9824 0.867502 0.093176 0.013289
81300 -44667.69310837 6004.37659146 0.356809 5.9824 0.867502 0.093176 -0.006405
81400 -44694.40568658 6024.51261504 0.358005 5.9824 0.867502 0.093176 -0.014558
81500 -44708.94054957 6017.55620376 0.357592 5.9854 0.869680 0.091769 -0.020077
81600 -44693.40928307 6061.21790660 0.360186 5.9854 0.869680 0.091769 -0.011537
81700 -44654.70461645 6023.16652115 0.357925 5.9854 0.869680 0.091769 0.003316
81800 -44613.09209498 6004.00297640 0.356786 5.9854 0.869680 0.091769 0.033376
81900 -44696.93205711 6062.36867578 0.360255 5.9854 0.869680 0.091769 -0.010573
82000 -44694.25966774 6089.17964782 0.361848 5.9840 0.869879 0.091802 -0.003587
82100 -44663.55533114 6154.74229260 0.365744 5.9840 0.869879 0.091802 0.012384
82200 -44671.14260409 6157.25217113 0.365893 5.9840 0.869879 0.091802 -0.003848
82300 -44665.92004054 6105.54916909 0.362821 5.9840 0.869879 0.091802 -0.007405
82400 -44622.43556091 6066.47398959 0.360499 5.9840 0.869879 0.091802 0.010217
82500 -44607.49755278 6071.93986048 0.360824 5.9866 0.866374 0.092741 0.012810
82600 -44666.84198886 6108.88036449 0.363019 5.9866 0.866374 0.092741 -0.008893
82700 -44657.10434273 6034.03688775 0.358571 5.9866 0.866374 0.092741 0.000259
82800 -44590.14363762 6047.84180158 0.359392 5.9866 0.866374 0.092741 0.024767
82900 -44694.87664495 6021.26095076 0.357812 5.9866 0.866374 0.092741 -0.023889
83000 -44687.24562986 5987.91704708 0.355831 5.9868 0.871171 0.091338 -0.013461
83100 -44751.65718705 6032.57932021 0.358485 5.9868 0.871171 0.091338 -0.025669
83200 -44741.01049218 5980.84225866 0.355410 5.9868 0.871171 0.091338 -0.021335
83300 -44791.22978977 6052.99558176 0.359698 5.9868 0.871171 0.091338 -0.016387
83400 -44788.60286053 6011.80328455 0.357250 5.9868 0.871171 0.091338 -0.016715
83500 -44727.36237983 6031.32079475 0.358410 5.9875 0.870294 0.091005 0.014588
83600 -44764.65970940 6095.04054896 0.362196 5.9875 0.870294 0.091005 -0.003682
83700 -44730.42308879 6028.96624992 0.358270 5.9875 0.870294 0.091005 0.004771
83800 -44731.04408585 5988.68197495 0.355876 5.9875 0.870294 0.091005 0.008638
83900 -44735.77580206 6046.03576011 0.359284 5.9875 0.870294 0.091005 0.002564
84000 -44681.52923270 6042.25062945 0.359059 5.9863 0.869730 0.091832 0.016109
84100 -44706.93455129 5967.73062036 0.354631 5.9863 0.869730 0.091832 0.004741
84200 -44747.30190013 6067.51747135 0.360561 5.9863 0.869730 0.091832 -0.019666
84300 -44765.12484130 6007.27813339 0.356981 5.9863 0.869730 0.091832 -0.026072
84400 -44712.55992468 5945.87380870 0.353332 5.9863 0.869730 0.091832 0.004353
84500 -44781.25222530 5970.88942423 0.354819 5.9857 0.869481 0.091174 -0.021555
84600 -44800.27739165 5951.94354924 0.353693 5.9857 0.869481 0.091174 -0.022417
84700 -44782.21640740 5933.50295759 0.352597 5.9857 0.869481 0.091174 -0.001893
84800 -44829.86411158 6035.52314826 0.358660 5.9857 0.869481 0.091174 -0.012380
84900 -44774.28704233 6080.98277217 0.361361 5.9857 0.869481 0.091174 0.014674
85000 -44788.67616596 6133.24306555 0.364467 5.9865 0.871241 0.090435 -0.008447
85100 -44747.76532218 6117.49855699 0.363531 5.9865 0.871241 0.090435 0.005700
85200 -44695.98972034 5944.02841671 0.353223 5.9865 0.871241 0.090435 0.013297
85300 -44659.51482835 5970.60218940 0.354802 5.9865 0.871241 0.090435 0.034315
85400 -44735.54869806 6040.88181800 0.358978 5.9865 0.871241 0.090435 -0.006633
85500 -44752.01565003 6089.23232761 0.361851 5.9857 0.872554 0.091409 -0.009131
85600 -44685.75583370 6012.31769860 0.357281 5.9857 0.872554 0.091409 0.014511
85700 -44739.29329274 6076.88847844 0.361118 5.9857 0.872554 0.091409 -0.009328
85800 -44704.87710785 6077.76524641 0.361170 5.9857 0.872554 0.091409 -0.000135
85900 -44667.47183109 6008.47567835 0.357052 5.9857 0.872554 0.091409 0.017115
86000 -44676.37454018 6019.11368021 0.357684 5.9867 0.869104 0.091713 0.013066
86100 -44661.49779297 6062.51679901 0.360264 5.9867 0.869104 0.091713 0.030116
86200 -44690.36326468 6055.65243164 0.359856 5.9867 0.869104 0.091713 0.000801
86300 -44656.18593502 5966.09617159 0.354534 5.9867 0.869104 0.091713 0.015447
86400 -44656.77829962 6000.60566864 0.356585 5.9867 0.869104 0.091713 0.019020
86500 -44672.71985380 6009.01180897 0.357084 5.9834 0.867074 0.092481 0.012447
86600 -44696.94203907 6028.81889742 0.358261 5.9834 0.867074 0.092481 -0.002623
86700 -44760.11845275 6095.85999218 0.362245 5.9834 0.867074 0.092481 -0.029971
86800 -44681.15545675 5994.67344776 0.356232 5.9834 0.867074 0.092481 0.003891
86900 -44681.28141661 6083.48007350 0.361509 5.9834 0.867074 0.092481 0.015274
87000 -44735.07246701 6095.77339122 0.362240 5.9868 0.871921 0.090970 -0.017536
87100 -44656.38380329 6056.06857411 0.359880 5.9868 0.871921 0.090970 0.023379
87200 -44664.17694643 6093.48708029 0.362104 5.9868 0.871921 0.090970 0.015818
87300 -44676.76165122 6088.76150294 0.361823 5.9868 0.871921 0.090970 0.009869
87400 -44686.36333256 6022.65936428 0.357895 5.9868 0.871921 0.090970 -0.007998
87500 -44726.14307059 5997.94388286 0.356426 5.9835 0.867734 0.092093 -0.016791
87600 -44684.12461061 5905.18726410 0.350914 5.9835 0.867734 0.092093 -0.000011
87700 -44703.88607184 5972.09035064 0.354890 5.9835 0.867734 0.092093 0.001780
87800 -44685.12067713 6076.65845159 0.361104 5.9835 0.867734 0.092093 0.010537
87900 -44718.64170494 6071.33997561 0.360788 5.9835 0.867734 0.092093 0.000631
88000 -44747.10681196 6022.50442158 0.357886 5.9857 0.869435 0.091685 -0.025518
88100 -44796.02696909 6049.44490986 0.359487 5.9857 0.869435 0.091685 -0.030685
88200 -44749.65131135 6075.21275134 0.361018 5.9857 0.869435 0.091685 -0.014540
88300 -44693.46326727 5946.91090336 0.353394 5.9857 0.869435 0.091685 0.018914
88400 -44761.07927434 6116.23491723 0.363456 5.9857 0.869435 0.091685 -0.012819
88500 -44707.46804248 6106.97009128 0.362905 5.9835 0.870623 0.091923 0.009775
88600 -44693.72158840 6045.46273988 0.359250 5.9835 0.870623 0.091923 -0.000835
88700 -44753.43137141 5978.63242700 0.355279 5.9835 0.870623 0.091923 -0.026973
88800 -44680.70114470 6104.46227759 0.362756 5.9835 0.870623 0.091923 0.016770
88900 -44667.62069828 6119.76176231 0.363665 5.9835 0.870623 0.091923 0.008992
89000 -44695.34901819 6122.37271139 0.363821 5.9855 0.868591 0.092184 -0.003377
89100 -44641.11052214 6008.10288051 0.357030 5.9855 0.868591 0.092184 0.013421
89200 -44737.20682346 6093.31050275 0.362094 5.9855 0.868591 0.092184 -0.032899
89300 -44731.89959504 6006.08031957 0.356910 5.9855 0.868591 0.092184 -0.020606
89400 -44709.93211986 6027.57381156 0.358187 5.9855 0.868591 0.092184 -0.004191
89500 -44700.45055848 6021.24060004 0.357811 5.9849 0.870505 0.091204 0.009564
89600 -44713.74895696 6086.10157360 0.361665 5.9849 0.870505 0.091204 0.005804
89700 -44746.45390617 6075.59199249 0.361041 5.9849 0.870505 0.091204 -0.018983
89800 -44691.09081880 6039.19295241 0.358878 5.9849 0.870505 0.091204 0.003114
89900 -44691.13596322 6072.39708963 0.360851 5.9849 0.870505 0.091204 0.000663
90000 -44694.74163487 6057.01603931 0.359937 5.9850 0.871353 0.091340 0.007415
90100 -44697.83832077 6018.35679510 0.357639 5.9850 0.871353 0.091340 0.004602
90200 -44713.26890818 6010.98676557 0.357201 5.9850 0.871353 0.091340 -0.007055
90300 -44699.87324521 6001.35559251 0.356629 5.9850 0.871353 0.091340 0.000880
90400 -44772.09231285 6065.64470150 0.360450 5.9850 0.871353 0.091340 -0.020545
90500 -44704.68620217 6036.08047683 0.358693 5.9849 0.870509 0.091479 0.008066
90600 -44737.57481525 6047.88577111 0.359394 5.9849 0.870509 0.091479 -0.002409
90700 -44655.05144444 5987.83728920 0.355826 5.9849 0.870509 0.091479 0.030012
90800 -44733.61520452 6059.88494195 0.360107 5.9849 0.870509 0.091479 -0.003411
90900 -44650.27209764 6008.22317139 0.357037 5.9849 0.870509 0.091479 0.022106
91000 -44756.56734485 6087.47802821 0.361747 5.9844 0.871092 0.091465 -0.015711
91100 -44770.35656886 6085.40368471 0.361624 5.9844 0.871092 0.091465 -0.027198
91200 -44728.62920439 6065.28232202 0.360428 5.9844 0.871092 0.091465 -0.007615
91300 -44739.69000922 6040.89963856 0.358979 5.9844 0.871092 0.091465 -0.013456
91400 -44771.17741160 5995.59125115 0.356287 5.9844 0.871092 0.091465 -0.025176
91500 -44785.85421929 6064.03724734 0.360354 5.9848 0.871851 0.091035 -0.021845
91600 -44719.86174427 5992.04633945 0.356076 5.9848 0.871851 0.091035 0.009297
91700 -44698.80086429 6021.51311535 0.357827 5.9848 0.871851 0.091035 0.008167
91800 -44711.31136004 6049.51657772 0.359491 5.9848 0.871851 0.091035 0.007666
91900 -44703.78154351 6111.28303611 0.363162 5.9848 0.871851 0.091035 0.009777
92000 -44636.69113019 6032.30185938 0.358468 5.9824 0.866710 0.092949 0.033624
92100 -44581.50452620 6075.73727303 0.361049 5.9824 0.866710 0.092949 0.041036
92200 -44635.18698261 6013.69217241 0.357362 5.9824 0.866710 0.092949 0.005706
92300 -44635.98390228 6035.08890643 0.358634 5.9824 0.866710 0.092949 0.007148
92400 -44649.68100619 6008.90702447 0.357078 5.9824 0.866710 0.092949 0.000610
92500 -44666.88000022 6050.91824697 0.359574 5.9863 0.869198 0.091636 -0.003876
92600 -44674.42878280 6108.59495670 0.363002 5.9863 0.869198 0.091636 0.001040
92700 -44674.60657225 6094.92238927 0.362189 5.9863 0.869198 0.091636 -0.009659
92800 -44564.45601681 6085.80069754 0.361647 5.9863 0.869198 0.091636 0.050195
92900 -44633.24700040 6027.79726526 0.358200 5.9863 0.869198 0.091636 -0.001256
93000 -44691.78536495 6069.18705587 0.360660 5.9854 0.869575 0.091684 -0.019808
93100 -44672.16141962 6054.05039729 0.359761 5.9854 0.869575 0.091684 -0.014638
93200 -44711.64122710 6055.21973735 0.359830 5.9854 0.869575 0.091684 -0.022374
93300 -44659.05480537 5973.03411514 0.354946 5.9854 0.869575 0.091684 0.005374
93400 -44718.84063574 6067.53545174 0.360562 5.9854 0.869575 0.091684 -0.018062
93500 -44691.90705426 6089.29159836 0.361855 5.9850 0.868889 0.092352 -0.006438
93600 -44662.55955510 6029.95337181 0.358329 5.9850 0.868889 0.092352 0.010411
93700 -44649.48358256 6032.16780526 0.358460 5.9850 0.868889 0.092352 0.005808
93800 -44663.43444010 6084.26766470 0.361556 5.9850 0.868889 0.092352 0.005500
93900 -44671.26374009 6032.93037814 0.358505 5.9850 0.868889 0.092352 0.006024
94000 -44687.43147092 5975.87813480 0.355115 5.9825 0.868847 0.091547 0.001175
94100 -44772.35622526 6060.50613710 0.360144 5.9825 0.868847 0.091547 -0.031831
94200 -44743.58263150 6032.94584559 0.358506 5.9825 0.868847 0.091547 -0.018478
94300 -44754.53237542 6126.10414122 0.364042 5.9825 0.868847 0.091547 -0.018936
94400 -44659.36561171 6009.14135955 0.357092 5.9825 0.868847 0.091547 0.020556
94500 -44714.87327707 5992.40962510 0.356098 5.9842 0.870054 0.091847 -0.004721
94600 -44690.01641277 6040.24785012 0.358940 5.9842 0.870054 0.091847 0.015106
94700 -44732.30385982 6081.52073978 0.361393 5.9842 0.870054 0.091847 -0.011131
94800 -44733.26231842 6077.25424136 0.361139 5.9842 0.870054 0.091847 -0.008823
94900 -44752.99682588 6023.48741205 0.357944 5.9842 0.870054 0.091847 -0.014929
95000 -44762.89861544 5993.26253956 0.356148 5.9860 0.873388 0.090551 -0.022714
95100 -44742.65408714 6026.77093414 0.358139 5.9860 0.873388 0.090551 -0.004040
95200 -44665.29335047 6007.15202248 0.356974 5.9860 0.873388 0.090551 0.028969
95300 -44711.64142678 6017.35221065 0.357580 5.9860 0.873388 0.090551 0.006096
95400 -44751.96580327 6021.27303167 0.357813 5.9860 0.873388 0.090551 -0.013888
95500 -44727.35783589 6020.24702484 0.357752 5.9813 0.869999 0.092070 0.011623
95600 -44750.56910120 6060.71345394 0.360156 5.9813 0.869999 0.092070 -0.006080
95700 -44714.39633064 6085.79115144 0.361647 5.9813 0.869999 0.092070 0.008528
95800 -44677.41677449 6093.05317156 0.362078 5.9813 0.869999 0.092070 0.022458
95900 -44638.89229362 6116.01384404 0.363443 5.9813 0.869999 0.092070 0.020123
96000 -44627.67611000 5963.26688011 0.354366 5.9851 0.866042 0.092890 0.010416
96100 -44666.59359881 6092.36109379 0.362037 5.9851 0.866042 0.092890 0.005560
96200 -44656.34212832 6084.35660691 0.361561 5.9851 0.866042 0.092890 0.012673
96300 -44711.59436531 6102.19465547 0.362622 5.9851 0.866042 0.092890 -0.017922
96400 -44648.54396336 6065.34714444 0.360432 5.9851 0.866042 0.092890 0.005650
96500 -44711.21943443 6068.08268323 0.360594 5.9835 0.870465 0.091673 -0.032226
96600 -44746.40019583 6041.14236714 0.358993 5.9835 0.870465 0.091673 -0.036824
96700 -44678.40882664 6038.26033243 0.358822 5.9835 0.870465 0.091673 -0.004080
96800 -44581.20218767 5991.90845991 0.356068 5.9835 0.870465 0.091673 0.037214
96900 -44719.87342184 6001.84936065 0.356659 5.9835 0.870465 0.091673 -0.029396
97000 -44756.30988833 5979.81021785 0.355349 5.9849 0.870887 0.091109 -0.022177
97100 -44738.47683447 6030.09886744 0.358337 5.9849 0.870887 0.091109 -0.005960
97200 -44708.78276657 5986.21408778 0.355729 5.9849 0.870887 0.091109 -0.000673
97300 -44730.03339986 6010.87268094 0.357195 5.9849 0.870887 0.091109 -0.002963
97400 -44726.49146404 6031.15192133 0.358400 5.9849 0.870887 0.091109 0.006012
97500 -44692.96433774 6030.36180535 0.358353 5.9867 0.870800 0.091682 0.007946
97600 -44760.97543175 6085.85618918 0.361651 5.9867 0.870800 0.091682 -0.009896
97700 -44727.08792356 6049.53561871 0.359492 5.9867 0.870800 0.091682 -0.000605
97800 -44724.09880042 6113.57053245 0.363298 5.9867 0.870800 0.091682 -0.000001
97900 -44741.60979825 6036.46255077 0.358715 5.9867 0.870800 0.091682 -0.010696
98000 -44685.53652182 6018.66149390 0.357658 5.9841 0.869153 0.092288 0.011170
98100 -44694.87457566 6024.41728371 0.358000 5.9841 0.869153 0.092288 0.011038
98200 -44676.15046864 6033.74117524 0.358554 5.9841 0.869153 0.092288 0.016546
98300 -44654.09846002 6072.21490661 0.360840 5.9841 0.869153 0.092288 0.024603
98400 -44622.10475880 6098.41876751 0.362397 5.9841 0.869153 0.092288 0.037067
98500 -44670.75082237 6056.99303161 0.359935 5.9811 0.867794 0.092741 0.007668
98600 -44671.48384336 6004.22491859 0.356800 5.9811 0.867794 0.092741 0.004889
98700 -44648.12101462 6096.51087752 0.362284 5.9811 0.867794 0.092741 0.010001
98800 -44632.97061449 6109.62351440 0.363063 5.9811 0.867794 0.092741 0.019011
98900 -44635.95503595 6056.36447342 0.359898 5.9811 0.867794 0.092741 0.012292
99000 -44675.02855698 6108.65007575 0.363005 5.9829 0.869167 0.092273 -0.013657
99100 -44623.10464770 6089.84213000 0.361887 5.9829 0.869167 0.092273 0.009427
99200 -44666.31915672 6135.99197768 0.364630 5.9829 0.869167 0.092273 -0.013178
99300 -44591.38082205 6063.74415953 0.360337 5.9829 0.869167 0.092273 0.009380
99400 -44678.52859586 6079.95383926 0.361300 5.9829 0.869167 0.092273 -0.015489
99500 -44654.22543153 6051.48250157 0.359608 5.9838 0.869163 0.091843 -0.000293
99600 -44639.63135449 6012.25866122 0.357277 5.9838 0.869163 0.091843 0.003994
99700 -44723.46837022 5965.36374312 0.354490 5.9838 0.869163 0.091843 -0.028516
99800 -44714.31053347 5986.80796044 0.355765 5.9838 0.869163 0.091843 -0.012008
99900 -44642.11053001 6068.16670447 0.360599 5.9838 0.869163 0.091843 0.028191
100000 -44667.89644937 6025.65176621 0.358073 5.9812 0.867692 0.092612 0.002488
100100 -44656.18476267 6010.26215939 0.357158 5.9812 0.867692 0.092612 0.013081
100200 -44620.72901053 6015.41418151 0.357465 5.9812 0.867692 0.092612 0.022602
100300 -44669.79985249 6026.67900215 0.358134 5.9812 0.867692 0.092612 0.003904
100400 -44633.80131278 6049.07553423 0.359465 5.9812 0.867692 0.092612 0.007548
100500 -44660.96178273 6051.37004594 0.359601 5.9810 0.869912 0.092765 -0.001913
100600 -44668.36006186 6065.67506950 0.360451 5.9810 0.869912 0.092765 -0.012694
100700 -44630.71897121 6054.11363115 0.359764 5.9810 0.869912 0.092765 0.011286
100800 -44632.39105923 6043.83207881 0.359153 5.9810 0.869912 0.092765 0.004729
100900 -44660.39556582 5983.79044653 0.355585 5.9810 0.869912 0.092765 -0.013906
101000 -44680.81195969 6010.04922426 0.357146 5.9817 0.868921 0.092364 -0.017873
101100 -44683.16894238 6073.02212872 0.360888 5.9817 0.868921 0.092364 -0.014720
101200 -44614.89004929 6030.33362378 0.358351 5.9817 0.868921 0.092364 0.015197
101300 -44661.76566096 6069.89187715 0.360702 5.9817 0.868921 0.092364 0.004137
101400 -44719.53014841 6098.23770981 0.362386 5.9817 0.868921 0.092364 -0.022631
101500 -44627.16246076 6013.02184923 0.357322 5.9832 0.866152 0.093126 0.021302
101600 -44605.33348729 6061.92669364 0.360229 5.9832 0.866152 0.093126 0.029350
101700 -44608.43636587 6116.84650335 0.363492 5.9832 0.866152 0.093126 0.028036
101800 -44596.75425930 6078.38638668 0.361207 5.9832 0.866152 0.093126 0.016607
101900 -44568.62043394 6063.22139566 0.360306 5.9832 0.866152 0.093126 0.024200
102000 -44559.46438204 6099.70524331 0.362474 5.9809 0.865965 0.093175 0.027336
102100 -44560.97001851 6054.11279442 0.359764 5.9809 0.865965 0.093175 0.023561
102200 -44605.37899488 6099.93529887 0.362487 5.9809 0.865965 0.093175 -0.003828
102300 -44648.17778232 6096.00557362 0.362254 5.9809 0.865965 0.093175 -0.021856
102400 -44687.48529452 6120.67624113 0.363720 5.9809 0.865965 0.093175 -0.030081
102500 -44611.26859147 6025.68564932 0.358075 5.9847 0.868799 0.092563 0.009797
102600 -44573.73741527 6013.42395082 0.357346 5.9847 0.868799 0.092563 0.027497
102700 -44612.07432452 6113.95941447 0.363321 5.9847 0.868799 0.092563 -0.002224
102800 -44588.72983494 6043.37145912 0.359126 5.9847 0.868799 0.092563 0.005737
102900 -44613.83350885 6080.40277224 0.361327 5.9847 0.868799 0.092563 0.006155
103000 -44590.56598194 6133.88116322 0.364504 5.9810 0.869289 0.092765 0.010699
103100 -44603.20581185 6112.95129088 0.363261 5.9810 0.869289 0.092765 -0.002878
103200 -44528.32758568 6053.42951772 0.359724 5.9810 0.869289 0.092765 0.030205
103300 -44636.76047139 6051.67265585 0.359619 5.9810 0.869289 0.092765 -0.021729
103400 -44640.57675580 6086.35581227 0.361680 5.9810 0.869289 0.092765 -0.019232
103500 -44653.54513966 6116.34062843 0.363462 5.9840 0.866557 0.092544 -0.014976
103600 -44614.85657370 6046.76028835 0.359327 5.9840 0.866557 0.092544 0.001644
103700 -44626.02002124 6112.95646599 0.363261 5.9840 0.866557 0.092544 0.008051
103800 -44627.72948017 6038.13417352 0.358815 5.9840 0.866557 0.092544 -0.002965
103900 -44635.95302515 5959.89326807 0.354165 5.9840 0.866557 0.092544 -0.002498
104000 -44705.67040846 6100.26968652 0.362507 5.9843 0.870188 0.091576 -0.021252
104100 -44705.00312083 6016.16784843 0.357509 5.9843 0.870188 0.091576 -0.016133
104200 -44743.39707200 6043.06668823 0.359108 5.9843 0.870188 0.091576 -0.023493
104300 -44708.76890384 6056.44608813 0.359903 5.9843 0.870188 0.091576 -0.004943
104400 -44686.65309583 5980.84123628 0.355410 5.9843 0.870188 0.091576 0.007847
104500 -44697.37346477 5971.44562174 0.354852 5.9854 0.869350 0.091339 -0.007762
104600 -44724.62955455 6076.22643093 0.361078 5.9854 0.869350 0.091339 -0.010118
104700 -44686.97870568 6029.67842019 0.358312 5.9854 0.869350 0.091339 0.004502
104800 -44665.39048151 5908.10066161 0.351088 5.9854 0.869350 0.091339 0.007914
104900 -44712.85638085 5986.69224392 0.355758 5.9854 0.869350 0.091339 -0.001337
105000 -44752.60587087 5982.14051697 0.355487 5.9844 0.870291 0.091194 -0.018234
105100 -44786.11163575 5989.01418421 0.355896 5.9844 0.870291 0.091194 -0.021616
105200 -44752.44837985 5952.54417978 0.353729 5.9844 0.870291 0.091194 -0.001720
105300 -44763.08981057 6033.49277514 0.358539 5.9844 0.870291 0.091194 -0.005111
105400 -44765.02308436 6076.16998082 0.361075 5.9844 0.870291 0.091194 -0.007832
105500 -44757.54587285 6042.54744453 0.359077 5.9821 0.869353 0.092325 -0.002374
105600 -44682.09733051 6042.11127952 0.359051 5.9821 0.869353 0.092325 0.024159
105700 -44686.59722119 6034.99310627 0.358628 5.9821 0.869353 0.092325 0.023844
105800 -44682.24034169 6023.24880915 0.357930 5.9821 0.869353 0.092325 0.012786
105900 -44644.02157245 6055.57914045 0.359851 5.9821 0.869353 0.092325 0.031739
106000 -44631.83653343 6021.79008147 0.357843 5.9845 0.868331 0.092686 0.027561
106100 -44626.23151447 6100.98754770 0.362550 5.9845 0.868331 0.092686 0.026602
106200 -44626.25008565 6094.79781596 0.362182 5.9845 0.868331 0.092686 0.018077
106300 -44621.60952477 6029.17276021 0.358282 5.9845 0.868331 0.092686 0.014893
106400 -44688.34021516 6095.52399753 0.362225 5.9845 0.868331 0.092686 -0.012345
106500 -44710.02221585 6093.31857653 0.362094 5.9840 0.868183 0.091933 -0.018805
106600 -44746.78908953 6053.94484449 0.359754 5.9840 0.868183 0.091933 -0.023595
106700 -44694.42688684 6039.81907026 0.358915 5.9840 0.868183 0.091933 -0.005318
106800 -44687.18388385 6067.57383937 0.360564 5.9840 0.868183 0.091933 0.003666
106900 -44611.15950067 6075.79668336 0.361053 5.9840 0.868183 0.091933 0.031907
107000 -44581.03776714 6053.34855200 0.359719 5.9850 0.866544 0.093182 0.038799
107100 -44590.28349175 6026.69808695 0.358135 5.9850 0.866544 0.093182 0.029880
107200 -44606.12818392 6009.75752965 0.357128 5.9850 0.866544 0.093182 0.013681
107300 -44733.71438993 6083.85932392 0.361532 5.9850 0.866544 0.093182 -0.037404
107400 -44682.07836043 6115.99119812 0.363441 5.9850 0.866544 0.093182 -0.002720
107500 -44662.49573639 6056.06549112 0.359880 5.9842 0.869244 0.091804 -0.000887
107600 -44689.44384267 6128.10978337 0.364162 5.9842 0.869244 0.091804 -0.014221
107700 -44640.23198757 6083.84279544 0.361531 5.9842 0.869244 0.091804 0.006477
107800 -44658.42568499 6058.28226944 0.360012 5.9842 0.869244 0.091804 -0.008946
107900 -44675.95068324 6109.82580310 0.363075 5.9842 0.869244 0.091804 -0.005145
108000 -44603.70197350 6131.31687964 0.364352 5.9807 0.866305 0.093466 0.029073
108100 -44590.52660663 6097.57191980 0.362347 5.9807 0.866305 0.093466 0.018868
108200 -44594.18006459 5993.60275019 0.356168 5.9807 0.866305 0.093466 0.001118
108300 -44677.70914202 6048.50611956 0.359431 5.9807 0.866305 0.093466 -0.023608
108400 -44650.85523230 6055.49290049 0.359846 5.9807 0.866305 0.093466 -0.005712
108500 -44586.52362503 6033.26887112 0.358526 5.9847 0.866370 0.093407 0.014692
108600 -44662.18742328 6054.38606502 0.359780 5.9847 0.866370 0.093407 -0.013308
108700 -44715.65200254 6068.69426114 0.360631 5.9847 0.866370 0.093407 -0.040015
108800 -44591.26232322 6067.23436702 0.360544 5.9847 0.866370 0.093407 0.029406
108900 -44623.05050211 6068.10322520 0.360596 5.9847 0.866370 0.093407 0.006140
109000 -44706.81834251 6003.85205618 0.356778 5.9845 0.869230 0.092659 -0.032581
109100 -44752.76620828 6020.19567449 0.357749 5.9845 0.869230 0.092659 -0.044200
109200 -44689.69034225 5987.58020055 0.355811 5.9845 0.869230 0.092659 -0.011304
109300 -44762.68267477 6011.71595521 0.357245 5.9845 0.869230 0.092659 -0.029968
109400 -44658.37444990 5937.85977048 0.352856 5.9845 0.869230 0.092659 0.025985
109500 -44683.19804355 6061.20620956 0.360186 5.9849 0.870907 0.091780 0.011674
109600 -44705.24286084 6030.97193426 0.358389 5.9849 0.870907 0.091780 0.006085
109700 -44705.95991778 6077.84939413 0.361175 5.9849 0.870907 0.091780 0.001391
109800 -44639.79120663 6024.40687637 0.357999 5.9849 0.870907 0.091780 0.024818
109900 -44664.26727387 6030.20285651 0.358343 5.9849 0.870907 0.091780 0.001245
110000 -44620.07507639 5974.16713677 0.355013 5.9859 0.869486 0.092172 0.025471
110100 -44702.41634249 6058.15176958 0.360004 5.9859 0.869486 0.092172 -0.012439
110200 -44676.17105290 6045.53322099 0.359254 5.9859 0.869486 0.092172 0.002539
110300 -44656.75173133 6026.61454998 0.358130 5.9859 0.869486 0.092172 0.003759
110400 -44735.67599255 6019.94664769 0.357734 5.9859 0.869486 0.092172 -0.025797
110500 -44645.58087684 6081.36508539 0.361384 5.9847 0.867910 0.092192 0.022055
110600 -44694.83818451 6048.59310300 0.359436 5.9847 0.867910 0.092192 0.000094
110700 -44712.83895475 6081.22661673 0.361375 5.9847 0.867910 0.092192 -0.008340
110800 -44652.17560559 6054.28836281 0.359775 5.9847 0.867910 0.092192 0.019917
110900 -44637.29363234 5964.54939441 0.354442 5.9847 0.867910 0.092192 0.022214
111000 -44628.92567612 6032.57216251 0.358484 5.9829 0.866780 0.093135 0.022947
111100 -44665.44537339 6098.50154793 0.362402 5.9829 0.866780 0.093135 0.003270
111200 -44661.41342017 6100.54319525 0.362523 5.9829 0.866780 0.093135 0.007922
111300 -44633.57577666 6142.75953372 0.365032 5.9829 0.866780 0.093135 0.022711
111400 -44675.34364969 6169.16882107 0.366601 5.9829 0.866780 0.093135 -0.012256
111500 -44603.87405117 6110.71907543 0.363128 5.9825 0.867501 0.093564 0.019437
111600 -44658.42707213 6098.68450456 0.362413 5.9825 0.867501 0.093564 -0.002981
111700 -44581.82759321 6081.76145995 0.361407 5.9825 0.867501 0.093564 0.023124
111800 -44642.39004825 6050.36926746 0.359542 5.9825 0.867501 0.093564 -0.008487
111900 -44677.37146186 5979.66026793 0.355340 5.9825 0.867501 0.093564 -0.025685
112000 -44664.12410062 5999.46422232 0.356517 5.9848 0.869104 0.092518 -0.012013
112100 -44654.02945670 6044.12618851 0.359171 5.9848 0.869104 0.092518 0.000351
112200 -44668.86871576 6073.96140837 0.360944 5.9848 0.869104 0.092518 -0.005132
112300 -44689.32693956 6057.04548280 0.359939 5.9848 0.869104 0.092518 -0.018186
112400 -44627.25260250 6007.97785274 0.357023 5.9848 0.869104 0.092518 0.014843
112500 -44709.21399745 6081.29733548 0.361380 5.9826 0.871442 0.091662 -0.024849
112600 -44694.33984780 6034.93262852 0.358624 5.9826 0.871442 0.091662 -0.011893
112700 -44661.89527220 5973.48089950 0.354973 5.9826 0.871442 0.091662 0.004757
112800 -44671.26637116 6102.57036141 0.362644 5.9826 0.871442 0.091662 0.006086
112900 -44662.63179853 6101.04899482 0.362553 5.9826 0.871442 0.091662 -0.002564
113000 -44610.62580771 6088.44161544 0.361804 5.9818 0.867658 0.092798 0.015030
113100 -44613.06556166 6071.62115596 0.360805 5.9818 0.867658 0.092798 0.010418
113200 -44691.15324215 6106.90277975 0.362901 5.9818 0.867658 0.092798 -0.023693
113300 -44711.65829839 6075.87614886 0.361058 5.9818 0.867658 0.092798 -0.026388
113400 -44642.86708578 6042.61847598 0.359081 5.9818 0.867658 0.092798 0.010777
113500 -44678.31657362 6001.98934425 0.356667 5.9838 0.871313 0.092069 -0.002232
113600 -44606.00880693 5995.71959691 0.356294 5.9838 0.871313 0.092069 0.027388
113700 -44679.44379347 6031.85695598 0.358442 5.9838 0.871313 0.092069 -0.013879
113800 -44721.02144642 6057.13677153 0.359944 5.9838 0.871313 0.092069 -0.025657
113900 -44649.07950369 5978.39296199 0.355265 5.9838 0.871313 0.092069 0.009533
114000 -44713.72439432 6002.19055188 0.356679 5.9830 0.869957 0.091504 -0.021769
114100 -44718.10519231 5996.92810199 0.356366 5.9830 0.869957 0.091504 -0.013166
114200 -44700.86201256 6018.78167029 0.357665 5.9830 0.869957 0.091504 -0.003084
114300 -44712.60328895 6068.24538049 0.360604 5.9830 0.869957 0.091504 -0.007285
114400 -44711.23706381 6068.53865056 0.360622 5.9830 0.869957 0.091504 -0.002412
114500 -44673.88021471 6047.35676947 0.359363 5.9840 0.870242 0.091979 0.008156
114600 -44698.30721613 6066.10270709 0.360477 5.9840 0.870242 0.091979 -0.003615
114700 -44660.45349074 6049.92156548 0.359515 5.9840 0.870242 0.091979 0.017966
114800 -44707.53117959 6056.16011877 0.359886 5.9840 0.870242 0.091979 -0.009551
114900 -44676.37094508 6029.37547397 0.358294 5.9840 0.870242 0.091979 0.009302
115000 -44747.65780888 6041.69623008 0.359026 5.9826 0.869654 0.091705 -0.032258
115100 -44731.19605981 6020.31805311 0.357756 5.9826 0.869654 0.091705 -0.008208
115200 -44725.35959136 5972.60359590 0.354921 5.9826 0.869654 0.091705 -0.003118
115300 -44740.35960290 5983.56906638 0.355572 5.9826 0.869654 0.091705 -0.013855
115400 -44621.53917119 6068.40980066 0.360614 5.9826 0.869654 0.091705 0.049908
115500 -44630.68235465 5991.99086283 0.356073 5.9816 0.865873 0.092876 0.033268
115600 -44704.93547888 6067.69524478 0.360571 5.9816 0.865873 0.092876 -0.009089
115700 -44650.69311552 6109.45383762 0.363053 5.9816 0.865873 0.092876 0.013453
115800 -44639.12908084 6017.41880067 0.357584 5.9816 0.865873 0.092876 0.012213
115900 -44682.71089092 6045.49627259 0.359252 5.9816 0.865873 0.092876 -0.001536
116000 -44625.40675960 6024.92576994 0.358030 5.9815 0.865899 0.093176 0.018935
116100 -44654.90664886 5971.74881201 0.354870 5.9815 0.865899 0.093176 0.002728
116200 -44696.90127063 6060.93057016 0.360169 5.9815 0.865899 0.093176 -0.013096
116300 -44751.93166915 6198.33862033 0.368335 5.9815 0.865899 0.093176 -0.019931
116400 -44637.19264054 6080.51072755 0.361333 5.9815 0.865899 0.093176 0.017597
116500 -44692.19196988 6120.45608055 0.363707 5.9847 0.872276 0.092006 -0.015328
116600 -44647.56293557 6084.99784578 0.361600 5.9847 0.872276 0.092006 0.007026
116700 -44570.64783987 6044.18764605 0.359174 5.9847 0.872276 0.092006 0.033884
116800 -44591.80434469 6078.99275592 0.361243 5.9847 0.872276 0.092006 0.015165
116900 -44592.58033663 6119.86393654 0.363671 5.9847 0.872276 0.092006 0.015453
117000 -44633.91877824 6051.03055505 0.359581 5.9802 0.866635 0.092824 -0.009373
117100 -44588.30328527 6061.16273004 0.360183 5.9802 0.866635 0.092824 0.013520
117200 -44655.99289922 6063.19773296 0.360304 5.9802 0.866635 0.092824 -0.022430
117300 -44635.46691721 6092.72006504 0.362058 5.9802 0.866635 0.092824 -0.009979
117400 -44642.02153892 6096.72922799 0.362297 5.9802 0.866635 0.092824 -0.024585
117500 -44622.75897343 6133.65132855 0.364491 5.9804 0.867576 0.092448 -0.002556
117600 -44633.17277522 6037.79906032 0.358795 5.9804 0.867576 0.092448 -0.004733
117700 -44734.45257773 6123.55172105 0.363891 5.9804 0.867576 0.092448 -0.047013
117800 -44706.19868508 6034.73243909 0.358613 5.9804 0.867576 0.092448 -0.029217
117900 -44670.87340848 6042.50062862 0.359074 5.9804 0.867576 0.092448 -0.002716
118000 -44677.34824720 6097.55201618 0.362346 5.9816 0.867607 0.092595 0.007606
118100 -44661.09082189 5978.65354576 0.355280 5.9816 0.867607 0.092595 0.006386
118200 -44616.70876780 6050.37908306 0.359542 5.9816 0.867607 0.092595 0.028462
118300 -44618.79484322 6055.12656877 0.359824 5.9816 0.867607 0.092595 0.022698
118400 -44629.92227818 6119.68899767 0.363661 5.9816 0.867607 0.092595 0.004950
118500 -44689.96135847 6063.44871501 0.360319 5.9832 0.869556 0.092209 -0.021483
118600 -44640.88639631 6096.64477129 0.362292 5.9832 0.869556 0.092209 0.007793
118700 -44678.49133924 6117.25548690 0.363516 5.9832 0.869556 0.092209 -0.003250
118800 -44639.68040332 6033.21544849 0.358522 5.9832 0.869556 0.092209 0.009516
118900 -44654.34835716 6026.43216733 0.358119 5.9832 0.869556 0.092209 -0.003029
119000 -44672.03701052 6029.48288166 0.358301 5.9832 0.870426 0.092170 -0.007258
119100 -44637.03250806 5977.36562037 0.355204 5.9832 0.870426 0.092170 0.008115
119200 -44611.48944754 6007.89531218 0.357018 5.9832 0.870426 0.092170 0.022364
119300 -44691.65372375 6083.51082920 0.361511 5.9832 0.870426 0.092170 -0.015518
119400 -44582.92624668 5960.82915668 0.354221 5.9832 0.870426 0.092170 0.035174
119500 -44670.81058258 6091.16466482 0.361966 5.9824 0.869350 0.092596 -0.004866
119600 -44605.89522395 6051.31891777 0.359598 5.9824 0.869350 0.092596 0.017210
119700 -44599.76649511 6065.44750093 0.360438 5.9824 0.869350 0.092596 0.020442
119800 -44581.10309605 6048.79456293 0.359448 5.9824 0.869350 0.092596 0.024811
119900 -44594.09804569 6023.59777817 0.357951 5.9824 0.869350 0.092596 0.008939
120000 -44637.99663524 6010.04710303 0.357146 5.9807 0.867931 0.092532 -0.004739
120100 -44668.38815638 6030.48355166 0.358360 5.9807 0.867931 0.092532 -0.016764
120200 -44676.53814004 5967.96402130 0.354645 5.9807 0.867931 0.092532 -0.020678
120300 -44670.69118936 5940.38222823 0.353006 5.9807 0.867931 0.092532 -0.006391
120400 -44655.11832322 6042.92681997 0.359100 5.9807 0.867931 0.092532 0.009917
120500 -44683.15171208 6044.01372913 0.359164 5.9829 0.870102 0.091965 -0.004598
120600 -44713.78683839 6104.94497071 0.362785 5.9829 0.870102 0.091965 -0.013399
120700 -44698.72978981 6101.39198359 0.362574 5.9829 0.870102 0.091965 -0.002172
120800 -44753.42662035 6120.92271805 0.363734 5.9829 0.870102 0.091965 -0.023471
120900 -44678.95440377 6074.04930581 0.360949 5.9829 0.870102 0.091965 0.007034
121000 -44671.96762250 6048.22024716 0.359414 5.9836 0.869258 0.092093 -0.008966
121100 -44646.39648694 6059.67723067 0.360095 5.9836 0.869258 0.092093 0.014961
121200 -44654.25176473 5988.26326128 0.355851 5.9836 0.869258 0.092093 0.006831
121300 -44572.93295244 6035.94970642 0.358685 5.9836 0.869258 0.092093 0.040163
121400 -44615.44013866 6014.06144906 0.357384 5.9836 0.869258 0.092093 0.015120
121500 -44698.20560164 6087.86273452 0.361770 5.9816 0.868136 0.092576 -0.023218
121600 -44654.82471254 6090.00382259 0.361897 5.9816 0.868136 0.092576 -0.015929
121700 -44612.07313403 6006.47787436 0.356934 5.9816 0.868136 0.092576 0.002790
121800 -44634.23991158 6020.46243153 0.357765 5.9816 0.868136 0.092576 -0.010468
121900 -44643.89736492 6072.27045054 0.360843 5.9816 0.868136 0.092576 -0.011872
122000 -44622.03089087 6090.01385403 0.361898 5.9826 0.866731 0.092781 0.005980
122100 -44562.56393006 6027.50870185 0.358183 5.9826 0.866731 0.092781 0.027000
122200 -44637.23522568 6049.52095391 0.359491 5.9826 0.866731 0.092781 -0.008132
122300 -44622.98827467 6090.10030896 0.361903 5.9826 0.866731 0.092781 -0.012160
122400 -44707.16118638 6063.83287268 0.360342 5.9826 0.866731 0.092781 -0.046521
122500 -44651.34938187 6036.28197228 0.358705 5.9836 0.866883 0.093241 -0.014845
122600 -44591.47810777 5958.31321332 0.354071 5.9836 0.866883 0.093241 0.021372
122700 -44643.96474501 6046.01670216 0.359283 5.9836 0.866883 0.093241 -0.005761
122800 -44679.09712505 5985.79820938 0.355705 5.9836 0.866883 0.093241 -0.022877
122900 -44699.21640866 6008.78499780 0.357071 5.9836 0.866883 0.093241 -0.022632
123000 -44715.21997436 6077.27979167 0.361141 5.9824 0.870949 0.091614 -0.019760
123100 -44667.51334700 5976.13361569 0.355130 5.9824 0.870949 0.091614 0.000446
123200 -44718.69743461 6031.65078409 0.358429 5.9824 0.870949 0.091614 -0.011112
123300 -44687.34844027 5998.47631588 0.356458 5.9824 0.870949 0.091614 0.013207
123400 -44761.80351568 6005.33446067 0.356866 5.9824 0.870949 0.091614 -0.019902
123500 -44750.35178568 5998.06920308 0.356434 5.9838 0.871190 0.090779 -0.016124
123600 -44792.51460210 6028.55810292 0.358246 5.9838 0.871190 0.090779 -0.025755
123700 -44746.44646224 5976.61698662 0.355159 5.9838 0.871190 0.090779 0.003482
123800 -44689.13466768 6029.82537912 0.358321 5.9838 0.871190 0.090779 0.017989
123900 -44699.53774060 6062.12060647 0.360240 5.9838 0.871190 0.090779 0.015149
124000 -44675.67194973 6084.47517174 0.361569 5.9819 0.867846 0.092633 0.017647
124100 -44674.78457452 6030.95312585 0.358388 5.9819 0.867846 0.092633 0.005493
124200 -44680.88834196 6058.40636929 0.360019 5.9819 0.867846 0.092633 0.003283
124300 -44647.56456733 6061.05779804 0.360177 5.9819 0.867846 0.092633 0.013784
124400 -44648.40014786 6082.40044015 0.361445 5.9819 0.867846 0.092633 0.015557
124500 -44608.69206944 6089.35831233 0.361859 5.9823 0.867794 0.093240 0.017166
124600 -44581.02773088 6055.86941357 0.359869 5.9823 0.867794 0.093240 0.022686
124700 -44645.65197190 6053.66443611 0.359738 5.9823 0.867794 0.093240 -0.013230
124800 -44645.00023065 6040.35895556 0.358947 5.9823 0.867794 0.093240 0.000928
124900 -44618.46666237 6013.96865738 0.357379 5.9823 0.867794 0.093240 0.009432
125000 -44619.58230872 5988.54757230 0.355868 5.9786 0.865687 0.093022 0.006990
125100 -44584.46094602 6059.71194863 0.360097 5.9786 0.865687 0.093022 0.016233
125200 -44589.24465187 6023.58818035 0.357950 5.9786 0.865687 0.093022 0.005655
125300 -44610.32463098 6094.91881855 0.362189 5.9786 0.865687 0.093022 0.008875
125400 -44653.19574536 6067.20046571 0.360542 5.9786 0.865687 0.093022 -0.021694
125500 -44580.88416391 6021.52516362 0.357828 5.9832 0.867192 0.092519 0.006706
125600 -44625.49874035 6020.75087652 0.357782 5.9832 0.867192 0.092519 -0.007265
125700 -44692.87108836 5987.62117454 0.355813 5.9832 0.867192 0.092519 -0.033211
125800 -44718.75769001 6079.08269911 0.361248 5.9832 0.867192 0.092519 -0.023186
125900 -44608.26553494 6092.60022770 0.362051 5.9832 0.867192 0.092519 0.017617
126000 -44562.86569996 6042.32859224 0.359064 5.9821 0.866084 0.093020 0.031952
126100 -44587.73321267 5990.06552991 0.355958 5.9821 0.866084 0.093020 0.014753
126200 -44646.01155723 6129.68861896 0.364255 5.9821 0.866084 0.093020 -0.001057
126300 -44567.43344473 6050.47300981 0.359548 5.9821 0.866084 0.093020 0.036884
126400 -44610.76203282 6057.84715642 0.359986 5.9821 0.866084 0.093020 0.003000
126500 -44607.69930907 6087.19603448 0.361730 5.9825 0.865852 0.092862 0.005752
126600 -44609.05642339 6125.04203181 0.363979 5.9825 0.865852 0.092862 0.000658
126700 -44565.44385776 6050.67566508 0.359560 5.9825 0.865852 0.092862 0.012178
126800 -44654.81974232 6052.38917485 0.359662 5.9825 0.865852 0.092862 -0.016265
126900 -44648.09504012 6008.53608667 0.357056 5.9825 0.865852 0.092862 -0.003905
127000 -44621.51108922 6038.04795491 0.358810 5.9806 0.865552 0.093232 0.017691
127100 -44587.61795294 6029.76486470 0.358317 5.9806 0.865552 0.093232 0.021962
127200 -44645.39843824 6029.75578028 0.358317 5.9806 0.865552 0.093232 -0.005734
127300 -44685.43884346 6035.36855754 0.358650 5.9806 0.865552 0.093232 -0.018503
127400 -44582.04826734 6011.86475505 0.357254 5.9806 0.865552 0.093232 0.026211
127500 -44675.50249004 6109.31562882 0.363045 5.9831 0.867475 0.092674 -0.012883
127600 -44649.07691542 6113.87917528 0.363316 5.9831 0.867475 0.092674 -0.012381
127700 -44605.05773483 6089.29991760 0.361855 5.9831 0.867475 0.092674 0.013572
127800 -44639.34069455 6018.46501487 0.357646 5.9831 0.867475 0.092674 -0.006803
127900 -44648.03062643 6128.30322340 0.364173 5.9831 0.867475 0.092674 0.000536
128000 -44606.84716136 6102.58359388 0.362645 5.9834 0.868877 0.092680 0.018563
128100 -44646.33593291 6061.04042565 0.360176 5.9834 0.868877 0.092680 -0.008862
128200 -44647.63435954 6060.35795354 0.360135 5.9834 0.868877 0.092680 -0.005207
128300 -44754.23959270 6118.28891950 0.363578 5.9834 0.868877 0.092680 -0.052125
128400 -44681.64820135 5994.42436932 0.356217 5.9834 0.868877 0.092680 -0.014351
128500 -44693.98592726 5951.60380761 0.353673 5.9838 0.867944 0.092048 -0.012641
128600 -44684.08717023 6040.31228598 0.358944 5.9838 0.867944 0.092048 -0.000258
128700 -44743.54134371 6068.42421688 0.360615 5.9838 0.867944 0.092048 -0.025723
128800 -44719.97435591 6021.29415532 0.357814 5.9838 0.867944 0.092048 -0.020603
128900 -44689.44792595 6040.05703743 0.358929 5.9838 0.867944 0.092048 -0.000077
129000 -44649.76252433 6074.22245460 0.360959 5.9842 0.867931 0.092020 0.020805
129100 -44632.15608119 6017.52354046 0.357590 5.9842 0.867931 0.092020 0.019993
129200 -44711.72575351 6054.48116102 0.359786 5.9842 0.867931 0.092020 -0.010779
129300 -44745.68450729 6018.85985194 0.357669 5.9842 0.867931 0.092020 -0.019678
129400 -44666.48149508 6032.54409532 0.358483 5.9842 0.867931 0.092020 0.011945
129500 -44711.80585253 6079.53473509 0.361275 5.9844 0.870469 0.091721 -0.012228
129600 -44677.81326228 6097.43822362 0.362339 5.9844 0.870469 0.091721 0.010124
129700 -44642.39685789 6033.98745286 0.358568 5.9844 0.870469 0.091721 0.019614
129800 -44676.51448777 6063.94003774 0.360348 5.9844 0.870469 0.091721 0.000820
129900 -44651.02676703 5993.59100929 0.356168 5.9844 0.870469 0.091721 0.001900
130000 -44721.32437282 6051.81843262 0.359628 5.9844 0.871483 0.091181 -0.022487
130100 -44659.12931946 6050.43484863 0.359546 5.9844 0.871483 0.091181 0.016583
130200 -44624.05954882 6121.49954437 0.363769 5.9844 0.871483 0.091181 0.024860
130300 -44593.48048209 6073.22833762 0.360900 5.9844 0.871483 0.091181 0.034846
130400 -44645.44139991 5996.38527900 0.356334 5.9844 0.871483 0.091181 -0.000246
130500 -44701.64733331 6026.75524060 0.358139 5.9818 0.870082 0.091685 -0.018792
130600 -44645.87526446 6072.78515061 0.360874 5.9818 0.870082 0.091685 0.005932
130700 -44670.00629363 6002.45286317 0.356694 5.9818 0.870082 0.091685 -0.005561
130800 -44707.26067132 6060.81020494 0.360162 5.9818 0.870082 0.091685 -0.016707
130900 -44702.67213093 5996.92573808 0.356366 5.9818 0.870082 0.091685 0.001476
131000 -44637.10428583 5973.19670113 0.354956 5.9817 0.868467 0.092580 0.024609
131100 -44692.85694259 5990.53276188 0.355986 5.9817 0.868467 0.092580 -0.003570
131200 -44757.56072733 6113.77534814 0.363310 5.9817 0.868467 0.092580 -0.034952
131300 -44682.21492293 6085.18805745 0.361611 5.9817 0.868467 0.092580 0.008996
131400 -44642.17303570 6020.85046499 0.357788 5.9817 0.868467 0.092580 0.011912
131500 -44743.73894960 6093.37992816 0.362098 5.9842 0.872481 0.091654 -0.021260
131600 -44708.34452575 5984.53217698 0.355629 5.9842 0.872481 0.091654 -0.005489
131700 -44653.69105093 6007.50226568 0.356994 5.9842 0.872481 0.091654 0.012836
131800 -44637.33783751 6005.49891922 0.356875 5.9842 0.872481 0.091654 0.018183
131900 -44711.07989080 6063.86408459 0.360344 5.9842 0.872481 0.091654 -0.015786
132000 -44737.25662048 6100.69512558 0.362532 5.9835 0.869628 0.092249 -0.030461
132100 -44708.17409581 6039.69291129 0.358907 5.9835 0.869628 0.092249 -0.005691
132200 -44613.30036538 5980.78975608 0.355407 5.9835 0.869628 0.092249 0.029502
132300 -44765.73398095 6010.91673527 0.357197 5.9835 0.869628 0.092249 -0.035060
132400 -44753.50175385 6051.87189545 0.359631 5.9835 0.869628 0.092249 -0.014276
132500 -44700.45109392 6011.91479555 0.357257 5.9834 0.869197 0.092227 0.010035
132600 -44662.84129230 5969.91362225 0.354761 5.9834 0.869197 0.092227 0.015006
132700 -44744.12423623 6011.58503742 0.357237 5.9834 0.869197 0.092227 -0.023824
132800 -44777.29852388 5998.83599021 0.356479 5.9834 0.869197 0.092227 -0.035120
132900 -44791.59782192 6072.38633360 0.360850 5.9834 0.869197 0.092227 -0.024652
133000 -44737.06052280 6050.24383217 0.359534 5.9848 0.867989 0.091777 -0.011535
133100 -44682.90126404 6039.87998374 0.358918 5.9848 0.867989 0.091777 0.020730
133200 -44715.72470422 6110.15606507 0.363095 5.9848 0.867989 0.091777 -0.000280
133300 -44705.12841812 6026.91015394 0.358148 5.9848 0.867989 0.091777 -0.000597
133400 -44742.58025053 6061.38281035 0.360196 5.9848 0.867989 0.091777 -0.006740
133500 -44657.74196438 6059.95035604 0.360111 5.9831 0.867174 0.092344 0.030380
133600 -44624.16558097 6075.26461089 0.361021 5.9831 0.867174 0.092344 0.025419
133700 -44680.75414360 6135.45769519 0.364598 5.9831 0.867174 0.092344 0.000763
133800 -44602.50485726 5986.37062688 0.355739 5.9831 0.867174 0.092344 0.029610
133900 -44671.97076587 6087.86994733 0.361770 5.9831 0.867174 0.092344 0.008153
134000 -44674.77273782 6060.57768597 0.360148 5.9830 0.867650 0.093031 -0.009159
134100 -44657.87292208 6082.74925717 0.361466 5.9830 0.867650 0.093031 -0.007804
134200 -44721.68076661 6060.58331265 0.360149 5.9830 0.867650 0.093031 -0.021377
134300 -44707.63583526 6135.18074718 0.364582 5.9830 0.867650 0.093031 -0.018491
134400 -44679.94818821 6079.89082068 0.361296 5.9830 0.867650 0.093031 -0.006960
134500 -44703.63346038 6017.77121877 0.357605 5.9854 0.868782 0.092048 -0.014789
134600 -44694.03357738 6048.44606130 0.359428 5.9854 0.868782 0.092048 -0.007837
134700 -44691.26688479 6064.28993827 0.360369 5.9854 0.868782 0.092048 -0.004802
134800 -44696.47427750 6050.16424485 0.359530 5.9854 0.868782 0.092048 -0.003119
134900 -44667.64543922 6030.04848092 0.358334 5.9854 0.868782 0.092048 0.008615
135000 -44766.44002031 6111.57596889 0.363179 5.9857 0.870047 0.090978 -0.040974
135100 -44641.14096854 6032.90624505 0.358504 5.9857 0.870047 0.090978 0.018225
135200 -44653.71675844 6135.41572199 0.364596 5.9857 0.870047 0.090978 0.000350
135300 -44647.54251654 6108.31172649 0.362985 5.9857 0.870047 0.090978 0.007908
135400 -44615.37111739 6161.72237684 0.366159 5.9857 0.870047 0.090978 0.013531
135500 -44568.03585649 6130.92436499 0.364329 5.9831 0.867049 0.093320 0.025158
135600 -44586.33664832 6067.00420110 0.360530 5.9831 0.867049 0.093320 0.010196
135700 -44610.49736357 6124.64235623 0.363955 5.9831 0.867049 0.093320 0.002965
135800 -44649.63057197 6084.02568721 0.361542 5.9831 0.867049 0.093320 -0.020127
135900 -44647.19090454 6022.68783118 0.357897 5.9831 0.867049 0.093320 -0.019298
136000 -44646.89671127 6041.01154293 0.358986 5.9875 0.866849 0.092388 -0.016127
136100 -44656.45922004 6007.70251921 0.357006 5.9875 0.866849 0.092388 -0.011555
136200 -44652.63988463 5989.89348122 0.355948 5.9875 0.866849 0.092388 -0.003792
136300 -44719.39578028 6074.19681376 0.360958 5.9875 0.866849 0.092388 -0.032674
136400 -44724.90821055 6117.08086286 0.363506 5.9875 0.866849 0.092388 -0.019116
136500 -44663.05861015 6082.13098699 0.361429 5.9825 0.867791 0.093167 0.007676
136600 -44622.28606400 6106.26440173 0.362863 5.9825 0.867791 0.093167 0.011473
136700 -44612.43333226 6085.94100050 0.361656 5.9825 0.867791 0.093167 0.008047
136800 -44625.00072556 6062.85451803 0.360284 5.9825 0.867791 0.093167 0.001039
136900 -44667.26607988 6061.67734778 0.360214 5.9825 0.867791 0.093167 -0.009340
137000 -44617.46265859 6106.02935198 0.362849 5.9845 0.867886 0.092725 0.012653
137100 -44665.66155747 6117.42321000 0.363526 5.9845 0.867886 0.092725 -0.014525
137200 -44603.90531568 6111.54544539 0.363177 5.9845 0.867886 0.092725 0.020152
137300 -44607.74090153 6118.58035988 0.363595 5.9845 0.867886 0.092725 0.007488
137400 -44615.12151056 6028.55073409 0.358245 5.9845 0.867886 0.092725 0.003591
137500 -44687.18674086 6085.13050799 0.361607 5.9841 0.870205 0.091887 -0.020146
137600 -44658.62864957 6061.51220032 0.360204 5.9841 0.870205 0.091887 -0.010632
137700 -44594.31329990 6040.09824996 0.358931 5.9841 0.870205 0.091887 0.015787
137800 -44663.27102575 6091.49769155 0.361986 5.9841 0.870205 0.091887 -0.009020
137900 -44558.97875446 6010.24387277 0.357157 5.9841 0.870205 0.091887 0.030923
138000 -44665.05228200 5927.89241034 0.352264 5.9842 0.868629 0.092610 -0.018614
138100 -44673.31231957 6012.73479265 0.357305 5.9842 0.868629 0.092610 -0.009147
138200 -44723.58958236 6124.77565233 0.363963 5.9842 0.868629 0.092610 -0.021108
138300 -44666.21676792 6070.94235963 0.360764 5.9842 0.868629 0.092610 0.006538
138400 -44667.44259824 6054.82863575 0.359807 5.9842 0.868629 0.092610 0.006354
138500 -44682.32794933 6030.48934906 0.358360 5.9856 0.869089 0.092262 -0.016653
138600 -44648.98411629 6006.00356864 0.356905 5.9856 0.869089 0.092262 -0.000386
138700 -44652.21577466 6070.18421496 0.360719 5.9856 0.869089 0.092262 0.006945
138800 -44624.18688954 6039.93993551 0.358922 5.9856 0.869089 0.092262 0.018806
138900 -44646.93596165 6055.48090819 0.359846 5.9856 0.869089 0.092262 0.001843
139000 -44635.92507841 6104.31373579 0.362747 5.9834 0.867241 0.092615 0.005991
139100 -44569.31170495 6098.37140783 0.362394 5.9834 0.867241 0.092615 0.025823
139200 -44613.41737841 6136.94421606 0.364686 5.9834 0.867241 0.092615 0.013641
139300 -44713.89449739 6099.05692962 0.362435 5.9834 0.867241 0.092615 -0.032265
139400 -44657.92772140 6017.98431450 0.357617 5.9834 0.867241 0.092615 -0.007004
139500 -44696.07370681 6084.74954523 0.361585 5.9861 0.868540 0.092511 -0.014445
139600 -44708.92869951 6046.82015298 0.359331 5.9861 0.868540 0.092511 -0.014477
139700 -44710.26850646 5983.32777741 0.355558 5.9861 0.868540 0.092511 -0.018536
139800 -44700.12976994 5982.13491292 0.355487 5.9861 0.868540 0.092511 -0.000308
139900 -44734.76660806 6042.58495157 0.359079 5.9861 0.868540 0.092511 -0.009717
140000 -44682.88192765 6000.69296992 0.356590 5.9848 0.869454 0.092483 0.013189
140100 -44678.32019162 6042.23291271 0.359058 5.9848 0.869454 0.092483 0.014516
140200 -44747.03820802 6007.02637893 0.356966 5.9848 0.869454 0.092483 -0.016938
140300 -44697.31307700 5998.59917961 0.356465 5.9848 0.869454 0.092483 0.003715
140400 -44684.43027987 6065.29138270 0.360429 5.9848 0.869454 0.092483 0.013068
140500 -44679.12450440 6062.50374527 0.360263 5.9831 0.869789 0.092221 0.018998
140600 -44659.79380349 6068.59721454 0.360625 5.9831 0.869789 0.092221 0.019769
140700 -44741.97895740 6087.90288442 0.361772 5.9831 0.869789 0.092221 -0.019601
140800 -44628.64161325 6047.55117171 0.359374 5.9831 0.869789 0.092221 0.033972
140900 -44655.72527516 6053.50656157 0.359728 5.9831 0.869789 0.092221 0.001428
141000 -44638.36235066 6144.94254263 0.365162 5.9849 0.867335 0.092556 0.015246
141100 -44707.30079338 6095.92929721 0.362249 5.9849 0.867335 0.092556 -0.029272
141200 -44614.47515355 6090.12308557 0.361904 5.9849 0.867335 0.092556 0.011997
141300 -44638.15194533 6073.01179867 0.360887 5.9849 0.867335 0.092556 0.003308
141400 -44639.79368510 6177.50667480 0.367097 5.9849 0.867335 0.092556 -0.006842
141500 -44710.85210596 6122.26263905 0.363814 5.9850 0.870354 0.091731 -0.033294
141600 -44683.58905722 6049.37692341 0.359483 5.9850 0.870354 0.091731 -0.017216
141700 -44656.88893807 6035.30943778 0.358647 5.9850 0.870354 0.091731 0.001446
141800 -44690.11995833 6044.31316933 0.359182 5.9850 0.870354 0.091731 -0.022079
141900 -44696.23730889 6070.60686021 0.360744 5.9850 0.870354 0.091731 -0.016749
142000 -44727.04190162 6061.41484745 0.360198 5.9841 0.871168 0.091450 -0.021411
142100 -44701.51389051 6085.47478043 0.361628 5.9841 0.871168 0.091450 -0.009144
142200 -44676.51217764 5930.18022751 0.352400 5.9841 0.871168 0.091450 -0.001561
142300 -44728.63615455 6008.49465717 0.357053 5.9841 0.871168 0.091450 -0.015373
142400 -44739.39606792 6077.74340760 0.361168 5.9841 0.871168 0.091450 -0.015784
142500 -44712.07794599 5992.49475604 0.356103 5.9867 0.869077 0.091454 -0.005285
142600 -44696.45680316 6012.67555094 0.357302 5.9867 0.869077 0.091454 0.002600
142700 -44739.72943204 6018.87310939 0.357670 5.9867 0.869077 0.091454 -0.015554
142800 -44712.83363111 6039.51029462 0.358896 5.9867 0.869077 0.091454 0.005563
142900 -44663.21873487 6078.73663323 0.361228 5.9867 0.869077 0.091454 0.017244
143000 -44628.30252540 6041.62997610 0.359022 5.9850 0.867056 0.092528 0.031689
143100 -44656.47264350 6039.18301482 0.358877 5.9850 0.867056 0.092528 0.016085
143200 -44710.14687040 6027.31145677 0.358172 5.9850 0.867056 0.092528 -0.004787
143300 -44722.47691448 6038.23603327 0.358821 5.9850 0.867056 0.092528 0.001471
143400 -44685.66429680 6047.48236188 0.359370 5.9850 0.867056 0.092528 0.010423
143500 -44708.47445712 6018.30461786 0.357636 5.9841 0.868750 0.092842 0.003507
143600 -44668.44341375 6057.28457235 0.359953 5.9841 0.868750 0.092842 0.020657
143700 -44666.03197954 6072.69010816 0.360868 5.9841 0.868750 0.092842 0.008418
143800 -44692.57834740 6159.55339770 0.366030 5.9841 0.868750 0.092842 -0.001538
143900 -44708.01543967 6101.16950778 0.362561 5.9841 0.868750 0.092842 -0.010395
144000 -44655.02909431 6046.22849697 0.359296 5.9841 0.867381 0.092675 0.003708
144100 -44679.43498220 6040.66866405 0.358965 5.9841 0.867381 0.092675 -0.003305
144200 -44642.40603249 6045.84745257 0.359273 5.9841 0.867381 0.092675 0.017379
144300 -44635.43491774 6095.39765135 0.362218 5.9841 0.867381 0.092675 0.013676
144400 -44587.27246216 6123.68200395 0.363898 5.9841 0.867381 0.092675 0.028151
144500 -44662.23547066 6148.77868117 0.365390 5.9811 0.867656 0.092953 -0.008263
144600 -44612.54738365 6046.16657178 0.359292 5.9811 0.867656 0.092953 0.006334
144700 -44674.78216231 6056.00024195 0.359876 5.9811 0.867656 0.092953 -0.024082
144800 -44637.82987793 5957.26994113 0.354009 5.9811 0.867656 0.092953 -0.003311
144900 -44599.87992125 5944.02179168 0.353222 5.9811 0.867656 0.092953 0.020162
145000 -44760.74942111 6127.43990342 0.364122 5.9850 0.872581 0.091302 -0.042266
145100 -44626.48039846 5994.58111490 0.356227 5.9850 0.872581 0.091302 0.012091
145200 -44645.63121368 6066.95036656 0.360527 5.9850 0.872581 0.091302 0.008550
145300 -44658.90832817 6018.74647052 0.357663 5.9850 0.872581 0.091302 -0.004551
145400 -44691.22531836 6029.19852882 0.358284 5.9850 0.872581 0.091302 -0.007627
145500 -44698.10496304 6113.46477654 0.363291 5.9844 0.868832 0.092354 -0.007855
145600 -44636.21396942 6045.24166359 0.359237 5.9844 0.868832 0.092354 0.010890
145700 -44667.43046715 6026.47103363 0.358122 5.9844 0.868832 0.092354 -0.003755
145800 -44669.92496624 6018.12925162 0.357626 5.9844 0.868832 0.092354 -0.002493
145900 -44635.24578195 6080.97203221 0.361360 5.9844 0.868832 0.092354 0.009456
146000 -44701.85640197 6115.36297064 0.363404 5.9848 0.867361 0.092070 -0.023474
146100 -44712.82704365 6092.85020833 0.362066 5.9848 0.867361 0.092070 -0.021908
146200 -44734.50717563 6023.10555390 0.357922 5.9848 0.867361 0.092070 -0.029431
146300 -44719.20053787 6088.18217837 0.361789 5.9848 0.867361 0.092070 -0.021288
146400 -44617.73674459 5973.33550201 0.354964 5.9848 0.867361 0.092070 0.026324
146500 -44682.92211264 6022.77729250 0.357902 5.9826 0.868228 0.093161 -0.006545
146600 -44627.27806776 6045.91412852 0.359277 5.9826 0.868228 0.093161 0.018952
146700 -44656.22495049 6099.32371259 0.362451 5.9826 0.868228 0.093161 0.009417
146800 -44710.93455423 6049.16012047 0.359470 5.9826 0.868228 0.093161 -0.026830
146900 -44622.83743763 6001.96954737 0.356666 5.9826 0.868228 0.093161 0.007638
147000 -44683.16109446 6067.46630156 0.360558 5.9830 0.868702 0.091729 -0.004856
147100 -44664.79489617 6096.45616607 0.362280 5.9830 0.868702 0.091729 0.001974
147200 -44653.51186170 6137.03211917 0.364692 5.9830 0.868702 0.091729 0.013492
147300 -44593.82770098 6062.93958157 0.360289 5.9830 0.868702 0.091729 0.018314
147400 -44624.83123338 6078.88510979 0.361236 5.9830 0.868702 0.091729 -0.001170
147500 -44622.40028770 6073.54570516 0.360919 5.9818 0.867898 0.093173 0.002882
147600 -44569.36351459 6110.61387880 0.363122 5.9818 0.867898 0.093173 0.017463
147700 -44558.56284169 6048.46499177 0.359429 5.9818 0.867898 0.093173 0.016085
147800 -44552.32864773 6039.70584193 0.358908 5.9818 0.867898 0.093173 0.020512
147900 -44605.50689139 6076.66186283 0.361104 5.9818 0.867898 0.093173 -0.008481
148000 -44561.03271568 6024.23334644 0.357989 5.9824 0.865855 0.093664 0.012885
148100 -44585.62341947 6007.89883016 0.357018 5.9824 0.865855 0.093664 0.006865
148200 -44570.97035914 6047.53017096 0.359373 5.9824 0.865855 0.093664 0.018051
148300 -44621.94286000 6089.05112564 0.361840 5.9824 0.865855 0.093664 -0.005588
148400 -44628.18504775 6037.82955381 0.358797 5.9824 0.865855 0.093664 -0.018130
148500 -44549.63884454 6101.82718644 0.362600 5.9832 0.866202 0.093142 0.030261
148600 -44554.48862714 6123.41016448 0.363882 5.9832 0.866202 0.093142 0.024700
148700 -44563.88513308 6063.79770466 0.360340 5.9832 0.866202 0.093142 0.012084
148800 -44575.76841304 5987.23920084 0.355790 5.9832 0.866202 0.093142 0.006335
148900 -44676.47150013 6060.67915345 0.360154 5.9832 0.866202 0.093142 -0.038347
149000 -44646.43713547 6044.13790439 0.359171 5.9829 0.866547 0.093001 -0.008832
149100 -44697.91067413 5956.76382718 0.353979 5.9829 0.866547 0.093001 -0.032092
149200 -44729.80688476 6044.63185756 0.359201 5.9829 0.866547 0.093001 -0.033369
149300 -44731.03537947 5993.12805635 0.356140 5.9829 0.866547 0.093001 -0.030037
149400 -44696.69158395 5947.65351524 0.353438 5.9829 0.866547 0.093001 0.001070
149500 -44703.58360562 6091.52422386 0.361987 5.9869 0.870462 0.091931 -0.006287
149600 -44619.65178071 6031.89309068 0.358444 5.9869 0.870462 0.091931 0.029578
149700 -44704.52631876 6101.34084199 0.362571 5.9869 0.870462 0.091931 -0.009996
149800 -44655.97421057 6063.34298191 0.360313 5.9869 0.870462 0.091931 0.009814
149900 -44597.11751558 6142.54685313 0.365019 5.9869 0.870462 0.091931 0.035804
150000 -44588.64536545 6092.83781251 0.362065 5.9826 0.864582 0.093446 0.029667
150100 -44605.79670587 6065.97712647 0.360469 5.9826 0.864582 0.093446 0.004640
150200 -44622.55923168 6045.50951961 0.359253 5.9826 0.864582 0.093446 -0.007265
150300 -44650.86391722 6136.24072852 0.364645 5.9826 0.864582 0.093446 -0.012150
150400 -44704.72361863 5996.48165064 0.356340 5.9826 0.864582 0.093446 -0.030310
150500 -44633.79997366 5987.31667513 0.355795 5.9819 0.866940 0.093346 0.008865
150600 -44664.00743687 6068.43930688 0.360616 5.9819 0.866940 0.093346 -0.003764
150700 -44627.31705643 5996.36884894 0.356333 5.9819 0.866940 0.093346 0.006299
150800 -44598.83913017 6081.76303928 0.361407 5.9819 0.866940 0.093346 0.017136
150900 -44618.52984715 6139.95028737 0.364865 5.9819 0.866940 0.093346 0.009795
151000 -44618.17447522 6075.74057479 0.361049 5.9866 0.867094 0.091994 -0.000839
151100 -44628.74522239 6083.56774502 0.361515 5.9866 0.867094 0.091994 -0.000177
151200 -44645.69397485 6064.00814727 0.360352 5.9866 0.867094 0.091994 -0.007211
151300 -44646.80564695 6074.12496027 0.360953 5.9866 0.867094 0.091994 -0.016340
151400 -44658.42085686 6105.84340509 0.362838 5.9866 0.867094 0.091994 -0.018053
151500 -44691.86121956 6142.53053705 0.365018 5.9856 0.870025 0.091504 -0.018625
151600 -44654.13570445 6082.68924782 0.361462 5.9856 0.870025 0.091504 -0.002933
151700 -44587.17818024 6036.72025331 0.358731 5.9856 0.870025 0.091504 0.029667
151800 -44645.68716136 6143.14046399 0.365055 5.9856 0.870025 0.091504 -0.004757
151900 -44670.96336146 6125.84503213 0.364027 5.9856 0.870025 0.091504 -0.017022
152000 -44602.06657382 6070.93206335 0.360764 5.9835 0.868653 0.092617 0.010713
152100 -44605.39518606 6068.78010647 0.360636 5.9835 0.868653 0.092617 0.009948
152200 -44653.08577345 6107.24406469 0.362922 5.9835 0.868653 0.092617 -0.013864
152300 -44629.90005278 6091.65477781 0.361995 5.9835 0.868653 0.092617 -0.008615
152400 -44624.06297852 6122.95453193 0.363855 5.9835 0.868653 0.092617 -0.000724
152500 -44624.92429804 6074.68336969 0.360987 5.9831 0.867658 0.093242 -0.003112
152600 -44594.41978553 6073.55159436 0.360919 5.9831 0.867658 0.093242 0.008715
152700 -44661.60377183 6073.97124894 0.360944 5.9831 0.867658 0.093242 -0.012108
152800 -44582.03848921 6089.76987868 0.361883 5.9831 0.867658 0.093242 0.016486
152900 -44607.50681990 6132.46745354 0.364420 5.9831 0.867658 0.093242 0.005095
153000 -44677.23464497 6131.23964992 0.364347 5.9845 0.870260 0.092129 -0.030273
153100 -44656.50232017 5996.14693088 0.356320 5.9845 0.870260 0.092129 -0.027363
153200 -44684.38262011 6064.21840297 0.360365 5.9845 0.870260 0.092129 -0.013601
153300 -44597.66658881 6048.12786776 0.359409 5.9845 0.870260 0.092129 0.022780
153400 -44589.68261628 6083.27098204 0.361497 5.9845 0.870260 0.092129 0.019705
153500 -44599.74146113 6047.86788439 0.359393 5.9857 0.866463 0.093044 -0.001429
153600 -44623.42015692 6108.17974485 0.362977 5.9857 0.866463 0.093044 -0.004606
153700 -44639.17456401 6085.83530386 0.361649 5.9857 0.866463 0.093044 -0.004604
153800 -44659.56819642 6033.89146286 0.358563 5.9857 0.866463 0.093044 -0.009009
153900 -44625.07826571 6037.58537192 0.358782 5.9857 0.866463 0.093044 0.005954
154000 -44693.99358727 6137.09737220 0.364696 5.9838 0.868013 0.093196 -0.018128
154100 -44631.52226042 6042.16558198 0.359054 5.9838 0.868013 0.093196 0.002042
154200 -44655.80751516 6010.87648456 0.357195 5.9838 0.868013 0.093196 -0.013578
154300 -44679.43783326 6063.36102652 0.360314 5.9838 0.868013 0.093196 -0.010047
154400 -44659.16141205 6130.94557111 0.364330 5.9838 0.868013 0.093196 0.007020
154500 -44695.32594258 6156.32685455 0.365838 5.9840 0.868350 0.091938 -0.023235
154600 -44640.13664277 5971.01260535 0.354826 5.9840 0.868350 0.091938 0.001913
154700 -44652.88039784 6049.49594003 0.359490 5.9840 0.868350 0.091938 0.002061
154800 -44681.59169425 6083.47714079 0.361509 5.9840 0.868350 0.091938 -0.012502
154900 -44710.78010827 6149.82071321 0.365452 5.9840 0.868350 0.091938 -0.014625
155000 -44634.27200530 6042.40797643 0.359069 5.9816 0.866850 0.092414 0.007720
155100 -44662.66950392 6090.71986917 0.361940 5.9816 0.866850 0.092414 0.003004
155200 -44678.62306593 6137.76037410 0.364735 5.9816 0.866850 0.092414 -0.008497
155300 -44578.25263727 6069.21299293 0.360662 5.9816 0.866850 0.092414 0.025205
155400 -44601.81376559 5983.42390778 0.355564 5.9816 0.866850 0.092414 0.013419
155500 -44677.27320039 6030.54603067 0.358364 5.9845 0.866620 0.092240 -0.016307
155600 -44663.05971682 6059.23092864 0.360068 5.9845 0.866620 0.092240 0.000894
155700 -44650.17939881 6065.82613668 0.360460 5.9845 0.866620 0.092240 0.009357
155800 -44625.48940089 6113.09972891 0.363270 5.9845 0.866620 0.092240 0.007958
155900 -44649.62614422 6033.51809161 0.358540 5.9845 0.866620 0.092240 -0.002705
156000 -44593.41346347 6028.18550893 0.358224 5.9841 0.866418 0.092830 0.016147
156100 -44606.12914930 6078.82166851 0.361233 5.9841 0.866418 0.092830 0.019745
156200 -44663.03725936 6086.59621077 0.361695 5.9841 0.866418 0.092830 -0.014984
156300 -44670.64366143 6084.27840957 0.361557 5.9841 0.866418 0.092830 -0.007080
156400 -44670.13714067 6108.82496330 0.363016 5.9841 0.866418 0.092830 -0.003983
156500 -44582.37438538 6039.97564662 0.358924 5.9831 0.867040 0.093333 0.023445
156600 -44599.92337834 6039.83238111 0.358916 5.9831 0.867040 0.093333 0.019763
156700 -44686.73913378 6109.45078244 0.363053 5.9831 0.867040 0.093333 -0.023581
156800 -44683.58188429 6058.92998011 0.360051 5.9831 0.867040 0.093333 -0.012759
156900 -44602.32079082 6031.25995819 0.358406 5.9831 0.867040 0.093333 0.021000
157000 -44672.07629165 6001.33256703 0.356628 5.9831 0.869018 0.091727 -0.004345
157100 -44715.11676840 6008.99367127 0.357083 5.9831 0.869018 0.091727 -0.017464
157200 -44684.47118575 6040.18180444 0.358936 5.9831 0.869018 0.091727 -0.007132
157300 -44667.74989977 6033.19498331 0.358521 5.9831 0.869018 0.091727 0.014194
157400 -44725.60484017 6041.06350316 0.358989 5.9831 0.869018 0.091727 -0.014510
157500 -44757.88811692 6028.27591027 0.358229 5.9853 0.871611 0.091464 -0.021582
157600 -44682.00462851 6075.93676346 0.361061 5.9853 0.871611 0.091464 0.017714
157700 -44789.92982830 6032.49098545 0.358479 5.9853 0.871611 0.091464 -0.037265
157800 -44692.24190028 5979.32175433 0.355320 5.9853 0.871611 0.091464 0.010518
157900 -44756.70130888 6102.67396847 0.362650 5.9853 0.871611 0.091464 -0.007749
158000 -44770.12695873 6065.41340359 0.360436 5.9854 0.871927 0.091014 -0.018494
158100 -44684.85620504 6020.46624203 0.357765 5.9854 0.871927 0.091014 0.017832
158200 -44691.36564111 6076.53318353 0.361097 5.9854 0.871927 0.091014 0.015282
158300 -44743.95137748 6163.10491341 0.366241 5.9854 0.871927 0.091014 -0.015709
158400 -44674.09050063 6069.31091568 0.360667 5.9854 0.871927 0.091014 0.022561
158500 -44623.37781371 6049.17019784 0.359471 5.9832 0.868096 0.092707 0.034201
158600 -44664.00088970 6096.92878848 0.362309 5.9832 0.868096 0.092707 0.004605
158700 -44645.55701129 6046.22293346 0.359295 5.9832 0.868096 0.092707 0.012519
158800 -44677.58376466 6063.02664447 0.360294 5.9832 0.868096 0.092707 -0.001337
158900 -44639.05423595 6046.08816591 0.359287 5.9832 0.868096 0.092707 0.016538
159000 -44698.96013052 6058.83771705 0.360045 5.9862 0.869290 0.091245 -0.015081
159100 -44715.03385878 6106.28718480 0.362865 5.9862 0.869290 0.091245 -0.024129
159200 -44681.90136284 6072.34196925 0.360848 5.9862 0.869290 0.091245 0.002735
159300 -44724.09441051 6105.71009263 0.362830 5.9862 0.869290 0.091245 -0.026790
159400 -44731.56151311 6122.19042819 0.363810 5.9862 0.869290 0.091245 -0.019017
159500 -44664.56427770 6096.71299591 0.362296 5.9869 0.868739 0.091355 0.006714
159600 -44631.89635870 6088.93622052 0.361834 5.9869 0.868739 0.091355 0.012815
159700 -44589.19782190 6067.13862884 0.360538 5.9869 0.868739 0.091355 0.033387
159800 -44685.03794955 6066.83554192 0.360520 5.9869 0.868739 0.091355 -0.025058
159900 -44665.82545045 6095.46205659 0.362221 5.9869 0.868739 0.091355 0.002383
160000 -44644.21976529 6063.96639668 0.360350 5.9838 0.867498 0.092690 0.011140
160100 -44659.43283956 6041.18028254 0.358996 5.9838 0.867498 0.092690 0.007258
160200 -44668.02180397 6031.34688230 0.358411 5.9838 0.867498 0.092690 0.000434
160300 -44703.42315658 6051.69359012 0.359620 5.9838 0.867498 0.092690 -0.011979
160400 -44695.42126149 6105.37244675 0.362810 5.9838 0.867498 0.092690 -0.003479
160500 -44690.37764359 6116.47341058 0.363470 5.9849 0.868667 0.091471 -0.004443
160600 -44622.60624977 6087.10509648 0.361725 5.9849 0.868667 0.091471 0.019549
160700 -44616.35913514 6031.89873510 0.358444 5.9849 0.868667 0.091471 0.010617
160800 -44633.30473105 6000.68217809 0.356589 5.9849 0.868667 0.091471 0.012734
160900 -44633.14071469 6019.91475691 0.357732 5.9849 0.868667 0.091471 0.005355
161000 -44648.20842912 6043.34705748 0.359124 5.9845 0.868688 0.092655 0.012385
161100 -44656.75765822 5995.92834578 0.356307 5.9845 0.868688 0.092655 0.008277
161200 -44707.12717299 6013.54323541 0.357353 5.9845 0.868688 0.092655 -0.013758
161300 -44711.43809591 6028.98134309 0.358271 5.9845 0.868688 0.092655 -0.011580
161400 -44728.80576502 6020.68734366 0.357778 5.9845 0.868688 0.092655 -0.015653
161500 -44699.58055969 5989.36929082 0.355917 5.9853 0.866156 0.092001 0.004169
161600 -44716.55416991 6042.33861713 0.359065 5.9853 0.866156 0.092001 0.003223
161700 -44697.66528889 6040.19989517 0.358937 5.9853 0.866156 0.092001 0.006942
161800 -44750.03173263 6146.87485250 0.365277 5.9853 0.866156 0.092001 -0.011312
161900 -44656.06722785 6055.93773906 0.359873 5.9853 0.866156 0.092001 0.022271
162000 -44747.83501012 6127.03684518 0.364098 5.9836 0.868695 0.091928 -0.015993
162100 -44643.74865980 6021.53905683 0.357829 5.9836 0.868695 0.091928 0.024217
162200 -44681.80891276 6038.32446127 0.358826 5.9836 0.868695 0.091928 0.005176
162300 -44756.01600233 6013.26051975 0.357337 5.9836 0.868695 0.091928 -0.030026
162400 -44744.14466277 6028.95923524 0.358270 5.9836 0.868695 0.091928 -0.018096
162500 -44682.65889033 6012.31210306 0.357280 5.9860 0.870948 0.091946 0.003484
162600 -44777.69696439 5984.90848489 0.355652 5.9860 0.870948 0.091946 -0.024447
162700 -44787.30405580 5959.86291163 0.354163 5.9860 0.870948 0.091946 -0.023353
162800 -44784.61000012 5982.74057292 0.355523 5.9860 0.870948 0.091946 -0.007994
162900 -44823.75180519 6000.75381244 0.356593 5.9860 0.870948 0.091946 -0.014828
163000 -44813.29512485 6019.80705499 0.357726 5.9849 0.872944 0.091011 -0.014001
163100 -44787.39734292 6033.08594357 0.358515 5.9849 0.872944 0.091011 0.003706
163200 -44749.84375583 6051.44675159 0.359606 5.9849 0.872944 0.091011 0.010168
163300 -44735.40306843 6065.79227057 0.360458 5.9849 0.872944 0.091011 0.011647
163400 -44711.31203153 6050.72226132 0.359563 5.9849 0.872944 0.091011 0.017744
163500 -44742.22003545 6093.65510052 0.362114 5.9850 0.871476 0.091874 -0.005967
163600 -44678.67708526 6124.00122891 0.363917 5.9850 0.871476 0.091874 0.021990
163700 -44646.36834252 6061.90666597 0.360227 5.9850 0.871476 0.091874 0.023044
163800 -44740.45541167 6067.45693521 0.360557 5.9850 0.871476 0.091874 -0.014146
163900 -44631.96061154 6058.25582371 0.360010 5.9850 0.871476 0.091874 0.027201
164000 -44690.90984793 6041.49017898 0.359014 5.9848 0.871077 0.091381 -0.002506
164100 -44667.82524736 6072.82325862 0.360876 5.9848 0.871077 0.091381 0.005224
164200 -44671.90239603 6066.78500927 0.360517 5.9848 0.871077 0.091381 0.002455
164300 -44685.32140425 6085.04195345 0.361602 5.9848 0.871077 0.091381 -0.005066
164400 -44633.75201613 6009.45480257 0.357110 5.9848 0.871077 0.091381 0.014191
164500 -44704.06887311 6024.36219824 0.357996 5.9851 0.870369 0.092062 -0.020590
164600 -44693.01958182 5985.08466085 0.355662 5.9851 0.870369 0.092062 -0.010763
164700 -44669.24634135 5984.00993449 0.355598 5.9851 0.870369 0.092062 0.008873
164800 -44675.50282303 6023.36480082 0.357937 5.9851 0.870369 0.092062 0.006542
164900 -44692.12744498 6042.56779188 0.359078 5.9851 0.870369 0.092062 -0.000032
165000 -44683.19311721 6055.56318646 0.359850 5.9834 0.869716 0.092187 -0.009778
165100 -44713.62408546 6100.88021229 0.362543 5.9834 0.869716 0.092187 -0.021467
165200 -44675.39055513 5988.04681230 0.355838 5.9834 0.869716 0.092187 -0.000365
165300 -44662.82378728 6013.55427335 0.357354 5.9834 0.869716 0.092187 0.011123
165400 -44653.08208027 6037.14390636 0.358756 5.9834 0.869716 0.092187 0.014491
165500 -44712.84518306 6066.09970786 0.360477 5.9835 0.869939 0.092034 -0.011544
165600 -44700.45463343 6011.87882024 0.357255 5.9835 0.869939 0.092034 -0.006731
165700 -44673.82538685 6056.21696632 0.359889 5.9835 0.869939 0.092034 -0.000217
165800 -44674.71849952 5996.94888595 0.356367 5.9835 0.869939 0.092034 0.005166
165900 -44715.36643188 6020.61223859 0.357773 5.9835 0.869939 0.092034 -0.016059
166000 -44725.46368870 6036.09005695 0.358693 5.9851 0.870648 0.091952 -0.019343
166100 -44711.91028067 5979.52264306 0.355332 5.9851 0.870648 0.091952 -0.008409
166200 -44729.11089312 6046.24723510 0.359297 5.9851 0.870648 0.091952 -0.006325
166300 -44706.57317067 6015.39299925 0.357463 5.9851 0.870648 0.091952 0.013013
166400 -44664.29105022 5968.52019922 0.354678 5.9851 0.870648 0.091952 0.024313
166500 -44688.56284319 5955.94408545 0.353931 5.9844 0.869922 0.092753 0.002551
166600 -44723.68178124 6023.54300001 0.357948 5.9844 0.869922 0.092753 0.003462
166700 -44809.25008417 6051.17687136 0.359590 5.9844 0.869922 0.092753 -0.037886
166800 -44767.97044186 6053.00168012 0.359698 5.9844 0.869922 0.092753 -0.010812
166900 -44655.27149523 5984.87226127 0.355650 5.9844 0.869922 0.092753 0.037854
167000 -44761.61813665 5994.28754286 0.356209 5.9834 0.867296 0.092185 -0.011522
167100 -44700.06943104 6057.91345700 0.359990 5.9834 0.867296 0.092185 0.013007
167200 -44677.92066176 6096.25359987 0.362268 5.9834 0.867296 0.092185 0.024973
167300 -44656.58931592 6046.16619163 0.359292 5.9834 0.867296 0.092185 0.014783
167400 -44683.79232743 6011.96920715 0.357260 5.9834 0.867296 0.092185 -0.002956
167500 -44655.47280776 6057.15943143 0.359945 5.9840 0.868173 0.092751 0.013063
167600 -44637.68965862 6075.30216620 0.361023 5.9840 0.868173 0.092751 0.011665
167700 -44636.59427784 6043.99697751 0.359163 5.9840 0.868173 0.092751 0.009556
167800 -44700.37637706 6006.03564726 0.356907 5.9840 0.868173 0.092751 -0.013480
167900 -44724.55170550 6063.66185965 0.360332 5.9840 0.868173 0.092751 -0.017220
168000 -44708.46865324 6080.39992755 0.361326 5.9844 0.869171 0.092694 -0.002955
168100 -44673.37067832 6053.22177750 0.359711 5.9844 0.869171 0.092694 -0.001150
168200 -44654.24327857 5958.80121370 0.354100 5.9844 0.869171 0.092694 0.004296
168300 -44715.36362013 6026.07144051 0.358098 5.9844 0.869171 0.092694 -0.016753
168400 -44640.12110082 6116.99307764 0.363501 5.9844 0.869171 0.092694 0.014650
168500 -44644.67833019 6062.48294349 0.360262 5.9849 0.866492 0.092885 0.006746
168600 -44656.92332786 6008.31330140 0.357043 5.9849 0.866492 0.092885 -0.005530
168700 -44699.62637793 6023.68888223 0.357956 5.9849 0.866492 0.092885 -0.010357
168800 -44725.21945677 6062.74663168 0.360277 5.9849 0.866492 0.092885 -0.014532
168900 -44698.86298830 6050.63496871 0.359558 5.9849 0.866492 0.092885 -0.000465
169000 -44632.58195225 5992.48979535 0.356102 5.9816 0.867868 0.092689 0.017439
169100 -44702.12178521 6016.41999313 0.357524 5.9816 0.867868 0.092689 -0.007650
169200 -44694.90386846 5987.35475052 0.355797 5.9816 0.867868 0.092689 -0.012336
169300 -44729.05033678 6054.47102712 0.359786 5.9816 0.867868 0.092689 -0.020752
169400 -44641.12007019 6018.92406184 0.357673 5.9816 0.867868 0.092689 0.020753
169500 -44661.93068605 6057.80623040 0.359984 5.9848 0.869371 0.092475 0.009703
169600 -44629.82257574 6053.40051914 0.359722 5.9848 0.869371 0.092475 0.021827
169700 -44628.25088101 6057.42688114 0.359961 5.9848 0.869371 0.092475 0.015249
169800 -44649.47439317 6112.26315363 0.363220 5.9848 0.869371 0.092475 0.007117
169900 -44551.70544072 6012.53432319 0.357293 5.9848 0.869371 0.092475 0.036406
170000 -44564.50464358 6080.28571314 0.361320 5.9842 0.867097 0.092759 0.019540
170100 -44550.21089396 6046.01306202 0.359283 5.9842 0.867097 0.092759 0.022604
170200 -44601.56155563 6027.34623834 0.358174 5.9842 0.867097 0.092759 -0.001682
170300 -44647.83244340 6112.73383429 0.363248 5.9842 0.867097 0.092759 -0.014696
170400 -44645.19799968 6053.05325044 0.359701 5.9842 0.867097 0.092759 -0.020918
170500 -44570.22998657 6023.05187212 0.357918 5.9853 0.865363 0.092320 0.015696
170600 -44617.22027462 6075.87599812 0.361058 5.9853 0.865363 0.092320 0.002547
170700 -44653.84338413 6137.31720469 0.364709 5.9853 0.865363 0.092320 -0.014465
170800 -44602.34536232 6138.64844543 0.364788 5.9853 0.865363 0.092320 0.009876
170900 -44546.74915190 6123.15272265 0.363867 5.9853 0.865363 0.092320 0.028664
171000 -44579.87799592 6020.50940698 0.357767 5.9823 0.865904 0.093669 0.002635
171100 -44507.22719773 6017.55579076 0.357592 5.9823 0.865904 0.093669 0.030316
171200 -44559.37800829 6067.41574346 0.360555 5.9823 0.865904 0.093669 0.019630
171300 -44579.02108859 6102.63670589 0.362648 5.9823 0.865904 0.093669 0.007134
171400 -44532.48854774 6080.81601116 0.361351 5.9823 0.865904 0.093669 0.013000
171500 -44605.13386191 6124.76513834 0.363963 5.9838 0.865658 0.093255 -0.015573
171600 -44600.60214038 6038.98212813 0.358865 5.9838 0.865658 0.093255 -0.016610
171700 -44629.07252782 6117.71200438 0.363544 5.9838 0.865658 0.093255 -0.018766
171800 -44565.92785345 6098.10836624 0.362379 5.9838 0.865658 0.093255 0.007667
171900 -44578.75093231 6137.39732104 0.364713 5.9838 0.865658 0.093255 0.006565
172000 -44621.24015015 6116.85388228 0.363493 5.9840 0.868002 0.092693 -0.019579
172100 -44541.79085726 6062.13027248 0.360241 5.9840 0.868002 0.092693 0.014814
172200 -44561.89711674 6032.60695864 0.358486 5.9840 0.868002 0.092693 0.009384
172300 -44587.44776512 6093.73775228 0.362119 5.9840 0.868002 0.092693 -0.009223
172400 -44642.54805615 6012.91000190 0.357316 5.9840 0.868002 0.092693 -0.024083
172500 -44652.28503960 6011.81461339 0.357251 5.9810 0.867951 0.092591 -0.011690
172600 -44714.14641956 6042.84691692 0.359095 5.9810 0.867951 0.092591 -0.035402
172700 -44647.97954173 6052.55772466 0.359672 5.9810 0.867951 0.092591 -0.003374
172800 -44606.74670722 6000.44670461 0.356575 5.9810 0.867951 0.092591 0.014791
172900 -44654.54474045 6034.05331619 0.358572 5.9810 0.867951 0.092591 -0.009951
173000 -44678.82703099 6061.70527997 0.360215 5.9780 0.870074 0.092410 -0.006572
173100 -44649.30198405 6059.62596471 0.360092 5.9780 0.870074 0.092410 0.000254
173200 -44686.80263032 6131.76749240 0.364379 5.9780 0.870074 0.092410 -0.014604
173300 -44666.59145577 5973.18839267 0.354955 5.9780 0.870074 0.092410 -0.014777
173400 -44626.83650063 6020.24378322 0.357752 5.9780 0.870074 0.092410 0.010745
173500 -44646.92617556 5999.64289070 0.356527 5.9851 0.868645 0.092069 0.000155
173600 -44696.99279868 6053.54761002 0.359731 5.9851 0.868645 0.092069 -0.015061
173700 -44602.34852009 5992.56860083 0.356107 5.9851 0.868645 0.092069 0.030615
173800 -44705.77909924 6030.41167787 0.358356 5.9851 0.868645 0.092069 -0.014068
173900 -44678.10470424 6064.35220477 0.360373 5.9851 0.868645 0.092069 -0.008601
174000 -44643.85663899 6005.24179631 0.356860 5.9857 0.868931 0.092228 0.005920
174100 -44709.15915255 6107.28749062 0.362924 5.9857 0.868931 0.092228 -0.019227
174200 -44643.42254941 6119.40477891 0.363644 5.9857 0.868931 0.092228 0.011375
174300 -44616.29080756 6028.23085176 0.358226 5.9857 0.868931 0.092228 0.020216
174400 -44667.45892444 6065.03170740 0.360413 5.9857 0.868931 0.092228 0.000204
174500 -44621.73944606 6029.55681256 0.358305 5.9850 0.868202 0.092274 0.013842
174600 -44620.69380367 6055.14130928 0.359825 5.9850 0.868202 0.092274 0.018416
174700 -44629.16101227 6103.69030920 0.362710 5.9850 0.868202 0.092274 0.000939
174800 -44567.43841508 6130.40880253 0.364298 5.9850 0.868202 0.092274 0.030267
174900 -44642.69183655 6114.62191937 0.363360 5.9850 0.868202 0.092274 -0.012632
175000 -44612.18281186 6095.87799990 0.362246 5.9829 0.866079 0.092761 -0.001591
175100 -44629.86304251 5970.96100881 0.354823 5.9829 0.866079 0.092761 -0.006999
175200 -44649.25888568 5991.65599476 0.356053 5.9829 0.866079 0.092761 -0.005351
175300 -44601.37904538 6047.77967385 0.359388 5.9829 0.866079 0.092761 0.018677
175400 -44628.13366813 6085.32018912 0.361619 5.9829 0.866079 0.092761 0.009957
175500 -44585.42142827 6083.28499349 0.361498 5.9849 0.867664 0.092755 0.010307
175600 -44627.96039662 6057.54882731 0.359968 5.9849 0.867664 0.092755 0.000815
175700 -44628.96431802 6116.71989118 0.363485 5.9849 0.867664 0.092755 0.003781
175800 -44657.83356908 6072.05968713 0.360831 5.9849 0.867664 0.092755 -0.006158
175900 -44630.60997149 6068.45820544 0.360617 5.9849 0.867664 0.092755 0.000220
176000 -44657.17766832 6064.02697692 0.360353 5.9831 0.870086 0.092319 -0.009102
176100 -44715.87975888 6031.30550299 0.358409 5.9831 0.870086 0.092319 -0.031546
176200 -44653.76298598 6018.85309730 0.357669 5.9831 0.870086 0.092319 0.010241
176300 -44674.38906168 5983.49498921 0.355568 5.9831 0.870086 0.092319 0.001943
176400 -44687.39136643 6030.62186525 0.358368 5.9831 0.870086 0.092319 0.002003
176500 -44747.43090891 6044.65105052 0.359202 5.9840 0.871000 0.091473 -0.028322
176600 -44758.03791240 6026.60987085 0.358130 5.9840 0.871000 0.091473 -0.014048
176700 -44701.07046623 6026.02906556 0.358095 5.9840 0.871000 0.091473 0.014352
176800 -44742.48532394 5998.49321048 0.356459 5.9840 0.871000 0.091473 -0.010513
176900 -44729.09881477 6009.75381302 0.357128 5.9840 0.871000 0.091473 -0.010882
177000 -44690.46658890 6048.54284860 0.359433 5.9851 0.868604 0.091839 0.009587
177100 -44721.46855108 6000.90079848 0.356602 5.9851 0.868604 0.091839 -0.002364
177200 -44718.83162823 6073.73597587 0.360930 5.9851 0.868604 0.091839 0.003409
177300 -44697.99145845 6037.61404132 0.358784 5.9851 0.868604 0.091839 0.010124
177400 -44663.17850577 6012.54292180 0.357294 5.9851 0.868604 0.091839 0.019130
177500 -44720.61935360 6047.78344382 0.359388 5.9848 0.872246 0.091738 -0.003910
177600 -44660.92954332 6027.09715902 0.358159 5.9848 0.872246 0.091738 0.018903
177700 -44663.22802826 6072.04734466 0.360830 5.9848 0.872246 0.091738 0.009356
177800 -44608.56375993 6024.24680352 0.357989 5.9848 0.872246 0.091738 0.028517
177900 -44662.39884280 6011.35244285 0.357223 5.9848 0.872246 0.091738 0.012128
178000 -44698.51059722 6092.38575520 0.362039 5.9842 0.869337 0.091889 -0.009761
178100 -44673.45897734 6095.41332738 0.362219 5.9842 0.869337 0.091889 0.005673
178200 -44700.04737012 6083.89156586 0.361534 5.9842 0.869337 0.091889 -0.003984
178300 -44663.73712644 6047.85082965 0.359392 5.9842 0.869337 0.091889 0.005955
178400 -44657.87554049 6059.29306015 0.360072 5.9842 0.869337 0.091889 0.007619
178500 -44591.56100862 6050.23501063 0.359534 5.9815 0.866536 0.093307 0.029191
178600 -44686.29567695 6025.45152522 0.358061 5.9815 0.866536 0.093307 -0.017055
178700 -44690.09861219 5991.06138731 0.356017 5.9815 0.866536 0.093307 -0.013600
178800 -44685.11472750 6023.97207716 0.357973 5.9815 0.866536 0.093307 -0.001073
178900 -44674.31259905 6095.34282194 0.362214 5.9815 0.866536 0.093307 0.012937
179000 -44655.37293312 6045.56412809 0.359256 5.9828 0.867436 0.092771 0.011464
179100 -44652.80755044 6029.81121138 0.358320 5.9828 0.867436 0.092771 0.021381
179200 -44622.07342344 5998.55186945 0.356463 5.9828 0.867436 0.092771 0.017332
179300 -44579.35413867 6086.42396378 0.361684 5.9828 0.867436 0.092771 0.031814
179400 -44620.13607616 6050.17247587 0.359530 5.9828 0.867436 0.092771 0.012437
179500 -44641.61799051 6023.87492883 0.357967 5.9835 0.867416 0.092819 -0.005162
179600 -44611.29990766 6051.76542672 0.359625 5.9835 0.867416 0.092819 0.020110
179700 -44613.77385229 6086.21096457 0.361672 5.9835 0.867416 0.092819 0.013464
179800 -44593.55730215 6094.38664000 0.362158 5.9835 0.867416 0.092819 0.018555
179900 -44719.14974514 6078.04391863 0.361186 5.9835 0.867416 0.092819 -0.041087
180000 -44666.25538042 6066.06051556 0.360474 5.9804 0.868346 0.092460 -0.016406
180100 -44664.63067034 6023.42556007 0.357941 5.9804 0.868346 0.092460 -0.016006
180200 -44660.78117192 6044.87229898 0.359215 5.9804 0.868346 0.092460 -0.002078
180300 -44596.43827591 6013.98422123 0.357380 5.9804 0.868346 0.092460 0.025796
180400 -44652.34668343 5972.02460023 0.354886 5.9804 0.868346 0.092460 -0.002425
180500 -44723.56643719 6050.66130442 0.359559 5.9807 0.867869 0.092074 -0.030204
180600 -44651.41402300 6008.89471107 0.357077 5.9807 0.867869 0.092074 0.010227
180700 -44658.80596049 6053.64140664 0.359736 5.9807 0.867869 0.092074 -0.004067
180800 -44679.73983996 6066.89963010 0.360524 5.9807 0.867869 0.092074 -0.016571
180900 -44643.68833858 6008.30491874 0.357042 5.9807 0.867869 0.092074 0.007840
181000 -44625.17277992 6076.11503886 0.361072 5.9832 0.867911 0.092766 0.020910
181100 -44643.57137249 6056.02201295 0.359878 5.9832 0.867911 0.092766 0.008521
181200 -44639.07926753 6072.76356088 0.360873 5.9832 0.867911 0.092766 0.006438
181300 -44610.56172691 6058.16847934 0.360005 5.9832 0.867911 0.092766 0.022999
181400 -44694.88685416 6034.50966768 0.358599 5.9832 0.867911 0.092766 -0.021410
181500 -44733.98156648 6097.95274331 0.362369 5.9834 0.870864 0.091508 -0.037771
181600 -44682.39292142 6013.50811428 0.357351 5.9834 0.870864 0.091508 -0.010024
181700 -44661.62011919 6072.70740952 0.360869 5.9834 0.870864 0.091508 -0.004359
181800 -44704.87208311 6094.25634686 0.362150 5.9834 0.870864 0.091508 -0.019381
181900 -44725.24299168 6073.76897279 0.360932 5.9834 0.870864 0.091508 -0.022943
182000 -44639.35531585 6062.23592710 0.360247 5.9835 0.866111 0.092555 0.016057
182100 -44610.92063258 5967.35668874 0.354609 5.9835 0.866111 0.092555 0.014467
182200 -44683.15712719 6050.34409650 0.359540 5.9835 0.866111 0.092555 -0.009467
182300 -44620.21677415 6040.49871224 0.358955 5.9835 0.866111 0.092555 0.029296
182400 -44687.60953906 6119.94396375 0.363676 5.9835 0.866111 0.092555 -0.013696
182500 -44656.37122589 6143.44048106 0.365073 5.9835 0.869292 0.091980 -0.000155
182600 -44611.11638990 6094.40266186 0.362158 5.9835 0.869292 0.091980 0.013663
182700 -44559.41438831 6011.90529539 0.357256 5.9835 0.869292 0.091980 0.020172
182800 -44627.85984768 6019.48489071 0.357706 5.9835 0.869292 0.091980 0.010447
182900 -44702.58334298 6104.29903960 0.362747 5.9835 0.869292 0.091980 -0.030909
183000 -44629.89520090 6003.42044422 0.356752 5.9825 0.865702 0.093233 0.010910
183100 -44616.86193368 6041.00834386 0.358986 5.9825 0.865702 0.093233 0.013963
183200 -44704.62355081 6109.55165897 0.363059 5.9825 0.865702 0.093233 -0.025169
183300 -44590.04443830 5983.09903978 0.355544 5.9825 0.865702 0.093233 0.023108
183400 -44664.25950541 6044.31653814 0.359182 5.9825 0.865702 0.093233 -0.009956
183500 -44650.11579342 6045.78149452 0.359269 5.9844 0.868253 0.092451 -0.011434
183600 -44711.40040455 6032.59727727 0.358486 5.9844 0.868253 0.092451 -0.032328
183700 -44702.99502760 5996.72146380 0.356354 5.9844 0.868253 0.092451 -0.019576
183800 -44605.88380519 6038.13798451 0.358815 5.9844 0.868253 0.092451 0.033097
183900 -44650.23260251 6038.84984337 0.358857 5.9844 0.868253 0.092451 0.010485
184000 -44719.57277221 6039.41504457 0.358891 5.9838 0.869508 0.092851 -0.024892
184100 -44744.35435511 6056.68367579 0.359917 5.9838 0.869508 0.092851 -0.025042
184200 -44690.20276646 6153.75160984 0.365685 5.9838 0.869508 0.092851 -0.001213
184300 -44647.49532581 6117.94563160 0.363558 5.9838 0.869508 0.092851 0.004136
184400 -44584.37270668 6078.05941990 0.361187 5.9838 0.869508 0.092851 0.032718
184500 -44622.86698789 6132.64631788 0.364431 5.9825 0.867115 0.093222 0.007107
184600 -44574.84778304 6070.04960707 0.360711 5.9825 0.867115 0.093222 0.015442
184700 -44622.28696050 6070.10583211 0.360715 5.9825 0.867115 0.093222 -0.004320
184800 -44638.39119414 6017.54822424 0.357591 5.9825 0.867115 0.093222 -0.012115
184900 -44586.54280370 6056.93654803 0.359932 5.9825 0.867115 0.093222 0.011451
185000 -44585.46318927 6116.03913465 0.363444 5.9840 0.866031 0.092566 0.011459
185100 -44603.61544942 6061.67940707 0.360214 5.9840 0.866031 0.092566 -0.002831
185200 -44639.76386491 5998.03767233 0.356432 5.9840 0.866031 0.092566 -0.024493
185300 -44617.01074589 6011.76813589 0.357248 5.9840 0.866031 0.092566 0.003179
185400 -44673.44796011 6034.52512227 0.358600 5.9840 0.866031 0.092566 -0.017015
185500 -44632.49429686 5999.51031599 0.356520 5.9806 0.867264 0.093059 0.018214
185600 -44576.97498456 6045.59036392 0.359258 5.9806 0.867264 0.093059 0.030170
185700 -44565.12380781 5971.82155540 0.354874 5.9806 0.867264 0.093059 0.039417
185800 -44682.90946289 6032.04666405 0.358453 5.9806 0.867264 0.093059 -0.009258
185900 -44658.77784535 6010.08903406 0.357148 5.9806 0.867264 0.093059 0.002980
186000 -44661.68272388 6125.43882011 0.364003 5.9815 0.868695 0.092543 0.000928
186100 -44659.93682210 6073.71970130 0.360929 5.9815 0.868695 0.092543 -0.016183
186200 -44583.95941518 6072.42376074 0.360852 5.9815 0.868695 0.092543 0.024337
186300 -44626.84474847 6117.67913838 0.363542 5.9815 0.868695 0.092543 -0.001589
186400 -44626.33034375 6072.25861071 0.360843 5.9815 0.868695 0.092543 -0.002020
186500 -44641.21060792 6047.68324268 0.359382 5.9831 0.867127 0.092756 -0.013370
186600 -44599.36260655 6009.61834752 0.357120 5.9831 0.867127 0.092756 0.006739
186700 -44641.22498133 6022.04389430 0.357859 5.9831 0.867127 0.092756 -0.004079
186800 -44639.95253705 5921.04567019 0.351857 5.9831 0.867127 0.092756 -0.008489
186900 -44623.80326932 5991.86675858 0.356065 5.9831 0.867127 0.092756 0.011199
187000 -44572.85136178 5974.73667304 0.355047 5.9803 0.865768 0.093361 0.040381
187100 -44664.28055209 6012.91791982 0.357316 5.9803 0.865768 0.093361 -0.018393
187200 -44640.24179019 6008.05999917 0.357028 5.9803 0.865768 0.093361 0.001043
187300 -44668.08443035 6130.60631832 0.364310 5.9803 0.865768 0.093361 -0.000616
187400 -44584.83007167 6088.58394018 0.361813 5.9803 0.865768 0.093361 0.025829
187500 -44670.15450913 6086.17048171 0.361669 5.9818 0.869850 0.092969 -0.009145
187600 -44664.41828419 6061.37441483 0.360196 5.9818 0.869850 0.092969 -0.011880
187700 -44700.31243907 6056.61195434 0.359913 5.9818 0.869850 0.092969 -0.018412
187800 -44660.48259793 6034.02067734 0.358570 5.9818 0.869850 0.092969 0.001306
187900 -44671.17739241 6068.00604924 0.360590 5.9818 0.869850 0.092969 -0.005921
188000 -44676.33250126 6050.11462726 0.359527 5.9843 0.869246 0.092054 -0.006719
188100 -44638.54164880 6060.33237062 0.360134 5.9843 0.869246 0.092054 -0.000208
188200 -44610.19045526 6039.26203176 0.358882 5.9843 0.869246 0.092054 0.010757
188300 -44623.66900582 6070.92008557 0.360763 5.9843 0.869246 0.092054 -0.005367
188400 -44645.45178075 6085.81278833 0.361648 5.9843 0.869246 0.092054 -0.007253
188500 -44572.57090563 6066.34940996 0.360491 5.9832 0.863587 0.093133 0.029799
188600 -44646.00614323 6050.47953351 0.359548 5.9832 0.863587 0.093133 -0.004471
188700 -44631.78141848 6075.21080580 0.361018 5.9832 0.863587 0.093133 0.003672
188800 -44552.30164318 6025.37818429 0.358057 5.9832 0.863587 0.093133 0.027102
188900 -44565.37975798 6045.53010824 0.359254 5.9832 0.863587 0.093133 0.021577
189000 -44617.32955703 6069.08653804 0.360654 5.9826 0.867068 0.093627 -0.004381
189100 -44636.71054518 5971.31895135 0.354844 5.9826 0.867068 0.093627 -0.013879
189200 -44693.16415262 5975.97605042 0.355121 5.9826 0.867068 0.093627 -0.020757
189300 -44651.88513627 5989.51529210 0.355926 5.9826 0.867068 0.093627 -0.001921
189400 -44766.74959143 6027.13730552 0.358161 5.9826 0.867068 0.093627 -0.035169
189500 -44720.02992767 6057.48841123 0.359965 5.9832 0.870142 0.091941 -0.010690
189600 -44767.66691388 6073.14487248 0.360895 5.9832 0.870142 0.091941 -0.030667
189700 -44668.89394803 6001.60843413 0.356644 5.9832 0.870142 0.091941 0.007566
189800 -44725.06384087 6031.07324388 0.358395 5.9832 0.870142 0.091941 -0.021151
189900 -44688.96439225 6021.49278318 0.357826 5.9832 0.870142 0.091941 0.011728
190000 -44692.39099413 6035.06750108 0.358632 5.9860 0.869083 0.091646 -0.005587
190100 -44660.21571355 6029.77044709 0.358318 5.9860 0.869083 0.091646 0.011214
190200 -44695.22815531 6051.29034066 0.359597 5.9860 0.869083 0.091646 -0.004730
190300 -44726.94196508 6046.30685720 0.359300 5.9860 0.869083 0.091646 -0.021138
190400 -44686.60515512 6054.07377819 0.359762 5.9860 0.869083 0.091646 0.006687
190500 -44697.57537436 6065.64097149 0.360449 5.9868 0.868610 0.091950 -0.016370
190600 -44703.90672679 6085.22117114 0.361613 5.9868 0.868610 0.091950 -0.010519
190700 -44684.94436576 6019.35901010 0.357699 5.9868 0.868610 0.091950 -0.007994
190800 -44691.42795669 6037.95137159 0.358804 5.9868 0.868610 0.091950 0.005296
190900 -44688.37859516 6041.56551614 0.359019 5.9868 0.868610 0.091950 -0.001899
191000 -44713.00707584 6079.61975261 0.361280 5.9848 0.869647 0.091936 -0.013705
191100 -44665.69804531 6150.75093586 0.365507 5.9848 0.869647 0.091936 0.013071
191200 -44674.99558246 6065.18466328 0.360422 5.9848 0.869647 0.091936 0.003822
191300 -44652.54836063 6134.83164173 0.364561 5.9848 0.869647 0.091936 0.007212
191400 -44643.20412818 6032.16066173 0.358460 5.9848 0.869647 0.091936 -0.002118
191500 -44650.40414551 6061.09563826 0.360179 5.9809 0.865158 0.093764 0.004036
191600 -44615.86762068 6053.06645653 0.359702 5.9809 0.865158 0.093764 0.011946
191700 -44620.27965926 6023.97475088 0.357973 5.9809 0.865158 0.093764 0.003319
191800 -44612.35872572 6088.40937116 0.361802 5.9809 0.865158 0.093764 0.001395
191900 -44566.31330715 6134.48598749 0.364540 5.9809 0.865158 0.093764 0.033882
192000 -44650.86892198 6017.04004511 0.357561 5.9828 0.866074 0.093180 -0.022816
192100 -44687.71496753 6017.59027201 0.357594 5.9828 0.866074 0.093180 -0.023502
192200 -44736.81493575 6058.95022877 0.360052 5.9828 0.866074 0.093180 -0.035682
192300 -44674.03726318 6025.65063891 0.358073 5.9828 0.866074 0.093180 -0.009486
192400 -44607.35973057 5993.80723347 0.356181 5.9828 0.866074 0.093180 0.017515
192500 -44641.87811862 6047.39495581 0.359365 5.9822 0.869237 0.092929 0.008436
192600 -44645.81728987 6055.73476740 0.359861 5.9822 0.869237 0.092929 0.013146
192700 -44658.73584880 6005.42974537 0.356871 5.9822 0.869237 0.092929 0.004549
192800 -44731.78950477 6093.28262797 0.362092 5.9822 0.869237 0.092929 -0.022354
192900 -44687.38905506 5996.65985282 0.356350 5.9822 0.869237 0.092929 -0.014984
193000 -44727.59749959 6023.45271436 0.357942 5.9855 0.869123 0.092416 -0.019721
193100 -44684.40444532 6029.60575273 0.358308 5.9855 0.869123 0.092416 -0.010517
193200 -44653.53065166 6042.58663432 0.359079 5.9855 0.869123 0.092416 0.027126
193300 -44648.93038595 6113.92066164 0.363318 5.9855 0.869123 0.092416 0.015209
193400 -44649.52926789 6019.24972832 0.357693 5.9855 0.869123 0.092416 -0.000014
193500 -44618.50075477 5979.90633213 0.355355 5.9822 0.864501 0.093242 0.028979
193600 -44658.52112032 6047.34866719 0.359362 5.9822 0.864501 0.093242 -0.002624
193700 -44702.62778827 6086.37884311 0.361682 5.9822 0.864501 0.093242 -0.010900
193800 -44666.67513444 6059.38340907 0.360077 5.9822 0.864501 0.093242 0.000327
193900 -44706.73276530 6086.77899577 0.361705 5.9822 0.864501 0.093242 -0.013887
194000 -44651.02426057 6001.65941534 0.356647 5.9854 0.869302 0.092142 0.017029
194100 -44683.26042969 6109.52271180 0.363057 5.9854 0.869302 0.092142 0.002941
194200 -44659.05071341 6118.52754447 0.363592 5.9854 0.869302 0.092142 0.013339
194300 -44579.58186792 6045.97830533 0.359281 5.9854 0.869302 0.092142 0.031255
194400 -44629.04531751 5984.73739632 0.355642 5.9854 0.869302 0.092142 0.005038
194500 -44635.08840375 6029.08036211 0.358277 5.9862 0.867215 0.092497 0.007549
194600 -44660.37862399 6023.92171341 0.357970 5.9862 0.867215 0.092497 0.003429
194700 -44722.20650412 5986.50834232 0.355747 5.9862 0.867215 0.092497 -0.023622
194800 -44770.93951406 6018.78922289 0.357665 5.9862 0.867215 0.092497 -0.037541
194900 -44696.74268624 6042.47777305 0.359073 5.9862 0.867215 0.092497 0.005074
195000 -44708.02861192 6071.70180878 0.360809 5.9865 0.870855 0.091667 0.000462
195100 -44668.59854660 6080.06475596 0.361306 5.9865 0.870855 0.091667 0.020360
195200 -44626.00872275 6118.05931123 0.363564 5.9865 0.870855 0.091667 0.027355
195300 -44649.57659214 6046.32542289 0.359301 5.9865 0.870855 0.091667 0.000559
195400 -44652.84876376 6098.08584311 0.362377 5.9865 0.870855 0.091667 0.003419
195500 -44638.37595143 6077.93076086 0.361180 5.9830 0.868932 0.092559 0.011396
195600 -44651.47037623 6110.30309187 0.363103 5.9830 0.868932 0.092559 -0.003362
195700 -44646.84073054 6059.00159413 0.360055 5.9830 0.868932 0.092559 -0.005373
195800 -44591.19625401 6035.23920673 0.358643 5.9830 0.868932 0.092559 0.019463
195900 -44667.65084491 6035.78612062 0.358675 5.9830 0.868932 0.092559 -0.006980
196000 -44704.01531522 6092.43617467 0.362042 5.9853 0.869563 0.092077 -0.020424
196100 -44693.89762908 6057.23333067 0.359950 5.9853 0.869563 0.092077 -0.014390
196200 -44665.13466656 6000.71677659 0.356591 5.9853 0.869563 0.092077 -0.002380
196300 -44715.00795314 5985.66599470 0.355697 5.9853 0.869563 0.092077 -0.021402
196400 -44720.18838455 6059.22832969 0.360068 5.9853 0.869563 0.092077 -0.014219
196500 -44753.82958161 6088.10298174 0.361784 5.9866 0.869957 0.091069 -0.017605
196600 -44712.08863175 6026.71998587 0.358136 5.9866 0.869957 0.091069 -0.002433
196700 -44749.98301313 6062.75624558 0.360278 5.9866 0.869957 0.091069 -0.020703
196800 -44679.22703306 6090.07022398 0.361901 5.9866 0.869957 0.091069 0.007523
196900 -44713.60562360 6042.90862018 0.359098 5.9866 0.869957 0.091069 -0.006892
197000 -44758.41194110 6048.30473636 0.359419 5.9850 0.871876 0.091472 -0.032425
197100 -44677.93968744 6001.43500206 0.356634 5.9850 0.871876 0.091472 0.010826
197200 -44658.72865634 6092.06159810 0.362019 5.9850 0.871876 0.091472 0.018105
197300 -44747.71593620 6052.78126763 0.359685 5.9850 0.871876 0.091472 -0.032874
197400 -44741.13643639 6051.97591236 0.359637 5.9850 0.871876 0.091472 -0.014202
197500 -44707.13648972 6004.25168370 0.356801 5.9861 0.868818 0.091900 -0.002006
197600 -44732.45718493 6041.35342348 0.359006 5.9861 0.868818 0.091900 -0.000080
197700 -44734.19510424 6071.64372737 0.360806 5.9861 0.868818 0.091900 -0.007431
197800 -44716.24806242 6042.60115604 0.359080 5.9861 0.868818 0.091900 -0.001888
197900 -44735.37880551 6021.37562177 0.357819 5.9861 0.868818 0.091900 -0.013759
198000 -44669.78384101 6017.35807627 0.357580 5.9847 0.868060 0.093128 0.025339
198100 -44761.80160677 6039.85990732 0.358917 5.9847 0.868060 0.093128 -0.021467
198200 -44755.41210458 6017.95426468 0.357616 5.9847 0.868060 0.093128 -0.009191
198300 -44695.15368329 6081.58284907 0.361397 5.9847 0.868060 0.093128 0.014849
198400 -44660.93696031 6102.04978743 0.362613 5.9847 0.868060 0.093128 0.026944
198500 -44717.14856704 6087.29690314 0.361736 5.9844 0.870084 0.091901 -0.013531
198600 -44658.35389773 6103.13797452 0.362678 5.9844 0.870084 0.091901 0.010528
198700 -44690.88322396 6118.99212064 0.363620 5.9844 0.870084 0.091901 -0.007910
198800 -44622.72115751 6169.75884685 0.366636 5.9844 0.870084 0.091901 0.015309
198900 -44545.36399177 6103.18568053 0.362680 5.9844 0.870084 0.091901 0.034495
199000 -44686.67644317 6083.78743778 0.361528 5.9855 0.869171 0.091565 -0.033911
199100 -44599.32958053 6015.45341583 0.357467 5.9855 0.869171 0.091565 0.009896
199200 -44685.81327594 6090.80676672 0.361945 5.9855 0.869171 0.091565 -0.028950
199300 -44702.54518072 5994.30897339 0.356210 5.9855 0.869171 0.091565 -0.029171
199400 -44740.14154180 6047.21269906 0.359354 5.9855 0.869171 0.091565 -0.041894
199500 -44679.89050492 6025.71156790 0.358077 5.9862 0.869935 0.091035 -0.009176
199600 -44652.88777659 5992.70591919 0.356115 5.9862 0.869935 0.091035 0.009223
199700 -44677.86068010 6048.80730247 0.359449 5.9862 0.869935 0.091035 0.003681
199800 -44747.93932017 6096.49459580 0.362283 5.9862 0.869935 0.091035 -0.026340
199900 -44734.22846684 6051.56486056 0.359613 5.9862 0.869935 0.091035 -0.012829
200000 -44767.12240574 6064.71873326 0.360395 5.9873 0.871321 0.091460 -0.022824
200100 -44642.95533397 6060.89619308 0.360167 5.9873 0.871321 0.091460 0.033707
200200 -44687.56402482 6075.39201724 0.361029 5.9873 0.871321 0.091460 0.009714
200300 -44671.68259250 6103.57693554 0.362704 5.9873 0.871321 0.091460 0.014341
200400 -44641.27563853 6059.58674931 0.360090 5.9873 0.871321 0.091460 0.016549
200500 -44634.55733965 6018.41761034 0.357643 5.9843 0.870064 0.092186 0.020370
200600 -44672.02352377 6086.04622278 0.361662 5.9843 0.870064 0.092186 -0.000652
200700 -44676.46258085 6063.16689365 0.360302 5.9843 0.870064 0.092186 -0.003912
200800 -44642.05281945 6097.49636283 0.362342 5.9843 0.870064 0.092186 0.007658
200900 -44646.05655773 6108.74739431 0.363011 5.9843 0.870064 0.092186 0.004017
201000 -44615.65463275 6064.25460100 0.360367 5.9810 0.866569 0.093589 0.015158
201100 -44670.07094990 6017.02643666 0.357560 5.9810 0.866569 0.093589 -0.001507
201200 -44664.59887685 5998.12622954 0.356437 5.9810 0.866569 0.093589 -0.010548
201300 -44733.62640369 6008.87302313 0.357076 5.9810 0.866569 0.093589 -0.029746
201400 -44688.66949841 6051.96370619 0.359637 5.9810 0.866569 0.093589 -0.006753
201500 -44642.82687171 6063.22535700 0.360306 5.9851 0.869219 0.092244 0.026628
201600 -44666.16519248 6086.15956818 0.361669 5.9851 0.869219 0.092244 0.008665
201700 -44595.42850842 6076.19980851 0.361077 5.9851 0.869219 0.092244 0.034724
201800 -44637.31759813 6117.45658264 0.363528 5.9851 0.869219 0.092244 0.005339
201900 -44647.23861583 6072.05749904 0.360831 5.9851 0.869219 0.092244 -0.000131
202000 -44609.71249863 6080.02533736 0.361304 5.9838 0.867115 0.092097 0.011629
202100 -44677.44350394 6056.93353052 0.359932 5.9838 0.867115 0.092097 -0.013041
202200 -44695.09565066 6056.74696149 0.359921 5.9838 0.867115 0.092097 -0.021941
202300 -44642.79820271 6044.23762603 0.359177 5.9838 0.867115 0.092097 0.011359
202400 -44707.27491513 6052.51477408 0.359669 5.9838 0.867115 0.092097 -0.019990
202500 -44682.02444044 6058.04863416 0.359998 5.9849 0.870697 0.092069 -0.017705
202600 -44615.54343931 5997.88005514 0.356423 5.9849 0.870697 0.092069 0.023002
202700 -44727.28060450 5983.80166607 0.355586 5.9849 0.870697 0.092069 -0.037248
202800 -44717.04034167 6020.69477795 0.357778 5.9849 0.870697 0.092069 -0.009269
202900 -44714.82656758 6064.84105359 0.360402 5.9849 0.870697 0.092069 -0.009073
203000 -44701.71593822 6032.14737886 0.358459 5.9851 0.869628 0.091633 -0.003304
203100 -44754.20454526 6057.00797820 0.359936 5.9851 0.869628 0.091633 -0.026659
203200 -44683.51552710 5992.44577067 0.356100 5.9851 0.869628 0.091633 0.015963
203300 -44732.03950906 5993.90412814 0.356186 5.9851 0.869628 0.091633 -0.004963
203400 -44749.13340112 6071.40205570 0.360792 5.9851 0.869628 0.091633 -0.012291
203500 -44680.52448711 6038.11608011 0.358814 5.9836 0.869705 0.091974 0.019538
203600 -44764.11816939 5954.83590513 0.353865 5.9836 0.869705 0.091974 -0.028459
203700 -44659.29347395 6012.13597710 0.357270 5.9836 0.869705 0.091974 0.048645
203800 -44690.58436047 6107.22240651 0.362920 5.9836 0.869705 0.091974 0.020431
203900 -44580.50930585 6139.66720821 0.364848 5.9836 0.869705 0.091974 0.046017
204000 -44624.08709881 6038.25331563 0.358822 5.9834 0.865836 0.093029 0.014678
204100 -44609.22574536 6026.17420231 0.358104 5.9834 0.865836 0.093029 0.021081
204200 -44694.16130229 6118.86666939 0.363612 5.9834 0.865836 0.093029 -0.014565
204300 -44714.11367328 6101.51871774 0.362581 5.9834 0.865836 0.093029 -0.018412
204400 -44673.48334965 6107.95104194 0.362964 5.9834 0.865836 0.093029 0.003829
204500 -44699.02186238 6158.31606558 0.365957 5.9856 0.868711 0.091970 -0.023646
204600 -44688.96483393 6076.58285735 0.361100 5.9856 0.868711 0.091970 -0.010439
204700 -44577.15252397 6144.65479379 0.365145 5.9856 0.868711 0.091970 0.038461
204800 -44598.18354402 6069.35693163 0.360670 5.9856 0.868711 0.091970 0.015883
204900 -44655.19712793 6112.51539919 0.363235 5.9856 0.868711 0.091970 -0.009777
205000 -44564.60087864 6052.55837153 0.359672 5.9849 0.867341 0.092968 0.024535
205100 -44655.40432346 6049.52132401 0.359491 5.9849 0.867341 0.092968 -0.019395
205200 -44627.13484252 5987.43025492 0.355802 5.9849 0.867341 0.092968 -0.000858
205300 -44624.92803909 6038.18210002 0.358818 5.9849 0.867341 0.092968 0.007369
205400 -44575.83300989 6006.10548808 0.356911 5.9849 0.867341 0.092968 0.026342
205500 -44632.72957370 6100.17415114 0.362501 5.9845 0.866724 0.092779 0.006014
205600 -44565.07069153 6043.99785008 0.359163 5.9845 0.866724 0.092779 0.031330
205700 -44707.60118434 6092.19200719 0.362027 5.9845 0.866724 0.092779 -0.030572
205800 -44594.14424352 6050.38644201 0.359543 5.9845 0.866724 0.092779 0.023259
205900 -44632.71511818 6083.36134252 0.361502 5.9845 0.866724 0.092779 0.002221
206000 -44604.15487599 5936.35573464 0.352767 5.9811 0.866402 0.092913 0.012569
206100 -44731.93610901 5990.36746381 0.355976 5.9811 0.866402 0.092913 -0.037826
206200 -44747.08439082 5996.95917221 0.356368 5.9811 0.866402 0.092913 -0.035109
206300 -44721.45080962 6080.40758077 0.361327 5.9811 0.866402 0.092913 -0.015366
206400 -44753.85229337 6113.32994764 0.363283 5.9811 0.866402 0.092913 -0.026318
206500 -44674.62143921 6030.96377653 0.358389 5.9826 0.869337 0.092703 0.011171
206600 -44638.68092118 6128.17410737 0.364165 5.9826 0.869337 0.092703 0.020122
206700 -44573.50516243 6060.99000293 0.360173 5.9826 0.869337 0.092703 0.048591
206800 -44639.27222629 6156.27334974 0.365835 5.9826 0.869337 0.092703 0.010392
206900 -44581.10174303 6056.16090821 0.359886 5.9826 0.869337 0.092703 0.027269
207000 -44712.22764780 6064.46827345 0.360380 5.9825 0.869287 0.092110 -0.033137
207100 -44635.47527554 6007.55305210 0.356997 5.9825 0.869287 0.092110 0.010316
207200 -44622.29138570 6097.53095044 0.362344 5.9825 0.869287 0.092110 0.005204
207300 -44621.30276445 6057.91436164 0.359990 5.9825 0.869287 0.092110 0.010178
207400 -44581.17805340 6025.71699179 0.358077 5.9825 0.869287 0.092110 0.018708
207500 -44642.31588789 6029.59176645 0.358307 5.9850 0.869838 0.092106 -0.004363
207600 -44721.92779267 6070.99158555 0.360767 5.9850 0.869838 0.092106 -0.025076
207700 -44696.87849903 6030.89065104 0.358384 5.9850 0.869838 0.092106 -0.014521
207800 -44680.00496960 6079.58545539 0.361278 5.9850 0.869838 0.092106 0.000535
207900 -44674.34328223 5981.61678912 0.355456 5.9850 0.869838 0.092106 -0.003428
208000 -44699.74396951 5957.47053825 0.354021 5.9853 0.867813 0.091998 -0.012358
208100 -44719.20533378 5965.42995740 0.354494 5.9853 0.867813 0.091998 -0.012563
208200 -44709.96530032 6028.03759669 0.358215 5.9853 0.867813 0.091998 -0.007202
208300 -44683.88117290 6018.24651582 0.357633 5.9853 0.867813 0.091998 0.007209
208400 -44665.99126275 6102.87378755 0.362662 5.9853 0.867813 0.091998 0.018820
208500 -44691.21061469 6067.57983122 0.360565 5.9835 0.868726 0.092911 -0.001280
208600 -44633.60718861 6037.50735250 0.358777 5.9835 0.868726 0.092911 0.021681
208700 -44701.73824412 6070.90337607 0.360762 5.9835 0.868726 0.092911 -0.005719
208800 -44675.60698845 6039.59850707 0.358902 5.9835 0.868726 0.092911 0.000973
208900 -44729.71644937 6127.54699389 0.364128 5.9835 0.868726 0.092911 -0.019100
209000 -44676.63699097 6022.20370911 0.357868 5.9842 0.870926 0.091656 0.003509
209100 -44779.75879356 5990.06227475 0.355958 5.9842 0.870926 0.091656 -0.036999
209200 -44725.87786668 6006.12967084 0.356913 5.9842 0.870926 0.091656 -0.001855
209300 -44699.21469163 6016.93197076 0.357555 5.9842 0.870926 0.091656 -0.000900
209400 -44698.64946755 5999.02668602 0.356491 5.9842 0.870926 0.091656 0.000206
209500 -44707.88494427 6031.27095877 0.358407 5.9837 0.868730 0.091682 -0.001502
209600 -44691.71596752 6068.55240845 0.360622 5.9837 0.868730 0.091682 0.010647
209700 -44728.77992399 6092.39249390 0.362039 5.9837 0.868730 0.091682 -0.010371
209800 -44663.25360381 6058.06753338 0.359999 5.9837 0.868730 0.091682 0.017307
209900 -44677.95122206 6063.03801207 0.360295 5.9837 0.868730 0.091682 0.007637
210000 -44643.42203681 6113.68519928 0.363304 5.9834 0.869006 0.092084 0.020556
210100 -44623.34780307 6108.33749928 0.362987 5.9834 0.869006 0.092084 0.019461
210200 -44640.18447485 6074.94370578 0.361002 5.9834 0.869006 0.092084 0.000280
210300 -44656.61515789 6024.83959924 0.358025 5.9834 0.869006 0.092084 -0.002893
210400 -44636.83545773 6024.94120974 0.358031 5.9834 0.869006 0.092084 0.000347
210500 -44695.06275610 6037.17145863 0.358758 5.9844 0.871101 0.091790 -0.021144
210600 -44668.86402545 5985.88101728 0.355710 5.9844 0.871101 0.091790 -0.004369
210700 -44702.79785955 6026.75905363 0.358139 5.9844 0.871101 0.091790 -0.009162
210800 -44709.83644289 5974.34652131 0.355024 5.9844 0.871101 0.091790 -0.017226
210900 -44717.07601680 6002.85377642 0.356718 5.9844 0.871101 0.091790 -0.011897
211000 -44695.93015005 6018.67139265 0.357658 5.9838 0.868624 0.091982 0.000027
211100 -44745.01442365 6073.32139335 0.360906 5.9838 0.868624 0.091982 -0.021137
211200 -44632.85695713 6055.72094176 0.359860 5.9838 0.868624 0.091982 0.025130
211300 -44677.40781166 6103.73428438 0.362713 5.9838 0.868624 0.091982 -0.013133
211400 -44702.60513996 6104.60186116 0.362765 5.9838 0.868624 0.091982 -0.014188
211500 -44648.63850450 6062.97776421 0.360291 5.9819 0.869028 0.092609 0.009815
211600 -44691.71883603 6047.49965022 0.359371 5.9819 0.869028 0.092609 -0.012196
211700 -44706.81842524 6058.37360747 0.360017 5.9819 0.869028 0.092609 -0.012492
211800 -44665.53973027 6103.73660336 0.362713 5.9819 0.869028 0.092609 0.001109
211900 -44628.43575716 6012.66849741 0.357301 5.9819 0.869028 0.092609 0.023578
212000 -44662.46087801 5967.93811795 0.354643 5.9842 0.868511 0.092770 -0.001493
212100 -44662.90051020 6042.49656192 0.359074 5.9842 0.868511 0.092770 0.003872
212200 -44696.22997661 6050.37170101 0.359542 5.9842 0.868511 0.092770 -0.014385
212300 -44714.04123302 6079.18797114 0.361254 5.9842 0.868511 0.092770 -0.024054
212400 -44657.12050293 6085.08813679 0.361605 5.9842 0.868511 0.092770 0.010362
212500 -44631.49050023 6014.24371246 0.357395 5.9829 0.867811 0.092377 0.015532
212600 -44633.65164392 6150.03460078 0.365464 5.9829 0.867811 0.092377 0.021884
212700 -44673.65047469 6157.77887055 0.365925 5.9829 0.867811 0.092377 -0.017325
212800 -44608.22524749 6070.03632482 0.360711 5.9829 0.867811 0.092377 0.020373
212900 -44608.38333585 6012.72417250 0.357305 5.9829 0.867811 0.092377 0.008623
213000 -44630.75983221 6027.09408581 0.358159 5.9823 0.867737 0.093062 0.000853
213100 -44604.66183771 6071.64148646 0.360806 5.9823 0.867737 0.093062 0.008207
213200 -44670.76448911 6035.39489681 0.358652 5.9823 0.867737 0.093062 -0.022911
213300 -44680.94548895 6030.39544827 0.358355 5.9823 0.867737 0.093062 -0.013974
213400 -44695.31202231 6051.33891185 0.359599 5.9823 0.867737 0.093062 -0.019773
213500 -44662.60722596 6096.78217120 0.362300 5.9834 0.867841 0.092360 0.006311
213600 -44618.14418434 6082.01654604 0.361422 5.9834 0.867841 0.092360 0.015008
213700 -44635.11458884 6142.76815429 0.365033 5.9834 0.867841 0.092360 0.005178
213800 -44622.44120105 6081.77381578 0.361408 5.9834 0.867841 0.092360 -0.000097
213900 -44667.38037711 6100.03650563 0.362493 5.9834 0.867841 0.092360 -0.026322
214000 -44680.94187152 6101.50042605 0.362580 5.9826 0.871015 0.091956 -0.018201
214100 -44650.14304647 6043.08826745 0.359109 5.9826 0.871015 0.091956 -0.018510
214200 -44583.59502836 6060.57231516 0.360148 5.9826 0.871015 0.091956 0.032248
214300 -44608.27243939 5999.68089314 0.356530 5.9826 0.871015 0.091956 0.016290
214400 -44642.15710941 6113.67355789 0.363304 5.9826 0.871015 0.091956 0.000670
214500 -44621.76343453 6059.10796891 0.360061 5.9809 0.865855 0.093447 0.007409
214600 -44618.87781778 6091.32440792 0.361976 5.9809 0.865855 0.093447 0.009300
214700 -44569.12920133 6058.72451503 0.360038 5.9809 0.865855 0.093447 0.017573
214800 -44622.70859159 6052.77125714 0.359685 5.9809 0.865855 0.093447 -0.006958
214900 -44658.20377325 6060.26125315 0.360130 5.9809 0.865855 0.093447 -0.021641
215000 -44659.97295056 5963.25542939 0.354365 5.9834 0.869209 0.092263 -0.018048
215100 -44699.23477418 6015.76026134 0.357485 5.9834 0.869209 0.092263 -0.019928
215200 -44669.33014194 5957.57272550 0.354027 5.9834 0.869209 0.092263 0.002965
215300 -44760.40891918 6017.36524149 0.357581 5.9834 0.869209 0.092263 -0.033048
215400 -44788.75757137 6034.43706984 0.358595 5.9834 0.869209 0.092263 -0.027103
215500 -44727.34207859 6009.53383802 0.357115 5.9817 0.869780 0.092155 -0.001201
215600 -44690.67746533 6043.81201586 0.359152 5.9817 0.869780 0.092155 0.016009
215700 -44696.73776673 6083.86101984 0.361532 5.9817 0.869780 0.092155 0.004093
215800 -44569.82235351 6082.90710805 0.361475 5.9817 0.869780 0.092155 0.047839
215900 -44538.22029642 6053.04943225 0.359701 5.9817 0.869780 0.092155 0.059979
216000 -44600.00904370 6103.65242386 0.362708 5.9841 0.867512 0.092516 0.014541
216100 -44587.44196318 6121.29282826 0.363756 5.9841 0.867512 0.092516 0.011320
216200 -44552.21724738 6111.49150559 0.363174 5.9841 0.867512 0.092516 0.022648
216300 -44576.64914845 6125.26437533 0.363992 5.9841 0.867512 0.092516 0.002140
216400 -44627.35530669 6083.40947902 0.361505 5.9841 0.867512 0.092516 -0.019817
216500 -44614.24940935 6049.41629738 0.359485 5.9834 0.866420 0.093647 -0.015673
216600 -44568.16756300 6042.09507229 0.359050 5.9834 0.866420 0.093647 0.014810
216700 -44588.07527138 6141.21419655 0.364940 5.9834 0.866420 0.093647 0.007888
216800 -44556.22610404 6054.80152592 0.359805 5.9834 0.866420 0.093647 0.015989
216900 -44628.49056999 6158.87967541 0.365990 5.9834 0.866420 0.093647 -0.014472
217000 -44518.21600916 6114.84770487 0.363373 5.9826 0.866653 0.093211 0.035901
217100 -44543.97503029 6126.30541136 0.364054 5.9826 0.866653 0.093211 0.012762
217200 -44627.29424843 6074.28889761 0.360963 5.9826 0.866653 0.093211 -0.027474
217300 -44600.16641493 6160.59261428 0.366092 5.9826 0.866653 0.093211 -0.003439
217400 -44594.11336728 6071.25616939 0.360783 5.9826 0.866653 0.093211 0.002908
217500 -44617.13848053 6029.08909961 0.358277 5.9842 0.867689 0.091956 -0.017077
217600 -44556.96205274 5969.86838800 0.354758 5.9842 0.867689 0.091956 0.013800
217700 -44564.42702582 6044.53335610 0.359195 5.9842 0.867689 0.091956 0.013333
217800 -44648.56517642 6074.71666962 0.360989 5.9842 0.867689 0.091956 -0.021604
217900 -44574.74264893 6068.16725259 0.360599 5.9842 0.867689 0.091956 0.017589
218000 -44601.59723224 6061.62985281 0.360211 5.9816 0.865694 0.092695 0.002422
218100 -44596.51867888 6108.43010328 0.362992 5.9816 0.865694 0.092695 0.002924
218200 -44601.09926416 6130.10558989 0.364280 5.9816 0.865694 0.092695 0.011469
218300 -44598.70576443 6123.52184973 0.363889 5.9816 0.865694 0.092695 -0.005839
218400 -44603.45756669 6135.06441183 0.364575 5.9816 0.865694 0.092695 -0.008211
218500 -44595.73314800 6101.69035899 0.362592 5.9822 0.866379 0.093107 -0.004636
218600 -44540.67165983 6089.55530598 0.361870 5.9822 0.866379 0.093107 0.025795
218700 -44628.30751606 6086.48950838 0.361688 5.9822 0.866379 0.093107 -0.022062
218800 -44595.47486161 6076.77065259 0.361111 5.9822 0.866379 0.093107 -0.005991
218900 -44566.98934501 6058.87136699 0.360047 5.9822 0.866379 0.093107 0.009124
219000 -44508.39988464 6085.13461035 0.361608 5.9804 0.864908 0.094584 0.032687
219100 -44517.06620300 6089.16645288 0.361847 5.9804 0.864908 0.094584 0.014115
219200 -44573.68581802 6101.09683220 0.362556 5.9804 0.864908 0.094584 -0.010378
219300 -44554.29045376 6046.27052442 0.359298 5.9804 0.864908 0.094584 -0.001495
219400 -44585.15856169 6064.44438746 0.360378 5.9804 0.864908 0.094584 -0.012971
219500 -44586.78424066 6095.54002105 0.362226 5.9806 0.866007 0.093679 -0.001523
219600 -44560.29119768 6114.16501384 0.363333 5.9806 0.866007 0.093679 0.007766
219700 -44505.15279315 6089.22459651 0.361851 5.9806 0.866007 0.093679 0.023906
219800 -44572.62152993 6143.08902279 0.365052 5.9806 0.866007 0.093679 -0.007655
219900 -44513.12747633 6135.82486028 0.364620 5.9806 0.866007 0.093679 0.023246
220000 -44604.42941640 6055.93922461 0.359873 5.9805 0.867409 0.093275 -0.023518
220100 -44636.71222902 6045.23682428 0.359237 5.9805 0.867409 0.093275 -0.027654
220200 -44619.12303475 6068.25326537 0.360605 5.9805 0.867409 0.093275 -0.021605
220300 -44599.78982708 6085.71722135 0.361642 5.9805 0.867409 0.093275 -0.005256
220400 -44593.20806478 6101.25783625 0.362566 5.9805 0.867409 0.093275 0.001441
220500 -44544.96586180 6071.33042591 0.360787 5.9807 0.865583 0.093237 0.025330
220600 -44659.85415841 6111.95155746 0.363201 5.9807 0.865583 0.093237 -0.038876
220700 -44675.24184754 6104.54226251 0.362761 5.9807 0.865583 0.093237 -0.034921
220800 -44656.17061350 6080.30844095 0.361321 5.9807 0.865583 0.093237 -0.026188
220900 -44619.71491073 6045.83222266 0.359272 5.9807 0.865583 0.093237 0.008382
221000 -44627.15271605 6047.61111929 0.359378 5.9860 0.868662 0.091863 -0.008493
221100 -44627.78637218 6005.06609986 0.356850 5.9860 0.868662 0.091863 0.006312
221200 -44647.11144544 6069.19543302 0.360661 5.9860 0.868662 0.091863 -0.000846
221300 -44673.26425514 6069.71168561 0.360691 5.9860 0.868662 0.091863 -0.017064
221400 -44685.28593048 6016.07939570 0.357504 5.9860 0.868662 0.091863 -0.022420
221500 -44674.38315333 5991.19242731 0.356025 5.9856 0.869803 0.092166 -0.003231
221600 -44647.07347529 6013.25287966 0.357336 5.9856 0.869803 0.092166 0.008146
221700 -44646.53952227 6085.25884912 0.361615 5.9856 0.869803 0.092166 0.015723
221800 -44613.95531618 5995.92212866 0.356306 5.9856 0.869803 0.092166 0.013910
221900 -44655.58058072 6045.39006781 0.359246 5.9856 0.869803 0.092166 -0.003906
222000 -44653.49302404 6049.97936337 0.359519 5.9819 0.867162 0.092737 -0.001173
222100 -44636.62595181 6134.73045512 0.364555 5.9819 0.867162 0.092737 0.008761
222200 -44623.87298625 6132.90960771 0.364447 5.9819 0.867162 0.092737 0.003709
222300 -44629.57108080 6044.25073696 0.359178 5.9819 0.867162 0.092737 -0.002727
222400 -44653.57231493 6044.76493327 0.359209 5.9819 0.867162 0.092737 -0.009311
222500 -44613.03593853 6031.98723340 0.358449 5.9811 0.865210 0.093365 0.016437
222600 -44679.01476825 6072.97903819 0.360885 5.9811 0.865210 0.093365 -0.024935
222700 -44647.08418649 6096.08332956 0.362258 5.9811 0.865210 0.093365 -0.001172
222800 -44708.07452872 6083.95118759 0.361537 5.9811 0.865210 0.093365 -0.032168
222900 -44676.00627958 6058.76839678 0.360041 5.9811 0.865210 0.093365 -0.009776
223000 -44611.32448729 6034.84322413 0.358619 5.9829 0.867362 0.092580 0.014823
223100 -44613.99471437 5963.61934602 0.354387 5.9829 0.867362 0.092580 0.009318
223200 -44752.62328132 6023.27328755 0.357932 5.9829 0.867362 0.092580 -0.036350
223300 -44697.28250231 6037.64065444 0.358785 5.9829 0.867362 0.092580 -0.007944
223400 -44707.21506401 6020.53630303 0.357769 5.9829 0.867362 0.092580 -0.010449
223500 -44650.33139008 6046.69304743 0.359323 5.9822 0.867907 0.092662 0.012195
223600 -44666.48098445 6052.40226669 0.359663 5.9822 0.867907 0.092662 0.009548
223700 -44741.70506820 6130.22796617 0.364287 5.9822 0.867907 0.092662 -0.022775
223800 -44702.12658259 6030.73013178 0.358375 5.9822 0.867907 0.092662 -0.008395
223900 -44634.90859529 5987.95153646 0.355833 5.9822 0.867907 0.092662 0.029201
224000 -44675.55353663 6079.88946701 0.361296 5.9830 0.870953 0.092430 0.004830
224100 -44585.53523402 6046.18419934 0.359293 5.9830 0.870953 0.092430 0.046670
224200 -44592.64837783 6086.54712698 0.361692 5.9830 0.870953 0.092430 0.033922
224300 -44574.05883225 6077.44615562 0.361151 5.9830 0.870953 0.092430 0.036015
224400 -44521.09914359 6094.17219959 0.362145 5.9830 0.870953 0.092430 0.048635
224500 -44644.62996510 6133.54115610 0.364484 5.9832 0.869949 0.092286 -0.017678
224600 -44601.33792265 6054.43188726 0.359783 5.9832 0.869949 0.092286 -0.000533
224700 -44595.72049092 6097.78363979 0.362359 5.9832 0.869949 0.092286 0.005845
224800 -44580.51347103 6060.36322165 0.360136 5.9832 0.869949 0.092286 0.006825
224900 -44636.23133343 6017.87654856 0.357611 5.9832 0.869949 0.092286 -0.009750
225000 -44672.70634870 6064.58344522 0.360386 5.9830 0.868610 0.092515 -0.016311
225100 -44649.16689973 6049.23328681 0.359474 5.9830 0.868610 0.092515 -0.003501
225200 -44619.81876076 6121.74144891 0.363783 5.9830 0.868610 0.092515 0.012343
225300 -44674.36264882 6090.42702849 0.361922 5.9830 0.868610 0.092515 -0.020692
225400 -44724.04739974 6059.66273951 0.360094 5.9830 0.868610 0.092515 -0.038559
225500 -44646.10301537 6052.94179380 0.359695 5.9823 0.867277 0.092585 0.009970
225600 -44627.93291912 5984.62582349 0.355635 5.9823 0.867277 0.092585 0.004932
225700 -44665.39336219 6024.34629513 0.357995 5.9823 0.867277 0.092585 -0.000600
225800 -44634.52760464 6044.26118407 0.359179 5.9823 0.867277 0.092585 0.018742
225900 -44616.53561634 6116.79599478 0.363489 5.9823 0.867277 0.092585 0.017298
226000 -44649.01902510 6061.54718886 0.360206 5.9853 0.866895 0.092888 0.000315
226100 -44655.40350782 6069.36252188 0.360670 5.9853 0.866895 0.092888 0.001569
226200 -44669.78095185 6034.57965503 0.358603 5.9853 0.866895 0.092888 -0.007158
226300 -44598.73313171 6049.59123521 0.359496 5.9853 0.866895 0.092888 0.027223
226400 -44644.28137208 6083.41374107 0.361505 5.9853 0.866895 0.092888 -0.004370
226500 -44655.66299073 6059.87780482 0.360107 5.9817 0.866533 0.092085 -0.000187
226600 -44680.41260461 6062.73603197 0.360277 5.9817 0.866533 0.092085 -0.008517
226700 -44621.15400363 6045.94180665 0.359279 5.9817 0.866533 0.092085 0.019126
226800 -44665.30277680 6110.49455565 0.363115 5.9817 0.866533 0.092085 -0.004256
226900 -44619.12187397 5952.11153662 0.353703 5.9817 0.866533 0.092085 0.006442
227000 -44690.44020842 6043.48740177 0.359133 5.9824 0.869473 0.092276 -0.014941
227100 -44643.07794099 6062.86543279 0.360284 5.9824 0.869473 0.092276 0.014801
227200 -44656.02535952 6037.26782060 0.358763 5.9824 0.869473 0.092276 -0.004505
227300 -44587.32336726 6110.26045103 0.363101 5.9824 0.869473 0.092276 0.029012
227400 -44598.18038303 6074.82620402 0.360995 5.9824 0.869473 0.092276 0.012014
227500 -44554.39572199 6120.20416790 0.363692 5.9831 0.868236 0.092169 0.027069
227600 -44576.47151059 6116.86649841 0.363493 5.9831 0.868236 0.092169 0.015755
227700 -44650.35191722 6051.11017848 0.359586 5.9831 0.868236 0.092169 -0.018975
227800 -44660.63909922 6056.08549878 0.359881 5.9831 0.868236 0.092169 -0.026180
227900 -44648.26134751 6086.43398290 0.361685 5.9831 0.868236 0.092169 -0.011311
228000 -44604.72257220 6138.09979492 0.364755 5.9837 0.867460 0.092937 0.013245
228100 -44627.81208632 6153.75197296 0.365685 5.9837 0.867460 0.092937 -0.000748
228200 -44594.34745696 6102.74728552 0.362654 5.9837 0.867460 0.092937 -0.000809
228300 -44667.55986082 6108.16943714 0.362977 5.9837 0.867460 0.092937 -0.030587
228400 -44613.81847781 5974.43075205 0.355029 5.9837 0.867460 0.092937 0.001446
228500 -44680.84695178 6037.58244399 0.358782 5.9828 0.868146 0.092713 -0.023082
228600 -44686.56842414 6050.84706746 0.359570 5.9828 0.868146 0.092713 -0.018628
228700 -44689.94156387 6088.48408526 0.361807 5.9828 0.868146 0.092713 -0.012822
228800 -44616.07587813 6028.14917159 0.358221 5.9828 0.868146 0.092713 0.016389
228900 -44658.57113348 6014.06797098 0.357385 5.9828 0.868146 0.092713 -0.005332
229000 -44687.76012801 6082.95021855 0.361478 5.9836 0.869332 0.092887 -0.012042
229100 -44669.57279060 6056.72890695 0.359920 5.9836 0.869332 0.092887 -0.007874
229200 -44683.72595703 6134.01499497 0.364512 5.9836 0.869332 0.092887 -0.014901
229300 -44686.76287425 6022.02288227 0.357857 5.9836 0.869332 0.092887 -0.015768
229400 -44708.66438003 6076.46062412 0.361092 5.9836 0.869332 0.092887 -0.016353
229500 -44699.06487646 6006.82277208 0.356954 5.9824 0.870353 0.092319 -0.007514
229600 -44695.35497241 5993.42355984 0.356158 5.9824 0.870353 0.092319 -0.005899
229700 -44707.96231039 6024.90564204 0.358029 5.9824 0.870353 0.092319 -0.004642
229800 -44721.25805637 5967.64861070 0.354626 5.9824 0.870353 0.092319 -0.005770
229900 -44770.20479951 5986.65701661 0.355756 5.9824 0.870353 0.092319 -0.017329
230000 -44743.14449329 6006.75943469 0.356950 5.9835 0.871544 0.091548 0.004172
230100 -44725.65632004 6074.53249870 0.360978 5.9835 0.871544 0.091548 0.009345
230200 -44695.32509455 6085.17548041 0.361610 5.9835 0.871544 0.091548 0.004217
230300 -44659.04381773 6021.85592496 0.357847 5.9835 0.871544 0.091548 0.021337
230400 -44641.94135074 5942.60786413 0.353138 5.9835 0.871544 0.091548 0.025269
230500 -44763.74561588 6067.55166347 0.360563 5.9845 0.870620 0.091750 -0.031375
230600 -44721.50298054 6091.76280517 0.362002 5.9845 0.870620 0.091750 -0.007547
230700 -44643.07547263 6073.19996138 0.360899 5.9845 0.870620 0.091750 0.015483
230800 -44639.82287796 6089.22004054 0.361850 5.9845 0.870620 0.091750 0.014096
230900 -44560.91851380 6080.26525916 0.361318 5.9845 0.870620 0.091750 0.040583
231000 -44655.70107207 6210.67174768 0.369068 5.9849 0.869811 0.092056 -0.005660
231100 -44556.97529323 6130.81812536 0.364322 5.9849 0.869811 0.092056 0.028042
231200 -44637.69459657 6153.66883103 0.365680 5.9849 0.869811 0.092056 -0.013990
231300 -44636.28834162 6085.82204790 0.361649 5.9849 0.869811 0.092056 -0.016714
231400 -44629.10971147 6036.93885470 0.358744 5.9849 0.869811 0.092056 -0.009168
231500 -44588.50544651 5964.07390603 0.354414 5.9830 0.867795 0.092821 0.008998
231600 -44689.11177303 6051.44159259 0.359606 5.9830 0.867795 0.092821 -0.031348
231700 -44619.37713378 5995.62202933 0.356288 5.9830 0.867795 0.092821 0.009922
231800 -44660.52841095 5998.58376649 0.356464 5.9830 0.867795 0.092821 -0.005890
231900 -44624.34591282 5982.69008262 0.355520 5.9830 0.867795 0.092821 0.014065
232000 -44742.94592701 6016.23150279 0.357513 5.9832 0.870694 0.091813 -0.029808
232100 -44731.45905126 6062.08188672 0.360238 5.9832 0.870694 0.091813 -0.017306
232200 -44698.62876821 6118.04826387 0.363564 5.9832 0.870694 0.091813 -0.004423
232300 -44686.67744487 6066.75195125 0.360515 5.9832 0.870694 0.091813 0.015561
232400 -44702.55682388 6082.98869149 0.361480 5.9832 0.870694 0.091813 -0.008208
232500 -44612.20479420 6041.39124213 0.359008 5.9826 0.866143 0.093083 0.032440
232600 -44771.47224589 6073.90515264 0.360940 5.9826 0.866143 0.093083 -0.050240
232700 -44660.26531264 6049.30831324 0.359479 5.9826 0.866143 0.093083 -0.001837
232800 -44602.77485926 6019.54729002 0.357710 5.9826 0.866143 0.093083 0.036932
232900 -44604.02559643 6011.71573771 0.357245 5.9826 0.866143 0.093083 0.028334
233000 -44697.48742896 6065.95162777 0.360468 5.9857 0.870307 0.091846 -0.017749
233100 -44615.47717113 6026.46970604 0.358122 5.9857 0.870307 0.091846 0.021656
233200 -44764.79939337 6055.54599710 0.359849 5.9857 0.870307 0.091846 -0.045353
233300 -44759.81436654 6073.30079385 0.360904 5.9857 0.870307 0.091846 -0.032150
233400 -44725.07238302 6087.31927289 0.361738 5.9857 0.870307 0.091846 -0.012149
233500 -44720.58049799 6078.84281698 0.361234 5.9861 0.868786 0.091522 -0.015095
233600 -44623.79903704 6026.99318596 0.358153 5.9861 0.868786 0.091522 0.025775
233700 -44699.55817805 6001.15971247 0.356618 5.9861 0.868786 0.091522 -0.011131
233800 -44666.48031875 6026.20095296 0.358106 5.9861 0.868786 0.091522 0.013385
233900 -44671.10866710 6016.89077537 0.357552 5.9861 0.868786 0.091522 0.005476
234000 -44656.36712875 5974.76490250 0.355049 5.9830 0.868206 0.092429 0.014358
234100 -44629.42157197 6059.31563528 0.360073 5.9830 0.868206 0.092429 0.031412
234200 -44644.57448897 6063.52482460 0.360324 5.9830 0.868206 0.092429 0.016289
234300 -44681.65293734 6062.57323301 0.360267 5.9830 0.868206 0.092429 -0.006275
234400 -44577.14833881 6088.39902348 0.361802 5.9830 0.868206 0.092429 0.039996
234500 -44645.24827129 6117.72923007 0.363545 5.9854 0.867950 0.092417 0.004099
234600 -44652.80801845 6073.91183344 0.360941 5.9854 0.867950 0.092417 -0.007325
234700 -44668.28564750 6058.17219747 0.360005 5.9854 0.867950 0.092417 -0.010075
234800 -44684.19698944 6041.22328669 0.358998 5.9854 0.867950 0.092417 -0.012904
234900 -44667.81391848 6018.41743412 0.357643 5.9854 0.867950 0.092417 -0.007707
235000 -44690.17469986 6073.56863034 0.360920 5.9836 0.868849 0.092304 -0.019657
235100 -44674.91901178 6083.32700528 0.361500 5.9836 0.868849 0.092304 -0.009788
235200 -44642.65746503 6024.26696107 0.357991 5.9836 0.868849 0.092304 0.011908
235300 -44722.89225129 6029.13719770 0.358280 5.9836 0.868849 0.092304 -0.028769
235400 -44704.00795292 6029.35698443 0.358293 5.9836 0.868849 0.092304 -0.011932
235500 -44695.92096546 6058.08973842 0.360001 5.9844 0.869349 0.091851 -0.004624
235600 -44668.38123467 6017.85416672 0.357610 5.9844 0.869349 0.091851 0.017312
235700 -44683.66000386 6067.14991782 0.360539 5.9844 0.869349 0.091851 0.009890
235800 -44663.69891015 6080.29989519 0.361320 5.9844 0.869349 0.091851 0.013474
235900 -44653.18953252 6045.11728104 0.359230 5.9844 0.869349 0.091851 0.011211
236000 -44679.75821714 6072.69613183 0.360869 5.9828 0.869187 0.092312 0.000037
236100 -44655.33438825 6060.32101073 0.360133 5.9828 0.869187 0.092312 0.004615
236200 -44637.44100751 6044.92710170 0.359218 5.9828 0.869187 0.092312 0.012160
236300 -44679.54817208 6093.35527377 0.362096 5.9828 0.869187 0.092312 -0.004624
236400 -44643.08747288 6040.60192581 0.358961 5.9828 0.869187 0.092312 0.011279
236500 -44613.86866708 5996.47225740 0.356339 5.9844 0.866862 0.092536 0.017223
236600 -44677.99658525 6084.40134959 0.361564 5.9844 0.866862 0.092536 -0.011652
236700 -44622.36151583 6069.45348995 0.360676 5.9844 0.866862 0.092536 0.006569
236800 -44642.20858250 6003.84664356 0.356777 5.9844 0.866862 0.092536 -0.003891
236900 -44605.28673459 6116.26503745 0.363458 5.9844 0.866862 0.092536 0.016919
237000 -44684.87714860 6104.51256969 0.362759 5.9836 0.868101 0.092459 -0.021292
237100 -44609.17620819 6061.47638784 0.360202 5.9836 0.868101 0.092459 0.016744
237200 -44665.51211813 6068.90991333 0.360644 5.9836 0.868101 0.092459 -0.014021
237300 -44652.29954045 6116.80082289 0.363489 5.9836 0.868101 0.092459 -0.006362
237400 -44658.85107904 6035.09065225 0.358634 5.9836 0.868101 0.092459 -0.012824
237500 -44676.09391459 6062.04788442 0.360236 5.9845 0.867540 0.092725 -0.027723
237600 -44608.50768262 6077.24389212 0.361139 5.9845 0.867540 0.092725 0.014803
237700 -44631.94888583 6095.35596113 0.362215 5.9845 0.867540 0.092725 0.002451
237800 -44644.62158835 6017.13709109 0.357567 5.9845 0.867540 0.092725 -0.011595
237900 -44666.85641222 5955.87253402 0.353926 5.9845 0.867540 0.092725 -0.011233
238000 -44726.78365140 6025.40434721 0.358058 5.9836 0.868951 0.091756 -0.029812
238100 -44720.20580757 6004.84665294 0.356837 5.9836 0.868951 0.091756 -0.020638
238200 -44700.92337187 6036.07678268 0.358692 5.9836 0.868951 0.091756 -0.006453
238300 -44660.24631957 6033.56138116 0.358543 5.9836 0.868951 0.091756 0.006438
238400 -44672.55637607 6006.81991084 0.356954 5.9836 0.868951 0.091756 0.005400
238500 -44733.98175722 5986.99468139 0.355776 5.9834 0.869964 0.091936 -0.015396
238600 -44752.10401701 6008.52569991 0.357055 5.9834 0.869964 0.091936 -0.018616
238700 -44732.97560657 6028.69361664 0.358254 5.9834 0.869964 0.091936 -0.004583
238800 -44688.61333390 5995.75947750 0.356297 5.9834 0.869964 0.091936 0.010907
238900 -44667.91459526 6048.20116703 0.359413 5.9834 0.869964 0.091936 0.026067
239000 -44634.81489207 6040.58976459 0.358961 5.9850 0.868787 0.092577 0.034044
239100 -44642.38796161 5976.71002248 0.355165 5.9850 0.868787 0.092577 0.020990
239200 -44722.48212485 6085.92543645 0.361655 5.9850 0.868787 0.092577 -0.009104
239300 -44679.94112918 6096.25017739 0.362268 5.9850 0.868787 0.092577 0.000115
239400 -44629.69055516 6102.50581782 0.362640 5.9850 0.868787 0.092577 0.021858
239500 -44696.90585321 6043.42288709 0.359129 5.9849 0.868982 0.092283 -0.015264
239600 -44648.19588451 5998.10464833 0.356436 5.9849 0.868982 0.092283 0.006424
239700 -44674.83889955 6036.59185019 0.358723 5.9849 0.868982 0.092283 0.004490
239800 -44735.50328392 6038.06214101 0.358810 5.9849 0.868982 0.092283 -0.021556
239900 -44701.20945757 6035.84784305 0.358679 5.9849 0.868982 0.092283 -0.002339
240000 -44635.79935264 6035.18958882 0.358640 5.9832 0.866128 0.093227 0.022260
240100 -44714.56818324 6054.61588326 0.359794 5.9832 0.866128 0.093227 -0.013845
240200 -44670.08357953 6024.78320866 0.358021 5.9832 0.866128 0.093227 0.009703
240300 -44676.37151242 6045.51109204 0.359253 5.9832 0.866128 0.093227 0.002939
240400 -44595.80128529 6041.39841248 0.359009 5.9832 0.866128 0.093227 0.045396
240500 -44645.45209409 6057.09020568 0.359941 5.9834 0.868314 0.092419 0.011987
240600 -44638.47841504 6074.03363758 0.360948 5.9834 0.868314 0.092419 0.008479
240700 -44675.61112478 6137.49461806 0.364719 5.9834 0.868314 0.092419 -0.010305
240800 -44663.85356144 6105.73105107 0.362832 5.9834 0.868314 0.092419 -0.011864
240900 -44644.01535273 6114.55403661 0.363356 5.9834 0.868314 0.092419 -0.005247
241000 -44664.98570579 6047.37106008 0.359364 5.9845 0.870858 0.091556 -0.017208
241100 -44595.40940450 5976.28676913 0.355139 5.9845 0.870858 0.091556 0.021270
241200 -44638.48784536 5926.35508083 0.352172 5.9845 0.870858 0.091556 -0.003481
241300 -44644.59612672 6057.14601891 0.359944 5.9845 0.870858 0.091556 0.015912
241400 -44629.74962882 6017.08455999 0.357564 5.9845 0.870858 0.091556 0.018724
241500 -44606.18990349 6085.00831300 0.361600 5.9844 0.867803 0.093058 0.013836
241600 -44629.45356534 6078.49763203 0.361213 5.9844 0.867803 0.093058 0.011649
241700 -44587.26677382 5990.53099119 0.355986 5.9844 0.867803 0.093058 0.012918
241800 -44669.07253035 6078.79397489 0.361231 5.9844 0.867803 0.093058 -0.019865
241900 -44621.75256106 6099.24513541 0.362446 5.9844 0.867803 0.093058 0.007470
242000 -44626.84336738 6006.76471649 0.356951 5.9830 0.866917 0.093092 -0.005038
242100 -44599.82600760 6045.70425836 0.359265 5.9830 0.866917 0.093092 0.010262
242200 -44597.32812495 6053.13173545 0.359706 5.9830 0.866917 0.093092 0.011743
242300 -44654.79341814 6069.93370267 0.360704 5.9830 0.866917 0.093092 -0.010365
242400 -44597.17256035 6040.37508229 0.358948 5.9830 0.866917 0.093092 0.006671
242500 -44600.22096531 6063.09316252 0.360298 5.9842 0.867566 0.092191 0.008101
242600 -44633.57540726 6053.67187275 0.359738 5.9842 0.867566 0.092191 -0.008360
242700 -44696.18783541 6106.30450570 0.362866 5.9842 0.867566 0.092191 -0.028227
242800 -44582.88308235 6043.06249085 0.359108 5.9842 0.867566 0.092191 0.031383
242900 -44652.88192956 6118.68011513 0.363601 5.9842 0.867566 0.092191 -0.003794
243000 -44621.73123754 6044.15712466 0.359173 5.9842 0.866474 0.092863 -0.002378
243100 -44636.24057773 6084.50375556 0.361570 5.9842 0.866474 0.092863 0.003128
243200 -44602.50179773 6034.94618022 0.358625 5.9842 0.866474 0.092863 0.008329
243300 -44584.51147855 6081.83487760 0.361412 5.9842 0.866474 0.092863 0.024335
243400 -44624.82183858 6149.43880796 0.365429 5.9842 0.866474 0.092863 0.004013
243500 -44556.45157698 6044.49934145 0.359193 5.9832 0.867137 0.092970 0.024990
243600 -44628.91343203 6053.46025608 0.359725 5.9832 0.867137 0.092970 -0.007063
243700 -44614.23571101 6058.72043866 0.360038 5.9832 0.867137 0.092970 0.007291
243800 -44568.82978160 6094.24553931 0.362149 5.9832 0.867137 0.092970 0.025267
243900 -44649.41847808 6131.19564271 0.364345 5.9832 0.867137 0.092970 -0.011551
244000 -44563.60023259 6077.30958797 0.361143 5.9823 0.866187 0.093265 0.012818
244100 -44610.76120807 6047.64184939 0.359380 5.9823 0.866187 0.093265 -0.008332
244200 -44596.27967080 6035.77669047 0.358675 5.9823 0.866187 0.093265 0.001609
244300 -44553.65152510 6010.39680081 0.357166 5.9823 0.866187 0.093265 0.020074
244400 -44547.56797640 6015.74433647 0.357484 5.9823 0.866187 0.093265 0.029705
244500 -44588.58662495 6056.82775159 0.359926 5.9831 0.868161 0.092603 0.007661
244600 -44588.20483123 6031.84574119 0.358441 5.9831 0.868161 0.092603 0.006499
244700 -44538.31735825 6070.51056747 0.360739 5.9831 0.868161 0.092603 0.037956
244800 -44592.36223412 6105.81557960 0.362837 5.9831 0.868161 0.092603 -0.008775
244900 -44589.29422041 6159.51066132 0.366027 5.9831 0.868161 0.092603 0.002242
245000 -44557.07973148 6044.19458780 0.359175 5.9773 0.865059 0.094216 0.016082
245100 -44582.78088206 6111.80613799 0.363193 5.9773 0.865059 0.094216 -0.013319
245200 -44665.79647836 6091.04582796 0.361959 5.9773 0.865059 0.094216 -0.039256
245300 -44639.37432921 6021.31572658 0.357815 5.9773 0.865059 0.094216 -0.024035
245400 -44639.84118389 6068.22565940 0.360603 5.9773 0.865059 0.094216 -0.011980
245500 -44586.20377580 6007.61035180 0.357001 5.9786 0.865661 0.093389 0.006825
245600 -44574.94463674 6055.03138513 0.359819 5.9786 0.865661 0.093389 0.007636
245700 -44517.69525980 6005.35385275 0.356867 5.9786 0.865661 0.093389 0.032164
245800 -44600.30870039 6079.66272458 0.361283 5.9786 0.865661 0.093389 -0.005203
245900 -44574.45891700 5997.01380951 0.356371 5.9786 0.865661 0.093389 0.007376
246000 -44647.72859596 6037.60031719 0.358783 5.9816 0.864652 0.093302 -0.023035
246100 -44622.12964083 6047.51350980 0.359372 5.9816 0.864652 0.093302 -0.002469
246200 -44558.26189442 5987.84142613 0.355826 5.9816 0.864652 0.093302 0.017118
246300 -44637.94541720 6150.73861560 0.365506 5.9816 0.864652 0.093302 -0.016622
246400 -44640.13598891 6039.93726330 0.358922 5.9816 0.864652 0.093302 -0.023695
246500 -44639.11230487 6005.22484594 0.356859 5.9826 0.867457 0.092418 -0.007928
246600 -44653.29517173 6016.03103560 0.357501 5.9826 0.867457 0.092418 -0.010813
246700 -44695.06526569 6065.67492250 0.360451 5.9826 0.867457 0.092418 -0.024960
246800 -44653.25973983 5972.39542663 0.354908 5.9826 0.867457 0.092418 -0.002343
246900 -44727.45173417 6047.62400937 0.359379 5.9826 0.867457 0.092418 -0.027538
247000 -44653.63839309 5955.92738992 0.353930 5.9828 0.867723 0.092954 0.003378
247100 -44638.77877160 6051.22146528 0.359592 5.9828 0.867723 0.092954 0.020787
247200 -44623.40224104 6107.09641422 0.362913 5.9828 0.867723 0.092954 0.022820
247300 -44629.09960043 6038.57302876 0.358841 5.9828 0.867723 0.092954 0.018549
247400 -44665.94749642 6140.48402342 0.364897 5.9828 0.867723 0.092954 -0.009988
247500 -44669.98907467 6036.89982429 0.358741 5.9815 0.868216 0.092826 -0.014372
247600 -44642.14729722 5987.85206262 0.355827 5.9815 0.868216 0.092826 0.001701
247700 -44692.55733177 6073.66814250 0.360926 5.9815 0.868216 0.092826 -0.020437
247800 -44663.51801351 6001.12238939 0.356615 5.9815 0.868216 0.092826 -0.011918
247900 -44632.54705634 6028.91651863 0.358267 5.9815 0.868216 0.092826 0.002599
248000 -44557.68780646 5994.58237829 0.356227 5.9803 0.867270 0.093516 0.041919
248100 -44616.29502720 5956.19391514 0.353945 5.9803 0.867270 0.093516 0.004249
248200 -44715.70800518 6011.31650342 0.357221 5.9803 0.867270 0.093516 -0.026688
248300 -44640.14120264 6022.45938040 0.357883 5.9803 0.867270 0.093516 0.014215
248400 -44681.88890448 6035.36113558 0.358650 5.9803 0.867270 0.093516 -0.001468
248500 -44695.78345321 6049.92586418 0.359515 5.9810 0.869532 0.092340 -0.006849
248600 -44642.76915921 6051.35644021 0.359600 5.9810 0.869532 0.092340 0.015811
248700 -44655.01994004 6025.28604169 0.358051 5.9810 0.869532 0.092340 -0.001074
248800 -44663.58365956 6019.38983920 0.357701 5.9810 0.869532 0.092340 -0.008220
248900 -44688.81261584 6092.49831393 0.362045 5.9810 0.869532 0.092340 -0.018607
249000 -44694.23395158 6025.25141528 0.358049 5.9824 0.869738 0.092399 -0.007258
249100 -44670.43609740 6024.75946356 0.358020 5.9824 0.869738 0.092399 0.010622
249200 -44662.14709214 6085.79998008 0.361647 5.9824 0.869738 0.092399 0.005484
249300 -44584.85852344 5995.35276051 0.356272 5.9824 0.869738 0.092399 0.040084
249400 -44610.19653171 6058.89347754 0.360048 5.9824 0.869738 0.092399 0.021163
249500 -44628.47747333 6025.64537600 0.358073 5.9824 0.868391 0.092374 0.006720
249600 -44662.73580739 6023.30329589 0.357933 5.9824 0.868391 0.092374 -0.014370
249700 -44686.21343000 6026.55679619 0.358127 5.9824 0.868391 0.092374 -0.008734
249800 -44706.91609341 6032.41716656 0.358475 5.9824 0.868391 0.092374 -0.018272
249900 -44665.34792816 6017.19033831 0.357570 5.9824 0.868391 0.092374 0.000386
250000 -44684.16086578 6050.37080812 0.359542 5.9799 0.866796 0.093309 -0.007346
250100 -44697.61260087 6018.04552855 0.357621 5.9799 0.866796 0.093309 -0.017489
250200 -44657.63015396 6049.83221770 0.359510 5.9799 0.866796 0.093309 0.009866
250300 -44669.15300999 6055.78256758 0.359863 5.9799 0.866796 0.093309 -0.003080
250400 -44669.73721131 6033.89206514 0.358563 5.9799 0.866796 0.093309 -0.003055
250500 -44676.03140444 6051.76082430 0.359624 5.9826 0.868018 0.092418 -0.001215
250600 -44648.07473978 6058.65739582 0.360034 5.9826 0.868018 0.092418 0.013035
250700 -44634.92415075 6027.85241889 0.358204 5.9826 0.868018 0.092418 0.016114
250800 -44628.24915146 6017.32382759 0.357578 5.9826 0.868018 0.092418 0.016275
250900 -44635.38124665 6088.31528137 0.361797 5.9826 0.868018 0.092418 0.018419
251000 -44668.63454970 6060.61782121 0.360151 5.9844 0.866680 0.092535 -0.004688
251100 -44612.20147418 6067.01925258 0.360531 5.9844 0.866680 0.092535 0.018078
251200 -44619.18898882 6103.10485277 0.362676 5.9844 0.866680 0.092535 0.012414
251300 -44638.69920232 6019.66419359 0.357717 5.9844 0.866680 0.092535 -0.001830
251400 -44634.19389416 6092.98371326 0.362074 5.9844 0.866680 0.092535 0.005668
251500 -44501.99215601 6032.15776040 0.358460 5.9796 0.864233 0.093936 0.062083
251600 -44606.68043182 6085.41768692 0.361625 5.9796 0.864233 0.093936 0.007660
251700 -44645.04500420 6041.14334332 0.358994 5.9796 0.864233 0.093936 -0.023797
251800 -44651.82643066 6008.70063826 0.357066 5.9796 0.864233 0.093936 -0.013877
251900 -44623.47103001 5982.67597326 0.355519 5.9796 0.864233 0.093936 -0.001351
252000 -44660.54580530 6029.78312430 0.358318 5.9818 0.869605 0.091947 -0.007291
252100 -44613.91009257 6016.30651025 0.357518 5.9818 0.869605 0.091947 0.013856
252200 -44668.27782483 6022.96955989 0.357914 5.9818 0.869605 0.091947 -0.003006
252300 -44689.42834159 6064.62061968 0.360389 5.9818 0.869605 0.091947 -0.011158
252400 -44655.09858781 5966.63520067 0.354566 5.9818 0.869605 0.091947 -0.000680
252500 -44693.44491138 5981.41925125 0.355444 5.9837 0.869348 0.091751 -0.007186
252600 -44701.50527624 6003.54918222 0.356760 5.9837 0.869348 0.091751 -0.003686
252700 -44647.41686983 6039.17582021 0.358877 5.9837 0.869348 0.091751 0.027508
252800 -44670.57985441 6040.69116182 0.358967 5.9837 0.869348 0.091751 0.017416
252900 -44673.40397180 6026.84863291 0.358144 5.9837 0.869348 0.091751 0.011120
253000 -44653.73511272 5992.12595731 0.356081 5.9813 0.867773 0.092594 0.009733
253100 -44638.08847151 5982.95173521 0.355536 5.9813 0.867773 0.092594 0.018948
253200 -44672.07426697 6170.74016600 0.366695 5.9813 0.867773 0.092594 0.005520
253300 -44580.18089276 6111.60599414 0.363181 5.9813 0.867773 0.092594 0.024456
253400 -44583.57056101 6090.48268683 0.361926 5.9813 0.867773 0.092594 0.023184
253500 -44656.96515208 6101.18405376 0.362561 5.9834 0.868589 0.092209 -0.018213
253600 -44580.11824982 6054.03714326 0.359760 5.9834 0.868589 0.092209 0.016768
253700 -44618.30891080 6030.44286629 0.358358 5.9834 0.868589 0.092209 -0.003985
253800 -44639.11233784 6072.40750018 0.360851 5.9834 0.868589 0.092209 -0.007761
253900 -44662.58480892 6058.01494125 0.359996 5.9834 0.868589 0.092209 -0.018604
254000 -44666.07705496 6059.57194946 0.360089 5.9816 0.869151 0.092751 -0.015313
254100 -44560.25500488 6010.03470389 0.357145 5.9816 0.869151 0.092751 0.035229
254200 -44695.71113289 6000.64029747 0.356587 5.9816 0.869151 0.092751 -0.027927
254300 -44680.27176296 5975.46527050 0.355091 5.9816 0.869151 0.092751 -0.015023
254400 -44700.11226206 5983.88106922 0.355591 5.9816 0.869151 0.092751 -0.010424
254500 -44740.92530992 6052.99483345 0.359698 5.9841 0.868678 0.092256 -0.021657
254600 -44674.24427439 5995.05820319 0.356255 5.9841 0.868678 0.092256 0.013641
254700 -44670.07693653 6006.49653356 0.356935 5.9841 0.868678 0.092256 0.007537
254800 -44685.19289469 6078.13004347 0.361191 5.9841 0.868678 0.092256 0.015530
254900 -44670.41910501 5967.88157801 0.354640 5.9841 0.868678 0.092256 -0.001458
255000 -44680.23575765 6025.33837768 0.358054 5.9830 0.867986 0.093099 0.004989
255100 -44674.51814981 6060.53852748 0.360146 5.9830 0.867986 0.093099 0.009524
255200 -44714.24048764 6036.59883655 0.358723 5.9830 0.867986 0.093099 -0.014242
255300 -44747.24530596 6040.01961961 0.358927 5.9830 0.867986 0.093099 -0.032878
255400 -44740.72153382 6080.43408379 0.361328 5.9830 0.867986 0.093099 -0.021606
255500 -44696.64288540 6034.05559201 0.358572 5.9828 0.868797 0.092613 -0.001780
255600 -44718.88285055 6091.49878232 0.361986 5.9828 0.868797 0.092613 -0.010696
255700 -44729.12688627 6106.23772352 0.362862 5.9828 0.868797 0.092613 -0.009407
255800 -44637.88291533 6075.57094141 0.361039 5.9828 0.868797 0.092613 0.018115
255900 -44611.44226692 6091.50107551 0.361986 5.9828 0.868797 0.092613 0.024478
256000 -44687.38155053 6178.22529870 0.367140 5.9843 0.868693 0.092191 -0.008502
256100 -44631.36716850 6093.89120392 0.362128 5.9843 0.868693 0.092191 0.004195
256200 -44599.37175910 6058.80024145 0.360043 5.9843 0.868693 0.092191 0.015911
256300 -44585.55743155 6012.41587623 0.357286 5.9843 0.868693 0.092191 0.005363
256400 -44665.15282567 6063.56128674 0.360326 5.9843 0.868693 0.092191 -0.017772
256500 -44646.96420082 6081.67826324 0.361402 5.9817 0.868531 0.092994 -0.003672
256600 -44655.43912100 6139.25333114 0.364824 5.9817 0.868531 0.092994 -0.011601
256700 -44636.31346362 6119.34182558 0.363640 5.9817 0.868531 0.092994 -0.007000
256800 -44595.71513610 6032.08893781 0.358455 5.9817 0.868531 0.092994 -0.003644
256900 -44630.20067743 6036.71596833 0.358730 5.9817 0.868531 0.092994 -0.004959
257000 -44675.44171862 6057.21840066 0.359949 5.9828 0.868762 0.092701 -0.025821
257100 -44679.37773171 6085.14726752 0.361608 5.9828 0.868762 0.092701 -0.012431
257200 -44658.92795075 6100.32490674 0.362510 5.9828 0.868762 0.092701 -0.014440
257300 -44660.76943400 6126.10402812 0.364042 5.9828 0.868762 0.092701 -0.007897
257400 -44611.35314796 6051.27352575 0.359596 5.9828 0.868762 0.092701 0.010638
257500 -44635.62079381 6051.91142272 0.359633 5.9831 0.866042 0.092937 -0.005557
257600 -44678.76660766 6027.92817244 0.358208 5.9831 0.866042 0.092937 -0.017256
257700 -44619.44103447 6021.22194558 0.357810 5.9831 0.866042 0.092937 0.009227
257800 -44675.12788081 6128.33771420 0.364175 5.9831 0.866042 0.092937 -0.011836
257900 -44711.61216376 6078.51272174 0.361214 5.9831 0.866042 0.092937 -0.037689
258000 -44677.97372211 6006.59862573 0.356941 5.9836 0.869540 0.092196 -0.008606
258100 -44693.26533078 6125.39914743 0.364000 5.9836 0.869540 0.092196 -0.000057
258200 -44639.03433657 5985.45092470 0.355684 5.9836 0.869540 0.092196 0.009035
258300 -44705.71377715 6099.23102276 0.362445 5.9836 0.869540 0.092196 -0.009797
258400 -44728.32475257 6033.31857692 0.358529 5.9836 0.869540 0.092196 -0.031500
258500 -44749.60190623 5982.35005371 0.355500 5.9854 0.871700 0.090812 -0.036394
258600 -44632.08026828 6018.41169410 0.357643 5.9854 0.871700 0.090812 0.032267
258700 -44624.42229675 5999.10514871 0.356495 5.9854 0.871700 0.090812 0.029808
258800 -44651.80718709 6052.23978215 0.359653 5.9854 0.871700 0.090812 0.016622
258900 -44708.30888198 6108.94431915 0.363023 5.9854 0.871700 0.090812 -0.009745
259000 -44659.53594749 6026.72227052 0.358137 5.9838 0.868792 0.092540 0.005195
259100 -44694.47968187 6012.49076961 0.357291 5.9838 0.868792 0.092540 -0.018276
259200 -44728.10397196 6002.21289789 0.356680 5.9838 0.868792 0.092540 -0.015559
259300 -44700.15407595 5979.05796689 0.355304 5.9838 0.868792 0.092540 0.005227
259400 -44712.08966861 6046.11478692 0.359289 5.9838 0.868792 0.092540 -0.009624
259500 -44709.37864452 5986.94800848 0.355773 5.9819 0.869369 0.092990 0.003026
259600 -44625.96964628 5909.82103416 0.351190 5.9819 0.869369 0.092990 0.036926
259700 -44757.03603417 5949.01620238 0.353519 5.9819 0.869369 0.092990 -0.021293
259800 -44767.67297956 5981.35262444 0.355440 5.9819 0.869369 0.092990 -0.012951
259900 -44741.78167895 6007.66651592 0.357004 5.9819 0.869369 0.092990 0.005621
260000 -44697.94658791 6002.13216690 0.356675 5.9821 0.867559 0.092878 0.015295
260100 -44696.39170094 6053.65926007 0.359737 5.9821 0.867559 0.092878 0.009227
260200 -44650.88304337 6022.88031672 0.357908 5.9821 0.867559 0.092878 0.029650
260300 -44686.09329963 6119.92597578 0.363675 5.9821 0.867559 0.092878 0.013990
260400 -44682.90546440 6094.33775296 0.362155 5.9821 0.867559 0.092878 0.003198
260500 -44718.93666026 6060.35134529 0.360135 5.9807 0.869518 0.092225 -0.019387
260600 -44664.81663328 6036.99924107 0.358747 5.9807 0.869518 0.092225 0.004177
260700 -44657.95486629 6081.93471732 0.361418 5.9807 0.869518 0.092225 0.003682
260800 -44571.60139059 5978.55474623 0.355274 5.9807 0.869518 0.092225 0.031904
260900 -44723.16961918 6067.57499116 0.360564 5.9807 0.869518 0.092225 -0.026831
261000 -44617.32765662 6093.86955722 0.362127 5.9842 0.867410 0.092757 0.016216
261100 -44549.72538395 6078.85573562 0.361235 5.9842 0.867410 0.092757 0.040076
261200 -44699.25643950 6159.69906001 0.366039 5.9842 0.867410 0.092757 -0.037096
261300 -44605.59692873 6053.08316380 0.359703 5.9842 0.867410 0.092757 0.004894
261400 -44580.40488031 6026.58322940 0.358128 5.9842 0.867410 0.092757 0.020015
261500 -44673.43563917 6119.06315929 0.363624 5.9817 0.868297 0.093011 -0.021736
261600 -44622.41540111 6016.50875991 0.357530 5.9817 0.868297 0.093011 0.000854
261700 -44582.32302429 5974.53695618 0.355035 5.9817 0.868297 0.093011 0.024102
261800 -44635.86351401 6100.22624053 0.362505 5.9817 0.868297 0.093011 0.004899
261900 -44580.26715358 6076.27452795 0.361081 5.9817 0.868297 0.093011 0.017842
262000 -44592.54488601 5989.81006735 0.355943 5.9822 0.866347 0.093841 0.002508
262100 -44528.26007199 6060.79037189 0.360161 5.9822 0.866347 0.093841 0.038746
262200 -44608.95492971 6042.28891053 0.359062 5.9822 0.866347 0.093841 -0.010022
262300 -44620.64194365 6061.84699864 0.360224 5.9822 0.866347 0.093841 -0.022315
262400 -44675.72677733 6045.21354400 0.359235 5.9822 0.866347 0.093841 -0.029455
262500 -44620.03893148 6050.81482841 0.359568 5.9806 0.864827 0.094045 0.003179
262600 -44620.87531003 5989.31909025 0.355914 5.9806 0.864827 0.094045 0.002091
262700 -44619.94753099 5995.09073092 0.356257 5.9806 0.864827 0.094045 0.009097
262800 -44699.98201088 6063.45623499 0.360319 5.9806 0.864827 0.094045 -0.024070
262900 -44633.71852551 6048.84231225 0.359451 5.9806 0.864827 0.094045 0.008497
263000 -44703.70009439 6140.80300909 0.364916 5.9819 0.869927 0.092499 -0.014397
263100 -44642.88530606 6100.02043431 0.362492 5.9819 0.869927 0.092499 0.007341
263200 -44655.44583472 6012.38701127 0.357285 5.9819 0.869927 0.092499 -0.000408
263300 -44629.09711194 6080.65815700 0.361342 5.9819 0.869927 0.092499 0.010128
263400 -44655.13971329 6146.48573637 0.365253 5.9819 0.869927 0.092499 0.001900
263500 -44658.05196159 6078.59472551 0.361219 5.9826 0.868237 0.092693 -0.016963
263600 -44584.58941318 6000.47453368 0.356577 5.9826 0.868237 0.092693 0.035281
263700 -44531.15310502 6014.48793698 0.357410 5.9826 0.868237 0.092693 0.051803
263800 -44553.57828488 6072.15687730 0.360837 5.9826 0.868237 0.092693 0.028855
263900 -44592.35309040 6100.97709934 0.362549 5.9826 0.868237 0.092693 0.007117
264000 -44546.58050294 6027.68305736 0.358194 5.9805 0.867309 0.093821 0.027439
264100 -44515.14390262 6026.07799518 0.358098 5.9805 0.867309 0.093821 0.040901
264200 -44572.89820912 6076.41133123 0.361089 5.9805 0.867309 0.093821 0.003951
264300 -44578.48663772 6100.55363229 0.362524 5.9805 0.867309 0.093821 0.007364
264400 -44537.50650038 6103.95309647 0.362726 5.9805 0.867309 0.093821 0.024519
264500 -44507.31896569 6087.18785854 0.361730 5.9815 0.864936 0.094041 0.027863
264600 -44534.06576159 6062.25895398 0.360248 5.9815 0.864936 0.094041 0.015555
264700 -44559.42447218 6092.23350694 0.362030 5.9815 0.864936 0.094041 -0.000507
264800 -44579.76077699 6085.11734989 0.361607 5.9815 0.864936 0.094041 -0.012516
264900 -44625.94643568 6037.67463430 0.358787 5.9815 0.864936 0.094041 -0.027440
265000 -44570.50725388 6031.28191474 0.358408 5.9807 0.866367 0.092957 0.000628
265100 -44613.31752891 6055.94536632 0.359873 5.9807 0.866367 0.092957 -0.010068
265200 -44601.39241032 6058.96564793 0.360053 5.9807 0.866367 0.092957 -0.008269
265300 -44681.41374740 6081.64744617 0.361400 5.9807 0.866367 0.092957 -0.035305
265400 -44557.07896559 6020.65689852 0.357776 5.9807 0.866367 0.092957 0.020350
265500 -44655.81230219 6160.64896080 0.366095 5.9760 0.867009 0.093381 -0.023563
265600 -44559.05404160 6120.33780725 0.363700 5.9760 0.867009 0.093381 0.006218
265700 -44583.51143589 6155.92962723 0.365815 5.9760 0.867009 0.093381 -0.004668
265800 -44579.80777248 6128.67629898 0.364195 5.9760 0.867009 0.093381 -0.009800
265900 -44542.29647953 6036.99517744 0.358747 5.9760 0.867009 0.093381 0.014404
266000 -44552.43416995 6078.93496805 0.361239 5.9805 0.865607 0.093850 0.000976
266100 -44627.85182784 6086.20161026 0.361671 5.9805 0.865607 0.093850 -0.028545
266200 -44591.40655626 6153.82646516 0.365690 5.9805 0.865607 0.093850 -0.004913
266300 -44589.34843322 6142.32032694 0.365006 5.9805 0.865607 0.093850 -0.005868
266400 -44567.79636621 6108.24923132 0.362981 5.9805 0.865607 0.093850 -0.002374
266500 -44548.11096150 6067.27666352 0.360547 5.9771 0.866170 0.094132 0.009002
266600 -44604.04674224 6073.24481571 0.360901 5.9771 0.866170 0.094132 -0.017296
266700 -44579.56759544 6021.69316772 0.357838 5.9771 0.866170 0.094132 -0.007956
266800 -44583.25226267 6022.80274697 0.357904 5.9771 0.866170 0.094132 -0.006898
266900 -44596.48039994 6049.08985365 0.359466 5.9771 0.866170 0.094132 -0.002552
267000 -44576.18786884 5957.44263579 0.354020 5.9810 0.865599 0.093547 0.006349
267100 -44637.48925271 6035.06646495 0.358632 5.9810 0.865599 0.093547 -0.019957
267200 -44666.91479321 6038.71033019 0.358849 5.9810 0.865599 0.093547 -0.024532
267300 -44621.01790967 6043.65762878 0.359143 5.9810 0.865599 0.093547 0.004635
267400 -44630.20921818 6063.35465201 0.360313 5.9810 0.865599 0.093547 -0.002838
267500 -44637.12521992 6147.96820074 0.365342 5.9799 0.867544 0.092991 -0.005137
267600 -44512.89293062 6075.33991306 0.361026 5.9799 0.867544 0.092991 0.046036
267700 -44588.30861837 6097.86187562 0.362364 5.9799 0.867544 0.092991 0.003538
267800 -44525.20041513 6053.48026168 0.359727 5.9799 0.867544 0.092991 0.025058
267900 -44560.33096933 6110.35798001 0.363107 5.9799 0.867544 0.092991 0.008285
268000 -44601.73738934 6080.27850646 0.361319 5.9807 0.867484 0.092916 -0.013548
268100 -44540.55884135 6085.75006422 0.361644 5.9807 0.867484 0.092916 0.027078
268200 -44599.38971644 6075.65223889 0.361044 5.9807 0.867484 0.092916 -0.010601
268300 -44562.74986516 6065.52532947 0.360442 5.9807 0.867484 0.092916 0.009052
268400 -44502.20387617 5984.99234417 0.355657 5.9807 0.867484 0.092916 0.030533
268500 -44537.29350793 6097.60989307 0.362349 5.9762 0.864863 0.094043 0.022973
268600 -44546.86605092 6059.70517351 0.360097 5.9762 0.864863 0.094043 0.003037
268700 -44585.38880988 6072.75072341 0.360872 5.9762 0.864863 0.094043 -0.017940
268800 -44569.76336722 6043.04280812 0.359106 5.9762 0.864863 0.094043 -0.002095
268900 -44607.94421969 6095.09996999 0.362200 5.9762 0.864863 0.094043 -0.012652
269000 -44633.64013957 6078.77301375 0.361230 5.9816 0.867924 0.092575 -0.034882
269100 -44543.58160651 6065.44364039 0.360438 5.9816 0.867924 0.092575 0.016305
269200 -44602.53422699 6130.30885909 0.364292 5.9816 0.867924 0.092575 -0.015694
269300 -44573.77579708 6059.51954323 0.360086 5.9816 0.867924 0.092575 -0.001934
269400 -44591.99593775 6079.90605806 0.361297 5.9816 0.867924 0.092575 -0.014506
269500 -44557.33496572 6014.75510478 0.357425 5.9796 0.864893 0.093529 0.007575
269600 -44638.66440734 6098.55550741 0.362405 5.9796 0.864893 0.093529 -0.024208
269700 -44621.90850420 6144.62218002 0.365143 5.9796 0.864893 0.093529 -0.007727
269800 -44526.11133159 6107.10670825 0.362913 5.9796 0.864893 0.093529 0.031621
269900 -44601.50949898 6093.47278889 0.362103 5.9796 0.864893 0.093529 -0.003126
270000 -44616.48051284 6080.54449347 0.361335 5.9796 0.867109 0.093295 -0.023594
270100 -44637.47933299 6160.90620798 0.366110 5.9796 0.867109 0.093295 -0.024303
270200 -44563.39827121 6053.39633389 0.359722 5.9796 0.867109 0.093295 -0.000081
270300 -44601.90466997 6092.74831020 0.362060 5.9796 0.867109 0.093295 -0.018725
270400 -44609.36737319 6046.16572676 0.359292 5.9796 0.867109 0.093295 -0.001975
270500 -44577.21968488 6095.93089941 0.362249 5.9780 0.868550 0.093178 0.008336
270600 -44602.54584084 6085.69571520 0.361641 5.9780 0.868550 0.093178 -0.013168
270700 -44726.51932184 6024.37002061 0.357997 5.9780 0.868550 0.093178 -0.056587
270800 -44610.24441281 6032.04728400 0.358453 5.9780 0.868550 0.093178 0.006925
270900 -44578.28182043 6105.14056256 0.362797 5.9780 0.868550 0.093178 0.025534
271000 -44580.75430392 6172.91516534 0.366824 5.9766 0.865348 0.093833 0.007763
271100 -44530.54615080 6143.50184873 0.365076 5.9766 0.865348 0.093833 0.017762
271200 -44533.66074948 6099.20191338 0.362444 5.9766 0.865348 0.093833 0.012190
271300 -44567.96310268 6069.39088159 0.360672 5.9766 0.865348 0.093833 -0.012064
271400 -44645.35225616 6018.07492944 0.357623 5.9766 0.865348 0.093833 -0.033629
271500 -44628.17762099 6010.21133304 0.357155 5.9799 0.865036 0.093282 -0.008721
271600 -44741.14051433 5996.30473538 0.356329 5.9799 0.865036 0.093282 -0.066398
271700 -44664.30476234 6041.82483195 0.359034 5.9799 0.865036 0.093282 -0.010371
271800 -44586.31095266 6050.37175422 0.359542 5.9799 0.865036 0.093282 0.019378
271900 -44624.64807671 6034.65972314 0.358608 5.9799 0.865036 0.093282 -0.005451
272000 -44692.67737426 6078.73030932 0.361227 5.9823 0.870641 0.091638 -0.025607
272100 -44698.33559137 6004.26178697 0.356802 5.9823 0.870641 0.091638 -0.029842
272200 -44658.08459706 6009.18579297 0.357094 5.9823 0.870641 0.091638 -0.000839
272300 -44747.82981674 6058.72158532 0.360038 5.9823 0.870641 0.091638 -0.033056
272400 -44748.39300050 6103.90760090 0.362723 5.9823 0.870641 0.091638 -0.027653
272500 -44624.30482444 6034.74470911 0.358613 5.9797 0.867852 0.093271 0.034832
272600 -44568.15941978 5950.41483643 0.353602 5.9797 0.867852 0.093271 0.035705
272700 -44667.34100070 6057.87703175 0.359988 5.9797 0.867852 0.093271 -0.011866
272800 -44667.29392338 6029.27866821 0.358288 5.9797 0.867852 0.093271 -0.006553
272900 -44644.35423252 6013.06806695 0.357325 5.9797 0.867852 0.093271 0.003174
273000 -44653.15840683 6008.97767518 0.357082 5.9812 0.866611 0.093109 0.000925
273100 -44660.59846361 5994.27380241 0.356208 5.9812 0.866611 0.093109 0.005120
273200 -44656.45276656 6037.83988752 0.358797 5.9812 0.866611 0.093109 0.003106
273300 -44614.93989683 6027.88743492 0.358206 5.9812 0.866611 0.093109 0.020205
273400 -44619.10169332 6025.17132290 0.358044 5.9812 0.866611 0.093109 0.015219
273500 -44611.27490173 6079.85447458 0.361294 5.9824 0.866957 0.092638 0.017424
273600 -44638.96354616 6082.21470255 0.361434 5.9824 0.866957 0.092638 0.000331
273700 -44656.09191755 6062.67464435 0.360273 5.9824 0.866957 0.092638 -0.012640
273800 -44589.30750268 6045.10830831 0.359229 5.9824 0.866957 0.092638 0.007331
273900 -44580.81136065 6072.75540634 0.360872 5.9824 0.866957 0.092638 0.033680
274000 -44629.52944034 6065.47579416 0.360439 5.9805 0.868067 0.093244 -0.003587
274100 -44620.15874567 6078.49181234 0.361213 5.9805 0.868067 0.093244 0.001542
274200 -44595.28274469 6080.97939388 0.361361 5.9805 0.868067 0.093244 0.008755
274300 -44578.17710156 6105.95907499 0.362845 5.9805 0.868067 0.093244 0.007359
274400 -44655.60529598 6132.48214041 0.364421 5.9805 0.868067 0.093244 -0.027649
274500 -44604.80925588 6121.73328975 0.363783 5.9823 0.866471 0.092365 -0.004654
274600 -44545.06938540 5998.23530945 0.356444 5.9823 0.866471 0.092365 0.013229
274700 -44612.27726941 6016.63738195 0.357537 5.9823 0.866471 0.092365 -0.009115
274800 -44672.17584393 6048.21191886 0.359414 5.9823 0.866471 0.092365 -0.035098
274900 -44628.00727146 5993.78909371 0.356180 5.9823 0.866471 0.092365 -0.007174
275000 -44641.39536908 6035.44356721 0.358655 5.9815 0.868587 0.092496 -0.004183
275100 -44625.87800653 5996.84005105 0.356361 5.9815 0.868587 0.092496 -0.000966
275200 -44669.93381706 6086.72116439 0.361702 5.9815 0.868587 0.092496 -0.018128
275300 -44646.39155463 6088.67949237 0.361818 5.9815 0.868587 0.092496 -0.005682
275400 -44663.25962667 6060.18377238 0.360125 5.9815 0.868587 0.092496 -0.015621
275500 -44666.46379911 6035.62911340 0.358666 5.9830 0.867539 0.092871 -0.015676
275600 -44716.53523381 6086.53110992 0.361691 5.9830 0.867539 0.092871 -0.028878
275700 -44694.41577632 6036.77505486 0.358734 5.9830 0.867539 0.092871 -0.017158
275800 -44623.81422272 6087.17474966 0.361729 5.9830 0.867539 0.092871 0.020133
275900 -44699.59609556 6111.92939537 0.363200 5.9830 0.867539 0.092871 -0.018191
276000 -44663.13063608 6072.92508023 0.360882 5.9831 0.869239 0.092421 -0.007213
276100 -44666.29527907 6025.83410319 0.358084 5.9831 0.869239 0.092421 0.001923
276200 -44694.86662951 6017.60245141 0.357595 5.9831 0.869239 0.092421 -0.012624
276300 -44642.39950242 6049.83460812 0.359510 5.9831 0.869239 0.092421 0.008104
276400 -44699.17151989 6038.18241950 0.358818 5.9831 0.869239 0.092421 -0.023097
276500 -44625.50880514 6022.50852919 0.357886 5.9815 0.867828 0.092389 0.010650
276600 -44613.16024048 6065.43330600 0.360437 5.9815 0.867828 0.092389 0.018724
276700 -44596.46390032 6060.03554714 0.360116 5.9815 0.867828 0.092389 0.020852
276800 -44619.37515458 6116.64209376 0.363480 5.9815 0.867828 0.092389 0.010979
276900 -44598.36236907 6032.35781971 0.358471 5.9815 0.867828 0.092389 0.015206
277000 -44566.75532038 6034.04760589 0.358572 5.9804 0.867044 0.093937 0.022846
277100 -44572.19366864 6051.72385961 0.359622 5.9804 0.867044 0.093937 0.022790
277200 -44635.97507103 6052.46087919 0.359666 5.9804 0.867044 0.093937 -0.004027
277300 -44648.60374533 6038.24944193 0.358822 5.9804 0.867044 0.093937 -0.008232
277400 -44652.46708596 6018.07686415 0.357623 5.9804 0.867044 0.093937 -0.013467
277500 -44635.31417996 6045.83547581 0.359272 5.9816 0.867092 0.092189 0.000996
277600 -44606.05429865 6014.84992615 0.357431 5.9816 0.867092 0.092189 0.013251
277700 -44553.40368954 6104.57931208 0.362763 5.9816 0.867092 0.092189 0.034365
277800 -44556.48501922 6063.08564437 0.360297 5.9816 0.867092 0.092189 0.013444
277900 -44594.09955141 6091.88963058 0.362009 5.9816 0.867092 0.092189 0.002351
278000 -44624.41397892 6053.89032528 0.359751 5.9813 0.866701 0.092903 -0.011713
278100 -44609.10594604 6043.47724195 0.359132 5.9813 0.866701 0.092903 -0.009593
278200 -44545.43409820 6009.23540604 0.357097 5.9813 0.866701 0.092903 0.024711
278300 -44654.50307842 6058.57145786 0.360029 5.9813 0.866701 0.092903 -0.019451
278400 -44570.77827684 6029.96255788 0.358329 5.9813 0.866701 0.092903 0.019554
278500 -44581.86857408 6096.68219399 0.362294 5.9821 0.865615 0.094088 0.001661
278600 -44618.18004190 6093.34759442 0.362096 5.9821 0.865615 0.094088 -0.005868
278700 -44629.23414966 6087.82393663 0.361768 5.9821 0.865615 0.094088 -0.011426
278800 -44611.62839930 6020.00226969 0.357737 5.9821 0.865615 0.094088 -0.005928
278900 -44556.84722389 5964.20500409 0.354422 5.9821 0.865615 0.094088 0.012733
279000 -44610.02925073 5999.54505535 0.356522 5.9815 0.868039 0.092586 -0.008410
279100 -44606.20193782 6022.77473465 0.357902 5.9815 0.868039 0.092586 0.007431
279200 -44635.81304688 5998.40368241 0.356454 5.9815 0.868039 0.092586 -0.007422
279300 -44659.91362850 6063.84542776 0.360343 5.9815 0.868039 0.092586 -0.006732
279400 -44630.98776677 6020.59210058 0.357772 5.9815 0.868039 0.092586 0.002620
279500 -44590.01601447 5965.21656301 0.354482 5.9790 0.867771 0.093403 0.017617
279600 -44693.48848423 6054.81562357 0.359806 5.9790 0.867771 0.093403 -0.016841
279700 -44670.88073037 6080.71012306 0.361345 5.9790 0.867771 0.093403 -0.009206
279800 -44715.26888508 6087.39278967 0.361742 5.9790 0.867771 0.093403 -0.023731
279900 -44642.99465133 6091.66812228 0.361996 5.9790 0.867771 0.093403 -0.004526
280000 -44580.93165478 6101.87459969 0.362602 5.9822 0.867140 0.093087 0.025923
280100 -44659.54353644 6095.32287778 0.362213 5.9822 0.867140 0.093087 -0.012375
280200 -44570.81459440 6086.14963649 0.361668 5.9822 0.867140 0.093087 0.016721
280300 -44643.49518603 6104.20312676 0.362741 5.9822 0.867140 0.093087 -0.016696
280400 -44634.01513986 6035.84145341 0.358678 5.9822 0.867140 0.093087 -0.017493
280500 -44606.88540651 6043.74291266 0.359148 5.9791 0.867042 0.093308 -0.000105
280600 -44646.88999835 6024.46826040 0.358003 5.9791 0.867042 0.093308 -0.011275
280700 -44625.09942790 5989.47055680 0.355923 5.9791 0.867042 0.093308 0.005198
280800 -44615.14866484 6046.66050061 0.359321 5.9791 0.867042 0.093308 0.010768
280900 -44605.23078038 5971.12981363 0.354833 5.9791 0.867042 0.093308 0.000898
281000 -44620.48216319 6052.86404974 0.359690 5.9811 0.869340 0.092381 -0.003319
281100 -44675.77288378 6080.93954627 0.361358 5.9811 0.869340 0.092381 -0.018274
281200 -44671.34550788 6098.22493090 0.362386 5.9811 0.869340 0.092381 -0.012975
281300 -44693.51348729 6032.74663535 0.358495 5.9811 0.869340 0.092381 -0.027256
281400 -44745.63355269 6069.41367525 0.360674 5.9811 0.869340 0.092381 -0.035367
281500 -44662.20960321 6002.63828750 0.356705 5.9807 0.868931 0.092336 -0.000798
281600 -44677.21456411 6003.43600378 0.356753 5.9807 0.868931 0.092336 -0.001339
281700 -44668.81045408 6010.84588285 0.357193 5.9807 0.868931 0.092336 -0.002078
281800 -44736.12728942 6025.13895334 0.358042 5.9807 0.868931 0.092336 -0.028720
281900 -44708.87435267 6029.89074804 0.358325 5.9807 0.868931 0.092336 -0.008549
282000 -44622.34835662 6012.51108924 0.357292 5.9806 0.867462 0.093015 0.032671
282100 -44669.22803069 6056.26930103 0.359892 5.9806 0.867462 0.093015 0.001148
282200 -44757.83698803 6064.70062196 0.360393 5.9806 0.867462 0.093015 -0.041453
282300 -44614.56816582 5998.29433928 0.356447 5.9806 0.867462 0.093015 0.033045
282400 -44694.85516433 6100.52237126 0.362522 5.9806 0.867462 0.093015 -0.009212
282500 -44687.73483027 6124.96217720 0.363974 5.9818 0.868389 0.092874 -0.003197
282600 -44670.68865993 6077.03280886 0.361126 5.9818 0.868389 0.092874 -0.002027
282700 -44638.03670596 6083.16853189 0.361491 5.9818 0.868389 0.092874 0.002331
282800 -44643.65586582 6072.36198273 0.360849 5.9818 0.868389 0.092874 -0.010649
282900 -44626.74714778 6114.11695784 0.363330 5.9818 0.868389 0.092874 -0.016418
283000 -44578.35623889 6027.19123409 0.358164 5.9804 0.867074 0.092690 0.013685
283100 -44644.38895721 6021.17878588 0.357807 5.9804 0.867074 0.092690 -0.009596
283200 -44704.02165557 6081.47255411 0.361390 5.9804 0.867074 0.092690 -0.034360
283300 -44675.13631404 6093.07136722 0.362079 5.9804 0.867074 0.092690 -0.013102
283400 -44625.07139762 6055.35001397 0.359838 5.9804 0.867074 0.092690 0.001316
283500 -44657.88176914 6082.16521201 0.361431 5.9836 0.869987 0.092994 -0.009137
283600 -44715.25122573 6106.10803511 0.362854 5.9836 0.869987 0.092994 -0.032187
283700 -44629.50999713 6045.22973352 0.359236 5.9836 0.869987 0.092994 0.008641
283800 -44653.43479878 6028.31388269 0.358231 5.9836 0.869987 0.092994 -0.009494
283900 -44730.66317365 6021.10511061 0.357803 5.9836 0.869987 0.092994 -0.037407
284000 -44709.99543021 6001.59383286 0.356643 5.9829 0.869884 0.092263 -0.018951
284100 -44729.28044856 5993.04309331 0.356135 5.9829 0.869884 0.092263 -0.020843
284200 -44692.18311402 6083.75629301 0.361526 5.9829 0.869884 0.092263 -0.002538
284300 -44723.29690646 6043.88096527 0.359156 5.9829 0.869884 0.092263 -0.007980
284400 -44691.38226086 6058.18267042 0.360006 5.9829 0.869884 0.092263 0.009586
284500 -44634.20001621 5984.00117110 0.355598 5.9823 0.869916 0.092703 0.022133
284600 -44621.70591107 6061.82408499 0.360222 5.9823 0.869916 0.092703 0.025940
284700 -44599.25024427 6142.37449978 0.365009 5.9823 0.869916 0.092703 0.026162
284800 -44600.89285702 6094.71023849 0.362177 5.9823 0.869916 0.092703 0.010165
284900 -44595.33094256 6061.00455982 0.360174 5.9823 0.869916 0.092703 0.011045
285000 -44565.81933497 6023.64623665 0.357954 5.9817 0.867019 0.093438 0.020091
285100 -44656.69088548 5968.54726846 0.354680 5.9817 0.867019 0.093438 -0.016396
285200 -44679.19515118 5978.44271513 0.355268 5.9817 0.867019 0.093438 -0.024390
285300 -44701.25515888 6072.97746523 0.360885 5.9817 0.867019 0.093438 -0.012776
285400 -44688.27642781 6051.96653626 0.359637 5.9817 0.867019 0.093438 -0.003114
285500 -44709.42428183 6072.18824970 0.360838 5.9834 0.869305 0.091634 -0.017312
285600 -44712.99295932 6072.92119419 0.360882 5.9834 0.869305 0.091634 -0.018401
285700 -44657.46080825 6036.92559133 0.358743 5.9834 0.869305 0.091634 0.007495
285800 -44644.47554231 6016.46721529 0.357527 5.9834 0.869305 0.091634 0.004687
285900 -44682.40342114 6100.30065605 0.362509 5.9834 0.869305 0.091634 -0.005987
286000 -44639.29216215 6067.88725602 0.360583 5.9831 0.868218 0.092812 0.007596
286100 -44737.35581019 6120.50411150 0.363710 5.9831 0.868218 0.092812 -0.039465
286200 -44686.30299907 6006.82140227 0.356954 5.9831 0.868218 0.092812 -0.012356
286300 -44620.76512904 5973.71528599 0.354987 5.9831 0.868218 0.092812 0.008673
286400 -44713.80770559 6096.60541547 0.362289 5.9831 0.868218 0.092812 -0.031370
286500 -44618.85375916 6087.51415481 0.361749 5.9835 0.868113 0.092990 0.010075
286600 -44596.61892580 6116.13355563 0.363450 5.9835 0.868113 0.092990 0.022135
286700 -44611.83289600 6052.46943262 0.359667 5.9835 0.868113 0.092990 0.015045
286800 -44635.78023660 6025.09919748 0.358040 5.9835 0.868113 0.092990 -0.012580
286900 -44665.61287160 6072.39822354 0.360851 5.9835 0.868113 0.092990 -0.020921
287000 -44620.10732539 6051.90775598 0.359633 5.9817 0.866994 0.092837 0.013169
287100 -44618.74038202 5939.53237586 0.352955 5.9817 0.866994 0.092837 0.003873
287200 -44595.25359560 6039.53211169 0.358898 5.9817 0.866994 0.092837 0.023298
287300 -44592.81942596 6119.00447746 0.363620 5.9817 0.866994 0.092837 0.015319
287400 -44629.94854223 6120.50668458 0.363710 5.9817 0.866994 0.092837 -0.012286
287500 -44634.22899151 6081.94807207 0.361418 5.9818 0.868345 0.092357 -0.005406
287600 -44651.76011988 6122.78922832 0.363845 5.9818 0.868345 0.092357 -0.015206
287700 -44682.54266834 6054.47355785 0.359786 5.9818 0.868345 0.092357 -0.026172
287800 -44670.59100148 6066.87856662 0.360523 5.9818 0.868345 0.092357 -0.012573
287900 -44640.50362385 6085.12995803 0.361607 5.9818 0.868345 0.092357 -0.004960
288000 -44695.55140399 6073.76823158 0.360932 5.9843 0.872759 0.091052 -0.035238
288100 -44699.97035811 6072.37706454 0.360850 5.9843 0.872759 0.091052 -0.027595
288200 -44649.52984756 6085.09244602 0.361605 5.9843 0.872759 0.091052 0.002752
288300 -44677.49721645 6022.44579591 0.357882 5.9843 0.872759 0.091052 -0.006783
288400 -44719.34607311 5986.94209155 0.355773 5.9843 0.872759 0.091052 -0.027255
288500 -44650.90787526 5976.19595955 0.355134 5.9831 0.867711 0.092142 0.014467
288600 -44689.71635101 6132.94756066 0.364449 5.9831 0.867711 0.092142 0.009251
288700 -44651.94906494 6135.64187130 0.364609 5.9831 0.867711 0.092142 0.014608
288800 -44631.69395463 6094.24084453 0.362149 5.9831 0.867711 0.092142 0.016208
288900 -44594.25509839 6083.39269955 0.361504 5.9831 0.867711 0.092142 0.032025
289000 -44662.95188298 6111.79692296 0.363192 5.9798 0.868525 0.092835 -0.016266
289100 -44615.59304668 6074.77271112 0.360992 5.9798 0.868525 0.092835 0.001829
289200 -44651.91275255 6065.00625603 0.360412 5.9798 0.868525 0.092835 -0.010466
289300 -44665.40931919 6057.46425917 0.359963 5.9798 0.868525 0.092835 -0.015744
289400 -44730.99087748 6148.07665445 0.365348 5.9798 0.868525 0.092835 -0.031019
289500 -44660.89674305 6075.80304609 0.361053 5.9810 0.869624 0.093212 0.004579
289600 -44619.18569057 6111.13791767 0.363153 5.9810 0.869624 0.093212 0.010919
289700 -44571.31156737 6034.51129987 0.358599 5.9810 0.869624 0.093212 0.022728
289800 -44623.84980542 6058.46181168 0.360023 5.9810 0.869624 0.093212 0.002872
289900 -44606.22966598 5999.89640062 0.356542 5.9810 0.869624 0.093212 0.011909
290000 -44663.89443072 6002.65391005 0.356706 5.9838 0.867311 0.092162 -0.007414
290100 -44680.54005757 6042.41764205 0.359069 5.9838 0.867311 0.092162 -0.005468
290200 -44719.33337376 6036.42393122 0.358713 5.9838 0.867311 0.092162 -0.024661
290300 -44674.42313592 6008.80924793 0.357072 5.9838 0.867311 0.092162 0.000062
290400 -44656.83857060 6017.10675088 0.357565 5.9838 0.867311 0.092162 0.007617
290500 -44669.99517087 6116.94007739 0.363498 5.9824 0.868927 0.092351 0.004062
290600 -44653.05880191 6079.64273016 0.361281 5.9824 0.868927 0.092351 -0.001237
290700 -44630.47132634 5987.91697764 0.355831 5.9824 0.868927 0.092351 0.007995
290800 -44737.17396266 6044.45860935 0.359191 5.9824 0.868927 0.092351 -0.029576
290900 -44631.34234645 5980.40596650 0.355384 5.9824 0.868927 0.092351 0.008743
291000 -44671.81002335 6063.74949424 0.360337 5.9824 0.868012 0.092131 0.007720
291100 -44608.83660438 6024.59157449 0.358010 5.9824 0.868012 0.092131 0.036865
291200 -44653.57687346 6058.59551248 0.360031 5.9824 0.868012 0.092131 0.002730
291300 -44611.40389014 6082.63034060 0.361459 5.9824 0.868012 0.092131 0.012049
291400 -44593.18778697 6076.37323319 0.361087 5.9824 0.868012 0.092131 0.024053
291500 -44593.69868772 6102.88360969 0.362662 5.9811 0.866216 0.093691 0.018878
291600 -44586.38811165 6134.48830718 0.364541 5.9811 0.866216 0.093691 0.002994
291700 -44545.38194651 6099.06917142 0.362436 5.9811 0.866216 0.093691 0.029191
291800 -44659.22974724 6082.11338439 0.361428 5.9811 0.866216 0.093691 -0.035528
291900 -44612.76863353 6007.40423576 0.356989 5.9811 0.866216 0.093691 -0.013541
292000 -44639.77139783 6022.20570210 0.357868 5.9825 0.868603 0.092007 -0.016371
292100 -44636.28149245 6013.49358235 0.357350 5.9825 0.868603 0.092007 -0.014183
292200 -44628.09869155 6076.43001821 0.361090 5.9825 0.868603 0.092007 -0.002115
292300 -44574.34042838 6137.13081564 0.364698 5.9825 0.868603 0.092007 0.024556
292400 -44612.29297987 6113.29336754 0.363281 5.9825 0.868603 0.092007 -0.005178
292500 -44522.72865371 6047.20078566 0.359354 5.9818 0.865341 0.093467 0.025933
292600 -44520.70122726 6048.29255990 0.359418 5.9818 0.865341 0.093467 0.026729
292700 -44621.93498268 6035.35524818 0.358650 5.9818 0.865341 0.093467 -0.020919
292800 -44603.89849328 6024.40259792 0.357999 5.9818 0.865341 0.093467 -0.001462
292900 -44671.79268732 6029.16488650 0.358282 5.9818 0.865341 0.093467 -0.029379
293000 -44597.12588796 5982.46709955 0.355507 5.9799 0.868583 0.092895 0.016103
293100 -44620.99270730 6095.63139299 0.362231 5.9799 0.868583 0.092895 0.000401
293200 -44633.75654000 6063.09428519 0.360298 5.9799 0.868583 0.092895 -0.004424
293300 -44617.23464589 6046.21374531 0.359295 5.9799 0.868583 0.092895 -0.002205
293400 -44681.54409110 6059.64109094 0.360093 5.9799 0.868583 0.092895 -0.022730
293500 -44649.26480925 6058.07293452 0.360000 5.9821 0.867563 0.093021 -0.004631
293600 -44592.70533138 6028.44653202 0.358239 5.9821 0.867563 0.093021 0.013306
293700 -44669.25964231 6073.73021355 0.360930 5.9821 0.867563 0.093021 -0.023630
293800 -44630.36143668 6105.64039490 0.362826 5.9821 0.867563 0.093021 0.000757
293900 -44643.60760639 6062.12507560 0.360240 5.9821 0.867563 0.093021 -0.005136
294000 -44599.84146656 6009.04123305 0.357086 5.9792 0.868885 0.092647 0.017095
294100 -44617.22009347 5956.96163727 0.353991 5.9792 0.868885 0.092647 0.002036
294200 -44687.25843384 5982.60063572 0.355515 5.9792 0.868885 0.092647 -0.020114
294300 -44672.46778436 6020.44006612 0.357763 5.9792 0.868885 0.092647 -0.012019
294400 -44662.82910409 5932.08930016 0.352513 5.9792 0.868885 0.092647 -0.004296
294500 -44787.23856058 6079.25997470 0.361259 5.9835 0.871536 0.091344 -0.044991
294600 -44722.10975346 5968.28689040 0.354664 5.9835 0.871536 0.091344 -0.016075
294700 -44705.71195614 6013.47373985 0.357349 5.9835 0.871536 0.091344 -0.009876
294800 -44701.99021050 6015.24165115 0.357454 5.9835 0.871536 0.091344 0.011250
294900 -44703.00160221 6022.61816237 0.357893 5.9835 0.871536 0.091344 0.006332
295000 -44654.14266772 6027.79348915 0.358200 5.9817 0.868228 0.092200 0.030221
295100 -44719.71302909 6129.48701743 0.364243 5.9817 0.868228 0.092200 -0.001998
295200 -44649.30009524 6035.00601573 0.358629 5.9817 0.868228 0.092200 0.024134
295300 -44677.20609920 6076.50058942 0.361095 5.9817 0.868228 0.092200 0.001905
295400 -44670.88578727 6007.93627178 0.357020 5.9817 0.868228 0.092200 -0.007486
295500 -44687.97316641 6078.26740852 0.361200 5.9791 0.868470 0.092599 0.004554
295600 -44610.88128540 6045.96726758 0.359280 5.9791 0.868470 0.092599 0.029347
295700 -44688.28935716 6095.10759740 0.362200 5.9791 0.868470 0.092599 -0.012392
295800 -44660.46314469 5976.11991670 0.355130 5.9791 0.868470 0.092599 0.000683
295900 -44666.21309723 6000.22392347 0.356562 5.9791 0.868470 0.092599 -0.003822
296000 -44638.05568964 6032.71158624 0.358492 5.9810 0.868687 0.092627 0.015114
296100 -44670.09190948 6061.08892770 0.360179 5.9810 0.868687 0.092627 -0.003007
296200 -44653.01527394 6070.45337368 0.360735 5.9810 0.868687 0.092627 0.002232
296300 -44655.84987979 6084.61626442 0.361577 5.9810 0.868687 0.092627 -0.003247
296400 -44651.79991098 6025.48996151 0.358063 5.9810 0.868687 0.092627 -0.004737
296500 -44652.84998403 6044.48897085 0.359192 5.9793 0.865866 0.094151 -0.009696
296600 -44642.64618869 5995.70151348 0.356293 5.9793 0.865866 0.094151 -0.009651
296700 -44723.37961459 6039.69329765 0.358907 5.9793 0.865866 0.094151 -0.038937
296800 -44660.56133784 6018.51808966 0.357649 5.9793 0.865866 0.094151 -0.002962
296900 -44694.84693348 6013.83955343 0.357371 5.9793 0.865866 0.094151 -0.016699
297000 -44655.29059358 6027.65903099 0.358192 5.9828 0.868907 0.092438 0.011038
297100 -44674.09277608 6098.69868527 0.362414 5.9828 0.868907 0.092438 -0.000531
297200 -44615.12409652 6053.01663344 0.359699 5.9828 0.868907 0.092438 0.015339
297300 -44587.33834413 5981.29122850 0.355437 5.9828 0.868907 0.092438 0.032064
297400 -44649.73277143 5989.71847530 0.355938 5.9828 0.868907 0.092438 -0.006700
297500 -44600.76344987 6000.50555486 0.356579 5.9796 0.868586 0.093728 0.013389
297600 -44592.35650751 6047.12207308 0.359349 5.9796 0.868586 0.093728 0.035394
297700 -44617.27424579 6074.04319970 0.360949 5.9796 0.868586 0.093728 -0.004665
297800 -44565.60589956 6010.32121133 0.357162 5.9796 0.868586 0.093728 0.028101
297900 -44609.22557380 6089.86231741 0.361889 5.9796 0.868586 0.093728 0.008751
298000 -44499.99070595 6021.73926086 0.357840 5.9794 0.865404 0.094094 0.051076
298100 -44562.84352358 6046.59306675 0.359317 5.9794 0.865404 0.094094 0.014221
298200 -44580.49308872 6060.32988467 0.360134 5.9794 0.865404 0.094094 0.006512
298300 -44601.45750258 6071.03630266 0.360770 5.9794 0.865404 0.094094 -0.011084
298400 -44524.31103668 6078.43842565 0.361210 5.9794 0.865404 0.094094 0.032033
298500 -44558.70631342 6094.99527801 0.362194 5.9804 0.866773 0.093515 0.007897
298600 -44567.13631764 6085.12811806 0.361607 5.9804 0.866773 0.093515 0.004080
298700 -44500.84683949 6047.82426856 0.359391 5.9804 0.866773 0.093515 0.020776
298800 -44540.64157761 6061.65599048 0.360213 5.9804 0.866773 0.093515 0.000499
298900 -44505.18586140 6055.04886280 0.359820 5.9804 0.866773 0.093515 0.016796
299000 -44588.05570483 6109.66246797 0.363065 5.9807 0.868504 0.093413 -0.015268
299100 -44527.93113044 6046.50964738 0.359312 5.9807 0.868504 0.093413 0.008387
299200 -44629.46757314 6016.30705790 0.357518 5.9807 0.868504 0.093413 -0.027398
299300 -44634.05343920 6031.43934662 0.358417 5.9807 0.868504 0.093413 -0.023349
299400 -44580.37398035 6070.81695577 0.360757 5.9807 0.868504 0.093413 0.007434
299500 -44682.35250319 6182.62248869 0.367401 5.9803 0.868460 0.092715 -0.039165
299600 -44602.27223094 6014.27357983 0.357397 5.9803 0.868460 0.092715 -0.005503
299700 -44654.06593013 6152.12020846 0.365588 5.9803 0.868460 0.092715 -0.016333
299800 -44653.31646911 6067.28599709 0.360547 5.9803 0.868460 0.092715 -0.016911
299900 -44677.56708552 6065.72356979 0.360454 5.9803 0.868460 0.092715 -0.024764
300000 -44657.91917200 6003.80863488 0.356775 5.9805 0.868582 0.092838 -0.013305
300100 -44594.03997901 5937.82916219 0.352854 5.9805 0.868582 0.092838 0.026409
300200 -44707.56388927 5998.01272328 0.356431 5.9805 0.868582 0.092838 -0.033648
300300 -44647.70269817 5996.49116364 0.356340 5.9805 0.868582 0.092838 0.013782
300400 -44642.86041764 5999.73288331 0.356533 5.9805 0.868582 0.092838 0.010047
300500 -44658.32649159 6103.02518582 0.362671 5.9787 0.867992 0.092470 -0.000788
300600 -44644.58461989 6117.84823357 0.363552 5.9787 0.867992 0.092470 0.005508
300700 -44599.32152085 6038.72907885 0.358850 5.9787 0.867992 0.092470 0.006695
300800 -44603.01337298 6053.79859991 0.359746 5.9787 0.867992 0.092470 0.007387
300900 -44621.96156477 5995.36267857 0.356273 5.9787 0.867992 0.092470 -0.002737
301000 -44583.91915031 6010.35874802 0.357164 5.9794 0.866530 0.093133 0.022729
301100 -44654.39007727 6117.70673181 0.363543 5.9794 0.866530 0.093133 -0.009040
301200 -44649.54829368 6056.75793037 0.359921 5.9794 0.866530 0.093133 -0.013096
301300 -44644.28771054 6047.57498277 0.359376 5.9794 0.866530 0.093133 -0.003192
301400 -44653.15067501 6081.61019971 0.361398 5.9794 0.866530 0.093133 -0.011824
301500 -44567.25078927 5990.11430833 0.355961 5.9806 0.866570 0.093599 0.021937
301600 -44649.06816582 5993.13303652 0.356141 5.9806 0.866570 0.093599 -0.009643
301700 -44668.48498225 6002.99253137 0.356726 5.9806 0.866570 0.093599 -0.018281
301800 -44627.14805817 5902.76692041 0.350771 5.9806 0.866570 0.093599 0.007207
301900 -44740.13607726 6070.46996772 0.360736 5.9806 0.866570 0.093599 -0.032054
302000 -44658.63200477 6045.48127064 0.359251 5.9783 0.868966 0.092831 0.007642
302100 -44676.05514814 5988.74214140 0.355880 5.9783 0.868966 0.092831 0.005612
302200 -44746.70156605 6078.76344140 0.361229 5.9783 0.868966 0.092831 -0.012384
302300 -44676.84899922 5972.23387511 0.354899 5.9783 0.868966 0.092831 0.003282
302400 -44621.75326759 5956.97161177 0.353992 5.9783 0.868966 0.092831 0.033962
302500 -44713.63917257 6015.00668085 0.357440 5.9788 0.870047 0.091855 -0.007940
302600 -44687.68289823 6021.64514759 0.357835 5.9788 0.870047 0.091855 0.004409
302700 -44688.64137749 6079.10222885 0.361249 5.9788 0.870047 0.091855 0.001315
302800 -44665.85204513 6098.77838496 0.362418 5.9788 0.870047 0.091855 0.007350
302900 -44700.05079030 6048.27276754 0.359417 5.9788 0.870047 0.091855 -0.008697
303000 -44659.99907169 6019.98364817 0.357736 5.9791 0.870033 0.092422 0.002957
303100 -44647.29884570 6041.14991654 0.358994 5.9791 0.870033 0.092422 0.006544
303200 -44644.41456365 6017.05170810 0.357562 5.9791 0.870033 0.092422 0.007166
303300 -44699.38047640 6008.12281247 0.357031 5.9791 0.870033 0.092422 -0.015487
303400 -44657.30312649 6047.00427285 0.359342 5.9791 0.870033 0.092422 -0.001509
303500 -44615.58800829 6023.18630411 0.357926 5.9823 0.868423 0.092824 0.018166
303600 -44655.80122795 6078.38574034 0.361207 5.9823 0.868423 0.092824 0.004118
303700 -44631.08572125 6067.78237582 0.360577 5.9823 0.868423 0.092824 0.008727
303800 -44641.19920697 6044.08879291 0.359169 5.9823 0.868423 0.092824 0.002083
303900 -44597.41959340 6026.15818951 0.358103 5.9823 0.868423 0.092824 0.015371
304000 -44660.05605881 6034.58445093 0.358604 5.9806 0.869476 0.092876 -0.011155
304100 -44617.08158930 6031.23315522 0.358405 5.9806 0.869476 0.092876 0.017785
304200 -44645.73009004 6071.85567584 0.360819 5.9806 0.869476 0.092876 0.001638
304300 -44643.18401898 6010.61102912 0.357179 5.9806 0.869476 0.092876 0.001468
304400 -44667.72180345 6044.46567798 0.359191 5.9806 0.869476 0.092876 -0.012931
304500 -44600.59863607 5978.99861202 0.355301 5.9809 0.865454 0.093238 0.015238
304600 -44678.97269455 6043.72080159 0.359147 5.9809 0.865454 0.093238 -0.012176
304700 -44638.19576576 6146.76016751 0.365270 5.9809 0.865454 0.093238 0.016803
304800 -44623.96130841 6084.79642955 0.361588 5.9809 0.865454 0.093238 0.003879
304900 -44616.01929987 6087.76273945 0.361764 5.9809 0.865454 0.093238 0.007554
305000 -44664.16907656 5975.00830348 0.355063 5.9796 0.868983 0.092509 -0.008392
305100 -44699.41155723 6087.35394288 0.361740 5.9796 0.868983 0.092509 -0.025459
305200 -44579.85092665 6097.82703759 0.362362 5.9796 0.868983 0.092509 0.032963
305300 -44595.35162210 6064.93026170 0.360407 5.9796 0.868983 0.092509 0.013491
305400 -44632.17379132 6042.71416798 0.359087 5.9796 0.868983 0.092509 -0.000917
305500 -44660.15768792 6086.69838626 0.361701 5.9797 0.866522 0.092894 -0.017462
305600 -44562.18450822 5993.99711961 0.356192 5.9797 0.866522 0.092894 0.030831
305700 -44625.09750868 6071.62633099 0.360805 5.9797 0.866522 0.092894 0.001714
305800 -44568.52610283 5994.55635549 0.356225 5.9797 0.866522 0.092894 0.015052
305900 -44553.66028550 6033.49203334 0.358539 5.9797 0.866522 0.092894 0.026061
306000 -44621.04591956 6027.10967245 0.358160 5.9803 0.868802 0.093196 -0.006142
306100 -44582.31815667 6051.68858758 0.359620 5.9803 0.868802 0.093196 0.009085
306200 -44650.45818978 6082.36165827 0.361443 5.9803 0.868802 0.093196 -0.013015
306300 -44596.28706546 6061.67827655 0.360214 5.9803 0.868802 0.093196 0.011696
306400 -44646.75118052 6041.57089053 0.359019 5.9803 0.868802 0.093196 -0.009685
306500 -44602.60586062 6012.97029741 0.357319 5.9812 0.868428 0.092687 0.006229
306600 -44654.14940914 6081.96545324 0.361419 5.9812 0.868428 0.092687 -0.013732
306700 -44618.91488555 5998.43803515 0.356456 5.9812 0.868428 0.092687 0.002740
306800 -44653.73941923 6128.27765591 0.364171 5.9812 0.868428 0.092687 -0.010577
306900 -44669.57261776 6091.26584509 0.361972 5.9812 0.868428 0.092687 -0.011880
307000 -44628.21006286 6059.18740906 0.360066 5.9815 0.866784 0.092890 -0.007860
307100 -44578.23958616 6140.78265401 0.364915 5.9815 0.866784 0.092890 0.020543
307200 -44547.30586109 6043.03237195 0.359106 5.9815 0.866784 0.092890 0.026343
307300 -44572.94491186 6072.03912022 0.360830 5.9815 0.866784 0.092890 0.009429
307400 -44538.94321105 6014.08127647 0.357385 5.9815 0.866784 0.092890 0.023952
307500 -44592.47409828 6004.67031243 0.356826 5.9813 0.867895 0.093375 -0.003588
307600 -44573.73956740 6052.92847438 0.359694 5.9813 0.867895 0.093375 0.013569
307700 -44627.68815609 6013.34149612 0.357341 5.9813 0.867895 0.093375 -0.005252
307800 -44732.68657478 6029.33206340 0.358292 5.9813 0.867895 0.093375 -0.048038
307900 -44695.30754040 6068.47631972 0.360618 5.9813 0.867895 0.093375 -0.025028
308000 -44663.26167279 5992.44621516 0.356100 5.9823 0.867831 0.092517 -0.011479
308100 -44592.15307219 5979.36933519 0.355323 5.9823 0.867831 0.092517 0.024435
308200 -44707.68537567 6082.73942180 0.361465 5.9823 0.867831 0.092517 -0.015172
308300 -44645.56839034 5984.50707978 0.355628 5.9823 0.867831 0.092517 0.001690
308400 -44580.27026974 6003.53234399 0.356759 5.9823 0.867831 0.092517 0.030204
308500 -44587.55134570 6025.52895203 0.358066 5.9778 0.867343 0.093731 0.028880
308600 -44675.66883906 6072.90807282 0.360881 5.9778 0.867343 0.093731 -0.016688
308700 -44719.13226144 6096.37228612 0.362276 5.9778 0.867343 0.093731 -0.025717
308800 -44613.56106154 5991.72169927 0.356057 5.9778 0.867343 0.093731 0.019215
308900 -44650.13317522 6107.43820211 0.362933 5.9778 0.867343 0.093731 0.003601
309000 -44605.34124159 6072.81121278 0.360875 5.9804 0.867741 0.092650 0.002696
309100 -44632.26591338 6082.48344974 0.361450 5.9804 0.867741 0.092650 -0.009840
309200 -44651.41168266 6013.87648296 0.357373 5.9804 0.867741 0.092650 -0.009593
309300 -44601.16472055 6033.57928994 0.358544 5.9804 0.867741 0.092650 0.011093
309400 -44607.40449461 6061.25653446 0.360189 5.9804 0.867741 0.092650 0.009911
309500 -44540.90640172 6119.47180985 0.363648 5.9783 0.865685 0.094097 0.043240
309600 -44615.23141351 6044.64609706 0.359202 5.9783 0.865685 0.094097 -0.010942
309700 -44637.14634403 6069.28634197 0.360666 5.9783 0.865685 0.094097 -0.009792
309800 -44571.79309267 6085.25169454 0.361615 5.9783 0.865685 0.094097 0.018564
309900 -44615.21649938 6168.27615700 0.366548 5.9783 0.865685 0.094097 -0.012139
310000 -44620.30224550 6089.86353571 0.361889 5.9807 0.869398 0.092900 -0.009921
310100 -44680.91261135 5991.70455294 0.356056 5.9807 0.869398 0.092900 -0.035532
310200 -44597.45380887 5992.91941308 0.356128 5.9807 0.869398 0.092900 0.012660
310300 -44649.09113164 6073.23889800 0.360901 5.9807 0.869398 0.092900 -0.010802
310400 -44646.82064482 6113.21301232 0.363276 5.9807 0.869398 0.092900 -0.011229
310500 -44603.92939021 6011.02510227 0.357204 5.9810 0.869348 0.092890 0.000482
310600 -44646.81777936 6043.58051164 0.359138 5.9810 0.869348 0.092890 -0.011864
310700 -44661.93657671 6118.63561390 0.363599 5.9810 0.869348 0.092890 -0.009935
310800 -44600.37339274 6071.73137254 0.360811 5.9810 0.869348 0.092890 0.012426
310900 -44503.03918703 6013.88917371 0.357374 5.9810 0.869348 0.092890 0.052532
311000 -44578.27582622 6090.07116153 0.361901 5.9824 0.866413 0.092376 0.007683
311100 -44588.14351151 6139.39090215 0.364832 5.9824 0.866413 0.092376 0.002928
311200 -44539.21518838 5971.62114262 0.354862 5.9824 0.866413 0.092376 0.013493
311300 -44631.91091590 6016.53486317 0.357531 5.9824 0.866413 0.092376 -0.025026
311400 -44678.03381508 6017.05202922 0.357562 5.9824 0.866413 0.092376 -0.041061
311500 -44705.69802613 6056.45898169 0.359904 5.9825 0.870544 0.092033 -0.037571
311600 -44658.25014665 6089.53866458 0.361869 5.9825 0.870544 0.092033 -0.012117
311700 -44660.58935118 6083.45461565 0.361508 5.9825 0.870544 0.092033 -0.010787
311800 -44628.01187452 6062.46106766 0.360260 5.9825 0.870544 0.092033 0.003047
311900 -44588.88094464 6121.63500360 0.363777 5.9825 0.870544 0.092033 0.016307
312000 -44533.49692761 6113.50355369 0.363294 5.9816 0.863835 0.094515 0.036424
312100 -44554.75774658 6150.93773611 0.365518 5.9816 0.863835 0.094515 0.018818
312200 -44519.41050277 6123.15205848 0.363867 5.9816 0.863835 0.094515 0.015145
312300 -44600.09849821 6106.39567808 0.362871 5.9816 0.863835 0.094515 -0.032333
312400 -44554.53927091 6139.88369386 0.364861 5.9816 0.863835 0.094515 -0.007607
312500 -44551.61639881 6092.34703502 0.362036 5.9823 0.866013 0.093511 -0.010506
312600 -44486.50085858 6121.35776588 0.363760 5.9823 0.866013 0.093511 0.031623
312700 -44575.68201464 6120.34879789 0.363700 5.9823 0.866013 0.093511 -0.026533
312800 -44570.99920047 6149.63256129 0.365440 5.9823 0.866013 0.093511 -0.012300
312900 -44460.87030426 6104.05392856 0.362732 5.9823 0.866013 0.093511 0.039155
313000 -44593.73551559 6135.46124040 0.364598 5.9819 0.867652 0.092937 -0.020347
313100 -44553.13858270 6043.25344631 0.359119 5.9819 0.867652 0.092937 0.003900
313200 -44557.04494039 6064.74616248 0.360396 5.9819 0.867652 0.092937 0.003427
313300 -44578.16351343 6053.31533240 0.359717 5.9819 0.867652 0.092937 -0.005927
313400 -44519.86589812 6036.39224116 0.358711 5.9819 0.867652 0.092937 0.023073
313500 -44631.02646122 6088.00733639 0.361778 5.9809 0.866120 0.093271 -0.029579
313600 -44637.53020598 6061.18150291 0.360184 5.9809 0.866120 0.093271 -0.017729
313700 -44623.04008827 6093.04716130 0.362078 5.9809 0.866120 0.093271 -0.012824
313800 -44607.27197827 5978.01903894 0.355242 5.9809 0.866120 0.093271 -0.008526
313900 -44661.17027840 6025.26451338 0.358050 5.9809 0.866120 0.093271 -0.027066
314000 -44680.44186002 6087.37481718 0.361741 5.9837 0.867697 0.092147 -0.015114
314100 -44668.05821953 5993.79668343 0.356180 5.9837 0.867697 0.092147 -0.019339
314200 -44625.51431487 6037.85945801 0.358798 5.9837 0.867697 0.092147 0.014255
314300 -44600.15518542 6114.57431128 0.363357 5.9837 0.867697 0.092147 0.019155
314400 -44620.82019890 6051.29668528 0.359597 5.9837 0.867697 0.092147 0.000204
314500 -44657.59539030 6024.14482451 0.357983 5.9815 0.868104 0.092593 -0.012676
314600 -44674.30895943 5983.06709916 0.355542 5.9815 0.868104 0.092593 -0.006554
314700 -44674.04458502 6069.73618423 0.360693 5.9815 0.868104 0.092593 -0.009698
314800 -44647.76810993 6066.95399356 0.360527 5.9815 0.868104 0.092593 -0.008717
314900 -44637.39759766 6090.87312891 0.361949 5.9815 0.868104 0.092593 0.007655
315000 -44533.33319459 6054.73414839 0.359801 5.9798 0.866668 0.093998 0.046672
315100 -44605.14517240 6100.42008192 0.362516 5.9798 0.866668 0.093998 0.001486
315200 -44587.88116987 6078.24719846 0.361198 5.9798 0.866668 0.093998 0.018361
315300 -44505.54049058 6021.17783067 0.357807 5.9798 0.866668 0.093998 0.039730
315400 -44569.12177567 6102.51258537 0.362640 5.9798 0.866668 0.093998 -0.000572
315500 -44525.93386859 6088.14290145 0.361786 5.9816 0.866049 0.093117 0.015888
315600 -44559.56559538 6064.20112129 0.360364 5.9816 0.866049 0.093117 -0.003033
315700 -44617.19364476 6065.41488374 0.360436 5.9816 0.866049 0.093117 -0.025976
315800 -44587.00237129 6076.57353971 0.361099 5.9816 0.866049 0.093117 0.000481
315900 -44540.16159899 6092.62526292 0.362053 5.9816 0.866049 0.093117 0.018485
316000 -44614.57809523 6059.56009688 0.360088 5.9793 0.865336 0.092847 -0.004306
316100 -44539.49532945 6028.26760162 0.358228 5.9793 0.865336 0.092847 0.024703
316200 -44590.81690928 6108.20583732 0.362979 5.9793 0.865336 0.092847 -0.001932
316300 -44566.91523217 5985.13351301 0.355665 5.9793 0.865336 0.092847 0.007718
316400 -44590.80475245 6063.76455699 0.360338 5.9793 0.865336 0.092847 0.004809
316500 -44617.08439823 6078.54691764 0.361216 5.9823 0.867901 0.092684 -0.011729
316600 -44639.69555794 6137.82229008 0.364739 5.9823 0.867901 0.092684 -0.017075
316700 -44621.53947814 6134.91382482 0.364566 5.9823 0.867901 0.092684 -0.012745
316800 -44631.58726996 6083.56270566 0.361514 5.9823 0.867901 0.092684 -0.019748
316900 -44670.42651825 6104.44843492 0.362755 5.9823 0.867901 0.092684 -0.039563
317000 -44665.59273695 6088.60025352 0.361814 5.9828 0.867124 0.092157 -0.027303
317100 -44633.55582840 6077.48096352 0.361153 5.9828 0.867124 0.092157 -0.009458
317200 -44574.91492056 6096.65628091 0.362292 5.9828 0.867124 0.092157 0.024451
317300 -44588.90463417 6076.81353097 0.361113 5.9828 0.867124 0.092157 0.009029
317400 -44556.89421992 6073.85206454 0.360937 5.9828 0.867124 0.092157 0.018098
317500 -44597.91440220 6057.05832619 0.359939 5.9817 0.866156 0.093393 -0.009501
317600 -44607.23933915 6088.89723552 0.361831 5.9817 0.866156 0.093393 -0.010052
317700 -44626.49190806 6002.65637227 0.356706 5.9817 0.866156 0.093393 -0.016721
317800 -44661.13218102 5999.49167593 0.356518 5.9817 0.866156 0.093393 -0.026566
317900 -44675.86378694 6016.07686066 0.357504 5.9817 0.866156 0.093393 -0.019439
318000 -44673.72197667 5951.26236155 0.353652 5.9805 0.866477 0.093591 -0.020313
318100 -44683.74192953 5956.89835522 0.353987 5.9805 0.866477 0.093591 -0.007829
318200 -44725.96357065 6062.48522958 0.360262 5.9805 0.866477 0.093591 -0.021114
318300 -44633.27358381 6041.79558512 0.359032 5.9805 0.866477 0.093591 0.018737
318400 -44641.95182156 6069.75680827 0.360694 5.9805 0.866477 0.093591 0.012629
318500 -44715.84821789 6019.24555363 0.357692 5.9805 0.870294 0.092092 -0.017182
318600 -44713.28795203 6025.42757583 0.358060 5.9805 0.870294 0.092092 -0.020973
318700 -44690.77307620 6007.77011956 0.357010 5.9805 0.870294 0.092092 -0.009717
318800 -44606.77245937 5989.83613385 0.355945 5.9805 0.870294 0.092092 0.037941
318900 -44697.08646004 6046.43688760 0.359308 5.9805 0.870294 0.092092 -0.012897
319000 -44746.50637921 6078.88670589 0.361236 5.9834 0.872346 0.091282 -0.033134
319100 -44683.90340860 6036.69741535 0.358729 5.9834 0.872346 0.091282 -0.001113
319200 -44674.93587435 6006.48353394 0.356934 5.9834 0.872346 0.091282 -0.003132
319300 -44717.95114377 6065.81014985 0.360459 5.9834 0.872346 0.091282 -0.014304
319400 -44697.22235278 6073.65399362 0.360925 5.9834 0.872346 0.091282 -0.018847
319500 -44710.29870875 6094.53250206 0.362166 5.9828 0.868669 0.091725 -0.015084
319600 -44691.12332576 6086.55488379 0.361692 5.9828 0.868669 0.091725 -0.013588
319700 -44661.23771637 6011.50462333 0.357232 5.9828 0.868669 0.091725 0.004464
319800 -44713.13242585 6043.03839407 0.359106 5.9828 0.868669 0.091725 -0.018384
319900 -44707.65279176 6079.61913432 0.361280 5.9828 0.868669 0.091725 -0.011909
320000 -44678.33639245 6072.25384566 0.360842 5.9818 0.869410 0.092444 0.003811
320100 -44637.20322696 6028.05519644 0.358216 5.9818 0.869410 0.092444 0.017518
320200 -44702.66604306 6052.93388467 0.359694 5.9818 0.869410 0.092444 -0.017758
320300 -44624.44355701 6009.36964571 0.357105 5.9818 0.869410 0.092444 0.022467
320400 -44691.75826961 6036.29342938 0.358705 5.9818 0.869410 0.092444 -0.004523
320500 -44672.99926176 6012.06862347 0.357266 5.9817 0.868316 0.092299 -0.000397
320600 -44700.59765168 6030.60759782 0.358367 5.9817 0.868316 0.092299 -0.014619
320700 -44702.80048252 6027.11427425 0.358160 5.9817 0.868316 0.092299 -0.005215
320800 -44787.61444206 6101.42567954 0.362576 5.9817 0.868316 0.092299 -0.044769
320900 -44713.98772366 6054.77624030 0.359804 5.9817 0.868316 0.092299 0.002764
321000 -44697.19926845 6097.19744103 0.362325 5.9813 0.867143 0.092277 0.005783
321100 -44618.66924761 6010.83264929 0.357192 5.9813 0.867143 0.092277 0.029073
321200 -44694.75395542 6052.71574748 0.359681 5.9813 0.867143 0.092277 -0.013688
321300 -44731.27889194 6006.17274651 0.356915 5.9813 0.867143 0.092277 -0.027253
321400 -44722.22019024 6019.39901472 0.357701 5.9813 0.867143 0.092277 -0.014814
321500 -44679.42237358 5986.67093437 0.355757 5.9812 0.866235 0.093190 -0.001053
321600 -44734.34205784 6051.38703915 0.359602 5.9812 0.866235 0.093190 -0.018122
321700 -44678.11452044 5962.27634030 0.354307 5.9812 0.866235 0.093190 0.012298
321800 -44670.53111283 5999.62859331 0.356527 5.9812 0.866235 0.093190 0.012834
321900 -44598.15780685 6022.53378435 0.357888 5.9812 0.866235 0.093190 0.038558
322000 -44651.20903494 6142.48722324 0.365016 5.9806 0.867109 0.092750 0.015975
322100 -44626.40075477 6093.53015073 0.362107 5.9806 0.867109 0.092750 0.016463
322200 -44617.88192191 6019.16293788 0.357687 5.9806 0.867109 0.092750 0.016303
322300 -44602.28223984 5998.81330021 0.356478 5.9806 0.867109 0.092750 0.022580
322400 -44617.21217637 6042.27709677 0.359061 5.9806 0.867109 0.092750 0.013283
322500 -44625.07891412 6067.98645707 0.360589 5.9796 0.865837 0.093049 0.015662
322600 -44666.53857376 6037.18800431 0.358758 5.9796 0.865837 0.093049 -0.020183
322700 -44602.60698829 5988.53850716 0.355868 5.9796 0.865837 0.093049 0.003007
322800 -44657.22935212 6031.84847506 0.358441 5.9796 0.865837 0.093049 -0.013310
322900 -44709.51086073 6130.20699267 0.364286 5.9796 0.865837 0.093049 -0.019474
323000 -44605.45425028 6073.69146619 0.360928 5.9781 0.868056 0.092941 0.027221
323100 -44578.29732946 6100.44522881 0.362518 5.9781 0.868056 0.092941 0.018736
323200 -44615.48233159 6025.87812469 0.358086 5.9781 0.868056 0.092941 -0.004864
323300 -44650.11729596 6088.45150363 0.361805 5.9781 0.868056 0.092941 -0.012137
323400 -44587.28965453 6056.01786462 0.359877 5.9781 0.868056 0.092941 0.024235
323500 -44647.48769022 6131.06015213 0.364337 5.9790 0.868704 0.093105 -0.012303
323600 -44607.81195141 6023.63055602 0.357953 5.9790 0.868704 0.093105 0.004039
323700 -44603.74404765 6047.49665494 0.359371 5.9790 0.868704 0.093105 0.007989
323800 -44528.08287659 6065.59867327 0.360447 5.9790 0.868704 0.093105 0.027013
323900 -44500.25142760 6142.30808206 0.365005 5.9790 0.868704 0.093105 0.029246
324000 -44498.39185724 6096.60534170 0.362289 5.9777 0.865431 0.094044 0.031374
324100 -44490.99467955 6085.03555760 0.361602 5.9777 0.865431 0.094044 0.026380
324200 -44587.08458741 6088.27169308 0.361794 5.9777 0.865431 0.094044 -0.022659
324300 -44527.72813768 6035.75502660 0.358673 5.9777 0.865431 0.094044 0.002820
324400 -44527.22015398 6123.61657480 0.363894 5.9777 0.865431 0.094044 0.005221
324500 -44536.22057579 6085.91751062 0.361654 5.9791 0.866353 0.094142 -0.005098
324600 -44530.28722155 6050.54139195 0.359552 5.9791 0.866353 0.094142 -0.002583
324700 -44601.23775520 6118.77291318 0.363607 5.9791 0.866353 0.094142 -0.023255
324800 -44561.65300310 6127.10095065 0.364102 5.9791 0.866353 0.094142 -0.004131
324900 -44487.85429298 6091.84700354 0.362007 5.9791 0.866353 0.094142 0.020975
325000 -44477.89657359 6024.88064715 0.358027 5.9779 0.863343 0.094813 0.021233
325100 -44525.08187169 6001.04581742 0.356611 5.9779 0.863343 0.094813 -0.004035
325200 -44612.31957146 6076.03003535 0.361067 5.9779 0.863343 0.094813 -0.039583
325300 -44531.66806570 6037.95357998 0.358804 5.9779 0.863343 0.094813 0.015321
325400 -44562.43808371 6116.72292933 0.363485 5.9779 0.863343 0.094813 -0.004643
325500 -44694.73003077 6038.53486882 0.358839 5.9809 0.870471 0.091501 -0.059253
325600 -44654.33035296 6016.28279152 0.357516 5.9809 0.870471 0.091501 -0.016326
325700 -44622.45847587 6089.90241787 0.361891 5.9809 0.870471 0.091501 0.003914
325800 -44609.20751023 6091.41096655 0.361981 5.9809 0.870471 0.091501 0.004164
325900 -44606.96229628 6116.07939970 0.363447 5.9809 0.870471 0.091501 0.003492
326000 -44633.52967266 6019.41800794 0.357703 5.9794 0.867026 0.092851 -0.022314
326100 -44660.47756921 6058.68857970 0.360036 5.9794 0.867026 0.092851 -0.022655
326200 -44656.50534114 5999.90508205 0.356543 5.9794 0.867026 0.092851 -0.018974
326300 -44640.38441220 5991.78413128 0.356060 5.9794 0.867026 0.092851 -0.000685
326400 -44716.06883819 6018.37811477 0.357641 5.9794 0.867026 0.092851 -0.023056
326500 -44668.92757749 5972.06484561 0.354889 5.9785 0.869341 0.092941 -0.006866
326600 -44653.72793569 5976.27599549 0.355139 5.9785 0.869341 0.092941 0.004336
326700 -44703.35003458 6049.19091180 0.359472 5.9785 0.869341 0.092941 -0.018172
326800 -44708.64393054 5973.40279355 0.354968 5.9785 0.869341 0.092941 -0.024164
326900 -44758.38302640 6039.92432266 0.358921 5.9785 0.869341 0.092941 -0.034064
327000 -44702.70252946 5945.56222599 0.353314 5.9798 0.871736 0.092302 -0.007375
327100 -44697.83648693 6020.60464244 0.357773 5.9798 0.871736 0.092302 -0.004701
327200 -44603.76570079 6034.16930880 0.358579 5.9798 0.871736 0.092302 0.037766
327300 -44646.44554506 6038.68262122 0.358847 5.9798 0.871736 0.092302 0.010533
327400 -44618.31947606 5970.86603095 0.354817 5.9798 0.871736 0.092302 0.024566
327500 -44635.90952347 6064.45817856 0.360379 5.9797 0.870116 0.092191 0.009642
327600 -44612.10207286 6101.36363524 0.362572 5.9797 0.870116 0.092191 0.008048
327700 -44620.95219507 6171.45227290 0.366737 5.9797 0.870116 0.092191 0.005061
327800 -44587.05578601 6082.17682836 0.361432 5.9797 0.870116 0.092191 0.003589
327900 -44560.21816169 6059.82493892 0.360104 5.9797 0.870116 0.092191 0.019844
328000 -44639.33976412 6082.18428276 0.361432 5.9803 0.867933 0.092443 -0.027383
328100 -44611.28552457 6081.27156370 0.361378 5.9803 0.867933 0.092443 0.005120
328200 -44609.97493571 6027.03379251 0.358155 5.9803 0.867933 0.092443 -0.014885
328300 -44602.32353201 5988.51250809 0.355866 5.9803 0.867933 0.092443 -0.003068
328400 -44649.31457561 5988.63950339 0.355874 5.9803 0.867933 0.092443 -0.015032
328500 -44637.58247545 6009.01212933 0.357084 5.9781 0.868051 0.093592 -0.002170
328600 -44675.53670828 6039.53041131 0.358898 5.9781 0.868051 0.093592 -0.019786
328700 -44626.92985816 6045.80975797 0.359271 5.9781 0.868051 0.093592 0.001336
328800 -44655.99823135 6112.65715588 0.363243 5.9781 0.868051 0.093592 -0.014354
328900 -44681.33821247 6028.13575606 0.358221 5.9781 0.868051 0.093592 -0.021841
329000 -44627.63556597 6063.49405113 0.360322 5.9791 0.867280 0.092999 0.013424
329100 -44675.07255261 6101.38558105 0.362573 5.9791 0.867280 0.092999 -0.015602
329200 -44684.60878307 6156.24286132 0.365833 5.9791 0.867280 0.092999 -0.015367
329300 -44618.31904491 6022.95667678 0.357913 5.9791 0.867280 0.092999 0.012428
329400 -44600.37733225 6021.41480932 0.357821 5.9791 0.867280 0.092999 0.010206
329500 -44608.36817874 6018.82293845 0.357667 5.9779 0.866916 0.093478 0.005495
329600 -44617.94218641 6022.93310626 0.357911 5.9779 0.866916 0.093478 0.013098
329700 -44624.28101687 5995.68942874 0.356292 5.9779 0.866916 0.093478 -0.000523
329800 -44565.85174080 6006.83366733 0.356955 5.9779 0.866916 0.093478 0.034285
329900 -44580.36371865 6016.93296428 0.357555 5.9779 0.866916 0.093478 0.021206
330000 -44597.02778694 6087.39998234 0.361742 5.9766 0.866932 0.093301 0.012960
330100 -44663.23652897 6040.42524588 0.358951 5.9766 0.866932 0.093301 -0.022976
330200 -44596.00845133 6041.67970275 0.359025 5.9766 0.866932 0.093301 0.012860
330300 -44622.91493174 6005.89528783 0.356899 5.9766 0.866932 0.093301 0.001967
330400 -44688.09209097 6103.74429764 0.362714 5.9766 0.866932 0.093301 -0.030648
330500 -44560.89584342 6029.60408083 0.358308 5.9798 0.866851 0.093084 0.022342
330600 -44669.50178425 6068.97472651 0.360647 5.9798 0.866851 0.093084 -0.023520
330700 -44571.23311131 6066.34327947 0.360491 5.9798 0.866851 0.093084 0.023080
330800 -44618.57720324 6058.26985022 0.360011 5.9798 0.866851 0.093084 -0.005498
330900 -44630.14265604 6066.36764832 0.360492 5.9798 0.866851 0.093084 -0.008439
331000 -44650.62541535 5987.22061659 0.355789 5.9794 0.867991 0.092074 -0.018312
331100 -44623.49605746 5970.69663866 0.354807 5.9794 0.867991 0.092074 -0.004793
331200 -44769.33311387 6030.74972964 0.358376 5.9794 0.867991 0.092074 -0.058791
331300 -44698.69203223 6049.77261956 0.359506 5.9794 0.867991 0.092074 -0.016963
331400 -44571.90149887 6068.10316308 0.360596 5.9794 0.867991 0.092074 0.036946
331500 -44701.03186388 6073.16084306 0.360896 5.9802 0.869628 0.091952 -0.030909
331600 -44622.28937817 6100.19302291 0.362503 5.9802 0.869628 0.091952 0.011239
331700 -44607.47405389 6110.69039397 0.363126 5.9802 0.869628 0.091952 0.009007
331800 -44604.76326317 6090.49645277 0.361926 5.9802 0.869628 0.091952 0.012197
331900 -44527.18623665 6038.47727822 0.358835 5.9802 0.869628 0.091952 0.030321
332000 -44589.65595796 6051.99727529 0.359639 5.9828 0.867613 0.092722 0.001821
332100 -44534.85898428 6096.10375423 0.362260 5.9828 0.867613 0.092722 0.031601
332200 -44584.38003730 6127.03571776 0.364098 5.9828 0.867613 0.092722 -0.000481
332300 -44521.87360343 6026.76517558 0.358139 5.9828 0.867613 0.092722 0.022673
332400 -44605.40275695 6107.78470011 0.362954 5.9828 0.867613 0.092722 -0.011619
332500 -44612.25684966 6035.96022709 0.358686 5.9793 0.868548 0.092616 -0.009222
332600 -44650.32378759 6040.40327769 0.358950 5.9793 0.868548 0.092616 -0.029078
332700 -44595.14758511 6063.70727430 0.360334 5.9793 0.868548 0.092616 0.006599
332800 -44638.18926415 6057.42462117 0.359961 5.9793 0.868548 0.092616 -0.005287
332900 -44597.01696137 6027.67076727 0.358193 5.9793 0.868548 0.092616 0.000255
333000 -44597.46464603 6130.14971309 0.364283 5.9826 0.866221 0.092973 0.009129
333100 -44609.54783472 6078.78295994 0.361230 5.9826 0.866221 0.092973 0.006889
333200 -44540.98211919 6052.46984590 0.359667 5.9826 0.866221 0.092973 0.026775
333300 -44546.29961483 6058.30346156 0.360013 5.9826 0.866221 0.092973 0.025328
333400 -44568.87544994 6074.53622432 0.360978 5.9826 0.866221 0.092973 0.004144
333500 -44609.51083066 6124.94309812 0.363973 5.9829 0.868562 0.092327 -0.016388
333600 -44584.48821635 6113.98345886 0.363322 5.9829 0.868562 0.092327 -0.007268
333700 -44586.73368776 6077.23067586 0.361138 5.9829 0.868562 0.092327 -0.007335
333800 -44571.67195739 6064.89253146 0.360405 5.9829 0.868562 0.092327 -0.002812
333900 -44594.81429976 6047.03399052 0.359344 5.9829 0.868562 0.092327 -0.007981
334000 -44638.95975794 6134.68865307 0.364552 5.9816 0.869592 0.092130 -0.018309
334100 -44555.77859738 6001.66215002 0.356647 5.9816 0.869592 0.092130 0.017688
334200 -44537.47470195 6022.63188720 0.357894 5.9816 0.869592 0.092130 0.028294
334300 -44609.70033692 6065.00780347 0.360412 5.9816 0.869592 0.092130 -0.004272
334400 -44622.87506085 6039.85575584 0.358917 5.9816 0.869592 0.092130 -0.018926
334500 -44691.11604185 6067.39214684 0.360553 5.9834 0.869184 0.092307 -0.038699
334600 -44678.28392862 6002.16578768 0.356677 5.9834 0.869184 0.092307 -0.027405
334700 -44656.18031065 5961.98246591 0.354289 5.9834 0.869184 0.092307 -0.005420
334800 -44710.93723350 5931.15415522 0.352457 5.9834 0.869184 0.092307 -0.027840
334900 -44778.52191678 6015.16864388 0.357450 5.9834 0.869184 0.092307 -0.041305
335000 -44740.89160553 5975.33586842 0.355083 5.9829 0.868739 0.091744 -0.016681
335100 -44651.96751379 5956.24056711 0.353948 5.9829 0.868739 0.091744 0.028448
335200 -44707.55535828 6015.43683035 0.357466 5.9829 0.868739 0.091744 -0.001220
335300 -44673.22551298 6036.94401808 0.358744 5.9829 0.868739 0.091744 0.014142
335400 -44679.75136085 6037.22806183 0.358761 5.9829 0.868739 0.091744 0.023641
335500 -44693.47579784 6065.08950367 0.360417 5.9803 0.869335 0.092511 0.009816
335600 -44715.90299739 6010.54853641 0.357175 5.9803 0.869335 0.092511 0.004313
335700 -44760.73402330 6013.94955508 0.357378 5.9803 0.869335 0.092511 -0.023326
335800 -44748.94708276 5996.51937065 0.356342 5.9803 0.869335 0.092511 -0.012201
335900 -44760.01500993 6042.52267347 0.359076 5.9803 0.869335 0.092511 -0.010156
336000 -44737.91981133 6035.67163446 0.358668 5.9822 0.869204 0.091961 0.002463
336100 -44732.32087842 6060.59224640 0.360149 5.9822 0.869204 0.091961 0.006096
336200 -44753.58460927 6069.11592804 0.360656 5.9822 0.869204 0.091961 -0.019421
336300 -44732.77996762 6050.92007385 0.359575 5.9822 0.869204 0.091961 -0.008902
336400 -44761.85463585 6069.51949903 0.360680 5.9822 0.869204 0.091961 -0.024330
336500 -44725.90586447 6014.93445551 0.357436 5.9797 0.871560 0.092435 -0.002328
336600 -44772.83434301 6039.63614605 0.358904 5.9797 0.871560 0.092435 -0.030655
336700 -44764.58748116 6008.60860789 0.357060 5.9797 0.871560 0.092435 -0.025059
336800 -44713.88088205 6052.64760968 0.359677 5.9797 0.871560 0.092435 0.007012
336900 -44764.33561749 6068.75158813 0.360634 5.9797 0.871560 0.092435 -0.012641
337000 -44743.98019526 6011.37759270 0.357225 5.9830 0.870957 0.091688 -0.010459
337100 -44663.35577951 6044.99491090 0.359222 5.9830 0.870957 0.091688 0.025710
337200 -44722.02388271 6015.95712447 0.357497 5.9830 0.870957 0.091688 -0.003420
337300 -44721.81006205 5947.18490525 0.353410 5.9830 0.870957 0.091688 -0.004673
337400 -44678.00896556 5995.18113579 0.356262 5.9830 0.870957 0.091688 0.021666
337500 -44660.84370548 6012.58951615 0.357297 5.9809 0.868739 0.092399 0.018695
337600 -44637.09292661 5960.04395615 0.354174 5.9809 0.868739 0.092399 0.029125
337700 -44755.17401360 5988.05371006 0.355839 5.9809 0.868739 0.092399 -0.021545
337800 -44727.80079536 6018.33656930 0.357638 5.9809 0.868739 0.092399 -0.000516
337900 -44676.42174364 5982.45086902 0.355506 5.9809 0.868739 0.092399 0.006414
338000 -44729.71062115 6091.69959735 0.361998 5.9826 0.870767 0.092198 -0.009343
338100 -44607.63457386 6004.41456579 0.356811 5.9826 0.870767 0.092198 0.041443
338200 -44607.88160401 6039.00320081 0.358866 5.9826 0.870767 0.092198 0.038089
338300 -44652.95812546 6029.24839704 0.358287 5.9826 0.870767 0.092198 0.005681
338400 -44665.33056778 6048.38093060 0.359424 5.9826 0.870767 0.092198 0.003189
338500 -44658.85895924 6090.71625246 0.361939 5.9802 0.867480 0.092711 0.008180
338600 -44578.04016009 6084.63805751 0.361578 5.9802 0.867480 0.092711 0.034351
338700 -44587.80049538 6112.60118580 0.363240 5.9802 0.867480 0.092711 0.027078
338800 -44614.80909375 6105.85873879 0.362839 5.9802 0.867480 0.092711 0.015386
338900 -44624.01336524 6196.78719985 0.368243 5.9802 0.867480 0.092711 0.001625
339000 -44612.22605899 6099.58801538 0.362467 5.9803 0.864315 0.093911 -0.004377
339100 -44542.31199334 6131.07440028 0.364338 5.9803 0.864315 0.093911 0.027259
339200 -44584.75850436 6134.18224667 0.364522 5.9803 0.864315 0.093911 -0.004264
339300 -44576.82147743 6088.38342068 0.361801 5.9803 0.864315 0.093911 -0.002920
339400 -44592.50714692 6040.96250813 0.358983 5.9803 0.864315 0.093911 -0.005023
339500 -44519.39075140 6028.85808060 0.358263 5.9767 0.865938 0.094857 0.025482
339600 -44579.04662227 6066.03927022 0.360473 5.9767 0.865938 0.094857 0.001920
339700 -44646.97065394 6167.29545440 0.366490 5.9767 0.865938 0.094857 -0.033822
339800 -44529.32829029 6058.36085505 0.360017 5.9767 0.865938 0.094857 0.014013
339900 -44544.14205909 6125.81129283 0.364025 5.9767 0.865938 0.094857 0.006213
340000 -44573.27378251 6046.51148293 0.359313 5.9823 0.866596 0.092957 -0.004506
340100 -44497.47749964 5963.26462619 0.354366 5.9823 0.866596 0.092957 0.033875
340200 -44581.27259532 6042.79013128 0.359091 5.9823 0.866596 0.092957 -0.003101
340300 -44568.89573687 6005.02809084 0.356847 5.9823 0.866596 0.092957 0.000564
340400 -44555.26235992 6017.23010230 0.357573 5.9823 0.866596 0.092957 0.002389
340500 -44681.92322966 6095.98347935 0.362252 5.9805 0.867698 0.092600 -0.033593
340600 -44671.20874637 6095.74378654 0.362238 5.9805 0.867698 0.092600 -0.034543
340700 -44570.00855791 6039.08573260 0.358871 5.9805 0.867698 0.092600 0.014949
340800 -44586.43151841 6058.17826934 0.360006 5.9805 0.867698 0.092600 -0.002684
340900 -44579.52494052 6083.65221318 0.361520 5.9805 0.867698 0.092600 0.002506
341000 -44615.84313379 6045.87886598 0.359275 5.9798 0.865940 0.092898 -0.008659
341100 -44570.85311079 6056.19541942 0.359888 5.9798 0.865940 0.092898 0.017661
341200 -44613.21984616 6052.10726634 0.359645 5.9798 0.865940 0.092898 0.001005
341300 -44567.71798805 5976.56362754 0.355156 5.9798 0.865940 0.092898 0.015007
341400 -44606.86312653 6036.74659166 0.358732 5.9798 0.865940 0.092898 -0.002282
341500 -44587.75917850 6134.65502929 0.364550 5.9786 0.865807 0.093153 0.016586
341600 -44586.39660870 6038.68958941 0.358848 5.9786 0.865807 0.093153 -0.001707
341700 -44648.74222390 6095.97388925 0.362252 5.9786 0.865807 0.093153 -0.022529
341800 -44596.03309044 6105.60345722 0.362824 5.9786 0.865807 0.093153 0.001268
341900 -44492.25801027 6060.36137660 0.360136 5.9786 0.865807 0.093153 0.049329
342000 -44566.92002976 6096.98962552 0.362312 5.9811 0.865032 0.093273 0.010259
342100 -44584.65729494 6036.13773834 0.358696 5.9811 0.865032 0.093273 -0.002928
342200 -44599.86862038 5992.62922015 0.356111 5.9811 0.865032 0.093273 -0.011305
342300 -44581.30027023 6061.96637647 0.360231 5.9811 0.865032 0.093273 0.003761
342400 -44683.94732578 6050.49280724 0.359549 5.9811 0.865032 0.093273 -0.047105
342500 -44698.43567639 6083.72428123 0.361524 5.9831 0.870332 0.091557 -0.041617
342600 -44610.70433492 6069.54309671 0.360681 5.9831 0.870332 0.091557 0.006966
342700 -44694.16657820 6103.49646835 0.362699 5.9831 0.870332 0.091557 -0.028529
342800 -44639.78921658 6073.90070439 0.360940 5.9831 0.870332 0.091557 -0.014381
342900 -44597.37864244 6023.39786249 0.357939 5.9831 0.870332 0.091557 0.010445
343000 -44562.26306171 6050.53251907 0.359551 5.9821 0.865891 0.093260 0.019020
343100 -44578.97341395 6143.53624737 0.365078 5.9821 0.865891 0.093260 0.019355
343200 -44609.28386194 6108.73415534 0.363010 5.9821 0.865891 0.093260 -0.003496
343300 -44649.59982992 6167.80539423 0.366520 5.9821 0.865891 0.093260 -0.017493
343400 -44598.61368265 6060.54935971 0.360147 5.9821 0.865891 0.093260 -0.007022
343500 -44598.09229753 6014.38993505 0.357404 5.9817 0.867124 0.092763 -0.006811
343600 -44558.80760594 5991.80716782 0.356062 5.9817 0.867124 0.092763 0.013518
343700 -44633.55125076 6075.78065668 0.361052 5.9817 0.867124 0.092763 -0.016015
343800 -44697.46668100 6052.62496020 0.359676 5.9817 0.867124 0.092763 -0.028753
343900 -44646.73912568 6037.53049405 0.358779 5.9817 0.867124 0.092763 0.000051
344000 -44656.84594926 6030.59924672 0.358367 5.9811 0.867985 0.092645 -0.002212
344100 -44692.47967430 6017.67547720 0.357599 5.9811 0.867985 0.092645 -0.017204
344200 -44654.74079746 6107.74788308 0.362952 5.9811 0.867985 0.092645 0.009144
344300 -44694.54545206 6043.60984576 0.359140 5.9811 0.867985 0.092645 -0.015535
344400 -44677.09901928 6092.79206071 0.362063 5.9811 0.867985 0.092645 0.001565
344500 -44646.10416689 6061.11429719 0.360180 5.9810 0.867866 0.093280 0.013389
344600 -44665.61117800 6087.10276005 0.361725 5.9810 0.867866 0.093280 0.001187
344700 -44654.86985050 6069.80046823 0.360696 5.9810 0.867866 0.093280 0.006585
344800 -44600.72237427 6034.46284688 0.358597 5.9810 0.867866 0.093280 0.022728
344900 -44659.93163238 5990.39365969 0.355978 5.9810 0.867866 0.093280 -0.004257
345000 -44681.56240250 6010.85557631 0.357194 5.9837 0.869356 0.092513 -0.010430
345100 -44701.99047102 5988.71758420 0.355878 5.9837 0.869356 0.092513 -0.015624
345200 -44767.30978987 6077.96966406 0.361182 5.9837 0.869356 0.092513 -0.032193
345300 -44659.40364800 6022.89169282 0.357909 5.9837 0.869356 0.092513 0.013465
345400 -44694.31099928 6074.88124815 0.360998 5.9837 0.869356 0.092513 -0.003126
345500 -44693.51677670 6074.18737368 0.360957 5.9830 0.867134 0.092679 -0.007324
345600 -44695.10721078 6023.48581083 0.357944 5.9830 0.867134 0.092679 -0.021774
345700 -44722.04348175 6046.21322362 0.359295 5.9830 0.867134 0.092679 -0.014560
345800 -44716.68231676 6021.46963362 0.357824 5.9830 0.867134 0.092679 -0.017113
345900 -44705.96017941 6123.46854996 0.363886 5.9830 0.867134 0.092679 0.002005
346000 -44636.95643256 6027.02783456 0.358155 5.9824 0.866613 0.092789 0.025113
346100 -44663.25441808 6045.95020713 0.359279 5.9824 0.866613 0.092789 0.009986
346200 -44641.93616448 6084.15525148 0.361550 5.9824 0.866613 0.092789 0.012721
346300 -44650.08594345 6100.41563321 0.362516 5.9824 0.866613 0.092789 0.015808
346400 -44651.92191227 6095.98364329 0.362252 5.9824 0.866613 0.092789 0.002913
346500 -44674.24955321 6126.30301668 0.364054 5.9818 0.868932 0.092094 -0.008227
346600 -44638.20449004 6169.50367319 0.366621 5.9818 0.868932 0.092094 0.002572
346700 -44566.88792533 6053.78183883 0.359745 5.9818 0.868932 0.092094 0.029955
346800 -44565.92428273 6053.47071134 0.359726 5.9818 0.868932 0.092094 0.018919
346900 -44621.46465324 6081.31728237 0.361381 5.9818 0.868932 0.092094 -0.010060
347000 -44560.77472201 6119.32485442 0.363639 5.9822 0.868279 0.093099 0.010486
347100 -44548.51863892 6054.49675682 0.359787 5.9822 0.868279 0.093099 0.020340
347200 -44554.57834298 6048.55126551 0.359434 5.9822 0.868279 0.093099 0.014874
347300 -44542.25599715 6015.42058204 0.357465 5.9822 0.868279 0.093099 0.016701
347400 -44611.46387974 6036.38443290 0.358711 5.9822 0.868279 0.093099 -0.007222
347500 -44633.04138685 5994.28144602 0.356209 5.9818 0.867289 0.091965 -0.011377
347600 -44667.62234403 6075.03369636 0.361007 5.9818 0.867289 0.091965 -0.013441
347700 -44626.62745750 6047.32740473 0.359361 5.9818 0.867289 0.091965 -0.008695
347800 -44682.92878569 6043.74364162 0.359148 5.9818 0.867289 0.091965 -0.032725
347900 -44611.98306408 5982.05220132 0.355482 5.9818 0.867289 0.091965 0.011560
348000 -44693.67044036 6071.34950438 0.360789 5.9810 0.868825 0.092897 -0.015870
348100 -44593.68393300 6032.19575466 0.358462 5.9810 0.868825 0.092897 0.023582
348200 -44631.28626546 6100.31097700 0.362510 5.9810 0.868825 0.092897 -0.002260
348300 -44634.19054517 6064.86873057 0.360403 5.9810 0.868825 0.092897 -0.005565
348400 -44577.21488647 6031.91838695 0.358445 5.9810 0.868825 0.092897 0.020721
348500 -44656.88219034 6077.42722784 0.361150 5.9813 0.869373 0.092752 -0.012901
348600 -44569.61941934 6092.97370681 0.362074 5.9813 0.869373 0.092752 0.023808
348700 -44630.70612663 6032.75481747 0.358495 5.9813 0.869373 0.092752 -0.015262
348800 -44604.78739984 6065.21079205 0.360424 5.9813 0.869373 0.092752 0.005181
348900 -44677.48201370 6071.95082389 0.360824 5.9813 0.869373 0.092752 -0.021060
349000 -44681.44478619 6058.46575115 0.360023 5.9811 0.868879 0.092697 -0.022539
349100 -44617.38457990 6049.42459278 0.359486 5.9811 0.868879 0.092697 -0.000145
349200 -44688.21846177 6073.87031818 0.360938 5.9811 0.868879 0.092697 -0.024757
349300 -44675.79540187 6023.02846535 0.357917 5.9811 0.868879 0.092697 -0.007784
349400 -44645.29398979 6049.99508763 0.359520 5.9811 0.868879 0.092697 0.005030
349500 -44642.77441148 6081.18189994 0.361373 5.9824 0.866226 0.093387 0.006899
349600 -44588.24402648 6158.64072365 0.365976 5.9824 0.866226 0.093387 0.026386
349700 -44578.47148043 6159.18114029 0.366008 5.9824 0.866226 0.093387 0.010617
349800 -44513.34518642 6126.02584729 0.364038 5.9824 0.866226 0.093387 0.025202
349900 -44552.97032876 6101.54152075 0.362583 5.9824 0.866226 0.093387 0.008597
350000 -44545.04711541 6085.99600338 0.361659 5.9845 0.863964 0.093744 0.009554
350100 -44618.94538354 6099.13544766 0.362440 5.9845 0.863964 0.093744 -0.021901
350200 -44531.12626695 6014.04640636 0.357383 5.9845 0.863964 0.093744 0.019969
350300 -44595.72513160 6067.17207555 0.360540 5.9845 0.863964 0.093744 -0.008421
350400 -44543.15455029 6054.10516574 0.359764 5.9845 0.863964 0.093744 0.016002
350500 -44619.69176592 6084.25038253 0.361555 5.9809 0.867979 0.092747 -0.018939
350600 -44593.57673840 6063.44404690 0.360319 5.9809 0.867979 0.092747 0.001996
350700 -44605.83278976 6068.27106155 0.360606 5.9809 0.867979 0.092747 -0.011670
350800 -44598.83584104 6069.23727035 0.360663 5.9809 0.867979 0.092747 0.001447
350900 -44570.27137583 6116.46209969 0.363469 5.9809 0.867979 0.092747 0.011344
351000 -44630.13905369 6056.00369592 0.359877 5.9805 0.865597 0.093712 -0.004002
351100 -44641.51987745 6084.99708469 0.361600 5.9805 0.865597 0.093712 -0.019134
351200 -44638.74428954 6126.93057149 0.364091 5.9805 0.865597 0.093712 -0.007314
351300 -44585.31256966 6035.14622507 0.358637 5.9805 0.865597 0.093712 0.015088
351400 -44627.62952695 6077.63640011 0.361162 5.9805 0.865597 0.093712 -0.009941
351500 -44678.43955750 6112.66564226 0.363244 5.9847 0.870065 0.091546 -0.029958
351600 -44725.13828201 6036.27514570 0.358704 5.9847 0.870065 0.091546 -0.042730
351700 -44754.03261115 6080.79906067 0.361350 5.9847 0.870065 0.091546 -0.039756
351800 -44633.79885899 6003.63626681 0.356765 5.9847 0.870065 0.091546 0.017461
351900 -44665.99788344 6062.90925092 0.360287 5.9847 0.870065 0.091546 -0.005725
352000 -44582.00694171 6052.04751737 0.359642 5.9830 0.866813 0.092678 0.032750
352100 -44703.73707150 6085.01910355 0.361601 5.9830 0.866813 0.092678 -0.025112
352200 -44671.77568918 6022.85722694 0.357907 5.9830 0.866813 0.092678 -0.003295
352300 -44658.05548829 6062.86573856 0.360284 5.9830 0.866813 0.092678 0.005369
352400 -44636.16839155 6013.92631895 0.357376 5.9830 0.866813 0.092678 0.013114
352500 -44635.84514450 6044.42128214 0.359188 5.9834 0.870372 0.091818 0.006344
352600 -44620.84699891 6079.59408634 0.361278 5.9834 0.870372 0.091818 0.021172
352700 -44646.55609159 6064.68925829 0.360393 5.9834 0.870372 0.091818 0.009481
352800 -44615.52311203 6051.37578261 0.359602 5.9834 0.870372 0.091818 0.013905
352900 -44630.57227845 6016.19251874 0.357511 5.9834 0.870372 0.091818 0.005377
353000 -44661.03900734 6050.57625460 0.359554 5.9832 0.870324 0.091573 -0.006695
353100 -44623.85543693 6090.95770619 0.361954 5.9832 0.870324 0.091573 0.014171
353200 -44606.42579967 6070.91171879 0.360763 5.9832 0.870324 0.091573 0.020068
353300 -44623.07572450 6061.68476368 0.360214 5.9832 0.870324 0.091573 0.006568
353400 -44599.92682836 6048.27445128 0.359417 5.9832 0.870324 0.091573 0.015304
353500 -44586.95912525 6035.54931209 0.358661 5.9800 0.866713 0.093303 0.008169
353600 -44602.48476576 6042.40424486 0.359068 5.9800 0.866713 0.093303 0.000443
353700 -44663.47185572 6055.83352869 0.359867 5.9800 0.866713 0.093303 -0.014393
353800 -44634.25838410 6131.68058512 0.364374 5.9800 0.866713 0.093303 -0.002703
353900 -44544.29797952 6082.82318777 0.361470 5.9800 0.866713 0.093303 0.026641
354000 -44666.57033499 6169.85236699 0.366642 5.9810 0.868224 0.093278 -0.023891
354100 -44581.52320178 6123.43255810 0.363884 5.9810 0.868224 0.093278 0.001399
354200 -44557.08142957 6094.31473185 0.362153 5.9810 0.868224 0.093278 0.014974
354300 -44552.74543086 6041.44915779 0.359012 5.9810 0.868224 0.093278 0.007418
354400 -44536.97944085 6092.98639650 0.362074 5.9810 0.868224 0.093278 0.017293
354500 -44628.69499448 6059.40768496 0.360079 5.9815 0.867556 0.092473 -0.019003
354600 -44598.84470445 6062.57266540 0.360267 5.9815 0.867556 0.092473 -0.005807
354700 -44567.08968279 6040.68444965 0.358966 5.9815 0.867556 0.092473 0.009527
354800 -44601.90293830 6044.37295882 0.359185 5.9815 0.867556 0.092473 -0.008169
354900 -44652.66947502 6012.79197023 0.357309 5.9815 0.867556 0.092473 -0.009828
355000 -44637.81747889 6067.08272947 0.360535 5.9798 0.867521 0.092601 -0.001973
355100 -44611.26301900 6122.01929095 0.363800 5.9798 0.867521 0.092601 0.010071
355200 -44548.13052127 6107.86208991 0.362958 5.9798 0.867521 0.092601 0.025839
355300 -44593.86423281 6095.65934648 0.362233 5.9798 0.867521 0.092601 -0.004178
355400 -44598.17054446 6088.24265729 0.361792 5.9798 0.867521 0.092601 -0.002778
355500 -44581.29068916 5977.49020904 0.355211 5.9818 0.867000 0.092413 0.001189
355600 -44653.49239840 6029.18608021 0.358283 5.9818 0.867000 0.092413 -0.025893
355700 -44643.75369390 5971.52918450 0.354857 5.9818 0.867000 0.092413 -0.008936
355800 -44618.67491748 6059.84022300 0.360105 5.9818 0.867000 0.092413 0.013139
355900 -44593.40589093 6046.95436131 0.359339 5.9818 0.867000 0.092413 0.020989
356000 -44546.33670650 6070.17282071 0.360719 5.9813 0.865797 0.093311 0.038616
356100 -44540.04222488 6146.93515506 0.365280 5.9813 0.865797 0.093311 0.033867
356200 -44595.86064489 6175.69558718 0.366989 5.9813 0.865797 0.093311 -0.010069
356300 -44552.58847417 6067.59972867 0.360566 5.9813 0.865797 0.093311 0.003491
356400 -44649.05930413 5946.85490032 0.353390 5.9813 0.865797 0.093311 -0.036926
356500 -44700.69057233 5988.42792882 0.355861 5.9810 0.869215 0.092566 -0.037936
356600 -44599.03129757 6024.25407266 0.357990 5.9810 0.869215 0.092566 0.004412
356700 -44638.95173459 6047.94412511 0.359398 5.9810 0.869215 0.092566 -0.004549
356800 -44661.21995765 6060.26730928 0.360130 5.9810 0.869215 0.092566 -0.013924
356900 -44603.02271449 6076.26738600 0.361081 5.9810 0.869215 0.092566 0.019553
357000 -44603.21548911 6104.47251607 0.362757 5.9829 0.866789 0.093152 0.009114
357100 -44583.47027406 6011.07605556 0.357207 5.9829 0.866789 0.093152 0.008947
357200 -44609.29195058 6121.90371909 0.363793 5.9829 0.866789 0.093152 0.003790
357300 -44545.51474765 6064.09017877 0.360357 5.9829 0.866789 0.093152 0.021518
357400 -44628.73216681 6138.36831609 0.364771 5.9829 0.866789 0.093152 -0.011479
357500 -44487.26448733 6032.37954576 0.358473 5.9810 0.863916 0.094144 0.039152
357600 -44602.51768555 6036.94152519 0.358744 5.9810 0.863916 0.094144 -0.015019
357700 -44591.63772671 5993.76946689 0.356178 5.9810 0.863916 0.094144 -0.000041
357800 -44632.74219521 6126.33495319 0.364056 5.9810 0.863916 0.094144 -0.009500
357900 -44631.17730541 6096.18350208 0.362264 5.9810 0.863916 0.094144 -0.007036
358000 -44640.50447503 6092.89656918 0.362069 5.9840 0.868970 0.092264 -0.013475
358100 -44617.00516209 6092.61136638 0.362052 5.9840 0.868970 0.092264 0.003158
358200 -44636.49952881 6096.75719721 0.362298 5.9840 0.868970 0.092264 -0.017258
358300 -44596.55903562 6077.22733226 0.361138 5.9840 0.868970 0.092264 0.009090
358400 -44583.67714774 6118.40647812 0.363585 5.9840 0.868970 0.092264 0.009421
358500 -44632.41284188 6091.01335046 0.361957 5.9810 0.866186 0.092899 -0.014231
358600 -44602.69636085 6058.38006696 0.360018 5.9810 0.866186 0.092899 -0.000929
358700 -44639.95660900 5980.52017775 0.355391 5.9810 0.866186 0.092899 -0.017599
358800 -44632.77415170 5996.29135777 0.356328 5.9810 0.866186 0.092899 -0.009651
358900 -44672.35956938 6000.58909995 0.356584 5.9810 0.866186 0.092899 -0.009553
359000 -44647.08951551 6009.21406422 0.357096 5.9821 0.865907 0.092748 0.001334
359100 -44671.90768283 6025.82084415 0.358083 5.9821 0.865907 0.092748 -0.003564
359200 -44737.36789772 6100.72012713 0.362534 5.9821 0.865907 0.092748 -0.035683
359300 -44682.74105673 6030.12776317 0.358339 5.9821 0.865907 0.092748 0.003087
359400 -44670.75218962 6048.70508863 0.359443 5.9821 0.865907 0.092748 0.003454
359500 -44698.27391504 6066.36203867 0.360492 5.9857 0.867659 0.091604 -0.013632
359600 -44697.28352530 6141.82648073 0.364977 5.9857 0.867659 0.091604 -0.008667
359700 -44620.27388414 5997.77278999 0.356416 5.9857 0.867659 0.091604 0.015842
359800 -44574.04221354 6017.55927852 0.357592 5.9857 0.867659 0.091604 0.041972
359900 -44660.67608340 6091.63472517 0.361994 5.9857 0.867659 0.091604 0.000802
360000 -44650.00222499 6086.17921523 0.361670 5.9850 0.868780 0.092271 0.007952
360100 -44640.53770600 6147.29147565 0.365301 5.9850 0.868780 0.092271 0.011536
360200 -44669.69718390 6166.97023647 0.366471 5.9850 0.868780 0.092271 -0.004334
360300 -44580.74207272 6056.95841187 0.359933 5.9850 0.868780 0.092271 0.020185
360400 -44582.73719648 6059.84688552 0.360105 5.9850 0.868780 0.092271 0.021327
360500 -44631.98688666 6108.34364227 0.362987 5.9838 0.868269 0.092480 -0.015704
360600 -44642.55186699 6122.74849922 0.363843 5.9838 0.868269 0.092480 -0.007281
360700 -44590.13424336 6051.45227966 0.359606 5.9838 0.868269 0.092480 0.004234
360800 -44597.86649009 6068.62206823 0.360626 5.9838 0.868269 0.092480 0.009736
360900 -44542.53227966 6057.77439522 0.359982 5.9838 0.868269 0.092480 0.022190
361000 -44575.65431403 6067.51020168 0.360560 5.9831 0.868125 0.093452 0.003082
361100 -44612.59123550 6087.28113309 0.361735 5.9831 0.868125 0.093452 -0.004136
361200 -44584.65025651 6083.39890749 0.361505 5.9831 0.868125 0.093452 0.003176
361300 -44540.66325878 6044.88243206 0.359216 5.9831 0.868125 0.093452 0.028786
361400 -44618.52029775 6140.61257790 0.364904 5.9831 0.868125 0.093452 -0.009590
361500 -44616.50453949 6057.74149144 0.359980 5.9830 0.867852 0.093569 -0.012933
361600 -44661.19358921 6061.10664525 0.360180 5.9830 0.867852 0.093569 -0.028622
361700 -44602.68894366 6029.90310357 0.358326 5.9830 0.867852 0.093569 0.003820
361800 -44606.02005735 6082.18988746 0.361433 5.9830 0.867852 0.093569 -0.000064
361900 -44624.05946053 6111.97856765 0.363203 5.9830 0.867852 0.093569 0.004505
362000 -44590.66796563 6065.65515461 0.360450 5.9837 0.867711 0.093082 0.011421
362100 -44646.61126472 6052.73523286 0.359682 5.9837 0.867711 0.093082 -0.024942
362200 -44615.21411493 6070.88060673 0.360761 5.9837 0.867711 0.093082 -0.003436
362300 -44574.28465350 6068.86930465 0.360641 5.9837 0.867711 0.093082 0.022669
362400 -44583.61854650 6093.21993214 0.362088 5.9837 0.867711 0.093082 0.005827
362500 -44704.88222974 6120.66425991 0.363719 5.9831 0.870925 0.092226 -0.037176
362600 -44624.34492216 6041.23557646 0.358999 5.9831 0.870925 0.092226 0.006450
362700 -44553.26364805 6073.27406540 0.360903 5.9831 0.870925 0.092226 0.033334
362800 -44640.95853201 6092.17777206 0.362026 5.9831 0.870925 0.092226 -0.004395
362900 -44585.96990580 6074.01972278 0.360947 5.9831 0.870925 0.092226 0.013692
363000 -44584.36046303 6088.10508519 0.361784 5.9812 0.868212 0.093084 0.011833
363100 -44598.34582135 6038.14396878 0.358815 5.9812 0.868212 0.093084 0.006131
363200 -44623.46558871 6027.68499330 0.358194 5.9812 0.868212 0.093084 -0.006242
363300 -44647.61678441 6017.10792730 0.357565 5.9812 0.868212 0.093084 -0.017654
363400 -44702.43500273 6034.86268009 0.358620 5.9812 0.868212 0.093084 -0.024308
363500 -44620.47969198 5996.08251459 0.356316 5.9817 0.865475 0.093653 0.009458
363600 -44686.10893570 5982.65948145 0.355518 5.9817 0.865475 0.093653 -0.015422
363700 -44552.12324013 5932.26220596 0.352523 5.9817 0.865475 0.093653 0.046082
363800 -44560.36007750 6036.42242520 0.358713 5.9817 0.865475 0.093653 0.031755
363900 -44638.35741085 6116.19987190 0.363454 5.9817 0.865475 0.093653 -0.002001
364000 -44680.44609201 6075.82437339 0.361054 5.9838 0.869318 0.092001 -0.025716
364100 -44672.77592590 6066.73717481 0.360514 5.9838 0.869318 0.092001 -0.013031
364200 -44675.77826332 6061.08453063 0.360179 5.9838 0.869318 0.092001 -0.002213
364300 -44621.90643032 5972.68149049 0.354925 5.9838 0.869318 0.092001 0.011903
364400 -44671.09236515 5996.92520540 0.356366 5.9838 0.869318 0.092001 -0.007895
364500 -44725.82427865 6046.52862571 0.359314 5.9831 0.869974 0.092370 -0.028481
364600 -44668.83315761 5974.32902895 0.355023 5.9831 0.869974 0.092370 0.004657
364700 -44719.70639802 6013.56591501 0.357355 5.9831 0.869974 0.092370 -0.015339
364800 -44649.37868735 6070.75705061 0.360753 5.9831 0.869974 0.092370 0.017900
364900 -44570.66258353 5969.07589452 0.354711 5.9831 0.869974 0.092370 0.052152
365000 -44688.47278979 6091.30789331 0.361975 5.9835 0.870225 0.091648 -0.007695
365100 -44754.18750197 6055.69468471 0.359858 5.9835 0.870225 0.091648 -0.039530
365200 -44667.12160712 6026.03242117 0.358096 5.9835 0.870225 0.091648 0.007565
365300 -44679.28262821 6121.37381333 0.363761 5.9835 0.870225 0.091648 0.010121
365400 -44660.28768799 6031.77889437 0.358437 5.9835 0.870225 0.091648 -0.001106
365500 -44583.94116145 6006.27732170 0.356922 5.9840 0.867696 0.092811 0.032922
365600 -44658.00616077 5974.00964551 0.355004 5.9840 0.867696 0.092811 0.009758
365700 -44682.20963653 6084.95597055 0.361597 5.9840 0.867696 0.092811 -0.000773
365800 -44674.23821079 6026.66291286 0.358133 5.9840 0.867696 0.092811 0.001477
365900 -44597.79719915 5979.06489644 0.355305 5.9840 0.867696 0.092811 0.035632
366000 -44664.33504349 6041.17335151 0.358995 5.9816 0.869442 0.091818 0.005217
366100 -44706.58153806 6050.24793306 0.359535 5.9816 0.869442 0.091818 -0.011620
366200 -44672.15605707 6068.12565909 0.360597 5.9816 0.869442 0.091818 0.002570
366300 -44637.43702336 6017.12945587 0.357567 5.9816 0.869442 0.091818 0.013592
366400 -44717.50317340 6068.64532055 0.360628 5.9816 0.869442 0.091818 -0.020141
366500 -44671.95838008 5985.78060784 0.355704 5.9830 0.870994 0.092151 -0.005454
366600 -44727.03884307 6101.04460492 0.362553 5.9830 0.870994 0.092151 -0.010462
366700 -44699.79642433 6057.83737442 0.359986 5.9830 0.870994 0.092151 -0.010187
366800 -44661.65800319 6060.36287460 0.360136 5.9830 0.870994 0.092151 0.010236
366900 -44628.07685289 5951.46898035 0.353665 5.9830 0.870994 0.092151 0.023004
367000 -44708.59130084 6058.04688249 0.359998 5.9829 0.867529 0.092400 -0.013612
367100 -44682.06333591 5982.05826327 0.355482 5.9829 0.867529 0.092400 -0.004204
367200 -44585.95175912 5995.88341803 0.356304 5.9829 0.867529 0.092400 0.037989
367300 -44637.88533094 6083.30365338 0.361499 5.9829 0.867529 0.092400 -0.000951
367400 -44656.17091595 6113.42595729 0.363289 5.9829 0.867529 0.092400 -0.002070
367500 -44628.63756638 6039.72926362 0.358910 5.9806 0.866321 0.093818 0.001068
367600 -44721.96519772 6060.09175724 0.360120 5.9806 0.866321 0.093818 -0.037054
367700 -44720.40878769 6052.33684384 0.359659 5.9806 0.866321 0.093818 -0.025784
367800 -44724.34612310 5958.31157251 0.354071 5.9806 0.866321 0.093818 -0.017424
367900 -44741.76906681 6009.07826537 0.357088 5.9806 0.866321 0.093818 -0.022039
368000 -44732.56430866 5985.09769207 0.355663 5.9831 0.869504 0.091795 -0.014925
368100 -44778.45698104 6106.85492230 0.362898 5.9831 0.869504 0.091795 -0.022333
368200 -44697.84171182 5963.99911532 0.354409 5.9831 0.869504 0.091795 0.008623
368300 -44715.58194011 6011.01696024 0.357203 5.9831 0.869504 0.091795 -0.001607
368400 -44698.08369756 5980.02021636 0.355361 5.9831 0.869504 0.091795 0.017351
368500 -44688.91013556 6019.53117808 0.357709 5.9832 0.869144 0.092221 0.012723
368600 -44664.86411816 6010.38788491 0.357166 5.9832 0.869144 0.092221 0.019867
368700 -44598.54446612 5965.21508081 0.354482 5.9832 0.869144 0.092221 0.044407
368800 -44656.02042299 5995.27172065 0.356268 5.9832 0.869144 0.092221 0.019763
368900 -44702.70007443 6024.08233626 0.357980 5.9832 0.869144 0.092221 0.002061
369000 -44605.16330050 6018.89345840 0.357671 5.9806 0.866476 0.093213 0.027162
369100 -44631.41571435 6055.72131115 0.359860 5.9806 0.866476 0.093213 0.012345
369200 -44659.14721468 6074.03274367 0.360948 5.9806 0.866476 0.093213 -0.002530
369300 -44664.50403081 6095.67510946 0.362234 5.9806 0.866476 0.093213 -0.012341
369400 -44648.13920828 6023.39897164 0.357939 5.9806 0.866476 0.093213 -0.002156
369500 -44664.35609832 6019.23000677 0.357691 5.9810 0.869111 0.091749 -0.002719
369600 -44616.18273452 6013.39622133 0.357345 5.9810 0.869111 0.091749 0.016382
369700 -44581.97109101 6029.09228946 0.358277 5.9810 0.869111 0.091749 0.034072
369800 -44565.29208631 6107.57444390 0.362941 5.9810 0.869111 0.091749 0.029035
369900 -44653.21713837 6080.38759206 0.361326 5.9810 0.869111 0.091749 -0.012544
370000 -44629.92819760 6054.96283317 0.359815 5.9807 0.867721 0.093130 -0.007428
370100 -44581.70567812 6093.61488258 0.362112 5.9807 0.867721 0.093130 0.013079
370200 -44551.27502535 6069.18591944 0.360660 5.9807 0.867721 0.093130 0.022091
370300 -44501.67150380 6083.91780220 0.361535 5.9807 0.867721 0.093130 0.029673
370400 -44590.57066641 6046.39271865 0.359305 5.9807 0.867721 0.093130 0.006550
370500 -44594.90747164 6022.39339869 0.357879 5.9809 0.866160 0.092896 -0.000011
370600 -44697.60208239 6069.93622756 0.360705 5.9809 0.866160 0.092896 -0.039314
370700 -44655.89461814 6039.31760642 0.358885 5.9809 0.866160 0.092896 -0.013880
370800 -44600.84834679 6044.80391289 0.359211 5.9809 0.866160 0.092896 0.010847
370900 -44627.17656260 6133.96226345 0.364509 5.9809 0.866160 0.092896 -0.002184
371000 -44536.19451067 5945.48904262 0.353309 5.9829 0.864570 0.093857 0.025941
371100 -44690.41236792 6057.26353584 0.359951 5.9829 0.864570 0.093857 -0.029185
371200 -44613.53365521 5894.58290055 0.350284 5.9829 0.864570 0.093857 0.018249
371300 -44716.14567886 6006.27213164 0.356921 5.9829 0.864570 0.093857 -0.021664
371400 -44678.98537140 6019.63897213 0.357716 5.9829 0.864570 0.093857 0.000587
371500 -44698.35555333 5995.04150633 0.356254 5.9802 0.868140 0.092514 -0.002745
371600 -44692.55023881 6003.31862716 0.356746 5.9802 0.868140 0.092514 -0.007123
371700 -44712.41180252 5969.01019521 0.354707 5.9802 0.868140 0.092514 -0.011613
371800 -44722.03643533 6021.27068109 0.357813 5.9802 0.868140 0.092514 -0.006163
371900 -44715.16594628 5996.27739854 0.356327 5.9802 0.868140 0.092514 -0.004846
372000 -44704.84732528 6019.27346197 0.357694 5.9812 0.868855 0.092577 -0.001027
372100 -44746.89800655 6050.10438460 0.359526 5.9812 0.868855 0.092577 -0.007821
372200 -44730.97893452 6010.14469547 0.357151 5.9812 0.868855 0.092577 -0.006045
372300 -44692.64767104 6073.91083858 0.360941 5.9812 0.868855 0.092577 0.017899
372400 -44718.47834037 6026.76344574 0.358139 5.9812 0.868855 0.092577 -0.006447
372500 -44729.07990052 6057.36678148 0.359958 5.9826 0.870625 0.091534 -0.004330
372600 -44656.85210613 5985.26236787 0.355673 5.9826 0.870625 0.091534 0.020855
372700 -44747.61226803 6121.70045528 0.363781 5.9826 0.870625 0.091534 -0.007614
372800 -44669.62815003 6055.25091833 0.359832 5.9826 0.870625 0.091534 0.012489
372900 -44689.47505015 6053.20096364 0.359710 5.9826 0.870625 0.091534 -0.007984
373000 -44669.50032429 6080.51758365 0.361333 5.9800 0.867427 0.092543 0.011878
373100 -44668.55270097 6049.66023121 0.359500 5.9800 0.867427 0.092543 0.003861
373200 -44692.27976028 5997.85561972 0.356421 5.9800 0.867427 0.092543 -0.016871
373300 -44655.50405383 6047.45423464 0.359369 5.9800 0.867427 0.092543 0.009408
373400 -44707.30260801 6031.75742468 0.358436 5.9800 0.867427 0.092543 -0.023398
373500 -44647.88122868 5991.76282159 0.356059 5.9818 0.868382 0.092599 -0.002223
373600 -44659.41874981 6095.09797963 0.362200 5.9818 0.868382 0.092599 0.000443
373700 -44628.51976172 6002.43779949 0.356693 5.9818 0.868382 0.092599 0.012777
373800 -44576.83625682 5999.23914228 0.356503 5.9818 0.868382 0.092599 0.026623
373900 -44620.10832305 6002.20662238 0.356680 5.9818 0.868382 0.092599 0.012432
374000 -44733.13711202 6148.41229845 0.365368 5.9805 0.867826 0.091752 -0.028626
374100 -44646.95956637 6063.92083340 0.360347 5.9805 0.867826 0.091752 -0.008019
374200 -44648.82083564 6058.06929003 0.359999 5.9805 0.867826 0.091752 -0.011674
374300 -44645.08373147 6133.75754875 0.364497 5.9805 0.867826 0.091752 0.005087
374400 -44629.27017048 6167.15861329 0.366482 5.9805 0.867826 0.091752 0.007983
374500 -44602.88597197 6102.48715827 0.362639 5.9809 0.867237 0.092682 0.009459
374600 -44630.75070326 6092.00131677 0.362016 5.9809 0.867237 0.092682 -0.011810
374700 -44624.90699527 6027.97501557 0.358211 5.9809 0.867237 0.092682 -0.009748
374800 -44608.07314187 5995.85673704 0.356302 5.9809 0.867237 0.092682 0.002531
374900 -44631.93060730 5957.89496962 0.354047 5.9809 0.867237 0.092682 -0.010889
375000 -44656.53198953 5996.33685820 0.356331 5.9800 0.867488 0.093042 -0.003958
375100 -44689.21974119 6057.45318282 0.359963 5.9800 0.867488 0.093042 -0.018107
375200 -44647.96926503 6064.02749586 0.360353 5.9800 0.867488 0.093042 0.005005
375300 -44684.08713934 6050.30693228 0.359538 5.9800 0.867488 0.093042 -0.011454
375400 -44730.96141468 6023.22589198 0.357929 5.9800 0.867488 0.093042 -0.037018
375500 -44674.74591468 6035.65564216 0.358667 5.9816 0.868037 0.092659 0.002095
375600 -44677.87607149 5972.29996712 0.354903 5.9816 0.868037 0.092659 -0.006443
375700 -44709.22546007 5991.48309071 0.356042 5.9816 0.868037 0.092659 -0.014337
375800 -44799.22255385 6092.11851074 0.362023 5.9816 0.868037 0.092659 -0.048363
375900 -44652.33496092 5986.80812703 0.355765 5.9816 0.868037 0.092659 0.024616
376000 -44729.69266624 6082.22474253 0.361435 5.9831 0.870257 0.091846 -0.012311
376100 -44675.27700995 5989.04211132 0.355897 5.9831 0.870257 0.091846 0.005856
376200 -44685.08804337 6036.60686532 0.358724 5.9831 0.870257 0.091846 0.005643
376300 -44634.80485365 6071.89905437 0.360821 5.9831 0.870257 0.091846 0.019260
376400 -44583.79625683 6056.42777175 0.359902 5.9831 0.870257 0.091846 0.045677
376500 -44678.74760148 6161.38324270 0.366139 5.9810 0.868694 0.092184 0.002428
376600 -44546.59479749 6071.21875093 0.360781 5.9810 0.868694 0.092184 0.045159
376700 -44564.28748410 6035.67622110 0.358669 5.9810 0.868694 0.092184 0.030233
376800 -44560.08257308 6023.20964233 0.357928 5.9810 0.868694 0.092184 0.019931
376900 -44646.50802683 6051.62009650 0.359616 5.9810 0.868694 0.092184 -0.005961
377000 -44574.57341831 6032.17369922 0.358461 5.9825 0.865855 0.093191 0.011623
377100 -44625.94941584 6068.91673153 0.360644 5.9825 0.865855 0.093191 -0.004784
377200 -44605.97188509 6011.34184697 0.357223 5.9825 0.865855 0.093191 0.005610
377300 -44654.65772776 6086.20303164 0.361671 5.9825 0.865855 0.093191 -0.016410
377400 -44581.44118492 6055.62352091 0.359854 5.9825 0.865855 0.093191 0.007297
377500 -44607.10393420 6041.75385454 0.359030 5.9836 0.868144 0.092811 -0.003678
377600 -44634.63530683 6085.71529911 0.361642 5.9836 0.868144 0.092811 -0.004662
377700 -44647.27991131 6077.79446336 0.361172 5.9836 0.868144 0.092811 -0.011472
377800 -44589.25236530 6027.22978923 0.358167 5.9836 0.868144 0.092811 0.014458
377900 -44721.61870124 6057.44772098 0.359962 5.9836 0.868144 0.092811 -0.040464
378000 -44626.45436455 6026.78707700 0.358140 5.9831 0.867528 0.092491 0.004509
378100 -44597.45257997 6062.25829698 0.360248 5.9831 0.867528 0.092491 0.020894
378200 -44601.07356553 6019.11866354 0.357685 5.9831 0.867528 0.092491 0.015021
378300 -44613.37246611 6018.31864457 0.357637 5.9831 0.867528 0.092491 0.010442
378400 -44616.83807268 6040.07412612 0.358930 5.9831 0.867528 0.092491 0.012730
378500 -44614.40576261 6125.37454544 0.363999 5.9809 0.868304 0.092532 0.002360
378600 -44596.22942757 6066.90284636 0.360524 5.9809 0.868304 0.092532 0.003445
378700 -44622.01246008 6092.30555612 0.362034 5.9809 0.868304 0.092532 -0.004233
378800 -44620.82237226 6126.65617178 0.364075 5.9809 0.868304 0.092532 -0.003112
378900 -44574.26509230 6158.62330163 0.365975 5.9809 0.868304 0.092532 0.012930
379000 -44537.26429255 6019.87236505 0.357730 5.9832 0.865453 0.093020 0.017224
379100 -44592.88115982 6026.91507711 0.358148 5.9832 0.865453 0.093020 0.007142
379200 -44563.31085995 6080.75550967 0.361347 5.9832 0.865453 0.093020 0.018696
379300 -44529.43632336 5979.73085548 0.355344 5.9832 0.865453 0.093020 0.027616
379400 -44590.91020429 6066.07811108 0.360475 5.9832 0.865453 0.093020 -0.004066
379500 -44609.55963992 6031.96103479 0.358448 5.9825 0.866222 0.093363 -0.018560
379600 -44619.95159748 6013.31864986 0.357340 5.9825 0.866222 0.093363 -0.007333
379700 -44641.52857095 5955.54333143 0.353907 5.9825 0.866222 0.093363 -0.011408
379800 -44650.53866518 6033.23736355 0.358524 5.9825 0.866222 0.093363 0.007318
379900 -44644.52356456 6049.22153195 0.359474 5.9825 0.866222 0.093363 0.007417
380000 -44611.33229392 6103.35719040 0.362691 5.9813 0.867125 0.092468 0.019895
380100 -44545.13385222 6118.58401916 0.363595 5.9813 0.867125 0.092468 0.038274
380200 -44522.23580584 6079.51414893 0.361274 5.9813 0.867125 0.092468 0.039542
380300 -44562.45604288 6099.75350282 0.362476 5.9813 0.867125 0.092468 0.010391
380400 -44580.16028580 6115.50184292 0.363412 5.9813 0.867125 0.092468 -0.001524
380500 -44572.65842146 6157.74492414 0.365923 5.9838 0.866763 0.092693 -0.001994
380600 -44604.63455439 6071.88898561 0.360821 5.9838 0.866763 0.092693 -0.019657
380700 -44551.21445718 6038.98709815 0.358865 5.9838 0.866763 0.092693 0.006022
380800 -44614.92631181 6075.50045984 0.361035 5.9838 0.866763 0.092693 -0.011936
380900 -44586.71909854 6071.73302517 0.360811 5.9838 0.866763 0.092693 -0.001822
381000 -44666.47049134 6085.43133117 0.361625 5.9805 0.867004 0.092843 -0.027901
381100 -44562.98823700 6021.45628300 0.357824 5.9805 0.867004 0.092843 0.022571
381200 -44634.94922123 6063.45939035 0.360320 5.9805 0.867004 0.092843 -0.008401
381300 -44638.07450224 6045.38116510 0.359245 5.9805 0.867004 0.092843 -0.009694
381400 -44641.77064639 5980.67766755 0.355400 5.9805 0.867004 0.092843 -0.015785
381500 -44696.06789961 5997.06091743 0.356374 5.9834 0.870641 0.092193 -0.027688
381600 -44671.60754817 6056.48530371 0.359905 5.9834 0.870641 0.092193 -0.003200
381700 -44651.78655143 5970.92325057 0.354821 5.9834 0.870641 0.092193 0.010658
381800 -44700.62509770 5987.35018104 0.355797 5.9834 0.870641 0.092193 -0.012711
381900 -44749.27199038 5960.74377869 0.354216 5.9834 0.870641 0.092193 -0.032977
382000 -44760.82075122 5943.39020942 0.353185 5.9843 0.870745 0.090934 -0.030216
382100 -44736.64798346 5984.83225029 0.355647 5.9843 0.870745 0.090934 0.000029
382200 -44741.32677494 6034.82837865 0.358618 5.9843 0.870745 0.090934 0.002007
382300 -44717.09475126 6018.76428258 0.357664 5.9843 0.870745 0.090934 0.005064
382400 -44726.55686580 6081.15249776 0.361371 5.9843 0.870745 0.090934 0.004350
382500 -44714.37176955 6044.35611645 0.359184 5.9825 0.870636 0.091932 0.006055
382600 -44665.01722311 6048.75268978 0.359446 5.9825 0.870636 0.091932 0.018569
382700 -44643.21114797 6009.32813602 0.357103 5.9825 0.870636 0.091932 0.017057
382800 -44644.96034031 6054.96979213 0.359815 5.9825 0.870636 0.091932 0.021419
382900 -44628.13735600 6104.43618498 0.362755 5.9825 0.870636 0.091932 0.020601
383000 -44644.62634302 6124.91067049 0.363971 5.9836 0.869641 0.092129 -0.006392
383100 -44617.71727073 6058.36148588 0.360017 5.9836 0.869641 0.092129 0.003852
383200 -44593.14937714 6048.28522667 0.359418 5.9836 0.869641 0.092129 0.002489
383300 -44587.65839189 6090.46426014 0.361924 5.9836 0.869641 0.092129 0.005107
383400 -44607.82610786 6061.96312606 0.360231 5.9836 0.869641 0.092129 -0.003803
383500 -44594.79809975 6070.75556850 0.360753 5.9799 0.866444 0.093044 0.017943
383600 -44557.56271455 6056.56901024 0.359910 5.9799 0.866444 0.093044 0.022063
383700 -44579.48558187 6118.19796633 0.363572 5.9799 0.866444 0.093044 0.019141
383800 -44618.90782163 6041.40237970 0.359009 5.9799 0.866444 0.093044 -0.008741
383900 -44607.39314819 6016.64507778 0.357538 5.9799 0.866444 0.093044 -0.011633
384000 -44696.05459670 6034.38311129 0.358592 5.9823 0.870184 0.092428 -0.043337
384100 -44601.01084127 6112.18499447 0.363215 5.9823 0.870184 0.092428 0.014123
384200 -44665.04314676 6043.94160271 0.359160 5.9823 0.870184 0.092428 -0.018257
384300 -44562.16096287 6044.09555934 0.359169 5.9823 0.870184 0.092428 0.034752
384400 -44561.98578650 6036.21839969 0.358701 5.9823 0.870184 0.092428 0.023295
384500 -44653.02557784 6014.46427969 0.357408 5.9835 0.866404 0.092763 -0.015817
384600 -44639.54823506 6051.95227871 0.359636 5.9835 0.866404 0.092763 -0.007996
384700 -44587.53049573 6090.00233368 0.361897 5.9835 0.866404 0.092763 0.022036
384800 -44627.29980403 6073.32139618 0.360906 5.9835 0.866404 0.092763 0.005368
384900 -44636.63447574 6086.88472242 0.361712 5.9835 0.866404 0.092763 -0.006863
385000 -44602.54377552 6032.76245420 0.358496 5.9819 0.867502 0.092758 0.006395
385100 -44620.80301447 6071.65890299 0.360807 5.9819 0.867502 0.092758 0.003186
385200 -44626.09472442 6087.07369957 0.361723 5.9819 0.867502 0.092758 -0.002303
385300 -44570.61020879 6064.91975704 0.360406 5.9819 0.867502 0.092758 0.012180
385400 -44597.61282658 6020.55070155 0.357770 5.9819 0.867502 0.092758 -0.002866
385500 -44636.49424494 5977.72732643 0.355225 5.9815 0.868037 0.092666 -0.018086
385600 -44678.80613578 6008.26281170 0.357040 5.9815 0.868037 0.092666 -0.022088
385700 -44688.60621529 6083.91783972 0.361535 5.9815 0.868037 0.092666 -0.016371
385800 -44711.91718011 6091.21123283 0.361969 5.9815 0.868037 0.092666 -0.021828
385900 -44700.70965766 6077.25341115 0.361139 5.9815 0.868037 0.092666 -0.023331
386000 -44635.29113692 6064.09557940 0.360357 5.9811 0.867888 0.092365 0.013401
386100 -44683.86580200 6030.94887778 0.358388 5.9811 0.867888 0.092365 -0.020407
386200 -44733.26273846 6082.28797505 0.361439 5.9811 0.867888 0.092365 -0.026093
386300 -44664.40296415 5995.23105950 0.356265 5.9811 0.867888 0.092365 -0.004391
386400 -44660.51460969 5977.59018824 0.355217 5.9811 0.867888 0.092365 0.008101
386500 -44673.01227794 5999.75016177 0.356534 5.9812 0.866288 0.093117 -0.002151
386600 -44647.81487960 6015.25736137 0.357455 5.9812 0.866288 0.093117 0.007185
386700 -44638.15799991 6081.38176405 0.361385 5.9812 0.866288 0.093117 0.021319
386800 -44643.83946158 6070.50097481 0.360738 5.9812 0.866288 0.093117 0.007441
386900 -44699.23732002 6055.12333959 0.359824 5.9812 0.866288 0.093117 -0.015878
387000 -44663.68619247 6075.71465233 0.361048 5.9804 0.868042 0.093035 0.006016
387100 -44636.95948074 6074.59923329 0.360982 5.9804 0.868042 0.093035 0.009875
387200 -44695.69668178 6182.90887523 0.367418 5.9804 0.868042 0.093035 -0.020788
387300 -44572.31481385 6003.59481676 0.356762 5.9804 0.868042 0.093035 0.022306
387400 -44565.87484175 6053.27563017 0.359715 5.9804 0.868042 0.093035 0.032258
387500 -44600.91636302 6010.70314825 0.357185 5.9823 0.865219 0.093711 0.006905
387600 -44640.33008991 6028.80259312 0.358260 5.9823 0.865219 0.093711 -0.005689
387700 -44670.98766547 6053.20627397 0.359710 5.9823 0.865219 0.093711 -0.015377
387800 -44609.13790177 6065.91564523 0.360466 5.9823 0.865219 0.093711 0.018246
387900 -44667.79846320 6042.75032701 0.359089 5.9823 0.865219 0.093711 -0.018048
388000 -44591.27320828 6051.21447613 0.359592 5.9817 0.866591 0.093611 0.013390
388100 -44658.75778843 6029.21881238 0.358285 5.9817 0.866591 0.093611 -0.017705
388200 -44646.14787031 5968.95478139 0.354704 5.9817 0.866591 0.093611 0.003758
388300 -44752.98515682 6057.94900406 0.359992 5.9817 0.866591 0.093611 -0.031706
388400 -44661.42357440 6081.44622331 0.361389 5.9817 0.866591 0.093611 0.007232
388500 -44630.44224780 6048.43806871 0.359427 5.9806 0.867955 0.093366 0.008314
388600 -44632.03709109 6044.66853748 0.359203 5.9806 0.867955 0.093366 0.005916
388700 -44676.47677523 6093.81725705 0.362124 5.9806 0.867955 0.093366 -0.013750
388800 -44632.97696409 5982.03308446 0.355481 5.9806 0.867955 0.093366 0.008804
388900 -44637.32751104 6015.81605653 0.357488 5.9806 0.867955 0.093366 0.001784
389000 -44638.69255196 6090.96157067 0.361954 5.9831 0.867971 0.093049 0.009923
389100 -44647.12187612 6092.08502506 0.362021 5.9831 0.867971 0.093049 0.001295
389200 -44612.84450480 6107.97520490 0.362965 5.9831 0.867971 0.093049 0.009942
389300 -44581.87080782 6056.48171453 0.359905 5.9831 0.867971 0.093049 0.020994
389400 -44659.96317388 6130.36570563 0.364296 5.9831 0.867971 0.093049 -0.008480
389500 -44594.63738659 6066.99007593 0.360529 5.9799 0.867493 0.092905 0.010951
389600 -44634.70807403 6050.68476828 0.359561 5.9799 0.867493 0.092905 -0.002644
389700 -44590.69668774 6012.06010491 0.357265 5.9799 0.867493 0.092905 0.014686
389800 -44577.79666241 6069.58341227 0.360684 5.9799 0.867493 0.092905 0.021581
389900 -44640.97126704 6122.08251262 0.363803 5.9799 0.867493 0.092905 -0.009679
390000 -44566.25552631 6088.47813821 0.361806 5.9802 0.865570 0.092914 0.015205
390100 -44593.88837957 6072.92919041 0.360882 5.9802 0.865570 0.092914 -0.001146
390200 -44570.97585741 6063.14592031 0.360301 5.9802 0.865570 0.092914 0.012942
390300 -44593.41154096 6064.24049476 0.360366 5.9802 0.865570 0.092914 0.001957
390400 -44563.54407850 6057.42463415 0.359961 5.9802 0.865570 0.092914 0.007831
390500 -44645.22716708 6109.60064275 0.363062 5.9798 0.867990 0.093054 -0.026949
390600 -44528.24027256 6091.73271545 0.362000 5.9798 0.867990 0.093054 0.026853
390700 -44573.23910815 5978.59532577 0.355277 5.9798 0.867990 0.093054 0.000610
390800 -44638.59666990 6099.17176177 0.362442 5.9798 0.867990 0.093054 -0.018760
390900 -44632.40902952 6048.85913686 0.359452 5.9798 0.867990 0.093054 -0.018048
391000 -44629.69838188 5988.84318071 0.355886 5.9813 0.868066 0.092824 -0.009132
391100 -44715.30399983 5994.95250310 0.356249 5.9813 0.868066 0.092824 -0.029436
391200 -44668.29315626 6078.78292755 0.361230 5.9813 0.868066 0.092824 -0.001791
391300 -44630.64718480 6043.76210034 0.359149 5.9813 0.868066 0.092824 0.008773
391400 -44658.86367640 6095.49582029 0.362223 5.9813 0.868066 0.092824 -0.006869
391500 -44620.19327890 6091.72408278 0.361999 5.9828 0.867230 0.092476 -0.001461
391600 -44612.21304939 6155.95204160 0.365816 5.9828 0.867230 0.092476 0.006348
391700 -44571.59564601 6124.50265701 0.363947 5.9828 0.867230 0.092476 0.021162
391800 -44551.63898212 6104.00836428 0.362729 5.9828 0.867230 0.092476 0.022699
391900 -44559.55895538 6047.34512643 0.359362 5.9828 0.867230 0.092476 0.017380
392000 -44582.41472825 6093.64303614 0.362113 5.9819 0.866030 0.093136 -0.002162
392100 -44563.23412702 6053.48871883 0.359727 5.9819 0.866030 0.093136 0.013335
392200 -44617.99950427 6039.76876087 0.358912 5.9819 0.866030 0.093136 -0.010734
392300 -44658.46787255 6027.67308989 0.358193 5.9819 0.866030 0.093136 -0.017391
392400 -44636.59314433 6015.24442851 0.357455 5.9819 0.866030 0.093136 0.006257
392500 -44630.80008610 5986.62839450 0.355754 5.9829 0.868088 0.093249 0.003304
392600 -44614.18388949 6039.17129363 0.358876 5.9829 0.868088 0.093249 0.014542
392700 -44676.50697895 6102.68805334 0.362651 5.9829 0.868088 0.093249 -0.014253
392800 -44617.31358739 6042.26271991 0.359060 5.9829 0.868088 0.093249 0.013354
392900 -44687.44423916 6059.37273965 0.360077 5.9829 0.868088 0.093249 -0.028255
393000 -44698.18349515 6113.64680482 0.363302 5.9812 0.870363 0.092198 -0.022740
393100 -44599.81431840 5876.93898858 0.349236 5.9812 0.870363 0.092198 0.011179
393200 -44642.03879856 6023.77810959 0.357962 5.9812 0.870363 0.092198 0.006853
393300 -44658.99324491 6039.21497629 0.358879 5.9812 0.870363 0.092198 0.009517
393400 -44647.02804182 6061.54474785 0.360206 5.9812 0.870363 0.092198 -0.000973
393500 -44570.04808474 6059.54101932 0.360087 5.9813 0.866031 0.093885 0.035772
393600 -44661.37547312 6053.42898737 0.359724 5.9813 0.866031 0.093885 -0.006605
393700 -44617.08763182 6078.63804460 0.361222 5.9813 0.866031 0.093885 0.010345
393800 -44624.59640994 6105.23948801 0.362802 5.9813 0.866031 0.093885 -0.001784
393900 -44600.51401850 6052.55652173 0.359672 5.9813 0.866031 0.093885 0.006484
394000 -44576.04933169 6085.38577470 0.361623 5.9835 0.868254 0.092382 0.012580
394100 -44585.23098662 6110.26929805 0.363101 5.9835 0.868254 0.092382 0.009276
394200 -44615.04222348 6114.82523811 0.363372 5.9835 0.868254 0.092382 -0.002057
394300 -44589.05944994 6063.43571882 0.360318 5.9835 0.868254 0.092382 0.001986
394400 -44566.10919528 6021.52917327 0.357828 5.9835 0.868254 0.092382 0.017871
394500 -44613.32433803 6105.99243879 0.362847 5.9817 0.866882 0.092703 0.000685
394600 -44612.18931056 6064.10710307 0.360358 5.9817 0.866882 0.092703 0.000335
394700 -44604.07619130 6092.74800799 0.362060 5.9817 0.866882 0.092703 -0.005437
394800 -44685.33118916 6050.62007912 0.359557 5.9817 0.866882 0.092703 -0.034794
394900 -44638.33330598 6073.68813608 0.360928 5.9817 0.866882 0.092703 -0.001872
395000 -44634.36373015 6052.27824844 0.359655 5.9816 0.867476 0.093319 -0.009576
395100 -44611.20194015 6107.73183344 0.362951 5.9816 0.867476 0.093319 0.009804
395200 -44606.74612943 6061.28511195 0.360190 5.9816 0.867476 0.093319 0.002192
395300 -44546.71540632 6015.37810619 0.357462 5.9816 0.867476 0.093319 0.041097
395400 -44686.76545045 6048.07669658 0.359406 5.9816 0.867476 0.093319 -0.035554
395500 -44670.34887042 5987.51607661 0.355807 5.9811 0.869655 0.092748 -0.021789
395600 -44663.82831531 6059.36505858 0.360076 5.9811 0.869655 0.092748 -0.001751
395700 -44611.24617388 6013.55094982 0.357354 5.9811 0.869655 0.092748 0.009301
395800 -44620.50828152 6046.53130525 0.359314 5.9811 0.869655 0.092748 0.006036
395900 -44681.52058288 5992.91998471 0.356128 5.9811 0.869655 0.092748 -0.015868
396000 -44651.82443803 6085.65201315 0.361638 5.9810 0.868741 0.092716 -0.000374
396100 -44553.14685937 6079.39475773 0.361267 5.9810 0.868741 0.092716 0.048083
396200 -44550.52313954 6092.45250828 0.362043 5.9810 0.868741 0.092716 0.029091
396300 -44596.53462291 6052.46626328 0.359666 5.9810 0.868741 0.092716 0.012508
396400 -44640.14489474 6072.56184234 0.360861 5.9810 0.868741 0.092716 -0.013723
396500 -44603.03327195 6045.58629815 0.359258 5.9815 0.866512 0.093000 0.001904
396600 -44542.73205269 6104.92734932 0.362784 5.9815 0.866512 0.093000 0.027985
396700 -44641.23901582 6069.40727697 0.360673 5.9815 0.866512 0.093000 -0.020010
396800 -44578.95711009 6074.89538387 0.360999 5.9815 0.866512 0.093000 0.006463
396900 -44682.61860244 6009.54419548 0.357116 5.9815 0.866512 0.093000 -0.037657
397000 -44550.24528562 6074.69653719 0.360987 5.9798 0.866445 0.093817 0.019770
397100 -44601.24182956 6162.87253790 0.366227 5.9798 0.866445 0.093817 -0.001430
397200 -44504.00115517 6019.39862915 0.357701 5.9798 0.866445 0.093817 0.037490
397300 -44555.23734616 6014.30298918 0.357399 5.9798 0.866445 0.093817 0.004602
397400 -44630.97004684 6054.06141707 0.359761 5.9798 0.866445 0.093817 -0.019770
397500 -44604.94653192 6007.19778830 0.356976 5.9799 0.869150 0.092585 -0.002262
397600 -44633.42680345 6083.83397674 0.361530 5.9799 0.869150 0.092585 -0.011926
397700 -44640.95995311 6055.83332280 0.359866 5.9799 0.869150 0.092585 -0.011733
397800 -44643.18914032 6085.27932071 0.361616 5.9799 0.869150 0.092585 -0.017096
397900 -44633.68104526 6095.34984464 0.362215 5.9799 0.869150 0.092585 -0.003066
398000 -44618.38624259 6013.52755984 0.357352 5.9775 0.867730 0.093580 0.007797
398100 -44591.46923562 6025.30472578 0.358052 5.9775 0.867730 0.093580 0.015327
398200 -44539.56464504 6067.52183861 0.360561 5.9775 0.867730 0.093580 0.033769
398300 -44579.27488118 6104.59573477 0.362764 5.9775 0.867730 0.093580 0.009981
398400 -44598.35588250 6015.98041088 0.357498 5.9775 0.867730 0.093580 -0.006093
398500 -44618.29320481 6061.36760745 0.360195 5.9824 0.870323 0.092174 -0.009135
398600 -44595.40615784 6071.36482051 0.360789 5.9824 0.870323 0.092174 0.008063
398700 -44610.77115005 6090.53967076 0.361929 5.9824 0.870323 0.092174 0.004255
398800 -44571.57462305 6121.55528699 0.363772 5.9824 0.870323 0.092174 0.010938
398900 -44585.65243186 6157.62335252 0.365915 5.9824 0.870323 0.092174 0.000118
399000 -44615.26605513 6040.25992329 0.358941 5.9813 0.866291 0.093869 -0.016277
399100 -44674.60960376 6073.17103009 0.360897 5.9813 0.866291 0.093869 -0.029366
399200 -44668.99625728 6004.32506149 0.356806 5.9813 0.866291 0.093869 -0.026000
399300 -44663.20438655 6047.14000812 0.359350 5.9813 0.866291 0.093869 -0.006635
399400 -44649.68600462 6046.92310643 0.359337 5.9813 0.866291 0.093869 -0.007588
399500 -44642.88858357 6065.83193686 0.360461 5.9811 0.869392 0.092818 -0.005365
399600 -44709.64063764 6060.18544109 0.360125 5.9811 0.869392 0.092818 -0.025721
399700 -44659.44867299 6145.42536215 0.365190 5.9811 0.869392 0.092818 0.006576
399800 -44667.38738281 6158.22213714 0.365951 5.9811 0.869392 0.092818 -0.008352
399900 -44573.75372688 6079.00391680 0.361243 5.9811 0.869392 0.092818 0.027585
400000 -44614.83434994 6037.09039793 0.358753 5.9838 0.867238 0.092926 0.000226
400100 -44565.97101842 6006.98134785 0.356963 5.9838 0.867238 0.092926 0.021820
400200 -44638.40866372 6030.06797138 0.358335 5.9838 0.867238 0.092926 -0.011534
400300 -44656.16027904 6041.06097447 0.358989 5.9838 0.867238 0.092926 -0.021790
400400 -44692.18084815 6050.99194941 0.359579 5.9838 0.867238 0.092926 -0.027983
400500 -44679.94507527 6066.46076480 0.360498 5.9810 0.869907 0.092718 -0.015374
400600 -44673.19798486 6080.98806508 0.361361 5.9810 0.869907 0.092718 -0.003468
400700 -44660.21027710 6042.85434244 0.359095 5.9810 0.869907 0.092718 -0.012748
400800 -44618.19123856 6075.64798308 0.361044 5.9810 0.869907 0.092718 0.021125
400900 -44677.18399339 6050.08577324 0.359525 5.9810 0.869907 0.092718 -0.016718
401000 -44666.60571932 6032.85762593 0.358501 5.9822 0.867288 0.092827 -0.008949
401100 -44684.94687824 6077.59180834 0.361159 5.9822 0.867288 0.092827 -0.011449
401200 -44652.48529017 6000.75640922 0.356594 5.9822 0.867288 0.092827 0.002712
401300 -44687.19427179 6023.49091148 0.357945 5.9822 0.867288 0.092827 -0.012651
401400 -44637.86710023 5975.27279449 0.355079 5.9822 0.867288 0.092827 0.011703
401500 -44648.35035632 6019.68638681 0.357718 5.9823 0.867189 0.092945 0.006666
401600 -44667.94816262 6009.95340147 0.357140 5.9823 0.867189 0.092945 -0.008721
401700 -44733.62270812 6049.56516723 0.359494 5.9823 0.867189 0.092945 -0.023649
401800 -44592.78241782 6045.42127601 0.359248 5.9823 0.867189 0.092945 0.041851
401900 -44723.19984964 6047.23106902 0.359355 5.9823 0.867189 0.092945 -0.028362
402000 -44599.72849332 6010.17955715 0.357154 5.9819 0.866136 0.093596 0.039947
402100 -44707.02085391 6075.13896058 0.361014 5.9819 0.866136 0.093596 -0.016299
402200 -44683.13675006 6018.25269097 0.357633 5.9819 0.866136 0.093596 -0.000937
402300 -44727.81912169 6081.60437162 0.361398 5.9819 0.866136 0.093596 -0.014617
402400 -44674.07439098 6042.91556449 0.359099 5.9819 0.866136 0.093596 -0.000016
402500 -44681.02941639 6077.97116230 0.361182 5.9823 0.867594 0.092391 -0.005063
402600 -44723.85177946 6079.30498394 0.361261 5.9823 0.867594 0.092391 -0.019481
402700 -44657.47567262 6097.40505592 0.362337 5.9823 0.867594 0.092391 0.011170
402800 -44613.57870363 6007.73536068 0.357008 5.9823 0.867594 0.092391 0.015430
402900 -44643.09568463 6035.32222188 0.358648 5.9823 0.867594 0.092391 0.012099
403000 -44713.35114224 6084.02535808 0.361542 5.9825 0.871346 0.091646 -0.013077
403100 -44672.53544756 6023.05083781 0.357918 5.9825 0.871346 0.091646 -0.005857
403200 -44661.99289729 6036.78952744 0.358735 5.9825 0.871346 0.091646 0.001185
403300 -44681.39212390 6074.76501433 0.360992 5.9825 0.871346 0.091646 -0.004733
403400 -44678.44293258 6106.57902995 0.362882 5.9825 0.871346 0.091646 -0.008570
403500 -44638.23951130 6056.17275168 0.359887 5.9831 0.867218 0.092520 0.006194
403600 -44606.62945991 6045.51309541 0.359253 5.9831 0.867218 0.092520 0.024273
403700 -44603.44643775 6095.25772445 0.362209 5.9831 0.867218 0.092520 0.023627
403800 -44607.59643113 6117.56862608 0.363535 5.9831 0.867218 0.092520 0.010578
403900 -44585.29412793 6075.53920606 0.361038 5.9831 0.867218 0.092520 0.021316
404000 -44688.18551149 6132.96770398 0.364450 5.9823 0.869446 0.092744 -0.035255
404100 -44667.88673871 6034.25360447 0.358584 5.9823 0.869446 0.092744 -0.016257
404200 -44702.96958444 6038.86652901 0.358858 5.9823 0.869446 0.092744 -0.026515
404300 -44670.32433861 6075.87116256 0.361057 5.9823 0.869446 0.092744 0.002150
404400 -44680.62462206 6119.12874538 0.363628 5.9823 0.869446 0.092744 -0.012298
404500 -44601.70305063 6059.22572522 0.360068 5.9800 0.867441 0.093094 0.029744
404600 -44591.22060838 6062.59763555 0.360268 5.9800 0.867441 0.093094 0.015517
404700 -44647.98411982 6071.04980323 0.360771 5.9800 0.867441 0.093094 -0.014407
404800 -44650.03060928 6023.01578868 0.357916 5.9800 0.867441 0.093094 -0.004783
404900 -44663.21627720 6133.82933833 0.364501 5.9800 0.867441 0.093094 -0.012647
405000 -44605.57995050 6124.94347087 0.363973 5.9813 0.866876 0.092854 0.003763
405100 -44638.30320798 6074.26167852 0.360962 5.9813 0.866876 0.092854 -0.012628
405200 -44624.80314168 6071.49446656 0.360797 5.9813 0.866876 0.092854 -0.005785
405300 -44592.89227584 6079.88250277 0.361296 5.9813 0.866876 0.092854 0.014070
405400 -44612.75655071 6053.65617019 0.359737 5.9813 0.866876 0.092854 -0.004654
405500 -44651.50760122 6069.97973262 0.360707 5.9837 0.869067 0.092315 -0.017239
405600 -44703.22797197 6122.92208216 0.363853 5.9837 0.869067 0.092315 -0.028226
405700 -44638.24355096 6011.27162881 0.357218 5.9837 0.869067 0.092315 -0.002544
405800 -44661.10393470 6080.65935316 0.361342 5.9837 0.869067 0.092315 -0.007854
405900 -44552.94649016 6053.73499102 0.359742 5.9837 0.869067 0.092315 0.040888
406000 -44527.46805389 5984.58389804 0.355633 5.9811 0.866057 0.093701 0.039903
406100 -44595.98343217 6048.01966363 0.359402 5.9811 0.866057 0.093701 0.013953
406200 -44635.17701369 6056.13526664 0.359884 5.9811 0.866057 0.093701 0.004358
406300 -44603.18775424 5967.23039577 0.354601 5.9811 0.866057 0.093701 0.014596
406400 -44641.05164072 6048.97703053 0.359459 5.9811 0.866057 0.093701 -0.004735
406500 -44606.53400014 6081.30748619 0.361380 5.9812 0.868619 0.092758 0.020861
406600 -44680.41657443 6116.96435752 0.363499 5.9812 0.868619 0.092758 -0.015324
406700 -44709.34759448 6084.48115185 0.361569 5.9812 0.868619 0.092758 -0.028291
406800 -44595.87605852 6088.77116447 0.361824 5.9812 0.868619 0.092758 0.022500
406900 -44603.13428127 6141.75862895 0.364973 5.9812 0.868619 0.092758 0.011549
407000 -44601.74604349 6018.33045585 0.357638 5.9805 0.868553 0.093312 -0.001176
407100 -44620.46517185 6104.15004980 0.362738 5.9805 0.868553 0.093312 0.001098
407200 -44705.33559752 6108.77352871 0.363012 5.9805 0.868553 0.093312 -0.045384
407300 -44666.41011641 6037.59990942 0.358783 5.9805 0.868553 0.093312 -0.019187
407400 -44652.67010336 6052.64605084 0.359677 5.9805 0.868553 0.093312 -0.013732
407500 -44699.94788721 6044.39540331 0.359187 5.9835 0.869451 0.092168 -0.026216
407600 -44612.40690828 6040.64639895 0.358964 5.9835 0.869451 0.092168 0.009971
407700 -44616.16354347 6078.13549974 0.361192 5.9835 0.869451 0.092168 0.017768
407800 -44548.30776584 6001.78531138 0.356655 5.9835 0.869451 0.092168 0.042342
407900 -44620.61018128 6067.83345486 0.360580 5.9835 0.869451 0.092168 0.013343
408000 -44643.97735876 6023.32421667 0.357935 5.9797 0.868147 0.092524 -0.004875
408100 -44640.73481722 5972.34684016 0.354905 5.9797 0.868147 0.092524 -0.007431
408200 -44632.09852909 6067.52553066 0.360561 5.9797 0.868147 0.092524 0.000866
408300 -44647.65648152 6105.71753554 0.362831 5.9797 0.868147 0.092524 -0.004870
408400 -44656.87480954 6155.74750987 0.365804 5.9797 0.868147 0.092524 -0.004117
408500 -44634.30866917 6051.51504996 0.359610 5.9791 0.868022 0.093701 -0.001859
408600 -44647.84720534 6061.67965748 0.360214 5.9791 0.868022 0.093701 -0.007803
408700 -44697.04217002 6029.47636694 0.358300 5.9791 0.868022 0.093701 -0.031884
408800 -44652.64815545 6024.89819641 0.358028 5.9791 0.868022 0.093701 -0.008104
408900 -44535.67150325 5987.46015084 0.355803 5.9791 0.868022 0.093701 0.046358
409000 -44653.82504525 5973.20084846 0.354956 5.9806 0.867199 0.092658 -0.000611
409100 -44727.69500920 6028.13384494 0.358220 5.9806 0.867199 0.092658 -0.029748
409200 -44664.19326436 6025.49722674 0.358064 5.9806 0.867199 0.092658 -0.000915
409300 -44698.70790160 6130.34402803 0.364294 5.9806 0.867199 0.092658 -0.012459
409400 -44648.45602496 6021.34213021 0.357817 5.9806 0.867199 0.092658 -0.001445
409500 -44625.78485086 6007.46518330 0.356992 5.9809 0.866894 0.093346 0.013869
409600 -44677.12681193 6100.95233452 0.362548 5.9809 0.866894 0.093346 -0.009749
409700 -44637.53628232 6103.54799554 0.362702 5.9809 0.866894 0.093346 0.009069
409800 -44560.87250030 6101.36122257 0.362572 5.9809 0.866894 0.093346 0.044029
409900 -44573.74996693 6102.56665873 0.362644 5.9809 0.866894 0.093346 0.028842
410000 -44598.61972220 6061.47844033 0.360202 5.9813 0.867998 0.092874 0.010919
410100 -44642.33649957 6119.99654647 0.363679 5.9813 0.867998 0.092874 -0.015986
410200 -44592.61481864 6125.78626546 0.364023 5.9813 0.867998 0.092874 0.006219
410300 -44604.51631495 6011.11461875 0.357209 5.9813 0.867998 0.092874 -0.001235
410400 -44641.08871138 6120.06381299 0.363683 5.9813 0.867998 0.092874 -0.016186
410500 -44631.99735184 6093.31353870 0.362094 5.9822 0.868665 0.092706 -0.005534
410600 -44633.80696473 6059.15904641 0.360064 5.9822 0.868665 0.092706 -0.005040
410700 -44676.17053289 6152.52771323 0.365613 5.9822 0.868665 0.092706 -0.014655
410800 -44631.80112125 6122.99855815 0.363858 5.9822 0.868665 0.092706 0.004397
410900 -44602.95235374 6063.38043335 0.360315 5.9822 0.868665 0.092706 0.011128
411000 -44603.25242506 6044.54071165 0.359195 5.9798 0.867839 0.093130 -0.001316
411100 -44647.34683579 6055.80264010 0.359865 5.9798 0.867839 0.093130 -0.016157
411200 -44596.94009850 6095.22657267 0.362207 5.9798 0.867839 0.093130 0.013217
411300 -44595.55647070 5994.31755786 0.356211 5.9798 0.867839 0.093130 0.001360
411400 -44644.13696644 6003.99725315 0.356786 5.9798 0.867839 0.093130 -0.006175
411500 -44657.78661068 6015.98953461 0.357499 5.9823 0.866863 0.092805 -0.011276
411600 -44601.40253141 6007.43803573 0.356991 5.9823 0.866863 0.092805 0.019090
411700 -44668.49697303 6084.02519691 0.361542 5.9823 0.866863 0.092805 -0.001055
411800 -44653.28804470 6015.71857344 0.357483 5.9823 0.866863 0.092805 -0.007556
411900 -44602.76695914 6024.30891314 0.357993 5.9823 0.866863 0.092805 0.023550
412000 -44670.92248250 6168.43415398 0.366558 5.9794 0.866816 0.093521 -0.004618
412100 -44565.88711499 6027.10329793 0.358159 5.9794 0.866816 0.093521 0.024186
412200 -44640.02112560 6063.70309593 0.360334 5.9794 0.866816 0.093521 -0.013218
412300 -44647.78359703 5996.17191253 0.356321 5.9794 0.866816 0.093521 -0.014082
412400 -44654.93517632 5912.57796527 0.351354 5.9794 0.866816 0.093521 -0.014367
412500 -44614.07402746 6076.87070440 0.361117 5.9826 0.866997 0.092284 0.013557
412600 -44641.07619026 6015.83223355 0.357489 5.9826 0.866997 0.092284 -0.006348
412700 -44616.42265594 6037.32692400 0.358767 5.9826 0.866997 0.092284 0.010655
412800 -44602.37532761 6141.40487187 0.364952 5.9826 0.866997 0.092284 0.023575
412900 -44646.11574475 6090.76138710 0.361942 5.9826 0.866997 0.092284 -0.010629
413000 -44544.45818359 6035.68122589 0.358669 5.9784 0.866879 0.093610 0.033251
413100 -44571.17576326 6083.13612930 0.361489 5.9784 0.866879 0.093610 0.019120
413200 -44618.00546208 6153.52684567 0.365672 5.9784 0.866879 0.093610 0.002794
413300 -44575.20073720 6115.57671294 0.363417 5.9784 0.866879 0.093610 0.019064
413400 -44609.28388491 6032.11020542 0.358457 5.9784 0.866879 0.093610 -0.011427
413500 -44611.45313123 5930.11059161 0.352395 5.9803 0.867954 0.092593 -0.009834
413600 -44631.10780396 6042.51227451 0.359075 5.9803 0.867954 0.092593 -0.000709
413700 -44633.96148731 6019.24326082 0.357692 5.9803 0.867954 0.092593 -0.002968
413800 -44639.96590750 6067.79117650 0.360577 5.9803 0.867954 0.092593 -0.004067
413900 -44726.37474285 6088.46470052 0.361806 5.9803 0.867954 0.092593 -0.038639
414000 -44755.93269663 5975.45524431 0.355090 5.9819 0.870018 0.091674 -0.035908
414100 -44684.60409953 6014.13455244 0.357389 5.9819 0.870018 0.091674 0.011944
414200 -44671.65511470 6041.16803442 0.358995 5.9819 0.870018 0.091674 0.016856
414300 -44638.76764222 6016.85080789 0.357550 5.9819 0.870018 0.091674 0.018348
414400 -44654.19551563 5972.70494918 0.354927 5.9819 0.870018 0.091674 0.008840
414500 -44712.08465322 6080.51424324 0.361333 5.9805 0.870121 0.092393 -0.012986
414600 -44616.70464483 5969.58662238 0.354741 5.9805 0.870121 0.092393 0.023884
414700 -44695.44505948 6037.68218035 0.358788 5.9805 0.870121 0.092393 -0.019144
414800 -44638.62218603 5984.86694539 0.355649 5.9805 0.870121 0.092393 0.014798
414900 -44691.11738292 5978.36525061 0.355263 5.9805 0.870121 0.092393 -0.006322
415000 -44702.18789064 5947.10880986 0.353406 5.9797 0.869537 0.092731 -0.004040
415100 -44773.80502507 6011.67075300 0.357242 5.9797 0.869537 0.092731 -0.038378
415200 -44636.76828273 5945.32991063 0.353300 5.9797 0.869537 0.092731 0.034549
415300 -44661.41039804 6047.71287181 0.359384 5.9797 0.869537 0.092731 0.009932
415400 -44660.27543537 6023.44772492 0.357942 5.9797 0.869537 0.092731 0.012478
415500 -44620.05301015 6066.43542718 0.360497 5.9788 0.867206 0.093411 0.025720
415600 -44647.95914768 6042.08272687 0.359049 5.9788 0.867206 0.093411 0.003622
415700 -44724.90820912 6029.96813490 0.358329 5.9788 0.867206 0.093411 -0.035792
415800 -44665.72762205 6017.15785263 0.357568 5.9788 0.867206 0.093411 -0.002900
415900 -44662.09011719 6125.30837497 0.363995 5.9788 0.867206 0.093411 0.003827
416000 -44626.15568738 6163.52075301 0.366266 5.9822 0.867860 0.092350 0.016097
416100 -44567.83145854 6134.11486537 0.364518 5.9822 0.867860 0.092350 0.037235
416200 -44620.71466111 6158.05513780 0.365941 5.9822 0.867860 0.092350 0.000928
416300 -44641.87159395 6065.67575555 0.360451 5.9822 0.867860 0.092350 -0.011352
416400 -44661.51892612 6070.46984841 0.360736 5.9822 0.867860 0.092350 -0.027030
416500 -44602.62331689 6104.15545529 0.362738 5.9818 0.866178 0.093228 0.005231
416600 -44588.17425616 5989.43988151 0.355921 5.9818 0.866178 0.093228 0.008412
416700 -44683.23664700 6063.91938929 0.360347 5.9818 0.866178 0.093228 -0.025984
416800 -44660.65517645 6069.40530614 0.360673 5.9818 0.866178 0.093228 -0.007915
416900 -44647.49078804 6090.21816605 0.361910 5.9818 0.866178 0.093228 0.000151
417000 -44638.57860326 6025.46413557 0.358062 5.9826 0.868968 0.092775 -0.001523
417100 -44647.64547789 6052.37912086 0.359661 5.9826 0.868968 0.092775 -0.000739
417200 -44648.42975816 6093.64187747 0.362113 5.9826 0.868968 0.092775 -0.007224
417300 -44625.15435734 6067.92472619 0.360585 5.9826 0.868968 0.092775 0.005027
417400 -44667.39948861 6053.55396778 0.359731 5.9826 0.868968 0.092775 -0.012911
417500 -44667.29068485 6041.81312967 0.359033 5.9819 0.871005 0.092470 -0.019665
417600 -44707.39597912 6064.93250147 0.360407 5.9819 0.871005 0.092470 -0.028838
417700 -44654.17219019 6035.25462036 0.358644 5.9819 0.871005 0.092470 0.004928
417800 -44715.30663203 6099.06292463 0.362435 5.9819 0.871005 0.092470 -0.019839
417900 -44679.40895363 6083.68560149 0.361522 5.9819 0.871005 0.092470 0.000129
418000 -44676.53383530 6048.37076042 0.359423 5.9805 0.867161 0.093058 -0.003474
418100 -44695.98944907 6075.70595516 0.361047 5.9805 0.867161 0.093058 -0.002296
418200 -44664.02537222 6053.94615336 0.359754 5.9805 0.867161 0.093058 0.004709
418300 -44644.93674741 6114.39843560 0.363347 5.9805 0.867161 0.093058 0.008871
418400 -44587.67547422 6161.58895247 0.366151 5.9805 0.867161 0.093058 0.028723
418500 -44558.19237200 6107.72880022 0.362950 5.9809 0.867884 0.093217 0.031401
418600 -44598.71262370 6039.71619118 0.358909 5.9809 0.867884 0.093217 0.003594
418700 -44615.33317161 6087.68164950 0.361759 5.9809 0.867884 0.093217 0.008988
418800 -44523.90798628 6085.79043042 0.361647 5.9809 0.867884 0.093217 0.028991
418900 -44681.62567132 6169.46306061 0.366619 5.9809 0.867884 0.093217 -0.039331
419000 -44655.97826056 6127.25040696 0.364110 5.9810 0.869204 0.092413 -0.018240
419100 -44580.97113283 6052.60987314 0.359675 5.9810 0.869204 0.092413 0.015855
419200 -44608.69965919 6088.69524708 0.361819 5.9810 0.869204 0.092413 -0.005272
419300 -44664.38589145 6114.60160809 0.363359 5.9810 0.869204 0.092413 -0.019162
419400 -44601.48528951 6060.76098912 0.360159 5.9810 0.869204 0.092413 0.007210
419500 -44531.43169902 6069.10869379 0.360655 5.9821 0.866431 0.093490 0.027934
419600 -44641.84454016 6090.31683938 0.361916 5.9821 0.866431 0.093490 -0.021224
419700 -44636.05747546 6081.95043904 0.361418 5.9821 0.866431 0.093490 -0.018540
419800 -44622.45323955 6091.17534615 0.361967 5.9821 0.866431 0.093490 -0.013213
419900 -44679.80058135 6025.46198162 0.358062 5.9821 0.866431 0.093490 -0.030222
420000 -44699.83722048 6093.54529042 0.362108 5.9809 0.869352 0.092093 -0.032461
420100 -44712.55465690 6082.07651249 0.361426 5.9809 0.869352 0.092093 -0.022349
420200 -44594.62307648 6018.69854704 0.357660 5.9809 0.869352 0.092093 0.024663
420300 -44747.07400900 6105.71663947 0.362831 5.9809 0.869352 0.092093 -0.044532
420400 -44636.92562099 6068.93520234 0.360645 5.9809 0.869352 0.092093 0.007694
420500 -44632.12713229 6043.86770281 0.359155 5.9826 0.867007 0.092468 0.009613
420600 -44575.31038109 6084.78990882 0.361587 5.9826 0.867007 0.092468 0.033940
420700 -44659.61329832 6125.17771042 0.363987 5.9826 0.867007 0.092468 -0.012032
420800 -44643.60705851 6056.40197146 0.359900 5.9826 0.867007 0.092468 -0.005024
420900 -44718.30440306 6125.52364501 0.364008 5.9826 0.867007 0.092468 -0.026146
421000 -44695.68433341 6078.98675926 0.361242 5.9829 0.869097 0.092627 -0.021964
421100 -44627.60949202 6062.80651926 0.360281 5.9829 0.869097 0.092627 0.007640
421200 -44650.08421605 6026.08883006 0.358099 5.9829 0.869097 0.092627 -0.000968
421300 -44602.97146728 6044.81062805 0.359211 5.9829 0.869097 0.092627 0.010947
421400 -44667.67782792 6032.70885439 0.358492 5.9829 0.869097 0.092627 -0.004612
421500 -44626.59685512 5974.35052238 0.355024 5.9815 0.869434 0.091961 0.011414
421600 -44741.33649826 6050.93253267 0.359575 5.9815 0.869434 0.091961 -0.037072
421700 -44627.66366847 6069.71910124 0.360692 5.9815 0.869434 0.091961 0.022969
421800 -44578.93650804 6030.13427385 0.358339 5.9815 0.869434 0.091961 0.033037
421900 -44678.09800854 6042.98466387 0.359103 5.9815 0.869434 0.091961 -0.017664
422000 -44719.00072264 6072.93871409 0.360883 5.9824 0.869199 0.092674 -0.029077
422100 -44692.14278419 6032.51168804 0.358481 5.9824 0.869199 0.092674 -0.007444
422200 -44705.53077137 6017.00353418 0.357559 5.9824 0.869199 0.092674 -0.016550
422300 -44651.53059724 6051.82987350 0.359629 5.9824 0.869199 0.092674 0.013730
422400 -44668.14731846 6054.59976507 0.359793 5.9824 0.869199 0.092674 0.001926
422500 -44667.20512798 6042.89105410 0.359097 5.9811 0.869379 0.092785 0.004189
422600 -44571.84307252 6018.27516884 0.357635 5.9811 0.869379 0.092785 0.038388
422700 -44674.14887948 6046.42577674 0.359307 5.9811 0.869379 0.092785 -0.003710
422800 -44677.72910630 5980.74920908 0.355405 5.9811 0.869379 0.092785 -0.008593
422900 -44721.33783682 6007.02438663 0.356966 5.9811 0.869379 0.092785 -0.018105
423000 -44748.82472553 6072.41046986 0.360852 5.9849 0.870867 0.090907 -0.033888
423100 -44712.07313468 6009.44002397 0.357110 5.9849 0.870867 0.090907 -0.014376
423200 -44698.21900957 6046.17948400 0.359293 5.9849 0.870867 0.090907 0.004888
423300 -44690.72088951 6079.51473311 0.361274 5.9849 0.870867 0.090907 -0.003658
423400 -44708.37280831 6119.13506006 0.363628 5.9849 0.870867 0.090907 -0.009705
423500 -44688.95006439 6070.75120224 0.360753 5.9818 0.869208 0.092328 -0.002638
423600 -44655.31977800 6099.57829758 0.362466 5.9818 0.869208 0.092328 0.010434
423700 -44678.55455656 5998.70081778 0.356471 5.9818 0.869208 0.092328 -0.012247
423800 -44672.33443503 6078.01900911 0.361185 5.9818 0.869208 0.092328 -0.000860
423900 -44647.48301385 6078.04541515 0.361186 5.9818 0.869208 0.092328 0.013159
424000 -44552.05362185 5997.27596652 0.356387 5.9821 0.865502 0.093492 0.045108
424100 -44593.15684244 6014.39769546 0.357404 5.9821 0.865502 0.093492 0.020103
424200 -44593.34129358 6050.11280299 0.359527 5.9821 0.865502 0.093492 0.010322
424300 -44618.01565540 6065.84922018 0.360462 5.9821 0.865502 0.093492 0.001864
424400 -44635.56891151 6055.20483801 0.359829 5.9821 0.865502 0.093492 -0.002763
424500 -44693.68764787 6132.42130088 0.364418 5.9816 0.868105 0.092715 -0.025900
424600 -44633.85044626 6085.39576793 0.361623 5.9816 0.868105 0.092715 -0.007461
424700 -44628.36009816 6045.15042806 0.359232 5.9816 0.868105 0.092715 -0.002542
424800 -44646.79999502 6043.42822803 0.359129 5.9816 0.868105 0.092715 -0.004873
424900 -44623.53686981 6144.89106920 0.365159 5.9816 0.868105 0.092715 0.013720
425000 -44670.01374296 6044.44713241 0.359190 5.9815 0.870115 0.092042 -0.014884
425100 -44687.68545824 5970.62731266 0.354803 5.9815 0.870115 0.092042 -0.013017
425200 -44725.20209872 6108.47108178 0.362994 5.9815 0.870115 0.092042 -0.026216
425300 -44589.33866281 5987.41029689 0.355800 5.9815 0.870115 0.092042 0.029368
425400 -44645.64804460 6078.46905816 0.361212 5.9815 0.870115 0.092042 0.004344
425500 -44642.84183765 6090.13396952 0.361905 5.9807 0.867964 0.092975 -0.008006
425600 -44706.59515538 6080.50829466 0.361333 5.9807 0.867964 0.092975 -0.029361
425700 -44628.78890124 6005.45277937 0.356873 5.9807 0.867964 0.092975 0.012502
425800 -44673.26841881 6129.97979484 0.364273 5.9807 0.867964 0.092975 -0.010744
425900 -44606.30899002 6041.36482559 0.359007 5.9807 0.867964 0.092975 0.007739
426000 -44624.23579186 6101.85163210 0.362601 5.9798 0.867105 0.092875 0.008143
426100 -44573.06236906 6131.96202191 0.364390 5.9798 0.867105 0.092875 0.021696
426200 -44593.37757950 6108.43610379 0.362992 5.9798 0.867105 0.092875 0.007262
426300 -44644.27448708 6100.31845119 0.362510 5.9798 0.867105 0.092875 -0.020510
426400 -44565.01828688 6030.42682620 0.358357 5.9798 0.867105 0.092875 0.016238
426500 -44594.16278906 6097.73976519 0.362357 5.9803 0.868838 0.092254 0.013364
426600 -44592.65862151 6017.93187582 0.357614 5.9803 0.868838 0.092254 0.015004
426700 -44629.13030461 6067.56983559 0.360564 5.9803 0.868838 0.092254 -0.001638
426800 -44617.32894758 6085.97911753 0.361658 5.9803 0.868838 0.092254 -0.006060
426900 -44626.57339092 6052.32218411 0.359658 5.9803 0.868838 0.092254 -0.008216
427000 -44608.12904351 6043.46318865 0.359131 5.9816 0.867686 0.092525 0.009183
427100 -44617.37269761 6112.55735088 0.363237 5.9816 0.867686 0.092525 0.002508
427200 -44584.07709275 6059.95849648 0.360112 5.9816 0.867686 0.092525 0.018088
427300 -44600.13145580 6017.46165301 0.357586 5.9816 0.867686 0.092525 0.000741
427400 -44666.10819457 6091.62758075 0.361994 5.9816 0.867686 0.092525 -0.024657
427500 -44635.27920323 6036.16936383 0.358698 5.9810 0.867348 0.092832 -0.009486
427600 -44658.70223250 6074.37923976 0.360969 5.9810 0.867348 0.092832 -0.015212
427700 -44651.20025618 6101.64178942 0.362589 5.9810 0.867348 0.092832 -0.007097
427800 -44608.31017465 6027.00449325 0.358153 5.9810 0.867348 0.092832 0.014052
427900 -44636.87576044 6075.79614541 0.361053 5.9810 0.867348 0.092832 0.004336
428000 -44590.71739776 6039.49405688 0.358896 5.9816 0.868449 0.093658 0.020160
428100 -44601.56313366 6073.63453111 0.360924 5.9816 0.868449 0.093658 0.010153
428200 -44560.86081822 6078.35596830 0.361205 5.9816 0.868449 0.093658 0.031132
428300 -44586.66780596 6126.16943390 0.364046 5.9816 0.868449 0.093658 0.012417
428400 -44565.99326201 6072.61523865 0.360864 5.9816 0.868449 0.093658 0.009820
428500 -44584.86130187 6089.74066709 0.361881 5.9796 0.868124 0.093317 0.003826
428600 -44573.25153855 6135.33769441 0.364591 5.9796 0.868124 0.093317 0.016243
428700 -44559.44616594 6068.43553234 0.360615 5.9796 0.868124 0.093317 0.004078
428800 -44574.59062812 6084.87428204 0.361592 5.9796 0.868124 0.093317 -0.001777
428900 -44559.90972433 6067.84269914 0.360580 5.9796 0.868124 0.093317 0.011312
429000 -44592.07561012 6113.36116333 0.363285 5.9791 0.867586 0.093408 -0.000280
429100 -44582.87027529 6045.39170873 0.359246 5.9791 0.867586 0.093408 -0.002189
429200 -44594.18103841 6080.00374518 0.361303 5.9791 0.867586 0.093408 -0.007177
429300 -44660.61742074 6080.00035202 0.361303 5.9791 0.867586 0.093408 -0.033979
429400 -44644.94205980 6088.55132098 0.361811 5.9791 0.867586 0.093408 -0.021595
429500 -44587.65097542 5991.57191581 0.356048 5.9823 0.866553 0.093547 0.000448
429600 -44601.42347467 6055.07765533 0.359822 5.9823 0.866553 0.093547 -0.005058
429700 -44584.90578063 6100.16659706 0.362501 5.9823 0.866553 0.093547 0.009478
429800 -44579.65372794 6085.26147861 0.361615 5.9823 0.866553 0.093547 0.009099
429900 -44576.45204365 6079.98047128 0.361301 5.9823 0.866553 0.093547 0.002267
430000 -44561.37018339 6023.35347365 0.357936 5.9807 0.866697 0.093398 0.007815
430100 -44613.52157923 6037.05050579 0.358750 5.9807 0.866697 0.093398 -0.009778
430200 -44571.94535343 6057.61441818 0.359972 5.9807 0.866697 0.093398 0.006421
430300 -44595.49056498 6109.01778316 0.363027 5.9807 0.866697 0.093398 -0.001966
430400 -44604.27784197 6106.76313729 0.362893 5.9807 0.866697 0.093398 -0.007453
430500 -44608.38586276 6083.17060173 0.361491 5.9809 0.869035 0.093218 -0.014079
430600 -44622.23411670 6036.87311406 0.358740 5.9809 0.869035 0.093218 -0.020886
430700 -44584.83323695 6023.11075623 0.357922 5.9809 0.869035 0.093218 0.002627
430800 -44624.37982132 6075.23644860 0.361020 5.9809 0.869035 0.093218 -0.013232
430900 -44596.58210889 6111.85074690 0.363195 5.9809 0.869035 0.093218 0.000450
431000 -44599.15801993 6057.41329708 0.359960 5.9811 0.866324 0.092959 -0.005099
431100 -44592.03084337 6015.87202696 0.357492 5.9811 0.866324 0.092959 -0.004745
431200 -44574.88990212 6073.15051695 0.360896 5.9811 0.866324 0.092959 0.016548
431300 -44545.99655175 6036.29998800 0.358706 5.9811 0.866324 0.092959 0.015095
431400 -44629.40590876 6024.79342013 0.358022 5.9811 0.866324 0.092959 -0.027666
431500 -44635.00281827 6068.55459922 0.360622 5.9806 0.867196 0.093119 -0.016203
431600 -44615.25803385 6053.67605640 0.359738 5.9806 0.867196 0.093119 -0.003918
431700 -44579.90542416 6087.19802940 0.361730 5.9806 0.867196 0.093119 0.009959
431800 -44628.16402398 6057.56331999 0.359969 5.9806 0.867196 0.093119 -0.013149
431900 -44665.12364731 6010.67573790 0.357183 5.9806 0.867196 0.093119 -0.026979
432000 -44589.85021626 6052.08929996 0.359644 5.9784 0.867177 0.093816 0.020523
432100 -44611.56363159 6094.80031154 0.362182 5.9784 0.867177 0.093816 0.002511
432200 -44597.05603237 6037.70166147 0.358789 5.9784 0.867177 0.093816 0.003170
432300 -44687.61941862 6035.53933806 0.358661 5.9784 0.867177 0.093816 -0.029621
432400 -44673.05710259 6066.74169145 0.360515 5.9784 0.867177 0.093816 -0.025967
432500 -44643.82101202 6054.79675637 0.359805 5.9816 0.868824 0.092458 -0.007394
432600 -44629.99962726 6114.55824319 0.363356 5.9816 0.868824 0.092458 0.007058
432700 -44610.60014533 6071.61798901 0.360804 5.9816 0.868824 0.092458 -0.004619
432800 -44568.36930686 6042.88507060 0.359097 5.9816 0.868824 0.092458 0.014620
432900 -44613.61419064 6087.10471042 0.361725 5.9816 0.868824 0.092458 -0.009827
433000 -44597.83571057 6046.57170389 0.359316 5.9813 0.868418 0.092346 -0.001141
433100 -44618.46448400 6014.59202874 0.357416 5.9813 0.868418 0.092346 -0.006705
433200 -44662.62855392 6070.66968012 0.360748 5.9813 0.868418 0.092346 -0.018378
433300 -44629.96256328 6031.76323229 0.358436 5.9813 0.868418 0.092346 -0.008473
433400 -44672.77338606 6061.63349588 0.360211 5.9813 0.868418 0.092346 -0.025226
433500 -44547.73642787 6068.19522779 0.360601 5.9817 0.867570 0.093202 0.038122
433600 -44602.01449498 6061.89575908 0.360227 5.9817 0.867570 0.093202 0.008237
433700 -44667.30148804 6094.81304847 0.362183 5.9817 0.867570 0.093202 -0.022934
433800 -44624.91748362 6121.05492963 0.363742 5.9817 0.867570 0.093202 -0.004998
433900 -44626.36961328 6119.51780081 0.363651 5.9817 0.867570 0.093202 -0.003983
434000 -44598.27377484 6060.88849799 0.360167 5.9831 0.866834 0.092545 0.010233
434100 -44586.40630785 6042.27388046 0.359061 5.9831 0.866834 0.092545 0.011142
434200 -44664.47320263 6117.16500540 0.363511 5.9831 0.866834 0.092545 -0.018679
434300 -44659.29805020 6096.67369695 0.362293 5.9831 0.866834 0.092545 -0.018316
434400 -44624.77246260 5998.40119945 0.356454 5.9831 0.866834 0.092545 0.003044
434500 -44623.01849377 6117.95683137 0.363558 5.9817 0.868876 0.092206 0.010118
434600 -44606.00296853 6032.67559286 0.358490 5.9817 0.868876 0.092206 0.012216
434700 -44608.30660487 6031.39473786 0.358414 5.9817 0.868876 0.092206 0.007222
434800 -44646.17799492 6029.63845390 0.358310 5.9817 0.868876 0.092206 -0.005754
434900 -44598.97715264 6046.52512149 0.359313 5.9817 0.868876 0.092206 0.018564
435000 -44660.11971263 6093.29859648 0.362093 5.9828 0.870174 0.091979 -0.010669
435100 -44603.06672430 6086.17740732 0.361670 5.9828 0.870174 0.091979 0.013824
435200 -44630.64949251 6061.91295210 0.360228 5.9828 0.870174 0.091979 0.000275
435300 -44610.86109398 5969.41490133 0.354731 5.9828 0.870174 0.091979 -0.001711
435400 -44700.83719904 6037.81074466 0.358796 5.9828 0.870174 0.091979 -0.029634
435500 -44645.57986731 5983.29666376 0.355556 5.9794 0.869652 0.092902 -0.000583
435600 -44659.53637444 6066.63127488 0.360508 5.9794 0.869652 0.092902 -0.002680
435700 -44637.91236556 6079.39167367 0.361266 5.9794 0.869652 0.092902 0.006463
435800 -44704.90363115 6053.60761478 0.359734 5.9794 0.869652 0.092902 -0.016102
435900 -44566.25831089 5873.69565617 0.349043 5.9794 0.869652 0.092902 0.048668
436000 -44714.43330505 6012.06276206 0.357265 5.9819 0.868700 0.091906 -0.012170
436100 -44649.50853245 5996.19296215 0.356322 5.9819 0.868700 0.091906 0.009849
436200 -44693.94911800 6064.49594135 0.360381 5.9819 0.868700 0.091906 -0.016002
436300 -44666.72194347 6035.70403886 0.358670 5.9819 0.868700 0.091906 -0.002101
436400 -44674.71691653 6042.61295193 0.359081 5.9819 0.868700 0.091906 0.003837
436500 -44730.25717490 6046.42225700 0.359307 5.9787 0.870391 0.091845 -0.027926
436600 -44675.31054048 6035.46701071 0.358656 5.9787 0.870391 0.091845 -0.003546
436700 -44672.84939593 6067.63771241 0.360568 5.9787 0.870391 0.091845 0.001968
436800 -44676.78547261 6024.70620011 0.358017 5.9787 0.870391 0.091845 -0.018271
436900 -44753.58641430 6007.58229856 0.356999 5.9787 0.870391 0.091845 -0.041184
437000 -44726.61063271 6067.11678680 0.360537 5.9804 0.870479 0.092671 -0.016538
437100 -44640.64830036 5997.39575193 0.356394 5.9804 0.870479 0.092671 0.019681
437200 -44635.56417229 6030.79133786 0.358378 5.9804 0.870479 0.092671 0.016586
437300 -44753.96427155 6030.47240571 0.358359 5.9804 0.870479 0.092671 -0.033601
437400 -44681.79341461 6024.63017213 0.358012 5.9804 0.870479 0.092671 -0.006468
437500 -44718.26106498 6031.69691986 0.358432 5.9817 0.870048 0.092039 -0.015936
437600 -44666.57608054 6023.56452148 0.357949 5.9817 0.870048 0.092039 0.010214
437700 -44674.82755413 6029.32992007 0.358292 5.9817 0.870048 0.092039 0.011744
437800 -44728.28855885 6072.98918675 0.360886 5.9817 0.870048 0.092039 -0.019975
437900 -44708.97406947 5994.56274701 0.356226 5.9817 0.870048 0.092039 -0.005151
438000 -44641.64423369 6036.71791620 0.358731 5.9836 0.867730 0.092288 0.028332
438100 -44713.31103122 6031.18335083 0.358402 5.9836 0.867730 0.092288 -0.005759
438200 -44700.13136070 5982.62760690 0.355516 5.9836 0.867730 0.092288 0.003982
438300 -44688.21847002 5967.83799860 0.354637 5.9836 0.867730 0.092288 0.000700
438400 -44680.58654938 6013.27676131 0.357338 5.9836 0.867730 0.092288 0.013302
438500 -44710.02473205 6037.34542739 0.358768 5.9810 0.870024 0.092348 -0.000657
438600 -44670.89081965 6023.14566026 0.357924 5.9810 0.870024 0.092348 0.020904
438700 -44660.42213819 6081.38113442 0.361385 5.9810 0.870024 0.092348 0.019160
438800 -44615.07582402 6066.11711741 0.360478 5.9810 0.870024 0.092348 0.026978
438900 -44590.43034616 6070.27805159 0.360725 5.9810 0.870024 0.092348 0.030814
439000 -44584.48428117 6027.02106011 0.358154 5.9802 0.865521 0.093969 0.023554
439100 -44616.02043921 6060.58633889 0.360149 5.9802 0.865521 0.093969 0.005623
439200 -44626.74200171 6105.35731654 0.362809 5.9802 0.865521 0.093969 -0.000468
439300 -44594.08147915 6114.10903884 0.363330 5.9802 0.865521 0.093969 0.012683
439400 -44563.26346384 6126.92640779 0.364091 5.9802 0.865521 0.093969 0.006962
439500 -44604.72513165 6132.77096586 0.364438 5.9824 0.869854 0.092061 -0.008471
439600 -44601.99690254 6080.66205469 0.361342 5.9824 0.869854 0.092061 -0.000678
439700 -44582.31829686 6083.17977823 0.361492 5.9824 0.869854 0.092061 0.003324
439800 -44617.84979485 6122.49461260 0.363828 5.9824 0.869854 0.092061 -0.014916
439900 -44570.31389098 6099.19444566 0.362443 5.9824 0.869854 0.092061 0.003985
440000 -44586.67516773 6048.98161940 0.359459 5.9832 0.868399 0.092891 -0.000998
440100 -44603.87454604 6037.29745723 0.358765 5.9832 0.868399 0.092891 -0.006388
440200 -44615.16525241 6004.85748418 0.356837 5.9832 0.868399 0.092891 -0.010033
440300 -44676.49210685 6049.60308497 0.359496 5.9832 0.868399 0.092891 -0.025700
440400 -44623.36719830 6035.88620079 0.358681 5.9832 0.868399 0.092891 -0.001950
440500 -44628.73461611 6029.26841278 0.358288 5.9829 0.867116 0.092865 0.003098
440600 -44618.84372327 6000.08199750 0.356553 5.9829 0.867116 0.092865 0.015344
440700 -44625.53788864 6065.24648309 0.360426 5.9829 0.867116 0.092865 0.009731
440800 -44638.73528578 6060.41928183 0.360139 5.9829 0.867116 0.092865 0.001055
440900 -44688.62759503 6145.01089099 0.365166 5.9829 0.867116 0.092865 -0.015536
441000 -44663.99419239 6082.15976487 0.361431 5.9802 0.867738 0.092569 -0.015979
441100 -44551.88036529 6045.20171291 0.359235 5.9802 0.867738 0.092569 0.031556
441200 -44605.29858151 6111.42713352 0.363170 5.9802 0.867738 0.092569 0.000390
441300 -44626.70098018 6064.37333696 0.360374 5.9802 0.867738 0.092569 -0.008950
441400 -44625.95195791 5986.72631843 0.355760 5.9802 0.867738 0.092569 -0.002641
441500 -44609.32071791 6003.25013938 0.356742 5.9806 0.864898 0.093172 0.011985
441600 -44639.40743253 6034.94832816 0.358625 5.9806 0.864898 0.093172 0.000273
441700 -44638.78680711 6083.26034039 0.361496 5.9806 0.864898 0.093172 0.006275
441800 -44617.42091441 6089.37175164 0.361860 5.9806 0.864898 0.093172 0.007204
441900 -44622.99102215 6053.19531939 0.359710 5.9806 0.864898 0.093172 -0.000894
442000 -44631.62500909 6048.59680843 0.359436 5.9816 0.869423 0.091637 -0.010206
442100 -44585.23188975 6038.01391078 0.358808 5.9816 0.869423 0.091637 0.025651
442200 -44629.86988823 6066.95133838 0.360527 5.9816 0.869423 0.091637 -0.006662
442300 -44625.48387736 6107.05152514 0.362910 5.9816 0.869423 0.091637 -0.004919
442400 -44613.36321969 6096.34867265 0.362274 5.9816 0.869423 0.091637 0.003774
442500 -44661.30014232 6124.14328630 0.363926 5.9835 0.869298 0.091894 -0.019019
442600 -44630.08525726 6015.24269588 0.357454 5.9835 0.869298 0.091894 -0.007083
442700 -44669.49767867 5924.25191593 0.352047 5.9835 0.869298 0.091894 -0.008278
442800 -44667.14524226 6003.29502798 0.356744 5.9835 0.869298 0.091894 -0.010731
442900 -44690.82287171 6055.50681932 0.359847 5.9835 0.869298 0.091894 -0.016064
443000 -44612.71890088 6018.31430216 0.357637 5.9803 0.865502 0.093547 0.023268
443100 -44718.36459011 6029.46839405 0.358300 5.9803 0.865502 0.093547 -0.034801
443200 -44661.69023365 5987.40235397 0.355800 5.9803 0.865502 0.093547 -0.003928
443300 -44666.87960980 6055.05815909 0.359820 5.9803 0.865502 0.093547 0.004580
443400 -44677.90166128 5988.69531301 0.355877 5.9803 0.865502 0.093547 -0.005885
443500 -44732.19460365 6037.71299039 0.358790 5.9816 0.871458 0.091384 -0.024880
443600 -44636.47027657 5963.36242179 0.354371 5.9816 0.871458 0.091384 0.023109
443700 -44671.92050016 5968.42800878 0.354672 5.9816 0.871458 0.091384 0.003636
443800 -44642.56100826 6043.19229059 0.359115 5.9816 0.871458 0.091384 0.020925
443900 -44624.45923911 6093.09511117 0.362081 5.9816 0.871458 0.091384 0.033222
444000 -44642.31877339 6088.19971671 0.361790 5.9818 0.868371 0.092549 0.011316
444100 -44575.17693760 5986.77460392 0.355763 5.9818 0.868371 0.092549 0.038452
444200 -44641.56324130 6077.42582733 0.361150 5.9818 0.868371 0.092549 0.005079
444300 -44649.81315453 6106.73147355 0.362891 5.9818 0.868371 0.092549 -0.003868
444400 -44665.60944146 6026.34950615 0.358114 5.9818 0.868371 0.092549 -0.014298
444500 -44683.34001863 6180.50465990 0.367275 5.9823 0.866978 0.092718 -0.018678
444600 -44650.32847697 6117.04284954 0.363504 5.9823 0.866978 0.092718 0.001815
444700 -44648.41188184 6047.72737394 0.359385 5.9823 0.866978 0.092718 -0.009231
444800 -44647.69204802 5941.86105667 0.353094 5.9823 0.866978 0.092718 0.002460
444900 -44691.86144071 5927.93882815 0.352266 5.9823 0.866978 0.092718 -0.009978
445000 -44771.19838283 5956.08680459 0.353939 5.9823 0.871425 0.091814 -0.030598
445100 -44686.01971639 6043.06055389 0.359107 5.9823 0.871425 0.091814 0.025577
445200 -44655.33729077 6067.62088495 0.360567 5.9823 0.871425 0.091814 0.019088
445300 -44660.65396801 6010.28587495 0.357160 5.9823 0.871425 0.091814 0.014281
445400 -44653.37076455 5991.16143086 0.356023 5.9823 0.871425 0.091814 0.013754
445500 -44773.44666379 6093.85650240 0.362126 5.9851 0.872468 0.091186 -0.029824
445600 -44718.17953931 5993.75820171 0.356178 5.9851 0.872468 0.091186 -0.011169
445700 -44660.24640474 5989.59716227 0.355930 5.9851 0.872468 0.091186 0.020135
445800 -44744.39083769 6046.86432769 0.359334 5.9851 0.872468 0.091186 -0.015683
445900 -44761.38618019 6024.73744532 0.358019 5.9851 0.872468 0.091186 -0.015770
446000 -44740.84729820 6021.58571890 0.357831 5.9802 0.869052 0.092389 -0.004662
446100 -44718.88836334 6073.10919376 0.360893 5.9802 0.869052 0.092389 0.003125
446200 -44721.04503068 6095.35320335 0.362215 5.9802 0.869052 0.092389 -0.005503
446300 -44672.64732640 6023.92837203 0.357971 5.9802 0.869052 0.092389 0.011365
446400 -44650.81333166 5964.00992582 0.354410 5.9802 0.869052 0.092389 0.008764
446500 -44699.55862186 6065.41490207 0.360436 5.9815 0.869522 0.092211 -0.006345
446600 -44695.84246947 6129.25668203 0.364230 5.9815 0.869522 0.092211 -0.003681
446700 -44662.70405297 6072.22613826 0.360841 5.9815 0.869522 0.092211 0.008949
446800 -44661.01413308 5997.95405640 0.356427 5.9815 0.869522 0.092211 -0.003245
446900 -44658.75809772 6040.76076485 0.358971 5.9815 0.869522 0.092211 0.002176
447000 -44694.38210200 6003.97683877 0.356785 5.9798 0.870047 0.091998 -0.008682
447100 -44622.09718340 6022.46493902 0.357884 5.9798 0.870047 0.091998 0.014051
447200 -44582.90254342 6051.86042894 0.359630 5.9798 0.870047 0.091998 0.033519
447300 -44623.13243216 6072.30447750 0.360845 5.9798 0.870047 0.091998 0.009319
447400 -44630.96957299 6035.02269270 0.358630 5.9798 0.870047 0.091998 0.001742
447500 -44670.28159759 5990.28229300 0.355971 5.9813 0.868099 0.092681 -0.009285
447600 -44624.46599612 5988.24903590 0.355850 5.9813 0.868099 0.092681 0.003652
447700 -44584.79002803 5999.58076139 0.356524 5.9813 0.868099 0.092681 0.029773
447800 -44688.90721799 6082.65575630 0.361460 5.9813 0.868099 0.092681 -0.017849
447900 -44617.05215018 6032.71305295 0.358493 5.9813 0.868099 0.092681 0.014241
448000 -44642.69972981 6148.59317391 0.365379 5.9810 0.866537 0.093433 0.007488
448100 -44599.93640773 6053.50040686 0.359728 5.9810 0.866537 0.093433 0.012346
448200 -44588.70508585 6100.28769264 0.362508 5.9810 0.866537 0.093433 0.013232
448300 -44556.33651782 6083.97853224 0.361539 5.9810 0.866537 0.093433 0.011330
448400 -44512.99505763 6085.62846896 0.361637 5.9810 0.866537 0.093433 0.031143
448500 -44471.79379595 6027.93652214 0.358209 5.9812 0.862441 0.094486 0.024487
448600 -44554.31826183 6132.02622615 0.364394 5.9812 0.862441 0.094486 -0.004585
448700 -44568.96475196 6058.01628795 0.359996 5.9812 0.862441 0.094486 -0.005895
448800 -44558.46675149 6062.16438039 0.360243 5.9812 0.862441 0.094486 -0.002856
448900 -44587.20153778 6087.38975621 0.361742 5.9812 0.862441 0.094486 -0.006048
449000 -44533.93755162 5994.52313398 0.356223 5.9798 0.864816 0.093384 0.015598
449100 -44593.85901037 6029.64381760 0.358310 5.9798 0.864816 0.093384 -0.009866
449200 -44664.59246240 6047.80351544 0.359389 5.9798 0.864816 0.093384 -0.021641
449300 -44612.98460577 6041.65097272 0.359024 5.9798 0.864816 0.093384 -0.002702
449400 -44607.11863540 6080.63550878 0.361340 5.9798 0.864816 0.093384 0.008562
449500 -44622.62756240 5997.70705840 0.356412 5.9816 0.870042 0.092627 -0.011020
449600 -44573.32282964 6057.66656721 0.359975 5.9816 0.870042 0.092627 0.013801
449700 -44620.87439414 6063.61462281 0.360329 5.9816 0.870042 0.092627 -0.003766
449800 -44589.75909815 6020.63650052 0.357775 5.9816 0.870042 0.092627 0.001249
449900 -44592.68817557 5976.40372569 0.355146 5.9816 0.870042 0.092627 0.003124
450000 -44630.97567122 5988.16557219 0.355845 5.9809 0.869292 0.092603 -0.002265
450100 -44671.17491760 5977.26863245 0.355198 5.9809 0.869292 0.092603 -0.011262
450200 -44639.26769769 6075.74355339 0.361050 5.9809 0.869292 0.092603 -0.000283
450300 -44654.92012992 6045.42158272 0.359248 5.9809 0.869292 0.092603 -0.005815
450400 -44622.38674481 6026.85829738 0.358145 5.9809 0.869292 0.092603 0.014072
450500 -44596.08797490 6115.22182381 0.363396 5.9809 0.867129 0.093187 0.018018
450600 -44643.03691289 6062.27124886 0.360249 5.9809 0.867129 0.093187 -0.003120
450700 -44674.65118793 5979.44044678 0.355327 5.9809 0.867129 0.093187 -0.025700
450800 -44653.87750441 5986.01937462 0.355718 5.9809 0.867129 0.093187 -0.012485
450900 -44698.75795848 6031.61719312 0.358427 5.9809 0.867129 0.093187 -0.022345
451000 -44711.61248657 6001.28666623 0.356625 5.9838 0.869490 0.092176 -0.020412
451100 -44742.66908516 6128.34338317 0.364175 5.9838 0.869490 0.092176 -0.030241
451200 -44694.21523917 6082.85575061 0.361472 5.9838 0.869490 0.092176 -0.011411
451300 -44750.17509428 6087.17266279 0.361729 5.9838 0.869490 0.092176 -0.037075
451400 -44688.77820501 6126.00840441 0.364037 5.9838 0.869490 0.092176 -0.009414
451500 -44699.53823881 6035.89745687 0.358682 5.9834 0.868943 0.092733 -0.011299
451600 -44629.51542925 6073.94555419 0.360943 5.9834 0.868943 0.092733 0.011386
451700 -44683.32844087 6126.10995869 0.364043 5.9834 0.868943 0.092733 -0.006544
451800 -44658.13388327 6070.18401231 0.360719 5.9834 0.868943 0.092733 -0.005889
451900 -44729.07250415 6110.87220946 0.363137 5.9834 0.868943 0.092733 -0.028085
452000 -44684.89282512 5970.26640302 0.354782 5.9835 0.870194 0.092250 0.001988
452100 -44718.16537284 5998.01451855 0.356431 5.9835 0.870194 0.092250 -0.008212
452200 -44632.79348426 6024.17205914 0.357985 5.9835 0.870194 0.092250 0.032382
452300 -44722.14124913 6047.05324194 0.359345 5.9835 0.870194 0.092250 -0.015581
452400 -44720.59445244 5926.74976628 0.352196 5.9835 0.870194 0.092250 -0.010469
452500 -44706.74943898 6030.90340444 0.358385 5.9819 0.867887 0.092805 0.006963
452600 -44713.08860347 5963.08934149 0.354355 5.9819 0.867887 0.092805 -0.008574
452700 -44747.86203426 5896.92229078 0.350423 5.9819 0.867887 0.092805 -0.013665
452800 -44760.99946945 5957.20966649 0.354006 5.9819 0.867887 0.092805 -0.012924
452900 -44762.73868781 6057.86635440 0.359987 5.9819 0.867887 0.092805 -0.011640
453000 -44782.40498693 5990.11765008 0.355961 5.9842 0.871058 0.091605 -0.011334
453100 -44734.88171847 6003.04434733 0.356730 5.9842 0.871058 0.091605 0.015324
453200 -44731.73294371 5998.77347918 0.356476 5.9842 0.871058 0.091605 0.012789
453300 -44720.06777773 6050.10338776 0.359526 5.9842 0.871058 0.091605 0.009191
453400 -44724.75595287 6035.26650250 0.358644 5.9842 0.871058 0.091605 0.006469
453500 -44715.59617502 6065.01796966 0.360412 5.9821 0.869955 0.091960 0.002893
453600 -44762.95133463 6052.49349114 0.359668 5.9821 0.869955 0.091960 -0.024639
453700 -44709.93591754 5967.72878568 0.354631 5.9821 0.869955 0.091960 0.004988
453800 -44695.40411018 6032.91664328 0.358505 5.9821 0.869955 0.091960 0.016233
453900 -44735.42553320 6057.57985622 0.359970 5.9821 0.869955 0.091960 -0.012602
454000 -44652.57051031 5978.45633683 0.355268 5.9803 0.868955 0.092873 0.026866
454100 -44685.36735938 6034.16040776 0.358579 5.9803 0.868955 0.092873 0.006388
454200 -44676.32685470 6014.22197095 0.357394 5.9803 0.868955 0.092873 0.010241
454300 -44589.42725123 5952.18611332 0.353707 5.9803 0.868955 0.092873 0.045472
454400 -44659.40631558 6000.89520574 0.356602 5.9803 0.868955 0.092873 0.015427
454500 -44643.69270856 6088.94441963 0.361834 5.9824 0.868885 0.092781 0.026619
454600 -44670.86281217 6049.82034583 0.359509 5.9824 0.868885 0.092781 0.009793
454700 -44661.93547681 6023.55576309 0.357948 5.9824 0.868885 0.092781 0.001586
454800 -44671.06857928 6035.59640273 0.358664 5.9824 0.868885 0.092781 -0.003665
454900 -44671.89865544 6059.31405700 0.360073 5.9824 0.868885 0.092781 0.006343
455000 -44708.19448791 6026.22655003 0.358107 5.9834 0.870635 0.091924 -0.022400
455100 -44678.44362300 5951.32710230 0.353656 5.9834 0.870635 0.091924 -0.001817
455200 -44694.68653983 5974.01406468 0.355004 5.9834 0.870635 0.091924 -0.000206
455300 -44651.39926358 6044.15698142 0.359173 5.9834 0.870635 0.091924 0.022167
455400 -44631.74211913 6077.30310294 0.361142 5.9834 0.870635 0.091924 0.026181
455500 -44665.68944339 6132.93412842 0.364448 5.9818 0.868241 0.092385 -0.001441
455600 -44592.65928065 6110.62182442 0.363122 5.9818 0.868241 0.092385 0.019091
455700 -44574.00456904 6067.33317721 0.360550 5.9818 0.868241 0.092385 0.032433
455800 -44490.37612632 6085.01583723 0.361601 5.9818 0.868241 0.092385 0.058553
455900 -44603.64824609 6175.38885364 0.366971 5.9818 0.868241 0.092385 -0.004177
456000 -44549.43925576 6089.07004485 0.361842 5.9806 0.865925 0.093910 0.009511
456100 -44495.36144196 6083.00191345 0.361481 5.9806 0.865925 0.093910 0.030639
456200 -44534.56143485 6035.93624357 0.358684 5.9806 0.865925 0.093910 0.008049
456300 -44578.32951829 6110.62961010 0.363123 5.9806 0.865925 0.093910 -0.008894
456400 -44556.55644560 6179.12889179 0.367193 5.9806 0.865925 0.093910 0.004713
456500 -44597.60567015 6159.39298070 0.366021 5.9802 0.868097 0.092660 -0.019544
456600 -44564.06307690 6159.28101676 0.366014 5.9802 0.868097 0.092660 -0.004790
456700 -44581.32077366 6144.47504820 0.365134 5.9802 0.868097 0.092660 -0.007012
456800 -44587.45003649 6108.07483014 0.362971 5.9802 0.868097 0.092660 -0.015508
456900 -44593.37858934 6085.39064434 0.361623 5.9802 0.868097 0.092660 -0.025844
457000 -44590.92262209 6016.76387131 0.357545 5.9803 0.865556 0.093757 -0.011661
457100 -44627.64708965 6053.69751647 0.359740 5.9803 0.865556 0.093757 -0.023991
457200 -44512.04079633 5949.08352961 0.353523 5.9803 0.865556 0.093757 0.025157
457300 -44631.50642181 6163.77786489 0.366281 5.9803 0.865556 0.093757 -0.014515
457400 -44617.73914098 6042.16190183 0.359054 5.9803 0.865556 0.093757 -0.010947
457500 -44641.93361398 6123.55360364 0.363891 5.9821 0.866485 0.093017 -0.015020
457600 -44684.87871919 6041.41624784 0.359010 5.9821 0.866485 0.093017 -0.026909
457700 -44603.88421216 6002.08781884 0.356673 5.9821 0.866485 0.093017 0.007373
457800 -44635.84623713 6055.31517834 0.359836 5.9821 0.866485 0.093017 -0.009560
457900 -44711.70640542 6056.33050804 0.359896 5.9821 0.866485 0.093017 -0.027970
458000 -44701.52510707 5997.43123835 0.356396 5.9825 0.869499 0.092320 -0.016127
458100 -44665.60870280 6000.19558270 0.356560 5.9825 0.869499 0.092320 0.000823
458200 -44698.86092627 5992.97043804 0.356131 5.9825 0.869499 0.092320 -0.010603
458300 -44713.54161491 6094.61367846 0.362171 5.9825 0.869499 0.092320 -0.012929
458400 -44680.14983651 6066.87487150 0.360523 5.9825 0.869499 0.092320 0.006859
458500 -44638.76456669 6044.48808234 0.359192 5.9804 0.866911 0.093178 0.021664
458600 -44615.89146728 5970.91511507 0.354820 5.9804 0.866911 0.093178 0.026356
458700 -44637.65801532 6016.60797719 0.357536 5.9804 0.866911 0.093178 0.007706
458800 -44615.53336501 6043.35774676 0.359125 5.9804 0.866911 0.093178 0.022976
458900 -44654.37886275 6116.87004992 0.363494 5.9804 0.866911 0.093178 0.000941
459000 -44576.65157259 6012.56801261 0.357295 5.9800 0.868044 0.093291 0.026485
459100 -44589.15814841 6121.01966058 0.363740 5.9800 0.868044 0.093291 0.021476
459200 -44609.82365513 6063.39693932 0.360316 5.9800 0.868044 0.093291 -0.000110
459300 -44594.54483068 6055.27392129 0.359833 5.9800 0.868044 0.093291 0.011205
459400 -44551.08467126 6072.07833823 0.360832 5.9800 0.868044 0.093291 0.018080
459500 -44643.23484027 6093.33872925 0.362095 5.9794 0.868439 0.092583 -0.022392
459600 -44623.29904892 6054.53590033 0.359789 5.9794 0.868439 0.092583 -0.002330
459700 -44580.90425492 6072.22701696 0.360841 5.9794 0.868439 0.092583 0.013569
459800 -44601.17610435 6063.70715837 0.360334 5.9794 0.868439 0.092583 -0.003696
459900 -44619.44484964 5988.83248407 0.355885 5.9794 0.868439 0.092583 -0.006942
460000 -44596.95095783 5955.92307952 0.353929 5.9816 0.867304 0.092858 0.011211
460100 -44644.24031698 6031.87405748 0.358443 5.9816 0.867304 0.092858 -0.014470
460200 -44606.19218671 6062.35006419 0.360254 5.9816 0.867304 0.092858 0.012741
460300 -44718.19793815 6095.24600339 0.362209 5.9816 0.867304 0.092858 -0.039292
460400 -44626.80196944 6023.20418222 0.357928 5.9816 0.867304 0.092858 0.002654
460500 -44643.18466621 6037.33336795 0.358767 5.9818 0.868303 0.092431 0.000364
460600 -44676.66394121 6058.42359164 0.360020 5.9818 0.868303 0.092431 -0.015472
460700 -44669.76978274 6076.52217798 0.361096 5.9818 0.868303 0.092431 -0.015976
460800 -44686.17600983 6043.17857583 0.359114 5.9818 0.868303 0.092431 -0.025018
460900 -44647.70204100 6068.54802083 0.360622 5.9818 0.868303 0.092431 0.004816
461000 -44604.97636392 5999.82215955 0.356538 5.9818 0.868784 0.092182 0.014776
461100 -44617.67790502 6151.14788147 0.365531 5.9818 0.868784 0.092182 0.016129
461200 -44578.72080430 6048.59851006 0.359437 5.9818 0.868784 0.092182 0.020866
461300 -44567.76302697 6093.06407545 0.362079 5.9818 0.868784 0.092182 0.018498
461400 -44557.66504855 6052.57142345 0.359673 5.9818 0.868784 0.092182 0.022671
461500 -44572.81247821 6054.33476622 0.359777 5.9767 0.866363 0.093344 0.027645
461600 -44522.40799038 6063.07813775 0.360297 5.9767 0.866363 0.093344 0.033876
461700 -44521.56165574 6068.09211888 0.360595 5.9767 0.866363 0.093344 0.021851
461800 -44567.18974306 6038.73305684 0.358850 5.9767 0.866363 0.093344 0.002345
461900 -44570.47479712 6003.10321965 0.356733 5.9767 0.866363 0.093344 0.004525
462000 -44591.84303560 6006.86397597 0.356956 5.9805 0.868453 0.093086 -0.001335
462100 -44527.29118559 6008.70813214 0.357066 5.9805 0.868453 0.093086 0.025151
462200 -44582.04989714 6015.64221389 0.357478 5.9805 0.868453 0.093086 -0.009250
462300 -44590.76153670 6048.56764209 0.359435 5.9805 0.868453 0.093086 0.002054
462400 -44575.01237874 6110.89811935 0.363139 5.9805 0.868453 0.093086 0.005779
462500 -44610.33951175 6142.09329704 0.364992 5.9806 0.867607 0.092546 -0.016322
462600 -44561.74639764 6044.66271054 0.359203 5.9806 0.867607 0.092546 0.014600
462700 -44587.72768452 6091.35196872 0.361977 5.9806 0.867607 0.092546 -0.007340
462800 -44572.84886970 6073.75324164 0.360931 5.9806 0.867607 0.092546 0.004283
462900 -44580.50752135 6005.17144133 0.356856 5.9806 0.867607 0.092546 -0.007449
463000 -44626.60119781 6088.10460706 0.361784 5.9798 0.867628 0.094332 -0.029984
463100 -44526.60508333 6001.18957190 0.356619 5.9798 0.867628 0.094332 0.014755
463200 -44586.40700244 6060.20828194 0.360126 5.9798 0.867628 0.094332 -0.003844
463300 -44583.39061491 6129.25739218 0.364230 5.9798 0.867628 0.094332 -0.006643
463400 -44525.21590889 5998.01572475 0.356431 5.9798 0.867628 0.094332 0.003949
463500 -44614.29662642 5995.00773878 0.356252 5.9818 0.867651 0.092953 -0.017186
463600 -44686.26873437 5987.90026129 0.355830 5.9818 0.867651 0.092953 -0.042641
463700 -44671.05968339 5965.84925955 0.354519 5.9818 0.867651 0.092953 -0.015823
463800 -44681.49074661 6087.84731749 0.361769 5.9818 0.867651 0.092953 -0.011517
463900 -44692.70528018 5999.23238476 0.356503 5.9818 0.867651 0.092953 -0.016682
464000 -44674.98161800 6028.23019183 0.358226 5.9816 0.869602 0.092534 -0.008015
464100 -44661.06420431 6064.80308639 0.360400 5.9816 0.869602 0.092534 -0.005046
464200 -44619.08395491 6123.55926713 0.363891 5.9816 0.869602 0.092534 0.006808
464300 -44563.44938186 6068.44432178 0.360616 5.9816 0.869602 0.092534 0.028629
464400 -44562.06427189 6021.41938572 0.357821 5.9816 0.869602 0.092534 0.022551
464500 -44614.04440522 5958.72140922 0.354096 5.9767 0.864354 0.093831 -0.002328
464600 -44611.55624800 6100.62139950 0.362528 5.9767 0.864354 0.093831 0.004385
464700 -44596.77152542 6043.16662760 0.359114 5.9767 0.864354 0.093831 -0.005762
464800 -44648.23497006 6034.86818212 0.358621 5.9767 0.864354 0.093831 -0.027629
464900 -44633.07048182 6002.86512878 0.356719 5.9767 0.864354 0.093831 -0.008069
465000 -44656.17926353 6080.65100369 0.361341 5.9799 0.867801 0.092795 -0.005735
465100 -44677.98117782 6119.46691323 0.363648 5.9799 0.867801 0.092795 -0.010929
465200 -44591.70180757 6079.97884462 0.361301 5.9799 0.867801 0.092795 0.013187
465300 -44600.85213256 6035.70927471 0.358671 5.9799 0.867801 0.092795 -0.001463
465400 -44478.04958390 5972.24008300 0.354899 5.9799 0.867801 0.092795 0.061415
465500 -44553.34449911 6074.77262848 0.360992 5.9802 0.866927 0.093302 0.010744
465600 -44560.68753650 6091.77999636 0.362003 5.9802 0.866927 0.093302 0.010198
465700 -44589.15231303 6013.01047815 0.357322 5.9802 0.866927 0.093302 -0.010047
465800 -44614.66603444 6115.42744818 0.363408 5.9802 0.866927 0.093302 -0.014734
465900 -44609.26772712 6089.36615506 0.361859 5.9802 0.866927 0.093302 -0.009047
466000 -44647.19358831 6047.27009339 0.359358 5.9780 0.867321 0.092906 -0.024423
466100 -44660.93109869 6020.87362253 0.357789 5.9780 0.867321 0.092906 -0.020253
466200 -44638.06927947 6031.15697955 0.358400 5.9780 0.867321 0.092906 -0.015685
466300 -44629.40995864 6107.33439955 0.362927 5.9780 0.867321 0.092906 -0.003129
466400 -44577.44229421 6061.71702704 0.360216 5.9780 0.867321 0.092906 0.015934
466500 -44613.01111166 6066.92856583 0.360526 5.9802 0.866605 0.092445 -0.005705
466600 -44518.15300906 6022.91816640 0.357911 5.9802 0.866605 0.092445 0.039545
466700 -44613.18630111 6055.55024997 0.359850 5.9802 0.866605 0.092445 -0.004885
466800 -44616.40488319 6071.88583132 0.360820 5.9802 0.866605 0.092445 -0.006369
466900 -44645.33621760 6110.73352922 0.363129 5.9802 0.866605 0.092445 -0.022237
467000 -44612.94734095 6038.51723058 0.358837 5.9821 0.866465 0.092246 -0.007860
467100 -44580.26931655 6047.53201910 0.359373 5.9821 0.866465 0.092246 0.008130
467200 -44630.30367293 6056.77361803 0.359922 5.9821 0.866465 0.092246 -0.017095
467300 -44620.70041205 5981.73254780 0.355463 5.9821 0.866465 0.092246 0.001615
467400 -44721.03433938 6016.87445294 0.357551 5.9821 0.866465 0.092246 -0.037417
467500 -44617.02157349 5970.66448880 0.354805 5.9798 0.867738 0.093345 0.020019
467600 -44676.20355163 6057.12763653 0.359943 5.9798 0.867738 0.093345 -0.005093
467700 -44659.49520611 6067.17743957 0.360541 5.9798 0.867738 0.093345 0.001761
467800 -44636.00236833 5985.30216367 0.355675 5.9798 0.867738 0.093345 0.003438
467900 -44623.04203954 6003.51437613 0.356757 5.9798 0.867738 0.093345 0.009099
468000 -44671.90247447 6063.68436491 0.360333 5.9793 0.869245 0.093322 -0.005980
468100 -44622.03997029 6015.55517797 0.357473 5.9793 0.869245 0.093322 0.011767
468200 -44725.94687021 6057.68735673 0.359977 5.9793 0.869245 0.093322 -0.025084
468300 -44628.51243621 6032.84499625 0.358500 5.9793 0.869245 0.093322 0.008412
468400 -44626.18583624 6037.04582880 0.358750 5.9793 0.869245 0.093322 0.010897
468500 -44612.83980048 6011.60875934 0.357238 5.9813 0.866529 0.092957 0.016512
468600 -44607.95997803 6032.68714464 0.358491 5.9813 0.866529 0.092957 0.007703
468700 -44645.99679319 6025.29350226 0.358052 5.9813 0.866529 0.092957 -0.008049
468800 -44685.07885757 5989.80546317 0.355943 5.9813 0.866529 0.092957 -0.014231
468900 -44641.00599161 5972.36926848 0.354907 5.9813 0.866529 0.092957 0.013474
469000 -44687.75948094 6071.35940120 0.360789 5.9809 0.870619 0.092532 -0.001947
469100 -44586.66611791 6008.93312095 0.357079 5.9809 0.870619 0.092532 0.035705
469200 -44623.08729267 6038.13235702 0.358815 5.9809 0.870619 0.092532 0.005314
469300 -44624.56704319 6098.46490985 0.362400 5.9809 0.870619 0.092532 0.013222
469400 -44630.52685566 6050.61178089 0.359556 5.9809 0.870619 0.092532 0.002360
469500 -44610.69479750 6110.56378484 0.363119 5.9788 0.866771 0.094019 0.017529
469600 -44625.13720990 6066.71018385 0.360513 5.9788 0.866771 0.094019 -0.000596
469700 -44627.28099175 6084.37637281 0.361563 5.9788 0.866771 0.094019 0.000001
469800 -44564.48642660 6019.48166535 0.357706 5.9788 0.866771 0.094019 0.024352
469900 -44597.63524951 6016.89233540 0.357552 5.9788 0.866771 0.094019 0.004975
470000 -44603.13034125 6098.38260456 0.362395 5.9826 0.868531 0.092911 -0.001882
470100 -44623.04872433 6090.18299490 0.361908 5.9826 0.868531 0.092911 -0.010840
470200 -44608.70310075 6073.72635229 0.360930 5.9826 0.868531 0.092911 0.004085
470300 -44535.27923585 6071.81642952 0.360816 5.9826 0.868531 0.092911 0.033514
470400 -44584.96450701 6086.88493130 0.361712 5.9826 0.868531 0.092911 0.010062
470500 -44540.03571774 6086.21301472 0.361672 5.9787 0.866794 0.092887 0.024278
470600 -44534.92588040 6069.08352746 0.360654 5.9787 0.866794 0.092887 0.022182
470700 -44622.60001005 6046.44910038 0.359309 5.9787 0.866794 0.092887 -0.025385
470800 -44621.49291127 5988.16900421 0.355846 5.9787 0.866794 0.092887 -0.013434
470900 -44587.97062290 6087.67742222 0.361759 5.9787 0.866794 0.092887 0.006664
471000 -44545.64016490 6208.21049304 0.368921 5.9812 0.867168 0.093171 0.022004
471100 -44507.73929040 6057.34519483 0.359956 5.9812 0.867168 0.093171 0.018394
471200 -44585.17010074 6120.51467461 0.363710 5.9812 0.867168 0.093171 -0.009306
471300 -44668.61941928 6081.05853091 0.361365 5.9812 0.867168 0.093171 -0.036655
471400 -44595.03588597 6007.64847729 0.357003 5.9812 0.867168 0.093171 -0.005232
471500 -44601.56055951 5990.46237815 0.355982 5.9799 0.867598 0.093509 0.002567
471600 -44640.56401763 6002.46606335 0.356695 5.9799 0.867598 0.093509 -0.014760
471700 -44636.54777984 6054.89965733 0.359811 5.9799 0.867598 0.093509 -0.012211
471800 -44669.97068562 6020.25789855 0.357752 5.9799 0.867598 0.093509 -0.020006
471900 -44686.43637837 6075.56302024 0.361039 5.9799 0.867598 0.093509 -0.019333
472000 -44653.09188518 5982.02830723 0.355481 5.9784 0.867727 0.093201 0.000591
472100 -44672.69128776 6030.47904316 0.358360 5.9784 0.867727 0.093201 -0.005171
472200 -44646.82222920 6059.29106457 0.360072 5.9784 0.867727 0.093201 0.000847
472300 -44593.12014741 5996.00421933 0.356311 5.9784 0.867727 0.093201 0.028597
472400 -44671.98521045 6085.10759223 0.361606 5.9784 0.867727 0.093201 0.001636
472500 -44547.50987310 6029.04450375 0.358275 5.9796 0.865857 0.094575 0.045827
472600 -44637.41244024 6113.96098290 0.363321 5.9796 0.865857 0.094575 0.000141
472700 -44623.04693738 6053.82867272 0.359747 5.9796 0.865857 0.094575 0.006805
472800 -44660.99309113 6026.80925648 0.358142 5.9796 0.865857 0.094575 -0.008865
472900 -44681.62156690 6046.10056132 0.359288 5.9796 0.865857 0.094575 -0.011340
473000 -44700.51424459 6123.20854552 0.363870 5.9800 0.869375 0.092150 -0.010259
473100 -44589.87023208 5930.38141128 0.352412 5.9800 0.869375 0.092150 0.033238
473200 -44634.67648551 6016.18007341 0.357510 5.9800 0.869375 0.092150 0.009427
473300 -44632.70772383 6080.04471771 0.361305 5.9800 0.869375 0.092150 0.001456
473400 -44656.06406391 6062.39981702 0.360257 5.9800 0.869375 0.092150 -0.019849
473500 -44569.48125434 6036.78216934 0.358734 5.9813 0.867272 0.093350 0.021232
473600 -44559.92562388 6027.02695563 0.358155 5.9813 0.867272 0.093350 0.030517
473700 -44619.77058962 6016.59336037 0.357535 5.9813 0.867272 0.093350 0.002605
473800 -44666.54487355 5988.61699208 0.355872 5.9813 0.867272 0.093350 -0.016671
473900 -44651.53453954 6022.34826843 0.357877 5.9813 0.867272 0.093350 -0.002573
474000 -44554.17221011 6029.44032944 0.358298 5.9823 0.868205 0.093115 0.043618
474100 -44603.89231674 6015.84090763 0.357490 5.9823 0.868205 0.093115 0.013169
474200 -44606.64593116 6068.56014573 0.360623 5.9823 0.868205 0.093115 0.008607
474300 -44608.03297685 6087.74425257 0.361763 5.9823 0.868205 0.093115 0.009373
474400 -44587.37417300 6080.46862544 0.361330 5.9823 0.868205 0.093115 0.007552
474500 -44643.03449623 6153.33775014 0.365661 5.9817 0.868244 0.092794 -0.011178
474600 -44615.35196031 6073.93055380 0.360942 5.9817 0.868244 0.092794 -0.000665
474700 -44605.79249175 6114.51343048 0.363354 5.9817 0.868244 0.092794 0.006538
474800 -44630.96391093 6038.91062586 0.358861 5.9817 0.868244 0.092794 -0.019087
474900 -44540.44871916 6043.13714664 0.359112 5.9817 0.868244 0.092794 0.025953
475000 -44593.89469625 6047.04447245 0.359344 5.9810 0.864130 0.093565 -0.000290
475100 -44620.74042456 6059.39942809 0.360078 5.9810 0.864130 0.093565 -0.012195
475200 -44617.40984389 6023.39227938 0.357939 5.9810 0.864130 0.093565 -0.009077
475300 -44693.55150499 5989.17121200 0.355905 5.9810 0.864130 0.093565 -0.038867
475400 -44663.77911272 5970.38784098 0.354789 5.9810 0.864130 0.093565 -0.015060
475500 -44736.79717891 6060.17920412 0.360125 5.9826 0.869453 0.092420 -0.037589
475600 -44733.91094477 6103.93488462 0.362725 5.9826 0.869453 0.092420 -0.018753
475700 -44679.65452087 6048.74355014 0.359445 5.9826 0.869453 0.092420 -0.004500
475800 -44695.74812547 5952.55517988 0.353729 5.9826 0.869453 0.092420 -0.013667
475900 -44714.02734154 5917.74257736 0.351660 5.9826 0.869453 0.092420 -0.004559
476000 -44741.47959590 6010.86217528 0.357194 5.9815 0.870381 0.091677 -0.003182
476100 -44685.34922237 6012.11326616 0.357268 5.9815 0.870381 0.091677 0.021258
476200 -44716.31256550 6011.39273927 0.357226 5.9815 0.870381 0.091677 -0.009789
476300 -44706.59778961 6063.93467739 0.360348 5.9815 0.870381 0.091677 0.006441
476400 -44615.63537968 6006.25106268 0.356920 5.9815 0.870381 0.091677 0.042072
476500 -44664.37062549 6074.19636345 0.360958 5.9816 0.867219 0.092901 0.015233
476600 -44663.80579972 6099.21536208 0.362444 5.9816 0.867219 0.092901 -0.000081
476700 -44650.38811958 6066.83387191 0.360520 5.9816 0.867219 0.092901 0.000818
476800 -44617.34500049 6073.19484168 0.360898 5.9816 0.867219 0.092901 0.020149
476900 -44628.93630558 6099.16301830 0.362441 5.9816 0.867219 0.092901 0.000904
477000 -44616.63895778 6044.76407338 0.359209 5.9817 0.867212 0.092591 0.004581
477100 -44638.88592099 6071.36215203 0.360789 5.9817 0.867212 0.092591 -0.006520
477200 -44658.03465004 6119.16929233 0.363630 5.9817 0.867212 0.092591 -0.016211
477300 -44636.84556117 6095.34386964 0.362214 5.9817 0.867212 0.092591 -0.004584
477400 -44660.30980061 6020.44620273 0.357764 5.9817 0.867212 0.092591 -0.014364
477500 -44603.99785094 6097.88263722 0.362365 5.9844 0.867568 0.092325 0.009593
477600 -44677.24260009 6107.06578672 0.362911 5.9844 0.867568 0.092325 -0.018122
477700 -44762.92539660 6077.45817565 0.361152 5.9844 0.867568 0.092325 -0.055828
477800 -44735.99187243 6036.72228298 0.358731 5.9844 0.867568 0.092325 -0.034341
477900 -44714.02882659 6011.43685513 0.357228 5.9844 0.867568 0.092325 -0.016571
478000 -44707.17243858 6051.75145058 0.359624 5.9819 0.868244 0.092713 -0.000684
478100 -44705.52735457 6032.91943912 0.358505 5.9819 0.868244 0.092713 -0.003511
478200 -44649.16575514 6006.53355244 0.356937 5.9819 0.868244 0.092713 0.019494
478300 -44704.25047171 6048.01625608 0.359402 5.9819 0.868244 0.092713 -0.011232
478400 -44656.05006803 6024.83710625 0.358025 5.9819 0.868244 0.092713 0.012791
478500 -44606.44744352 5990.83559669 0.356004 5.9844 0.866234 0.092940 0.033123
478600 -44710.02277751 6068.73300443 0.360633 5.9844 0.866234 0.092940 -0.021315
478700 -44687.72740372 6053.66499361 0.359738 5.9844 0.866234 0.092940 -0.016543
478800 -44617.93686758 6051.06692376 0.359583 5.9844 0.866234 0.092940 0.014596
478900 -44553.30600350 6025.05226292 0.358037 5.9844 0.866234 0.092940 0.037356
479000 -44638.53290857 6101.24894221 0.362565 5.9859 0.869001 0.092171 0.005314
479100 -44717.34533293 6093.96923675 0.362133 5.9859 0.869001 0.092171 -0.036944
479200 -44725.12701735 6071.07787954 0.360772 5.9859 0.869001 0.092171 -0.028838
479300 -44716.27473082 6041.85403696 0.359036 5.9859 0.869001 0.092171 -0.015884
479400 -44696.90474744 6077.53218234 0.361156 5.9859 0.869001 0.092171 -0.009448
479500 -44715.48358492 6087.94047902 0.361774 5.9826 0.870510 0.092034 -0.013596
479600 -44634.82383009 6053.77517137 0.359744 5.9826 0.870510 0.092034 0.021932
479700 -44647.84300250 6045.01246823 0.359223 5.9826 0.870510 0.092034 0.015603
479800 -44633.06350445 6045.30062386 0.359241 5.9826 0.870510 0.092034 0.015166
479900 -44622.82232440 6055.98315665 0.359875 5.9826 0.870510 0.092034 0.020999
480000 -44592.29339799 6045.57989896 0.359257 5.9832 0.868219 0.092474 0.023160
480100 -44669.81525606 6133.36050181 0.364474 5.9832 0.868219 0.092474 -0.007169
480200 -44688.48585270 6102.08806306 0.362615 5.9832 0.868219 0.092474 -0.004179
480300 -44646.54968899 6029.45475382 0.358299 5.9832 0.868219 0.092474 0.003484
480400 -44641.34768014 6110.80895456 0.363133 5.9832 0.868219 0.092474 0.007963
480500 -44600.66237345 6097.88947848 0.362366 5.9803 0.867582 0.093205 0.022348
480600 -44570.48102282 6013.92945856 0.357376 5.9803 0.867582 0.093205 0.020912
480700 -44579.51655765 6047.40876053 0.359366 5.9803 0.867582 0.093205 0.020430
480800 -44594.10951974 6045.09148537 0.359228 5.9803 0.867582 0.093205 0.015908
480900 -44522.68306131 6057.43818244 0.359962 5.9803 0.867582 0.093205 0.039018
481000 -44604.16229320 6151.64708891 0.365560 5.9806 0.867610 0.093441 -0.004206
481100 -44566.30927795 6100.64053791 0.362529 5.9806 0.867610 0.093441 0.009053
481200 -44596.84488704 6081.36071624 0.361383 5.9806 0.867610 0.093441 -0.013165
481300 -44590.11958282 6090.86298708 0.361948 5.9806 0.867610 0.093441 -0.008750
481400 -44600.82365352 6130.65892903 0.364313 5.9806 0.867610 0.093441 -0.016651
481500 -44507.93191480 6072.24077687 0.360842 5.9811 0.866661 0.093460 0.026982
481600 -44488.38992294 6061.42972487 0.360199 5.9811 0.866661 0.093460 0.034829
481700 -44560.16779707 6065.44465505 0.360438 5.9811 0.866661 0.093460 -0.008999
481800 -44533.35264657 6029.93052359 0.358327 5.9811 0.866661 0.093460 -0.002535
481900 -44582.24904894 6123.20914355 0.363870 5.9811 0.866661 0.093460 -0.011355
482000 -44588.84831855 6092.49081368 0.362045 5.9798 0.866418 0.093002 -0.009829
482100 -44546.30073491 6095.72192167 0.362237 5.9798 0.866418 0.093002 -0.003923
482200 -44531.29259093 6065.81282972 0.360460 5.9798 0.866418 0.093002 0.021350
482300 -44614.90304431 6090.69347752 0.361938 5.9798 0.866418 0.093002 -0.029125
482400 -44666.11205316 6038.83278623 0.358856 5.9798 0.866418 0.093002 -0.038022
482500 -44593.79944354 6007.91168598 0.357019 5.9799 0.865930 0.093662 0.000958
482600 -44653.66012950 6048.40701788 0.359425 5.9799 0.865930 0.093662 -0.021108
482700 -44679.30643661 6006.49394073 0.356935 5.9799 0.865930 0.093662 -0.021326
482800 -44625.63762176 6052.46117323 0.359666 5.9799 0.865930 0.093662 0.002872
482900 -44692.01410751 6083.48351915 0.361510 5.9799 0.865930 0.093662 -0.028221
483000 -44610.81144551 6031.30286262 0.358409 5.9826 0.869292 0.092249 0.011379
483100 -44672.00529088 6023.72919170 0.357959 5.9826 0.869292 0.092249 -0.005634
483200 -44674.93411951 5996.40677576 0.356335 5.9826 0.869292 0.092249 -0.013961
483300 -44701.21869502 6049.38861745 0.359484 5.9826 0.869292 0.092249 -0.009787
483400 -44693.35478225 6035.36456558 0.358650 5.9826 0.869292 0.092249 -0.010049
483500 -44691.03530746 6073.95311423 0.360943 5.9806 0.869760 0.092290 -0.004000
483600 -44713.43075297 6091.01065266 0.361957 5.9806 0.869760 0.092290 -0.010361
483700 -44671.43835696 6076.50867862 0.361095 5.9806 0.869760 0.092290 -0.002420
483800 -44587.77694398 6033.02001547 0.358511 5.9806 0.869760 0.092290 0.037351
483900 -44665.38303809 6038.45928069 0.358834 5.9806 0.869760 0.092290 -0.002697
484000 -44615.84216011 6073.22341783 0.360900 5.9842 0.867636 0.092930 0.020593
484100 -44591.14017343 6105.21110414 0.362801 5.9842 0.867636 0.092930 0.023193
484200 -44606.37686701 6106.60760807 0.362884 5.9842 0.867636 0.092930 0.012072
484300 -44626.06220159 6135.39743673 0.364595 5.9842 0.867636 0.092930 0.010994
484400 -44660.77411584 6063.63441901 0.360330 5.9842 0.867636 0.092930 -0.018169
484500 -44653.21253227 6036.54572866 0.358720 5.9807 0.868755 0.093196 0.000166
484600 -44610.89910507 6039.98712612 0.358925 5.9807 0.868755 0.093196 0.014850
484700 -44598.27860867 6032.05057470 0.358453 5.9807 0.868755 0.093196 0.004221
484800 -44615.23349841 6055.07361061 0.359821 5.9807 0.868755 0.093196 -0.006572
484900 -44633.09084517 5982.97029210 0.355537 5.9807 0.868755 0.093196 -0.006137
485000 -44676.41142553 6081.62657213 0.361399 5.9815 0.868214 0.091729 -0.007617
485100 -44645.50178594 6111.31159012 0.363163 5.9815 0.868214 0.091729 -0.003641
485200 -44678.89625809 6104.64190989 0.362767 5.9815 0.868214 0.091729 -0.024592
485300 -44697.10886973 6038.20459817 0.358819 5.9815 0.868214 0.091729 -0.027305
485400 -44654.15976331 5938.64676977 0.352903 5.9815 0.868214 0.091729 -0.004924
485500 -44692.00812823 6079.88892257 0.361296 5.9835 0.870222 0.091557 -0.012388
485600 -44636.47978950 6057.65040938 0.359974 5.9835 0.870222 0.091557 0.010639
485700 -44611.64518524 6036.81142187 0.358736 5.9835 0.870222 0.091557 0.021033
485800 -44663.02883917 6092.31349812 0.362034 5.9835 0.870222 0.091557 -0.001265
485900 -44619.72725281 6055.53612597 0.359849 5.9835 0.870222 0.091557 0.014591
486000 -44611.22897205 6001.53395815 0.356640 5.9829 0.870327 0.092252 0.023043
486100 -44630.47786527 6002.24584415 0.356682 5.9829 0.870327 0.092252 0.022813
486200 -44653.54924593 6007.23866821 0.356979 5.9829 0.870327 0.092252 0.007567
486300 -44576.49487615 6023.15397267 0.357925 5.9829 0.870327 0.092252 0.039305
486400 -44615.54780312 6100.04975926 0.362494 5.9829 0.870327 0.092252 0.018532
486500 -44582.23464160 6111.48558244 0.363174 5.9831 0.866948 0.092776 0.025030
486600 -44585.17469154 6094.55505371 0.362168 5.9831 0.866948 0.092776 0.018623
486700 -44555.59578607 6048.67356773 0.359441 5.9831 0.866948 0.092776 0.023465
486800 -44578.87154798 6066.30047961 0.360489 5.9831 0.866948 0.092776 0.007381
486900 -44615.89118559 6116.14827786 0.363451 5.9831 0.866948 0.092776 -0.007194
487000 -44586.38763551 6116.66640206 0.363481 5.9811 0.868184 0.092713 0.005972
487100 -44622.17329676 6094.20154496 0.362147 5.9811 0.868184 0.092713 -0.014318
487200 -44551.34680575 6061.87657552 0.360226 5.9811 0.868184 0.092713 0.009288
487300 -44616.94422645 6055.99196554 0.359876 5.9811 0.868184 0.092713 -0.007849
487400 -44535.16096106 6068.56416445 0.360623 5.9811 0.868184 0.092713 0.023459
487500 -44551.28404006 6139.97305563 0.364866 5.9802 0.868622 0.093081 0.010558
487600 -44516.21327863 6068.14266864 0.360598 5.9802 0.868622 0.093081 0.030423
487700 -44649.19068804 6042.28030783 0.359061 5.9802 0.868622 0.093081 -0.031887
487800 -44568.77929094 6022.33978030 0.357876 5.9802 0.868622 0.093081 0.011696
487900 -44622.88418290 6068.99085392 0.360648 5.9802 0.868622 0.093081 -0.014323
488000 -44574.34503738 6091.78472229 0.362003 5.9792 0.866691 0.093585 0.008203
488100 -44568.02525832 6080.63381935 0.361340 5.9792 0.866691 0.093585 0.003278
488200 -44603.68154189 6197.06190441 0.368259 5.9792 0.866691 0.093585 -0.008416
488300 -44625.45265625 6112.94413863 0.363260 5.9792 0.866691 0.093585 -0.030427
488400 -44650.22927005 6048.07491267 0.359405 5.9792 0.866691 0.093585 -0.029285
488500 -44593.40942708 6055.49993749 0.359847 5.9803 0.865589 0.093733 -0.000957
488600 -44619.32418535 6142.43529086 0.365013 5.9803 0.865589 0.093733 -0.017270
488700 -44583.88992275 6046.13420890 0.359290 5.9803 0.865589 0.093733 -0.008292
488800 -44614.03445498 6064.86152007 0.360403 5.9803 0.865589 0.093733 -0.005315
488900 -44601.47961140 6020.02882519 0.357739 5.9803 0.865589 0.093733 0.001683
489000 -44598.51876845 6050.00735526 0.359520 5.9800 0.865825 0.093120 0.011952
489100 -44624.81320098 6088.58555510 0.361813 5.9800 0.865825 0.093120 -0.004592
489200 -44663.47340070 5989.04385741 0.355898 5.9800 0.865825 0.093120 -0.029959
489300 -44610.00203674 6005.04581135 0.356848 5.9800 0.865825 0.093120 0.007494
489400 -44722.17189980 6093.91588893 0.362130 5.9800 0.865825 0.093120 -0.043832
489500 -44718.87374257 6008.34206443 0.357044 5.9806 0.869873 0.092245 -0.028472
489600 -44661.53027567 6005.80064481 0.356893 5.9806 0.869873 0.092245 0.004071
489700 -44647.40265255 6022.57162930 0.357890 5.9806 0.869873 0.092245 0.013788
489800 -44645.43109449 6061.33350744 0.360193 5.9806 0.869873 0.092245 0.006118
489900 -44678.12315158 6087.08027324 0.361723 5.9806 0.869873 0.092245 -0.005816
490000 -44665.60720435 6124.26923746 0.363933 5.9799 0.870491 0.092278 -0.003951
490100 -44654.16482436 6077.51431922 0.361155 5.9799 0.870491 0.092278 -0.015077
490200 -44679.83358382 6068.79317106 0.360637 5.9799 0.870491 0.092278 -0.023514
490300 -44648.89986761 6010.53496850 0.357175 5.9799 0.870491 0.092278 -0.007216
490400 -44673.94927208 6079.23457669 0.361257 5.9799 0.870491 0.092278 -0.015656
490500 -44628.77497042 6009.97416687 0.357141 5.9818 0.867982 0.092705 0.004313
490600 -44657.27679241 5996.08981174 0.356316 5.9818 0.867982 0.092705 -0.005128
490700 -44694.50657393 6083.55145372 0.361514 5.9818 0.867982 0.092705 -0.010793
490800 -44655.57455758 6037.18599451 0.358758 5.9818 0.867982 0.092705 0.003325
490900 -44646.13421210 5978.36851771 0.355263 5.9818 0.867982 0.092705 0.011343
491000 -44716.28029478 6031.57618213 0.358425 5.9817 0.870642 0.092032 -0.015446
491100 -44640.22800153 5981.37427339 0.355442 5.9817 0.870642 0.092032 0.020395
491200 -44686.89293757 5992.97200442 0.356131 5.9817 0.870642 0.092032 0.010452
491300 -44670.27862543 5967.48564255 0.354616 5.9817 0.870642 0.092032 0.002007
491400 -44636.94794117 5911.40246001 0.351284 5.9817 0.870642 0.092032 0.032211
491500 -44702.02307318 5999.45820175 0.356516 5.9847 0.869986 0.091421 -0.003608
491600 -44727.56251847 6058.78145850 0.360042 5.9847 0.869986 0.091421 -0.012361
491700 -44694.08506107 6025.05685365 0.358038 5.9847 0.869986 0.091421 0.005313
491800 -44707.24828955 6007.74216342 0.357009 5.9847 0.869986 0.091421 0.005262
491900 -44722.45030119 6036.29756336 0.358706 5.9847 0.869986 0.091421 0.002842
492000 -44732.18172447 6085.92789336 0.361655 5.9830 0.870806 0.091937 -0.005411
492100 -44707.77765662 6039.99126108 0.358925 5.9830 0.870806 0.091937 -0.001838
492200 -44770.73638319 6045.00259140 0.359223 5.9830 0.870806 0.091937 -0.026661
492300 -44765.28570704 6019.34956800 0.357698 5.9830 0.870806 0.091937 -0.021956
492400 -44716.65942050 6043.04599528 0.359107 5.9830 0.870806 0.091937 0.003236
492500 -44712.05298989 6066.19142511 0.360482 5.9825 0.869467 0.092088 0.003846
492600 -44695.51348342 6048.01599533 0.359402 5.9825 0.869467 0.092088 0.008263
492700 -44704.27404184 6059.61706897 0.360091 5.9825 0.869467 0.092088 0.006623
492800 -44704.89344861 6049.94491935 0.359517 5.9825 0.869467 0.092088 0.003401
492900 -44660.92432002 6011.51071423 0.357233 5.9825 0.869467 0.092088 0.016415
493000 -44663.07721656 5986.65997628 0.355756 5.9817 0.868207 0.092343 0.018200
493100 -44694.86790903 6123.67207060 0.363898 5.9817 0.868207 0.092343 -0.001040
493200 -44643.01664494 6072.34408185 0.360848 5.9817 0.868207 0.092343 0.015502
493300 -44654.12685849 6105.57809696 0.362823 5.9817 0.868207 0.092343 -0.003550
493400 -44630.79754055 6035.97763313 0.358687 5.9817 0.868207 0.092343 0.006205
493500 -44658.96912093 6137.63366440 0.364727 5.9809 0.868838 0.092400 0.001841
493600 -44586.80609348 6089.85622637 0.361888 5.9809 0.868838 0.092400 0.023932
493700 -44636.48121208 6040.87334431 0.358977 5.9809 0.868838 0.092400 -0.003229
493800 -44653.78727813 6059.58400828 0.360089 5.9809 0.868838 0.092400 -0.010686
493900 -44613.86003199 6039.56085538 0.358900 5.9809 0.868838 0.092400 0.002019
494000 -44626.94028569 6041.17011069 0.358995 5.9822 0.866964 0.092960 0.005857
494100 -44658.87956936 6097.37231658 0.362335 5.9822 0.866964 0.092960 -0.008957
494200 -44561.22779211 6067.10643478 0.360536 5.9822 0.866964 0.092960 0.020505
494300 -44546.93601424 6095.06591264 0.362198 5.9822 0.866964 0.092960 0.038618
494400 -44576.36022241 6055.02555166 0.359818 5.9822 0.866964 0.092960 0.013202
494500 -44591.43407235 6098.03127886 0.362374 5.9811 0.866720 0.092765 0.001459
494600 -44639.59566254 6010.17893631 0.357153 5.9811 0.866720 0.092765 -0.017995
494700 -44626.48891733 6046.16537754 0.359292 5.9811 0.866720 0.092765 -0.009789
494800 -44634.13686194 6090.10053217 0.361903 5.9811 0.866720 0.092765 0.000320
494900 -44565.59148346 5998.01075161 0.356430 5.9811 0.866720 0.092765 0.023218
495000 -44648.38044574 6027.92279669 0.358208 5.9823 0.869136 0.092082 -0.014802
495100 -44693.95651042 6034.94071098 0.358625 5.9823 0.869136 0.092082 -0.025108
495200 -44695.68313394 6030.28143599 0.358348 5.9823 0.869136 0.092082 -0.019257
495300 -44683.51714679 6035.64070230 0.358667 5.9823 0.869136 0.092082 -0.014137
495400 -44697.89903159 6073.20458019 0.360899 5.9823 0.869136 0.092082 -0.023644
495500 -44717.64554301 6028.66845643 0.358252 5.9816 0.870142 0.092167 -0.019085
495600 -44616.18052436 6084.07724302 0.361545 5.9816 0.870142 0.092167 0.022703
495700 -44615.46549660 6152.01864725 0.365582 5.9816 0.870142 0.092167 0.013619
495800 -44613.61435589 6075.75953508 0.361051 5.9816 0.870142 0.092167 0.013589
495900 -44613.40509409 6189.23395524 0.367794 5.9816 0.870142 0.092167 0.007624
496000 -44550.43656118 6059.85530676 0.360105 5.9790 0.864449 0.093862 0.022976
496100 -44627.71716892 6072.78135172 0.360874 5.9790 0.864449 0.093862 -0.020949
496200 -44554.23690677 6012.21648068 0.357275 5.9790 0.864449 0.093862 0.006560
496300 -44650.95257457 5985.40553342 0.355681 5.9790 0.864449 0.093862 -0.031687
496400 -44618.18679990 5932.14541110 0.352516 5.9790 0.864449 0.093862 -0.002461
496500 -44692.39932806 6068.54965408 0.360622 5.9806 0.869574 0.092577 -0.021371
496600 -44704.51182951 6067.36640604 0.360552 5.9806 0.869574 0.092577 -0.031644
496700 -44701.80957764 5949.84926326 0.353568 5.9806 0.869574 0.092577 -0.023124
496800 -44633.53832756 6033.95142236 0.358566 5.9806 0.869574 0.092577 0.025083
496900 -44684.88591198 6034.87012730 0.358621 5.9806 0.869574 0.092577 -0.003702
497000 -44665.09860093 6077.66894477 0.361164 5.9832 0.871034 0.092593 0.004604
497100 -44662.94550739 6059.54841767 0.360087 5.9832 0.871034 0.092593 0.004195
497200 -44655.82246371 6043.91468602 0.359158 5.9832 0.871034 0.092593 0.002355
497300 -44670.97349705 6075.45812161 0.361033 5.9832 0.871034 0.092593 -0.002329
497400 -44637.71790053 6029.53283861 0.358304 5.9832 0.871034 0.092593 0.002207
497500 -44693.99937660 6044.29991187 0.359181 5.9836 0.871650 0.092216 -0.014721
497600 -44635.61847602 6029.26316655 0.358288 5.9836 0.871650 0.092216 0.011584
497700 -44706.10280931 6107.29980180 0.362925 5.9836 0.871650 0.092216 -0.020961
497800 -44757.60776126 6132.40836575 0.364417 5.9836 0.871650 0.092216 -0.043786
497900 -44639.04415120 6033.76107880 0.358555 5.9836 0.871650 0.092216 0.006158
498000 -44705.09054752 6119.53980718 0.363652 5.9857 0.869716 0.092032 -0.016613
498100 -44691.43497526 6080.99654308 0.361362 5.9857 0.869716 0.092032 -0.007775
498200 -44648.00304668 5989.00134954 0.355895 5.9857 0.869716 0.092032 0.010952
498300 -44666.46704909 6058.96758349 0.360053 5.9857 0.869716 0.092032 0.007505
498400 -44643.22708324 6098.91731783 0.362427 5.9857 0.869716 0.092032 0.019623
498500 -44639.90697086 6089.87682353 0.361890 5.9818 0.869678 0.092663 0.013572
498600 -44643.63630285 6024.22761852 0.357988 5.9818 0.869678 0.092663 0.009286
498700 -44597.98525781 6078.50041273 0.361213 5.9818 0.869678 0.092663 0.026631
498800 -44594.19659565 6108.72580949 0.363010 5.9818 0.869678 0.092663 0.011306
498900 -44603.06608307 6048.83884706 0.359451 5.9818 0.869678 0.092663 -0.006146
499000 -44622.35180466 6036.69353544 0.358729 5.9806 0.867522 0.092860 -0.004226
499100 -44550.51579055 6034.96467743 0.358626 5.9806 0.867522 0.092860 0.024875
499200 -44564.14809979 6031.15345273 0.358400 5.9806 0.867522 0.092860 0.021749
499300 -44647.38954764 6082.07652211 0.361426 5.9806 0.867522 0.092860 -0.015498
499400 -44622.89190929 6079.47124793 0.361271 5.9806 0.867522 0.092860 0.004876
499500 -44649.43207304 6080.94609489 0.361359 5.9829 0.869734 0.092352 -0.009208
499600 -44587.50089760 5990.94436913 0.356010 5.9829 0.869734 0.092352 0.009793
499700 -44613.31363861 5994.54947630 0.356225 5.9829 0.869734 0.092352 0.004226
499800 -44615.83251803 6074.15827831 0.360955 5.9829 0.869734 0.092352 0.005623
499900 -44635.75313500 6052.35732326 0.359660 5.9829 0.869734 0.092352 -0.008762
