# MD run at T = 0.340000
# input   = bicrystal_Sigma21_theta21.7868deg.dat
# seed    = 3000803
# N_atoms = 1170
# barostat= 1  P_target = 0.0000
# columns : step PE KE T_inst coord psi6 psi4 P
0 -3645.78672840 389.51943805 0.332923 5.9590 0.990736 0.015922 0.369619
100 -3388.95557114 250.27404606 0.213909 5.9590 0.990736 0.015922 1.162006
200 -3349.86017594 299.54256059 0.256019 5.9590 0.990736 0.015922 0.921030
300 -3316.38737286 332.11360783 0.283858 5.9590 0.990736 0.015922 0.714214
400 -3287.41016786 336.76996535 0.287838 5.9590 0.990736 0.015922 0.580902
500 -3265.10612817 347.98422944 0.297422 5.9709 0.913802 0.076727 0.498204
600 -3246.45188108 344.24125153 0.294223 5.9709 0.913802 0.076727 0.414136
700 -3231.13812271 376.47094026 0.321770 5.9709 0.913802 0.076727 0.362596
800 -3203.03708246 369.54238733 0.315848 5.9709 0.913802 0.076727 0.349018
900 -3209.38104452 384.17822054 0.328357 5.9709 0.913802 0.076727 0.214858
1000 -3187.59657945 383.07106173 0.327411 5.9658 0.888491 0.085094 0.237687
1100 -3169.98997816 366.62377512 0.313354 5.9658 0.888491 0.085094 0.281766
1200 -3171.72284739 378.24659312 0.323288 5.9658 0.888491 0.085094 0.168541
1300 -3179.97144024 389.06557692 0.332535 5.9658 0.888491 0.085094 0.065494
1400 -3161.76660410 384.86192973 0.328942 5.9658 0.888491 0.085094 0.139286
1500 -3157.34326293 396.39955275 0.338803 5.9744 0.876759 0.087457 0.116487
1600 -3156.74011572 406.47538322 0.347415 5.9744 0.876759 0.087457 0.056854
1700 -3141.09199010 392.57262234 0.335532 5.9744 0.876759 0.087457 0.118913
1800 -3144.09691850 377.66564267 0.322791 5.9744 0.876759 0.087457 0.062211
1900 -3141.36822782 370.06300455 0.316293 5.9744 0.876759 0.087457 0.064480
2000 -3125.04372530 392.10100993 0.335129 5.9590 0.872814 0.093265 0.212799
2100 -3136.33770863 401.94949171 0.343547 5.9590 0.872814 0.093265 0.062138
2200 -3124.64455646 393.62280590 0.336430 5.9590 0.872814 0.093265 0.095085
2300 -3138.08459377 401.22698235 0.342929 5.9590 0.872814 0.093265 0.005506
2400 -3137.99324728 403.29206876 0.344694 5.9590 0.872814 0.093265 -0.022998
2500 -3118.92209261 409.34355485 0.349866 5.9573 0.870083 0.091729 0.096771
2600 -3105.11006009 412.19020131 0.352299 5.9573 0.870083 0.091729 0.142348
2700 -3129.17556276 405.42683312 0.346519 5.9573 0.870083 0.091729 -0.024395
2800 -3112.60107103 403.36428104 0.344756 5.9573 0.870083 0.091729 0.078859
2900 -3121.06097071 400.32965391 0.342162 5.9573 0.870083 0.091729 0.038056
3000 -3103.99451107 381.03256244 0.325669 5.9521 0.866333 0.095486 0.103687
3100 -3131.45187141 415.83831043 0.355417 5.9521 0.866333 0.095486 -0.083988
3200 -3128.77800841 396.61041567 0.338983 5.9521 0.866333 0.095486 -0.083329
3300 -3127.33775243 381.51264526 0.326079 5.9521 0.866333 0.095486 -0.066402
3400 -3130.19364388 390.70733005 0.333938 5.9521 0.866333 0.095486 -0.040989
3500 -3125.18638635 406.08163955 0.347078 5.9556 0.867461 0.094222 0.023228
3600 -3130.75424559 400.51789783 0.342323 5.9556 0.867461 0.094222 -0.059825
3700 -3109.19614902 406.56030949 0.347487 5.9556 0.867461 0.094222 0.091438
3800 -3104.33158733 398.56204180 0.340651 5.9556 0.867461 0.094222 0.079527
3900 -3110.12723510 402.37437395 0.343910 5.9556 0.867461 0.094222 0.017093
4000 -3117.33416560 403.53943435 0.344905 5.9487 0.868688 0.093597 -0.042266
4100 -3088.56830894 396.20881275 0.338640 5.9487 0.868688 0.093597 0.124838
4200 -3103.89381911 395.00636921 0.337612 5.9487 0.868688 0.093597 0.028191
4300 -3114.36565049 405.14708800 0.346280 5.9487 0.868688 0.093597 -0.067835
4400 -3094.70209811 402.84287747 0.344310 5.9487 0.868688 0.093597 0.050102
4500 -3117.31025786 410.78482813 0.351098 5.9556 0.869770 0.094822 -0.078906
4600 -3086.80423457 385.26171127 0.329284 5.9556 0.869770 0.094822 0.131176
4700 -3098.52399807 408.40119706 0.349061 5.9556 0.869770 0.094822 0.039478
4800 -3102.34898827 395.53369075 0.338063 5.9556 0.869770 0.094822 0.011821
4900 -3103.36203232 394.51630948 0.337193 5.9556 0.869770 0.094822 0.019390
5000 -3106.04440062 398.47871615 0.340580 5.9487 0.865471 0.095892 -0.029420
5100 -3112.96396976 390.92599290 0.334125 5.9487 0.865471 0.095892 -0.070385
5200 -3118.83519242 401.65163052 0.343292 5.9487 0.865471 0.095892 -0.118399
5300 -3110.35749739 402.43332071 0.343960 5.9487 0.865471 0.095892 0.000171
5400 -3111.56986239 404.41183236 0.345651 5.9487 0.865471 0.095892 -0.020775
5500 -3121.97127673 418.89866830 0.358033 5.9590 0.865511 0.093559 -0.064667
5600 -3104.54919449 396.67423557 0.339038 5.9590 0.865511 0.093559 0.020110
5700 -3121.80645844 403.65494196 0.345004 5.9590 0.865511 0.093559 -0.083465
5800 -3116.84591590 389.70025473 0.333077 5.9590 0.865511 0.093559 -0.036031
5900 -3109.22137743 393.98826154 0.336742 5.9590 0.865511 0.093559 0.035144
6000 -3105.61732260 393.91899614 0.336683 5.9436 0.859471 0.099114 0.077167
6100 -3124.88871956 411.26095821 0.351505 5.9436 0.859471 0.099114 -0.022517
6200 -3118.36942018 394.66593591 0.337321 5.9436 0.859471 0.099114 -0.026764
6300 -3106.00595702 398.44227393 0.340549 5.9436 0.859471 0.099114 0.017272
6400 -3103.74198642 390.59860337 0.333845 5.9436 0.859471 0.099114 0.038513
6500 -3110.45883259 395.80078085 0.338291 5.9470 0.853827 0.096016 -0.024204
6600 -3122.07151577 404.58454861 0.345799 5.9470 0.853827 0.096016 -0.082407
6700 -3102.17331829 402.98492754 0.344432 5.9470 0.853827 0.096016 0.035185
6800 -3103.91328655 393.49634824 0.336322 5.9470 0.853827 0.096016 0.020570
6900 -3106.27391276 406.76344982 0.347661 5.9470 0.853827 0.096016 -0.017862
7000 -3127.43950549 404.36107055 0.345608 5.9453 0.869826 0.096013 -0.127546
7100 -3106.70168985 381.64168397 0.326189 5.9453 0.869826 0.096013 -0.026957
7200 -3128.98357769 387.29241030 0.331019 5.9453 0.869826 0.096013 -0.103914
7300 -3111.25716127 372.06123727 0.318001 5.9453 0.869826 0.096013 0.058878
7400 -3115.15904334 397.34040819 0.339607 5.9453 0.869826 0.096013 0.004910
7500 -3131.72711353 390.24575984 0.333543 5.9692 0.870672 0.091100 -0.089613
7600 -3121.98072833 377.63687454 0.322767 5.9692 0.870672 0.091100 -0.035107
7700 -3121.99316795 382.69121533 0.327087 5.9692 0.870672 0.091100 0.014287
7800 -3123.44927370 400.99660249 0.342732 5.9692 0.870672 0.091100 0.024832
7900 -3112.01375172 394.08542639 0.336825 5.9692 0.870672 0.091100 0.031882
8000 -3108.59740428 398.59285647 0.340678 5.9675 0.864505 0.094234 0.067689
8100 -3115.70571606 410.94287741 0.351233 5.9675 0.864505 0.094234 0.035722
8200 -3111.52049230 399.61749875 0.341553 5.9675 0.864505 0.094234 0.013077
8300 -3116.97059347 401.33867283 0.343025 5.9675 0.864505 0.094234 -0.025776
8400 -3124.71176906 412.61371125 0.352661 5.9675 0.864505 0.094234 -0.061253
8500 -3121.04120555 407.10913943 0.347957 5.9556 0.857467 0.094211 -0.053538
8600 -3104.10021652 405.64198169 0.346703 5.9556 0.857467 0.094211 0.037954
8700 -3106.01443294 384.72328646 0.328823 5.9556 0.857467 0.094211 0.054049
8800 -3122.19726870 385.16646089 0.329202 5.9556 0.857467 0.094211 -0.057507
8900 -3129.62449830 389.89924182 0.333247 5.9556 0.857467 0.094211 -0.070352
9000 -3113.88746301 385.32035695 0.329334 5.9504 0.866166 0.091934 0.026517
9100 -3121.41835811 379.61910212 0.324461 5.9504 0.866166 0.091934 -0.001149
9200 -3134.45035126 405.53036544 0.346607 5.9504 0.866166 0.091934 -0.061907
9300 -3124.43227556 382.13418813 0.326610 5.9504 0.866166 0.091934 -0.002150
9400 -3118.54209773 407.29530990 0.348116 5.9504 0.866166 0.091934 0.050267
9500 -3128.25376433 408.18809873 0.348879 5.9641 0.866788 0.095699 -0.030778
9600 -3117.86199495 387.22024995 0.330957 5.9641 0.866788 0.095699 0.013451
9700 -3133.01426794 397.89600294 0.340082 5.9641 0.866788 0.095699 -0.090448
9800 -3125.84891846 389.10100487 0.332565 5.9641 0.866788 0.095699 -0.024831
9900 -3130.39450334 384.93780596 0.329007 5.9641 0.866788 0.095699 -0.026378
10000 -3125.06278120 396.01669770 0.338476 5.9709 0.866962 0.092313 -0.007242
10100 -3132.98036034 389.16786754 0.332622 5.9709 0.866962 0.092313 -0.051898
10200 -3132.19424613 396.53713749 0.338921 5.9709 0.866962 0.092313 -0.003799
10300 -3115.45316488 376.66237544 0.321934 5.9709 0.866962 0.092313 0.073133
10400 -3132.54722195 405.84939768 0.346880 5.9709 0.866962 0.092313 -0.042815
10500 -3129.24079712 405.91360380 0.346935 5.9744 0.864855 0.092920 -0.035846
10600 -3124.71801986 410.93732444 0.351228 5.9744 0.864855 0.092920 0.006968
10700 -3119.44829499 415.94361964 0.355507 5.9744 0.864855 0.092920 0.053536
10800 -3115.26550441 410.37571064 0.350748 5.9744 0.864855 0.092920 0.032121
10900 -3113.91046030 391.11723629 0.334288 5.9744 0.864855 0.092920 0.019928
11000 -3121.71019286 410.85604548 0.351159 5.9624 0.867666 0.092083 0.001338
11100 -3117.70415824 398.26936908 0.340401 5.9624 0.867666 0.092083 0.011972
11200 -3129.27567179 388.93324677 0.332422 5.9624 0.867666 0.092083 -0.054602
11300 -3117.38110771 393.95073989 0.336710 5.9624 0.867666 0.092083 -0.009239
11400 -3121.43926980 398.64270691 0.340720 5.9624 0.867666 0.092083 -0.018639
11500 -3123.27689741 391.91917930 0.334974 5.9573 0.867456 0.094204 -0.028639
11600 -3127.07326033 387.12685884 0.330878 5.9573 0.867456 0.094204 -0.059439
11700 -3136.51395428 395.30887300 0.337871 5.9573 0.867456 0.094204 -0.106412
11800 -3118.41122429 392.11576469 0.335142 5.9573 0.867456 0.094204 0.045524
11900 -3142.44356948 383.25075418 0.327565 5.9573 0.867456 0.094204 -0.106306
12000 -3116.85168143 393.34430305 0.336192 5.9658 0.863216 0.094870 0.091691
12100 -3140.58603988 423.40471638 0.361884 5.9658 0.863216 0.094870 -0.086482
12200 -3129.49805250 402.87354153 0.344336 5.9658 0.863216 0.094870 -0.054946
12300 -3111.08821914 390.96732714 0.334160 5.9658 0.863216 0.094870 0.067267
12400 -3098.94668168 411.47079801 0.351684 5.9658 0.863216 0.094870 0.134250
12500 -3112.31611076 426.82582568 0.364808 5.9538 0.859266 0.094492 0.033380
12600 -3096.72431786 409.83439070 0.350286 5.9538 0.859266 0.094492 0.083746
12700 -3100.36236910 397.10635331 0.339407 5.9538 0.859266 0.094492 0.045828
12800 -3101.69296134 388.34618052 0.331920 5.9538 0.859266 0.094492 0.020573
12900 -3127.25541517 404.17047079 0.345445 5.9538 0.859266 0.094492 -0.110493
13000 -3117.38316507 416.34158043 0.355848 5.9504 0.873197 0.092070 0.001056
13100 -3098.72718580 390.83249124 0.334045 5.9504 0.873197 0.092070 0.095119
13200 -3100.91701111 383.52140362 0.327796 5.9504 0.873197 0.092070 0.055652
13300 -3108.61343829 394.97779870 0.337588 5.9504 0.873197 0.092070 0.014443
13400 -3112.05544758 410.74238498 0.351062 5.9504 0.873197 0.092070 -0.003137
13500 -3108.01248873 394.09527971 0.336834 5.9487 0.859391 0.095874 0.008637
13600 -3126.05494233 384.14799348 0.328332 5.9487 0.859391 0.095874 -0.077817
13700 -3124.88763959 406.72995904 0.347632 5.9487 0.859391 0.095874 -0.033838
13800 -3112.79915418 409.85667184 0.350305 5.9487 0.859391 0.095874 0.071202
13900 -3117.05914867 408.63564751 0.349261 5.9487 0.859391 0.095874 0.011483
14000 -3097.41694388 393.89125401 0.336659 5.9470 0.863733 0.098502 0.106938
14100 -3098.75041489 410.97922554 0.351264 5.9470 0.863733 0.098502 0.104546
14200 -3104.83346569 409.89366595 0.350336 5.9470 0.863733 0.098502 0.030105
14300 -3103.74057438 407.81975362 0.348564 5.9470 0.863733 0.098502 0.001395
14400 -3100.05006301 388.30766725 0.331887 5.9470 0.863733 0.098502 0.009034
14500 -3113.81713921 375.63791697 0.321058 5.9487 0.862687 0.097976 -0.070274
14600 -3115.97562884 400.57260461 0.342370 5.9487 0.862687 0.097976 -0.088545
14700 -3109.33251413 412.24417113 0.352345 5.9487 0.862687 0.097976 -0.013965
14800 -3116.92529614 404.09899182 0.345384 5.9487 0.862687 0.097976 -0.045178
14900 -3105.00446529 408.63809948 0.349263 5.9487 0.862687 0.097976 0.020249
15000 -3100.52322340 405.85851363 0.346888 5.9573 0.854676 0.098461 0.016027
15100 -3096.75671000 399.90648919 0.341800 5.9573 0.854676 0.098461 0.015127
15200 -3101.90461377 414.67056636 0.354419 5.9573 0.854676 0.098461 0.028194
15300 -3108.26320197 399.36382863 0.341337 5.9573 0.854676 0.098461 0.001798
15400 -3090.88942307 399.51575638 0.341466 5.9573 0.854676 0.098461 0.052516
15500 -3104.36777672 408.80294639 0.349404 5.9504 0.867013 0.095279 -0.020955
15600 -3112.32754136 399.38181578 0.341352 5.9504 0.867013 0.095279 -0.098802
15700 -3101.34584658 399.11616917 0.341125 5.9504 0.867013 0.095279 -0.043559
15800 -3101.04390800 391.64989835 0.334744 5.9504 0.867013 0.095279 -0.001062
15900 -3108.14239085 388.86198834 0.332361 5.9504 0.867013 0.095279 -0.040035
16000 -3106.21289522 403.72112564 0.345061 5.9641 0.863316 0.095366 -0.035004
16100 -3126.65213078 409.99539518 0.350423 5.9641 0.863316 0.095366 -0.129250
16200 -3109.55962136 385.44471062 0.329440 5.9641 0.863316 0.095366 -0.014129
16300 -3119.61715519 404.81031916 0.345992 5.9641 0.863316 0.095366 -0.065559
16400 -3127.85096866 398.30188330 0.340429 5.9641 0.863316 0.095366 -0.101306
16500 -3121.62289247 405.72376255 0.346772 5.9658 0.869596 0.092201 -0.073480
16600 -3112.14890353 407.44437727 0.348243 5.9658 0.869596 0.092201 0.019868
16700 -3108.43633885 384.09597255 0.328287 5.9658 0.869596 0.092201 -0.009925
16800 -3107.11580489 393.30964346 0.336162 5.9658 0.869596 0.092201 0.032214
16900 -3121.55993553 380.14665242 0.324912 5.9658 0.869596 0.092201 -0.069554
17000 -3124.46960921 381.54620654 0.326108 5.9607 0.870277 0.095161 -0.073098
17100 -3119.49982035 384.70801513 0.328810 5.9607 0.870277 0.095161 -0.016520
17200 -3097.65537221 401.01871552 0.342751 5.9607 0.870277 0.095161 0.136683
17300 -3134.22756550 403.13708282 0.344562 5.9607 0.870277 0.095161 -0.132481
17400 -3117.37612039 394.64877863 0.337307 5.9607 0.870277 0.095161 -0.006898
17500 -3134.35215185 395.78717264 0.338280 5.9692 0.876276 0.092712 -0.106930
17600 -3124.34618624 411.28754677 0.351528 5.9692 0.876276 0.092712 0.023025
17700 -3111.08420310 396.37799071 0.338785 5.9692 0.876276 0.092712 0.054879
17800 -3114.83771504 409.61383699 0.350097 5.9692 0.876276 0.092712 0.019566
17900 -3119.16692880 379.78422763 0.324602 5.9692 0.876276 0.092712 -0.020842
18000 -3101.74360796 382.19154883 0.326659 5.9538 0.861970 0.095315 0.090635
18100 -3109.54334364 388.88151502 0.332377 5.9538 0.861970 0.095315 0.045805
18200 -3138.44850667 395.46406261 0.338003 5.9538 0.861970 0.095315 -0.141287
18300 -3114.10030567 399.72984608 0.341649 5.9538 0.861970 0.095315 0.062108
18400 -3117.38039674 397.10742385 0.339408 5.9538 0.861970 0.095315 0.004841
18500 -3098.06088032 396.24660436 0.338672 5.9590 0.864592 0.096075 0.082877
18600 -3090.41624246 382.71954322 0.327111 5.9590 0.864592 0.096075 0.138582
18700 -3107.09393325 403.39559091 0.344783 5.9590 0.864592 0.096075 0.016378
18800 -3107.97625260 402.68770970 0.344178 5.9590 0.864592 0.096075 0.010435
18900 -3117.81243268 393.98431250 0.336739 5.9590 0.864592 0.096075 -0.058274
19000 -3111.92852662 403.68977908 0.345034 5.9573 0.864608 0.096497 -0.010567
19100 -3099.95136033 393.11292672 0.335994 5.9573 0.864608 0.096497 0.072808
19200 -3101.52203920 404.89432609 0.346064 5.9573 0.864608 0.096497 0.068172
19300 -3104.19037552 401.01393090 0.342747 5.9573 0.864608 0.096497 0.023786
19400 -3080.93281343 391.45842131 0.334580 5.9573 0.864608 0.096497 0.156941
19500 -3119.33375596 393.89888155 0.336666 5.9504 0.864527 0.096119 -0.106661
19600 -3097.57505528 379.09333315 0.324011 5.9504 0.864527 0.096119 0.055467
19700 -3101.41732180 393.29315980 0.336148 5.9504 0.864527 0.096119 0.035858
19800 -3111.16704449 391.62689927 0.334724 5.9504 0.864527 0.096119 -0.047800
19900 -3105.06012685 386.86902436 0.330657 5.9504 0.864527 0.096119 0.008479
20000 -3084.73041389 365.20017572 0.312137 5.9556 0.848585 0.102758 0.118638
20100 -3114.87643391 392.53098881 0.335497 5.9556 0.848585 0.102758 -0.036344
20200 -3128.16859780 389.07820927 0.332545 5.9556 0.848585 0.102758 -0.114246
20300 -3117.09503145 398.65906946 0.340734 5.9556 0.848585 0.102758 0.030163
20400 -3105.09568126 400.07794064 0.341947 5.9556 0.848585 0.102758 0.070721
20500 -3108.11755223 394.45935717 0.337145 5.9641 0.868017 0.090398 0.023642
20600 -3110.64629966 380.02709916 0.324809 5.9641 0.868017 0.090398 -0.009458
20700 -3122.86506504 399.44735171 0.341408 5.9641 0.868017 0.090398 -0.092326
20800 -3106.93967490 403.28208165 0.344686 5.9641 0.868017 0.090398 -0.009076
20900 -3117.12264362 405.84644534 0.346877 5.9641 0.868017 0.090398 -0.047153
21000 -3118.28528559 395.79301155 0.338285 5.9641 0.860481 0.095517 -0.048523
21100 -3108.59217233 410.44432629 0.350807 5.9641 0.860481 0.095517 -0.002363
21200 -3102.82035366 417.93324856 0.357208 5.9641 0.860481 0.095517 0.018957
21300 -3089.04561785 414.31705996 0.354117 5.9641 0.860481 0.095517 0.086165
21400 -3093.24652506 425.23044869 0.363445 5.9641 0.860481 0.095517 0.014980
21500 -3084.32550784 412.37971300 0.352461 5.9624 0.854442 0.098380 0.086127
21600 -3098.54374247 405.06969212 0.346213 5.9624 0.854442 0.098380 -0.039290
21700 -3109.60104945 406.21114725 0.347189 5.9624 0.854442 0.098380 -0.083551
21800 -3104.27634652 409.11985494 0.349675 5.9624 0.854442 0.098380 -0.047989
21900 -3123.51567262 404.86302167 0.346037 5.9624 0.854442 0.098380 -0.139027
22000 -3100.77968164 398.64489363 0.340722 5.9538 0.857761 0.099264 0.007141
22100 -3094.55700995 385.37935776 0.329384 5.9538 0.857761 0.099264 0.022005
22200 -3110.28295120 379.22493388 0.324124 5.9538 0.857761 0.099264 -0.047126
22300 -3123.97745006 388.64678616 0.332177 5.9538 0.857761 0.099264 -0.118524
22400 -3098.91877103 375.05034281 0.320556 5.9538 0.857761 0.099264 0.061055
22500 -3109.95164876 387.23317119 0.330969 5.9487 0.864238 0.098531 0.022152
22600 -3114.09776022 394.29167136 0.337001 5.9487 0.864238 0.098531 -0.032096
22700 -3117.46970106 402.58699733 0.344091 5.9487 0.864238 0.098531 -0.027408
22800 -3111.42656794 417.24980084 0.356624 5.9487 0.864238 0.098531 0.022936
22900 -3117.79938675 414.32232093 0.354122 5.9487 0.864238 0.098531 -0.031562
23000 -3107.74314749 402.05862700 0.343640 5.9590 0.861315 0.098895 -0.002534
23100 -3104.47766037 398.60265416 0.340686 5.9590 0.861315 0.098895 0.013988
23200 -3122.05344914 388.69106030 0.332215 5.9590 0.861315 0.098895 -0.090554
23300 -3114.28802464 389.34174368 0.332771 5.9590 0.861315 0.098895 -0.027900
23400 -3117.81588629 390.07125927 0.333394 5.9590 0.861315 0.098895 -0.037676
23500 -3116.58281595 393.15210514 0.336027 5.9607 0.869455 0.092066 -0.044804
23600 -3109.71401722 391.55034279 0.334658 5.9607 0.869455 0.092066 0.044599
23700 -3129.05551471 380.68067493 0.325368 5.9607 0.869455 0.092066 -0.103212
23800 -3132.75260426 384.06992668 0.328265 5.9607 0.869455 0.092066 -0.103312
23900 -3134.19994669 385.84991367 0.329786 5.9607 0.869455 0.092066 -0.064867
24000 -3137.24239111 389.96617564 0.333304 5.9624 0.877182 0.092031 -0.059287
24100 -3134.21676986 387.55073709 0.331240 5.9624 0.877182 0.092031 -0.051244
24200 -3126.37033249 375.73038660 0.321137 5.9624 0.877182 0.092031 0.011362
24300 -3112.79572281 370.46854290 0.316640 5.9624 0.877182 0.092031 0.108475
24400 -3136.26869821 406.49366008 0.347430 5.9624 0.877182 0.092031 -0.064782
24500 -3116.91390040 390.52813247 0.333785 5.9744 0.858400 0.093135 0.048605
24600 -3125.26139870 410.83350715 0.351140 5.9744 0.858400 0.093135 0.035719
24700 -3111.40393018 415.12605958 0.354809 5.9744 0.858400 0.093135 0.086455
24800 -3110.77782291 404.21960321 0.345487 5.9744 0.858400 0.093135 0.038037
24900 -3116.70592869 420.90050760 0.359744 5.9744 0.858400 0.093135 0.007199
25000 -3118.73142017 414.02650417 0.353869 5.9521 0.865060 0.096644 0.012011
25100 -3123.41548890 391.77396033 0.334850 5.9521 0.865060 0.096644 -0.103405
25200 -3116.64455957 395.38158652 0.337933 5.9521 0.865060 0.096644 -0.048034
25300 -3134.72949242 380.65692607 0.325348 5.9521 0.865060 0.096644 -0.116435
25400 -3135.76841804 378.63536190 0.323620 5.9521 0.865060 0.096644 -0.063691
25500 -3124.33288685 407.48593398 0.348279 5.9573 0.868115 0.095257 0.024108
25600 -3107.85162352 404.54368488 0.345764 5.9573 0.868115 0.095257 0.101694
25700 -3113.91827426 404.12162917 0.345403 5.9573 0.868115 0.095257 0.030477
25800 -3094.04188797 385.38489521 0.329389 5.9573 0.868115 0.095257 0.136052
25900 -3098.76856390 383.86615523 0.328091 5.9573 0.868115 0.095257 0.104783
26000 -3109.78726574 391.13791307 0.334306 5.9624 0.864701 0.094528 0.011757
26100 -3107.29105022 381.20327177 0.325815 5.9624 0.864701 0.094528 0.059772
26200 -3113.77361991 392.42127150 0.335403 5.9624 0.864701 0.094528 -0.013026
26300 -3106.61000205 410.21822523 0.350614 5.9624 0.864701 0.094528 0.057093
26400 -3111.50392862 396.96893384 0.339290 5.9624 0.864701 0.094528 -0.008683
26500 -3101.72814094 397.59143468 0.339822 5.9624 0.863066 0.095975 0.069706
26600 -3105.30673735 400.39754478 0.342220 5.9624 0.863066 0.095975 0.052253
26700 -3100.70099212 390.10423493 0.333422 5.9624 0.863066 0.095975 0.066752
26800 -3105.43304510 394.13660163 0.336869 5.9624 0.863066 0.095975 0.003710
26900 -3118.47805789 385.26345129 0.329285 5.9624 0.863066 0.095975 -0.043868
27000 -3118.33055951 380.55116759 0.325257 5.9573 0.864787 0.094493 -0.031428
27100 -3128.41054089 394.30662194 0.337014 5.9573 0.864787 0.094493 -0.062415
27200 -3136.10560936 403.59071258 0.344949 5.9573 0.864787 0.094493 -0.088520
27300 -3148.69943483 377.33562095 0.322509 5.9573 0.864787 0.094493 -0.133606
27400 -3124.27470524 386.12895831 0.330025 5.9573 0.864787 0.094493 0.048249
27500 -3121.72012289 386.46058566 0.330308 5.9607 0.857269 0.092925 0.033351
27600 -3109.05132295 405.24412207 0.346362 5.9607 0.857269 0.092925 0.106349
27700 -3106.63954945 402.59997185 0.344103 5.9607 0.857269 0.092925 0.104225
27800 -3112.33185017 390.37891860 0.333657 5.9607 0.857269 0.092925 0.040189
27900 -3120.45933186 390.96631802 0.334159 5.9607 0.857269 0.092925 -0.007895
28000 -3095.26139985 387.01516171 0.330782 5.9436 0.859775 0.099763 0.125079
28100 -3101.46202404 385.12211884 0.329164 5.9436 0.859775 0.099763 0.032100
28200 -3123.00198910 389.18649576 0.332638 5.9436 0.859775 0.099763 -0.073871
28300 -3122.27331395 392.03042064 0.335069 5.9436 0.859775 0.099763 -0.034731
28400 -3123.78688869 386.43294754 0.330285 5.9436 0.859775 0.099763 0.017850
28500 -3125.26755411 402.20964414 0.343769 5.9402 0.860234 0.097583 0.010463
28600 -3113.89036571 393.25885808 0.336119 5.9402 0.860234 0.097583 0.048137
28700 -3109.52117221 391.72058868 0.334804 5.9402 0.860234 0.097583 0.056172
28800 -3121.61375287 386.29566150 0.330167 5.9402 0.860234 0.097583 -0.021021
28900 -3127.86625338 399.09296665 0.341105 5.9402 0.860234 0.097583 -0.019804
29000 -3136.40168389 403.86749355 0.345186 5.9641 0.867572 0.093614 -0.085805
29100 -3126.08632286 395.25788808 0.337827 5.9641 0.867572 0.093614 -0.017348
29200 -3119.41777726 394.82763164 0.337460 5.9641 0.867572 0.093614 0.027460
29300 -3141.22521550 397.73239323 0.339942 5.9641 0.867572 0.093614 -0.092479
29400 -3117.12064256 385.22276819 0.329250 5.9641 0.867572 0.093614 0.034775
29500 -3118.91136013 405.37387358 0.346473 5.9709 0.865491 0.091308 0.037441
29600 -3122.97415471 403.97091103 0.345274 5.9709 0.865491 0.091308 -0.029022
29700 -3122.27064788 386.16652336 0.330057 5.9709 0.865491 0.091308 0.013050
29800 -3130.23233621 400.77297316 0.342541 5.9709 0.865491 0.091308 -0.019074
29900 -3120.31300040 394.44650301 0.337134 5.9709 0.865491 0.091308 0.007644
30000 -3123.57522998 398.48774301 0.340588 5.9538 0.861458 0.096727 -0.003839
30100 -3129.99370395 403.79630092 0.345125 5.9538 0.861458 0.096727 -0.055501
30200 -3114.54641209 382.84974618 0.327222 5.9538 0.861458 0.096727 0.036125
30300 -3123.28701112 397.03246072 0.339344 5.9538 0.861458 0.096727 0.013948
30400 -3125.71464130 383.83286776 0.328062 5.9538 0.861458 0.096727 0.004467
30500 -3118.58833027 395.83159597 0.338318 5.9504 0.858257 0.097902 0.043732
30600 -3121.81253715 387.21432108 0.330952 5.9504 0.858257 0.097902 0.000947
30700 -3122.39860985 404.82218090 0.346002 5.9504 0.858257 0.097902 0.001114
30800 -3110.96558482 391.89378198 0.334952 5.9504 0.858257 0.097902 0.046444
30900 -3105.79613407 377.31884076 0.322495 5.9504 0.858257 0.097902 0.081950
31000 -3111.14383574 389.94969131 0.333290 5.9761 0.859516 0.096093 0.002180
31100 -3103.12624466 390.90222576 0.334104 5.9761 0.859516 0.096093 0.058169
31200 -3117.78528079 408.39409412 0.349055 5.9761 0.859516 0.096093 -0.008071
31300 -3108.23759365 391.42078241 0.334548 5.9761 0.859516 0.096093 0.056350
31400 -3120.51228385 413.00381901 0.352995 5.9761 0.859516 0.096093 -0.029976
31500 -3105.03216743 412.21357001 0.352319 5.9538 0.866331 0.096053 0.074402
31600 -3096.06611353 405.11351966 0.346251 5.9538 0.866331 0.096053 0.084553
31700 -3107.83255731 405.30071718 0.346411 5.9538 0.866331 0.096053 -0.019041
31800 -3126.78137067 422.53871619 0.361144 5.9538 0.866331 0.096053 -0.133815
31900 -3112.02264036 390.90230178 0.334105 5.9538 0.866331 0.096053 -0.025267
32000 -3122.67884429 408.58403005 0.349217 5.9607 0.866613 0.094594 -0.052474
32100 -3108.94726113 407.29678884 0.348117 5.9607 0.866613 0.094594 0.011533
32200 -3110.67125530 409.36317873 0.349883 5.9607 0.866613 0.094594 -0.041158
32300 -3121.03877383 407.57095500 0.348351 5.9607 0.866613 0.094594 -0.072052
32400 -3103.93497278 393.39266351 0.336233 5.9607 0.866613 0.094594 0.063139
32500 -3112.94265142 398.18024947 0.340325 5.9641 0.865189 0.092375 -0.038235
32600 -3120.45373014 395.63580399 0.338150 5.9641 0.865189 0.092375 -0.088414
32700 -3133.91697116 423.62482206 0.362072 5.9641 0.865189 0.092375 -0.112306
32800 -3123.15874966 377.35031362 0.322522 5.9641 0.865189 0.092375 -0.036747
32900 -3120.31425267 378.65144115 0.323634 5.9641 0.865189 0.092375 -0.010670
33000 -3132.15637178 405.21443667 0.346337 5.9692 0.866879 0.089295 -0.065063
33100 -3130.56863648 395.75761539 0.338254 5.9692 0.866879 0.089295 -0.078478
33200 -3140.81881052 397.24016647 0.339522 5.9692 0.866879 0.089295 -0.073995
33300 -3136.03565023 380.44699849 0.325168 5.9692 0.866879 0.089295 -0.045232
33400 -3132.62615244 380.83467055 0.325500 5.9692 0.866879 0.089295 -0.042963
33500 -3116.06263719 383.25583541 0.327569 5.9573 0.863843 0.095715 0.080884
33600 -3118.00309179 385.84185737 0.329779 5.9573 0.863843 0.095715 0.020419
33700 -3112.09304451 389.51381010 0.332918 5.9573 0.863843 0.095715 0.070177
33800 -3118.71988236 379.42011927 0.324291 5.9573 0.863843 0.095715 0.024353
33900 -3124.86835858 401.18798166 0.342896 5.9573 0.863843 0.095715 0.020981
34000 -3117.19097790 380.34848117 0.325084 5.9692 0.870678 0.092706 0.037348
34100 -3121.74696886 378.60018601 0.323590 5.9692 0.870678 0.092706 -0.014303
34200 -3125.70347128 386.56215649 0.330395 5.9692 0.870678 0.092706 -0.014226
34300 -3122.57008901 384.59188555 0.328711 5.9692 0.870678 0.092706 -0.018694
34400 -3123.05634517 400.68398622 0.342465 5.9692 0.870678 0.092706 0.012193
34500 -3127.06508746 388.37659386 0.331946 5.9624 0.864611 0.093007 -0.019559
34600 -3116.15888579 386.65565162 0.330475 5.9624 0.864611 0.093007 0.044906
34700 -3101.93043207 412.83272340 0.352848 5.9624 0.864611 0.093007 0.137800
34800 -3109.95580441 403.33843739 0.344734 5.9624 0.864611 0.093007 0.043357
34900 -3100.63209371 397.69939794 0.339914 5.9624 0.864611 0.093007 0.078830
35000 -3109.48432547 406.62543353 0.347543 5.9504 0.859227 0.097120 -0.022962
35100 -3108.41094194 403.06689437 0.344502 5.9504 0.859227 0.097120 -0.000539
35200 -3113.76992811 386.78306081 0.330584 5.9504 0.859227 0.097120 -0.029427
35300 -3099.60312836 385.80517708 0.329748 5.9504 0.859227 0.097120 0.057366
35400 -3109.32244847 383.27908166 0.327589 5.9504 0.859227 0.097120 0.005786
35500 -3118.25105792 394.86151144 0.337488 5.9607 0.855481 0.094914 -0.069241
35600 -3108.78137910 402.37235355 0.343908 5.9607 0.855481 0.094914 0.009882
35700 -3097.63273113 391.83137287 0.334899 5.9607 0.855481 0.094914 0.073583
35800 -3118.13291752 396.85260880 0.339190 5.9607 0.855481 0.094914 -0.040237
35900 -3113.35431044 371.94208791 0.317899 5.9607 0.855481 0.094914 -0.011289
36000 -3123.53500825 400.87755230 0.342630 5.9556 0.868514 0.093947 -0.044548
36100 -3117.20937105 411.98533873 0.352124 5.9556 0.868514 0.093947 0.012208
36200 -3102.99448627 403.81996456 0.345145 5.9556 0.868514 0.093947 0.052047
36300 -3113.98968762 393.34712233 0.336194 5.9556 0.868514 0.093947 0.000924
36400 -3109.55973919 392.76793720 0.335699 5.9556 0.868514 0.093947 0.013397
36500 -3102.38412002 394.15174948 0.336882 5.9590 0.856525 0.094493 0.059897
36600 -3106.54639541 412.28203732 0.352378 5.9590 0.856525 0.094493 0.037872
36700 -3117.39948366 385.27617903 0.329296 5.9590 0.856525 0.094493 -0.090731
36800 -3139.51673591 406.35715770 0.347314 5.9590 0.856525 0.094493 -0.153936
36900 -3116.51672203 382.59165153 0.327001 5.9590 0.856525 0.094493 0.003559
37000 -3101.83017816 386.93746799 0.330716 5.9470 0.862483 0.101049 0.120772
37100 -3112.45313234 395.52532921 0.338056 5.9470 0.862483 0.101049 0.018721
37200 -3108.01573275 387.83103116 0.331480 5.9470 0.862483 0.101049 0.050133
37300 -3114.82357410 410.27311866 0.350661 5.9470 0.862483 0.101049 -0.000567
37400 -3111.15157272 386.68278879 0.330498 5.9470 0.862483 0.101049 0.030228
37500 -3119.33811764 396.70322676 0.339063 5.9504 0.867511 0.096900 0.009300
37600 -3125.93615246 408.68025142 0.349299 5.9504 0.867511 0.096900 -0.045031
37700 -3106.04554725 391.72655939 0.334809 5.9504 0.867511 0.096900 0.034108
37800 -3109.70739154 388.54828236 0.332093 5.9504 0.867511 0.096900 0.021969
37900 -3124.55056571 378.09916315 0.323162 5.9504 0.867511 0.096900 -0.040221
38000 -3114.77195070 380.47660411 0.325194 5.9521 0.871717 0.094166 0.047932
38100 -3144.87759256 381.59545835 0.326150 5.9521 0.871717 0.094166 -0.117451
38200 -3151.65916475 380.31793303 0.325058 5.9521 0.871717 0.094166 -0.102055
38300 -3145.55016778 394.96161012 0.337574 5.9521 0.871717 0.094166 -0.053008
38400 -3132.55886480 391.01299748 0.334199 5.9521 0.871717 0.094166 0.050514
38500 -3124.60450629 383.95933550 0.328170 5.9590 0.875983 0.092649 0.038609
38600 -3131.66052225 378.16443322 0.323217 5.9590 0.875983 0.092649 0.000771
38700 -3119.31239844 386.60495048 0.330432 5.9590 0.875983 0.092649 0.078557
38800 -3127.64907591 403.89096575 0.345206 5.9590 0.875983 0.092649 0.011037
38900 -3097.44986024 392.45810653 0.335434 5.9590 0.875983 0.092649 0.180061
39000 -3120.12433768 406.23642037 0.347211 5.9607 0.863038 0.096536 -0.003595
39100 -3122.08474701 426.07085183 0.364163 5.9607 0.863038 0.096536 -0.013958
39200 -3114.31581326 417.89969114 0.357179 5.9607 0.863038 0.096536 0.003472
39300 -3083.96869460 394.63393554 0.337294 5.9607 0.863038 0.096536 0.170574
39400 -3101.98751306 407.35357345 0.348165 5.9607 0.863038 0.096536 0.063115
39500 -3113.07907702 413.13531202 0.353107 5.9590 0.863635 0.095063 -0.023291
39600 -3114.53422823 417.86837475 0.357152 5.9590 0.863635 0.095063 -0.067988
39700 -3122.48572975 422.40916882 0.361033 5.9590 0.863635 0.095063 -0.113586
39800 -3104.61428686 380.82179731 0.325489 5.9590 0.863635 0.095063 -0.005060
39900 -3108.20068178 404.31336639 0.345567 5.9590 0.863635 0.095063 -0.030875
40000 -3106.49611502 405.31863959 0.346426 5.9761 0.863400 0.093591 -0.026618
40100 -3122.03434322 421.69421027 0.360422 5.9761 0.863400 0.093591 -0.076434
40200 -3112.32065311 413.20332620 0.353165 5.9761 0.863400 0.093591 -0.036924
40300 -3115.36871732 399.03881281 0.341059 5.9761 0.863400 0.093591 -0.045389
40400 -3118.85576174 415.74827143 0.355340 5.9761 0.863400 0.093591 -0.052379
40500 -3123.39495035 405.20446320 0.346329 5.9624 0.871805 0.091379 -0.085258
40600 -3132.66282539 410.41137167 0.350779 5.9624 0.871805 0.091379 -0.146361
40700 -3115.67757576 390.09802435 0.333417 5.9624 0.871805 0.091379 -0.013550
40800 -3116.66337178 393.97364691 0.336730 5.9624 0.871805 0.091379 -0.027204
40900 -3122.48582971 382.98398709 0.327337 5.9624 0.871805 0.091379 -0.041166
41000 -3134.28064656 385.15797123 0.329195 5.9453 0.870656 0.091253 -0.018799
41100 -3129.38164679 399.15619160 0.341159 5.9453 0.870656 0.091253 -0.044894
41200 -3120.47156330 377.97968986 0.323060 5.9453 0.870656 0.091253 0.037723
41300 -3133.98162434 393.44724935 0.336280 5.9453 0.870656 0.091253 -0.059426
41400 -3130.14707932 383.45967746 0.327743 5.9453 0.870656 0.091253 -0.020585
41500 -3125.99471435 403.70998261 0.345051 5.9658 0.870008 0.091212 0.046659
41600 -3104.89032554 399.35436963 0.341329 5.9658 0.870008 0.091212 0.151757
41700 -3114.61259021 408.88160866 0.349471 5.9658 0.870008 0.091212 0.053043
41800 -3091.66610443 419.86771303 0.358861 5.9658 0.870008 0.091212 0.163907
41900 -3095.92621059 432.19260847 0.369395 5.9658 0.870008 0.091212 0.105847
42000 -3093.28681913 428.55699798 0.366288 5.9556 0.868131 0.098564 0.058141
42100 -3109.55031150 407.41340543 0.348217 5.9556 0.868131 0.098564 -0.085453
42200 -3094.06603601 407.16854366 0.348007 5.9556 0.868131 0.098564 0.066105
42300 -3102.97250936 402.03901541 0.343623 5.9556 0.868131 0.098564 -0.029979
42400 -3115.06316464 396.60469560 0.338978 5.9556 0.868131 0.098564 -0.037542
42500 -3104.27925357 404.11018702 0.345393 5.9453 0.855879 0.096920 0.010204
42600 -3089.16367620 397.27163926 0.339548 5.9453 0.855879 0.096920 0.113865
42700 -3097.09878227 395.13806153 0.337725 5.9453 0.855879 0.096920 0.025346
42800 -3101.48955143 373.39029555 0.319137 5.9453 0.855879 0.096920 0.009302
42900 -3113.44099582 407.85882679 0.348597 5.9453 0.855879 0.096920 0.001973
43000 -3110.78028613 403.53736386 0.344904 5.9573 0.860819 0.094771 -0.028156
43100 -3106.01813088 380.51872005 0.325230 5.9573 0.860819 0.094771 -0.001106
43200 -3095.59559719 397.00995605 0.339325 5.9573 0.860819 0.094771 0.075525
43300 -3088.84308942 397.84239210 0.340036 5.9573 0.860819 0.094771 0.046468
43400 -3123.94908519 410.70326244 0.351028 5.9573 0.860819 0.094771 -0.143795
43500 -3118.15094977 415.53486173 0.355158 5.9607 0.865841 0.094175 -0.086835
43600 -3111.70848862 395.15682094 0.337741 5.9607 0.865841 0.094175 -0.063972
43700 -3120.35143588 402.69553842 0.344184 5.9607 0.865841 0.094175 -0.091279
43800 -3102.47197318 392.73251899 0.335669 5.9607 0.865841 0.094175 0.032120
43900 -3097.42576279 401.40989118 0.343085 5.9607 0.865841 0.094175 0.068611
44000 -3090.92656769 395.83022630 0.338316 5.9487 0.849617 0.096845 0.052100
44100 -3102.38152704 399.11268983 0.341122 5.9487 0.849617 0.096845 -0.012688
44200 -3105.08902538 390.35929795 0.333640 5.9487 0.849617 0.096845 0.029740
44300 -3093.94972469 402.29614613 0.343843 5.9487 0.849617 0.096845 0.067050
44400 -3098.32683553 407.16096404 0.348001 5.9487 0.849617 0.096845 0.014526
44500 -3102.92258685 408.15924267 0.348854 5.9538 0.859357 0.100568 -0.044235
44600 -3114.68030606 422.14996608 0.360812 5.9538 0.859357 0.100568 -0.076035
44700 -3099.47173544 393.41292868 0.336250 5.9538 0.859357 0.100568 0.034868
44800 -3098.94755975 404.86190318 0.346036 5.9538 0.859357 0.100568 0.010780
44900 -3098.59503704 406.55112909 0.347480 5.9538 0.859357 0.100568 0.001867
45000 -3098.54172368 395.29916428 0.337863 5.9487 0.865789 0.098547 0.013793
45100 -3099.30609530 418.06565202 0.357321 5.9487 0.865789 0.098547 0.027907
45200 -3099.39321497 386.85257166 0.330643 5.9487 0.865789 0.098547 -0.043270
45300 -3107.21024472 393.21820743 0.336084 5.9487 0.865789 0.098547 -0.068580
45400 -3104.24275308 395.06269130 0.337660 5.9487 0.865789 0.098547 -0.021882
45500 -3094.65382219 406.58760446 0.347511 5.9419 0.854847 0.100540 0.032720
45600 -3109.26292423 387.39249108 0.331105 5.9419 0.854847 0.100540 -0.052244
45700 -3117.65541505 390.09071575 0.333411 5.9419 0.854847 0.100540 -0.053633
45800 -3138.00843934 394.70185894 0.337352 5.9419 0.854847 0.100540 -0.166670
45900 -3110.30152454 394.19462901 0.336918 5.9419 0.854847 0.100540 0.039190
46000 -3115.66082507 386.40871753 0.330264 5.9538 0.870284 0.093719 0.007315
46100 -3111.65130881 391.82431861 0.334893 5.9538 0.870284 0.093719 0.014816
46200 -3106.19660037 402.94295522 0.344396 5.9538 0.870284 0.093719 0.075159
46300 -3108.07243419 395.86846523 0.338349 5.9538 0.870284 0.093719 0.041477
46400 -3116.92884403 390.13105871 0.333445 5.9538 0.870284 0.093719 -0.016426
46500 -3125.99272477 390.75260377 0.333977 5.9504 0.872440 0.097439 -0.115030
46600 -3110.35902658 379.96893340 0.324760 5.9504 0.872440 0.097439 -0.002274
46700 -3098.52252187 402.19094033 0.343753 5.9504 0.872440 0.097439 0.106404
46800 -3111.83629936 394.25473254 0.336970 5.9504 0.872440 0.097439 0.002746
46900 -3130.22045392 395.45475213 0.337996 5.9504 0.872440 0.097439 -0.087528
47000 -3111.79511537 390.98920324 0.334179 5.9573 0.868342 0.094553 0.028270
47100 -3096.88337963 386.16262438 0.330054 5.9573 0.868342 0.094553 0.077854
47200 -3103.33058274 391.01686027 0.334202 5.9573 0.868342 0.094553 0.050589
47300 -3101.64881911 401.02102245 0.342753 5.9573 0.868342 0.094553 0.055400
47400 -3108.20011129 391.66938999 0.334760 5.9573 0.868342 0.094553 0.002467
47500 -3113.29967676 401.90650659 0.343510 5.9368 0.867963 0.095625 -0.008883
47600 -3120.80097379 401.16209762 0.342874 5.9368 0.867963 0.095625 -0.054885
47700 -3086.33675546 383.51153091 0.327788 5.9368 0.867963 0.095625 0.116840
47800 -3110.82276458 394.37342726 0.337071 5.9368 0.867963 0.095625 -0.055466
47900 -3106.44153455 379.47190238 0.324335 5.9368 0.867963 0.095625 0.012776
48000 -3108.15986897 408.33703885 0.349006 5.9538 0.867334 0.094391 -0.005237
48100 -3092.66394366 393.55641561 0.336373 5.9538 0.867334 0.094391 0.085480
48200 -3111.59857610 417.85932730 0.357145 5.9538 0.867334 0.094391 -0.009476
48300 -3094.54050291 385.18911754 0.329221 5.9538 0.867334 0.094391 0.036994
48400 -3118.63054224 398.76815939 0.340827 5.9538 0.867334 0.094391 -0.100071
48500 -3100.69173841 397.36040273 0.339624 5.9607 0.846529 0.097485 0.034680
48600 -3115.47935129 403.06996339 0.344504 5.9607 0.846529 0.097485 -0.088386
48700 -3086.72687862 397.00689288 0.339322 5.9607 0.846529 0.097485 0.122035
48800 -3112.06413311 406.57026689 0.347496 5.9607 0.846529 0.097485 -0.066630
48900 -3102.78587916 408.58601330 0.349219 5.9607 0.846529 0.097485 -0.020943
49000 -3112.38157195 402.57748038 0.344083 5.9556 0.859093 0.097184 -0.054997
49100 -3103.40523117 397.44069120 0.339693 5.9556 0.859093 0.097184 -0.020917
49200 -3103.85027054 394.45740018 0.337143 5.9556 0.859093 0.097184 -0.000424
49300 -3098.72888771 387.57728850 0.331263 5.9556 0.859093 0.097184 0.020322
49400 -3100.94727463 401.05796576 0.342785 5.9556 0.859093 0.097184 0.040908
49500 -3117.78127355 424.66404526 0.362961 5.9658 0.874283 0.092379 -0.059387
49600 -3109.71367464 404.08202610 0.345369 5.9658 0.874283 0.092379 0.014483
49700 -3097.75796534 394.16600537 0.336894 5.9658 0.874283 0.092379 0.093209
49800 -3108.38325318 409.12161273 0.349677 5.9658 0.874283 0.092379 -0.012737
49900 -3109.99151837 401.43769673 0.343109 5.9658 0.874283 0.092379 -0.022595
50000 -3109.11955558 401.30521658 0.342996 5.9538 0.872278 0.094897 -0.009486
50100 -3128.60329722 416.27120531 0.355787 5.9538 0.872278 0.094897 -0.108086
50200 -3116.26479344 402.69907482 0.344187 5.9538 0.872278 0.094897 -0.010215
50300 -3094.12058655 402.17123402 0.343736 5.9538 0.872278 0.094897 0.079192
50400 -3083.96424129 395.52578415 0.338056 5.9538 0.872278 0.094897 0.089050
50500 -3101.13978595 378.24313220 0.323285 5.9624 0.853792 0.097253 0.011731
50600 -3100.04362258 393.69219438 0.336489 5.9624 0.853792 0.097253 0.042627
50700 -3105.70875390 404.89752647 0.346066 5.9624 0.853792 0.097253 -0.014431
50800 -3114.12403631 406.83127778 0.347719 5.9624 0.853792 0.097253 -0.071039
50900 -3101.79734762 386.02702374 0.329938 5.9624 0.853792 0.097253 -0.001350
51000 -3109.94750659 397.14149818 0.339437 5.9607 0.860911 0.098455 0.029729
51100 -3120.40678255 406.02835129 0.347033 5.9607 0.860911 0.098455 -0.046313
51200 -3113.36935371 399.00586364 0.341031 5.9607 0.860911 0.098455 -0.042315
51300 -3103.62203005 390.56800350 0.333819 5.9607 0.860911 0.098455 0.035817
51400 -3123.72538182 401.39500212 0.343073 5.9607 0.860911 0.098455 -0.088555
51500 -3130.56122178 402.87797785 0.344340 5.9573 0.869008 0.093861 -0.113225
51600 -3097.27373902 398.68929463 0.340760 5.9573 0.869008 0.093861 0.111714
51700 -3106.98290071 415.78614232 0.355373 5.9573 0.869008 0.093861 0.009796
51800 -3104.08103478 398.76993361 0.340829 5.9573 0.869008 0.093861 0.008076
51900 -3113.71539176 407.51341742 0.348302 5.9573 0.869008 0.093861 -0.027398
52000 -3112.89323418 392.16916088 0.335187 5.9641 0.866938 0.093883 -0.019067
52100 -3109.31027616 394.26206525 0.336976 5.9641 0.866938 0.093883 0.040221
52200 -3129.38007680 405.82307019 0.346857 5.9641 0.866938 0.093883 -0.113859
52300 -3137.36768192 383.85364721 0.328080 5.9641 0.866938 0.093883 -0.115993
52400 -3137.70590449 374.28154579 0.319899 5.9641 0.866938 0.093883 -0.132761
52500 -3124.68350037 379.24297875 0.324139 5.9573 0.872320 0.093328 0.047209
52600 -3125.07600711 396.78894306 0.339136 5.9573 0.872320 0.093328 0.035243
52700 -3121.65939891 401.89609987 0.343501 5.9573 0.872320 0.093328 0.023244
52800 -3120.87949979 401.70435067 0.343337 5.9573 0.872320 0.093328 0.027268
52900 -3100.87158142 383.23633850 0.327552 5.9573 0.872320 0.093328 0.119284
53000 -3120.46428251 404.44065732 0.345676 5.9726 0.870640 0.093540 0.006399
53100 -3122.94635702 404.41459596 0.345654 5.9726 0.870640 0.093540 -0.035756
53200 -3114.73867696 404.87715218 0.346049 5.9726 0.870640 0.093540 0.045336
53300 -3106.86971799 418.21017421 0.357445 5.9726 0.870640 0.093540 0.083094
53400 -3104.37113748 405.50476618 0.346585 5.9726 0.870640 0.093540 0.066393
53500 -3105.41119085 392.52411918 0.335491 5.9470 0.860563 0.096872 0.048092
53600 -3108.59721797 399.02344503 0.341046 5.9470 0.860563 0.096872 0.026438
53700 -3122.91469056 416.59388120 0.356063 5.9470 0.860563 0.096872 -0.093390
53800 -3094.32492970 407.59257496 0.348370 5.9470 0.860563 0.096872 0.051195
53900 -3099.64832727 410.88243675 0.351182 5.9470 0.860563 0.096872 0.006397
54000 -3106.72846591 425.91085112 0.364026 5.9504 0.855208 0.096357 -0.018378
54100 -3102.99400551 409.44822639 0.349956 5.9504 0.855208 0.096357 -0.068621
54200 -3104.67476128 417.95903265 0.357230 5.9504 0.855208 0.096357 -0.039032
54300 -3079.78904634 399.45019987 0.341410 5.9504 0.855208 0.096357 0.108734
54400 -3089.49478855 386.09167440 0.329993 5.9504 0.855208 0.096357 0.032615
54500 -3102.02162012 400.43276612 0.342250 5.9538 0.857607 0.094536 0.001058
54600 -3096.70259735 383.44555641 0.327731 5.9538 0.857607 0.094536 0.025737
54700 -3112.11756425 401.89510269 0.343500 5.9538 0.857607 0.094536 -0.042315
54800 -3111.06748733 383.06671186 0.327407 5.9538 0.857607 0.094536 -0.021458
54900 -3116.88456517 400.06324416 0.341934 5.9538 0.857607 0.094536 -0.020560
55000 -3120.71229055 388.63932833 0.332170 5.9658 0.865459 0.094703 -0.021827
55100 -3107.29459366 383.42189161 0.327711 5.9658 0.865459 0.094703 0.049627
55200 -3119.28180702 391.99183546 0.335036 5.9658 0.865459 0.094703 -0.041598
55300 -3130.69753699 379.46002867 0.324325 5.9658 0.865459 0.094703 -0.083940
55400 -3120.24924276 384.36989598 0.328521 5.9658 0.865459 0.094703 0.014748
55500 -3135.52440394 377.68474812 0.322807 5.9607 0.876169 0.089341 -0.070680
55600 -3129.33676107 395.11873784 0.337708 5.9607 0.876169 0.089341 0.012734
55700 -3115.19948050 397.57001475 0.339803 5.9607 0.876169 0.089341 0.061759
55800 -3130.69880295 402.09133505 0.343668 5.9607 0.876169 0.089341 -0.031297
55900 -3122.25521719 392.53249351 0.335498 5.9607 0.876169 0.089341 0.005927
56000 -3128.25506435 389.01434411 0.332491 5.9709 0.871720 0.090844 -0.023577
56100 -3124.73987314 400.21023296 0.342060 5.9709 0.871720 0.090844 0.034862
56200 -3120.48133925 378.54093513 0.323539 5.9709 0.871720 0.090844 0.031605
56300 -3127.53651034 385.37456334 0.329380 5.9709 0.871720 0.090844 -0.021936
56400 -3131.07678274 416.39659126 0.355895 5.9709 0.871720 0.090844 -0.050914
56500 -3131.50321670 378.94796736 0.323887 5.9573 0.869346 0.093553 -0.032483
56600 -3127.32980605 382.69273006 0.327088 5.9573 0.869346 0.093553 0.016530
56700 -3126.61929508 384.61820166 0.328734 5.9573 0.869346 0.093553 0.013688
56800 -3115.93288954 385.39573125 0.329398 5.9573 0.869346 0.093553 0.066933
56900 -3122.63962338 398.64267002 0.340720 5.9573 0.869346 0.093553 0.010805
57000 -3110.82440515 395.94370607 0.338413 5.9778 0.860105 0.092819 0.079731
57100 -3123.87812876 416.74171344 0.356189 5.9778 0.860105 0.092819 -0.001279
57200 -3123.65804606 393.02593824 0.335920 5.9778 0.860105 0.092819 -0.021275
57300 -3135.70278759 396.87733070 0.339211 5.9778 0.860105 0.092819 -0.072419
57400 -3149.96617284 376.98482070 0.322209 5.9778 0.860105 0.092819 -0.172532
57500 -3133.27000168 383.68131624 0.327933 5.9590 0.864910 0.093667 -0.005131
57600 -3142.37457150 400.61171847 0.342403 5.9590 0.864910 0.093667 -0.054051
57700 -3121.69803283 405.45221326 0.346540 5.9590 0.864910 0.093667 0.088917
57800 -3126.87133772 415.60657324 0.355219 5.9590 0.864910 0.093667 0.018976
57900 -3105.79897946 411.19958320 0.351453 5.9590 0.864910 0.093667 0.118553
58000 -3130.65034497 427.53446070 0.365414 5.9658 0.876177 0.091104 -0.052642
58100 -3115.10240546 403.60820359 0.344964 5.9658 0.876177 0.091104 0.015325
58200 -3128.60757898 382.30904569 0.326760 5.9658 0.876177 0.091104 -0.086591
58300 -3130.83549248 371.33154222 0.317377 5.9658 0.876177 0.091104 -0.088119
58400 -3145.49378803 382.72374844 0.327114 5.9658 0.876177 0.091104 -0.091355
58500 -3140.34147657 394.56195784 0.337232 5.9726 0.873410 0.089503 -0.031792
58600 -3115.26643573 392.70126741 0.335642 5.9726 0.873410 0.089503 0.095756
58700 -3123.23702299 393.65421525 0.336457 5.9726 0.873410 0.089503 0.021384
58800 -3133.35542352 413.52459712 0.353440 5.9726 0.873410 0.089503 0.022738
58900 -3133.02250046 409.18453387 0.349730 5.9726 0.873410 0.089503 -0.064259
59000 -3128.55894944 413.88154409 0.353745 5.9624 0.869817 0.092905 0.037543
59100 -3118.24380329 395.96164595 0.338429 5.9624 0.869817 0.092905 0.042275
59200 -3130.95611429 403.09309262 0.344524 5.9624 0.869817 0.092905 -0.023507
59300 -3125.45531308 390.52026517 0.333778 5.9624 0.869817 0.092905 -0.000152
59400 -3113.29024361 409.44145545 0.349950 5.9624 0.869817 0.092905 0.050279
59500 -3117.51716245 417.85445283 0.357141 5.9658 0.864475 0.092070 0.064952
59600 -3123.74655165 412.78019278 0.352804 5.9658 0.864475 0.092070 -0.037538
59700 -3110.63291678 418.44811836 0.357648 5.9658 0.864475 0.092070 0.041990
59800 -3110.07715957 379.46395480 0.324328 5.9658 0.864475 0.092070 0.021599
59900 -3116.69151763 398.64683213 0.340724 5.9658 0.864475 0.092070 0.019993
60000 -3130.26554400 394.92243819 0.337541 5.9504 0.876458 0.092018 -0.032175
60100 -3133.75959660 394.63967737 0.337299 5.9504 0.876458 0.092018 -0.067988
60200 -3136.79644812 384.62440444 0.328739 5.9504 0.876458 0.092018 -0.082692
60300 -3111.35389093 384.56662298 0.328689 5.9504 0.876458 0.092018 0.120959
60400 -3121.41460939 392.88621190 0.335800 5.9504 0.876458 0.092018 0.034950
60500 -3126.43244443 407.58836820 0.348366 5.9607 0.868238 0.092869 0.018566
60600 -3116.92218644 396.31815363 0.338733 5.9607 0.868238 0.092869 0.063600
60700 -3125.40840076 421.46908731 0.360230 5.9607 0.868238 0.092869 -0.009196
60800 -3110.75427140 394.55399832 0.337226 5.9607 0.868238 0.092869 0.026610
60900 -3139.05523737 406.97087985 0.347838 5.9607 0.868238 0.092869 -0.118730
61000 -3139.59283330 388.83059793 0.332334 5.9607 0.870203 0.091857 -0.107917
61100 -3135.75181943 382.55354556 0.326969 5.9607 0.870203 0.091857 -0.075771
61200 -3129.98988851 392.72744083 0.335664 5.9607 0.870203 0.091857 -0.020100
61300 -3138.54561394 393.78194676 0.336566 5.9607 0.870203 0.091857 -0.061953
61400 -3134.98243782 388.15401984 0.331756 5.9607 0.870203 0.091857 -0.052178
61500 -3127.20719485 414.50403860 0.354277 5.9504 0.864443 0.094932 0.025699
61600 -3115.25913549 400.46652585 0.342279 5.9504 0.864443 0.094932 0.010090
61700 -3112.91477615 392.85311836 0.335772 5.9504 0.864443 0.094932 0.029612
61800 -3083.79166929 394.03148655 0.336779 5.9504 0.864443 0.094932 0.179038
61900 -3110.36390946 427.30094210 0.365214 5.9504 0.864443 0.094932 0.011814
62000 -3088.90593116 397.82875999 0.340025 5.9419 0.859575 0.099373 0.146474
62100 -3104.32814056 401.84026873 0.343453 5.9419 0.859575 0.099373 -0.024952
62200 -3098.03565131 419.02409237 0.358140 5.9419 0.859575 0.099373 0.038075
62300 -3092.50745283 397.84258521 0.340036 5.9419 0.859575 0.099373 0.033086
62400 -3099.44627048 411.31158644 0.351548 5.9419 0.859575 0.099373 0.023878
62500 -3116.24347950 418.09490271 0.357346 5.9573 0.865994 0.095083 -0.114269
62600 -3094.42153713 385.97826837 0.329896 5.9573 0.865994 0.095083 0.031800
62700 -3109.54301445 394.32074429 0.337026 5.9573 0.865994 0.095083 -0.028557
62800 -3110.38815707 413.66146542 0.353557 5.9573 0.865994 0.095083 -0.025677
62900 -3111.89327042 407.64969967 0.348419 5.9573 0.865994 0.095083 -0.021595
63000 -3102.92059075 420.68537411 0.359560 5.9692 0.858652 0.095869 0.062231
63100 -3097.84059122 407.99592358 0.348714 5.9692 0.858652 0.095869 0.037489
63200 -3082.59661216 401.61758635 0.343263 5.9692 0.858652 0.095869 0.113927
63300 -3092.36489728 401.02109594 0.342753 5.9692 0.858652 0.095869 0.045872
63400 -3096.82266736 402.47400325 0.343995 5.9692 0.858652 0.095869 0.011083
63500 -3105.52181797 412.67156402 0.352711 5.9453 0.857059 0.098598 -0.036413
63600 -3103.78041980 412.57900214 0.352632 5.9453 0.857059 0.098598 0.005018
63700 -3108.52262695 407.08782200 0.347938 5.9453 0.857059 0.098598 -0.043049
63800 -3110.48132047 394.45294436 0.337139 5.9453 0.857059 0.098598 -0.062447
63900 -3101.82047326 372.71200113 0.318557 5.9453 0.857059 0.098598 -0.024717
64000 -3107.50533343 387.26119557 0.330992 5.9470 0.862326 0.094555 -0.005263
64100 -3111.52056286 401.56645561 0.343219 5.9470 0.862326 0.094555 -0.056999
64200 -3103.18359292 392.88644153 0.335800 5.9470 0.862326 0.094555 0.030476
64300 -3102.32923790 401.18738755 0.342895 5.9470 0.862326 0.094555 0.061135
64400 -3110.92992196 409.03558335 0.349603 5.9470 0.862326 0.094555 -0.025674
64500 -3089.21223298 391.33067198 0.334471 5.9402 0.855478 0.096164 0.098070
64600 -3100.07918483 388.31901898 0.331897 5.9402 0.855478 0.096164 0.029968
64700 -3111.76884846 388.79963376 0.332307 5.9402 0.855478 0.096164 -0.046367
64800 -3097.60971082 399.38306859 0.341353 5.9402 0.855478 0.096164 0.060023
64900 -3100.85429594 397.50756690 0.339750 5.9402 0.855478 0.096164 0.008913
65000 -3105.13037091 393.30797514 0.336161 5.9573 0.865657 0.095689 -0.025674
65100 -3106.16619293 381.83332131 0.326353 5.9573 0.865657 0.095689 0.006067
65200 -3122.18635942 383.74882923 0.327990 5.9573 0.865657 0.095689 -0.091433
65300 -3117.00896739 409.18247817 0.349729 5.9573 0.865657 0.095689 -0.027906
65400 -3130.53703393 405.90884805 0.346931 5.9573 0.865657 0.095689 -0.056604
65500 -3118.17237005 384.44203770 0.328583 5.9487 0.861363 0.095763 -0.005055
65600 -3127.61361797 404.15784513 0.345434 5.9487 0.861363 0.095763 -0.064104
65700 -3117.03204701 403.16475944 0.344585 5.9487 0.861363 0.095763 -0.023292
65800 -3122.02291960 392.53403039 0.335499 5.9487 0.861363 0.095763 -0.047679
65900 -3126.76079850 379.93783757 0.324733 5.9487 0.861363 0.095763 -0.075573
66000 -3119.17160664 391.94545627 0.334996 5.9590 0.873171 0.094020 -0.012079
66100 -3115.03744506 392.13880424 0.335161 5.9590 0.873171 0.094020 0.010031
66200 -3108.40632937 379.18299357 0.324088 5.9590 0.873171 0.094020 0.028087
66300 -3109.47158150 404.60536069 0.345817 5.9590 0.873171 0.094020 0.054410
66400 -3110.86628350 392.77918119 0.335709 5.9590 0.873171 0.094020 -0.005838
66500 -3118.06712988 396.78525881 0.339133 5.9436 0.872857 0.097181 0.002014
66600 -3123.71727666 400.78107797 0.342548 5.9436 0.872857 0.097181 -0.066728
66700 -3111.67555693 399.95649230 0.341843 5.9436 0.872857 0.097181 -0.005458
66800 -3105.55180707 397.11526865 0.339415 5.9436 0.872857 0.097181 0.042636
66900 -3119.08348381 401.76211945 0.343386 5.9436 0.872857 0.097181 -0.019806
67000 -3092.41608884 382.84310762 0.327216 5.9624 0.856900 0.099874 0.120231
67100 -3108.89273151 407.21595415 0.348048 5.9624 0.856900 0.099874 0.025673
67200 -3117.86888350 406.07710871 0.347074 5.9624 0.856900 0.099874 -0.052622
67300 -3109.60330564 399.94375061 0.341832 5.9624 0.856900 0.099874 0.002726
67400 -3108.35059662 391.64089279 0.334736 5.9624 0.856900 0.099874 0.022241
67500 -3119.79828380 399.01252809 0.341036 5.9590 0.864029 0.093958 -0.054328
67600 -3107.11684657 404.35214302 0.345600 5.9590 0.864029 0.093958 0.040794
67700 -3112.63059336 396.17285155 0.338609 5.9590 0.864029 0.093958 -0.013482
67800 -3121.07097556 393.04283116 0.335934 5.9590 0.864029 0.093958 -0.043841
67900 -3100.73759493 403.98555384 0.345287 5.9590 0.864029 0.093958 0.078979
68000 -3105.94523448 413.46799404 0.353391 5.9538 0.857301 0.098494 0.023705
68100 -3112.28054825 396.81037588 0.339154 5.9538 0.857301 0.098494 -0.024101
68200 -3114.65734904 404.53479979 0.345756 5.9538 0.857301 0.098494 -0.071008
68300 -3104.71288338 393.38110109 0.336223 5.9538 0.857301 0.098494 -0.006054
68400 -3125.64513242 417.13832305 0.356528 5.9538 0.857301 0.098494 -0.100508
68500 -3099.20739775 402.09970977 0.343675 5.9538 0.852566 0.098129 0.040919
68600 -3090.93054509 398.18364860 0.340328 5.9538 0.852566 0.098129 0.061349
68700 -3094.49260201 408.12800562 0.348827 5.9538 0.852566 0.098129 0.028131
68800 -3085.60348015 399.85378765 0.341755 5.9538 0.852566 0.098129 0.051630
68900 -3083.11798152 402.29363467 0.343841 5.9538 0.852566 0.098129 0.084354
69000 -3068.97700235 397.81458397 0.340012 5.9521 0.844830 0.099362 0.196498
69100 -3089.54044499 415.13962620 0.354820 5.9521 0.844830 0.099362 -0.006901
69200 -3103.65863293 406.78364922 0.347678 5.9521 0.844830 0.099362 -0.061102
69300 -3091.23616847 394.53401520 0.337209 5.9521 0.844830 0.099362 0.028159
69400 -3104.48467613 411.55927202 0.351760 5.9521 0.844830 0.099362 -0.073201
69500 -3110.10123572 406.74534162 0.347646 5.9538 0.860830 0.097761 -0.053682
69600 -3113.56375721 403.49703851 0.344869 5.9538 0.860830 0.097761 -0.075353
69700 -3126.03644308 403.33534032 0.344731 5.9538 0.860830 0.097761 -0.101451
69800 -3114.85543469 385.83400006 0.329773 5.9538 0.860830 0.097761 -0.049893
69900 -3108.77252187 397.79515814 0.339996 5.9538 0.860830 0.097761 -0.007246
70000 -3118.32664554 424.44354015 0.362772 5.9487 0.863498 0.096112 -0.044757
70100 -3110.82573407 406.18022616 0.347163 5.9487 0.863498 0.096112 -0.018758
70200 -3111.34833631 414.00339347 0.353849 5.9487 0.863498 0.096112 -0.028839
70300 -3115.70835906 380.54273807 0.325250 5.9487 0.863498 0.096112 -0.073997
70400 -3115.33438620 384.72438350 0.328824 5.9487 0.863498 0.096112 -0.019543
70500 -3131.60876889 390.43187424 0.333702 5.9504 0.866773 0.095424 -0.074770
70600 -3132.17546264 382.28866453 0.326742 5.9504 0.866773 0.095424 -0.063342
70700 -3140.96770317 373.83637576 0.319518 5.9504 0.866773 0.095424 -0.112015
70800 -3144.13627578 389.99692176 0.333331 5.9504 0.866773 0.095424 -0.092468
70900 -3134.21251788 388.79173973 0.332301 5.9504 0.866773 0.095424 -0.020327
71000 -3122.55479973 396.41154244 0.338813 5.9590 0.872028 0.094659 0.013524
71100 -3125.93073429 403.40992285 0.344795 5.9590 0.872028 0.094659 0.024155
71200 -3130.91353784 393.11299785 0.335994 5.9590 0.872028 0.094659 -0.056616
71300 -3122.95750268 366.57378726 0.313311 5.9590 0.872028 0.094659 0.015139
71400 -3145.09803103 377.31150983 0.322488 5.9590 0.872028 0.094659 -0.049407
71500 -3134.22926728 383.58784039 0.327853 5.9504 0.872685 0.092454 0.026024
71600 -3107.96278710 374.43712958 0.320032 5.9504 0.872685 0.092454 0.156199
71700 -3131.28345426 398.31317467 0.340439 5.9504 0.872685 0.092454 0.003783
71800 -3143.44703843 389.01319713 0.332490 5.9504 0.872685 0.092454 -0.071948
71900 -3142.41542842 372.38537463 0.318278 5.9504 0.872685 0.092454 -0.059987
72000 -3144.10971467 373.31712705 0.319074 5.9573 0.869431 0.093209 -0.058685
72100 -3133.78979328 384.88669079 0.328963 5.9573 0.869431 0.093209 0.041610
72200 -3134.07921391 401.91624634 0.343518 5.9573 0.869431 0.093209 0.015052
72300 -3141.80535669 395.27120830 0.337839 5.9573 0.869431 0.093209 -0.045975
72400 -3118.27566115 408.87928989 0.349469 5.9573 0.869431 0.093209 0.151863
72500 -3116.68899673 394.00648719 0.336758 5.9504 0.876274 0.093927 0.074051
72600 -3113.37528339 386.74274516 0.330549 5.9504 0.876274 0.093927 0.064814
72700 -3123.34795438 379.57778890 0.324425 5.9504 0.876274 0.093927 0.021742
72800 -3118.02645178 387.06741452 0.330827 5.9504 0.876274 0.093927 0.020230
72900 -3121.55227874 384.05313680 0.328251 5.9504 0.876274 0.093927 0.017846
73000 -3118.59031428 407.73926552 0.348495 5.9590 0.860136 0.098874 0.043603
73100 -3102.26034860 409.40118836 0.349916 5.9590 0.860136 0.098874 0.129606
73200 -3119.27793798 405.34384740 0.346448 5.9590 0.860136 0.098874 -0.020920
73300 -3121.59317867 409.75745944 0.350220 5.9590 0.860136 0.098874 0.017004
73400 -3115.66979039 405.21274001 0.346336 5.9590 0.860136 0.098874 0.055923
73500 -3106.53388503 407.46371179 0.348260 5.9573 0.865326 0.096124 0.024526
73600 -3112.46210613 412.27988470 0.352376 5.9573 0.865326 0.096124 -0.018189
73700 -3098.49558991 411.27912054 0.351521 5.9573 0.865326 0.096124 0.064482
73800 -3108.01319239 390.14308074 0.333456 5.9573 0.865326 0.096124 -0.005454
73900 -3113.53365073 403.41021944 0.344795 5.9573 0.865326 0.096124 -0.036499
74000 -3117.67785748 398.20969315 0.340350 5.9504 0.858869 0.097723 -0.048916
74100 -3106.47177315 395.77141892 0.338266 5.9504 0.858869 0.097723 0.023610
74200 -3117.89890794 404.83548966 0.346013 5.9504 0.858869 0.097723 -0.054280
74300 -3106.50277392 400.26307733 0.342105 5.9504 0.858869 0.097723 0.031787
74400 -3097.05815827 402.35498028 0.343893 5.9504 0.858869 0.097723 0.064693
74500 -3101.95702894 417.02314775 0.356430 5.9573 0.868836 0.094732 0.051966
74600 -3104.44131776 407.39298108 0.348199 5.9573 0.868836 0.094732 0.006272
74700 -3106.62879125 393.42756494 0.336263 5.9573 0.868836 0.094732 -0.036648
74800 -3124.05076963 402.52126739 0.344035 5.9573 0.868836 0.094732 -0.096704
74900 -3119.21063978 397.59280120 0.339823 5.9573 0.868836 0.094732 -0.053086
75000 -3109.07199760 378.51277527 0.323515 5.9590 0.858845 0.097998 0.012055
75100 -3108.74034272 387.25055763 0.330983 5.9590 0.858845 0.097998 0.028414
75200 -3105.40999535 410.51526737 0.350868 5.9590 0.858845 0.097998 0.028672
75300 -3119.79549822 409.60020001 0.350086 5.9590 0.858845 0.097998 -0.064659
75400 -3107.14842117 401.65799919 0.343297 5.9590 0.858845 0.097998 0.014575
75500 -3116.66184848 407.54996831 0.348333 5.9624 0.865047 0.094228 -0.008975
75600 -3100.92884159 404.40675160 0.345647 5.9624 0.865047 0.094228 0.113902
75700 -3112.80262911 401.55241796 0.343207 5.9624 0.865047 0.094228 -0.014798
75800 -3117.83596692 408.61137792 0.349240 5.9624 0.865047 0.094228 -0.066536
75900 -3090.19182500 394.98959356 0.337598 5.9624 0.865047 0.094228 0.121984
76000 -3110.74738444 411.83705631 0.351997 5.9556 0.866418 0.095742 -0.030235
76100 -3116.56180531 417.15851114 0.356546 5.9556 0.866418 0.095742 -0.075210
76200 -3097.35198729 404.31174588 0.345566 5.9556 0.866418 0.095742 0.077502
76300 -3106.33672516 395.72388039 0.338226 5.9556 0.866418 0.095742 -0.001259
76400 -3102.62378786 389.69666811 0.333074 5.9556 0.866418 0.095742 0.038349
76500 -3110.89767905 406.22325115 0.347199 5.9556 0.859347 0.094184 0.001994
76600 -3117.32330531 405.62419789 0.346687 5.9556 0.859347 0.094184 -0.069175
76700 -3119.69072176 392.66224029 0.335609 5.9556 0.859347 0.094184 -0.024824
76800 -3119.40018064 391.31065244 0.334454 5.9556 0.859347 0.094184 0.007410
76900 -3115.24092197 381.17255856 0.325789 5.9556 0.859347 0.094184 0.072025
77000 -3102.81068477 382.85466255 0.327226 5.9538 0.864793 0.094403 0.071758
77100 -3110.99138953 405.02816090 0.346178 5.9538 0.864793 0.094403 0.048902
77200 -3096.82310333 390.52518115 0.333782 5.9538 0.864793 0.094403 0.103840
77300 -3090.73637394 396.27690731 0.338698 5.9538 0.864793 0.094403 0.140499
77400 -3110.29559100 391.34353626 0.334482 5.9538 0.864793 0.094403 -0.046615
77500 -3131.56135035 372.33403601 0.318234 5.9607 0.866787 0.091266 -0.160542
77600 -3138.16417352 368.49073089 0.314949 5.9607 0.866787 0.091266 -0.135572
77700 -3141.24445069 385.59926167 0.329572 5.9607 0.866787 0.091266 -0.067847
77800 -3141.81322759 372.42443161 0.318311 5.9607 0.866787 0.091266 -0.044400
77900 -3131.98023491 391.85960953 0.334923 5.9607 0.866787 0.091266 0.055855
78000 -3125.05903496 401.13890097 0.342854 5.9504 0.864871 0.095154 0.024650
78100 -3098.69562262 399.70128005 0.341625 5.9504 0.864871 0.095154 0.151675
78200 -3116.80003831 408.39500412 0.349056 5.9504 0.864871 0.095154 0.010969
78300 -3087.04671859 389.79403598 0.333157 5.9504 0.864871 0.095154 0.153253
78400 -3114.15099338 393.87238638 0.336643 5.9504 0.864871 0.095154 -0.035437
78500 -3082.37757062 382.38254228 0.326823 5.9726 0.855734 0.097679 0.119150
78600 -3111.83834753 411.43942806 0.351658 5.9726 0.855734 0.097679 -0.071180
78700 -3105.04127790 410.82404051 0.351132 5.9726 0.855734 0.097679 0.034100
78800 -3121.56300495 412.43187632 0.352506 5.9726 0.855734 0.097679 -0.091163
78900 -3109.82957923 409.54390275 0.350038 5.9726 0.855734 0.097679 -0.024097
79000 -3110.00353762 376.80168624 0.322053 5.9607 0.865398 0.092388 -0.009344
79100 -3121.00675873 385.78085286 0.329727 5.9607 0.865398 0.092388 -0.069412
79200 -3123.57247767 389.99062664 0.333325 5.9607 0.865398 0.092388 -0.026902
79300 -3116.36414938 402.41290094 0.343943 5.9607 0.865398 0.092388 0.015651
79400 -3106.48289004 400.16299449 0.342020 5.9607 0.865398 0.092388 0.065062
79500 -3105.30435264 394.45368409 0.337140 5.9641 0.858832 0.093845 0.058509
79600 -3096.82690712 399.80601647 0.341715 5.9641 0.858832 0.093845 0.057128
79700 -3095.27700332 406.46441974 0.347405 5.9641 0.858832 0.093845 0.106673
79800 -3101.12701626 405.71988337 0.346769 5.9641 0.858832 0.093845 0.037822
79900 -3101.86851872 401.42988713 0.343102 5.9641 0.858832 0.093845 0.049942
80000 -3109.05366423 405.52852970 0.346606 5.9590 0.866006 0.098100 -0.029288
80100 -3112.07164101 404.59282569 0.345806 5.9590 0.866006 0.098100 -0.010475
80200 -3109.98858374 406.91288583 0.347789 5.9590 0.866006 0.098100 0.003067
80300 -3093.66566961 407.15833289 0.347999 5.9590 0.866006 0.098100 0.076503
80400 -3091.65528233 415.57660306 0.355194 5.9590 0.866006 0.098100 0.052463
80500 -3097.91882876 399.50008538 0.341453 5.9470 0.848807 0.098504 0.025142
80600 -3096.15529329 389.06945100 0.332538 5.9470 0.848807 0.098504 -0.007922
80700 -3091.40343148 400.80988826 0.342573 5.9470 0.848807 0.098504 0.060737
80800 -3108.15317109 392.75241905 0.335686 5.9470 0.848807 0.098504 -0.053034
80900 -3122.88617268 400.74813167 0.342520 5.9470 0.848807 0.098504 -0.111053
81000 -3124.86114380 400.40016312 0.342222 5.9538 0.866495 0.097203 -0.111126
81100 -3098.53385099 389.45390031 0.332867 5.9538 0.866495 0.097203 0.069783
81200 -3090.42627469 401.79801837 0.343417 5.9538 0.866495 0.097203 0.137198
81300 -3100.07133709 408.09021407 0.348795 5.9538 0.866495 0.097203 0.016790
81400 -3079.08435327 395.37971186 0.337931 5.9538 0.866495 0.097203 0.139435
81500 -3082.53738678 393.28870982 0.336144 5.9402 0.850597 0.103209 0.066028
81600 -3093.28817323 378.78591536 0.323749 5.9402 0.850597 0.103209 -0.002199
81700 -3115.10220221 400.78697373 0.342553 5.9402 0.850597 0.103209 -0.116557
81800 -3092.56263038 375.29222479 0.320763 5.9402 0.850597 0.103209 0.050561
81900 -3106.69815325 404.11378016 0.345396 5.9402 0.850597 0.103209 -0.002248
82000 -3090.05038964 387.37633520 0.331091 5.9556 0.856822 0.099389 0.078481
82100 -3090.83527846 397.18097761 0.339471 5.9556 0.856822 0.099389 0.024105
82200 -3098.84114101 388.00644654 0.331629 5.9556 0.856822 0.099389 0.020454
82300 -3106.51714949 397.37417459 0.339636 5.9556 0.856822 0.099389 -0.041653
82400 -3110.22780574 383.66067534 0.327915 5.9556 0.856822 0.099389 -0.036826
82500 -3112.38323456 396.76342071 0.339114 5.9402 0.863866 0.094705 -0.022837
82600 -3125.10410930 410.38429250 0.350756 5.9402 0.863866 0.094705 -0.096950
82700 -3133.32267749 390.64581687 0.333885 5.9402 0.863866 0.094705 -0.127105
82800 -3104.86754104 403.59028009 0.344949 5.9402 0.863866 0.094705 0.081966
82900 -3087.21508394 395.30106385 0.337864 5.9402 0.863866 0.094705 0.156709
83000 -3086.62140771 396.05128917 0.338505 5.9402 0.853000 0.100846 0.085772
83100 -3107.26462573 409.23633019 0.349775 5.9402 0.853000 0.100846 -0.064921
83200 -3111.13243595 407.34625161 0.348159 5.9402 0.853000 0.100846 -0.095969
83300 -3096.75206209 398.19123556 0.340334 5.9402 0.853000 0.100846 0.038729
83400 -3104.39454883 401.20232724 0.342908 5.9402 0.853000 0.100846 -0.035923
83500 -3104.82937206 377.15625640 0.322356 5.9487 0.872261 0.093889 -0.003951
83600 -3106.21260198 394.32616489 0.337031 5.9487 0.872261 0.093889 -0.001041
83700 -3103.82245702 400.41852663 0.342238 5.9487 0.872261 0.093889 0.019214
83800 -3084.85655857 396.71561873 0.339073 5.9487 0.872261 0.093889 0.103177
83900 -3090.15854883 415.78233620 0.355370 5.9487 0.872261 0.093889 0.068754
84000 -3098.84573785 409.46486809 0.349970 5.9521 0.852936 0.097839 -0.030995
84100 -3098.02119944 402.56820372 0.344075 5.9521 0.852936 0.097839 -0.021259
84200 -3080.79532942 404.91819501 0.346084 5.9521 0.852936 0.097839 0.069462
84300 -3112.12790272 379.01007393 0.323940 5.9521 0.852936 0.097839 -0.095514
84400 -3113.04803065 382.95844565 0.327315 5.9521 0.852936 0.097839 -0.076652
84500 -3125.15307320 397.85617782 0.340048 5.9556 0.870056 0.095755 -0.128060
84600 -3107.55994840 396.40756024 0.338810 5.9556 0.870056 0.095755 0.011628
84700 -3118.55350458 401.29567843 0.342988 5.9556 0.870056 0.095755 -0.021723
84800 -3126.04219906 404.14598748 0.345424 5.9556 0.870056 0.095755 -0.081463
84900 -3134.74820045 393.47697748 0.336305 5.9556 0.870056 0.095755 -0.095005
85000 -3128.34675653 372.14685031 0.318074 5.9470 0.869345 0.094497 -0.065578
85100 -3140.36523661 382.01591751 0.326509 5.9470 0.869345 0.094497 -0.101965
85200 -3138.91488814 379.14156940 0.324053 5.9470 0.869345 0.094497 -0.051674
85300 -3134.07456350 388.00496365 0.331628 5.9470 0.869345 0.094497 -0.010945
85400 -3119.26479667 392.87447431 0.335790 5.9470 0.869345 0.094497 0.049419
85500 -3111.12613305 386.98370964 0.330755 5.9675 0.859297 0.096042 0.060536
85600 -3102.43536056 388.12731833 0.331733 5.9675 0.859297 0.096042 0.101299
85700 -3109.46358637 403.36192925 0.344754 5.9675 0.859297 0.096042 0.050327
85800 -3111.87389578 411.06623471 0.351339 5.9675 0.859297 0.096042 0.065128
85900 -3085.98838964 379.90943360 0.324709 5.9675 0.859297 0.096042 0.146642
86000 -3090.23063134 402.84909846 0.344315 5.9470 0.857923 0.098759 0.106184
86100 -3115.70034003 416.27877158 0.355794 5.9470 0.857923 0.098759 -0.057040
86200 -3096.57283236 388.72708347 0.332245 5.9470 0.857923 0.098759 0.050991
86300 -3125.66453110 403.73416258 0.345072 5.9470 0.857923 0.098759 -0.156157
86400 -3103.26598776 400.63928665 0.342427 5.9470 0.857923 0.098759 0.014005
86500 -3094.17869540 394.33811551 0.337041 5.9692 0.860532 0.095330 0.065322
86600 -3106.48315869 416.13908506 0.355674 5.9692 0.860532 0.095330 -0.009632
86700 -3094.16116719 405.03871816 0.346187 5.9692 0.860532 0.095330 0.065533
86800 -3092.60486772 401.28572563 0.342979 5.9692 0.860532 0.095330 0.041428
86900 -3102.11587785 388.90536642 0.332398 5.9692 0.860532 0.095330 -0.028803
87000 -3125.98323924 395.21008192 0.337786 5.9658 0.867177 0.095916 -0.142041
87100 -3105.65426224 374.27885454 0.319896 5.9658 0.867177 0.095916 0.018033
87200 -3115.24006840 390.53133308 0.333787 5.9658 0.867177 0.095916 0.024331
87300 -3118.09096966 388.00484084 0.331628 5.9658 0.867177 0.095916 -0.017222
87400 -3120.91858286 412.45469741 0.352525 5.9658 0.867177 0.095916 -0.046923
87500 -3127.22402343 422.56004055 0.361162 5.9624 0.876306 0.092047 -0.065092
87600 -3120.40301586 404.47923390 0.345709 5.9624 0.876306 0.092047 0.017645
87700 -3127.45501154 405.05165010 0.346198 5.9624 0.876306 0.092047 -0.039203
87800 -3121.34747046 396.71213975 0.339070 5.9624 0.876306 0.092047 0.001284
87900 -3115.14369440 407.87680023 0.348613 5.9624 0.876306 0.092047 0.035253
88000 -3117.81664812 402.43797725 0.343964 5.9470 0.875910 0.096293 -0.026409
88100 -3105.08781067 380.74573063 0.325424 5.9470 0.875910 0.096293 0.081285
88200 -3130.05537621 393.71393665 0.336508 5.9470 0.875910 0.096293 -0.052729
88300 -3125.92436093 412.50663875 0.352570 5.9470 0.875910 0.096293 -0.043444
88400 -3129.89001564 407.02918434 0.347888 5.9470 0.875910 0.096293 -0.061314
88500 -3113.01346414 391.38814569 0.334520 5.9504 0.862486 0.096134 0.022917
88600 -3121.44619202 396.95799942 0.339280 5.9504 0.862486 0.096134 -0.023678
88700 -3122.59561329 406.53532595 0.347466 5.9504 0.862486 0.096134 -0.003511
88800 -3109.29084384 410.38536438 0.350757 5.9504 0.862486 0.096134 0.068012
88900 -3099.66952595 389.28880876 0.332725 5.9504 0.862486 0.096134 0.051329
89000 -3113.34614288 407.02398831 0.347884 5.9419 0.857549 0.097591 -0.052158
89100 -3118.72940330 398.01220591 0.340181 5.9419 0.857549 0.097591 -0.019951
89200 -3110.49386911 393.74320693 0.336533 5.9419 0.857549 0.097591 0.024507
89300 -3108.92640472 406.73207970 0.347634 5.9419 0.857549 0.097591 0.016893
89400 -3093.90660452 410.45929062 0.350820 5.9419 0.857549 0.097591 0.052220
89500 -3105.08351955 378.11509010 0.323175 5.9538 0.864945 0.093960 -0.062381
89600 -3123.71300084 388.46230093 0.332019 5.9538 0.864945 0.093960 -0.126777
89700 -3110.60082156 389.25507185 0.332697 5.9538 0.864945 0.093960 0.032491
89800 -3127.35275607 398.63059902 0.340710 5.9538 0.864945 0.093960 -0.042795
89900 -3095.35753552 369.64565322 0.315936 5.9538 0.864945 0.093960 0.095444
90000 -3107.65659312 395.93477579 0.338406 5.9470 0.868985 0.097317 0.020604
90100 -3116.04909191 393.84391811 0.336619 5.9470 0.868985 0.097317 -0.023743
90200 -3107.32125610 376.69836012 0.321964 5.9470 0.868985 0.097317 0.013667
90300 -3114.89201925 394.58760704 0.337254 5.9470 0.868985 0.097317 -0.047514
90400 -3108.98510068 417.98339721 0.357251 5.9470 0.868985 0.097317 0.005505
90500 -3123.31505209 395.80898326 0.338298 5.9385 0.863594 0.095632 -0.101567
90600 -3116.75610735 393.58099651 0.336394 5.9385 0.863594 0.095632 -0.035330
90700 -3099.84315537 364.87050123 0.311855 5.9385 0.863594 0.095632 0.050120
90800 -3109.82777993 401.08227742 0.342805 5.9385 0.863594 0.095632 0.006832
90900 -3092.44872428 383.81518423 0.328047 5.9385 0.863594 0.095632 0.073706
91000 -3123.27382795 394.08668733 0.336826 5.9573 0.864392 0.094912 -0.117829
91100 -3109.84749709 404.03915491 0.345333 5.9573 0.864392 0.094912 0.024005
91200 -3107.56351875 405.32921933 0.346435 5.9573 0.864392 0.094912 0.018587
91300 -3102.81042548 396.18661780 0.338621 5.9573 0.864392 0.094912 0.023281
91400 -3102.19778662 392.24997323 0.335256 5.9573 0.864392 0.094912 0.060945
91500 -3110.21610093 383.21825431 0.327537 5.9436 0.858834 0.095783 -0.035426
91600 -3104.11093978 408.87301565 0.349464 5.9436 0.858834 0.095783 0.027379
91700 -3099.67374801 391.56742153 0.334673 5.9436 0.858834 0.095783 0.034079
91800 -3119.40503164 387.76375824 0.331422 5.9436 0.858834 0.095783 -0.113863
91900 -3116.57055877 381.31457406 0.325910 5.9436 0.858834 0.095783 -0.046538
92000 -3123.68631306 408.58135780 0.349215 5.9385 0.875178 0.096970 -0.028719
92100 -3105.60993113 398.75920422 0.340820 5.9385 0.875178 0.096970 0.036280
92200 -3115.71775196 402.35682362 0.343895 5.9385 0.875178 0.096970 -0.049388
92300 -3103.45759403 385.76223994 0.329711 5.9385 0.875178 0.096970 0.044387
92400 -3107.17042921 388.20015916 0.331795 5.9385 0.875178 0.096970 0.038500
92500 -3107.51052417 405.07883509 0.346221 5.9453 0.867983 0.096609 0.046545
92600 -3100.33892347 387.01131760 0.330779 5.9453 0.867983 0.096609 0.011115
92700 -3111.44473494 400.26848481 0.342110 5.9453 0.867983 0.096609 -0.037640
92800 -3106.01900014 393.44054651 0.336274 5.9453 0.867983 0.096609 -0.007273
92900 -3108.48932042 402.34757334 0.343887 5.9453 0.867983 0.096609 -0.000286
93000 -3090.58441655 388.53410130 0.332080 5.9436 0.862739 0.099880 0.066265
93100 -3100.40591756 401.39069838 0.343069 5.9436 0.862739 0.099880 -0.029426
93200 -3115.45553415 403.97829695 0.345281 5.9436 0.862739 0.099880 -0.119762
93300 -3111.48907268 392.05101874 0.335086 5.9436 0.862739 0.099880 -0.038246
93400 -3101.09656700 400.81885067 0.342580 5.9436 0.862739 0.099880 0.052676
93500 -3099.84347039 403.47388256 0.344849 5.9487 0.855517 0.098492 0.019799
93600 -3098.46878986 401.42536346 0.343099 5.9487 0.855517 0.098492 0.025668
93700 -3099.23454602 406.13612654 0.347125 5.9487 0.855517 0.098492 0.019382
93800 -3102.26108830 385.13478575 0.329175 5.9487 0.855517 0.098492 -0.026700
93900 -3113.13141193 398.59066710 0.340676 5.9487 0.855517 0.098492 -0.094558
94000 -3116.70191739 398.45784636 0.340562 5.9419 0.868556 0.095681 -0.048163
94100 -3122.25801849 406.85394717 0.347738 5.9419 0.868556 0.095681 -0.061703
94200 -3101.33061826 379.18709257 0.324092 5.9419 0.868556 0.095681 0.060282
94300 -3114.56319910 397.08926987 0.339393 5.9419 0.868556 0.095681 -0.019214
94400 -3110.77310249 401.30867950 0.342999 5.9419 0.868556 0.095681 0.022006
94500 -3085.36072111 389.92086888 0.333266 5.9248 0.849695 0.105280 0.147183
94600 -3108.06848620 403.06971759 0.344504 5.9248 0.849695 0.105280 -0.009813
94700 -3085.65557334 399.17751440 0.341177 5.9248 0.849695 0.105280 0.123058
94800 -3088.97373569 404.62766148 0.345836 5.9248 0.849695 0.105280 0.087551
94900 -3105.61930519 404.55598291 0.345774 5.9248 0.849695 0.105280 -0.031086
95000 -3098.44384392 405.67261324 0.346729 5.9436 0.864251 0.098592 -0.007750
95100 -3089.91170162 412.22709185 0.352331 5.9436 0.864251 0.098592 0.032551
95200 -3084.29917576 410.15224168 0.350557 5.9436 0.864251 0.098592 0.074442
95300 -3092.41905968 404.19926269 0.345469 5.9436 0.864251 0.098592 0.014754
95400 -3101.84901412 402.06482485 0.343645 5.9436 0.864251 0.098592 -0.024803
95500 -3097.63648654 396.35487817 0.338765 5.9282 0.861761 0.098893 -0.013007
95600 -3107.68866633 400.42358856 0.342242 5.9282 0.861761 0.098893 -0.068669
95700 -3092.51993882 395.32427464 0.337884 5.9282 0.861761 0.098893 -0.006565
95800 -3094.34501066 400.07945164 0.341948 5.9282 0.861761 0.098893 -0.018724
95900 -3097.99123645 393.26926521 0.336128 5.9282 0.861761 0.098893 -0.058209
96000 -3095.37965890 392.37592682 0.335364 5.9282 0.863898 0.097413 -0.002857
96100 -3099.40984867 401.11124645 0.342830 5.9282 0.863898 0.097413 -0.037477
96200 -3102.56142580 390.37708147 0.333656 5.9282 0.863898 0.097413 -0.048115
96300 -3092.08588209 392.22101897 0.335232 5.9282 0.863898 0.097413 0.050791
96400 -3104.18039421 395.15631102 0.337740 5.9282 0.863898 0.097413 -0.057298
96500 -3097.58121560 394.24319565 0.336960 5.9453 0.860464 0.097563 -0.025107
96600 -3122.10529546 402.77274492 0.344250 5.9453 0.860464 0.097563 -0.144218
96700 -3111.18117712 390.69045403 0.333923 5.9453 0.860464 0.097563 -0.053365
96800 -3123.60587055 396.45643973 0.338852 5.9453 0.860464 0.097563 -0.103512
96900 -3102.48294904 405.85839719 0.346888 5.9453 0.860464 0.097563 0.042094
97000 -3104.36273829 415.93774638 0.355502 5.9573 0.855376 0.095100 0.006590
97100 -3090.49972727 412.35897815 0.352444 5.9573 0.855376 0.095100 0.045425
97200 -3088.76534212 409.08547379 0.349646 5.9573 0.855376 0.095100 0.078274
97300 -3094.31788684 393.41197988 0.336250 5.9573 0.855376 0.095100 -0.001610
97400 -3083.46598868 401.09439172 0.342816 5.9573 0.855376 0.095100 0.042580
97500 -3091.09616205 390.73254376 0.333959 5.9504 0.854745 0.098193 0.002590
97600 -3094.44856831 385.41625652 0.329416 5.9504 0.854745 0.098193 0.010458
97700 -3106.53004862 400.91468237 0.342662 5.9504 0.854745 0.098193 -0.032431
97800 -3105.10418281 381.41318790 0.325994 5.9504 0.854745 0.098193 -0.012325
97900 -3105.78678458 379.19930258 0.324102 5.9504 0.854745 0.098193 0.011607
98000 -3106.56465093 403.27949128 0.344683 5.9504 0.860885 0.094375 -0.016514
98100 -3092.67973734 403.61903561 0.344974 5.9504 0.860885 0.094375 0.091837
98200 -3121.90300951 404.09758088 0.345383 5.9504 0.860885 0.094375 -0.086734
98300 -3093.25108637 382.05991011 0.326547 5.9504 0.860885 0.094375 0.029142
98400 -3093.95392675 405.53926839 0.346615 5.9504 0.860885 0.094375 0.037440
98500 -3080.62589562 396.24804746 0.338674 5.9504 0.853004 0.098167 0.118097
98600 -3092.20797097 391.51830557 0.334631 5.9504 0.853004 0.098167 0.027042
98700 -3095.33896758 395.03916899 0.337640 5.9504 0.853004 0.098167 0.029620
98800 -3107.94028776 416.06466478 0.355611 5.9504 0.853004 0.098167 -0.020500
98900 -3091.58017231 398.71908923 0.340786 5.9504 0.853004 0.098167 0.080606
99000 -3101.51843542 399.97315671 0.341857 5.9487 0.858057 0.101165 -0.058860
99100 -3093.88383852 395.88460583 0.338363 5.9487 0.858057 0.101165 0.004396
99200 -3085.22440128 381.27478025 0.325876 5.9487 0.858057 0.101165 0.055594
99300 -3106.89559776 387.91018573 0.331547 5.9487 0.858057 0.101165 -0.044181
99400 -3110.01419600 384.56126541 0.328685 5.9487 0.858057 0.101165 -0.042927
99500 -3118.76268364 395.15449744 0.337739 5.9248 0.868427 0.097669 -0.062511
99600 -3114.38048482 400.98868560 0.342725 5.9248 0.868427 0.097669 -0.014315
99700 -3115.80489685 393.23226485 0.336096 5.9248 0.868427 0.097669 -0.054579
99800 -3103.85923957 410.52348901 0.350875 5.9248 0.868427 0.097669 0.027776
99900 -3091.63181215 417.57152999 0.356899 5.9248 0.868427 0.097669 0.087591
100000 -3074.16036916 391.87148131 0.334933 5.9248 0.849911 0.103571 0.145132
100100 -3099.89260754 401.85609591 0.343467 5.9248 0.849911 0.103571 -0.022491
100200 -3103.51413403 401.29286376 0.342985 5.9248 0.849911 0.103571 -0.068604
100300 -3085.02291200 383.56622164 0.327834 5.9248 0.849911 0.103571 0.062890
100400 -3082.98718181 392.42545211 0.335406 5.9248 0.849911 0.103571 0.087664
100500 -3093.50621585 399.32088984 0.341300 5.9333 0.863667 0.099727 0.001619
100600 -3099.25506737 389.49680306 0.332903 5.9333 0.863667 0.099727 -0.067482
100700 -3116.14133349 403.78938441 0.345119 5.9333 0.863667 0.099727 -0.157044
100800 -3087.75069399 400.08742785 0.341955 5.9333 0.863667 0.099727 0.056339
100900 -3080.82103310 408.77704534 0.349382 5.9333 0.863667 0.099727 0.085109
101000 -3092.52863082 405.35086771 0.346454 5.9538 0.851228 0.098023 -0.036054
101100 -3086.61454025 400.58859406 0.342383 5.9538 0.851228 0.098023 -0.000871
101200 -3092.32294821 408.19683291 0.348886 5.9538 0.851228 0.098023 -0.063191
101300 -3094.39382639 387.94173000 0.331574 5.9538 0.851228 0.098023 -0.037271
101400 -3104.63686719 407.87934679 0.348615 5.9538 0.851228 0.098023 -0.069093
101500 -3099.69694277 377.56156295 0.322702 5.9504 0.861564 0.096097 0.000804
101600 -3120.56169978 390.80616338 0.334022 5.9504 0.861564 0.096097 -0.090575
101700 -3113.46094821 393.92761043 0.336690 5.9504 0.861564 0.096097 -0.057899
101800 -3102.61879584 388.18600358 0.331783 5.9504 0.861564 0.096097 0.027513
101900 -3106.88587446 398.46761058 0.340571 5.9504 0.861564 0.096097 -0.010106
102000 -3108.14699867 408.70810771 0.349323 5.9521 0.867348 0.097274 0.006783
102100 -3105.68223021 397.25550974 0.339535 5.9521 0.867348 0.097274 0.035118
102200 -3105.14440109 398.30630991 0.340433 5.9521 0.867348 0.097274 0.024726
102300 -3109.22966970 393.81589978 0.336595 5.9521 0.867348 0.097274 -0.010084
102400 -3097.83417650 373.35227428 0.319105 5.9521 0.867348 0.097274 0.037708
102500 -3099.27129534 386.04330073 0.329952 5.9521 0.860867 0.098175 0.012731
102600 -3109.79098289 392.09137957 0.335121 5.9521 0.860867 0.098175 -0.018721
102700 -3094.05585526 382.99993745 0.327350 5.9521 0.860867 0.098175 0.128425
102800 -3103.53815751 393.64525671 0.336449 5.9521 0.860867 0.098175 0.001466
102900 -3111.41618119 401.16975306 0.342880 5.9521 0.860867 0.098175 -0.036112
103000 -3093.31525894 396.66289591 0.339028 5.9573 0.854085 0.100477 0.069837
103100 -3094.69998050 408.30796518 0.348981 5.9573 0.854085 0.100477 0.064833
103200 -3107.10961457 411.71274558 0.351891 5.9573 0.854085 0.100477 -0.061261
103300 -3097.97066995 401.97744571 0.343570 5.9573 0.854085 0.100477 -0.020254
103400 -3084.99991109 396.39272766 0.338797 5.9573 0.854085 0.100477 0.055699
103500 -3084.86211654 408.27856952 0.348956 5.9504 0.852946 0.097993 0.030773
103600 -3109.30964039 395.03345609 0.337635 5.9504 0.852946 0.097993 -0.104450
103700 -3094.47303391 412.69452037 0.352730 5.9504 0.852946 0.097993 0.031220
103800 -3095.96930732 429.00542082 0.366671 5.9504 0.852946 0.097993 0.040140
103900 -3087.63607536 405.67859203 0.346734 5.9504 0.852946 0.097993 0.033237
104000 -3095.79008641 409.10994893 0.349667 5.9436 0.855653 0.098227 -0.044903
104100 -3092.03089857 404.10193015 0.345386 5.9436 0.855653 0.098227 0.026676
104200 -3086.94354197 412.65609833 0.352698 5.9436 0.855653 0.098227 -0.001359
104300 -3089.60701014 395.04541641 0.337646 5.9436 0.855653 0.098227 -0.015682
104400 -3095.80064320 393.59960178 0.336410 5.9436 0.855653 0.098227 0.004891
104500 -3108.67964508 412.56342267 0.352618 5.9316 0.867974 0.094984 -0.092164
104600 -3122.81849485 410.14807402 0.350554 5.9316 0.867974 0.094984 -0.173038
104700 -3087.41429547 395.84319988 0.338328 5.9316 0.867974 0.094984 0.090861
104800 -3109.52170065 422.14301992 0.360806 5.9316 0.867974 0.094984 -0.091093
104900 -3096.18039000 401.58501265 0.343235 5.9316 0.867974 0.094984 -0.019947
105000 -3097.14923598 404.44691028 0.345681 5.9350 0.861295 0.094726 -0.025502
105100 -3102.06239024 393.90852348 0.336674 5.9350 0.861295 0.094726 -0.058004
105200 -3104.24165059 399.23128850 0.341223 5.9350 0.861295 0.094726 -0.083676
105300 -3085.63249525 399.85481480 0.341756 5.9350 0.861295 0.094726 0.063857
105400 -3101.40288118 415.51220736 0.355139 5.9350 0.861295 0.094726 -0.060278
105500 -3088.39838025 402.39906233 0.343931 5.9504 0.852692 0.099334 -0.000463
105600 -3095.83598803 397.60035355 0.339829 5.9504 0.852692 0.099334 -0.030262
105700 -3111.43190933 384.37496481 0.328526 5.9504 0.852692 0.099334 -0.091767
105800 -3122.06487284 408.67545293 0.349295 5.9504 0.852692 0.099334 -0.099767
105900 -3113.87517489 399.79660929 0.341707 5.9504 0.852692 0.099334 -0.034075
106000 -3110.92437873 386.94308750 0.330721 5.9607 0.859036 0.096681 -0.035474
106100 -3122.56475414 394.60655546 0.337271 5.9607 0.859036 0.096681 -0.083771
106200 -3112.57361579 400.77970923 0.342547 5.9607 0.859036 0.096681 0.000143
106300 -3118.05680099 382.68543110 0.327082 5.9607 0.859036 0.096681 -0.020332
106400 -3103.85091116 387.13815376 0.330887 5.9607 0.859036 0.096681 0.114335
106500 -3125.20225430 395.34868242 0.337905 5.9402 0.866998 0.097832 -0.035542
106600 -3110.04206880 397.68930013 0.339905 5.9402 0.866998 0.097832 0.023841
106700 -3097.31892288 410.39159559 0.350762 5.9402 0.866998 0.097832 0.107825
106800 -3095.92255241 399.99022762 0.341872 5.9402 0.866998 0.097832 0.090325
106900 -3115.73162247 393.95940401 0.336717 5.9402 0.866998 0.097832 -0.070549
107000 -3110.19621932 385.94113696 0.329864 5.9487 0.859250 0.096489 -0.013230
107100 -3108.42325887 384.57010829 0.328692 5.9487 0.859250 0.096489 -0.003118
107200 -3105.35696505 381.29928943 0.325897 5.9487 0.859250 0.096489 0.022680
107300 -3122.28296734 388.31938206 0.331897 5.9487 0.859250 0.096489 -0.071237
107400 -3124.20270851 398.95861680 0.340990 5.9487 0.859250 0.096489 -0.059589
107500 -3121.48584033 404.05752098 0.345348 5.9470 0.870635 0.094091 -0.045626
107600 -3113.10385946 384.95117041 0.329018 5.9470 0.870635 0.094091 -0.029658
107700 -3118.35491312 411.39026294 0.351616 5.9470 0.870635 0.094091 -0.005722
107800 -3100.38562029 390.88032585 0.334086 5.9470 0.870635 0.094091 0.046383
107900 -3099.31432016 393.60958007 0.336418 5.9470 0.870635 0.094091 0.030062
108000 -3111.37005674 410.96293617 0.351250 5.9487 0.866122 0.096995 -0.036011
108100 -3089.81639524 395.17623493 0.337757 5.9487 0.866122 0.096995 0.079663
108200 -3104.09830629 404.92187878 0.346087 5.9487 0.866122 0.096995 -0.044333
108300 -3107.26738168 397.76218501 0.339968 5.9487 0.866122 0.096995 -0.026698
108400 -3088.89431253 404.01780730 0.345314 5.9487 0.866122 0.096995 0.051727
108500 -3094.48977734 401.01187170 0.342745 5.9419 0.865669 0.098595 0.014357
108600 -3094.66130854 406.50795179 0.347443 5.9419 0.865669 0.098595 -0.018591
108700 -3088.78978803 401.68735950 0.343323 5.9419 0.865669 0.098595 0.019928
108800 -3105.12291897 405.45456137 0.346542 5.9419 0.865669 0.098595 -0.063732
108900 -3105.18245876 405.15279355 0.346284 5.9419 0.865669 0.098595 -0.028031
109000 -3078.58433849 392.63693348 0.335587 5.9350 0.844852 0.101245 0.105251
109100 -3099.33162978 398.58067896 0.340667 5.9350 0.844852 0.101245 -0.047677
109200 -3110.18625033 402.39770587 0.343930 5.9350 0.844852 0.101245 -0.114042
109300 -3098.98836952 411.19456920 0.351448 5.9350 0.844852 0.101245 -0.012963
109400 -3090.28867418 401.10728393 0.342827 5.9350 0.844852 0.101245 0.028431
109500 -3095.96847647 396.95099883 0.339274 5.9521 0.860952 0.098004 0.032968
109600 -3097.51756627 391.93149258 0.334984 5.9521 0.860952 0.098004 -0.011211
109700 -3111.28803682 393.74545413 0.336535 5.9521 0.860952 0.098004 -0.043052
109800 -3101.38800254 398.52008106 0.340615 5.9521 0.860952 0.098004 0.030943
109900 -3099.47461768 384.89812329 0.328973 5.9521 0.860952 0.098004 0.008965
110000 -3115.74219512 397.71929120 0.339931 5.9385 0.860176 0.099824 -0.092270
110100 -3111.05555425 401.32268043 0.343011 5.9385 0.860176 0.099824 -0.043269
110200 -3115.81691856 395.69792062 0.338203 5.9385 0.860176 0.099824 -0.020621
110300 -3119.60631108 400.88668222 0.342638 5.9385 0.860176 0.099824 -0.086001
110400 -3109.25726602 383.76233154 0.328002 5.9385 0.860176 0.099824 -0.042222
110500 -3099.34404461 373.64227395 0.319352 5.9641 0.858294 0.098762 0.046615
110600 -3114.07779914 394.76309249 0.337404 5.9641 0.858294 0.098762 -0.013479
110700 -3117.78715837 399.40285042 0.341370 5.9641 0.858294 0.098762 -0.014452
110800 -3118.24174300 418.75747497 0.357912 5.9641 0.858294 0.098762 -0.002271
110900 -3095.57018765 398.27226424 0.340404 5.9641 0.858294 0.098762 0.102976
111000 -3106.92836782 373.32681296 0.319083 5.9538 0.856271 0.096016 0.005747
111100 -3108.04965661 384.29721312 0.328459 5.9538 0.856271 0.096016 0.012509
111200 -3123.80506066 400.30131442 0.342138 5.9538 0.856271 0.096016 -0.052690
111300 -3131.89464094 410.53983222 0.350889 5.9538 0.856271 0.096016 -0.114083
111400 -3119.79563962 401.86512302 0.343474 5.9538 0.856271 0.096016 -0.011543
111500 -3120.23078202 390.38128986 0.333659 5.9402 0.855216 0.099132 -0.002976
111600 -3122.76545490 405.36587631 0.346467 5.9402 0.855216 0.099132 -0.037025
111700 -3113.92802666 399.41440378 0.341380 5.9402 0.855216 0.099132 -0.004994
111800 -3118.50164257 393.30159223 0.336155 5.9402 0.855216 0.099132 -0.035455
111900 -3118.09310643 384.49454167 0.328628 5.9402 0.855216 0.099132 -0.038562
112000 -3109.97866490 382.87999799 0.327248 5.9470 0.857815 0.098859 0.012591
112100 -3114.56708626 394.25468279 0.336970 5.9470 0.857815 0.098859 0.005891
112200 -3107.65253845 398.63748313 0.340716 5.9470 0.857815 0.098859 0.026118
112300 -3097.96635300 407.74016096 0.348496 5.9470 0.857815 0.098859 0.091988
112400 -3101.67738658 395.28416774 0.337850 5.9470 0.857815 0.098859 0.034469
112500 -3105.47570463 403.51500969 0.344885 5.9641 0.857107 0.097037 -0.004732
112600 -3103.29210287 400.05003574 0.341923 5.9641 0.857107 0.097037 -0.001353
112700 -3096.97980472 404.01413404 0.345311 5.9641 0.857107 0.097037 0.047376
112800 -3095.91182196 417.86344485 0.357148 5.9641 0.857107 0.097037 0.056173
112900 -3118.48130007 414.11676295 0.353946 5.9641 0.857107 0.097037 -0.096387
113000 -3098.80455888 399.94477721 0.341833 5.9436 0.866004 0.096757 0.064310
113100 -3088.61857651 405.35591447 0.346458 5.9436 0.866004 0.096757 0.073539
113200 -3075.69576231 407.37433515 0.348183 5.9436 0.866004 0.096757 0.138403
113300 -3099.17870055 426.86203238 0.364839 5.9436 0.866004 0.096757 -0.020518
113400 -3080.07083898 416.73178396 0.356181 5.9436 0.866004 0.096757 0.108281
113500 -3096.57402040 412.80407644 0.352824 5.9504 0.864302 0.097380 -0.052554
113600 -3086.33852956 406.61928820 0.347538 5.9504 0.864302 0.097380 0.025368
113700 -3077.24497433 410.74820543 0.351067 5.9504 0.864302 0.097380 0.039927
113800 -3095.48257323 411.46317485 0.351678 5.9504 0.864302 0.097380 -0.093857
113900 -3074.46709264 413.88858640 0.353751 5.9504 0.864302 0.097380 0.080635
114000 -3094.22164207 427.73986612 0.365590 5.9402 0.857322 0.098695 -0.066842
114100 -3074.65972814 404.52645077 0.345749 5.9402 0.857322 0.098695 0.047112
114200 -3083.56896222 400.72806592 0.342503 5.9402 0.857322 0.098695 0.023017
114300 -3072.58954381 402.62905991 0.344127 5.9402 0.857322 0.098695 0.001532
114400 -3079.51619648 404.55367478 0.345772 5.9402 0.857322 0.098695 0.002042
114500 -3083.34580285 383.41935857 0.327709 5.9521 0.856763 0.099543 -0.022323
114600 -3103.64541894 396.46290385 0.338857 5.9521 0.856763 0.099543 -0.123524
114700 -3092.52242837 403.33706801 0.344733 5.9521 0.856763 0.099543 -0.045420
114800 -3112.38622323 399.27238691 0.341258 5.9521 0.856763 0.099543 -0.121270
114900 -3105.34012779 405.19807138 0.346323 5.9521 0.856763 0.099543 -0.082952
115000 -3100.40929378 394.00868345 0.336760 5.9624 0.857134 0.095835 -0.028583
115100 -3092.45750628 394.70722893 0.337357 5.9624 0.857134 0.095835 0.043142
115200 -3092.19757118 409.17637698 0.349723 5.9624 0.857134 0.095835 0.050447
115300 -3094.53314198 395.05439367 0.337653 5.9624 0.857134 0.095835 0.013318
115400 -3101.13293406 397.69274752 0.339908 5.9624 0.857134 0.095835 0.010527
115500 -3118.13018342 409.73441076 0.350200 5.9487 0.869014 0.096260 -0.077751
115600 -3100.95251802 396.54888062 0.338931 5.9487 0.869014 0.096260 -0.000972
115700 -3098.33822354 374.10364128 0.319747 5.9487 0.869014 0.096260 0.016822
115800 -3105.29051327 399.67515246 0.341603 5.9487 0.869014 0.096260 0.036725
115900 -3106.94257067 410.58205370 0.350925 5.9487 0.869014 0.096260 0.029264
116000 -3104.39751861 385.24447036 0.329269 5.9573 0.859684 0.096476 0.021715
116100 -3098.62157907 388.50795635 0.332058 5.9573 0.859684 0.096476 0.052649
116200 -3107.91989020 401.01483689 0.342748 5.9573 0.859684 0.096476 0.014010
116300 -3095.63285565 393.28451221 0.336141 5.9573 0.859684 0.096476 0.074789
116400 -3112.63820567 398.38739066 0.340502 5.9573 0.859684 0.096476 -0.063869
116500 -3106.10877392 379.21559503 0.324116 5.9658 0.857410 0.095343 -0.013787
116600 -3109.15550541 391.66900219 0.334760 5.9658 0.857410 0.095343 -0.048258
116700 -3119.68412782 393.13727126 0.336015 5.9658 0.857410 0.095343 -0.044721
116800 -3121.84346958 410.49443693 0.350850 5.9658 0.857410 0.095343 -0.075989
116900 -3126.31408847 425.99946082 0.364102 5.9658 0.857410 0.095343 -0.087379
117000 -3112.85907674 387.79954725 0.331453 5.9590 0.863481 0.095697 -0.041732
117100 -3112.88794736 402.96909986 0.344418 5.9590 0.863481 0.095697 -0.014201
117200 -3126.08914270 395.00725730 0.337613 5.9590 0.863481 0.095697 -0.112660
117300 -3126.19662420 408.74913218 0.349358 5.9590 0.863481 0.095697 -0.090151
117400 -3098.17833114 395.89964151 0.338376 5.9590 0.863481 0.095697 0.097330
117500 -3106.99898047 387.46102366 0.331163 5.9538 0.861317 0.096332 0.032084
117600 -3117.04918130 387.90024916 0.331539 5.9538 0.861317 0.096332 -0.058431
117700 -3117.54942475 394.18463280 0.336910 5.9538 0.861317 0.096332 -0.026850
117800 -3117.06280257 391.74031068 0.334821 5.9538 0.861317 0.096332 -0.022212
117900 -3124.89151867 393.48964301 0.336316 5.9538 0.861317 0.096332 -0.072571
118000 -3132.00601675 389.02489032 0.332500 5.9590 0.865241 0.094022 -0.101934
118100 -3131.30437562 383.17749800 0.327502 5.9590 0.865241 0.094022 -0.085516
118200 -3128.26909540 373.57465321 0.319295 5.9590 0.865241 0.094022 -0.023545
118300 -3134.07462447 368.36563918 0.314842 5.9590 0.865241 0.094022 -0.023509
118400 -3139.37577529 383.02218385 0.327369 5.9590 0.865241 0.094022 -0.027891
118500 -3136.38694574 378.98121189 0.323916 5.9641 0.873155 0.092049 -0.028403
118600 -3146.31724087 393.47375160 0.336302 5.9641 0.873155 0.092049 -0.020707
118700 -3124.47719187 401.26119293 0.342958 5.9641 0.873155 0.092049 0.054757
118800 -3132.47222768 397.55515133 0.339791 5.9641 0.873155 0.092049 -0.001366
118900 -3126.05844913 390.96492597 0.334158 5.9641 0.873155 0.092049 0.035083
119000 -3131.43026728 402.20909247 0.343768 5.9521 0.866300 0.097003 -0.030593
119100 -3113.18211400 402.79051078 0.344265 5.9521 0.866300 0.097003 0.093255
119200 -3095.97426696 376.69999527 0.321966 5.9521 0.866300 0.097003 0.142524
119300 -3113.35863206 403.18651421 0.344604 5.9521 0.866300 0.097003 0.038445
119400 -3104.16976811 417.57318798 0.356900 5.9521 0.866300 0.097003 0.092994
119500 -3098.02576050 410.25812380 0.350648 5.9487 0.861602 0.096925 0.063771
119600 -3110.46240278 390.36303901 0.333644 5.9487 0.861602 0.096925 -0.040266
119700 -3094.97409744 391.01703386 0.334203 5.9487 0.861602 0.096925 0.093024
119800 -3103.18933397 410.57936263 0.350923 5.9487 0.861602 0.096925 0.038181
119900 -3101.21358588 416.08028769 0.355624 5.9487 0.861602 0.096925 0.008318
120000 -3106.80831607 409.59471996 0.350081 5.9504 0.863885 0.096036 -0.042823
120100 -3088.89544726 361.62540068 0.309082 5.9504 0.863885 0.096036 0.061825
120200 -3115.79505583 398.25588276 0.340390 5.9504 0.863885 0.096036 -0.046521
120300 -3126.03793904 399.24066329 0.341231 5.9504 0.863885 0.096036 -0.089707
120400 -3103.38299250 401.21834170 0.342922 5.9504 0.863885 0.096036 0.037141
120500 -3098.41817153 386.66540274 0.330483 5.9487 0.852244 0.094672 0.027455
120600 -3116.34676771 399.86808984 0.341768 5.9487 0.852244 0.094672 -0.096429
120700 -3103.38256815 408.08057727 0.348787 5.9487 0.852244 0.094672 0.003402
120800 -3094.13061667 406.94478913 0.347816 5.9487 0.852244 0.094672 0.047163
120900 -3119.69854120 422.75813201 0.361332 5.9487 0.852244 0.094672 -0.134678
121000 -3120.04395820 411.03578409 0.351313 5.9436 0.860071 0.093938 -0.115149
121100 -3098.26329622 396.18344863 0.338618 5.9436 0.860071 0.093938 0.021426
121200 -3097.48035662 401.48276683 0.343148 5.9436 0.860071 0.093938 0.034288
121300 -3105.72791192 390.60731171 0.333852 5.9436 0.860071 0.093938 -0.036319
121400 -3107.60760406 393.97249534 0.336729 5.9436 0.860071 0.093938 0.002419
121500 -3116.06697644 385.33563330 0.329347 5.9402 0.870511 0.095464 -0.066046
121600 -3116.01521287 395.85688875 0.338339 5.9402 0.870511 0.095464 -0.064992
121700 -3112.71551015 382.79963589 0.327179 5.9402 0.870511 0.095464 -0.044375
121800 -3103.58863884 406.25626269 0.347228 5.9402 0.870511 0.095464 0.019035
121900 -3111.44929125 393.66099727 0.336462 5.9402 0.870511 0.095464 -0.051979
122000 -3108.44743904 399.51189971 0.341463 5.9590 0.869022 0.096879 -0.013869
122100 -3094.37407969 389.49734107 0.332904 5.9590 0.869022 0.096879 0.073946
122200 -3103.26705799 413.74690528 0.353630 5.9590 0.869022 0.096879 0.028450
122300 -3096.91081497 400.41317453 0.342233 5.9590 0.869022 0.096879 0.024193
122400 -3103.59918462 373.17677696 0.318955 5.9590 0.869022 0.096879 -0.025147
122500 -3123.41396974 392.67711331 0.335621 5.9607 0.864519 0.094088 -0.099768
122600 -3115.95983594 383.01471458 0.327363 5.9607 0.864519 0.094088 -0.019603
122700 -3109.89712319 387.26484506 0.330996 5.9607 0.864519 0.094088 0.045135
122800 -3113.26967195 402.22375691 0.343781 5.9607 0.864519 0.094088 0.031095
122900 -3096.16615011 396.16675462 0.338604 5.9607 0.864519 0.094088 0.128191
123000 -3114.05984198 413.63152738 0.353531 5.9521 0.862427 0.094733 -0.027310
123100 -3105.75312971 396.05851784 0.338512 5.9521 0.862427 0.094733 -0.003572
123200 -3102.92471678 379.07338162 0.323994 5.9521 0.862427 0.094733 0.028641
123300 -3119.90386735 391.82790182 0.334896 5.9521 0.862427 0.094733 -0.053811
123400 -3114.19883673 389.38018989 0.332804 5.9521 0.862427 0.094733 -0.007208
123500 -3114.77494090 391.37312863 0.334507 5.9590 0.863199 0.096327 0.012653
123600 -3101.44917679 402.76686719 0.344245 5.9590 0.863199 0.096327 0.074537
123700 -3092.70608070 398.46202935 0.340566 5.9590 0.863199 0.096327 0.152322
123800 -3114.41241951 416.30157461 0.355813 5.9590 0.863199 0.096327 -0.013496
123900 -3104.33521533 389.36855306 0.332794 5.9590 0.863199 0.096327 0.027783
124000 -3125.81304511 395.50545900 0.338039 5.9470 0.874884 0.092774 -0.053780
124100 -3125.45168418 394.54946641 0.337222 5.9470 0.874884 0.092774 -0.093693
124200 -3122.18330869 409.53753497 0.350032 5.9470 0.874884 0.092774 -0.047715
124300 -3126.28647801 408.84212256 0.349438 5.9470 0.874884 0.092774 -0.074938
124400 -3112.34238287 399.66964693 0.341598 5.9470 0.874884 0.092774 0.030851
124500 -3105.50021962 411.52141971 0.351728 5.9538 0.859078 0.097336 0.053433
124600 -3106.89924498 414.13301280 0.353960 5.9538 0.859078 0.097336 -0.008108
124700 -3101.41693144 420.58850636 0.359477 5.9538 0.859078 0.097336 0.061559
124800 -3095.11037613 401.27350118 0.342969 5.9538 0.859078 0.097336 0.052631
124900 -3088.95831935 397.25618477 0.339535 5.9538 0.859078 0.097336 0.063329
125000 -3095.14061387 399.86044098 0.341761 5.9573 0.857926 0.095959 0.028207
125100 -3100.77474638 392.88624195 0.335800 5.9573 0.857926 0.095959 -0.011547
125200 -3120.34808396 411.01874227 0.351298 5.9573 0.857926 0.095959 -0.098192
125300 -3111.36845894 410.75188251 0.351070 5.9573 0.857926 0.095959 -0.045547
125400 -3098.59262272 414.11488080 0.353944 5.9573 0.857926 0.095959 -0.020302
125500 -3087.54889015 400.70190142 0.342480 5.9538 0.865547 0.097466 0.083718
125600 -3104.92399990 391.02487610 0.334209 5.9538 0.865547 0.097466 -0.031060
125700 -3094.97190400 392.19744385 0.335211 5.9538 0.865547 0.097466 0.062326
125800 -3112.82806663 397.51613974 0.339757 5.9538 0.865547 0.097466 -0.085802
125900 -3120.55223260 386.28703064 0.330160 5.9538 0.865547 0.097466 -0.092154
126000 -3117.54973987 381.27823039 0.325879 5.9556 0.873482 0.092722 -0.031407
126100 -3116.92258066 404.29250119 0.345549 5.9556 0.873482 0.092722 0.018164
126200 -3102.69212262 400.45384752 0.342268 5.9556 0.873482 0.092722 0.096932
126300 -3099.03539437 401.82636020 0.343441 5.9556 0.873482 0.092722 0.082148
126400 -3117.34681704 378.86138952 0.323813 5.9556 0.873482 0.092722 -0.066264
126500 -3122.64468355 388.21128742 0.331805 5.9538 0.869937 0.096203 -0.046453
126600 -3124.10743112 399.32780824 0.341306 5.9538 0.869937 0.096203 -0.047073
126700 -3107.78840346 400.40576300 0.342227 5.9538 0.869937 0.096203 0.042490
126800 -3098.13506331 376.73494868 0.321996 5.9538 0.869937 0.096203 0.076477
126900 -3112.19720643 412.46592494 0.352535 5.9538 0.869937 0.096203 -0.014472
127000 -3111.37042508 408.81958152 0.349418 5.9590 0.872706 0.095563 -0.052865
127100 -3108.74899216 394.02076929 0.336770 5.9590 0.872706 0.095563 -0.041322
127200 -3115.73248837 400.62029031 0.342411 5.9590 0.872706 0.095563 -0.061583
127300 -3109.68664643 404.54077485 0.345761 5.9590 0.872706 0.095563 -0.003282
127400 -3110.21187869 400.67104154 0.342454 5.9590 0.872706 0.095563 0.019213
127500 -3111.27155776 396.03664889 0.338493 5.9573 0.876128 0.095399 -0.040569
127600 -3110.95644305 394.50022936 0.337180 5.9573 0.876128 0.095399 0.020127
127700 -3114.97609235 393.01452492 0.335910 5.9573 0.876128 0.095399 -0.023596
127800 -3118.77518527 405.22432346 0.346346 5.9573 0.876128 0.095399 -0.046023
127900 -3120.52686525 398.21000756 0.340350 5.9573 0.876128 0.095399 -0.068442
128000 -3122.06991637 416.81576593 0.356253 5.9573 0.869435 0.094578 -0.037020
128100 -3109.92573158 410.54979019 0.350897 5.9573 0.869435 0.094578 0.038210
128200 -3114.66555502 408.13036573 0.348829 5.9573 0.869435 0.094578 0.010584
128300 -3109.97458295 389.90728415 0.333254 5.9573 0.869435 0.094578 -0.009952
128400 -3089.16667486 400.45473497 0.342269 5.9573 0.869435 0.094578 0.080215
128500 -3104.18852147 401.57628793 0.343228 5.9607 0.856321 0.094009 -0.004586
128600 -3108.01894595 396.69943899 0.339059 5.9607 0.856321 0.094009 -0.015287
128700 -3118.25104179 384.29605310 0.328458 5.9607 0.856321 0.094009 -0.028943
128800 -3124.33738095 382.63262515 0.327036 5.9607 0.856321 0.094009 -0.050348
128900 -3114.35446243 393.42654199 0.336262 5.9607 0.856321 0.094009 0.016573
129000 -3125.14456210 393.65917179 0.336461 5.9504 0.869652 0.093710 -0.044472
129100 -3125.30940788 389.43705757 0.332852 5.9504 0.869652 0.093710 0.009229
129200 -3125.45912997 391.19600258 0.334356 5.9504 0.869652 0.093710 0.000390
129300 -3124.84866031 395.73116532 0.338232 5.9504 0.869652 0.093710 0.037005
129400 -3129.48165541 405.82759708 0.346861 5.9504 0.869652 0.093710 -0.004794
129500 -3123.00224188 399.19878422 0.341196 5.9504 0.868822 0.091136 -0.005569
129600 -3130.42912680 390.43979050 0.333709 5.9504 0.868822 0.091136 -0.096027
129700 -3132.89922056 396.51217316 0.338899 5.9504 0.868822 0.091136 -0.105250
129800 -3142.30984008 385.23326931 0.329259 5.9504 0.868822 0.091136 -0.118899
129900 -3130.66492965 380.11310243 0.324883 5.9504 0.868822 0.091136 -0.027783
130000 -3145.10915981 399.12414954 0.341132 5.9590 0.878360 0.090521 -0.074014
130100 -3143.50159779 396.60334011 0.338977 5.9590 0.878360 0.090521 -0.091826
130200 -3122.60804785 393.69824366 0.336494 5.9590 0.878360 0.090521 0.048866
130300 -3112.17255339 393.17687280 0.336049 5.9590 0.878360 0.090521 0.071563
130400 -3117.85086415 401.68995510 0.343325 5.9590 0.878360 0.090521 0.038571
130500 -3104.42880152 409.61766745 0.350101 5.9538 0.864624 0.095923 0.138129
130600 -3120.59471886 433.45049773 0.370471 5.9538 0.864624 0.095923 0.032000
130700 -3130.45996760 413.96017939 0.353812 5.9538 0.864624 0.095923 -0.055301
130800 -3116.41689737 401.42689345 0.343100 5.9538 0.864624 0.095923 0.007705
130900 -3129.35901716 408.41777634 0.349075 5.9538 0.864624 0.095923 -0.054606
131000 -3105.78926481 400.13641509 0.341997 5.9556 0.862916 0.095514 0.060279
131100 -3110.63975078 402.01415604 0.343602 5.9556 0.862916 0.095514 0.064366
131200 -3122.93134408 392.33670809 0.335331 5.9556 0.862916 0.095514 -0.016640
131300 -3123.04213494 387.75268254 0.331413 5.9556 0.862916 0.095514 -0.038801
131400 -3111.98358308 387.90341503 0.331541 5.9556 0.862916 0.095514 0.028150
131500 -3133.09245981 402.40971975 0.343940 5.9521 0.872527 0.095886 -0.092181
131600 -3120.79411745 395.17451277 0.337756 5.9521 0.872527 0.095886 -0.022058
131700 -3106.36609775 416.45942051 0.355948 5.9521 0.872527 0.095886 0.083279
131800 -3102.59980462 393.90673569 0.336672 5.9521 0.872527 0.095886 0.050286
131900 -3116.92273601 395.33339408 0.337892 5.9521 0.872527 0.095886 -0.032392
132000 -3122.92061159 401.01719054 0.342750 5.9368 0.863912 0.096890 -0.080314
132100 -3116.22060407 399.47540272 0.341432 5.9368 0.863912 0.096890 -0.022924
132200 -3103.43049597 397.18363727 0.339473 5.9368 0.863912 0.096890 0.076383
132300 -3106.10684109 404.34806601 0.345597 5.9368 0.863912 0.096890 0.014738
132400 -3111.63238020 404.88780087 0.346058 5.9368 0.863912 0.096890 0.002670
132500 -3105.73485925 392.01663601 0.335057 5.9487 0.869638 0.096054 0.028209
132600 -3103.88802918 393.66590880 0.336467 5.9487 0.869638 0.096054 0.028890
132700 -3093.59493285 368.93472333 0.315329 5.9487 0.869638 0.096054 0.053427
132800 -3104.09900278 383.47468891 0.327756 5.9487 0.869638 0.096054 0.031664
132900 -3114.83676749 383.68077362 0.327932 5.9487 0.869638 0.096054 -0.023749
133000 -3115.79382868 381.46607747 0.326039 5.9521 0.870080 0.095048 -0.017330
133100 -3118.22589831 393.94236818 0.336703 5.9521 0.870080 0.095048 0.001958
133200 -3121.28660989 383.98907710 0.328196 5.9521 0.870080 0.095048 -0.062300
133300 -3129.62894294 386.03328603 0.329943 5.9521 0.870080 0.095048 -0.102737
133400 -3125.03455207 399.80761005 0.341716 5.9521 0.870080 0.095048 -0.020339
133500 -3125.05073049 398.73588852 0.340800 5.9658 0.865138 0.091476 -0.030242
133600 -3114.50070596 389.70104427 0.333078 5.9658 0.865138 0.091476 0.060063
133700 -3115.00179695 411.75511089 0.351927 5.9658 0.865138 0.091476 0.063708
133800 -3109.49115800 388.08825442 0.331699 5.9658 0.865138 0.091476 0.074802
133900 -3107.37885945 384.01145294 0.328215 5.9658 0.865138 0.091476 0.037426
134000 -3128.82514976 409.08929421 0.349649 5.9573 0.877666 0.092483 -0.090361
134100 -3111.33148433 382.43790572 0.326870 5.9573 0.877666 0.092483 0.007907
134200 -3139.22563333 413.20129854 0.353164 5.9573 0.877666 0.092483 -0.130818
134300 -3106.54123255 403.88254953 0.345199 5.9573 0.877666 0.092483 0.067626
134400 -3113.43529779 392.74151313 0.335677 5.9573 0.877666 0.092483 -0.012686
134500 -3108.70082585 383.25390168 0.327567 5.9299 0.859228 0.100073 0.029304
134600 -3109.16929546 384.58252781 0.328703 5.9299 0.859228 0.100073 0.022987
134700 -3107.37081935 402.93640968 0.344390 5.9299 0.859228 0.100073 0.049860
134800 -3100.49505529 394.70985059 0.337359 5.9299 0.859228 0.100073 0.054531
134900 -3091.70987797 401.22981413 0.342931 5.9299 0.859228 0.100073 0.118343
135000 -3104.03109459 409.68694716 0.350160 5.9504 0.857618 0.101429 -0.003711
135100 -3097.37265870 395.38970877 0.337940 5.9504 0.857618 0.101429 0.035949
135200 -3103.73584960 400.36606701 0.342193 5.9504 0.857618 0.101429 -0.024382
135300 -3113.33150998 391.24292188 0.334396 5.9504 0.857618 0.101429 -0.052277
135400 -3125.44203458 372.76045650 0.318599 5.9504 0.857618 0.101429 -0.103919
135500 -3133.88156901 403.93055260 0.345240 5.9590 0.871952 0.091439 -0.139782
135600 -3120.07520163 397.83246247 0.340028 5.9590 0.871952 0.091439 -0.018418
135700 -3127.02268383 389.58532550 0.332979 5.9590 0.871952 0.091439 -0.060033
135800 -3117.34642824 381.56025848 0.326120 5.9590 0.871952 0.091439 0.024951
135900 -3115.19740235 393.52271391 0.336344 5.9590 0.871952 0.091439 0.009204
136000 -3105.92911116 383.32704150 0.327630 5.9538 0.865531 0.094566 0.054289
136100 -3127.15505564 383.48454228 0.327765 5.9538 0.865531 0.094566 -0.053542
136200 -3120.01428738 382.55050025 0.326966 5.9538 0.865531 0.094566 0.024977
136300 -3128.09295616 387.75788499 0.331417 5.9538 0.865531 0.094566 -0.002378
136400 -3134.72879029 397.01230033 0.339327 5.9538 0.865531 0.094566 -0.034604
136500 -3127.88160197 403.99123210 0.345292 5.9419 0.867904 0.096020 -0.001289
136600 -3113.31002727 392.65065205 0.335599 5.9419 0.867904 0.096020 0.067907
136700 -3121.03025546 416.66706418 0.356126 5.9419 0.867904 0.096020 0.001482
136800 -3114.05270668 409.61097170 0.350095 5.9419 0.867904 0.096020 0.019350
136900 -3102.70978369 413.12945088 0.353102 5.9419 0.867904 0.096020 0.064554
137000 -3092.14309988 390.08899547 0.333409 5.9436 0.859551 0.100592 0.093873
137100 -3102.24638599 411.51465307 0.351722 5.9436 0.859551 0.100592 0.015453
137200 -3094.93650837 400.35307500 0.342182 5.9436 0.859551 0.100592 0.034277
137300 -3102.93464423 416.79233130 0.356233 5.9436 0.859551 0.100592 -0.024465
137400 -3089.30888793 407.74460999 0.348500 5.9436 0.859551 0.100592 0.047963
137500 -3104.17376415 406.38621120 0.347339 5.9573 0.857278 0.096036 -0.084465
137600 -3078.47188813 390.57583236 0.333825 5.9573 0.857278 0.096036 0.123777
137700 -3083.69974100 388.90133822 0.332394 5.9573 0.857278 0.096036 0.044328
137800 -3110.56381681 411.54334199 0.351746 5.9573 0.857278 0.096036 -0.066241
137900 -3100.17642171 402.01111188 0.343599 5.9573 0.857278 0.096036 0.007264
138000 -3108.22845341 390.60111708 0.333847 5.9419 0.864571 0.098668 -0.082356
138100 -3101.82066642 386.94726962 0.330724 5.9419 0.864571 0.098668 -0.008649
138200 -3102.71540637 384.05578211 0.328253 5.9419 0.864571 0.098668 -0.031264
138300 -3121.33841083 382.84565091 0.327219 5.9419 0.864571 0.098668 -0.152697
138400 -3120.18521136 384.53848215 0.328665 5.9419 0.864571 0.098668 -0.085339
138500 -3129.25809132 401.00608698 0.342740 5.9573 0.874789 0.092641 -0.099858
138600 -3128.87503689 400.55779222 0.342357 5.9573 0.874789 0.092641 -0.045602
138700 -3109.60060630 387.03248354 0.330797 5.9573 0.874789 0.092641 0.090260
138800 -3114.39792510 402.25598047 0.343809 5.9573 0.874789 0.092641 0.026363
138900 -3120.23672990 397.06261460 0.339370 5.9573 0.874789 0.092641 -0.016756
139000 -3137.09285286 415.08263140 0.354771 5.9521 0.875714 0.093516 -0.090585
139100 -3126.99192909 386.39417160 0.330251 5.9521 0.875714 0.093516 -0.009511
139200 -3117.41215709 390.26459886 0.333559 5.9521 0.875714 0.093516 0.026528
139300 -3114.24461672 396.30522285 0.338722 5.9521 0.875714 0.093516 0.012541
139400 -3132.75733878 389.46049658 0.332872 5.9521 0.875714 0.093516 -0.095594
139500 -3119.47312000 387.80959398 0.331461 5.9419 0.867347 0.096157 0.016614
139600 -3124.82650074 386.05980183 0.329966 5.9419 0.867347 0.096157 0.003260
139700 -3142.08938025 407.87721473 0.348613 5.9419 0.867347 0.096157 -0.131960
139800 -3126.47590545 398.73533841 0.340799 5.9419 0.867347 0.096157 -0.005215
139900 -3123.46108418 402.80773727 0.344280 5.9419 0.867347 0.096157 -0.012751
140000 -3112.34267839 388.18129786 0.331779 5.9470 0.868575 0.093692 0.017539
140100 -3109.95941269 399.88328411 0.341781 5.9470 0.868575 0.093692 0.060874
140200 -3108.41372163 383.20684611 0.327527 5.9470 0.868575 0.093692 0.032760
140300 -3130.20253917 380.15883377 0.324922 5.9470 0.868575 0.093692 -0.118037
140400 -3099.70724646 388.03824105 0.331657 5.9470 0.868575 0.093692 0.106813
140500 -3102.15868052 393.27323293 0.336131 5.9641 0.859195 0.097866 0.077573
140600 -3118.36072868 420.02419693 0.358995 5.9641 0.859195 0.097866 -0.045492
140700 -3112.66623137 417.26183223 0.356634 5.9641 0.859195 0.097866 -0.009693
140800 -3103.99953067 391.81364503 0.334883 5.9641 0.859195 0.097866 0.002460
140900 -3107.74157692 418.91624176 0.358048 5.9641 0.859195 0.097866 0.013557
141000 -3097.11583155 392.07125330 0.335104 5.9556 0.853629 0.099371 0.044688
141100 -3098.70092286 389.62568731 0.333013 5.9556 0.853629 0.099371 0.040199
141200 -3109.03220671 386.16805016 0.330058 5.9556 0.853629 0.099371 -0.023915
141300 -3110.14459761 407.78152996 0.348531 5.9556 0.853629 0.099371 -0.015276
141400 -3113.63705785 392.70543273 0.335646 5.9556 0.853629 0.099371 -0.058234
141500 -3105.46786851 386.45930552 0.330307 5.9453 0.867902 0.094800 0.026570
141600 -3116.73816054 392.66489679 0.335611 5.9453 0.867902 0.094800 -0.015401
141700 -3136.49256615 388.82346953 0.332328 5.9453 0.867902 0.094800 -0.139055
141800 -3105.49077387 374.96882935 0.320486 5.9453 0.867902 0.094800 0.104710
141900 -3123.42834852 390.24027914 0.333539 5.9453 0.867902 0.094800 -0.023462
142000 -3119.22838214 394.04605657 0.336792 5.9556 0.862008 0.092019 0.008774
142100 -3116.96033351 390.05310865 0.333379 5.9556 0.862008 0.092019 0.036012
142200 -3111.68137061 406.15658047 0.347142 5.9556 0.862008 0.092019 0.078735
142300 -3102.59567793 386.87262595 0.330660 5.9556 0.862008 0.092019 0.104497
142400 -3114.92632821 389.14926467 0.332606 5.9556 0.862008 0.092019 0.013112
142500 -3123.05487525 398.57692686 0.340664 5.9402 0.872986 0.095904 -0.032839
142600 -3121.05167672 367.25114785 0.313890 5.9402 0.872986 0.095904 -0.048903
142700 -3110.35167124 390.43614659 0.333706 5.9402 0.872986 0.095904 0.055819
142800 -3119.19882787 409.86987770 0.350316 5.9402 0.872986 0.095904 -0.017695
142900 -3118.56075033 396.37807397 0.338785 5.9402 0.872986 0.095904 -0.033532
143000 -3104.93561904 402.20830736 0.343768 5.9590 0.857272 0.099005 0.032911
143100 -3117.86152575 403.74500060 0.345081 5.9590 0.857272 0.099005 -0.022920
143200 -3107.99533961 412.43364655 0.352507 5.9590 0.857272 0.099005 0.005056
143300 -3103.08082035 410.60397379 0.350944 5.9590 0.857272 0.099005 0.036438
143400 -3130.84522120 407.59637127 0.348373 5.9590 0.857272 0.099005 -0.093807
143500 -3125.10258570 387.71848796 0.331383 5.9658 0.866551 0.094309 -0.061312
143600 -3109.45257611 385.80291619 0.329746 5.9658 0.866551 0.094309 0.032851
143700 -3125.05182861 390.66538684 0.333902 5.9658 0.866551 0.094309 -0.052817
143800 -3116.18363635 387.18680252 0.330929 5.9658 0.866551 0.094309 0.016848
143900 -3122.37138490 383.13014808 0.327462 5.9658 0.866551 0.094309 -0.043446
144000 -3146.58998648 399.95791370 0.341844 5.9641 0.873129 0.093492 -0.150663
144100 -3123.55619016 393.21401691 0.336080 5.9641 0.873129 0.093492 0.004314
144200 -3108.67131123 418.91251002 0.358045 5.9641 0.873129 0.093492 0.091999
144300 -3113.18045045 408.52672229 0.349168 5.9641 0.873129 0.093492 0.036394
144400 -3117.38988163 387.51659743 0.331211 5.9641 0.873129 0.093492 -0.034725
144500 -3130.07388805 396.25192268 0.338677 5.9624 0.871825 0.093456 -0.063241
144600 -3130.62580013 397.59799019 0.339827 5.9624 0.871825 0.093456 -0.054558
144700 -3128.33767793 388.18291748 0.331780 5.9624 0.871825 0.093456 -0.037832
144800 -3135.27947198 388.96212718 0.332446 5.9624 0.871825 0.093456 -0.048205
144900 -3114.35951910 394.21335535 0.336934 5.9624 0.871825 0.093456 0.137039
145000 -3096.06109190 405.35825185 0.346460 5.9419 0.859029 0.095927 0.217444
145100 -3105.18115471 393.00991099 0.335906 5.9419 0.859029 0.095927 0.107445
145200 -3115.40754161 388.19575397 0.331791 5.9419 0.859029 0.095927 -0.013601
145300 -3123.54797635 398.38319015 0.340498 5.9419 0.859029 0.095927 -0.073779
145400 -3109.52572876 387.62167468 0.331301 5.9419 0.859029 0.095927 0.018817
145500 -3146.51314787 388.63200886 0.332164 5.9607 0.874962 0.090739 -0.193453
145600 -3133.30531316 391.57270256 0.334678 5.9607 0.874962 0.090739 -0.074389
145700 -3124.23810773 396.55808046 0.338939 5.9607 0.874962 0.090739 0.042078
145800 -3126.13403443 389.75727047 0.333126 5.9607 0.874962 0.090739 0.022322
145900 -3140.41701048 408.53644159 0.349176 5.9607 0.874962 0.090739 -0.060363
146000 -3112.25495208 391.28630486 0.334433 5.9556 0.862056 0.096322 0.075385
146100 -3128.50878528 415.11547269 0.354800 5.9556 0.862056 0.096322 0.012532
146200 -3132.62385379 401.97449932 0.343568 5.9556 0.862056 0.096322 -0.031577
146300 -3130.16520224 382.70900899 0.327102 5.9556 0.862056 0.096322 -0.035783
146400 -3128.53525795 383.56725982 0.327835 5.9556 0.862056 0.096322 0.040641
146500 -3140.45185596 391.07091023 0.334249 5.9538 0.873334 0.093308 -0.015942
146600 -3127.98086998 359.35352270 0.307140 5.9538 0.873334 0.093308 0.037469
146700 -3132.52218351 386.95225758 0.330728 5.9538 0.873334 0.093308 0.026788
146800 -3117.19524452 388.01647284 0.331638 5.9538 0.873334 0.093308 0.097332
146900 -3109.07544779 400.08189103 0.341950 5.9538 0.873334 0.093308 0.136624
147000 -3139.62523723 420.04441308 0.359012 5.9641 0.869115 0.090120 -0.086802
147100 -3112.74944576 391.74659787 0.334826 5.9641 0.869115 0.090120 0.059639
147200 -3117.10770312 390.93938450 0.334136 5.9641 0.869115 0.090120 0.021717
147300 -3114.29269309 412.06849764 0.352195 5.9641 0.869115 0.090120 0.027744
147400 -3112.74482215 411.85638172 0.352014 5.9641 0.869115 0.090120 0.040723
147500 -3112.95862890 399.10282686 0.341114 5.9641 0.864274 0.093333 0.024437
147600 -3106.00750443 403.59011752 0.344949 5.9641 0.864274 0.093333 0.071487
147700 -3101.59079535 397.39791218 0.339656 5.9641 0.864274 0.093333 0.105791
147800 -3121.32570743 405.28673041 0.346399 5.9641 0.864274 0.093333 -0.066740
147900 -3112.64750093 403.59266581 0.344951 5.9641 0.864274 0.093333 -0.010296
148000 -3116.62786732 422.56129176 0.361163 5.9590 0.868856 0.095542 -0.003340
148100 -3103.70199401 436.56202864 0.373130 5.9590 0.868856 0.095542 0.039932
148200 -3102.71694851 402.82916447 0.344298 5.9590 0.868856 0.095542 -0.009522
148300 -3111.12136036 389.07316570 0.332541 5.9590 0.868856 0.095542 -0.063478
148400 -3121.25285537 400.93957477 0.342683 5.9590 0.868856 0.095542 -0.070825
148500 -3109.42238571 388.15716856 0.331758 5.9607 0.861867 0.094760 0.027730
148600 -3115.49722241 397.22430213 0.339508 5.9607 0.861867 0.094760 -0.016154
148700 -3111.92136837 397.01323211 0.339328 5.9607 0.861867 0.094760 0.008970
148800 -3114.64345231 392.53141490 0.335497 5.9607 0.861867 0.094760 -0.011121
148900 -3140.47498464 410.42481224 0.350790 5.9607 0.861867 0.094760 -0.167160
149000 -3116.77786597 398.56606881 0.340655 5.9624 0.870780 0.093480 -0.023992
149100 -3120.07294830 393.59159681 0.336403 5.9624 0.870780 0.093480 -0.056768
149200 -3119.31108311 393.92463197 0.336688 5.9624 0.870780 0.093480 -0.047262
149300 -3104.94459181 394.91987507 0.337538 5.9624 0.870780 0.093480 0.074821
149400 -3111.39313606 405.20055867 0.346325 5.9624 0.870780 0.093480 -0.026367
149500 -3100.90329362 401.63236796 0.343276 5.9658 0.856307 0.096156 0.071300
149600 -3116.62401152 396.83290911 0.339173 5.9658 0.856307 0.096156 -0.022993
149700 -3113.51915358 407.97629116 0.348698 5.9658 0.856307 0.096156 0.019391
149800 -3111.25147337 393.99490130 0.336748 5.9658 0.856307 0.096156 -0.001282
149900 -3128.14891792 392.21795083 0.335229 5.9658 0.856307 0.096156 -0.051572
150000 -3112.89603849 393.60297898 0.336413 5.9692 0.859883 0.097253 0.031504
150100 -3115.35825630 405.22375541 0.346345 5.9692 0.859883 0.097253 -0.005843
150200 -3117.66506877 418.18267076 0.357421 5.9692 0.859883 0.097253 -0.016928
150300 -3098.74526801 385.51322281 0.329498 5.9692 0.859883 0.097253 0.049648
150400 -3125.08820807 419.46931555 0.358521 5.9692 0.859883 0.097253 -0.085684
150500 -3108.91990683 395.55731384 0.338083 5.9590 0.851751 0.096821 0.029351
150600 -3110.07736002 405.15467020 0.346286 5.9590 0.851751 0.096821 -0.018157
150700 -3117.00490496 406.85644844 0.347741 5.9590 0.851751 0.096821 -0.003904
150800 -3114.50021274 382.62051756 0.327026 5.9590 0.851751 0.096821 0.008627
150900 -3100.68597499 391.52460857 0.334636 5.9590 0.851751 0.096821 0.107134
151000 -3124.50036455 383.62542914 0.327885 5.9726 0.868922 0.093261 -0.135590
151100 -3117.29654887 389.57118855 0.332967 5.9726 0.868922 0.093261 -0.022068
151200 -3125.77033379 410.50482732 0.350859 5.9726 0.868922 0.093261 -0.039525
151300 -3108.96109969 425.55224072 0.363720 5.9726 0.868922 0.093261 0.066933
151400 -3099.94806668 407.15976894 0.348000 5.9726 0.868922 0.093261 0.020504
151500 -3105.88703143 416.33436368 0.355841 5.9607 0.864843 0.096931 -0.008127
151600 -3073.84443098 390.32264659 0.333609 5.9607 0.864843 0.096931 0.180340
151700 -3099.66374968 398.85121139 0.340898 5.9607 0.864843 0.096931 -0.034783
151800 -3107.29461010 399.16356345 0.341165 5.9607 0.864843 0.096931 -0.054124
151900 -3122.81571628 403.12239336 0.344549 5.9607 0.864843 0.096931 -0.100940
152000 -3090.09953126 375.07831945 0.320580 5.9675 0.847414 0.100302 0.076714
152100 -3088.60019353 384.62184228 0.328737 5.9675 0.847414 0.100302 0.084955
152200 -3099.85948022 396.31127833 0.338728 5.9675 0.847414 0.100302 0.001649
152300 -3100.14243875 407.35623657 0.348168 5.9675 0.847414 0.100302 0.008063
152400 -3093.16156426 416.37423220 0.355875 5.9675 0.847414 0.100302 0.064748
152500 -3094.76491247 405.97619619 0.346988 5.9402 0.856353 0.097760 0.024622
152600 -3101.60992612 414.13803740 0.353964 5.9402 0.856353 0.097760 -0.001130
152700 -3101.65827499 407.07477983 0.347927 5.9402 0.856353 0.097760 -0.015509
152800 -3101.00456302 384.93121003 0.329001 5.9402 0.856353 0.097760 -0.025631
152900 -3105.34347126 398.19309897 0.340336 5.9402 0.856353 0.097760 -0.002462
153000 -3106.62183264 398.68661577 0.340758 5.9504 0.857898 0.097121 -0.049792
153100 -3111.53989959 402.10807936 0.343682 5.9504 0.857898 0.097121 -0.073487
153200 -3111.94225388 401.75451856 0.343380 5.9504 0.857898 0.097121 -0.055864
153300 -3111.28206426 383.15564823 0.327483 5.9504 0.857898 0.097121 -0.047417
153400 -3118.19292965 373.49873931 0.319230 5.9504 0.857898 0.097121 -0.060661
153500 -3145.32276509 378.15649478 0.323211 5.9521 0.875938 0.092686 -0.170155
153600 -3119.25191965 362.02284698 0.309421 5.9521 0.875938 0.092686 -0.039846
153700 -3127.28738800 363.34214515 0.310549 5.9521 0.875938 0.092686 -0.025096
153800 -3130.41248113 384.15083532 0.328334 5.9521 0.875938 0.092686 -0.008868
153900 -3121.17320708 388.30984578 0.331889 5.9521 0.875938 0.092686 0.070792
154000 -3115.73708065 395.99863063 0.338460 5.9419 0.873346 0.094335 0.116475
154100 -3113.92461485 389.50675268 0.332912 5.9419 0.873346 0.094335 0.100145
154200 -3132.93785389 412.36523662 0.352449 5.9419 0.873346 0.094335 -0.050828
154300 -3118.80578834 403.94901448 0.345256 5.9419 0.873346 0.094335 0.001353
154400 -3097.36721308 381.48466144 0.326055 5.9419 0.873346 0.094335 0.090175
154500 -3116.90171857 385.76382993 0.329713 5.9521 0.864098 0.096301 -0.057603
154600 -3109.98835073 397.15516596 0.339449 5.9521 0.864098 0.096301 0.025863
154700 -3113.93610314 403.65619477 0.345005 5.9521 0.864098 0.096301 0.023100
154800 -3129.65844458 398.12809965 0.340280 5.9521 0.864098 0.096301 -0.060411
154900 -3123.99914281 394.18266873 0.336908 5.9521 0.864098 0.096301 -0.014099
155000 -3135.64243189 388.30661413 0.331886 5.9419 0.872350 0.092164 -0.056130
155100 -3128.27275268 379.74633226 0.324570 5.9419 0.872350 0.092164 -0.020224
155200 -3114.73461186 386.16067942 0.330052 5.9419 0.872350 0.092164 0.085304
155300 -3113.54549383 402.21525308 0.343774 5.9419 0.872350 0.092164 0.064479
155400 -3104.93887548 408.59800657 0.349229 5.9419 0.872350 0.092164 0.085622
155500 -3094.93139573 399.32937464 0.341307 5.9504 0.866573 0.096618 0.094953
155600 -3097.83853956 405.16398006 0.346294 5.9504 0.866573 0.096618 0.027068
155700 -3118.25328827 412.50121012 0.352565 5.9504 0.866573 0.096618 -0.089329
155800 -3120.44871139 387.60263245 0.331284 5.9504 0.866573 0.096618 -0.128003
155900 -3105.33438897 395.14580226 0.337731 5.9504 0.866573 0.096618 -0.001944
156000 -3120.75834328 410.37650691 0.350749 5.9453 0.870568 0.094130 -0.065314
156100 -3127.83392260 403.93203354 0.345241 5.9453 0.870568 0.094130 -0.095479
156200 -3129.34196042 392.73721240 0.335673 5.9453 0.870568 0.094130 -0.131336
156300 -3128.39510176 427.91628928 0.365740 5.9453 0.870568 0.094130 -0.104814
156400 -3106.30863366 398.68752534 0.340759 5.9453 0.870568 0.094130 0.024492
156500 -3107.41389723 392.88282961 0.335797 5.9573 0.862614 0.097329 -0.008740
156600 -3115.87825541 396.09376409 0.338542 5.9573 0.862614 0.097329 -0.051843
156700 -3119.00383593 409.66226369 0.350139 5.9573 0.862614 0.097329 -0.038734
156800 -3129.72902869 411.86729045 0.352023 5.9573 0.862614 0.097329 -0.088567
156900 -3106.83968267 399.54005962 0.341487 5.9573 0.862614 0.097329 0.030567
157000 -3106.59858391 389.73994034 0.333111 5.9504 0.864769 0.094847 0.070055
157100 -3113.61907588 416.27260471 0.355789 5.9504 0.864769 0.094847 -0.003255
157200 -3081.98337017 394.46107660 0.337146 5.9504 0.864769 0.094847 0.165518
157300 -3099.41554954 415.35039878 0.355000 5.9504 0.864769 0.094847 0.049555
157400 -3100.52646803 415.83552316 0.355415 5.9504 0.864769 0.094847 -0.002794
157500 -3101.77659491 399.13764895 0.341143 5.9231 0.861923 0.103603 -0.025701
157600 -3102.53852108 380.51505324 0.325227 5.9231 0.861923 0.103603 -0.041849
157700 -3092.81789843 405.96185044 0.346976 5.9231 0.861923 0.103603 0.061648
157800 -3089.02152841 402.59759908 0.344101 5.9231 0.861923 0.103603 0.049860
157900 -3094.35775462 403.57933448 0.344940 5.9231 0.861923 0.103603 0.030839
158000 -3104.53776668 398.22672458 0.340365 5.9556 0.867413 0.095846 -0.040589
158100 -3112.82483410 401.55389946 0.343208 5.9556 0.867413 0.095846 -0.081426
158200 -3100.33968789 396.21559702 0.338646 5.9556 0.867413 0.095846 -0.020985
158300 -3106.51606932 412.88103528 0.352890 5.9556 0.867413 0.095846 0.025722
158400 -3111.20219590 407.88932217 0.348623 5.9556 0.867413 0.095846 -0.038245
158500 -3099.26835757 390.96578131 0.334159 5.9607 0.858626 0.097059 0.011071
158600 -3111.38380320 398.70826985 0.340776 5.9607 0.858626 0.097059 -0.067987
158700 -3114.09479838 394.78709858 0.337425 5.9607 0.858626 0.097059 -0.047164
158800 -3126.62906312 394.95455355 0.337568 5.9607 0.858626 0.097059 -0.100266
158900 -3125.87995416 394.88865484 0.337512 5.9607 0.858626 0.097059 -0.077692
159000 -3113.87342861 380.99255024 0.325635 5.9573 0.871880 0.090216 0.026835
159100 -3122.67472072 397.97879636 0.340153 5.9573 0.871880 0.090216 -0.004442
159200 -3106.24649261 395.66512077 0.338175 5.9573 0.871880 0.090216 0.103684
159300 -3108.07831301 410.85227267 0.351156 5.9573 0.871880 0.090216 0.084359
159400 -3112.22168206 416.75828942 0.356204 5.9573 0.871880 0.090216 0.029608
159500 -3112.43034558 395.58569063 0.338107 5.9419 0.861766 0.097360 -0.017398
159600 -3127.53576278 395.40228812 0.337951 5.9419 0.861766 0.097360 -0.115001
159700 -3122.87611308 389.26414396 0.332704 5.9419 0.861766 0.097360 -0.067066
159800 -3122.46803922 387.12846263 0.330879 5.9419 0.861766 0.097360 -0.019758
159900 -3110.44435882 379.27325251 0.324165 5.9419 0.861766 0.097360 0.036876
160000 -3131.27672359 396.93634992 0.339262 5.9538 0.869409 0.092679 -0.063858
160100 -3121.71752565 423.24937006 0.361752 5.9538 0.869409 0.092679 -0.015822
160200 -3126.82290835 385.73829121 0.329691 5.9538 0.869409 0.092679 -0.058073
160300 -3124.45040446 392.36927827 0.335358 5.9538 0.869409 0.092679 -0.022354
160400 -3125.62585774 384.45811462 0.328597 5.9538 0.869409 0.092679 -0.063895
160500 -3125.11224222 383.66485126 0.327919 5.9641 0.873768 0.090997 -0.026891
160600 -3129.62021053 373.62833398 0.319340 5.9641 0.873768 0.090997 -0.028309
160700 -3127.17315640 388.06254436 0.331677 5.9641 0.873768 0.090997 -0.013106
160800 -3136.43784464 398.43014773 0.340539 5.9641 0.873768 0.090997 -0.060753
160900 -3124.02411202 396.15752418 0.338596 5.9641 0.873768 0.090997 -0.008124
161000 -3123.65190376 387.81742278 0.331468 5.9538 0.868541 0.094542 0.020047
161100 -3122.87768679 393.30801872 0.336161 5.9538 0.868541 0.094542 -0.001383
161200 -3136.97664660 395.14117366 0.337727 5.9538 0.868541 0.094542 -0.117990
161300 -3123.46777907 395.10655741 0.337698 5.9538 0.868541 0.094542 0.035745
161400 -3105.76626208 386.59661729 0.330424 5.9538 0.868541 0.094542 0.106284
161500 -3128.97183550 392.93566541 0.335842 5.9692 0.866279 0.091815 -0.070183
161600 -3112.69893165 387.08477429 0.330842 5.9692 0.866279 0.091815 0.072234
161700 -3122.17920444 391.83314415 0.334900 5.9692 0.866279 0.091815 -0.000126
161800 -3136.19468405 395.75088852 0.338249 5.9692 0.866279 0.091815 -0.085815
161900 -3138.56811302 401.68809481 0.343323 5.9692 0.866279 0.091815 -0.102576
162000 -3119.93747817 382.28079167 0.326736 5.9624 0.869761 0.094181 0.075975
162100 -3153.19880003 404.18897217 0.345461 5.9624 0.869761 0.094181 -0.128151
162200 -3124.37195888 389.91366693 0.333260 5.9624 0.869761 0.094181 0.097644
162300 -3111.00066566 403.79968601 0.345128 5.9624 0.869761 0.094181 0.111237
162400 -3131.33410881 400.49055036 0.342300 5.9624 0.869761 0.094181 -0.001198
162500 -3122.73830841 388.58108978 0.332121 5.9573 0.869113 0.092443 0.023965
162600 -3119.19144660 395.53176653 0.338061 5.9573 0.869113 0.092443 0.029843
162700 -3136.48925261 384.93832810 0.329007 5.9573 0.869113 0.092443 -0.054588
162800 -3149.01775302 392.03447511 0.335072 5.9573 0.869113 0.092443 -0.111577
162900 -3120.80995486 375.82039908 0.321214 5.9573 0.869113 0.092443 0.072933
163000 -3150.36281120 371.79113528 0.317770 5.9744 0.870654 0.090046 -0.125259
163100 -3141.98365855 376.70830244 0.321973 5.9744 0.870654 0.090046 -0.028077
163200 -3122.73424326 386.07527713 0.329979 5.9744 0.870654 0.090046 0.125707
163300 -3126.32305578 385.89612431 0.329826 5.9744 0.870654 0.090046 0.082002
163400 -3132.20851662 403.04639215 0.344484 5.9744 0.870654 0.090046 0.012447
163500 -3107.97744160 407.88338479 0.348618 5.9556 0.862288 0.095746 0.157838
163600 -3114.67334416 409.26218764 0.349797 5.9556 0.862288 0.095746 0.059929
163700 -3111.55087092 393.59092240 0.336402 5.9556 0.862288 0.095746 0.062737
163800 -3139.75455552 402.22800717 0.343785 5.9556 0.862288 0.095746 -0.116851
163900 -3127.45289072 390.53245959 0.333788 5.9556 0.862288 0.095746 -0.039493
164000 -3120.12040652 388.25769285 0.331844 5.9538 0.861526 0.095269 0.038273
164100 -3143.52580711 382.71889494 0.327110 5.9538 0.861526 0.095269 -0.145345
164200 -3146.53303272 400.97532662 0.342714 5.9538 0.861526 0.095269 -0.134566
164300 -3117.30688041 399.27233916 0.341258 5.9538 0.861526 0.095269 0.074344
164400 -3110.18532835 386.85765764 0.330648 5.9538 0.861526 0.095269 0.106830
164500 -3142.94265642 393.35698593 0.336203 5.9556 0.871562 0.091931 -0.088821
164600 -3153.15289860 381.81823419 0.326340 5.9556 0.871562 0.091931 -0.146006
164700 -3131.34774646 381.00981072 0.325649 5.9556 0.871562 0.091931 -0.017489
164800 -3124.40192617 396.32506786 0.338739 5.9556 0.871562 0.091931 0.025911
164900 -3112.71696119 397.42739180 0.339682 5.9556 0.871562 0.091931 0.101991
165000 -3088.14905549 397.69904184 0.339914 5.9538 0.858887 0.096472 0.222142
165100 -3113.44686817 415.66844466 0.355272 5.9538 0.858887 0.096472 0.025362
165200 -3107.11820165 398.92559317 0.340962 5.9538 0.858887 0.096472 0.010171
165300 -3120.33116270 400.18855634 0.342042 5.9538 0.858887 0.096472 -0.040276
165400 -3104.04510181 398.74025681 0.340804 5.9538 0.858887 0.096472 0.018968
165500 -3093.84367093 399.77912643 0.341692 5.9487 0.846566 0.102191 0.088748
165600 -3112.34366653 418.54243810 0.357729 5.9487 0.846566 0.102191 -0.048735
165700 -3112.35747658 387.46489110 0.331167 5.9487 0.846566 0.102191 -0.074856
165800 -3112.08349321 387.10309317 0.330857 5.9487 0.846566 0.102191 -0.007866
165900 -3109.95846879 396.86110367 0.339198 5.9487 0.846566 0.102191 0.011912
166000 -3102.08815192 415.21678021 0.354886 5.9573 0.863704 0.100173 0.044181
166100 -3101.96733264 386.10283667 0.330002 5.9573 0.863704 0.100173 0.017527
166200 -3123.01660589 407.08733997 0.347938 5.9573 0.863704 0.100173 -0.075319
166300 -3123.72513866 379.27766636 0.324169 5.9573 0.863704 0.100173 -0.077439
166400 -3131.01375009 386.41334432 0.330268 5.9573 0.863704 0.100173 -0.098123
166500 -3132.76192562 391.61958540 0.334718 5.9607 0.869332 0.092260 -0.073133
166600 -3140.06434305 384.91703128 0.328989 5.9607 0.869332 0.092260 -0.095558
166700 -3121.66246987 388.99222793 0.332472 5.9607 0.869332 0.092260 0.039079
166800 -3128.21747331 409.21325010 0.349755 5.9607 0.869332 0.092260 -0.048153
166900 -3097.55526024 391.75443938 0.334833 5.9607 0.869332 0.092260 0.116137
167000 -3112.24366174 420.49418764 0.359397 5.9590 0.854888 0.095626 0.021031
167100 -3109.41380572 391.46703821 0.334587 5.9590 0.854888 0.095626 0.022278
167200 -3103.92420002 392.88938418 0.335803 5.9590 0.854888 0.095626 0.064004
167300 -3112.21177588 402.09795097 0.343673 5.9590 0.854888 0.095626 0.011751
167400 -3117.17073839 398.36881863 0.340486 5.9590 0.854888 0.095626 0.003760
167500 -3127.58364499 401.71447837 0.343346 5.9641 0.867268 0.093282 -0.113728
167600 -3107.73762344 392.97318011 0.335875 5.9641 0.867268 0.093282 0.037042
167700 -3111.73395600 395.65464056 0.338166 5.9641 0.867268 0.093282 0.034962
167800 -3125.87373618 381.64211590 0.326190 5.9641 0.867268 0.093282 -0.089587
167900 -3123.96760803 385.82913895 0.329768 5.9641 0.867268 0.093282 -0.066094
168000 -3124.55813979 377.29106507 0.322471 5.9487 0.867123 0.095224 -0.035821
168100 -3114.58175389 378.31893872 0.323350 5.9487 0.867123 0.095224 0.005578
168200 -3118.28036854 385.97618629 0.329894 5.9487 0.867123 0.095224 -0.019123
168300 -3114.79034657 399.11186216 0.341121 5.9487 0.867123 0.095224 0.000715
168400 -3122.63571295 392.92873750 0.335837 5.9487 0.867123 0.095224 -0.050019
168500 -3113.82828436 392.82265519 0.335746 5.9624 0.861657 0.096921 0.018891
168600 -3130.27172969 401.61905139 0.343264 5.9624 0.861657 0.096921 -0.041185
168700 -3129.13418120 403.41107576 0.344796 5.9624 0.861657 0.096921 -0.056021
168800 -3119.75194411 373.25762580 0.319024 5.9624 0.861657 0.096921 0.006638
168900 -3115.57515516 395.75672868 0.338254 5.9624 0.861657 0.096921 0.035848
169000 -3127.50897813 398.16678478 0.340313 5.9726 0.864367 0.094041 -0.042310
169100 -3136.65020211 398.50890488 0.340606 5.9726 0.864367 0.094041 -0.093134
169200 -3130.83000220 402.79130566 0.344266 5.9726 0.864367 0.094041 -0.042317
169300 -3127.41249247 409.73279025 0.350199 5.9726 0.864367 0.094041 -0.019582
169400 -3128.24294218 387.86039849 0.331505 5.9726 0.864367 0.094041 -0.030752
169500 -3117.49884967 409.29613278 0.349826 5.9590 0.865013 0.095875 0.070472
169600 -3123.35791853 396.88723912 0.339220 5.9590 0.865013 0.095875 -0.004201
169700 -3136.81314236 390.35271192 0.333635 5.9590 0.865013 0.095875 -0.111635
169800 -3125.83973036 379.49871286 0.324358 5.9590 0.865013 0.095875 0.020724
169900 -3133.65178681 386.42331768 0.330276 5.9590 0.865013 0.095875 -0.044804
170000 -3129.60897981 383.79099200 0.328026 5.9573 0.875311 0.094467 -0.001796
170100 -3110.88672781 394.18896274 0.336914 5.9573 0.875311 0.094467 0.099532
170200 -3123.81620997 398.93116993 0.340967 5.9573 0.875311 0.094467 0.006537
170300 -3129.64777296 404.19437725 0.345465 5.9573 0.875311 0.094467 -0.036046
170400 -3132.20445010 388.45772120 0.332015 5.9573 0.875311 0.094467 -0.048746
170500 -3126.95245378 382.68885945 0.327084 5.9573 0.859316 0.096276 -0.005743
170600 -3143.45595815 391.37833657 0.334511 5.9573 0.859316 0.096276 -0.096174
170700 -3125.07172521 389.57906797 0.332974 5.9573 0.859316 0.096276 0.044984
170800 -3112.91290799 400.90490185 0.342654 5.9573 0.859316 0.096276 0.095732
170900 -3121.56646799 402.04436982 0.343628 5.9573 0.859316 0.096276 -0.021762
171000 -3121.55798724 404.65820807 0.345862 5.9573 0.866755 0.096592 -0.002275
171100 -3103.40062527 420.38027437 0.359299 5.9573 0.866755 0.096592 0.108544
171200 -3105.04011732 412.85278839 0.352866 5.9573 0.866755 0.096592 0.050596
171300 -3102.73888508 408.41136265 0.349070 5.9573 0.866755 0.096592 0.035859
171400 -3101.11966322 410.96424022 0.351251 5.9573 0.866755 0.096592 0.069486
171500 -3096.34743186 397.58888736 0.339820 5.9692 0.858176 0.095917 0.048520
171600 -3090.00172737 386.71832350 0.330528 5.9692 0.858176 0.095917 0.074862
171700 -3114.57790326 385.14401372 0.329183 5.9692 0.858176 0.095917 -0.064304
171800 -3123.18840642 390.94963940 0.334145 5.9692 0.858176 0.095917 -0.089912
171900 -3094.53244608 385.85364599 0.329789 5.9692 0.858176 0.095917 0.080541
172000 -3118.95718164 395.47541159 0.338013 5.9556 0.869903 0.094874 -0.066836
172100 -3127.63987994 402.00367036 0.343593 5.9556 0.869903 0.094874 -0.096967
172200 -3114.44507562 385.10965104 0.329154 5.9556 0.869903 0.094874 -0.000003
172300 -3131.56983300 393.65839654 0.336460 5.9556 0.869903 0.094874 -0.079376
172400 -3115.73331270 394.29187200 0.337002 5.9556 0.869903 0.094874 0.042076
172500 -3116.53213584 396.56839361 0.338947 5.9624 0.863894 0.093390 0.034601
172600 -3109.60901887 398.11594827 0.340270 5.9624 0.863894 0.093390 0.070128
172700 -3111.92577353 407.45921573 0.348256 5.9624 0.863894 0.093390 0.038873
172800 -3109.05998172 416.31226723 0.355822 5.9624 0.863894 0.093390 0.051039
172900 -3131.11882126 396.48012140 0.338872 5.9624 0.863894 0.093390 -0.127679
173000 -3111.43037680 388.14328844 0.331746 5.9607 0.868878 0.094305 0.036722
173100 -3116.81045294 396.76143775 0.339112 5.9607 0.868878 0.094305 -0.005274
173200 -3122.90227825 373.23929568 0.319008 5.9607 0.868878 0.094305 -0.045723
173300 -3128.97975006 386.78605690 0.330586 5.9607 0.868878 0.094305 -0.015425
173400 -3124.97221704 378.03877888 0.323110 5.9607 0.868878 0.094305 0.014882
173500 -3129.52957913 395.90559560 0.338381 5.9641 0.868822 0.092262 0.001638
173600 -3123.24652408 384.09572579 0.328287 5.9641 0.868822 0.092262 0.040276
173700 -3128.66591203 381.85395418 0.326371 5.9641 0.868822 0.092262 0.013330
173800 -3132.59141367 391.19116425 0.334351 5.9641 0.868822 0.092262 -0.005048
173900 -3143.53016096 387.99371620 0.331619 5.9641 0.868822 0.092262 -0.054215
174000 -3129.46157387 388.35924090 0.331931 5.9641 0.875717 0.094576 0.043863
174100 -3128.77239676 397.51635037 0.339758 5.9641 0.875717 0.094576 0.025557
174200 -3112.18598412 386.75525565 0.330560 5.9641 0.875717 0.094576 0.103964
174300 -3127.05153220 393.58369281 0.336396 5.9641 0.875717 0.094576 0.007056
174400 -3123.25761925 393.05267601 0.335942 5.9641 0.875717 0.094576 0.004923
174500 -3129.26326879 396.67292538 0.339037 5.9504 0.871993 0.094028 -0.032279
174600 -3110.08371101 402.46244337 0.343985 5.9504 0.871993 0.094028 0.104559
174700 -3116.21558083 411.96675454 0.352108 5.9504 0.871993 0.094028 0.030379
174800 -3101.40587384 387.22480354 0.330961 5.9504 0.871993 0.094028 0.087020
174900 -3116.73491749 397.78738653 0.339989 5.9504 0.871993 0.094028 -0.014212
175000 -3132.96874095 389.35996163 0.332786 5.9641 0.865076 0.092849 -0.150404
175100 -3126.88288767 395.04818497 0.337648 5.9641 0.865076 0.092849 -0.027509
175200 -3112.44018374 415.65395048 0.355260 5.9641 0.865076 0.092849 0.083545
175300 -3116.75611527 412.74426095 0.352773 5.9641 0.865076 0.092849 -0.012415
175400 -3106.65078503 393.05056986 0.335941 5.9641 0.865076 0.092849 0.001437
175500 -3115.44145901 382.37989542 0.326820 5.9607 0.863841 0.095831 -0.043720
175600 -3102.43828905 378.88991479 0.323838 5.9607 0.863841 0.095831 0.087346
175700 -3122.08421549 387.52973587 0.331222 5.9607 0.863841 0.095831 0.006559
175800 -3115.53221583 401.18510320 0.342893 5.9607 0.863841 0.095831 0.028112
175900 -3114.55975101 407.45731592 0.348254 5.9607 0.863841 0.095831 -0.009934
176000 -3104.11945887 404.11441686 0.345397 5.9658 0.863346 0.096126 0.066173
176100 -3095.42451731 383.31634015 0.327621 5.9658 0.863346 0.096126 0.129264
176200 -3098.33509809 399.17773330 0.341178 5.9658 0.863346 0.096126 0.077478
176300 -3109.14570873 398.76676696 0.340826 5.9658 0.863346 0.096126 0.011775
176400 -3113.61239463 404.82016813 0.346000 5.9658 0.863346 0.096126 -0.020720
176500 -3115.32362554 400.92141589 0.342668 5.9538 0.860701 0.097417 -0.020266
176600 -3132.49048907 385.72538060 0.329680 5.9538 0.860701 0.097417 -0.095358
176700 -3131.55493585 391.91984221 0.334974 5.9538 0.860701 0.097417 -0.072218
176800 -3129.39610897 389.13651441 0.332595 5.9538 0.860701 0.097417 -0.072943
176900 -3108.25769289 387.65967757 0.331333 5.9538 0.860701 0.097417 0.062113
177000 -3106.30891274 392.49116011 0.335463 5.9692 0.856561 0.095462 0.071528
177100 -3110.35235449 418.57030688 0.357752 5.9692 0.856561 0.095462 0.062358
177200 -3096.63751305 416.83498808 0.356269 5.9692 0.856561 0.095462 0.110245
177300 -3101.16566787 398.60493630 0.340688 5.9692 0.856561 0.095462 0.024068
177400 -3118.37712296 396.36061766 0.338770 5.9692 0.856561 0.095462 -0.034500
177500 -3116.58197322 400.44991741 0.342265 5.9487 0.865579 0.096400 -0.050378
177600 -3110.15618618 398.26059402 0.340394 5.9487 0.865579 0.096400 -0.034194
177700 -3093.37701147 397.62787924 0.339853 5.9487 0.865579 0.096400 0.134160
177800 -3117.40816716 404.16449475 0.345440 5.9487 0.865579 0.096400 -0.018783
177900 -3111.56493384 405.87990155 0.346906 5.9487 0.865579 0.096400 -0.006150
178000 -3096.09104984 399.50510985 0.341457 5.9504 0.861848 0.099931 0.063414
178100 -3094.45442516 395.43811658 0.337981 5.9504 0.861848 0.099931 0.082513
178200 -3091.09062582 405.56377404 0.346636 5.9504 0.861848 0.099931 0.111481
178300 -3096.43633451 384.56003565 0.328684 5.9504 0.861848 0.099931 0.022954
178400 -3117.76013711 395.76173269 0.338258 5.9504 0.861848 0.099931 -0.088172
178500 -3118.09999574 406.58723438 0.347510 5.9436 0.864824 0.095944 -0.086515
178600 -3111.00350424 386.32561433 0.330193 5.9436 0.864824 0.095944 -0.038622
178700 -3135.63663912 392.53155452 0.335497 5.9436 0.864824 0.095944 -0.137417
178800 -3118.57898809 401.15709090 0.342869 5.9436 0.864824 0.095944 0.003150
178900 -3095.51272276 387.96275013 0.331592 5.9436 0.864824 0.095944 0.129801
179000 -3121.80505757 409.45082689 0.349958 5.9504 0.863066 0.094122 -0.050534
179100 -3108.85791102 395.01626916 0.337621 5.9504 0.863066 0.094122 -0.019627
179200 -3123.28957318 392.56950739 0.335529 5.9504 0.863066 0.094122 -0.103711
179300 -3103.91436395 372.70457908 0.318551 5.9504 0.863066 0.094122 0.047646
179400 -3128.51352961 404.06581520 0.345355 5.9504 0.863066 0.094122 -0.095604
179500 -3121.13094327 388.35306781 0.331926 5.9641 0.862374 0.095140 -0.048810
179600 -3122.77647824 387.16461490 0.330910 5.9641 0.862374 0.095140 -0.035645
179700 -3140.54880467 378.90722024 0.323852 5.9641 0.862374 0.095140 -0.118177
179800 -3122.65267677 377.42315645 0.322584 5.9641 0.862374 0.095140 0.015827
179900 -3128.88778098 386.63968910 0.330461 5.9641 0.862374 0.095140 -0.024236
180000 -3126.31828640 395.98981910 0.338453 5.9453 0.867931 0.094858 0.004943
180100 -3124.67659111 397.21804287 0.339503 5.9453 0.867931 0.094858 0.007643
180200 -3113.17120239 387.92688548 0.331561 5.9453 0.867931 0.094858 0.049090
180300 -3110.99784493 399.15247690 0.341156 5.9453 0.867931 0.094858 0.044983
180400 -3114.74071179 401.94341374 0.343541 5.9453 0.867931 0.094858 0.003840
180500 -3126.66664058 394.71274283 0.337361 5.9504 0.873862 0.091408 -0.071116
180600 -3108.70803307 379.52666368 0.324382 5.9504 0.873862 0.091408 0.037798
180700 -3125.35158342 399.09820671 0.341110 5.9504 0.873862 0.091408 -0.031129
180800 -3102.64438535 402.58675388 0.344091 5.9504 0.873862 0.091408 0.113603
180900 -3102.62004150 399.29365288 0.341277 5.9504 0.873862 0.091408 0.078862
181000 -3115.78459407 395.71013091 0.338214 5.9573 0.860849 0.098686 0.004513
181100 -3124.96279879 394.93661137 0.337553 5.9573 0.860849 0.098686 -0.067790
181200 -3111.80391712 395.99115540 0.338454 5.9573 0.860849 0.098686 0.027104
181300 -3110.43929489 385.42967300 0.329427 5.9573 0.860849 0.098686 0.006863
181400 -3108.04705352 378.50287506 0.323507 5.9573 0.860849 0.098686 0.043321
181500 -3111.95703162 412.64278184 0.352686 5.9487 0.860626 0.096211 0.050279
181600 -3108.65417495 408.43014608 0.349086 5.9487 0.860626 0.096211 0.023729
181700 -3092.45332242 385.66246944 0.329626 5.9487 0.860626 0.096211 0.126141
181800 -3102.18885221 387.52178358 0.331215 5.9487 0.860626 0.096211 0.035793
181900 -3090.98401167 394.39891206 0.337093 5.9487 0.860626 0.096211 0.123190
182000 -3111.58433298 411.24111615 0.351488 5.9521 0.858624 0.095533 -0.035808
182100 -3100.05400825 394.29572916 0.337005 5.9521 0.858624 0.095533 0.030622
182200 -3106.68116765 391.48650222 0.334604 5.9521 0.858624 0.095533 -0.003974
182300 -3112.25117953 416.73588388 0.356185 5.9521 0.858624 0.095533 -0.017360
182400 -3116.77654387 407.07011002 0.347923 5.9521 0.858624 0.095533 -0.001129
182500 -3112.61067037 406.66171019 0.347574 5.9556 0.871921 0.092337 -0.033053
182600 -3121.71479047 385.66005381 0.329624 5.9556 0.871921 0.092337 -0.078855
182700 -3134.98951403 393.62113525 0.336428 5.9556 0.871921 0.092337 -0.092755
182800 -3115.15774596 375.37482428 0.320833 5.9556 0.871921 0.092337 0.020176
182900 -3128.37962483 383.67018191 0.327923 5.9556 0.871921 0.092337 -0.041150
183000 -3141.09533786 395.92281949 0.338396 5.9368 0.862518 0.095432 -0.085912
183100 -3121.91976379 377.28377844 0.322465 5.9368 0.862518 0.095432 0.054599
183200 -3131.03399334 399.90488336 0.341799 5.9368 0.862518 0.095432 -0.045210
183300 -3117.49057358 396.93502559 0.339261 5.9368 0.862518 0.095432 0.042946
183400 -3123.82945032 384.77294129 0.328866 5.9368 0.862518 0.095432 -0.010906
183500 -3127.91839945 383.57676588 0.327843 5.9658 0.871565 0.092428 -0.045006
183600 -3120.82863570 377.87005055 0.322966 5.9658 0.871565 0.092428 0.051086
183700 -3124.82166983 382.23317066 0.326695 5.9658 0.871565 0.092428 0.015980
183800 -3111.45378661 404.64320612 0.345849 5.9658 0.871565 0.092428 0.103268
183900 -3148.00700270 413.08230952 0.353062 5.9658 0.871565 0.092428 -0.148363
184000 -3114.23913675 388.54545843 0.332090 5.9607 0.862476 0.093147 0.053599
184100 -3116.33007843 397.90953678 0.340094 5.9607 0.862476 0.093147 0.067301
184200 -3106.21969866 404.50121958 0.345728 5.9607 0.862476 0.093147 0.097859
184300 -3114.90759420 407.68142473 0.348446 5.9607 0.862476 0.093147 0.021185
184400 -3106.94861331 406.61585624 0.347535 5.9607 0.862476 0.093147 0.009894
184500 -3099.83105809 398.45575539 0.340560 5.9675 0.851436 0.096436 0.069032
184600 -3109.47628802 387.36023638 0.331077 5.9675 0.851436 0.096436 0.010386
184700 -3124.71562785 387.85185466 0.331497 5.9675 0.851436 0.096436 -0.081005
184800 -3115.45789652 407.52776189 0.348314 5.9675 0.851436 0.096436 -0.019607
184900 -3110.02098847 401.51798944 0.343178 5.9675 0.851436 0.096436 0.074707
185000 -3096.75364331 373.05839400 0.318853 5.9436 0.863504 0.098165 0.123762
185100 -3091.89013153 388.37825831 0.331947 5.9436 0.863504 0.098165 0.132128
185200 -3120.46563873 412.60121324 0.352651 5.9436 0.863504 0.098165 -0.016480
185300 -3105.03699537 402.52869318 0.344042 5.9436 0.863504 0.098165 0.025914
185400 -3102.02270821 412.23131363 0.352334 5.9436 0.863504 0.098165 0.023952
185500 -3112.52376192 393.55708012 0.336374 5.9556 0.864640 0.095406 -0.052922
185600 -3105.07637070 393.31399159 0.336166 5.9556 0.864640 0.095406 0.040817
185700 -3126.18896556 403.64903765 0.344999 5.9556 0.864640 0.095406 -0.095152
185800 -3123.21479933 376.52025015 0.321812 5.9556 0.864640 0.095406 -0.081705
185900 -3123.70792432 388.09040634 0.331701 5.9556 0.864640 0.095406 0.010981
186000 -3114.46332137 416.11580776 0.355655 5.9504 0.861856 0.094633 0.018386
186100 -3107.96928264 384.79967382 0.328889 5.9504 0.861856 0.094633 -0.009027
186200 -3109.38441098 392.93641887 0.335843 5.9504 0.861856 0.094633 0.011529
186300 -3097.50708893 393.62164760 0.336429 5.9504 0.861856 0.094633 0.098657
186400 -3117.62282429 391.94402279 0.334995 5.9504 0.861856 0.094633 -0.017446
186500 -3105.24379712 380.50324647 0.325216 5.9573 0.868871 0.094944 0.064403
186600 -3124.80134429 409.76258131 0.350224 5.9573 0.868871 0.094944 -0.066609
186700 -3129.85916292 405.96293952 0.346977 5.9573 0.868871 0.094944 -0.045414
186800 -3113.79417077 394.00710903 0.336758 5.9573 0.868871 0.094944 0.030270
186900 -3101.04526303 407.38458583 0.348192 5.9573 0.868871 0.094944 0.052744
187000 -3116.80986031 391.79604306 0.334868 5.9538 0.866031 0.094371 -0.051829
187100 -3114.25348023 392.11972191 0.335145 5.9538 0.866031 0.094371 0.024263
187200 -3101.44060702 382.66072940 0.327060 5.9538 0.866031 0.094371 0.112205
187300 -3109.69801945 398.98320869 0.341011 5.9538 0.866031 0.094371 0.058210
187400 -3112.24200527 408.85015698 0.349445 5.9538 0.866031 0.094371 0.038489
187500 -3115.73658431 404.42901413 0.345666 5.9436 0.873975 0.091361 -0.018896
187600 -3104.13937365 407.69774349 0.348460 5.9436 0.873975 0.091361 0.081675
187700 -3091.57048362 392.37113105 0.335360 5.9436 0.873975 0.091361 0.098583
187800 -3088.73234706 400.27452276 0.342115 5.9436 0.873975 0.091361 0.101293
187900 -3091.56199851 392.01285046 0.335054 5.9436 0.873975 0.091361 0.069835
188000 -3097.91495550 409.43196680 0.349942 5.9385 0.859835 0.101027 0.026369
188100 -3094.59123852 407.20778235 0.348041 5.9385 0.859835 0.101027 0.021559
188200 -3105.19978730 427.73282395 0.365584 5.9385 0.859835 0.101027 -0.047979
188300 -3092.64411878 401.01353936 0.342747 5.9385 0.859835 0.101027 0.017409
188400 -3093.06296597 397.17181603 0.339463 5.9385 0.859835 0.101027 -0.041604
188500 -3097.86088998 388.94654502 0.332433 5.9436 0.858568 0.095398 -0.035297
188600 -3114.05128854 397.30691390 0.339579 5.9436 0.858568 0.095398 -0.045190
188700 -3094.75971637 418.66317984 0.357832 5.9436 0.858568 0.095398 0.041246
188800 -3092.57099413 399.77946870 0.341692 5.9436 0.858568 0.095398 -0.013751
188900 -3091.01557185 398.06762719 0.340229 5.9436 0.858568 0.095398 0.012506
189000 -3095.92221609 403.87610043 0.345193 5.9538 0.853055 0.096753 -0.022064
189100 -3097.71995948 412.05772544 0.352186 5.9538 0.853055 0.096753 -0.027792
189200 -3094.77492558 400.72471383 0.342500 5.9538 0.853055 0.096753 0.026915
189300 -3101.96482392 397.95275736 0.340131 5.9538 0.853055 0.096753 0.002856
189400 -3106.56438934 396.75664969 0.339108 5.9538 0.853055 0.096753 -0.067514
189500 -3102.20571828 402.10341111 0.343678 5.9470 0.866776 0.096711 -0.017008
189600 -3099.06169922 416.01071455 0.355565 5.9470 0.866776 0.096711 0.007306
189700 -3098.92972383 401.66306656 0.343302 5.9470 0.866776 0.096711 -0.029352
189800 -3082.88828728 383.60989868 0.327872 5.9470 0.866776 0.096711 0.061547
189900 -3090.96352332 401.08407996 0.342807 5.9470 0.866776 0.096711 0.038331
190000 -3109.37776550 406.52816286 0.347460 5.9607 0.866916 0.093172 -0.078595
190100 -3100.03191047 406.13082573 0.347120 5.9607 0.866916 0.093172 0.049074
190200 -3097.32370320 394.37797807 0.337075 5.9607 0.866916 0.093172 0.014320
190300 -3086.30122616 415.39428780 0.355038 5.9607 0.866916 0.093172 0.086166
190400 -3094.98951348 445.60690922 0.380861 5.9607 0.866916 0.093172 0.001900
190500 -3080.23547534 416.47604982 0.355962 5.9470 0.855637 0.098442 0.072819
190600 -3089.46058137 386.95806190 0.330733 5.9470 0.855637 0.098442 -0.026348
190700 -3090.91601680 395.57630521 0.338099 5.9470 0.855637 0.098442 -0.012715
190800 -3090.32190186 400.55955620 0.342359 5.9470 0.855637 0.098442 -0.000938
190900 -3085.11253476 380.74182052 0.325420 5.9470 0.855637 0.098442 0.017115
191000 -3099.59858312 389.49594889 0.332903 5.9573 0.867122 0.097294 -0.038232
191100 -3107.66580530 402.38178513 0.343916 5.9573 0.867122 0.097294 -0.059695
191200 -3099.99261186 402.63648076 0.344134 5.9573 0.867122 0.097294 -0.026510
191300 -3116.42436660 402.67778800 0.344169 5.9573 0.867122 0.097294 -0.111345
191400 -3118.52625058 392.28337413 0.335285 5.9573 0.867122 0.097294 -0.102061
191500 -3111.59493636 403.25352886 0.344661 5.9333 0.863501 0.099675 -0.026575
191600 -3100.48596830 397.18487265 0.339474 5.9333 0.863501 0.099675 0.011581
191700 -3111.64134357 407.13933195 0.347982 5.9333 0.863501 0.099675 -0.010178
191800 -3112.70993087 382.07305134 0.326558 5.9333 0.863501 0.099675 -0.089716
191900 -3127.60939965 406.04932214 0.347051 5.9333 0.863501 0.099675 -0.130955
192000 -3110.41098113 401.35826377 0.343041 5.9538 0.866662 0.096279 0.011357
192100 -3116.48640703 394.47529025 0.337158 5.9538 0.866662 0.096279 -0.052815
192200 -3098.87732212 407.52549242 0.348312 5.9538 0.866662 0.096279 0.063193
192300 -3108.78802866 424.68671726 0.362980 5.9538 0.866662 0.096279 0.033696
192400 -3113.21830988 406.01817121 0.347024 5.9538 0.866662 0.096279 -0.058574
192500 -3094.99180501 392.75888599 0.335691 5.9641 0.860468 0.098737 0.029370
192600 -3086.41868325 407.21057362 0.348043 5.9641 0.860468 0.098737 0.088952
192700 -3106.68728128 415.10125146 0.354787 5.9641 0.860468 0.098737 -0.030637
192800 -3108.67470531 426.71984119 0.364718 5.9641 0.860468 0.098737 -0.062608
192900 -3096.57539974 405.17021637 0.346299 5.9641 0.860468 0.098737 0.008692
193000 -3088.30565153 381.25134582 0.325856 5.9573 0.865568 0.094922 0.044928
193100 -3092.72425527 395.07644816 0.337672 5.9573 0.865568 0.094922 0.034882
193200 -3104.16718191 404.31746057 0.345570 5.9573 0.865568 0.094922 -0.058941
193300 -3110.00009026 393.30553815 0.336159 5.9573 0.865568 0.094922 -0.043571
193400 -3112.48258864 384.78603674 0.328877 5.9573 0.865568 0.094922 -0.069315
193500 -3117.37050460 391.69313002 0.334780 5.9607 0.868410 0.095692 -0.087240
193600 -3104.21120131 387.80314423 0.331456 5.9607 0.868410 0.095692 0.033200
193700 -3113.79946387 397.87599634 0.340065 5.9607 0.868410 0.095692 -0.012018
193800 -3112.39524524 392.98021661 0.335881 5.9607 0.868410 0.095692 0.009305
193900 -3122.26112451 404.26551714 0.345526 5.9607 0.868410 0.095692 -0.074486
194000 -3100.46288509 409.00363604 0.349576 5.9504 0.859092 0.098510 0.060997
194100 -3096.13662955 401.90044266 0.343505 5.9504 0.859092 0.098510 0.075088
194200 -3093.41776582 385.54612273 0.329527 5.9504 0.859092 0.098510 0.061497
194300 -3103.88955510 399.32713511 0.341305 5.9504 0.859092 0.098510 -0.003972
194400 -3104.71306189 408.30655287 0.348980 5.9504 0.859092 0.098510 0.004330
194500 -3112.03973464 414.54314520 0.354310 5.9590 0.866499 0.094990 -0.041633
194600 -3106.59906798 394.81908746 0.337452 5.9590 0.866499 0.094990 -0.032459
194700 -3110.80572882 403.74376543 0.345080 5.9590 0.866499 0.094990 -0.002390
194800 -3096.58589011 402.42804802 0.343956 5.9590 0.866499 0.094990 0.066788
194900 -3102.08866812 407.42461345 0.348226 5.9590 0.866499 0.094990 0.009135
195000 -3108.94998379 397.12586350 0.339424 5.9453 0.870532 0.096659 -0.061308
195100 -3117.28937546 398.43702384 0.340544 5.9453 0.870532 0.096659 -0.078865
195200 -3125.71325664 390.62183714 0.333865 5.9453 0.870532 0.096659 -0.141092
195300 -3111.42068849 390.74001358 0.333966 5.9453 0.870532 0.096659 -0.038688
195400 -3098.96047429 372.56444724 0.318431 5.9453 0.870532 0.096659 0.056025
195500 -3115.98758128 408.83210070 0.349429 5.9487 0.872677 0.091909 0.015472
195600 -3121.39954661 407.29196248 0.348113 5.9487 0.872677 0.091909 -0.038931
195700 -3081.66398950 385.09856656 0.329144 5.9487 0.872677 0.091909 0.204190
195800 -3096.58098927 403.73129568 0.345069 5.9487 0.872677 0.091909 0.073116
195900 -3107.53620728 405.33752411 0.346442 5.9487 0.872677 0.091909 -0.007799
196000 -3101.77381575 393.02170977 0.335916 5.9385 0.865751 0.095467 0.047704
196100 -3112.60400169 395.62800379 0.338144 5.9385 0.865751 0.095467 -0.056344
196200 -3121.76653909 388.70454856 0.332226 5.9385 0.865751 0.095467 -0.100981
196300 -3101.91378410 394.06376805 0.336807 5.9385 0.865751 0.095467 0.062579
196400 -3108.11117137 394.92871877 0.337546 5.9385 0.865751 0.095467 0.021853
196500 -3124.46980782 395.60918825 0.338128 5.9402 0.861028 0.095173 -0.054047
196600 -3110.93552505 399.42449904 0.341388 5.9402 0.861028 0.095173 0.001014
196700 -3110.40167584 396.47093028 0.338864 5.9402 0.861028 0.095173 -0.010632
196800 -3116.44078831 391.73862753 0.334819 5.9402 0.861028 0.095173 -0.008070
196900 -3114.14408346 399.98475574 0.341867 5.9402 0.861028 0.095173 -0.000666
197000 -3122.84263458 402.23557167 0.343791 5.9402 0.865091 0.098583 -0.088065
197100 -3109.65764769 394.25627491 0.336971 5.9402 0.865091 0.098583 -0.018457
197200 -3121.43501772 386.03620134 0.329945 5.9402 0.865091 0.098583 -0.070770
197300 -3136.43314098 387.33482708 0.331055 5.9402 0.865091 0.098583 -0.148399
197400 -3112.63104702 381.95256445 0.326455 5.9402 0.865091 0.098583 0.037351
197500 -3119.02115449 387.01318365 0.330780 5.9590 0.863451 0.094956 -0.010289
197600 -3126.02076510 401.13626668 0.342852 5.9590 0.863451 0.094956 -0.022032
197700 -3133.69728668 404.75273467 0.345943 5.9590 0.863451 0.094956 -0.106568
197800 -3131.78617706 381.18637939 0.325800 5.9590 0.863451 0.094956 -0.083866
197900 -3140.23182035 375.92920933 0.321307 5.9590 0.863451 0.094956 -0.082681
198000 -3140.06746264 393.57650793 0.336390 5.9504 0.877537 0.091260 -0.078632
198100 -3123.79520623 387.72619130 0.331390 5.9504 0.877537 0.091260 0.025186
198200 -3134.47281708 402.09051231 0.343667 5.9504 0.877537 0.091260 -0.027029
198300 -3123.36511513 397.27052911 0.339547 5.9504 0.877537 0.091260 0.027991
198400 -3112.58087275 399.34607451 0.341321 5.9504 0.877537 0.091260 0.058953
198500 -3113.96957598 414.64235181 0.354395 5.9453 0.860061 0.097536 0.046921
198600 -3100.75701430 417.84510275 0.357133 5.9453 0.860061 0.097536 0.102522
198700 -3095.79830835 412.71585113 0.352749 5.9453 0.860061 0.097536 0.063274
198800 -3087.96164735 417.40398629 0.356756 5.9453 0.860061 0.097536 0.106044
198900 -3102.43830540 396.64692445 0.339014 5.9453 0.860061 0.097536 0.044461
199000 -3099.83243320 388.22317263 0.331815 5.9521 0.864291 0.095398 -0.000711
199100 -3087.30307882 380.59860330 0.325298 5.9521 0.864291 0.095398 0.071734
199200 -3105.01462060 380.23997983 0.324991 5.9521 0.864291 0.095398 0.001141
199300 -3098.42579334 391.49446556 0.334611 5.9521 0.864291 0.095398 0.028308
199400 -3097.25124460 386.41505117 0.330269 5.9521 0.864291 0.095398 0.029587
199500 -3097.38394575 401.75768665 0.343383 5.9521 0.860115 0.099657 0.030476
199600 -3092.93896019 389.36714792 0.332792 5.9521 0.860115 0.099657 0.032083
199700 -3111.12255920 381.64538612 0.326193 5.9521 0.860115 0.099657 -0.034345
199800 -3114.24366764 389.41598053 0.332834 5.9521 0.860115 0.099657 -0.061879
199900 -3105.81506444 398.12026220 0.340274 5.9521 0.860115 0.099657 0.013017
200000 -3090.58325933 399.57826644 0.341520 5.9470 0.859751 0.098285 0.117933
200100 -3101.49188589 384.50158218 0.328634 5.9470 0.859751 0.098285 0.020981
200200 -3105.99638901 402.79614913 0.344270 5.9470 0.859751 0.098285 -0.005530
200300 -3102.70057651 405.93099868 0.346950 5.9470 0.859751 0.098285 0.004272
200400 -3115.04634554 395.64233331 0.338156 5.9470 0.859751 0.098285 -0.074283
200500 -3106.59009238 391.40693519 0.334536 5.9436 0.862671 0.098984 0.008918
200600 -3108.73118127 401.06070878 0.342787 5.9436 0.862671 0.098984 -0.018225
200700 -3098.10547066 399.89760288 0.341793 5.9436 0.862671 0.098984 0.026367
200800 -3091.58708355 409.05521552 0.349620 5.9436 0.862671 0.098984 0.102077
200900 -3094.28131043 414.24412503 0.354055 5.9436 0.862671 0.098984 0.021173
201000 -3076.97272408 403.04567473 0.344483 5.9573 0.849598 0.098245 0.091940
201100 -3082.86314935 396.28617272 0.338706 5.9573 0.849598 0.098245 0.043543
201200 -3095.34949777 411.02178101 0.351301 5.9573 0.849598 0.098245 0.003098
201300 -3086.64239593 395.53568113 0.338065 5.9573 0.849598 0.098245 0.037571
201400 -3107.47020242 404.41206851 0.345651 5.9573 0.849598 0.098245 -0.058430
201500 -3088.29802732 403.24362725 0.344653 5.9521 0.860400 0.099194 0.026178
201600 -3115.05303166 399.17458976 0.341175 5.9521 0.860400 0.099194 -0.160550
201700 -3105.59655517 392.93535307 0.335842 5.9521 0.860400 0.099194 -0.079104
201800 -3096.76082062 404.04090646 0.345334 5.9521 0.860400 0.099194 0.023579
201900 -3097.85539725 403.55886571 0.344922 5.9521 0.860400 0.099194 0.052410
202000 -3099.93824394 402.47818278 0.343998 5.9368 0.860037 0.099283 0.015286
202100 -3100.10996751 392.51418075 0.335482 5.9368 0.860037 0.099283 -0.007890
202200 -3099.80857894 401.40722623 0.343083 5.9368 0.860037 0.099283 -0.011955
202300 -3092.69901633 390.86687573 0.334074 5.9368 0.860037 0.099283 0.035196
202400 -3100.65684417 403.68940103 0.345034 5.9368 0.860037 0.099283 -0.005401
202500 -3090.14457161 410.84652999 0.351151 5.9402 0.857647 0.099465 0.058523
202600 -3103.82442804 403.30108142 0.344702 5.9402 0.857647 0.099465 0.009873
202700 -3090.77356500 404.90645567 0.346074 5.9402 0.857647 0.099465 0.076254
202800 -3092.82879438 406.98006285 0.347846 5.9402 0.857647 0.099465 0.030677
202900 -3092.15083239 423.12689938 0.361647 5.9402 0.857647 0.099465 0.036002
203000 -3102.18536249 401.73113185 0.343360 5.9504 0.858447 0.095720 -0.057593
203100 -3109.64119015 400.54550417 0.342347 5.9504 0.858447 0.095720 -0.112180
203200 -3090.53908260 384.58257360 0.328703 5.9504 0.858447 0.095720 0.035325
203300 -3107.48178024 409.72971942 0.350196 5.9504 0.858447 0.095720 -0.029430
203400 -3127.16773404 400.31313643 0.342148 5.9504 0.858447 0.095720 -0.139925
203500 -3098.57001152 369.59317612 0.315892 5.9487 0.855992 0.097868 0.030425
203600 -3108.22633271 407.35066346 0.348163 5.9487 0.855992 0.097868 -0.042348
203700 -3080.73388053 398.99614623 0.341022 5.9487 0.855992 0.097868 0.125188
203800 -3080.69691376 397.06226453 0.339369 5.9487 0.855992 0.097868 0.092222
203900 -3114.58977918 409.42531361 0.349936 5.9487 0.855992 0.097868 -0.136326
204000 -3113.46934676 407.68263439 0.348447 5.9573 0.867110 0.095401 -0.047081
204100 -3103.02106817 411.10475599 0.351372 5.9573 0.867110 0.095401 0.016167
204200 -3098.56761414 395.38883203 0.337939 5.9573 0.867110 0.095401 -0.036818
204300 -3104.46243901 399.21305580 0.341208 5.9573 0.867110 0.095401 -0.021637
204400 -3102.39832692 398.69257067 0.340763 5.9573 0.867110 0.095401 -0.041639
204500 -3107.68853475 405.11283771 0.346250 5.9470 0.866784 0.096526 -0.047436
204600 -3093.91124013 413.36262540 0.353301 5.9470 0.866784 0.096526 0.035966
204700 -3105.54727430 428.30531556 0.366073 5.9470 0.866784 0.096526 -0.036463
204800 -3092.85162458 403.93750494 0.345246 5.9470 0.866784 0.096526 0.004843
204900 -3105.67096670 404.45921158 0.345692 5.9470 0.866784 0.096526 -0.035079
205000 -3097.44375881 400.67305383 0.342456 5.9436 0.863947 0.097483 0.021335
205100 -3090.71060105 384.84484412 0.328927 5.9436 0.863947 0.097483 0.056919
205200 -3097.65544922 389.09391558 0.332559 5.9436 0.863947 0.097483 0.007514
205300 -3093.43164372 388.90736981 0.332399 5.9436 0.863947 0.097483 0.064741
205400 -3105.95232332 397.00438256 0.339320 5.9436 0.863947 0.097483 -0.029372
205500 -3107.72048459 395.84356095 0.338328 5.9521 0.864886 0.095441 -0.008083
205600 -3110.85324938 386.80050047 0.330599 5.9521 0.864886 0.095441 -0.034233
205700 -3097.87191945 382.86913052 0.327239 5.9521 0.864886 0.095441 0.019616
205800 -3116.76684737 413.53111096 0.353445 5.9521 0.864886 0.095441 -0.076723
205900 -3088.73433276 406.53260482 0.347464 5.9521 0.864886 0.095441 0.087791
206000 -3087.65649924 398.36720854 0.340485 5.9538 0.847154 0.099076 0.066972
206100 -3101.68598406 410.86621179 0.351168 5.9538 0.847154 0.099076 -0.033689
206200 -3087.56751407 391.68724034 0.334775 5.9538 0.847154 0.099076 0.029410
206300 -3108.53682898 411.68598947 0.351868 5.9538 0.847154 0.099076 -0.086252
206400 -3085.78129811 403.18258996 0.344601 5.9538 0.847154 0.099076 0.065312
206500 -3093.10472608 398.94876440 0.340982 5.9504 0.859058 0.098231 -0.024577
206600 -3090.22235938 405.84361962 0.346875 5.9504 0.859058 0.098231 0.022701
206700 -3088.94395144 414.39207582 0.354181 5.9504 0.859058 0.098231 0.024308
206800 -3096.14108125 418.15217628 0.357395 5.9504 0.859058 0.098231 -0.073277
206900 -3098.52220433 400.52778631 0.342331 5.9504 0.859058 0.098231 -0.100975
207000 -3102.77528779 410.43292665 0.350797 5.9470 0.857871 0.098645 -0.077165
207100 -3106.44412274 385.29636947 0.329313 5.9470 0.857871 0.098645 -0.076980
207200 -3115.86757594 414.89303396 0.354609 5.9470 0.857871 0.098645 -0.101027
207300 -3090.52923458 404.18268029 0.345455 5.9470 0.857871 0.098645 0.032592
207400 -3103.37653736 411.85021046 0.352009 5.9470 0.857871 0.098645 -0.035202
207500 -3077.20397866 415.99706400 0.355553 5.9590 0.845763 0.100133 0.113138
207600 -3087.36096008 406.61407965 0.347533 5.9590 0.845763 0.100133 -0.014614
207700 -3084.29701931 412.89153278 0.352899 5.9590 0.845763 0.100133 0.045950
207800 -3090.06954127 408.58588577 0.349219 5.9590 0.845763 0.100133 0.010994
207900 -3096.86208938 395.34723988 0.337904 5.9590 0.845763 0.100133 -0.029844
208000 -3076.79116552 399.98576515 0.341868 5.9453 0.852164 0.100130 0.098530
208100 -3082.55159136 415.99088215 0.355548 5.9453 0.852164 0.100130 0.027480
208200 -3077.49567592 407.82800920 0.348571 5.9453 0.852164 0.100130 0.039036
208300 -3082.81546653 415.86718362 0.355442 5.9453 0.852164 0.100130 0.020979
208400 -3067.89186413 398.35516081 0.340474 5.9453 0.852164 0.100130 0.083953
208500 -3095.63249334 411.55600145 0.351757 5.9350 0.864388 0.098310 -0.011801
208600 -3109.10708356 410.99964975 0.351282 5.9350 0.864388 0.098310 -0.110273
208700 -3101.22509792 398.65747019 0.340733 5.9350 0.864388 0.098310 -0.067122
208800 -3090.32780292 384.56123333 0.328685 5.9350 0.864388 0.098310 -0.004878
208900 -3118.38120807 385.99925100 0.329914 5.9350 0.864388 0.098310 -0.114789
209000 -3106.32847239 401.34543015 0.343030 5.9487 0.867972 0.095623 -0.018319
209100 -3113.92522348 400.20625419 0.342057 5.9487 0.867972 0.095623 -0.053349
209200 -3105.01954077 380.19741000 0.324955 5.9487 0.867972 0.095623 0.001786
209300 -3091.43610505 377.73140045 0.322847 5.9487 0.867972 0.095623 0.082550
209400 -3110.78037735 389.37175466 0.332796 5.9487 0.867972 0.095623 -0.024628
209500 -3106.98755058 404.28624866 0.345544 5.9385 0.861169 0.096638 -0.002872
209600 -3104.77499574 419.49155037 0.358540 5.9385 0.861169 0.096638 -0.004852
209700 -3110.32513374 402.30019260 0.343846 5.9385 0.861169 0.096638 -0.068677
209800 -3104.13533938 381.63810107 0.326186 5.9385 0.861169 0.096638 -0.036611
209900 -3104.97895317 403.20001387 0.344615 5.9385 0.861169 0.096638 0.007386
210000 -3096.81241537 400.45790675 0.342272 5.9504 0.860312 0.099374 0.042765
210100 -3098.51802403 408.61909149 0.349247 5.9504 0.860312 0.099374 0.049516
210200 -3105.60083582 419.52057306 0.358565 5.9504 0.860312 0.099374 -0.020752
210300 -3096.09924734 393.03035462 0.335923 5.9504 0.860312 0.099374 -0.030289
210400 -3091.71755839 408.48737427 0.349135 5.9504 0.860312 0.099374 0.044102
210500 -3078.82115330 387.81447949 0.331465 5.9538 0.853446 0.097708 0.057133
210600 -3098.55270435 380.89450532 0.325551 5.9538 0.853446 0.097708 -0.054783
210700 -3085.71656412 407.33040460 0.348146 5.9538 0.853446 0.097708 0.032562
210800 -3103.27404455 391.10662908 0.334279 5.9538 0.853446 0.097708 -0.007026
210900 -3105.79271038 388.15996489 0.331761 5.9538 0.853446 0.097708 -0.037185
211000 -3103.77165094 375.65196624 0.321070 5.9385 0.858232 0.098361 -0.009802
211100 -3102.18556276 402.21097673 0.343770 5.9385 0.858232 0.098361 0.047011
211200 -3096.74943734 397.84618494 0.340039 5.9385 0.858232 0.098361 0.078241
211300 -3116.08484956 411.17433405 0.351431 5.9385 0.858232 0.098361 -0.061386
211400 -3119.59879482 389.72627777 0.333099 5.9385 0.858232 0.098361 -0.124148
211500 -3099.05897262 383.66480104 0.327919 5.9538 0.863953 0.094935 0.048041
211600 -3105.36396612 385.03328345 0.329088 5.9538 0.863953 0.094935 0.010177
211700 -3098.32549672 376.49935170 0.321794 5.9538 0.863953 0.094935 0.048135
211800 -3095.32299642 405.07588028 0.346219 5.9538 0.863953 0.094935 0.110132
211900 -3093.23775347 399.91405113 0.341807 5.9538 0.863953 0.094935 0.041924
212000 -3095.46569852 403.62723940 0.344981 5.9436 0.859837 0.097998 0.022069
212100 -3098.50572837 403.02487208 0.344466 5.9436 0.859837 0.097998 0.020694
212200 -3111.56505742 387.39936635 0.331111 5.9436 0.859837 0.097998 -0.095684
212300 -3123.45405213 377.66356021 0.322789 5.9436 0.859837 0.097998 -0.155622
212400 -3135.04300957 381.23673280 0.325843 5.9436 0.859837 0.097998 -0.157170
212500 -3143.74095721 377.63911824 0.322768 5.9487 0.870183 0.094442 -0.180463
212600 -3143.75840539 378.22604392 0.323270 5.9487 0.870183 0.094442 -0.105992
212700 -3110.50547867 373.98933780 0.319649 5.9487 0.870183 0.094442 0.148653
212800 -3137.87164961 412.34240087 0.352429 5.9487 0.870183 0.094442 -0.086799
212900 -3127.02415925 418.07303646 0.357327 5.9487 0.870183 0.094442 -0.014200
213000 -3102.29971325 413.44816091 0.353374 5.9419 0.863836 0.098338 0.100409
213100 -3099.19642284 420.80035862 0.359658 5.9419 0.863836 0.098338 0.055916
213200 -3108.85733985 399.98520247 0.341868 5.9419 0.863836 0.098338 0.001620
213300 -3102.45711415 401.58784038 0.343237 5.9419 0.863836 0.098338 0.030867
213400 -3097.21377770 396.07606282 0.338527 5.9419 0.863836 0.098338 0.061255
213500 -3107.32801109 395.31154115 0.337873 5.9385 0.866725 0.095597 -0.054630
213600 -3101.73719755 392.23310492 0.335242 5.9385 0.866725 0.095597 -0.019585
213700 -3095.49695778 399.59004945 0.341530 5.9385 0.866725 0.095597 0.023745
213800 -3095.25210815 391.06070828 0.334240 5.9385 0.866725 0.095597 0.029423
213900 -3105.44508267 394.21447594 0.336935 5.9385 0.866725 0.095597 -0.032877
214000 -3119.99921267 391.09043713 0.334265 5.9453 0.867087 0.093617 -0.097725
214100 -3117.65992158 384.35958659 0.328512 5.9453 0.867087 0.093617 -0.039602
214200 -3114.32296038 387.73116303 0.331394 5.9453 0.867087 0.093617 -0.019361
214300 -3108.41615591 377.38820663 0.322554 5.9453 0.867087 0.093617 0.018861
214400 -3115.60587258 400.29419564 0.342132 5.9453 0.867087 0.093617 -0.034900
214500 -3105.93404119 405.62758209 0.346690 5.9573 0.864560 0.095174 0.016170
214600 -3109.86869272 383.55465223 0.327824 5.9573 0.864560 0.095174 0.019514
214700 -3122.78624168 393.58412601 0.336397 5.9573 0.864560 0.095174 -0.074775
214800 -3089.80354174 393.76409843 0.336551 5.9573 0.864560 0.095174 0.144223
214900 -3094.53449222 384.83072963 0.328915 5.9573 0.864560 0.095174 0.079943
215000 -3109.65913783 417.79592321 0.357091 5.9521 0.862371 0.097252 0.013260
215100 -3096.84936663 402.68013707 0.344171 5.9521 0.862371 0.097252 0.011700
215200 -3108.72220289 407.05786104 0.347913 5.9521 0.862371 0.097252 -0.035223
215300 -3092.65215600 391.50400358 0.334619 5.9521 0.862371 0.097252 0.056721
215400 -3092.48608782 407.58740819 0.348365 5.9521 0.862371 0.097252 0.070194
215500 -3083.69001284 401.61357691 0.343259 5.9402 0.853215 0.101574 0.097094
215600 -3091.46752320 430.05561751 0.367569 5.9402 0.853215 0.101574 0.046639
215700 -3076.41321633 401.27665594 0.342972 5.9402 0.853215 0.101574 0.104736
215800 -3085.35550629 407.43203680 0.348233 5.9402 0.853215 0.101574 -0.007542
215900 -3094.32878895 405.01995494 0.346171 5.9402 0.853215 0.101574 -0.009997
216000 -3103.62762425 390.35004261 0.333633 5.9521 0.863263 0.097850 -0.101991
216100 -3106.70127505 412.03746377 0.352169 5.9521 0.863263 0.097850 -0.101299
216200 -3087.86673989 393.98886862 0.336743 5.9521 0.863263 0.097850 0.041687
216300 -3103.40953393 405.54542234 0.346620 5.9521 0.863263 0.097850 -0.071179
216400 -3096.07511452 395.49477254 0.338030 5.9521 0.863263 0.097850 -0.000145
216500 -3118.59587184 397.60835204 0.339836 5.9590 0.867294 0.094928 -0.127976
216600 -3102.95409626 390.81539899 0.334030 5.9590 0.867294 0.094928 -0.031878
216700 -3117.39581844 402.02118704 0.343608 5.9590 0.867294 0.094928 -0.069274
216800 -3105.44310892 395.24043434 0.337812 5.9590 0.867294 0.094928 0.011851
216900 -3100.12898661 418.10205811 0.357352 5.9590 0.867294 0.094928 0.048479
217000 -3096.79594605 407.83663078 0.348578 5.9453 0.865498 0.095823 0.073922
217100 -3107.50427041 387.26340405 0.330994 5.9453 0.865498 0.095823 -0.009211
217200 -3116.44728542 397.97613432 0.340151 5.9453 0.865498 0.095823 -0.052773
217300 -3116.92987340 397.39211224 0.339651 5.9453 0.865498 0.095823 -0.046783
217400 -3115.61683625 396.21856246 0.338648 5.9453 0.865498 0.095823 -0.030086
217500 -3102.98070377 383.71787284 0.327964 5.9402 0.865078 0.094646 0.071831
217600 -3111.31812589 381.67455274 0.326218 5.9402 0.865078 0.094646 -0.036772
217700 -3108.84255294 385.30745098 0.329323 5.9402 0.865078 0.094646 0.001049
217800 -3118.25662960 404.09127555 0.345377 5.9402 0.865078 0.094646 -0.044823
217900 -3111.54453212 399.60691486 0.341544 5.9402 0.865078 0.094646 -0.026177
218000 -3119.80782493 402.18650298 0.343749 5.9504 0.862855 0.093337 -0.060580
218100 -3112.47985715 395.34939313 0.337905 5.9504 0.862855 0.093337 -0.002787
218200 -3113.66245432 410.26675968 0.350655 5.9504 0.862855 0.093337 -0.002753
218300 -3095.50177024 421.56357055 0.360311 5.9504 0.862855 0.093337 0.083560
218400 -3091.80437137 423.97744833 0.362374 5.9504 0.862855 0.093337 0.098952
218500 -3085.07358024 417.26050241 0.356633 5.9402 0.848708 0.099295 0.096169
218600 -3068.62310474 396.96771990 0.339289 5.9402 0.848708 0.099295 0.125935
218700 -3106.05248938 403.34839893 0.344742 5.9402 0.848708 0.099295 -0.095466
218800 -3098.13018127 412.17323490 0.352285 5.9402 0.848708 0.099295 -0.066045
218900 -3093.05566123 405.18687316 0.346314 5.9402 0.848708 0.099295 -0.019597
219000 -3088.11289274 400.89269181 0.342643 5.9436 0.862637 0.098417 0.029555
219100 -3095.11327099 406.61331450 0.347533 5.9436 0.862637 0.098417 -0.016086
219200 -3090.07138338 407.48442864 0.348277 5.9436 0.862637 0.098417 0.032266
219300 -3105.66962550 402.50575968 0.344022 5.9436 0.862637 0.098417 -0.060972
219400 -3114.88870466 393.74914427 0.336538 5.9436 0.862637 0.098417 -0.117592
219500 -3127.66609160 395.87859350 0.338358 5.9436 0.871478 0.093832 -0.167257
219600 -3123.11948565 385.00079748 0.329061 5.9436 0.871478 0.093832 -0.101348
219700 -3122.11179430 395.13931754 0.337726 5.9436 0.871478 0.093832 -0.054563
219800 -3117.79807052 403.61250623 0.344968 5.9436 0.871478 0.093832 0.015715
219900 -3096.36568200 407.84156350 0.348583 5.9436 0.871478 0.093832 0.126214
220000 -3098.66855898 402.60409728 0.344106 5.9521 0.850184 0.100223 0.077110
220100 -3117.97188366 391.85445118 0.334918 5.9521 0.850184 0.100223 -0.060946
220200 -3113.81543444 395.74239046 0.338241 5.9521 0.850184 0.100223 -0.011949
220300 -3111.46763183 397.66988656 0.339889 5.9521 0.850184 0.100223 -0.006684
220400 -3126.18906759 390.18289897 0.333490 5.9521 0.850184 0.100223 -0.078162
220500 -3126.38752135 400.73676087 0.342510 5.9607 0.863409 0.095080 -0.040405
220600 -3128.30558146 379.44913584 0.324316 5.9607 0.863409 0.095080 -0.065544
220700 -3113.05590671 380.98963380 0.325632 5.9607 0.863409 0.095080 0.070964
220800 -3119.30564113 390.82436444 0.334038 5.9607 0.863409 0.095080 0.002796
220900 -3122.21697987 406.75423610 0.347653 5.9607 0.863409 0.095080 -0.005010
221000 -3128.39970174 408.13786291 0.348836 5.9590 0.869915 0.091744 -0.049942
221100 -3112.63194472 397.60481359 0.339833 5.9590 0.869915 0.091744 0.023921
221200 -3104.40009312 397.01153662 0.339326 5.9590 0.869915 0.091744 0.096505
221300 -3113.94432793 406.16729987 0.347152 5.9590 0.869915 0.091744 0.027142
221400 -3100.08487337 389.16589537 0.332620 5.9590 0.869915 0.091744 0.087598
221500 -3095.61365563 411.32837209 0.351563 5.9504 0.851942 0.099550 0.092558
221600 -3113.85676436 388.36921508 0.331940 5.9504 0.851942 0.099550 -0.043777
221700 -3111.96428006 388.19103672 0.331787 5.9504 0.851942 0.099550 -0.051115
221800 -3115.44809360 394.81472385 0.337448 5.9504 0.851942 0.099550 0.002269
221900 -3120.18065694 382.41629849 0.326852 5.9504 0.851942 0.099550 -0.059484
222000 -3101.64576720 394.76217478 0.337404 5.9573 0.862828 0.096924 0.086041
222100 -3118.22832066 402.29205544 0.343839 5.9573 0.862828 0.096924 -0.072171
222200 -3124.04552781 394.99129496 0.337599 5.9573 0.862828 0.096924 -0.092856
222300 -3113.31549516 389.33548524 0.332765 5.9573 0.862828 0.096924 0.003602
222400 -3119.22681886 383.42585888 0.327714 5.9573 0.862828 0.096924 -0.054352
222500 -3128.05549766 398.31944360 0.340444 5.9590 0.871355 0.096378 -0.057016
222600 -3104.86823544 392.71185584 0.335651 5.9590 0.871355 0.096378 0.083361
222700 -3108.22537160 417.52074330 0.356855 5.9590 0.871355 0.096378 0.065027
222800 -3100.30869053 411.95971196 0.352102 5.9590 0.871355 0.096378 0.092948
222900 -3089.07666295 398.83997465 0.340889 5.9590 0.871355 0.096378 0.089043
223000 -3107.71972035 404.61839709 0.345828 5.9607 0.862911 0.095585 -0.034539
223100 -3092.87368452 409.08572667 0.349646 5.9607 0.862911 0.095585 0.064894
223200 -3099.15680817 389.27069081 0.332710 5.9607 0.862911 0.095585 0.005249
223300 -3107.15822589 405.07957609 0.346222 5.9607 0.862911 0.095585 -0.034549
223400 -3107.04608738 413.99932916 0.353846 5.9607 0.862911 0.095585 -0.013346
223500 -3123.62044900 404.53470404 0.345756 5.9538 0.869810 0.095005 -0.154041
223600 -3119.09474239 396.42925666 0.338828 5.9538 0.869810 0.095005 -0.100130
223700 -3107.12112181 393.79403002 0.336576 5.9538 0.869810 0.095005 -0.011956
223800 -3099.70730991 386.82898632 0.330623 5.9538 0.869810 0.095005 0.063790
223900 -3107.15331069 395.88549751 0.338364 5.9538 0.869810 0.095005 0.005483
224000 -3091.61139490 394.23197218 0.336950 5.9607 0.857703 0.097613 0.067104
224100 -3111.06494343 400.87877859 0.342631 5.9607 0.857703 0.097613 -0.075543
224200 -3113.78289786 387.75307215 0.331413 5.9607 0.857703 0.097613 -0.043448
224300 -3111.99834220 380.67215502 0.325361 5.9607 0.857703 0.097613 -0.021892
224400 -3106.07049723 381.26513902 0.325868 5.9607 0.857703 0.097613 0.021414
224500 -3120.86602977 387.60796581 0.331289 5.9368 0.870318 0.098142 -0.020620
224600 -3101.45077579 397.97330964 0.340148 5.9368 0.870318 0.098142 0.096366
224700 -3116.70588031 417.02774231 0.356434 5.9368 0.870318 0.098142 -0.005437
224800 -3103.55873915 392.56843253 0.335529 5.9368 0.870318 0.098142 0.034212
224900 -3096.30860902 386.24103793 0.330121 5.9368 0.870318 0.098142 0.041886
225000 -3089.79905123 382.79938333 0.327179 5.9538 0.854064 0.100782 0.079650
225100 -3101.37635422 401.04559695 0.342774 5.9538 0.854064 0.100782 -0.003299
225200 -3109.14128386 397.06851389 0.339375 5.9538 0.854064 0.100782 -0.075106
225300 -3095.68071486 409.04337884 0.349610 5.9538 0.854064 0.100782 0.041365
225400 -3100.96991335 413.14618479 0.353116 5.9538 0.854064 0.100782 0.004493
225500 -3094.39509636 390.77418330 0.333995 5.9538 0.855230 0.097816 0.032873
225600 -3096.54541774 400.00988814 0.341889 5.9538 0.855230 0.097816 0.059338
225700 -3096.96382892 400.60745727 0.342400 5.9538 0.855230 0.097816 0.067919
225800 -3097.74520407 384.74545016 0.328842 5.9538 0.855230 0.097816 0.014552
225900 -3101.71839882 395.27233461 0.337840 5.9538 0.855230 0.097816 0.003854
226000 -3105.35986022 392.90152539 0.335813 5.9402 0.869700 0.098520 -0.026447
226100 -3085.02377008 396.55548278 0.338936 5.9402 0.869700 0.098520 0.117747
226200 -3091.02647451 405.34960378 0.346453 5.9402 0.869700 0.098520 0.026241
226300 -3096.99059695 407.46301256 0.348259 5.9402 0.869700 0.098520 -0.017993
226400 -3097.81296649 398.80242661 0.340857 5.9402 0.869700 0.098520 -0.006571
226500 -3093.35807406 399.40481289 0.341372 5.9538 0.856318 0.096383 0.004544
226600 -3104.50805770 392.09059420 0.335120 5.9538 0.856318 0.096383 -0.034949
226700 -3107.17407067 399.02027225 0.341043 5.9538 0.856318 0.096383 -0.077601
226800 -3099.97274735 389.11457113 0.332577 5.9538 0.856318 0.096383 -0.010646
226900 -3086.74576550 396.98748903 0.339306 5.9538 0.856318 0.096383 0.060681
227000 -3099.54279245 399.41747732 0.341382 5.9590 0.854964 0.099305 0.026377
227100 -3107.01798478 402.94996269 0.344402 5.9590 0.854964 0.099305 -0.066534
227200 -3104.88913933 372.93610245 0.318749 5.9590 0.854964 0.099305 -0.048096
227300 -3103.92847956 387.75978770 0.331419 5.9590 0.854964 0.099305 -0.027579
227400 -3099.82438910 390.80349450 0.334020 5.9590 0.854964 0.099305 0.061899
227500 -3106.64372036 395.92086269 0.338394 5.9590 0.873986 0.094539 -0.021397
227600 -3114.21386217 414.56236455 0.354327 5.9590 0.873986 0.094539 -0.025178
227700 -3117.12120135 399.39127527 0.341360 5.9590 0.873986 0.094539 -0.038792
227800 -3114.77504872 411.31280028 0.351549 5.9590 0.873986 0.094539 -0.056549
227900 -3102.11282358 396.54649961 0.338929 5.9590 0.873986 0.094539 0.004179
228000 -3102.27900488 402.69601434 0.344185 5.9641 0.861418 0.097187 0.056564
228100 -3099.66764155 389.77491103 0.333141 5.9641 0.861418 0.097187 0.026799
228200 -3103.89641887 413.68496518 0.353577 5.9641 0.861418 0.097187 0.020653
228300 -3093.05307993 399.47833458 0.341434 5.9641 0.861418 0.097187 0.095567
228400 -3101.12764149 391.99175437 0.335036 5.9641 0.861418 0.097187 0.003613
228500 -3118.18271841 401.80804840 0.343426 5.9504 0.858889 0.097313 -0.109341
228600 -3101.80289760 402.53235455 0.344045 5.9504 0.858889 0.097313 0.006199
228700 -3095.55061845 387.59137351 0.331275 5.9504 0.858889 0.097313 0.037925
228800 -3117.87563609 402.63460820 0.344132 5.9504 0.858889 0.097313 -0.066002
228900 -3111.60051159 384.70078286 0.328804 5.9504 0.858889 0.097313 -0.009273
229000 -3124.60223557 384.13276954 0.328319 5.9470 0.872075 0.094324 -0.096280
229100 -3117.39214836 390.73914488 0.333965 5.9470 0.872075 0.094324 -0.018384
229200 -3130.66667487 394.57511496 0.337244 5.9470 0.872075 0.094324 -0.089133
229300 -3138.95148629 399.34676715 0.341322 5.9470 0.872075 0.094324 -0.108473
229400 -3121.09152233 389.92804453 0.333272 5.9470 0.872075 0.094324 0.010742
229500 -3124.11857382 392.04208112 0.335079 5.9590 0.865962 0.095369 0.027428
229600 -3111.51590118 386.98901872 0.330760 5.9590 0.865962 0.095369 0.052300
229700 -3113.71938575 382.65042773 0.327052 5.9590 0.865962 0.095369 0.044738
229800 -3123.34429196 404.73409212 0.345927 5.9590 0.865962 0.095369 0.007685
229900 -3103.63701724 391.80243360 0.334874 5.9590 0.865962 0.095369 0.084936
230000 -3114.94087710 406.19209445 0.347173 5.9470 0.859166 0.095515 0.029469
230100 -3112.59968593 409.43287694 0.349943 5.9470 0.859166 0.095515 0.005035
230200 -3107.06958705 404.79671124 0.345980 5.9470 0.859166 0.095515 0.036276
230300 -3111.85141669 386.83252226 0.330626 5.9470 0.859166 0.095515 -0.025378
230400 -3109.96924369 401.33902360 0.343025 5.9470 0.859166 0.095515 -0.037702
230500 -3110.60171741 401.40445384 0.343081 5.9573 0.857894 0.099009 -0.016413
230600 -3094.55390347 392.05491987 0.335090 5.9573 0.857894 0.099009 0.061317
230700 -3116.46035842 387.53595255 0.331227 5.9573 0.857894 0.099009 -0.059129
230800 -3115.09394115 406.91144747 0.347788 5.9573 0.857894 0.099009 -0.035236
230900 -3127.07060217 398.41053531 0.340522 5.9573 0.857894 0.099009 -0.123934
231000 -3122.78165049 380.38085825 0.325112 5.9692 0.864901 0.095057 -0.070206
231100 -3121.02711990 388.20978101 0.331803 5.9692 0.864901 0.095057 -0.009147
231200 -3107.74312322 395.55022238 0.338077 5.9692 0.864901 0.095057 0.088767
231300 -3106.35155580 381.39947113 0.325982 5.9692 0.864901 0.095057 0.108810
231400 -3125.47150600 392.92656930 0.335835 5.9692 0.864901 0.095057 -0.022563
231500 -3137.99383144 410.45653556 0.350818 5.9692 0.873356 0.092801 -0.078904
231600 -3122.89680278 406.23484708 0.347209 5.9692 0.873356 0.092801 0.021621
231700 -3116.44563970 411.75402460 0.351927 5.9692 0.873356 0.092801 0.011375
231800 -3108.97201523 407.81808743 0.348562 5.9692 0.873356 0.092801 0.009771
231900 -3121.06962826 390.33520523 0.333620 5.9692 0.873356 0.092801 -0.031927
232000 -3107.34334849 395.36066801 0.337915 5.9590 0.864885 0.095554 0.015693
232100 -3117.78640465 395.74155547 0.338241 5.9590 0.864885 0.095554 0.018155
232200 -3109.96319669 393.26335103 0.336123 5.9590 0.864885 0.095554 0.041507
232300 -3124.20971663 408.74191052 0.349352 5.9590 0.864885 0.095554 -0.097427
232400 -3104.22508109 397.61067460 0.339838 5.9590 0.864885 0.095554 0.081745
232500 -3104.95716707 386.40267600 0.330259 5.9470 0.865036 0.096901 0.049768
232600 -3100.55326126 367.99083620 0.314522 5.9470 0.865036 0.096901 0.052231
232700 -3098.50488261 367.54532343 0.314141 5.9470 0.865036 0.096901 0.097032
232800 -3131.88880767 391.98412411 0.335029 5.9470 0.865036 0.096901 -0.097642
232900 -3135.47398618 390.57896098 0.333828 5.9470 0.865036 0.096901 -0.115469
233000 -3118.90931157 380.60732549 0.325305 5.9607 0.861729 0.094903 0.017762
233100 -3126.06093694 415.02856666 0.354725 5.9607 0.861729 0.094903 -0.037602
233200 -3108.29561072 407.57712385 0.348357 5.9607 0.861729 0.094903 0.050725
233300 -3124.22042163 411.13648003 0.351399 5.9607 0.861729 0.094903 -0.076639
233400 -3103.19748970 391.81727529 0.334887 5.9607 0.861729 0.094903 0.069089
233500 -3115.61435277 399.81831645 0.341725 5.9658 0.872939 0.092863 -0.008727
233600 -3127.32164156 404.11249927 0.345395 5.9658 0.872939 0.092863 -0.082251
233700 -3132.62700008 399.99194003 0.341873 5.9658 0.872939 0.092863 -0.108729
233800 -3124.64456688 390.56241214 0.333814 5.9658 0.872939 0.092863 -0.018803
233900 -3124.16094248 398.18310828 0.340327 5.9658 0.872939 0.092863 -0.026324
234000 -3115.41734700 382.53104318 0.326950 5.9556 0.861372 0.095336 0.049367
234100 -3133.33481492 383.03713409 0.327382 5.9556 0.861372 0.095336 -0.062646
234200 -3118.67416263 385.39523503 0.329398 5.9556 0.861372 0.095336 0.011157
234300 -3119.57153736 385.66917108 0.329632 5.9556 0.861372 0.095336 0.026336
234400 -3118.25889168 393.50367772 0.336328 5.9556 0.861372 0.095336 0.020755
234500 -3116.94912229 393.30978628 0.336162 5.9658 0.869868 0.090943 0.050640
234600 -3116.00200158 379.11900026 0.324033 5.9658 0.869868 0.090943 0.005694
234700 -3130.80518611 390.72878286 0.333956 5.9658 0.869868 0.090943 -0.040860
234800 -3116.33038082 395.55673743 0.338083 5.9658 0.869868 0.090943 0.060219
234900 -3110.01780833 392.20680044 0.335219 5.9658 0.869868 0.090943 0.108740
235000 -3117.90590273 400.31807819 0.342152 5.9556 0.870427 0.094142 0.031121
235100 -3124.76335033 390.83621879 0.334048 5.9556 0.870427 0.094142 -0.029477
235200 -3129.39408304 410.49130759 0.350847 5.9556 0.870427 0.094142 -0.056325
235300 -3112.89369522 391.14956347 0.334316 5.9556 0.870427 0.094142 0.054944
235400 -3130.36771008 400.48920881 0.342298 5.9556 0.870427 0.094142 -0.032246
235500 -3116.66910679 395.81547746 0.338304 5.9641 0.865282 0.092551 0.015772
235600 -3131.47082703 408.99859702 0.349571 5.9641 0.865282 0.092551 -0.065274
235700 -3112.60800692 391.07089450 0.334249 5.9641 0.865282 0.092551 0.064690
235800 -3120.53646834 391.23402161 0.334388 5.9641 0.865282 0.092551 0.008338
235900 -3125.56454573 397.28826897 0.339563 5.9641 0.865282 0.092551 -0.021950
236000 -3127.78749347 402.35663443 0.343895 5.9590 0.871500 0.095090 0.001994
236100 -3126.78493698 387.13634790 0.330886 5.9590 0.871500 0.095090 0.000190
236200 -3129.58162253 385.94840166 0.329870 5.9590 0.871500 0.095090 -0.033755
236300 -3124.28002094 376.67887068 0.321948 5.9590 0.871500 0.095090 -0.011814
236400 -3143.00956725 415.11301545 0.354797 5.9590 0.871500 0.095090 -0.073858
236500 -3128.25838100 392.52225238 0.335489 5.9607 0.869360 0.093707 0.002814
236600 -3118.14945616 403.33949353 0.344735 5.9607 0.869360 0.093707 0.112930
236700 -3131.85778655 410.03849671 0.350460 5.9607 0.869360 0.093707 -0.060400
236800 -3123.56260049 388.98486006 0.332466 5.9607 0.869360 0.093707 -0.024663
236900 -3124.87970591 380.55910927 0.325264 5.9607 0.869360 0.093707 -0.005532
237000 -3108.49791043 378.07521355 0.323141 5.9590 0.861085 0.095606 0.111919
237100 -3108.26311065 399.36712935 0.341339 5.9590 0.861085 0.095606 0.118996
237200 -3107.88310238 401.26423689 0.342961 5.9590 0.861085 0.095606 0.085634
237300 -3120.55894989 395.61879807 0.338136 5.9590 0.861085 0.095606 0.004462
237400 -3127.35265376 390.44668384 0.333715 5.9590 0.861085 0.095606 -0.049041
237500 -3120.32666220 400.17031782 0.342026 5.9641 0.865304 0.092415 0.019057
237600 -3109.96076531 394.85619435 0.337484 5.9641 0.865304 0.092415 0.072521
237700 -3112.42234420 390.55637309 0.333809 5.9641 0.865304 0.092415 0.016308
237800 -3111.59125415 385.31460610 0.329329 5.9641 0.865304 0.092415 0.022274
237900 -3133.74246423 407.31525032 0.348133 5.9641 0.865304 0.092415 -0.079860
238000 -3121.34788240 405.06787458 0.346212 5.9573 0.871266 0.093432 0.016101
238100 -3118.79263452 387.01628707 0.330783 5.9573 0.871266 0.093432 0.001127
238200 -3120.73566799 391.19399375 0.334354 5.9573 0.871266 0.093432 -0.008967
238300 -3117.21305743 395.91719261 0.338391 5.9573 0.871266 0.093432 0.006718
238400 -3124.18317496 405.79714087 0.346835 5.9573 0.871266 0.093432 -0.040939
238500 -3131.85879979 414.33213744 0.354130 5.9624 0.872365 0.092138 -0.084637
238600 -3123.51849944 388.46036149 0.332017 5.9624 0.872365 0.092138 -0.058638
238700 -3114.60674593 404.20150714 0.345471 5.9624 0.872365 0.092138 0.027123
238800 -3094.08938185 393.99466547 0.336748 5.9624 0.872365 0.092138 0.138754
238900 -3102.37265751 388.22223039 0.331814 5.9624 0.872365 0.092138 0.089952
239000 -3115.66644290 393.74955063 0.336538 5.9675 0.864801 0.094982 -0.046222
239100 -3111.22941994 398.42681934 0.340536 5.9675 0.864801 0.094982 -0.027377
239200 -3100.60286079 386.66465665 0.330483 5.9675 0.864801 0.094982 0.075504
239300 -3127.31079253 412.24641924 0.352347 5.9675 0.864801 0.094982 -0.097245
239400 -3122.49835242 402.96638697 0.344416 5.9675 0.864801 0.094982 -0.044971
239500 -3121.70932730 391.05579838 0.334236 5.9538 0.862118 0.096072 -0.059676
239600 -3126.86486905 391.72835168 0.334811 5.9538 0.862118 0.096072 -0.055099
239700 -3109.28930882 395.47939995 0.338017 5.9538 0.862118 0.096072 0.071094
239800 -3107.70774855 388.65075203 0.332180 5.9538 0.862118 0.096072 0.077249
239900 -3122.51474639 387.06756285 0.330827 5.9538 0.862118 0.096072 0.009205
240000 -3132.96182759 394.21178938 0.336933 5.9692 0.871953 0.093566 -0.081863
240100 -3124.48886948 378.73393695 0.323704 5.9692 0.871953 0.093566 -0.006420
240200 -3132.04296135 402.09048850 0.343667 5.9692 0.871953 0.093566 -0.050756
240300 -3112.32407044 398.07852588 0.340238 5.9692 0.871953 0.093566 0.070037
240400 -3113.74425406 412.53378391 0.352593 5.9692 0.871953 0.093566 0.058842
240500 -3104.47811648 396.65784454 0.339024 5.9402 0.853218 0.100524 0.115680
240600 -3098.26974427 370.12244906 0.316344 5.9402 0.853218 0.100524 0.090407
240700 -3109.54545919 385.52018342 0.329504 5.9402 0.853218 0.100524 0.012674
240800 -3115.33047168 402.25922950 0.343811 5.9402 0.853218 0.100524 -0.005567
240900 -3125.40760888 385.44093442 0.329437 5.9402 0.853218 0.100524 -0.099529
241000 -3127.52427537 378.97563558 0.323911 5.9607 0.863828 0.093581 -0.056914
241100 -3124.17605063 390.99624005 0.334185 5.9607 0.863828 0.093581 0.039407
241200 -3112.30001741 403.90949323 0.345222 5.9607 0.863828 0.093581 0.086889
241300 -3121.44492461 395.22603721 0.337800 5.9607 0.863828 0.093581 0.014704
241400 -3125.18251952 407.48143008 0.348275 5.9607 0.863828 0.093581 -0.043514
241500 -3105.42844170 401.55560775 0.343210 5.9521 0.851119 0.098312 0.086864
241600 -3101.93685233 390.51803755 0.333776 5.9521 0.851119 0.098312 0.019094
241700 -3119.63484417 401.92267227 0.343524 5.9521 0.851119 0.098312 -0.092525
241800 -3114.16440522 405.18229062 0.346310 5.9521 0.851119 0.098312 -0.024811
241900 -3114.38106659 424.44494977 0.362773 5.9521 0.851119 0.098312 0.006487
242000 -3126.20043439 411.33607693 0.351569 5.9607 0.867790 0.093280 -0.077291
242100 -3117.59794050 410.97887173 0.351264 5.9607 0.867790 0.093280 -0.051384
242200 -3120.17035340 401.44813964 0.343118 5.9607 0.867790 0.093280 -0.049967
242300 -3122.76648514 384.35501854 0.328509 5.9607 0.867790 0.093280 -0.067564
242400 -3121.59919624 407.87482137 0.348611 5.9607 0.867790 0.093280 -0.027247
242500 -3097.14885005 381.20219413 0.325814 5.9504 0.858867 0.099521 0.132845
242600 -3110.42346188 414.39284364 0.354182 5.9504 0.858867 0.099521 0.017687
242700 -3113.99425613 410.37439189 0.350747 5.9504 0.858867 0.099521 -0.051317
242800 -3085.57212287 410.41785838 0.350784 5.9504 0.858867 0.099521 0.142240
242900 -3102.44282855 412.77209672 0.352797 5.9504 0.858867 0.099521 0.019862
243000 -3096.37284281 411.90284650 0.352054 5.9453 0.850939 0.099356 0.034470
243100 -3093.88535328 400.30077847 0.342137 5.9453 0.850939 0.099356 0.028441
243200 -3099.17029549 401.92245149 0.343523 5.9453 0.850939 0.099356 0.004946
243300 -3100.27902007 388.12355516 0.331730 5.9453 0.850939 0.099356 -0.040621
243400 -3113.07766947 395.37321987 0.337926 5.9453 0.850939 0.099356 -0.066468
243500 -3111.33868771 400.42571573 0.342244 5.9538 0.860744 0.092569 -0.053790
243600 -3104.60527555 375.23587395 0.320714 5.9538 0.860744 0.092569 -0.029601
243700 -3121.23392341 393.86320862 0.336635 5.9538 0.860744 0.092569 -0.106045
243800 -3102.24241501 394.63705969 0.337297 5.9538 0.860744 0.092569 0.051359
243900 -3083.15727085 409.77657211 0.350236 5.9538 0.860744 0.092569 0.173135
244000 -3095.51854737 406.40495608 0.347355 5.9521 0.865087 0.096295 0.039198
244100 -3107.93597592 404.94760201 0.346109 5.9521 0.865087 0.096295 -0.052946
244200 -3107.74436695 405.74908856 0.346794 5.9521 0.865087 0.096295 -0.048233
244300 -3099.36920453 376.09690456 0.321450 5.9521 0.865087 0.096295 0.030712
244400 -3121.23197532 390.05312627 0.333379 5.9521 0.865087 0.096295 -0.096916
244500 -3114.66851145 406.00228758 0.347011 5.9556 0.868637 0.096858 -0.050366
244600 -3091.04263887 392.51971019 0.335487 5.9556 0.868637 0.096858 0.082176
244700 -3108.87362515 391.51724522 0.334630 5.9556 0.868637 0.096858 -0.058586
244800 -3087.01392207 392.65655399 0.335604 5.9556 0.868637 0.096858 0.106051
244900 -3077.53180385 401.12518743 0.342842 5.9556 0.868637 0.096858 0.141248
245000 -3087.94225631 418.24147317 0.357471 5.9658 0.854316 0.097362 0.019332
245100 -3108.24984086 425.33637654 0.363535 5.9658 0.854316 0.097362 -0.097655
245200 -3088.21111883 420.87986455 0.359726 5.9658 0.854316 0.097362 0.017832
245300 -3085.41820972 408.42063945 0.349077 5.9658 0.854316 0.097362 0.019297
245400 -3076.80893910 375.03560627 0.320543 5.9658 0.854316 0.097362 0.067164
245500 -3090.84525163 407.86112419 0.348599 5.9419 0.857296 0.097240 0.055130
245600 -3086.02425263 401.45160952 0.343121 5.9419 0.857296 0.097240 -0.014907
245700 -3097.31369534 427.56504428 0.365440 5.9419 0.857296 0.097240 -0.007706
245800 -3091.27950089 413.28049536 0.353231 5.9419 0.857296 0.097240 0.047978
245900 -3114.14705305 418.84749451 0.357989 5.9419 0.857296 0.097240 -0.138604
246000 -3095.49999688 382.27627005 0.326732 5.9590 0.862295 0.095789 -0.044983
246100 -3103.61897823 397.09373602 0.339396 5.9590 0.862295 0.095789 -0.055156
246200 -3100.71709410 397.15185511 0.339446 5.9590 0.862295 0.095789 0.005450
246300 -3114.54810220 407.91900759 0.348649 5.9590 0.862295 0.095789 -0.072850
246400 -3123.44971461 386.72498681 0.330534 5.9590 0.862295 0.095789 -0.086195
246500 -3113.85991447 380.17821605 0.324939 5.9573 0.868136 0.094616 -0.029462
246600 -3123.25165220 392.72578324 0.335663 5.9573 0.868136 0.094616 -0.069312
246700 -3121.89261479 379.89654178 0.324698 5.9573 0.868136 0.094616 -0.063518
246800 -3109.97002364 396.26286372 0.338686 5.9573 0.868136 0.094616 0.062996
246900 -3123.45631271 400.70520587 0.342483 5.9573 0.868136 0.094616 -0.056193
247000 -3113.64123906 386.32736230 0.330194 5.9675 0.869645 0.095414 -0.009547
247100 -3121.48253404 398.99988009 0.341026 5.9675 0.869645 0.095414 -0.044835
247200 -3090.95356650 406.82548877 0.347714 5.9675 0.869645 0.095414 0.150107
247300 -3105.52866651 406.53743082 0.347468 5.9675 0.869645 0.095414 0.000760
247400 -3121.85589884 380.81203387 0.325480 5.9675 0.869645 0.095414 -0.103342
247500 -3130.68869002 401.33390982 0.343020 5.9590 0.866464 0.095023 -0.110955
247600 -3128.91393277 386.83407982 0.330627 5.9590 0.866464 0.095023 -0.084939
247700 -3123.01495064 393.38438590 0.336226 5.9590 0.866464 0.095023 -0.031554
247800 -3105.47926196 389.91141943 0.333258 5.9590 0.866464 0.095023 0.068371
247900 -3132.57948304 394.10438962 0.336841 5.9590 0.866464 0.095023 -0.085753
248000 -3134.30093985 411.76122385 0.351933 5.9607 0.867582 0.093730 -0.087307
248100 -3117.45442371 412.08510562 0.352209 5.9607 0.867582 0.093730 0.016774
248200 -3104.05087709 414.50013763 0.354274 5.9607 0.867582 0.093730 0.059459
248300 -3112.00701199 395.51635142 0.338048 5.9607 0.867582 0.093730 -0.023787
248400 -3124.27048052 403.95833599 0.345264 5.9607 0.867582 0.093730 -0.067746
248500 -3103.78349738 386.13417730 0.330029 5.9556 0.861242 0.098307 0.075966
248600 -3113.63337563 391.48662852 0.334604 5.9556 0.861242 0.098307 -0.029035
248700 -3109.86399918 395.83691102 0.338322 5.9556 0.861242 0.098307 0.016252
248800 -3135.03897888 403.55367649 0.344918 5.9556 0.861242 0.098307 -0.081527
248900 -3121.16559768 395.06191327 0.337660 5.9556 0.861242 0.098307 0.008986
249000 -3112.94595617 399.71243472 0.341635 5.9641 0.855231 0.095559 0.043361
249100 -3104.09060979 385.13344619 0.329174 5.9641 0.855231 0.095559 0.073898
249200 -3121.51235584 408.90697991 0.349493 5.9641 0.855231 0.095559 -0.036946
249300 -3130.72129768 400.37300595 0.342199 5.9641 0.855231 0.095559 -0.057257
249400 -3106.97869755 399.73041394 0.341650 5.9641 0.855231 0.095559 0.097578
249500 -3121.64375633 416.04949985 0.355598 5.9607 0.869892 0.093776 -0.006873
249600 -3136.11127553 402.80983317 0.344282 5.9607 0.869892 0.093776 -0.100965
249700 -3128.56354583 391.84724431 0.334912 5.9607 0.869892 0.093776 -0.030519
249800 -3114.04585541 374.79938606 0.320341 5.9607 0.869892 0.093776 0.053154
249900 -3134.87995018 379.60744737 0.324451 5.9607 0.869892 0.093776 -0.101161
250000 -3126.31193832 381.27233277 0.325874 5.9658 0.864958 0.092960 -0.010764
250100 -3120.27137269 373.03295421 0.318832 5.9658 0.864958 0.092960 0.046120
250200 -3122.99869266 382.85085710 0.327223 5.9658 0.864958 0.092960 0.027714
250300 -3124.64928262 391.46791203 0.334588 5.9658 0.864958 0.092960 0.021152
250400 -3142.45749086 402.84386633 0.344311 5.9658 0.864958 0.092960 -0.076022
250500 -3109.38678589 376.80789739 0.322058 5.9556 0.869527 0.095068 0.117518
250600 -3122.31137161 379.66058643 0.324496 5.9556 0.869527 0.095068 0.013248
250700 -3125.40995082 393.93369430 0.336695 5.9556 0.869527 0.095068 0.035779
250800 -3120.65261559 381.96171742 0.326463 5.9556 0.869527 0.095068 0.039018
250900 -3121.64302632 397.33393644 0.339602 5.9556 0.869527 0.095068 0.013393
251000 -3114.27744764 392.37208415 0.335361 5.9402 0.861285 0.097373 0.105840
251100 -3117.17089653 399.76626940 0.341681 5.9402 0.861285 0.097373 0.055760
251200 -3111.50563983 390.64326946 0.333883 5.9402 0.861285 0.097373 0.047287
251300 -3104.30110877 394.45963301 0.337145 5.9402 0.861285 0.097373 0.122678
251400 -3120.27403450 399.36362287 0.341336 5.9402 0.861285 0.097373 -0.018672
251500 -3095.67219937 388.12472902 0.331731 5.9453 0.860094 0.096567 0.127487
251600 -3119.15550930 400.16198108 0.342019 5.9453 0.860094 0.096567 -0.037791
251700 -3104.71137990 395.81379151 0.338302 5.9453 0.860094 0.096567 0.057290
251800 -3108.60617063 404.92399346 0.346089 5.9453 0.860094 0.096567 0.027986
251900 -3099.47982668 375.39543745 0.320851 5.9453 0.860094 0.096567 0.066170
252000 -3110.62734031 389.49090451 0.332898 5.9487 0.856188 0.095286 -0.013320
252100 -3117.13791707 387.66545127 0.331338 5.9487 0.856188 0.095286 -0.031664
252200 -3126.02158044 386.44314849 0.330293 5.9487 0.856188 0.095286 -0.089072
252300 -3119.78060315 399.57093008 0.341514 5.9487 0.856188 0.095286 -0.043708
252400 -3104.14212963 399.76721411 0.341681 5.9487 0.856188 0.095286 0.072982
252500 -3110.55768111 390.80747489 0.334023 5.9658 0.860003 0.094258 0.008166
252600 -3130.82476932 390.04099792 0.333368 5.9658 0.860003 0.094258 -0.111641
252700 -3126.46108477 409.79968939 0.350256 5.9658 0.860003 0.094258 -0.064810
252800 -3123.12703384 411.20340232 0.351456 5.9658 0.860003 0.094258 -0.030945
252900 -3109.61976493 412.38744398 0.352468 5.9658 0.860003 0.094258 0.003296
253000 -3099.74793734 386.95948750 0.330735 5.9470 0.857781 0.096433 0.079324
253100 -3129.28161995 397.30711201 0.339579 5.9470 0.857781 0.096433 -0.093408
253200 -3122.26679712 402.84671757 0.344313 5.9470 0.857781 0.096433 0.024220
253300 -3094.72950739 400.91371002 0.342661 5.9470 0.857781 0.096433 0.077960
253400 -3081.26522642 399.60752199 0.341545 5.9470 0.857781 0.096433 0.150932
253500 -3113.09323646 406.47696456 0.347416 5.9573 0.868313 0.095977 -0.089954
253600 -3112.56735971 394.71391931 0.337362 5.9573 0.868313 0.095977 -0.069139
253700 -3112.33350390 391.73836278 0.334819 5.9573 0.868313 0.095977 -0.046508
253800 -3116.75578942 384.69137495 0.328796 5.9573 0.868313 0.095977 -0.076749
253900 -3114.56260859 408.19266645 0.348883 5.9573 0.868313 0.095977 -0.003749
254000 -3108.80511495 404.53684763 0.345758 5.9641 0.866576 0.094933 0.014222
254100 -3118.98532104 405.11907092 0.346256 5.9641 0.866576 0.094933 -0.029406
254200 -3095.00033840 391.62907584 0.334726 5.9641 0.866576 0.094933 0.097026
254300 -3116.45870489 393.51389011 0.336337 5.9641 0.866576 0.094933 -0.027200
254400 -3110.54860426 387.52476744 0.331218 5.9641 0.866576 0.094933 0.009525
254500 -3111.09076266 395.10682781 0.337698 5.9590 0.865162 0.095393 0.006592
254600 -3118.69294433 379.85413244 0.324662 5.9590 0.865162 0.095393 -0.033663
254700 -3123.26744634 395.55394841 0.338080 5.9590 0.865162 0.095393 -0.021788
254800 -3121.94600166 395.03732646 0.337639 5.9590 0.865162 0.095393 -0.012738
254900 -3103.34574138 396.86132993 0.339198 5.9590 0.865162 0.095393 0.078478
255000 -3113.34914620 390.96206927 0.334156 5.9556 0.865864 0.093361 0.030225
255100 -3126.59978033 411.84126040 0.352001 5.9556 0.865864 0.093361 -0.049576
255200 -3111.99156898 399.94291879 0.341832 5.9556 0.865864 0.093361 0.026676
255300 -3107.97576381 410.50409166 0.350858 5.9556 0.865864 0.093361 0.043419
255400 -3117.82468972 386.01230415 0.329925 5.9556 0.865864 0.093361 -0.035078
255500 -3115.70764568 409.85662939 0.350305 5.9470 0.860872 0.098302 0.016250
255600 -3092.27419941 397.26800262 0.339545 5.9470 0.860872 0.098302 0.086159
255700 -3110.27556115 417.94701015 0.357220 5.9470 0.860872 0.098302 -0.043309
255800 -3111.56087325 394.23869125 0.336956 5.9470 0.860872 0.098302 -0.033878
255900 -3114.25034704 364.29108307 0.311360 5.9470 0.860872 0.098302 -0.030900
256000 -3127.98976928 388.83633498 0.332339 5.9419 0.873279 0.093933 -0.102496
256100 -3125.81885106 392.68388028 0.335627 5.9419 0.873279 0.093933 -0.044647
256200 -3121.63505049 397.88096277 0.340069 5.9419 0.873279 0.093933 -0.041201
256300 -3099.35202130 387.42989151 0.331137 5.9419 0.873279 0.093933 0.069198
256400 -3098.16668612 409.09553617 0.349654 5.9419 0.873279 0.093933 0.094719
256500 -3097.88328074 407.15741722 0.347998 5.9333 0.856991 0.098773 0.093730
256600 -3091.06792427 394.04612003 0.336792 5.9333 0.856991 0.098773 0.068129
256700 -3103.38481329 403.12377189 0.344550 5.9333 0.856991 0.098773 -0.034180
256800 -3109.37155126 399.62395005 0.341559 5.9333 0.856991 0.098773 -0.083455
256900 -3130.86846860 417.33539676 0.356697 5.9333 0.856991 0.098773 -0.169601
257000 -3098.19017794 398.20244962 0.340344 5.9504 0.856482 0.100711 0.024265
257100 -3105.04265222 405.11402805 0.346251 5.9504 0.856482 0.100711 -0.034752
257200 -3114.88650661 411.06415747 0.351337 5.9504 0.856482 0.100711 -0.097382
257300 -3124.82335287 400.88190429 0.342634 5.9504 0.856482 0.100711 -0.103463
257400 -3111.59251493 402.85828160 0.344323 5.9504 0.856482 0.100711 -0.013582
257500 -3105.58994578 397.20588687 0.339492 5.9573 0.860826 0.096651 0.030952
257600 -3109.46758394 389.10120712 0.332565 5.9573 0.860826 0.096651 0.007379
257700 -3123.64472019 415.12670492 0.354809 5.9573 0.860826 0.096651 -0.034145
257800 -3088.87407432 395.03819881 0.337639 5.9573 0.860826 0.096651 0.148695
257900 -3096.30483584 405.79923610 0.346837 5.9573 0.860826 0.096651 0.040430
258000 -3114.36023890 401.14511428 0.342859 5.9487 0.863673 0.094636 -0.067441
258100 -3115.79731034 419.61992282 0.358650 5.9487 0.863673 0.094636 -0.064665
258200 -3090.55702067 376.89291686 0.322131 5.9487 0.863673 0.094636 0.061707
258300 -3101.45362313 390.83002891 0.334043 5.9487 0.863673 0.094636 0.038121
258400 -3106.34710562 377.11580773 0.322321 5.9487 0.863673 0.094636 -0.004677
258500 -3104.44087210 407.88924993 0.348623 5.9453 0.857417 0.098537 0.077075
258600 -3087.07207762 410.74462087 0.351064 5.9453 0.857417 0.098537 0.092667
258700 -3091.41063701 412.81589922 0.352834 5.9453 0.857417 0.098537 0.095702
258800 -3087.64651938 403.57420099 0.344935 5.9453 0.857417 0.098537 0.048810
258900 -3099.83836851 394.87525627 0.337500 5.9453 0.857417 0.098537 -0.040776
259000 -3091.86935555 388.99947092 0.332478 5.9402 0.848043 0.100874 0.014489
259100 -3093.55522589 401.94510803 0.343543 5.9402 0.848043 0.100874 0.010814
259200 -3099.87944810 402.30264475 0.343848 5.9402 0.848043 0.100874 -0.019124
259300 -3096.28095491 382.81404788 0.327191 5.9402 0.848043 0.100874 -0.046830
259400 -3108.94880347 390.15147305 0.333463 5.9402 0.848043 0.100874 -0.095355
259500 -3100.33305420 381.81947014 0.326341 5.9470 0.857089 0.098080 0.024275
259600 -3103.15413180 371.66659750 0.317664 5.9470 0.857089 0.098080 -0.023905
259700 -3104.07800374 396.51266168 0.338900 5.9470 0.857089 0.098080 0.043134
259800 -3102.76867883 391.70529319 0.334791 5.9470 0.857089 0.098080 -0.009618
259900 -3118.61120408 398.90066332 0.340941 5.9470 0.857089 0.098080 -0.089115
260000 -3090.07667220 378.18126657 0.323232 5.9624 0.858101 0.098004 0.097202
260100 -3106.79238990 399.03057907 0.341052 5.9624 0.858101 0.098004 0.018339
260200 -3097.47578251 379.86880588 0.324674 5.9624 0.858101 0.098004 0.062783
260300 -3117.27605594 391.37425956 0.334508 5.9624 0.858101 0.098004 -0.063829
260400 -3108.01397936 418.78561430 0.357936 5.9624 0.858101 0.098004 0.012265
260500 -3098.70024254 411.84889132 0.352008 5.9607 0.859925 0.098309 0.050110
260600 -3108.02264771 392.70143063 0.335642 5.9607 0.859925 0.098309 -0.034143
260700 -3101.00017657 396.80317320 0.339148 5.9607 0.859925 0.098309 0.076779
260800 -3111.29453641 407.18173005 0.348019 5.9607 0.859925 0.098309 -0.002989
260900 -3118.84894868 419.39648237 0.358459 5.9607 0.859925 0.098309 -0.044828
261000 -3108.00383749 422.16431818 0.360824 5.9607 0.861938 0.094940 -0.026974
261100 -3110.28283278 406.30882238 0.347272 5.9607 0.861938 0.094940 -0.040820
261200 -3127.81395505 414.20498247 0.354021 5.9607 0.861938 0.094940 -0.147913
261300 -3100.98565075 410.85169893 0.351155 5.9607 0.861938 0.094940 0.056481
261400 -3098.99756671 388.49325553 0.332046 5.9607 0.861938 0.094940 0.065339
261500 -3109.75146480 407.73341041 0.348490 5.9607 0.859712 0.097099 -0.019016
261600 -3094.46603365 403.96153572 0.345266 5.9607 0.859712 0.097099 0.056698
261700 -3113.52554820 396.02207013 0.338480 5.9607 0.859712 0.097099 -0.044898
261800 -3107.88654149 395.04753800 0.337647 5.9607 0.859712 0.097099 0.026288
261900 -3117.97560820 409.53830367 0.350033 5.9607 0.859712 0.097099 -0.029610
262000 -3114.62839792 418.33882492 0.357555 5.9641 0.864624 0.093256 -0.058276
262100 -3107.50054032 408.80987870 0.349410 5.9641 0.864624 0.093256 -0.040334
262200 -3103.24065265 401.29663297 0.342989 5.9641 0.864624 0.093256 0.040515
262300 -3107.27435779 381.72575173 0.326261 5.9641 0.864624 0.093256 -0.012464
262400 -3128.25969793 410.31119432 0.350693 5.9641 0.864624 0.093256 -0.100269
262500 -3107.19815937 394.67605111 0.337330 5.9504 0.864991 0.097177 0.046565
262600 -3132.98508308 385.95770517 0.329878 5.9504 0.864991 0.097177 -0.143553
262700 -3126.39471246 393.19392469 0.336063 5.9504 0.864991 0.097177 -0.053176
262800 -3108.30206412 397.29452441 0.339568 5.9504 0.864991 0.097177 0.042540
262900 -3096.95666865 392.36234444 0.335352 5.9504 0.864991 0.097177 0.129322
263000 -3089.19753510 406.06425100 0.347063 5.9521 0.844412 0.099899 0.111217
263100 -3104.34163291 417.68375423 0.356995 5.9521 0.844412 0.099899 0.005539
263200 -3098.21185639 404.50541007 0.345731 5.9521 0.844412 0.099899 0.009647
263300 -3093.14596892 411.79334798 0.351960 5.9521 0.844412 0.099899 0.001541
263400 -3091.35215947 409.04451059 0.349611 5.9521 0.844412 0.099899 0.046480
263500 -3094.74036017 404.07904855 0.345367 5.9556 0.842248 0.100526 0.004206
263600 -3110.64096902 391.81594302 0.334885 5.9556 0.842248 0.100526 -0.088690
263700 -3106.70911722 387.04903274 0.330811 5.9556 0.842248 0.100526 -0.059661
263800 -3102.97513845 386.17322264 0.330063 5.9556 0.842248 0.100526 -0.008232
263900 -3110.92398936 396.67325314 0.339037 5.9556 0.842248 0.100526 -0.024536
264000 -3096.97703170 399.92439824 0.341816 5.9453 0.860404 0.100571 0.064541
264100 -3102.25682943 378.52514762 0.323526 5.9453 0.860404 0.100571 0.014105
264200 -3109.63507555 399.42464494 0.341389 5.9453 0.860404 0.100571 -0.029228
264300 -3099.65341765 407.61249634 0.348387 5.9453 0.860404 0.100571 0.068176
264400 -3110.42583252 408.39749313 0.349058 5.9453 0.860404 0.100571 0.006855
264500 -3100.22739937 390.94791723 0.334144 5.9470 0.855140 0.098141 0.005230
264600 -3111.01419451 375.31612786 0.320783 5.9470 0.855140 0.098141 -0.040829
264700 -3098.94293573 382.66964165 0.327068 5.9470 0.855140 0.098141 0.031639
264800 -3117.99234672 398.39729141 0.340511 5.9470 0.855140 0.098141 -0.060484
264900 -3110.08183198 406.07414329 0.347072 5.9470 0.855140 0.098141 -0.012456
265000 -3106.03416495 407.43050102 0.348231 5.9590 0.860978 0.094592 -0.002757
265100 -3085.03636949 385.03722395 0.329092 5.9590 0.860978 0.094592 0.106500
265200 -3110.81527854 417.73713941 0.357040 5.9590 0.860978 0.094592 -0.038902
265300 -3099.89176483 407.69653961 0.348459 5.9590 0.860978 0.094592 0.023678
265400 -3081.19552804 390.27681839 0.333570 5.9590 0.860978 0.094592 0.136553
265500 -3098.64730401 401.87665123 0.343484 5.9538 0.860362 0.096037 0.002928
265600 -3094.69952678 406.38401010 0.347337 5.9538 0.860362 0.096037 0.007010
265700 -3097.21392942 400.55539891 0.342355 5.9538 0.860362 0.096037 0.005474
265800 -3093.33223159 398.52866817 0.340623 5.9538 0.860362 0.096037 0.009708
265900 -3087.75708449 408.76805631 0.349374 5.9538 0.860362 0.096037 0.072967
266000 -3095.74399051 415.76851662 0.355358 5.9419 0.860134 0.101169 0.014502
266100 -3100.98640134 403.85029147 0.345171 5.9419 0.860134 0.101169 -0.008073
266200 -3098.06812722 400.03956123 0.341914 5.9419 0.860134 0.101169 -0.012664
266300 -3111.39258915 407.23255034 0.348062 5.9419 0.860134 0.101169 -0.068218
266400 -3096.13536869 399.37889606 0.341349 5.9419 0.860134 0.101169 0.031088
266500 -3086.27190658 392.96685766 0.335869 5.9538 0.854444 0.100064 0.089490
266600 -3094.81684627 395.68724966 0.338194 5.9538 0.854444 0.100064 0.072290
266700 -3104.75627941 414.35452327 0.354149 5.9538 0.854444 0.100064 -0.027660
266800 -3087.65293644 392.05491945 0.335090 5.9538 0.854444 0.100064 0.071126
266900 -3122.94084036 401.60989387 0.343256 5.9538 0.854444 0.100064 -0.108563
267000 -3109.85089156 404.23577053 0.345501 5.9385 0.861361 0.100662 -0.032223
267100 -3106.50591997 384.20866080 0.328383 5.9385 0.861361 0.100662 -0.059464
267200 -3097.67534443 393.56867586 0.336383 5.9385 0.861361 0.100662 0.024598
267300 -3104.00640694 398.31884211 0.340443 5.9385 0.861361 0.100662 -0.010002
267400 -3103.11931498 384.44817188 0.328588 5.9385 0.861361 0.100662 -0.007654
267500 -3099.44280565 393.32625789 0.336176 5.9385 0.853133 0.100715 0.054486
267600 -3090.75799367 402.57671515 0.344083 5.9385 0.853133 0.100715 0.062208
267700 -3117.38327584 411.74928242 0.351922 5.9385 0.853133 0.100715 -0.096507
267800 -3099.30676079 375.25706574 0.320733 5.9385 0.853133 0.100715 -0.018791
267900 -3104.11870411 378.00773052 0.323084 5.9385 0.853133 0.100715 -0.034879
268000 -3110.02492667 404.31768141 0.345571 5.9470 0.868206 0.097309 -0.016753
268100 -3117.53082130 406.17223757 0.347156 5.9470 0.868206 0.097309 -0.087388
268200 -3132.62715479 408.65159476 0.349275 5.9470 0.868206 0.097309 -0.199303
268300 -3113.96758192 395.50465781 0.338038 5.9470 0.868206 0.097309 -0.051038
268400 -3106.48076614 393.56726995 0.336382 5.9470 0.868206 0.097309 0.052160
268500 -3101.04895625 393.15272858 0.336028 5.9419 0.864499 0.096548 0.063561
268600 -3099.76131142 399.26560992 0.341253 5.9419 0.864499 0.096548 0.028228
268700 -3098.50661695 390.64340025 0.333883 5.9419 0.864499 0.096548 0.018552
268800 -3114.85984838 399.67370501 0.341601 5.9419 0.864499 0.096548 -0.040545
268900 -3111.82399006 418.93302128 0.358062 5.9419 0.864499 0.096548 0.005641
269000 -3114.30923461 411.53762143 0.351742 5.9436 0.861746 0.095648 -0.020368
269100 -3101.85024348 409.71807829 0.350186 5.9436 0.861746 0.095648 0.019472
269200 -3093.95706853 421.04421011 0.359867 5.9436 0.861746 0.095648 0.036192
269300 -3097.84636771 420.05454424 0.359021 5.9436 0.861746 0.095648 -0.014557
269400 -3089.01964273 404.76815588 0.345956 5.9436 0.861746 0.095648 0.016028
269500 -3099.89702680 399.69521419 0.341620 5.9624 0.855581 0.096357 -0.035819
269600 -3095.17396650 393.86699248 0.336638 5.9624 0.855581 0.096357 0.010225
269700 -3096.23962788 400.91188645 0.342660 5.9624 0.855581 0.096357 -0.027061
269800 -3088.51241794 394.93554453 0.337552 5.9624 0.855581 0.096357 0.079775
269900 -3090.25896016 388.79261961 0.332301 5.9624 0.855581 0.096357 0.070465
270000 -3093.32971401 408.24790126 0.348930 5.9538 0.852186 0.098610 -0.006477
270100 -3096.54165965 413.46111879 0.353386 5.9538 0.852186 0.098610 0.013796
270200 -3090.35874139 393.67640447 0.336476 5.9538 0.852186 0.098610 -0.045257
270300 -3094.94109492 399.74807881 0.341665 5.9538 0.852186 0.098610 0.006795
270400 -3097.40147160 407.14966144 0.347991 5.9538 0.852186 0.098610 -0.024558
270500 -3071.47370084 378.86367835 0.323815 5.9504 0.855335 0.099009 0.083854
270600 -3095.87055559 417.05750607 0.356459 5.9504 0.855335 0.099009 -0.013025
270700 -3106.47678370 401.30669815 0.342997 5.9504 0.855335 0.099009 -0.092228
270800 -3096.48065087 390.08835439 0.333409 5.9504 0.855335 0.099009 -0.014339
270900 -3096.58312232 398.95818273 0.340990 5.9504 0.855335 0.099009 -0.013630
271000 -3111.85013212 410.40327350 0.350772 5.9487 0.856571 0.097631 -0.070168
271100 -3082.66985694 394.18623639 0.336911 5.9487 0.856571 0.097631 0.061228
271200 -3101.29426456 406.79522678 0.347688 5.9487 0.856571 0.097631 -0.020160
271300 -3120.87825735 387.15428050 0.330901 5.9487 0.856571 0.097631 -0.162331
271400 -3122.66531822 388.17851373 0.331777 5.9487 0.856571 0.097631 -0.100084
271500 -3102.96023773 391.86909854 0.334931 5.9504 0.858514 0.099456 0.047745
271600 -3103.55424455 404.60654319 0.345818 5.9504 0.858514 0.099456 0.050783
271700 -3101.08788388 404.80669695 0.345989 5.9504 0.858514 0.099456 0.058332
271800 -3101.51335349 396.68938467 0.339051 5.9504 0.858514 0.099456 -0.009120
271900 -3105.24942050 390.96093702 0.334155 5.9504 0.858514 0.099456 -0.020922
272000 -3107.43100718 384.45070423 0.328590 5.9573 0.855885 0.097415 -0.029546
272100 -3103.64868898 390.41393679 0.333687 5.9573 0.855885 0.097415 0.030981
272200 -3118.47744582 411.04090885 0.351317 5.9573 0.855885 0.097415 -0.015249
272300 -3108.22854871 394.38621933 0.337082 5.9573 0.855885 0.097415 0.041672
272400 -3103.81573321 394.95978189 0.337572 5.9573 0.855885 0.097415 0.045359
272500 -3115.30139046 394.41041367 0.337103 5.9556 0.867848 0.094398 -0.025539
272600 -3109.84785999 407.49016743 0.348282 5.9556 0.867848 0.094398 0.004614
272700 -3107.82350765 392.40067579 0.335385 5.9556 0.867848 0.094398 0.006830
272800 -3118.63482883 399.84688592 0.341749 5.9556 0.867848 0.094398 -0.045515
272900 -3127.17858074 396.79169241 0.339138 5.9556 0.867848 0.094398 -0.124917
273000 -3107.83110903 393.75159400 0.336540 5.9590 0.869411 0.093741 0.054290
273100 -3122.89921200 405.81856824 0.346853 5.9590 0.869411 0.093741 -0.069348
273200 -3120.03194337 383.08842092 0.327426 5.9590 0.869411 0.093741 -0.053209
273300 -3128.08815188 405.58354545 0.346653 5.9590 0.869411 0.093741 -0.038778
273400 -3135.95455070 407.73691006 0.348493 5.9590 0.869411 0.093741 -0.080028
273500 -3112.22918519 397.40896576 0.339666 5.9402 0.866867 0.096847 0.063338
273600 -3120.24202719 389.61788116 0.333007 5.9402 0.866867 0.096847 -0.033825
273700 -3122.08831661 407.03108913 0.347890 5.9402 0.866867 0.096847 -0.052031
273800 -3119.72114213 399.00277957 0.341028 5.9402 0.866867 0.096847 0.009692
273900 -3106.52461005 387.62290475 0.331302 5.9402 0.866867 0.096847 0.087205
274000 -3109.47447365 388.64265718 0.332173 5.9504 0.872392 0.094178 0.085874
274100 -3129.49109842 371.67031969 0.317667 5.9504 0.872392 0.094178 -0.058532
274200 -3134.34820288 392.57522405 0.335534 5.9504 0.872392 0.094178 -0.098038
274300 -3124.14691863 382.38103615 0.326821 5.9504 0.872392 0.094178 0.014887
274400 -3126.99220966 387.34974832 0.331068 5.9504 0.872392 0.094178 0.005123
274500 -3119.82885925 387.25144719 0.330984 5.9402 0.870625 0.094174 -0.019874
274600 -3118.27887842 393.21213080 0.336079 5.9402 0.870625 0.094174 0.014683
274700 -3126.07213058 399.15190763 0.341155 5.9402 0.870625 0.094174 -0.023272
274800 -3104.64206767 398.15198340 0.340301 5.9402 0.870625 0.094174 0.101282
274900 -3110.70284944 408.27709060 0.348955 5.9402 0.870625 0.094174 0.033311
275000 -3097.77386337 388.10241055 0.331711 5.9436 0.854348 0.098259 0.070616
275100 -3129.66146213 399.28352280 0.341268 5.9436 0.854348 0.098259 -0.136380
275200 -3119.41556519 401.49576490 0.343159 5.9436 0.854348 0.098259 -0.027938
275300 -3107.46646656 392.58860330 0.335546 5.9436 0.854348 0.098259 0.021833
275400 -3115.44833616 402.91141382 0.344369 5.9436 0.854348 0.098259 -0.058786
275500 -3111.15880115 421.15742446 0.359964 5.9487 0.861484 0.095688 -0.001990
275600 -3116.86159595 392.62848825 0.335580 5.9487 0.861484 0.095688 -0.060068
275700 -3120.83538000 398.77021671 0.340829 5.9487 0.861484 0.095688 -0.065995
275800 -3111.83214237 411.52554894 0.351731 5.9487 0.861484 0.095688 -0.022781
275900 -3110.37488317 396.12437391 0.338568 5.9487 0.861484 0.095688 -0.029077
276000 -3109.20622951 412.86900276 0.352879 5.9470 0.869585 0.096101 -0.013392
276100 -3097.11146224 391.00379312 0.334191 5.9470 0.869585 0.096101 0.078346
276200 -3111.77298370 395.98118530 0.338445 5.9470 0.869585 0.096101 -0.044797
276300 -3103.60289795 372.22884344 0.318144 5.9470 0.869585 0.096101 0.013608
276400 -3099.22429094 368.08858517 0.314606 5.9470 0.869585 0.096101 0.017829
276500 -3100.91436415 389.15133045 0.332608 5.9607 0.864007 0.095022 0.065789
276600 -3105.73463942 397.46333142 0.339712 5.9607 0.864007 0.095022 0.029144
276700 -3112.01186386 409.09751429 0.349656 5.9607 0.864007 0.095022 -0.002780
276800 -3121.37870474 403.54896886 0.344914 5.9607 0.864007 0.095022 -0.045506
276900 -3123.39671182 401.13976672 0.342855 5.9607 0.864007 0.095022 -0.074589
277000 -3125.60988799 388.40401321 0.331969 5.9607 0.871604 0.092107 -0.074575
277100 -3117.61413972 390.82211682 0.334036 5.9607 0.871604 0.092107 -0.000417
277200 -3132.72011879 396.92148205 0.339249 5.9607 0.871604 0.092107 -0.072735
277300 -3138.18259099 398.49477495 0.340594 5.9607 0.871604 0.092107 -0.099445
277400 -3125.43453598 401.25593978 0.342954 5.9607 0.871604 0.092107 -0.006638
277500 -3110.23410245 407.46911562 0.348264 5.9504 0.864596 0.098605 0.083874
277600 -3105.76547582 403.46297390 0.344840 5.9504 0.864596 0.098605 0.073130
277700 -3106.04838935 386.38350032 0.330242 5.9504 0.864596 0.098605 0.050176
277800 -3108.91651844 393.09310945 0.335977 5.9504 0.864596 0.098605 0.028135
277900 -3099.54951777 388.38169208 0.331950 5.9504 0.864596 0.098605 0.108020
278000 -3118.62730530 398.74576161 0.340808 5.9573 0.871151 0.093724 -0.054068
278100 -3090.73489073 388.05028582 0.331667 5.9573 0.871151 0.093724 0.122849
278200 -3107.18441750 401.09487354 0.342816 5.9573 0.871151 0.093724 0.032327
278300 -3123.46892315 403.76199664 0.345096 5.9573 0.871151 0.093724 -0.058341
278400 -3125.07107256 397.75903064 0.339965 5.9573 0.871151 0.093724 -0.114673
278500 -3126.97580512 403.93232102 0.345241 5.9573 0.865275 0.095758 -0.089063
278600 -3104.84230263 383.56246674 0.327831 5.9573 0.865275 0.095758 0.055919
278700 -3104.05211344 412.82775247 0.352844 5.9573 0.865275 0.095758 0.046430
278800 -3087.17217383 401.22755877 0.342930 5.9573 0.865275 0.095758 0.081926
278900 -3089.38400539 406.45829648 0.347400 5.9573 0.865275 0.095758 0.065246
279000 -3074.99036390 377.94227146 0.323028 5.9436 0.846606 0.102106 0.164605
279100 -3094.89519721 394.50229505 0.337181 5.9436 0.846606 0.102106 0.012576
279200 -3114.74073900 388.06779513 0.331682 5.9436 0.846606 0.102106 -0.103804
279300 -3103.25838525 379.33497553 0.324218 5.9436 0.846606 0.102106 -0.001590
279400 -3114.03120407 407.37136604 0.348181 5.9436 0.846606 0.102106 -0.067789
279500 -3106.81581431 400.48608724 0.342296 5.9487 0.860181 0.096500 0.019956
279600 -3098.48227161 387.01566341 0.330783 5.9487 0.860181 0.096500 0.046319
279700 -3114.26258105 383.87225296 0.328096 5.9487 0.860181 0.096500 -0.047558
279800 -3121.25623945 386.53461654 0.330371 5.9487 0.860181 0.096500 -0.090840
279900 -3103.94236018 393.29675516 0.336151 5.9487 0.860181 0.096500 0.080935
280000 -3099.80769621 370.91855762 0.317024 5.9504 0.861175 0.099765 0.066236
280100 -3091.08251734 385.61248068 0.329583 5.9504 0.861175 0.099765 0.093081
280200 -3115.76069206 393.09788955 0.335981 5.9504 0.861175 0.099765 -0.082872
280300 -3107.99608695 391.39453919 0.334525 5.9504 0.861175 0.099765 -0.030838
280400 -3107.33847993 390.62759708 0.333870 5.9504 0.861175 0.099765 0.009900
280500 -3110.23389481 388.61900134 0.332153 5.9504 0.866137 0.094900 0.014659
280600 -3112.37371148 387.78679592 0.331442 5.9504 0.866137 0.094900 0.003992
280700 -3112.60645393 393.96766910 0.336725 5.9504 0.866137 0.094900 -0.002056
280800 -3118.26208828 406.95648829 0.347826 5.9504 0.866137 0.094900 -0.036121
280900 -3119.41037629 384.28565750 0.328449 5.9504 0.866137 0.094900 -0.053497
281000 -3118.44698702 384.90734745 0.328981 5.9709 0.864079 0.093822 -0.042866
281100 -3119.27610895 405.27238812 0.346387 5.9709 0.864079 0.093822 0.004391
281200 -3100.12872025 405.10191381 0.346241 5.9709 0.864079 0.093822 0.120901
281300 -3116.90280409 411.30139963 0.351540 5.9709 0.864079 0.093822 -0.022055
281400 -3116.45081618 398.00353815 0.340174 5.9709 0.864079 0.093822 -0.016628
281500 -3101.71215206 384.14791595 0.328332 5.9607 0.858463 0.096316 0.031703
281600 -3134.34775788 408.59819076 0.349229 5.9607 0.858463 0.096316 -0.145296
281700 -3118.45551777 399.91604538 0.341809 5.9607 0.858463 0.096316 -0.008366
281800 -3093.02905170 409.14705152 0.349698 5.9607 0.858463 0.096316 0.143040
281900 -3111.67080664 410.44302037 0.350806 5.9607 0.858463 0.096316 -0.036292
282000 -3115.68168676 401.62651633 0.343271 5.9607 0.862006 0.094999 -0.065867
282100 -3100.03379147 387.11437795 0.330867 5.9607 0.862006 0.094999 0.069936
282200 -3101.58358215 397.01844580 0.339332 5.9607 0.862006 0.094999 0.044532
282300 -3106.01668923 409.19989025 0.349743 5.9607 0.862006 0.094999 0.024285
282400 -3092.62146196 398.94857648 0.340982 5.9607 0.862006 0.094999 0.078663
282500 -3096.49368713 387.54858463 0.331238 5.9590 0.857597 0.098148 0.025375
282600 -3102.85947579 409.88640552 0.350330 5.9590 0.857597 0.098148 -0.000812
282700 -3085.14999534 397.28930544 0.339564 5.9590 0.857597 0.098148 0.083016
282800 -3088.08719532 409.54610628 0.350039 5.9590 0.857597 0.098148 0.064567
282900 -3105.52639754 409.39427885 0.349910 5.9590 0.857597 0.098148 -0.063520
283000 -3095.26956549 397.65174326 0.339873 5.9573 0.858711 0.096963 0.005639
283100 -3106.00666893 402.40740810 0.343938 5.9573 0.858711 0.096963 -0.010946
283200 -3107.44647389 406.19524209 0.347175 5.9573 0.858711 0.096963 -0.009633
283300 -3093.02778499 407.20961719 0.348042 5.9573 0.858711 0.096963 0.038529
283400 -3113.70104258 390.16795023 0.333477 5.9573 0.858711 0.096963 -0.106536
283500 -3111.37055891 387.16954641 0.330914 5.9607 0.867714 0.094172 -0.094293
283600 -3112.20411528 394.91929293 0.337538 5.9607 0.867714 0.094172 -0.021834
283700 -3110.97047539 393.71588910 0.336509 5.9607 0.867714 0.094172 0.011012
283800 -3110.37683954 418.37597109 0.357586 5.9607 0.867714 0.094172 0.029932
283900 -3110.98404074 396.96000564 0.339282 5.9607 0.867714 0.094172 0.009591
284000 -3116.99940882 408.39938298 0.349059 5.9521 0.861283 0.095234 -0.033190
284100 -3094.28274859 389.40909410 0.332828 5.9521 0.861283 0.095234 0.086544
284200 -3096.51346636 385.38087078 0.329385 5.9521 0.861283 0.095234 0.064295
284300 -3112.56329802 401.59925843 0.343247 5.9521 0.861283 0.095234 -0.032229
284400 -3113.94944098 402.21851205 0.343777 5.9521 0.861283 0.095234 -0.019691
284500 -3117.96292496 387.96573701 0.331595 5.9470 0.862336 0.097845 -0.045417
284600 -3129.26363877 375.84857852 0.321238 5.9470 0.862336 0.097845 -0.097801
284700 -3127.10798509 376.99815914 0.322221 5.9470 0.862336 0.097845 -0.048614
284800 -3119.96368001 379.34871398 0.324230 5.9470 0.862336 0.097845 0.024567
284900 -3119.88172229 400.23244830 0.342079 5.9470 0.862336 0.097845 0.041214
285000 -3115.13269649 408.55506649 0.349192 5.9521 0.864039 0.096543 0.044484
285100 -3110.07808791 398.05527248 0.340218 5.9521 0.864039 0.096543 0.027833
285200 -3112.60410158 382.04326819 0.326533 5.9521 0.864039 0.096543 -0.042258
285300 -3117.87359097 391.75315566 0.334832 5.9521 0.864039 0.096543 -0.038807
285400 -3135.45999939 383.74446970 0.327987 5.9521 0.864039 0.096543 -0.097721
285500 -3139.34987632 381.01629274 0.325655 5.9624 0.871258 0.089433 -0.086191
285600 -3135.33138291 381.63818069 0.326186 5.9624 0.871258 0.089433 -0.010834
285700 -3117.37319665 387.60354987 0.331285 5.9624 0.871258 0.089433 0.094701
285800 -3131.15527293 385.28089930 0.329300 5.9624 0.871258 0.089433 0.007655
285900 -3136.81830744 373.87854174 0.319554 5.9624 0.871258 0.089433 -0.048363
286000 -3127.68568213 372.36253418 0.318259 5.9504 0.867891 0.092486 0.042932
286100 -3128.41492675 397.51107629 0.339753 5.9504 0.867891 0.092486 0.016594
286200 -3121.09711246 396.84756811 0.339186 5.9504 0.867891 0.092486 0.072842
286300 -3128.54413867 397.07037871 0.339376 5.9504 0.867891 0.092486 -0.003994
286400 -3123.29669212 417.01438913 0.356423 5.9504 0.867891 0.092486 0.012008
286500 -3109.86751728 385.59848847 0.329571 5.9453 0.860601 0.096939 0.077686
286600 -3101.02226582 399.78202650 0.341694 5.9453 0.860601 0.096939 0.097239
286700 -3118.38465100 396.22851998 0.338657 5.9453 0.860601 0.096939 -0.006397
286800 -3112.42321001 396.83746861 0.339177 5.9453 0.860601 0.096939 -0.013042
286900 -3097.38706478 390.44269832 0.333712 5.9453 0.860601 0.096939 0.072859
287000 -3105.54844090 404.89621863 0.346065 5.9658 0.858181 0.094289 0.038496
287100 -3099.08749513 398.91848096 0.340956 5.9658 0.858181 0.094289 0.039198
287200 -3105.01845850 400.34565938 0.342176 5.9658 0.858181 0.094289 0.016464
287300 -3096.12082423 397.56944536 0.339803 5.9658 0.858181 0.094289 0.048716
287400 -3076.54420319 388.70425042 0.332226 5.9658 0.858181 0.094289 0.173905
287500 -3090.24190038 390.99052014 0.334180 5.9556 0.850048 0.099898 0.056692
287600 -3101.47758151 396.82360184 0.339165 5.9556 0.850048 0.099898 -0.016711
287700 -3092.95634259 406.50178588 0.347437 5.9556 0.850048 0.099898 0.042182
287800 -3105.71838994 398.92211410 0.340959 5.9556 0.850048 0.099898 -0.049392
287900 -3114.47994551 398.26537495 0.340398 5.9556 0.850048 0.099898 -0.091255
288000 -3104.58436838 383.73898925 0.327982 5.9624 0.860058 0.097015 -0.047878
288100 -3101.44478266 388.85019394 0.332351 5.9624 0.860058 0.097015 0.013371
288200 -3104.08119870 402.64683430 0.344143 5.9624 0.860058 0.097015 0.013363
288300 -3104.56969281 414.78792117 0.354520 5.9624 0.860058 0.097015 -0.001862
288400 -3118.32678620 395.32412603 0.337884 5.9624 0.860058 0.097015 -0.100578
288500 -3105.40861936 403.23255594 0.344643 5.9487 0.863480 0.100749 0.056912
288600 -3082.18156962 407.30101568 0.348121 5.9487 0.863480 0.100749 0.161459
288700 -3099.00868501 429.84895771 0.367392 5.9487 0.863480 0.100749 0.018651
288800 -3089.28327177 406.77763788 0.347673 5.9487 0.863480 0.100749 0.063052
288900 -3086.52817848 414.53305775 0.354302 5.9487 0.863480 0.100749 0.063021
289000 -3090.56593424 417.85544280 0.357141 5.9504 0.858599 0.097182 -0.005221
289100 -3088.35309852 406.50555103 0.347441 5.9504 0.858599 0.097182 0.010275
289200 -3081.05456105 399.19879136 0.341196 5.9504 0.858599 0.097182 0.019352
289300 -3101.13305334 393.28178371 0.336138 5.9504 0.858599 0.097182 -0.075885
289400 -3101.32303472 375.60097103 0.321026 5.9504 0.858599 0.097182 -0.085995
289500 -3091.17536424 383.88390948 0.328106 5.9556 0.859300 0.098487 0.057100
289600 -3109.14051875 395.89123809 0.338369 5.9556 0.859300 0.098487 -0.020720
289700 -3111.34049433 397.00568443 0.339321 5.9556 0.859300 0.098487 -0.008698
289800 -3106.21323613 395.92717928 0.338399 5.9556 0.859300 0.098487 0.017237
289900 -3119.48662761 385.85920929 0.329794 5.9556 0.859300 0.098487 -0.077857
290000 -3111.08192685 385.87876542 0.329811 5.9453 0.858443 0.098026 0.008784
290100 -3111.45223702 377.37995751 0.322547 5.9453 0.858443 0.098026 -0.014327
290200 -3122.60206940 394.02421636 0.336773 5.9453 0.858443 0.098026 -0.063672
290300 -3126.80804344 408.22102427 0.348907 5.9453 0.858443 0.098026 -0.071696
290400 -3122.90607702 409.03913002 0.349606 5.9453 0.858443 0.098026 -0.037655
290500 -3120.46861973 420.42162479 0.359335 5.9487 0.856160 0.094872 -0.004411
290600 -3091.46790176 398.41792104 0.340528 5.9487 0.856160 0.094872 0.169440
290700 -3100.36688950 388.21156389 0.331805 5.9487 0.856160 0.094872 0.016280
290800 -3108.22668491 397.92841735 0.340110 5.9487 0.856160 0.094872 -0.007377
290900 -3108.26408587 408.12269318 0.348823 5.9487 0.856160 0.094872 -0.020246
291000 -3092.30150899 403.17815770 0.344597 5.9658 0.856320 0.098851 0.090795
291100 -3100.45184685 403.35562621 0.344748 5.9658 0.856320 0.098851 0.012232
291200 -3091.02683241 393.71383453 0.336508 5.9658 0.856320 0.098851 0.063413
291300 -3106.03700364 406.65711053 0.347570 5.9658 0.856320 0.098851 -0.014540
291400 -3101.17351204 397.51228617 0.339754 5.9658 0.856320 0.098851 0.075838
291500 -3096.06977873 398.08918205 0.340247 5.9419 0.859697 0.100304 0.091871
291600 -3091.94372213 398.46042553 0.340564 5.9419 0.859697 0.100304 0.076865
291700 -3109.13700639 411.18015295 0.351436 5.9419 0.859697 0.100304 0.004228
291800 -3090.89487565 387.80011018 0.331453 5.9419 0.859697 0.100304 0.098798
291900 -3089.95748854 399.61873121 0.341554 5.9419 0.859697 0.100304 0.099715
292000 -3090.53643788 412.90257624 0.352908 5.9487 0.864631 0.094952 0.056341
292100 -3095.47369129 400.41114051 0.342232 5.9487 0.864631 0.094952 0.064433
292200 -3083.93077618 400.68683838 0.342467 5.9487 0.864631 0.094952 0.041901
292300 -3097.96169380 388.89489081 0.332389 5.9487 0.864631 0.094952 -0.052602
292400 -3101.76032610 402.88296357 0.344344 5.9487 0.864631 0.094952 -0.034023
292500 -3089.69867164 408.67880978 0.349298 5.9299 0.846168 0.104831 0.038252
292600 -3095.60456277 408.24404861 0.348927 5.9299 0.846168 0.104831 -0.003328
292700 -3097.52771973 401.29775530 0.342990 5.9299 0.846168 0.104831 0.032888
292800 -3117.33796079 398.96837722 0.340999 5.9299 0.846168 0.104831 -0.100098
292900 -3098.31092578 396.87651580 0.339211 5.9299 0.846168 0.104831 0.047951
293000 -3094.10000475 391.62533491 0.334723 5.9282 0.861438 0.100246 0.090861
293100 -3109.64060646 383.31089047 0.327616 5.9282 0.861438 0.100246 -0.054232
293200 -3083.59318485 395.67679042 0.338185 5.9282 0.861438 0.100246 0.096520
293300 -3099.18900431 402.12178820 0.343694 5.9282 0.861438 0.100246 -0.018401
293400 -3109.00203314 419.40471646 0.358466 5.9282 0.861438 0.100246 -0.076771
293500 -3100.67413805 402.65550346 0.344150 5.9385 0.858967 0.095099 -0.042379
293600 -3091.93330273 388.40300008 0.331968 5.9385 0.858967 0.095099 0.031104
293700 -3081.44597066 383.94568384 0.328159 5.9385 0.858967 0.095099 0.085363
293800 -3099.15658388 400.33676144 0.342168 5.9385 0.858967 0.095099 -0.001421
293900 -3091.29817793 411.24767171 0.351494 5.9385 0.858967 0.095099 0.058322
294000 -3100.77164629 405.22072612 0.346343 5.9419 0.858288 0.096131 -0.043625
294100 -3081.37865861 385.86821923 0.329802 5.9419 0.858288 0.096131 0.056294
294200 -3078.55787286 391.46117722 0.334582 5.9419 0.858288 0.096131 0.104559
294300 -3100.83194903 411.57060695 0.351770 5.9419 0.858288 0.096131 -0.058299
294400 -3090.49896979 391.65577255 0.334749 5.9419 0.858288 0.096131 -0.011863
294500 -3097.70279077 393.38733940 0.336228 5.9436 0.862645 0.099474 -0.026269
294600 -3093.83771289 380.80566192 0.325475 5.9436 0.862645 0.099474 0.024354
294700 -3098.61580399 395.68699578 0.338194 5.9436 0.862645 0.099474 -0.003219
294800 -3103.45840446 402.25549739 0.343808 5.9436 0.862645 0.099474 -0.012451
294900 -3102.53930149 386.28802209 0.330161 5.9436 0.862645 0.099474 -0.037771
295000 -3111.94453574 407.03159622 0.347890 5.9521 0.858674 0.095613 -0.083924
295100 -3092.53352618 385.84010445 0.329778 5.9521 0.858674 0.095613 0.022823
295200 -3100.39567306 394.76719398 0.337408 5.9521 0.858674 0.095613 0.024938
295300 -3113.06140848 404.18827262 0.345460 5.9521 0.858674 0.095613 -0.059643
295400 -3092.91365219 388.77132114 0.332283 5.9521 0.858674 0.095613 0.025515
295500 -3119.96149097 406.72620655 0.347629 5.9573 0.863462 0.094787 -0.156716
295600 -3092.59605578 388.98540954 0.332466 5.9573 0.863462 0.094787 0.022705
295700 -3087.66878375 393.76636962 0.336552 5.9573 0.863462 0.094787 0.112792
295800 -3098.58300017 399.32342187 0.341302 5.9573 0.863462 0.094787 -0.027892
295900 -3096.08751784 407.91738670 0.348647 5.9573 0.863462 0.094787 0.012476
296000 -3098.02129352 404.95497975 0.346115 5.9504 0.857131 0.099354 0.005793
296100 -3089.58806917 391.01279965 0.334199 5.9504 0.857131 0.099354 0.066702
296200 -3097.16308396 387.85139060 0.331497 5.9504 0.857131 0.099354 0.012836
296300 -3083.05457405 397.60537853 0.339834 5.9504 0.857131 0.099354 0.095553
296400 -3108.52355204 403.05086470 0.344488 5.9504 0.857131 0.099354 -0.070787
296500 -3121.79392138 398.25315839 0.340387 5.9487 0.868459 0.095398 -0.152613
296600 -3125.14318087 396.90754652 0.339237 5.9487 0.868459 0.095398 -0.092622
296700 -3096.44615911 389.51004100 0.332915 5.9487 0.868459 0.095398 0.080250
296800 -3116.96710671 386.57443879 0.330406 5.9487 0.868459 0.095398 -0.042949
296900 -3118.66758218 379.65036420 0.324487 5.9487 0.868459 0.095398 -0.027997
297000 -3122.97929384 405.42865920 0.346520 5.9385 0.869584 0.097056 -0.023938
297100 -3114.13459645 405.77319917 0.346815 5.9385 0.869584 0.097056 0.017099
297200 -3106.99262858 382.68253313 0.327079 5.9385 0.869584 0.097056 0.012468
297300 -3101.43776571 400.22844957 0.342076 5.9385 0.869584 0.097056 0.111491
297400 -3105.42084815 418.21462969 0.357448 5.9385 0.869584 0.097056 0.002948
297500 -3104.16958726 405.41506820 0.346509 5.9368 0.866088 0.100834 -0.032077
297600 -3109.07847947 395.43481979 0.337978 5.9368 0.866088 0.100834 -0.062171
297700 -3105.37203627 396.10577667 0.338552 5.9368 0.866088 0.100834 -0.048350
297800 -3093.78115709 390.33809158 0.333622 5.9368 0.866088 0.100834 0.025319
297900 -3111.55076103 423.68316770 0.362122 5.9368 0.866088 0.100834 -0.086245
298000 -3092.73576322 396.37603735 0.338783 5.9453 0.861381 0.097101 0.043324
298100 -3097.13194204 408.19949083 0.348888 5.9453 0.861381 0.097101 0.013965
298200 -3106.12260697 379.26715062 0.324160 5.9453 0.861381 0.097101 -0.035991
298300 -3113.72874089 401.16493999 0.342876 5.9453 0.861381 0.097101 -0.040356
298400 -3114.37078170 399.60403662 0.341542 5.9453 0.861381 0.097101 -0.046660
298500 -3120.43503401 398.33190993 0.340455 5.9385 0.874102 0.093946 -0.057114
298600 -3126.58972603 404.20656105 0.345476 5.9385 0.874102 0.093946 -0.089383
298700 -3121.64941004 395.04602647 0.337646 5.9385 0.874102 0.093946 -0.069069
298800 -3113.64714085 396.82732942 0.339169 5.9385 0.874102 0.093946 -0.020692
298900 -3110.74419744 378.81142658 0.323770 5.9385 0.874102 0.093946 0.001190
299000 -3115.47680251 373.60505657 0.319321 5.9350 0.870039 0.097834 -0.022761
299100 -3100.51570645 398.04160084 0.340206 5.9350 0.870039 0.097834 0.102975
299200 -3103.35798000 405.61541636 0.346680 5.9350 0.870039 0.097834 0.036026
299300 -3106.28161957 417.00132024 0.356411 5.9350 0.870039 0.097834 -0.012538
299400 -3087.32279725 400.96443671 0.342705 5.9350 0.870039 0.097834 0.096506
299500 -3091.96604287 392.66125862 0.335608 5.9590 0.853080 0.097145 0.023648
299600 -3100.69637352 397.84346615 0.340037 5.9590 0.853080 0.097145 -0.003996
299700 -3098.92869633 405.17126042 0.346300 5.9590 0.853080 0.097145 0.058571
299800 -3089.91208840 387.07501489 0.330833 5.9590 0.853080 0.097145 0.074334
299900 -3098.07504418 376.18272962 0.321524 5.9590 0.853080 0.097145 -0.015110
300000 -3110.53408486 394.88060303 0.337505 5.9419 0.861243 0.096403 -0.055890
300100 -3106.66708422 411.16488994 0.351423 5.9419 0.861243 0.096403 -0.008749
300200 -3108.11658604 390.89071715 0.334095 5.9419 0.861243 0.096403 -0.008129
300300 -3104.75223207 392.14170986 0.335164 5.9419 0.861243 0.096403 0.048637
300400 -3119.98414606 400.43038397 0.342248 5.9419 0.861243 0.096403 -0.081965
300500 -3118.57814701 379.72197790 0.324549 5.9419 0.866398 0.096816 -0.063708
300600 -3121.93350817 391.79855025 0.334871 5.9419 0.866398 0.096816 -0.093125
300700 -3095.86105904 394.57303640 0.337242 5.9419 0.866398 0.096816 0.105393
300800 -3113.29010487 401.23601535 0.342937 5.9419 0.866398 0.096816 0.014592
300900 -3106.09197459 405.05427309 0.346200 5.9419 0.866398 0.096816 0.057428
301000 -3109.11103270 409.50245406 0.350002 5.9573 0.863445 0.095439 0.011839
301100 -3109.50761401 412.05150039 0.352181 5.9573 0.863445 0.095439 -0.011742
301200 -3086.01413483 412.39775719 0.352477 5.9573 0.863445 0.095439 0.080882
301300 -3109.81849887 419.66223265 0.358686 5.9573 0.863445 0.095439 -0.077260
301400 -3111.16066979 416.54704787 0.356023 5.9573 0.863445 0.095439 -0.076154
301500 -3105.41141782 401.91493468 0.343517 5.9487 0.861265 0.099554 -0.077042
301600 -3109.76009413 381.97196653 0.326472 5.9487 0.861265 0.099554 -0.067864
301700 -3117.41667350 410.88094083 0.351180 5.9487 0.861265 0.099554 -0.083183
301800 -3113.30939045 389.31380509 0.332747 5.9487 0.861265 0.099554 -0.040621
301900 -3111.92469262 414.24367425 0.354054 5.9487 0.861265 0.099554 -0.025708
302000 -3092.74229875 408.48149345 0.349129 5.9590 0.852841 0.097481 0.054218
302100 -3103.11648774 405.36914960 0.346469 5.9590 0.852841 0.097481 0.008271
302200 -3113.11002524 389.15002132 0.332607 5.9590 0.852841 0.097481 -0.056757
302300 -3094.32305643 391.96750819 0.335015 5.9590 0.852841 0.097481 0.026556
302400 -3099.53386598 416.27885467 0.355794 5.9590 0.852841 0.097481 0.005292
302500 -3100.62766899 396.41444668 0.338816 5.9504 0.858485 0.096388 -0.005094
302600 -3092.67342947 385.08184300 0.329130 5.9504 0.858485 0.096388 0.080279
302700 -3117.09353152 414.73365212 0.354473 5.9504 0.858485 0.096388 -0.043529
302800 -3107.68064106 402.35915512 0.343897 5.9504 0.858485 0.096388 -0.027282
302900 -3102.72832896 399.03847838 0.341059 5.9504 0.858485 0.096388 0.036778
303000 -3123.61523415 423.13803659 0.361656 5.9470 0.869983 0.096009 -0.066063
303100 -3111.23740051 408.56071138 0.349197 5.9470 0.869983 0.096009 -0.036169
303200 -3096.82199433 388.67690067 0.332202 5.9470 0.869983 0.096009 0.037557
303300 -3085.35301144 392.82840630 0.335751 5.9470 0.869983 0.096009 0.140796
303400 -3097.53337619 394.08128836 0.336822 5.9470 0.869983 0.096009 0.051602
303500 -3100.54506336 386.37232068 0.330233 5.9436 0.862224 0.096132 0.016720
303600 -3089.41426314 410.53771541 0.350887 5.9436 0.862224 0.096132 0.094952
303700 -3109.13285324 405.40791827 0.346502 5.9436 0.862224 0.096132 -0.056770
303800 -3098.55198667 386.73376453 0.330542 5.9436 0.862224 0.096132 0.017675
303900 -3106.15520408 390.57371020 0.333824 5.9436 0.862224 0.096132 0.005430
304000 -3108.50009600 388.63689536 0.332168 5.9573 0.858559 0.097153 -0.014586
304100 -3105.34098694 377.79988278 0.322906 5.9573 0.858559 0.097153 0.020757
304200 -3110.56299633 388.43802781 0.331998 5.9573 0.858559 0.097153 0.021972
304300 -3115.18671383 382.69825275 0.327093 5.9573 0.858559 0.097153 -0.011692
304400 -3093.86522766 370.64053368 0.316787 5.9573 0.858559 0.097153 0.087420
304500 -3120.19309716 383.49110212 0.327770 5.9556 0.866950 0.094791 -0.029627
304600 -3114.64233477 386.52941313 0.330367 5.9556 0.866950 0.094791 0.037489
304700 -3098.49981085 394.39923296 0.337093 5.9556 0.866950 0.094791 0.082713
304800 -3100.31080156 398.82634485 0.340877 5.9556 0.866950 0.094791 0.059717
304900 -3109.15590288 397.97168220 0.340147 5.9556 0.866950 0.094791 -0.038034
305000 -3117.47203690 407.45230882 0.348250 5.9641 0.858411 0.095593 -0.078017
305100 -3096.35429693 390.74716563 0.333972 5.9641 0.858411 0.095593 0.087030
305200 -3116.17113555 399.39419616 0.341363 5.9641 0.858411 0.095593 -0.049458
305300 -3108.22942816 394.27783499 0.336990 5.9641 0.858411 0.095593 0.018829
305400 -3097.97948073 403.93449288 0.345243 5.9641 0.858411 0.095593 0.124319
305500 -3108.37761087 407.84274387 0.348584 5.9641 0.860314 0.095462 -0.016685
305600 -3118.34603894 400.00818803 0.341887 5.9641 0.860314 0.095462 -0.051091
305700 -3104.08125696 390.51403595 0.333773 5.9641 0.860314 0.095462 0.028867
305800 -3119.04805301 397.60158554 0.339830 5.9641 0.860314 0.095462 -0.019352
305900 -3102.88351960 377.91528778 0.323005 5.9641 0.860314 0.095462 0.040449
306000 -3109.24791059 408.21450529 0.348901 5.9573 0.863653 0.098380 -0.018871
306100 -3093.40472393 392.14191367 0.335164 5.9573 0.863653 0.098380 0.064576
306200 -3107.88075342 409.35487222 0.349876 5.9573 0.863653 0.098380 -0.017635
306300 -3094.65537737 409.28110777 0.349813 5.9573 0.863653 0.098380 0.092373
306400 -3109.96448041 410.23695097 0.350630 5.9573 0.863653 0.098380 -0.034004
306500 -3094.42663105 410.22604055 0.350621 5.9504 0.853531 0.097107 0.062164
306600 -3096.24064233 393.10159442 0.335984 5.9504 0.853531 0.097107 0.029406
306700 -3105.88174964 395.62315324 0.338139 5.9504 0.853531 0.097107 -0.040961
306800 -3118.80102817 392.25109540 0.335257 5.9504 0.853531 0.097107 -0.106963
306900 -3121.64188715 376.47199201 0.321771 5.9504 0.853531 0.097107 -0.127339
307000 -3122.26641683 399.10104602 0.341112 5.9487 0.867593 0.096213 -0.089943
307100 -3111.04703215 378.77404782 0.323739 5.9487 0.867593 0.096213 0.005124
307200 -3128.30432844 387.34018368 0.331060 5.9487 0.867593 0.096213 -0.082651
307300 -3110.87015475 390.36322472 0.333644 5.9487 0.867593 0.096213 0.050588
307400 -3110.54784081 395.91134293 0.338386 5.9487 0.867593 0.096213 0.081246
307500 -3098.93517779 406.30869094 0.347272 5.9436 0.862804 0.098838 0.110314
307600 -3102.33903802 423.11070634 0.361633 5.9436 0.862804 0.098838 0.033933
307700 -3083.16238941 413.02766709 0.353015 5.9436 0.862804 0.098838 0.121198
307800 -3104.53111501 420.01295385 0.358985 5.9436 0.862804 0.098838 -0.051305
307900 -3091.27258537 396.21821333 0.338648 5.9436 0.862804 0.098838 0.035219
308000 -3098.06130456 400.71726460 0.342493 5.9453 0.860731 0.096802 -0.025793
308100 -3110.21622388 398.76118326 0.340822 5.9453 0.860731 0.096802 -0.083042
308200 -3111.34690651 401.26103475 0.342958 5.9453 0.860731 0.096802 -0.068525
308300 -3115.71026191 393.70530284 0.336500 5.9453 0.860731 0.096802 -0.072201
308400 -3115.27217238 401.12523030 0.342842 5.9453 0.860731 0.096802 -0.022381
308500 -3131.85514597 383.30541114 0.327611 5.9436 0.864153 0.099530 -0.140673
308600 -3104.29018719 372.94592400 0.318757 5.9436 0.864153 0.099530 0.025926
308700 -3108.41048714 401.09599849 0.342817 5.9436 0.864153 0.099530 0.046084
308800 -3111.55397213 392.55122287 0.335514 5.9436 0.864153 0.099530 0.016712
308900 -3120.40273748 385.80176085 0.329745 5.9436 0.864153 0.099530 -0.042663
309000 -3123.47835521 403.07642755 0.344510 5.9538 0.864102 0.095143 -0.038789
309100 -3125.89124216 401.69854446 0.343332 5.9538 0.864102 0.095143 -0.038245
309200 -3102.42807867 401.34441899 0.343029 5.9538 0.864102 0.095143 0.089531
309300 -3120.22267551 389.34940876 0.332777 5.9538 0.864102 0.095143 -0.064901
309400 -3101.04692056 394.40548947 0.337099 5.9538 0.864102 0.095143 0.090690
309500 -3113.63895432 380.75776711 0.325434 5.9402 0.863514 0.097691 0.024635
309600 -3111.51944308 416.40324129 0.355900 5.9402 0.863514 0.097691 0.033347
309700 -3110.71199176 410.78517080 0.351098 5.9402 0.863514 0.097691 0.011718
309800 -3104.64986277 397.10237882 0.339404 5.9402 0.863514 0.097691 0.032773
309900 -3120.80066439 389.78222537 0.333147 5.9402 0.863514 0.097691 -0.090367
310000 -3126.73842808 383.29932514 0.327606 5.9487 0.868905 0.093484 -0.063743
310100 -3141.36548952 395.50212369 0.338036 5.9487 0.868905 0.093484 -0.137634
310200 -3134.87026828 393.41340209 0.336251 5.9487 0.868905 0.093484 -0.065273
310300 -3104.24606496 374.09430813 0.319739 5.9487 0.868905 0.093484 0.108352
310400 -3113.52470804 387.98452678 0.331611 5.9487 0.868905 0.093484 0.042462
310500 -3128.54324389 401.23265816 0.342934 5.9402 0.872326 0.093588 -0.037823
310600 -3112.18942807 390.42448825 0.333696 5.9402 0.872326 0.093588 0.061060
310700 -3107.50134290 395.14549608 0.337731 5.9402 0.872326 0.093588 0.089079
310800 -3110.38380861 397.04470809 0.339354 5.9402 0.872326 0.093588 0.022744
310900 -3106.21962064 407.77347511 0.348524 5.9402 0.872326 0.093588 0.037278
311000 -3106.74863346 396.63584238 0.339005 5.9521 0.856928 0.095980 0.014238
311100 -3103.05368604 381.61517303 0.326167 5.9521 0.856928 0.095980 0.026007
311200 -3118.54302259 403.76216274 0.345096 5.9521 0.856928 0.095980 -0.026201
311300 -3110.59947065 392.43380924 0.335414 5.9521 0.856928 0.095980 0.023935
311400 -3122.40741605 391.14472545 0.334312 5.9521 0.856928 0.095980 -0.073957
311500 -3120.50434001 402.50880064 0.344025 5.9453 0.865676 0.094689 -0.018563
311600 -3122.55967761 397.28565851 0.339560 5.9453 0.865676 0.094689 -0.038510
311700 -3117.61617237 403.04247192 0.344481 5.9453 0.865676 0.094689 -0.081271
311800 -3111.03608770 387.82228449 0.331472 5.9453 0.865676 0.094689 -0.048803
311900 -3105.04120548 409.05792317 0.349622 5.9453 0.865676 0.094689 0.036925
312000 -3104.40881003 385.49184662 0.329480 5.9470 0.870797 0.097081 0.030901
312100 -3113.26766265 377.64023024 0.322769 5.9470 0.870797 0.097081 -0.040800
312200 -3095.13562112 357.60056679 0.305642 5.9470 0.870797 0.097081 0.089898
312300 -3127.70111396 386.52833484 0.330366 5.9470 0.870797 0.097081 -0.104565
312400 -3110.43495327 379.60629220 0.324450 5.9470 0.870797 0.097081 0.012424
312500 -3118.02032795 363.48529074 0.310671 5.9316 0.864957 0.097961 -0.013782
312600 -3117.72333737 383.10138176 0.327437 5.9316 0.864957 0.097961 0.017099
312700 -3107.06627743 409.09470491 0.349654 5.9316 0.864957 0.097961 0.072707
312800 -3108.80662459 408.28347640 0.348960 5.9316 0.864957 0.097961 0.070858
312900 -3115.92771941 415.18368310 0.354858 5.9316 0.864957 0.097961 -0.058087
313000 -3111.11276833 378.77608362 0.323740 5.9436 0.869055 0.097386 0.005819
313100 -3122.35155960 404.52016751 0.345744 5.9436 0.869055 0.097386 -0.066311
313200 -3127.14076945 397.36667716 0.339630 5.9436 0.869055 0.097386 -0.051973
313300 -3114.24811543 402.30853877 0.343853 5.9436 0.869055 0.097386 0.028847
313400 -3106.58519634 407.40827041 0.348212 5.9436 0.869055 0.097386 0.041103
313500 -3093.30806190 410.53416145 0.350884 5.9487 0.854851 0.101767 0.075113
313600 -3089.37811192 401.56324341 0.343216 5.9487 0.854851 0.101767 0.069263
313700 -3099.84519518 401.46950979 0.343136 5.9487 0.854851 0.101767 0.007251
313800 -3099.39628131 393.00040379 0.335898 5.9487 0.854851 0.101767 0.010351
313900 -3108.17226543 422.45595878 0.361073 5.9487 0.854851 0.101767 -0.036681
314000 -3108.67066409 421.12632297 0.359937 5.9487 0.858845 0.095406 -0.063962
314100 -3085.97706949 394.55869326 0.337230 5.9487 0.858845 0.095406 0.046784
314200 -3103.86377932 403.32917187 0.344726 5.9487 0.858845 0.095406 -0.025546
314300 -3111.33927313 391.62799791 0.334725 5.9487 0.858845 0.095406 -0.064345
314400 -3094.25524283 390.04437760 0.333371 5.9487 0.858845 0.095406 0.063712
314500 -3120.53770004 401.00954447 0.342743 5.9436 0.872338 0.093791 -0.097859
314600 -3098.59010065 395.71160748 0.338215 5.9436 0.872338 0.093791 0.024862
314700 -3104.04244489 381.36460831 0.325953 5.9436 0.872338 0.093791 -0.017611
314800 -3110.70406308 385.08459449 0.329132 5.9436 0.872338 0.093791 -0.043154
314900 -3100.79865506 393.59617063 0.336407 5.9436 0.872338 0.093791 0.042923
315000 -3098.59847919 387.74572944 0.331407 5.9658 0.861542 0.093390 0.016795
315100 -3113.08331760 403.50959191 0.344880 5.9658 0.861542 0.093390 -0.049925
315200 -3104.61707992 409.47373583 0.349978 5.9658 0.861542 0.093390 0.016188
315300 -3134.92263330 413.88390939 0.353747 5.9658 0.861542 0.093390 -0.160905
315400 -3138.30241134 400.89008697 0.342641 5.9658 0.861542 0.093390 -0.118756
315500 -3129.14462568 386.75404447 0.330559 5.9556 0.868653 0.093799 -0.068276
315600 -3106.39059425 399.17417331 0.341175 5.9556 0.868653 0.093799 0.080771
315700 -3098.66192223 393.80589453 0.336586 5.9556 0.868653 0.093799 0.125850
315800 -3105.47047459 398.84064179 0.340889 5.9556 0.868653 0.093799 0.020297
315900 -3106.48111660 409.73397937 0.350200 5.9556 0.868653 0.093799 0.048565
316000 -3119.48804180 411.20913170 0.351461 5.9590 0.869729 0.091725 -0.055086
316100 -3111.39783936 418.79914096 0.357948 5.9590 0.869729 0.091725 0.002168
316200 -3113.79218738 388.88526776 0.332381 5.9590 0.869729 0.091725 -0.048688
316300 -3131.78622567 397.06433797 0.339371 5.9590 0.869729 0.091725 -0.162127
316400 -3114.20261085 389.84426433 0.333200 5.9590 0.869729 0.091725 0.007475
316500 -3124.74715633 399.23819873 0.341229 5.9453 0.871258 0.095642 -0.043265
316600 -3112.06610184 392.27019419 0.335274 5.9453 0.871258 0.095642 0.037519
316700 -3121.65042798 408.51742484 0.349160 5.9453 0.871258 0.095642 -0.021560
316800 -3119.22500133 397.42080175 0.339676 5.9453 0.871258 0.095642 -0.037973
316900 -3119.11967963 389.47314685 0.332883 5.9453 0.871258 0.095642 -0.017776
317000 -3111.72588572 382.82545382 0.327201 5.9641 0.866997 0.094211 -0.001936
317100 -3114.24183556 393.40802352 0.336246 5.9641 0.866997 0.094211 0.028721
317200 -3109.67063570 397.43192570 0.339685 5.9641 0.866997 0.094211 0.027455
317300 -3116.15107723 395.48791444 0.338024 5.9641 0.866997 0.094211 -0.027588
317400 -3120.59716407 395.65747382 0.338169 5.9641 0.866997 0.094211 -0.026059
317500 -3129.33375710 397.21231027 0.339498 5.9641 0.872135 0.094812 -0.121928
317600 -3112.11721672 390.23393232 0.333533 5.9641 0.872135 0.094812 0.006748
317700 -3108.64981290 409.18447065 0.349730 5.9641 0.872135 0.094812 -0.005606
317800 -3110.39781237 402.09259711 0.343669 5.9641 0.872135 0.094812 0.018110
317900 -3115.00966606 415.23214887 0.354899 5.9641 0.872135 0.094812 -0.050731
318000 -3117.00904502 419.42711207 0.358485 5.9504 0.872001 0.094714 -0.019224
318100 -3114.09299993 400.63803159 0.342426 5.9504 0.872001 0.094714 -0.032697
318200 -3126.64369071 410.80605178 0.351116 5.9504 0.872001 0.094714 -0.134412
318300 -3124.61596883 411.71109712 0.351890 5.9504 0.872001 0.094714 -0.063555
318400 -3126.66558440 404.86385178 0.346037 5.9504 0.872001 0.094714 -0.061280
318500 -3120.54205163 394.29311634 0.337003 5.9573 0.858314 0.098729 -0.026808
318600 -3117.36981478 388.20211647 0.331797 5.9573 0.858314 0.098729 -0.059871
318700 -3108.68444928 407.43481404 0.348235 5.9573 0.858314 0.098729 0.033619
318800 -3102.55098957 412.43626087 0.352510 5.9573 0.858314 0.098729 0.069484
318900 -3105.48074911 399.91855098 0.341811 5.9573 0.858314 0.098729 0.038432
319000 -3105.05605176 397.67632864 0.339894 5.9624 0.862649 0.096295 -0.006512
319100 -3104.13781102 385.80180494 0.329745 5.9624 0.862649 0.096295 0.057693
319200 -3128.76469135 399.57562705 0.341518 5.9624 0.862649 0.096295 -0.106917
319300 -3118.03859552 403.31496667 0.344714 5.9624 0.862649 0.096295 -0.054699
319400 -3116.86508665 400.76955599 0.342538 5.9624 0.862649 0.096295 -0.015170
319500 -3099.20269816 397.33985799 0.339607 5.9641 0.858505 0.095823 0.072331
319600 -3090.87506609 402.95167610 0.344403 5.9641 0.858505 0.095823 0.106097
319700 -3091.73655254 395.56773947 0.338092 5.9641 0.858505 0.095823 0.084698
319800 -3107.88938474 385.19185754 0.329224 5.9641 0.858505 0.095823 0.002404
319900 -3119.08714985 402.15455401 0.343722 5.9641 0.858505 0.095823 -0.063486
320000 -3104.75954598 406.16439842 0.347149 5.9436 0.859226 0.098104 0.058761
320100 -3109.78599068 400.23376365 0.342080 5.9436 0.859226 0.098104 -0.035110
320200 -3094.76909456 395.43410850 0.337978 5.9436 0.859226 0.098104 0.019141
320300 -3102.95381762 407.09047414 0.347941 5.9436 0.859226 0.098104 -0.029261
320400 -3089.91429169 390.14199592 0.333455 5.9436 0.859226 0.098104 0.059043
320500 -3086.85641408 403.01006345 0.344453 5.9641 0.859073 0.099303 0.069552
320600 -3101.72557290 409.90205206 0.350344 5.9641 0.859073 0.099303 -0.051187
320700 -3101.10308601 398.96045149 0.340992 5.9641 0.859073 0.099303 -0.012348
320800 -3102.04068492 381.88111428 0.326394 5.9641 0.859073 0.099303 0.027558
320900 -3109.03778130 402.52870966 0.344042 5.9641 0.859073 0.099303 -0.039939
321000 -3111.78710642 408.99933068 0.349572 5.9624 0.864747 0.096131 -0.060547
321100 -3097.88252001 384.47659890 0.328612 5.9624 0.864747 0.096131 0.030206
321200 -3115.22755196 402.36558158 0.343902 5.9624 0.864747 0.096131 -0.088430
321300 -3094.87724955 402.40546342 0.343936 5.9624 0.864747 0.096131 0.053054
321400 -3094.16656158 396.17070023 0.338607 5.9624 0.864747 0.096131 0.026878
321500 -3090.75697342 395.83135736 0.338317 5.9556 0.850660 0.100301 0.052908
321600 -3113.22502867 418.01355425 0.357277 5.9556 0.850660 0.100301 -0.074435
321700 -3097.21149071 394.05099803 0.336796 5.9556 0.850660 0.100301 0.005982
321800 -3096.08087123 392.60309633 0.335558 5.9556 0.850660 0.100301 0.014230
321900 -3122.99402028 401.67675468 0.343313 5.9556 0.850660 0.100301 -0.068090
322000 -3112.42032964 403.50816576 0.344879 5.9521 0.868270 0.095044 0.016107
322100 -3087.89065077 387.37415823 0.331089 5.9521 0.868270 0.095044 0.116251
322200 -3110.37791933 387.21011556 0.330949 5.9521 0.868270 0.095044 -0.048597
322300 -3111.51148362 401.87547772 0.343483 5.9521 0.868270 0.095044 -0.019103
322400 -3098.86639089 398.79923811 0.340854 5.9521 0.868270 0.095044 0.032050
322500 -3107.64015174 409.15646909 0.349706 5.9556 0.866347 0.097935 -0.024916
322600 -3113.73080896 424.69690026 0.362989 5.9556 0.866347 0.097935 -0.054630
322700 -3110.10671117 394.89380935 0.337516 5.9556 0.866347 0.097935 -0.079607
322800 -3113.10140613 400.93659583 0.342681 5.9556 0.866347 0.097935 -0.066221
322900 -3100.03879263 389.00348270 0.332482 5.9556 0.866347 0.097935 0.038577
323000 -3111.91626842 403.19079002 0.344608 5.9607 0.867667 0.094966 -0.038762
323100 -3099.37400513 397.25947730 0.339538 5.9607 0.867667 0.094966 0.058891
323200 -3092.85055652 408.18445630 0.348876 5.9607 0.867667 0.094966 0.094840
323300 -3093.19317200 399.26054855 0.341248 5.9607 0.867667 0.094966 0.049239
323400 -3112.57907803 412.36168710 0.352446 5.9607 0.867667 0.094966 -0.079964
323500 -3104.89944339 402.69068835 0.344180 5.9538 0.855326 0.100525 -0.009296
323600 -3077.16526465 394.09810697 0.336836 5.9538 0.855326 0.100525 0.147782
323700 -3093.47510705 391.95674934 0.335006 5.9538 0.855326 0.100525 0.030571
323800 -3097.42883534 383.03594919 0.327381 5.9538 0.855326 0.100525 -0.016714
323900 -3104.99289222 372.83940304 0.318666 5.9538 0.855326 0.100525 -0.014302
324000 -3115.95513501 385.99041084 0.329906 5.9624 0.860674 0.095627 -0.081291
324100 -3114.10290493 402.20820885 0.343768 5.9624 0.860674 0.095627 0.026308
324200 -3100.22908443 367.12661305 0.313783 5.9624 0.860674 0.095627 0.038386
324300 -3123.67298093 398.83063936 0.340881 5.9624 0.860674 0.095627 -0.070162
324400 -3129.72333659 387.04520997 0.330808 5.9624 0.860674 0.095627 -0.090560
324500 -3120.51330519 372.67108854 0.318522 5.9590 0.867821 0.093951 -0.022301
324600 -3116.51394245 385.02175327 0.329078 5.9590 0.867821 0.093951 0.033888
324700 -3122.92541792 383.22975191 0.327547 5.9590 0.867821 0.093951 -0.018628
324800 -3113.19458900 385.85126915 0.329787 5.9590 0.867821 0.093951 0.029074
324900 -3114.62913773 391.36621802 0.334501 5.9590 0.867821 0.093951 0.043739
325000 -3122.18336299 410.10841880 0.350520 5.9641 0.862002 0.095779 -0.012759
325100 -3102.00672617 400.03751650 0.341912 5.9641 0.862002 0.095779 0.105222
325200 -3106.94051083 382.56874281 0.326982 5.9641 0.862002 0.095779 0.009850
325300 -3119.07704742 405.37668521 0.346476 5.9641 0.862002 0.095779 0.018999
325400 -3110.64016220 401.42204079 0.343096 5.9641 0.862002 0.095779 0.058218
325500 -3121.98587815 382.62523266 0.327030 5.9538 0.865073 0.095665 -0.052482
325600 -3117.59845854 392.22192563 0.335232 5.9538 0.865073 0.095665 -0.016629
325700 -3136.27590242 397.68354936 0.339900 5.9538 0.865073 0.095665 -0.110963
325800 -3123.03173757 382.06269596 0.326549 5.9538 0.865073 0.095665 -0.019695
325900 -3130.12761389 378.76395961 0.323730 5.9538 0.865073 0.095665 -0.082205
326000 -3110.70390980 381.19804954 0.325810 5.9573 0.872372 0.096310 0.088625
326100 -3129.68841785 391.49657804 0.334612 5.9573 0.872372 0.096310 -0.069082
326200 -3134.84411078 394.80426697 0.337440 5.9573 0.872372 0.096310 -0.041747
326300 -3140.84456031 378.50356866 0.323507 5.9573 0.872372 0.096310 -0.098500
326400 -3146.90213415 391.56661779 0.334672 5.9573 0.872372 0.096310 -0.105079
326500 -3148.10939031 386.48357067 0.330328 5.9624 0.874978 0.091997 -0.105431
326600 -3129.37229504 391.82866537 0.334896 5.9624 0.874978 0.091997 0.028656
326700 -3111.92630225 408.89894466 0.349486 5.9624 0.874978 0.091997 0.147943
326800 -3118.08900800 404.84074022 0.346018 5.9624 0.874978 0.091997 0.040689
326900 -3132.68767574 399.25003067 0.341239 5.9624 0.874978 0.091997 -0.047091
327000 -3107.06510882 374.79958948 0.320342 5.9521 0.860843 0.095520 0.104206
327100 -3123.65192728 406.14138521 0.347129 5.9521 0.860843 0.095520 -0.024787
327200 -3108.13414092 390.36617323 0.333646 5.9521 0.860843 0.095520 0.075093
327300 -3124.70783314 399.62811654 0.341562 5.9521 0.860843 0.095520 -0.043851
327400 -3105.32943745 373.58659297 0.319305 5.9521 0.860843 0.095520 0.112337
327500 -3119.72510608 395.52077359 0.338052 5.9436 0.864972 0.095838 0.035602
327600 -3111.68164576 402.94322262 0.344396 5.9436 0.864972 0.095838 0.026170
327700 -3110.28661532 379.26315288 0.324157 5.9436 0.864972 0.095838 0.027236
327800 -3132.82923327 403.44239711 0.344823 5.9436 0.864972 0.095838 -0.058015
327900 -3111.65558857 400.06545030 0.341936 5.9436 0.864972 0.095838 0.071171
328000 -3113.63693926 399.60761914 0.341545 5.9487 0.870127 0.096600 0.024404
328100 -3130.36473500 383.20367564 0.327525 5.9487 0.870127 0.096600 -0.097934
328200 -3124.08652307 394.65173046 0.337309 5.9487 0.870127 0.096600 -0.030249
328300 -3127.33063212 387.07736213 0.330835 5.9487 0.870127 0.096600 -0.038302
328400 -3101.61673311 386.95729567 0.330733 5.9487 0.870127 0.096600 0.129390
328500 -3120.81467814 401.26577431 0.342962 5.9521 0.868028 0.096209 0.023049
328600 -3102.55925499 382.33913504 0.326786 5.9521 0.868028 0.096209 0.084547
328700 -3116.96101059 404.44408921 0.345679 5.9521 0.868028 0.096209 0.013418
328800 -3118.63801930 404.61763350 0.345827 5.9521 0.868028 0.096209 -0.014013
328900 -3110.11412651 400.58842436 0.342383 5.9521 0.868028 0.096209 0.013788
329000 -3110.91821202 397.46210650 0.339711 5.9487 0.867237 0.097372 -0.032757
329100 -3118.53259046 390.66507086 0.333902 5.9487 0.867237 0.097372 -0.065725
329200 -3121.64769784 408.86690638 0.349459 5.9487 0.867237 0.097372 -0.060493
329300 -3103.14989373 384.11545158 0.328304 5.9487 0.867237 0.097372 0.033818
329400 -3115.68379428 392.27149623 0.335275 5.9487 0.867237 0.097372 -0.026454
329500 -3105.43683159 406.70836788 0.347614 5.9607 0.860297 0.094395 0.059259
329600 -3105.55717781 406.14022267 0.347128 5.9607 0.860297 0.094395 0.030129
329700 -3109.69286084 382.54468646 0.326961 5.9607 0.860297 0.094395 0.015731
329800 -3125.01870949 405.03070921 0.346180 5.9607 0.860297 0.094395 -0.066954
329900 -3118.31215417 387.38917740 0.331102 5.9607 0.860297 0.094395 -0.027679
330000 -3120.16740951 388.33054272 0.331906 5.9504 0.863299 0.096743 -0.027995
330100 -3138.35745618 399.72235018 0.341643 5.9504 0.863299 0.096743 -0.134420
330200 -3124.62948910 384.98531834 0.329047 5.9504 0.863299 0.096743 -0.065490
330300 -3107.77891770 400.72277640 0.342498 5.9504 0.863299 0.096743 0.091620
330400 -3113.71808483 399.85471395 0.341756 5.9504 0.863299 0.096743 0.017811
330500 -3127.40401521 403.64758549 0.344998 5.9470 0.864197 0.095362 -0.016888
330600 -3124.46221456 405.69062833 0.346744 5.9470 0.864197 0.095362 -0.020816
330700 -3132.18806488 403.06059186 0.344496 5.9470 0.864197 0.095362 -0.090124
330800 -3107.90908958 394.63429942 0.337294 5.9470 0.864197 0.095362 0.057562
330900 -3112.83396833 404.50866170 0.345734 5.9470 0.864197 0.095362 0.040853
331000 -3114.14798590 400.47905990 0.342290 5.9573 0.872696 0.096071 0.022719
331100 -3108.59110574 406.07716960 0.347075 5.9573 0.872696 0.096071 0.038747
331200 -3103.79873335 398.71466287 0.340782 5.9573 0.872696 0.096071 0.065395
331300 -3101.15040133 399.15160218 0.341155 5.9573 0.872696 0.096071 0.085929
331400 -3111.45000658 382.33132575 0.326779 5.9573 0.872696 0.096071 0.013341
331500 -3116.30544067 394.03197548 0.336779 5.9658 0.867462 0.094953 0.011468
331600 -3115.21486774 398.27889675 0.340409 5.9658 0.867462 0.094953 0.006520
331700 -3103.25332048 389.72577871 0.333099 5.9658 0.867462 0.094953 0.069273
331800 -3125.45216729 411.37518770 0.351603 5.9658 0.867462 0.094953 -0.083736
331900 -3104.61122625 386.61613683 0.330441 5.9658 0.867462 0.094953 0.069523
332000 -3115.60319255 382.05821416 0.326545 5.9590 0.863169 0.096993 0.005994
332100 -3104.00101560 369.09880554 0.315469 5.9590 0.863169 0.096993 0.084778
332200 -3137.83634339 394.97887866 0.337589 5.9590 0.863169 0.096993 -0.094958
332300 -3136.56964448 396.24975746 0.338675 5.9590 0.863169 0.096993 -0.080420
332400 -3128.66180225 389.41661956 0.332835 5.9590 0.863169 0.096993 -0.020961
332500 -3116.20563803 399.58551917 0.341526 5.9590 0.865915 0.096758 0.075177
332600 -3126.82428916 415.35942741 0.355008 5.9590 0.865915 0.096758 -0.005887
332700 -3127.72364998 416.55238597 0.356028 5.9590 0.865915 0.096758 -0.049995
332800 -3110.11836671 402.53116632 0.344044 5.9590 0.865915 0.096758 0.021208
332900 -3119.91082256 397.79800949 0.339998 5.9590 0.865915 0.096758 -0.047749
333000 -3129.20064591 399.48846629 0.341443 5.9778 0.868737 0.091634 -0.068705
333100 -3112.51539512 405.99451962 0.347004 5.9778 0.868737 0.091634 0.040978
333200 -3119.81815223 394.86144369 0.337488 5.9778 0.868737 0.091634 -0.005661
333300 -3125.55824182 409.38604533 0.349903 5.9778 0.868737 0.091634 -0.038880
333400 -3113.44069675 414.73010451 0.354470 5.9778 0.868737 0.091634 0.082146
333500 -3126.96900143 408.37718742 0.349040 5.9556 0.873934 0.095455 -0.033879
333600 -3112.20828904 411.73068030 0.351907 5.9556 0.873934 0.095455 0.058268
333700 -3104.38384426 398.07380619 0.340234 5.9556 0.873934 0.095455 0.067833
333800 -3125.40184070 403.12915668 0.344555 5.9556 0.873934 0.095455 -0.030827
333900 -3132.13395522 388.02670806 0.331647 5.9556 0.873934 0.095455 -0.096237
334000 -3140.00066888 380.09247034 0.324865 5.9641 0.873152 0.094032 -0.117565
334100 -3132.07534251 368.82112038 0.315232 5.9641 0.873152 0.094032 -0.028918
334200 -3131.50271167 395.09181436 0.337685 5.9641 0.873152 0.094032 0.009681
334300 -3150.51024807 402.31991979 0.343863 5.9641 0.873152 0.094032 -0.061661
334400 -3159.78013546 391.35578603 0.334492 5.9641 0.873152 0.094032 -0.125383
334500 -3148.97913312 377.64006009 0.322769 5.9692 0.878694 0.089728 -0.024551
334600 -3157.01737438 368.65118730 0.315086 5.9692 0.878694 0.089728 -0.060498
334700 -3154.90831333 376.71292202 0.321977 5.9692 0.878694 0.089728 -0.006110
334800 -3145.27510371 389.69990068 0.333077 5.9692 0.878694 0.089728 0.036057
334900 -3151.74673117 375.80089391 0.321197 5.9692 0.878694 0.089728 -0.000255
335000 -3169.17313738 399.45264189 0.341413 5.9607 0.886036 0.088832 -0.102542
335100 -3153.12697905 383.89311912 0.328114 5.9607 0.886036 0.088832 0.024277
335200 -3163.20493060 392.16395207 0.335183 5.9607 0.886036 0.088832 -0.042243
335300 -3148.97631080 385.11861509 0.329161 5.9607 0.886036 0.088832 0.034644
335400 -3157.23398985 390.50264938 0.333763 5.9607 0.886036 0.088832 0.028296
335500 -3147.31168333 404.00747531 0.345306 5.9744 0.886470 0.087975 0.049397
335600 -3148.11772989 413.80026031 0.353675 5.9744 0.886470 0.087975 0.033636
335700 -3128.57380827 402.68127956 0.344172 5.9744 0.886470 0.087975 0.094444
335800 -3153.26401285 411.35104402 0.351582 5.9744 0.886470 0.087975 -0.043999
335900 -3143.78954648 391.40315248 0.334533 5.9744 0.886470 0.087975 0.010483
336000 -3147.92623003 390.77221502 0.333993 5.9726 0.889155 0.084828 -0.031921
336100 -3142.45843369 394.01232322 0.336763 5.9726 0.889155 0.084828 0.023653
336200 -3148.81975894 401.98950720 0.343581 5.9726 0.889155 0.084828 0.004429
336300 -3128.97283922 382.64823326 0.327050 5.9726 0.889155 0.084828 0.080361
336400 -3147.88702584 398.23885593 0.340375 5.9726 0.889155 0.084828 -0.037317
336500 -3150.86146233 391.27611849 0.334424 5.9795 0.883540 0.088004 -0.032808
336600 -3140.68485182 388.91638553 0.332407 5.9795 0.883540 0.088004 0.039336
336700 -3145.92004209 377.42026792 0.322581 5.9795 0.883540 0.088004 0.000069
336800 -3139.88402551 384.67452855 0.328782 5.9795 0.883540 0.088004 0.073478
336900 -3138.52992645 393.50803923 0.336332 5.9795 0.883540 0.088004 0.103425
337000 -3134.92117819 403.00549266 0.344449 5.9795 0.879166 0.089437 0.101507
337100 -3149.84888975 392.82566883 0.335748 5.9795 0.879166 0.089437 -0.029079
337200 -3159.76572962 389.75329344 0.333122 5.9795 0.879166 0.089437 -0.045279
337300 -3166.98739018 381.73853634 0.326272 5.9795 0.879166 0.089437 -0.082994
337400 -3152.46301902 385.48276775 0.329472 5.9795 0.879166 0.089437 0.008209
337500 -3171.05460710 414.09479160 0.353927 5.9795 0.888467 0.085512 -0.070561
337600 -3150.09434899 402.20413362 0.343764 5.9795 0.888467 0.085512 0.059135
337700 -3139.95976269 388.98193796 0.332463 5.9795 0.888467 0.085512 0.092809
337800 -3146.85403224 402.12810891 0.343699 5.9795 0.888467 0.085512 0.038030
337900 -3147.68283819 392.63935513 0.335589 5.9795 0.888467 0.085512 0.037848
338000 -3141.65743020 390.01824180 0.333349 5.9744 0.887056 0.087067 0.071727
338100 -3148.24615491 394.40481428 0.337098 5.9744 0.887056 0.087067 0.024528
338200 -3144.58487844 418.45733580 0.357656 5.9744 0.887056 0.087067 0.049889
338300 -3138.13169646 398.66457878 0.340739 5.9744 0.887056 0.087067 0.008963
338400 -3142.17383160 407.37429156 0.348183 5.9744 0.887056 0.087067 0.002623
338500 -3156.03374179 408.09862299 0.348802 5.9744 0.887171 0.086191 -0.084752
338600 -3129.77781903 385.23504496 0.329261 5.9744 0.887171 0.086191 0.098703
338700 -3149.27980007 387.62416638 0.331303 5.9744 0.887171 0.086191 -0.061584
338800 -3153.31900430 380.36547464 0.325099 5.9744 0.887171 0.086191 -0.038744
338900 -3163.87558033 390.70414281 0.333935 5.9744 0.887171 0.086191 -0.065394
339000 -3155.94782032 392.48743662 0.335459 5.9761 0.883417 0.091049 -0.017967
339100 -3147.98871812 371.22463061 0.317286 5.9761 0.883417 0.091049 0.010527
339200 -3153.32454703 388.70485624 0.332226 5.9761 0.883417 0.091049 -0.020671
339300 -3161.40531068 394.32683141 0.337031 5.9761 0.883417 0.091049 -0.040223
339400 -3168.39473835 409.03085781 0.349599 5.9761 0.883417 0.091049 -0.049993
339500 -3157.86973127 386.15956481 0.330051 5.9778 0.885316 0.087954 -0.014872
339600 -3148.84992001 408.77049986 0.349376 5.9778 0.885316 0.087954 0.054508
339700 -3134.89447459 380.13793315 0.324904 5.9778 0.885316 0.087954 0.128393
339800 -3127.25701638 386.80888195 0.330606 5.9778 0.885316 0.087954 0.126633
339900 -3150.12297142 410.13979979 0.350547 5.9778 0.885316 0.087954 0.058742
340000 -3131.16293266 408.23427288 0.348918 5.9744 0.880075 0.088339 0.151685
340100 -3158.26493847 402.92535535 0.344381 5.9744 0.880075 0.088339 -0.021100
340200 -3138.94107309 380.49738821 0.325211 5.9744 0.880075 0.088339 0.065096
340300 -3141.42880378 378.92026119 0.323863 5.9744 0.880075 0.088339 0.059854
340400 -3150.34266771 399.72984494 0.341649 5.9744 0.880075 0.088339 -0.005235
340500 -3158.03623812 393.55128799 0.336369 5.9778 0.886847 0.088465 -0.080883
340600 -3155.78209543 386.70977849 0.330521 5.9778 0.886847 0.088465 -0.018328
340700 -3148.89063899 379.29665132 0.324185 5.9778 0.886847 0.088465 0.026358
340800 -3151.95855539 401.10252219 0.342823 5.9778 0.886847 0.088465 -0.016175
340900 -3133.18607720 396.86081980 0.339197 5.9778 0.886847 0.088465 0.096387
341000 -3144.88342788 397.53620048 0.339775 5.9658 0.880446 0.090943 0.008903
341100 -3159.77188630 398.83930869 0.340888 5.9658 0.880446 0.090943 -0.117939
341200 -3148.66249239 385.48020683 0.329470 5.9658 0.880446 0.090943 0.003451
341300 -3158.04310423 407.37082462 0.348180 5.9658 0.880446 0.090943 -0.039706
341400 -3128.86757148 391.16964943 0.334333 5.9658 0.880446 0.090943 0.112015
341500 -3153.30360341 417.87575744 0.357159 5.9726 0.883147 0.088393 -0.049526
341600 -3132.25968416 401.97251510 0.343566 5.9726 0.883147 0.088393 0.090569
341700 -3137.79648779 399.03052234 0.341052 5.9726 0.883147 0.088393 0.051117
341800 -3147.65907392 391.98082656 0.335026 5.9726 0.883147 0.088393 -0.006317
341900 -3137.15312381 398.36517539 0.340483 5.9726 0.883147 0.088393 0.061802
342000 -3149.46972689 401.67473842 0.343312 5.9744 0.893706 0.088981 -0.008658
342100 -3143.32382654 392.46387813 0.335439 5.9744 0.893706 0.088981 0.037207
342200 -3152.87201450 403.67515712 0.345022 5.9744 0.893706 0.088981 -0.003137
342300 -3150.77586148 411.61510241 0.351808 5.9744 0.893706 0.088981 0.009890
342400 -3142.95555861 406.38196271 0.347335 5.9744 0.893706 0.088981 0.037087
342500 -3123.74549115 402.61820897 0.344118 5.9744 0.872560 0.090993 0.128301
342600 -3140.41252422 415.00007586 0.354701 5.9744 0.872560 0.090993 -0.019570
342700 -3128.70003373 411.04868138 0.351324 5.9744 0.872560 0.090993 0.020790
342800 -3148.62883780 378.89421888 0.323841 5.9744 0.872560 0.090993 -0.102707
342900 -3149.03417110 408.46171919 0.349113 5.9744 0.872560 0.090993 -0.058882
343000 -3127.43143046 401.90880260 0.343512 5.9829 0.879659 0.087055 0.106843
343100 -3147.38852136 394.64826760 0.337306 5.9829 0.879659 0.087055 -0.013287
343200 -3144.52169596 396.68019972 0.339043 5.9829 0.879659 0.087055 0.027903
343300 -3149.96074401 404.59125491 0.345804 5.9829 0.879659 0.087055 -0.021572
343400 -3149.33127124 404.29775322 0.345554 5.9829 0.879659 0.087055 0.000147
343500 -3155.12150105 413.00339987 0.352994 5.9778 0.889489 0.084553 -0.048656
343600 -3126.83829740 398.05759448 0.340220 5.9778 0.889489 0.084553 0.093483
343700 -3143.86644031 402.59278252 0.344096 5.9778 0.889489 0.084553 -0.011861
343800 -3162.86950506 404.60141895 0.345813 5.9778 0.889489 0.084553 -0.113694
343900 -3147.14791365 397.92481872 0.340107 5.9778 0.889489 0.084553 -0.028791
344000 -3154.06309773 401.70647257 0.343339 5.9778 0.888318 0.085886 -0.020521
344100 -3149.41250284 390.04417577 0.333371 5.9778 0.888318 0.085886 -0.004548
344200 -3159.83284953 413.84314464 0.353712 5.9778 0.888318 0.085886 -0.057144
344300 -3155.77133390 388.21621757 0.331809 5.9778 0.888318 0.085886 -0.038187
344400 -3160.66898353 398.51624750 0.340612 5.9778 0.888318 0.085886 -0.043030
344500 -3142.93847686 399.37099516 0.341343 5.9812 0.884569 0.088232 0.036825
344600 -3143.97368400 389.73222218 0.333104 5.9812 0.884569 0.088232 0.028534
344700 -3150.69949479 411.12006198 0.351385 5.9812 0.884569 0.088232 0.031451
344800 -3154.26179121 398.47611645 0.340578 5.9812 0.884569 0.088232 -0.017353
344900 -3148.72714273 406.24486895 0.347218 5.9812 0.884569 0.088232 -0.016760
345000 -3150.75902565 399.41744923 0.341382 5.9778 0.879901 0.089510 -0.007808
345100 -3157.83528399 388.19137577 0.331788 5.9778 0.879901 0.089510 -0.093939
345200 -3153.35779303 383.05676110 0.327399 5.9778 0.879901 0.089510 -0.035849
345300 -3171.48365473 390.75587108 0.333979 5.9778 0.879901 0.089510 -0.099439
345400 -3165.41582222 394.38045672 0.337077 5.9778 0.879901 0.089510 -0.094469
345500 -3163.29141550 390.14049083 0.333453 5.9778 0.885869 0.087201 -0.029251
345600 -3165.94572685 390.62403751 0.333867 5.9778 0.885869 0.087201 -0.023567
345700 -3170.04911543 407.22375017 0.348054 5.9778 0.885869 0.087201 -0.047357
345800 -3154.48052094 391.55435863 0.334662 5.9778 0.885869 0.087201 0.057781
345900 -3165.01828046 408.74849602 0.349358 5.9778 0.885869 0.087201 0.008579
346000 -3156.48940304 380.83498043 0.325500 5.9778 0.893809 0.086982 0.084005
346100 -3168.52863121 390.08218820 0.333404 5.9778 0.893809 0.086982 -0.018892
346200 -3156.43017849 388.04830811 0.331665 5.9778 0.893809 0.086982 0.075580
346300 -3154.70898238 390.18253267 0.333489 5.9778 0.893809 0.086982 0.060615
346400 -3145.19546415 391.07345517 0.334251 5.9778 0.893809 0.086982 0.084355
346500 -3159.79173333 405.87282468 0.346900 5.9778 0.886182 0.085583 -0.012621
346600 -3170.80641005 387.94253127 0.331575 5.9778 0.886182 0.085583 -0.100392
346700 -3150.32852514 397.26044974 0.339539 5.9778 0.886182 0.085583 0.056359
346800 -3150.04711057 388.70054374 0.332223 5.9778 0.886182 0.085583 0.068751
346900 -3163.78959979 400.55779361 0.342357 5.9778 0.886182 0.085583 0.029519
347000 -3157.31107520 380.38573044 0.325116 5.9761 0.884790 0.087551 0.023351
347100 -3168.45908797 396.89093740 0.339223 5.9761 0.884790 0.087551 -0.030185
347200 -3158.15726680 386.74590373 0.330552 5.9761 0.884790 0.087551 -0.000367
347300 -3158.53779857 400.94032604 0.342684 5.9761 0.884790 0.087551 -0.009875
347400 -3160.27376615 389.94639092 0.333288 5.9761 0.884790 0.087551 -0.018393
347500 -3141.86760348 388.87067307 0.332368 5.9778 0.881557 0.088384 0.089151
347600 -3156.01881467 388.42168209 0.331984 5.9778 0.881557 0.088384 -0.018193
347700 -3169.06981404 403.82732036 0.345152 5.9778 0.881557 0.088384 -0.086249
347800 -3158.40687902 398.91889345 0.340956 5.9778 0.881557 0.088384 -0.008176
347900 -3145.96635250 388.89764332 0.332391 5.9778 0.881557 0.088384 0.035756
348000 -3149.82960122 388.77965646 0.332290 5.9778 0.884617 0.087046 -0.029779
348100 -3153.59810665 402.24269005 0.343797 5.9778 0.884617 0.087046 -0.047456
348200 -3154.26052935 406.01220149 0.347019 5.9778 0.884617 0.087046 -0.002494
348300 -3144.57991518 387.84089570 0.331488 5.9778 0.884617 0.087046 0.049882
348400 -3156.91867602 381.26876127 0.325871 5.9778 0.884617 0.087046 -0.022397
348500 -3152.90575109 376.38316285 0.321695 5.9744 0.879123 0.088785 -0.018643
348600 -3154.75216102 400.28191734 0.342121 5.9744 0.879123 0.088785 0.015946
348700 -3154.31733314 386.95529423 0.330731 5.9744 0.879123 0.088785 0.006524
348800 -3165.41892491 396.29410620 0.338713 5.9744 0.879123 0.088785 -0.062385
348900 -3162.31991063 383.17450044 0.327500 5.9744 0.879123 0.088785 -0.036121
349000 -3156.83197400 408.66802818 0.349289 5.9726 0.881727 0.086486 0.020620
349100 -3157.16360925 408.65347854 0.349276 5.9726 0.881727 0.086486 0.019108
349200 -3148.31406231 417.89049625 0.357171 5.9726 0.881727 0.086486 0.055851
349300 -3155.22356793 408.46490244 0.349115 5.9726 0.881727 0.086486 -0.019693
349400 -3154.46798873 396.26897108 0.338691 5.9726 0.881727 0.086486 -0.027767
349500 -3173.37261590 396.06842764 0.338520 5.9726 0.893004 0.085872 -0.146495
349600 -3159.18193603 396.15993318 0.338598 5.9726 0.893004 0.085872 -0.060316
349700 -3137.20179499 391.47421199 0.334593 5.9726 0.893004 0.085872 0.093706
349800 -3160.75649173 406.74696649 0.347647 5.9726 0.893004 0.085872 -0.072728
349900 -3140.21756048 390.24332931 0.333541 5.9726 0.893004 0.085872 0.058612
350000 -3156.38921423 405.25187508 0.346369 5.9744 0.884568 0.085998 -0.037804
350100 -3139.24125780 397.80566515 0.340005 5.9744 0.884568 0.085998 0.058902
350200 -3140.96599716 412.20528986 0.352312 5.9744 0.884568 0.085998 0.049628
350300 -3116.30582678 400.88747892 0.342639 5.9744 0.884568 0.085998 0.180780
350400 -3139.98326279 431.82738657 0.369083 5.9744 0.884568 0.085998 -0.019983
350500 -3136.45711980 423.23293815 0.361738 5.9778 0.879907 0.090553 -0.043999
350600 -3114.54428337 405.41726452 0.346510 5.9778 0.879907 0.090553 0.049559
350700 -3149.71397739 399.61344385 0.341550 5.9778 0.879907 0.090553 -0.159200
350800 -3144.40481659 392.66476062 0.335611 5.9778 0.879907 0.090553 -0.073439
350900 -3152.10716012 404.73465967 0.345927 5.9778 0.879907 0.090553 -0.068841
351000 -3145.65299476 395.14192977 0.337728 5.9744 0.881342 0.087262 -0.057029
351100 -3134.20250375 390.74340190 0.333969 5.9744 0.881342 0.087262 0.048393
351200 -3132.14074251 390.55838831 0.333811 5.9744 0.881342 0.087262 0.060553
351300 -3163.85135089 412.60676930 0.352655 5.9744 0.881342 0.087262 -0.133782
351400 -3152.38422721 401.44491813 0.343115 5.9744 0.881342 0.087262 -0.054578
351500 -3156.56018340 410.16862916 0.350571 5.9795 0.881959 0.086159 -0.080401
351600 -3119.64932683 396.11956611 0.338564 5.9795 0.881959 0.086159 0.158797
351700 -3127.51095993 410.47787768 0.350836 5.9795 0.881959 0.086159 0.081812
351800 -3102.03564373 408.36768143 0.349032 5.9795 0.881959 0.086159 0.199593
351900 -3114.23440043 401.00844812 0.342742 5.9795 0.881959 0.086159 0.092491
352000 -3146.11285392 413.42673027 0.353356 5.9812 0.880709 0.086341 -0.094421
352100 -3154.39486424 400.82994042 0.342590 5.9812 0.880709 0.086341 -0.139366
352200 -3141.64167913 401.80875801 0.343426 5.9812 0.880709 0.086341 -0.026034
352300 -3131.67331822 389.03355951 0.332507 5.9812 0.880709 0.086341 0.024929
352400 -3147.20667727 397.72389808 0.339935 5.9812 0.880709 0.086341 -0.083226
352500 -3148.02508899 403.18272495 0.344601 5.9692 0.880179 0.084765 -0.051919
352600 -3142.54650697 388.75534261 0.332270 5.9692 0.880179 0.084765 -0.016918
352700 -3145.83585926 399.48661664 0.341442 5.9692 0.880179 0.084765 -0.003145
352800 -3148.32000030 393.20555317 0.336073 5.9692 0.880179 0.084765 -0.053617
352900 -3147.68516555 378.91333029 0.323858 5.9692 0.880179 0.084765 -0.066553
353000 -3164.25445852 395.18929075 0.337769 5.9795 0.890592 0.084096 -0.092042
353100 -3155.42569767 384.14621349 0.328330 5.9795 0.890592 0.084096 -0.037268
353200 -3152.97524598 391.71857582 0.334802 5.9795 0.890592 0.084096 -0.004783
353300 -3154.46582602 401.42676830 0.343100 5.9795 0.890592 0.084096 0.033071
353400 -3147.95329630 395.46885550 0.338008 5.9795 0.890592 0.084096 0.034329
353500 -3140.68168451 416.90787022 0.356332 5.9829 0.874503 0.089589 0.078659
353600 -3139.49078690 420.92047437 0.359761 5.9829 0.874503 0.089589 0.083535
353700 -3142.85471394 407.70168228 0.348463 5.9829 0.874503 0.089589 0.014508
353800 -3134.60764494 391.51762997 0.334630 5.9829 0.874503 0.089589 0.004694
353900 -3155.06905722 416.44837053 0.355939 5.9829 0.874503 0.089589 -0.091140
354000 -3142.98072575 396.16920592 0.338606 5.9658 0.883209 0.090399 -0.005042
354100 -3160.04113616 391.31241164 0.334455 5.9658 0.883209 0.090399 -0.125165
354200 -3149.16638303 399.84014788 0.341744 5.9658 0.883209 0.090399 -0.040662
354300 -3139.79540475 421.70458667 0.360431 5.9658 0.883209 0.090399 0.035865
354400 -3138.09990575 416.26778898 0.355784 5.9658 0.883209 0.090399 0.038828
354500 -3137.78746153 410.12757986 0.350536 5.9709 0.880075 0.089105 -0.005993
354600 -3120.85933005 386.08397086 0.329986 5.9709 0.880075 0.089105 0.054629
354700 -3138.44324255 405.25136269 0.346369 5.9709 0.880075 0.089105 -0.004772
354800 -3150.36106837 410.15813747 0.350563 5.9709 0.880075 0.089105 -0.088453
354900 -3119.58746310 395.93025421 0.338402 5.9709 0.880075 0.089105 0.106243
355000 -3127.70384206 403.70152766 0.345044 5.9795 0.874678 0.088942 0.076613
355100 -3147.83055890 410.54982210 0.350897 5.9795 0.874678 0.088942 -0.039455
355200 -3141.00569805 408.35347320 0.349020 5.9795 0.874678 0.088942 -0.002807
355300 -3147.49363998 414.66431761 0.354414 5.9795 0.874678 0.088942 -0.053144
355400 -3134.02611371 390.68216192 0.333916 5.9795 0.874678 0.088942 0.045696
355500 -3142.01160639 406.77068912 0.347667 5.9795 0.878232 0.090784 -0.027333
355600 -3138.90964574 398.82071781 0.340872 5.9795 0.878232 0.090784 -0.005318
355700 -3140.89682955 397.96625629 0.340142 5.9795 0.878232 0.090784 -0.015230
355800 -3151.00658453 398.93458349 0.340970 5.9795 0.878232 0.090784 -0.085877
355900 -3147.49724862 379.33819658 0.324221 5.9795 0.878232 0.090784 -0.039155
356000 -3148.65190721 391.81876788 0.334888 5.9658 0.885018 0.086673 -0.016994
356100 -3155.10486495 395.67979721 0.338188 5.9658 0.885018 0.086673 -0.052541
356200 -3135.25831487 389.57551072 0.332971 5.9658 0.885018 0.086673 0.086005
356300 -3137.64925633 406.10422689 0.347098 5.9658 0.885018 0.086673 0.083751
356400 -3135.16168102 388.89415593 0.332388 5.9658 0.885018 0.086673 0.009755
356500 -3145.76294097 380.64933860 0.325341 5.9812 0.877172 0.091518 -0.028313
356600 -3141.74798822 389.89781561 0.333246 5.9812 0.877172 0.091518 0.015483
356700 -3148.59819851 396.54332470 0.338926 5.9812 0.877172 0.091518 -0.020250
356800 -3174.14634415 400.78120163 0.342548 5.9812 0.877172 0.091518 -0.148705
356900 -3162.64566497 403.53205845 0.344899 5.9812 0.877172 0.091518 -0.057791
357000 -3141.55814195 394.86699616 0.337493 5.9778 0.879940 0.088326 0.059309
357100 -3147.24213856 403.69121001 0.345035 5.9778 0.879940 0.088326 -0.000906
357200 -3139.08999443 393.53141187 0.336352 5.9778 0.879940 0.088326 0.061360
357300 -3138.23326524 410.64252971 0.350977 5.9778 0.879940 0.088326 0.040513
357400 -3130.15268318 403.68923971 0.345034 5.9778 0.879940 0.088326 0.071577
357500 -3135.08246418 405.65031570 0.346710 5.9692 0.881931 0.090240 0.039386
357600 -3134.00074158 402.65799896 0.344152 5.9692 0.881931 0.090240 0.011920
357700 -3153.77105937 394.73176287 0.337378 5.9692 0.881931 0.090240 -0.115051
357800 -3146.47050018 383.49215893 0.327771 5.9692 0.881931 0.090240 -0.048146
357900 -3162.15029989 390.36830228 0.333648 5.9692 0.881931 0.090240 -0.135225
358000 -3153.57522232 399.83204805 0.341737 5.9778 0.882028 0.088422 -0.040575
358100 -3153.98707405 395.15436147 0.337739 5.9778 0.882028 0.088422 -0.051492
358200 -3149.25693170 396.32022802 0.338735 5.9778 0.882028 0.088422 0.005712
358300 -3139.19664007 393.69450043 0.336491 5.9778 0.882028 0.088422 0.030043
358400 -3139.99887783 383.94863777 0.328161 5.9778 0.882028 0.088422 0.030795
358500 -3150.41314001 392.63626607 0.335587 5.9709 0.885592 0.089145 -0.003905
358600 -3137.32747166 392.89498943 0.335808 5.9709 0.885592 0.089145 0.085027
358700 -3150.85224141 398.35809672 0.340477 5.9709 0.885592 0.089145 -0.024922
358800 -3158.51829278 384.45444563 0.328594 5.9709 0.885592 0.089145 -0.062088
358900 -3167.19294987 402.24594668 0.343800 5.9709 0.885592 0.089145 -0.060724
359000 -3157.59877699 377.94257599 0.323028 5.9726 0.884423 0.086784 -0.009801
359100 -3172.67124283 392.68904283 0.335632 5.9726 0.884423 0.086784 -0.066783
359200 -3163.29685612 380.02756600 0.324810 5.9726 0.884423 0.086784 0.006885
359300 -3160.82813914 381.79720651 0.326322 5.9726 0.884423 0.086784 0.030866
359400 -3146.83201200 405.95246911 0.346968 5.9726 0.884423 0.086784 0.104851
359500 -3146.70834415 400.99874139 0.342734 5.9778 0.883568 0.087138 0.074253
359600 -3143.07504005 383.44704902 0.327733 5.9778 0.883568 0.087138 0.042234
359700 -3141.10439449 397.04314242 0.339353 5.9778 0.883568 0.087138 0.068762
359800 -3144.49525631 386.51448395 0.330354 5.9778 0.883568 0.087138 0.051866
359900 -3149.53358960 373.57689690 0.319296 5.9778 0.883568 0.087138 0.008730
360000 -3154.95705208 381.48227256 0.326053 5.9658 0.883739 0.087039 -0.004163
360100 -3153.80686296 394.43636778 0.337125 5.9658 0.883739 0.087039 -0.023131
360200 -3152.53122957 407.21227916 0.348045 5.9658 0.883739 0.087039 0.033148
360300 -3160.62808159 386.60317838 0.330430 5.9658 0.883739 0.087039 -0.066679
360400 -3157.82951104 386.62467244 0.330448 5.9658 0.883739 0.087039 -0.034588
360500 -3156.50697587 397.09014628 0.339393 5.9744 0.890321 0.086232 -0.002682
360600 -3153.58486171 386.14525504 0.330039 5.9744 0.890321 0.086232 -0.007724
360700 -3132.79406961 380.84070061 0.325505 5.9744 0.890321 0.086232 0.116031
360800 -3135.03086600 390.96294356 0.334156 5.9744 0.890321 0.086232 0.104336
360900 -3164.08555874 399.41433412 0.341380 5.9744 0.890321 0.086232 -0.013726
361000 -3147.04302311 404.48204728 0.345711 5.9761 0.877349 0.088190 0.065356
361100 -3132.71815396 407.63820691 0.348409 5.9761 0.877349 0.088190 0.103529
361200 -3145.63447926 413.73791256 0.353622 5.9761 0.877349 0.088190 -0.038594
361300 -3146.16638695 386.68088411 0.330496 5.9761 0.877349 0.088190 -0.079411
361400 -3134.49788602 401.04258500 0.342771 5.9761 0.877349 0.088190 0.029171
361500 -3158.40197245 405.51888434 0.346597 5.9744 0.886282 0.086101 -0.126014
361600 -3147.24810925 403.67956083 0.345025 5.9744 0.886282 0.086101 -0.015854
361700 -3122.40174148 391.54501286 0.334654 5.9744 0.886282 0.086101 0.131072
361800 -3139.59946490 404.81029904 0.345992 5.9744 0.886282 0.086101 0.021674
361900 -3125.40069958 391.40102325 0.334531 5.9744 0.886282 0.086101 0.068564
362000 -3133.02232763 389.06572258 0.332535 5.9761 0.878205 0.090075 0.037529
362100 -3120.36558995 400.21779844 0.342066 5.9761 0.878205 0.090075 0.100907
362200 -3146.32233787 425.56856463 0.363734 5.9761 0.878205 0.090075 -0.055940
362300 -3129.82474096 410.35336427 0.350729 5.9761 0.878205 0.090075 0.027136
362400 -3122.31553039 405.94050523 0.346958 5.9761 0.878205 0.090075 0.071338
362500 -3120.41676971 398.92174188 0.340959 5.9675 0.875415 0.091282 0.034956
362600 -3138.61991691 407.57827562 0.348358 5.9675 0.875415 0.091282 -0.035203
362700 -3124.01764844 393.13967190 0.336017 5.9675 0.875415 0.091282 0.044587
362800 -3131.80673747 410.25635643 0.350646 5.9675 0.875415 0.091282 0.027584
362900 -3132.52743266 403.80608758 0.345133 5.9675 0.875415 0.091282 -0.001819
363000 -3124.50125333 389.60695863 0.332997 5.9692 0.871377 0.090391 0.062326
363100 -3123.14877140 401.31207242 0.343002 5.9692 0.871377 0.090391 0.064775
363200 -3141.04156356 414.17380474 0.353995 5.9692 0.871377 0.090391 -0.081884
363300 -3138.83521899 396.42836499 0.338828 5.9692 0.871377 0.090391 -0.074648
363400 -3135.21624935 402.32482480 0.343867 5.9692 0.871377 0.090391 0.008011
363500 -3138.74678670 407.87223177 0.348609 5.9761 0.882348 0.086253 -0.004039
363600 -3132.68486939 402.67455002 0.344166 5.9761 0.882348 0.086253 0.027204
363700 -3123.64228182 401.50574157 0.343167 5.9761 0.882348 0.086253 0.074657
363800 -3131.01803786 417.15073137 0.356539 5.9761 0.882348 0.086253 0.023186
363900 -3142.91838889 398.58625440 0.340672 5.9761 0.882348 0.086253 -0.093079
364000 -3150.73258837 411.95032423 0.352094 5.9744 0.889710 0.085312 -0.104346
364100 -3136.65417383 392.39514697 0.335380 5.9744 0.889710 0.085312 -0.027585
364200 -3142.90723055 405.81366200 0.346849 5.9744 0.889710 0.085312 -0.062710
364300 -3144.05171768 402.50940237 0.344025 5.9744 0.889710 0.085312 -0.054770
364400 -3128.98313138 406.83383723 0.347721 5.9744 0.889710 0.085312 0.022144
364500 -3134.07786775 379.25639440 0.324151 5.9726 0.877462 0.092025 0.034302
364600 -3146.17621268 393.51434985 0.336337 5.9726 0.877462 0.092025 -0.073876
364700 -3136.95337391 397.09739294 0.339399 5.9726 0.877462 0.092025 0.019108
364800 -3139.15588044 407.32255342 0.348139 5.9726 0.877462 0.092025 0.005062
364900 -3147.39362589 419.66695878 0.358690 5.9726 0.877462 0.092025 -0.048217
365000 -3138.20658771 398.22709870 0.340365 5.9692 0.880907 0.087689 -0.011316
365100 -3128.35537068 384.76344714 0.328858 5.9692 0.880907 0.087689 0.048825
365200 -3143.51804549 396.94909912 0.339273 5.9692 0.880907 0.087689 -0.067543
365300 -3161.10607485 409.36739444 0.349887 5.9692 0.880907 0.087689 -0.142325
365400 -3135.61723615 374.82753534 0.320365 5.9692 0.880907 0.087689 0.004350
365500 -3147.21703962 386.24182911 0.330121 5.9761 0.885117 0.085375 -0.019517
365600 -3140.45040355 395.73456689 0.338235 5.9761 0.885117 0.085375 0.054559
365700 -3150.78643051 399.94468610 0.341833 5.9761 0.885117 0.085375 -0.004670
365800 -3146.70481698 393.23033573 0.336094 5.9761 0.885117 0.085375 -0.007209
365900 -3163.17902006 388.89692411 0.332391 5.9761 0.885117 0.085375 -0.073075
366000 -3149.45790875 376.46628948 0.321766 5.9675 0.885585 0.088752 -0.018415
366100 -3161.62276959 389.83471573 0.333192 5.9675 0.885585 0.088752 -0.043148
366200 -3156.40299344 388.62094728 0.332155 5.9675 0.885585 0.088752 -0.018532
366300 -3147.57877446 405.66749742 0.346724 5.9675 0.885585 0.088752 0.057529
366400 -3129.28874908 409.24443358 0.349782 5.9675 0.885585 0.088752 0.115963
366500 -3144.83997842 402.43119712 0.343958 5.9726 0.881617 0.086726 -0.001011
366600 -3118.41635239 408.72061479 0.349334 5.9726 0.881617 0.086726 0.160772
366700 -3136.46717791 411.47123661 0.351685 5.9726 0.881617 0.086726 -0.013581
366800 -3118.35372663 390.32031301 0.333607 5.9726 0.881617 0.086726 0.068141
366900 -3130.41073062 391.46810102 0.334588 5.9726 0.881617 0.086726 -0.007747
367000 -3136.70776860 397.98642748 0.340159 5.9778 0.876911 0.088429 -0.006041
367100 -3134.77382793 412.95324180 0.352951 5.9778 0.876911 0.088429 -0.008175
367200 -3130.84200716 395.50672324 0.338040 5.9778 0.876911 0.088429 0.044627
367300 -3135.12649452 389.05811270 0.332528 5.9778 0.876911 0.088429 -0.004056
367400 -3142.97636440 392.19106775 0.335206 5.9778 0.876911 0.088429 -0.001339
367500 -3151.77106153 389.96895575 0.333307 5.9607 0.884226 0.089421 -0.060809
367600 -3147.31906434 398.38301245 0.340498 5.9607 0.884226 0.089421 0.008136
367700 -3160.02234725 402.87686415 0.344339 5.9607 0.884226 0.089421 -0.090664
367800 -3149.58285249 394.38750864 0.337083 5.9607 0.884226 0.089421 -0.013132
367900 -3165.49301880 387.36174268 0.331078 5.9607 0.884226 0.089421 -0.112762
368000 -3157.86134139 400.31850754 0.342153 5.9658 0.885884 0.087873 -0.016668
368100 -3151.00310200 415.29796617 0.354956 5.9658 0.885884 0.087873 0.022693
368200 -3125.73423252 418.40488230 0.357611 5.9658 0.885884 0.087873 0.103576
368300 -3132.16347936 385.06986500 0.329120 5.9658 0.885884 0.087873 0.028641
368400 -3125.63043530 393.32115433 0.336172 5.9658 0.885884 0.087873 0.096198
368500 -3128.99116917 396.86275242 0.339199 5.9709 0.871902 0.093744 0.062925
368600 -3133.00792033 413.59816474 0.353503 5.9709 0.871902 0.093744 0.019099
368700 -3114.91168786 413.82480731 0.353696 5.9709 0.871902 0.093744 0.150203
368800 -3127.60887621 410.16965785 0.350572 5.9709 0.871902 0.093744 0.018602
368900 -3118.31100386 413.00702059 0.352997 5.9709 0.871902 0.093744 0.070387
369000 -3120.81584373 395.27707704 0.337844 5.9675 0.876341 0.089876 0.023905
369100 -3116.32010577 407.99878677 0.348717 5.9675 0.876341 0.089876 0.081080
369200 -3132.92651912 399.99190539 0.341873 5.9675 0.876341 0.089876 -0.045491
369300 -3128.48347632 401.89076157 0.343496 5.9675 0.876341 0.089876 -0.000893
369400 -3125.09304457 392.92540500 0.335834 5.9675 0.876341 0.089876 0.040211
369500 -3147.36792892 396.70272715 0.339062 5.9709 0.880685 0.087528 -0.094568
369600 -3130.48610300 395.91323860 0.338387 5.9709 0.880685 0.087528 0.008562
369700 -3138.35820054 395.93900750 0.338409 5.9709 0.880685 0.087528 -0.031727
369800 -3143.75687829 407.15908355 0.347999 5.9709 0.880685 0.087528 0.016493
369900 -3152.18939679 405.80233120 0.346840 5.9709 0.880685 0.087528 -0.047365
370000 -3142.88784098 397.72585493 0.339937 5.9692 0.880581 0.089424 -0.024969
370100 -3142.20487390 393.64353884 0.336447 5.9692 0.880581 0.089424 -0.013499
370200 -3148.42121145 403.51582892 0.344885 5.9692 0.880581 0.089424 -0.037243
370300 -3148.24135682 399.62826050 0.341563 5.9692 0.880581 0.089424 -0.020289
370400 -3139.37743530 397.52721628 0.339767 5.9692 0.880581 0.089424 0.006413
370500 -3137.72530737 401.51871944 0.343178 5.9726 0.888643 0.087102 0.021657
370600 -3157.28898492 401.97235657 0.343566 5.9726 0.888643 0.087102 -0.070247
370700 -3156.69013025 417.36748509 0.356724 5.9726 0.888643 0.087102 -0.067918
370800 -3143.56579099 399.11121795 0.341121 5.9726 0.888643 0.087102 0.010731
370900 -3135.87607304 396.83156912 0.339172 5.9726 0.888643 0.087102 0.023924
371000 -3132.49180102 384.45638159 0.328595 5.9744 0.881839 0.089206 0.073847
371100 -3135.49150938 398.72225400 0.340788 5.9744 0.881839 0.089206 0.087205
371200 -3126.82029087 385.65929467 0.329623 5.9744 0.881839 0.089206 0.104497
371300 -3149.76955658 396.03773324 0.338494 5.9744 0.881839 0.089206 -0.008201
371400 -3165.69292855 398.97921684 0.341008 5.9744 0.881839 0.089206 -0.134140
371500 -3148.85108401 385.32001463 0.329333 5.9761 0.888655 0.086508 0.006475
371600 -3154.83713535 384.99573759 0.329056 5.9761 0.888655 0.086508 -0.039572
371700 -3150.41512957 383.80543634 0.328039 5.9761 0.888655 0.086508 0.013209
371800 -3169.53644399 396.18786952 0.338622 5.9761 0.888655 0.086508 -0.122614
371900 -3148.95842068 378.39238962 0.323412 5.9761 0.888655 0.086508 0.002797
372000 -3153.82758418 382.55122333 0.326967 5.9744 0.887617 0.087207 0.007316
372100 -3168.90026802 393.59659291 0.336407 5.9744 0.887617 0.087207 -0.028363
372200 -3168.51575881 385.47967533 0.329470 5.9744 0.887617 0.087207 -0.053958
372300 -3157.91622489 416.22900115 0.355751 5.9744 0.887617 0.087207 0.010553
372400 -3140.40367500 403.27705319 0.344681 5.9744 0.887617 0.087207 0.077404
372500 -3160.96173903 384.69802305 0.328802 5.9726 0.890280 0.084767 -0.062015
372600 -3146.93758268 395.38646390 0.337937 5.9726 0.890280 0.084767 0.003546
372700 -3148.47367780 387.45076946 0.331155 5.9726 0.890280 0.084767 -0.051960
372800 -3169.60612002 386.04750778 0.329955 5.9726 0.890280 0.084767 -0.117587
372900 -3155.03086161 370.13385759 0.316354 5.9726 0.890280 0.084767 -0.002477
373000 -3183.84338618 373.78290686 0.319473 5.9709 0.897303 0.084657 -0.155601
373100 -3160.47325717 386.96366973 0.330738 5.9709 0.897303 0.084657 0.028368
373200 -3171.70424701 383.51100909 0.327787 5.9709 0.897303 0.084657 -0.062412
373300 -3169.33506358 375.23746246 0.320716 5.9709 0.897303 0.084657 -0.005604
373400 -3174.56027171 373.26788924 0.319032 5.9709 0.897303 0.084657 -0.017747
373500 -3175.34313956 375.69602675 0.321108 5.9744 0.896072 0.082824 0.003681
373600 -3159.80449641 372.30140920 0.318206 5.9744 0.896072 0.082824 0.101660
373700 -3161.25948130 388.13305135 0.331738 5.9744 0.896072 0.082824 0.072687
373800 -3164.02446981 393.71806801 0.336511 5.9744 0.896072 0.082824 0.045639
373900 -3165.41625078 407.77738506 0.348528 5.9744 0.896072 0.082824 0.009704
374000 -3142.85466096 385.80934512 0.329752 5.9709 0.885968 0.088098 0.113578
374100 -3151.56050062 393.10876918 0.335990 5.9709 0.885968 0.088098 0.047405
374200 -3166.76077486 415.94636126 0.355510 5.9709 0.885968 0.088098 -0.044288
374300 -3157.15901680 405.74539017 0.346791 5.9709 0.885968 0.088098 -0.023784
374400 -3150.25477470 399.41524077 0.341381 5.9709 0.885968 0.088098 0.015793
374500 -3148.92067363 393.12080915 0.336001 5.9744 0.880345 0.088434 -0.016434
374600 -3152.19559209 371.84060791 0.317812 5.9744 0.880345 0.088434 -0.012480
374700 -3162.72980080 409.79371508 0.350251 5.9744 0.880345 0.088434 -0.026760
374800 -3142.57358067 400.86441823 0.342619 5.9744 0.880345 0.088434 0.096800
374900 -3123.23099346 391.49226480 0.334609 5.9744 0.880345 0.088434 0.173996
375000 -3158.97166254 406.56981422 0.347496 5.9744 0.882425 0.085294 -0.093126
375100 -3143.99953196 394.54921595 0.337222 5.9744 0.882425 0.085294 0.001101
375200 -3151.63450437 417.93649744 0.357211 5.9744 0.882425 0.085294 -0.046875
375300 -3154.04171713 413.78625065 0.353663 5.9744 0.882425 0.085294 -0.065148
375400 -3150.61196814 386.76778763 0.330571 5.9744 0.882425 0.085294 -0.029359
375500 -3140.48078641 379.10772200 0.324024 5.9726 0.883012 0.085969 0.040502
375600 -3160.67159239 386.00399129 0.329918 5.9726 0.883012 0.085969 -0.052426
375700 -3156.99590227 386.77291016 0.330575 5.9726 0.883012 0.085969 0.022398
375800 -3164.74047040 377.08670650 0.322296 5.9726 0.883012 0.085969 0.020705
375900 -3155.91281704 379.11594864 0.324031 5.9726 0.883012 0.085969 0.054022
376000 -3162.52447052 388.81910689 0.332324 5.9761 0.881950 0.086010 0.020755
376100 -3158.19773122 401.46783879 0.343135 5.9761 0.881950 0.086010 0.027140
376200 -3152.89110624 388.65168448 0.332181 5.9761 0.881950 0.086010 0.031773
376300 -3126.46304571 383.31309059 0.327618 5.9761 0.881950 0.086010 0.188536
376400 -3163.80471244 412.12636721 0.352245 5.9761 0.881950 0.086010 -0.030587
376500 -3157.76810711 418.46928505 0.357666 5.9761 0.888710 0.085003 -0.001758
376600 -3154.60911808 395.96393296 0.338431 5.9761 0.888710 0.085003 -0.003555
376700 -3155.51401282 398.68147632 0.340753 5.9761 0.888710 0.085003 -0.034630
376800 -3150.55014600 391.99078115 0.335035 5.9761 0.888710 0.085003 0.011656
376900 -3146.92947857 391.59660819 0.334698 5.9761 0.888710 0.085003 0.060807
377000 -3150.36220559 403.77405562 0.345106 5.9778 0.882493 0.086863 0.034169
377100 -3149.18290121 392.79002074 0.335718 5.9778 0.882493 0.086863 0.035711
377200 -3149.94957020 409.38843209 0.349905 5.9778 0.882493 0.086863 0.003946
377300 -3148.36155468 391.16000437 0.334325 5.9778 0.882493 0.086863 -0.015270
377400 -3140.64936752 384.64208625 0.328754 5.9778 0.882493 0.086863 0.057637
377500 -3143.45500999 391.73068883 0.334813 5.9761 0.884235 0.088308 0.006915
377600 -3158.56408588 397.53682897 0.339775 5.9761 0.884235 0.088308 -0.053708
377700 -3151.44493091 401.51096225 0.343172 5.9761 0.884235 0.088308 0.010125
377800 -3134.52522069 387.19500828 0.330936 5.9761 0.884235 0.088308 0.091176
377900 -3162.90566197 394.51979027 0.337196 5.9761 0.884235 0.088308 -0.079867
378000 -3151.66363662 391.60670513 0.334707 5.9726 0.889264 0.085850 0.029152
378100 -3162.04389630 410.20547783 0.350603 5.9726 0.889264 0.085850 -0.025806
378200 -3146.32175052 402.81061676 0.344283 5.9726 0.889264 0.085850 0.043543
378300 -3150.01399514 409.14777891 0.349699 5.9726 0.889264 0.085850 0.015194
378400 -3158.95527670 379.93316490 0.324729 5.9726 0.889264 0.085850 -0.082395
378500 -3156.60533325 365.39437812 0.312303 5.9744 0.885918 0.086984 -0.009288
378600 -3158.54625501 390.27956272 0.333572 5.9744 0.885918 0.086984 0.016579
378700 -3143.00331394 391.18648259 0.334347 5.9744 0.885918 0.086984 0.112865
378800 -3139.81754524 389.72329749 0.333097 5.9744 0.885918 0.086984 0.077110
378900 -3124.59633501 385.39501148 0.329397 5.9744 0.885918 0.086984 0.132409
379000 -3135.48164106 409.21443147 0.349756 5.9761 0.879326 0.090296 0.061010
379100 -3149.15758220 416.26372239 0.355781 5.9761 0.879326 0.090296 -0.035169
379200 -3163.43003482 386.72958177 0.330538 5.9761 0.879326 0.090296 -0.099878
379300 -3161.62728436 395.45497529 0.337996 5.9761 0.879326 0.090296 -0.092005
379400 -3152.55125607 390.77782269 0.333998 5.9761 0.879326 0.090296 0.017241
379500 -3138.56469397 384.99765265 0.329058 5.9761 0.883853 0.088868 0.073686
379600 -3155.72280030 383.94105227 0.328155 5.9761 0.883853 0.088868 -0.037063
379700 -3161.78591448 385.55733619 0.329536 5.9761 0.883853 0.088868 -0.035097
379800 -3171.99026232 386.53226054 0.330369 5.9761 0.883853 0.088868 -0.069807
379900 -3160.76914927 385.50328637 0.329490 5.9761 0.883853 0.088868 -0.042034
380000 -3158.69092860 377.66139657 0.322788 5.9778 0.888680 0.086203 -0.008808
380100 -3149.94910860 376.50062737 0.321795 5.9778 0.888680 0.086203 0.061771
380200 -3175.81712927 383.61143113 0.327873 5.9778 0.888680 0.086203 -0.094871
380300 -3174.34045178 381.92982188 0.326436 5.9778 0.888680 0.086203 -0.031490
380400 -3159.88794342 402.18623291 0.343749 5.9778 0.888680 0.086203 0.029841
380500 -3157.45592356 413.65956347 0.353555 5.9778 0.891779 0.085486 0.015676
380600 -3143.42850327 390.90996864 0.334111 5.9778 0.891779 0.085486 0.096812
380700 -3150.81472198 389.95228921 0.333293 5.9778 0.891779 0.085486 0.010004
380800 -3167.45275643 409.66259722 0.350139 5.9778 0.891779 0.085486 -0.029016
380900 -3145.32538529 394.06153578 0.336805 5.9778 0.891779 0.085486 0.070144
381000 -3150.29370029 407.23686057 0.348066 5.9761 0.887160 0.084088 0.043848
381100 -3163.07143298 406.28535550 0.347252 5.9761 0.887160 0.084088 -0.092107
381200 -3173.50053956 408.10153985 0.348805 5.9761 0.887160 0.084088 -0.146063
381300 -3157.88637038 388.00864682 0.331631 5.9761 0.887160 0.084088 -0.055883
381400 -3134.34732971 393.56693063 0.336382 5.9761 0.887160 0.084088 0.114618
381500 -3124.23763692 385.22775913 0.329254 5.9761 0.878194 0.088711 0.157170
381600 -3146.51645536 390.77660688 0.333997 5.9761 0.878194 0.088711 -0.001067
381700 -3166.65498613 408.68606098 0.349304 5.9761 0.878194 0.088711 -0.122611
381800 -3162.45846245 384.45231076 0.328592 5.9761 0.878194 0.088711 -0.083534
381900 -3155.31946580 381.32018087 0.325915 5.9761 0.878194 0.088711 -0.024306
382000 -3175.57334757 387.62179962 0.331301 5.9726 0.892509 0.083039 -0.120822
382100 -3160.95295027 398.89377979 0.340935 5.9726 0.892509 0.083039 -0.004597
382200 -3151.60951665 399.46166506 0.341420 5.9726 0.892509 0.083039 0.066309
382300 -3134.20993428 386.01683596 0.329929 5.9726 0.892509 0.083039 0.166203
382400 -3156.66677141 394.63496208 0.337295 5.9726 0.892509 0.083039 -0.039374
382500 -3154.04623306 383.36972608 0.327666 5.9812 0.880575 0.086722 0.006041
382600 -3176.35687826 394.72738405 0.337374 5.9812 0.880575 0.086722 -0.097692
382700 -3154.00641762 375.94901433 0.321324 5.9812 0.880575 0.086722 0.060005
382800 -3174.22732121 387.37865026 0.331093 5.9812 0.880575 0.086722 -0.049140
382900 -3173.48775935 402.05115150 0.343633 5.9812 0.880575 0.086722 -0.041283
383000 -3169.33288473 411.45176344 0.351668 5.9778 0.893962 0.085472 -0.055301
383100 -3191.55281208 416.19830940 0.355725 5.9778 0.893962 0.085472 -0.203925
383200 -3170.08272137 388.17001867 0.331769 5.9778 0.893962 0.085472 -0.031393
383300 -3150.50091783 377.97194595 0.323053 5.9778 0.893962 0.085472 0.052554
383400 -3163.81984246 394.45447267 0.337141 5.9778 0.893962 0.085472 -0.010233
383500 -3147.14202486 412.27505551 0.352372 5.9726 0.882238 0.087027 0.069736
383600 -3147.57788934 387.04510741 0.330808 5.9726 0.882238 0.087027 0.003699
383700 -3150.47329053 391.87881041 0.334939 5.9726 0.882238 0.087027 -0.009983
383800 -3159.45991570 401.67280964 0.343310 5.9726 0.882238 0.087027 -0.036790
383900 -3170.51403500 401.61974822 0.343265 5.9726 0.882238 0.087027 -0.111532
384000 -3148.36745935 395.86948394 0.338350 5.9778 0.879255 0.088006 0.059690
384100 -3158.52299488 406.08944073 0.347085 5.9778 0.879255 0.088006 -0.031536
384200 -3155.83257070 380.19929135 0.324957 5.9778 0.879255 0.088006 -0.005889
384300 -3170.17325506 400.87625326 0.342629 5.9778 0.879255 0.088006 -0.082958
384400 -3162.21560506 395.34969996 0.337906 5.9778 0.879255 0.088006 -0.033363
384500 -3152.33290671 418.44164233 0.357642 5.9761 0.886343 0.088105 -0.007069
384600 -3142.83966068 401.97802171 0.343571 5.9761 0.886343 0.088105 0.046864
384700 -3139.21639517 402.31094154 0.343856 5.9761 0.886343 0.088105 0.064586
384800 -3135.52342914 403.56638999 0.344929 5.9761 0.886343 0.088105 0.087274
384900 -3131.45608654 394.03946462 0.336786 5.9761 0.886343 0.088105 0.077696
385000 -3139.33854157 396.68279584 0.339045 5.9726 0.878922 0.087721 0.055694
385100 -3131.90377926 411.18561119 0.351441 5.9726 0.878922 0.087721 0.045760
385200 -3152.36371260 420.13789228 0.359092 5.9726 0.878922 0.087721 -0.087768
385300 -3146.53070451 389.86597240 0.333219 5.9726 0.878922 0.087721 -0.025075
385400 -3145.10893624 396.87524632 0.339210 5.9726 0.878922 0.087721 0.022024
385500 -3144.94442640 380.28883758 0.325033 5.9778 0.884861 0.087646 -0.018938
385600 -3147.06949574 391.06049607 0.334240 5.9778 0.884861 0.087646 0.003602
385700 -3141.04628278 409.00413939 0.349576 5.9778 0.884861 0.087646 -0.007892
385800 -3140.09515959 405.44450339 0.346534 5.9778 0.884861 0.087646 -0.041987
385900 -3127.92649362 387.02215577 0.330788 5.9778 0.884861 0.087646 0.067210
386000 -3154.60412037 386.42173784 0.330275 5.9726 0.886687 0.087172 -0.109294
386100 -3144.72206453 382.48698660 0.326912 5.9726 0.886687 0.087172 -0.035967
386200 -3143.55414975 405.23853249 0.346358 5.9726 0.886687 0.087172 0.036553
386300 -3150.96236366 385.29238235 0.329310 5.9726 0.886687 0.087172 -0.056116
386400 -3161.29446986 377.53379167 0.322678 5.9726 0.886687 0.087172 -0.111739
386500 -3151.83909917 387.15254074 0.330900 5.9744 0.888622 0.086674 0.011942
386600 -3158.51351840 400.91825061 0.342665 5.9744 0.888622 0.086674 0.010159
386700 -3153.79031556 407.14283113 0.347985 5.9744 0.888622 0.086674 0.014696
386800 -3143.93323137 412.35835139 0.352443 5.9744 0.888622 0.086674 0.073951
386900 -3153.60502762 406.99419985 0.347858 5.9744 0.888622 0.086674 -0.044669
387000 -3140.47393141 389.49191748 0.332899 5.9641 0.884782 0.088508 0.103832
387100 -3135.81574328 406.37153607 0.347326 5.9641 0.884782 0.088508 0.082700
387200 -3126.89660225 404.21013773 0.345479 5.9641 0.884782 0.088508 0.116163
387300 -3140.13626983 399.30026460 0.341282 5.9641 0.884782 0.088508 0.000464
387400 -3150.78885064 401.10771301 0.342827 5.9641 0.884782 0.088508 -0.018882
387500 -3138.39785503 400.89781988 0.342648 5.9709 0.880748 0.086584 0.057670
387600 -3159.28785562 394.09971405 0.336837 5.9709 0.880748 0.086584 -0.107817
387700 -3159.40154207 405.63754471 0.346699 5.9709 0.880748 0.086584 -0.056721
387800 -3136.13529896 394.75017328 0.337393 5.9709 0.880748 0.086584 0.064739
387900 -3159.16100569 395.33419394 0.337892 5.9709 0.880748 0.086584 -0.102502
388000 -3144.32136051 405.86163449 0.346890 5.9778 0.879062 0.087174 0.012650
388100 -3143.89804394 410.61994746 0.350957 5.9778 0.879062 0.087174 -0.020223
388200 -3150.80847376 421.21710480 0.360015 5.9778 0.879062 0.087174 -0.101461
388300 -3140.68092999 412.96919483 0.352965 5.9778 0.879062 0.087174 -0.014903
388400 -3127.49538974 380.44512429 0.325167 5.9778 0.879062 0.087174 0.034496
388500 -3143.24884997 398.24549446 0.340381 5.9744 0.887862 0.087756 -0.019110
388600 -3125.27273790 386.76248211 0.330566 5.9744 0.887862 0.087756 0.084624
388700 -3137.81375846 395.40102551 0.337950 5.9744 0.887862 0.087756 0.037698
388800 -3159.18740109 415.36596929 0.355014 5.9744 0.887862 0.087756 -0.076549
388900 -3137.67831913 406.03531213 0.347039 5.9744 0.887862 0.087756 0.033885
389000 -3135.02751466 397.35146208 0.339617 5.9744 0.881081 0.087945 0.016793
389100 -3143.88687600 405.90298456 0.346926 5.9744 0.881081 0.087945 -0.008242
389200 -3142.36024225 394.74205230 0.337386 5.9744 0.881081 0.087945 -0.029446
389300 -3162.37478477 410.54123783 0.350890 5.9744 0.881081 0.087945 -0.138450
389400 -3152.55683041 389.51084535 0.332915 5.9744 0.881081 0.087945 -0.082115
389500 -3157.70669386 394.11199134 0.336848 5.9726 0.887711 0.086104 -0.053839
389600 -3144.18479818 395.90641027 0.338382 5.9726 0.887711 0.086104 0.005042
389700 -3143.31711703 408.19247330 0.348882 5.9726 0.887711 0.086104 0.009759
389800 -3151.72030196 402.20777470 0.343767 5.9726 0.887711 0.086104 -0.041986
389900 -3151.76385807 401.43328297 0.343105 5.9726 0.887711 0.086104 -0.030621
390000 -3156.47530570 386.84232299 0.330634 5.9744 0.888172 0.085201 -0.062042
390100 -3162.97340877 405.00023016 0.346154 5.9744 0.888172 0.085201 -0.031810
390200 -3146.88253186 370.70695069 0.316844 5.9744 0.888172 0.085201 0.036453
390300 -3167.33983651 384.29201127 0.328455 5.9744 0.888172 0.085201 -0.064979
390400 -3147.19913345 383.10509959 0.327440 5.9744 0.888172 0.085201 0.079655
390500 -3164.51061598 400.28719204 0.342126 5.9726 0.885312 0.084226 -0.040130
390600 -3152.93045800 409.71237346 0.350182 5.9726 0.885312 0.084226 0.041509
390700 -3151.29880629 410.32273808 0.350703 5.9726 0.885312 0.084226 0.025915
390800 -3120.99330109 390.83264550 0.334045 5.9726 0.885312 0.084226 0.178530
390900 -3136.38902720 399.96946407 0.341854 5.9726 0.885312 0.084226 0.074554
391000 -3141.01160814 396.48379092 0.338875 5.9726 0.880010 0.088904 0.009371
391100 -3122.75750166 408.11202014 0.348814 5.9726 0.880010 0.088904 0.104117
391200 -3134.58328193 401.92515979 0.343526 5.9726 0.880010 0.088904 0.001317
391300 -3149.09801088 401.45223286 0.343122 5.9726 0.880010 0.088904 -0.113592
391400 -3138.15264634 365.07066519 0.312026 5.9726 0.880010 0.088904 -0.003084
391500 -3155.35340550 378.68054852 0.323659 5.9744 0.892895 0.084190 -0.062233
391600 -3165.19440822 415.25919516 0.354922 5.9744 0.892895 0.084190 -0.044618
391700 -3137.23869677 394.14037634 0.336872 5.9744 0.892895 0.084190 0.066902
391800 -3142.01471520 398.84665720 0.340895 5.9744 0.892895 0.084190 0.065910
391900 -3152.82050366 384.81046698 0.328898 5.9744 0.892895 0.084190 0.026622
392000 -3153.11688345 387.14855671 0.330896 5.9778 0.887169 0.085188 -0.017525
392100 -3146.24934665 388.51572493 0.332065 5.9778 0.887169 0.085188 0.041852
392200 -3145.65269384 399.73545246 0.341654 5.9778 0.887169 0.085188 0.029478
392300 -3143.28389058 405.78879230 0.346828 5.9778 0.887169 0.085188 0.059061
392400 -3142.12168114 396.83733123 0.339177 5.9778 0.887169 0.085188 0.019653
392500 -3154.23543888 416.43547629 0.355928 5.9709 0.883576 0.087123 -0.025916
392600 -3128.23674439 399.80814983 0.341716 5.9709 0.883576 0.087123 0.148420
392700 -3149.70004070 409.80204170 0.350258 5.9709 0.883576 0.087123 -0.025943
392800 -3154.30657821 405.03711792 0.346186 5.9709 0.883576 0.087123 -0.110158
392900 -3140.70095879 397.42065832 0.339676 5.9709 0.883576 0.087123 0.004598
393000 -3128.24824031 410.49329378 0.350849 5.9761 0.879876 0.088983 0.057938
393100 -3125.78568428 417.38274386 0.356737 5.9761 0.879876 0.088983 0.078236
393200 -3120.41916054 414.12400822 0.353952 5.9761 0.879876 0.088983 0.068784
393300 -3121.25528546 390.95919885 0.334153 5.9761 0.879876 0.088983 0.004411
393400 -3127.13400949 396.23487017 0.338662 5.9761 0.879876 0.088983 -0.016934
393500 -3134.11555398 404.18841512 0.345460 5.9761 0.882540 0.088339 -0.039804
393600 -3146.36610072 411.53612503 0.351740 5.9761 0.882540 0.088339 -0.068792
393700 -3134.75545350 412.33092935 0.352420 5.9761 0.882540 0.088339 0.001707
393800 -3135.48418947 396.55842433 0.338939 5.9761 0.882540 0.088339 -0.022481
393900 -3133.32904823 403.91818760 0.345229 5.9761 0.882540 0.088339 0.042451
394000 -3134.09009808 406.36943588 0.347324 5.9726 0.877725 0.091264 -0.001578
394100 -3116.92073785 410.81932751 0.351128 5.9726 0.877725 0.091264 0.095245
394200 -3137.38660992 395.45384532 0.337995 5.9726 0.877725 0.091264 -0.073116
394300 -3134.29443196 392.78566315 0.335714 5.9726 0.877725 0.091264 -0.003043
394400 -3140.45367976 389.69107803 0.333069 5.9726 0.877725 0.091264 -0.013441
394500 -3136.30044422 411.79798773 0.351964 5.9744 0.882502 0.090455 0.015412
394600 -3107.99518533 411.31189135 0.351549 5.9744 0.882502 0.090455 0.158085
394700 -3102.85156873 421.61230004 0.360352 5.9744 0.882502 0.090455 0.149649
394800 -3108.01538727 417.27556191 0.356646 5.9744 0.882502 0.090455 0.066535
394900 -3124.12969981 421.02876548 0.359854 5.9744 0.882502 0.090455 -0.060027
395000 -3116.07620097 388.81190233 0.332318 5.9744 0.872420 0.091929 -0.001517
395100 -3132.22458651 404.00805025 0.345306 5.9744 0.872420 0.091929 -0.065353
395200 -3129.12940512 373.71579772 0.319415 5.9744 0.872420 0.091929 -0.002671
395300 -3149.16827929 407.91303500 0.348644 5.9744 0.872420 0.091929 -0.105676
395400 -3147.22986594 393.75473482 0.336543 5.9744 0.872420 0.091929 -0.061550
395500 -3156.31280099 389.85414084 0.333209 5.9778 0.890178 0.084486 -0.100574
395600 -3157.64716950 391.75807621 0.334836 5.9778 0.890178 0.084486 -0.045759
395700 -3135.23966503 408.15365792 0.348849 5.9778 0.890178 0.084486 0.080502
395800 -3126.82412788 388.14854224 0.331751 5.9778 0.890178 0.084486 0.123392
395900 -3144.24239219 401.16670892 0.342878 5.9778 0.890178 0.084486 -0.003065
396000 -3147.79358229 392.08643510 0.335117 5.9709 0.881872 0.087719 -0.043239
396100 -3147.29060104 407.05055432 0.347906 5.9709 0.881872 0.087719 -0.041553
396200 -3138.41422100 391.13273833 0.334301 5.9709 0.881872 0.087719 0.032773
396300 -3147.50153091 417.93116496 0.357206 5.9709 0.881872 0.087719 -0.034620
396400 -3124.79788517 395.01194080 0.337617 5.9709 0.881872 0.087719 0.080407
396500 -3132.25422246 437.24054674 0.373710 5.9761 0.873950 0.093069 0.018031
396600 -3137.77503233 413.89488902 0.353756 5.9761 0.873950 0.093069 -0.072964
396700 -3144.24531547 405.51476571 0.346594 5.9761 0.873950 0.093069 -0.101956
396800 -3136.57423563 385.88648809 0.329818 5.9761 0.873950 0.093069 -0.046838
396900 -3134.23105847 400.30138697 0.342138 5.9761 0.873950 0.093069 -0.003562
397000 -3152.62831780 420.68516082 0.359560 5.9778 0.889874 0.085298 -0.098122
397100 -3141.82050987 392.67312816 0.335618 5.9778 0.889874 0.085298 -0.009378
397200 -3148.72009780 406.96084179 0.347830 5.9778 0.889874 0.085298 -0.046915
397300 -3129.76383404 395.93710383 0.338408 5.9778 0.889874 0.085298 0.074181
397400 -3152.28241883 383.45801647 0.327742 5.9778 0.889874 0.085298 -0.049511
397500 -3160.20130002 397.54260995 0.339780 5.9795 0.888403 0.085065 -0.083160
397600 -3136.90096286 371.89441178 0.317858 5.9795 0.888403 0.085065 0.077693
397700 -3153.84978878 398.43762735 0.340545 5.9795 0.888403 0.085065 -0.036265
397800 -3148.97175452 394.24622696 0.336963 5.9795 0.888403 0.085065 0.014128
397900 -3173.41674051 397.76939853 0.339974 5.9795 0.888403 0.085065 -0.136822
398000 -3154.91039701 388.53688397 0.332083 5.9761 0.884083 0.091102 -0.021327
398100 -3158.88292965 393.94718882 0.336707 5.9761 0.884083 0.091102 -0.040405
398200 -3161.67841405 394.87361071 0.337499 5.9761 0.884083 0.091102 -0.048602
398300 -3150.82617355 416.54628194 0.356022 5.9761 0.884083 0.091102 0.052672
398400 -3139.05472525 403.04855557 0.344486 5.9761 0.884083 0.091102 0.063991
398500 -3146.97826384 405.33715131 0.346442 5.9726 0.881750 0.089541 -0.002598
398600 -3133.04927390 400.12611379 0.341988 5.9726 0.881750 0.089541 0.097694
398700 -3135.77766466 407.03404310 0.347892 5.9726 0.881750 0.089541 0.041656
398800 -3146.62007386 405.56550801 0.346637 5.9726 0.881750 0.089541 -0.044225
398900 -3127.61152576 394.90836683 0.337529 5.9726 0.881750 0.089541 0.079858
399000 -3136.04882442 401.54001356 0.343197 5.9726 0.880361 0.089199 -0.005177
399100 -3139.54912587 406.82842844 0.347717 5.9726 0.880361 0.089199 0.025909
399200 -3138.36027492 404.35502714 0.345603 5.9726 0.880361 0.089199 0.011842
399300 -3147.95981958 402.32732593 0.343870 5.9726 0.880361 0.089199 -0.019506
399400 -3134.70048674 393.94773824 0.336707 5.9726 0.880361 0.089199 0.067168
399500 -3125.47167634 404.68812427 0.345887 5.9726 0.878317 0.091473 0.087417
399600 -3137.12164292 424.90351575 0.363165 5.9726 0.878317 0.091473 0.017307
399700 -3118.98871196 393.03581406 0.335928 5.9726 0.878317 0.091473 0.095059
399800 -3118.98982218 415.74010866 0.355333 5.9726 0.878317 0.091473 0.095964
399900 -3116.29111847 411.08935584 0.351358 5.9726 0.878317 0.091473 0.060303
400000 -3124.57275668 408.94950466 0.349529 5.9675 0.876813 0.090495 -0.023534
400100 -3113.36081282 405.54475067 0.346619 5.9675 0.876813 0.090495 0.047196
400200 -3116.91469249 395.48555926 0.338022 5.9675 0.876813 0.090495 0.015217
400300 -3137.92464722 410.16862837 0.350571 5.9675 0.876813 0.090495 -0.077277
400400 -3130.09747520 393.06040782 0.335949 5.9675 0.876813 0.090495 0.005104
400500 -3147.88867858 393.72840454 0.336520 5.9709 0.881595 0.086407 -0.054006
400600 -3154.03662871 418.77966177 0.357931 5.9709 0.881595 0.086407 -0.074729
400700 -3134.83753434 403.79298340 0.345122 5.9709 0.881595 0.086407 -0.006345
400800 -3129.22928401 399.35744894 0.341331 5.9709 0.881595 0.086407 -0.012336
400900 -3130.47537933 393.88124822 0.336651 5.9709 0.881595 0.086407 -0.024242
401000 -3109.68139736 393.51668022 0.336339 5.9692 0.863900 0.096389 0.116329
401100 -3142.46377206 404.54341247 0.345764 5.9692 0.863900 0.096389 -0.061311
401200 -3134.91626892 410.11381347 0.350525 5.9692 0.863900 0.096389 0.010977
401300 -3130.61860868 393.41808741 0.336255 5.9692 0.863900 0.096389 0.033698
401400 -3138.84947867 401.36765192 0.343049 5.9692 0.863900 0.096389 -0.055169
401500 -3137.02421687 390.99799502 0.334186 5.9778 0.876805 0.091930 -0.023433
401600 -3121.75570543 393.56704408 0.336382 5.9778 0.876805 0.091930 0.119284
401700 -3133.83395101 415.05810473 0.354751 5.9778 0.876805 0.091930 0.015426
401800 -3109.95301965 395.12864933 0.337717 5.9778 0.876805 0.091930 0.173047
401900 -3144.75350059 411.81983890 0.351983 5.9778 0.876805 0.091930 -0.039811
402000 -3134.21931431 413.87370104 0.353738 5.9709 0.876970 0.091124 0.007343
402100 -3124.12800447 414.04080920 0.353881 5.9709 0.876970 0.091124 0.054548
402200 -3143.37118283 405.18060642 0.346308 5.9709 0.876970 0.091124 -0.090136
402300 -3105.60202338 398.02102395 0.340189 5.9709 0.876970 0.091124 0.162093
402400 -3116.64688835 424.95098868 0.363206 5.9709 0.876970 0.091124 0.053448
402500 -3121.83011883 416.69365557 0.356148 5.9709 0.885508 0.091088 0.029552
402600 -3122.91713289 414.82359778 0.354550 5.9709 0.885508 0.091088 0.017718
402700 -3118.19533093 413.71232858 0.353600 5.9709 0.885508 0.091088 0.005060
402800 -3114.51552603 406.37155294 0.347326 5.9709 0.885508 0.091088 0.036219
402900 -3131.97475272 402.05874932 0.343640 5.9709 0.885508 0.091088 -0.104925
403000 -3141.96159907 381.04861631 0.325683 5.9709 0.882534 0.087156 -0.134536
403100 -3132.67670540 388.99044785 0.332470 5.9709 0.882534 0.087156 -0.015280
403200 -3129.17048106 395.79141020 0.338283 5.9709 0.882534 0.087156 -0.013677
403300 -3136.62041621 404.78366692 0.345969 5.9709 0.882534 0.087156 -0.067545
403400 -3156.77810345 427.43324419 0.365328 5.9709 0.882534 0.087156 -0.133857
403500 -3133.10174812 399.70122682 0.341625 5.9709 0.875411 0.089271 -0.013780
403600 -3135.36146411 410.66867659 0.350999 5.9709 0.875411 0.089271 -0.035739
403700 -3154.46765721 407.95229797 0.348677 5.9709 0.875411 0.089271 -0.141308
403800 -3147.09666300 401.94922584 0.343546 5.9709 0.875411 0.089271 -0.036114
403900 -3158.37208504 403.93506077 0.345244 5.9709 0.875411 0.089271 -0.133181
404000 -3159.70439352 397.42135386 0.339676 5.9709 0.890158 0.087043 -0.102907
404100 -3140.78342529 376.60177684 0.321882 5.9709 0.890158 0.087043 0.034534
404200 -3168.88180265 405.33423536 0.346440 5.9709 0.890158 0.087043 -0.152645
404300 -3146.60398767 399.75544351 0.341671 5.9709 0.890158 0.087043 0.012087
404400 -3158.90888411 395.59322454 0.338114 5.9709 0.890158 0.087043 -0.058900
404500 -3159.72241068 390.87930361 0.334085 5.9846 0.890384 0.084559 -0.079194
404600 -3154.16806274 385.25252860 0.329276 5.9846 0.890384 0.084559 -0.028302
404700 -3157.38378447 388.63690896 0.332168 5.9846 0.890384 0.084559 -0.001850
404800 -3161.31580366 391.96298609 0.335011 5.9846 0.890384 0.084559 -0.022987
404900 -3147.39784211 380.88844897 0.325546 5.9846 0.890384 0.084559 0.050339
405000 -3167.74234366 391.22801333 0.334383 5.9795 0.890664 0.083589 -0.068684
405100 -3157.18380150 389.92604870 0.333270 5.9795 0.890664 0.083589 0.001466
405200 -3132.72023331 388.33450886 0.331910 5.9795 0.890664 0.083589 0.151533
405300 -3142.10465002 403.48752401 0.344861 5.9795 0.890664 0.083589 0.056136
405400 -3165.28641965 391.33111391 0.334471 5.9795 0.890664 0.083589 -0.095725
405500 -3139.59613843 379.04448112 0.323970 5.9761 0.876914 0.090554 0.085499
405600 -3128.07922104 395.88927611 0.338367 5.9761 0.876914 0.090554 0.151422
405700 -3150.49841035 401.16214890 0.342874 5.9761 0.876914 0.090554 0.000112
405800 -3171.18578578 387.61662743 0.331296 5.9761 0.876914 0.090554 -0.130489
405900 -3166.04165119 389.86336326 0.333217 5.9761 0.876914 0.090554 -0.069059
406000 -3155.39574541 382.96395522 0.327320 5.9761 0.885552 0.088590 0.037612
406100 -3163.73900692 411.66305410 0.351849 5.9761 0.885552 0.088590 -0.020808
406200 -3157.11529096 376.31954806 0.321641 5.9761 0.885552 0.088590 -0.009680
406300 -3179.96379790 412.07406312 0.352200 5.9761 0.885552 0.088590 -0.145320
406400 -3156.05013637 389.96255288 0.333301 5.9761 0.885552 0.088590 0.024553
406500 -3161.33489331 400.79188398 0.342557 5.9709 0.890231 0.085780 0.025045
406600 -3164.38294856 407.67380962 0.348439 5.9709 0.890231 0.085780 -0.026233
406700 -3166.01495873 422.59903591 0.361196 5.9709 0.890231 0.085780 -0.022148
406800 -3157.79895110 417.03291225 0.356438 5.9709 0.890231 0.085780 0.015662
406900 -3148.82954473 408.46163656 0.349113 5.9709 0.890231 0.085780 0.005510
407000 -3139.72052845 398.88217346 0.340925 5.9761 0.886009 0.088247 0.033429
407100 -3143.84192681 418.62184852 0.357796 5.9761 0.886009 0.088247 0.017808
407200 -3140.75620477 402.63983241 0.344137 5.9761 0.886009 0.088247 0.009690
407300 -3121.68756581 405.78009648 0.346821 5.9761 0.886009 0.088247 0.135741
407400 -3119.31345118 400.79145983 0.342557 5.9761 0.886009 0.088247 0.125804
407500 -3136.12212959 404.32741926 0.345579 5.9795 0.878000 0.088120 -0.006644
407600 -3134.42955218 408.17369703 0.348866 5.9795 0.878000 0.088120 -0.022937
407700 -3122.76910654 402.25401138 0.343807 5.9795 0.878000 0.088120 0.050082
407800 -3128.50353404 406.11421302 0.347106 5.9795 0.878000 0.088120 0.004392
407900 -3116.73359555 404.03166268 0.345326 5.9795 0.878000 0.088120 0.066899
408000 -3112.07648895 409.95308971 0.350387 5.9692 0.873221 0.092689 0.091324
408100 -3122.95849944 405.45510082 0.346543 5.9692 0.873221 0.092689 -0.003022
408200 -3128.86288493 409.54223038 0.350036 5.9692 0.873221 0.092689 -0.024702
408300 -3114.68496501 395.73937362 0.338239 5.9692 0.873221 0.092689 0.049573
408400 -3129.66816873 412.57934195 0.352632 5.9692 0.873221 0.092689 -0.045218
408500 -3140.10267361 407.08250847 0.347934 5.9726 0.882261 0.088576 -0.091902
408600 -3138.71204509 408.33277321 0.349002 5.9726 0.882261 0.088576 -0.075961
408700 -3148.84551553 411.41921457 0.351640 5.9726 0.882261 0.088576 -0.114459
408800 -3120.71530100 409.04539794 0.349611 5.9726 0.882261 0.088576 0.094620
408900 -3125.39292442 417.77773403 0.357075 5.9726 0.882261 0.088576 0.045180
409000 -3101.53644822 402.70256017 0.344190 5.9726 0.874839 0.091362 0.173620
409100 -3137.75983052 404.79293945 0.345977 5.9726 0.874839 0.091362 -0.078141
409200 -3141.26696822 396.26745773 0.338690 5.9726 0.874839 0.091362 -0.043297
409300 -3131.93866595 391.97498566 0.335021 5.9726 0.874839 0.091362 0.013692
409400 -3145.63078069 402.88878976 0.344349 5.9726 0.874839 0.091362 -0.076559
409500 -3139.51644517 393.77659596 0.336561 5.9709 0.884043 0.088313 -0.076568
409600 -3143.61343693 386.91251283 0.330694 5.9709 0.884043 0.088313 -0.058026
409700 -3133.56660698 366.82403589 0.313525 5.9709 0.884043 0.088313 0.030037
409800 -3159.25099844 380.63764762 0.325331 5.9709 0.884043 0.088313 -0.121607
409900 -3156.14960411 403.11145153 0.344540 5.9709 0.884043 0.088313 -0.030021
410000 -3146.27417881 387.41500698 0.331124 5.9795 0.887486 0.085207 0.056211
410100 -3156.80683853 415.07480801 0.354765 5.9795 0.887486 0.085207 -0.018806
410200 -3138.66912457 375.07149220 0.320574 5.9795 0.887486 0.085207 0.023876
410300 -3144.39391079 394.07813546 0.336819 5.9795 0.887486 0.085207 0.011234
410400 -3160.77430828 401.04706367 0.342775 5.9795 0.887486 0.085207 -0.079129
410500 -3128.95515760 388.89575799 0.332390 5.9778 0.866526 0.091142 0.115205
410600 -3139.27589419 387.93199226 0.331566 5.9778 0.866526 0.091142 0.009162
410700 -3146.90404350 392.50827144 0.335477 5.9778 0.866526 0.091142 0.015840
410800 -3146.94415203 388.43237672 0.331993 5.9778 0.866526 0.091142 0.007548
410900 -3167.64895251 409.25922547 0.349794 5.9778 0.866526 0.091142 -0.100476
411000 -3135.75823133 397.29379045 0.339567 5.9778 0.879621 0.087980 0.073317
411100 -3139.13530543 416.45512068 0.355945 5.9778 0.879621 0.087980 0.042893
411200 -3110.42461117 390.15199389 0.333463 5.9778 0.879621 0.087980 0.193559
411300 -3136.36569784 401.16327026 0.342875 5.9778 0.879621 0.087980 0.003531
411400 -3131.62405331 394.98593198 0.337595 5.9778 0.879621 0.087980 0.016019
411500 -3147.83055346 415.88937632 0.355461 5.9778 0.881834 0.088773 -0.065297
411600 -3145.30633699 407.27545669 0.348099 5.9778 0.881834 0.088773 -0.047258
411700 -3149.10271221 409.30332435 0.349832 5.9778 0.881834 0.088773 -0.075263
411800 -3129.48738622 380.06689408 0.324843 5.9778 0.881834 0.088773 0.035873
411900 -3142.21052011 391.69446305 0.334782 5.9778 0.881834 0.088773 0.027586
412000 -3166.97231742 392.70088521 0.335642 5.9761 0.893675 0.084358 -0.104323
412100 -3155.39226088 398.90208861 0.340942 5.9761 0.893675 0.084358 -0.015609
412200 -3166.41431291 406.04658325 0.347048 5.9761 0.893675 0.084358 -0.080358
412300 -3147.07544163 391.43401177 0.334559 5.9761 0.893675 0.084358 0.032022
412400 -3144.01822870 383.06342090 0.327405 5.9761 0.893675 0.084358 0.027992
412500 -3140.38713179 390.28362115 0.333576 5.9692 0.874085 0.089992 0.034128
412600 -3157.15675637 409.90088849 0.350343 5.9692 0.874085 0.089992 -0.063356
412700 -3137.78892152 399.26795489 0.341255 5.9692 0.874085 0.089992 0.058701
412800 -3150.24076488 404.82560533 0.346005 5.9692 0.874085 0.089992 -0.062794
412900 -3157.69767641 410.41701223 0.350784 5.9692 0.874085 0.089992 -0.053262
413000 -3133.89902056 391.58532740 0.334688 5.9744 0.879301 0.089126 0.065515
413100 -3119.92036998 383.02643238 0.327373 5.9744 0.879301 0.089126 0.126419
413200 -3150.82240905 408.62931266 0.349256 5.9744 0.879301 0.089126 -0.034046
413300 -3139.72149513 398.77543211 0.340834 5.9744 0.879301 0.089126 -0.013130
413400 -3132.39012357 373.46474590 0.319201 5.9744 0.879301 0.089126 0.019965
413500 -3142.43149769 400.16811723 0.342024 5.9863 0.883408 0.086190 -0.033017
413600 -3144.76602586 389.31981621 0.332752 5.9863 0.883408 0.086190 -0.032939
413700 -3148.57126831 401.35498857 0.343038 5.9863 0.883408 0.086190 -0.005587
413800 -3144.24886734 387.94894579 0.331580 5.9863 0.883408 0.086190 0.000898
413900 -3133.32431961 386.50106825 0.330343 5.9863 0.883408 0.086190 0.076906
414000 -3135.20280624 415.39659832 0.355040 5.9675 0.877502 0.090555 0.053914
414100 -3124.44043123 415.05761801 0.354750 5.9675 0.877502 0.090555 0.066153
414200 -3147.97700190 414.32601199 0.354125 5.9675 0.877502 0.090555 -0.081399
414300 -3131.86016559 402.52529505 0.344039 5.9675 0.877502 0.090555 0.021908
414400 -3122.70294792 398.36649020 0.340484 5.9675 0.877502 0.090555 0.058721
414500 -3154.48805211 413.59893745 0.353503 5.9812 0.887196 0.087043 -0.147114
414600 -3151.55889936 392.43635315 0.335416 5.9812 0.887196 0.087043 -0.108275
414700 -3143.41855504 389.67489258 0.333055 5.9812 0.887196 0.087043 0.004591
414800 -3157.53466678 399.43320247 0.341396 5.9812 0.887196 0.087043 -0.055073
414900 -3148.08487261 398.65391784 0.340730 5.9812 0.887196 0.087043 -0.011647
415000 -3136.98768178 385.53145002 0.329514 5.9709 0.882539 0.091117 0.045012
415100 -3129.31891390 377.42631889 0.322587 5.9709 0.882539 0.091117 0.073802
415200 -3154.86484111 409.03265072 0.349601 5.9709 0.882539 0.091117 -0.069934
415300 -3135.32531923 384.04782871 0.328246 5.9709 0.882539 0.091117 0.018546
415400 -3123.97763774 406.28623685 0.347253 5.9709 0.882539 0.091117 0.077765
415500 -3123.21606105 381.63131579 0.326181 5.9778 0.870552 0.094781 0.072328
415600 -3145.55028576 396.25551609 0.338680 5.9778 0.870552 0.094781 -0.015517
415700 -3140.43991898 401.56228488 0.343216 5.9778 0.870552 0.094781 0.006765
415800 -3140.09350400 388.37819569 0.331947 5.9778 0.870552 0.094781 0.010702
415900 -3136.53254897 396.42858722 0.338828 5.9778 0.870552 0.094781 0.054179
416000 -3135.71754770 383.23685931 0.327553 5.9761 0.883237 0.089464 0.054378
416100 -3149.40986049 398.59210475 0.340677 5.9761 0.883237 0.089464 -0.007533
416200 -3151.01213906 397.26009247 0.339539 5.9761 0.883237 0.089464 -0.023366
416300 -3140.49818114 402.84702090 0.344314 5.9761 0.883237 0.089464 0.007954
416400 -3159.61576847 414.87816807 0.354597 5.9761 0.883237 0.089464 -0.086009
416500 -3140.69587979 392.60561544 0.335560 5.9726 0.886435 0.087971 0.009879
416600 -3129.36868877 390.23107953 0.333531 5.9726 0.886435 0.087971 0.086535
416700 -3144.18928633 389.17781355 0.332631 5.9726 0.886435 0.087971 -0.011194
416800 -3148.13327145 399.32303939 0.341302 5.9726 0.886435 0.087971 -0.060119
416900 -3154.49020738 391.73729028 0.334818 5.9726 0.886435 0.087971 -0.097483
417000 -3148.73346747 400.80829793 0.342571 5.9795 0.887686 0.085547 -0.016397
417100 -3125.95742678 391.66914935 0.334760 5.9795 0.887686 0.085547 0.140295
417200 -3149.46222237 408.22729845 0.348912 5.9795 0.887686 0.085547 0.007867
417300 -3148.82860146 410.39747371 0.350767 5.9795 0.887686 0.085547 -0.023574
417400 -3148.50934724 394.99617761 0.337604 5.9795 0.887686 0.085547 -0.032177
417500 -3130.84749450 399.06340348 0.341080 5.9778 0.877430 0.088430 0.073315
417600 -3141.44434193 405.19584021 0.346321 5.9778 0.877430 0.088430 0.006769
417700 -3134.49883385 397.86368768 0.340054 5.9778 0.877430 0.088430 0.053337
417800 -3142.76452665 409.63823514 0.350118 5.9778 0.877430 0.088430 -0.047825
417900 -3132.16693732 397.73621114 0.339945 5.9778 0.877430 0.088430 0.062177
418000 -3150.81881015 405.23461546 0.346354 5.9778 0.886225 0.086413 -0.053962
418100 -3146.52746466 426.28328812 0.364345 5.9778 0.886225 0.086413 -0.014375
418200 -3130.90925374 392.63617079 0.335586 5.9778 0.886225 0.086413 0.024675
418300 -3147.94333880 403.20404737 0.344619 5.9778 0.886225 0.086413 -0.050882
418400 -3163.37770984 412.00801458 0.352144 5.9778 0.886225 0.086413 -0.118491
418500 -3138.68457058 401.48917304 0.343153 5.9795 0.885385 0.087795 0.015378
418600 -3152.49716641 407.77915738 0.348529 5.9795 0.885385 0.087795 -0.046659
418700 -3151.61795558 413.09868175 0.353076 5.9795 0.885385 0.087795 -0.006052
418800 -3128.04647768 409.73511157 0.350201 5.9795 0.885385 0.087795 0.098444
418900 -3149.01426307 405.66071371 0.346719 5.9795 0.885385 0.087795 -0.056591
419000 -3146.74478913 415.99345684 0.355550 5.9812 0.883143 0.086055 -0.030593
419100 -3127.67005834 376.70518765 0.321970 5.9812 0.883143 0.086055 0.068967
419200 -3160.79019229 395.25675477 0.337826 5.9812 0.883143 0.086055 -0.115650
419300 -3153.74863463 405.56122491 0.346634 5.9812 0.883143 0.086055 0.007568
419400 -3138.89295869 394.43397603 0.337123 5.9812 0.883143 0.086055 0.047768
419500 -3159.13939555 386.28700774 0.330160 5.9761 0.890050 0.086772 -0.076962
419600 -3169.06700486 392.41743494 0.335400 5.9761 0.890050 0.086772 -0.083766
419700 -3164.56625318 383.11491844 0.327449 5.9761 0.890050 0.086772 -0.054127
419800 -3169.78277737 386.19547533 0.330082 5.9761 0.890050 0.086772 -0.052948
419900 -3162.95669538 374.50190384 0.320087 5.9761 0.890050 0.086772 -0.013203
420000 -3151.63929870 386.20216093 0.330087 5.9812 0.881654 0.086246 0.058630
420100 -3152.32865950 399.33071852 0.341308 5.9812 0.881654 0.086246 0.074190
420200 -3142.71313557 402.15552002 0.343723 5.9812 0.881654 0.086246 0.090928
420300 -3156.91380107 400.37123641 0.342198 5.9812 0.881654 0.086246 -0.016116
420400 -3149.48080864 383.40511162 0.327697 5.9812 0.881654 0.086246 0.022685
420500 -3177.93617355 408.39171082 0.349053 5.9795 0.895376 0.083489 -0.148914
420600 -3149.21240588 402.08070868 0.343659 5.9795 0.895376 0.083489 0.030617
420700 -3158.12957152 403.70439916 0.345046 5.9795 0.895376 0.083489 -0.037706
420800 -3147.48184216 403.26778847 0.344673 5.9795 0.895376 0.083489 0.016225
420900 -3149.75474134 411.53502943 0.351739 5.9795 0.895376 0.083489 -0.051025
421000 -3147.23622077 408.53410992 0.349174 5.9692 0.889094 0.089048 -0.012243
421100 -3142.59885516 393.65697152 0.336459 5.9692 0.889094 0.089048 -0.013243
421200 -3140.80116673 379.62513345 0.324466 5.9692 0.889094 0.089048 0.009918
421300 -3163.95939599 400.61952752 0.342410 5.9692 0.889094 0.089048 -0.097823
421400 -3153.40528441 398.99655856 0.341023 5.9692 0.889094 0.089048 -0.016772
421500 -3137.90286519 392.27681697 0.335279 5.9744 0.883983 0.088178 0.072001
421600 -3131.83975933 399.75255686 0.341669 5.9744 0.883983 0.088178 0.100568
421700 -3147.65219746 411.12778073 0.351391 5.9744 0.883983 0.088178 -0.044596
421800 -3150.39453617 389.33824871 0.332768 5.9744 0.883983 0.088178 -0.077344
421900 -3130.43602248 392.32636170 0.335322 5.9744 0.883983 0.088178 0.078534
422000 -3150.60381582 414.58302835 0.354344 5.9744 0.876618 0.089738 -0.069103
422100 -3135.27253299 413.48509111 0.353406 5.9744 0.876618 0.089738 0.037591
422200 -3137.77065185 412.24220448 0.352344 5.9744 0.876618 0.089738 -0.001401
422300 -3127.22119621 416.84297936 0.356276 5.9744 0.876618 0.089738 0.036204
422400 -3139.06296504 414.41211377 0.354198 5.9744 0.876618 0.089738 -0.057798
422500 -3123.20503794 392.71375257 0.335653 5.9761 0.874897 0.092693 0.063557
422600 -3139.72597394 402.74803184 0.344229 5.9761 0.874897 0.092693 -0.068340
422700 -3143.39275921 406.10353199 0.347097 5.9761 0.874897 0.092693 -0.078391
422800 -3144.72232648 398.58752598 0.340673 5.9761 0.874897 0.092693 -0.064424
422900 -3128.94498142 392.04263469 0.335079 5.9761 0.874897 0.092693 0.050663
423000 -3121.49199723 382.29286271 0.326746 5.9744 0.875927 0.091299 0.089312
423100 -3137.93569306 397.45101306 0.339702 5.9744 0.875927 0.091299 -0.027338
423200 -3152.28653932 381.95373901 0.326456 5.9744 0.875927 0.091299 -0.102819
423300 -3148.93339172 400.17544328 0.342030 5.9744 0.875927 0.091299 -0.031421
423400 -3162.57097627 427.92267257 0.365746 5.9744 0.875927 0.091299 -0.095662
423500 -3133.64668281 404.19904777 0.345469 5.9641 0.881829 0.089764 0.087982
423600 -3143.63491590 413.55571116 0.353466 5.9641 0.881829 0.089764 -0.015871
423700 -3142.69146590 396.50398142 0.338892 5.9641 0.881829 0.089764 -0.020448
423800 -3142.74563278 390.23468140 0.333534 5.9641 0.881829 0.089764 0.021567
423900 -3154.60213418 399.58889567 0.341529 5.9641 0.881829 0.089764 -0.079089
424000 -3159.85701792 393.59632619 0.336407 5.9692 0.884012 0.088096 -0.110182
424100 -3158.72030521 395.15231140 0.337737 5.9692 0.884012 0.088096 -0.118700
424200 -3165.00360123 392.08715816 0.335117 5.9692 0.884012 0.088096 -0.112339
424300 -3160.31571649 370.78211559 0.316908 5.9692 0.884012 0.088096 -0.076764
424400 -3171.23903610 392.36667112 0.335356 5.9692 0.884012 0.088096 -0.105109
424500 -3141.73079432 389.81335672 0.333174 5.9744 0.874523 0.089528 0.088860
424600 -3146.90759702 411.17273646 0.351430 5.9744 0.874523 0.089528 0.047171
424700 -3145.47702709 404.81482231 0.345996 5.9744 0.874523 0.089528 -0.006486
424800 -3140.40033618 395.56074443 0.338086 5.9744 0.874523 0.089528 0.011290
424900 -3145.88264868 402.14144133 0.343711 5.9744 0.874523 0.089528 -0.015178
425000 -3128.36238337 398.69067201 0.340761 5.9726 0.883521 0.087301 0.107595
425100 -3142.17602771 420.12899712 0.359085 5.9726 0.883521 0.087301 -0.016264
425200 -3121.90591079 394.71729294 0.337365 5.9726 0.883521 0.087301 0.131567
425300 -3146.01710188 409.18871180 0.349734 5.9726 0.883521 0.087301 -0.043208
425400 -3140.82341406 401.56470283 0.343218 5.9726 0.883521 0.087301 -0.010231
425500 -3158.32378354 390.04920399 0.333375 5.9709 0.884926 0.085131 -0.131932
425600 -3167.99319624 404.17059169 0.345445 5.9709 0.884926 0.085131 -0.131394
425700 -3156.05858617 379.61471354 0.324457 5.9709 0.884926 0.085131 -0.082646
425800 -3144.29845812 389.23463933 0.332679 5.9709 0.884926 0.085131 0.049780
425900 -3130.22046203 405.45349925 0.346541 5.9709 0.884926 0.085131 0.097050
426000 -3134.80444830 428.52307181 0.366259 5.9658 0.875077 0.090514 0.068257
426100 -3117.90068982 408.72012421 0.349333 5.9658 0.875077 0.090514 0.114996
426200 -3136.50454975 439.42728210 0.375579 5.9658 0.875077 0.090514 -0.040215
426300 -3115.12888797 403.37742825 0.344767 5.9658 0.875077 0.090514 0.035638
426400 -3118.98391075 401.97442719 0.343568 5.9658 0.875077 0.090514 0.047394
426500 -3113.28088773 395.19782168 0.337776 5.9641 0.869748 0.091236 0.092276
426600 -3130.24251089 419.44273704 0.358498 5.9641 0.869748 0.091236 -0.026701
426700 -3121.62295497 395.07633027 0.337672 5.9641 0.869748 0.091236 0.032201
426800 -3146.55638256 391.00595007 0.334193 5.9641 0.869748 0.091236 -0.159878
426900 -3135.37609245 398.33544754 0.340458 5.9641 0.869748 0.091236 -0.000322
427000 -3149.74661772 393.17340124 0.336046 5.9726 0.883012 0.087509 -0.072315
427100 -3161.92504643 395.75942315 0.338256 5.9726 0.883012 0.087509 -0.152272
427200 -3166.81580428 411.55348369 0.351755 5.9726 0.883012 0.087509 -0.133716
427300 -3154.26855388 393.40977518 0.336248 5.9726 0.883012 0.087509 -0.028695
427400 -3155.13599947 391.26649563 0.334416 5.9726 0.883012 0.087509 -0.016782
427500 -3127.44783813 393.72903408 0.336521 5.9709 0.879467 0.090726 0.128148
427600 -3145.98664008 402.39691006 0.343929 5.9709 0.879467 0.090726 -0.029362
427700 -3133.93007211 401.00323139 0.342738 5.9709 0.879467 0.090726 0.024248
427800 -3134.43982484 404.97986894 0.346137 5.9709 0.879467 0.090726 0.030317
427900 -3137.71042734 387.47251832 0.331173 5.9709 0.879467 0.090726 -0.007756
428000 -3144.79071667 401.89946881 0.343504 5.9675 0.884045 0.088500 -0.000319
428100 -3148.61201569 402.23317053 0.343789 5.9675 0.884045 0.088500 -0.015397
428200 -3152.49779102 402.47564984 0.343996 5.9675 0.884045 0.088500 -0.035461
428300 -3143.82931974 384.48634769 0.328621 5.9675 0.884045 0.088500 0.010118
428400 -3144.04802444 381.18928723 0.325803 5.9675 0.884045 0.088500 0.009610
428500 -3149.70927040 385.92258921 0.329848 5.9744 0.877488 0.092356 -0.028262
428600 -3144.92540735 406.78662525 0.347681 5.9744 0.877488 0.092356 0.042421
428700 -3142.69834718 389.73525494 0.333107 5.9744 0.877488 0.092356 0.008701
428800 -3152.26795552 396.19940977 0.338632 5.9744 0.877488 0.092356 -0.022642
428900 -3139.43582036 387.83566504 0.331483 5.9744 0.877488 0.092356 0.062287
429000 -3139.78281657 394.75486747 0.337397 5.9795 0.884519 0.086453 0.036519
429100 -3150.98651216 381.42366397 0.326003 5.9795 0.884519 0.086453 0.003393
429200 -3176.47276930 386.92128365 0.330702 5.9795 0.884519 0.086453 -0.114384
429300 -3150.95082996 383.44000678 0.327727 5.9795 0.884519 0.086453 0.049961
429400 -3157.40700086 403.27289773 0.344678 5.9795 0.884519 0.086453 0.034791
429500 -3150.09486556 421.27172568 0.360061 5.9744 0.887826 0.086305 0.059980
429600 -3137.01572382 401.01120943 0.342745 5.9744 0.887826 0.086305 0.072899
429700 -3134.45397756 411.29751861 0.351536 5.9744 0.887826 0.086305 0.100418
429800 -3148.36015726 402.80177266 0.344275 5.9744 0.887826 0.086305 -0.039538
429900 -3144.91575563 407.50130483 0.348292 5.9744 0.887826 0.086305 0.020595
430000 -3125.00159098 387.18070589 0.330924 5.9675 0.879272 0.091094 0.122726
430100 -3140.74259110 406.12503886 0.347115 5.9675 0.879272 0.091094 0.010978
430200 -3144.47215092 383.34539354 0.327646 5.9675 0.879272 0.091094 -0.039119
430300 -3157.73721096 393.90148672 0.336668 5.9675 0.879272 0.091094 -0.068613
430400 -3156.93726131 408.59097189 0.349223 5.9675 0.879272 0.091094 -0.043638
430500 -3143.48954716 401.18926163 0.342897 5.9744 0.884791 0.084851 0.024084
430600 -3141.91004177 392.98468565 0.335884 5.9744 0.884791 0.084851 0.038248
430700 -3138.64657101 406.73289457 0.347635 5.9744 0.884791 0.084851 0.069596
430800 -3150.12213321 399.67566627 0.341603 5.9744 0.884791 0.084851 -0.057517
430900 -3139.08633319 394.43477624 0.337124 5.9744 0.884791 0.084851 0.018481
431000 -3131.83069259 395.34482481 0.337902 5.9761 0.879415 0.089889 0.037629
431100 -3139.19628859 404.74906345 0.345939 5.9761 0.879415 0.089889 0.029076
431200 -3150.88979687 409.90619805 0.350347 5.9761 0.879415 0.089889 -0.071150
431300 -3142.78189946 386.82997763 0.330624 5.9761 0.879415 0.089889 -0.002534
431400 -3154.42744165 395.29302336 0.337857 5.9761 0.879415 0.089889 -0.046664
431500 -3162.36193291 399.15220916 0.341156 5.9778 0.891399 0.084472 -0.090398
431600 -3165.12154660 391.80592570 0.334877 5.9778 0.891399 0.084472 -0.055572
431700 -3146.18213452 396.18414840 0.338619 5.9778 0.891399 0.084472 0.061557
431800 -3131.74380326 385.81976256 0.329760 5.9778 0.891399 0.084472 0.146976
431900 -3138.74135749 399.29029730 0.341274 5.9778 0.891399 0.084472 0.088235
432000 -3132.97662032 396.30401329 0.338721 5.9726 0.878348 0.087916 0.080772
432100 -3133.11640586 395.11726454 0.337707 5.9726 0.878348 0.087916 0.051690
432200 -3127.59611271 408.60249793 0.349233 5.9726 0.878348 0.087916 0.116856
432300 -3141.16639951 402.20601299 0.343766 5.9726 0.878348 0.087916 0.008768
432400 -3149.40667266 404.20080294 0.345471 5.9726 0.878348 0.087916 -0.042940
432500 -3149.98797938 406.79460489 0.347688 5.9812 0.876673 0.088312 -0.075030
432600 -3150.22859570 399.10943348 0.341119 5.9812 0.876673 0.088312 -0.067548
432700 -3144.34700794 397.62704259 0.339852 5.9812 0.876673 0.088312 -0.009409
432800 -3135.15374839 380.28869464 0.325033 5.9812 0.876673 0.088312 0.050175
432900 -3156.77220451 399.75989521 0.341675 5.9812 0.876673 0.088312 -0.091351
433000 -3149.87926719 398.19155047 0.340335 5.9744 0.890958 0.087387 -0.009391
433100 -3136.24887817 386.77414480 0.330576 5.9744 0.890958 0.087387 0.050631
433200 -3140.94368841 397.21087171 0.339496 5.9744 0.890958 0.087387 0.021085
433300 -3141.64264817 383.46446229 0.327747 5.9744 0.890958 0.087387 -0.022798
433400 -3155.15689554 405.01613249 0.346168 5.9744 0.890958 0.087387 -0.083386
433500 -3152.06590784 413.01307725 0.353003 5.9709 0.889722 0.086527 -0.056072
433600 -3146.05592715 393.42939354 0.336264 5.9709 0.889722 0.086527 0.009612
433700 -3158.49066725 410.81383910 0.351123 5.9709 0.889722 0.086527 -0.060891
433800 -3137.48212854 397.95800337 0.340135 5.9709 0.889722 0.086527 0.083447
433900 -3142.27407912 384.51021858 0.328641 5.9709 0.889722 0.086527 0.007298
434000 -3133.47888409 384.32234426 0.328481 5.9692 0.881788 0.089241 0.099298
434100 -3146.69758926 384.36098727 0.328514 5.9692 0.881788 0.089241 -0.034160
434200 -3148.05285267 379.53679536 0.324390 5.9692 0.881788 0.089241 0.014416
434300 -3149.54080395 393.72875976 0.336520 5.9692 0.881788 0.089241 0.031046
434400 -3153.53103185 396.84956917 0.339188 5.9692 0.881788 0.089241 -0.002060
434500 -3160.80845337 398.16348012 0.340311 5.9726 0.891596 0.085032 -0.049072
434600 -3161.78231610 389.03682729 0.332510 5.9726 0.891596 0.085032 -0.048789
434700 -3169.14304546 406.20275586 0.347182 5.9726 0.891596 0.085032 -0.057095
434800 -3167.51852997 406.29884868 0.347264 5.9726 0.891596 0.085032 -0.033941
434900 -3156.80607206 416.99893441 0.356409 5.9726 0.891596 0.085032 -0.011052
435000 -3143.76268239 414.41991982 0.354205 5.9726 0.878859 0.087221 0.073717
435100 -3134.19833670 391.42745184 0.334553 5.9726 0.878859 0.087221 0.090568
435200 -3144.40279537 406.22735034 0.347203 5.9726 0.878859 0.087221 0.040162
435300 -3134.87649401 399.76958845 0.341683 5.9726 0.878859 0.087221 0.050859
435400 -3133.13476542 391.07335935 0.334251 5.9726 0.878859 0.087221 0.065829
435500 -3133.18665135 407.17255060 0.348011 5.9726 0.876935 0.089395 0.039929
435600 -3153.95323699 409.42901595 0.349939 5.9726 0.876935 0.089395 -0.083463
435700 -3137.97571892 388.91795486 0.332409 5.9726 0.876935 0.089395 0.025751
435800 -3148.40849529 408.96881550 0.349546 5.9726 0.876935 0.089395 -0.041104
435900 -3139.17394403 383.48884585 0.327768 5.9726 0.876935 0.089395 0.006854
436000 -3149.05546593 397.13788371 0.339434 5.9726 0.883784 0.087174 -0.051356
436100 -3156.64378945 387.49473557 0.331192 5.9726 0.883784 0.087174 -0.076417
436200 -3150.25181002 379.05894136 0.323982 5.9726 0.883784 0.087174 0.004402
436300 -3159.21749975 388.11017833 0.331718 5.9726 0.883784 0.087174 -0.057869
436400 -3158.41004427 402.90118271 0.344360 5.9726 0.883784 0.087174 -0.011100
436500 -3143.23868097 400.47208273 0.342284 5.9709 0.883534 0.088053 0.036630
436600 -3135.31318482 391.46125165 0.334582 5.9709 0.883534 0.088053 0.043337
436700 -3143.21511135 397.76350049 0.339969 5.9709 0.883534 0.088053 0.005423
436800 -3149.31672183 392.14977663 0.335171 5.9709 0.883534 0.088053 -0.012072
436900 -3152.64068274 401.01836984 0.342751 5.9709 0.883534 0.088053 0.000410
437000 -3145.63496943 397.92873024 0.340110 5.9726 0.881378 0.086617 0.014056
437100 -3140.33050416 389.28799055 0.332725 5.9726 0.881378 0.086617 0.057910
437200 -3112.15994293 378.04702229 0.323117 5.9726 0.881378 0.086617 0.248500
437300 -3129.52591313 387.40808804 0.331118 5.9726 0.881378 0.086617 0.080060
437400 -3143.15218472 393.20332987 0.336071 5.9726 0.881378 0.086617 -0.009760
437500 -3143.37191837 396.67385109 0.339037 5.9726 0.883151 0.089580 0.010087
437600 -3142.21736930 417.76009974 0.357060 5.9726 0.883151 0.089580 0.012570
437700 -3126.53679004 405.62774219 0.346690 5.9726 0.883151 0.089580 0.099478
437800 -3134.88771846 413.34807670 0.353289 5.9726 0.883151 0.089580 0.019833
437900 -3131.69092226 393.18178111 0.336053 5.9726 0.883151 0.089580 0.002443
438000 -3144.98625167 396.84685607 0.339185 5.9761 0.886963 0.086824 -0.074774
438100 -3150.77354813 407.43718152 0.348237 5.9761 0.886963 0.086824 -0.059927
438200 -3146.03320529 405.76634548 0.346809 5.9761 0.886963 0.086824 -0.074915
438300 -3131.41119700 393.78826817 0.336571 5.9761 0.886963 0.086824 0.071836
438400 -3137.67383918 404.40858620 0.345648 5.9761 0.886963 0.086824 0.016181
438500 -3129.71205154 399.09851532 0.341110 5.9692 0.882962 0.091391 0.039821
438600 -3139.26685320 393.05237798 0.335942 5.9692 0.882962 0.091391 -0.009727
438700 -3132.71509140 392.02826927 0.335067 5.9692 0.882962 0.091391 0.026505
438800 -3157.16713317 385.00334342 0.329063 5.9692 0.882962 0.091391 -0.104820
438900 -3153.03127823 395.05367272 0.337653 5.9692 0.882962 0.091391 -0.030938
439000 -3150.15903767 401.24335472 0.342943 5.9709 0.888701 0.087604 -0.015776
439100 -3144.01534264 379.84986336 0.324658 5.9709 0.888701 0.087604 0.002139
439200 -3148.56432609 379.21852294 0.324118 5.9709 0.888701 0.087604 -0.008469
439300 -3153.66844088 383.35541397 0.327654 5.9709 0.888701 0.087604 0.021654
439400 -3153.96847338 385.40595929 0.329407 5.9709 0.888701 0.087604 0.018847
439500 -3141.84014291 408.73887373 0.349349 5.9761 0.878041 0.088868 0.085882
439600 -3154.49851899 414.05765238 0.353895 5.9761 0.878041 0.088868 -0.052584
439700 -3153.23263002 393.80851225 0.336588 5.9761 0.878041 0.088868 -0.008670
439800 -3162.81733274 409.09913409 0.349657 5.9761 0.878041 0.088868 -0.039821
439900 -3136.68707550 394.34847135 0.337050 5.9761 0.878041 0.088868 0.084653
440000 -3152.51663834 393.03774012 0.335930 5.9675 0.888624 0.086577 -0.017999
440100 -3154.30689565 380.18357927 0.324943 5.9675 0.888624 0.086577 -0.049497
440200 -3158.58792891 376.65599235 0.321928 5.9675 0.888624 0.086577 -0.040812
440300 -3164.22910077 389.62594256 0.333014 5.9675 0.888624 0.086577 -0.056118
440400 -3142.20838533 387.22281740 0.330960 5.9675 0.888624 0.086577 0.091563
440500 -3148.07470219 365.52014841 0.312410 5.9692 0.886744 0.088850 0.053834
440600 -3161.00759747 407.01610046 0.347877 5.9692 0.886744 0.088850 0.013039
440700 -3140.48108630 410.48260619 0.350840 5.9692 0.886744 0.088850 0.111848
440800 -3161.43250852 428.55549972 0.366287 5.9692 0.886744 0.088850 -0.067022
440900 -3134.26818955 409.01200877 0.349583 5.9692 0.886744 0.088850 0.070097
441000 -3137.91503503 394.48686471 0.337168 5.9692 0.878976 0.088471 0.044237
441100 -3140.76940823 389.91335637 0.333259 5.9692 0.878976 0.088471 -0.001731
441200 -3143.90583833 392.91161288 0.335822 5.9692 0.878976 0.088471 -0.018128
441300 -3135.62597023 377.63882304 0.322768 5.9692 0.878976 0.088471 0.005987
441400 -3157.77956670 408.34126874 0.349010 5.9692 0.878976 0.088471 -0.083366
441500 -3143.04837057 400.56119820 0.342360 5.9778 0.885047 0.087949 -0.029149
441600 -3136.90337322 394.63156904 0.337292 5.9778 0.885047 0.087949 0.042311
441700 -3161.06142028 393.62986938 0.336436 5.9778 0.885047 0.087949 -0.066159
441800 -3145.98537609 398.13667506 0.340288 5.9778 0.885047 0.087949 0.038067
441900 -3153.22941112 388.49349574 0.332046 5.9778 0.885047 0.087949 -0.025613
442000 -3164.65144273 384.13992168 0.328325 5.9692 0.887561 0.087413 -0.125551
442100 -3171.24803348 403.64098339 0.344992 5.9692 0.887561 0.087413 -0.123463
442200 -3147.37117192 382.63914225 0.327042 5.9692 0.887561 0.087413 0.032124
442300 -3157.32963240 392.19765475 0.335212 5.9692 0.887561 0.087413 -0.061043
442400 -3148.29481723 396.40068598 0.338804 5.9692 0.887561 0.087413 0.015832
442500 -3150.22863251 402.90388368 0.344362 5.9675 0.888482 0.088425 0.030648
442600 -3130.62748091 401.24784039 0.342947 5.9675 0.888482 0.088425 0.093814
442700 -3139.70927263 403.18170125 0.344600 5.9675 0.888482 0.088425 0.047396
442800 -3144.31834909 400.48699668 0.342297 5.9675 0.888482 0.088425 -0.012025
442900 -3153.36321280 384.87968437 0.328957 5.9675 0.888482 0.088425 -0.049369
443000 -3151.25536738 398.08340196 0.340242 5.9641 0.882538 0.089827 -0.063689
443100 -3157.76463258 392.30342581 0.335302 5.9641 0.882538 0.089827 -0.091700
443200 -3164.38170659 400.16659749 0.342023 5.9641 0.882538 0.089827 -0.095247
443300 -3161.37007137 388.54972953 0.332094 5.9641 0.882538 0.089827 -0.064137
443400 -3172.67692110 383.49868459 0.327777 5.9641 0.882538 0.089827 -0.115879
443500 -3165.73800769 381.15013288 0.325769 5.9658 0.892894 0.086325 -0.051008
443600 -3158.49317693 391.25733822 0.334408 5.9658 0.892894 0.086325 0.020555
443700 -3128.35114130 375.77976846 0.321179 5.9658 0.892894 0.086325 0.220931
443800 -3141.38819889 405.84458863 0.346876 5.9658 0.892894 0.086325 0.072758
443900 -3132.43046207 395.70489199 0.338209 5.9658 0.892894 0.086325 0.113097
444000 -3123.82431374 389.45518883 0.332868 5.9624 0.876614 0.089982 0.148778
444100 -3140.79152667 390.23860066 0.333537 5.9624 0.876614 0.089982 0.011116
444200 -3146.04646715 388.88565006 0.332381 5.9624 0.876614 0.089982 -0.009054
444300 -3141.12436998 394.31680798 0.337023 5.9624 0.876614 0.089982 0.027932
444400 -3138.82776376 394.94648867 0.337561 5.9624 0.876614 0.089982 0.060052
444500 -3132.72657453 397.34328163 0.339610 5.9692 0.883794 0.091225 0.065636
444600 -3129.22795358 410.22142399 0.350617 5.9692 0.883794 0.091225 0.063806
444700 -3132.10647612 409.40797513 0.349921 5.9692 0.883794 0.091225 0.062582
444800 -3127.15006909 405.33572272 0.346441 5.9692 0.883794 0.091225 0.034259
444900 -3130.54912094 403.15196122 0.344574 5.9692 0.883794 0.091225 -0.000364
445000 -3122.88813169 403.88384525 0.345200 5.9675 0.883851 0.090171 0.065337
445100 -3132.96906538 391.03916753 0.334222 5.9675 0.883851 0.090171 -0.007509
445200 -3156.60997751 393.24225427 0.336104 5.9675 0.883851 0.090171 -0.151138
445300 -3154.23237479 382.79449432 0.327175 5.9675 0.883851 0.090171 -0.126020
445400 -3163.06460340 389.18542771 0.332637 5.9675 0.883851 0.090171 -0.144666
445500 -3159.11196178 385.31171184 0.329326 5.9692 0.885633 0.087129 -0.052443
445600 -3141.82334263 383.20272238 0.327524 5.9692 0.885633 0.087129 0.054670
445700 -3145.78023518 389.92910916 0.333273 5.9692 0.885633 0.087129 0.052390
445800 -3163.49093513 390.61649051 0.333860 5.9692 0.885633 0.087129 -0.095240
445900 -3157.98421190 393.47562053 0.336304 5.9692 0.885633 0.087129 -0.024525
446000 -3145.15911576 394.43001574 0.337120 5.9675 0.886711 0.086233 0.027658
446100 -3149.93935502 395.16058149 0.337744 5.9675 0.886711 0.086233 0.013728
446200 -3161.81940144 401.95255843 0.343549 5.9675 0.886711 0.086233 -0.076749
446300 -3155.77855796 400.10026169 0.341966 5.9675 0.886711 0.086233 -0.039570
446400 -3160.41305043 388.14097042 0.331744 5.9675 0.886711 0.086233 -0.037565
446500 -3171.90439732 396.16273258 0.338601 5.9675 0.889011 0.086083 -0.128805
446600 -3150.25380377 382.71762521 0.327109 5.9675 0.889011 0.086083 0.065628
446700 -3163.81216950 401.48965879 0.343154 5.9675 0.889011 0.086083 -0.023338
446800 -3134.39193819 387.44891251 0.331153 5.9675 0.889011 0.086083 0.115269
446900 -3139.88923946 374.25764956 0.319878 5.9675 0.889011 0.086083 0.070855
447000 -3140.71327140 401.05253289 0.342780 5.9692 0.889917 0.087679 0.106310
447100 -3137.24774032 398.30169908 0.340429 5.9692 0.889917 0.087679 0.065226
447200 -3163.79112541 402.98894659 0.344435 5.9692 0.889917 0.087679 -0.090818
447300 -3144.81846143 386.33754311 0.330203 5.9692 0.889917 0.087679 0.049443
447400 -3125.26944314 401.64238220 0.343284 5.9692 0.889917 0.087679 0.143462
447500 -3123.83560974 401.21214607 0.342916 5.9641 0.879052 0.090231 0.129148
447600 -3147.14411800 394.84089571 0.337471 5.9641 0.879052 0.090231 -0.033531
447700 -3153.59423894 403.58531785 0.344945 5.9641 0.879052 0.090231 -0.070541
447800 -3142.58493116 386.29962756 0.330171 5.9641 0.879052 0.090231 -0.015871
447900 -3138.13513672 381.46285900 0.326037 5.9641 0.879052 0.090231 0.047853
448000 -3148.30563166 403.23024980 0.344641 5.9692 0.885959 0.088167 -0.023496
448100 -3138.70328684 394.91357302 0.337533 5.9692 0.885959 0.088167 -0.004893
448200 -3142.22681950 405.05234114 0.346199 5.9692 0.885959 0.088167 0.002043
448300 -3139.10062866 387.40844397 0.331118 5.9692 0.885959 0.088167 0.009576
448400 -3150.04985316 394.66990782 0.337325 5.9692 0.885959 0.088167 -0.036414
448500 -3151.06259714 393.03808436 0.335930 5.9658 0.887429 0.087073 -0.050376
448600 -3144.68678534 404.06619555 0.345356 5.9658 0.887429 0.087073 0.008086
448700 -3140.86604636 390.56732405 0.333818 5.9658 0.887429 0.087073 0.012829
448800 -3132.42472254 398.50078177 0.340599 5.9658 0.887429 0.087073 0.084271
448900 -3140.46811705 388.18932976 0.331786 5.9658 0.887429 0.087073 -0.009741
449000 -3126.38677393 365.46765860 0.312366 5.9624 0.872507 0.092598 0.086116
449100 -3145.24427632 368.51255950 0.314968 5.9624 0.872507 0.092598 -0.031601
449200 -3153.07726069 390.78688491 0.334006 5.9624 0.872507 0.092598 -0.022934
449300 -3143.93144657 404.61608075 0.345826 5.9624 0.872507 0.092598 -0.009477
449400 -3137.17586987 409.75152031 0.350215 5.9624 0.872507 0.092598 0.019170
449500 -3143.72187839 398.10553408 0.340261 5.9778 0.877522 0.089787 -0.023484
449600 -3143.24844852 391.34386313 0.334482 5.9778 0.877522 0.089787 -0.004259
449700 -3141.67242518 390.58977833 0.333837 5.9778 0.877522 0.089787 0.014592
449800 -3145.71676296 390.44803840 0.333716 5.9778 0.877522 0.089787 0.015604
449900 -3146.92935639 418.34511063 0.357560 5.9778 0.877522 0.089787 0.008968
450000 -3126.42495075 387.73771245 0.331400 5.9778 0.881858 0.090819 0.110803
450100 -3128.07215096 401.58920974 0.343239 5.9778 0.881858 0.090819 0.094266
450200 -3126.84461401 410.21453811 0.350611 5.9778 0.881858 0.090819 0.052728
450300 -3129.32405475 388.00955891 0.331632 5.9778 0.881858 0.090819 0.008137
450400 -3149.05550773 402.00236182 0.343592 5.9778 0.881858 0.090819 -0.047728
450500 -3142.30647909 401.93137076 0.343531 5.9744 0.884410 0.087994 0.010815
450600 -3137.53474601 396.37784799 0.338784 5.9744 0.884410 0.087994 0.010209
450700 -3140.16964699 400.65069889 0.342436 5.9744 0.884410 0.087994 0.026197
450800 -3157.89633089 397.09278901 0.339396 5.9744 0.884410 0.087994 -0.060281
450900 -3159.05922197 387.46868718 0.331170 5.9744 0.884410 0.087994 -0.083908
451000 -3162.73697819 374.70178179 0.320258 5.9709 0.887311 0.083769 -0.082233
451100 -3165.37992131 377.91618457 0.323005 5.9709 0.887311 0.083769 -0.062821
451200 -3176.09713469 393.21932631 0.336085 5.9709 0.887311 0.083769 -0.086311
451300 -3145.89505412 385.89540795 0.329825 5.9709 0.887311 0.083769 0.122917
451400 -3159.51201412 397.47610962 0.339723 5.9709 0.887311 0.083769 0.016123
451500 -3162.54221380 396.04478087 0.338500 5.9726 0.893737 0.086052 -0.006996
451600 -3152.12850301 394.87425686 0.337499 5.9726 0.893737 0.086052 0.050021
451700 -3151.50867458 393.34799941 0.336195 5.9726 0.893737 0.086052 0.007876
451800 -3144.64989824 392.00328906 0.335046 5.9726 0.893737 0.086052 0.059812
451900 -3159.87175651 381.44319059 0.326020 5.9726 0.893737 0.086052 -0.036642
452000 -3168.18406933 373.92964758 0.319598 5.9709 0.886531 0.088384 -0.085489
452100 -3156.51780735 372.96723983 0.318775 5.9709 0.886531 0.088384 -0.005488
452200 -3157.69595905 382.50731270 0.326929 5.9709 0.886531 0.088384 0.025495
452300 -3166.20974135 396.41834098 0.338819 5.9709 0.886531 0.088384 -0.022376
452400 -3157.70783520 412.43252387 0.352506 5.9709 0.886531 0.088384 0.024999
452500 -3141.40563098 403.44491868 0.344825 5.9641 0.873725 0.090905 0.096941
452600 -3147.14949483 407.43595804 0.348236 5.9641 0.873725 0.090905 0.003457
452700 -3137.94461466 388.10202622 0.331711 5.9641 0.873725 0.090905 0.031960
452800 -3145.20838042 386.56133890 0.330394 5.9641 0.873725 0.090905 -0.015120
452900 -3154.75634234 383.15265277 0.327481 5.9641 0.873725 0.090905 -0.034052
453000 -3151.40928080 398.28952635 0.340418 5.9692 0.893268 0.087451 0.023471
453100 -3158.50785181 398.90753349 0.340947 5.9692 0.893268 0.087451 -0.050010
453200 -3149.87592190 393.94524044 0.336705 5.9692 0.893268 0.087451 0.004710
453300 -3128.08754718 378.93885345 0.323879 5.9692 0.893268 0.087451 0.111938
453400 -3144.81807673 395.06441118 0.337662 5.9692 0.893268 0.087451 0.008776
453500 -3140.92113926 386.35315626 0.330216 5.9675 0.891420 0.086975 0.060696
453600 -3157.32169412 402.39202060 0.343925 5.9675 0.891420 0.086975 -0.076952
453700 -3150.52731109 404.95262909 0.346113 5.9675 0.891420 0.086975 -0.009387
453800 -3151.62880369 410.14181810 0.350549 5.9675 0.891420 0.086975 -0.059496
453900 -3155.53511502 391.17726384 0.334340 5.9675 0.891420 0.086975 -0.073882
454000 -3142.50071508 388.33067294 0.331907 5.9709 0.881980 0.089192 0.048063
454100 -3135.17924661 395.77668806 0.338271 5.9709 0.881980 0.089192 0.086028
454200 -3138.38716386 397.43713656 0.339690 5.9709 0.881980 0.089192 0.025921
454300 -3133.68432125 392.40205040 0.335386 5.9709 0.881980 0.089192 0.056685
454400 -3140.77041401 406.63052947 0.347547 5.9709 0.881980 0.089192 -0.016582
454500 -3133.96362139 399.58496753 0.341526 5.9761 0.883062 0.090654 -0.022469
454600 -3134.46320198 384.26818255 0.328434 5.9761 0.883062 0.090654 0.030772
454700 -3132.78686368 387.80315206 0.331456 5.9761 0.883062 0.090654 0.024768
454800 -3144.79889067 383.90420658 0.328123 5.9761 0.883062 0.090654 0.001573
454900 -3135.57424904 394.84258448 0.337472 5.9761 0.883062 0.090654 0.022085
455000 -3143.60713806 417.35695559 0.356715 5.9675 0.885448 0.090214 -0.023359
455100 -3141.35679958 414.26122694 0.354069 5.9675 0.885448 0.090214 -0.019828
455200 -3138.70759026 421.86433241 0.360568 5.9675 0.885448 0.090214 -0.005770
455300 -3134.01000806 398.63570820 0.340714 5.9675 0.885448 0.090214 0.024052
455400 -3126.64978837 412.06319288 0.352191 5.9675 0.885448 0.090214 0.099817
455500 -3117.23009214 395.15164818 0.337736 5.9744 0.870471 0.092135 0.100823
455600 -3116.77122412 389.00872823 0.332486 5.9744 0.870471 0.092135 0.056673
455700 -3158.91739915 415.28002754 0.354940 5.9744 0.870471 0.092135 -0.174503
455800 -3145.99178889 406.61716230 0.347536 5.9744 0.870471 0.092135 -0.086120
455900 -3129.21891133 361.60876381 0.309067 5.9744 0.870471 0.092135 0.045463
456000 -3145.63618153 389.60196013 0.332993 5.9795 0.882214 0.088079 -0.036046
456100 -3157.38807264 381.09372044 0.325721 5.9795 0.882214 0.088079 -0.071155
456200 -3163.50854306 417.50623624 0.356843 5.9795 0.882214 0.088079 -0.033447
456300 -3162.19568869 403.19823639 0.344614 5.9795 0.882214 0.088079 -0.048662
456400 -3154.43478322 387.36243351 0.331079 5.9795 0.882214 0.088079 -0.014176
456500 -3158.41279507 403.69030627 0.345034 5.9709 0.892538 0.085876 -0.030169
456600 -3145.59930566 397.02559528 0.339338 5.9709 0.892538 0.085876 0.043372
456700 -3149.43104423 394.64129905 0.337300 5.9709 0.892538 0.085876 0.000599
456800 -3158.90408872 402.62317122 0.344122 5.9709 0.892538 0.085876 -0.041231
456900 -3159.61772872 394.38076291 0.337078 5.9709 0.892538 0.085876 -0.016182
457000 -3159.10116781 394.84244668 0.337472 5.9744 0.885704 0.087076 -0.017117
457100 -3168.72575688 392.71954623 0.335658 5.9744 0.885704 0.087076 -0.079227
457200 -3151.14011793 397.58080319 0.339813 5.9744 0.885704 0.087076 0.052939
457300 -3170.65668419 394.92686655 0.337544 5.9744 0.885704 0.087076 -0.055283
457400 -3142.89325143 392.11958416 0.335145 5.9744 0.885704 0.087076 0.098927
457500 -3156.94122355 398.84759041 0.340895 5.9744 0.885095 0.087557 -0.000266
457600 -3163.45794632 403.05522609 0.344492 5.9744 0.885095 0.087557 -0.039519
457700 -3145.00882488 393.68427817 0.336482 5.9744 0.885095 0.087557 0.030125
457800 -3149.76189792 406.86104456 0.347744 5.9744 0.885095 0.087557 -0.030056
457900 -3137.49252179 395.67785047 0.338186 5.9744 0.885095 0.087557 0.068028
458000 -3162.69611408 400.56056335 0.342359 5.9744 0.884532 0.087947 -0.085483
458100 -3150.05468798 389.70560454 0.333082 5.9744 0.884532 0.087947 -0.011080
458200 -3140.30385679 409.37156429 0.349890 5.9744 0.884532 0.087947 0.041450
458300 -3132.67127288 409.10621136 0.349663 5.9744 0.884532 0.087947 0.064730
458400 -3133.05526022 394.82005832 0.337453 5.9744 0.884532 0.087947 0.038337
458500 -3122.04074057 390.31030699 0.333599 5.9846 0.873898 0.089546 0.076740
458600 -3118.76856477 393.18472272 0.336055 5.9846 0.873898 0.089546 0.103078
458700 -3125.05411058 398.48773319 0.340588 5.9846 0.873898 0.089546 0.061191
458800 -3128.63248854 392.10544300 0.335133 5.9846 0.873898 0.089546 0.053721
458900 -3136.29928722 391.48040834 0.334599 5.9846 0.873898 0.089546 -0.016598
459000 -3152.07269576 384.68515151 0.328791 5.9709 0.878843 0.089618 -0.089610
459100 -3141.08421295 393.48830978 0.336315 5.9709 0.878843 0.089618 0.011947
459200 -3153.07129470 403.83788236 0.345161 5.9709 0.878843 0.089618 -0.074967
459300 -3158.78423483 408.52069310 0.349163 5.9709 0.878843 0.089618 -0.080156
459400 -3148.92334233 385.52988083 0.329513 5.9709 0.878843 0.089618 -0.005179
459500 -3153.03060460 397.77099750 0.339975 5.9709 0.881274 0.086858 -0.023765
459600 -3165.17395958 377.17636664 0.322373 5.9709 0.881274 0.086858 -0.114010
459700 -3161.58316871 377.12544783 0.322329 5.9709 0.881274 0.086858 -0.028145
459800 -3157.96899559 391.15038144 0.334317 5.9709 0.881274 0.086858 -0.004497
459900 -3162.86188085 394.02152420 0.336771 5.9709 0.881274 0.086858 -0.033259
460000 -3137.81208287 393.32261424 0.336173 5.9778 0.880770 0.090244 0.094086
460100 -3149.35181355 402.46412344 0.343986 5.9778 0.880770 0.090244 0.036335
460200 -3141.83966120 387.19079195 0.330932 5.9778 0.880770 0.090244 0.044164
460300 -3142.12987982 397.49096540 0.339736 5.9778 0.880770 0.090244 0.052352
460400 -3159.94273864 403.94975913 0.345256 5.9778 0.880770 0.090244 -0.075870
460500 -3131.51297710 402.91104807 0.344368 5.9812 0.876213 0.089799 0.093391
460600 -3135.65244284 412.35707339 0.352442 5.9812 0.876213 0.089799 0.054889
460700 -3122.78207474 401.15278726 0.342866 5.9812 0.876213 0.089799 0.110642
460800 -3127.41309441 401.29406350 0.342986 5.9812 0.876213 0.089799 0.099413
460900 -3139.76490907 408.35053149 0.349018 5.9812 0.876213 0.089799 0.015961
461000 -3134.26606197 400.92668833 0.342672 5.9675 0.877973 0.088622 0.038380
461100 -3149.73967206 399.02897098 0.341050 5.9675 0.877973 0.088622 -0.042162
461200 -3143.49983830 400.19478977 0.342047 5.9675 0.877973 0.088622 -0.025272
461300 -3139.59319411 396.91521672 0.339244 5.9675 0.877973 0.088622 -0.010648
461400 -3139.54215677 397.84711157 0.340040 5.9675 0.877973 0.088622 -0.022245
461500 -3132.48822208 402.19610154 0.343757 5.9726 0.876982 0.088525 0.060278
461600 -3139.34691525 410.52082665 0.350873 5.9726 0.876982 0.088525 0.012352
461700 -3156.04630066 406.85047281 0.347735 5.9726 0.876982 0.088525 -0.071005
461800 -3144.31069891 397.17135436 0.339463 5.9726 0.876982 0.088525 -0.004858
461900 -3146.80594363 403.57924181 0.344940 5.9726 0.876982 0.088525 -0.035283
462000 -3147.24930542 398.20303318 0.340344 5.9761 0.891696 0.086353 -0.069959
462100 -3146.39903512 389.12497777 0.332585 5.9761 0.891696 0.086353 -0.000077
462200 -3125.60835367 396.62822491 0.338998 5.9761 0.891696 0.086353 0.135894
462300 -3138.19325929 414.35133422 0.354146 5.9761 0.891696 0.086353 0.046399
462400 -3139.46113856 391.55155877 0.334659 5.9761 0.891696 0.086353 -0.020875
462500 -3145.51903954 421.03147667 0.359856 5.9692 0.883655 0.086251 -0.000479
462600 -3141.20859882 392.33248972 0.335327 5.9692 0.883655 0.086251 0.030119
462700 -3143.67749129 400.78030354 0.342547 5.9692 0.883655 0.086251 -0.013046
462800 -3132.96829828 395.53884023 0.338067 5.9692 0.883655 0.086251 0.045323
462900 -3150.61879954 416.41343987 0.355909 5.9692 0.883655 0.086251 -0.059517
463000 -3130.78266091 402.88706257 0.344348 5.9692 0.878228 0.089451 0.051656
463100 -3142.15165971 399.14618333 0.341151 5.9692 0.878228 0.089451 -0.054700
463200 -3152.90153725 391.45123602 0.334574 5.9692 0.878228 0.089451 -0.110081
463300 -3125.78264736 403.97952917 0.345282 5.9692 0.878228 0.089451 0.081458
463400 -3149.76003429 413.85319071 0.353721 5.9692 0.878228 0.089451 -0.079546
463500 -3134.23515248 398.22565954 0.340364 5.9658 0.877727 0.090969 0.040502
463600 -3128.51294868 410.13578899 0.350543 5.9658 0.877727 0.090969 0.050023
463700 -3122.37426269 422.45272845 0.361071 5.9658 0.877727 0.090969 0.071135
463800 -3113.11485629 402.38912027 0.343922 5.9658 0.877727 0.090969 0.066773
463900 -3124.98806569 402.07704888 0.343656 5.9658 0.877727 0.090969 -0.014917
464000 -3125.08725373 378.58555150 0.323577 5.9675 0.869922 0.093500 0.011961
464100 -3132.58053907 374.32677168 0.319937 5.9675 0.869922 0.093500 -0.039845
464200 -3120.47032497 400.00271934 0.341883 5.9675 0.869922 0.093500 0.053211
464300 -3122.30866192 388.75487985 0.332269 5.9675 0.869922 0.093500 0.051687
464400 -3132.06372173 375.88993161 0.321273 5.9675 0.869922 0.093500 -0.018798
464500 -3145.36282243 393.98804224 0.336742 5.9726 0.878533 0.090425 -0.069815
464600 -3138.93155866 388.75190339 0.332267 5.9726 0.878533 0.090425 0.011760
464700 -3144.74687012 378.32082226 0.323351 5.9726 0.878533 0.090425 -0.071442
464800 -3141.35460212 387.64411113 0.331320 5.9726 0.878533 0.090425 -0.001318
464900 -3133.81959062 394.55759685 0.337229 5.9726 0.878533 0.090425 0.064396
465000 -3147.38000484 407.11625740 0.347963 5.9709 0.881084 0.087460 -0.039848
465100 -3129.84657585 394.81071036 0.337445 5.9709 0.881084 0.087460 0.075651
465200 -3137.43309544 396.79650425 0.339142 5.9709 0.881084 0.087460 0.042867
465300 -3145.07257426 403.70803601 0.345050 5.9709 0.881084 0.087460 -0.005942
465400 -3149.16369698 415.71276228 0.355310 5.9709 0.881084 0.087460 -0.022763
465500 -3139.56846961 403.28511294 0.344688 5.9675 0.882199 0.090001 0.034479
465600 -3159.34444052 414.09931578 0.353931 5.9675 0.882199 0.090001 -0.145425
465700 -3114.84634231 403.33579619 0.344731 5.9675 0.882199 0.090001 0.134099
465800 -3117.52769491 413.53835338 0.353452 5.9675 0.882199 0.090001 0.122128
465900 -3126.98556347 409.91978860 0.350359 5.9675 0.882199 0.090001 0.023064
466000 -3137.27040787 412.59559199 0.352646 5.9726 0.887212 0.085932 -0.053806
466100 -3130.23442628 391.08579486 0.334261 5.9726 0.887212 0.085932 -0.026846
466200 -3142.26962052 389.61307711 0.333003 5.9726 0.887212 0.085932 -0.059078
466300 -3145.34992990 396.57267686 0.338951 5.9726 0.887212 0.085932 -0.047063
466400 -3143.96588913 386.48367196 0.330328 5.9726 0.887212 0.085932 -0.007753
466500 -3125.88129022 394.20953111 0.336931 5.9709 0.882222 0.089815 0.151322
466600 -3140.53556267 379.29626598 0.324185 5.9709 0.882222 0.089815 0.024649
466700 -3153.06140150 398.99645549 0.341023 5.9709 0.882222 0.089815 -0.052334
466800 -3151.23287222 400.76810972 0.342537 5.9709 0.882222 0.089815 -0.011772
466900 -3142.97648524 390.99177359 0.334181 5.9709 0.882222 0.089815 0.039884
467000 -3142.29749274 392.96370660 0.335866 5.9726 0.876390 0.087451 0.059274
467100 -3156.73214636 410.39513553 0.350765 5.9726 0.876390 0.087451 -0.056279
467200 -3133.21022796 416.27275887 0.355789 5.9726 0.876390 0.087451 0.094037
467300 -3123.82198362 384.94870540 0.329016 5.9726 0.876390 0.087451 0.114577
467400 -3143.19849589 410.07939347 0.350495 5.9726 0.876390 0.087451 0.008389
467500 -3125.03490568 405.40644615 0.346501 5.9744 0.875794 0.089867 0.061898
467600 -3132.94283311 414.58311900 0.354345 5.9744 0.875794 0.089867 -0.017334
467700 -3119.57392614 392.54260996 0.335507 5.9744 0.875794 0.089867 0.108737
467800 -3132.86759105 396.20686087 0.338638 5.9744 0.875794 0.089867 0.007370
467900 -3130.58240129 383.80323511 0.328037 5.9744 0.875794 0.089867 0.032985
468000 -3147.67333339 410.80408036 0.351115 5.9726 0.881869 0.088004 -0.062282
468100 -3169.22592124 395.65308739 0.338165 5.9726 0.881869 0.088004 -0.135444
468200 -3154.02605171 390.96363851 0.334157 5.9726 0.881869 0.088004 -0.061833
468300 -3132.09242808 385.58020485 0.329556 5.9726 0.881869 0.088004 0.089937
468400 -3152.44781052 406.86612822 0.347749 5.9726 0.881869 0.088004 -0.049433
468500 -3162.37339487 397.61301431 0.339840 5.9744 0.890741 0.086895 -0.099630
468600 -3157.99791442 404.67832026 0.345879 5.9744 0.890741 0.086895 -0.025408
468700 -3159.40518030 399.38612353 0.341356 5.9744 0.890741 0.086895 0.000312
468800 -3156.52616105 399.64430886 0.341576 5.9744 0.890741 0.086895 -0.016963
468900 -3152.69503106 388.05835134 0.331674 5.9744 0.890741 0.086895 0.047519
469000 -3166.22912407 391.00622631 0.334193 5.9709 0.884528 0.085307 -0.067808
469100 -3171.10050914 403.73799345 0.345075 5.9709 0.884528 0.085307 -0.090842
469200 -3151.35472015 392.18397137 0.335200 5.9709 0.884528 0.085307 0.003858
469300 -3151.65432663 390.14010476 0.333453 5.9709 0.884528 0.085307 0.055046
469400 -3148.65680674 388.71609234 0.332236 5.9709 0.884528 0.085307 0.062074
469500 -3152.84849573 399.80524214 0.341714 5.9692 0.886370 0.088959 0.017428
469600 -3131.88212570 401.62816166 0.343272 5.9692 0.886370 0.088959 0.159225
469700 -3161.13239050 402.64147287 0.344138 5.9692 0.886370 0.088959 -0.053476
469800 -3157.32707114 402.18827281 0.343751 5.9692 0.886370 0.088959 -0.014285
469900 -3147.37492753 405.00088058 0.346155 5.9692 0.886370 0.088959 0.032527
470000 -3142.10654975 387.91252868 0.331549 5.9744 0.888526 0.088666 0.073627
470100 -3144.65269941 381.94860916 0.326452 5.9744 0.888526 0.088666 0.021450
470200 -3143.85766729 383.13340816 0.327464 5.9744 0.888526 0.088666 0.031502
470300 -3138.01612156 380.04824098 0.324828 5.9744 0.888526 0.088666 0.069752
470400 -3145.78343055 415.15301903 0.354832 5.9744 0.888526 0.088666 0.015072
470500 -3139.29753516 415.01280577 0.354712 5.9726 0.882750 0.086198 0.066564
470600 -3128.09582611 399.93994035 0.341829 5.9726 0.882750 0.086198 0.090763
470700 -3142.93124155 399.41493749 0.341380 5.9726 0.882750 0.086198 -0.011513
470800 -3142.61382966 419.08866197 0.358195 5.9726 0.882750 0.086198 -0.007523
470900 -3131.31003952 396.93424663 0.339260 5.9726 0.882750 0.086198 0.028768
471000 -3146.26192455 388.87112534 0.332368 5.9726 0.876497 0.087940 -0.014474
471100 -3153.63421288 394.99686268 0.337604 5.9726 0.876497 0.087940 -0.057098
471200 -3146.74546979 393.76365155 0.336550 5.9726 0.876497 0.087940 -0.001037
471300 -3139.09402372 387.49049097 0.331188 5.9726 0.876497 0.087940 0.010314
471400 -3140.73831690 402.91694101 0.344373 5.9726 0.876497 0.087940 0.039925
471500 -3141.45148263 414.90350853 0.354618 5.9744 0.884738 0.087777 0.072486
471600 -3149.28238470 399.15862424 0.341161 5.9744 0.884738 0.087777 -0.057012
471700 -3120.25179735 399.27124505 0.341257 5.9744 0.884738 0.087777 0.122844
471800 -3153.33706462 407.21174840 0.348044 5.9744 0.884738 0.087777 -0.079809
471900 -3132.46340552 406.84756525 0.347733 5.9744 0.884738 0.087777 0.049485
472000 -3140.63499455 418.63966016 0.357812 5.9692 0.881656 0.087785 -0.034810
472100 -3138.56921205 422.80753251 0.361374 5.9692 0.881656 0.087785 -0.027428
472200 -3123.85114874 398.70163342 0.340771 5.9692 0.881656 0.087785 0.077319
472300 -3154.05845361 391.82597812 0.334894 5.9692 0.881656 0.087785 -0.147126
472400 -3147.50176637 380.78216923 0.325455 5.9692 0.881656 0.087785 -0.067980
472500 -3149.71139061 409.54620526 0.350039 5.9744 0.885025 0.084942 -0.061453
472600 -3160.71469242 410.61213164 0.350951 5.9744 0.885025 0.084942 -0.074734
472700 -3148.06012056 394.97819610 0.337588 5.9744 0.885025 0.084942 0.003396
472800 -3165.40248404 392.48354798 0.335456 5.9744 0.885025 0.084942 -0.108397
472900 -3154.67302827 400.57955419 0.342376 5.9744 0.885025 0.084942 -0.033724
473000 -3156.29676360 410.39000508 0.350761 5.9795 0.889559 0.087993 -0.029196
473100 -3163.02255126 402.67365206 0.344166 5.9795 0.889559 0.087993 -0.051111
473200 -3150.94490202 396.75537569 0.339107 5.9795 0.889559 0.087993 -0.006322
473300 -3152.34902768 406.53319796 0.347464 5.9795 0.889559 0.087993 -0.014813
473400 -3124.16747549 401.75401148 0.343379 5.9795 0.889559 0.087993 0.137248
473500 -3129.01457117 402.42598501 0.343954 5.9675 0.877079 0.090050 0.092818
473600 -3141.70246457 386.03505790 0.329944 5.9675 0.877079 0.090050 -0.000218
473700 -3165.35230813 403.79715095 0.345126 5.9675 0.877079 0.090050 -0.158655
473800 -3132.77357386 387.15931227 0.330905 5.9675 0.877079 0.090050 0.088412
473900 -3151.52457014 387.66862733 0.331341 5.9675 0.877079 0.090050 -0.033788
474000 -3152.21222215 401.81283645 0.343430 5.9778 0.889859 0.085329 -0.068839
474100 -3147.32857103 414.04793110 0.353887 5.9778 0.889859 0.085329 0.009826
474200 -3132.72231238 403.75964305 0.345094 5.9778 0.889859 0.085329 0.062484
474300 -3135.82642273 392.58303735 0.335541 5.9778 0.889859 0.085329 0.016147
474400 -3131.93585317 390.91255539 0.334113 5.9778 0.889859 0.085329 0.045991
474500 -3129.74342531 400.46584477 0.342278 5.9658 0.880668 0.089356 0.057051
474600 -3136.72046166 423.90404490 0.362311 5.9658 0.880668 0.089356 0.024063
474700 -3131.65982876 400.72812362 0.342503 5.9658 0.880668 0.089356 0.022518
474800 -3125.66243425 411.71939109 0.351897 5.9658 0.880668 0.089356 0.038085
474900 -3139.55933087 408.41892917 0.349076 5.9658 0.880668 0.089356 -0.043317
475000 -3125.26921075 406.83588423 0.347723 5.9675 0.877011 0.091838 0.057522
475100 -3133.17979251 390.00859836 0.333341 5.9675 0.877011 0.091838 -0.032495
475200 -3149.88872266 410.92611455 0.351219 5.9675 0.877011 0.091838 -0.125595
475300 -3129.51076868 382.16971476 0.326641 5.9675 0.877011 0.091838 0.042543
475400 -3142.42281172 391.10854626 0.334281 5.9675 0.877011 0.091838 -0.058310
475500 -3141.18094636 390.56982315 0.333820 5.9675 0.875477 0.091236 0.006407
475600 -3146.19854517 402.85408565 0.344320 5.9675 0.875477 0.091236 -0.020584
475700 -3142.06764904 388.05428872 0.331670 5.9675 0.875477 0.091236 -0.005898
475800 -3138.47048466 400.62648447 0.342416 5.9675 0.875477 0.091236 0.027888
475900 -3136.14698322 382.24544238 0.326706 5.9675 0.875477 0.091236 0.032670
476000 -3151.18882642 391.24293677 0.334396 5.9726 0.883415 0.091083 -0.065998
476100 -3146.97605323 381.32207251 0.325916 5.9726 0.883415 0.091083 0.000546
476200 -3132.49984883 388.32057800 0.331898 5.9726 0.883415 0.091083 0.083726
476300 -3155.41761612 400.45191447 0.342267 5.9726 0.883415 0.091083 -0.041830
476400 -3151.07761473 386.88109706 0.330668 5.9726 0.883415 0.091083 0.000484
476500 -3160.46694246 397.58654389 0.339818 5.9709 0.888323 0.086795 -0.022280
476600 -3148.16480289 394.79444688 0.337431 5.9709 0.888323 0.086795 0.023997
476700 -3140.40012610 398.61211631 0.340694 5.9709 0.888323 0.086795 0.080197
476800 -3157.86881564 413.14051477 0.353112 5.9709 0.888323 0.086795 -0.073436
476900 -3148.64600522 395.03222335 0.337634 5.9709 0.888323 0.086795 -0.019182
477000 -3132.17076163 397.70244463 0.339917 5.9726 0.882590 0.090334 0.071156
477100 -3153.35005410 413.28605819 0.353236 5.9726 0.882590 0.090334 -0.024635
477200 -3138.13427489 401.37506862 0.343056 5.9726 0.882590 0.090334 0.049556
477300 -3152.79383589 421.06972483 0.359889 5.9726 0.882590 0.090334 -0.067079
477400 -3128.38564842 399.94224856 0.341831 5.9726 0.882590 0.090334 0.083455
477500 -3142.26384982 386.22610018 0.330108 5.9744 0.881477 0.087313 -0.023566
477600 -3155.93215683 403.33051272 0.344727 5.9744 0.881477 0.087313 -0.043440
477700 -3130.62972564 399.46178881 0.341420 5.9744 0.881477 0.087313 0.105694
477800 -3125.38332904 394.14727789 0.336878 5.9744 0.881477 0.087313 0.084052
477900 -3147.41882121 402.45511876 0.343979 5.9744 0.881477 0.087313 -0.048271
478000 -3137.95814111 395.64195790 0.338156 5.9692 0.883698 0.087001 0.003346
478100 -3133.50153845 394.27484328 0.336987 5.9692 0.883698 0.087001 0.034352
478200 -3122.07673335 391.69321613 0.334781 5.9692 0.883698 0.087001 0.111576
478300 -3160.59115736 398.65584158 0.340731 5.9692 0.883698 0.087001 -0.114496
478400 -3152.33300404 397.60975271 0.339837 5.9692 0.883698 0.087001 -0.042646
478500 -3143.08024225 401.38834899 0.343067 5.9692 0.883444 0.087799 0.021693
478600 -3143.63582801 397.85270046 0.340045 5.9692 0.883444 0.087799 0.003838
478700 -3149.54417115 411.54837360 0.351751 5.9692 0.883444 0.087799 -0.018302
478800 -3138.06079390 396.57927377 0.338957 5.9692 0.883444 0.087799 0.060065
478900 -3136.35181642 392.45674151 0.335433 5.9692 0.883444 0.087799 0.038286
479000 -3151.24008627 405.59594120 0.346663 5.9709 0.880775 0.089193 -0.029782
479100 -3154.04304464 406.26966191 0.347239 5.9709 0.880775 0.089193 -0.008405
479200 -3134.03164294 386.62490369 0.330449 5.9709 0.880775 0.089193 0.049741
479300 -3128.89788005 403.62356013 0.344977 5.9709 0.880775 0.089193 0.109852
479400 -3142.40375149 412.83645921 0.352852 5.9709 0.880775 0.089193 -0.016728
479500 -3128.65883890 390.56945266 0.333820 5.9624 0.881347 0.090611 0.071362
479600 -3142.84553731 409.93366700 0.350371 5.9624 0.881347 0.090611 -0.028723
479700 -3126.72385986 374.29121169 0.319907 5.9624 0.881347 0.090611 0.069947
479800 -3136.17519478 399.69451057 0.341619 5.9624 0.881347 0.090611 0.006244
479900 -3130.30059963 372.79682714 0.318630 5.9624 0.881347 0.090611 0.074647
480000 -3147.61971519 385.31944124 0.329333 5.9658 0.882428 0.090195 -0.071150
480100 -3162.40468730 397.04501147 0.339355 5.9658 0.882428 0.090195 -0.130772
480200 -3142.23299219 389.09300197 0.332558 5.9658 0.882428 0.090195 0.041414
480300 -3151.61555885 400.08983184 0.341957 5.9658 0.882428 0.090195 -0.015089
480400 -3157.45295976 385.76904768 0.329717 5.9658 0.882428 0.090195 -0.020251
480500 -3145.88066382 394.79218992 0.337429 5.9607 0.883215 0.087798 0.051488
480600 -3133.75402572 406.35787705 0.347314 5.9607 0.883215 0.087798 0.109840
480700 -3131.67045069 391.89035300 0.334949 5.9607 0.883215 0.087798 0.041196
480800 -3144.66434167 390.53725174 0.333793 5.9607 0.883215 0.087798 -0.022009
480900 -3150.69675535 410.19948547 0.350598 5.9607 0.883215 0.087798 -0.033588
481000 -3134.10308743 376.20924784 0.321546 5.9641 0.882103 0.091068 0.055968
481100 -3155.57521709 389.65858566 0.333042 5.9641 0.882103 0.091068 -0.070562
481200 -3165.70634339 404.58555193 0.345800 5.9641 0.882103 0.091068 -0.106950
481300 -3143.96615954 391.16351799 0.334328 5.9641 0.882103 0.091068 0.039500
481400 -3143.13274365 378.77859879 0.323742 5.9641 0.882103 0.091068 -0.019014
481500 -3158.61423445 384.44172015 0.328583 5.9744 0.888436 0.088165 -0.074254
481600 -3157.59876293 399.59448536 0.341534 5.9744 0.888436 0.088165 -0.010588
481700 -3149.80918848 410.98560175 0.351270 5.9744 0.888436 0.088165 0.043668
481800 -3157.03916948 396.42555384 0.338825 5.9744 0.888436 0.088165 0.009349
481900 -3148.95696702 388.25585170 0.331843 5.9744 0.888436 0.088165 0.009880
482000 -3150.71364354 394.96096736 0.337573 5.9744 0.880170 0.086855 0.010816
482100 -3133.77944461 384.19675897 0.328373 5.9744 0.880170 0.086855 0.105002
482200 -3144.50710580 401.98369118 0.343576 5.9744 0.880170 0.086855 0.013992
482300 -3136.40560768 395.51808405 0.338050 5.9744 0.880170 0.086855 0.050644
482400 -3141.63332593 405.33309221 0.346439 5.9744 0.880170 0.086855 0.025158
482500 -3153.24011465 393.18383217 0.336055 5.9658 0.890734 0.087905 -0.046118
482600 -3154.46751886 397.89128968 0.340078 5.9658 0.890734 0.087905 -0.087339
482700 -3154.69696236 387.57239830 0.331258 5.9658 0.890734 0.087905 -0.046495
482800 -3158.50641894 396.95207543 0.339275 5.9658 0.890734 0.087905 -0.030704
482900 -3146.25297745 392.72549946 0.335663 5.9658 0.890734 0.087905 0.039864
483000 -3148.26956860 392.52232965 0.335489 5.9692 0.890614 0.086749 0.006632
483100 -3139.74556380 402.13847457 0.343708 5.9692 0.890614 0.086749 0.045289
483200 -3134.17678128 386.73324053 0.330541 5.9692 0.890614 0.086749 0.040036
483300 -3144.01767749 409.50131747 0.350001 5.9692 0.890614 0.086749 -0.020327
483400 -3153.60797882 387.15424993 0.330901 5.9692 0.890614 0.086749 -0.046435
483500 -3155.71935949 384.75905627 0.328854 5.9675 0.889932 0.086364 -0.034636
483600 -3152.49677305 399.89569888 0.341791 5.9675 0.889932 0.086364 0.003306
483700 -3165.75664006 396.93645869 0.339262 5.9675 0.889932 0.086364 -0.078125
483800 -3163.99805053 395.19302023 0.337772 5.9675 0.889932 0.086364 -0.043667
483900 -3154.36156190 404.28742314 0.345545 5.9675 0.889932 0.086364 -0.006512
484000 -3127.73659510 402.46969326 0.343991 5.9641 0.878437 0.090755 0.157082
484100 -3146.48995472 416.48654928 0.355971 5.9641 0.878437 0.090755 0.000904
484200 -3144.77684379 393.70239869 0.336498 5.9641 0.878437 0.090755 -0.016182
484300 -3142.39846328 384.58955435 0.328709 5.9641 0.878437 0.090755 -0.019475
484400 -3154.75538417 418.10425224 0.357354 5.9641 0.878437 0.090755 -0.064864
484500 -3143.00956737 400.26541043 0.342107 5.9675 0.879925 0.089551 -0.021467
484600 -3163.58750503 411.72240623 0.351899 5.9675 0.879925 0.089551 -0.147109
484700 -3166.16722925 412.25855078 0.352358 5.9675 0.879925 0.089551 -0.132405
484800 -3150.15042414 397.33904925 0.339606 5.9675 0.879925 0.089551 -0.016555
484900 -3150.23092931 398.25385682 0.340388 5.9675 0.879925 0.089551 -0.033012
485000 -3151.34367747 398.31116052 0.340437 5.9692 0.886329 0.087731 -0.046366
485100 -3136.00086027 400.65322713 0.342439 5.9692 0.886329 0.087731 0.055407
485200 -3147.45770600 418.10290042 0.357353 5.9692 0.886329 0.087731 -0.035758
485300 -3141.31618352 405.57784914 0.346648 5.9692 0.886329 0.087731 -0.000385
485400 -3153.40956177 401.04841457 0.342776 5.9692 0.886329 0.087731 -0.090319
485500 -3133.58750267 396.65261702 0.339019 5.9795 0.877366 0.090879 0.042915
485600 -3121.18396376 393.97186215 0.336728 5.9795 0.877366 0.090879 0.096704
485700 -3131.42295750 401.10659055 0.342826 5.9795 0.877366 0.090879 0.047187
485800 -3123.64837079 396.39813309 0.338802 5.9795 0.877366 0.090879 0.098061
485900 -3132.45047835 400.74988064 0.342521 5.9795 0.877366 0.090879 0.046891
486000 -3124.18052317 401.83790495 0.343451 5.9709 0.873234 0.090903 0.053722
486100 -3131.51528997 384.04942651 0.328247 5.9709 0.873234 0.090903 -0.005755
486200 -3138.41737543 390.83528180 0.334047 5.9709 0.873234 0.090903 -0.016333
486300 -3135.34285592 397.59513568 0.339825 5.9709 0.873234 0.090903 0.016817
486400 -3128.21477281 394.28739488 0.336998 5.9709 0.873234 0.090903 0.071544
486500 -3150.24482743 402.21909705 0.343777 5.9658 0.890418 0.089635 -0.052011
486600 -3148.97202102 397.28247402 0.339558 5.9658 0.890418 0.089635 -0.064291
486700 -3135.85919692 373.57312710 0.319293 5.9658 0.890418 0.089635 -0.008294
486800 -3153.29501918 386.04464632 0.329953 5.9658 0.890418 0.089635 -0.030906
486900 -3134.85369955 397.83840014 0.340033 5.9658 0.890418 0.089635 0.060915
487000 -3134.86458464 385.29410791 0.329311 5.9658 0.872853 0.092088 0.013497
487100 -3140.72820621 397.23612610 0.339518 5.9658 0.872853 0.092088 -0.008602
487200 -3147.80264154 397.85303098 0.340045 5.9658 0.872853 0.092088 -0.032697
487300 -3155.91175194 395.39487845 0.337944 5.9658 0.872853 0.092088 -0.091926
487400 -3136.82029202 372.42240728 0.318310 5.9658 0.872853 0.092088 0.048484
487500 -3151.23634932 389.84045095 0.333197 5.9675 0.881575 0.085794 -0.018370
487600 -3166.94754512 411.65743531 0.351844 5.9675 0.881575 0.085794 -0.091412
487700 -3142.68557827 396.41619755 0.338817 5.9675 0.881575 0.085794 0.029877
487800 -3146.57105939 382.69628101 0.327091 5.9675 0.881575 0.085794 0.012621
487900 -3162.53683542 386.57751339 0.330408 5.9675 0.881575 0.085794 -0.060229
488000 -3158.50233926 393.15121604 0.336027 5.9726 0.885240 0.084919 -0.050581
488100 -3154.89642001 392.33584150 0.335330 5.9726 0.885240 0.084919 0.002035
488200 -3153.68933004 396.55614712 0.338937 5.9726 0.885240 0.084919 -0.004498
488300 -3129.69436169 403.79104857 0.345121 5.9726 0.885240 0.084919 0.147348
488400 -3147.18345731 410.19539977 0.350594 5.9726 0.885240 0.084919 -0.033224
488500 -3146.20264538 412.55149826 0.352608 5.9675 0.886929 0.090679 -0.011828
488600 -3146.43033216 396.71218837 0.339070 5.9675 0.886929 0.090679 -0.033866
488700 -3146.26371285 391.50277274 0.334618 5.9675 0.886929 0.090679 -0.034308
488800 -3130.85950568 401.14299794 0.342857 5.9675 0.886929 0.090679 0.099010
488900 -3141.96570669 400.79287953 0.342558 5.9675 0.886929 0.090679 0.029869
489000 -3128.88688527 401.45270732 0.343122 5.9744 0.880351 0.089907 0.092442
489100 -3139.59540405 402.98234639 0.344429 5.9744 0.880351 0.089907 -0.034584
489200 -3122.70785875 378.43036701 0.323445 5.9744 0.880351 0.089907 0.086631
489300 -3144.22365335 382.34851228 0.326794 5.9744 0.880351 0.089907 -0.029006
489400 -3139.72614971 392.22953519 0.335239 5.9744 0.880351 0.089907 0.003495
489500 -3132.95959982 398.17648463 0.340322 5.9675 0.878362 0.091041 0.047456
489600 -3146.00995138 401.68650207 0.343322 5.9675 0.878362 0.091041 -0.039585
489700 -3157.24834414 402.97610308 0.344424 5.9675 0.878362 0.091041 -0.111249
489800 -3151.01024675 389.74882237 0.333119 5.9675 0.878362 0.091041 -0.061292
489900 -3133.96989861 386.71443538 0.330525 5.9675 0.878362 0.091041 0.013616
490000 -3145.75043216 389.23333440 0.332678 5.9778 0.880872 0.090247 -0.038875
490100 -3153.51089480 386.59718036 0.330425 5.9778 0.880872 0.090247 -0.039416
490200 -3141.94533349 387.00783923 0.330776 5.9778 0.880872 0.090247 0.037893
490300 -3151.84965498 394.62071784 0.337283 5.9778 0.880872 0.090247 -0.040120
490400 -3140.40688689 378.79297839 0.323755 5.9778 0.880872 0.090247 0.063871
490500 -3152.42243898 381.06368846 0.325695 5.9658 0.880070 0.087041 -0.003823
490600 -3152.99216779 394.40040354 0.337094 5.9658 0.880070 0.087041 -0.029337
490700 -3157.13889784 398.66514091 0.340739 5.9658 0.880070 0.087041 -0.056554
490800 -3132.92190457 390.82454549 0.334038 5.9658 0.880070 0.087041 0.118687
490900 -3146.41894531 404.50476160 0.345731 5.9658 0.880070 0.087041 0.046310
491000 -3140.90326466 394.66173432 0.337318 5.9812 0.885118 0.086241 -0.010037
491100 -3143.91808817 402.09781347 0.343673 5.9812 0.885118 0.086241 0.031674
491200 -3130.59960746 383.82330580 0.328054 5.9812 0.885118 0.086241 0.113879
491300 -3139.34507487 394.61383765 0.337277 5.9812 0.885118 0.086241 0.074013
491400 -3149.55934224 390.50956606 0.333769 5.9812 0.885118 0.086241 0.009696
491500 -3149.82862637 395.13819637 0.337725 5.9692 0.877703 0.087365 -0.005419
491600 -3145.23063242 391.68109004 0.334770 5.9692 0.877703 0.087365 0.020439
491700 -3152.53424859 410.78567955 0.351099 5.9692 0.877703 0.087365 -0.015646
491800 -3143.66418649 391.61515177 0.334714 5.9692 0.877703 0.087365 0.021070
491900 -3148.83255002 384.28333493 0.328447 5.9692 0.877703 0.087365 -0.019325
492000 -3157.96963533 397.84757418 0.340041 5.9726 0.882139 0.087896 -0.029542
492100 -3152.79863981 399.08617675 0.341099 5.9726 0.882139 0.087896 -0.005706
492200 -3136.41821571 403.22671877 0.344638 5.9726 0.882139 0.087896 0.092676
492300 -3141.46884746 384.03925355 0.328239 5.9726 0.882139 0.087896 0.033483
492400 -3153.80154976 380.25901877 0.325008 5.9726 0.882139 0.087896 -0.032956
492500 -3160.46471573 407.48373059 0.348277 5.9726 0.887879 0.086576 -0.052826
492600 -3131.85540914 394.63526864 0.337295 5.9726 0.887879 0.086576 0.117952
492700 -3150.38839294 415.30228746 0.354959 5.9726 0.887879 0.086576 -0.054511
492800 -3151.28069901 393.00249248 0.335900 5.9726 0.887879 0.086576 -0.044936
492900 -3152.98616633 393.11316198 0.335994 5.9726 0.887879 0.086576 -0.070150
493000 -3162.77604393 411.77937317 0.351948 5.9744 0.897639 0.086011 -0.073623
493100 -3142.26557078 393.05508533 0.335945 5.9744 0.897639 0.086011 -0.010733
493200 -3138.63617940 394.24585106 0.336962 5.9744 0.897639 0.086011 0.055994
493300 -3147.58736570 404.46782807 0.345699 5.9744 0.897639 0.086011 0.060483
493400 -3138.20399654 393.71769179 0.336511 5.9744 0.897639 0.086011 0.057519
493500 -3155.97169968 398.96071290 0.340992 5.9778 0.888561 0.085383 -0.038166
493600 -3153.92069709 399.91556988 0.341808 5.9778 0.888561 0.085383 -0.059756
493700 -3145.00240755 409.17226086 0.349720 5.9778 0.888561 0.085383 0.020832
493800 -3141.00923076 411.65776049 0.351844 5.9778 0.888561 0.085383 0.009510
493900 -3139.70070489 401.72533293 0.343355 5.9778 0.888561 0.085383 0.031034
494000 -3149.14392593 421.85209338 0.360557 5.9761 0.884973 0.087444 -0.037891
494100 -3161.75818161 395.94559516 0.338415 5.9761 0.884973 0.087444 -0.126104
494200 -3157.58915246 404.62060964 0.345830 5.9761 0.884973 0.087444 -0.071845
494300 -3151.70523990 413.01701908 0.353006 5.9761 0.884973 0.087444 -0.013970
494400 -3136.29471942 392.20846460 0.335221 5.9761 0.884973 0.087444 0.070571
494500 -3137.96138927 387.64076012 0.331317 5.9744 0.888596 0.086293 0.022473
494600 -3153.38743003 413.81221549 0.353686 5.9744 0.888596 0.086293 -0.055532
494700 -3136.03097417 402.96480154 0.344414 5.9744 0.888596 0.086293 0.066425
494800 -3133.31848045 394.77962583 0.337418 5.9744 0.888596 0.086293 0.052352
494900 -3155.48273857 399.25117877 0.341240 5.9744 0.888596 0.086293 -0.066046
495000 -3146.26453645 398.43341784 0.340541 5.9726 0.894459 0.086139 0.023471
495100 -3144.13938764 396.97122077 0.339292 5.9726 0.894459 0.086139 0.013473
495200 -3149.94510915 381.25488414 0.325859 5.9726 0.894459 0.086139 -0.064737
495300 -3152.69352728 387.44275477 0.331148 5.9726 0.894459 0.086139 -0.063110
495400 -3142.24561439 386.49783969 0.330340 5.9726 0.894459 0.086139 0.065779
495500 -3137.34660494 392.32307638 0.335319 5.9709 0.879599 0.090023 0.106799
495600 -3152.59968729 405.66297277 0.346720 5.9709 0.879599 0.090023 -0.013582
495700 -3122.54197404 382.86650731 0.327236 5.9709 0.879599 0.090023 0.137096
495800 -3160.38198226 394.32514043 0.337030 5.9709 0.879599 0.090023 -0.069781
495900 -3139.11013634 389.04462051 0.332517 5.9709 0.879599 0.090023 0.076182
496000 -3153.31101975 387.20520088 0.330945 5.9829 0.885279 0.087603 -0.054306
496100 -3149.01909288 388.67023962 0.332197 5.9829 0.885279 0.087603 0.000882
496200 -3138.93923081 386.25004275 0.330128 5.9829 0.885279 0.087603 0.083274
496300 -3144.42511697 415.85837552 0.355435 5.9829 0.885279 0.087603 0.060921
496400 -3143.02054024 421.57950423 0.360324 5.9829 0.885279 0.087603 0.010509
496500 -3133.93410527 416.37427004 0.355875 5.9641 0.881049 0.087724 0.098598
496600 -3141.63571890 418.78862619 0.357939 5.9641 0.881049 0.087724 0.025963
496700 -3125.01131200 392.22263950 0.335233 5.9641 0.881049 0.087724 0.084886
496800 -3132.06099790 395.52550305 0.338056 5.9641 0.881049 0.087724 0.004477
496900 -3137.34939878 409.47120299 0.349975 5.9641 0.881049 0.087724 0.007255
497000 -3142.12079815 413.67926243 0.353572 5.9761 0.888739 0.086443 -0.031828
497100 -3141.39003333 393.85736911 0.336630 5.9761 0.888739 0.086443 -0.033328
497200 -3159.73256142 394.53430268 0.337209 5.9761 0.888739 0.086443 -0.116218
497300 -3153.28082650 404.70616418 0.345903 5.9761 0.888739 0.086443 -0.024684
497400 -3133.76585238 384.93462936 0.329004 5.9761 0.888739 0.086443 0.078211
497500 -3118.97042065 396.62544498 0.338996 5.9761 0.869904 0.091413 0.169062
497600 -3118.99371905 404.61171120 0.345822 5.9761 0.869904 0.091413 0.128952
497700 -3132.18315811 406.89563646 0.347774 5.9761 0.869904 0.091413 0.018365
497800 -3137.83834888 412.66450379 0.352705 5.9761 0.869904 0.091413 -0.049469
497900 -3130.87779151 397.61749354 0.339844 5.9761 0.869904 0.091413 -0.001411
498000 -3140.46985260 391.81323173 0.334883 5.9778 0.875275 0.087879 -0.043008
498100 -3130.61389927 402.54419890 0.344055 5.9778 0.875275 0.087879 0.021426
498200 -3135.32399176 399.48910363 0.341444 5.9778 0.875275 0.087879 0.007977
498300 -3120.22997645 394.01490872 0.336765 5.9778 0.875275 0.087879 0.072478
498400 -3127.18746990 395.72500826 0.338227 5.9778 0.875275 0.087879 0.030291
498500 -3123.68801609 390.22083595 0.333522 5.9675 0.876392 0.092989 0.067775
498600 -3142.64404760 408.47852863 0.349127 5.9675 0.876392 0.092989 -0.032985
498700 -3125.28822169 391.10040422 0.334274 5.9675 0.876392 0.092989 0.026712
498800 -3119.50932981 398.63403180 0.340713 5.9675 0.876392 0.092989 0.126743
498900 -3145.81099975 386.44225861 0.330293 5.9675 0.876392 0.092989 -0.112533
499000 -3138.78819518 384.03344590 0.328234 5.9692 0.879551 0.089757 0.011668
499100 -3145.82416056 398.18548778 0.340329 5.9692 0.879551 0.089757 -0.034560
499200 -3136.09131807 398.84345445 0.340892 5.9692 0.879551 0.089757 0.027404
499300 -3144.58616219 406.80904947 0.347700 5.9692 0.879551 0.089757 -0.024279
499400 -3143.11116845 411.56289554 0.351763 5.9692 0.879551 0.089757 -0.009026
499500 -3136.26148400 392.43424583 0.335414 5.9744 0.879713 0.089213 0.003730
499600 -3150.84939465 397.77125281 0.339975 5.9744 0.879713 0.089213 -0.074765
499700 -3139.80228128 400.32578958 0.342159 5.9744 0.879713 0.089213 -0.021641
499800 -3152.83324122 401.79361445 0.343413 5.9744 0.879713 0.089213 -0.058624
499900 -3142.51958816 396.72263128 0.339079 5.9744 0.879713 0.089213 0.027947
