# MD run at T = 0.360000
# input   = perfect_Sigma21_theta21.7868deg.dat
# seed    = 4000017
# N_atoms = 1176
# barostat= 1  P_target = 0.0000
# columns : step PE KE T_inst coord psi6 psi4 P
0 -3699.16754687 438.25792790 0.372668 6.0000 0.999757 0.003969 0.361456
100 -3408.63213278 291.49048388 0.247866 6.0000 0.999757 0.003969 1.340110
200 -3356.71715129 310.30545114 0.263865 6.0000 0.999757 0.003969 1.054872
300 -3337.38280774 372.77068409 0.316982 6.0000 0.999757 0.003969 0.776328
400 -3288.85508935 363.33578696 0.308959 6.0000 0.999757 0.003969 0.716740
500 -3267.80518914 394.57281847 0.335521 5.9983 0.911915 0.074141 0.565055
600 -3260.92593576 383.29284737 0.325929 5.9983 0.911915 0.074141 0.359854
700 -3238.80413013 405.00429399 0.344391 5.9983 0.911915 0.074141 0.361305
800 -3231.01175314 386.20222442 0.328403 5.9983 0.911915 0.074141 0.241715
900 -3210.72229492 408.75796037 0.347583 5.9983 0.911915 0.074141 0.275992
1000 -3197.78549006 417.47745155 0.354998 5.9983 0.888539 0.083228 0.246131
1100 -3182.32639528 419.87737050 0.357039 5.9983 0.888539 0.083228 0.244639
1200 -3195.21154024 405.84107763 0.345103 5.9983 0.888539 0.083228 0.096956
1300 -3169.68401246 410.01312170 0.348651 5.9983 0.888539 0.083228 0.211104
1400 -3191.67829723 420.56647008 0.357625 5.9983 0.888539 0.083228 0.003366
1500 -3152.84881889 405.01893865 0.344404 5.9966 0.877781 0.085940 0.204449
1600 -3176.54402260 413.08640171 0.351264 5.9966 0.877781 0.085940 0.043141
1700 -3155.50810182 424.76856676 0.361198 5.9966 0.877781 0.085940 0.126305
1800 -3165.55823495 420.09356890 0.357222 5.9966 0.877781 0.085940 0.033333
1900 -3138.67524851 419.93241525 0.357085 5.9966 0.877781 0.085940 0.167806
2000 -3140.69200160 426.48274401 0.362655 5.9966 0.876899 0.087744 0.132743
2100 -3157.22282638 426.04914829 0.362287 5.9966 0.876899 0.087744 -0.000540
2200 -3162.29008026 408.60912402 0.347457 5.9966 0.876899 0.087744 -0.069049
2300 -3150.15120993 405.79398311 0.345063 5.9966 0.876899 0.087744 0.003968
2400 -3152.50593623 412.12997056 0.350451 5.9966 0.876899 0.087744 -0.015695
2500 -3145.13456330 416.93661914 0.354538 5.9915 0.882023 0.087083 0.060564
2600 -3119.03112860 408.75624240 0.347582 5.9915 0.882023 0.087083 0.188795
2700 -3132.98598964 422.18857414 0.359004 5.9915 0.882023 0.087083 0.089824
2800 -3138.15837032 440.91740804 0.374930 5.9915 0.882023 0.087083 0.042044
2900 -3138.41468449 402.20824299 0.342014 5.9915 0.882023 0.087083 -0.021833
3000 -3146.25644612 406.06818436 0.345296 5.9983 0.882506 0.086418 -0.025403
3100 -3137.71919277 419.84489387 0.357011 5.9983 0.882506 0.086418 0.043410
3200 -3129.22900714 417.03721530 0.354623 5.9983 0.882506 0.086418 0.078321
3300 -3133.66012234 433.57748197 0.368688 5.9983 0.882506 0.086418 0.031293
3400 -3153.77994733 436.21614177 0.370932 5.9983 0.882506 0.086418 -0.137734
3500 -3139.17022654 415.20195000 0.353063 5.9949 0.874018 0.088960 -0.046667
3600 -3119.39761434 418.88052010 0.356191 5.9949 0.874018 0.088960 0.098690
3700 -3136.33836615 418.68073246 0.356021 5.9949 0.874018 0.088960 -0.009754
3800 -3120.00774671 431.62699764 0.367030 5.9949 0.874018 0.088960 0.083202
3900 -3132.82016088 413.06030713 0.351242 5.9949 0.874018 0.088960 -0.011604
4000 -3131.52608644 422.87988318 0.359592 5.9949 0.869677 0.090725 0.001744
4100 -3157.52408528 430.86236647 0.366380 5.9949 0.869677 0.090725 -0.160198
4200 -3149.27775966 423.40110499 0.360035 5.9949 0.869677 0.090725 -0.050426
4300 -3130.90572809 413.06807728 0.351248 5.9949 0.869677 0.090725 0.039515
4400 -3144.23105139 426.46874775 0.362643 5.9949 0.869677 0.090725 -0.044492
4500 -3160.29153225 434.36633583 0.369359 5.9966 0.884010 0.084804 -0.147496
4600 -3157.62131991 403.78993717 0.343359 5.9966 0.884010 0.084804 -0.113638
4700 -3148.07745098 407.21602954 0.346272 5.9966 0.884010 0.084804 0.002668
4800 -3137.13291847 417.89170363 0.355350 5.9966 0.884010 0.084804 0.051841
4900 -3154.91990633 418.96637254 0.356264 5.9966 0.884010 0.084804 -0.047547
5000 -3155.00811608 412.70196740 0.350937 5.9949 0.881965 0.087682 -0.033417
5100 -3155.60688534 409.85202026 0.348514 5.9949 0.881965 0.087682 -0.034589
5200 -3170.12195179 407.76971834 0.346743 5.9949 0.881965 0.087682 -0.112315
5300 -3152.56568804 427.86762334 0.363833 5.9949 0.881965 0.087682 0.004550
5400 -3157.02118023 406.89278432 0.345997 5.9949 0.881965 0.087682 -0.010645
5500 -3150.68909091 410.42466691 0.349001 5.9949 0.881147 0.088306 0.028475
5600 -3157.36825489 419.21719873 0.356477 5.9949 0.881147 0.088306 -0.021375
5700 -3156.58590034 411.26995696 0.349719 5.9949 0.881147 0.088306 -0.008118
5800 -3159.30027762 430.68020525 0.366225 5.9949 0.881147 0.088306 -0.017994
5900 -3142.26350903 418.59895186 0.355951 5.9949 0.881147 0.088306 0.061618
6000 -3149.12161924 418.32975410 0.355723 5.9983 0.879321 0.085411 0.025445
6100 -3131.24310900 438.21395072 0.372631 5.9983 0.879321 0.085411 0.112678
6200 -3128.47915416 455.04204758 0.386941 5.9983 0.879321 0.085411 0.087551
6300 -3133.70356253 452.06342394 0.384408 5.9983 0.879321 0.085411 0.019100
6400 -3117.30972313 421.97607026 0.358823 5.9983 0.879321 0.085411 0.033869
6500 -3126.22203579 402.42156204 0.342195 5.9949 0.870610 0.092205 0.021188
6600 -3142.72085629 429.67448967 0.365369 5.9949 0.870610 0.092205 -0.075912
6700 -3116.54254778 418.65173028 0.355996 5.9949 0.870610 0.092205 0.092626
6800 -3107.66251035 424.70854784 0.361147 5.9949 0.870610 0.092205 0.111817
6900 -3105.07152607 418.04690852 0.355482 5.9949 0.870610 0.092205 0.116576
7000 -3119.23164503 420.59712783 0.357651 5.9932 0.868778 0.089056 0.006729
7100 -3114.65750486 406.86498023 0.345974 5.9932 0.868778 0.089056 0.073882
7200 -3132.94134329 441.68311210 0.375581 5.9932 0.868778 0.089056 -0.054988
7300 -3127.85525805 420.31177822 0.357408 5.9932 0.868778 0.089056 -0.004252
7400 -3137.37367878 434.11933233 0.369149 5.9932 0.868778 0.089056 -0.055259
7500 -3130.98334758 421.61951243 0.358520 5.9915 0.872833 0.090212 -0.002959
7600 -3138.48100263 426.04436657 0.362283 5.9915 0.872833 0.090212 -0.057265
7700 -3148.86411545 424.40439141 0.360888 5.9915 0.872833 0.090212 -0.108820
7800 -3137.30654873 433.03778011 0.368229 5.9915 0.872833 0.090212 -0.013702
7900 -3133.84018304 444.18097140 0.377705 5.9915 0.872833 0.090212 -0.004925
8000 -3141.53448324 427.25216260 0.363310 5.9932 0.874324 0.089437 -0.065161
8100 -3130.03508590 433.83493965 0.368907 5.9932 0.874324 0.089437 -0.001565
8200 -3132.10201354 428.19364873 0.364110 5.9932 0.874324 0.089437 -0.035325
8300 -3112.41468230 414.65791961 0.352600 5.9932 0.874324 0.089437 0.105392
8400 -3129.22082196 424.55357562 0.361015 5.9932 0.874324 0.089437 -0.013964
8500 -3142.76899267 426.34008914 0.362534 5.9949 0.884485 0.086807 -0.078797
8600 -3119.07114813 432.41473070 0.367700 5.9949 0.884485 0.086807 0.092355
8700 -3141.23342523 427.18001303 0.363248 5.9949 0.884485 0.086807 -0.079273
8800 -3131.14192247 405.73436987 0.345012 5.9949 0.884485 0.086807 -0.018781
8900 -3150.06417352 408.01740123 0.346954 5.9949 0.884485 0.086807 -0.102451
9000 -3141.98249478 400.42932147 0.340501 5.9966 0.879986 0.086730 -0.016765
9100 -3145.38467348 413.10949323 0.351284 5.9966 0.879986 0.086730 -0.025118
9200 -3135.66252220 412.34524251 0.350634 5.9966 0.879986 0.086730 0.061140
9300 -3145.31831258 417.94398796 0.355395 5.9966 0.879986 0.086730 -0.025200
9400 -3148.26111354 424.90380647 0.361313 5.9966 0.879986 0.086730 -0.037062
9500 -3152.03453237 410.35038472 0.348937 5.9966 0.878476 0.087004 -0.056679
9600 -3147.93924165 412.76994259 0.350995 5.9966 0.878476 0.087004 -0.010487
9700 -3140.39250019 440.95590124 0.374963 5.9966 0.878476 0.087004 0.049328
9800 -3136.41143808 422.79356684 0.359518 5.9966 0.878476 0.087004 0.054308
9900 -3128.36386920 412.76692223 0.350992 5.9966 0.878476 0.087004 0.078522
10000 -3146.33529431 412.78898528 0.351011 5.9983 0.880161 0.086729 -0.023714
10100 -3132.17794269 404.40443277 0.343881 5.9983 0.880161 0.086729 0.084841
10200 -3154.90606990 426.41205569 0.362595 5.9983 0.880161 0.086729 -0.088145
10300 -3150.01378042 431.23556397 0.366697 5.9983 0.880161 0.086729 -0.026408
10400 -3147.22873442 422.74536374 0.359477 5.9983 0.880161 0.086729 -0.043444
10500 -3145.10623592 447.31238123 0.380368 5.9966 0.879681 0.089505 -0.012431
10600 -3116.55529653 422.24447491 0.359051 5.9966 0.879681 0.089505 0.133116
10700 -3138.11039873 427.85661538 0.363824 5.9966 0.879681 0.089505 -0.023364
10800 -3129.85478105 410.59239751 0.349143 5.9966 0.879681 0.089505 0.019499
10900 -3141.54109582 421.45292928 0.358378 5.9966 0.879681 0.089505 -0.023683
11000 -3137.87470119 430.00958280 0.365654 5.9966 0.875435 0.089459 0.034957
11100 -3130.89176172 430.70128851 0.366243 5.9966 0.875435 0.089459 0.053712
11200 -3144.22513811 408.36755868 0.347251 5.9966 0.875435 0.089459 -0.067203
11300 -3154.81153085 438.40099914 0.372790 5.9966 0.875435 0.089459 -0.078629
11400 -3149.51632953 446.40015526 0.379592 5.9966 0.875435 0.089459 -0.033351
11500 -3133.91416072 429.88249935 0.365546 5.9966 0.875702 0.089338 0.017743
11600 -3131.23944112 426.79252691 0.362919 5.9966 0.875702 0.089338 0.006244
11700 -3136.97911841 427.28867291 0.363341 5.9966 0.875702 0.089338 -0.024824
11800 -3129.64680149 433.68983611 0.368784 5.9966 0.875702 0.089338 0.044642
11900 -3125.93638325 425.91601845 0.362173 5.9966 0.875702 0.089338 0.043093
12000 -3120.17725080 433.53363195 0.368651 5.9983 0.869806 0.090612 0.064387
12100 -3122.98498242 431.37220296 0.366813 5.9983 0.869806 0.090612 0.046852
12200 -3136.41260505 422.67750045 0.359420 5.9983 0.869806 0.090612 -0.057785
12300 -3119.37791963 406.91415547 0.346015 5.9983 0.869806 0.090612 0.047867
12400 -3134.41408985 426.10276679 0.362332 5.9983 0.869806 0.090612 -0.015630
12500 -3120.50908382 425.97340630 0.362222 5.9864 0.872496 0.089639 0.077821
12600 -3128.91053577 427.38423606 0.363422 5.9864 0.872496 0.089639 0.017307
12700 -3118.55827888 433.00839562 0.368204 5.9864 0.872496 0.089639 0.064258
12800 -3117.34637857 424.17986560 0.360697 5.9864 0.872496 0.089639 0.051612
12900 -3123.93193523 415.14025409 0.353010 5.9864 0.872496 0.089639 0.009492
13000 -3142.69202781 435.00512012 0.369902 5.9915 0.873108 0.089501 -0.083617
13100 -3124.45496903 417.25865036 0.354812 5.9915 0.873108 0.089501 0.003280
13200 -3126.45435965 437.40988080 0.371947 5.9915 0.873108 0.089501 0.001128
13300 -3119.35535329 412.91455567 0.351118 5.9915 0.873108 0.089501 0.035904
13400 -3114.85564324 404.02173978 0.343556 5.9915 0.873108 0.089501 0.067375
13500 -3122.18619399 412.26755386 0.350568 5.9949 0.869004 0.090721 0.037338
13600 -3116.61034437 441.08812411 0.375075 5.9949 0.869004 0.090721 0.094522
13700 -3112.42933035 429.46760502 0.365194 5.9949 0.869004 0.090721 0.025895
13800 -3115.51522910 432.73053143 0.367968 5.9949 0.869004 0.090721 0.032153
13900 -3108.06219624 436.93389952 0.371542 5.9949 0.869004 0.090721 0.050175
14000 -3119.46123288 436.46372242 0.371143 5.9881 0.866647 0.092321 -0.019384
14100 -3120.55988089 441.21687890 0.375184 5.9881 0.866647 0.092321 -0.046123
14200 -3138.85376388 439.90046009 0.374065 5.9881 0.866647 0.092321 -0.115524
14300 -3131.50177116 426.62250066 0.362774 5.9881 0.866647 0.092321 -0.060977
14400 -3135.86536044 439.74501294 0.373933 5.9881 0.866647 0.092321 -0.070358
14500 -3115.41996824 416.46120576 0.354134 5.9915 0.861451 0.093937 0.055431
14600 -3121.64867135 437.55467362 0.372070 5.9915 0.861451 0.093937 0.022373
14700 -3110.65508240 420.71419741 0.357750 5.9915 0.861451 0.093937 0.069161
14800 -3119.82725705 441.14457168 0.375123 5.9915 0.861451 0.093937 0.012273
14900 -3130.55819429 419.53065767 0.356744 5.9915 0.861451 0.093937 -0.095281
15000 -3148.41900685 416.99582962 0.354588 5.9949 0.882327 0.087485 -0.192763
15100 -3131.99406245 411.59716751 0.349998 5.9949 0.882327 0.087485 -0.028457
15200 -3141.57387468 423.93501813 0.360489 5.9949 0.882327 0.087485 -0.077844
15300 -3135.48323169 423.66691194 0.360261 5.9949 0.882327 0.087485 0.002892
15400 -3102.80870598 419.81845186 0.356988 5.9949 0.882327 0.087485 0.188862
15500 -3111.78667402 435.75641295 0.370541 5.9932 0.865277 0.094387 0.097438
15600 -3116.54366161 439.58308979 0.373795 5.9932 0.865277 0.094387 0.026634
15700 -3118.68170087 428.15530127 0.364078 5.9932 0.865277 0.094387 0.028007
15800 -3140.41848578 426.97755405 0.363076 5.9932 0.865277 0.094387 -0.117945
15900 -3124.35282909 418.74875354 0.356079 5.9932 0.865277 0.094387 -0.009809
16000 -3124.23523481 431.44226301 0.366873 5.9898 0.864286 0.090651 -0.025942
16100 -3135.31174379 420.84818277 0.357864 5.9898 0.864286 0.090651 -0.091969
16200 -3142.67530378 428.38680944 0.364274 5.9898 0.864286 0.090651 -0.104552
16300 -3133.19296325 414.48027401 0.352449 5.9898 0.864286 0.090651 -0.020101
16400 -3133.65261255 405.19439079 0.344553 5.9898 0.864286 0.090651 -0.020895
16500 -3110.80598699 397.67374539 0.338158 5.9966 0.871233 0.089747 0.124985
16600 -3137.12547149 425.45740421 0.361784 5.9966 0.871233 0.089747 -0.032512
16700 -3146.25622818 401.39250941 0.341320 5.9966 0.871233 0.089747 -0.058753
16800 -3151.95740246 410.80441553 0.349323 5.9966 0.871233 0.089747 -0.069719
16900 -3138.67373209 398.15127812 0.338564 5.9966 0.871233 0.089747 0.077094
17000 -3148.85691832 406.11896676 0.345339 5.9966 0.875674 0.086711 -0.028535
17100 -3140.06098518 404.32863975 0.343817 5.9966 0.875674 0.086711 0.048202
17200 -3131.66356699 418.56772146 0.355925 5.9966 0.875674 0.086711 0.088278
17300 -3153.76160301 434.24138203 0.369253 5.9966 0.875674 0.086711 -0.060123
17400 -3129.35368078 402.82572740 0.342539 5.9966 0.875674 0.086711 0.105044
17500 -3148.66420811 435.36545575 0.370209 5.9966 0.882401 0.087407 -0.002645
17600 -3144.39450381 429.27474561 0.365030 5.9966 0.882401 0.087407 -0.032674
17700 -3114.04676525 418.50181096 0.355869 5.9966 0.882401 0.087407 0.155925
17800 -3123.89099763 431.13498978 0.366611 5.9966 0.882401 0.087407 0.040811
17900 -3125.34851328 415.08367295 0.352962 5.9966 0.882401 0.087407 0.011211
18000 -3140.41792383 422.98621562 0.359682 5.9949 0.884358 0.088929 -0.075124
18100 -3140.46882541 425.02110187 0.361413 5.9949 0.884358 0.088929 -0.025525
18200 -3146.52814113 415.51523913 0.353329 5.9949 0.884358 0.088929 -0.063517
18300 -3145.03517143 401.66558565 0.341552 5.9949 0.884358 0.088929 -0.033336
18400 -3158.76214779 393.65982112 0.334745 5.9949 0.884358 0.088929 -0.078700
18500 -3163.44737604 414.49137403 0.352459 5.9915 0.883205 0.085081 -0.066214
18600 -3134.56910746 420.69592305 0.357735 5.9915 0.883205 0.085081 0.136199
18700 -3145.60602136 424.69354788 0.361134 5.9915 0.883205 0.085081 0.040260
18800 -3129.96614691 421.76967280 0.358648 5.9915 0.883205 0.085081 0.075698
18900 -3140.89054170 417.75203143 0.355231 5.9915 0.883205 0.085081 -0.015465
19000 -3172.27493280 421.95108372 0.358802 5.9983 0.882798 0.084601 -0.197545
19100 -3166.46569769 426.73621211 0.362871 5.9983 0.882798 0.084601 -0.130084
19200 -3141.80741368 406.13086572 0.345349 5.9983 0.882798 0.084601 0.030937
19300 -3154.97609696 422.15331004 0.358974 5.9983 0.882798 0.084601 -0.029442
19400 -3154.56967649 415.60661384 0.353407 5.9983 0.882798 0.084601 -0.019778
19500 -3143.71593808 420.30523877 0.357402 5.9966 0.877696 0.088860 0.051768
19600 -3152.31585976 438.02814848 0.372473 5.9966 0.877696 0.088860 -0.026521
19700 -3139.05079373 408.87104485 0.347679 5.9966 0.877696 0.088860 0.048795
19800 -3133.65519473 424.28265766 0.360785 5.9966 0.877696 0.088860 0.068697
19900 -3143.99966356 431.64652870 0.367046 5.9966 0.877696 0.088860 -0.005187
20000 -3142.76427019 423.65228564 0.360249 5.9915 0.876432 0.089461 0.008715
20100 -3135.10249691 423.13652594 0.359810 5.9915 0.876432 0.089461 0.010871
20200 -3126.82542387 406.77552929 0.345898 5.9915 0.876432 0.089461 0.055909
20300 -3131.06689837 403.38713626 0.343016 5.9915 0.876432 0.089461 0.011600
20400 -3151.93620489 417.97083034 0.355417 5.9915 0.876432 0.089461 -0.060102
20500 -3140.35557242 420.66211323 0.357706 5.9864 0.875706 0.088965 -0.000362
20600 -3149.80975956 418.88491011 0.356195 5.9864 0.875706 0.088965 -0.053828
20700 -3131.74902639 393.62146704 0.334712 5.9864 0.875706 0.088965 0.059813
20800 -3144.35500187 423.94516876 0.360498 5.9864 0.875706 0.088965 -0.014073
20900 -3156.10542175 403.46912621 0.343086 5.9864 0.875706 0.088965 -0.089958
21000 -3136.92494195 402.20969439 0.342015 5.9983 0.876182 0.088400 0.042956
21100 -3137.37814744 413.38271607 0.351516 5.9983 0.876182 0.088400 0.048439
21200 -3138.14326631 421.41145705 0.358343 5.9983 0.876182 0.088400 0.057585
21300 -3134.70942877 413.83013946 0.351896 5.9983 0.876182 0.088400 0.066405
21400 -3145.57741395 426.16389912 0.362384 5.9983 0.876182 0.088400 0.010051
21500 -3122.05652882 395.06372257 0.335939 5.9949 0.870051 0.090924 0.125792
21600 -3137.83165492 417.76004472 0.355238 5.9949 0.870051 0.090924 0.019169
21700 -3126.00817983 411.23248890 0.349687 5.9949 0.870051 0.090924 0.106839
21800 -3141.31864996 425.11458322 0.361492 5.9949 0.870051 0.090924 -0.012212
21900 -3137.43913633 405.97426218 0.345216 5.9949 0.870051 0.090924 0.019487
22000 -3128.24887773 397.33830947 0.337873 6.0000 0.871107 0.089161 0.084710
22100 -3138.80876733 408.73438941 0.347563 6.0000 0.871107 0.089161 0.021070
22200 -3138.93039846 422.16294827 0.358982 6.0000 0.871107 0.089161 0.025319
22300 -3141.27067892 440.83790040 0.374862 6.0000 0.871107 0.089161 0.006067
22400 -3139.46745782 430.56544363 0.366127 6.0000 0.871107 0.089161 -0.000599
22500 -3131.73837583 419.15066497 0.356421 5.9932 0.880913 0.085289 0.022256
22600 -3143.77308577 436.07447944 0.370812 5.9932 0.880913 0.085289 -0.036645
22700 -3141.46897876 410.38866607 0.348970 5.9932 0.880913 0.085289 -0.027905
22800 -3138.48975054 411.99516498 0.350336 5.9932 0.880913 0.085289 -0.006507
22900 -3130.34333344 412.19474835 0.350506 5.9932 0.880913 0.085289 0.053980
23000 -3148.42593045 422.26125521 0.359066 5.9966 0.884096 0.087452 -0.078740
23100 -3145.96569797 411.35660570 0.349793 5.9966 0.884096 0.087452 -0.004972
23200 -3119.28166048 412.56354548 0.350819 5.9966 0.884096 0.087452 0.150815
23300 -3147.37457506 425.15859407 0.361529 5.9966 0.884096 0.087452 -0.024221
23400 -3120.08432505 418.27264230 0.355674 5.9966 0.884096 0.087452 0.124993
23500 -3124.55397194 424.38718967 0.360873 5.9932 0.868910 0.089594 0.074097
23600 -3126.08926582 409.61111175 0.348309 5.9932 0.868910 0.089594 0.061385
23700 -3141.97724717 418.01036935 0.355451 5.9932 0.868910 0.089594 -0.068763
23800 -3140.75559589 430.30638636 0.365907 5.9932 0.868910 0.089594 -0.026495
23900 -3127.63082216 419.99269235 0.357137 5.9932 0.868910 0.089594 0.041091
24000 -3151.47015889 413.62653038 0.351723 5.9932 0.877907 0.089022 -0.089098
24100 -3153.33415313 411.08621181 0.349563 5.9932 0.877907 0.089022 -0.061207
24200 -3129.92505175 411.89072059 0.350247 5.9932 0.877907 0.089022 0.106948
24300 -3150.07180677 415.54521391 0.353355 5.9932 0.877907 0.089022 -0.043813
24400 -3148.19290048 420.09693123 0.357225 5.9932 0.877907 0.089022 -0.031276
24500 -3147.10248330 444.34788662 0.377847 5.9949 0.873158 0.086985 0.015536
24600 -3139.85735327 427.27660167 0.363330 5.9949 0.873158 0.086985 0.010576
24700 -3116.69435276 422.30777902 0.359105 5.9949 0.873158 0.086985 0.166362
24800 -3137.57555275 441.83177460 0.375707 5.9949 0.873158 0.086985 -0.001860
24900 -3116.83155428 434.66335659 0.369612 5.9949 0.873158 0.086985 0.088982
25000 -3129.77298598 423.01960961 0.359711 5.9966 0.873783 0.090712 -0.006786
25100 -3135.66805920 427.67125689 0.363666 5.9966 0.873783 0.090712 -0.004867
25200 -3144.50975176 427.23579924 0.363296 5.9966 0.873783 0.090712 -0.070295
25300 -3146.05226548 403.61324097 0.343209 5.9966 0.873783 0.090712 -0.096003
25400 -3151.99246488 421.81717989 0.358688 5.9966 0.873783 0.090712 -0.095510
25500 -3133.30147701 436.34174922 0.371039 5.9966 0.873508 0.091390 0.037388
25600 -3137.26322778 414.38688468 0.352370 5.9966 0.873508 0.091390 0.001740
25700 -3134.93586690 431.59029655 0.366999 5.9966 0.873508 0.091390 0.017087
25800 -3112.87630762 408.16451602 0.347079 5.9966 0.873508 0.091390 0.129420
25900 -3142.50148570 414.59926678 0.352550 5.9966 0.873508 0.091390 -0.051396
26000 -3139.02174384 412.98720012 0.351180 5.9915 0.872427 0.088973 -0.003696
26100 -3132.96177922 415.92066508 0.353674 5.9915 0.872427 0.088973 0.011627
26200 -3129.74726608 435.15598115 0.370031 5.9915 0.872427 0.088973 0.077164
26300 -3132.41376539 429.42050081 0.365153 5.9915 0.872427 0.088973 0.012170
26400 -3123.97836121 416.11554347 0.353840 5.9915 0.872427 0.088973 0.065255
26500 -3140.86503817 417.56641002 0.355073 6.0000 0.874915 0.086876 -0.049887
26600 -3138.04276785 443.72653801 0.377318 6.0000 0.874915 0.086876 -0.010713
26700 -3126.35101057 426.32576767 0.362522 6.0000 0.874915 0.086876 0.035323
26800 -3135.07549384 425.60583140 0.361910 6.0000 0.874915 0.086876 -0.030744
26900 -3133.08041469 419.57268029 0.356779 6.0000 0.874915 0.086876 0.013943
27000 -3138.17208038 424.80520583 0.361229 5.9864 0.871265 0.088938 0.005074
27100 -3150.83414645 421.62842801 0.358528 5.9864 0.871265 0.088938 -0.111694
27200 -3139.89207442 425.77519886 0.362054 5.9864 0.871265 0.088938 -0.008988
27300 -3150.03883790 423.38636167 0.360022 5.9864 0.871265 0.088938 -0.066662
27400 -3136.40815572 417.82492540 0.355293 5.9864 0.871265 0.088938 0.019965
27500 -3124.49519410 404.26571469 0.343763 6.0000 0.871013 0.090761 0.070784
27600 -3154.33949130 433.07615973 0.368262 6.0000 0.871013 0.090761 -0.089350
27700 -3136.88346982 422.22478011 0.359035 6.0000 0.871013 0.090761 0.035250
27800 -3155.39526376 426.57137433 0.362731 6.0000 0.871013 0.090761 -0.077061
27900 -3162.01990449 415.44408380 0.353269 6.0000 0.871013 0.090761 -0.135269
28000 -3156.01242697 412.91421867 0.351118 5.9983 0.883709 0.085665 -0.037390
28100 -3164.77813602 427.32762745 0.363374 5.9983 0.883709 0.085665 -0.082287
28200 -3147.39099544 401.69330719 0.341576 5.9983 0.883709 0.085665 0.015108
28300 -3159.78366731 428.36067703 0.364252 5.9983 0.883709 0.085665 -0.045201
28400 -3156.13900256 435.48913271 0.370314 5.9983 0.883709 0.085665 -0.048773
28500 -3149.22976017 412.44951191 0.350722 6.0000 0.882846 0.086334 0.008865
28600 -3154.15940167 406.80963362 0.345927 6.0000 0.882846 0.086334 -0.042713
28700 -3144.51193632 412.02900512 0.350365 6.0000 0.882846 0.086334 0.040151
28800 -3148.20286734 419.08360197 0.356364 6.0000 0.882846 0.086334 0.004501
28900 -3127.84165480 424.53376294 0.360998 6.0000 0.882846 0.086334 0.111876
29000 -3162.65000471 439.30919257 0.373562 5.9983 0.878073 0.087156 -0.086728
29100 -3147.46760965 439.83931725 0.374013 5.9983 0.878073 0.087156 0.010602
29200 -3147.60063242 422.73520669 0.359469 5.9983 0.878073 0.087156 -0.019580
29300 -3142.74939374 419.33308273 0.356576 5.9983 0.878073 0.087156 0.004956
29400 -3145.70117283 411.54852733 0.349956 5.9983 0.878073 0.087156 0.010314
29500 -3142.99792126 431.88693104 0.367251 5.9932 0.879255 0.089401 0.020428
29600 -3131.20779163 446.19944202 0.379421 5.9932 0.879255 0.089401 0.089206
29700 -3125.06379444 442.38732559 0.376180 5.9932 0.879255 0.089401 0.081298
29800 -3128.84963651 419.95964381 0.357109 5.9932 0.879255 0.089401 0.024722
29900 -3130.72057444 431.57113904 0.366982 5.9932 0.879255 0.089401 0.025940
30000 -3124.26976486 421.65862564 0.358553 5.9949 0.863093 0.091595 0.006864
30100 -3154.77724600 416.28731311 0.353986 5.9949 0.863093 0.091595 -0.151100
30200 -3148.72030016 409.04703331 0.347829 5.9949 0.863093 0.091595 -0.094387
30300 -3141.10026696 418.41602651 0.355796 5.9949 0.863093 0.091595 -0.007469
30400 -3133.35093060 424.38241937 0.360869 5.9949 0.863093 0.091595 0.043612
30500 -3139.67963497 407.77911208 0.346751 5.9881 0.868333 0.091195 -0.023154
30600 -3141.93686989 422.30811544 0.359106 5.9881 0.868333 0.091195 -0.009569
30700 -3152.79302445 419.20417606 0.356466 5.9881 0.868333 0.091195 -0.078930
30800 -3132.32047650 411.07789790 0.349556 5.9881 0.868333 0.091195 0.056326
30900 -3146.78297135 416.47534289 0.354146 5.9881 0.868333 0.091195 -0.000015
31000 -3141.96159287 417.00689172 0.354598 5.9898 0.880208 0.088296 0.029153
31100 -3141.18234895 420.89129544 0.357901 5.9898 0.880208 0.088296 0.010573
31200 -3130.16393547 408.39891473 0.347278 5.9898 0.880208 0.088296 0.067316
31300 -3137.64910106 403.42217707 0.343046 5.9898 0.880208 0.088296 0.043963
31400 -3133.23111798 409.83045081 0.348495 5.9898 0.880208 0.088296 0.071508
31500 -3136.75458320 423.40361563 0.360037 5.9932 0.867963 0.091332 0.055492
31600 -3145.93745004 416.04299713 0.353778 5.9932 0.867963 0.091332 -0.029965
31700 -3143.17194485 410.18756634 0.348799 5.9932 0.867963 0.091332 0.007706
31800 -3127.11463356 408.49578797 0.347360 5.9932 0.867963 0.091332 0.101756
31900 -3142.63664566 442.56540943 0.376331 5.9932 0.867963 0.091332 0.030551
32000 -3133.66464495 409.11547241 0.347887 5.9983 0.868986 0.088633 0.023125
32100 -3139.33319283 424.74014665 0.361174 5.9983 0.868986 0.088633 0.005190
32200 -3140.27879442 423.10970176 0.359787 5.9983 0.868986 0.088633 -0.013819
32300 -3131.02128982 406.27861448 0.345475 5.9983 0.868986 0.088633 0.086702
32400 -3146.55472698 414.71353570 0.352648 5.9983 0.868986 0.088633 -0.035653
32500 -3163.07812946 425.07905468 0.361462 5.9932 0.880565 0.086813 -0.111316
32600 -3132.49627113 411.93064011 0.350281 5.9932 0.880565 0.086813 0.053196
32700 -3171.45274360 404.30696618 0.343798 5.9932 0.880565 0.086813 -0.199895
32800 -3148.99764170 412.17821162 0.350492 5.9932 0.880565 0.086813 -0.009379
32900 -3173.32440147 426.31213400 0.362510 5.9932 0.880565 0.086813 -0.167288
33000 -3148.39586416 420.06038003 0.357194 5.9949 0.885114 0.086506 0.023692
33100 -3141.26298447 415.66919264 0.353460 5.9949 0.885114 0.086506 0.056141
33200 -3144.01723084 437.15291768 0.371729 5.9949 0.885114 0.086506 0.019801
33300 -3155.36957634 428.53169983 0.364398 5.9949 0.885114 0.086506 -0.081706
33400 -3147.73849427 402.59495299 0.342343 5.9949 0.885114 0.086506 -0.043133
33500 -3151.28213699 428.96027312 0.364762 5.9966 0.876299 0.089698 -0.016261
33600 -3140.51258646 425.54884712 0.361861 5.9966 0.876299 0.089698 0.018015
33700 -3142.62197183 420.29506307 0.357394 5.9966 0.876299 0.089698 0.016148
33800 -3146.98698230 412.56474287 0.350820 5.9966 0.876299 0.089698 -0.002602
33900 -3126.01294192 400.57697664 0.340627 5.9966 0.876299 0.089698 0.112492
34000 -3135.42945168 426.09270507 0.362324 5.9813 0.877084 0.090485 0.054249
34100 -3122.47645944 435.73983251 0.370527 5.9813 0.877084 0.090485 0.118296
34200 -3122.90074026 436.52803648 0.371197 5.9813 0.877084 0.090485 0.047936
34300 -3114.03668878 443.38849941 0.377031 5.9813 0.877084 0.090485 0.085886
34400 -3114.85544621 412.27115442 0.350571 5.9813 0.877084 0.090485 0.061695
34500 -3125.36596661 414.30598112 0.352301 5.9864 0.859214 0.092717 0.034667
34600 -3122.27842298 409.92549994 0.348576 5.9864 0.859214 0.092717 0.057702
34700 -3139.03791153 408.58089082 0.347433 5.9864 0.859214 0.092717 -0.050825
34800 -3128.17124620 411.50684020 0.349921 5.9864 0.859214 0.092717 0.031470
34900 -3148.30321276 435.39762155 0.370236 5.9864 0.859214 0.092717 -0.081537
35000 -3118.19493371 419.48072558 0.356701 5.9932 0.874782 0.091706 0.082542
35100 -3126.51004652 420.48461973 0.357555 5.9932 0.874782 0.091706 0.040772
35200 -3134.89564019 411.80282077 0.350172 5.9932 0.874782 0.091706 -0.036596
35300 -3137.23454813 404.91804088 0.344318 5.9932 0.874782 0.091706 -0.035668
35400 -3144.24648748 408.27319638 0.347171 5.9932 0.874782 0.091706 -0.063794
35500 -3141.29176199 405.64764692 0.344938 5.9932 0.874696 0.087243 -0.001325
35600 -3144.30777489 400.11428702 0.340233 5.9932 0.874696 0.087243 -0.016162
35700 -3130.83928101 410.70544232 0.349239 5.9932 0.874696 0.087243 0.096029
35800 -3140.26286987 416.37737352 0.354062 5.9932 0.874696 0.087243 0.012532
35900 -3131.68637536 428.37732013 0.364266 5.9932 0.874696 0.087243 0.074258
36000 -3124.45205988 399.04505246 0.339324 5.9915 0.868297 0.090910 0.065011
36100 -3146.98450597 413.45049386 0.351574 5.9915 0.868297 0.090910 -0.051111
36200 -3147.10356295 422.87483707 0.359587 5.9915 0.868297 0.090910 -0.028456
36300 -3156.02500317 428.67962007 0.364523 5.9915 0.868297 0.090910 -0.084715
36400 -3147.75070749 412.88974060 0.351097 5.9915 0.868297 0.090910 -0.020313
36500 -3137.48862406 388.73377933 0.330556 5.9864 0.871160 0.091553 0.046510
36600 -3150.75210949 420.10426635 0.357232 5.9864 0.871160 0.091553 -0.039323
36700 -3142.68466905 423.52939010 0.360144 5.9864 0.871160 0.091553 0.023778
36800 -3121.26576187 403.83797470 0.343400 5.9864 0.871160 0.091553 0.115123
36900 -3146.54529040 445.81681634 0.379096 5.9864 0.871160 0.091553 0.014914
37000 -3128.52275951 427.91599821 0.363874 5.9932 0.869740 0.092226 0.054373
37100 -3112.88396223 428.16350981 0.364085 5.9932 0.869740 0.092226 0.138310
37200 -3122.80467407 419.32212809 0.356566 5.9932 0.869740 0.092226 0.041810
37300 -3141.73302999 436.36726627 0.371061 5.9932 0.869740 0.092226 -0.062489
37400 -3140.73631415 421.24211083 0.358199 5.9932 0.869740 0.092226 -0.072380
37500 -3134.96915939 418.97863546 0.356274 5.9932 0.872106 0.089411 0.006740
37600 -3132.92330864 417.44225360 0.354968 5.9932 0.872106 0.089411 0.017340
37700 -3124.16280604 397.41390299 0.337937 5.9932 0.872106 0.089411 0.028735
37800 -3128.69036641 427.33905224 0.363384 5.9932 0.872106 0.089411 0.054387
37900 -3136.99107722 418.60997064 0.355961 5.9932 0.872106 0.089411 -0.026289
38000 -3134.25319679 422.06685375 0.358900 5.9864 0.874743 0.090638 -0.008266
38100 -3125.27948883 423.70629862 0.360294 5.9864 0.874743 0.090638 0.026186
38200 -3131.88532537 449.80458677 0.382487 5.9864 0.874743 0.090638 -0.020405
38300 -3114.14499610 415.53747452 0.353348 5.9864 0.874743 0.090638 0.118060
38400 -3124.70984651 443.33147875 0.376983 5.9864 0.874743 0.090638 -0.004760
38500 -3119.47981519 417.77108242 0.355248 6.0000 0.871165 0.090622 -0.005985
38600 -3129.48389472 423.22131969 0.359882 6.0000 0.871165 0.090622 -0.035638
38700 -3129.89879113 427.66697604 0.363662 6.0000 0.871165 0.090622 -0.031201
38800 -3137.84464364 423.03245154 0.359721 6.0000 0.871165 0.090622 -0.038833
38900 -3136.56779944 436.07836801 0.370815 6.0000 0.871165 0.090622 -0.039610
39000 -3124.39775494 443.61968926 0.377228 5.9966 0.864761 0.088558 0.044185
39100 -3119.58022493 428.76723440 0.364598 5.9966 0.864761 0.088558 0.039334
39200 -3117.71002572 406.35312233 0.345538 5.9966 0.864761 0.088558 0.025813
39300 -3133.44005588 415.65079348 0.353445 5.9966 0.864761 0.088558 -0.055338
39400 -3156.13682451 427.22292117 0.363285 5.9966 0.864761 0.088558 -0.173546
39500 -3151.23700067 425.66928983 0.361964 6.0000 0.877782 0.085653 -0.068806
39600 -3118.67911742 404.37323374 0.343855 6.0000 0.877782 0.085653 0.107032
39700 -3125.36688643 418.58724443 0.355942 6.0000 0.877782 0.085653 0.070070
39800 -3136.68587495 438.22221972 0.372638 6.0000 0.877782 0.085653 -0.022276
39900 -3126.05642674 415.21859036 0.353077 6.0000 0.877782 0.085653 0.032084
40000 -3135.60820604 405.48183890 0.344797 5.9966 0.872756 0.088843 -0.003800
40100 -3141.67366063 415.71854140 0.353502 5.9966 0.872756 0.088843 -0.029587
40200 -3145.38681054 419.84375220 0.357010 5.9966 0.872756 0.088843 -0.032274
40300 -3148.38822496 411.24219520 0.349696 5.9966 0.872756 0.088843 -0.014948
40400 -3136.04106475 434.60159043 0.369559 5.9966 0.872756 0.088843 0.063518
40500 -3151.30688168 419.60302327 0.356805 5.9949 0.881189 0.085480 -0.067831
40600 -3141.31002257 422.16514855 0.358984 5.9949 0.881189 0.085480 0.011836
40700 -3164.35322451 418.19723017 0.355610 5.9949 0.881189 0.085480 -0.105938
40800 -3143.55752708 425.26964198 0.361624 5.9949 0.881189 0.085480 0.031341
40900 -3127.26793654 414.88521802 0.352794 5.9949 0.881189 0.085480 0.112509
41000 -3136.78722072 440.35788661 0.374454 5.9898 0.877088 0.088218 0.056451
41100 -3148.05515950 444.39849729 0.377890 5.9898 0.877088 0.088218 -0.019204
41200 -3134.45910387 403.95284567 0.343497 5.9898 0.877088 0.088218 0.019862
41300 -3136.39545562 423.52895132 0.360144 5.9898 0.877088 0.088218 0.026903
41400 -3125.41513245 409.66579948 0.348355 5.9898 0.877088 0.088218 0.092167
41500 -3134.17804944 414.76530744 0.352692 5.9932 0.866455 0.091558 0.021907
41600 -3129.51987909 411.55065950 0.349958 5.9932 0.866455 0.091558 0.046045
41700 -3123.89094754 427.32859511 0.363375 5.9932 0.866455 0.091558 0.065604
41800 -3140.84489144 417.66834874 0.355160 5.9932 0.866455 0.091558 -0.042922
41900 -3138.12295926 391.53421191 0.332937 5.9932 0.866455 0.091558 0.002503
42000 -3137.66983852 419.90114110 0.357059 6.0000 0.875063 0.089545 0.004598
42100 -3123.56608057 426.36705080 0.362557 6.0000 0.875063 0.089545 0.092669
42200 -3131.88740037 432.58345579 0.367843 6.0000 0.875063 0.089545 0.061360
42300 -3132.82969858 421.31808446 0.358264 6.0000 0.875063 0.089545 0.012448
42400 -3130.95740677 413.69643931 0.351783 6.0000 0.875063 0.089545 0.000642
42500 -3130.71341890 418.41852819 0.355798 5.9864 0.876610 0.089050 0.032596
42600 -3106.48601752 419.06820374 0.356351 5.9864 0.876610 0.089050 0.170009
42700 -3102.61267689 389.40542746 0.331127 5.9864 0.876610 0.089050 0.143535
42800 -3147.89617632 418.55022082 0.355910 5.9864 0.876610 0.089050 -0.139229
42900 -3138.71104995 413.56382123 0.351670 5.9864 0.876610 0.089050 -0.025601
43000 -3162.38445651 428.42137364 0.364304 5.9949 0.880088 0.086572 -0.166465
43100 -3159.23943828 410.70743247 0.349241 5.9949 0.880088 0.086572 -0.116404
43200 -3153.49551872 410.06317869 0.348693 5.9949 0.880088 0.086572 -0.019028
43300 -3152.59419508 421.69441137 0.358584 5.9949 0.880088 0.086572 -0.033625
43400 -3160.71534995 438.94955202 0.373256 5.9949 0.880088 0.086572 -0.075502
43500 -3117.42023865 409.96241513 0.348607 6.0000 0.871258 0.088456 0.173706
43600 -3150.33880111 426.50835051 0.362677 6.0000 0.871258 0.088456 -0.047813
43700 -3141.33168059 434.29690400 0.369300 6.0000 0.871258 0.088456 0.003410
43800 -3142.19987103 408.70404996 0.347537 6.0000 0.871258 0.088456 0.009541
43900 -3150.67165681 429.54606725 0.365260 6.0000 0.871258 0.088456 -0.024092
44000 -3152.11604640 428.74783507 0.364581 5.9983 0.882475 0.085812 -0.043680
44100 -3149.57848310 431.51091112 0.366931 5.9983 0.882475 0.085812 -0.033776
44200 -3124.07706446 419.46935860 0.356692 5.9983 0.882475 0.085812 0.143123
44300 -3151.14693346 424.02363403 0.360564 5.9983 0.882475 0.085812 -0.088482
44400 -3141.96333607 423.67322564 0.360266 5.9983 0.882475 0.085812 -0.033835
44500 -3131.85249729 400.95393707 0.340947 5.9932 0.878286 0.089898 0.027879
44600 -3138.03552258 408.75502646 0.347581 5.9932 0.878286 0.089898 0.035526
44700 -3145.95781352 403.63355879 0.343226 5.9932 0.878286 0.089898 -0.019337
44800 -3151.70034330 423.00555011 0.359699 5.9932 0.878286 0.089898 -0.031274
44900 -3152.67048132 422.97759899 0.359675 5.9932 0.878286 0.089898 -0.018643
45000 -3135.49992680 416.65115909 0.354295 5.9932 0.873028 0.089926 0.093810
45100 -3148.59421407 424.45461494 0.360931 5.9932 0.873028 0.089926 -0.013846
45200 -3130.96536309 410.47492442 0.349043 5.9932 0.873028 0.089926 0.093684
45300 -3139.20087739 429.82792726 0.365500 5.9932 0.873028 0.089926 0.010098
45400 -3140.18328180 433.99866251 0.369046 5.9932 0.873028 0.089926 0.011799
45500 -3143.67667552 412.41422358 0.350692 5.9966 0.870345 0.089056 -0.060871
45600 -3140.62344315 418.61771283 0.355967 5.9966 0.870345 0.089056 -0.000285
45700 -3149.81212794 430.73894014 0.366275 5.9966 0.870345 0.089056 -0.046268
45800 -3137.80895464 419.16302239 0.356431 5.9966 0.870345 0.089056 0.054584
45900 -3142.96711660 437.46271661 0.371992 5.9966 0.870345 0.089056 -0.026104
46000 -3133.51187374 421.93454647 0.358788 5.9915 0.877817 0.089905 0.034808
46100 -3138.22040570 428.07911023 0.364013 5.9915 0.877817 0.089905 0.011645
46200 -3132.58911507 422.86989137 0.359583 5.9915 0.877817 0.089905 0.012837
46300 -3144.70015976 446.96454228 0.380072 5.9915 0.877817 0.089905 -0.067527
46400 -3132.12812998 432.22540232 0.367539 5.9915 0.877817 0.089905 0.005933
46500 -3134.85909625 424.48901238 0.360960 5.9949 0.869551 0.089138 -0.019825
46600 -3137.20973784 427.13821738 0.363213 5.9949 0.869551 0.089138 -0.018857
46700 -3140.22292315 404.13726295 0.343654 5.9949 0.869551 0.089138 -0.053191
46800 -3159.93022583 408.72514355 0.347555 5.9949 0.869551 0.089138 -0.145746
46900 -3131.71768776 402.66160874 0.342399 5.9949 0.869551 0.089138 0.060186
47000 -3148.87055699 406.91144499 0.346013 5.9949 0.883290 0.090158 -0.033863
47100 -3140.36971326 411.08378505 0.349561 5.9949 0.883290 0.090158 0.054651
47200 -3152.05876601 413.75640417 0.351834 5.9949 0.883290 0.090158 -0.039414
47300 -3148.36762679 425.40502090 0.361739 5.9949 0.883290 0.090158 0.008398
47400 -3135.40785297 422.71994673 0.359456 5.9949 0.883290 0.090158 0.070631
47500 -3131.88999061 428.91543934 0.364724 5.9847 0.872936 0.091770 0.063890
47600 -3131.55897151 418.45309919 0.355827 5.9847 0.872936 0.091770 0.055044
47700 -3136.73317569 410.04797283 0.348680 5.9847 0.872936 0.091770 -0.002154
47800 -3145.86321611 412.69616601 0.350932 5.9847 0.872936 0.091770 -0.075397
47900 -3157.23931717 431.07398982 0.366560 5.9847 0.872936 0.091770 -0.091500
48000 -3136.26572755 417.38260798 0.354917 5.9915 0.871277 0.089579 0.032389
48100 -3153.72450607 434.78195996 0.369713 5.9915 0.871277 0.089579 -0.075894
48200 -3123.61019289 440.72874428 0.374769 5.9915 0.871277 0.089579 0.122227
48300 -3118.63440061 446.54409948 0.379714 5.9915 0.871277 0.089579 0.107701
48400 -3124.98937559 419.23721754 0.356494 5.9915 0.871277 0.089579 0.001147
48500 -3103.49182028 428.32150139 0.364219 5.9949 0.861455 0.094232 0.150051
48600 -3111.10886549 443.48026456 0.377109 5.9949 0.861455 0.094232 0.103337
48700 -3120.61022086 433.61911921 0.368724 5.9949 0.861455 0.094232 -0.006069
48800 -3129.27096338 424.19959390 0.360714 5.9949 0.861455 0.094232 -0.056834
48900 -3120.73914188 428.70850329 0.364548 5.9949 0.861455 0.094232 0.009393
49000 -3136.50761406 439.32096556 0.373572 5.9949 0.878332 0.087638 -0.102876
49100 -3124.80589238 421.72102750 0.358606 5.9949 0.878332 0.087638 -0.010955
49200 -3133.81271792 412.53282347 0.350793 5.9949 0.878332 0.087638 -0.058574
49300 -3121.69817332 383.65925747 0.326241 5.9949 0.878332 0.087638 0.002768
49400 -3151.54720813 405.16779128 0.344530 5.9949 0.878332 0.087638 -0.111664
49500 -3150.07579359 408.05168642 0.346983 5.9932 0.880763 0.088833 -0.058623
49600 -3172.04325063 408.22085423 0.347127 5.9932 0.880763 0.088833 -0.168897
49700 -3156.28664146 404.49267171 0.343956 5.9932 0.880763 0.088833 -0.042320
49800 -3141.46941070 415.22076744 0.353079 5.9932 0.880763 0.088833 0.069242
49900 -3143.13175415 439.09711330 0.373382 5.9932 0.880763 0.088833 0.037580
50000 -3145.10692549 431.19882625 0.366666 5.9983 0.879366 0.085376 0.018517
50100 -3133.60633900 424.66460675 0.361109 5.9983 0.879366 0.085376 0.092638
50200 -3143.80700802 411.45126701 0.349874 5.9983 0.879366 0.085376 -0.014480
50300 -3143.81730843 407.07715148 0.346154 5.9983 0.879366 0.085376 0.019330
50400 -3156.22883291 421.03772818 0.358025 5.9983 0.879366 0.085376 -0.050984
50500 -3169.89054303 426.10744829 0.362336 5.9949 0.886996 0.086252 -0.126095
50600 -3163.11012902 414.24990375 0.352253 5.9949 0.886996 0.086252 -0.056620
50700 -3157.17394965 425.56700271 0.361877 5.9949 0.886996 0.086252 -0.044877
50800 -3133.19128784 431.28539813 0.366739 5.9949 0.886996 0.086252 0.065946
50900 -3132.71136502 429.32271110 0.365070 5.9949 0.886996 0.086252 0.032618
51000 -3115.28867968 435.48745012 0.370312 5.9966 0.871726 0.088167 0.141579
51100 -3123.96187788 424.15133575 0.360673 5.9966 0.871726 0.088167 0.040513
51200 -3136.29453765 421.43793010 0.358366 5.9966 0.871726 0.088167 -0.010433
51300 -3146.84321327 433.44634987 0.368577 5.9966 0.871726 0.088167 -0.059256
51400 -3133.55328743 428.03728348 0.363977 5.9966 0.871726 0.088167 0.020624
51500 -3133.64665830 438.76678580 0.373101 5.9949 0.876781 0.087756 0.002976
51600 -3134.45449084 432.28662595 0.367591 5.9949 0.876781 0.087756 -0.025640
51700 -3131.39187917 435.40014269 0.370238 5.9949 0.876781 0.087756 -0.002959
51800 -3117.32292678 425.03828301 0.361427 5.9949 0.876781 0.087756 0.071994
51900 -3144.10590199 429.91619509 0.365575 5.9949 0.876781 0.087756 -0.098359
52000 -3126.15661761 406.27839271 0.345475 5.9966 0.876991 0.089275 0.036861
52100 -3129.42777312 397.87130841 0.338326 5.9966 0.876991 0.089275 0.015654
52200 -3140.19247628 430.10337851 0.365734 5.9966 0.876991 0.089275 0.000180
52300 -3125.86373303 406.51680842 0.345678 5.9966 0.876991 0.089275 0.035640
52400 -3125.27211210 411.67294753 0.350062 5.9966 0.876991 0.089275 0.066678
52500 -3123.96366795 422.60750243 0.359360 5.9949 0.874172 0.090566 0.064530
52600 -3146.65045397 427.17841808 0.363247 5.9949 0.874172 0.090566 -0.086665
52700 -3156.56187954 428.80417275 0.364629 5.9949 0.874172 0.090566 -0.121146
52800 -3150.75896187 406.83890429 0.345951 5.9949 0.874172 0.090566 -0.076858
52900 -3153.61532374 411.21741963 0.349675 5.9949 0.874172 0.090566 -0.052478
53000 -3150.67292475 431.02974759 0.366522 5.9949 0.881650 0.087776 -0.026108
53100 -3148.56224558 417.35783170 0.354896 5.9949 0.881650 0.087776 -0.027199
53200 -3142.01019375 416.95589944 0.354554 5.9949 0.881650 0.087776 0.012601
53300 -3141.32671559 403.28411440 0.342929 5.9949 0.881650 0.087776 0.012671
53400 -3152.57534993 411.64679584 0.350040 5.9949 0.881650 0.087776 -0.050581
53500 -3145.30853742 413.71636999 0.351800 5.9949 0.878320 0.087711 0.033568
53600 -3156.57649912 416.43169833 0.354109 5.9949 0.878320 0.087711 -0.063910
53700 -3152.01792927 413.03766424 0.351223 5.9949 0.878320 0.087711 -0.016790
53800 -3165.13363434 416.34651959 0.354036 5.9949 0.878320 0.087711 -0.080713
53900 -3169.83122043 420.67263201 0.357715 5.9949 0.878320 0.087711 -0.079913
54000 -3151.01631158 423.78029168 0.360357 5.9983 0.879698 0.088123 0.042448
54100 -3136.04668191 411.05338737 0.349535 5.9983 0.879698 0.088123 0.117436
54200 -3156.63920211 430.01846221 0.365662 5.9983 0.879698 0.088123 -0.040574
54300 -3134.68069699 416.66366207 0.354306 5.9983 0.879698 0.088123 0.086082
54400 -3137.78691345 423.24197240 0.359900 5.9983 0.879698 0.088123 0.055488
54500 -3142.24307722 418.87629664 0.356187 5.9966 0.874249 0.087719 0.015785
54600 -3143.12645981 418.52632606 0.355890 5.9966 0.874249 0.087719 0.006089
54700 -3126.80893693 426.23791921 0.362447 5.9966 0.874249 0.087719 0.094445
54800 -3131.69877427 411.89700454 0.350253 5.9966 0.874249 0.087719 0.067537
54900 -3145.40110603 433.50256042 0.368625 5.9966 0.874249 0.087719 -0.039724
55000 -3113.14462698 410.12443910 0.348745 5.9898 0.871113 0.091817 0.152054
55100 -3129.96106132 425.76935593 0.362049 5.9898 0.871113 0.091817 0.032536
55200 -3142.65461995 424.83148254 0.361251 5.9898 0.871113 0.091817 -0.061092
55300 -3125.84905057 424.54377895 0.361007 5.9898 0.871113 0.091817 0.071268
55400 -3133.42876904 434.91936504 0.369829 5.9898 0.871113 0.091817 -0.005956
55500 -3119.34566741 410.19688007 0.348807 5.9949 0.874433 0.088047 0.089329
55600 -3133.65254198 424.90068904 0.361310 5.9949 0.874433 0.088047 0.006685
55700 -3129.03554242 412.03405642 0.350369 5.9949 0.874433 0.088047 0.011440
55800 -3140.32159667 424.32229372 0.360818 5.9949 0.874433 0.088047 -0.046452
55900 -3120.74128725 407.63451661 0.346628 5.9949 0.874433 0.088047 0.074398
56000 -3138.23293664 422.55626283 0.359317 5.9932 0.872320 0.088929 -0.000616
56100 -3141.40657031 412.86466096 0.351075 5.9932 0.872320 0.088929 -0.044347
56200 -3148.80387127 432.40619563 0.367692 5.9932 0.872320 0.088929 -0.043257
56300 -3133.02520866 436.53024484 0.371199 5.9932 0.872320 0.088929 0.030871
56400 -3112.06730969 422.22620282 0.359036 5.9932 0.872320 0.088929 0.150774
56500 -3140.01710610 446.91762683 0.380032 6.0000 0.882207 0.085718 -0.061862
56600 -3141.81902519 416.14949824 0.353869 6.0000 0.882207 0.085718 -0.066500
56700 -3149.13230906 433.69237238 0.368786 6.0000 0.882207 0.085718 -0.061824
56800 -3133.75612674 419.16681315 0.356434 6.0000 0.882207 0.085718 0.042127
56900 -3147.26770458 431.47630784 0.366902 6.0000 0.882207 0.085718 -0.054891
57000 -3152.59220095 438.55635937 0.372922 5.9966 0.877631 0.086957 -0.078247
57100 -3144.38920435 422.10530555 0.358933 5.9966 0.877631 0.086957 -0.007548
57200 -3152.76020576 409.95529207 0.348601 5.9966 0.877631 0.086957 -0.061810
57300 -3147.89214083 421.50163425 0.358420 5.9966 0.877631 0.086957 -0.034116
57400 -3129.32176103 415.62856961 0.353426 5.9966 0.877631 0.086957 0.100047
57500 -3134.92881117 429.05389972 0.364842 5.9966 0.874010 0.088461 0.035676
57600 -3140.81852795 422.09975417 0.358928 5.9966 0.874010 0.088461 -0.014180
57700 -3138.38484001 416.48342949 0.354153 5.9966 0.874010 0.088461 -0.010892
57800 -3154.02367902 426.81997499 0.362942 5.9966 0.874010 0.088461 -0.083139
57900 -3158.48958471 418.87040277 0.356182 5.9966 0.874010 0.088461 -0.114071
58000 -3136.85592040 407.91297658 0.346865 5.9983 0.878589 0.086813 0.027347
58100 -3141.87746258 418.22122124 0.355630 5.9983 0.878589 0.086813 -0.002027
58200 -3162.33235928 431.73883738 0.367125 5.9983 0.878589 0.086813 -0.097788
58300 -3147.63740862 410.43190908 0.349007 5.9983 0.878589 0.086813 -0.010009
58400 -3146.66162285 407.77932483 0.346751 5.9983 0.878589 0.086813 0.010837
58500 -3142.70173556 423.32812443 0.359973 5.9915 0.879969 0.087780 0.056638
58600 -3141.58751817 425.21626954 0.361578 5.9915 0.879969 0.087780 0.048798
58700 -3129.65225009 425.32645367 0.361672 5.9915 0.879969 0.087780 0.096874
58800 -3120.70840541 414.29118631 0.352288 5.9915 0.879969 0.087780 0.116821
58900 -3139.80469322 423.79889813 0.360373 5.9915 0.879969 0.087780 0.002082
59000 -3143.53939468 419.74631329 0.356927 5.9915 0.873774 0.089079 -0.059927
59100 -3127.11741939 420.72169589 0.357757 5.9915 0.873774 0.089079 0.058411
59200 -3115.98277288 421.19562581 0.358160 5.9915 0.873774 0.089079 0.142112
59300 -3132.23952593 426.17273529 0.362392 5.9915 0.873774 0.089079 -0.015480
59400 -3147.96876563 427.95856577 0.363910 5.9915 0.873774 0.089079 -0.091398
59500 -3143.16621743 426.75720224 0.362889 5.9949 0.873957 0.086382 -0.055812
59600 -3127.39780442 420.06821007 0.357201 5.9949 0.873957 0.086382 0.023081
59700 -3145.13217358 420.50098501 0.357569 5.9949 0.873957 0.086382 -0.083875
59800 -3141.72418675 405.40744814 0.344734 5.9949 0.873957 0.086382 -0.035558
59900 -3134.99854805 413.67212279 0.351762 5.9949 0.873957 0.086382 0.061416
60000 -3125.94150562 401.26593347 0.341213 5.9932 0.874674 0.091455 0.108273
60100 -3131.94677265 416.16537713 0.353882 5.9932 0.874674 0.091455 0.096222
60200 -3142.30943308 405.29723388 0.344641 5.9932 0.874674 0.091455 -0.014962
60300 -3135.10081729 418.88418711 0.356194 5.9932 0.874674 0.091455 0.048354
60400 -3128.64183695 393.96393675 0.335003 5.9932 0.874674 0.091455 0.067806
60500 -3170.76250267 409.69187571 0.348377 5.9983 0.891029 0.086031 -0.151356
60600 -3164.82646490 424.00551016 0.360549 5.9983 0.891029 0.086031 -0.093245
60700 -3162.74102476 422.03242391 0.358871 5.9983 0.891029 0.086031 -0.065488
60800 -3150.19308264 403.79106046 0.343360 5.9983 0.891029 0.086031 0.041412
60900 -3152.90904198 409.54579778 0.348253 5.9983 0.891029 0.086031 0.051457
61000 -3161.67461051 427.22056526 0.363283 5.9966 0.889903 0.085026 -0.048874
61100 -3162.86556686 430.76458947 0.366296 5.9966 0.889903 0.085026 -0.032830
61200 -3146.18430865 399.79051295 0.339958 5.9966 0.889903 0.085026 0.057077
61300 -3157.62746343 412.22108653 0.350528 5.9966 0.889903 0.085026 -0.012907
61400 -3165.11995159 424.25994164 0.360765 5.9966 0.889903 0.085026 -0.059265
61500 -3146.99484612 420.28802366 0.357388 5.9966 0.877185 0.088312 0.032858
61600 -3155.90770548 421.15568206 0.358126 5.9966 0.877185 0.088312 -0.027284
61700 -3162.77731662 400.89812545 0.340900 5.9966 0.877185 0.088312 -0.052243
61800 -3165.75162466 414.34407893 0.352333 5.9966 0.877185 0.088312 -0.054560
61900 -3148.35360793 394.90229962 0.335801 5.9966 0.877185 0.088312 0.072369
62000 -3148.52490276 411.39494771 0.349826 5.9949 0.874039 0.085925 0.077798
62100 -3157.80554738 427.07542301 0.363159 5.9949 0.874039 0.085925 0.002917
62200 -3143.46284766 422.97600082 0.359673 5.9949 0.874039 0.085925 0.082010
62300 -3147.21735147 426.04105370 0.362280 5.9949 0.874039 0.085925 0.014104
62400 -3142.32596744 423.41905888 0.360050 5.9949 0.874039 0.085925 0.066275
62500 -3139.80114639 431.43745996 0.366869 5.9898 0.873925 0.088067 0.039128
62600 -3127.93701974 405.01637708 0.344402 5.9898 0.873925 0.088067 0.109899
62700 -3143.27448844 423.07992317 0.359762 5.9898 0.873925 0.088067 -0.038581
62800 -3144.97397246 421.55897932 0.358469 5.9898 0.873925 0.088067 0.003227
62900 -3144.54727220 432.82025603 0.368044 5.9898 0.873925 0.088067 -0.033466
63000 -3139.34236113 434.34935919 0.369345 5.9813 0.865918 0.093020 0.007188
63100 -3146.72096717 430.70690416 0.366247 5.9813 0.865918 0.093020 -0.068570
63200 -3128.68239957 417.01241488 0.354602 5.9813 0.865918 0.093020 0.019833
63300 -3137.67423530 412.91000405 0.351114 5.9813 0.865918 0.093020 -0.027146
63400 -3135.88498457 428.50559740 0.364376 5.9813 0.865918 0.093020 0.021857
63500 -3138.51255997 413.54091285 0.351650 5.9966 0.873946 0.089935 -0.014748
63600 -3124.29639031 385.68715841 0.327965 5.9966 0.873946 0.089935 0.097117
63700 -3137.25552110 404.03482391 0.343567 5.9966 0.873946 0.089935 0.017948
63800 -3139.45553059 429.40325809 0.365139 5.9966 0.873946 0.089935 0.005145
63900 -3134.64996807 426.55498290 0.362717 5.9966 0.873946 0.089935 0.025862
64000 -3144.00794337 423.83415191 0.360403 6.0000 0.884355 0.087406 -0.039760
64100 -3143.15454601 402.32913969 0.342117 6.0000 0.884355 0.087406 -0.017017
64200 -3138.53565317 420.04141156 0.357178 6.0000 0.884355 0.087406 0.025400
64300 -3126.82782080 424.39599186 0.360881 6.0000 0.884355 0.087406 0.086328
64400 -3145.02325758 425.60239113 0.361907 6.0000 0.884355 0.087406 -0.023978
64500 -3156.04383469 407.04909976 0.346130 5.9966 0.885045 0.087422 -0.108624
64600 -3128.99298272 402.96631602 0.342658 5.9966 0.885045 0.087422 0.078176
64700 -3138.73674688 409.79088513 0.348462 5.9966 0.885045 0.087422 0.056397
64800 -3143.45590644 436.84291968 0.371465 5.9966 0.885045 0.087422 0.007055
64900 -3130.48638291 452.62372601 0.384884 5.9966 0.885045 0.087422 0.061555
65000 -3114.64486806 419.73685076 0.356919 5.9898 0.862114 0.093211 0.097032
65100 -3121.58584452 418.64455351 0.355990 5.9898 0.862114 0.093211 0.024484
65200 -3136.83177734 435.41127287 0.370248 5.9898 0.862114 0.093211 -0.070340
65300 -3123.29074758 421.26078812 0.358215 5.9898 0.862114 0.093211 0.001737
65400 -3133.81524078 430.21708129 0.365831 5.9898 0.862114 0.093211 -0.040010
65500 -3131.71219803 426.89041363 0.363002 5.9864 0.878669 0.091911 -0.011425
65600 -3130.11866009 422.08984699 0.358920 5.9864 0.878669 0.091911 -0.059911
65700 -3150.80216680 429.98281272 0.365632 5.9864 0.878669 0.091911 -0.167332
65800 -3128.38115531 402.99759971 0.342685 5.9864 0.878669 0.091911 0.013904
65900 -3121.79448012 416.38862259 0.354072 5.9864 0.878669 0.091911 0.104315
66000 -3124.28891318 435.37744153 0.370219 5.9898 0.865582 0.089884 0.077370
66100 -3110.40775227 411.71251164 0.350096 5.9898 0.865582 0.089884 0.135608
66200 -3123.14880526 406.47200235 0.345639 5.9898 0.865582 0.089884 0.007887
66300 -3127.64149787 437.28658457 0.371842 5.9898 0.865582 0.089884 0.010869
66400 -3126.53612681 448.21240800 0.381133 5.9898 0.865582 0.089884 -0.008580
66500 -3117.04991381 424.03806689 0.360577 5.9915 0.866714 0.093856 0.013871
66600 -3123.59224965 445.05230300 0.378446 5.9915 0.866714 0.093856 0.013944
66700 -3126.24630511 423.18620941 0.359852 5.9915 0.866714 0.093856 -0.047520
66800 -3125.16002259 422.16664819 0.358985 5.9915 0.866714 0.093856 -0.018162
66900 -3122.08395177 424.36332307 0.360853 5.9915 0.866714 0.093856 -0.005524
67000 -3125.77092450 419.64126839 0.356838 5.9932 0.874525 0.090858 0.007192
67100 -3143.94736291 408.77767999 0.347600 5.9932 0.874525 0.090858 -0.117469
67200 -3135.39717929 424.53146858 0.360996 5.9932 0.874525 0.090858 -0.039177
67300 -3120.36667978 426.79846928 0.362924 5.9932 0.874525 0.090858 0.068419
67400 -3150.95488684 434.63562504 0.369588 5.9932 0.874525 0.090858 -0.120643
67500 -3135.23759846 418.36291666 0.355751 5.9915 0.871470 0.089263 -0.032961
67600 -3132.22345618 439.59278177 0.373803 5.9915 0.871470 0.089263 -0.007562
67700 -3127.69222923 430.83667340 0.366358 5.9915 0.871470 0.089263 0.017854
67800 -3126.07771504 429.40023426 0.365136 5.9915 0.871470 0.089263 0.019477
67900 -3133.59661726 449.37610396 0.382123 5.9915 0.871470 0.089263 -0.043622
68000 -3128.87567417 433.19818126 0.368366 5.9949 0.870639 0.092213 -0.033795
68100 -3135.78863678 428.64226262 0.364492 5.9949 0.870639 0.092213 -0.064577
68200 -3128.45093044 412.25471337 0.350557 5.9949 0.870639 0.092213 -0.009975
68300 -3127.36698581 423.70342578 0.360292 5.9949 0.870639 0.092213 0.019721
68400 -3122.36337188 421.87889047 0.358741 5.9949 0.870639 0.092213 0.036842
68500 -3124.05489823 442.69054475 0.376438 5.9932 0.868794 0.092279 0.033661
68600 -3133.41710072 420.53890846 0.357601 5.9932 0.868794 0.092279 -0.071037
68700 -3133.81634704 421.19005990 0.358155 5.9932 0.868794 0.092279 -0.040593
68800 -3138.87324459 403.15764422 0.342821 5.9932 0.868794 0.092279 -0.090686
68900 -3144.60643552 412.85838207 0.351070 5.9932 0.868794 0.092279 -0.086892
69000 -3164.29227964 408.93973669 0.347738 5.9966 0.884257 0.086423 -0.174952
69100 -3156.22979590 407.63508028 0.346628 5.9966 0.884257 0.086423 -0.065314
69200 -3161.47735969 413.38934929 0.351522 5.9966 0.884257 0.086423 -0.061768
69300 -3143.21117557 419.24473616 0.356501 5.9966 0.884257 0.086423 0.029756
69400 -3148.41655627 423.31006416 0.359958 5.9966 0.884257 0.086423 -0.007575
69500 -3145.60535706 443.60100983 0.377212 5.9932 0.871601 0.089108 0.008493
69600 -3116.46283366 412.57542148 0.350829 5.9932 0.871601 0.089108 0.166114
69700 -3137.57314039 397.87609966 0.338330 5.9932 0.871601 0.089108 0.011830
69800 -3146.25994408 405.68005309 0.344966 5.9932 0.871601 0.089108 -0.013868
69900 -3154.93082707 395.14762416 0.336010 5.9932 0.871601 0.089108 -0.044842
70000 -3153.28813787 414.04549125 0.352079 5.9966 0.872598 0.088145 -0.033819
70100 -3153.26787165 423.74751027 0.360330 5.9966 0.872598 0.088145 0.012409
70200 -3160.96823810 418.80617258 0.356128 5.9966 0.872598 0.088145 -0.078722
70300 -3156.60100540 412.51526550 0.350778 5.9966 0.872598 0.088145 -0.056192
70400 -3143.37699224 407.38782708 0.346418 5.9966 0.872598 0.088145 0.031279
70500 -3143.15516138 427.33686012 0.363382 5.9983 0.879168 0.086134 0.024425
70600 -3141.32399798 418.31208550 0.355708 5.9983 0.879168 0.086134 0.019571
70700 -3136.75283639 438.35900765 0.372754 5.9983 0.879168 0.086134 0.091085
70800 -3136.82578330 409.45926259 0.348180 5.9983 0.879168 0.086134 0.030578
70900 -3140.65879828 422.00562664 0.358848 5.9983 0.879168 0.086134 0.023163
71000 -3141.24102127 412.94448279 0.351143 5.9983 0.874521 0.087333 0.009313
71100 -3132.63127490 411.83185412 0.350197 5.9983 0.874521 0.087333 0.056562
71200 -3122.58637719 423.73095416 0.360315 5.9983 0.874521 0.087333 0.121850
71300 -3133.87085677 448.18430733 0.381109 5.9983 0.874521 0.087333 -0.000989
71400 -3124.56862668 438.60278682 0.372962 5.9983 0.874521 0.087333 0.064773
71500 -3100.21250536 437.40199466 0.371940 5.9864 0.850543 0.097258 0.142653
71600 -3111.80731940 421.81632122 0.358687 5.9864 0.850543 0.097258 0.051953
71700 -3120.81355159 410.62988652 0.349175 5.9864 0.850543 0.097258 -0.042148
71800 -3113.56073789 415.76035800 0.353538 5.9864 0.850543 0.097258 0.051058
71900 -3121.50846528 410.27221811 0.348871 5.9864 0.850543 0.097258 0.007617
72000 -3114.58371446 424.61564308 0.361068 5.9830 0.863248 0.092719 0.080467
72100 -3124.09645022 413.88782303 0.351945 5.9830 0.863248 0.092719 -0.014314
72200 -3128.53903153 424.17311147 0.360691 5.9830 0.863248 0.092719 -0.010373
72300 -3130.40646091 450.60911091 0.383171 5.9830 0.863248 0.092719 -0.008177
72400 -3106.27511172 437.30614972 0.371859 5.9830 0.863248 0.092719 0.114960
72500 -3107.86672734 422.15803177 0.358978 5.9898 0.865560 0.090387 0.056299
72600 -3119.15494564 439.82308760 0.373999 5.9898 0.865560 0.090387 0.020830
72700 -3122.61758837 437.53037705 0.372050 5.9898 0.865560 0.090387 -0.020440
72800 -3112.63096750 414.21369914 0.352223 5.9898 0.865560 0.090387 0.033416
72900 -3123.29078413 425.93483501 0.362189 5.9898 0.865560 0.090387 0.016452
73000 -3116.42378194 411.07816804 0.349556 5.9898 0.872356 0.093411 0.001191
73100 -3128.93979653 427.40880207 0.363443 5.9898 0.872356 0.093411 -0.057621
73200 -3134.93150558 427.56911032 0.363579 5.9898 0.872356 0.093411 -0.070554
73300 -3125.94617809 431.94222516 0.367298 5.9898 0.872356 0.093411 0.006741
73400 -3125.14047285 428.57333561 0.364433 5.9898 0.872356 0.093411 -0.023324
73500 -3119.98843832 419.76235150 0.356941 5.9932 0.865457 0.092243 0.011303
73600 -3120.32110989 427.40627965 0.363441 5.9932 0.865457 0.092243 0.024741
73700 -3129.38479649 408.42412311 0.347299 5.9932 0.865457 0.092243 -0.045981
73800 -3119.96545025 419.95285297 0.357103 5.9932 0.865457 0.092243 0.016276
73900 -3135.15360233 426.81065454 0.362934 5.9932 0.865457 0.092243 -0.067063
74000 -3147.20847933 411.63228896 0.350027 5.9949 0.878231 0.087679 -0.139127
74100 -3149.59068314 439.94935111 0.374107 5.9949 0.878231 0.087679 -0.128925
74200 -3137.50451335 415.32080603 0.353164 5.9949 0.878231 0.087679 -0.022006
74300 -3133.10462322 413.80767616 0.351877 5.9949 0.878231 0.087679 -0.020161
74400 -3139.65572832 425.26586908 0.361621 5.9949 0.878231 0.087679 -0.018464
74500 -3131.24408075 406.35617817 0.345541 5.9932 0.867103 0.092499 0.014132
74600 -3141.35139700 412.61322487 0.350862 5.9932 0.867103 0.092499 -0.019584
74700 -3159.96244634 420.70437443 0.357742 5.9932 0.867103 0.092499 -0.132201
74800 -3154.93458176 416.86999320 0.354481 5.9932 0.867103 0.092499 -0.084320
74900 -3143.21220089 436.26201173 0.370971 5.9932 0.867103 0.092499 0.027370
75000 -3124.37643420 416.69849432 0.354335 5.9949 0.874116 0.089956 0.122032
75100 -3116.72617076 443.61465231 0.377223 5.9949 0.874116 0.089956 0.131570
75200 -3135.52761307 436.94462420 0.371552 5.9949 0.874116 0.089956 -0.020430
75300 -3120.07770953 422.90564278 0.359614 5.9949 0.874116 0.089956 0.060129
75400 -3136.56378563 414.53839593 0.352499 5.9949 0.874116 0.089956 -0.057205
75500 -3124.68554073 413.40303493 0.351533 5.9983 0.868100 0.089811 0.024570
75600 -3127.41189023 399.07874874 0.339353 5.9983 0.868100 0.089811 0.039631
75700 -3133.61093408 399.01515293 0.339299 5.9983 0.868100 0.089811 0.006232
75800 -3133.64353198 423.26125827 0.359916 5.9983 0.868100 0.089811 0.022706
75900 -3141.29285886 425.45884868 0.361785 5.9983 0.868100 0.089811 -0.012545
76000 -3132.71542746 420.74423820 0.357776 5.9949 0.870691 0.090219 0.052199
76100 -3125.64098993 406.74036366 0.345868 5.9949 0.870691 0.090219 0.070919
76200 -3135.81208792 408.06310771 0.346992 5.9949 0.870691 0.090219 -0.001010
76300 -3145.54728746 419.34222829 0.356584 5.9949 0.870691 0.090219 -0.067843
76400 -3133.92568014 426.30142363 0.362501 5.9949 0.870691 0.090219 0.036071
76500 -3131.66458418 429.24613171 0.365005 5.9915 0.872814 0.090375 0.060221
76600 -3138.37788716 400.86085947 0.340868 5.9915 0.872814 0.090375 0.015861
76700 -3152.44220574 411.57088979 0.349975 5.9915 0.872814 0.090375 -0.034186
76800 -3148.40465885 409.48033746 0.348198 5.9915 0.872814 0.090375 -0.012949
76900 -3140.42414724 405.53257296 0.344841 5.9915 0.872814 0.090375 0.001767
77000 -3158.13841109 421.22742621 0.358187 5.9898 0.880329 0.086425 -0.067384
77100 -3151.11913040 441.23596794 0.375201 5.9898 0.880329 0.086425 -0.004196
77200 -3141.77180741 432.31894334 0.367618 5.9898 0.880329 0.086425 0.027708
77300 -3142.02250839 420.61687842 0.357667 5.9898 0.880329 0.086425 0.006653
77400 -3143.53928996 418.88718828 0.356197 5.9898 0.880329 0.086425 -0.005623
77500 -3147.43276904 414.83009815 0.352747 5.9949 0.879730 0.086865 -0.038199
77600 -3146.87904402 430.55858034 0.366121 5.9949 0.879730 0.086865 -0.035389
77700 -3139.03634473 438.15986876 0.372585 5.9949 0.879730 0.086865 0.011585
77800 -3132.36167145 431.25626134 0.366715 5.9949 0.879730 0.086865 0.035461
77900 -3131.70154635 417.25974129 0.354813 5.9949 0.879730 0.086865 0.028070
78000 -3128.70592349 410.92789871 0.349428 5.9915 0.876101 0.089101 0.026477
78100 -3124.85444656 424.15345353 0.360675 5.9915 0.876101 0.089101 0.039117
78200 -3142.23198951 430.39498862 0.365982 5.9915 0.876101 0.089101 -0.055842
78300 -3140.48258561 411.80885805 0.350178 5.9915 0.876101 0.089101 -0.044385
78400 -3132.82932914 395.72410085 0.336500 5.9915 0.876101 0.089101 -0.004281
78500 -3128.56555254 407.00309106 0.346091 5.9983 0.869752 0.090637 0.043944
78600 -3143.94383297 436.83316536 0.371457 5.9983 0.869752 0.090637 -0.042938
78700 -3128.80575551 415.53422516 0.353345 5.9983 0.869752 0.090637 0.027327
78800 -3151.07226636 428.55308269 0.364416 5.9983 0.869752 0.090637 -0.057223
78900 -3131.64937862 422.65291936 0.359399 5.9983 0.869752 0.090637 0.027326
79000 -3136.34363176 423.16507849 0.359834 5.9932 0.874143 0.087849 0.000404
79100 -3137.26241733 432.82165341 0.368046 5.9932 0.874143 0.087849 -0.007961
79200 -3140.61582012 417.94867084 0.355399 5.9932 0.874143 0.087849 -0.035875
79300 -3131.26141099 423.56346038 0.360173 5.9932 0.874143 0.087849 0.047549
79400 -3121.33850539 430.68082033 0.366225 5.9932 0.874143 0.087849 0.089612
79500 -3120.57548301 399.77027301 0.339941 5.9983 0.871688 0.090631 0.057181
79600 -3131.10532626 425.86902755 0.362134 5.9983 0.871688 0.090631 0.003560
79700 -3138.80730063 425.15378488 0.361525 5.9983 0.871688 0.090631 -0.053715
79800 -3142.66577365 433.02306810 0.368217 5.9983 0.871688 0.090631 -0.073217
79900 -3144.04970568 418.73179323 0.356064 5.9983 0.871688 0.090631 -0.039941
80000 -3151.57407660 422.87790936 0.359590 5.9983 0.886869 0.087758 -0.095886
80100 -3133.73932905 409.00963814 0.347797 5.9983 0.886869 0.087758 0.032313
80200 -3140.83157135 417.69965085 0.355187 5.9983 0.886869 0.087758 -0.005924
80300 -3144.89437396 425.78120610 0.362059 5.9983 0.886869 0.087758 -0.003366
80400 -3153.45327881 420.86218750 0.357876 5.9983 0.886869 0.087758 -0.072800
80500 -3134.82679651 406.16548746 0.345379 5.9932 0.878352 0.090089 0.067819
80600 -3148.59871056 429.98252823 0.365631 5.9932 0.878352 0.090089 -0.043540
80700 -3125.96237067 428.61723744 0.364470 5.9932 0.878352 0.090089 0.133373
80800 -3112.88830052 430.00284515 0.365649 5.9932 0.878352 0.090089 0.134383
80900 -3122.93970652 422.40913285 0.359191 5.9932 0.878352 0.090089 0.043221
81000 -3129.28821454 429.47427453 0.365199 5.9932 0.865317 0.094182 0.020570
81100 -3119.39897504 432.84459156 0.368065 5.9932 0.865317 0.094182 0.063397
81200 -3127.83496163 440.25963513 0.374370 5.9932 0.865317 0.094182 -0.023706
81300 -3135.31274518 425.60985203 0.361913 5.9932 0.865317 0.094182 -0.098893
81400 -3110.26418380 417.21379681 0.354774 5.9932 0.865317 0.094182 0.084099
81500 -3117.36906906 436.97135002 0.371574 5.9881 0.863224 0.091775 0.023638
81600 -3120.33454900 441.69518042 0.375591 5.9881 0.863224 0.091775 0.012287
81700 -3131.24085050 425.49296563 0.361814 5.9881 0.863224 0.091775 -0.088127
81800 -3143.83954511 434.62055786 0.369575 5.9881 0.863224 0.091775 -0.119197
81900 -3129.64874326 419.73412507 0.356917 5.9881 0.863224 0.091775 0.002258
82000 -3135.13159230 422.51674708 0.359283 5.9932 0.870963 0.087814 -0.079537
82100 -3153.97857451 414.95047990 0.352849 5.9932 0.870963 0.087814 -0.170009
82200 -3148.51811802 412.72019757 0.350953 5.9932 0.870963 0.087814 -0.087731
82300 -3134.40144712 422.20822484 0.359021 5.9932 0.870963 0.087814 0.010874
82400 -3127.52394927 407.31325269 0.346355 5.9932 0.870963 0.087814 0.067755
82500 -3147.18577507 430.93717333 0.366443 5.9966 0.872024 0.088858 -0.089031
82600 -3118.19277430 443.61947043 0.377227 5.9966 0.872024 0.088858 0.120361
82700 -3119.16436768 435.06502089 0.369953 5.9966 0.872024 0.088858 0.055305
82800 -3113.36817462 405.79836144 0.345067 5.9966 0.872024 0.088858 0.093042
82900 -3119.01850188 424.42385700 0.360905 5.9966 0.872024 0.088858 0.030102
83000 -3137.10350437 422.40055762 0.359184 5.9898 0.870244 0.091680 -0.072181
83100 -3143.83125180 431.18543972 0.366654 5.9898 0.870244 0.091680 -0.089919
83200 -3127.64771432 426.95115632 0.363054 5.9898 0.870244 0.091680 0.006940
83300 -3122.17732052 424.95846783 0.361359 5.9898 0.870244 0.091680 0.046220
83400 -3116.42570349 425.44496540 0.361773 5.9898 0.870244 0.091680 0.058087
83500 -3105.57619331 421.22563555 0.358185 5.9932 0.863663 0.093747 0.138168
83600 -3142.98256942 444.36409488 0.377861 5.9932 0.863663 0.093747 -0.139405
83700 -3127.26609459 402.96433213 0.342657 5.9932 0.863663 0.093747 0.009235
83800 -3148.90157785 414.54581720 0.352505 5.9932 0.863663 0.093747 -0.137341
83900 -3155.86412148 422.35835940 0.359148 5.9932 0.863663 0.093747 -0.100780
84000 -3152.93839338 421.84903949 0.358715 5.9881 0.874711 0.088849 -0.079486
84100 -3127.59388623 421.17953793 0.358146 5.9881 0.874711 0.088849 0.066106
84200 -3132.15899665 420.08794385 0.357218 5.9881 0.874711 0.088849 0.046245
84300 -3122.21107282 410.37015691 0.348954 5.9881 0.874711 0.088849 0.092221
84400 -3138.70678728 443.34122249 0.376991 5.9881 0.874711 0.088849 -0.032298
84500 -3137.40742633 416.28910765 0.353987 5.9983 0.879707 0.087564 -0.028274
84600 -3117.37512076 437.06440581 0.371653 5.9983 0.879707 0.087564 0.107925
84700 -3130.14138535 419.06899309 0.356351 5.9983 0.879707 0.087564 -0.021340
84800 -3122.02314197 407.12625665 0.346196 5.9983 0.879707 0.087564 0.039399
84900 -3158.17671514 443.72731759 0.377319 5.9983 0.879707 0.087564 -0.170730
85000 -3122.58348581 405.20999132 0.344566 5.9932 0.864370 0.092802 0.038219
85100 -3142.06492026 423.70023550 0.360289 5.9932 0.864370 0.092802 -0.043080
85200 -3132.46534006 414.67523229 0.352615 5.9932 0.864370 0.092802 -0.005307
85300 -3138.63670243 432.60036430 0.367857 5.9932 0.864370 0.092802 -0.003275
85400 -3114.04671282 422.44487344 0.359222 5.9932 0.864370 0.092802 0.120167
85500 -3129.70836118 432.30692014 0.367608 5.9949 0.869018 0.090473 0.002032
85600 -3150.53387627 433.35528569 0.368499 5.9949 0.869018 0.090473 -0.144048
85700 -3140.65183930 405.31925819 0.344659 5.9949 0.869018 0.090473 -0.038257
85800 -3143.52656768 404.26555912 0.343763 5.9949 0.869018 0.090473 -0.030289
85900 -3156.60231979 411.29257304 0.349739 5.9949 0.869018 0.090473 -0.075396
86000 -3169.83019676 420.18310918 0.357299 5.9983 0.882169 0.085729 -0.110663
86100 -3163.89978299 411.67812635 0.350066 5.9983 0.882169 0.085729 -0.056768
86200 -3149.54343051 395.13161499 0.335996 5.9983 0.882169 0.085729 0.029849
86300 -3143.80765314 411.90000567 0.350255 5.9983 0.882169 0.085729 0.079259
86400 -3150.72534220 418.31818130 0.355713 5.9983 0.882169 0.085729 0.032646
86500 -3143.40834860 428.87251100 0.364688 5.9983 0.876043 0.088467 0.072134
86600 -3150.48529047 418.65626560 0.356000 5.9983 0.876043 0.088467 -0.008473
86700 -3146.03832212 417.38717942 0.354921 5.9983 0.876043 0.088467 -0.019485
86800 -3167.06484952 446.09414262 0.379332 5.9983 0.876043 0.088467 -0.152535
86900 -3160.19330304 428.43064285 0.364312 5.9983 0.876043 0.088467 -0.075730
87000 -3149.54197500 427.36152538 0.363403 5.9966 0.876161 0.086630 -0.012350
87100 -3141.56967535 433.61912743 0.368724 5.9966 0.876161 0.086630 0.017231
87200 -3134.11161524 420.57808625 0.357634 5.9966 0.876161 0.086630 0.054423
87300 -3124.70156719 424.44488483 0.360923 5.9966 0.876161 0.086630 0.051879
87400 -3135.35087232 413.09861714 0.351274 5.9966 0.876161 0.086630 0.011754
87500 -3153.98005309 407.68998237 0.346675 5.9983 0.871056 0.087424 -0.106253
87600 -3139.54554658 415.95651619 0.353705 5.9983 0.871056 0.087424 0.015572
87700 -3124.74806295 435.03186633 0.369925 5.9983 0.871056 0.087424 0.103291
87800 -3148.08131600 439.64979868 0.373852 5.9983 0.871056 0.087424 -0.068764
87900 -3130.77164781 417.58790555 0.355092 5.9983 0.871056 0.087424 0.024008
88000 -3137.67399105 429.98378990 0.365632 5.9983 0.881844 0.088357 -0.018400
88100 -3137.20683121 425.43847685 0.361767 5.9983 0.881844 0.088357 0.006944
88200 -3122.27678822 429.21273461 0.364977 5.9983 0.881844 0.088357 0.104255
88300 -3135.05747270 435.53375293 0.370352 5.9983 0.881844 0.088357 -0.013047
88400 -3111.65534664 443.17635222 0.376851 5.9983 0.881844 0.088357 0.108402
88500 -3114.25221421 451.84564949 0.384222 5.9949 0.865340 0.093003 0.086440
88600 -3085.28465678 409.02981188 0.347814 5.9949 0.865340 0.093003 0.195595
88700 -3118.97938156 436.17406984 0.370896 5.9949 0.865340 0.093003 -0.023124
88800 -3102.64226111 441.06154423 0.375052 5.9949 0.865340 0.093003 0.050692
88900 -3117.99974749 435.08638587 0.369971 5.9949 0.865340 0.093003 -0.042415
89000 -3112.08595636 433.38431971 0.368524 5.9949 0.869817 0.090440 0.004029
89100 -3119.99547092 445.58690081 0.378900 5.9949 0.869817 0.090440 -0.048037
89200 -3103.87552140 423.76329040 0.360343 5.9949 0.869817 0.090440 0.060803
89300 -3122.79171241 429.74559459 0.365430 5.9949 0.869817 0.090440 -0.056312
89400 -3108.41078379 442.06427599 0.375905 5.9949 0.869817 0.090440 0.083860
89500 -3104.74299487 425.97972431 0.362228 5.9966 0.856507 0.096100 0.049351
89600 -3119.18499755 425.08467990 0.361467 5.9966 0.856507 0.096100 -0.055448
89700 -3126.52167794 433.59546360 0.368704 5.9966 0.856507 0.096100 -0.081866
89800 -3121.42164591 426.41562797 0.362598 5.9966 0.856507 0.096100 -0.006892
89900 -3133.53206593 431.20002475 0.366667 5.9966 0.856507 0.096100 -0.074943
90000 -3126.35968766 414.82883121 0.352746 5.9932 0.865170 0.090639 -0.017915
90100 -3132.79013516 402.18770441 0.341996 5.9932 0.865170 0.090639 -0.058181
90200 -3134.56432881 413.22610909 0.351383 5.9932 0.865170 0.090639 -0.057837
90300 -3138.63982791 422.76119966 0.359491 5.9932 0.865170 0.090639 -0.053754
90400 -3139.54313445 427.32817771 0.363374 5.9932 0.865170 0.090639 -0.065675
90500 -3143.48734616 428.79498022 0.364622 5.9949 0.879584 0.087944 -0.096452
90600 -3140.48780008 403.04055993 0.342722 5.9949 0.879584 0.087944 -0.066387
90700 -3138.90766186 412.78194093 0.351005 5.9949 0.879584 0.087944 -0.027188
90800 -3131.64669723 412.11560319 0.350438 5.9949 0.879584 0.087944 0.030032
90900 -3123.73733114 406.41164084 0.345588 5.9949 0.879584 0.087944 0.097722
91000 -3151.98543879 427.03720816 0.363127 5.9898 0.876402 0.088687 -0.073051
91100 -3156.34109451 420.40389997 0.357486 5.9898 0.876402 0.088687 -0.101452
91200 -3141.06153126 428.09603094 0.364027 5.9898 0.876402 0.088687 0.006749
91300 -3120.71137608 421.85157696 0.358717 5.9898 0.876402 0.088687 0.117798
91400 -3121.04540945 441.52571935 0.375447 5.9898 0.876402 0.088687 0.086017
91500 -3130.10111285 450.69989905 0.383248 5.9966 0.871801 0.089291 -0.015899
91600 -3100.50633837 434.68111584 0.369627 5.9966 0.871801 0.089291 0.150548
91700 -3106.02118454 421.77420745 0.358652 5.9966 0.871801 0.089291 0.106103
91800 -3118.34868827 418.01342169 0.355454 5.9966 0.871801 0.089291 -0.002798
91900 -3124.87152713 430.95397000 0.366457 5.9966 0.871801 0.089291 -0.036317
92000 -3103.16107892 407.73699139 0.346715 5.9966 0.861321 0.093907 0.099097
92100 -3112.07043928 423.68121682 0.360273 5.9966 0.861321 0.093907 0.058761
92200 -3111.41299006 435.20414123 0.370072 5.9966 0.861321 0.093907 0.069516
92300 -3104.27617860 426.22408908 0.362435 5.9966 0.861321 0.093907 0.051563
92400 -3111.67009807 413.36961522 0.351505 5.9966 0.861321 0.093907 0.070233
92500 -3113.92604470 415.89201991 0.353650 5.9983 0.872637 0.090482 0.035206
92600 -3145.63915151 425.97853450 0.362227 5.9983 0.872637 0.090482 -0.158417
92700 -3126.43821665 421.52635517 0.358441 5.9983 0.872637 0.090482 -0.010138
92800 -3141.12246190 423.74172044 0.360325 5.9983 0.872637 0.090482 -0.069256
92900 -3132.97634413 422.10765963 0.358935 5.9983 0.872637 0.090482 -0.009490
93000 -3144.64446916 433.87664652 0.368943 5.9949 0.881909 0.086143 -0.059586
93100 -3146.92590107 427.39531563 0.363431 5.9949 0.881909 0.086143 -0.049780
93200 -3140.84190875 422.90514423 0.359613 5.9949 0.881909 0.086143 -0.006547
93300 -3134.55005970 415.44916256 0.353273 5.9949 0.881909 0.086143 0.032264
93400 -3135.94700083 409.49911675 0.348214 5.9949 0.881909 0.086143 0.037801
93500 -3153.50957842 446.81783681 0.379947 5.9932 0.876147 0.088017 -0.080138
93600 -3128.25096446 428.47183261 0.364347 5.9932 0.876147 0.088017 0.089082
93700 -3137.51015077 415.74020976 0.353521 5.9932 0.876147 0.088017 -0.004405
93800 -3139.51856121 401.87642894 0.341732 5.9932 0.876147 0.088017 -0.012563
93900 -3148.25787200 418.64415326 0.355990 5.9932 0.876147 0.088017 -0.048624
94000 -3155.76377735 421.16493439 0.358133 5.9983 0.880214 0.087849 -0.079691
94100 -3154.41052478 427.34299513 0.363387 5.9983 0.880214 0.087849 -0.038720
94200 -3134.47711853 410.81273211 0.349331 5.9983 0.880214 0.087849 0.058476
94300 -3129.52816974 410.56545966 0.349120 5.9983 0.880214 0.087849 0.074964
94400 -3136.61260453 404.17210138 0.343684 5.9983 0.880214 0.087849 0.052672
94500 -3151.41187980 409.65473277 0.348346 6.0000 0.877793 0.085918 -0.060771
94600 -3128.55525536 427.18056828 0.363249 6.0000 0.877793 0.085918 0.122893
94700 -3137.23859184 410.65331234 0.349195 6.0000 0.877793 0.085918 0.013670
94800 -3150.38333186 422.73826317 0.359471 6.0000 0.877793 0.085918 -0.067865
94900 -3137.02008688 413.03051237 0.351216 6.0000 0.877793 0.085918 0.008147
95000 -3134.58424604 419.39907437 0.356632 5.9881 0.873749 0.089023 0.039387
95100 -3131.81974076 428.17858355 0.364097 5.9881 0.873749 0.089023 0.019271
95200 -3137.54679168 420.61908219 0.357669 5.9881 0.873749 0.089023 0.011224
95300 -3146.83553564 431.89889351 0.367261 5.9881 0.873749 0.089023 -0.066904
95400 -3134.18429901 401.38461210 0.341313 5.9881 0.873749 0.089023 0.008076
95500 -3154.51184421 446.12956545 0.379362 5.9966 0.885100 0.086589 -0.093665
95600 -3134.59104521 412.57730269 0.350831 5.9966 0.885100 0.086589 0.010444
95700 -3176.10732834 423.50899990 0.360127 5.9966 0.885100 0.086589 -0.234564
95800 -3160.37333374 410.79999440 0.349320 5.9966 0.885100 0.086589 -0.076858
95900 -3135.38202383 409.21339447 0.347971 5.9966 0.885100 0.086589 0.092290
96000 -3136.27591175 416.30927520 0.354004 5.9983 0.878350 0.089159 0.044877
96100 -3145.62566743 438.01054161 0.372458 5.9983 0.878350 0.089159 0.006308
96200 -3119.56179650 405.29212496 0.344636 5.9983 0.878350 0.089159 0.114401
96300 -3135.26822705 418.85455334 0.356169 5.9983 0.878350 0.089159 0.036162
96400 -3130.64824937 426.25850790 0.362465 5.9983 0.878350 0.089159 0.040718
96500 -3139.67117740 424.73420188 0.361169 5.9949 0.879477 0.089702 -0.017324
96600 -3134.65685306 441.34129513 0.375290 5.9949 0.879477 0.089702 -0.010418
96700 -3141.76265467 424.84590289 0.361264 5.9949 0.879477 0.089702 -0.035997
96800 -3148.83771841 416.37519622 0.354061 5.9949 0.879477 0.089702 -0.057357
96900 -3151.43962587 412.40507061 0.350685 5.9949 0.879477 0.089702 -0.041590
97000 -3152.69154547 420.14694394 0.357268 5.9966 0.882966 0.086967 -0.057396
97100 -3142.79545533 413.81167589 0.351881 5.9966 0.882966 0.086967 0.029097
97200 -3171.20756701 420.13938786 0.357261 5.9966 0.882966 0.086967 -0.125646
97300 -3152.65676880 413.80593111 0.351876 5.9966 0.882966 0.086967 -0.018518
97400 -3156.50578773 416.04326222 0.353778 5.9966 0.882966 0.086967 -0.049500
97500 -3151.55322075 415.39370826 0.353226 5.9949 0.880025 0.087847 -0.001876
97600 -3141.91121948 423.72483166 0.360310 5.9949 0.880025 0.087847 0.040486
97700 -3133.37616821 411.54251402 0.349951 5.9949 0.880025 0.087847 0.061997
97800 -3129.25653592 409.23978354 0.347993 5.9949 0.880025 0.087847 0.092408
97900 -3125.57555198 429.01427978 0.364808 5.9949 0.880025 0.087847 0.117702
98000 -3126.24450179 442.65977522 0.376411 5.9881 0.862102 0.092763 0.071688
98100 -3123.70699178 448.52473127 0.381399 5.9881 0.862102 0.092763 0.058962
98200 -3131.53230755 427.28476520 0.363337 5.9881 0.862102 0.092763 -0.033560
98300 -3131.93452560 417.12970506 0.354702 5.9881 0.862102 0.092763 -0.035720
98400 -3146.12537954 422.78476991 0.359511 5.9881 0.862102 0.092763 -0.096429
98500 -3130.19786468 417.59073924 0.355094 5.9881 0.878714 0.089908 0.048896
98600 -3131.70648541 421.66795161 0.358561 5.9881 0.878714 0.089908 0.010690
98700 -3127.07729404 420.99768622 0.357991 5.9881 0.878714 0.089908 -0.008462
98800 -3135.65074288 435.33064585 0.370179 5.9881 0.878714 0.089908 -0.056983
98900 -3139.12707375 435.79816996 0.370577 5.9881 0.878714 0.089908 -0.058568
99000 -3119.29339385 430.29697252 0.365899 5.9915 0.869546 0.090553 0.045478
99100 -3119.40505225 427.40279113 0.363438 5.9915 0.869546 0.090553 0.077712
99200 -3123.19053570 428.13596143 0.364061 5.9915 0.869546 0.090553 0.016063
99300 -3121.41491704 431.62568355 0.367029 5.9915 0.869546 0.090553 0.001711
99400 -3140.69197239 438.04087802 0.372484 5.9915 0.869546 0.090553 -0.098590
99500 -3121.76850946 417.71933996 0.355204 5.9898 0.873600 0.089598 0.041643
99600 -3125.09936557 432.48849491 0.367762 5.9898 0.873600 0.089598 0.007063
99700 -3121.45709240 436.38081508 0.371072 5.9898 0.873600 0.089598 0.006588
99800 -3119.57097243 451.95753088 0.384318 5.9898 0.873600 0.089598 0.010232
99900 -3116.01130968 429.06420312 0.364851 5.9898 0.873600 0.089598 0.029361
100000 -3125.25767753 432.39524386 0.367683 5.9898 0.867223 0.093193 -0.037552
100100 -3119.62944660 437.27158939 0.371830 5.9898 0.867223 0.093193 -0.011771
100200 -3118.38330555 429.93034851 0.365587 5.9898 0.867223 0.093193 -0.025368
100300 -3138.99429772 437.06786498 0.371656 5.9898 0.867223 0.093193 -0.106771
100400 -3134.83215769 415.87418665 0.353635 5.9898 0.867223 0.093193 -0.075230
100500 -3137.21184733 429.81116497 0.365486 5.9966 0.874121 0.087761 -0.102768
100600 -3140.80260644 434.50408779 0.369476 5.9966 0.874121 0.087761 -0.070980
100700 -3115.43986878 438.31391332 0.372716 5.9966 0.874121 0.087761 0.084470
100800 -3132.20596024 413.20058183 0.351361 5.9966 0.874121 0.087761 -0.049377
100900 -3138.45290586 405.75558339 0.345030 5.9966 0.874121 0.087761 -0.077645
101000 -3133.40350223 420.17037112 0.357288 5.9881 0.874270 0.088841 -0.007640
101100 -3119.12705482 417.48025248 0.355000 5.9881 0.874270 0.088841 0.085986
101200 -3150.56626156 430.25651791 0.365864 5.9881 0.874270 0.088841 -0.142855
101300 -3143.35615091 414.46113144 0.352433 5.9881 0.874270 0.088841 -0.049694
101400 -3122.66051059 422.49438086 0.359264 5.9881 0.874270 0.088841 0.072216
101500 -3120.18047465 416.89081965 0.354499 5.9949 0.870314 0.094083 0.083606
101600 -3134.53705651 408.76742311 0.347591 5.9949 0.870314 0.094083 -0.025278
101700 -3129.66110559 406.99462022 0.346084 5.9949 0.870314 0.094083 0.024699
101800 -3129.38555589 416.34585994 0.354036 5.9949 0.870314 0.094083 0.035008
101900 -3140.74363599 425.72207737 0.362009 5.9949 0.870314 0.094083 -0.037654
102000 -3140.12727732 435.11698648 0.369997 5.9966 0.875631 0.086899 -0.026483
102100 -3134.23975912 439.68753843 0.373884 5.9966 0.875631 0.086899 0.000611
102200 -3129.84035980 439.58151157 0.373794 5.9966 0.875631 0.086899 -0.012589
102300 -3129.73724825 436.91558917 0.371527 5.9966 0.875631 0.086899 -0.004849
102400 -3139.08726120 427.14188862 0.363216 5.9966 0.875631 0.086899 -0.046033
102500 -3110.36704320 415.28540344 0.353134 5.9932 0.868435 0.090929 0.116384
102600 -3128.87613318 422.97485951 0.359672 5.9932 0.868435 0.090929 -0.010483
102700 -3153.24626536 428.22680785 0.364138 5.9932 0.868435 0.090929 -0.170000
102800 -3142.70561185 426.19225025 0.362408 5.9932 0.868435 0.090929 -0.052730
102900 -3138.17133823 426.95427377 0.363056 5.9932 0.868435 0.090929 -0.012182
103000 -3134.28062368 440.17784380 0.374301 5.9983 0.876474 0.089805 -0.006544
103100 -3150.49802699 439.00390986 0.373303 5.9983 0.876474 0.089805 -0.104384
103200 -3126.86685721 412.64449812 0.350888 5.9983 0.876474 0.089805 0.015862
103300 -3119.00827873 424.49612752 0.360966 5.9983 0.876474 0.089805 0.094466
103400 -3122.55339073 426.33371426 0.362529 5.9983 0.876474 0.089805 -0.000635
103500 -3127.79215478 434.58776720 0.369547 5.9949 0.877172 0.087428 0.004407
103600 -3142.19541315 446.55836293 0.379726 5.9949 0.877172 0.087428 -0.095607
103700 -3125.34759659 402.33827713 0.342124 5.9949 0.877172 0.087428 0.045406
103800 -3142.00691049 388.01803785 0.329947 5.9949 0.877172 0.087428 -0.041723
103900 -3150.88596289 404.91235470 0.344313 5.9949 0.877172 0.087428 -0.087150
104000 -3145.90476037 417.21587077 0.354775 5.9932 0.881842 0.086920 -0.025884
104100 -3144.19043431 423.47813071 0.360100 5.9932 0.881842 0.086920 0.014089
104200 -3134.20591252 432.90857874 0.368120 5.9932 0.881842 0.086920 0.057504
104300 -3134.73752941 407.13425779 0.346203 5.9932 0.881842 0.086920 0.027352
104400 -3133.15261619 423.96366781 0.360513 5.9932 0.881842 0.086920 0.039089
104500 -3151.37617391 436.20664935 0.370924 5.9983 0.887555 0.086281 -0.087879
104600 -3131.98678744 419.21110714 0.356472 5.9983 0.887555 0.086281 0.019368
104700 -3137.47407324 416.17480009 0.353890 5.9983 0.887555 0.086281 -0.002100
104800 -3125.28778836 415.62332910 0.353421 5.9983 0.887555 0.086281 0.098768
104900 -3144.17661070 412.43753384 0.350712 5.9983 0.887555 0.086281 -0.043077
105000 -3148.07779891 411.96730142 0.350312 5.9983 0.880012 0.085927 -0.038375
105100 -3136.43256537 415.67509858 0.353465 5.9983 0.880012 0.085927 0.055254
105200 -3137.81571188 423.78880180 0.360365 5.9983 0.880012 0.085927 0.053252
105300 -3148.88442325 427.22550644 0.363287 5.9983 0.880012 0.085927 -0.046001
105400 -3153.11664555 412.27080149 0.350570 5.9983 0.880012 0.085927 -0.056517
105500 -3143.80337044 422.01786144 0.358859 5.9966 0.882005 0.086972 0.017641
105600 -3133.99831047 420.26455579 0.357368 5.9966 0.882005 0.086972 0.077941
105700 -3132.51031445 419.32962962 0.356573 5.9966 0.882005 0.086972 0.085117
105800 -3137.74178078 420.10769562 0.357234 5.9966 0.882005 0.086972 0.007402
105900 -3134.29488295 409.06859089 0.347847 5.9966 0.882005 0.086972 0.044198
106000 -3148.91969482 409.28852420 0.348034 6.0000 0.877959 0.084216 -0.051851
106100 -3143.66652049 405.81057986 0.345077 6.0000 0.877959 0.084216 0.002276
106200 -3128.16815664 426.26839044 0.362473 6.0000 0.877959 0.084216 0.125956
106300 -3119.51936187 437.20482816 0.371773 6.0000 0.877959 0.084216 0.116074
106400 -3140.71822893 443.95161000 0.377510 6.0000 0.877959 0.084216 -0.010666
106500 -3118.32389335 437.68752991 0.372183 5.9847 0.871346 0.091436 0.111210
106600 -3110.65122601 417.92915629 0.355382 5.9847 0.871346 0.091436 0.113749
106700 -3119.62231161 429.37603743 0.365116 5.9847 0.871346 0.091436 0.040298
106800 -3125.71180025 410.40170467 0.348981 5.9847 0.871346 0.091436 -0.038140
106900 -3135.26391410 425.62480778 0.361926 5.9847 0.871346 0.091436 -0.069728
107000 -3138.04111788 426.88306089 0.362996 5.9983 0.872818 0.091121 -0.072337
107100 -3130.72511451 422.75004142 0.359481 5.9983 0.872818 0.091121 -0.031600
107200 -3134.79776225 413.49484086 0.351611 5.9983 0.872818 0.091121 -0.023653
107300 -3153.21906211 425.51651042 0.361834 5.9983 0.872818 0.091121 -0.101369
107400 -3153.63958564 418.34882629 0.355739 5.9983 0.872818 0.091121 -0.104171
107500 -3128.08697216 397.49751202 0.338008 5.9983 0.880263 0.089351 0.075885
107600 -3150.27995971 411.38784353 0.349820 5.9983 0.880263 0.089351 -0.033531
107700 -3141.07518693 421.20829459 0.358170 5.9983 0.880263 0.089351 0.007941
107800 -3155.82919235 412.02547355 0.350362 5.9983 0.880263 0.089351 -0.057020
107900 -3151.52559981 410.71790312 0.349250 5.9983 0.880263 0.089351 -0.046748
108000 -3145.17361319 422.30274732 0.359101 5.9932 0.877054 0.089108 0.026043
108100 -3129.35480188 433.76090358 0.368844 5.9932 0.877054 0.089108 0.102244
108200 -3128.02596307 425.51016746 0.361828 5.9932 0.877054 0.089108 0.086630
108300 -3138.41482405 435.33353709 0.370182 5.9932 0.877054 0.089108 0.018647
108400 -3133.20497115 441.35219281 0.375299 5.9932 0.877054 0.089108 0.003346
108500 -3133.77922186 437.34925503 0.371896 5.9932 0.874336 0.091182 -0.025808
108600 -3133.58593819 435.51432537 0.370335 5.9932 0.874336 0.091182 -0.046550
108700 -3136.58548951 424.27700014 0.360780 5.9932 0.874336 0.091182 -0.059029
108800 -3143.01851207 409.73474380 0.348414 5.9932 0.874336 0.091182 -0.076587
108900 -3123.21899815 414.72030027 0.352653 5.9932 0.874336 0.091182 0.036847
109000 -3140.44592049 412.12872922 0.350450 5.9983 0.875816 0.088217 -0.060609
109100 -3149.31385211 419.75552623 0.356935 5.9983 0.875816 0.088217 -0.062047
109200 -3162.86189091 413.63562058 0.351731 5.9983 0.875816 0.088217 -0.148015
109300 -3157.51093008 410.70360770 0.349238 5.9983 0.875816 0.088217 -0.055210
109400 -3171.22390957 407.25028919 0.346301 5.9983 0.875816 0.088217 -0.136176
109500 -3164.79765947 391.18049928 0.332636 5.9949 0.883279 0.086535 -0.098423
109600 -3167.87860859 405.44323258 0.344765 5.9949 0.883279 0.086535 -0.056225
109700 -3172.92747005 397.39310756 0.337919 5.9949 0.883279 0.086535 -0.058387
109800 -3157.25152804 412.74419594 0.350973 5.9949 0.883279 0.086535 0.034890
109900 -3141.47600331 417.59442432 0.355097 5.9949 0.883279 0.086535 0.104438
110000 -3124.55236723 419.90420477 0.357061 5.9949 0.867436 0.091196 0.179653
110100 -3120.36635764 408.87452270 0.347682 5.9949 0.867436 0.091196 0.170202
110200 -3148.23600613 433.08638823 0.368271 5.9949 0.867436 0.091196 -0.026520
110300 -3106.79444649 403.49710766 0.343110 5.9949 0.867436 0.091196 0.229518
110400 -3137.58137250 421.76325670 0.358642 5.9949 0.867436 0.091196 -0.006870
110500 -3144.09469939 439.20889271 0.373477 5.9949 0.877201 0.087598 -0.064534
110600 -3135.77017545 430.36490222 0.365957 5.9949 0.877201 0.087598 0.007859
110700 -3128.11713634 417.78634549 0.355260 5.9949 0.877201 0.087598 0.032211
110800 -3155.73265700 449.11527689 0.381901 5.9949 0.877201 0.087598 -0.138657
110900 -3124.92796553 416.37136091 0.354057 5.9949 0.877201 0.087598 0.091335
111000 -3142.33747887 428.40394805 0.364289 5.9966 0.877127 0.087132 -0.044261
111100 -3146.83409477 433.68395965 0.368779 5.9966 0.877127 0.087132 -0.065229
111200 -3142.90964931 420.19700152 0.357310 5.9966 0.877127 0.087132 -0.016438
111300 -3143.47740143 417.28993950 0.354838 5.9966 0.877127 0.087132 -0.028244
111400 -3129.02262577 424.78018656 0.361208 5.9966 0.877127 0.087132 0.070227
111500 -3120.77333558 410.88681889 0.349394 5.9932 0.870227 0.090396 0.118803
111600 -3139.11591429 413.42580720 0.351553 5.9932 0.870227 0.090396 -0.018476
111700 -3143.65405250 413.63279360 0.351729 5.9932 0.870227 0.090396 -0.054801
111800 -3132.82940657 427.51976896 0.363537 5.9932 0.870227 0.090396 0.045170
111900 -3122.56974688 430.03288254 0.365674 5.9932 0.870227 0.090396 0.111482
112000 -3136.15609482 421.99427170 0.358839 5.9932 0.874109 0.090389 -0.002837
112100 -3140.10263863 443.93033890 0.377492 5.9932 0.874109 0.090389 -0.042312
112200 -3139.56219448 422.69678111 0.359436 5.9932 0.874109 0.090389 -0.040677
112300 -3156.59940791 438.62192051 0.372978 5.9932 0.874109 0.090389 -0.113828
112400 -3124.36681851 424.61792482 0.361070 5.9932 0.874109 0.090389 0.080676
112500 -3123.50098155 442.64352639 0.376398 5.9847 0.864348 0.093116 0.086401
112600 -3115.26206374 416.24277591 0.353948 5.9847 0.864348 0.093116 0.068201
112700 -3131.00653518 429.00124085 0.364797 5.9847 0.864348 0.093116 -0.025931
112800 -3120.31829279 414.88190656 0.352791 5.9847 0.864348 0.093116 0.034735
112900 -3120.87151986 429.47477484 0.365200 5.9847 0.864348 0.093116 0.070535
113000 -3121.77830865 419.61973530 0.356820 5.9915 0.869083 0.093030 0.007740
113100 -3120.48626958 408.25180654 0.347153 5.9915 0.869083 0.093030 0.041149
113200 -3127.21648325 416.74819305 0.354378 5.9915 0.869083 0.093030 -0.028156
113300 -3126.88688804 415.17678078 0.353041 5.9915 0.869083 0.093030 0.012833
113400 -3139.03522577 417.01333151 0.354603 5.9915 0.869083 0.093030 -0.065125
113500 -3152.90728905 419.62801959 0.356827 6.0017 0.883510 0.084220 -0.111246
113600 -3129.59895692 410.34772861 0.348935 6.0017 0.883510 0.084220 0.073503
113700 -3126.84060193 408.26146379 0.347161 6.0017 0.883510 0.084220 0.062445
113800 -3144.20229848 440.74640144 0.374784 6.0017 0.883510 0.084220 -0.022074
113900 -3134.51524749 426.34201214 0.362536 6.0017 0.883510 0.084220 0.007835
114000 -3136.34841099 431.64576105 0.367046 5.9932 0.874473 0.087897 -0.020157
114100 -3137.79707565 406.53099495 0.345690 5.9932 0.874473 0.087897 -0.013116
114200 -3130.68463168 406.34889072 0.345535 5.9932 0.874473 0.087897 0.030746
114300 -3152.04775121 414.42097721 0.352399 5.9932 0.874473 0.087897 -0.079338
114400 -3150.99801276 411.10200168 0.349577 5.9932 0.874473 0.087897 -0.079949
114500 -3149.05803461 418.59446979 0.355948 5.9966 0.869543 0.087263 -0.018505
114600 -3126.14817040 394.04060223 0.335069 5.9966 0.869543 0.087263 0.070402
114700 -3156.78348275 426.69451740 0.362835 5.9966 0.869543 0.087263 -0.115885
114800 -3121.62426280 402.68227579 0.342417 5.9966 0.869543 0.087263 0.167104
114900 -3156.63358432 432.14796420 0.367473 5.9966 0.869543 0.087263 -0.079606
115000 -3126.89381935 436.87705315 0.371494 5.9932 0.866985 0.092168 0.107591
115100 -3126.21171092 439.44559413 0.373678 5.9932 0.866985 0.092168 0.060694
115200 -3120.84263870 426.69424171 0.362835 5.9932 0.866985 0.092168 0.055742
115300 -3099.24967077 427.64810889 0.363646 5.9932 0.866985 0.092168 0.175691
115400 -3131.59174502 449.89898939 0.382567 5.9932 0.866985 0.092168 -0.031304
115500 -3108.71036739 466.45390066 0.396644 5.9864 0.860976 0.090842 0.087904
115600 -3111.22990290 435.66894204 0.370467 5.9864 0.860976 0.090842 0.007968
115700 -3124.61506997 444.30359300 0.377809 5.9864 0.860976 0.090842 -0.073594
115800 -3127.47901786 444.97065477 0.378376 5.9864 0.860976 0.090842 -0.060703
115900 -3114.25538223 417.08703222 0.354666 5.9864 0.860976 0.090842 -0.008290
116000 -3140.22247194 425.71096483 0.361999 5.9949 0.874688 0.090260 -0.125871
116100 -3129.66611405 415.94188770 0.353692 5.9949 0.874688 0.090260 -0.046369
116200 -3135.18711199 416.28903559 0.353987 5.9949 0.874688 0.090260 -0.071013
116300 -3122.25259860 420.18794337 0.357303 5.9949 0.874688 0.090260 0.066945
116400 -3130.81352041 400.62600186 0.340668 5.9949 0.874688 0.090260 -0.023009
116500 -3125.54237197 406.51966971 0.345680 5.9983 0.874367 0.088804 0.051141
116600 -3132.39779695 412.59180747 0.350843 5.9983 0.874367 0.088804 0.010933
116700 -3146.40305672 405.11818046 0.344488 5.9983 0.874367 0.088804 -0.073368
116800 -3151.13349080 423.90687460 0.360465 5.9983 0.874367 0.088804 -0.055531
116900 -3148.04698211 435.32710475 0.370176 5.9983 0.874367 0.088804 -0.034601
117000 -3138.14918951 419.14378186 0.356415 5.9915 0.873407 0.087149 0.012791
117100 -3135.19035575 413.70298831 0.351788 5.9915 0.873407 0.087149 0.022162
117200 -3145.96428812 416.82738166 0.354445 5.9915 0.873407 0.087149 -0.044572
117300 -3125.15465037 420.40989913 0.357491 5.9915 0.873407 0.087149 0.082294
117400 -3142.30898877 412.81522219 0.351033 5.9915 0.873407 0.087149 -0.022932
117500 -3141.82185763 416.89420115 0.354502 5.9881 0.876789 0.089129 -0.006297
117600 -3123.04439763 412.26486481 0.350565 5.9881 0.876789 0.089129 0.112665
117700 -3131.79952737 431.07822736 0.366563 5.9881 0.876789 0.089129 0.029057
117800 -3123.50516232 431.13211286 0.366609 5.9881 0.876789 0.089129 0.045881
117900 -3130.77425133 420.15077605 0.357271 5.9881 0.876789 0.089129 -0.022069
118000 -3132.00014914 431.34636834 0.366791 5.9932 0.877947 0.089684 -0.020985
118100 -3142.90632010 397.62938041 0.338120 5.9932 0.877947 0.089684 -0.100167
118200 -3128.42934317 383.33940983 0.325969 5.9932 0.877947 0.089684 0.039995
118300 -3160.33628054 428.77345736 0.364603 5.9932 0.877947 0.089684 -0.095211
118400 -3150.45975023 410.27253334 0.348871 5.9932 0.877947 0.089684 -0.033574
118500 -3156.53443617 415.16223176 0.353029 5.9966 0.881207 0.087975 -0.060062
118600 -3166.93736298 411.92469607 0.350276 5.9966 0.881207 0.087975 -0.090501
118700 -3161.16128902 417.26665836 0.354819 5.9966 0.881207 0.087975 -0.065105
118800 -3134.76074517 414.35226717 0.352340 5.9966 0.881207 0.087975 0.091899
118900 -3161.68935576 428.84297255 0.364662 5.9966 0.881207 0.087975 -0.084698
119000 -3157.90825206 436.35251852 0.371048 5.9949 0.877657 0.089397 -0.056148
119100 -3164.68996594 432.63864810 0.367890 5.9949 0.877657 0.089397 -0.090732
119200 -3144.04516312 433.81001563 0.368886 5.9949 0.877657 0.089397 0.037393
119300 -3127.98717566 421.67684266 0.358569 5.9949 0.877657 0.089397 0.089301
119400 -3131.70821959 394.39814471 0.335373 5.9949 0.877657 0.089397 0.069807
119500 -3130.48903176 431.00414487 0.366500 5.9983 0.875647 0.089057 0.075494
119600 -3139.94618754 425.19073329 0.361557 5.9983 0.875647 0.089057 -0.017094
119700 -3130.67854478 433.83520114 0.368907 5.9983 0.875647 0.089057 0.068827
119800 -3137.39267517 421.51596552 0.358432 5.9983 0.875647 0.089057 -0.013683
119900 -3142.06122718 435.16373972 0.370037 5.9983 0.875647 0.089057 -0.020654
120000 -3156.26993473 418.89682782 0.356205 5.9966 0.881572 0.086311 -0.120159
120100 -3137.35634776 419.16655781 0.356434 5.9966 0.881572 0.086311 0.038147
120200 -3127.80898877 415.05831935 0.352941 5.9966 0.881572 0.086311 0.073346
120300 -3142.06010117 414.76490796 0.352691 5.9966 0.881572 0.086311 -0.014849
120400 -3153.14299492 426.07920914 0.362312 5.9966 0.881572 0.086311 -0.080739
120500 -3149.98412219 408.33538262 0.347224 5.9898 0.875705 0.088876 -0.019278
120600 -3165.60060005 418.69276183 0.356031 5.9898 0.875705 0.088876 -0.126463
120700 -3158.56681771 424.24328828 0.360751 5.9898 0.875705 0.088876 -0.065404
120800 -3143.22200561 386.75996848 0.328878 5.9898 0.875705 0.088876 0.033074
120900 -3150.23711286 410.29962031 0.348894 5.9898 0.875705 0.088876 0.033413
121000 -3173.76724024 427.55957101 0.363571 5.9966 0.884054 0.084871 -0.092334
121100 -3152.80329316 413.82125146 0.351889 5.9966 0.884054 0.084871 0.006071
121200 -3146.44850163 410.95360592 0.349450 5.9966 0.884054 0.084871 0.085081
121300 -3154.69938903 420.81587374 0.357837 5.9966 0.884054 0.084871 -0.005522
121400 -3142.66698430 423.01976576 0.359711 5.9966 0.884054 0.084871 0.070531
121500 -3172.50555249 439.62417066 0.373830 5.9949 0.891928 0.081931 -0.137598
121600 -3142.46593263 444.57384265 0.378039 5.9949 0.891928 0.081931 0.069719
121700 -3135.71340138 447.58047450 0.380596 5.9949 0.891928 0.081931 0.053675
121800 -3138.52081931 421.07450185 0.358057 5.9949 0.891928 0.081931 -0.023932
121900 -3144.50117146 419.36491314 0.356603 5.9949 0.891928 0.081931 -0.062171
122000 -3131.06340009 435.07336330 0.369960 5.9932 0.873019 0.090711 0.033468
122100 -3147.52552246 431.72706829 0.367115 5.9932 0.873019 0.090711 -0.063486
122200 -3121.05149845 417.17795509 0.354743 5.9932 0.873019 0.090711 0.084713
122300 -3128.44973915 410.95742490 0.349454 5.9932 0.873019 0.090711 0.021968
122400 -3125.05381125 423.17115896 0.359839 5.9932 0.873019 0.090711 0.056379
122500 -3126.80580282 431.58834132 0.366997 5.9898 0.870797 0.088598 0.047046
122600 -3127.70987066 441.21163682 0.375180 5.9898 0.870797 0.088598 0.039263
122700 -3122.07660973 421.22815970 0.358187 5.9898 0.870797 0.088598 0.002861
122800 -3134.42259416 424.43028079 0.360910 5.9898 0.870797 0.088598 -0.004685
122900 -3127.76129728 419.20367495 0.356466 5.9898 0.870797 0.088598 0.003969
123000 -3125.19805495 422.34182810 0.359134 5.9949 0.878563 0.088530 0.068924
123100 -3122.86017185 415.06678871 0.352948 5.9949 0.878563 0.088530 0.072845
123200 -3135.24532481 420.61786336 0.357668 5.9949 0.878563 0.088530 -0.029480
123300 -3159.62442952 427.46971091 0.363495 5.9949 0.878563 0.088530 -0.162177
123400 -3157.96274615 422.98632362 0.359682 5.9949 0.878563 0.088530 -0.147821
123500 -3149.31086493 420.83816379 0.357856 5.9983 0.872002 0.088838 -0.067086
123600 -3133.36399530 432.96034050 0.368164 5.9983 0.872002 0.088838 0.022652
123700 -3124.84924499 447.35284142 0.380402 5.9983 0.872002 0.088838 0.077691
123800 -3127.48790017 438.23575938 0.372649 5.9983 0.872002 0.088838 -0.006987
123900 -3136.40038815 430.24621054 0.365856 5.9983 0.872002 0.088838 -0.049338
124000 -3137.58207928 405.93906963 0.345186 5.9932 0.878765 0.090585 -0.046313
124100 -3142.64614687 407.38968856 0.346420 5.9932 0.878765 0.090585 -0.054111
124200 -3132.72448626 405.38002821 0.344711 5.9932 0.878765 0.090585 0.042465
124300 -3151.06884999 418.79530309 0.356118 5.9932 0.878765 0.090585 -0.061890
124400 -3138.62892173 410.43268942 0.349007 5.9932 0.878765 0.090585 0.001997
124500 -3142.60910987 432.71855840 0.367958 5.9966 0.878172 0.088156 0.027524
124600 -3148.44512175 432.87977496 0.368095 5.9966 0.878172 0.088156 -0.027148
124700 -3138.25292203 434.61443665 0.369570 5.9966 0.878172 0.088156 0.019884
124800 -3150.01107920 425.34765775 0.361690 5.9966 0.878172 0.088156 -0.064464
124900 -3138.65842021 416.12698595 0.353849 5.9966 0.878172 0.088156 0.014068
125000 -3111.66837769 410.77792039 0.349301 5.9915 0.864496 0.092665 0.189157
125100 -3132.51391612 421.77216689 0.358650 5.9915 0.864496 0.092665 0.014580
125200 -3130.50327318 411.26384334 0.349714 5.9915 0.864496 0.092665 0.042512
125300 -3144.17876678 428.91837621 0.364727 5.9915 0.864496 0.092665 -0.055723
125400 -3131.36838406 432.54508383 0.367810 5.9915 0.864496 0.092665 0.028046
125500 -3126.12104604 436.45963597 0.371139 5.9983 0.869434 0.091958 0.061521
125600 -3135.60766305 433.41969157 0.368554 5.9983 0.869434 0.091958 -0.029875
125700 -3123.50398748 421.15771499 0.358127 5.9983 0.869434 0.091958 0.038831
125800 -3131.44636656 427.05076374 0.363138 5.9983 0.869434 0.091958 -0.005858
125900 -3124.47467886 400.96114313 0.340953 5.9983 0.869434 0.091958 0.030332
126000 -3152.61523580 413.65928945 0.351751 5.9966 0.882506 0.088696 -0.160928
126100 -3143.17615038 394.33715531 0.335321 5.9966 0.882506 0.088696 -0.040950
126200 -3156.85885888 421.26416891 0.358218 5.9966 0.882506 0.088696 -0.107409
126300 -3148.79526043 446.91546361 0.380030 5.9966 0.882506 0.088696 -0.037834
126400 -3122.78429679 429.40416795 0.365140 5.9966 0.882506 0.088696 0.113962
126500 -3130.81299641 426.66878438 0.362814 5.9949 0.868390 0.087281 0.002251
126600 -3135.49669812 426.83546729 0.362955 5.9949 0.868390 0.087281 0.004736
126700 -3146.44042681 417.10240698 0.354679 5.9949 0.868390 0.087281 -0.068544
126800 -3148.09206294 429.32725190 0.365074 5.9949 0.868390 0.087281 -0.071481
126900 -3142.43229386 424.32758298 0.360823 5.9949 0.868390 0.087281 -0.031602
127000 -3162.30853445 417.86955135 0.355331 5.9932 0.880836 0.087888 -0.137994
127100 -3150.68814794 385.15587376 0.327513 5.9932 0.880836 0.087888 -0.044427
127200 -3150.62309722 390.93906616 0.332431 5.9932 0.880836 0.087888 -0.012863
127300 -3146.69901087 418.32741362 0.355721 5.9932 0.880836 0.087888 0.037585
127400 -3153.71415072 394.54990650 0.335502 5.9932 0.880836 0.087888 -0.005034
127500 -3162.32339587 428.86460346 0.364681 5.9966 0.892723 0.084296 -0.049777
127600 -3143.53395106 422.68963593 0.359430 5.9966 0.892723 0.084296 0.041750
127700 -3138.27140301 419.18003087 0.356446 5.9966 0.892723 0.084296 0.077278
127800 -3133.53417710 425.78051157 0.362058 5.9966 0.892723 0.084296 0.082268
127900 -3139.23142945 418.83176241 0.356149 5.9966 0.892723 0.084296 0.013656
128000 -3155.13265699 438.39161702 0.372782 5.9949 0.877476 0.087809 -0.089490
128100 -3142.42767783 434.58172495 0.369542 5.9949 0.877476 0.087809 -0.013997
128200 -3131.00476327 444.88459959 0.378303 5.9949 0.877476 0.087809 0.067386
128300 -3135.29505695 439.16194112 0.373437 5.9949 0.877476 0.087809 -0.005502
128400 -3141.94055296 445.85181070 0.379126 5.9949 0.877476 0.087809 -0.053932
128500 -3140.36406942 427.42308987 0.363455 5.9966 0.876821 0.089525 -0.083626
128600 -3129.92827662 407.20877038 0.346266 5.9966 0.876821 0.089525 0.020012
128700 -3135.42729526 415.87325621 0.353634 5.9966 0.876821 0.089525 0.012588
128800 -3144.35061328 421.04414375 0.358031 5.9966 0.876821 0.089525 -0.038253
128900 -3142.92423306 432.27735202 0.367583 5.9966 0.876821 0.089525 -0.034831
129000 -3139.76736098 417.00536490 0.354596 6.0000 0.879018 0.086955 -0.051192
129100 -3137.75907785 403.61093607 0.343207 6.0000 0.879018 0.086955 -0.006631
129200 -3143.42005919 415.53328476 0.353345 6.0000 0.879018 0.086955 -0.027062
129300 -3133.55178662 420.77044092 0.357798 6.0000 0.879018 0.086955 0.083728
129400 -3147.88424799 430.78955227 0.366318 6.0000 0.879018 0.086955 -0.017633
129500 -3144.69406747 433.77578761 0.368857 5.9949 0.877937 0.089018 -0.027335
129600 -3136.53809540 422.52902775 0.359293 5.9949 0.877937 0.089018 0.037106
129700 -3144.32834744 418.63984768 0.355986 5.9949 0.877937 0.089018 -0.036146
129800 -3138.17295527 436.65864129 0.371308 5.9949 0.877937 0.089018 0.013668
129900 -3138.22109406 439.08316936 0.373370 5.9949 0.877937 0.089018 -0.011317
130000 -3123.26292833 437.39947982 0.371938 5.9932 0.863438 0.090694 0.069416
130100 -3137.18677924 425.31970430 0.361666 5.9932 0.863438 0.090694 -0.047158
130200 -3143.49316686 413.95065512 0.351999 5.9932 0.863438 0.090694 -0.079965
130300 -3142.81389100 425.69768804 0.361988 5.9932 0.863438 0.090694 -0.023275
130400 -3140.96789641 423.85628243 0.360422 5.9932 0.863438 0.090694 -0.001177
130500 -3132.55207991 421.23237404 0.358191 5.9966 0.874320 0.088866 0.032084
130600 -3133.92807412 420.19847144 0.357312 5.9966 0.874320 0.088866 0.025256
130700 -3136.86680669 403.43880683 0.343060 5.9966 0.874320 0.088866 0.020721
130800 -3147.35544093 431.04200301 0.366532 5.9966 0.874320 0.088866 -0.047765
130900 -3143.34209903 424.55694921 0.361018 5.9966 0.874320 0.088866 -0.021004
131000 -3138.91701221 422.41323333 0.359195 5.9949 0.871445 0.089709 -0.000062
131100 -3134.66543403 423.07950887 0.359761 5.9949 0.871445 0.089709 0.036240
131200 -3125.12105291 417.65506343 0.355149 5.9949 0.871445 0.089709 0.077239
131300 -3139.68020288 433.55001617 0.368665 5.9949 0.871445 0.089709 -0.029406
131400 -3128.53817837 415.09721144 0.352974 5.9949 0.871445 0.089709 0.022075
131500 -3163.94556848 432.47285136 0.367749 5.9983 0.880798 0.085809 -0.191897
131600 -3149.27766545 415.90303875 0.353659 5.9983 0.880798 0.085809 -0.064850
131700 -3139.49862114 434.77141305 0.369704 5.9983 0.880798 0.085809 -0.008423
131800 -3122.08280352 433.18442499 0.368354 5.9983 0.880798 0.085809 0.087870
131900 -3134.55618854 433.15778491 0.368331 5.9983 0.880798 0.085809 -0.021544
132000 -3112.47261748 421.65435048 0.358550 5.9915 0.867792 0.091106 0.086075
132100 -3122.78482722 420.73356001 0.357767 5.9915 0.867792 0.091106 0.027670
132200 -3119.78376433 413.98332340 0.352027 5.9915 0.867792 0.091106 0.058640
132300 -3132.92823050 431.79550430 0.367173 5.9915 0.867792 0.091106 -0.053425
132400 -3138.01276320 414.33297439 0.352324 5.9915 0.867792 0.091106 -0.091678
132500 -3138.49127238 436.93950415 0.371547 5.9983 0.873983 0.090780 -0.026364
132600 -3124.60087470 435.57401398 0.370386 5.9983 0.873983 0.090780 0.006075
132700 -3104.52110682 423.75664303 0.360337 5.9983 0.873983 0.090780 0.119032
132800 -3118.92005328 450.28816737 0.382898 5.9983 0.873983 0.090780 0.026547
132900 -3114.47336312 439.00605257 0.373304 5.9983 0.873983 0.090780 0.037650
133000 -3098.81930201 420.25439146 0.357359 5.9966 0.857235 0.094689 0.127522
133100 -3114.15347284 439.33446519 0.373584 5.9966 0.857235 0.094689 0.021590
133200 -3117.77105128 414.30573143 0.352301 5.9966 0.857235 0.094689 0.005720
133300 -3116.82971695 421.50365485 0.358421 5.9966 0.857235 0.094689 0.014707
133400 -3120.72443786 438.22809486 0.372643 5.9966 0.857235 0.094689 -0.023411
133500 -3115.43429776 423.84877775 0.360416 5.9864 0.859561 0.093149 0.019693
133600 -3112.52785579 436.93229776 0.371541 5.9864 0.859561 0.093149 0.034293
133700 -3120.84622138 417.78989761 0.355264 5.9864 0.859561 0.093149 -0.018557
133800 -3147.96545718 408.87462720 0.347683 5.9864 0.859561 0.093149 -0.165606
133900 -3139.78260690 406.71097597 0.345843 5.9864 0.859561 0.093149 -0.069166
134000 -3153.62512387 411.62664837 0.350023 6.0000 0.879590 0.088601 -0.093659
134100 -3145.36481582 417.58936169 0.355093 6.0000 0.879590 0.088601 -0.032578
134200 -3158.56976266 435.75957070 0.370544 6.0000 0.879590 0.088601 -0.099862
134300 -3141.09391719 435.03190481 0.369925 6.0000 0.879590 0.088601 0.016976
134400 -3138.51637433 424.41796145 0.360900 6.0000 0.879590 0.088601 -0.006972
134500 -3133.53627966 443.63237143 0.377238 5.9915 0.872245 0.090661 0.006623
134600 -3121.28774920 449.91538324 0.382581 5.9915 0.872245 0.090661 0.043670
134700 -3115.98426911 430.62819256 0.366180 5.9915 0.872245 0.090661 0.074562
134800 -3118.58653515 430.00463682 0.365650 5.9915 0.872245 0.090661 0.031282
134900 -3128.51251467 412.22321324 0.350530 5.9915 0.872245 0.090661 -0.025472
135000 -3119.61710058 403.31216991 0.342953 5.9949 0.863468 0.091088 0.008968
135100 -3132.63104513 426.84377294 0.362962 5.9949 0.863468 0.091088 -0.072863
135200 -3137.98256422 418.74301884 0.356074 5.9949 0.863468 0.091088 -0.070768
135300 -3141.16197911 436.59549777 0.371255 5.9949 0.863468 0.091088 -0.062610
135400 -3138.69325399 418.85045715 0.356165 5.9949 0.863468 0.091088 -0.057368
135500 -3129.38045724 409.52389886 0.348235 5.9932 0.870717 0.089824 0.015371
135600 -3160.54961059 416.34536625 0.354035 5.9932 0.870717 0.089824 -0.149513
135700 -3141.05305771 396.99767123 0.337583 5.9932 0.870717 0.089824 -0.002280
135800 -3155.52320446 423.75013311 0.360332 5.9932 0.870717 0.089824 -0.063748
135900 -3148.76724559 419.25397499 0.356508 5.9932 0.870717 0.089824 -0.015686
136000 -3135.85773090 406.99977168 0.346088 5.9949 0.881921 0.089572 0.037526
136100 -3131.41221766 401.53852962 0.341444 5.9949 0.881921 0.089572 0.097445
136200 -3144.31478787 425.32395634 0.361670 5.9949 0.881921 0.089572 0.011237
136300 -3144.38710572 422.67166152 0.359415 5.9949 0.881921 0.089572 0.018496
136400 -3133.69850314 385.19947346 0.327551 5.9949 0.881921 0.089572 0.026448
136500 -3152.48889448 426.33521475 0.362530 5.9932 0.880158 0.085851 -0.034408
136600 -3139.77466483 420.43631245 0.357514 5.9932 0.880158 0.085851 0.053045
136700 -3123.46312097 424.56585798 0.361025 5.9932 0.880158 0.085851 0.117517
136800 -3122.60209498 418.81890946 0.356139 5.9932 0.880158 0.085851 0.096612
136900 -3128.48587127 423.46944973 0.360093 5.9932 0.880158 0.085851 0.045524
137000 -3122.70108455 428.00794208 0.363952 5.9898 0.867522 0.090887 0.084996
137100 -3133.56900636 424.06201745 0.360597 5.9898 0.867522 0.090887 -0.019374
137200 -3123.76212924 402.04644947 0.341876 5.9898 0.867522 0.090887 0.031336
137300 -3141.27822097 426.86997425 0.362985 5.9898 0.867522 0.090887 -0.063074
137400 -3142.39634001 424.66691434 0.361111 5.9898 0.867522 0.090887 -0.048963
137500 -3121.79559787 410.43874976 0.349013 5.9983 0.869549 0.089407 0.081026
137600 -3134.13548878 452.08866801 0.384429 5.9983 0.869549 0.089407 0.048107
137700 -3142.88782837 444.50921594 0.377984 5.9983 0.869549 0.089407 -0.091689
137800 -3143.75541559 424.15673541 0.360677 5.9983 0.869549 0.089407 -0.098708
137900 -3134.08797690 394.90806276 0.335806 5.9983 0.869549 0.089407 -0.041600
138000 -3138.07745803 406.07661616 0.345303 5.9915 0.870043 0.090233 -0.027322
138100 -3140.94912973 398.59153309 0.338938 5.9915 0.870043 0.090233 -0.015459
138200 -3140.46918178 411.50601000 0.349920 5.9915 0.870043 0.090233 -0.016548
138300 -3148.46735438 423.86760853 0.360432 5.9915 0.870043 0.090233 -0.031516
138400 -3147.26857826 422.44823035 0.359225 5.9915 0.870043 0.090233 -0.029443
138500 -3152.05164329 411.44036359 0.349864 5.9983 0.882554 0.088621 -0.066508
138600 -3157.56743144 402.82115240 0.342535 5.9983 0.882554 0.088621 -0.061279
138700 -3145.44343201 398.41705936 0.338790 5.9983 0.882554 0.088621 0.029967
138800 -3122.70493870 436.38960672 0.371080 5.9983 0.882554 0.088621 0.194856
138900 -3125.84434330 419.66537159 0.356858 5.9983 0.882554 0.088621 0.097619
139000 -3120.05977962 420.77407295 0.357801 5.9932 0.865284 0.091510 0.095566
139100 -3142.06906271 438.51754793 0.372889 5.9932 0.865284 0.091510 -0.016790
139200 -3125.67464731 413.58255706 0.351686 5.9932 0.865284 0.091510 0.043043
139300 -3142.17697090 412.05418494 0.350386 5.9932 0.865284 0.091510 -0.061132
139400 -3138.40357185 424.28417376 0.360786 5.9932 0.865284 0.091510 -0.002199
139500 -3133.78600433 405.91479153 0.345166 5.9915 0.874665 0.092031 0.005845
139600 -3140.17091376 404.87932391 0.344285 5.9915 0.874665 0.092031 -0.037079
139700 -3157.68234278 415.12116261 0.352994 5.9915 0.874665 0.092031 -0.097766
139800 -3132.54788533 411.54972130 0.349957 5.9915 0.874665 0.092031 0.082292
139900 -3148.25626201 443.66686493 0.377268 5.9915 0.874665 0.092031 0.005658
140000 -3128.26511189 419.55751616 0.356767 5.9949 0.866466 0.092956 0.060855
140100 -3134.66837232 434.53986800 0.369507 5.9949 0.866466 0.092956 0.002060
140200 -3122.98905414 447.48157541 0.380512 5.9949 0.866466 0.092956 0.044041
140300 -3120.75524973 452.63130367 0.384891 5.9949 0.866466 0.092956 0.055746
140400 -3112.09254913 423.09504872 0.359775 5.9949 0.866466 0.092956 0.044072
140500 -3132.10182813 431.82925348 0.367202 5.9966 0.869916 0.091383 -0.082333
140600 -3119.99841508 419.32722406 0.356571 5.9966 0.869916 0.091383 0.017772
140700 -3141.34581143 432.71242912 0.367953 5.9966 0.869916 0.091383 -0.093628
140800 -3121.71429713 408.19685641 0.347106 5.9966 0.869916 0.091383 0.013856
140900 -3130.32459659 438.61607689 0.372973 5.9966 0.869916 0.091383 -0.016247
141000 -3145.70113594 434.18660007 0.369206 5.9949 0.885081 0.086931 -0.089149
141100 -3125.80099025 418.18896567 0.355603 5.9949 0.885081 0.086931 0.003309
141200 -3150.80426270 404.08314671 0.343608 5.9949 0.885081 0.086931 -0.117529
141300 -3135.01219250 389.69927846 0.331377 5.9949 0.885081 0.086931 0.046106
141400 -3145.01329756 399.20608386 0.339461 5.9949 0.885081 0.086931 -0.027966
141500 -3164.95065567 402.55511054 0.342309 6.0000 0.882188 0.086420 -0.109226
141600 -3161.50095444 409.20161506 0.347961 6.0000 0.882188 0.086420 -0.064971
141700 -3172.04000754 426.66620578 0.362811 6.0000 0.882188 0.086420 -0.104033
141800 -3172.17123328 429.64353660 0.365343 6.0000 0.882188 0.086420 -0.069434
141900 -3156.96866144 424.28641786 0.360788 6.0000 0.882188 0.086420 0.018281
142000 -3156.81228808 412.59896096 0.350849 5.9966 0.877476 0.087144 -0.006729
142100 -3136.45624592 419.86493881 0.357028 5.9966 0.877476 0.087144 0.118590
142200 -3143.47344483 425.89403435 0.362155 5.9966 0.877476 0.087144 0.027317
142300 -3132.86394347 415.96297775 0.353710 5.9966 0.877476 0.087144 0.089670
142400 -3145.46593151 439.38491699 0.373627 5.9966 0.877476 0.087144 0.002722
142500 -3135.44854282 456.08888335 0.387831 5.9932 0.871319 0.089509 0.070566
142600 -3130.11216399 429.41851079 0.365152 5.9932 0.871319 0.089509 0.055602
142700 -3123.55868947 431.18410905 0.366653 5.9932 0.871319 0.089509 0.068957
142800 -3128.82093763 420.78706212 0.357812 5.9932 0.871319 0.089509 0.031595
142900 -3119.97455871 407.79003838 0.346760 5.9932 0.871319 0.089509 0.039162
143000 -3132.36265061 421.07872631 0.358060 5.9915 0.875376 0.088073 -0.007822
143100 -3143.75210992 432.86913412 0.368086 5.9915 0.875376 0.088073 -0.084430
143200 -3161.73368064 440.03648865 0.374181 5.9915 0.875376 0.088073 -0.154431
143300 -3122.00367234 414.35627010 0.352344 5.9915 0.875376 0.088073 0.072563
143400 -3129.68043733 434.94351440 0.369850 5.9915 0.875376 0.088073 -0.051443
143500 -3118.29375446 413.20047642 0.351361 5.9915 0.870125 0.091027 0.060676
143600 -3139.78776728 424.38476835 0.360871 5.9915 0.870125 0.091027 -0.065414
143700 -3124.42382306 415.78936313 0.353562 5.9915 0.870125 0.091027 0.013253
143800 -3109.42214992 435.04255125 0.369934 5.9915 0.870125 0.091027 0.126575
143900 -3135.42989864 448.48197742 0.381362 5.9915 0.870125 0.091027 -0.051673
144000 -3095.29871373 426.64592317 0.362794 5.9932 0.855407 0.093734 0.149946
144100 -3118.52739736 437.25223357 0.371813 5.9932 0.855407 0.093734 -0.013337
144200 -3114.24365250 436.05727156 0.370797 5.9932 0.855407 0.093734 0.010305
144300 -3112.77257479 431.20913242 0.366674 5.9932 0.855407 0.093734 0.009937
144400 -3115.37486668 423.05611606 0.359742 5.9932 0.855407 0.093734 -0.027606
144500 -3103.53117633 422.70291406 0.359441 5.9864 0.859216 0.097343 0.065654
144600 -3128.48041940 437.41817482 0.371954 5.9864 0.859216 0.097343 -0.104183
144700 -3118.27170549 425.90398806 0.362163 5.9864 0.859216 0.097343 -0.004933
144800 -3115.09209984 435.07776944 0.369964 5.9864 0.859216 0.097343 0.025161
144900 -3119.81938257 431.72794342 0.367116 5.9864 0.859216 0.097343 -0.013189
145000 -3119.86400653 423.33869449 0.359982 5.9932 0.870301 0.091075 0.005886
145100 -3123.28274600 425.93418813 0.362189 5.9932 0.870301 0.091075 -0.004810
145200 -3134.18512340 440.47768205 0.374556 5.9932 0.870301 0.091075 -0.057101
145300 -3117.43588110 414.95734475 0.352855 5.9932 0.870301 0.091075 0.076508
145400 -3125.42153140 427.17062644 0.363240 5.9932 0.870301 0.091075 0.012818
145500 -3131.95255001 434.80348159 0.369731 5.9949 0.871608 0.089161 -0.028064
145600 -3125.32204182 433.17647644 0.368347 5.9949 0.871608 0.089161 0.016989
145700 -3131.84653753 415.06238823 0.352944 5.9949 0.871608 0.089161 -0.025431
145800 -3138.24482676 424.40483454 0.360888 5.9949 0.871608 0.089161 -0.063607
145900 -3133.34826242 414.98599803 0.352879 5.9949 0.871608 0.089161 -0.008167
146000 -3147.34737814 421.41228867 0.358344 5.9966 0.881420 0.086047 -0.080840
146100 -3133.40049596 418.14266743 0.355563 5.9966 0.881420 0.086047 0.041709
146200 -3147.88663579 403.06739527 0.342744 5.9966 0.881420 0.086047 -0.066552
146300 -3139.44462737 404.75320689 0.344178 5.9966 0.881420 0.086047 0.017108
146400 -3151.04603463 422.16909089 0.358987 5.9966 0.881420 0.086047 -0.008969
146500 -3162.69824769 429.88061919 0.365545 5.9932 0.878621 0.088399 -0.092933
146600 -3151.94489715 410.67621320 0.349214 5.9932 0.878621 0.088399 -0.068439
146700 -3151.04631802 413.35945534 0.351496 5.9932 0.878621 0.088399 0.003444
146800 -3152.63548869 416.00664631 0.353747 5.9932 0.878621 0.088399 -0.022032
146900 -3164.43468947 413.97792674 0.352022 5.9932 0.878621 0.088399 -0.092841
147000 -3152.37278975 415.80595208 0.353576 5.9932 0.873186 0.088437 -0.002506
147100 -3146.41306569 397.82744836 0.338289 5.9932 0.873186 0.088437 0.037008
147200 -3133.79267767 416.15670486 0.353875 5.9932 0.873186 0.088437 0.165336
147300 -3142.88628854 409.66423844 0.348354 5.9932 0.873186 0.088437 0.026269
147400 -3141.77034491 428.96164985 0.364763 5.9932 0.873186 0.088437 0.070612
147500 -3140.43715005 423.83986671 0.360408 5.9966 0.879725 0.088714 0.040177
147600 -3124.35948051 416.20777373 0.353918 5.9966 0.879725 0.088714 0.117716
147700 -3132.27939120 424.71475275 0.361152 5.9966 0.879725 0.088714 0.085468
147800 -3131.71989848 432.39494763 0.367683 5.9966 0.879725 0.088714 0.032783
147900 -3115.89001091 425.81543252 0.362088 5.9966 0.879725 0.088714 0.106215
148000 -3133.13413439 436.26643699 0.370975 5.9932 0.875068 0.092096 -0.005412
148100 -3131.21280223 433.59483130 0.368703 5.9932 0.875068 0.092096 -0.019596
148200 -3141.82147523 446.10230627 0.379339 5.9932 0.875068 0.092096 -0.058044
148300 -3137.81604136 418.85753086 0.356171 5.9932 0.875068 0.092096 -0.054104
148400 -3145.21244086 415.73150786 0.353513 5.9932 0.875068 0.092096 -0.074815
148500 -3107.99604290 415.24491504 0.353099 5.9932 0.861278 0.093869 0.150396
148600 -3131.65632500 427.67364794 0.363668 5.9932 0.861278 0.093869 -0.017681
148700 -3135.48635375 429.02606554 0.364818 5.9932 0.861278 0.093869 -0.049255
148800 -3150.77242942 432.14948073 0.367474 5.9932 0.861278 0.093869 -0.090322
148900 -3150.10612754 423.04110356 0.359729 5.9932 0.861278 0.093869 -0.090634
149000 -3132.95381903 406.76326731 0.345887 6.0000 0.868812 0.088571 0.034872
149100 -3129.01234765 408.95427102 0.347750 6.0000 0.868812 0.088571 0.029156
149200 -3136.83241914 414.34247328 0.352332 6.0000 0.868812 0.088571 -0.017112
149300 -3141.37611300 409.29171938 0.348037 6.0000 0.868812 0.088571 -0.016077
149400 -3129.43771587 415.68329039 0.353472 6.0000 0.868812 0.088571 0.046158
149500 -3143.63605877 421.46197983 0.358386 5.9915 0.868750 0.088820 -0.038971
149600 -3141.74446326 422.27049839 0.359074 5.9915 0.868750 0.088820 -0.015190
149700 -3128.37178653 420.29881325 0.357397 5.9915 0.868750 0.088820 0.061448
149800 -3152.25691992 407.42329569 0.346448 5.9915 0.868750 0.088820 -0.069663
149900 -3160.66808772 402.82182500 0.342536 5.9915 0.868750 0.088820 -0.093718
150000 -3140.08806793 414.73516933 0.352666 5.9898 0.875734 0.090228 0.042551
150100 -3145.63514266 416.44404978 0.354119 5.9898 0.875734 0.090228 0.004161
150200 -3154.45282311 421.56510510 0.358474 5.9898 0.875734 0.090228 -0.038781
150300 -3142.41691873 394.60466765 0.335548 5.9898 0.875734 0.090228 0.032306
150400 -3154.47290101 430.93845712 0.366444 5.9898 0.875734 0.090228 -0.035184
150500 -3150.96395406 429.77348802 0.365454 5.9932 0.877571 0.088286 -0.021091
150600 -3140.60232283 402.63203438 0.342374 5.9932 0.877571 0.088286 0.031231
150700 -3148.25235740 421.74924354 0.358630 5.9932 0.877571 0.088286 0.007866
150800 -3152.46516309 451.13190853 0.383616 5.9932 0.877571 0.088286 -0.014018
150900 -3143.79543298 443.34138038 0.376991 5.9932 0.877571 0.088286 -0.010868
151000 -3132.44464094 433.59039059 0.368699 5.9983 0.865357 0.089298 0.052337
151100 -3116.22986158 423.14593429 0.359818 5.9983 0.865357 0.089298 0.098041
151200 -3135.34485846 445.32115920 0.378674 5.9983 0.865357 0.089298 -0.031066
151300 -3124.51384007 429.56524134 0.365277 5.9983 0.865357 0.089298 0.000622
151400 -3120.18599423 418.01507261 0.355455 5.9983 0.865357 0.089298 0.027173
151500 -3117.49399652 431.50202631 0.366923 6.0000 0.867588 0.090696 0.049441
151600 -3125.45886990 421.37607543 0.358313 6.0000 0.867588 0.090696 0.006091
151700 -3103.32528641 411.96681833 0.350312 6.0000 0.867588 0.090696 0.148708
151800 -3128.52305410 423.84289983 0.360411 6.0000 0.867588 0.090696 -0.044636
151900 -3147.34141049 435.11018801 0.369992 6.0000 0.867588 0.090696 -0.136156
152000 -3116.99342122 442.97010845 0.376675 5.9915 0.868177 0.089999 0.073474
152100 -3112.84240957 431.27412027 0.366730 5.9915 0.868177 0.089999 0.058352
152200 -3119.58360550 430.99924985 0.366496 5.9915 0.868177 0.089999 0.015311
152300 -3133.33470674 428.66614474 0.364512 5.9915 0.868177 0.089999 -0.042863
152400 -3136.03637743 407.18580207 0.346246 5.9915 0.868177 0.089999 -0.068886
152500 -3126.02663858 423.98022471 0.360527 5.9915 0.870089 0.091913 0.049130
152600 -3139.05408163 433.76899112 0.368851 5.9915 0.870089 0.091913 -0.056053
152700 -3123.43115651 424.14385088 0.360667 5.9915 0.870089 0.091913 0.039524
152800 -3118.25259439 420.09800663 0.357226 5.9915 0.870089 0.091913 0.079570
152900 -3137.57463917 431.77123497 0.367152 5.9915 0.870089 0.091913 -0.102848
153000 -3127.20212650 418.04559658 0.355481 5.9898 0.867596 0.090013 -0.004236
153100 -3129.26368925 393.80428577 0.334868 5.9898 0.867596 0.090013 -0.013507
153200 -3140.03273493 411.06150568 0.349542 5.9898 0.867596 0.090013 -0.044097
153300 -3151.53298391 426.76617030 0.362896 5.9898 0.867596 0.090013 -0.065376
153400 -3150.13841853 402.84992306 0.342559 5.9898 0.867596 0.090013 -0.058135
153500 -3138.64940270 434.32217844 0.369322 5.9932 0.874339 0.091602 0.040592
153600 -3122.21306775 438.58616638 0.372947 5.9932 0.874339 0.091602 0.123436
153700 -3124.84714089 454.01453838 0.386067 5.9932 0.874339 0.091602 0.038748
153800 -3105.86653047 429.11243236 0.364892 5.9932 0.874339 0.091602 0.156184
153900 -3125.02532428 437.21669459 0.371783 5.9932 0.874339 0.091602 -0.003861
154000 -3130.08701521 423.97802278 0.360526 5.9932 0.878178 0.087869 -0.040614
154100 -3120.63695779 419.06648607 0.356349 5.9932 0.878178 0.087869 0.001314
154200 -3141.70865939 434.84597045 0.369767 5.9932 0.878178 0.087869 -0.122872
154300 -3114.04305375 402.02390599 0.341857 5.9932 0.878178 0.087869 0.051384
154400 -3143.47826886 431.14058184 0.366616 5.9932 0.878178 0.087869 -0.106320
154500 -3148.66184919 428.97410672 0.364774 5.9983 0.876563 0.087103 -0.107038
154600 -3137.08153918 411.60431424 0.350004 5.9983 0.876563 0.087103 -0.033646
154700 -3143.16311035 425.74692266 0.362030 5.9983 0.876563 0.087103 -0.073388
154800 -3137.34527824 418.73146645 0.356064 5.9983 0.876563 0.087103 -0.012093
154900 -3151.14988933 420.23699740 0.357344 5.9983 0.876563 0.087103 -0.076061
155000 -3142.33618767 433.89705336 0.368960 5.9949 0.874326 0.087982 -0.001736
155100 -3146.92972542 430.50774500 0.366078 5.9949 0.874326 0.087982 -0.053576
155200 -3133.73110812 426.21607748 0.362429 5.9949 0.874326 0.087982 0.070863
155300 -3142.63691106 413.90860711 0.351963 5.9949 0.874326 0.087982 0.003081
155400 -3140.25359929 419.11043973 0.356386 5.9949 0.874326 0.087982 -0.006653
155500 -3135.29997126 437.66404705 0.372163 5.9966 0.875358 0.089142 0.050684
155600 -3132.28613925 392.60519837 0.333848 5.9966 0.875358 0.089142 0.040778
155700 -3133.38344971 410.43414842 0.349009 5.9966 0.875358 0.089142 0.048699
155800 -3136.81301883 401.17071599 0.341132 5.9966 0.875358 0.089142 0.023453
155900 -3145.63827275 419.00675887 0.356298 5.9966 0.875358 0.089142 -0.037439
156000 -3152.19343523 414.10877216 0.352133 5.9966 0.877525 0.086473 -0.051836
156100 -3157.88023783 437.90787120 0.372371 5.9966 0.877525 0.086473 -0.089203
156200 -3134.04632187 432.85843835 0.368077 5.9966 0.877525 0.086473 0.048149
156300 -3154.80858549 410.30229713 0.348897 5.9966 0.877525 0.086473 -0.099851
156400 -3150.01372476 402.46994086 0.342236 5.9966 0.877525 0.086473 -0.059432
156500 -3145.81914952 407.84782175 0.346809 6.0000 0.885752 0.085655 0.020019
156600 -3148.04828668 411.88756395 0.350245 6.0000 0.885752 0.085655 0.014784
156700 -3156.37692882 426.33781280 0.362532 6.0000 0.885752 0.085655 -0.016135
156800 -3134.74633504 403.73802253 0.343315 6.0000 0.885752 0.085655 0.090959
156900 -3123.55512658 411.42128556 0.349848 6.0000 0.885752 0.085655 0.155827
157000 -3135.92826437 436.20874193 0.370926 5.9966 0.871667 0.087219 0.076411
157100 -3151.76861688 424.82600579 0.361247 5.9966 0.871667 0.087219 -0.063653
157200 -3151.80701624 423.32422888 0.359970 5.9966 0.871667 0.087219 -0.049334
157300 -3138.05438650 429.99362566 0.365641 5.9966 0.871667 0.087219 0.064110
157400 -3130.69483801 411.12323875 0.349595 5.9966 0.871667 0.087219 0.084594
157500 -3145.97067299 432.83538235 0.368057 5.9949 0.880791 0.086346 -0.013764
157600 -3127.98156703 423.79452129 0.360369 5.9949 0.880791 0.086346 0.062192
157700 -3135.33784507 427.27540931 0.363329 5.9949 0.880791 0.086346 0.015286
157800 -3137.25762159 416.91568128 0.354520 5.9949 0.880791 0.086346 -0.026607
157900 -3141.74676261 415.36817937 0.353204 5.9949 0.880791 0.086346 -0.027402
158000 -3134.53111200 397.18989669 0.337747 5.9949 0.871881 0.088902 0.022584
158100 -3145.27794083 420.81982655 0.357840 5.9949 0.871881 0.088902 -0.014043
158200 -3147.54428015 418.88125515 0.356192 5.9949 0.871881 0.088902 -0.020129
158300 -3154.76242567 418.60286945 0.355955 5.9949 0.871881 0.088902 -0.047920
158400 -3148.22183279 411.42616498 0.349852 5.9949 0.871881 0.088902 -0.011172
158500 -3161.31089019 432.44656507 0.367727 5.9983 0.886842 0.085891 -0.074932
158600 -3153.65718705 424.67248417 0.361116 5.9983 0.886842 0.085891 -0.047084
158700 -3133.86010327 404.69626000 0.344129 5.9983 0.886842 0.085891 0.075291
158800 -3155.17558273 406.27751650 0.345474 5.9983 0.886842 0.085891 -0.043441
158900 -3141.63104903 410.16660656 0.348781 5.9983 0.886842 0.085891 0.055216
159000 -3154.28390703 415.33235819 0.353174 5.9983 0.883551 0.086049 -0.021215
159100 -3144.31960889 399.77469235 0.339944 5.9983 0.883551 0.086049 0.032971
159200 -3162.38583774 427.00125242 0.363096 5.9983 0.883551 0.086049 -0.056652
159300 -3138.63795188 423.02044397 0.359711 5.9983 0.883551 0.086049 0.062705
159400 -3148.29070017 422.95224124 0.359653 5.9983 0.883551 0.086049 0.005264
159500 -3136.47453967 418.88865019 0.356198 5.9949 0.876300 0.087936 0.075005
159600 -3130.66235429 403.94715669 0.343492 5.9949 0.876300 0.087936 0.072330
159700 -3149.27583119 426.17966371 0.362398 5.9949 0.876300 0.087936 -0.037434
159800 -3159.60308001 445.58024518 0.378895 5.9949 0.876300 0.087936 -0.084044
159900 -3137.09104437 437.12954506 0.371709 5.9949 0.876300 0.087936 0.039054
160000 -3143.09565680 435.54257624 0.370359 5.9932 0.868039 0.088584 -0.013591
160100 -3147.61854358 438.27854607 0.372686 5.9932 0.868039 0.088584 -0.033924
160200 -3134.86958673 424.52003625 0.360986 5.9932 0.868039 0.088584 0.021223
160300 -3162.05417198 419.58398171 0.356789 5.9932 0.868039 0.088584 -0.150282
160400 -3145.38688772 402.21242190 0.342017 5.9932 0.868039 0.088584 -0.011455
160500 -3162.89615235 413.68043961 0.351769 5.9949 0.885915 0.086081 -0.087184
160600 -3159.30674177 427.72508477 0.363712 5.9949 0.885915 0.086081 -0.034190
160700 -3148.84237078 432.67204481 0.367918 5.9949 0.885915 0.086081 0.053681
160800 -3145.92246777 415.83244012 0.353599 5.9949 0.885915 0.086081 0.008557
160900 -3125.46246360 413.81631548 0.351885 5.9949 0.885915 0.086081 0.151400
161000 -3145.12489003 427.78146809 0.363760 5.9966 0.880392 0.087963 0.028731
161100 -3150.33600875 417.89751741 0.355355 5.9966 0.880392 0.087963 -0.032982
161200 -3154.19160795 411.19654655 0.349657 5.9966 0.880392 0.087963 -0.066418
161300 -3138.08769422 393.64375961 0.334731 5.9966 0.880392 0.087963 0.064524
161400 -3151.20932550 436.69998080 0.371344 5.9966 0.880392 0.087963 -0.015825
161500 -3155.58094323 412.41773844 0.350695 5.9949 0.890147 0.085266 -0.078896
161600 -3150.19501350 406.13306218 0.345351 5.9949 0.890147 0.085266 -0.013973
161700 -3138.83323891 419.74497743 0.356926 5.9949 0.890147 0.085266 0.079881
161800 -3153.92274414 410.06752350 0.348697 5.9949 0.890147 0.085266 -0.009610
161900 -3152.56696546 414.44773154 0.352422 5.9949 0.890147 0.085266 0.009541
162000 -3162.21039440 436.90057420 0.371514 5.9949 0.881137 0.085121 -0.045715
162100 -3153.16860912 422.22738443 0.359037 5.9949 0.881137 0.085121 0.011753
162200 -3138.16372928 416.46579924 0.354138 5.9949 0.881137 0.085121 0.075538
162300 -3149.39979014 416.07958951 0.353809 5.9949 0.881137 0.085121 -0.050393
162400 -3152.79609773 423.47294140 0.360096 5.9949 0.881137 0.085121 -0.031293
162500 -3142.82188786 426.57242886 0.362732 5.9949 0.875025 0.089059 0.035142
162600 -3130.75619368 403.73772414 0.343314 5.9949 0.875025 0.089059 0.089074
162700 -3139.20882327 413.78766209 0.351860 5.9949 0.875025 0.089059 0.013382
162800 -3129.68399893 419.71516426 0.356901 5.9949 0.875025 0.089059 0.138417
162900 -3150.11249932 437.37427698 0.371917 5.9949 0.875025 0.089059 -0.036609
163000 -3144.01704561 412.61934008 0.350867 5.9966 0.875012 0.086166 -0.022155
163100 -3153.73676908 408.51814858 0.347379 5.9966 0.875012 0.086166 -0.081157
163200 -3149.58506930 419.08043320 0.356361 5.9966 0.875012 0.086166 -0.000989
163300 -3136.61961243 427.37795532 0.363417 5.9966 0.875012 0.086166 0.049081
163400 -3138.60909997 421.38037523 0.358317 5.9966 0.875012 0.086166 0.013282
163500 -3154.83022891 414.29879385 0.352295 5.9983 0.883838 0.085709 -0.069119
163600 -3153.80619689 407.03778723 0.346121 5.9983 0.883838 0.085709 -0.054138
163700 -3145.68217150 412.33964146 0.350629 5.9983 0.883838 0.085709 0.006242
163800 -3144.52893900 413.80286331 0.351873 5.9983 0.883838 0.085709 -0.001261
163900 -3140.64082249 420.89519608 0.357904 5.9983 0.883838 0.085709 0.009120
164000 -3146.56481028 418.62486513 0.355974 5.9932 0.872454 0.091248 -0.052562
164100 -3135.39286659 408.89841676 0.347703 5.9932 0.872454 0.091248 0.071961
164200 -3137.84229868 426.94081214 0.363045 5.9932 0.872454 0.091248 0.019985
164300 -3144.51881404 416.45202410 0.354126 5.9932 0.872454 0.091248 -0.014346
164400 -3140.95180770 411.82205996 0.350189 5.9932 0.872454 0.091248 0.000336
164500 -3124.84773412 436.88901377 0.371504 5.9915 0.867033 0.092503 0.109002
164600 -3131.52962904 434.68814724 0.369633 5.9915 0.867033 0.092503 0.035627
164700 -3142.73844778 441.61278586 0.375521 5.9915 0.867033 0.092503 -0.043648
164800 -3100.99942060 414.91202471 0.352816 5.9915 0.867033 0.092503 0.166742
164900 -3122.53146112 446.57302761 0.379739 5.9915 0.867033 0.092503 0.036491
165000 -3125.81336531 444.51651658 0.377990 5.9898 0.874489 0.089854 -0.007500
165100 -3135.11340823 428.98324189 0.364782 5.9898 0.874489 0.089854 -0.073363
165200 -3114.14593415 432.45859291 0.367737 5.9898 0.874489 0.089854 0.066291
165300 -3129.42883205 430.23952673 0.365850 5.9898 0.874489 0.089854 -0.046462
165400 -3135.34553077 412.15422257 0.350471 5.9898 0.874489 0.089854 -0.066702
165500 -3129.07611733 428.07119828 0.364006 5.9949 0.870877 0.091429 0.005791
165600 -3153.33077023 436.01478539 0.370761 5.9949 0.870877 0.091429 -0.149191
165700 -3143.92217297 424.12397736 0.360650 5.9949 0.870877 0.091429 -0.073859
165800 -3145.06622864 428.06145441 0.363998 5.9949 0.870877 0.091429 -0.064460
165900 -3144.62061711 425.77823629 0.362056 5.9949 0.870877 0.091429 -0.060829
166000 -3138.85500013 433.77859039 0.368859 5.9966 0.877246 0.088277 -0.024967
166100 -3130.28149634 421.83443827 0.358703 5.9966 0.877246 0.088277 0.013681
166200 -3124.65178986 431.36911920 0.366810 5.9966 0.877246 0.088277 0.045814
166300 -3117.03457873 418.70670443 0.356043 5.9966 0.877246 0.088277 0.070942
166400 -3139.49234743 419.44345434 0.356670 5.9966 0.877246 0.088277 -0.057632
166500 -3146.67276352 429.68901983 0.365382 5.9881 0.876309 0.087881 -0.110170
166600 -3143.89579288 406.60839376 0.345755 5.9881 0.876309 0.087881 -0.065844
166700 -3173.64617048 424.68019919 0.361123 5.9881 0.876309 0.087881 -0.195114
166800 -3153.33895152 418.73137032 0.356064 5.9881 0.876309 0.087881 -0.037554
166900 -3144.86998578 408.71968106 0.347551 5.9881 0.876309 0.087881 -0.015682
167000 -3156.14821638 412.47159611 0.350741 5.9983 0.884835 0.084639 -0.045683
167100 -3153.99173893 428.85606412 0.364674 5.9983 0.884835 0.084639 -0.043539
167200 -3131.95569949 428.67038298 0.364516 5.9983 0.884835 0.084639 0.096184
167300 -3129.03904758 439.57093221 0.373785 5.9983 0.884835 0.084639 0.099833
167400 -3130.95810451 426.68274869 0.362825 5.9983 0.884835 0.084639 0.052638
167500 -3105.57218659 420.78670191 0.357812 5.9932 0.866299 0.092407 0.188768
167600 -3110.99869698 439.42632482 0.373662 5.9932 0.866299 0.092407 0.102239
167700 -3119.77204464 442.35444810 0.376152 5.9932 0.866299 0.092407 0.025802
167800 -3110.55492124 425.92440427 0.362181 5.9932 0.866299 0.092407 0.086499
167900 -3125.74990858 422.48018852 0.359252 5.9932 0.866299 0.092407 -0.060621
168000 -3128.68406856 421.89783897 0.358757 5.9915 0.870785 0.090339 -0.054782
168100 -3131.14773561 434.45598046 0.369435 5.9915 0.870785 0.090339 -0.061531
168200 -3144.85018504 435.76843431 0.370551 5.9915 0.870785 0.090339 -0.125244
168300 -3128.97850993 418.68674619 0.356026 5.9915 0.870785 0.090339 -0.010222
168400 -3118.24283497 431.19937802 0.366666 5.9915 0.870785 0.090339 0.059796
168500 -3119.00813608 419.07061861 0.356353 5.9949 0.874598 0.090591 0.011224
168600 -3134.12022300 405.26428809 0.344612 5.9949 0.874598 0.090591 -0.035846
168700 -3149.87703558 402.96910135 0.342661 5.9949 0.874598 0.090591 -0.116494
168800 -3133.09779727 400.87496814 0.340880 5.9949 0.874598 0.090591 0.006528
168900 -3130.42807277 424.52727547 0.360993 5.9949 0.874598 0.090591 0.076481
169000 -3140.04167417 431.63320599 0.367035 5.9881 0.868200 0.091826 -0.012683
169100 -3132.20608816 427.19363382 0.363260 5.9881 0.868200 0.091826 0.038114
169200 -3132.15679850 431.17650825 0.366647 5.9881 0.868200 0.091826 0.015266
169300 -3134.23781293 421.81506495 0.358686 5.9881 0.868200 0.091826 -0.003869
169400 -3143.32225170 423.07919724 0.359761 5.9881 0.868200 0.091826 -0.051615
169500 -3153.53614209 430.16120073 0.365783 5.9898 0.884385 0.086607 -0.098477
169600 -3151.19704744 439.18232597 0.373454 5.9898 0.884385 0.086607 -0.063273
169700 -3128.11219465 409.70662333 0.348390 5.9898 0.884385 0.086607 0.068525
169800 -3146.96962515 445.81686537 0.379096 5.9898 0.884385 0.086607 -0.034980
169900 -3104.33830251 428.56906389 0.364429 5.9898 0.884385 0.086607 0.203235
170000 -3122.84257496 408.02742410 0.346962 5.9881 0.863298 0.092796 0.055216
170100 -3134.56226291 403.50433251 0.343116 5.9881 0.863298 0.092796 -0.025132
170200 -3128.63342515 433.66945195 0.368767 5.9881 0.863298 0.092796 0.049985
170300 -3121.87760450 430.05506272 0.365693 5.9881 0.863298 0.092796 0.044881
170400 -3133.65065503 423.96275754 0.360513 5.9881 0.863298 0.092796 -0.027876
170500 -3128.64735167 442.60330621 0.376363 6.0000 0.876287 0.089475 0.006434
170600 -3109.60898342 410.54227752 0.349101 6.0000 0.876287 0.089475 0.094453
170700 -3129.55966545 422.79074310 0.359516 6.0000 0.876287 0.089475 -0.020893
170800 -3140.18826702 434.75366020 0.369688 6.0000 0.876287 0.089475 -0.053714
170900 -3111.43252235 409.93604596 0.348585 6.0000 0.876287 0.089475 0.113232
171000 -3137.27944426 430.57627204 0.366136 5.9966 0.879113 0.089811 -0.059892
171100 -3130.18487312 418.95259319 0.356252 5.9966 0.879113 0.089811 0.003374
171200 -3135.37282212 442.80119797 0.376532 5.9966 0.879113 0.089811 -0.025281
171300 -3117.50172855 434.67826122 0.369624 5.9966 0.879113 0.089811 0.072834
171400 -3108.73914565 426.04572338 0.362284 5.9966 0.879113 0.089811 0.082445
171500 -3139.09491870 429.21524680 0.364979 5.9966 0.879635 0.088736 -0.098985
171600 -3145.70880475 422.28387481 0.359085 5.9966 0.879635 0.088736 -0.137032
171700 -3140.66542447 419.72519422 0.356909 5.9966 0.879635 0.088736 -0.099605
171800 -3137.15393940 405.18463664 0.344545 5.9966 0.879635 0.088736 -0.037385
171900 -3147.69695166 425.67273638 0.361967 5.9966 0.879635 0.088736 -0.053975
172000 -3155.95045073 417.10967232 0.354685 5.9881 0.880996 0.088009 -0.064614
172100 -3128.50602137 418.65829411 0.356002 5.9881 0.880996 0.088009 0.091393
172200 -3131.16303199 436.78121471 0.371413 5.9881 0.880996 0.088009 0.045353
172300 -3123.71627285 409.54233704 0.348250 5.9881 0.880996 0.088009 0.105778
172400 -3120.29082715 424.70646112 0.361145 5.9881 0.880996 0.088009 0.090431
172500 -3134.01427537 424.42162293 0.360903 6.0000 0.867990 0.090681 -0.010122
172600 -3109.29334740 427.42433141 0.363456 6.0000 0.867990 0.090681 0.167536
172700 -3126.61069597 415.20196088 0.353063 6.0000 0.867990 0.090681 -0.009449
172800 -3105.67072486 415.55933456 0.353367 6.0000 0.867990 0.090681 0.158020
172900 -3131.00547905 423.10644123 0.359784 6.0000 0.867990 0.090681 -0.003724
173000 -3110.95637095 421.49180685 0.358411 5.9932 0.864496 0.091633 0.084721
173100 -3139.11413618 435.92950275 0.370688 5.9932 0.864496 0.091633 -0.082031
173200 -3127.29326944 420.07135223 0.357204 5.9932 0.864496 0.091633 -0.008244
173300 -3115.18469744 428.28479824 0.364188 5.9932 0.864496 0.091633 0.063886
173400 -3130.59440626 430.43219994 0.366014 5.9932 0.864496 0.091633 -0.042500
173500 -3121.04019762 418.23108121 0.355639 5.9898 0.865536 0.092408 0.020564
173600 -3118.22922595 434.85061839 0.369771 5.9898 0.865536 0.092408 0.075058
173700 -3148.39926520 421.25534792 0.358210 5.9898 0.865536 0.092408 -0.137093
173800 -3123.24668975 405.57974853 0.344881 5.9898 0.865536 0.092408 0.028548
173900 -3110.94621433 414.55785828 0.352515 5.9898 0.865536 0.092408 0.132408
174000 -3150.14698926 427.65514718 0.363652 5.9983 0.880459 0.086556 -0.086640
174100 -3135.59177222 441.90590313 0.375770 5.9983 0.880459 0.086556 0.004075
174200 -3146.49321633 441.65921625 0.375561 5.9983 0.880459 0.086556 -0.073368
174300 -3145.41080461 421.75034070 0.358631 5.9983 0.880459 0.086556 -0.104115
174400 -3132.60612340 414.89647178 0.352803 5.9983 0.880459 0.086556 0.020046
174500 -3128.45449583 440.21932645 0.374336 5.9966 0.877070 0.088544 0.048451
174600 -3125.69217470 429.19643701 0.364963 5.9966 0.877070 0.088544 0.004439
174700 -3129.12804909 429.69477311 0.365387 5.9966 0.877070 0.088544 0.010058
174800 -3119.95274406 424.81536097 0.361238 5.9966 0.877070 0.088544 0.028181
174900 -3127.85060471 407.05428600 0.346135 5.9966 0.877070 0.088544 -0.015427
175000 -3140.85311621 411.56944712 0.349974 5.9966 0.875906 0.088572 -0.084470
175100 -3134.23030305 409.38038996 0.348113 5.9966 0.875906 0.088572 0.011083
175200 -3127.67799226 435.26075655 0.370120 5.9966 0.875906 0.088572 0.044309
175300 -3146.91390781 437.59077922 0.372101 5.9966 0.875906 0.088572 -0.083997
175400 -3131.45770218 423.12664474 0.359802 5.9966 0.875906 0.088572 0.010666
175500 -3131.48705928 426.72104955 0.362858 5.9983 0.876518 0.088499 -0.010433
175600 -3137.72334161 410.35220150 0.348939 5.9983 0.876518 0.088499 -0.060006
175700 -3146.98431799 412.65291060 0.350895 5.9983 0.876518 0.088499 -0.078271
175800 -3145.26038259 414.03345268 0.352069 5.9983 0.876518 0.088499 -0.038122
175900 -3122.15553701 416.09091327 0.353819 5.9983 0.876518 0.088499 0.131931
176000 -3131.86751813 421.38115337 0.358317 5.9915 0.865801 0.088801 0.046783
176100 -3148.42390264 457.57349705 0.389093 5.9915 0.865801 0.088801 -0.076909
176200 -3136.59705559 433.44056158 0.368572 5.9915 0.865801 0.088801 -0.009878
176300 -3131.72254578 439.28795784 0.373544 5.9915 0.865801 0.088801 -0.001223
176400 -3125.85383675 410.19388392 0.348804 5.9915 0.865801 0.088801 0.031796
176500 -3125.59156404 439.85285030 0.374025 5.9983 0.871391 0.090961 0.046703
176600 -3115.71787543 414.72651773 0.352659 5.9983 0.871391 0.090961 0.040684
176700 -3117.34239475 436.24753744 0.370959 5.9983 0.871391 0.090961 0.067476
176800 -3126.57342086 404.50371417 0.343966 5.9983 0.871391 0.090961 -0.007146
176900 -3119.01496992 403.14429522 0.342810 5.9983 0.871391 0.090961 0.042807
177000 -3138.39156781 422.10843883 0.358936 5.9949 0.877871 0.089465 -0.095703
177100 -3141.43690627 429.96011259 0.365612 5.9949 0.877871 0.089465 -0.070744
177200 -3125.93664722 422.60021024 0.359354 5.9949 0.877871 0.089465 0.047489
177300 -3130.57517744 432.41830043 0.367703 5.9949 0.877871 0.089465 0.015549
177400 -3133.37220216 432.43386990 0.367716 5.9949 0.877871 0.089465 -0.020062
177500 -3120.98211256 418.74342279 0.356074 6.0000 0.859657 0.091925 0.055035
177600 -3120.32068223 450.79453383 0.383329 6.0000 0.859657 0.091925 0.058886
177700 -3141.02897758 436.44005767 0.371122 6.0000 0.859657 0.091925 -0.133769
177800 -3133.02731279 404.94876535 0.344344 6.0000 0.859657 0.091925 -0.050923
177900 -3128.14436754 409.46612076 0.348185 6.0000 0.859657 0.091925 0.006453
178000 -3129.54738979 446.77171538 0.379908 5.9915 0.869756 0.088931 -0.011232
178100 -3133.99326143 444.39772618 0.377889 5.9915 0.869756 0.088931 -0.016569
178200 -3110.46473704 441.26303267 0.375224 5.9915 0.869756 0.088931 0.147062
178300 -3103.26007061 438.04045695 0.372483 5.9915 0.869756 0.088931 0.125045
178400 -3118.32577053 441.79022058 0.375672 5.9915 0.869756 0.088931 -0.025697
178500 -3109.00577110 415.10384482 0.352979 5.9915 0.867337 0.094658 0.028341
178600 -3123.35146903 427.48538681 0.363508 5.9915 0.867337 0.094658 -0.062123
178700 -3134.34095149 416.59715211 0.354249 5.9915 0.867337 0.094658 -0.109159
178800 -3122.32759318 416.09931683 0.353826 5.9915 0.867337 0.094658 0.007479
178900 -3110.86605508 439.02955750 0.373324 5.9915 0.867337 0.094658 0.104544
179000 -3115.74340267 439.26599384 0.373526 5.9949 0.868283 0.091234 0.056384
179100 -3138.72094875 434.23674831 0.369249 5.9949 0.868283 0.091234 -0.107938
179200 -3128.68333591 421.87744915 0.358739 5.9949 0.868283 0.091234 -0.029717
179300 -3146.75112003 423.66604738 0.360260 5.9949 0.868283 0.091234 -0.140280
179400 -3144.21678635 421.62534685 0.358525 5.9949 0.868283 0.091234 -0.099169
179500 -3129.66594022 413.15211139 0.351320 5.9966 0.872540 0.090605 0.025021
179600 -3118.67392674 426.01548398 0.362258 5.9966 0.872540 0.090605 0.081634
179700 -3140.80920608 422.50648281 0.359274 5.9966 0.872540 0.090605 -0.051984
179800 -3138.97056249 418.59723061 0.355950 5.9966 0.872540 0.090605 -0.023837
179900 -3147.13521638 424.00444357 0.360548 5.9966 0.872540 0.090605 -0.103462
180000 -3146.07940971 411.79699147 0.350168 5.9983 0.872345 0.086149 -0.060425
180100 -3136.73415612 396.36116778 0.337042 5.9983 0.872345 0.086149 0.036669
180200 -3148.54290706 422.37537117 0.359163 5.9983 0.872345 0.086149 -0.050833
180300 -3148.68606960 417.63825882 0.355135 5.9983 0.872345 0.086149 -0.015641
180400 -3154.24614559 418.20670716 0.355618 5.9983 0.872345 0.086149 -0.068456
180500 -3144.36954831 421.71618783 0.358602 5.9983 0.876330 0.089599 -0.014174
180600 -3139.56790225 408.64417035 0.347487 5.9983 0.876330 0.089599 0.016036
180700 -3140.19325477 421.42931319 0.358358 5.9983 0.876330 0.089599 0.023765
180800 -3146.13619799 437.77236037 0.372255 5.9983 0.876330 0.089599 -0.035341
180900 -3150.77769729 418.96970066 0.356267 5.9983 0.876330 0.089599 -0.062802
181000 -3145.33205776 410.53398042 0.349094 5.9966 0.875674 0.090290 0.003721
181100 -3134.34689598 407.89886554 0.346853 5.9966 0.875674 0.090290 0.042943
181200 -3138.73115109 418.85245439 0.356167 5.9966 0.875674 0.090290 0.023614
181300 -3145.23323471 437.90235695 0.372366 5.9966 0.875674 0.090290 -0.017963
181400 -3142.46734130 439.59250759 0.373803 5.9966 0.875674 0.090290 -0.016887
181500 -3136.99125425 452.67139387 0.384925 5.9915 0.873231 0.088319 0.026526
181600 -3129.32876072 420.65420018 0.357699 5.9915 0.873231 0.088319 0.004715
181700 -3124.95345878 439.41290748 0.373650 5.9915 0.873231 0.088319 0.059857
181800 -3122.92646611 419.75080513 0.356931 5.9915 0.873231 0.088319 0.064869
181900 -3127.97111825 434.73806270 0.369675 5.9915 0.873231 0.088319 -0.010416
182000 -3134.44456031 412.21350901 0.350522 5.9932 0.874913 0.088975 -0.012381
182100 -3137.10331836 421.05378282 0.358039 5.9932 0.874913 0.088975 -0.007358
182200 -3114.75204222 399.04446332 0.339324 5.9932 0.874913 0.088975 0.129710
182300 -3148.59608482 418.27148754 0.355673 5.9932 0.874913 0.088975 -0.095168
182400 -3139.52991448 417.03032726 0.354618 5.9932 0.874913 0.088975 -0.001220
182500 -3152.44886955 415.16846589 0.353034 5.9983 0.881756 0.086912 -0.114399
182600 -3151.61403752 424.20676858 0.360720 5.9983 0.881756 0.086912 -0.053968
182700 -3142.73471468 439.38129088 0.373624 5.9983 0.881756 0.086912 -0.000417
182800 -3137.92476206 455.61078186 0.387424 5.9983 0.881756 0.086912 0.013967
182900 -3127.15717063 433.47989353 0.368605 5.9983 0.881756 0.086912 0.034191
183000 -3113.69552851 417.84547391 0.355311 5.9813 0.863985 0.093805 0.107407
183100 -3131.33667227 423.32397693 0.359969 5.9813 0.863985 0.093805 -0.043993
183200 -3117.40516746 412.61363346 0.350862 5.9813 0.863985 0.093805 0.075562
183300 -3112.71791063 428.45322142 0.364331 5.9813 0.863985 0.093805 0.061958
183400 -3124.80933568 422.14705891 0.358969 5.9813 0.863985 0.093805 -0.024913
183500 -3132.29233630 431.86546027 0.367233 5.9864 0.878297 0.090775 -0.059372
183600 -3129.83339011 426.74052383 0.362875 5.9864 0.878297 0.090775 -0.045257
183700 -3130.67645651 417.68832632 0.355177 5.9864 0.878297 0.090775 -0.048500
183800 -3152.02236933 417.14593673 0.354716 5.9864 0.878297 0.090775 -0.138508
183900 -3160.54089981 423.88337985 0.360445 5.9864 0.878297 0.090775 -0.167743
184000 -3140.96879039 410.77354135 0.349297 5.9983 0.882286 0.085998 0.000301
184100 -3148.28932930 436.33635761 0.371034 5.9983 0.882286 0.085998 -0.026922
184200 -3162.39354087 416.75884527 0.354387 5.9983 0.882286 0.085998 -0.127876
184300 -3149.88473496 405.29815539 0.344641 5.9983 0.882286 0.085998 -0.044549
184400 -3160.69581741 407.18419752 0.346245 5.9983 0.882286 0.085998 -0.073286
184500 -3174.29218622 424.22201269 0.360733 5.9949 0.885552 0.084819 -0.103100
184600 -3163.91789375 409.69375100 0.348379 5.9949 0.885552 0.084819 -0.057858
184700 -3163.28973847 399.79024276 0.339958 5.9949 0.885552 0.084819 -0.029999
184800 -3153.88805956 417.05022562 0.354635 5.9949 0.885552 0.084819 0.039692
184900 -3147.69999468 416.11392054 0.353838 5.9949 0.885552 0.084819 0.051117
185000 -3146.80033028 422.77745762 0.359505 5.9932 0.879078 0.088140 0.053903
185100 -3130.88287136 420.60740824 0.357659 5.9932 0.879078 0.088140 0.111237
185200 -3120.69667725 428.61313348 0.364467 5.9932 0.879078 0.088140 0.137538
185300 -3109.60975829 411.37637374 0.349810 5.9932 0.879078 0.088140 0.160134
185400 -3146.17232497 429.55471311 0.365268 5.9932 0.879078 0.088140 -0.078750
185500 -3146.06544115 422.84055290 0.359558 5.9915 0.884335 0.088142 -0.057264
185600 -3137.56788173 426.06481747 0.362300 5.9915 0.884335 0.088142 0.009575
185700 -3135.08025536 420.47620405 0.357548 5.9915 0.884335 0.088142 -0.000109
185800 -3116.94959612 405.88750590 0.345142 5.9915 0.884335 0.088142 0.096120
185900 -3125.28429633 411.05544557 0.349537 5.9915 0.884335 0.088142 0.074727
186000 -3130.06493158 427.25404852 0.363311 5.9983 0.870891 0.089284 0.045171
186100 -3131.26385304 403.76710048 0.343339 5.9983 0.870891 0.089284 0.018436
186200 -3157.24906862 404.13833675 0.343655 5.9983 0.870891 0.089284 -0.117086
186300 -3144.32110979 404.46133909 0.343930 5.9983 0.870891 0.089284 -0.015641
186400 -3142.20943739 411.38645601 0.349818 5.9983 0.870891 0.089284 0.026124
186500 -3144.07440110 418.89326363 0.356202 5.9932 0.875975 0.089064 0.037233
186600 -3138.82352507 423.49199353 0.360112 5.9932 0.875975 0.089064 0.066421
186700 -3144.63042925 410.12246394 0.348744 5.9932 0.875975 0.089064 -0.006385
186800 -3151.35578681 408.28749587 0.347183 5.9932 0.875975 0.089064 -0.058353
186900 -3150.73485891 414.25252170 0.352256 5.9932 0.875975 0.089064 -0.010502
187000 -3149.77353430 425.47002584 0.361794 5.9966 0.883272 0.087936 0.000301
187100 -3149.94296046 424.13602293 0.360660 5.9966 0.883272 0.087936 -0.009059
187200 -3144.56765662 427.49413204 0.363515 5.9966 0.883272 0.087936 0.001430
187300 -3124.49433513 427.33078144 0.363377 5.9966 0.883272 0.087936 0.133731
187400 -3133.25450073 426.75664965 0.362888 5.9966 0.883272 0.087936 0.056795
187500 -3125.64200807 397.47940732 0.337993 5.9932 0.869998 0.089960 0.086185
187600 -3135.29076070 414.73973870 0.352670 5.9932 0.869998 0.089960 0.042147
187700 -3130.13521947 407.98631706 0.346927 5.9932 0.869998 0.089960 0.034606
187800 -3141.02217333 430.57332421 0.366134 5.9932 0.869998 0.089960 -0.017054
187900 -3157.02245526 416.24063794 0.353946 5.9932 0.869998 0.089960 -0.122174
188000 -3121.96961776 419.60165367 0.356804 5.9949 0.869165 0.090809 0.109655
188100 -3142.06189807 438.61538413 0.372972 5.9949 0.869165 0.090809 -0.048373
188200 -3126.38577532 424.31478191 0.360812 5.9949 0.869165 0.090809 0.024272
188300 -3130.35547752 410.95390993 0.349451 5.9949 0.869165 0.090809 -0.009881
188400 -3138.59725492 420.37744087 0.357464 5.9949 0.869165 0.090809 -0.026916
188500 -3131.93966315 406.38276034 0.345564 5.9966 0.879291 0.087241 -0.017582
188600 -3149.70420562 407.52451856 0.346534 5.9966 0.879291 0.087241 -0.073709
188700 -3138.82117895 400.52121415 0.340579 5.9966 0.879291 0.087241 0.022988
188800 -3164.32609723 426.79959225 0.362925 5.9966 0.879291 0.087241 -0.091246
188900 -3144.66418620 401.06104398 0.341038 5.9966 0.879291 0.087241 0.056320
189000 -3140.29502887 407.39291368 0.346423 5.9983 0.872517 0.086261 0.060818
189100 -3146.00535046 415.86314526 0.353625 5.9983 0.872517 0.086261 0.005756
189200 -3130.01136877 403.30690179 0.342948 5.9983 0.872517 0.086261 0.088629
189300 -3162.34019023 393.36130092 0.334491 5.9983 0.872517 0.086261 -0.093795
189400 -3148.90291473 403.28226724 0.342927 5.9983 0.872517 0.086261 0.035027
189500 -3158.57755900 406.65818429 0.345798 5.9983 0.874257 0.089537 -0.024066
189600 -3134.90108170 408.89007451 0.347696 5.9983 0.874257 0.089537 0.128065
189700 -3147.40923885 393.96129876 0.335001 5.9983 0.874257 0.089537 -0.000642
189800 -3170.53945128 420.48294386 0.357554 5.9983 0.874257 0.089537 -0.100035
189900 -3165.95629119 414.80660532 0.352727 5.9983 0.874257 0.089537 -0.062773
190000 -3149.63883524 417.82139084 0.355290 5.9983 0.879880 0.087562 0.035283
190100 -3143.56139824 404.18102758 0.343691 5.9983 0.879880 0.087562 0.104004
190200 -3158.70943219 408.58932158 0.347440 5.9983 0.879880 0.087562 -0.033529
190300 -3154.45737514 403.58496610 0.343184 5.9983 0.879880 0.087562 -0.018888
190400 -3148.14422307 412.65320590 0.350896 5.9983 0.879880 0.087562 0.029614
190500 -3163.38889278 427.22853094 0.363290 5.9983 0.886528 0.084378 -0.056500
190600 -3128.09328111 428.19575214 0.364112 5.9983 0.886528 0.084378 0.167481
190700 -3121.08891958 429.58264272 0.365291 5.9983 0.886528 0.084378 0.151250
190800 -3130.02133842 421.13968677 0.358112 5.9983 0.886528 0.084378 0.065375
190900 -3133.54782536 403.41941020 0.343044 5.9983 0.886528 0.084378 0.043197
191000 -3140.79584498 419.02049209 0.356310 5.9966 0.875084 0.086793 0.014541
191100 -3130.39392024 420.20397766 0.357316 5.9966 0.875084 0.086793 0.080770
191200 -3136.45441398 435.41153405 0.370248 5.9966 0.875084 0.086793 0.032402
191300 -3137.38375193 431.31226754 0.366762 5.9966 0.875084 0.086793 -0.010985
191400 -3140.49907621 431.72391608 0.367112 5.9966 0.875084 0.086793 -0.023429
191500 -3132.22825595 413.68682270 0.351775 5.9915 0.866793 0.093347 0.043736
191600 -3136.18225677 417.05934221 0.354642 5.9915 0.866793 0.093347 0.006379
191700 -3133.20457159 407.45413080 0.346475 5.9915 0.866793 0.093347 -0.002339
191800 -3149.87313093 411.21488077 0.349673 5.9915 0.866793 0.093347 -0.057943
191900 -3160.25607877 411.19726501 0.349658 5.9915 0.866793 0.093347 -0.116255
192000 -3157.48019946 420.94943995 0.357950 5.9966 0.880777 0.087376 -0.068242
192100 -3143.38835246 436.24253706 0.370955 5.9966 0.880777 0.087376 0.052088
192200 -3129.37042254 401.83269493 0.341694 5.9966 0.880777 0.087376 0.122635
192300 -3142.61054962 426.75671107 0.362888 5.9966 0.880777 0.087376 -0.013672
192400 -3138.32861543 407.29325000 0.346338 5.9966 0.880777 0.087376 0.016711
192500 -3137.75585859 410.20288444 0.348812 6.0000 0.881784 0.086701 0.032585
192600 -3157.10981912 418.68309552 0.356023 6.0000 0.881784 0.086701 -0.079224
192700 -3136.63818346 414.62074423 0.352569 6.0000 0.881784 0.086701 0.040230
192800 -3115.80714693 412.56788998 0.350823 6.0000 0.881784 0.086701 0.160605
192900 -3151.00340816 437.30813245 0.371861 6.0000 0.881784 0.086701 -0.067376
193000 -3151.75973682 414.85839992 0.352771 5.9983 0.878206 0.087456 -0.051304
193100 -3149.27478410 423.46154576 0.360086 5.9983 0.878206 0.087456 -0.033796
193200 -3137.45003375 441.39171908 0.375333 5.9983 0.878206 0.087456 0.059768
193300 -3122.85694353 419.74034771 0.356922 5.9983 0.878206 0.087456 0.085096
193400 -3132.54971339 417.40999770 0.354940 5.9983 0.878206 0.087456 0.040492
193500 -3121.79243984 424.97767577 0.361376 5.9949 0.868480 0.091685 0.124564
193600 -3140.36665702 411.24872133 0.349701 5.9949 0.868480 0.091685 -0.049833
193700 -3140.67113789 432.97659804 0.368177 5.9949 0.868480 0.091685 -0.008425
193800 -3134.16057051 416.19602048 0.353908 5.9949 0.868480 0.091685 -0.022910
193900 -3124.54185266 436.21817712 0.370934 5.9949 0.868480 0.091685 0.083857
194000 -3109.38142709 441.84969679 0.375723 5.9949 0.861016 0.091411 0.140658
194100 -3117.47585352 442.14245514 0.375971 5.9949 0.861016 0.091411 0.050453
194200 -3134.70778573 429.59910635 0.365305 5.9949 0.861016 0.091411 -0.078081
194300 -3138.88548094 423.76661397 0.360346 5.9949 0.861016 0.091411 -0.066769
194400 -3143.09486664 420.74014114 0.357772 5.9949 0.861016 0.091411 -0.078515
194500 -3119.04741559 420.83265140 0.357851 5.9966 0.877763 0.088952 0.068060
194600 -3128.63592039 423.97373342 0.360522 5.9966 0.877763 0.088952 0.006842
194700 -3111.19951397 408.66407543 0.347503 5.9966 0.877763 0.088952 0.107553
194800 -3136.43979434 436.66606337 0.371315 5.9966 0.877763 0.088952 -0.028277
194900 -3133.05263763 423.63331492 0.360232 5.9966 0.877763 0.088952 -0.028688
195000 -3132.27550578 449.86628494 0.382539 5.9949 0.872283 0.091307 -0.003978
195100 -3113.59749263 439.41667091 0.373654 5.9949 0.872283 0.091307 0.114687
195200 -3112.37959068 436.55206368 0.371218 5.9949 0.872283 0.091307 0.102380
195300 -3135.10192722 453.37579844 0.385524 5.9949 0.872283 0.091307 -0.077842
195400 -3115.27454489 429.49054857 0.365213 5.9949 0.872283 0.091307 -0.001778
195500 -3124.20143284 449.08686819 0.381877 5.9932 0.876218 0.089188 -0.014238
195600 -3132.05537121 453.34818163 0.385500 5.9932 0.876218 0.089188 -0.056756
195700 -3118.37372839 426.33150132 0.362527 5.9932 0.876218 0.089188 0.011258
195800 -3112.62295251 420.10770718 0.357234 5.9932 0.876218 0.089188 0.046775
195900 -3122.75092395 419.51718683 0.356732 5.9932 0.876218 0.089188 -0.031106
196000 -3126.80625960 438.25432155 0.372665 6.0000 0.871949 0.087927 -0.027827
196100 -3114.35053596 418.69934445 0.356037 6.0000 0.871949 0.087927 0.054683
196200 -3133.77255002 423.93973675 0.360493 6.0000 0.871949 0.087927 -0.054767
196300 -3126.26682960 444.92966503 0.378342 6.0000 0.871949 0.087927 -0.016229
196400 -3122.14585263 423.57794184 0.360185 6.0000 0.871949 0.087927 -0.020535
196500 -3110.86682800 419.03489505 0.356322 5.9898 0.862039 0.095739 0.055325
196600 -3113.18306865 425.28732420 0.361639 5.9898 0.862039 0.095739 0.030036
196700 -3110.31708682 418.47463920 0.355846 5.9898 0.862039 0.095739 0.035586
196800 -3119.97318835 444.84135058 0.378266 5.9898 0.862039 0.095739 -0.002558
196900 -3111.59872250 428.12751880 0.364054 5.9898 0.862039 0.095739 0.009072
197000 -3126.25488099 405.97849105 0.345220 5.9898 0.877243 0.088794 -0.073262
197100 -3125.36557167 412.60796278 0.350857 5.9898 0.877243 0.088794 0.006474
197200 -3131.23009118 417.03978186 0.354626 5.9898 0.877243 0.088794 -0.028750
197300 -3115.44555258 412.51555765 0.350779 5.9898 0.877243 0.088794 0.110322
197400 -3139.24994608 422.49789870 0.359267 5.9898 0.877243 0.088794 -0.064110
197500 -3117.12668411 421.37517158 0.358312 5.9932 0.868254 0.091275 0.108859
197600 -3147.40091916 451.41868467 0.383859 5.9932 0.868254 0.091275 -0.101636
197700 -3124.50072927 445.67362058 0.378974 5.9932 0.868254 0.091275 0.027808
197800 -3139.41712081 429.49145655 0.365214 5.9932 0.868254 0.091275 -0.076176
197900 -3143.82043659 408.62851651 0.347473 5.9932 0.868254 0.091275 -0.060474
198000 -3136.84991566 424.55795588 0.361019 5.9898 0.877155 0.090421 -0.028829
198100 -3120.54701282 424.93173561 0.361337 5.9898 0.877155 0.090421 0.086079
198200 -3129.76625376 413.96664914 0.352012 5.9898 0.877155 0.090421 0.007769
198300 -3142.58568267 416.27974358 0.353979 5.9898 0.877155 0.090421 -0.081700
198400 -3137.09263933 420.00659985 0.357148 5.9898 0.877155 0.090421 -0.027385
198500 -3137.74388741 438.85213086 0.373174 5.9915 0.873086 0.091950 -0.032199
198600 -3148.65714586 430.54592066 0.366110 5.9915 0.873086 0.091950 -0.108606
198700 -3118.10252221 405.46266922 0.344781 5.9915 0.873086 0.091950 0.071025
198800 -3123.25099641 416.04591244 0.353781 5.9915 0.873086 0.091950 0.048596
198900 -3147.03635041 425.83832516 0.362107 5.9915 0.873086 0.091950 -0.064651
199000 -3143.34970016 407.79908343 0.346768 6.0000 0.880177 0.086988 -0.035115
199100 -3150.16763568 415.18118498 0.353045 6.0000 0.880177 0.086988 -0.026504
199200 -3158.75373295 405.57135741 0.344874 6.0000 0.880177 0.086988 -0.111969
199300 -3143.10766409 418.81372101 0.356134 6.0000 0.880177 0.086988 0.037713
199400 -3128.63080266 411.83697451 0.350202 6.0000 0.880177 0.086988 0.103334
199500 -3132.59628177 429.36790194 0.365109 5.9932 0.873668 0.089480 0.055886
199600 -3146.44220760 433.13136646 0.368309 5.9932 0.873668 0.089480 -0.072829
199700 -3149.93089384 427.46605497 0.363492 5.9932 0.873668 0.089480 -0.067437
199800 -3129.94272955 434.72985598 0.369668 5.9932 0.873668 0.089480 0.072017
199900 -3126.35679280 421.91957777 0.358775 5.9932 0.873668 0.089480 0.020091
200000 -3123.64888672 420.83424823 0.357852 5.9915 0.855145 0.093889 0.033160
200100 -3134.19671517 433.63946546 0.368741 5.9915 0.855145 0.093889 -0.063803
200200 -3116.11278702 441.29375184 0.375250 5.9915 0.855145 0.093889 0.022485
200300 -3105.65601279 433.70892877 0.368800 5.9915 0.855145 0.093889 0.056050
200400 -3115.15919240 449.68447439 0.382385 5.9915 0.855145 0.093889 0.020433
200500 -3094.16489126 429.54670507 0.365261 5.9898 0.857495 0.095659 0.123262
200600 -3128.05774299 418.97737418 0.356273 5.9898 0.857495 0.095659 -0.101868
200700 -3132.09604021 408.30311846 0.347197 5.9898 0.857495 0.095659 -0.089459
200800 -3142.11847682 417.41793625 0.354947 5.9898 0.857495 0.095659 -0.161259
200900 -3139.46045692 403.36894687 0.343001 5.9898 0.857495 0.095659 -0.093133
201000 -3124.52571970 397.87903072 0.338333 5.9915 0.867023 0.091853 0.031194
201100 -3150.54317552 426.09089222 0.362322 5.9915 0.867023 0.091853 -0.116234
201200 -3135.16920286 410.48955382 0.349056 5.9915 0.867023 0.091853 0.024578
201300 -3136.53320960 418.07387192 0.355505 5.9915 0.867023 0.091853 0.010823
201400 -3160.57761077 433.18303212 0.368353 5.9915 0.867023 0.091853 -0.129768
201500 -3162.32289249 426.27373684 0.362478 6.0000 0.877970 0.084566 -0.122615
201600 -3146.20747846 424.95010949 0.361352 6.0000 0.877970 0.084566 -0.025656
201700 -3140.32554368 417.99051193 0.355434 6.0000 0.877970 0.084566 0.010979
201800 -3148.84061118 430.99548229 0.366493 6.0000 0.877970 0.084566 -0.035578
201900 -3143.37330108 417.87097349 0.355332 6.0000 0.877970 0.084566 0.011882
202000 -3120.01630895 419.41385300 0.356644 5.9966 0.867033 0.090580 0.118415
202100 -3126.60000409 438.34220587 0.372740 5.9966 0.867033 0.090580 0.096832
202200 -3117.04064803 401.31684133 0.341256 5.9966 0.867033 0.090580 0.091486
202300 -3144.91164029 434.31038858 0.369312 5.9966 0.867033 0.090580 -0.064449
202400 -3138.43706262 417.76645636 0.355244 5.9966 0.867033 0.090580 -0.030621
202500 -3143.19093164 438.14923210 0.372576 5.9915 0.874111 0.087417 -0.037218
202600 -3119.84555576 418.67193178 0.356014 5.9915 0.874111 0.087417 0.060827
202700 -3118.88012859 436.59400002 0.371253 5.9915 0.874111 0.087417 0.111021
202800 -3124.64397630 446.63505974 0.379792 5.9915 0.874111 0.087417 0.007650
202900 -3104.01596674 432.29114232 0.367595 5.9915 0.874111 0.087417 0.109024
203000 -3113.74490741 418.41254450 0.355793 5.9915 0.862729 0.092536 0.029304
203100 -3123.07124881 419.73223208 0.356915 5.9915 0.862729 0.092536 -0.019867
203200 -3141.35497764 435.57957446 0.370391 5.9915 0.862729 0.092536 -0.116555
203300 -3121.12212632 418.02673110 0.355465 5.9915 0.862729 0.092536 0.018791
203400 -3143.10607884 423.02065410 0.359711 5.9915 0.862729 0.092536 -0.119975
203500 -3120.36856832 408.97524231 0.347768 5.9898 0.869966 0.093242 0.038834
203600 -3134.11658484 416.55095185 0.354210 5.9898 0.869966 0.093242 -0.036813
203700 -3135.00403075 414.76814185 0.352694 5.9898 0.869966 0.093242 -0.020846
203800 -3136.98144500 419.45983090 0.356684 5.9898 0.869966 0.093242 -0.032496
203900 -3130.31300077 407.89958178 0.346853 5.9898 0.869966 0.093242 0.034968
204000 -3135.73797311 428.02907344 0.363970 5.9949 0.879655 0.088221 0.007329
204100 -3141.04661121 434.06634209 0.369104 5.9949 0.879655 0.088221 -0.052881
204200 -3120.93436115 419.99823172 0.357141 5.9949 0.879655 0.088221 0.108502
204300 -3137.42967180 438.59780302 0.372957 5.9949 0.879655 0.088221 -0.013231
204400 -3121.95909177 436.80087928 0.371429 5.9949 0.879655 0.088221 0.059415
204500 -3133.79997694 426.48033882 0.362653 5.9983 0.871234 0.088922 -0.014444
204600 -3130.22281550 430.63988957 0.366190 5.9983 0.871234 0.088922 0.003156
204700 -3145.15673389 442.33882118 0.376138 5.9983 0.871234 0.088922 -0.097383
204800 -3126.30439084 420.99079598 0.357985 5.9983 0.871234 0.088922 0.027185
204900 -3132.83288398 428.56466807 0.364426 5.9983 0.871234 0.088922 -0.011679
205000 -3124.70711776 422.13546100 0.358959 5.9949 0.871295 0.090444 0.011504
205100 -3123.95306579 422.30408476 0.359102 5.9949 0.871295 0.090444 0.027492
205200 -3119.28297778 417.77983333 0.355255 5.9949 0.871295 0.090444 0.059022
205300 -3142.44179486 422.31479500 0.359111 5.9949 0.871295 0.090444 -0.114979
205400 -3153.89244780 426.34913780 0.362542 5.9949 0.871295 0.090444 -0.148531
205500 -3151.97254467 446.63725807 0.379794 5.9949 0.874388 0.088317 -0.099884
205600 -3144.13060310 421.20259299 0.358165 5.9949 0.874388 0.088317 -0.065166
205700 -3135.33267844 432.62886287 0.367882 5.9949 0.874388 0.088317 -0.008716
205800 -3135.56027489 419.40651392 0.356638 5.9949 0.874388 0.088317 -0.012727
205900 -3115.86570798 412.81165353 0.351030 5.9949 0.874388 0.088317 0.131531
206000 -3156.53098510 434.19624810 0.369214 5.9983 0.881424 0.085877 -0.116842
206100 -3150.70410711 424.63786923 0.361087 5.9983 0.881424 0.085877 -0.078070
206200 -3143.31317035 421.25754733 0.358212 5.9983 0.881424 0.085877 -0.011361
206300 -3145.15785465 434.34236721 0.369339 5.9983 0.881424 0.085877 -0.012956
206400 -3118.92788571 422.32215009 0.359117 5.9983 0.881424 0.085877 0.137693
206500 -3131.98168797 431.06862181 0.366555 5.9932 0.872340 0.090781 0.016921
206600 -3128.11105734 435.85306712 0.370623 5.9932 0.872340 0.090781 0.017181
206700 -3130.78150501 440.23535993 0.374350 5.9932 0.872340 0.090781 -0.035166
206800 -3144.23344424 455.09667831 0.386987 5.9932 0.872340 0.090781 -0.085694
206900 -3119.29748034 428.28974846 0.364192 5.9932 0.872340 0.090781 0.040912
207000 -3121.15868722 439.16515091 0.373440 5.9932 0.867101 0.092120 -0.004214
207100 -3125.20042698 417.24045824 0.354796 5.9932 0.867101 0.092120 0.005027
207200 -3122.46682023 426.05067368 0.362288 5.9932 0.867101 0.092120 -0.003862
207300 -3130.62213958 424.53080379 0.360996 5.9932 0.867101 0.092120 -0.032413
207400 -3124.96776901 422.23740956 0.359045 5.9932 0.867101 0.092120 0.023497
207500 -3128.56084494 415.82725784 0.353595 5.9949 0.875320 0.090376 0.007999
207600 -3133.33408760 420.89219962 0.357902 5.9949 0.875320 0.090376 -0.055517
207700 -3124.26741201 423.59855204 0.360203 5.9949 0.875320 0.090376 0.046178
207800 -3138.20510610 433.39625141 0.368534 5.9949 0.875320 0.090376 -0.047265
207900 -3120.73787219 427.25835797 0.363315 5.9949 0.875320 0.090376 0.058740
208000 -3117.76450993 408.09394879 0.347019 5.9966 0.869446 0.093395 0.046217
208100 -3126.74531962 428.26348379 0.364170 5.9966 0.869446 0.093395 -0.002878
208200 -3100.59534317 426.62372295 0.362775 5.9966 0.869446 0.093395 0.151342
208300 -3125.79995176 469.79965368 0.399490 5.9966 0.869446 0.093395 -0.033927
208400 -3093.08754025 430.22551222 0.365838 5.9966 0.869446 0.093395 0.127132
208500 -3119.44023905 430.89745023 0.366409 5.9949 0.868552 0.089902 -0.071170
208600 -3135.54068807 429.86779570 0.365534 5.9949 0.868552 0.089902 -0.140613
208700 -3131.04539135 423.83523536 0.360404 5.9949 0.868552 0.089902 -0.062254
208800 -3120.29458469 411.63335296 0.350028 5.9949 0.868552 0.089902 0.011600
208900 -3129.43066995 445.69912851 0.378996 5.9949 0.868552 0.089902 -0.043721
209000 -3118.13778480 446.04616910 0.379291 5.9915 0.867868 0.093387 0.040906
209100 -3133.45159533 442.87006744 0.376590 5.9915 0.867868 0.093387 -0.096448
209200 -3125.87194268 443.69979463 0.377296 5.9915 0.867868 0.093387 -0.060022
209300 -3123.36027563 423.82912098 0.360399 5.9915 0.867868 0.093387 -0.010609
209400 -3120.66119820 415.08833779 0.352966 5.9915 0.867868 0.093387 -0.028509
209500 -3129.93145285 440.04437597 0.374187 5.9966 0.873086 0.089090 -0.046018
209600 -3128.49857918 426.41753610 0.362600 5.9966 0.873086 0.089090 -0.057744
209700 -3116.66191958 410.25274162 0.348854 5.9966 0.873086 0.089090 0.045383
209800 -3134.08291672 451.15233221 0.383633 5.9966 0.873086 0.089090 -0.045980
209900 -3108.24552193 433.73771940 0.368825 5.9966 0.873086 0.089090 0.081340
210000 -3111.52428254 428.24002997 0.364150 5.9932 0.867558 0.090038 0.030322
210100 -3112.55541987 425.83228265 0.362102 5.9932 0.867558 0.090038 0.035166
210200 -3113.45897145 422.41058086 0.359193 5.9932 0.867558 0.090038 0.035160
210300 -3124.44312756 409.66779227 0.348357 5.9932 0.867558 0.090038 -0.043254
210400 -3122.51603121 420.51497184 0.357581 5.9932 0.867558 0.090038 -0.005774
210500 -3143.78527899 420.73350519 0.357767 5.9966 0.878105 0.087698 -0.134499
210600 -3146.12733423 418.36831016 0.355755 5.9966 0.878105 0.087698 -0.101336
210700 -3140.34655414 400.77526877 0.340795 5.9966 0.878105 0.087698 -0.023004
210800 -3118.85584251 419.23534875 0.356493 5.9966 0.878105 0.087698 0.096647
210900 -3128.46781446 434.01788176 0.369063 5.9966 0.878105 0.087698 0.035402
211000 -3143.16130831 394.72525243 0.335651 5.9983 0.880410 0.088262 -0.070791
211100 -3153.98589795 430.74741034 0.366282 5.9983 0.880410 0.088262 -0.087987
211200 -3125.41268398 415.06293460 0.352945 5.9983 0.880410 0.088262 0.093260
211300 -3142.41398317 423.77734930 0.360355 5.9983 0.880410 0.088262 -0.020313
211400 -3133.81006588 418.06781270 0.355500 5.9983 0.880410 0.088262 0.036131
211500 -3141.95540161 417.30485121 0.354851 5.9966 0.880033 0.087631 -0.006055
211600 -3146.77538589 409.76149478 0.348437 5.9966 0.880033 0.087631 -0.059988
211700 -3143.83833874 400.57734618 0.340627 5.9966 0.880033 0.087631 -0.015256
211800 -3147.91268257 418.44729374 0.355823 5.9966 0.880033 0.087631 0.001821
211900 -3143.03253376 415.83099244 0.353598 5.9966 0.880033 0.087631 0.018892
212000 -3113.31502167 396.50321938 0.337163 5.9983 0.864442 0.091517 0.177973
212100 -3127.77266710 417.04943120 0.354634 5.9983 0.864442 0.091517 0.079047
212200 -3144.54138686 424.50965869 0.360978 5.9983 0.864442 0.091517 -0.026246
212300 -3132.32836212 427.01410769 0.363107 5.9983 0.864442 0.091517 0.051408
212400 -3132.88225202 433.04970701 0.368240 5.9983 0.864442 0.091517 0.061069
212500 -3130.41459499 439.03111981 0.373326 5.9966 0.873257 0.088068 0.048932
212600 -3139.08544172 428.03401159 0.363974 5.9966 0.873257 0.088068 -0.018794
212700 -3127.14314359 414.37238446 0.352357 5.9966 0.873257 0.088068 0.048092
212800 -3111.78442581 427.69943553 0.363690 5.9966 0.873257 0.088068 0.128947
212900 -3126.02956986 424.80879970 0.361232 5.9966 0.873257 0.088068 0.019491
213000 -3140.40230232 425.65869908 0.361955 5.9983 0.874963 0.088801 -0.059120
213100 -3153.04132030 413.42226635 0.351550 5.9983 0.874963 0.088801 -0.141020
213200 -3144.43080804 439.91150403 0.374074 5.9983 0.874963 0.088801 -0.038939
213300 -3124.91256418 444.25323587 0.377766 5.9983 0.874963 0.088801 0.072736
213400 -3116.19572592 442.46195603 0.376243 5.9983 0.874963 0.088801 0.111773
213500 -3124.05454391 427.43338204 0.363464 5.9966 0.865649 0.090183 0.003266
213600 -3119.97102061 419.71385517 0.356900 5.9966 0.865649 0.090183 0.028157
213700 -3140.06998453 438.90949881 0.373222 5.9966 0.865649 0.090183 -0.067220
213800 -3125.90616021 439.33866643 0.373587 5.9966 0.865649 0.090183 0.030432
213900 -3135.61006682 436.61990921 0.371275 5.9966 0.865649 0.090183 -0.061797
214000 -3138.20269034 415.45250055 0.353276 5.9983 0.869250 0.087804 -0.089412
214100 -3134.31001023 419.80612966 0.356978 5.9983 0.869250 0.087804 -0.039636
214200 -3139.56698170 417.78029570 0.355255 5.9983 0.869250 0.087804 -0.059083
214300 -3118.40444872 424.14150962 0.360665 5.9983 0.869250 0.087804 0.089590
214400 -3126.83608669 431.43266942 0.366865 5.9983 0.869250 0.087804 0.033400
214500 -3108.85594787 429.41322928 0.365147 5.9847 0.853598 0.097309 0.128529
214600 -3100.39114810 410.47376378 0.349042 5.9847 0.853598 0.097309 0.119580
214700 -3112.88869701 426.07380182 0.362308 5.9847 0.853598 0.097309 0.029030
214800 -3121.15655049 426.12809632 0.362354 5.9847 0.853598 0.097309 0.002667
214900 -3118.83950019 419.99155587 0.357136 5.9847 0.853598 0.097309 0.004680
215000 -3136.32144952 435.90683231 0.370669 5.9966 0.869400 0.088195 -0.099386
215100 -3122.82487600 425.81258323 0.362086 5.9966 0.869400 0.088195 0.011759
215200 -3139.34889869 424.98242943 0.361380 5.9966 0.869400 0.088195 -0.114767
215300 -3139.78142008 424.19546914 0.360710 5.9966 0.869400 0.088195 -0.086494
215400 -3126.87794180 404.59953970 0.344047 5.9966 0.869400 0.088195 0.054783
215500 -3122.31405623 401.73752407 0.341614 5.9932 0.872505 0.091530 0.052731
215600 -3132.38741154 406.64485179 0.345786 5.9932 0.872505 0.091530 0.006454
215700 -3136.00235522 406.84864194 0.345960 5.9932 0.872505 0.091530 -0.027490
215800 -3125.56219029 408.82949163 0.347644 5.9932 0.872505 0.091530 0.064508
215900 -3130.61235788 423.81455969 0.360387 5.9932 0.872505 0.091530 0.022221
216000 -3123.91933552 419.81106231 0.356982 5.9847 0.867083 0.094227 0.101975
216100 -3134.23715074 422.28814520 0.359089 5.9847 0.867083 0.094227 -0.033079
216200 -3127.73180984 406.04721111 0.345278 5.9847 0.867083 0.094227 0.038912
216300 -3132.96956552 432.44755361 0.367728 5.9847 0.867083 0.094227 0.029719
216400 -3129.62652201 416.15840026 0.353876 5.9847 0.867083 0.094227 -0.012986
216500 -3142.89291131 428.58006761 0.364439 5.9949 0.871108 0.090092 -0.088982
216600 -3130.13621783 421.25102307 0.358207 5.9949 0.871108 0.090092 -0.016386
216700 -3118.81623703 421.55137166 0.358462 5.9949 0.871108 0.090092 0.088716
216800 -3126.46481227 432.32018010 0.367619 5.9949 0.871108 0.090092 0.018524
216900 -3131.51811880 414.09375880 0.352121 5.9949 0.871108 0.090092 -0.028315
217000 -3147.06873939 413.99339888 0.352035 5.9915 0.872768 0.090290 -0.114865
217100 -3137.07687937 403.43650048 0.343058 5.9915 0.872768 0.090290 -0.032730
217200 -3146.57950921 404.56400145 0.344017 5.9915 0.872768 0.090290 -0.063472
217300 -3147.00923101 411.64917453 0.350042 5.9915 0.872768 0.090290 -0.044330
217400 -3146.20518520 412.83795932 0.351053 5.9915 0.872768 0.090290 -0.039523
217500 -3142.09131804 404.44959394 0.343920 5.9983 0.880444 0.086944 -0.001677
217600 -3132.83222735 386.64010475 0.328776 5.9983 0.880444 0.086944 0.090196
217700 -3153.87774769 423.67784577 0.360270 5.9983 0.880444 0.086944 -0.041490
217800 -3151.05809518 406.64486902 0.345786 5.9983 0.880444 0.086944 -0.029520
217900 -3166.27383748 419.23764920 0.356495 5.9983 0.880444 0.086944 -0.106565
218000 -3180.51949038 402.26220729 0.342060 5.9966 0.888808 0.083575 -0.174969
218100 -3148.48332335 403.30433295 0.342946 5.9966 0.888808 0.083575 0.051159
218200 -3147.69002735 408.12926992 0.347049 5.9966 0.888808 0.083575 0.074271
218300 -3151.03254436 414.25378056 0.352257 5.9966 0.888808 0.083575 0.027451
218400 -3154.92635180 412.33706580 0.350627 5.9966 0.888808 0.083575 0.004050
218500 -3143.98557134 432.15335913 0.367477 5.9983 0.878805 0.088106 0.069697
218600 -3146.11899587 416.16465692 0.353882 5.9983 0.878805 0.088106 0.007542
218700 -3154.62004767 413.15141618 0.351319 5.9983 0.878805 0.088106 -0.039667
218800 -3130.80483512 417.43555930 0.354962 5.9983 0.878805 0.088106 0.122846
218900 -3126.13200195 415.11376630 0.352988 5.9983 0.878805 0.088106 0.124029
219000 -3134.50757529 421.93751646 0.358790 5.9881 0.868068 0.092726 0.044259
219100 -3136.78477471 424.75229836 0.361184 5.9881 0.868068 0.092726 0.007801
219200 -3131.66632197 421.87316072 0.358736 5.9881 0.868068 0.092726 0.046125
219300 -3149.23892508 416.29261311 0.353990 5.9881 0.868068 0.092726 -0.080374
219400 -3111.15065138 424.95247047 0.361354 5.9881 0.868068 0.092726 0.170128
219500 -3132.23624216 429.10348906 0.364884 5.9966 0.876465 0.088445 -0.016521
219600 -3109.86363386 422.27234844 0.359075 5.9966 0.876465 0.088445 0.112437
219700 -3106.48975945 432.35169771 0.367646 5.9966 0.876465 0.088445 0.090943
219800 -3104.66783259 435.49725513 0.370321 5.9966 0.876465 0.088445 0.062501
219900 -3092.57843076 435.32495704 0.370174 5.9966 0.876465 0.088445 0.114075
220000 -3106.96545593 436.36877237 0.371062 5.9932 0.861475 0.094336 -0.010633
220100 -3097.04396888 442.00574390 0.375855 5.9932 0.861475 0.094336 0.075501
220200 -3107.59211410 426.47638933 0.362650 5.9932 0.861475 0.094336 0.000621
220300 -3106.26114042 428.04864116 0.363987 5.9932 0.861475 0.094336 0.033001
220400 -3109.53552021 439.47744031 0.373705 5.9932 0.861475 0.094336 0.041883
220500 -3130.38567601 440.37892191 0.374472 6.0000 0.875726 0.089257 -0.098068
220600 -3125.49652101 422.82196958 0.359542 6.0000 0.875726 0.089257 -0.058292
220700 -3108.79517254 413.16625514 0.351332 6.0000 0.875726 0.089257 0.050010
220800 -3109.66022457 415.54169698 0.353352 6.0000 0.875726 0.089257 0.049619
220900 -3113.88383374 407.98404661 0.346925 6.0000 0.875726 0.089257 0.022322
221000 -3128.77290733 417.04146796 0.354627 5.9949 0.869916 0.090494 -0.054206
221100 -3139.88465181 427.69461984 0.363686 5.9949 0.869916 0.090494 -0.083068
221200 -3128.38059454 419.92115675 0.357076 5.9949 0.869916 0.090494 0.004933
221300 -3147.01540349 433.03080936 0.368223 5.9949 0.869916 0.090494 -0.118611
221400 -3126.97630571 414.29293546 0.352290 5.9949 0.869916 0.090494 0.002062
221500 -3144.70807123 428.81701478 0.364640 5.9932 0.875036 0.089565 -0.054568
221600 -3118.79626856 425.32941666 0.361675 5.9932 0.875036 0.089565 0.107285
221700 -3136.54772186 433.39839426 0.368536 5.9932 0.875036 0.089565 -0.026382
221800 -3135.15233014 429.59205021 0.365299 5.9932 0.875036 0.089565 -0.019340
221900 -3139.20885566 414.64743341 0.352591 5.9932 0.875036 0.089565 -0.031750
222000 -3145.64796717 417.36870418 0.354905 5.9983 0.882481 0.086608 -0.088232
222100 -3151.56590810 413.66940906 0.351760 5.9983 0.882481 0.086608 -0.086143
222200 -3149.59926664 449.41066396 0.382152 5.9983 0.882481 0.086608 -0.048450
222300 -3133.75209338 421.05313535 0.358038 5.9983 0.882481 0.086608 0.023749
222400 -3139.73724921 429.83700521 0.365508 5.9983 0.882481 0.086608 0.006906
222500 -3139.47171153 418.93717911 0.356239 5.9983 0.876630 0.089396 -0.023519
222600 -3163.12362982 430.16067495 0.365783 5.9983 0.876630 0.089396 -0.143958
222700 -3150.21440565 419.65480176 0.356849 5.9983 0.876630 0.089396 -0.046811
222800 -3145.45051167 427.62915633 0.363630 5.9983 0.876630 0.089396 -0.067846
222900 -3143.50649572 423.83613683 0.360405 5.9983 0.876630 0.089396 -0.031571
223000 -3139.12260416 431.60970453 0.367015 5.9915 0.877249 0.087672 0.034725
223100 -3131.31647836 425.75068099 0.362033 5.9915 0.877249 0.087672 0.048894
223200 -3126.96216419 439.78418934 0.373966 5.9915 0.877249 0.087672 0.045673
223300 -3128.39970243 427.62034686 0.363623 5.9915 0.877249 0.087672 0.006869
223400 -3148.59212754 433.26931229 0.368426 5.9915 0.877249 0.087672 -0.105593
223500 -3140.20358585 420.76676187 0.357795 5.9966 0.879764 0.087391 -0.042049
223600 -3141.38228549 418.54372093 0.355905 5.9966 0.879764 0.087391 -0.069794
223700 -3151.05308689 425.62361818 0.361925 5.9966 0.879764 0.087391 -0.086044
223800 -3138.18467591 438.87673851 0.373195 5.9966 0.879764 0.087391 0.020659
223900 -3139.85854251 401.18088758 0.341140 5.9966 0.879764 0.087391 -0.008772
224000 -3148.82064449 424.08839707 0.360619 5.9949 0.879076 0.086629 -0.026674
224100 -3125.12544721 410.49015646 0.349056 5.9949 0.879076 0.086629 0.136099
224200 -3146.45603422 394.32008143 0.335306 5.9949 0.879076 0.086629 -0.005310
224300 -3154.12040918 410.47481433 0.349043 5.9949 0.879076 0.086629 -0.032868
224400 -3149.22103541 413.96005431 0.352007 5.9949 0.879076 0.086629 -0.013498
224500 -3144.58802214 431.22744970 0.366690 6.0017 0.878571 0.089833 0.013450
224600 -3141.14720701 427.34703511 0.363390 6.0017 0.878571 0.089833 0.004460
224700 -3152.93765754 445.17009440 0.378546 6.0017 0.878571 0.089833 -0.080302
224800 -3139.35574273 405.88232724 0.345138 6.0017 0.878571 0.089833 -0.007382
224900 -3150.52369355 421.51991845 0.358435 6.0017 0.878571 0.089833 -0.072775
225000 -3150.16086630 419.81918316 0.356989 5.9932 0.877761 0.087037 -0.064471
225100 -3149.08959684 423.83601012 0.360405 5.9932 0.877761 0.087037 -0.030135
225200 -3143.64045512 437.31895076 0.371870 5.9932 0.877761 0.087037 0.002148
225300 -3138.98194570 405.03175226 0.344415 5.9932 0.877761 0.087037 0.006773
225400 -3165.83617974 418.76537741 0.356093 5.9932 0.877761 0.087037 -0.133592
225500 -3153.25292997 410.93888278 0.349438 5.9949 0.883450 0.087200 -0.066755
225600 -3147.48694772 424.31016737 0.360808 5.9949 0.883450 0.087200 0.015643
225700 -3140.25489379 428.48954399 0.364362 5.9949 0.883450 0.087200 0.036961
225800 -3140.11233240 424.28367319 0.360785 5.9949 0.883450 0.087200 0.019776
225900 -3135.38665796 428.40787560 0.364292 5.9949 0.883450 0.087200 0.043425
226000 -3151.79277986 441.30753136 0.375262 5.9966 0.878381 0.085944 -0.070546
226100 -3128.92163438 417.01715999 0.354606 5.9966 0.878381 0.085944 0.081888
226200 -3131.57836457 426.83438309 0.362954 5.9966 0.878381 0.085944 0.050698
226300 -3139.72021066 433.60192673 0.368709 5.9966 0.878381 0.085944 -0.032456
226400 -3142.98463776 418.07321134 0.355504 5.9966 0.878381 0.085944 -0.068574
226500 -3149.58313533 417.21238601 0.354772 5.9932 0.870214 0.090930 -0.097688
226600 -3130.71654906 443.43828596 0.377073 5.9932 0.870214 0.090930 0.022663
226700 -3137.33104679 433.00886026 0.368205 5.9932 0.870214 0.090930 0.012359
226800 -3117.20673346 424.99177751 0.361388 5.9932 0.870214 0.090930 0.068578
226900 -3112.75100572 444.63523551 0.378091 5.9932 0.870214 0.090930 0.083026
227000 -3131.38342451 442.38214728 0.376175 5.9966 0.876784 0.088530 -0.067798
227100 -3118.86690355 446.41101700 0.379601 5.9966 0.876784 0.088530 0.009575
227200 -3116.30151134 444.16024662 0.377687 5.9966 0.876784 0.088530 0.005836
227300 -3117.69121863 437.43159856 0.371966 5.9966 0.876784 0.088530 0.001570
227400 -3110.60693001 430.08756534 0.365721 5.9966 0.876784 0.088530 0.036871
227500 -3127.59253483 421.88493995 0.358746 5.9949 0.876749 0.089461 -0.085244
227600 -3127.01694424 431.39579339 0.366833 5.9949 0.876749 0.089461 -0.045156
227700 -3141.15877610 432.14377781 0.367469 5.9949 0.876749 0.089461 -0.107783
227800 -3126.25725744 425.26045955 0.361616 5.9949 0.876749 0.089461 -0.037065
227900 -3138.24537577 428.97635591 0.364776 5.9949 0.876749 0.089461 -0.087406
228000 -3123.43177953 425.44969611 0.361777 5.9915 0.872803 0.091138 0.057178
228100 -3133.82368405 415.45095275 0.353275 5.9915 0.872803 0.091138 -0.021982
228200 -3132.35177391 421.84862284 0.358715 5.9915 0.872803 0.091138 -0.026662
228300 -3136.51955997 432.12946868 0.367457 5.9915 0.872803 0.091138 -0.053710
228400 -3133.72967168 440.38075534 0.374473 5.9915 0.872803 0.091138 -0.001658
228500 -3115.87837395 429.04652391 0.364835 5.9881 0.867283 0.092887 0.093758
228600 -3127.31475223 416.93106664 0.354533 5.9881 0.867283 0.092887 -0.029968
228700 -3130.04774811 406.28903271 0.345484 5.9881 0.867283 0.092887 -0.057562
228800 -3148.35244877 428.98300218 0.364781 5.9881 0.867283 0.092887 -0.120760
228900 -3137.63693730 425.10160704 0.361481 5.9881 0.867283 0.092887 -0.020111
229000 -3133.33766054 409.90934299 0.348562 5.9915 0.876545 0.088317 -0.004528
229100 -3123.64577919 423.36544472 0.360005 5.9915 0.876545 0.088317 0.106598
229200 -3112.35304260 438.88768488 0.373204 5.9915 0.876545 0.088317 0.114177
229300 -3107.84090029 424.60489073 0.361059 5.9915 0.876545 0.088317 0.133963
229400 -3116.41649921 438.66895846 0.373018 5.9915 0.876545 0.088317 0.035366
229500 -3108.86003954 419.41180382 0.356643 5.9813 0.862512 0.094461 0.071223
229600 -3125.40289072 438.05489614 0.372496 5.9813 0.862512 0.094461 -0.032269
229700 -3115.19611846 438.86254722 0.373182 5.9813 0.862512 0.094461 0.003348
229800 -3102.66669360 420.48936765 0.357559 5.9813 0.862512 0.094461 0.068818
229900 -3107.48438824 429.53578894 0.365252 5.9813 0.862512 0.094461 0.033735
230000 -3119.42570094 443.19764526 0.376869 5.9915 0.861136 0.091263 -0.039714
230100 -3119.90811792 422.49864739 0.359268 5.9915 0.861136 0.091263 -0.035302
230200 -3128.16879630 412.39462571 0.350676 5.9915 0.861136 0.091263 -0.061594
230300 -3135.13399690 426.98997599 0.363087 5.9915 0.861136 0.091263 -0.073811
230400 -3117.88974104 436.23624956 0.370949 5.9915 0.861136 0.091263 0.061120
230500 -3117.79975445 433.88409125 0.368949 5.9898 0.868856 0.093493 0.020766
230600 -3116.12488271 444.29461865 0.377802 5.9898 0.868856 0.093493 -0.012348
230700 -3136.02976171 442.53502901 0.376305 5.9898 0.868856 0.093493 -0.097450
230800 -3102.75542020 423.47558099 0.360098 5.9898 0.868856 0.093493 0.078096
230900 -3129.58077052 437.64201885 0.372145 5.9898 0.868856 0.093493 -0.074073
231000 -3119.31937261 407.95508229 0.346901 5.9881 0.871094 0.091410 -0.049941
231100 -3145.97879224 424.77139959 0.361200 5.9881 0.871094 0.091410 -0.164804
231200 -3133.18133403 405.61244232 0.344909 5.9881 0.871094 0.091410 -0.018705
231300 -3136.31520985 427.17630776 0.363245 5.9881 0.871094 0.091410 -0.008220
231400 -3126.54380294 436.18735003 0.370908 5.9881 0.871094 0.091410 0.044431
231500 -3112.72955574 417.67869790 0.355169 5.9949 0.864908 0.093419 0.084032
231600 -3141.09966440 421.22342366 0.358183 5.9949 0.864908 0.093419 -0.083624
231700 -3122.07900556 415.36148030 0.353199 5.9949 0.864908 0.093419 0.058929
231800 -3116.37768419 415.96632746 0.353713 5.9949 0.864908 0.093419 0.085151
231900 -3129.28207503 409.44216856 0.348165 5.9949 0.864908 0.093419 -0.017655
232000 -3131.83067636 412.50301311 0.350768 5.9932 0.871554 0.091421 0.008223
232100 -3133.57742794 427.72249159 0.363710 5.9932 0.871554 0.091421 -0.001945
232200 -3131.68920630 403.06023464 0.342738 5.9932 0.871554 0.091421 -0.002839
232300 -3142.69420470 433.47887590 0.368604 5.9932 0.871554 0.091421 -0.032305
232400 -3150.07708209 427.83650403 0.363807 5.9932 0.871554 0.091421 -0.087202
232500 -3116.15621733 416.70011304 0.354337 5.9966 0.869630 0.086965 0.123098
232600 -3132.41877350 420.98993194 0.357985 5.9966 0.869630 0.086965 0.025002
232700 -3127.71218214 427.69777422 0.363689 5.9966 0.869630 0.086965 0.045658
232800 -3122.25929830 418.33020437 0.355723 5.9966 0.869630 0.086965 0.065934
232900 -3124.23011472 419.64077316 0.356837 5.9966 0.869630 0.086965 0.053932
233000 -3140.17406336 404.96049776 0.344354 5.9966 0.876458 0.087757 -0.061825
233100 -3145.19621981 432.74411568 0.367980 5.9966 0.876458 0.087757 -0.050878
233200 -3139.29214234 417.75165904 0.355231 5.9966 0.876458 0.087757 -0.005416
233300 -3154.64802607 411.63125816 0.350027 5.9966 0.876458 0.087757 -0.116365
233400 -3141.75987582 399.25148344 0.339500 5.9966 0.876458 0.087757 0.016335
233500 -3154.85554318 418.17781607 0.355593 5.9949 0.877676 0.087005 -0.038790
233600 -3161.18979619 401.98260364 0.341822 5.9949 0.877676 0.087005 -0.082363
233700 -3136.32525413 398.33663608 0.338722 5.9949 0.877676 0.087005 0.083783
233800 -3148.16593247 419.17674895 0.356443 5.9949 0.877676 0.087005 0.016560
233900 -3156.01363181 429.38082422 0.365120 5.9949 0.877676 0.087005 -0.026902
234000 -3159.51961507 424.33777541 0.360831 5.9966 0.881989 0.087052 -0.062266
234100 -3153.59513751 394.18377860 0.335190 5.9966 0.881989 0.087052 -0.029652
234200 -3166.58292248 425.27328585 0.361627 5.9966 0.881989 0.087052 -0.044237
234300 -3140.31653681 425.42467009 0.361756 5.9966 0.881989 0.087052 0.091793
234400 -3147.17548647 422.07342184 0.358906 5.9966 0.881989 0.087052 0.013821
234500 -3132.33157524 434.07462496 0.369111 5.9915 0.871127 0.091500 0.100449
234600 -3152.86938089 434.93776566 0.369845 5.9915 0.871127 0.091500 -0.057511
234700 -3140.35555073 417.20188909 0.354764 5.9915 0.871127 0.091500 0.018665
234800 -3139.66382465 409.83256890 0.348497 5.9915 0.871127 0.091500 0.002939
234900 -3139.70029369 416.90693749 0.354513 5.9915 0.871127 0.091500 0.032271
235000 -3162.77090897 421.18283147 0.358149 5.9949 0.882941 0.085232 -0.128892
235100 -3159.96638399 410.04505600 0.348678 5.9949 0.882941 0.085232 -0.087038
235200 -3150.40077887 425.85234271 0.362119 5.9949 0.882941 0.085232 -0.015404
235300 -3140.19481613 410.07852064 0.348706 5.9949 0.882941 0.085232 0.059617
235400 -3144.60660009 440.07881567 0.374217 5.9949 0.882941 0.085232 0.003244
235500 -3146.48405633 426.90845987 0.363017 5.9932 0.872036 0.088535 -0.033466
235600 -3142.27218788 431.80580916 0.367182 5.9932 0.872036 0.088535 -0.004599
235700 -3121.82186375 432.47851410 0.367754 5.9932 0.872036 0.088535 0.101807
235800 -3123.89486238 417.40133640 0.354933 5.9932 0.872036 0.088535 0.037175
235900 -3129.31977846 424.03086821 0.360570 5.9932 0.872036 0.088535 0.029004
236000 -3124.64882628 413.78899711 0.351861 5.9949 0.862236 0.091197 0.022192
236100 -3130.42332059 443.89779838 0.377464 5.9949 0.862236 0.091197 0.037256
236200 -3137.09516815 437.23595146 0.371799 5.9949 0.862236 0.091197 -0.080206
236300 -3141.47179961 430.33848304 0.365934 5.9949 0.862236 0.091197 -0.072380
236400 -3138.19819471 412.87602404 0.351085 5.9949 0.862236 0.091197 -0.037054
236500 -3138.97594178 417.23224799 0.354789 5.9915 0.876476 0.089562 -0.019840
236600 -3131.70721849 434.50042571 0.369473 5.9915 0.876476 0.089562 0.035318
236700 -3131.22134440 416.40986067 0.354090 5.9915 0.876476 0.089562 0.022360
236800 -3139.60197320 431.45359761 0.366882 5.9915 0.876476 0.089562 -0.056187
236900 -3143.06079223 414.87383894 0.352784 5.9915 0.876476 0.089562 -0.058573
237000 -3143.16715603 425.07536783 0.361459 5.9966 0.877194 0.088828 -0.048083
237100 -3122.65644494 408.53320817 0.347392 5.9966 0.877194 0.088828 0.093063
237200 -3132.99838645 423.52938351 0.360144 5.9966 0.877194 0.088828 0.031908
237300 -3136.78064916 427.79260568 0.363769 5.9966 0.877194 0.088828 0.015738
237400 -3130.90162258 401.96877239 0.341810 5.9966 0.877194 0.088828 0.033658
237500 -3136.62485441 407.83115770 0.346795 5.9983 0.880709 0.088089 0.005087
237600 -3142.04887849 418.22532056 0.355634 5.9983 0.880709 0.088089 -0.003939
237700 -3147.97091150 430.04439042 0.365684 5.9983 0.880709 0.088089 -0.024008
237800 -3132.49474597 430.14977492 0.365774 5.9983 0.880709 0.088089 0.061296
237900 -3137.83587486 416.16181640 0.353879 5.9983 0.880709 0.088089 0.005882
238000 -3142.58262231 415.61811034 0.353417 5.9949 0.873157 0.090220 -0.011572
238100 -3138.53423933 412.24097138 0.350545 5.9949 0.873157 0.090220 -0.008274
238200 -3143.41307129 425.39594156 0.361731 5.9949 0.873157 0.090220 0.014584
238300 -3133.09342299 430.96162935 0.366464 5.9949 0.873157 0.090220 0.049429
238400 -3136.21851998 428.60681004 0.364462 5.9949 0.873157 0.090220 -0.018652
238500 -3145.74415907 451.07676472 0.383569 5.9983 0.876861 0.086630 -0.080284
238600 -3136.10647351 441.45500242 0.375387 5.9983 0.876861 0.086630 -0.032506
238700 -3134.23767593 427.70011533 0.363691 5.9983 0.876861 0.086630 -0.021571
238800 -3126.04003803 441.49790768 0.375423 5.9983 0.876861 0.086630 0.026025
238900 -3117.69279747 418.73680848 0.356069 5.9983 0.876861 0.086630 0.053787
239000 -3124.23994223 423.06614904 0.359750 5.9983 0.867734 0.090196 0.004799
239100 -3123.48447578 427.62069160 0.363623 5.9983 0.867734 0.090196 0.014471
239200 -3116.78691714 427.72141052 0.363709 5.9983 0.867734 0.090196 0.050150
239300 -3140.09938159 441.68550032 0.375583 5.9983 0.867734 0.090196 -0.082661
239400 -3120.07926303 438.33175168 0.372731 5.9983 0.867734 0.090196 0.025896
239500 -3127.09474002 426.76536500 0.362896 5.9932 0.871415 0.088861 -0.022445
239600 -3128.59045706 440.15994813 0.374286 5.9932 0.871415 0.088861 -0.048485
239700 -3127.57254844 432.19026066 0.367509 5.9932 0.871415 0.088861 -0.011079
239800 -3141.14940796 437.35894766 0.371904 5.9932 0.871415 0.088861 -0.104885
239900 -3108.06314757 425.11366252 0.361491 5.9932 0.871415 0.088861 0.072371
240000 -3130.81951437 421.52438865 0.358439 5.9983 0.876134 0.088762 -0.051668
240100 -3144.34533789 421.47729933 0.358399 5.9983 0.876134 0.088762 -0.119082
240200 -3138.07588313 422.18968635 0.359005 5.9983 0.876134 0.088762 -0.026904
240300 -3143.71438260 394.56195232 0.335512 5.9983 0.876134 0.088762 -0.042485
240400 -3130.10987988 438.76995500 0.373104 5.9983 0.876134 0.088762 0.055974
240500 -3110.02085157 440.06440015 0.374204 5.9915 0.866453 0.090321 0.176776
240600 -3138.25331638 434.58811433 0.369548 5.9915 0.866453 0.090321 -0.052543
240700 -3113.26581461 392.67153894 0.333904 5.9915 0.866453 0.090321 0.085227
240800 -3132.52351739 426.13264625 0.362358 5.9915 0.866453 0.090321 -0.020421
240900 -3129.62318736 431.47484692 0.366900 5.9915 0.866453 0.090321 0.033880
241000 -3122.29496657 421.01884619 0.358009 5.9915 0.864640 0.094457 0.060243
241100 -3123.09033286 419.74242987 0.356924 5.9915 0.864640 0.094457 0.055296
241200 -3108.20225779 413.33545187 0.351476 5.9915 0.864640 0.094457 0.113426
241300 -3114.36097731 413.13731901 0.351307 5.9915 0.864640 0.094457 0.066775
241400 -3122.40985044 411.86885008 0.350229 5.9915 0.864640 0.094457 0.011186
241500 -3126.37523685 411.16419554 0.349629 5.9966 0.871369 0.090906 0.001777
241600 -3142.50126468 424.16790875 0.360687 5.9966 0.871369 0.090906 -0.082074
241700 -3145.76964743 427.51855854 0.363536 5.9966 0.871369 0.090906 -0.069783
241800 -3128.92480554 411.35212184 0.349789 5.9966 0.871369 0.090906 0.038662
241900 -3128.48796311 419.04058740 0.356327 5.9966 0.871369 0.090906 0.052699
242000 -3137.82234620 412.78191771 0.351005 5.9983 0.877319 0.089144 -0.035396
242100 -3139.20540487 416.01767606 0.353757 5.9983 0.877319 0.089144 -0.004100
242200 -3145.22298115 421.74182150 0.358624 5.9983 0.877319 0.089144 -0.041031
242300 -3136.70230509 440.03497059 0.374179 5.9983 0.877319 0.089144 0.030600
242400 -3129.40532288 431.61122983 0.367016 5.9983 0.877319 0.089144 0.024416
242500 -3129.73595198 423.09225622 0.359772 5.9966 0.870096 0.089200 0.008804
242600 -3148.98142072 416.80990139 0.354430 5.9966 0.870096 0.089200 -0.119636
242700 -3140.60918289 410.33949877 0.348928 5.9966 0.870096 0.089200 -0.034272
242800 -3124.05766268 393.96058954 0.335001 5.9966 0.870096 0.089200 0.119760
242900 -3133.88698653 430.53037284 0.366097 5.9966 0.870096 0.089200 0.017144
243000 -3148.76254696 433.25332552 0.368413 5.9983 0.878725 0.085746 -0.093521
243100 -3145.80620889 408.78273497 0.347604 5.9983 0.878725 0.085746 -0.044917
243200 -3148.73026465 425.86284450 0.362128 5.9983 0.878725 0.085746 -0.073779
243300 -3136.13307676 416.35483498 0.354043 5.9983 0.878725 0.085746 -0.007454
243400 -3127.68518712 416.15148668 0.353870 5.9983 0.878725 0.085746 0.057461
243500 -3141.47405335 416.40100986 0.354082 5.9932 0.880553 0.086464 -0.004631
243600 -3124.87007694 407.34463325 0.346381 5.9932 0.880553 0.086464 0.063060
243700 -3147.68933403 416.74697630 0.354377 5.9932 0.880553 0.086464 -0.056645
243800 -3121.08328875 385.34623716 0.327675 5.9932 0.880553 0.086464 0.112093
243900 -3165.03541593 428.62530844 0.364477 5.9932 0.880553 0.086464 -0.128148
244000 -3149.32321449 428.69866669 0.364540 5.9983 0.878181 0.085677 -0.028965
244100 -3145.70465493 419.30619947 0.356553 5.9983 0.878181 0.085677 -0.020468
244200 -3150.91667891 416.08412007 0.353813 5.9983 0.878181 0.085677 -0.033598
244300 -3161.07759115 404.57339846 0.344025 5.9983 0.878181 0.085677 -0.108560
244400 -3167.17027623 420.86409676 0.357878 5.9983 0.878181 0.085677 -0.106930
244500 -3147.46744788 405.70076185 0.344984 5.9966 0.882236 0.085582 0.024916
244600 -3145.49566493 396.80200219 0.337417 5.9966 0.882236 0.085582 0.036527
244700 -3149.18660118 425.27018687 0.361624 5.9966 0.882236 0.085582 0.037445
244800 -3147.91783447 427.45847966 0.363485 5.9966 0.882236 0.085582 0.002417
244900 -3144.03587451 432.49297208 0.367766 5.9966 0.882236 0.085582 0.023025
245000 -3129.67600525 428.05050305 0.363989 5.9915 0.870620 0.089103 0.084779
245100 -3135.23722245 433.79955279 0.368877 5.9915 0.870620 0.089103 0.055561
245200 -3140.48147954 438.81132803 0.373139 5.9915 0.870620 0.089103 -0.008442
245300 -3136.25875408 431.31123617 0.366761 5.9915 0.870620 0.089103 0.012699
245400 -3130.85206390 437.83588989 0.372309 5.9915 0.870620 0.089103 0.057783
245500 -3113.81086628 430.72250300 0.366261 5.9915 0.865081 0.094381 0.092798
245600 -3118.92543781 436.84452563 0.371466 5.9915 0.865081 0.094381 0.035641
245700 -3118.26061619 435.99601344 0.370745 5.9915 0.865081 0.094381 0.035253
245800 -3112.23931682 415.70997078 0.353495 5.9915 0.865081 0.094381 0.034499
245900 -3121.80124791 423.69714135 0.360287 5.9915 0.865081 0.094381 0.027871
246000 -3120.78665497 413.29220241 0.351439 5.9932 0.867753 0.091162 0.020364
246100 -3135.66245181 430.45089857 0.366030 5.9932 0.867753 0.091162 -0.039902
246200 -3110.82496904 396.31207134 0.337000 5.9932 0.867753 0.091162 0.108350
246300 -3146.91481105 427.10006150 0.363180 5.9932 0.867753 0.091162 -0.127195
246400 -3126.54719551 421.88073102 0.358742 5.9932 0.867753 0.091162 0.044198
246500 -3136.38095771 447.81911574 0.380799 5.9949 0.877060 0.089211 -0.044512
246600 -3110.82913784 422.25345496 0.359059 5.9949 0.877060 0.089211 0.097702
246700 -3135.99395562 421.12420531 0.358099 5.9949 0.877060 0.089211 -0.054643
246800 -3132.78184639 421.44940150 0.358375 5.9949 0.877060 0.089211 -0.002070
246900 -3126.62153763 436.90153946 0.371515 5.9949 0.877060 0.089211 0.027952
247000 -3115.25904571 438.50032134 0.372874 5.9966 0.862668 0.093493 0.108027
247100 -3128.59968467 425.94965515 0.362202 5.9966 0.862668 0.093493 -0.007348
247200 -3130.81306526 431.10053838 0.366582 5.9966 0.862668 0.093493 -0.008762
247300 -3129.10385641 410.74299554 0.349271 5.9966 0.862668 0.093493 -0.003481
247400 -3127.42698264 413.83033446 0.351897 5.9966 0.862668 0.093493 -0.002917
247500 -3130.87375859 423.33015727 0.359975 5.9915 0.878235 0.090134 -0.005571
247600 -3118.30245164 423.76896735 0.360348 5.9915 0.878235 0.090134 0.118520
247700 -3143.90592349 428.22819047 0.364140 5.9915 0.878235 0.090134 -0.063796
247800 -3140.79902101 433.32766713 0.368476 5.9915 0.878235 0.090134 -0.044599
247900 -3131.61871233 412.48201099 0.350750 5.9915 0.878235 0.090134 0.013755
248000 -3144.76181831 430.15076158 0.365774 5.9966 0.875098 0.089027 -0.034503
248100 -3133.59556870 428.83247149 0.364653 5.9966 0.875098 0.089027 0.028105
248200 -3130.83428390 431.07606886 0.366561 5.9966 0.875098 0.089027 0.018339
248300 -3144.23537059 449.49036141 0.382220 5.9966 0.875098 0.089027 -0.043755
248400 -3134.07494590 406.88294911 0.345989 5.9966 0.875098 0.089027 -0.018991
248500 -3131.01465028 431.29717779 0.366749 5.9898 0.866990 0.092514 0.010514
248600 -3136.70832750 424.24975461 0.360757 5.9898 0.866990 0.092514 -0.030851
248700 -3153.14228434 420.31180067 0.357408 5.9898 0.866990 0.092514 -0.137347
248800 -3147.74297549 411.98597166 0.350328 5.9898 0.866990 0.092514 -0.093497
248900 -3144.80764973 420.38153495 0.357467 5.9898 0.866990 0.092514 -0.078360
249000 -3145.82693396 392.55580869 0.333806 5.9966 0.875219 0.091454 -0.063578
249100 -3126.23231796 409.27374055 0.348022 5.9966 0.875219 0.091454 0.125036
249200 -3138.70941305 430.54240268 0.366107 5.9966 0.875219 0.091454 0.021550
249300 -3133.70445637 430.76048396 0.366293 5.9966 0.875219 0.091454 0.051891
249400 -3128.72151619 434.10837746 0.369140 5.9966 0.875219 0.091454 0.013552
249500 -3115.34546006 418.46134127 0.355834 5.9915 0.871364 0.092136 0.071001
249600 -3135.25912060 433.19446164 0.368363 5.9915 0.871364 0.092136 -0.023247
249700 -3125.14210190 407.63412721 0.346628 5.9915 0.871364 0.092136 0.027064
249800 -3126.31090731 404.86595303 0.344274 5.9915 0.871364 0.092136 0.044499
249900 -3149.93449892 419.24394488 0.356500 5.9915 0.871364 0.092136 -0.089044
250000 -3122.17212895 405.76536057 0.345039 5.9847 0.867717 0.091907 0.095877
250100 -3112.39703430 429.55371586 0.365267 5.9847 0.867717 0.091907 0.159330
250200 -3130.00512613 439.10899016 0.373392 5.9847 0.867717 0.091907 -0.024118
250300 -3123.91964036 409.34073820 0.348079 5.9847 0.867717 0.091907 0.002082
250400 -3142.79113533 441.54372558 0.375462 5.9847 0.867717 0.091907 -0.088376
250500 -3141.40859978 419.35377331 0.356593 5.9966 0.876468 0.087153 -0.101531
250600 -3108.31290811 401.82696752 0.341690 5.9966 0.876468 0.087153 0.170797
250700 -3133.29900205 430.60103676 0.366157 5.9966 0.876468 0.087153 -0.021601
250800 -3141.00477054 446.51172596 0.379687 5.9966 0.876468 0.087153 -0.078210
250900 -3136.37005253 435.06614945 0.369954 5.9966 0.876468 0.087153 -0.054061
251000 -3132.35767126 437.32925769 0.371879 5.9966 0.869672 0.089367 0.000504
251100 -3124.79402682 447.24471892 0.380310 5.9966 0.869672 0.089367 0.033167
251200 -3093.75557199 421.08650972 0.358067 5.9966 0.869672 0.089367 0.205605
251300 -3095.70888228 428.28922195 0.364192 5.9966 0.869672 0.089367 0.147023
251400 -3121.67626102 424.66896144 0.361113 5.9966 0.869672 0.089367 -0.018915
251500 -3112.22223610 425.60203082 0.361906 5.9915 0.862594 0.092805 0.063930
251600 -3125.38165645 411.51176511 0.349925 5.9915 0.862594 0.092805 -0.057087
251700 -3111.74258799 403.35455180 0.342989 5.9915 0.862594 0.092805 0.068512
251800 -3139.83855855 432.36857503 0.367660 5.9915 0.862594 0.092805 -0.094459
251900 -3138.79976798 423.12911183 0.359804 5.9915 0.862594 0.092805 -0.066868
252000 -3114.84902169 433.76769303 0.368850 5.9932 0.864825 0.093182 0.081811
252100 -3121.87414937 435.50443920 0.370327 5.9932 0.864825 0.093182 0.015358
252200 -3113.62578560 436.32280862 0.371023 5.9932 0.864825 0.093182 0.084204
252300 -3109.10537772 438.36080828 0.372756 5.9932 0.864825 0.093182 0.081946
252400 -3126.08795925 429.27659563 0.365031 5.9932 0.864825 0.093182 -0.078740
252500 -3119.76428089 419.36179049 0.356600 5.9949 0.862889 0.091150 -0.033547
252600 -3123.15221173 427.23361415 0.363294 5.9949 0.862889 0.091150 -0.006787
252700 -3122.66567533 420.39042001 0.357475 5.9949 0.862889 0.091150 -0.000620
252800 -3108.88080271 415.53332406 0.353345 5.9949 0.862889 0.091150 0.083959
252900 -3120.83881623 435.05880150 0.369948 5.9949 0.862889 0.091150 0.044620
253000 -3109.94504987 433.60398478 0.368711 5.9915 0.864465 0.093291 0.069831
253100 -3103.57659316 418.76184698 0.356090 5.9915 0.864465 0.093291 0.061729
253200 -3102.25581636 410.88513804 0.349392 5.9915 0.864465 0.093291 0.097083
253300 -3131.56686350 467.32857611 0.397388 5.9915 0.864465 0.093291 -0.046855
253400 -3108.19083394 440.15926534 0.374285 5.9915 0.864465 0.093291 0.072679
253500 -3109.27569185 450.37348477 0.382971 5.9847 0.861205 0.093866 0.041484
253600 -3109.76901593 445.55388807 0.378872 5.9847 0.861205 0.093866 0.005316
253700 -3100.34312331 419.89989943 0.357058 5.9847 0.861205 0.093866 0.088063
253800 -3111.50624119 416.68482310 0.354324 5.9847 0.861205 0.093866 -0.034891
253900 -3134.96879432 434.71925754 0.369659 5.9847 0.861205 0.093866 -0.151188
254000 -3136.44231795 449.73255051 0.382426 5.9983 0.878382 0.088567 -0.116025
254100 -3119.38489379 428.77158295 0.364602 5.9983 0.878382 0.088567 0.009118
254200 -3141.48757736 421.78497955 0.358661 5.9983 0.878382 0.088567 -0.129737
254300 -3133.41168583 429.56783581 0.365279 5.9983 0.878382 0.088567 -0.046216
254400 -3142.57549882 438.60595330 0.372964 5.9983 0.878382 0.088567 -0.122881
254500 -3144.91914357 404.64410412 0.344085 5.9915 0.873769 0.088536 -0.116938
254600 -3144.45467941 427.22096586 0.363283 5.9915 0.873769 0.088536 -0.051837
254700 -3136.91004064 437.14621498 0.371723 5.9915 0.873769 0.088536 -0.000037
254800 -3140.39772036 441.84556411 0.375719 5.9915 0.873769 0.088536 -0.014439
254900 -3129.31590265 445.78951868 0.379073 5.9915 0.873769 0.088536 -0.013170
255000 -3121.76462802 413.20238626 0.351363 5.9949 0.871705 0.091624 0.024914
255100 -3162.88665063 414.43052395 0.352407 5.9949 0.871705 0.091624 -0.187019
255200 -3137.93934118 428.55958110 0.364421 5.9949 0.871705 0.091624 0.008413
255300 -3144.28063604 431.37211312 0.366813 5.9949 0.871705 0.091624 -0.065423
255400 -3139.41065600 408.54475242 0.347402 5.9949 0.871705 0.091624 -0.061467
255500 -3140.58027789 405.34396027 0.344680 5.9983 0.878816 0.088643 -0.027151
255600 -3139.80519776 417.89462767 0.355353 5.9983 0.878816 0.088643 0.015240
255700 -3131.48797906 439.92730178 0.374088 5.9983 0.878816 0.088643 0.065223
255800 -3124.21585010 429.01498965 0.364809 5.9983 0.878816 0.088643 0.081505
255900 -3143.27754843 438.09265656 0.372528 5.9983 0.878816 0.088643 -0.047704
256000 -3117.26023700 420.42481171 0.357504 5.9898 0.870046 0.092377 0.095769
256100 -3136.08406623 429.37357025 0.365114 5.9898 0.870046 0.092377 -0.049810
256200 -3117.55420871 412.02274608 0.350359 5.9898 0.870046 0.092377 0.078501
256300 -3127.82021479 413.44291543 0.351567 5.9898 0.870046 0.092377 0.002300
256400 -3128.26498342 417.57486680 0.355081 5.9898 0.870046 0.092377 0.051643
256500 -3130.91342257 434.80957223 0.369736 5.9966 0.875761 0.088440 0.027970
256600 -3118.16844724 412.03886972 0.350373 5.9966 0.875761 0.088440 0.083612
256700 -3143.75888444 431.05754256 0.366546 5.9966 0.875761 0.088440 -0.085128
256800 -3142.88260674 421.61360397 0.358515 5.9966 0.875761 0.088440 -0.062467
256900 -3136.80034139 389.13256794 0.330895 5.9966 0.875761 0.088440 0.014636
257000 -3141.04438415 410.10895489 0.348732 5.9932 0.876190 0.090698 -0.011237
257100 -3137.51480063 420.06314416 0.357197 5.9932 0.876190 0.090698 0.010319
257200 -3137.80819844 437.20319701 0.371771 5.9932 0.876190 0.090698 0.035605
257300 -3121.79491791 417.51750107 0.355032 5.9932 0.876190 0.090698 0.089223
257400 -3122.46889456 434.33100974 0.369329 5.9932 0.876190 0.090698 0.089968
257500 -3123.57567284 427.22233115 0.363284 5.9881 0.868980 0.090267 0.043760
257600 -3136.69307731 424.12712841 0.360652 5.9881 0.868980 0.090267 -0.030840
257700 -3130.64512268 424.61058086 0.361063 5.9881 0.868980 0.090267 -0.001613
257800 -3148.36059277 447.76721769 0.380754 5.9881 0.868980 0.090267 -0.124472
257900 -3122.20532363 412.56883472 0.350824 5.9881 0.868980 0.090267 0.030516
258000 -3153.22782680 426.77346488 0.362903 6.0000 0.884940 0.086833 -0.148491
258100 -3142.52805916 435.10601439 0.369988 6.0000 0.884940 0.086833 -0.058926
258200 -3130.30877770 419.98263359 0.357128 6.0000 0.884940 0.086833 0.024307
258300 -3141.44432534 416.60425128 0.354255 6.0000 0.884940 0.086833 -0.052715
258400 -3143.46520547 418.67540282 0.356016 6.0000 0.884940 0.086833 -0.033653
258500 -3126.66006552 420.11861788 0.357244 5.9932 0.875419 0.089041 0.081595
258600 -3148.24905557 420.15824978 0.357277 5.9932 0.875419 0.089041 -0.076391
258700 -3145.16308015 393.76478213 0.334834 5.9932 0.875419 0.089041 -0.046975
258800 -3141.33050235 415.44388308 0.353269 5.9932 0.875419 0.089041 -0.025931
258900 -3154.39935184 420.11608901 0.357242 5.9932 0.875419 0.089041 -0.069593
259000 -3137.02735817 415.35067503 0.353189 5.9898 0.870789 0.090551 0.016197
259100 -3143.56686018 422.47104489 0.359244 5.9898 0.870789 0.090551 0.014911
259200 -3132.71165185 444.35199446 0.377850 5.9898 0.870789 0.090551 0.067194
259300 -3129.34682362 435.23153620 0.370095 5.9898 0.870789 0.090551 0.053001
259400 -3113.54058333 426.16733943 0.362387 5.9898 0.870789 0.090551 0.099216
259500 -3107.59072588 436.18759675 0.370908 5.9915 0.867529 0.091037 0.118018
259600 -3105.02881047 421.50532322 0.358423 5.9915 0.867529 0.091037 0.106012
259700 -3109.66405482 433.22547006 0.368389 5.9915 0.867529 0.091037 0.076231
259800 -3101.12380329 428.93846054 0.364744 5.9915 0.867529 0.091037 0.088873
259900 -3123.30727498 460.34841219 0.391453 5.9915 0.867529 0.091037 -0.062514
260000 -3115.58888708 443.03900650 0.376734 5.9915 0.862684 0.092841 -0.028531
260100 -3118.52016530 437.92707078 0.372387 5.9915 0.862684 0.092841 -0.026224
260200 -3114.02247122 437.28739857 0.371843 5.9915 0.862684 0.092841 -0.025070
260300 -3118.67562569 411.71986488 0.350102 5.9915 0.862684 0.092841 -0.041127
260400 -3142.55070970 414.85055525 0.352764 5.9915 0.862684 0.092841 -0.160939
260500 -3136.88638812 399.64219143 0.339832 5.9983 0.884268 0.087582 -0.089310
260600 -3135.43631766 402.17750756 0.341988 5.9983 0.884268 0.087582 -0.032388
260700 -3134.72461839 405.78732548 0.345057 5.9983 0.884268 0.087582 -0.033851
260800 -3150.67656043 417.53346322 0.355045 5.9983 0.884268 0.087582 -0.080736
260900 -3136.56996568 420.66232976 0.357706 5.9983 0.884268 0.087582 0.009065
261000 -3116.83597292 429.76907590 0.365450 5.9966 0.869818 0.091624 0.106639
261100 -3138.81645271 438.93101469 0.373241 5.9966 0.869818 0.091624 -0.069075
261200 -3133.42128674 417.32669160 0.354870 5.9966 0.869818 0.091624 -0.006346
261300 -3136.29185113 437.39295441 0.371933 5.9966 0.869818 0.091624 -0.019346
261400 -3125.48189866 412.28112615 0.350579 5.9966 0.869818 0.091624 0.020669
261500 -3140.97581340 425.62720697 0.361928 5.9932 0.876254 0.089549 -0.051859
261600 -3157.59033986 420.22805098 0.357337 5.9932 0.876254 0.089549 -0.149997
261700 -3132.43782001 416.65852101 0.354301 5.9932 0.876254 0.089549 0.009183
261800 -3140.43951722 406.03395121 0.345267 5.9932 0.876254 0.089549 0.018889
261900 -3136.13890481 408.40614370 0.347284 5.9932 0.876254 0.089549 0.035256
262000 -3132.80626815 415.82579509 0.353593 6.0000 0.869208 0.088623 0.058982
262100 -3147.00443830 432.99604821 0.368194 6.0000 0.869208 0.088623 -0.065010
262200 -3142.06079816 443.18682231 0.376860 6.0000 0.869208 0.088623 -0.013944
262300 -3129.64920536 430.39592145 0.365983 6.0000 0.869208 0.088623 0.067758
262400 -3131.94825904 431.78144490 0.367161 6.0000 0.869208 0.088623 0.029295
262500 -3125.48915651 434.92618066 0.369835 5.9966 0.870725 0.089579 0.050122
262600 -3121.20981521 415.65413579 0.353447 5.9966 0.870725 0.089579 0.039360
262700 -3135.59817288 429.71801185 0.365406 5.9966 0.870725 0.089579 -0.068584
262800 -3126.75819405 444.84906333 0.378273 5.9966 0.870725 0.089579 0.015469
262900 -3124.86041926 437.59472478 0.372104 5.9966 0.870725 0.089579 -0.017358
263000 -3116.87728291 450.92968628 0.383444 5.9932 0.864889 0.090474 0.022430
263100 -3120.27572641 440.81160658 0.374840 5.9932 0.864889 0.090474 -0.009940
263200 -3112.35135073 443.13037027 0.376812 5.9932 0.864889 0.090474 0.016587
263300 -3114.77008225 418.43633890 0.355813 5.9932 0.864889 0.090474 -0.002869
263400 -3137.08678511 415.63688316 0.353433 5.9932 0.864889 0.090474 -0.118666
263500 -3139.42431300 430.51996502 0.366088 5.9949 0.869595 0.088696 -0.102820
263600 -3118.60746151 420.34036841 0.357432 5.9949 0.869595 0.088696 0.037988
263700 -3121.76979676 426.16563230 0.362386 5.9949 0.869595 0.088696 0.000331
263800 -3130.29061189 419.99478279 0.357138 5.9949 0.869595 0.088696 -0.031268
263900 -3122.91308188 405.31816613 0.344658 5.9949 0.869595 0.088696 0.036976
264000 -3139.33451654 409.13919722 0.347907 5.9966 0.874676 0.090187 -0.053414
264100 -3155.98225328 433.84419289 0.368915 5.9966 0.874676 0.090187 -0.151458
264200 -3141.01910018 419.26158900 0.356515 5.9966 0.874676 0.090187 -0.006100
264300 -3137.22883194 398.56900820 0.338919 5.9966 0.874676 0.090187 -0.000387
264400 -3150.92173220 425.87196919 0.362136 5.9966 0.874676 0.090187 -0.052777
264500 -3151.83330063 415.51978195 0.353333 5.9949 0.883295 0.086665 -0.061134
264600 -3135.15750542 419.45346614 0.356678 5.9949 0.883295 0.086665 0.051010
264700 -3146.56500006 423.96963658 0.360518 5.9949 0.883295 0.086665 -0.019412
264800 -3147.31500278 416.27914346 0.353979 5.9949 0.883295 0.086665 -0.039598
264900 -3146.37978674 407.34723307 0.346384 5.9949 0.883295 0.086665 -0.014661
265000 -3151.81833155 404.28583330 0.343780 5.9915 0.875997 0.088682 -0.057415
265100 -3162.18568335 384.22088535 0.326718 5.9915 0.875997 0.088682 -0.082955
265200 -3169.42378124 406.47499318 0.345642 5.9915 0.875997 0.088682 -0.073636
265300 -3161.78407415 392.49221802 0.333752 5.9915 0.875997 0.088682 -0.003184
265400 -3174.54056216 418.32525734 0.355719 5.9915 0.875997 0.088682 -0.042355
265500 -3146.64217709 412.09611801 0.350422 5.9932 0.873601 0.088842 0.111552
265600 -3140.91962800 424.31573698 0.360813 5.9932 0.873601 0.088842 0.111041
265700 -3164.06858347 422.88070420 0.359592 5.9932 0.873601 0.088842 -0.042689
265800 -3150.11736629 406.83572375 0.345949 5.9932 0.873601 0.088842 0.033038
265900 -3144.84929553 408.18005835 0.347092 5.9932 0.873601 0.088842 0.052454
266000 -3139.67990611 439.21798763 0.373485 5.9983 0.870954 0.091633 0.054951
266100 -3136.79491899 436.45161607 0.371132 5.9983 0.870954 0.091633 0.055532
266200 -3138.85584470 409.85779350 0.348519 5.9983 0.870954 0.091633 0.009336
266300 -3157.34390319 421.04968651 0.358035 5.9983 0.870954 0.091633 -0.092713
266400 -3143.87266967 437.06133809 0.371651 5.9983 0.870954 0.091633 0.018795
266500 -3140.42514278 458.94992327 0.390264 6.0000 0.879661 0.089595 0.027432
266600 -3119.75806996 421.91980600 0.358775 6.0000 0.879661 0.089595 0.078476
266700 -3121.23264643 428.37223833 0.364262 6.0000 0.879661 0.089595 0.079546
266800 -3142.29812952 431.25713566 0.366715 6.0000 0.879661 0.089595 -0.083825
266900 -3146.42053254 414.71105847 0.352645 6.0000 0.879661 0.089595 -0.087753
267000 -3126.57868523 414.98425857 0.352878 5.9898 0.868882 0.090649 0.047486
267100 -3145.48796285 432.37099918 0.367662 5.9898 0.868882 0.090649 -0.027362
267200 -3139.93533376 420.60919730 0.357661 5.9898 0.868882 0.090649 -0.021644
267300 -3145.27269751 415.44897104 0.353273 5.9898 0.868882 0.090649 -0.039696
267400 -3159.51932846 425.84311809 0.362111 5.9898 0.868882 0.090649 -0.107537
267500 -3142.61223406 413.18290169 0.351346 5.9949 0.877476 0.088861 -0.015964
267600 -3149.90266644 409.35134632 0.348088 5.9949 0.877476 0.088861 -0.041551
267700 -3136.39175261 424.71007084 0.361148 5.9949 0.877476 0.088861 0.046077
267800 -3125.42943043 413.09963052 0.351275 5.9949 0.877476 0.088861 0.105261
267900 -3120.81670850 410.72345030 0.349255 5.9949 0.877476 0.088861 0.088170
268000 -3139.26202071 421.45450233 0.358380 5.9864 0.866642 0.089665 -0.002631
268100 -3120.60731177 434.04267814 0.369084 5.9864 0.866642 0.089665 0.100755
268200 -3131.00330438 447.50484388 0.380531 5.9864 0.866642 0.089665 0.020265
268300 -3114.72506970 430.02283122 0.365666 5.9864 0.866642 0.089665 0.079915
268400 -3108.05047809 418.23861787 0.355645 5.9864 0.866642 0.089665 0.126478
268500 -3128.96445736 418.07843914 0.355509 5.9966 0.880727 0.088533 -0.035520
268600 -3135.19228849 442.26457483 0.376075 5.9966 0.880727 0.088533 -0.045250
268700 -3122.25575276 431.33367124 0.366780 5.9966 0.880727 0.088533 0.034204
268800 -3120.47024565 443.57666668 0.377191 5.9966 0.880727 0.088533 0.063601
268900 -3106.37195976 426.09331933 0.362324 5.9966 0.880727 0.088533 0.111035
269000 -3118.16278369 420.42316842 0.357503 5.9966 0.870063 0.091409 0.027202
269100 -3132.69003296 423.53188040 0.360146 5.9966 0.870063 0.091409 -0.033501
269200 -3119.35959862 427.46388906 0.363490 5.9966 0.870063 0.091409 0.026901
269300 -3099.38000956 402.15201463 0.341966 5.9966 0.870063 0.091409 0.148438
269400 -3110.18380464 434.55474397 0.369519 5.9966 0.870063 0.091409 0.095888
269500 -3110.12400456 428.00891394 0.363953 5.9949 0.869104 0.090934 0.048696
269600 -3109.58785380 422.21493800 0.359026 5.9949 0.869104 0.090934 0.060333
269700 -3122.22518082 436.14692738 0.370873 5.9949 0.869104 0.090934 -0.027769
269800 -3133.41023293 424.58379928 0.361041 5.9949 0.869104 0.090934 -0.100963
269900 -3135.22337549 421.87497302 0.358737 5.9949 0.869104 0.090934 -0.088598
270000 -3129.40555455 409.65895588 0.348349 5.9966 0.866564 0.092952 -0.019485
270100 -3133.96036935 402.90532543 0.342607 5.9966 0.866564 0.092952 -0.043379
270200 -3125.44173036 417.47375910 0.354995 5.9966 0.866564 0.092952 0.043584
270300 -3124.33092598 416.36322251 0.354050 5.9966 0.866564 0.092952 0.034234
270400 -3123.61332708 433.47101959 0.368598 5.9966 0.866564 0.092952 0.046068
270500 -3128.80122382 436.51611085 0.371187 5.9949 0.873679 0.089955 -0.004225
270600 -3145.71232680 414.45137167 0.352425 5.9949 0.873679 0.089955 -0.103828
270700 -3144.83534609 406.72013812 0.345850 5.9949 0.873679 0.089955 -0.044227
270800 -3136.81132726 427.61422919 0.363618 5.9949 0.873679 0.089955 0.011353
270900 -3155.42072212 417.68970668 0.355178 5.9949 0.873679 0.089955 -0.096500
271000 -3154.68675835 406.50760155 0.345670 5.9966 0.885942 0.086464 -0.056392
271100 -3143.89472985 421.52768017 0.358442 5.9966 0.885942 0.086464 0.049129
271200 -3147.79307774 410.36264500 0.348948 5.9966 0.885942 0.086464 -0.002929
271300 -3161.10994109 415.72688409 0.353509 5.9966 0.885942 0.086464 -0.073082
271400 -3139.29519753 411.52206733 0.349934 5.9966 0.885942 0.086464 0.062461
271500 -3127.51577844 418.66856886 0.356011 5.9966 0.876083 0.087819 0.145755
271600 -3131.74897569 420.73119139 0.357765 5.9966 0.876083 0.087819 0.083127
271700 -3123.08365314 407.77042179 0.346744 5.9966 0.876083 0.087819 0.102205
271800 -3143.77884888 426.07027910 0.362305 5.9966 0.876083 0.087819 0.002971
271900 -3135.68857779 425.74761632 0.362030 5.9966 0.876083 0.087819 0.061668
272000 -3136.51020216 416.76984845 0.354396 6.0000 0.871323 0.089301 0.050344
272100 -3124.27853024 412.18209302 0.350495 6.0000 0.871323 0.089301 0.102677
272200 -3126.53224236 413.06044146 0.351242 6.0000 0.871323 0.089301 0.082786
272300 -3131.57988936 427.31016637 0.363359 6.0000 0.871323 0.089301 0.040809
272400 -3135.03025899 452.91830428 0.385135 6.0000 0.871323 0.089301 -0.030524
272500 -3123.92869396 435.67837283 0.370475 6.0000 0.873069 0.088124 0.010127
272600 -3145.65916930 417.41246012 0.354943 6.0000 0.873069 0.088124 -0.095710
272700 -3145.57125608 411.74963234 0.350127 6.0000 0.873069 0.088124 -0.113629
272800 -3156.43803019 414.86701652 0.352778 6.0000 0.873069 0.088124 -0.115819
272900 -3131.71904936 427.04293472 0.363132 6.0000 0.873069 0.088124 0.075593
273000 -3145.07543075 429.45555928 0.365183 5.9949 0.873609 0.089787 -0.034889
273100 -3132.88224094 419.55896522 0.356768 5.9949 0.873609 0.089787 0.035270
273200 -3139.71447189 411.21581677 0.349673 5.9949 0.873609 0.089787 -0.038943
273300 -3133.40156915 408.43139407 0.347306 5.9949 0.873609 0.089787 0.018078
273400 -3126.41020340 393.46974164 0.334583 5.9949 0.873609 0.089787 0.078967
273500 -3131.05348540 423.87313186 0.360436 5.9966 0.867187 0.089940 0.028868
273600 -3138.82734600 432.53811414 0.367805 5.9966 0.867187 0.089940 -0.000916
273700 -3161.57232878 436.73227074 0.371371 5.9966 0.867187 0.089940 -0.152639
273800 -3144.97961782 396.99846417 0.337584 5.9966 0.867187 0.089940 -0.057351
273900 -3146.78311332 431.62496107 0.367028 5.9966 0.867187 0.089940 -0.056238
274000 -3126.61207335 415.59622422 0.353398 5.9949 0.869789 0.091576 0.072765
274100 -3133.54990166 404.04592327 0.343576 5.9949 0.869789 0.091576 0.017581
274200 -3144.25584148 442.03041997 0.375876 5.9949 0.869789 0.091576 -0.033620
274300 -3135.62434201 436.97531609 0.371578 5.9949 0.869789 0.091576 -0.018833
274400 -3132.10989730 436.84646273 0.371468 5.9949 0.869789 0.091576 0.002980
274500 -3139.12328302 429.87084927 0.365536 5.9966 0.875384 0.089263 -0.033378
274600 -3133.06617310 417.61099235 0.355111 5.9966 0.875384 0.089263 -0.030357
274700 -3130.12677400 413.85420461 0.351917 5.9966 0.875384 0.089263 0.054013
274800 -3145.71931980 427.06932321 0.363154 5.9966 0.875384 0.089263 -0.057710
274900 -3142.07029973 446.06340729 0.379306 5.9966 0.875384 0.089263 -0.046328
275000 -3118.17733227 433.14913484 0.368324 5.9932 0.863406 0.092326 0.101758
275100 -3140.53572530 434.49806840 0.369471 5.9932 0.863406 0.092326 -0.058573
275200 -3151.30188416 420.01148963 0.357153 5.9932 0.863406 0.092326 -0.146233
275300 -3132.18875854 414.15861558 0.352176 5.9932 0.863406 0.092326 0.005524
275400 -3145.92091278 425.18174741 0.361549 5.9932 0.863406 0.092326 -0.082602
275500 -3128.40742026 433.99198640 0.369041 5.9966 0.878534 0.090052 0.076334
275600 -3122.16757914 421.66576692 0.358559 5.9966 0.878534 0.090052 0.097047
275700 -3140.56086261 453.71329669 0.385811 5.9966 0.878534 0.090052 -0.034553
275800 -3151.33149912 437.42022826 0.371956 5.9966 0.878534 0.090052 -0.155151
275900 -3132.84186961 414.69160336 0.352629 5.9966 0.878534 0.090052 0.006402
276000 -3150.89396569 446.54889647 0.379718 5.9898 0.878231 0.087678 -0.101847
276100 -3152.70844026 433.88185678 0.368947 5.9898 0.878231 0.087678 -0.135638
276200 -3134.53630569 423.95940481 0.360510 5.9898 0.878231 0.087678 -0.038061
276300 -3150.14362465 420.37116867 0.357458 5.9898 0.878231 0.087678 -0.099452
276400 -3160.90220861 414.68811043 0.352626 5.9898 0.878231 0.087678 -0.156927
276500 -3156.71388531 409.91959360 0.348571 5.9983 0.879300 0.089228 -0.087766
276600 -3137.65989554 405.62060111 0.344915 5.9983 0.879300 0.089228 0.040165
276700 -3152.66008738 429.60258634 0.365308 5.9983 0.879300 0.089228 -0.021920
276800 -3148.10169272 411.69229477 0.350078 5.9983 0.879300 0.089228 -0.005821
276900 -3148.80805112 436.20850513 0.370926 5.9983 0.879300 0.089228 0.002699
277000 -3160.39521408 421.99866283 0.358842 5.9966 0.882556 0.086994 -0.067606
277100 -3152.86507990 417.59530952 0.355098 5.9966 0.882556 0.086994 0.002608
277200 -3160.30773160 436.05528104 0.370795 5.9966 0.882556 0.086994 -0.072742
277300 -3121.03726942 423.83085271 0.360400 5.9966 0.882556 0.086994 0.181263
277400 -3123.50134132 411.35172594 0.349789 5.9966 0.882556 0.086994 0.129233
277500 -3135.58051687 428.51355081 0.364382 5.9915 0.871948 0.088062 0.031629
277600 -3136.32697458 429.92276079 0.365581 5.9915 0.871948 0.088062 -0.005233
277700 -3139.31399626 428.14862121 0.364072 5.9915 0.871948 0.088062 -0.014248
277800 -3124.00334557 410.63482940 0.349179 5.9915 0.871948 0.088062 0.076095
277900 -3139.95723004 421.81984936 0.358690 5.9915 0.871948 0.088062 -0.033301
278000 -3137.20505600 427.05952431 0.363146 5.9949 0.880706 0.086595 -0.018164
278100 -3151.22480782 422.39461039 0.359179 5.9949 0.880706 0.086595 -0.093869
278200 -3133.20731904 418.18882174 0.355603 5.9949 0.880706 0.086595 0.031564
278300 -3133.58363621 450.18695762 0.382812 5.9949 0.880706 0.086595 0.040201
278400 -3127.43845737 411.23413710 0.349689 5.9949 0.880706 0.086595 0.007925
278500 -3139.95122646 417.44740488 0.354972 6.0000 0.875910 0.089237 -0.067917
278600 -3128.03134218 418.70102128 0.356038 6.0000 0.875910 0.089237 0.015803
278700 -3126.39303592 424.41142851 0.360894 6.0000 0.875910 0.089237 0.042885
278800 -3126.55756320 424.71263073 0.361150 6.0000 0.875910 0.089237 0.051029
278900 -3123.55954781 427.16145593 0.363233 6.0000 0.875910 0.089237 0.018313
279000 -3130.87650685 413.42677462 0.351553 5.9847 0.870383 0.092282 -0.027013
279100 -3117.65735974 434.91637087 0.369827 5.9847 0.870383 0.092282 0.048889
279200 -3129.17590113 426.89778259 0.363008 5.9847 0.870383 0.092282 -0.005655
279300 -3131.65739725 412.45994741 0.350731 5.9847 0.870383 0.092282 -0.021179
279400 -3119.03683005 406.19246092 0.345402 5.9847 0.870383 0.092282 0.057675
279500 -3124.97498145 429.16123456 0.364933 5.9915 0.870981 0.090046 0.037283
279600 -3118.17080231 420.19730309 0.357311 5.9915 0.870981 0.090046 0.065146
279700 -3149.35811553 436.71727433 0.371358 5.9915 0.870981 0.090046 -0.118827
279800 -3156.53723988 431.95818557 0.367311 5.9915 0.870981 0.090046 -0.125701
279900 -3133.58172240 428.62299276 0.364475 5.9915 0.870981 0.090046 0.002317
280000 -3128.83383225 402.59357833 0.342341 5.9915 0.867760 0.088998 0.029671
280100 -3138.54583026 411.81245787 0.350181 5.9915 0.867760 0.088998 -0.032871
280200 -3146.95592729 421.13585327 0.358109 5.9915 0.867760 0.088998 -0.056028
280300 -3117.82252264 400.35595518 0.340439 5.9915 0.867760 0.088998 0.128875
280400 -3132.68648979 421.30270023 0.358251 5.9915 0.867760 0.088998 0.035877
280500 -3138.07375685 427.21597227 0.363279 5.9983 0.875136 0.088104 -0.004421
280600 -3134.55413192 432.48696090 0.367761 5.9983 0.875136 0.088104 0.009716
280700 -3125.67257690 409.51131273 0.348224 5.9983 0.875136 0.088104 0.017931
280800 -3127.58637307 421.31260482 0.358259 5.9983 0.875136 0.088104 0.035715
280900 -3125.52232602 393.58655157 0.334682 5.9983 0.875136 0.088104 0.043151
281000 -3111.26212934 405.36425276 0.344697 5.9881 0.863798 0.094122 0.151657
281100 -3138.79278469 437.92551655 0.372386 5.9881 0.863798 0.094122 -0.048690
281200 -3122.48459797 427.15028908 0.363223 5.9881 0.863798 0.094122 0.078104
281300 -3132.97593623 429.71936702 0.365408 5.9881 0.863798 0.094122 -0.006805
281400 -3127.09500573 422.48809033 0.359259 5.9881 0.863798 0.094122 0.027178
281500 -3120.35425668 419.08157100 0.356362 5.9949 0.868818 0.090121 0.073427
281600 -3143.09483394 419.88099785 0.357042 5.9949 0.868818 0.090121 -0.039550
281700 -3124.92119444 409.07829568 0.347856 5.9949 0.868818 0.090121 0.037333
281800 -3122.74420296 422.44347469 0.359221 5.9949 0.868818 0.090121 0.083613
281900 -3138.25972694 431.33704888 0.366783 5.9949 0.868818 0.090121 -0.057772
282000 -3135.81903706 434.07707977 0.369113 5.9847 0.868592 0.091982 0.003467
282100 -3120.62895531 410.54479617 0.349103 5.9847 0.868592 0.091982 0.056636
282200 -3135.14155919 420.71005257 0.357747 5.9847 0.868592 0.091982 -0.037008
282300 -3135.37913474 431.54076665 0.366956 5.9847 0.868592 0.091982 -0.023198
282400 -3138.24853620 431.98197317 0.367332 5.9847 0.868592 0.091982 -0.032492
282500 -3129.89797683 410.43709027 0.349011 5.9915 0.867108 0.088657 0.005813
282600 -3138.14948625 429.48463353 0.365208 5.9915 0.867108 0.088657 -0.027017
282700 -3144.90548045 401.81706951 0.341681 5.9915 0.867108 0.088657 -0.084820
282800 -3147.16075348 420.47470286 0.357547 5.9915 0.867108 0.088657 -0.078073
282900 -3140.06931858 416.37642113 0.354062 5.9915 0.867108 0.088657 0.020347
283000 -3134.99502010 436.43130483 0.371115 5.9966 0.874331 0.088482 0.042268
283100 -3113.98755478 429.66815162 0.365364 5.9966 0.874331 0.088482 0.178325
283200 -3135.19381213 438.77708847 0.373110 5.9966 0.874331 0.088482 -0.024802
283300 -3135.90290527 429.30008477 0.365051 5.9966 0.874331 0.088482 -0.015583
283400 -3126.46950932 429.05608624 0.364844 5.9966 0.874331 0.088482 0.043062
283500 -3112.42865567 421.76244606 0.358642 5.9932 0.868131 0.091853 0.067564
283600 -3110.73002866 421.95656827 0.358807 5.9932 0.868131 0.091853 0.096025
283700 -3128.04592353 428.52092261 0.364389 5.9932 0.868131 0.091853 -0.005377
283800 -3136.33323658 438.78603889 0.373117 5.9932 0.868131 0.091853 -0.058977
283900 -3125.33113610 421.47159101 0.358394 5.9932 0.868131 0.091853 0.032494
284000 -3119.42277071 424.90492871 0.361314 5.9932 0.860031 0.093387 0.040842
284100 -3150.37002393 436.59040097 0.371250 5.9932 0.860031 0.093387 -0.126572
284200 -3117.24852369 426.17094037 0.362390 5.9932 0.860031 0.093387 0.083653
284300 -3152.54211003 420.77136995 0.357799 5.9932 0.860031 0.093387 -0.166122
284400 -3149.10620875 421.33561636 0.358279 5.9932 0.860031 0.093387 -0.102785
284500 -3134.69782228 418.61486998 0.355965 5.9966 0.874534 0.088219 0.022809
284600 -3132.52938999 407.69009598 0.346675 5.9966 0.874534 0.088219 0.035701
284700 -3165.71789549 417.55802756 0.355066 5.9966 0.874534 0.088219 -0.155300
284800 -3164.04375745 415.49408617 0.353311 5.9966 0.874534 0.088219 -0.118362
284900 -3146.83720673 406.30083699 0.345494 5.9966 0.874534 0.088219 0.006995
285000 -3154.04024129 405.11300878 0.344484 5.9949 0.878929 0.090281 -0.014722
285100 -3170.76106547 400.72327544 0.340751 5.9949 0.878929 0.090281 -0.105556
285200 -3162.35728972 400.55811483 0.340611 5.9949 0.878929 0.090281 -0.032463
285300 -3156.11843910 402.16435142 0.341976 5.9949 0.878929 0.090281 0.052325
285400 -3133.15963268 414.56436830 0.352521 5.9949 0.878929 0.090281 0.162106
285500 -3156.15814438 429.63756721 0.365338 5.9949 0.880664 0.086507 0.007827
285600 -3149.37460294 428.93819828 0.364743 5.9949 0.880664 0.086507 0.036810
285700 -3147.96115483 422.40598968 0.359189 5.9949 0.880664 0.086507 0.028566
285800 -3148.63787478 403.71458547 0.343295 5.9949 0.880664 0.086507 -0.007596
285900 -3154.13016443 406.47203344 0.345639 5.9949 0.880664 0.086507 -0.008283
286000 -3135.03153898 422.19432511 0.359009 5.9932 0.884881 0.086696 0.094193
286100 -3140.00964593 424.48181383 0.360954 5.9932 0.884881 0.086696 0.049011
286200 -3153.31425672 434.25486201 0.369264 5.9932 0.884881 0.086696 -0.052158
286300 -3147.90832988 436.05697309 0.370797 5.9932 0.884881 0.086696 -0.018782
286400 -3121.59007196 433.51444083 0.368635 5.9932 0.884881 0.086696 0.147510
286500 -3116.65343642 425.33518757 0.361680 5.9949 0.873984 0.090669 0.092481
286600 -3122.62428462 425.63254438 0.361932 5.9949 0.873984 0.090669 0.042847
286700 -3126.02425867 410.09448825 0.348720 5.9949 0.873984 0.090669 0.008891
286800 -3132.75666463 399.12056817 0.339388 5.9949 0.873984 0.090669 -0.030289
286900 -3126.77263107 409.97625285 0.348619 5.9949 0.873984 0.090669 0.042793
287000 -3132.64088526 461.81388707 0.392699 6.0000 0.878415 0.087942 0.014659
287100 -3123.75677613 431.80668415 0.367183 6.0000 0.878415 0.087942 0.057189
287200 -3120.06479793 428.39789652 0.364284 6.0000 0.878415 0.087942 0.039960
287300 -3118.78443816 433.90396249 0.368966 6.0000 0.878415 0.087942 0.070505
287400 -3124.43877785 423.16492008 0.359834 6.0000 0.878415 0.087942 0.013410
287500 -3140.82873944 426.00037533 0.362245 5.9932 0.872110 0.090975 -0.096762
287600 -3138.48690272 408.67863774 0.347516 5.9932 0.872110 0.090975 -0.066917
287700 -3135.33228564 419.09834497 0.356376 5.9932 0.872110 0.090975 -0.020405
287800 -3127.10136018 413.91876387 0.351972 5.9932 0.872110 0.090975 0.050346
287900 -3132.80999326 418.88744038 0.356197 5.9932 0.872110 0.090975 -0.003176
288000 -3135.33908126 425.34163407 0.361685 5.9966 0.879609 0.088584 -0.015400
288100 -3115.56786466 415.90122956 0.353658 5.9966 0.879609 0.088584 0.109506
288200 -3130.36294343 435.18222246 0.370053 5.9966 0.879609 0.088584 0.006394
288300 -3150.94656817 442.79070833 0.376523 5.9966 0.879609 0.088584 -0.128946
288400 -3139.65085859 415.22763706 0.353085 5.9966 0.879609 0.088584 -0.063595
288500 -3124.52125870 418.76606724 0.356094 5.9983 0.864469 0.091845 0.062942
288600 -3130.25860844 429.80374264 0.365479 5.9983 0.864469 0.091845 -0.004646
288700 -3131.47225743 424.87281691 0.361286 5.9983 0.864469 0.091845 -0.019930
288800 -3129.02844587 436.38008871 0.371072 5.9983 0.864469 0.091845 0.016139
288900 -3129.50982658 443.76311361 0.377350 5.9983 0.864469 0.091845 0.017286
289000 -3136.26021713 444.93103137 0.378343 5.9966 0.874208 0.089679 -0.046907
289100 -3118.48169308 437.86118482 0.372331 5.9966 0.874208 0.089679 0.083641
289200 -3111.30607249 431.25566081 0.366714 5.9966 0.874208 0.089679 0.090508
289300 -3136.82063260 445.51176639 0.378837 5.9966 0.874208 0.089679 -0.079673
289400 -3134.49938769 436.32152270 0.371022 5.9966 0.874208 0.089679 -0.071814
289500 -3132.26751452 414.03665928 0.352072 5.9864 0.867681 0.090668 -0.044001
289600 -3139.71547085 416.71360672 0.354348 5.9864 0.867681 0.090668 -0.076765
289700 -3130.09726653 422.86438397 0.359579 5.9864 0.867681 0.090668 0.005166
289800 -3145.05841949 418.18164904 0.355597 5.9864 0.867681 0.090668 -0.068623
289900 -3142.23681334 428.17385244 0.364093 5.9864 0.867681 0.090668 -0.054499
290000 -3164.01532936 428.47183821 0.364347 5.9983 0.886508 0.083932 -0.180096
290100 -3147.09458652 412.10109474 0.350426 5.9983 0.886508 0.083932 -0.006338
290200 -3132.00623989 423.56719919 0.360176 5.9983 0.886508 0.083932 0.072135
290300 -3132.11838678 415.48462741 0.353303 5.9983 0.886508 0.083932 0.038618
290400 -3158.63532689 424.18376368 0.360700 5.9983 0.886508 0.083932 -0.130076
290500 -3150.22053623 422.82546357 0.359545 5.9915 0.876496 0.091032 -0.051837
290600 -3154.11685068 442.39158434 0.376183 5.9915 0.876496 0.091032 -0.062341
290700 -3134.12082621 437.74216647 0.372230 5.9915 0.876496 0.091032 0.028933
290800 -3137.17716979 428.19221834 0.364109 5.9915 0.876496 0.091032 -0.004936
290900 -3144.16537715 443.60440033 0.377215 5.9915 0.876496 0.091032 -0.043155
291000 -3125.92662643 436.66084023 0.371310 5.9915 0.875201 0.089721 0.043398
291100 -3090.22414727 429.48245105 0.365206 5.9915 0.875201 0.089721 0.242415
291200 -3111.28622123 436.16918699 0.370892 5.9915 0.875201 0.089721 0.067562
291300 -3117.25010867 455.22427117 0.387095 5.9915 0.875201 0.089721 0.017673
291400 -3112.57793970 426.87676302 0.362990 5.9915 0.875201 0.089721 0.030372
291500 -3127.67054085 419.11251517 0.356388 5.9983 0.871526 0.090160 -0.053315
291600 -3127.90189060 413.93911034 0.351989 5.9983 0.871526 0.090160 -0.035615
291700 -3126.88074784 424.69631107 0.361136 5.9983 0.871526 0.090160 -0.013278
291800 -3140.94640395 419.79811793 0.356971 5.9983 0.871526 0.090160 -0.091728
291900 -3132.17860527 413.73754193 0.351818 5.9983 0.871526 0.090160 -0.043843
292000 -3109.42030732 429.22499536 0.364987 5.9949 0.867514 0.091621 0.109127
292100 -3119.20220681 409.65092182 0.348343 5.9949 0.867514 0.091621 0.019196
292200 -3120.13860875 427.33981964 0.363384 5.9949 0.867514 0.091621 -0.000483
292300 -3120.11516955 428.95306991 0.364756 5.9949 0.867514 0.091621 0.015286
292400 -3133.61294018 445.46166377 0.378794 5.9949 0.867514 0.091621 -0.086552
292500 -3126.81726298 415.37458765 0.353210 5.9932 0.870577 0.090009 -0.050465
292600 -3123.17122788 401.42873361 0.341351 5.9932 0.870577 0.090009 0.005811
292700 -3134.85326273 396.19891423 0.336904 5.9932 0.870577 0.090009 -0.051353
292800 -3138.77609676 400.72917627 0.340756 5.9932 0.870577 0.090009 -0.048509
292900 -3142.07766136 405.17868892 0.344540 5.9932 0.870577 0.090009 -0.021201
293000 -3131.70120474 415.51131355 0.353326 5.9949 0.871714 0.089828 0.067186
293100 -3124.11251716 426.73002576 0.362866 5.9949 0.871714 0.089828 0.103113
293200 -3125.85994008 427.92326212 0.363880 5.9949 0.871714 0.089828 0.070371
293300 -3127.35418773 440.42599860 0.374512 5.9949 0.871714 0.089828 0.061266
293400 -3127.10970024 438.43505095 0.372819 5.9949 0.871714 0.089828 0.051259
293500 -3140.57212928 434.52981542 0.369498 5.9966 0.878753 0.087942 -0.039626
293600 -3129.20585213 436.30741872 0.371010 5.9966 0.878753 0.087942 0.037410
293700 -3128.35222137 422.83178922 0.359551 5.9966 0.878753 0.087942 -0.000784
293800 -3134.69247066 414.39635651 0.352378 5.9966 0.878753 0.087942 -0.011001
293900 -3146.94986871 420.70115640 0.357739 5.9966 0.878753 0.087942 -0.098698
294000 -3139.67409061 418.62171851 0.355971 6.0000 0.877294 0.087717 -0.002168
294100 -3153.29241361 423.58429059 0.360191 6.0000 0.877294 0.087717 -0.088235
294200 -3143.11572809 404.13824455 0.343655 6.0000 0.877294 0.087717 -0.006950
294300 -3125.60787384 420.16848972 0.357286 6.0000 0.877294 0.087717 0.069200
294400 -3153.38964901 430.32442661 0.365922 6.0000 0.877294 0.087717 -0.069648
294500 -3137.91297534 415.77456483 0.353550 5.9949 0.873509 0.089232 0.019099
294600 -3144.56538979 424.90870336 0.361317 5.9949 0.873509 0.089232 -0.023947
294700 -3151.60783546 403.52669482 0.343135 5.9949 0.873509 0.089232 -0.072811
294800 -3157.23737905 421.02412746 0.358014 5.9949 0.873509 0.089232 -0.063709
294900 -3159.88614962 432.22872323 0.367541 5.9949 0.873509 0.089232 -0.072263
295000 -3151.44420785 424.97693511 0.361375 5.9932 0.878335 0.087251 0.000681
295100 -3151.99927871 430.72356986 0.366262 5.9932 0.878335 0.087251 -0.015664
295200 -3141.93828443 421.29865288 0.358247 5.9932 0.878335 0.087251 0.060417
295300 -3142.34404083 433.31375219 0.368464 5.9932 0.878335 0.087251 0.017391
295400 -3136.77599113 428.32478313 0.364222 5.9932 0.878335 0.087251 0.037321
295500 -3131.40207510 402.96830750 0.342660 5.9898 0.870300 0.090604 0.064307
295600 -3135.76124910 401.06552435 0.341042 5.9898 0.870300 0.090604 -0.001637
295700 -3148.02151567 417.51874284 0.355033 5.9898 0.870300 0.090604 -0.041633
295800 -3147.26650247 438.70748805 0.373051 5.9898 0.870300 0.090604 -0.006444
295900 -3143.12562815 433.50106743 0.368623 5.9898 0.870300 0.090604 -0.007763
296000 -3147.99787008 421.56100060 0.358470 5.9932 0.880588 0.086765 -0.054813
296100 -3156.27917035 441.91128097 0.375775 5.9932 0.880588 0.086765 -0.093070
296200 -3124.84822211 426.40670718 0.362591 5.9932 0.880588 0.086765 0.110526
296300 -3166.57396655 438.45782071 0.372838 5.9932 0.880588 0.086765 -0.189617
296400 -3141.72979739 414.98127758 0.352875 5.9932 0.880588 0.086765 -0.010939
296500 -3136.04554364 410.32607649 0.348917 5.9949 0.876143 0.088655 0.043494
296600 -3144.28121047 431.53222177 0.366949 5.9949 0.876143 0.088655 -0.019163
296700 -3143.03946279 437.11358541 0.371695 5.9949 0.876143 0.088655 -0.026249
296800 -3127.74071757 418.40645112 0.355788 5.9949 0.876143 0.088655 0.068805
296900 -3128.69353047 401.14009529 0.341106 5.9949 0.876143 0.088655 0.029075
297000 -3139.56132105 428.06399842 0.364000 5.9966 0.876279 0.087102 -0.037368
297100 -3144.73541213 440.41351455 0.374501 5.9966 0.876279 0.087102 -0.052587
297200 -3133.51442216 439.20647984 0.373475 5.9966 0.876279 0.087102 0.011317
297300 -3126.41981749 407.24134076 0.346294 5.9966 0.876279 0.087102 0.019630
297400 -3148.01020191 428.29090995 0.364193 5.9966 0.876279 0.087102 -0.096428
297500 -3135.34391163 404.47455035 0.343941 5.9983 0.872730 0.090000 0.014652
297600 -3139.32936640 427.12171872 0.363199 5.9983 0.872730 0.090000 0.006314
297700 -3125.43117322 439.39473150 0.373635 5.9983 0.872730 0.090000 0.053498
297800 -3119.16228231 425.80446564 0.362079 5.9983 0.872730 0.090000 0.049682
297900 -3120.13293851 421.44665663 0.358373 5.9983 0.872730 0.090000 0.055401
298000 -3119.11845523 415.97110635 0.353717 5.9932 0.870303 0.092203 0.049382
298100 -3129.75429346 429.96893781 0.365620 5.9932 0.870303 0.092203 0.017175
298200 -3133.44960471 433.12131781 0.368300 5.9932 0.870303 0.092203 0.009605
298300 -3135.13334818 414.17675331 0.352191 5.9932 0.870303 0.092203 -0.042074
298400 -3138.92808529 420.64839233 0.357694 5.9932 0.870303 0.092203 -0.051833
298500 -3111.85625587 403.59773170 0.343195 5.9966 0.864762 0.090801 0.102393
298600 -3135.26715872 418.09108092 0.355520 5.9966 0.864762 0.090801 -0.029904
298700 -3133.80611832 411.46306327 0.349884 5.9966 0.864762 0.090801 -0.023914
298800 -3124.29820644 431.10135229 0.366583 5.9966 0.864762 0.090801 0.040436
298900 -3136.05235234 432.74549188 0.367981 5.9966 0.864762 0.090801 -0.012668
299000 -3135.94410068 429.77722991 0.365457 5.9966 0.880614 0.086508 -0.025101
299100 -3152.13311979 414.15099125 0.352169 5.9966 0.880614 0.086508 -0.125236
299200 -3146.73591496 440.32756504 0.374428 5.9966 0.880614 0.086508 -0.075064
299300 -3124.66846418 428.26504675 0.364171 5.9966 0.880614 0.086508 0.059094
299400 -3133.47152064 417.33468282 0.354876 5.9966 0.880614 0.086508 -0.022555
299500 -3157.63452878 426.83675841 0.362956 5.9966 0.874820 0.087738 -0.136174
299600 -3139.63460459 437.15815893 0.371733 5.9966 0.874820 0.087738 0.013791
299700 -3127.59333461 413.75043868 0.351829 5.9966 0.874820 0.087738 0.053893
299800 -3134.54092379 442.63777848 0.376393 5.9966 0.874820 0.087738 0.033647
299900 -3129.39911521 432.58691700 0.367846 5.9966 0.874820 0.087738 -0.000821
300000 -3122.53590448 425.40290128 0.361737 5.9949 0.871216 0.089822 0.030875
300100 -3136.33294571 420.71140930 0.357748 5.9949 0.871216 0.089822 -0.040257
300200 -3137.01281550 424.86931266 0.361283 5.9949 0.871216 0.089822 -0.013382
300300 -3139.69870306 419.38782050 0.356622 5.9949 0.871216 0.089822 -0.037102
300400 -3125.81624224 411.81002972 0.350179 5.9949 0.871216 0.089822 0.049503
300500 -3129.93419696 408.81189446 0.347629 5.9966 0.871892 0.089951 0.021967
300600 -3136.17360041 414.54770077 0.352507 5.9966 0.871892 0.089951 0.010445
300700 -3120.23129142 414.65112207 0.352594 5.9966 0.871892 0.089951 0.097822
300800 -3142.77122331 442.86445055 0.376585 5.9966 0.871892 0.089951 -0.049384
300900 -3142.73540659 438.40926019 0.372797 5.9966 0.871892 0.089951 -0.041830
301000 -3120.75625132 414.45841538 0.352431 5.9881 0.869934 0.091036 0.086698
301100 -3126.02675940 427.47055489 0.363495 5.9881 0.869934 0.091036 0.052921
301200 -3127.89147227 423.63522913 0.360234 5.9881 0.869934 0.091036 0.003283
301300 -3128.97843490 412.68044963 0.350919 5.9881 0.869934 0.091036 -0.014745
301400 -3128.47018871 409.38092975 0.348113 5.9881 0.869934 0.091036 0.006982
301500 -3127.16323585 406.11034822 0.345332 5.9966 0.872906 0.089589 0.040505
301600 -3124.17560863 415.61389974 0.353413 5.9966 0.872906 0.089589 0.054152
301700 -3112.25783717 423.75056213 0.360332 5.9966 0.872906 0.089589 0.132987
301800 -3134.59483564 416.93788517 0.354539 5.9966 0.872906 0.089589 -0.014715
301900 -3133.29513507 414.65943079 0.352602 5.9966 0.872906 0.089589 -0.018690
302000 -3135.06795904 435.21921410 0.370084 5.9966 0.877136 0.089032 0.015291
302100 -3117.64941907 398.72664114 0.339053 5.9966 0.877136 0.089032 0.077783
302200 -3134.21874187 423.19552947 0.359860 5.9966 0.877136 0.089032 0.016972
302300 -3123.18744028 422.14638214 0.358968 5.9966 0.877136 0.089032 0.031597
302400 -3122.95367676 446.47015006 0.379651 5.9966 0.877136 0.089032 0.047215
302500 -3121.97081866 442.24865657 0.376062 5.9898 0.864342 0.093418 0.008529
302600 -3114.07016389 454.96045781 0.386871 5.9898 0.864342 0.093418 0.011582
302700 -3103.75574781 428.86408973 0.364680 5.9898 0.864342 0.093418 0.107700
302800 -3128.99016613 437.71827259 0.372209 5.9898 0.864342 0.093418 -0.096389
302900 -3113.49586378 408.28464216 0.347181 5.9898 0.864342 0.093418 0.011926
303000 -3121.35357721 435.50305007 0.370326 5.9983 0.873397 0.089069 0.008084
303100 -3126.66784628 432.59246495 0.367851 5.9983 0.873397 0.089069 -0.036387
303200 -3129.19889558 421.71055199 0.358597 5.9983 0.873397 0.089069 -0.041336
303300 -3126.04692127 429.07966486 0.364864 5.9983 0.873397 0.089069 -0.023679
303400 -3143.87615275 404.07491319 0.343601 5.9983 0.873397 0.089069 -0.112004
303500 -3123.35856897 409.02149091 0.347807 5.9881 0.866230 0.091149 0.070276
303600 -3135.15178587 426.44374144 0.362622 5.9881 0.866230 0.091149 0.004089
303700 -3135.37933661 425.28229185 0.361635 5.9881 0.866230 0.091149 -0.018820
303800 -3114.60999767 425.94007681 0.362194 5.9881 0.866230 0.091149 0.121259
303900 -3140.28760299 445.57849153 0.378893 5.9881 0.866230 0.091149 -0.056191
304000 -3137.79873359 433.10345489 0.368285 5.9966 0.875818 0.089895 -0.054087
304100 -3137.98703854 433.10417865 0.368286 5.9966 0.875818 0.089895 -0.052187
304200 -3124.73804062 398.13816578 0.338553 5.9966 0.875818 0.089895 0.035953
304300 -3152.42811539 409.02505040 0.347810 5.9966 0.875818 0.089895 -0.092898
304400 -3153.88949579 418.98769434 0.356282 5.9966 0.875818 0.089895 -0.079601
304500 -3151.13566790 396.46787370 0.337133 6.0000 0.877471 0.086132 -0.055214
304600 -3128.87916142 404.03423566 0.343567 6.0000 0.877471 0.086132 0.127493
304700 -3142.29935455 426.80248745 0.362927 6.0000 0.877471 0.086132 0.028095
304800 -3130.11157799 410.69539949 0.349231 6.0000 0.877471 0.086132 0.107337
304900 -3140.04891493 422.36774590 0.359156 6.0000 0.877471 0.086132 -0.003159
305000 -3139.07230009 412.75716394 0.350984 6.0000 0.878717 0.087974 -0.005787
305100 -3138.74201830 423.08478637 0.359766 6.0000 0.878717 0.087974 0.027651
305200 -3149.36315667 413.61973447 0.351717 6.0000 0.878717 0.087974 -0.028720
305300 -3166.10771094 441.62755807 0.375534 6.0000 0.878717 0.087974 -0.130818
305400 -3148.18682521 427.62199910 0.363624 6.0000 0.878717 0.087974 0.012144
305500 -3155.57042284 426.43951705 0.362619 5.9983 0.882451 0.086022 -0.116351
305600 -3134.00746786 418.99640307 0.356289 5.9983 0.882451 0.086022 0.063087
305700 -3142.43782341 430.84467216 0.366365 5.9983 0.882451 0.086022 -0.019526
305800 -3132.94483007 417.57771840 0.355083 5.9983 0.882451 0.086022 0.014823
305900 -3142.09637752 406.26103139 0.345460 5.9983 0.882451 0.086022 -0.032848
306000 -3138.06132332 407.14377035 0.346211 5.9949 0.874529 0.090116 0.034904
306100 -3129.06600363 410.34125438 0.348930 5.9949 0.874529 0.090116 0.080742
306200 -3143.48539707 400.69914562 0.340731 5.9949 0.874529 0.090116 -0.037227
306300 -3144.07371084 401.39207231 0.341320 5.9949 0.874529 0.090116 -0.015209
306400 -3139.72521343 418.85876698 0.356172 5.9949 0.874529 0.090116 0.039836
306500 -3139.65530284 417.34896748 0.354889 5.9966 0.872423 0.092425 0.000076
306600 -3146.73873387 414.70320681 0.352639 5.9966 0.872423 0.092425 -0.050069
306700 -3130.74119210 402.97281198 0.342664 5.9966 0.872423 0.092425 0.089095
306800 -3127.83435196 421.29073715 0.358240 5.9966 0.872423 0.092425 0.119272
306900 -3139.69865167 432.64836751 0.367898 5.9966 0.872423 0.092425 -0.005648
307000 -3122.53061374 435.68464964 0.370480 5.9966 0.867967 0.090740 0.078837
307100 -3119.88587171 448.13497910 0.381067 5.9966 0.867967 0.090740 0.070020
307200 -3115.91151532 422.02842778 0.358868 5.9966 0.867967 0.090740 0.035628
307300 -3117.38382385 427.14132644 0.363215 5.9966 0.867967 0.090740 0.024307
307400 -3124.63721734 428.79431950 0.364621 5.9966 0.867967 0.090740 -0.005059
307500 -3118.13550662 414.56744465 0.352523 5.9932 0.871088 0.092462 0.010518
307600 -3136.04403304 426.98808855 0.363085 5.9932 0.871088 0.092462 -0.092744
307700 -3139.11970653 418.74072157 0.356072 5.9932 0.871088 0.092462 -0.073563
307800 -3124.93795880 422.11851053 0.358944 5.9932 0.871088 0.092462 0.014310
307900 -3125.91741729 402.83962356 0.342551 5.9932 0.871088 0.092462 0.049396
308000 -3141.56301907 432.97447667 0.368176 5.9966 0.873367 0.088966 -0.086711
308100 -3124.09808298 409.24976541 0.348002 5.9966 0.873367 0.088966 0.017184
308200 -3136.32152716 442.59113296 0.376353 5.9966 0.873367 0.088966 -0.007866
308300 -3150.39572976 427.89538761 0.363857 5.9966 0.873367 0.088966 -0.131363
308400 -3149.62988199 395.45922704 0.336275 5.9966 0.873367 0.088966 -0.118510
308500 -3133.74034286 415.98538338 0.353729 5.9864 0.869602 0.091169 0.036555
308600 -3153.46688380 436.43094748 0.371115 5.9864 0.869602 0.091169 -0.077343
308700 -3144.89593137 424.72786114 0.361163 5.9864 0.869602 0.091169 -0.025118
308800 -3138.63430305 433.72261348 0.368812 5.9864 0.869602 0.091169 0.015634
308900 -3135.76188751 444.48807028 0.377966 5.9864 0.869602 0.091169 0.031904
309000 -3130.58057807 425.11799980 0.361495 5.9949 0.874398 0.090270 0.010089
309100 -3150.51972271 419.18619553 0.356451 5.9949 0.874398 0.090270 -0.099086
309200 -3126.55296917 417.33567560 0.354877 5.9949 0.874398 0.090270 0.041497
309300 -3146.62724995 416.22237961 0.353931 5.9949 0.874398 0.090270 -0.068912
309400 -3151.25299183 416.81811467 0.354437 5.9949 0.874398 0.090270 -0.062744
309500 -3152.25561110 424.23097019 0.360741 5.9915 0.873014 0.087751 -0.039153
309600 -3132.71273872 409.22986142 0.347985 5.9915 0.873014 0.087751 0.092032
309700 -3147.23194017 423.16107362 0.359831 5.9915 0.873014 0.087751 -0.014880
309800 -3122.97533308 433.42752929 0.368561 5.9915 0.873014 0.087751 0.083159
309900 -3138.82155626 432.22360157 0.367537 5.9915 0.873014 0.087751 -0.027667
310000 -3144.04911821 416.49548852 0.354163 6.0000 0.873932 0.088270 -0.054282
310100 -3154.51221190 419.62896809 0.356827 6.0000 0.873932 0.088270 -0.069648
310200 -3138.66541592 410.98396867 0.349476 6.0000 0.873932 0.088270 0.004342
310300 -3141.10813432 405.13692561 0.344504 6.0000 0.873932 0.088270 0.002452
310400 -3145.39630158 417.14561774 0.354716 6.0000 0.873932 0.088270 0.002082
310500 -3164.24837077 427.17973990 0.363248 5.9966 0.882523 0.085368 -0.089629
310600 -3152.44758123 417.24179537 0.354797 5.9966 0.882523 0.085368 -0.019393
310700 -3128.07110583 421.32301468 0.358268 5.9966 0.882523 0.085368 0.115453
310800 -3127.78923043 416.97519558 0.354571 5.9966 0.882523 0.085368 0.082845
310900 -3128.90657891 433.79144232 0.368870 5.9966 0.882523 0.085368 0.086145
311000 -3125.99292389 405.19060797 0.344550 5.9796 0.864022 0.090342 0.074263
311100 -3127.28648308 426.91480059 0.363023 5.9796 0.864022 0.090342 0.065856
311200 -3135.89782367 423.67930731 0.360272 5.9796 0.864022 0.090342 -0.008324
311300 -3140.22290718 416.45159086 0.354126 5.9796 0.864022 0.090342 -0.055564
311400 -3133.42190935 427.31594356 0.363364 5.9796 0.864022 0.090342 0.015923
311500 -3139.80752201 450.74457513 0.383286 5.9881 0.868221 0.090442 -0.041463
311600 -3125.12643098 423.32112658 0.359967 5.9881 0.868221 0.090442 0.052336
311700 -3124.78722231 415.83820282 0.353604 5.9881 0.868221 0.090442 0.021755
311800 -3137.35260343 425.16584134 0.361536 5.9881 0.868221 0.090442 -0.078803
311900 -3123.16285381 418.01417119 0.355454 5.9881 0.868221 0.090442 0.051301
312000 -3131.21237260 437.96560388 0.372420 5.9932 0.877112 0.089040 0.007656
312100 -3109.00345787 438.33297780 0.372732 5.9932 0.877112 0.089040 0.145277
312200 -3126.93094651 437.03287449 0.371627 5.9932 0.877112 0.089040 -0.012445
312300 -3144.75430712 447.82127478 0.380800 5.9932 0.877112 0.089040 -0.133786
312400 -3127.16312165 439.51063211 0.373734 5.9932 0.877112 0.089040 0.005521
312500 -3130.02931246 421.35229649 0.358293 5.9949 0.870464 0.089164 -0.052652
312600 -3143.42979969 435.32258998 0.370172 5.9949 0.870464 0.089164 -0.132560
312700 -3140.08619933 417.17073317 0.354737 5.9949 0.870464 0.089164 -0.093253
312800 -3139.95717288 414.72534116 0.352658 5.9949 0.870464 0.089164 -0.062771
312900 -3158.71837877 422.35364394 0.359144 5.9949 0.870464 0.089164 -0.138105
313000 -3132.26818020 412.26094519 0.350562 5.9949 0.866994 0.090483 0.042550
313100 -3142.19609944 411.82913254 0.350195 5.9949 0.866994 0.090483 -0.005999
313200 -3149.75580151 415.95421637 0.353703 5.9949 0.866994 0.090483 -0.032448
313300 -3145.64873270 402.29484276 0.342087 5.9949 0.866994 0.090483 -0.015409
313400 -3156.87154512 418.63741554 0.355984 5.9949 0.866994 0.090483 -0.082860
313500 -3145.03133817 431.72194770 0.367110 5.9898 0.872382 0.089884 0.041142
313600 -3129.63847130 414.99220654 0.352885 5.9898 0.872382 0.089884 0.087652
313700 -3150.62877476 421.70384581 0.358592 5.9898 0.872382 0.089884 -0.041216
313800 -3139.65582414 405.67921568 0.344965 5.9898 0.872382 0.089884 0.023470
313900 -3148.87782183 399.18459616 0.339443 5.9898 0.872382 0.089884 -0.017388
314000 -3153.78456150 407.61106290 0.346608 5.9949 0.889972 0.087284 -0.022289
314100 -3143.20070115 405.27568264 0.344622 5.9949 0.889972 0.087284 0.034852
314200 -3154.17217343 396.09243021 0.336813 5.9949 0.889972 0.087284 -0.019927
314300 -3176.36943889 410.18806503 0.348799 5.9949 0.889972 0.087284 -0.114195
314400 -3168.39439351 416.89861528 0.354506 5.9949 0.889972 0.087284 -0.076135
314500 -3148.26829422 408.69811581 0.347532 5.9966 0.877907 0.085435 0.040923
314600 -3156.97706377 401.86335731 0.341721 5.9966 0.877907 0.085435 0.014819
314700 -3142.21162015 396.97875063 0.337567 5.9966 0.877907 0.085435 0.107621
314800 -3143.44949470 427.98055604 0.363929 5.9966 0.877907 0.085435 0.075682
314900 -3144.78291256 453.30091736 0.385460 5.9966 0.877907 0.085435 0.076573
315000 -3133.40784699 429.39535966 0.365132 5.9932 0.873040 0.094400 0.087502
315100 -3132.63693711 419.88276810 0.357043 5.9932 0.873040 0.094400 0.031765
315200 -3152.74765766 423.82287606 0.360394 5.9932 0.873040 0.094400 -0.092402
315300 -3146.83568131 418.88026052 0.356191 5.9932 0.873040 0.094400 -0.065407
315400 -3137.86041462 422.21162327 0.359023 5.9932 0.873040 0.094400 -0.003823
315500 -3132.20768894 414.02297045 0.352060 5.9898 0.867152 0.093534 0.050087
315600 -3154.63920407 417.87931829 0.355340 5.9898 0.867152 0.093534 -0.122690
315700 -3143.66879387 399.25980722 0.339507 5.9898 0.867152 0.093534 -0.030824
315800 -3125.93820750 414.44501824 0.352419 5.9898 0.867152 0.093534 0.093843
315900 -3131.08127242 430.41174903 0.365996 5.9898 0.867152 0.093534 0.074528
316000 -3119.62656365 434.15553935 0.369180 5.9949 0.870733 0.091176 0.132592
316100 -3124.03640151 421.86162970 0.358726 5.9949 0.870733 0.091176 0.082140
316200 -3148.57227359 434.78212426 0.369713 5.9949 0.870733 0.091176 -0.097115
316300 -3119.48481852 421.81798257 0.358689 5.9949 0.870733 0.091176 0.100569
316400 -3134.80025596 433.78208994 0.368862 5.9949 0.870733 0.091176 0.001999
316500 -3122.29033789 426.41078057 0.362594 5.9966 0.873382 0.089954 0.057859
316600 -3123.04953796 409.11075567 0.347883 5.9966 0.873382 0.089954 0.079989
316700 -3124.86785187 410.11131873 0.348734 5.9966 0.873382 0.089954 0.046546
316800 -3146.15454411 434.03606750 0.369078 5.9966 0.873382 0.089954 -0.081813
316900 -3146.66979288 429.69418039 0.365386 5.9966 0.873382 0.089954 -0.086668
317000 -3133.92369132 417.15657928 0.354725 5.9915 0.873767 0.090400 -0.006464
317100 -3116.74424658 400.62745646 0.340670 5.9915 0.873767 0.090400 0.113528
317200 -3136.73777723 433.13174379 0.368309 5.9915 0.873767 0.090400 -0.007881
317300 -3134.19004179 421.35816142 0.358298 5.9915 0.873767 0.090400 0.009474
317400 -3126.13752464 422.64151037 0.359389 5.9915 0.873767 0.090400 0.056338
317500 -3132.68744251 423.05074773 0.359737 5.9983 0.876030 0.090391 0.025477
317600 -3147.19449758 423.57787634 0.360185 5.9983 0.876030 0.090391 -0.047013
317700 -3146.86473024 446.73726045 0.379879 5.9983 0.876030 0.090391 -0.039853
317800 -3155.28346304 435.07497109 0.369962 5.9983 0.876030 0.090391 -0.114805
317900 -3134.02182581 410.74714588 0.349275 5.9983 0.876030 0.090391 0.019132
318000 -3141.75921266 431.78348382 0.367163 5.9932 0.872784 0.090930 -0.005688
318100 -3148.38826099 418.77584987 0.356102 5.9932 0.872784 0.090930 -0.063467
318200 -3149.20779219 430.64062188 0.366191 5.9932 0.872784 0.090930 -0.058757
318300 -3154.70944985 420.23517419 0.357343 5.9932 0.872784 0.090930 -0.089525
318400 -3143.17158589 417.26017229 0.354813 5.9932 0.872784 0.090930 -0.012926
318500 -3139.74303765 428.07276834 0.364007 5.9949 0.875027 0.090467 0.035939
318600 -3136.75443341 426.91948072 0.363027 5.9949 0.875027 0.090467 0.018000
318700 -3149.21749891 425.06505384 0.361450 5.9949 0.875027 0.090467 -0.077806
318800 -3127.61766022 434.88213239 0.369798 5.9949 0.875027 0.090467 0.056708
318900 -3109.30832492 421.61519522 0.358516 5.9949 0.875027 0.090467 0.156904
319000 -3129.52657886 424.45655967 0.360932 5.9915 0.874048 0.089297 0.005062
319100 -3122.91059649 429.76893126 0.365450 5.9915 0.874048 0.089297 0.045044
319200 -3133.62242961 417.99575486 0.355439 5.9915 0.874048 0.089297 -0.042546
319300 -3143.73510731 410.77376501 0.349297 5.9915 0.874048 0.089297 -0.069485
319400 -3148.59241017 430.92930864 0.366436 5.9915 0.874048 0.089297 -0.094902
319500 -3152.82739976 409.61113929 0.348309 5.9949 0.881346 0.086858 -0.099812
319600 -3164.28821565 420.67201602 0.357714 5.9949 0.881346 0.086858 -0.148343
319700 -3136.31218555 431.10865052 0.366589 5.9949 0.881346 0.086858 0.084651
319800 -3142.43548053 435.34957747 0.370195 5.9949 0.881346 0.086858 -0.001703
319900 -3124.42823573 456.36932610 0.388069 5.9949 0.881346 0.086858 0.101645
320000 -3106.94832791 428.38786601 0.364275 5.9932 0.863403 0.092945 0.128399
320100 -3131.52492743 414.32940726 0.352321 5.9932 0.863403 0.092945 -0.019382
320200 -3124.92845357 419.44244237 0.356669 5.9932 0.863403 0.092945 0.019592
320300 -3133.48468362 405.73410402 0.345012 5.9932 0.863403 0.092945 -0.046634
320400 -3146.02057326 446.23418542 0.379451 5.9932 0.863403 0.092945 -0.080438
320500 -3137.15456350 433.81969318 0.368894 5.9949 0.872126 0.090263 -0.035696
320600 -3144.03694517 431.49881976 0.366921 5.9949 0.872126 0.090263 -0.065071
320700 -3131.54096637 413.39091456 0.351523 5.9949 0.872126 0.090263 0.005970
320800 -3146.09299349 430.58387429 0.366143 5.9949 0.872126 0.090263 -0.063785
320900 -3135.90889432 428.31074821 0.364210 5.9949 0.872126 0.090263 -0.015562
321000 -3118.01574262 410.56670554 0.349121 5.9915 0.869851 0.090956 0.090170
321100 -3118.99077324 422.52514765 0.359290 5.9915 0.869851 0.090956 0.055735
321200 -3113.62465553 406.56135002 0.345715 5.9915 0.869851 0.090956 0.096766
321300 -3150.23483246 415.57486443 0.353380 5.9915 0.869851 0.090956 -0.140573
321400 -3131.57529493 404.61317793 0.344059 5.9915 0.869851 0.090956 0.000740
321500 -3144.00478577 435.73309726 0.370521 5.9949 0.871225 0.089616 -0.071128
321600 -3134.56360388 417.34768113 0.354887 5.9949 0.871225 0.089616 0.000832
321700 -3149.52340838 434.16566859 0.369188 5.9949 0.871225 0.089616 -0.069642
321800 -3137.04795920 404.38696923 0.343866 5.9949 0.871225 0.089616 -0.024780
321900 -3147.76780299 396.27720308 0.336970 5.9949 0.871225 0.089616 -0.011783
322000 -3157.67512944 422.47613118 0.359248 5.9949 0.879812 0.089027 -0.080412
322100 -3136.21038027 410.37336345 0.348957 5.9949 0.879812 0.089027 0.089781
322200 -3136.26393104 427.64459401 0.363643 5.9949 0.879812 0.089027 0.046142
322300 -3120.05960173 428.46369826 0.364340 5.9949 0.879812 0.089027 0.133500
322400 -3112.22905944 430.12809449 0.365755 5.9949 0.879812 0.089027 0.151429
322500 -3150.27471039 440.49136527 0.374567 5.9932 0.879487 0.088097 -0.094810
322600 -3115.63995828 422.37749610 0.359165 5.9932 0.879487 0.088097 0.096552
322700 -3121.74521905 420.51035379 0.357577 5.9932 0.879487 0.088097 0.046664
322800 -3129.56029427 443.93624442 0.377497 5.9932 0.879487 0.088097 -0.002751
322900 -3129.62548650 434.45473886 0.369434 5.9932 0.879487 0.088097 -0.053423
323000 -3117.70965457 427.54717231 0.363561 5.9915 0.869235 0.093664 0.050595
323100 -3145.96499726 441.52840776 0.375449 5.9915 0.869235 0.093664 -0.142987
323200 -3128.67715875 409.53876523 0.348247 5.9915 0.869235 0.093664 -0.008105
323300 -3136.08227874 421.40140882 0.358335 5.9915 0.869235 0.093664 -0.029570
323400 -3147.50398634 405.47848033 0.344795 5.9915 0.869235 0.093664 -0.090045
323500 -3137.13791446 407.10061786 0.346174 5.9949 0.874139 0.089861 0.013878
323600 -3160.41154852 419.01563569 0.356306 5.9949 0.874139 0.089861 -0.136666
323700 -3137.59928334 433.77579490 0.368857 5.9949 0.874139 0.089861 0.053273
323800 -3130.26717241 409.43307002 0.348157 5.9949 0.874139 0.089861 0.075302
323900 -3147.55217543 419.45782298 0.356682 5.9949 0.874139 0.089861 -0.000941
324000 -3131.82317188 413.91756559 0.351971 5.9881 0.871508 0.090565 0.054387
324100 -3137.66862306 435.67925177 0.370476 5.9881 0.871508 0.090565 0.035257
324200 -3151.47575033 423.86404661 0.360429 5.9881 0.871508 0.090565 -0.107226
324300 -3150.62536169 429.12157170 0.364899 5.9881 0.871508 0.090565 -0.074359
324400 -3153.07964184 437.08477569 0.371671 5.9881 0.871508 0.090565 -0.093208
324500 -3144.20875778 436.97065027 0.371574 5.9932 0.878101 0.087484 0.005409
324600 -3130.49041911 443.05213790 0.376745 5.9932 0.878101 0.087484 0.067378
324700 -3142.93430898 440.97345222 0.374977 5.9932 0.878101 0.087484 -0.032057
324800 -3130.34702758 410.39292873 0.348974 5.9932 0.878101 0.087484 -0.003836
324900 -3136.51906566 408.06198903 0.346991 5.9932 0.878101 0.087484 -0.023976
325000 -3142.40726475 414.48335462 0.352452 5.9949 0.882171 0.088296 -0.013805
325100 -3125.58755267 430.41423195 0.365998 5.9949 0.882171 0.088296 0.072776
325200 -3140.38943043 428.99071901 0.364788 5.9949 0.882171 0.088296 -0.045832
325300 -3132.32601166 413.67049993 0.351761 5.9949 0.882171 0.088296 -0.037416
325400 -3131.87513308 421.70447236 0.358592 5.9949 0.882171 0.088296 0.010122
325500 -3129.38363198 421.11312481 0.358089 5.9966 0.872437 0.089125 0.024841
325600 -3154.37715564 424.06557610 0.360600 5.9966 0.872437 0.089125 -0.095166
325700 -3137.36352699 421.98410330 0.358830 5.9966 0.872437 0.089125 0.001301
325800 -3154.41139422 415.22214347 0.353080 5.9966 0.872437 0.089125 -0.080175
325900 -3140.17252245 414.61873178 0.352567 5.9966 0.872437 0.089125 0.027677
326000 -3141.38251425 411.51919344 0.349931 5.9932 0.871177 0.086784 0.009354
326100 -3150.69821757 420.88887689 0.357899 5.9932 0.871177 0.086784 -0.063276
326200 -3149.27081165 419.89615567 0.357055 5.9932 0.871177 0.086784 -0.049448
326300 -3134.39679762 411.11049379 0.349584 5.9932 0.871177 0.086784 0.054607
326400 -3143.50956413 418.74041788 0.356072 5.9932 0.871177 0.086784 0.000168
326500 -3156.90077951 427.21109853 0.363275 6.0000 0.876760 0.086845 -0.095551
326600 -3147.82929113 421.84273953 0.358710 6.0000 0.876760 0.086845 -0.016367
326700 -3135.57237513 413.33461790 0.351475 6.0000 0.876760 0.086845 0.061833
326800 -3150.92546542 405.57957350 0.344881 6.0000 0.876760 0.086845 -0.023058
326900 -3137.40023367 419.39411878 0.356628 6.0000 0.876760 0.086845 0.031344
327000 -3152.07801194 424.21553854 0.360727 5.9915 0.875917 0.087348 -0.056980
327100 -3149.57352534 419.52849180 0.356742 5.9915 0.875917 0.087348 -0.051633
327200 -3133.95854753 420.52942574 0.357593 5.9915 0.875917 0.087348 0.102190
327300 -3131.42525522 432.82245123 0.368046 5.9915 0.875917 0.087348 0.059582
327400 -3141.11815063 425.21418477 0.361577 5.9915 0.875917 0.087348 -0.021096
327500 -3145.09839725 429.37536603 0.365115 5.9915 0.878159 0.088335 -0.014631
327600 -3128.85743512 440.93467104 0.374944 5.9915 0.878159 0.088335 0.060166
327700 -3117.28844095 433.38715283 0.368526 5.9915 0.878159 0.088335 0.115536
327800 -3116.93739455 440.27168981 0.374381 5.9915 0.878159 0.088335 0.067688
327900 -3114.53947620 424.21513240 0.360727 5.9915 0.878159 0.088335 0.060237
328000 -3127.81275946 412.88570107 0.351093 5.9932 0.871393 0.091905 -0.041340
328100 -3144.78959663 436.43729367 0.371120 5.9932 0.871393 0.091905 -0.122694
328200 -3110.41262154 394.28406578 0.335276 5.9932 0.871393 0.091905 0.089572
328300 -3137.18379078 430.38914064 0.365977 5.9932 0.871393 0.091905 -0.050702
328400 -3139.24944074 419.00851039 0.356300 5.9932 0.871393 0.091905 -0.061364
328500 -3137.24259125 416.82759085 0.354445 5.9949 0.861337 0.089349 -0.021148
328600 -3140.02302351 428.72164564 0.364559 5.9949 0.861337 0.089349 -0.051409
328700 -3124.30084388 417.21807641 0.354777 5.9949 0.861337 0.089349 0.043592
328800 -3131.21950126 438.18363386 0.372605 5.9949 0.861337 0.089349 0.027183
328900 -3119.89562765 440.80493187 0.374834 5.9949 0.861337 0.089349 0.019810
329000 -3135.90884455 423.88076290 0.360443 5.9983 0.875642 0.085224 -0.070132
329100 -3144.61448881 410.21318826 0.348821 5.9983 0.875642 0.085224 -0.081755
329200 -3130.97027651 418.24647146 0.355652 5.9983 0.875642 0.085224 0.045133
329300 -3147.00158806 418.24075075 0.355647 5.9983 0.875642 0.085224 -0.076896
329400 -3136.32652654 416.44560197 0.354120 5.9983 0.875642 0.085224 -0.004301
329500 -3117.71105239 422.13576945 0.358959 5.9898 0.870811 0.091832 0.107697
329600 -3138.83141289 421.15087425 0.358121 5.9898 0.870811 0.091832 -0.027320
329700 -3140.56168850 426.65460702 0.362802 5.9898 0.870811 0.091832 -0.012911
329800 -3136.43455347 421.65880321 0.358553 5.9898 0.870811 0.091832 -0.026010
329900 -3125.69332551 434.25702235 0.369266 5.9898 0.870811 0.091832 0.035144
330000 -3142.33976927 433.10466195 0.368286 5.9932 0.871351 0.088608 -0.061007
330100 -3142.28048035 418.37726860 0.355763 5.9932 0.871351 0.088608 -0.067861
330200 -3133.70936839 428.18693607 0.364105 5.9932 0.871351 0.088608 0.024197
330300 -3131.67545462 439.23329589 0.373498 5.9932 0.871351 0.088608 0.004981
330400 -3112.09680440 424.37524772 0.360863 5.9932 0.871351 0.088608 0.097256
330500 -3111.27771280 417.18922500 0.354753 5.9966 0.866618 0.090879 0.111050
330600 -3137.09815156 431.61639700 0.367021 5.9966 0.866618 0.090879 -0.076288
330700 -3139.95020571 427.57714735 0.363586 5.9966 0.866618 0.090879 -0.084975
330800 -3128.61325803 416.68439622 0.354323 5.9966 0.866618 0.090879 0.016033
330900 -3122.36513737 421.79757265 0.358671 5.9966 0.866618 0.090879 0.067841
331000 -3116.89877251 418.71812255 0.356053 5.9932 0.869201 0.091364 0.096831
331100 -3114.59504626 408.29083886 0.347186 5.9932 0.869201 0.091364 0.067590
331200 -3127.47989406 424.94200500 0.361345 5.9932 0.869201 0.091364 0.003023
331300 -3122.50528334 418.88714541 0.356197 5.9932 0.869201 0.091364 0.055034
331400 -3130.62453753 427.81651065 0.363790 5.9932 0.869201 0.091364 0.021306
331500 -3135.31041080 420.77117874 0.357799 5.9864 0.872349 0.089856 -0.015002
331600 -3132.17396129 437.33615870 0.371884 5.9864 0.872349 0.089856 0.026194
331700 -3139.92844524 429.28709799 0.365040 5.9864 0.872349 0.089856 -0.062776
331800 -3134.18470812 408.07153366 0.347000 5.9864 0.872349 0.089856 -0.007167
331900 -3149.57472382 410.90615663 0.349410 5.9864 0.872349 0.089856 -0.094316
332000 -3127.92556359 413.10581668 0.351280 5.9932 0.874023 0.085761 0.048853
332100 -3111.18573189 419.67055217 0.356863 5.9932 0.874023 0.085761 0.132191
332200 -3115.75711488 430.28550876 0.365889 5.9932 0.874023 0.085761 0.130871
332300 -3118.01764994 425.33441145 0.361679 5.9932 0.874023 0.085761 0.062058
332400 -3146.47415780 433.86865138 0.368936 5.9932 0.874023 0.085761 -0.119562
332500 -3125.74571346 414.70796316 0.352643 5.9745 0.859431 0.096356 0.046158
332600 -3151.45925500 432.61272041 0.367868 5.9745 0.859431 0.096356 -0.137028
332700 -3128.87838687 426.10909702 0.362338 5.9745 0.859431 0.096356 0.006969
332800 -3145.63537259 415.97183575 0.353718 5.9745 0.859431 0.096356 -0.093720
332900 -3148.55005857 414.35348647 0.352341 5.9745 0.859431 0.096356 -0.093453
333000 -3143.48580645 413.27372523 0.351423 5.9881 0.869387 0.092055 -0.037280
333100 -3135.40152792 409.29659454 0.348041 5.9881 0.869387 0.092055 0.032212
333200 -3141.33669412 432.17978179 0.367500 5.9881 0.869387 0.092055 0.003046
333300 -3127.94201314 424.11089119 0.360639 5.9881 0.869387 0.092055 0.057471
333400 -3120.51250575 409.31809380 0.348060 5.9881 0.869387 0.092055 0.092600
333500 -3136.13379772 428.41512000 0.364299 5.9966 0.873873 0.090063 -0.014089
333600 -3134.04664105 423.59647445 0.360201 5.9966 0.873873 0.090063 -0.010841
333700 -3137.60650041 404.86532108 0.344273 5.9966 0.873873 0.090063 -0.028915
333800 -3122.16056319 422.62891380 0.359378 5.9966 0.873873 0.090063 0.083776
333900 -3141.13058154 435.93985331 0.370697 5.9966 0.873873 0.090063 -0.053319
334000 -3120.25605215 426.45327965 0.362630 5.9881 0.865686 0.092374 0.077567
334100 -3110.60810186 421.57281430 0.358480 5.9881 0.865686 0.092374 0.085420
334200 -3139.80365609 422.17580625 0.358993 5.9881 0.865686 0.092374 -0.086682
334300 -3142.49181654 411.34510536 0.349783 5.9881 0.865686 0.092374 -0.096007
334400 -3138.84153597 416.31129481 0.354006 5.9881 0.865686 0.092374 -0.016073
334500 -3141.77681478 408.99041232 0.347781 5.9932 0.880034 0.090159 -0.046893
334600 -3138.36142911 409.77292919 0.348446 5.9932 0.880034 0.090159 -0.019637
334700 -3127.05202647 423.26657158 0.359921 5.9932 0.880034 0.090159 0.091610
334800 -3133.06687092 432.13360688 0.367461 5.9932 0.880034 0.090159 0.028639
334900 -3133.81781198 405.85590819 0.345116 5.9932 0.880034 0.090159 0.015408
335000 -3126.02558589 416.39919113 0.354081 5.9864 0.857888 0.092203 0.049573
335100 -3124.43148203 418.03714674 0.355474 5.9864 0.857888 0.092203 0.066701
335200 -3133.89128208 418.24464477 0.355650 5.9864 0.857888 0.092203 -0.023920
335300 -3143.91792390 425.38109633 0.361719 5.9864 0.857888 0.092203 -0.070066
335400 -3137.88761568 412.24226365 0.350546 5.9864 0.857888 0.092203 -0.015266
335500 -3111.16128666 395.04635910 0.335924 5.9949 0.864976 0.090440 0.153346
335600 -3124.60684190 423.74008534 0.360323 5.9949 0.864976 0.090440 0.039298
335700 -3124.24072170 413.17304289 0.351338 5.9949 0.864976 0.090440 0.057355
335800 -3122.81818500 417.91437564 0.355369 5.9949 0.864976 0.090440 0.050961
335900 -3133.95758315 406.25042915 0.345451 5.9949 0.864976 0.090440 -0.000265
336000 -3135.01229750 415.06782709 0.352949 5.9915 0.876360 0.090157 -0.008814
336100 -3141.34765052 409.37926375 0.348112 5.9915 0.876360 0.090157 -0.041879
336200 -3160.82037087 420.13385513 0.357257 5.9915 0.876360 0.090157 -0.135336
336300 -3142.54559935 424.95938193 0.361360 5.9915 0.876360 0.090157 0.018407
336400 -3127.84259344 431.15562969 0.366629 5.9915 0.876360 0.090157 0.080804
336500 -3131.96654650 425.14445630 0.361517 5.9898 0.877338 0.088952 0.067778
336600 -3125.28069237 428.15538116 0.364078 5.9898 0.877338 0.088952 0.057663
336700 -3125.95306270 430.13943039 0.365765 5.9898 0.877338 0.088952 0.044415
336800 -3135.01958295 436.88510929 0.371501 5.9898 0.877338 0.088952 -0.045785
336900 -3127.68085560 429.60091919 0.365307 5.9898 0.877338 0.088952 -0.006837
337000 -3138.03416306 438.96131664 0.373266 5.9932 0.868599 0.088640 -0.052174
337100 -3124.62873655 426.89078660 0.363002 5.9932 0.868599 0.088640 0.050413
337200 -3129.30030391 438.27224482 0.372680 5.9932 0.868599 0.088640 -0.007297
337300 -3127.06708962 438.42555045 0.372811 5.9932 0.868599 0.088640 -0.003921
337400 -3126.20001793 432.00569473 0.367352 5.9932 0.868599 0.088640 -0.015436
337500 -3123.18822176 428.39542728 0.364282 5.9949 0.865583 0.092464 0.031765
337600 -3135.70208283 433.51649341 0.368636 5.9949 0.865583 0.092464 -0.096891
337700 -3128.23226930 421.88256403 0.358744 5.9949 0.865583 0.092464 -0.008028
337800 -3139.37242358 431.91153562 0.367272 5.9949 0.865583 0.092464 -0.090881
337900 -3114.79128578 427.02377799 0.363115 5.9949 0.865583 0.092464 0.113532
338000 -3126.53086180 436.37868220 0.371070 5.9949 0.870905 0.090710 -0.008964
338100 -3130.41444919 422.47469660 0.359247 5.9949 0.870905 0.090710 -0.013862
338200 -3105.11572858 436.47386407 0.371151 5.9949 0.870905 0.090710 0.119400
338300 -3112.88450998 425.19045108 0.361557 5.9949 0.870905 0.090710 0.046658
338400 -3132.30624770 420.64430073 0.357691 5.9949 0.870905 0.090710 -0.072262
338500 -3147.47247830 415.74021632 0.353521 5.9932 0.874099 0.088627 -0.130083
338600 -3126.61175095 421.10491711 0.358082 5.9932 0.874099 0.088627 0.019689
338700 -3142.90670477 427.98985185 0.363937 5.9932 0.874099 0.088627 -0.040835
338800 -3146.10004986 424.20918009 0.360722 5.9932 0.874099 0.088627 -0.091663
338900 -3154.24739143 420.29137514 0.357391 5.9932 0.874099 0.088627 -0.140691
339000 -3152.63440114 410.38989542 0.348971 5.9966 0.878550 0.087342 -0.072114
339100 -3144.33746334 414.07161058 0.352102 5.9966 0.878550 0.087342 0.015669
339200 -3130.06449215 420.30437735 0.357402 5.9966 0.878550 0.087342 0.089252
339300 -3138.54391457 431.05030417 0.366539 5.9966 0.878550 0.087342 0.049636
339400 -3126.13757076 421.32399726 0.358269 5.9966 0.878550 0.087342 0.109402
339500 -3120.32894345 439.55377789 0.373770 5.9864 0.867436 0.091249 0.115452
339600 -3120.76649819 418.09626844 0.355524 5.9864 0.867436 0.091249 0.060147
339700 -3133.22177187 420.92877047 0.357933 5.9864 0.867436 0.091249 -0.032808
339800 -3126.72873552 431.06029794 0.366548 5.9864 0.867436 0.091249 -0.002226
339900 -3141.90289679 440.98096541 0.374984 5.9864 0.867436 0.091249 -0.076152
340000 -3127.95015212 410.91737432 0.349420 5.9949 0.871432 0.088043 -0.000606
340100 -3143.41859602 403.72243342 0.343301 5.9949 0.871432 0.088043 -0.084926
340200 -3146.25864396 404.68029309 0.344116 5.9949 0.871432 0.088043 -0.067233
340300 -3134.87141446 418.82911278 0.356147 5.9949 0.871432 0.088043 0.015151
340400 -3138.30357854 411.87083157 0.350230 5.9949 0.871432 0.088043 0.030753
340500 -3167.57520450 434.38109351 0.369372 5.9932 0.888634 0.083357 -0.129213
340600 -3156.52683571 424.22784716 0.360738 5.9932 0.888634 0.083357 -0.051669
340700 -3133.89237780 409.52862894 0.348239 5.9932 0.888634 0.083357 0.088416
340800 -3136.11929067 427.19103083 0.363258 5.9932 0.888634 0.083357 0.022526
340900 -3129.82011767 429.33029644 0.365077 5.9932 0.888634 0.083357 0.083768
341000 -3127.59969537 423.88659636 0.360448 5.9932 0.870078 0.088512 0.072650
341100 -3127.29946050 439.56683459 0.373781 5.9932 0.870078 0.088512 0.028589
341200 -3122.95526504 426.07171544 0.362306 5.9932 0.870078 0.088512 0.043872
341300 -3126.88657326 408.90181696 0.347706 5.9932 0.870078 0.088512 0.025426
341400 -3137.47148719 413.66286294 0.351754 5.9932 0.870078 0.088512 -0.030211
341500 -3138.07492084 435.33099215 0.370179 5.9949 0.878835 0.086488 0.002774
341600 -3106.46721222 400.54608192 0.340600 5.9949 0.878835 0.086488 0.153755
341700 -3124.95185829 433.46275945 0.368591 5.9949 0.878835 0.086488 0.054726
341800 -3132.85367541 426.49541074 0.362666 5.9949 0.878835 0.086488 -0.026698
341900 -3124.92539644 425.78582603 0.362063 5.9949 0.878835 0.086488 -0.003354
342000 -3090.91582013 411.03380039 0.349519 5.9915 0.855858 0.093724 0.203413
342100 -3107.96827777 421.91831313 0.358774 5.9915 0.855858 0.093724 0.096257
342200 -3111.11225108 429.66266688 0.365359 5.9915 0.855858 0.093724 0.053785
342300 -3122.39270160 434.49211644 0.369466 5.9915 0.855858 0.093724 -0.012131
342400 -3114.99851293 425.94216160 0.362196 5.9915 0.855858 0.093724 0.002374
342500 -3127.95146363 438.35518419 0.372751 5.9932 0.862893 0.091220 -0.073560
342600 -3127.30284651 426.82627354 0.362948 5.9932 0.862893 0.091220 -0.053544
342700 -3142.35370939 432.14164975 0.367467 5.9932 0.862893 0.091220 -0.143203
342800 -3107.46518989 420.03541424 0.357173 5.9932 0.862893 0.091220 0.114505
342900 -3120.27939670 420.22892846 0.357338 5.9932 0.862893 0.091220 0.008655
343000 -3116.44186623 421.56846786 0.358477 5.9949 0.863983 0.091636 0.064646
343100 -3110.80454159 424.32813754 0.360823 5.9949 0.863983 0.091636 0.081251
343200 -3142.70245141 444.71971723 0.378163 5.9949 0.863983 0.091636 -0.097655
343300 -3129.65394740 445.92166244 0.379185 5.9949 0.863983 0.091636 -0.023990
343400 -3117.08070286 446.61051930 0.379771 5.9949 0.863983 0.091636 0.035610
343500 -3126.71724278 420.55732207 0.357617 5.9983 0.870303 0.091435 -0.063989
343600 -3115.08984187 406.44508355 0.345617 5.9983 0.870303 0.091435 0.022338
343700 -3144.21343335 444.19457581 0.377716 5.9983 0.870303 0.091435 -0.137053
343800 -3114.75931410 408.72612809 0.347556 5.9983 0.870303 0.091435 0.049778
343900 -3129.36071864 428.59374015 0.364450 5.9983 0.870303 0.091435 -0.040015
344000 -3125.44971340 414.86912207 0.352780 5.9915 0.867568 0.091060 0.018029
344100 -3117.99830067 415.35781932 0.353195 5.9915 0.867568 0.091060 0.067070
344200 -3138.24751439 435.35369257 0.370199 5.9915 0.867568 0.091060 -0.081171
344300 -3126.74473144 439.66697503 0.373866 5.9915 0.867568 0.091060 0.009031
344400 -3127.22691168 416.62784978 0.354275 5.9915 0.867568 0.091060 -0.031004
344500 -3131.99442397 413.65058764 0.351744 5.9915 0.868609 0.089678 -0.039853
344600 -3131.59513779 416.26091524 0.353963 5.9915 0.868609 0.089678 -0.026998
344700 -3140.61595319 410.45702486 0.349028 5.9915 0.868609 0.089678 -0.039386
344800 -3141.71674536 421.62647039 0.358526 5.9915 0.868609 0.089678 -0.030973
344900 -3148.87941765 432.27171738 0.367578 5.9915 0.868609 0.089678 -0.060746
345000 -3142.38322882 420.23005368 0.357338 5.9966 0.875623 0.088354 -0.016337
345100 -3139.21124137 457.61398696 0.389128 5.9966 0.875623 0.088354 -0.035126
345200 -3129.33017619 429.82136040 0.365494 5.9966 0.875623 0.088354 0.037503
345300 -3138.49760081 428.63307140 0.364484 5.9966 0.875623 0.088354 -0.044181
345400 -3145.44240980 416.24580606 0.353951 5.9966 0.875623 0.088354 -0.080483
345500 -3144.02050023 420.62776758 0.357677 6.0000 0.871426 0.086801 -0.050665
345600 -3128.61343838 425.11932721 0.361496 6.0000 0.871426 0.086801 0.043261
345700 -3134.72231674 415.92661832 0.353679 6.0000 0.871426 0.086801 -0.008525
345800 -3111.45484535 424.38838198 0.360874 6.0000 0.871426 0.086801 0.129266
345900 -3117.97482133 435.68134773 0.370477 6.0000 0.871426 0.086801 0.047048
346000 -3122.51805216 427.66286298 0.363659 5.9898 0.863450 0.091242 0.025485
346100 -3126.37506628 426.64459302 0.362793 5.9898 0.863450 0.091242 0.005681
346200 -3118.54944164 433.11651104 0.368296 5.9898 0.863450 0.091242 0.045248
346300 -3123.14202982 427.80740487 0.363782 5.9898 0.863450 0.091242 0.021153
346400 -3138.16185633 434.74087321 0.369678 5.9898 0.863450 0.091242 -0.070454
346500 -3133.95275685 437.75317563 0.372239 5.9898 0.865774 0.090529 -0.031537
346600 -3134.67932879 447.48445717 0.380514 5.9898 0.865774 0.090529 -0.045818
346700 -3101.38119186 426.10010129 0.362330 5.9898 0.865774 0.090529 0.141418
346800 -3124.36395378 420.80472030 0.357827 5.9898 0.865774 0.090529 -0.044755
346900 -3131.84205285 436.30430215 0.371007 5.9898 0.865774 0.090529 -0.047804
347000 -3112.29764036 405.62281411 0.344917 5.9949 0.861738 0.093353 0.021700
347100 -3117.16624910 406.23290058 0.345436 5.9949 0.861738 0.093353 0.013664
347200 -3118.13161648 423.94497268 0.360497 5.9949 0.861738 0.093353 0.047527
347300 -3134.07757469 424.83728728 0.361256 5.9949 0.861738 0.093353 -0.069301
347400 -3107.34425277 430.36779239 0.365959 5.9949 0.861738 0.093353 0.083206
347500 -3112.38747881 434.35598138 0.369350 5.9915 0.866525 0.094028 0.032896
347600 -3114.19267343 447.62760605 0.380636 5.9915 0.866525 0.094028 -0.006324
347700 -3106.15660572 415.37213166 0.353208 5.9915 0.866525 0.094028 0.054465
347800 -3087.20084444 434.42837273 0.369412 5.9915 0.866525 0.094028 0.143115
347900 -3107.47104480 437.42899556 0.371963 5.9915 0.866525 0.094028 0.011194
348000 -3114.26857457 446.84051724 0.379966 5.9966 0.864732 0.092873 -0.049373
348100 -3118.95642091 416.56738548 0.354224 5.9966 0.864732 0.092873 -0.089430
348200 -3115.11159352 425.78168109 0.362059 5.9966 0.864732 0.092873 -0.003396
348300 -3116.83086512 418.56616955 0.355924 5.9966 0.864732 0.092873 -0.000284
348400 -3124.28868893 421.02429331 0.358014 5.9966 0.864732 0.092873 -0.022446
348500 -3153.64722504 431.64836460 0.367048 5.9949 0.886184 0.085965 -0.196301
348600 -3146.73651214 429.83400565 0.365505 5.9949 0.886184 0.085965 -0.102280
348700 -3126.48296989 398.31849783 0.338706 5.9949 0.886184 0.085965 0.063745
348800 -3141.98217719 440.33533212 0.374435 5.9949 0.886184 0.085965 -0.020416
348900 -3118.86168241 442.65739906 0.376409 5.9949 0.886184 0.085965 0.078389
349000 -3125.74513107 433.89126997 0.368955 5.9932 0.872959 0.090255 0.028395
349100 -3142.31071942 422.30541558 0.359103 5.9932 0.872959 0.090255 -0.094840
349200 -3136.84673389 423.52001750 0.360136 5.9932 0.872959 0.090255 -0.039209
349300 -3140.33907688 431.00575270 0.366501 5.9932 0.872959 0.090255 -0.039384
349400 -3132.11436146 427.16381278 0.363235 5.9932 0.872959 0.090255 0.006758
349500 -3150.43678733 432.52229298 0.367791 5.9949 0.884931 0.085537 -0.082180
349600 -3132.29487143 421.69413900 0.358583 5.9949 0.884931 0.085537 0.041411
349700 -3146.09334508 419.98966368 0.357134 5.9949 0.884931 0.085537 -0.031600
349800 -3138.52938748 418.92363885 0.356228 5.9949 0.884931 0.085537 0.003476
349900 -3147.12919428 418.91909716 0.356224 5.9949 0.884931 0.085537 -0.049863
350000 -3142.60992581 427.28207189 0.363335 5.9915 0.868486 0.088360 -0.026345
350100 -3128.60043075 431.05753635 0.366546 5.9915 0.868486 0.088360 0.053378
350200 -3147.43830599 418.97088136 0.356268 5.9915 0.868486 0.088360 -0.085503
350300 -3152.12719064 422.58527537 0.359341 5.9915 0.868486 0.088360 -0.062111
350400 -3133.42447220 413.42422187 0.351551 5.9915 0.868486 0.088360 0.053411
350500 -3153.32710131 416.40309274 0.354084 5.9898 0.877482 0.085197 -0.093269
350600 -3157.39940172 415.13792338 0.353008 5.9898 0.877482 0.085197 -0.057225
350700 -3152.79633882 408.26752230 0.347166 5.9898 0.877482 0.085197 -0.057988
350800 -3151.64190750 417.49887344 0.355016 5.9898 0.877482 0.085197 -0.047884
350900 -3160.05267368 403.97852194 0.343519 5.9898 0.877482 0.085197 -0.106132
351000 -3158.34491674 427.31859624 0.363366 5.9983 0.891215 0.086031 -0.039431
351100 -3128.34057802 432.15061794 0.367475 5.9983 0.891215 0.086031 0.147063
351200 -3122.92054294 440.67732996 0.374726 5.9983 0.891215 0.086031 0.158088
351300 -3133.04836163 428.81717869 0.364640 5.9983 0.891215 0.086031 0.046712
351400 -3132.48378688 447.48241190 0.380512 5.9983 0.891215 0.086031 0.002619
351500 -3137.02306598 459.79131244 0.390979 5.9949 0.875559 0.088198 -0.031242
351600 -3135.40066831 454.51803190 0.386495 5.9949 0.875559 0.088198 -0.049246
351700 -3120.94025238 439.35918080 0.373605 5.9949 0.875559 0.088198 -0.014225
351800 -3123.15543913 410.42762218 0.349003 5.9949 0.875559 0.088198 -0.014537
351900 -3118.12835423 440.16958019 0.374294 5.9949 0.875559 0.088198 0.045210
352000 -3110.27322846 414.38541103 0.352369 6.0000 0.869640 0.091492 0.063192
352100 -3130.35785098 425.78757853 0.362064 6.0000 0.869640 0.091492 -0.053153
352200 -3129.25785076 431.02743297 0.366520 6.0000 0.869640 0.091492 -0.023251
352300 -3154.44258832 426.40669565 0.362591 6.0000 0.869640 0.091492 -0.191454
352400 -3142.99638034 417.51436188 0.355029 6.0000 0.869640 0.091492 -0.074666
352500 -3130.58914683 410.41945484 0.348996 5.9915 0.870189 0.090831 0.039640
352600 -3127.71262009 412.10832628 0.350432 5.9915 0.870189 0.090831 0.050579
352700 -3138.09943686 426.57979078 0.362738 5.9915 0.870189 0.090831 -0.015635
352800 -3143.36173420 406.96468660 0.346058 5.9915 0.870189 0.090831 -0.064592
352900 -3136.96654943 410.16347633 0.348778 5.9915 0.870189 0.090831 0.001670
353000 -3137.07657034 403.40124063 0.343028 5.9966 0.871342 0.093058 0.027065
353100 -3139.55764198 426.69239581 0.362834 5.9966 0.871342 0.093058 0.007351
353200 -3128.79428364 407.78593461 0.346757 5.9966 0.871342 0.093058 0.061811
353300 -3145.64799526 418.29709080 0.355695 5.9966 0.871342 0.093058 -0.067473
353400 -3131.10165508 425.33380708 0.361678 5.9966 0.871342 0.093058 0.065000
353500 -3124.64049439 409.76049340 0.348436 6.0000 0.872560 0.090917 0.032276
353600 -3132.40051983 435.22198757 0.370087 6.0000 0.872560 0.090917 0.032523
353700 -3109.44639156 452.59407850 0.384859 6.0000 0.872560 0.090917 0.149823
353800 -3120.42799110 445.38514163 0.378729 6.0000 0.872560 0.090917 0.026804
353900 -3131.37578611 441.35943506 0.375306 6.0000 0.872560 0.090917 -0.097558
354000 -3102.50436822 410.07832934 0.348706 5.9949 0.867224 0.091169 0.115310
354100 -3126.41488805 425.31059782 0.361659 5.9949 0.867224 0.091169 -0.006247
354200 -3126.95008280 413.33192611 0.351473 5.9949 0.867224 0.091169 -0.023922
354300 -3134.85398451 431.67701861 0.367072 5.9949 0.867224 0.091169 -0.029833
354400 -3139.60604534 417.34461377 0.354885 5.9949 0.867224 0.091169 -0.085090
354500 -3162.28345997 405.96042372 0.345204 5.9932 0.875735 0.086507 -0.190606
354600 -3157.58858088 409.37085257 0.348104 5.9932 0.875735 0.086507 -0.106125
354700 -3137.93086539 393.07814008 0.334250 5.9932 0.875735 0.086507 0.030887
354800 -3143.30662384 423.64100788 0.360239 5.9932 0.875735 0.086507 0.048706
354900 -3152.83495416 431.97865014 0.367329 5.9932 0.875735 0.086507 -0.052227
355000 -3155.86302792 427.63200328 0.363633 5.9949 0.871945 0.087237 -0.078543
355100 -3159.40364032 424.08780194 0.360619 5.9949 0.871945 0.087237 -0.088641
355200 -3150.15249167 422.72237074 0.359458 5.9949 0.871945 0.087237 -0.018911
355300 -3135.92491324 426.96478936 0.363065 5.9949 0.871945 0.087237 0.094880
355400 -3137.65208315 439.49042881 0.373716 5.9949 0.871945 0.087237 0.048704
355500 -3129.03516673 449.78923632 0.382474 5.9966 0.876379 0.089847 0.030569
355600 -3130.96721550 444.70916030 0.378154 5.9966 0.876379 0.089847 0.013682
355700 -3128.04532872 436.37121793 0.371064 5.9966 0.876379 0.089847 -0.012258
355800 -3122.17620806 418.13990317 0.355561 5.9966 0.876379 0.089847 0.015153
355900 -3126.81205374 440.40339399 0.374493 5.9966 0.876379 0.089847 -0.015424
356000 -3130.40674690 441.40346264 0.375343 5.9898 0.868156 0.091382 -0.004606
356100 -3122.75300096 428.53663524 0.364402 5.9898 0.868156 0.091382 -0.012836
356200 -3127.74004564 420.53255545 0.357596 5.9898 0.868156 0.091382 -0.042089
356300 -3124.09276990 415.51163540 0.353326 5.9898 0.868156 0.091382 -0.026231
356400 -3123.12064444 414.23328948 0.352239 5.9898 0.868156 0.091382 -0.026027
356500 -3146.04164089 430.78601772 0.366315 5.9966 0.877285 0.089519 -0.130184
356600 -3131.75420001 418.19385634 0.355607 5.9966 0.877285 0.089519 -0.015401
356700 -3135.69324394 410.96399519 0.349459 5.9966 0.877285 0.089519 -0.025832
356800 -3159.46681900 430.23674233 0.365848 5.9966 0.877285 0.089519 -0.143561
356900 -3124.53144236 417.72560172 0.355209 5.9966 0.877285 0.089519 0.082993
357000 -3140.34482586 422.16845866 0.358987 5.9932 0.873682 0.089337 -0.043076
357100 -3140.82344059 414.86652939 0.352778 5.9932 0.873682 0.089337 -0.057212
357200 -3149.66032207 412.03710785 0.350372 5.9932 0.873682 0.089337 -0.081716
357300 -3134.87859319 394.08064087 0.335103 5.9932 0.873682 0.089337 0.045977
357400 -3137.33650264 416.99523962 0.354588 5.9932 0.873682 0.089337 0.045586
357500 -3139.01561687 401.66518090 0.341552 5.9966 0.878089 0.088024 0.061828
357600 -3152.40578890 424.07460351 0.360608 5.9966 0.878089 0.088024 -0.043814
357700 -3138.99650462 428.56056546 0.364422 5.9966 0.878089 0.088024 0.045304
357800 -3164.35112050 426.79653040 0.362922 5.9966 0.878089 0.088024 -0.129058
357900 -3160.38334764 416.51808928 0.354182 5.9966 0.878089 0.088024 -0.083526
358000 -3143.36394286 432.83962601 0.368061 5.9915 0.877123 0.087864 0.035701
358100 -3140.45657792 429.67453928 0.365370 5.9915 0.877123 0.087864 0.024569
358200 -3154.61420172 417.67236953 0.355164 5.9915 0.877123 0.087864 -0.056657
358300 -3136.71595106 396.63742791 0.337277 5.9915 0.877123 0.087864 0.062095
358400 -3138.84357075 406.77072185 0.345893 5.9915 0.877123 0.087864 0.061912
358500 -3140.73535198 426.95632936 0.363058 5.9898 0.880850 0.088922 0.060193
358600 -3155.08224124 420.66725908 0.357710 5.9898 0.880850 0.088922 -0.059213
358700 -3130.84527457 421.31016300 0.358257 5.9898 0.880850 0.088922 0.068695
358800 -3135.49312700 431.19446753 0.366662 5.9898 0.880850 0.088922 0.034102
358900 -3136.38874152 417.02914733 0.354617 5.9898 0.880850 0.088922 -0.007101
359000 -3129.31275953 417.49282205 0.355011 5.9966 0.868595 0.089544 0.063183
359100 -3140.48311721 425.83594098 0.362105 5.9966 0.868595 0.089544 -0.031125
359200 -3118.12500441 422.66148711 0.359406 5.9966 0.868595 0.089544 0.119099
359300 -3123.18493084 439.36196294 0.373607 5.9966 0.868595 0.089544 0.075640
359400 -3144.42262838 424.93311683 0.361338 5.9966 0.868595 0.089544 -0.088599
359500 -3129.18102396 409.95077778 0.348598 5.9983 0.876441 0.087571 0.011321
359600 -3155.95795375 400.29236682 0.340385 5.9983 0.876441 0.087571 -0.152370
359700 -3125.70222918 406.64071058 0.345783 5.9983 0.876441 0.087571 0.084723
359800 -3133.11171419 422.35098039 0.359142 5.9983 0.876441 0.087571 0.068796
359900 -3137.83663198 416.12309267 0.353846 5.9983 0.876441 0.087571 0.031705
360000 -3140.11261701 426.44550654 0.362624 5.9847 0.878377 0.088467 0.033448
360100 -3119.71757094 419.61567798 0.356816 5.9847 0.878377 0.088467 0.107444
360200 -3115.55226715 423.68950233 0.360280 5.9847 0.878377 0.088467 0.105494
360300 -3129.02993592 421.63768360 0.358535 5.9847 0.878377 0.088467 0.004060
360400 -3117.61554039 428.49753346 0.364369 5.9847 0.878377 0.088467 0.070600
360500 -3141.90442643 427.58620335 0.363594 5.9966 0.874345 0.088103 -0.072704
360600 -3129.08540853 409.81093809 0.348479 5.9966 0.874345 0.088103 0.010342
360700 -3127.82044478 404.29420640 0.343788 5.9966 0.874345 0.088103 0.039671
360800 -3134.24599313 419.25087084 0.356506 5.9966 0.874345 0.088103 -0.011128
360900 -3142.11654258 426.28212620 0.362485 5.9966 0.874345 0.088103 0.003981
361000 -3146.90040990 418.73607683 0.356068 5.9915 0.875551 0.088904 -0.065061
361100 -3141.60219763 409.69041854 0.348376 5.9915 0.875551 0.088904 -0.034019
361200 -3148.68553417 425.57035660 0.361880 5.9915 0.875551 0.088904 -0.061439
361300 -3154.88506165 420.43266407 0.357511 5.9915 0.875551 0.088904 -0.095266
361400 -3134.17918378 417.84314610 0.355309 5.9915 0.875551 0.088904 0.048391
361500 -3152.79338472 421.63636043 0.358534 5.9983 0.879762 0.088147 -0.090905
361600 -3154.30263366 424.49277299 0.360963 5.9983 0.879762 0.088147 -0.115832
361700 -3137.71585813 417.24778325 0.354803 5.9983 0.879762 0.088147 0.024366
361800 -3133.78874202 430.29401665 0.365896 5.9983 0.879762 0.088147 0.020090
361900 -3131.41770710 407.02417491 0.346109 5.9983 0.879762 0.088147 0.006827
362000 -3140.53557991 414.29853710 0.352295 5.9932 0.872569 0.091006 0.000747
362100 -3159.11396955 436.49393449 0.371168 5.9932 0.872569 0.091006 -0.100414
362200 -3140.98227618 438.87451536 0.373193 5.9932 0.872569 0.091006 -0.001694
362300 -3133.09269574 426.67381810 0.362818 5.9932 0.872569 0.091006 0.047540
362400 -3133.83603855 427.64719422 0.363646 5.9932 0.872569 0.091006 0.021326
362500 -3144.69600603 417.62976411 0.355127 5.9898 0.868493 0.090648 -0.072727
362600 -3140.13883247 411.67024999 0.350060 5.9898 0.868493 0.090648 -0.007238
362700 -3147.41405911 432.70636805 0.367948 5.9898 0.868493 0.090648 -0.039130
362800 -3140.42780987 435.63413157 0.370437 5.9898 0.868493 0.090648 0.011770
362900 -3131.09794065 404.92542472 0.344324 5.9898 0.868493 0.090648 0.054996
363000 -3151.47225848 414.02448240 0.352062 5.9915 0.875131 0.088783 -0.076313
363100 -3146.88209613 409.39664709 0.348126 5.9915 0.875131 0.088783 -0.032508
363200 -3145.27211201 406.30128645 0.345494 5.9915 0.875131 0.088783 -0.001506
363300 -3159.56764178 415.62750744 0.353425 5.9915 0.875131 0.088783 -0.098088
363400 -3152.09044985 408.66549400 0.347505 5.9915 0.875131 0.088783 0.005422
363500 -3163.55814980 414.58811735 0.352541 5.9966 0.880692 0.085266 -0.073188
363600 -3162.51538697 408.23598986 0.347139 5.9966 0.880692 0.085266 -0.048826
363700 -3144.04679133 420.01145537 0.357153 5.9966 0.880692 0.085266 0.101241
363800 -3133.87712981 431.06606635 0.366553 5.9966 0.880692 0.085266 0.151320
363900 -3153.50263208 428.39100033 0.364278 5.9966 0.880692 0.085266 -0.036590
364000 -3152.26753460 410.50228789 0.349067 5.9966 0.880481 0.089085 -0.056707
364100 -3143.68799962 397.89263216 0.338344 5.9966 0.880481 0.089085 0.025101
364200 -3149.76042350 422.82677280 0.359547 5.9966 0.880481 0.089085 0.009708
364300 -3136.68134979 421.51774410 0.358433 5.9966 0.880481 0.089085 0.091206
364400 -3128.16767915 438.82783067 0.373153 5.9966 0.880481 0.089085 0.118511
364500 -3142.18577334 429.27675922 0.365031 5.9966 0.879714 0.088013 -0.016456
364600 -3140.46930093 412.79460384 0.351016 5.9966 0.879714 0.088013 0.006548
364700 -3138.37452759 406.99111255 0.346081 5.9966 0.879714 0.088013 0.010702
364800 -3139.69500314 423.46626683 0.360090 5.9966 0.879714 0.088013 0.014216
364900 -3125.56863550 404.41511875 0.343890 5.9966 0.879714 0.088013 0.065445
365000 -3146.62957593 419.35186986 0.356592 5.9983 0.881596 0.088472 -0.032728
365100 -3123.13276279 425.29316856 0.361644 5.9983 0.881596 0.088472 0.087711
365200 -3155.18951322 435.43018063 0.370264 5.9983 0.881596 0.088472 -0.096308
365300 -3144.12489675 425.03751132 0.361426 5.9983 0.881596 0.088472 -0.042573
365400 -3146.42998758 416.59820020 0.354250 5.9983 0.881596 0.088472 -0.061918
365500 -3149.24219120 409.34929235 0.348086 5.9983 0.875125 0.086696 -0.074414
365600 -3150.67806446 404.75959117 0.344183 5.9983 0.875125 0.086696 -0.036854
365700 -3148.67569545 395.70446642 0.336483 5.9983 0.875125 0.086696 0.007597
365800 -3144.18328280 417.56847591 0.355075 5.9983 0.875125 0.086696 0.020977
365900 -3146.16610930 418.42278399 0.355802 5.9983 0.875125 0.086696 0.013208
366000 -3140.17861724 423.91102451 0.360469 5.9949 0.879682 0.088871 0.070566
366100 -3139.34670384 412.99635453 0.351187 5.9949 0.879682 0.088871 0.059558
366200 -3139.32840305 423.52609837 0.360141 5.9949 0.879682 0.088871 0.032223
366300 -3143.75273605 431.90861620 0.367269 5.9949 0.879682 0.088871 0.000998
366400 -3138.43629411 406.02539267 0.345260 5.9949 0.879682 0.088871 0.043024
366500 -3147.68621665 425.81156680 0.362085 5.9983 0.880112 0.088094 -0.020171
366600 -3140.16552549 420.55759472 0.357617 5.9983 0.880112 0.088094 0.018527
366700 -3148.08405973 425.24039736 0.361599 5.9983 0.880112 0.088094 -0.038201
366800 -3141.63462802 416.41238841 0.354092 5.9983 0.880112 0.088094 0.015990
366900 -3158.61155403 391.31711022 0.332753 5.9983 0.880112 0.088094 -0.074496
367000 -3162.34654456 430.79618929 0.366323 5.9983 0.884129 0.087385 -0.050778
367100 -3141.87934475 411.66506647 0.350055 5.9983 0.884129 0.087385 0.064649
367200 -3138.84970097 421.95597036 0.358806 5.9983 0.884129 0.087385 0.050332
367300 -3125.08286813 428.31255606 0.364211 5.9983 0.884129 0.087385 0.133415
367400 -3130.25819162 426.89258837 0.363004 5.9983 0.884129 0.087385 0.052172
367500 -3127.32496179 408.03367867 0.346967 5.9915 0.871319 0.089896 0.066449
367600 -3151.84938745 409.21438353 0.347971 5.9915 0.871319 0.089896 -0.077685
367700 -3132.78348420 425.31731307 0.361664 5.9915 0.871319 0.089896 0.051982
367800 -3154.42609004 422.76834658 0.359497 5.9915 0.871319 0.089896 -0.112820
367900 -3175.52854437 421.40956914 0.358341 5.9915 0.871319 0.089896 -0.193585
368000 -3145.46508163 422.03663954 0.358875 5.9983 0.877944 0.085277 0.025977
368100 -3131.74447240 423.32279291 0.359968 5.9983 0.877944 0.085277 0.117298
368200 -3136.27767150 433.44626285 0.368577 5.9983 0.877944 0.085277 0.034665
368300 -3128.08591611 409.47267139 0.348191 5.9983 0.877944 0.085277 0.065117
368400 -3116.68812815 413.00952485 0.351199 5.9983 0.877944 0.085277 0.134122
368500 -3127.52883730 420.51851881 0.357584 5.9881 0.868122 0.089786 0.055757
368600 -3124.59747921 420.76153735 0.357790 5.9881 0.868122 0.089786 0.092280
368700 -3127.54836373 418.68214855 0.356022 5.9881 0.868122 0.089786 0.023497
368800 -3140.24480283 442.56873195 0.376334 5.9881 0.868122 0.089786 -0.030627
368900 -3147.43289156 420.89287256 0.357902 5.9881 0.868122 0.089786 -0.112529
369000 -3136.32778525 420.64154176 0.357688 5.9966 0.869148 0.089214 -0.017969
369100 -3133.34471796 430.81834369 0.366342 5.9966 0.869148 0.089214 0.035697
369200 -3121.30827758 432.21100899 0.367526 5.9966 0.869148 0.089214 0.105376
369300 -3119.19115046 424.98381630 0.361381 5.9966 0.869148 0.089214 0.079020
369400 -3122.15975181 427.92561462 0.363882 5.9966 0.869148 0.089214 0.040146
369500 -3123.34052078 433.70288287 0.368795 5.9932 0.866792 0.091830 0.014333
369600 -3124.70482313 441.72598789 0.375617 5.9932 0.866792 0.091830 0.016808
369700 -3135.63312360 437.19397493 0.371764 5.9932 0.866792 0.091830 -0.079253
369800 -3121.46410145 420.55738751 0.357617 5.9932 0.866792 0.091830 0.006913
369900 -3128.37311322 438.52665715 0.372897 5.9932 0.866792 0.091830 -0.034031
370000 -3122.55388935 431.63973925 0.367041 5.9949 0.868534 0.089725 0.003563
370100 -3146.15767642 421.31113662 0.358258 5.9949 0.868534 0.089725 -0.140259
370200 -3142.09315259 420.26844493 0.357371 5.9949 0.868534 0.089725 -0.107398
370300 -3140.12816795 437.79523476 0.372275 5.9949 0.868534 0.089725 -0.039271
370400 -3116.52831094 423.15946809 0.359829 5.9949 0.868534 0.089725 0.124310
370500 -3145.93954153 418.38303103 0.355768 5.9915 0.879354 0.089881 -0.091207
370600 -3139.81487372 421.69911474 0.358588 5.9915 0.879354 0.089881 -0.022481
370700 -3139.51462896 395.75689448 0.336528 5.9915 0.879354 0.089881 -0.019876
370800 -3134.04241908 415.27710665 0.353127 5.9915 0.879354 0.089881 0.044308
370900 -3147.82648402 432.15862665 0.367482 5.9915 0.879354 0.089881 -0.052231
371000 -3145.99078614 416.95649626 0.354555 5.9966 0.879605 0.087948 -0.068452
371100 -3137.66953500 427.07407381 0.363158 5.9966 0.879605 0.087948 0.010750
371200 -3135.34107465 430.90914254 0.366419 5.9966 0.879605 0.087948 0.034351
371300 -3136.53707788 416.12294053 0.353846 5.9966 0.879605 0.087948 0.007685
371400 -3126.80515078 406.72726857 0.345857 5.9966 0.879605 0.087948 0.070539
371500 -3133.50798395 408.79306955 0.347613 5.9915 0.873274 0.089726 0.006231
371600 -3130.79753761 422.55694094 0.359317 5.9915 0.873274 0.089726 0.047562
371700 -3148.45694816 433.17482820 0.368346 5.9915 0.873274 0.089726 -0.043737
371800 -3155.98756921 429.19982407 0.364966 5.9915 0.873274 0.089726 -0.101244
371900 -3142.23413591 416.90970888 0.354515 5.9915 0.873274 0.089726 -0.034420
372000 -3122.66378100 412.92752651 0.351129 5.9915 0.867012 0.093959 0.149428
372100 -3143.28972389 423.54017478 0.360153 5.9915 0.867012 0.093959 -0.052872
372200 -3132.08527818 414.61274304 0.352562 5.9915 0.867012 0.093959 0.021288
372300 -3139.99594201 419.33252016 0.356575 5.9915 0.867012 0.093959 -0.042334
372400 -3122.90280180 421.04729258 0.358033 5.9915 0.867012 0.093959 0.079430
372500 -3130.20686673 440.84628014 0.374869 5.9983 0.873981 0.088655 0.009620
372600 -3122.37882286 420.47178183 0.357544 5.9983 0.873981 0.088655 0.049494
372700 -3135.81047318 415.05306384 0.352936 5.9983 0.873981 0.088655 -0.073705
372800 -3115.85754425 414.58610156 0.352539 5.9983 0.873981 0.088655 0.075143
372900 -3146.64000707 418.78221979 0.356107 5.9983 0.873981 0.088655 -0.059923
373000 -3136.04358582 415.87600967 0.353636 5.9983 0.871677 0.087257 0.004593
373100 -3121.70890253 424.39281629 0.360878 5.9983 0.871677 0.087257 0.105900
373200 -3104.11635342 432.84871688 0.368069 5.9983 0.871677 0.087257 0.189411
373300 -3127.09942104 449.11230694 0.381898 5.9983 0.871677 0.087257 0.023082
373400 -3116.76989403 425.61029055 0.361914 5.9983 0.871677 0.087257 0.032294
373500 -3120.27438569 426.06565948 0.362301 5.9881 0.870304 0.090171 0.005203
373600 -3125.67044761 423.65927345 0.360254 5.9881 0.870304 0.090171 -0.021201
373700 -3140.89209547 412.31187520 0.350605 5.9881 0.870304 0.090171 -0.116942
373800 -3142.52112822 413.24794900 0.351401 5.9881 0.870304 0.090171 -0.070753
373900 -3131.09944390 409.40310685 0.348132 5.9881 0.870304 0.090171 0.018194
374000 -3127.90425184 406.39065598 0.345570 5.9983 0.876987 0.088682 0.027544
374100 -3132.53748564 435.77668897 0.370558 5.9983 0.876987 0.088682 -0.000101
374200 -3119.52779413 430.26661766 0.365873 5.9983 0.876987 0.088682 0.112841
374300 -3145.46856588 432.40562030 0.367692 5.9983 0.876987 0.088682 -0.098227
374400 -3140.71031653 418.62617195 0.355975 5.9983 0.876987 0.088682 -0.056757
374500 -3147.11061362 425.56623711 0.361876 5.9949 0.874052 0.088334 -0.063132
374600 -3149.76088095 422.80710286 0.359530 5.9949 0.874052 0.088334 -0.061622
374700 -3127.61639707 418.14322602 0.355564 5.9949 0.874052 0.088334 0.079399
374800 -3135.78096231 429.07345746 0.364858 5.9949 0.874052 0.088334 -0.023666
374900 -3157.67825467 422.38431897 0.359170 5.9949 0.874052 0.088334 -0.107816
375000 -3133.46590728 402.70463795 0.342436 6.0000 0.883541 0.087874 0.012742
375100 -3129.00067637 422.22380449 0.359034 6.0000 0.883541 0.087874 0.052848
375200 -3168.93633785 430.35788099 0.365951 6.0000 0.883541 0.087874 -0.192343
375300 -3126.93892381 402.06990341 0.341896 6.0000 0.883541 0.087874 0.114166
375400 -3146.75971184 416.21715949 0.353926 6.0000 0.883541 0.087874 -0.029782
375500 -3157.08121086 418.21790809 0.355627 5.9932 0.884857 0.087746 -0.078559
375600 -3145.86773888 418.88658552 0.356196 5.9932 0.884857 0.087746 -0.013422
375700 -3146.03364701 435.96980100 0.370723 5.9932 0.884857 0.087746 -0.013370
375800 -3127.49172080 409.54497098 0.348253 5.9932 0.884857 0.087746 0.113960
375900 -3141.40678897 429.25392815 0.365012 5.9932 0.884857 0.087746 -0.019170
376000 -3144.04883516 418.59102571 0.355945 5.9966 0.874494 0.088012 -0.050839
376100 -3153.28398306 417.79041924 0.355264 5.9966 0.874494 0.088012 -0.082773
376200 -3151.47793697 402.70944401 0.342440 5.9966 0.874494 0.088012 -0.048170
376300 -3143.04300785 421.82433228 0.358694 5.9966 0.874494 0.088012 0.022272
376400 -3147.98163266 433.79074052 0.368870 5.9966 0.874494 0.088012 -0.000109
376500 -3149.16866253 427.57881355 0.363587 5.9949 0.884379 0.089274 -0.047315
376600 -3159.00315678 423.83994629 0.360408 5.9949 0.884379 0.089274 -0.086031
376700 -3149.56488106 425.00192952 0.361396 5.9949 0.884379 0.089274 -0.031627
376800 -3119.73788516 411.56928619 0.349974 5.9949 0.884379 0.089274 0.147510
376900 -3132.77043376 416.23684356 0.353943 5.9949 0.884379 0.089274 0.048715
377000 -3159.63641983 446.43042251 0.379618 5.9898 0.891767 0.085615 -0.126511
377100 -3138.75030463 419.25143787 0.356506 5.9898 0.891767 0.085615 0.018886
377200 -3136.50596121 428.55448597 0.364417 5.9898 0.891767 0.085615 0.032177
377300 -3124.16512897 428.95954515 0.364762 5.9898 0.891767 0.085615 0.057187
377400 -3118.79218986 427.83269423 0.363803 5.9898 0.891767 0.085615 0.071960
377500 -3122.07090489 430.32535640 0.365923 5.9949 0.871895 0.092984 0.046617
377600 -3114.98716713 410.77080246 0.349295 5.9949 0.871895 0.092984 0.048672
377700 -3132.51043477 430.92210637 0.366430 5.9949 0.871895 0.092984 -0.052930
377800 -3136.02513819 450.81825190 0.383349 5.9949 0.871895 0.092984 -0.070384
377900 -3121.48400920 431.75026457 0.367135 5.9949 0.871895 0.092984 0.023088
378000 -3141.38574372 444.31659811 0.377820 5.9966 0.878096 0.088994 -0.102203
378100 -3109.28261318 420.02143069 0.357161 5.9966 0.878096 0.088994 0.090690
378200 -3111.45848260 404.73107597 0.344159 5.9966 0.878096 0.088994 0.079096
378300 -3137.32469047 419.30037837 0.356548 5.9966 0.878096 0.088994 -0.100476
378400 -3152.76037464 428.16679325 0.364087 5.9966 0.878096 0.088994 -0.144288
378500 -3130.34353700 420.76573703 0.357794 5.9915 0.873031 0.089890 0.018253
378600 -3140.28033896 424.54527865 0.361008 5.9915 0.873031 0.089890 -0.026979
378700 -3138.49728649 405.36712950 0.344700 5.9915 0.873031 0.089890 -0.028525
378800 -3149.54867131 403.06926158 0.342746 5.9915 0.873031 0.089890 -0.068368
378900 -3135.22619524 421.59317442 0.358498 5.9915 0.873031 0.089890 0.058051
379000 -3140.01396332 421.84406427 0.358711 5.9966 0.872833 0.085908 -0.011463
379100 -3126.11432719 418.24587179 0.355651 5.9966 0.872833 0.085908 0.078991
379200 -3122.83886237 433.86554591 0.368933 5.9966 0.872833 0.085908 0.112666
379300 -3139.24525951 427.57720197 0.363586 5.9966 0.872833 0.085908 -0.049040
379400 -3138.37487438 427.37494130 0.363414 5.9966 0.872833 0.085908 -0.011301
379500 -3140.24442847 409.18437190 0.347946 5.9983 0.878678 0.088598 -0.063706
379600 -3153.75167166 415.20222224 0.353063 5.9983 0.878678 0.088598 -0.103702
379700 -3133.69781259 390.64229943 0.332179 5.9983 0.878678 0.088598 0.034186
379800 -3130.70633454 398.08426716 0.338507 5.9983 0.878678 0.088598 0.082349
379900 -3146.34395273 425.35141660 0.361693 5.9983 0.878678 0.088598 -0.013029
380000 -3152.64033227 422.92771940 0.359632 5.9966 0.879710 0.088547 -0.037994
380100 -3155.84782452 400.83332883 0.340845 5.9966 0.879710 0.088547 -0.055540
380200 -3141.40962773 413.93505822 0.351986 5.9966 0.879710 0.088547 0.043310
380300 -3139.91608581 418.29348987 0.355692 5.9966 0.879710 0.088547 0.070365
380400 -3141.88258382 411.96383758 0.350309 5.9966 0.879710 0.088547 0.030383
380500 -3140.04138434 409.14296508 0.347911 5.9983 0.877629 0.085609 0.043141
380600 -3140.17247802 431.40054772 0.366837 5.9983 0.877629 0.085609 0.081844
380700 -3123.60464412 438.47421466 0.372852 5.9983 0.877629 0.085609 0.145644
380800 -3117.15569563 433.53409209 0.368651 5.9983 0.877629 0.085609 0.116833
380900 -3141.71215409 436.16032269 0.370885 5.9983 0.877629 0.085609 -0.087287
381000 -3131.59032833 436.51502918 0.371186 5.9949 0.869056 0.090179 -0.005801
381100 -3125.40054713 428.80674549 0.364632 5.9949 0.869056 0.090179 0.018534
381200 -3122.96669336 427.67834137 0.363672 5.9949 0.869056 0.090179 0.055888
381300 -3129.88570365 434.40417843 0.369391 5.9949 0.869056 0.090179 0.012648
381400 -3135.04835859 415.74255098 0.353523 5.9949 0.869056 0.090179 0.000124
381500 -3140.39177084 425.50369512 0.361823 5.9949 0.881279 0.085489 -0.010963
381600 -3129.25095172 443.44674620 0.377081 5.9949 0.881279 0.085489 0.069475
381700 -3119.13456600 443.60649372 0.377216 5.9949 0.881279 0.085489 0.080905
381800 -3122.45944428 438.45552867 0.372836 5.9949 0.881279 0.085489 0.047939
381900 -3126.76094048 435.59777475 0.370406 5.9949 0.881279 0.085489 0.015898
382000 -3137.71431065 437.66125929 0.372161 5.9949 0.880271 0.089303 -0.098489
382100 -3129.50239220 404.90471408 0.344307 5.9949 0.880271 0.089303 -0.006383
382200 -3125.79345057 422.54455004 0.359307 5.9949 0.880271 0.089303 0.024871
382300 -3124.97306681 433.32255078 0.368472 5.9949 0.880271 0.089303 0.012006
382400 -3122.70165916 404.03029809 0.343563 5.9949 0.880271 0.089303 0.021950
382500 -3139.19857393 401.87049063 0.341727 5.9915 0.870757 0.088111 -0.065815
382600 -3144.36841479 421.66828125 0.358561 5.9915 0.870757 0.088111 -0.044775
382700 -3137.42997909 400.74064222 0.340766 5.9915 0.870757 0.088111 0.003536
382800 -3137.98142908 427.87750869 0.363841 5.9915 0.870757 0.088111 0.020918
382900 -3143.77620896 437.52060484 0.372041 5.9915 0.870757 0.088111 -0.061799
383000 -3137.53024768 408.43357172 0.347307 5.9966 0.872701 0.090381 -0.041272
383100 -3146.51530716 420.05921243 0.357193 5.9966 0.872701 0.090381 -0.078258
383200 -3128.60864607 431.39710783 0.366834 5.9966 0.872701 0.090381 0.080617
383300 -3124.25055272 423.80020640 0.360374 5.9966 0.872701 0.090381 0.067196
383400 -3144.67219451 453.06726462 0.385261 5.9966 0.872701 0.090381 -0.051721
383500 -3115.91058826 441.78032333 0.375664 5.9881 0.864584 0.092659 0.062759
383600 -3107.88481152 427.05557769 0.363142 5.9881 0.864584 0.092659 0.058711
383700 -3108.22700952 411.49058101 0.349907 5.9881 0.864584 0.092659 0.068829
383800 -3121.14647984 424.23099818 0.360741 5.9881 0.864584 0.092659 0.002905
383900 -3095.11494412 411.98738235 0.350329 5.9881 0.864584 0.092659 0.147538
384000 -3148.25599639 454.29913308 0.386309 5.9915 0.882418 0.086316 -0.171639
384100 -3102.80295910 420.21179336 0.357323 5.9915 0.882418 0.086316 0.096588
384200 -3122.97863751 410.52139322 0.349083 5.9915 0.882418 0.086316 -0.014591
384300 -3126.51322763 410.72836671 0.349259 5.9915 0.882418 0.086316 -0.009183
384400 -3116.02405324 426.20545588 0.362420 5.9915 0.882418 0.086316 0.081777
384500 -3114.28763977 435.53537821 0.370353 5.9966 0.867123 0.091807 0.084808
384600 -3138.90761372 436.51440461 0.371186 5.9966 0.867123 0.091807 -0.093033
384700 -3120.67708658 399.49200068 0.339704 5.9966 0.867123 0.091807 -0.002780
384800 -3131.82880039 409.33693672 0.348076 5.9966 0.867123 0.091807 -0.065460
384900 -3127.42718751 399.61631276 0.339810 5.9966 0.867123 0.091807 0.006106
385000 -3143.52348971 422.78960449 0.359515 5.9949 0.883991 0.088673 -0.051348
385100 -3138.50315476 406.32117977 0.345511 5.9949 0.883991 0.088673 0.003411
385200 -3131.61621112 418.69375533 0.356032 5.9949 0.883991 0.088673 0.046796
385300 -3119.27391470 421.82804159 0.358697 5.9949 0.883991 0.088673 0.110395
385400 -3125.19989845 433.26525605 0.368423 5.9949 0.883991 0.088673 0.076090
385500 -3139.80681983 430.21936259 0.365833 5.9915 0.883026 0.087892 -0.084322
385600 -3133.94683688 437.30596040 0.371859 5.9915 0.883026 0.087892 -0.004165
385700 -3125.81850501 404.52141099 0.343981 5.9915 0.883026 0.087892 0.014792
385800 -3133.59765002 420.45311928 0.357528 5.9915 0.883026 0.087892 -0.015421
385900 -3127.45012613 423.66266151 0.360257 5.9915 0.883026 0.087892 0.035206
386000 -3128.65383316 430.43995035 0.366020 6.0000 0.870876 0.089336 -0.007447
386100 -3130.57590529 429.56290713 0.365275 6.0000 0.870876 0.089336 -0.027438
386200 -3134.83000858 421.28932410 0.358239 6.0000 0.870876 0.089336 -0.032859
386300 -3124.87930662 409.03698773 0.347821 6.0000 0.870876 0.089336 0.018392
386400 -3135.46087725 422.65516874 0.359401 6.0000 0.870876 0.089336 -0.031690
386500 -3135.42878333 416.91412982 0.354519 5.9915 0.878922 0.087997 -0.010704
386600 -3133.38016587 422.80244644 0.359526 5.9915 0.878922 0.087997 0.013971
386700 -3134.75878989 423.46695007 0.360091 5.9915 0.878922 0.087997 0.008323
386800 -3128.73051326 407.27677838 0.346324 5.9915 0.878922 0.087997 -0.007493
386900 -3128.87174541 409.93608999 0.348585 5.9915 0.878922 0.087997 0.030208
387000 -3160.45607143 417.51508282 0.355030 5.9949 0.887261 0.084102 -0.178659
387100 -3131.94349478 425.40113589 0.361736 5.9949 0.887261 0.084102 0.059971
387200 -3130.59163746 408.76849489 0.347592 5.9949 0.887261 0.084102 0.026001
387300 -3135.14661278 427.29101938 0.363343 5.9949 0.887261 0.084102 -0.013304
387400 -3143.10270946 448.26764511 0.381180 5.9949 0.887261 0.084102 -0.060463
387500 -3140.90522154 418.90235345 0.356209 5.9983 0.879026 0.089342 -0.040766
387600 -3140.31162768 415.63976499 0.353435 5.9983 0.879026 0.089342 -0.046934
387700 -3121.86398509 410.16339712 0.348778 5.9983 0.879026 0.089342 0.125089
387800 -3112.13577499 430.62019294 0.366174 5.9983 0.879026 0.089342 0.148177
387900 -3109.88537379 420.94204193 0.357944 5.9983 0.879026 0.089342 0.136391
388000 -3126.74325918 441.00918189 0.375008 5.9983 0.874634 0.091513 -0.035377
388100 -3103.98799086 426.45133982 0.362629 5.9983 0.874634 0.091513 0.102420
388200 -3113.84305614 431.06211885 0.366549 5.9983 0.874634 0.091513 0.022512
388300 -3097.16058232 425.79269103 0.362069 5.9983 0.874634 0.091513 0.120906
388400 -3138.19136478 424.47926563 0.360952 5.9983 0.874634 0.091513 -0.154913
388500 -3144.30803799 425.38096861 0.361719 5.9966 0.885742 0.087553 -0.166225
388600 -3133.58759420 393.39359152 0.334518 5.9966 0.885742 0.087553 -0.080108
388700 -3145.42265229 410.93970752 0.349439 5.9966 0.885742 0.087553 -0.086204
388800 -3140.40282023 422.81356885 0.359535 5.9966 0.885742 0.087553 -0.037779
388900 -3145.70679644 409.22095958 0.347977 5.9966 0.885742 0.087553 -0.073775
389000 -3136.07975532 428.45970466 0.364336 5.9966 0.866599 0.091051 0.047456
389100 -3120.18166683 443.21395040 0.376883 5.9966 0.866599 0.091051 0.110790
389200 -3145.87241905 446.33057153 0.379533 5.9966 0.866599 0.091051 -0.102022
389300 -3133.18590618 415.10075145 0.352977 5.9966 0.866599 0.091051 -0.005417
389400 -3143.54758860 426.29924224 0.362499 5.9966 0.866599 0.091051 -0.069881
389500 -3129.57141732 420.71934677 0.357755 5.9949 0.873821 0.088760 0.020167
389600 -3135.59240355 437.64794395 0.372150 5.9949 0.873821 0.088760 -0.019496
389700 -3111.29182900 409.40191864 0.348131 5.9949 0.873821 0.088760 0.117680
389800 -3129.36422314 421.40941046 0.358341 5.9949 0.873821 0.088760 0.024957
389900 -3128.72018868 450.42735459 0.383016 5.9949 0.873821 0.088760 0.023473
390000 -3121.55683217 424.88446692 0.361296 5.9881 0.856302 0.093842 0.011406
390100 -3134.11978241 415.85177265 0.353615 5.9881 0.856302 0.093842 -0.086440
390200 -3138.33361380 431.79155856 0.367170 5.9881 0.856302 0.093842 -0.073540
390300 -3124.52206829 414.97814460 0.352873 5.9881 0.856302 0.093842 0.023843
390400 -3134.72631184 426.36095219 0.362552 5.9881 0.856302 0.093842 -0.041578
390500 -3133.97180308 417.02603061 0.354614 5.9932 0.877522 0.090152 -0.023159
390600 -3125.38662169 403.71069728 0.343291 5.9932 0.877522 0.090152 -0.000749
390700 -3147.97081324 425.18717374 0.361554 5.9932 0.877522 0.090152 -0.063352
390800 -3118.69046346 407.93390483 0.346883 5.9932 0.877522 0.090152 0.119855
390900 -3142.09673353 422.51673697 0.359283 5.9932 0.877522 0.090152 -0.025809
391000 -3154.74041556 425.25169714 0.361609 5.9932 0.876848 0.089629 -0.098203
391100 -3147.87629355 422.11268211 0.358939 5.9932 0.876848 0.089629 -0.036883
391200 -3138.03989431 436.96592405 0.371570 5.9932 0.876848 0.089629 0.057672
391300 -3137.70111691 430.82246775 0.366346 5.9932 0.876848 0.089629 0.024607
391400 -3140.00533786 424.54137768 0.361005 5.9932 0.876848 0.089629 0.006575
391500 -3126.98132311 427.60967058 0.363614 5.9932 0.875854 0.091918 0.061805
391600 -3124.49796833 432.92981144 0.368138 5.9932 0.875854 0.091918 0.056868
391700 -3120.39890176 431.61257419 0.367017 5.9932 0.875854 0.091918 0.045192
391800 -3108.29329256 426.81342491 0.362937 5.9932 0.875854 0.091918 0.109297
391900 -3131.99714042 436.24856518 0.370960 5.9932 0.875854 0.091918 -0.045410
392000 -3135.07877213 419.91642514 0.357072 6.0000 0.878796 0.089288 -0.071932
392100 -3118.34936250 413.44020607 0.351565 6.0000 0.878796 0.089288 0.070794
392200 -3128.06789509 434.09409236 0.369128 6.0000 0.878796 0.089288 0.007988
392300 -3127.24581481 418.50009306 0.355867 6.0000 0.878796 0.089288 -0.005995
392400 -3124.41111873 412.76308322 0.350989 6.0000 0.878796 0.089288 0.015351
392500 -3141.96701857 421.79433347 0.358669 5.9915 0.884194 0.088379 -0.055785
392600 -3135.83437360 416.10872429 0.353834 5.9915 0.884194 0.088379 -0.016504
392700 -3118.24274646 405.01558276 0.344401 5.9915 0.884194 0.088379 0.097031
392800 -3135.38363898 413.66281818 0.351754 5.9915 0.884194 0.088379 -0.001073
392900 -3129.66919355 429.01642268 0.364810 5.9915 0.884194 0.088379 0.039941
393000 -3138.20670172 430.54348292 0.366108 5.9932 0.878446 0.086865 -0.011002
393100 -3137.15483959 438.72313780 0.373064 5.9932 0.878446 0.086865 -0.023794
393200 -3116.06499634 426.20841795 0.362422 5.9932 0.878446 0.086865 0.093057
393300 -3132.15931848 414.80064495 0.352722 5.9932 0.878446 0.086865 -0.037175
393400 -3144.32003092 432.52320751 0.367792 5.9932 0.878446 0.086865 -0.080343
393500 -3139.05146489 432.14570984 0.367471 5.9932 0.874392 0.089368 -0.014083
393600 -3139.66528724 452.02530416 0.384375 5.9932 0.874392 0.089368 -0.064250
393700 -3131.10929368 436.16783024 0.370891 5.9932 0.874392 0.089368 -0.018671
393800 -3124.62258380 433.27782550 0.368434 5.9932 0.874392 0.089368 0.004549
393900 -3135.78568638 418.46982470 0.355842 5.9932 0.874392 0.089368 -0.072257
394000 -3156.79860460 423.87682998 0.360439 5.9915 0.881583 0.086626 -0.196253
394100 -3162.51400828 422.03233262 0.358871 5.9915 0.881583 0.086626 -0.189822
394200 -3128.73603959 428.45849056 0.364335 5.9915 0.881583 0.086626 0.041126
394300 -3139.13509481 419.27058526 0.356523 5.9915 0.881583 0.086626 -0.039901
394400 -3129.66610889 411.83736747 0.350202 5.9915 0.881583 0.086626 0.022645
394500 -3146.64193666 434.16683285 0.369189 5.9864 0.874873 0.088241 -0.056492
394600 -3120.66816960 426.08059370 0.362313 5.9864 0.874873 0.088241 0.065812
394700 -3128.42797627 435.17351263 0.370046 5.9864 0.874873 0.088241 0.024786
394800 -3131.16746834 425.74274906 0.362026 5.9864 0.874873 0.088241 -0.017706
394900 -3138.77579600 437.93534797 0.372394 5.9864 0.874873 0.088241 -0.063813
395000 -3123.82725660 419.70173353 0.356889 5.9915 0.871891 0.089877 0.032442
395100 -3133.79095805 421.53920113 0.358452 5.9915 0.871891 0.089877 -0.029538
395200 -3134.72069372 440.35698401 0.374453 5.9915 0.871891 0.089877 -0.010820
395300 -3103.49035590 421.50978030 0.358427 5.9915 0.871891 0.089877 0.158162
395400 -3120.67037308 406.77495999 0.345897 5.9915 0.871891 0.089877 0.025104
395500 -3109.92688587 407.64992846 0.346641 5.9932 0.860327 0.092939 0.108210
395600 -3120.61027571 410.73646675 0.349266 5.9932 0.860327 0.092939 0.059629
395700 -3127.52548410 426.20519522 0.362419 5.9932 0.860327 0.092939 0.003878
395800 -3121.00440277 413.30137771 0.351447 5.9932 0.860327 0.092939 0.049768
395900 -3127.42404256 433.99804952 0.369046 5.9932 0.860327 0.092939 0.000182
396000 -3131.74936467 415.37882120 0.353213 5.9949 0.871858 0.089981 -0.005766
396100 -3129.34984630 431.00101838 0.366497 5.9949 0.871858 0.089981 -0.036226
396200 -3119.05816258 444.51660956 0.377990 5.9949 0.871858 0.089981 0.056352
396300 -3123.88064876 413.54623748 0.351655 5.9949 0.871858 0.089981 0.012742
396400 -3128.37301940 416.02484110 0.353763 5.9949 0.871858 0.089981 -0.014182
396500 -3126.01120902 431.93410355 0.367291 5.9898 0.869601 0.091491 -0.002053
396600 -3115.28524273 435.39219884 0.370231 5.9898 0.869601 0.091491 0.043268
396700 -3115.57841825 445.36477547 0.378712 5.9898 0.869601 0.091491 0.017767
396800 -3130.73028585 428.22270257 0.364135 5.9898 0.869601 0.091491 -0.072265
396900 -3115.26301824 423.06735458 0.359751 5.9898 0.869601 0.091491 0.031960
397000 -3118.57937433 426.73533359 0.362870 5.9915 0.861623 0.094465 -0.011213
397100 -3121.72513622 429.66688182 0.365363 5.9915 0.861623 0.094465 -0.014313
397200 -3107.56508090 412.52412935 0.350786 5.9915 0.861623 0.094465 0.066078
397300 -3127.70472732 418.91459052 0.356220 5.9915 0.861623 0.094465 -0.043186
397400 -3130.07871138 424.56321376 0.361023 5.9915 0.861623 0.094465 -0.071096
397500 -3128.45725762 421.54565876 0.358457 5.9949 0.872710 0.089136 -0.030471
397600 -3133.13438208 422.36233510 0.359152 5.9949 0.872710 0.089136 -0.036680
397700 -3142.00613051 420.06519764 0.357198 5.9949 0.872710 0.089136 -0.084331
397800 -3136.84270226 439.37218272 0.373616 5.9949 0.872710 0.089136 -0.028441
397900 -3130.94385502 432.24544359 0.367556 5.9949 0.872710 0.089136 0.001164
398000 -3106.83592045 410.77861565 0.349302 5.9966 0.875095 0.090620 0.118184
398100 -3123.29920439 427.88910942 0.363851 5.9966 0.875095 0.090620 0.024823
398200 -3128.54733908 405.58136819 0.344882 5.9966 0.875095 0.090620 -0.017530
398300 -3130.30419452 404.41794444 0.343893 5.9966 0.875095 0.090620 0.012202
398400 -3132.35861843 436.52546643 0.371195 5.9966 0.875095 0.090620 -0.000944
398500 -3126.55509196 428.62919660 0.364481 5.9983 0.874628 0.088615 0.009254
398600 -3114.96595925 424.02602182 0.360566 5.9983 0.874628 0.088615 0.104904
398700 -3124.32754288 441.01517497 0.375013 5.9983 0.874628 0.088615 0.040330
398800 -3117.50344985 434.28579383 0.369291 5.9983 0.874628 0.088615 0.064580
398900 -3136.05863188 437.95828256 0.372414 5.9983 0.874628 0.088615 -0.103561
399000 -3115.91957475 423.83869239 0.360407 6.0000 0.869566 0.089774 0.019105
399100 -3115.55296382 422.18161878 0.358998 6.0000 0.869566 0.089774 0.061303
399200 -3119.11308225 420.40417078 0.357487 6.0000 0.869566 0.089774 0.019828
399300 -3138.74445812 407.81696700 0.346783 6.0000 0.869566 0.089774 -0.107826
399400 -3132.65813830 406.25526823 0.345455 6.0000 0.869566 0.089774 -0.022976
399500 -3129.28788360 427.07763449 0.363161 5.9932 0.867466 0.090632 0.033907
399600 -3119.58036608 412.79104932 0.351013 5.9932 0.867466 0.090632 0.064662
399700 -3132.85189401 433.84716333 0.368918 5.9932 0.867466 0.090632 -0.013207
399800 -3123.24645605 439.82144496 0.373998 5.9932 0.867466 0.090632 0.039395
399900 -3119.74501563 419.14121400 0.356413 5.9932 0.867466 0.090632 0.025313
400000 -3141.09523785 426.95986743 0.363061 5.9949 0.875483 0.088150 -0.095238
400100 -3157.49850618 423.43836413 0.360067 5.9949 0.875483 0.088150 -0.141685
400200 -3156.19523333 416.91828281 0.354522 5.9949 0.875483 0.088150 -0.090793
400300 -3172.32856763 415.76511141 0.353542 5.9949 0.875483 0.088150 -0.168230
400400 -3152.54968435 418.12019374 0.355544 5.9949 0.875483 0.088150 -0.008464
400500 -3129.30512273 414.74413710 0.352674 5.9915 0.869358 0.092976 0.111037
400600 -3144.40870188 419.67417092 0.356866 5.9915 0.869358 0.092976 0.001263
400700 -3127.38333159 404.70964125 0.344141 5.9915 0.869358 0.092976 0.091243
400800 -3151.57675460 432.83207265 0.368054 5.9915 0.869358 0.092976 -0.048233
400900 -3120.57643526 438.50728088 0.372880 5.9915 0.869358 0.092976 0.155353
401000 -3135.91554448 427.96950902 0.363920 5.9898 0.877003 0.088493 0.004634
401100 -3150.94944686 421.45728313 0.358382 5.9898 0.877003 0.088493 -0.106219
401200 -3133.57034548 419.57448494 0.356781 5.9898 0.877003 0.088493 0.025198
401300 -3120.66310904 421.63870515 0.358536 5.9898 0.877003 0.088493 0.087035
401400 -3125.03909311 426.48176074 0.362655 5.9898 0.877003 0.088493 0.043960
401500 -3133.42651860 440.33450382 0.374434 5.9932 0.877741 0.089142 -0.063282
401600 -3131.34401673 421.53642334 0.358449 5.9932 0.877741 0.089142 -0.005479
401700 -3139.09328488 418.00741326 0.355448 5.9932 0.877741 0.089142 -0.068886
401800 -3147.97186702 411.26844232 0.349718 5.9932 0.877741 0.089142 -0.091662
401900 -3142.22036736 405.51367488 0.344825 5.9932 0.877741 0.089142 -0.042634
402000 -3148.85387177 399.73581290 0.339911 5.9847 0.878569 0.088328 -0.066702
402100 -3155.10173867 416.18681123 0.353900 5.9847 0.878569 0.088328 -0.081590
402200 -3137.85532638 418.39350631 0.355777 5.9847 0.878569 0.088328 0.028095
402300 -3134.59167497 405.30909202 0.344651 5.9847 0.878569 0.088328 0.046921
402400 -3118.59963421 415.97809064 0.353723 5.9847 0.878569 0.088328 0.138073
402500 -3119.36283164 416.91711856 0.354521 5.9830 0.864565 0.094101 0.140189
402600 -3143.46344795 413.44127938 0.351566 5.9830 0.864565 0.094101 -0.044334
402700 -3123.71284881 407.46808053 0.346486 5.9830 0.864565 0.094101 0.102426
402800 -3107.46901164 412.07525413 0.350404 5.9830 0.864565 0.094101 0.194506
402900 -3141.85953831 419.12482778 0.356399 5.9830 0.864565 0.094101 -0.036913
403000 -3142.61017165 427.80238833 0.363778 5.9966 0.879482 0.087643 -0.039871
403100 -3138.68593009 422.69160272 0.359432 5.9966 0.879482 0.087643 -0.021697
403200 -3128.03677571 411.96738573 0.350312 5.9966 0.879482 0.087643 0.059228
403300 -3137.77954801 411.19980004 0.349660 5.9966 0.879482 0.087643 0.001522
403400 -3160.75738657 426.10033350 0.362330 5.9966 0.879482 0.087643 -0.140154
403500 -3137.14356991 411.56695560 0.349972 5.9949 0.873896 0.089337 0.054368
403600 -3138.50919734 454.05315746 0.386100 5.9949 0.873896 0.089337 0.043230
403700 -3110.37472257 436.24610240 0.370958 5.9949 0.873896 0.089337 0.151268
403800 -3124.37497418 431.11042568 0.366590 5.9949 0.873896 0.089337 0.041906
403900 -3129.31525810 444.84774438 0.378272 5.9949 0.873896 0.089337 -0.006491
404000 -3135.63665690 444.36277807 0.377860 5.9949 0.875626 0.089165 -0.037548
404100 -3140.10787509 429.01061392 0.364805 5.9949 0.875626 0.089165 -0.080907
404200 -3137.01329744 422.24503854 0.359052 5.9949 0.875626 0.089165 -0.069369
404300 -3145.39373776 413.74990608 0.351828 5.9949 0.875626 0.089165 -0.091702
404400 -3115.59494974 408.82991926 0.347644 5.9949 0.875626 0.089165 0.100518
404500 -3116.83351494 435.55655026 0.370371 5.9932 0.874604 0.090620 0.060416
404600 -3115.95509654 428.35093454 0.364244 5.9932 0.874604 0.090620 0.039909
404700 -3119.86238987 446.47883016 0.379659 5.9932 0.874604 0.090620 -0.009493
404800 -3126.17290425 455.83206244 0.387612 5.9932 0.874604 0.090620 -0.048619
404900 -3139.89750441 458.42670977 0.389819 5.9932 0.874604 0.090620 -0.177076
405000 -3126.31993531 423.77236419 0.360351 5.9864 0.857034 0.091261 -0.057447
405100 -3111.99160730 424.24492826 0.360752 5.9864 0.857034 0.091261 0.053266
405200 -3123.80876482 418.96264779 0.356261 5.9864 0.857034 0.091261 -0.019431
405300 -3129.00755958 419.54904516 0.356759 5.9864 0.857034 0.091261 -0.041573
405400 -3142.73599767 423.27876797 0.359931 5.9864 0.857034 0.091261 -0.085539
405500 -3122.97435998 409.73789723 0.348417 5.9898 0.864583 0.094068 0.031692
405600 -3119.07660229 431.50898684 0.366929 5.9898 0.864583 0.094068 0.050509
405700 -3123.16964050 443.24951459 0.376913 5.9898 0.864583 0.094068 0.007401
405800 -3120.95244253 442.97418127 0.376679 5.9898 0.864583 0.094068 0.015029
405900 -3105.22280154 418.85428399 0.356169 5.9898 0.864583 0.094068 0.086735
406000 -3111.07618129 436.73848820 0.371376 5.9949 0.864489 0.091433 0.037523
406100 -3112.85922577 445.70942202 0.379005 5.9949 0.864489 0.091433 0.048501
406200 -3106.22979114 429.33607710 0.365082 5.9949 0.864489 0.091433 0.058639
406300 -3126.81596675 426.35230665 0.362544 5.9949 0.864489 0.091433 -0.090089
406400 -3108.98370001 409.18867159 0.347950 5.9949 0.864489 0.091433 0.042388
406500 -3118.53573190 405.98680538 0.345227 5.9898 0.857022 0.095627 0.022685
406600 -3139.29400625 431.54220603 0.366958 5.9898 0.857022 0.095627 -0.107819
406700 -3139.41509623 432.76008124 0.367993 5.9898 0.857022 0.095627 -0.067308
406800 -3129.97177567 421.33608729 0.358279 5.9898 0.857022 0.095627 0.003413
406900 -3123.39350911 409.08658654 0.347863 5.9898 0.857022 0.095627 0.021392
407000 -3127.90499191 415.14692200 0.353016 5.9932 0.874392 0.088944 -0.011355
407100 -3138.68242893 422.30827699 0.359106 5.9932 0.874392 0.088944 -0.036769
407200 -3132.45521793 406.31546345 0.345506 5.9932 0.874392 0.088944 -0.004593
407300 -3137.78578169 430.36521929 0.365957 5.9932 0.874392 0.088944 -0.020803
407400 -3129.20393534 423.55461397 0.360165 5.9932 0.874392 0.088944 0.003741
407500 -3139.07368334 425.58199689 0.361889 5.9915 0.871974 0.089533 -0.040661
407600 -3132.92454062 405.13423850 0.344502 5.9915 0.871974 0.089533 -0.010753
407700 -3134.29904734 431.16454013 0.366637 5.9915 0.871974 0.089533 0.007435
407800 -3133.55459091 410.71993117 0.349252 5.9915 0.871974 0.089533 0.017907
407900 -3139.68385921 421.30626381 0.358254 5.9915 0.871974 0.089533 -0.021449
408000 -3141.41083571 419.32363369 0.356568 5.9915 0.876363 0.089660 -0.034316
408100 -3134.28654957 424.57970749 0.361037 5.9915 0.876363 0.089660 0.004637
408200 -3127.51375831 394.17416543 0.335182 5.9915 0.876363 0.089660 0.050565
408300 -3140.85735858 423.31186545 0.359959 5.9915 0.876363 0.089660 -0.021573
408400 -3143.55694958 434.44093497 0.369423 5.9915 0.876363 0.089660 -0.035850
408500 -3121.08544780 402.77357562 0.342495 5.9949 0.865742 0.091938 0.087002
408600 -3134.92426884 428.42451060 0.364307 5.9949 0.865742 0.091938 -0.003027
408700 -3148.95687402 429.34231427 0.365087 5.9949 0.865742 0.091938 -0.077642
408800 -3151.47018351 433.93878407 0.368996 5.9949 0.865742 0.091938 -0.058549
408900 -3140.31073782 410.52025770 0.349082 5.9949 0.865742 0.091938 -0.019264
409000 -3145.24591580 419.51749133 0.356733 5.9966 0.878515 0.087132 -0.028865
409100 -3140.36506275 418.20557151 0.355617 5.9966 0.878515 0.087132 0.007824
409200 -3128.78312689 397.61768532 0.338110 5.9966 0.878515 0.087132 0.034866
409300 -3141.44173609 398.54565822 0.338899 5.9966 0.878515 0.087132 -0.016682
409400 -3135.32130256 408.65993434 0.347500 5.9966 0.878515 0.087132 0.039991
409500 -3148.95309357 433.31503207 0.368465 5.9915 0.883178 0.087152 -0.013083
409600 -3133.60529493 427.83597080 0.363806 5.9915 0.883178 0.087152 0.050088
409700 -3137.47601850 414.40551814 0.352386 5.9915 0.883178 0.087152 -0.011257
409800 -3145.50904025 424.41877392 0.360900 5.9915 0.883178 0.087152 -0.038559
409900 -3133.25314258 424.24670300 0.360754 5.9915 0.883178 0.087152 0.059892
410000 -3136.97250803 419.03546302 0.356323 5.9966 0.869795 0.088152 0.005482
410100 -3140.68824027 439.12039346 0.373402 5.9966 0.869795 0.088152 0.017740
410200 -3135.54726545 432.28511446 0.367589 5.9966 0.869795 0.088152 -0.007478
410300 -3133.20464994 442.75008743 0.376488 5.9966 0.869795 0.088152 0.006778
410400 -3131.94131602 436.73000096 0.371369 5.9966 0.869795 0.088152 -0.007558
410500 -3124.72404353 441.88749938 0.375755 5.9983 0.871815 0.091593 0.021412
410600 -3135.55915922 443.19625914 0.376868 5.9983 0.871815 0.091593 -0.066640
410700 -3127.53518900 411.82810746 0.350194 5.9983 0.871815 0.091593 -0.011039
410800 -3147.80898968 429.06231386 0.364849 5.9983 0.871815 0.091593 -0.124072
410900 -3142.10966438 413.01320216 0.351202 5.9983 0.871815 0.091593 -0.071969
411000 -3135.95855835 411.43946090 0.349863 5.9949 0.872519 0.087606 0.010638
411100 -3132.18860814 423.44520625 0.360072 5.9949 0.872519 0.087606 0.032838
411200 -3142.61911073 445.51702135 0.378841 5.9949 0.872519 0.087606 -0.019691
411300 -3136.03288445 421.95439677 0.358805 5.9949 0.872519 0.087606 -0.015034
411400 -3152.53532295 415.36418395 0.353201 5.9949 0.872519 0.087606 -0.102511
411500 -3137.16887840 425.74303538 0.362026 5.9932 0.883929 0.087544 0.022175
411600 -3145.60312226 429.78797788 0.365466 5.9932 0.883929 0.087544 -0.035166
411700 -3153.81366256 434.48086502 0.369457 5.9932 0.883929 0.087544 -0.100212
411800 -3126.93853029 425.41376213 0.361746 5.9932 0.883929 0.087544 0.074767
411900 -3139.76000831 448.04640686 0.380992 5.9932 0.883929 0.087544 -0.005419
412000 -3127.86667032 423.77835499 0.360356 5.9932 0.860337 0.090569 0.034987
412100 -3126.44809367 421.25179588 0.358207 5.9932 0.860337 0.090569 0.004393
412200 -3146.12053385 441.03549920 0.375030 5.9932 0.860337 0.090569 -0.110474
412300 -3154.90253239 421.43147114 0.358360 5.9932 0.860337 0.090569 -0.175610
412400 -3137.60139042 430.32065983 0.365919 5.9932 0.860337 0.090569 -0.041719
412500 -3112.75278988 434.27661994 0.369283 5.9898 0.864153 0.092076 0.142832
412600 -3119.54543570 450.85011575 0.383376 5.9898 0.864153 0.092076 0.039885
412700 -3115.66345050 425.10941101 0.361488 5.9898 0.864153 0.092076 0.012380
412800 -3115.26552454 440.05270943 0.374194 5.9898 0.864153 0.092076 0.022282
412900 -3111.17100084 421.30479753 0.358252 5.9898 0.864153 0.092076 0.025067
413000 -3118.47973644 413.52236538 0.351635 5.9898 0.864965 0.090958 -0.021770
413100 -3130.30360798 417.52677280 0.355040 5.9898 0.864965 0.090958 -0.054869
413200 -3113.14721391 416.71125738 0.354346 5.9898 0.864965 0.090958 0.058078
413300 -3126.85429544 439.46014317 0.373691 5.9898 0.864965 0.090958 -0.000255
413400 -3122.27589933 437.26681416 0.371826 5.9898 0.864965 0.090958 -0.004862
413500 -3108.97868317 437.03513769 0.371629 5.9983 0.865162 0.091697 0.055638
413600 -3115.38205153 442.76808842 0.376503 5.9983 0.865162 0.091697 -0.010290
413700 -3121.29018085 428.38714244 0.364275 5.9983 0.865162 0.091697 -0.070769
413800 -3116.10059570 429.80443243 0.365480 5.9983 0.865162 0.091697 -0.018231
413900 -3122.79212744 426.31184251 0.362510 5.9983 0.865162 0.091697 -0.024823
414000 -3113.22703912 435.32890548 0.370178 6.0000 0.866403 0.091293 0.014678
414100 -3124.59820206 434.69599414 0.369639 6.0000 0.866403 0.091293 -0.026502
414200 -3128.27073282 424.45496155 0.360931 6.0000 0.866403 0.091293 -0.029813
414300 -3112.29327150 426.94098487 0.363045 6.0000 0.866403 0.091293 0.049670
414400 -3128.68915908 445.75849424 0.379046 6.0000 0.866403 0.091293 -0.034822
414500 -3136.26349069 425.32642229 0.361672 5.9881 0.874478 0.089885 -0.086725
414600 -3115.24440123 415.14577687 0.353015 5.9881 0.874478 0.089885 0.031139
414700 -3123.48926201 409.88020283 0.348538 5.9881 0.874478 0.089885 0.013951
414800 -3124.30968929 419.48304664 0.356703 5.9881 0.874478 0.089885 0.014327
414900 -3118.52190991 430.51958207 0.366088 5.9881 0.874478 0.089885 0.027136
415000 -3135.37493171 456.17747321 0.387906 5.9949 0.874827 0.088489 -0.083186
415100 -3110.44079664 420.68224366 0.357723 5.9949 0.874827 0.088489 0.052057
415200 -3118.37038147 430.73728799 0.366273 5.9949 0.874827 0.088489 0.011983
415300 -3126.47877431 428.45068678 0.364329 5.9949 0.874827 0.088489 -0.033742
415400 -3129.79877076 416.98140745 0.354576 5.9949 0.874827 0.088489 -0.075789
415500 -3126.06053470 421.65080694 0.358547 5.9949 0.873535 0.087809 -0.015625
415600 -3135.07942702 399.16422385 0.339425 5.9949 0.873535 0.087809 -0.053252
415700 -3133.78414794 417.43648118 0.354963 5.9949 0.873535 0.087809 0.017010
415800 -3133.46557557 426.12373509 0.362350 5.9949 0.873535 0.087809 0.000534
415900 -3155.33191404 417.97918918 0.355424 5.9949 0.873535 0.087809 -0.108572
416000 -3153.30690448 408.20068017 0.347109 5.9949 0.877175 0.090346 -0.061761
416100 -3150.81282501 407.23295303 0.346287 5.9949 0.877175 0.090346 -0.045620
416200 -3139.22140057 424.30275729 0.360802 5.9949 0.877175 0.090346 0.049317
416300 -3130.96862477 439.06755477 0.373357 5.9949 0.877175 0.090346 0.080457
416400 -3143.36843179 441.64961129 0.375552 5.9949 0.877175 0.090346 -0.047754
416500 -3111.66177480 423.52235850 0.360138 5.9915 0.866972 0.092124 0.149592
416600 -3119.26652856 416.75611089 0.354384 5.9915 0.866972 0.092124 0.050468
416700 -3135.60546875 433.79556567 0.368874 5.9915 0.866972 0.092124 -0.000989
416800 -3150.82230295 413.61128874 0.351710 5.9915 0.866972 0.092124 -0.113132
416900 -3138.82536367 412.04615490 0.350379 5.9915 0.866972 0.092124 -0.027311
417000 -3153.91978272 411.62326358 0.350020 5.9949 0.877734 0.086424 -0.080486
417100 -3141.39647180 428.99793684 0.364794 5.9949 0.877734 0.086424 0.035678
417200 -3150.47918181 412.75881966 0.350985 5.9949 0.877734 0.086424 -0.038453
417300 -3153.99091384 413.03849441 0.351223 5.9949 0.877734 0.086424 -0.041665
417400 -3158.08883520 410.48549105 0.349052 5.9949 0.877734 0.086424 -0.058345
417500 -3133.24090341 397.90089521 0.338351 5.9949 0.872303 0.088345 0.087883
417600 -3145.59738938 419.65683702 0.356851 5.9949 0.872303 0.088345 0.031831
417700 -3141.62663686 433.69316461 0.368787 5.9949 0.872303 0.088345 0.038474
417800 -3143.60063740 417.42817472 0.354956 5.9949 0.872303 0.088345 0.022342
417900 -3146.19698950 422.98504203 0.359681 5.9949 0.872303 0.088345 0.018697
418000 -3141.47672056 410.94334316 0.349442 5.9915 0.873017 0.088480 0.001151
418100 -3145.17544433 420.21946508 0.357329 5.9915 0.873017 0.088480 0.003228
418200 -3141.59230508 408.49876371 0.347363 5.9915 0.873017 0.088480 0.016562
418300 -3136.12790098 426.70752647 0.362847 5.9915 0.873017 0.088480 0.082545
418400 -3149.65642182 412.07681768 0.350405 5.9915 0.873017 0.088480 -0.034994
418500 -3134.79565245 426.42848761 0.362609 5.9932 0.868331 0.088181 0.064886
418600 -3127.43517772 421.08172992 0.358063 5.9932 0.868331 0.088181 0.116247
418700 -3132.77379031 421.83892165 0.358707 5.9932 0.868331 0.088181 0.039283
418800 -3138.88250329 424.04183863 0.360580 5.9932 0.868331 0.088181 0.034467
418900 -3138.55745441 427.40247549 0.363437 5.9932 0.868331 0.088181 0.003740
419000 -3156.93472709 404.03882386 0.343570 5.9949 0.881816 0.084672 -0.111716
419100 -3132.84707980 412.22583446 0.350532 5.9949 0.881816 0.084672 0.075055
419200 -3136.27468122 413.79932005 0.351870 5.9949 0.881816 0.084672 0.034819
419300 -3144.50692651 427.68352334 0.363676 5.9949 0.881816 0.084672 -0.001936
419400 -3140.89757442 444.66777502 0.378119 5.9949 0.881816 0.084672 0.034669
419500 -3124.47419897 429.43594662 0.365167 5.9898 0.861168 0.092762 0.108813
419600 -3138.48090626 434.91075159 0.369822 5.9898 0.861168 0.092762 -0.049447
419700 -3115.47383242 421.37451379 0.358312 5.9898 0.861168 0.092762 0.074197
419800 -3113.66790757 432.67568218 0.367921 5.9898 0.861168 0.092762 0.087820
419900 -3118.95263557 443.84026339 0.377415 5.9898 0.861168 0.092762 0.056704
420000 -3109.98617684 415.25399224 0.353107 5.9932 0.871447 0.092036 0.070336
420100 -3115.77210185 417.96557382 0.355413 5.9932 0.871447 0.092036 0.068044
420200 -3124.56397280 423.07571035 0.359758 5.9932 0.871447 0.092036 0.002717
420300 -3127.59982729 426.81876426 0.362941 5.9932 0.871447 0.092036 -0.027325
420400 -3145.30225703 441.77690341 0.375661 5.9932 0.871447 0.092036 -0.148927
420500 -3139.55124800 428.33427241 0.364230 5.9983 0.876972 0.087743 -0.085460
420600 -3137.52584616 424.98802185 0.361384 5.9983 0.876972 0.087743 -0.058428
420700 -3128.34528366 411.09814789 0.349573 5.9983 0.876972 0.087743 0.023768
420800 -3141.69325879 450.90756469 0.383425 5.9983 0.876972 0.087743 -0.053255
420900 -3146.60582907 426.69587389 0.362837 5.9983 0.876972 0.087743 -0.113378
421000 -3131.53572331 428.28013724 0.364184 5.9949 0.869837 0.092575 0.007564
421100 -3135.32031159 408.60317860 0.347452 5.9949 0.869837 0.092575 -0.031221
421200 -3126.97072143 414.40529206 0.352385 5.9949 0.869837 0.092575 0.066686
421300 -3133.70907758 439.35499045 0.373601 5.9949 0.869837 0.092575 0.012916
421400 -3128.77988837 428.14194361 0.364066 5.9949 0.869837 0.092575 0.012484
421500 -3130.96572276 429.22005182 0.364983 5.9881 0.869662 0.089494 0.007667
421600 -3140.26225998 430.91266622 0.366422 5.9881 0.869662 0.089494 -0.077286
421700 -3152.09605918 429.84158923 0.365512 5.9881 0.869662 0.089494 -0.141580
421800 -3158.46371926 406.80994275 0.345927 5.9881 0.869662 0.089494 -0.178481
421900 -3144.78478518 394.00469502 0.335038 5.9881 0.869662 0.089494 -0.025042
422000 -3143.26278518 404.36448788 0.343847 5.9881 0.866455 0.091359 0.000497
422100 -3154.15899824 432.80707914 0.368033 5.9881 0.866455 0.091359 -0.060928
422200 -3153.31751695 430.08753138 0.365721 5.9881 0.866455 0.091359 -0.069486
422300 -3158.68671419 418.18241994 0.355597 5.9881 0.866455 0.091359 -0.083019
422400 -3140.60406440 424.11696114 0.360644 5.9881 0.866455 0.091359 0.061676
422500 -3148.32272550 421.99985900 0.358843 5.9983 0.878196 0.086048 -0.031428
422600 -3140.84595350 407.59971212 0.346598 5.9983 0.878196 0.086048 0.022166
422700 -3128.36926090 429.76741400 0.365448 5.9983 0.878196 0.086048 0.105452
422800 -3147.04157236 429.24138867 0.365001 5.9983 0.878196 0.086048 -0.057016
422900 -3136.67264599 433.59251580 0.368701 5.9983 0.878196 0.086048 0.002693
423000 -3144.82918418 430.46705493 0.366043 5.9966 0.865795 0.088034 -0.064990
423100 -3132.93883795 416.73444555 0.354366 5.9966 0.865795 0.088034 0.018993
423200 -3149.22881964 416.86342592 0.354476 5.9966 0.865795 0.088034 -0.088066
423300 -3135.02483962 409.71429152 0.348397 5.9966 0.865795 0.088034 0.049505
423400 -3141.36626657 413.59517661 0.351697 5.9966 0.865795 0.088034 -0.011420
423500 -3150.64659280 451.75454027 0.384145 5.9966 0.879113 0.087293 -0.046850
423600 -3139.30000219 431.49216707 0.366915 5.9966 0.879113 0.087293 -0.003788
423700 -3113.38155090 407.09123567 0.346166 5.9966 0.879113 0.087293 0.128832
423800 -3142.62049322 416.89251342 0.354500 5.9966 0.879113 0.087293 -0.018430
423900 -3151.20318857 434.71732567 0.369658 5.9966 0.879113 0.087293 -0.090358
424000 -3137.27307142 428.12243059 0.364050 5.9932 0.870630 0.090223 0.002809
424100 -3131.04024899 430.01029061 0.365655 5.9932 0.870630 0.090223 0.019114
424200 -3137.23695720 418.85466367 0.356169 5.9932 0.870630 0.090223 -0.031266
424300 -3126.82059170 431.54273915 0.366958 5.9932 0.870630 0.090223 0.046732
424400 -3133.05199413 416.19148962 0.353904 5.9932 0.870630 0.090223 0.000106
424500 -3132.81618071 417.96337159 0.355411 5.9881 0.872181 0.093166 0.004846
424600 -3137.78645399 424.21236676 0.360725 5.9881 0.872181 0.093166 -0.027997
424700 -3122.85199969 438.21246772 0.372630 5.9881 0.872181 0.093166 0.084439
424800 -3119.93360801 422.38755584 0.359173 5.9881 0.872181 0.093166 0.035410
424900 -3129.96320965 437.62735902 0.372132 5.9881 0.872181 0.093166 -0.034064
425000 -3119.43815729 433.69095163 0.368785 5.9915 0.856769 0.091799 -0.001093
425100 -3114.35664066 423.10037819 0.359779 5.9915 0.856769 0.091799 0.041997
425200 -3124.71552471 432.78171533 0.368012 5.9915 0.856769 0.091799 -0.037070
425300 -3110.15153170 438.18109226 0.372603 5.9915 0.856769 0.091799 0.060606
425400 -3092.09113074 431.36721227 0.366809 5.9915 0.856769 0.091799 0.184699
425500 -3100.91559647 424.49977583 0.360969 5.9813 0.865747 0.094034 0.098087
425600 -3124.96060227 426.46305749 0.362639 5.9813 0.865747 0.094034 -0.099914
425700 -3130.56366469 410.30802100 0.348901 5.9813 0.865747 0.094034 -0.100990
425800 -3122.19988165 409.44932880 0.348171 5.9813 0.865747 0.094034 -0.001592
425900 -3123.12591069 414.44927660 0.352423 5.9813 0.865747 0.094034 0.001975
426000 -3124.90884983 412.51562241 0.350779 5.9983 0.870997 0.089074 0.003974
426100 -3136.63008676 400.69515096 0.340727 5.9983 0.870997 0.089074 -0.027036
426200 -3146.11994285 413.34029633 0.351480 5.9983 0.870997 0.089074 -0.065789
426300 -3145.09882215 386.60546578 0.328746 5.9983 0.870997 0.089074 -0.037798
426400 -3156.06146891 406.13473211 0.345353 5.9983 0.870997 0.089074 -0.071954
426500 -3148.16705765 421.48433949 0.358405 5.9915 0.869213 0.088955 0.029170
426600 -3140.37780577 418.21737566 0.355627 5.9915 0.869213 0.088955 0.006664
426700 -3145.57420471 423.18308722 0.359850 5.9915 0.869213 0.088955 0.003968
426800 -3133.35884241 434.08057118 0.369116 5.9915 0.869213 0.088955 0.049819
426900 -3145.66995424 415.00520636 0.352896 5.9915 0.869213 0.088955 -0.025319
427000 -3140.94753529 404.64995432 0.344090 5.9932 0.878062 0.089872 0.020984
427100 -3153.49713747 418.91004201 0.356216 5.9932 0.878062 0.089872 -0.047922
427200 -3144.42942617 415.88482959 0.353644 5.9932 0.878062 0.089872 0.034426
427300 -3137.03696156 439.01023724 0.373308 5.9932 0.878062 0.089872 0.076290
427400 -3150.07978452 421.16158589 0.358131 5.9932 0.878062 0.089872 -0.042656
427500 -3158.52571114 419.69297214 0.356882 5.9881 0.879977 0.087378 -0.074296
427600 -3148.38768882 403.83229196 0.343395 5.9881 0.879977 0.087378 -0.019941
427700 -3146.19966425 425.59247442 0.361898 5.9881 0.879977 0.087378 0.008491
427800 -3154.91448547 426.76040144 0.362891 5.9881 0.879977 0.087378 -0.080879
427900 -3142.64778968 427.97623492 0.363925 5.9881 0.879977 0.087378 0.019609
428000 -3144.89957563 416.04870970 0.353783 5.9966 0.874854 0.087131 -0.023936
428100 -3140.41275218 428.94902143 0.364753 5.9966 0.874854 0.087131 0.040824
428200 -3128.85840789 418.89396518 0.356202 5.9966 0.874854 0.087131 0.081896
428300 -3136.13122977 436.83872337 0.371461 5.9966 0.874854 0.087131 0.011404
428400 -3142.07404136 441.45150498 0.375384 5.9966 0.874854 0.087131 -0.018381
428500 -3147.34055718 418.75854962 0.356087 5.9983 0.879467 0.086581 -0.089090
428600 -3145.23010412 418.24567051 0.355651 5.9983 0.879467 0.086581 -0.042261
428700 -3139.08860650 421.96456654 0.358813 5.9983 0.879467 0.086581 -0.019525
428800 -3136.13352424 402.24139213 0.342042 5.9983 0.879467 0.086581 -0.007893
428900 -3141.04034509 399.04809636 0.339327 5.9983 0.879467 0.086581 -0.010705
429000 -3130.72248925 395.77657097 0.336545 5.9949 0.876844 0.088969 0.108580
429100 -3161.17611950 420.30259848 0.357400 5.9949 0.876844 0.088969 -0.109225
429200 -3139.58391240 419.84367380 0.357010 5.9949 0.876844 0.088969 0.060329
429300 -3135.25483497 438.16317043 0.372588 5.9949 0.876844 0.088969 0.086340
429400 -3148.47657619 400.16097299 0.340273 5.9949 0.876844 0.088969 -0.042890
429500 -3142.46010996 430.25768644 0.365865 5.9932 0.873539 0.087388 0.041911
429600 -3145.53484732 417.72247429 0.355206 5.9932 0.873539 0.087388 -0.017063
429700 -3142.97882736 418.62833037 0.355976 5.9932 0.873539 0.087388 -0.010315
429800 -3144.81896179 431.04935224 0.366539 5.9932 0.873539 0.087388 0.001227
429900 -3124.06181337 409.97668043 0.348620 5.9932 0.873539 0.087388 0.083905
430000 -3128.01538767 422.35499879 0.359145 5.9949 0.872272 0.089429 0.079458
430100 -3139.44997722 439.71062521 0.373904 5.9949 0.872272 0.089429 -0.016857
430200 -3133.18154000 426.80687405 0.362931 5.9949 0.872272 0.089429 0.032033
430300 -3143.75050051 418.66006613 0.356003 5.9949 0.872272 0.089429 -0.070174
430400 -3151.23387920 450.85262736 0.383378 5.9949 0.872272 0.089429 -0.067358
430500 -3139.63727162 426.03513951 0.362275 5.9966 0.877882 0.090216 -0.013363
430600 -3146.88105722 432.09735032 0.367430 5.9966 0.877882 0.090216 -0.097021
430700 -3147.82279138 425.81631936 0.362089 5.9966 0.877882 0.090216 -0.063957
430800 -3134.19299071 411.21493293 0.349673 5.9966 0.877882 0.090216 0.018474
430900 -3122.77029672 410.43982408 0.349013 5.9966 0.877882 0.090216 0.073002
431000 -3140.90629995 428.16325918 0.364084 5.9966 0.872848 0.088273 -0.038965
431100 -3144.63920168 424.15313902 0.360674 5.9966 0.872848 0.088273 -0.081841
431200 -3132.05827520 413.84783211 0.351911 5.9966 0.872848 0.088273 0.050343
431300 -3138.58787906 427.68765128 0.363680 5.9966 0.872848 0.088273 -0.033902
431400 -3130.60634976 407.79511500 0.346765 5.9966 0.872848 0.088273 0.045640
431500 -3142.13731537 433.62944857 0.368733 5.9932 0.882172 0.088709 -0.012856
431600 -3139.32406329 419.53455874 0.356747 5.9932 0.882172 0.088709 0.007176
431700 -3131.74453014 436.59271685 0.371252 5.9932 0.882172 0.088709 -0.003144
431800 -3121.81444631 409.05805291 0.347838 5.9932 0.882172 0.088709 0.045907
431900 -3159.60277226 431.93508276 0.367292 5.9932 0.882172 0.088709 -0.138681
432000 -3139.20236108 430.47622407 0.366051 5.9983 0.874487 0.088572 -0.027348
432100 -3140.32309400 414.81708618 0.352736 5.9983 0.874487 0.088572 -0.024635
432200 -3138.83855528 435.70388137 0.370496 5.9983 0.874487 0.088572 -0.011056
432300 -3136.72777417 408.94876111 0.347746 5.9983 0.874487 0.088572 -0.020977
432400 -3137.53696233 426.18980507 0.362406 5.9983 0.874487 0.088572 0.002554
432500 -3139.74506548 437.68979612 0.372185 5.9966 0.875877 0.088058 0.015975
432600 -3139.84022462 441.51173828 0.375435 5.9966 0.875877 0.088058 0.007616
432700 -3132.92089836 431.55939497 0.366972 5.9966 0.875877 0.088058 -0.000928
432800 -3140.26344119 449.20945424 0.381981 5.9966 0.875877 0.088058 -0.031519
432900 -3117.64885415 428.93166249 0.364738 5.9966 0.875877 0.088058 0.114276
433000 -3133.80768704 424.76416723 0.361194 5.9949 0.869029 0.089010 -0.033451
433100 -3122.52983476 432.14787408 0.367473 5.9949 0.869029 0.089010 0.032771
433200 -3127.06875032 406.22449097 0.345429 5.9949 0.869029 0.089010 -0.011790
433300 -3154.64723103 421.26613200 0.358220 5.9949 0.869029 0.089010 -0.153384
433400 -3126.29909311 407.87538407 0.346833 5.9949 0.869029 0.089010 0.011695
433500 -3139.31355877 421.56403631 0.358473 5.9966 0.868378 0.088199 -0.044325
433600 -3124.91137920 420.91070879 0.357917 5.9966 0.868378 0.088199 0.071164
433700 -3158.60404467 434.97353391 0.369875 5.9966 0.868378 0.088199 -0.130570
433800 -3129.46207233 408.65818428 0.347498 5.9966 0.868378 0.088199 0.037443
433900 -3138.03171905 424.61682068 0.361069 5.9966 0.868378 0.088199 -0.041187
434000 -3112.26200305 433.06120987 0.368249 5.9898 0.861114 0.092626 0.135031
434100 -3110.14271123 422.18147374 0.358998 5.9898 0.861114 0.092626 0.127365
434200 -3137.60951130 437.96659298 0.372421 5.9898 0.861114 0.092626 -0.062246
434300 -3115.92993282 431.76915183 0.367151 5.9898 0.861114 0.092626 0.051884
434400 -3122.85873248 423.11431634 0.359791 5.9898 0.861114 0.092626 0.008348
434500 -3102.58254355 415.97373123 0.353719 5.9966 0.865925 0.091640 0.104268
434600 -3129.51838063 433.38055027 0.368521 5.9966 0.865925 0.091640 -0.033024
434700 -3104.81977054 408.82730309 0.347642 5.9966 0.865925 0.091640 0.099009
434800 -3085.97293919 412.87657316 0.351086 5.9966 0.865925 0.091640 0.215453
434900 -3113.10150160 432.99981234 0.368197 5.9966 0.865925 0.091640 0.022112
435000 -3121.99075358 433.74820489 0.368834 5.9949 0.869398 0.091585 -0.030921
435100 -3122.10451637 427.83475164 0.363805 5.9949 0.869398 0.091585 -0.014055
435200 -3116.19231717 422.88893333 0.359599 5.9949 0.869398 0.091585 0.007799
435300 -3118.09644205 415.74125300 0.353521 5.9949 0.869398 0.091585 0.010018
435400 -3132.67231244 424.17619881 0.360694 5.9949 0.869398 0.091585 -0.071058
435500 -3127.78891011 425.86407581 0.362129 5.9915 0.869456 0.089889 0.029652
435600 -3122.85926375 433.12896284 0.368307 5.9915 0.869456 0.089889 0.020902
435700 -3120.83573581 434.17778193 0.369199 5.9915 0.869456 0.089889 0.031848
435800 -3101.59766681 445.52974025 0.378852 5.9915 0.869456 0.089889 0.148106
435900 -3104.56379223 424.04256341 0.360580 5.9915 0.869456 0.089889 0.061663
436000 -3106.70229143 416.67070600 0.354312 5.9932 0.861968 0.092203 0.076694
436100 -3105.21162489 446.91100248 0.380026 5.9932 0.861968 0.092203 0.060997
436200 -3126.29907253 431.55398780 0.366968 5.9932 0.861968 0.092203 -0.060275
436300 -3115.99453471 440.85632988 0.374878 5.9932 0.861968 0.092203 -0.006186
436400 -3112.98368509 443.90116394 0.377467 5.9932 0.861968 0.092203 0.014961
436500 -3107.07562340 428.32562100 0.364222 5.9881 0.865989 0.096609 0.003694
436600 -3120.11389871 428.75313385 0.364586 5.9881 0.865989 0.096609 -0.054010
436700 -3120.10425405 421.22428508 0.358184 5.9881 0.865989 0.096609 -0.045181
436800 -3110.36810052 411.96112601 0.350307 5.9881 0.865989 0.096609 -0.005130
436900 -3120.47547604 428.84673690 0.364666 5.9881 0.865989 0.096609 -0.000042
437000 -3138.20858671 426.80186522 0.362927 5.9915 0.873858 0.090323 -0.093914
437100 -3138.94621982 421.38671004 0.358322 5.9915 0.873858 0.090323 -0.090469
437200 -3147.67433790 424.70079201 0.361140 5.9915 0.873858 0.090323 -0.135809
437300 -3131.77768311 425.99255939 0.362239 5.9915 0.873858 0.090323 -0.008513
437400 -3135.45450889 416.63004877 0.354277 5.9915 0.873858 0.090323 -0.030645
437500 -3137.82472235 413.62595019 0.351723 5.9881 0.871042 0.089784 -0.021371
437600 -3140.05505817 413.48070994 0.351599 5.9881 0.871042 0.089784 -0.025019
437700 -3139.81111498 412.83866303 0.351053 5.9881 0.871042 0.089784 -0.000944
437800 -3146.48432267 410.08885240 0.348715 5.9881 0.871042 0.089784 -0.024990
437900 -3137.58899485 423.68163661 0.360274 5.9881 0.871042 0.089784 0.021917
438000 -3140.44733024 415.47040717 0.353291 5.9949 0.879728 0.086367 -0.001240
438100 -3145.39144518 418.68506627 0.356025 5.9949 0.879728 0.086367 -0.027931
438200 -3132.34316881 429.75241964 0.365436 5.9949 0.879728 0.086367 0.059171
438300 -3128.66543132 426.34779643 0.362541 5.9949 0.879728 0.086367 0.090836
438400 -3110.82334315 410.14712274 0.348765 5.9949 0.879728 0.086367 0.159239
438500 -3126.44796761 420.06036903 0.357194 5.9966 0.868680 0.090744 0.016260
438600 -3136.76940850 413.12586075 0.351298 5.9966 0.868680 0.090744 -0.029418
438700 -3155.71366467 431.47028603 0.366897 5.9966 0.868680 0.090744 -0.106563
438800 -3142.86327147 401.79284474 0.341661 5.9966 0.868680 0.090744 -0.025476
438900 -3157.04215975 428.62307864 0.364475 5.9966 0.868680 0.090744 -0.114493
439000 -3143.38998689 437.25978109 0.371820 5.9949 0.879641 0.087856 -0.003333
439100 -3138.66198871 417.98138584 0.355426 5.9949 0.879641 0.087856 -0.002863
439200 -3127.09267203 399.90292366 0.340054 5.9949 0.879641 0.087856 0.097082
439300 -3138.76146121 442.79151638 0.376523 5.9949 0.879641 0.087856 0.036810
439400 -3124.60125236 421.76890792 0.358647 5.9949 0.879641 0.087856 0.079472
439500 -3125.82624627 425.22410636 0.361585 5.9983 0.871998 0.090326 0.043827
439600 -3119.66756883 422.35153946 0.359142 5.9983 0.871998 0.090326 0.081323
439700 -3119.68519336 408.37370704 0.347257 5.9983 0.871998 0.090326 0.068962
439800 -3149.72008830 417.87747833 0.355338 5.9983 0.871998 0.090326 -0.105110
439900 -3131.93132730 418.32053922 0.355715 5.9983 0.871998 0.090326 0.012847
440000 -3129.07627532 413.64952516 0.351743 5.9932 0.879233 0.089197 0.043778
440100 -3126.93241607 421.53131300 0.358445 5.9932 0.879233 0.089197 0.038080
440200 -3140.86979536 431.11983787 0.366599 5.9932 0.879233 0.089197 -0.055643
440300 -3127.28610823 418.53459418 0.355897 5.9932 0.879233 0.089197 0.014878
440400 -3142.60516402 429.43701276 0.365168 5.9932 0.879233 0.089197 -0.049009
440500 -3138.36283710 431.22682363 0.366689 5.9966 0.879348 0.089613 -0.048071
440600 -3126.78117219 427.45169838 0.363479 5.9966 0.879348 0.089613 0.024181
440700 -3129.79515939 420.81058332 0.357832 5.9966 0.879348 0.089613 0.004464
440800 -3142.98907718 434.99144069 0.369891 5.9966 0.879348 0.089613 -0.066590
440900 -3141.53555831 419.52938701 0.356743 5.9966 0.879348 0.089613 -0.066971
441000 -3139.61197992 410.12014142 0.348742 5.9915 0.874864 0.090810 -0.010323
441100 -3158.90159557 427.25424312 0.363311 5.9915 0.874864 0.090810 -0.125990
441200 -3145.76927685 430.03254735 0.365674 5.9915 0.874864 0.090810 -0.047870
441300 -3120.67095728 423.27965700 0.359932 5.9915 0.874864 0.090810 0.118093
441400 -3113.66705660 415.32864768 0.353171 5.9915 0.874864 0.090810 0.144479
441500 -3112.64762050 412.05837673 0.350390 5.9932 0.862217 0.091189 0.152771
441600 -3125.38781764 422.06344023 0.358897 5.9932 0.862217 0.091189 0.018933
441700 -3128.72343294 425.60270907 0.361907 5.9932 0.862217 0.091189 0.046803
441800 -3131.20581456 437.50651946 0.372029 5.9932 0.862217 0.091189 -0.005991
441900 -3125.36462453 395.06436306 0.335939 5.9932 0.862217 0.091189 0.033694
442000 -3146.05800652 438.50440003 0.372878 5.9881 0.872808 0.089269 -0.050579
442100 -3118.08919557 454.48195916 0.386464 5.9881 0.872808 0.089269 0.100976
442200 -3100.36790675 445.14021832 0.378521 5.9881 0.872808 0.089269 0.134068
442300 -3132.25623652 428.28715135 0.364190 5.9881 0.872808 0.089269 -0.099430
442400 -3133.39288540 414.67594891 0.352616 5.9881 0.872808 0.089269 -0.099389
442500 -3138.50087428 412.77096627 0.350996 5.9983 0.877053 0.089453 -0.114813
442600 -3123.18992531 405.26942146 0.344617 5.9983 0.877053 0.089453 0.038084
442700 -3128.31208998 421.00974414 0.358001 5.9983 0.877053 0.089453 0.013763
442800 -3142.15624570 415.49900775 0.353315 5.9983 0.877053 0.089453 -0.052181
442900 -3142.89323348 414.28891318 0.352286 5.9983 0.877053 0.089453 -0.009276
443000 -3147.63453421 414.69428002 0.352631 5.9949 0.872846 0.087686 -0.031599
443100 -3152.54057940 432.25763932 0.367566 5.9949 0.872846 0.087686 -0.037368
443200 -3153.94677850 451.09184885 0.383582 5.9949 0.872846 0.087686 -0.063012
443300 -3144.93061555 434.00921309 0.369055 5.9949 0.872846 0.087686 -0.025407
443400 -3151.30696244 418.54791788 0.355908 5.9949 0.872846 0.087686 -0.076546
443500 -3147.92049276 404.54694901 0.344003 5.9932 0.881258 0.090057 -0.048084
443600 -3143.63429424 436.08766793 0.370823 5.9932 0.881258 0.090057 0.030816
443700 -3117.22336531 418.37825529 0.355764 5.9932 0.881258 0.090057 0.142487
443800 -3141.90136648 426.35560822 0.362547 5.9932 0.881258 0.090057 -0.026995
443900 -3144.42677684 438.88842717 0.373204 5.9932 0.881258 0.090057 -0.049829
444000 -3149.96628548 444.42430701 0.377912 5.9983 0.881655 0.086650 -0.078035
444100 -3129.99375951 420.96122092 0.357960 5.9983 0.881655 0.086650 0.025080
444200 -3126.32666811 417.28152066 0.354831 5.9983 0.881655 0.086650 0.049520
444300 -3139.03106479 434.44650147 0.369427 5.9983 0.881655 0.086650 -0.034336
444400 -3143.40978357 450.91496023 0.383431 5.9983 0.881655 0.086650 -0.069724
444500 -3110.21515884 417.39940495 0.354931 5.9983 0.868356 0.090306 0.122973
444600 -3131.31541860 448.12405325 0.381058 5.9983 0.868356 0.090306 -0.014170
444700 -3114.25242715 431.78328981 0.367163 5.9983 0.868356 0.090306 0.069705
444800 -3137.30411364 427.75470884 0.363737 5.9983 0.868356 0.090306 -0.097021
444900 -3128.30938746 419.46804777 0.356691 5.9983 0.868356 0.090306 0.002222
445000 -3141.50146505 430.12125376 0.365749 5.9966 0.878241 0.086869 -0.052697
445100 -3130.19312412 436.94396623 0.371551 5.9966 0.878241 0.086869 0.013152
445200 -3116.97152020 432.10458245 0.367436 5.9966 0.878241 0.086869 0.075324
445300 -3134.46743215 424.32600274 0.360821 5.9966 0.878241 0.086869 -0.048003
445400 -3126.72241989 420.78921463 0.357814 5.9966 0.878241 0.086869 0.029207
445500 -3118.70494377 424.04680027 0.360584 5.9949 0.864521 0.092019 0.058660
445600 -3117.41219381 422.54129678 0.359304 5.9949 0.864521 0.092019 0.062342
445700 -3110.39044490 421.49038523 0.358410 5.9949 0.864521 0.092019 0.099747
445800 -3129.20436990 415.04690456 0.352931 5.9949 0.864521 0.092019 -0.034049
445900 -3129.74789814 409.27613431 0.348024 5.9949 0.864521 0.092019 -0.012594
446000 -3148.28130229 429.84833141 0.365517 5.9932 0.871670 0.086388 -0.103487
446100 -3147.95004897 438.27271496 0.372681 5.9932 0.871670 0.086388 -0.099835
446200 -3145.36938710 421.45908982 0.358384 5.9932 0.871670 0.086388 -0.046661
446300 -3141.96689071 427.14028578 0.363215 5.9932 0.871670 0.086388 -0.028381
446400 -3147.67407336 418.12163626 0.355546 5.9932 0.871670 0.086388 -0.040251
446500 -3133.20897930 427.02364375 0.363115 5.9949 0.879902 0.088320 0.038444
446600 -3148.36524000 436.09691379 0.370831 5.9949 0.879902 0.088320 -0.048178
446700 -3142.31072101 431.02616068 0.366519 5.9949 0.879902 0.088320 -0.013434
446800 -3126.24379171 439.84115582 0.374015 5.9949 0.879902 0.088320 0.066199
446900 -3127.12510557 436.26308897 0.370972 5.9949 0.879902 0.088320 0.036545
447000 -3134.73191171 439.79861432 0.373978 5.9966 0.873795 0.090377 -0.003231
447100 -3137.45314252 433.70399911 0.368796 5.9966 0.873795 0.090377 -0.077019
447200 -3125.23367606 414.85181846 0.352765 5.9966 0.873795 0.090377 0.025983
447300 -3140.46935136 431.82194632 0.367196 5.9966 0.873795 0.090377 -0.047426
447400 -3127.71178436 419.84619368 0.357012 5.9966 0.873795 0.090377 0.019651
447500 -3139.55643861 438.22051710 0.372636 5.9932 0.869001 0.089236 -0.031840
447600 -3127.25367480 418.42296506 0.355802 5.9932 0.869001 0.089236 0.032908
447700 -3151.98437300 435.99846542 0.370747 5.9932 0.869001 0.089236 -0.106742
447800 -3152.04472966 425.52528951 0.361841 5.9932 0.869001 0.089236 -0.100191
447900 -3138.28511377 408.49764919 0.347362 5.9932 0.869001 0.089236 0.018193
448000 -3160.73443392 419.75438782 0.356934 5.9949 0.877861 0.087617 -0.129553
448100 -3134.69520285 417.90774955 0.355364 5.9949 0.877861 0.087617 0.045791
448200 -3142.16102837 413.77793480 0.351852 5.9949 0.877861 0.087617 0.000584
448300 -3124.82534167 419.99536546 0.357139 5.9949 0.877861 0.087617 0.108857
448400 -3152.47021957 419.64695877 0.356843 5.9949 0.877861 0.087617 -0.103396
448500 -3136.02266864 414.37687660 0.352361 5.9949 0.872709 0.089133 0.006252
448600 -3145.62682259 432.02439809 0.367368 5.9949 0.872709 0.089133 -0.045704
448700 -3165.95503221 435.58647152 0.370397 5.9949 0.872709 0.089133 -0.151847
448800 -3155.96320399 418.47213418 0.355844 5.9949 0.872709 0.089133 -0.070056
448900 -3139.10024589 403.25804673 0.342907 5.9949 0.872709 0.089133 0.033255
449000 -3155.67251571 408.06819534 0.346997 5.9932 0.884554 0.088705 -0.060601
449100 -3145.76772564 408.87654682 0.347684 5.9932 0.884554 0.088705 0.009603
449200 -3156.76375159 435.10359239 0.369986 5.9932 0.884554 0.088705 -0.015606
449300 -3139.49511552 424.36006821 0.360850 5.9932 0.884554 0.088705 0.046117
449400 -3138.93615685 409.37891491 0.348111 5.9932 0.884554 0.088705 0.062203
449500 -3129.35430096 414.32371997 0.352316 5.9915 0.876199 0.094284 0.085283
449600 -3137.78322967 424.35305605 0.360844 5.9915 0.876199 0.094284 -0.004805
449700 -3137.42606726 421.06627037 0.358050 5.9915 0.876199 0.094284 0.002803
449800 -3134.42466129 420.13601014 0.357259 5.9915 0.876199 0.094284 0.021192
449900 -3132.13682796 434.14956886 0.369175 5.9915 0.876199 0.094284 0.034633
450000 -3124.50674207 418.70664235 0.356043 5.9966 0.869016 0.091535 0.046138
450100 -3108.20619719 427.24554023 0.363304 5.9966 0.869016 0.091535 0.160236
450200 -3145.88817689 442.64248011 0.376397 5.9966 0.869016 0.091535 -0.134623
450300 -3136.37567347 413.78322217 0.351856 5.9966 0.869016 0.091535 -0.039845
450400 -3146.40406310 420.52790432 0.357592 5.9966 0.869016 0.091535 -0.086706
450500 -3127.77450371 407.38980784 0.346420 5.9915 0.876944 0.089309 0.036157
450600 -3145.05403078 408.25466341 0.347155 5.9915 0.876944 0.089309 -0.057864
450700 -3134.17415132 400.17442876 0.340284 5.9915 0.876944 0.089309 0.045596
450800 -3132.74278018 433.16004380 0.368333 5.9915 0.876944 0.089309 0.060201
450900 -3147.70083647 432.72651213 0.367965 5.9915 0.876944 0.089309 -0.079209
451000 -3131.95108248 434.42786428 0.369411 5.9881 0.869672 0.090700 0.010067
451100 -3136.11288078 446.69377050 0.379842 5.9881 0.869672 0.090700 0.021609
451200 -3123.97708010 435.61781150 0.370423 5.9881 0.869672 0.090700 0.029691
451300 -3127.08716923 425.10795250 0.361486 5.9881 0.869672 0.090700 0.037279
451400 -3132.32420612 427.97523398 0.363925 5.9881 0.869672 0.090700 0.006447
451500 -3134.36173891 427.66008467 0.363657 5.9932 0.869852 0.089193 -0.067387
451600 -3152.42881692 438.37580340 0.372769 5.9932 0.869852 0.089193 -0.134678
451700 -3119.46184176 418.85295989 0.356167 5.9932 0.869852 0.089193 0.049099
451800 -3147.49067606 428.80992541 0.364634 5.9932 0.869852 0.089193 -0.073761
451900 -3126.14410442 434.75614263 0.369691 5.9932 0.869852 0.089193 0.059356
452000 -3120.03938244 403.43663183 0.343058 5.9898 0.869025 0.092156 0.060095
452100 -3144.24896664 425.02619375 0.361417 5.9898 0.869025 0.092156 -0.104890
452200 -3136.33498310 432.56031350 0.367823 5.9898 0.869025 0.092156 0.010746
452300 -3137.49784467 433.10244650 0.368284 5.9898 0.869025 0.092156 -0.017950
452400 -3129.91681992 437.97904984 0.372431 5.9898 0.869025 0.092156 0.011789
452500 -3128.79373286 442.71535563 0.376459 5.9898 0.878476 0.089332 0.022212
452600 -3122.75434242 430.96012614 0.366463 5.9898 0.878476 0.089332 0.031534
452700 -3106.84442985 425.92988665 0.362185 5.9898 0.878476 0.089332 0.142324
452800 -3121.83076066 433.58592711 0.368696 5.9898 0.878476 0.089332 -0.001384
452900 -3127.22691289 439.18417782 0.373456 5.9898 0.878476 0.089332 -0.044399
453000 -3142.23119247 443.03360902 0.376729 5.9949 0.882331 0.087116 -0.154034
453100 -3103.63166643 389.33680910 0.331069 5.9949 0.882331 0.087116 0.081068
453200 -3139.05895436 421.65335943 0.358549 5.9949 0.882331 0.087116 -0.095951
453300 -3134.45487089 422.25070491 0.359057 5.9949 0.882331 0.087116 -0.033521
453400 -3122.30339963 435.27372596 0.370131 5.9949 0.882331 0.087116 0.058256
453500 -3104.34551243 434.32568029 0.369325 5.9966 0.861990 0.094053 0.127088
453600 -3117.13471356 425.77562469 0.362054 5.9966 0.861990 0.094053 0.036739
453700 -3114.53194635 426.11841551 0.362346 5.9966 0.861990 0.094053 0.033654
453800 -3132.17271903 430.56873463 0.366130 5.9966 0.861990 0.094053 -0.116590
453900 -3106.34923276 449.83031019 0.382509 5.9966 0.861990 0.094053 0.055994
454000 -3124.70046456 432.41351770 0.367699 5.9915 0.866134 0.091128 -0.043887
454100 -3124.37001162 433.52273978 0.368642 5.9915 0.866134 0.091128 -0.050021
454200 -3115.06817741 424.01779564 0.360559 5.9915 0.866134 0.091128 0.019543
454300 -3119.50702462 442.50000906 0.376276 5.9915 0.866134 0.091128 -0.018414
454400 -3118.59162424 438.97092010 0.373275 5.9915 0.866134 0.091128 0.005051
454500 -3109.23242389 418.33995119 0.355731 5.9932 0.869620 0.091991 0.058835
454600 -3119.80353920 418.14816834 0.355568 5.9932 0.869620 0.091991 -0.021404
454700 -3121.54436468 421.44987957 0.358376 5.9932 0.869620 0.091991 0.002278
454800 -3125.22326772 416.07221594 0.353803 5.9932 0.869620 0.091991 -0.009324
454900 -3124.30318312 428.34589231 0.364240 5.9932 0.869620 0.091991 0.018866
455000 -3131.35654577 414.29682464 0.352293 5.9966 0.873662 0.090220 -0.023619
455100 -3135.06768308 426.17024615 0.362390 5.9966 0.873662 0.090220 -0.032732
455200 -3136.70629042 431.07001807 0.366556 5.9966 0.873662 0.090220 -0.032618
455300 -3134.30659653 410.73687767 0.349266 5.9966 0.873662 0.090220 -0.042464
455400 -3156.05035858 424.10177541 0.360631 5.9966 0.873662 0.090220 -0.148078
455500 -3131.88845131 425.18668946 0.361553 5.9915 0.875678 0.090422 0.030579
455600 -3123.17764612 423.90070334 0.360460 5.9915 0.875678 0.090422 0.111733
455700 -3134.65595815 437.36004723 0.371905 5.9915 0.875678 0.090422 -0.014812
455800 -3132.28879161 425.42711322 0.361758 5.9915 0.875678 0.090422 -0.028410
455900 -3127.03116518 421.94615659 0.358798 5.9915 0.875678 0.090422 0.031583
456000 -3130.70418265 423.74173420 0.360325 5.9932 0.873963 0.089646 0.016317
456100 -3134.47843232 402.64402423 0.342384 5.9932 0.873963 0.089646 -0.046043
456200 -3123.59171628 397.52766502 0.338034 5.9932 0.873963 0.089646 0.074625
456300 -3145.07824866 415.38791794 0.353221 5.9932 0.873963 0.089646 -0.058008
456400 -3133.01338832 403.83913210 0.343401 5.9932 0.873963 0.089646 0.048763
456500 -3138.68781219 412.52678318 0.350788 5.9847 0.874992 0.093627 0.032248
456600 -3157.00277310 447.11616073 0.380201 5.9847 0.874992 0.093627 -0.115545
456700 -3121.30990468 415.04973680 0.352933 5.9847 0.874992 0.093627 0.103746
456800 -3126.25566220 425.12482721 0.361501 5.9847 0.874992 0.093627 0.062081
456900 -3134.56890425 430.44468865 0.366024 5.9847 0.874992 0.093627 -0.019689
457000 -3111.96218021 436.64098642 0.371293 5.9915 0.863874 0.091154 0.115847
457100 -3137.00406701 446.28144031 0.379491 5.9915 0.863874 0.091154 -0.050284
457200 -3126.81696207 413.68422572 0.351772 5.9915 0.863874 0.091154 -0.011539
457300 -3119.59800189 415.99768078 0.353740 5.9915 0.863874 0.091154 0.072497
457400 -3124.55553588 413.47970056 0.351598 5.9915 0.863874 0.091154 0.020298
457500 -3135.74736747 398.32715220 0.338714 5.9898 0.867066 0.090246 -0.034689
457600 -3141.23044805 432.70563715 0.367947 5.9898 0.867066 0.090246 -0.045519
457700 -3133.56349885 439.31914215 0.373571 5.9898 0.867066 0.090246 -0.014522
457800 -3132.30836906 431.46422019 0.366891 5.9898 0.867066 0.090246 -0.006111
457900 -3153.44209556 423.98313323 0.360530 5.9898 0.867066 0.090246 -0.132376
458000 -3145.34873125 404.50763037 0.343969 5.9983 0.870478 0.089402 -0.062886
458100 -3145.95491622 423.65503509 0.360251 5.9983 0.870478 0.089402 -0.022386
458200 -3128.19288883 424.35751139 0.360848 5.9983 0.870478 0.089402 0.086417
458300 -3141.46324927 426.33184265 0.362527 5.9983 0.870478 0.089402 -0.010899
458400 -3154.05329238 433.21616773 0.368381 5.9983 0.870478 0.089402 -0.074490
458500 -3134.58710520 412.71039383 0.350944 5.9898 0.861897 0.091780 0.025395
458600 -3144.31556497 404.14967480 0.343665 5.9898 0.861897 0.091780 -0.070348
458700 -3142.70701143 408.01198162 0.346949 5.9898 0.861897 0.091780 -0.045847
458800 -3143.87159208 412.92699891 0.351128 5.9898 0.861897 0.091780 -0.013499
458900 -3153.48367925 414.41663243 0.352395 5.9898 0.861897 0.091780 -0.053294
459000 -3127.88172919 404.73350029 0.344161 5.9898 0.868714 0.089885 0.111560
459100 -3132.14494410 397.88146528 0.338335 5.9898 0.868714 0.089885 0.089482
459200 -3148.91290976 411.09220235 0.349568 5.9898 0.868714 0.089885 -0.003753
459300 -3152.29361568 421.53210252 0.358446 5.9898 0.868714 0.089885 0.013269
459400 -3136.08202271 406.02821680 0.345262 5.9898 0.868714 0.089885 0.066582
459500 -3141.63849326 415.84206480 0.353607 5.9898 0.874212 0.092411 0.033043
459600 -3134.41840344 406.59118005 0.345741 5.9898 0.874212 0.092411 0.050515
459700 -3142.17107221 422.20163403 0.359015 5.9898 0.874212 0.092411 0.006667
459800 -3142.92765798 414.33325332 0.352324 5.9898 0.874212 0.092411 0.005508
459900 -3148.49959189 419.02793826 0.356316 5.9898 0.874212 0.092411 -0.020327
460000 -3149.13709898 400.24226022 0.340342 5.9932 0.877728 0.088110 -0.021738
460100 -3139.78936198 420.74225360 0.357774 5.9932 0.877728 0.088110 0.054707
460200 -3153.27727261 440.34219269 0.374441 5.9932 0.877728 0.088110 -0.057878
460300 -3139.97075205 419.54150713 0.356753 5.9932 0.877728 0.088110 0.005062
460400 -3130.90300665 415.69206159 0.353480 5.9932 0.877728 0.088110 0.074967
460500 -3135.21821972 418.18221936 0.355597 5.9915 0.872570 0.089669 0.003184
460600 -3130.07120333 411.49111926 0.349907 5.9915 0.872570 0.089669 0.080085
460700 -3156.34811385 413.45561294 0.351578 5.9915 0.872570 0.089669 -0.087298
460800 -3157.04503427 422.98295484 0.359679 5.9915 0.872570 0.089669 -0.078285
460900 -3153.20132383 433.46152582 0.368590 5.9915 0.872570 0.089669 -0.047554
461000 -3129.09635136 407.15708920 0.346222 5.9915 0.870445 0.088983 0.091544
461100 -3147.98401228 432.56119947 0.367824 5.9915 0.870445 0.088983 -0.042860
461200 -3149.86681548 444.40584187 0.377896 5.9915 0.870445 0.088983 -0.036460
461300 -3144.39166894 439.99270041 0.374143 5.9915 0.870445 0.088983 -0.013513
461400 -3148.77429419 432.11602543 0.367446 5.9915 0.870445 0.088983 -0.096967
461500 -3133.67995576 430.19372044 0.365811 5.9949 0.864307 0.089637 0.015123
461600 -3138.43560728 397.93982110 0.338384 5.9949 0.864307 0.089637 -0.012487
461700 -3131.25358985 399.25298592 0.339501 5.9949 0.864307 0.089637 0.069995
461800 -3142.31315795 432.20558523 0.367522 5.9949 0.864307 0.089637 -0.022507
461900 -3127.05478326 433.03358127 0.368226 5.9949 0.864307 0.089637 0.063015
462000 -3139.57491366 424.13247097 0.360657 5.9932 0.872779 0.091561 -0.044732
462100 -3147.14906488 431.67568743 0.367071 5.9932 0.872779 0.091561 -0.083432
462200 -3144.66869192 418.85525925 0.356169 5.9932 0.872779 0.091561 -0.037761
462300 -3135.15195308 418.35642464 0.355745 5.9932 0.872779 0.091561 0.011353
462400 -3144.67509571 423.39027767 0.360026 5.9932 0.872779 0.091561 -0.057881
462500 -3160.50825171 430.80483166 0.366331 5.9983 0.881631 0.086601 -0.121526
462600 -3148.38627109 438.07803748 0.372515 5.9983 0.881631 0.086601 -0.030818
462700 -3137.92197220 435.66197192 0.370461 5.9983 0.881631 0.086601 0.040751
462800 -3146.96885376 431.16605788 0.366638 5.9983 0.881631 0.086601 -0.060019
462900 -3128.05698368 429.35003705 0.365094 5.9983 0.881631 0.086601 0.040560
463000 -3108.68000709 421.57409480 0.358481 5.9932 0.864950 0.092080 0.128272
463100 -3132.47256823 424.86579942 0.361280 5.9932 0.864950 0.092080 -0.006058
463200 -3127.34668720 401.65493334 0.341543 5.9932 0.864950 0.092080 0.025297
463300 -3139.99141501 422.62767114 0.359377 5.9932 0.864950 0.092080 -0.049240
463400 -3140.72985646 439.96992248 0.374124 5.9932 0.864950 0.092080 -0.042369
463500 -3138.94048090 409.41266757 0.348140 5.9932 0.877480 0.088335 -0.052458
463600 -3150.39744089 423.26485209 0.359919 5.9932 0.877480 0.088335 -0.102212
463700 -3135.52214229 433.02949934 0.368222 5.9932 0.877480 0.088335 0.009450
463800 -3137.76638787 423.32947916 0.359974 5.9932 0.877480 0.088335 -0.020100
463900 -3138.27614072 415.92423010 0.353677 5.9932 0.877480 0.088335 -0.020311
464000 -3136.63908980 424.38594918 0.360872 5.9915 0.871182 0.091520 0.016360
464100 -3147.34198257 422.68498791 0.359426 5.9915 0.871182 0.091520 -0.068439
464200 -3154.57101868 425.60561988 0.361910 5.9915 0.871182 0.091520 -0.075157
464300 -3139.86195207 421.49937629 0.358418 5.9915 0.871182 0.091520 0.027716
464400 -3131.25310723 430.82902939 0.366351 5.9915 0.871182 0.091520 0.084226
464500 -3143.20517028 427.12640610 0.363203 5.9932 0.883438 0.085992 -0.045146
464600 -3134.76289276 427.91580364 0.363874 5.9932 0.883438 0.085992 0.037327
464700 -3124.85820808 428.58578792 0.364444 5.9932 0.883438 0.085992 0.060400
464800 -3137.40487193 416.97368031 0.354569 5.9932 0.883438 0.085992 -0.040142
464900 -3122.16047995 414.95109071 0.352850 5.9932 0.883438 0.085992 0.105137
465000 -3147.74303204 418.04202477 0.355478 5.9915 0.882988 0.084012 -0.097165
465100 -3138.89024224 428.87776937 0.364692 5.9915 0.882988 0.084012 -0.014962
465200 -3110.30926958 418.44776965 0.355823 5.9915 0.882988 0.084012 0.168110
465300 -3126.55080414 424.63391960 0.361083 5.9915 0.882988 0.084012 0.046955
465400 -3126.28765395 425.26368571 0.361619 5.9915 0.882988 0.084012 0.023804
465500 -3135.23417512 427.75510132 0.363737 5.9966 0.879608 0.085644 -0.050499
465600 -3135.37595059 451.67310176 0.384076 5.9966 0.879608 0.085644 -0.021218
465700 -3147.75921526 423.16577895 0.359835 5.9966 0.879608 0.085644 -0.132332
465800 -3140.09276929 421.79231971 0.358667 5.9966 0.879608 0.085644 -0.052693
465900 -3133.17321527 417.35667766 0.354895 5.9966 0.879608 0.085644 -0.006154
466000 -3141.88928257 418.66184689 0.356005 5.9983 0.874616 0.087823 -0.080454
466100 -3130.80038572 406.08944463 0.345314 5.9983 0.874616 0.087823 0.059574
466200 -3145.23307829 411.00297910 0.349492 5.9983 0.874616 0.087823 -0.024404
466300 -3137.43939843 410.10168041 0.348726 5.9983 0.874616 0.087823 0.051339
466400 -3124.40749890 414.00239977 0.352043 5.9983 0.874616 0.087823 0.090935
466500 -3144.56556961 413.65850938 0.351750 5.9932 0.875659 0.090173 -0.039547
466600 -3147.96629362 416.77118484 0.354397 5.9932 0.875659 0.090173 -0.020438
466700 -3142.87271267 416.97350179 0.354569 5.9932 0.875659 0.090173 -0.021809
466800 -3147.48897261 411.88002537 0.350238 5.9932 0.875659 0.090173 -0.019755
466900 -3126.64141895 450.25368921 0.382869 5.9932 0.875659 0.090173 0.099856
467000 -3119.52315056 432.76952050 0.368001 5.9949 0.862431 0.093066 0.115132
467100 -3120.88394109 437.56305747 0.372077 5.9949 0.862431 0.093066 0.068494
467200 -3127.57887958 413.77728178 0.351851 5.9949 0.862431 0.093066 -0.013215
467300 -3146.74751483 437.06859632 0.371657 5.9949 0.862431 0.093066 -0.089357
467400 -3125.34120395 428.84693041 0.364666 5.9949 0.862431 0.093066 0.024849
467500 -3125.74368651 431.07735293 0.366562 5.9966 0.875120 0.088715 0.021727
467600 -3122.67610515 425.61021834 0.361913 5.9966 0.875120 0.088715 0.035231
467700 -3127.71991831 410.90624935 0.349410 5.9966 0.875120 0.088715 -0.000290
467800 -3136.17187868 431.60039774 0.367007 5.9966 0.875120 0.088715 -0.018702
467900 -3140.15730417 448.51320310 0.381389 5.9966 0.875120 0.088715 -0.031418
468000 -3104.39846895 412.59975413 0.350850 5.9966 0.865758 0.092852 0.160864
468100 -3129.53470928 435.44218425 0.370274 5.9966 0.865758 0.092852 0.004432
468200 -3131.94583710 425.54726197 0.361860 5.9966 0.865758 0.092852 0.002308
468300 -3134.95115652 423.15911640 0.359829 5.9966 0.865758 0.092852 -0.023509
468400 -3137.61533911 430.13795249 0.365764 5.9966 0.865758 0.092852 -0.007213
468500 -3133.79887444 419.87986164 0.357041 5.9949 0.872680 0.088582 -0.012360
468600 -3141.61909719 414.40493689 0.352385 5.9949 0.872680 0.088582 -0.042867
468700 -3133.26180484 424.16563612 0.360685 5.9949 0.872680 0.088582 0.051633
468800 -3122.87161258 415.19860299 0.353060 5.9949 0.872680 0.088582 0.096399
468900 -3125.86861724 415.17945944 0.353044 5.9949 0.872680 0.088582 0.080088
469000 -3137.59118449 421.05403276 0.358039 5.9949 0.873932 0.088934 -0.023177
469100 -3143.41121466 423.06032903 0.359745 5.9949 0.873932 0.088934 -0.031005
469200 -3121.86458729 428.49480404 0.364366 5.9949 0.873932 0.088934 0.081290
469300 -3116.56784649 430.70374316 0.366245 5.9949 0.873932 0.088934 0.093928
469400 -3107.46929280 423.68963902 0.360280 5.9949 0.873932 0.088934 0.130543
469500 -3110.33296255 419.29195642 0.356541 5.9898 0.865572 0.092526 0.088926
469600 -3132.54697263 428.78795964 0.364616 5.9898 0.865572 0.092526 -0.060147
469700 -3131.79097549 431.45023619 0.366879 5.9898 0.865572 0.092526 -0.010808
469800 -3131.78753005 413.56275362 0.351669 5.9898 0.865572 0.092526 -0.011823
469900 -3120.24480504 417.23728011 0.354794 5.9898 0.865572 0.092526 0.031106
470000 -3130.27820459 413.67172877 0.351762 5.9932 0.871587 0.090991 -0.000968
470100 -3124.91176916 406.10157516 0.345324 5.9932 0.871587 0.090991 0.019429
470200 -3119.75900825 431.40841741 0.366844 5.9932 0.871587 0.090991 0.058996
470300 -3123.48773166 409.03933119 0.347823 5.9932 0.871587 0.090991 -0.007048
470400 -3129.13377517 412.71084755 0.350945 5.9932 0.871587 0.090991 0.006310
470500 -3137.61184079 421.57225611 0.358480 5.9966 0.877668 0.086708 -0.045117
470600 -3136.37021863 428.93492340 0.364741 5.9966 0.877668 0.086708 -0.021264
470700 -3134.75113268 436.12159455 0.370852 5.9966 0.877668 0.086708 -0.036051
470800 -3125.90397156 412.89405871 0.351100 5.9966 0.877668 0.086708 0.043045
470900 -3137.21002776 417.56921597 0.355076 5.9966 0.877668 0.086708 -0.044118
471000 -3130.89363109 429.88707216 0.365550 5.9983 0.870428 0.090691 0.026917
471100 -3151.98143167 424.70330897 0.361142 5.9983 0.870428 0.090691 -0.121990
471200 -3150.51962431 435.11916170 0.369999 5.9983 0.870428 0.090691 -0.098418
471300 -3144.47249772 426.52587823 0.362692 5.9983 0.870428 0.090691 -0.043581
471400 -3135.86314032 438.29987601 0.372704 5.9983 0.870428 0.090691 0.009530
471500 -3153.04472031 438.03012984 0.372475 5.9881 0.873853 0.089263 -0.096701
471600 -3120.19221893 417.10940407 0.354685 5.9881 0.873853 0.089263 0.079340
471700 -3109.87260582 404.58730279 0.344037 5.9881 0.873853 0.089263 0.131248
471800 -3112.44011373 398.10220363 0.338522 5.9881 0.873853 0.089263 0.099162
471900 -3123.84438385 422.77710366 0.359504 5.9881 0.873853 0.089263 0.048404
472000 -3144.45855734 434.49228607 0.369466 5.9881 0.871177 0.089699 -0.073139
472100 -3129.94573454 417.25009084 0.354804 5.9881 0.871177 0.089699 0.009680
472200 -3146.45675795 434.57040342 0.369533 5.9881 0.871177 0.089699 -0.105629
472300 -3141.66296072 432.47908548 0.367754 5.9881 0.871177 0.089699 -0.067742
472400 -3125.97260187 424.64395061 0.361092 5.9881 0.871177 0.089699 0.042626
472500 -3145.98380325 418.45750500 0.355831 5.9915 0.873796 0.087396 -0.094221
472600 -3132.20599288 435.30984114 0.370161 5.9915 0.873796 0.087396 0.032576
472700 -3135.34627286 436.37418163 0.371066 5.9915 0.873796 0.087396 0.002000
472800 -3122.58540774 417.92278507 0.355377 5.9915 0.873796 0.087396 0.012846
472900 -3127.76613983 430.22687955 0.365839 5.9915 0.873796 0.087396 -0.005640
473000 -3136.74515890 424.73486524 0.361169 5.9932 0.875546 0.089698 -0.049735
473100 -3141.03310901 423.80267867 0.360376 5.9932 0.875546 0.089698 -0.060311
473200 -3143.49385224 400.54495652 0.340599 5.9932 0.875546 0.089698 -0.062653
473300 -3138.73043224 415.75210929 0.353531 5.9932 0.875546 0.089698 -0.003940
473400 -3144.16568773 414.77620430 0.352701 5.9932 0.875546 0.089698 -0.053911
473500 -3152.54246743 409.47225866 0.348191 5.9966 0.876990 0.088972 -0.083621
473600 -3151.19127592 416.06205287 0.353794 5.9966 0.876990 0.088972 -0.032212
473700 -3140.41555684 432.43778876 0.367719 5.9966 0.876990 0.088972 0.018517
473800 -3133.63256012 427.80539981 0.363780 5.9966 0.876990 0.088972 0.047137
473900 -3137.43251977 434.53814270 0.369505 5.9966 0.876990 0.088972 0.000753
474000 -3119.27849036 414.14226642 0.352162 5.9966 0.867889 0.091118 0.077371
474100 -3134.74170182 418.22900798 0.355637 5.9966 0.867889 0.091118 -0.006692
474200 -3149.43354406 427.57970632 0.363588 5.9966 0.867889 0.091118 -0.081175
474300 -3144.87483097 433.78023946 0.368861 5.9966 0.867889 0.091118 -0.039194
474400 -3146.73462914 434.82162133 0.369746 5.9966 0.867889 0.091118 -0.059449
474500 -3144.15017343 410.71125432 0.349244 5.9966 0.880862 0.087632 -0.057726
474600 -3128.09562881 418.10405617 0.355531 5.9966 0.880862 0.087632 0.062195
474700 -3136.35826292 418.34521176 0.355736 5.9966 0.880862 0.087632 0.036000
474800 -3149.67846249 453.00332934 0.385207 5.9966 0.880862 0.087632 -0.077405
474900 -3133.41702631 431.40414187 0.366840 5.9966 0.880862 0.087632 0.036940
475000 -3118.28874615 416.38237446 0.354067 5.9949 0.864903 0.089748 0.096509
475100 -3131.69688398 419.44310627 0.356669 5.9949 0.864903 0.089748 -0.023051
475200 -3134.26618886 434.11695922 0.369147 5.9949 0.864903 0.089748 -0.016049
475300 -3124.58964928 426.02255840 0.362264 5.9949 0.864903 0.089748 0.080392
475400 -3145.96754008 420.85430439 0.357869 5.9949 0.864903 0.089748 -0.131027
475500 -3136.58947326 417.31271533 0.354858 5.9898 0.876952 0.088984 -0.036366
475600 -3140.06921092 417.64778568 0.355143 5.9898 0.876952 0.088984 -0.038953
475700 -3146.88461177 412.50932870 0.350773 5.9898 0.876952 0.088984 -0.059057
475800 -3151.02151949 410.05220260 0.348684 5.9898 0.876952 0.088984 -0.078530
475900 -3134.94137436 417.49944938 0.355017 5.9898 0.876952 0.088984 0.018564
476000 -3131.11091113 411.93360959 0.350284 5.9915 0.869975 0.089991 0.075888
476100 -3134.79460828 424.98049970 0.361378 5.9915 0.869975 0.089991 0.029349
476200 -3133.96540072 425.93243521 0.362187 5.9915 0.869975 0.089991 0.023863
476300 -3145.25656192 416.31663862 0.354011 5.9915 0.869975 0.089991 -0.045390
476400 -3133.87924583 424.61745612 0.361069 5.9915 0.869975 0.089991 0.032237
476500 -3147.63333775 424.17982578 0.360697 5.9966 0.877283 0.086787 -0.056227
476600 -3138.23923406 411.40220904 0.349832 5.9966 0.877283 0.086787 0.025739
476700 -3139.03734745 428.69046115 0.364533 5.9966 0.877283 0.086787 0.007493
476800 -3137.69619295 423.85692140 0.360423 5.9966 0.877283 0.086787 0.014094
476900 -3138.46083311 433.05612547 0.368245 5.9966 0.877283 0.086787 -0.000499
477000 -3147.02130779 428.51460305 0.364383 5.9966 0.879058 0.086990 -0.057187
477100 -3133.38558722 408.94871612 0.347746 5.9966 0.879058 0.086990 0.030297
477200 -3150.63688954 433.71961497 0.368809 5.9966 0.879058 0.086990 -0.074683
477300 -3120.26015095 433.63964433 0.368741 5.9966 0.879058 0.086990 0.111317
477400 -3101.48622589 417.32782919 0.354871 5.9966 0.879058 0.086990 0.189529
477500 -3119.07160645 434.54289066 0.369509 5.9915 0.871074 0.090984 0.052141
477600 -3121.61509187 432.60261787 0.367859 5.9915 0.871074 0.090984 0.033526
477700 -3119.08818074 423.87451883 0.360438 5.9915 0.871074 0.090984 0.022954
477800 -3114.16690810 415.52664953 0.353339 5.9915 0.871074 0.090984 0.095541
477900 -3143.77196499 426.79841484 0.362924 5.9915 0.871074 0.090984 -0.097261
478000 -3139.47342064 409.15494104 0.347921 5.9949 0.875280 0.089280 -0.075454
478100 -3128.89908267 429.21890992 0.364982 5.9949 0.875280 0.089280 0.018443
478200 -3129.37006819 435.46837644 0.370296 5.9949 0.875280 0.089280 0.024722
478300 -3113.14021984 437.20482618 0.371773 5.9949 0.875280 0.089280 0.108437
478400 -3126.07656926 429.08684994 0.364870 5.9949 0.875280 0.089280 0.007001
478500 -3111.34471389 429.24455824 0.365004 5.9949 0.868012 0.090810 0.071099
478600 -3133.14212315 431.64893395 0.367048 5.9949 0.868012 0.090810 -0.040644
478700 -3119.45767354 412.97838892 0.351172 5.9949 0.868012 0.090810 0.053720
478800 -3141.79938811 431.08615051 0.366570 5.9949 0.868012 0.090810 -0.112537
478900 -3132.55639018 406.95932591 0.346054 5.9949 0.868012 0.090810 -0.014291
479000 -3125.03573330 410.63057709 0.349176 5.9915 0.878972 0.090351 0.054932
479100 -3137.08890018 440.62587556 0.374682 5.9915 0.878972 0.090351 -0.022293
479200 -3143.53590120 420.55167748 0.357612 5.9915 0.878972 0.090351 -0.050273
479300 -3154.41074389 431.38210494 0.366822 5.9915 0.878972 0.090351 -0.103607
479400 -3145.88143832 421.38246852 0.358318 5.9915 0.878972 0.090351 -0.035347
479500 -3133.05514303 407.97058586 0.346914 5.9915 0.872921 0.091379 0.055798
479600 -3148.69850536 423.54548850 0.360158 5.9915 0.872921 0.091379 -0.032148
479700 -3147.65597047 407.70376608 0.346687 5.9915 0.872921 0.091379 -0.039143
479800 -3137.08905703 417.01781350 0.354607 5.9915 0.872921 0.091379 0.065747
479900 -3134.14374874 433.13730385 0.368314 5.9915 0.872921 0.091379 0.055203
480000 -3128.76767575 425.17383442 0.361542 5.9949 0.875259 0.088413 0.059051
480100 -3135.54034176 425.50989140 0.361828 5.9949 0.875259 0.088413 0.010112
480200 -3133.46408118 405.32548611 0.344665 5.9949 0.875259 0.088413 0.016850
480300 -3122.60355400 413.97632435 0.352021 5.9949 0.875259 0.088413 0.119352
480400 -3114.23582083 439.54839054 0.373766 5.9949 0.875259 0.088413 0.132677
480500 -3126.04126746 447.54259748 0.380563 5.9813 0.866953 0.091947 0.060053
480600 -3119.71647167 436.69497652 0.371339 5.9813 0.866953 0.091947 0.035903
480700 -3126.16682261 417.38667161 0.354921 5.9813 0.866953 0.091947 -0.043457
480800 -3141.28534432 417.50424065 0.355021 5.9813 0.866953 0.091947 -0.106686
480900 -3125.91092599 424.39932559 0.360884 5.9813 0.866953 0.091947 0.041301
481000 -3126.54361203 434.81429151 0.369740 5.9932 0.874872 0.091149 0.014010
481100 -3130.46399916 445.92326255 0.379186 5.9932 0.874872 0.091149 -0.020039
481200 -3135.44993335 443.54348927 0.377163 5.9932 0.874872 0.091149 -0.032930
481300 -3120.04179277 416.48042847 0.354150 5.9932 0.874872 0.091149 0.035563
481400 -3124.92323056 439.45068118 0.373683 5.9932 0.874872 0.091149 -0.001742
481500 -3117.30529241 425.34469583 0.361688 5.9898 0.863398 0.091591 0.028575
481600 -3121.59687463 418.67252876 0.356014 5.9898 0.863398 0.091591 0.010262
481700 -3115.84413923 433.50736163 0.368629 5.9898 0.863398 0.091591 0.052195
481800 -3120.20213321 417.38020411 0.354915 5.9898 0.863398 0.091591 -0.009641
481900 -3126.15212931 413.27876634 0.351428 5.9898 0.863398 0.091591 -0.030279
482000 -3132.03419211 395.86787252 0.336622 5.9983 0.878026 0.088482 -0.038177
482100 -3155.79854139 412.72269491 0.350955 5.9983 0.878026 0.088482 -0.158738
482200 -3150.13176857 393.05852243 0.334233 5.9983 0.878026 0.088482 -0.062666
482300 -3151.05430124 389.59702623 0.331290 5.9983 0.878026 0.088482 -0.060170
482400 -3159.38443770 407.17700552 0.346239 5.9983 0.878026 0.088482 -0.044784
482500 -3151.51971954 411.10475161 0.349579 5.9949 0.879227 0.087323 0.044760
482600 -3132.17667887 414.65087471 0.352594 5.9949 0.879227 0.087323 0.155510
482700 -3163.48328475 428.81232836 0.364636 5.9949 0.879227 0.087323 -0.078269
482800 -3157.91626083 433.98739186 0.369037 5.9949 0.879227 0.087323 -0.027862
482900 -3142.39000275 423.38518963 0.360021 5.9949 0.879227 0.087323 0.027798
483000 -3135.66139631 425.28701561 0.361639 5.9983 0.877223 0.089393 0.056293
483100 -3147.03109183 434.55633940 0.369521 5.9983 0.877223 0.089393 -0.030010
483200 -3132.68188682 418.98590590 0.356281 5.9983 0.877223 0.089393 0.047268
483300 -3152.41911121 419.03886135 0.356326 5.9983 0.877223 0.089393 -0.103525
483400 -3149.48687718 415.91355888 0.353668 5.9983 0.877223 0.089393 -0.072354
483500 -3146.24905688 423.79001494 0.360366 5.9966 0.873363 0.088754 -0.024248
483600 -3166.33707282 442.03893300 0.375883 5.9966 0.873363 0.088754 -0.135186
483700 -3141.80609524 400.75911802 0.340782 5.9966 0.873363 0.088754 0.042654
483800 -3157.11399865 426.65706452 0.362804 5.9966 0.873363 0.088754 -0.069179
483900 -3129.24773979 403.38651800 0.343016 5.9966 0.873363 0.088754 0.080506
484000 -3133.63929437 409.24730570 0.347999 5.9847 0.868362 0.091238 0.076553
484100 -3130.63583426 417.47262969 0.354994 5.9847 0.868362 0.091238 0.086291
484200 -3153.63819195 434.28734446 0.369292 5.9847 0.868362 0.091238 -0.068550
484300 -3140.87116640 396.57594188 0.337224 5.9847 0.868362 0.091238 0.014942
484400 -3131.12164495 433.21806627 0.368383 5.9847 0.868362 0.091238 0.092470
484500 -3132.79368344 427.56555492 0.363576 5.9864 0.868321 0.091524 0.058323
484600 -3146.50930773 427.95194483 0.363905 5.9864 0.868321 0.091524 -0.049169
484700 -3134.46347061 419.01582326 0.356306 5.9864 0.868321 0.091524 0.008758
484800 -3130.01657085 414.01179411 0.352051 5.9864 0.868321 0.091524 0.030043
484900 -3151.44789352 427.91499478 0.363873 5.9864 0.868321 0.091524 -0.102322
485000 -3128.36846741 410.29644078 0.348892 5.9949 0.866697 0.090261 0.041849
485100 -3134.27117344 421.83637453 0.358704 5.9949 0.866697 0.090261 0.015519
485200 -3126.58917341 414.22894076 0.352235 5.9949 0.866697 0.090261 0.042445
485300 -3133.06170770 399.26789319 0.339514 5.9949 0.866697 0.090261 0.021001
485400 -3136.12664271 403.99712396 0.343535 5.9949 0.866697 0.090261 -0.014563
485500 -3138.61142955 404.30882896 0.343800 5.9966 0.877990 0.089635 -0.009200
485600 -3149.96338381 405.37333798 0.344705 5.9966 0.877990 0.089635 -0.018223
485700 -3143.72857444 406.89632024 0.346000 5.9966 0.877990 0.089635 -0.010385
485800 -3160.46736767 422.79152687 0.359517 5.9966 0.877990 0.089635 -0.084221
485900 -3158.89250073 407.33588562 0.346374 5.9966 0.877990 0.089635 -0.068389
486000 -3164.97383926 399.65965219 0.339847 5.9983 0.888820 0.086151 -0.098422
486100 -3149.07925203 404.67582827 0.344112 5.9983 0.888820 0.086151 0.056511
486200 -3148.95826302 396.30675244 0.336996 5.9983 0.888820 0.086151 0.058327
486300 -3148.22345767 409.53943848 0.348248 5.9983 0.888820 0.086151 0.089924
486400 -3138.10758300 404.67580513 0.344112 5.9983 0.888820 0.086151 0.093246
486500 -3128.72886951 428.45133074 0.364329 5.9966 0.872244 0.088703 0.148136
486600 -3154.02592206 454.99676109 0.386902 5.9966 0.872244 0.088703 -0.042346
486700 -3144.03918395 426.30690171 0.362506 5.9966 0.872244 0.088703 -0.005696
486800 -3130.41992415 405.89562642 0.345149 5.9966 0.872244 0.088703 0.039760
486900 -3141.23375035 416.65376365 0.354297 5.9966 0.872244 0.088703 -0.017076
487000 -3126.92763529 422.77463231 0.359502 5.9949 0.870156 0.090046 0.046693
487100 -3134.33809056 425.06570668 0.361450 5.9949 0.870156 0.090046 0.020260
487200 -3132.62099344 420.83634101 0.357854 5.9949 0.870156 0.090046 0.016174
487300 -3153.34303299 419.43070146 0.356659 5.9949 0.870156 0.090046 -0.095684
487400 -3147.83524987 410.46475898 0.349035 5.9949 0.870156 0.090046 -0.061968
487500 -3141.17342012 410.87905005 0.349387 5.9966 0.884412 0.086920 -0.000575
487600 -3147.63597855 418.98414671 0.356279 5.9966 0.884412 0.086920 -0.005194
487700 -3150.09168415 418.58582825 0.355940 5.9966 0.884412 0.086920 -0.022822
487800 -3144.24597772 421.54744132 0.358459 5.9966 0.884412 0.086920 0.025910
487900 -3146.41347306 407.93627933 0.346885 5.9966 0.884412 0.086920 0.007013
488000 -3148.50914261 403.41716050 0.343042 5.9949 0.878463 0.087170 0.008014
488100 -3153.13200923 414.31719821 0.352311 5.9949 0.878463 0.087170 -0.023226
488200 -3132.47122485 406.80878938 0.345926 5.9949 0.878463 0.087170 0.096869
488300 -3157.71912880 425.39426825 0.361730 5.9949 0.878463 0.087170 -0.053262
488400 -3158.67739534 413.26409337 0.351415 5.9949 0.878463 0.087170 -0.036500
488500 -3152.33322575 415.81118943 0.353581 5.9949 0.879898 0.086565 -0.004498
488600 -3151.97120597 423.95019918 0.360502 5.9949 0.879898 0.086565 -0.006596
488700 -3158.80951503 431.32538370 0.366773 5.9949 0.879898 0.086565 -0.041704
488800 -3169.54667463 428.56843278 0.364429 5.9949 0.879898 0.086565 -0.108260
488900 -3148.23849897 399.34365768 0.339578 5.9949 0.879898 0.086565 0.032372
489000 -3169.00397018 418.60018206 0.355953 5.9983 0.871327 0.088322 -0.091651
489100 -3148.60473333 396.28689071 0.336979 5.9983 0.871327 0.088322 0.027139
489200 -3158.16543858 412.70179402 0.350937 5.9983 0.871327 0.088322 -0.040398
489300 -3135.73428844 398.36611332 0.338747 5.9983 0.871327 0.088322 0.126131
489400 -3163.79762157 410.79174062 0.349313 5.9983 0.871327 0.088322 -0.056437
489500 -3144.21755625 411.61487689 0.350013 5.9983 0.879482 0.089103 0.047448
489600 -3164.67025686 446.68682036 0.379836 5.9983 0.879482 0.089103 -0.063453
489700 -3143.32953888 435.73857927 0.370526 5.9983 0.879482 0.089103 0.044605
489800 -3132.22802938 448.79505700 0.381628 5.9983 0.879482 0.089103 0.087906
489900 -3128.62133309 444.41942087 0.377908 5.9983 0.879482 0.089103 0.076687
490000 -3148.93756163 453.96710138 0.386026 5.9966 0.883253 0.085350 -0.094431
490100 -3105.97530203 423.30568481 0.359954 5.9966 0.883253 0.085350 0.142105
490200 -3131.37378347 417.77762043 0.355253 5.9966 0.883253 0.085350 -0.032810
490300 -3141.17015225 432.21206311 0.367527 5.9966 0.883253 0.085350 -0.072722
490400 -3122.37432401 424.29940642 0.360799 5.9966 0.883253 0.085350 0.037508
490500 -3121.08070330 429.54662739 0.365261 5.9949 0.867422 0.091620 0.034343
490600 -3141.61149109 426.26628859 0.362471 5.9949 0.867422 0.091620 -0.104525
490700 -3130.65242304 418.42778375 0.355806 5.9949 0.867422 0.091620 -0.012783
490800 -3143.26699129 435.34565993 0.370192 5.9949 0.867422 0.091620 -0.094349
490900 -3143.06624849 431.71813663 0.367107 5.9949 0.867422 0.091620 -0.066910
491000 -3131.99783583 421.30970983 0.358257 5.9881 0.872364 0.093027 0.024883
491100 -3119.97029686 418.33260388 0.355725 5.9881 0.872364 0.093027 0.093277
491200 -3107.96652147 412.69698651 0.350933 5.9881 0.872364 0.093027 0.128765
491300 -3122.42341423 432.21872667 0.367533 5.9881 0.872364 0.093027 0.007843
491400 -3133.16075172 422.99523442 0.359690 5.9881 0.872364 0.093027 -0.030354
491500 -3122.42782530 421.23470207 0.358193 5.9966 0.871519 0.091075 0.065391
491600 -3136.45558155 435.47698153 0.370304 5.9966 0.871519 0.091075 -0.051412
491700 -3113.48004100 427.28634678 0.363339 5.9966 0.871519 0.091075 0.096483
491800 -3110.80046146 410.59257535 0.349143 5.9966 0.871519 0.091075 0.090893
491900 -3127.40807246 408.81455927 0.347631 5.9966 0.871519 0.091075 -0.016165
492000 -3151.55700989 406.24851246 0.345449 5.9949 0.877984 0.087453 -0.121672
492100 -3151.52659772 403.48382819 0.343098 5.9949 0.877984 0.087453 -0.067617
492200 -3155.77474589 426.55018448 0.362713 5.9949 0.877984 0.087453 -0.070367
492300 -3146.02306594 414.94363600 0.352843 5.9949 0.877984 0.087453 -0.055193
492400 -3132.24934846 401.50122575 0.341413 5.9949 0.877984 0.087453 0.093974
492500 -3143.50835339 443.57789355 0.377192 5.9932 0.877050 0.086201 0.001810
492600 -3137.13182958 429.47322502 0.365198 5.9932 0.877050 0.086201 0.018616
492700 -3125.22357230 413.03138725 0.351217 5.9932 0.877050 0.086201 0.098073
492800 -3159.25331398 430.69217315 0.366235 5.9932 0.877050 0.086201 -0.114115
492900 -3144.90552216 407.08830074 0.346164 5.9932 0.877050 0.086201 0.002309
493000 -3154.26199734 413.46247440 0.351584 5.9966 0.879198 0.087013 -0.061098
493100 -3157.42214267 401.26271882 0.341210 5.9966 0.879198 0.087013 -0.052873
493200 -3151.34151579 421.53081635 0.358445 5.9966 0.879198 0.087013 -0.020395
493300 -3147.47530889 423.32677318 0.359972 5.9966 0.879198 0.087013 0.018232
493400 -3134.33112184 423.72151661 0.360307 5.9966 0.879198 0.087013 0.083859
493500 -3124.83598480 435.97359723 0.370726 5.9966 0.873595 0.090610 0.101536
493600 -3141.89907676 454.17415515 0.386203 5.9966 0.873595 0.090610 -0.002289
493700 -3149.99244800 441.61178009 0.375520 5.9966 0.873595 0.090610 -0.079064
493800 -3155.32312995 440.83483958 0.374860 5.9966 0.873595 0.090610 -0.093146
493900 -3153.09389890 441.34293931 0.375292 5.9966 0.873595 0.090610 -0.091477
494000 -3132.64697527 434.35009177 0.369345 5.9932 0.875859 0.089890 0.028970
494100 -3111.33867414 422.11411444 0.358941 5.9932 0.875859 0.089890 0.136337
494200 -3111.07139695 417.02822704 0.354616 5.9932 0.875859 0.089890 0.135638
494300 -3129.39515383 439.18578264 0.373457 5.9932 0.875859 0.089890 -0.000592
494400 -3138.18725690 415.80066837 0.353572 5.9932 0.875859 0.089890 -0.074800
494500 -3148.48979745 425.25350427 0.361610 5.9949 0.871290 0.089132 -0.108189
494600 -3157.26948270 412.72956518 0.350961 5.9949 0.871290 0.089132 -0.148701
494700 -3152.16949727 413.88981242 0.351947 5.9949 0.871290 0.089132 -0.054836
494800 -3155.35218106 412.94247718 0.351142 5.9949 0.871290 0.089132 -0.072420
494900 -3146.04195633 405.20246631 0.344560 5.9949 0.871290 0.089132 -0.039053
495000 -3151.79754476 427.97476672 0.363924 5.9949 0.881099 0.086894 -0.047714
495100 -3138.60759647 420.33396647 0.357427 5.9949 0.881099 0.086894 0.043256
495200 -3132.85008101 414.56456601 0.352521 5.9949 0.881099 0.086894 0.085343
495300 -3137.75882004 432.38172558 0.367672 5.9949 0.881099 0.086894 0.069886
495400 -3117.31009331 425.61853637 0.361921 5.9949 0.881099 0.086894 0.128600
495500 -3123.28486005 416.17071785 0.353887 5.9881 0.861527 0.093413 0.057740
495600 -3130.72707374 418.47194413 0.355843 5.9881 0.861527 0.093413 -0.007733
495700 -3139.06481680 420.83830522 0.357856 5.9881 0.861527 0.093413 -0.046587
495800 -3127.94865961 412.30229380 0.350597 5.9881 0.861527 0.093413 0.026131
495900 -3139.53253817 422.71844089 0.359454 5.9881 0.861527 0.093413 -0.052092
496000 -3135.43035583 442.53786669 0.376308 5.9932 0.870712 0.088603 -0.006619
496100 -3136.28298307 425.75343407 0.362035 5.9932 0.870712 0.088603 -0.055997
496200 -3122.88298824 406.55112200 0.345707 5.9932 0.870712 0.088603 0.027466
496300 -3132.83445533 412.23904626 0.350543 5.9932 0.870712 0.088603 0.007243
496400 -3135.21424905 415.73599060 0.353517 5.9932 0.870712 0.088603 -0.009505
496500 -3150.40327651 412.72491408 0.350957 5.9983 0.881452 0.089149 -0.108780
496600 -3151.68579788 414.43138388 0.352408 5.9983 0.881452 0.089149 -0.063609
496700 -3137.77363151 412.71465374 0.350948 5.9983 0.881452 0.089149 0.037400
496800 -3135.29401936 417.72569780 0.355209 5.9983 0.881452 0.089149 0.036140
496900 -3127.45265109 423.17197541 0.359840 5.9983 0.881452 0.089149 0.054170
497000 -3140.77100551 439.14528771 0.373423 5.9949 0.883102 0.087818 -0.026714
497100 -3119.74466486 420.76761314 0.357796 5.9949 0.883102 0.087818 0.093420
497200 -3120.68251501 435.16562251 0.370039 5.9949 0.883102 0.087818 0.090415
497300 -3126.64894876 436.95483400 0.371560 5.9949 0.883102 0.087818 0.019364
497400 -3119.96165888 429.99961446 0.365646 5.9949 0.883102 0.087818 0.062295
497500 -3115.24502744 424.47424931 0.360947 5.9949 0.870213 0.089242 0.026104
497600 -3141.70946139 435.56934065 0.370382 5.9949 0.870213 0.089242 -0.107293
497700 -3150.55329452 434.57313406 0.369535 5.9949 0.870213 0.089242 -0.125127
497800 -3137.97481426 407.06628971 0.346145 5.9949 0.870213 0.089242 -0.049969
497900 -3144.77280630 417.31243680 0.354858 5.9949 0.870213 0.089242 -0.070661
498000 -3145.96407366 420.72757506 0.357762 5.9983 0.881020 0.086186 -0.094165
498100 -3138.29280508 416.18226639 0.353896 5.9983 0.881020 0.086186 -0.005913
498200 -3142.92661704 428.59973999 0.364456 5.9983 0.881020 0.086186 -0.066905
498300 -3126.69390719 422.84638826 0.359563 5.9983 0.881020 0.086186 0.080461
498400 -3119.71780293 430.48043882 0.366055 5.9983 0.881020 0.086186 0.105528
498500 -3124.56943593 414.04792263 0.352082 5.9932 0.871688 0.091586 0.047704
498600 -3136.10558207 407.87429386 0.346832 5.9932 0.871688 0.091586 -0.035758
498700 -3153.60867663 424.10625590 0.360635 5.9932 0.871688 0.091586 -0.149644
498800 -3133.88194652 408.08596140 0.347012 5.9932 0.871688 0.091586 0.007918
498900 -3129.27295640 407.33053462 0.346370 5.9932 0.871688 0.091586 0.050796
499000 -3145.84822110 424.14968651 0.360672 5.9932 0.879425 0.089896 -0.049704
499100 -3106.84084013 418.73185052 0.356064 5.9932 0.879425 0.089896 0.155901
499200 -3135.14772376 424.35696916 0.360848 5.9932 0.879425 0.089896 -0.033056
499300 -3130.23310326 436.71059923 0.371353 5.9932 0.879425 0.089896 0.035340
499400 -3116.78379889 429.04237358 0.364832 5.9932 0.879425 0.089896 0.087247
499500 -3121.00661481 425.94081646 0.362195 5.9949 0.875178 0.090193 0.046466
499600 -3116.20180601 433.45469488 0.368584 5.9949 0.875178 0.090193 0.083503
499700 -3150.31966449 420.37697446 0.357463 5.9949 0.875178 0.090193 -0.141812
499800 -3138.59112119 436.47086660 0.371149 5.9949 0.875178 0.090193 -0.040123
499900 -3139.99035893 432.05245173 0.367392 5.9949 0.875178 0.090193 -0.060994
